id,SMILES_input,fingerprints_input_ECFP4
1,OCCCCN1CCCC1,51 80 204 222 238 394 422 473 518 534 541 594 646 653 740 743 765 774 796 807 810 811 825 840 893 926 935 997 1028 1044 1100 1145 1157 1220 1313 1322 1422 1480 1482 1567 1616 1791 1836 1910 1911 1928 1948 1951 1998 2022
2,N#CN(CC(N)=O)c1ccc(Cl)cc1-c1cccnn1,46 59 70 73 80 125 140 165 184 208 212 216 218 240 281 306 321 322 352 353 378 404 545 561 609 650 674 676 678 695 719 741 790 807 816 843 866 869 875 881 889 894 907 934 980 1043 1059 1081 1086 1088 1109 1131 1164 1171 1190 1208 1327 1334 1354 1367 1380 1384 1385 1443 1475 1493 1497 1528 1546 1565 1589 1683 1750 1825 1838 1851 1864 1866 1873 1898 1916 1917 1945 1976 2018 2023 2031
3,Cc1cc[n+](C)cc1-c1ccccc1,101 106 238 263 288 307 308 349 350 352 389 391 440 447 463 482 500 522 548 673 680 691 730 736 745 766 812 1003 1022 1057 1088 1112 1149 1160 1197 1199 1280 1299 1380 1391 1424 1493 1522 1527 1530 1604 1625 1643 1674 1700 1717 1722 1750 1758 1772 1773 1789 1848 1858 1860 1864 1873 1922 1934 1948 1954 2002 2018 2020 2025
4,COC(=O)NC1CCN(C(=O)CCCCC(=O)N2CCCCC2)C1,2 16 80 85 129 149 194 202 222 239 348 369 387 433 489 505 526 650 652 678 695 739 742 746 760 777 786 807 814 841 853 910 913 926 935 963 967 993 1006 1009 1019 1024 1028 1057 1152 1168 1267 1318 1325 1330 1348 1402 1440 1480 1495 1541 1564 1623 1634 1703 1758 1798 1911 1917 1923 1931 1938 1951 1960 1965 1968 1998 2009
5,COc1cccc(S(=O)(=O)NCC(=O)OC=CC2=CC=C2C(=O)Nc2ccc(OCCN3CCCC3=O)cc2)c1,13 80 102 155 175 191 198 240 246 248 261 263 314 317 319 322 350 359 398 414 440 443 486 502 517 534 535 562 575 584 611 627 641 650 658 662 664 665 680 684 688 694 695 707 718 723 727 781 798 807 835 841 855 875 882 886 899 910 926 935 936 960 965 993 1012 1028 1034 1039 1057 1067 1077 1088 1089 1099 1123 1133 1138 1145 1152 1174 1182 1193 1249 1306 1307 1319 1380 1386 1440 1452 1476 1478 1480 1497 1499 1521 1536 1558 1567 1606 1626 1651 1669 1738 1747 1750 1766 1781 1816 1820 1832 1844 1873 1917 1935 1971 1972 2029 2030
6,CCCCNC(C)C(=O)N(CC)c1ccc(C#N)cc1Cl,1 31 46 47 76 80 102 122 191 193 212 239 283 294 305 307 366 387 419 430 441 460 561 586 591 650 667 669 674 698 701 721 782 783 790 794 807 812 822 875 881 895 924 932 955 989 1044 1057 1100 1136 1152 1245 1254 1262 1296 1347 1380 1384 1429 1445 1458 1483 1513 1667 1676 1683 1712 1714 1750 1873 1911 1917 1954 1972 1975 1978 2011 2016 2018
7,O=C1N(CCN2CCCC2)CCN1c1ccn(-c2ccc(F)c(F)c2)c1,80 92 139 161 216 219 228 233 239 260 295 314 350 352 367 371 417 419 463 477 478 505 515 531 547 639 650 699 732 737 811 864 872 875 878 888 911 918 935 974 985 990 1010 1028 1044 1080 1089 1101 1145 1163 1205 1234 1279 1380 1395 1419 1422 1441 1446 1457 1480 1482 1524 1539 1548 1552 1565 1568 1681 1701 1726 1737 1750 1755 1791 1795 1825 1840 1873 1874 1892 1909 1928 1959 1998 2027
8,CS(=O)(=O)N1CCC(O)C1C(CC(F)(F)c1ccccc1)NC(=O)c1ccccc1,1 54 80 106 114 117 132 147 180 202 225 283 286 350 354 389 428 436 484 486 496 515 550 570 632 635 650 666 692 753 759 781 807 825 845 849 881 906 926 935 949 953 962 966 1018 1019 1020 1021 1057 1088 1092 1102 1107 1152 1183 1188 1199 1209 1233 1257 1259 1268 1275 1276 1307 1325 1364 1380 1385 1393 1398 1417 1423 1443 1453 1476 1480 1490 1545 1568 1569 1617 1642 1665 1689 1742 1750 1782 1805 1873 1884 1917 1928 1948 1972 1985 2005 2011 2017
9,O=C(NCc1ccccc1)c1cc2c(Oc3ccccc3)n(c1=O)C2,23 27 48 80 193 197 210 229 255 278 285 290 314 322 326 341 374 389 410 486 504 505 512 528 562 631 636 638 650 695 793 805 807 813 841 868 875 896 903 916 926 935 937 972 1019 1045 1066 1070 1088 1152 1192 1199 1212 1236 1272 1281 1317 1338 1349 1350 1362 1380 1404 1443 1489 1496 1523 1531 1555 1573 1617 1623 1670 1684 1703 1750 1754 1772 1785 1789 1820 1851 1873 1887 1910 1917 1938 1946 1991 2011 2042
10,O=C(NC(=O)N1CCCCC1)OC1C2COC1C(=O)O2,2 16 84 113 166 171 185 192 218 222 277 314 369 383 435 562 579 601 639 649 650 656 668 695 750 764 782 796 801 802 806 807 815 835 845 897 926 935 941 1019 1028 1049 1088 1103 1105 1119 1126 1132 1152 1159 1177 1280 1324 1338 1380 1417 1439 1458 1464 1468 1480 1487 1500 1565 1576 1653 1717 1722 1731 1748 1754 1758 1766 1798 1819 1876 1917 1923 1940 1950 1961 1982 1998 2009 2015 2019 2023
11,c1ccc(-c2ccnc(NC3CCC4CCC3C4)n2)cc1,43 44 78 122 130 155 176 199 233 276 300 340 378 380 388 389 445 585 597 639 681 712 719 725 736 787 868 874 926 928 980 1019 1045 1085 1088 1152 1158 1160 1182 1199 1237 1292 1294 1325 1380 1389 1403 1423 1446 1452 1489 1493 1500 1523 1559 1568 1582 1589 1671 1725 1781 1786 1819 1855 1866 1873 1889 1952 1964 1971 1984 2036 2047
12,CN1C(=O)C2=CC=C(Br)CC(CC2)C1=O,5 18 34 61 118 164 231 283 296 309 312 314 368 372 406 425 456 499 500 523 604 650 674 690 693 705 728 762 798 879 926 935 936 965 987 992 999 1019 1023 1036 1039 1057 1145 1148 1213 1249 1287 1299 1300 1325 1332 1357 1380 1528 1535 1548 1581 1595 1631 1694 1737 1738 1764 1774 1873 1881 1925 1953 1963 1995 2000 2014 2026
13,CC(=O)Nc1ccc(N(C)C(=O)c2ccccc2)c(Nc2ccccc2O)n1,6 17 37 46 54 61 174 378 389 447 491 517 558 587 614 650 708 725 785 807 811 812 843 849 873 881 917 967 1015 1017 1057 1088 1099 1129 1152 1163 1201 1220 1224 1267 1276 1331 1367 1380 1385 1415 1417 1493 1600 1602 1607 1653 1664 1696 1712 1726 1750 1758 1801 1816 1818 1831 1852 1855 1873 1905 1917 1919 1929 1930 1982 1985 2014 2018 2029
14,Nc1cccc2c(=O)n(CCCCCCN3CCCCC3)ncc12,2 8 43 50 65 80 90 100 138 156 158 168 221 261 275 293 313 314 378 415 428 463 464 494 501 504 527 543 545 557 559 650 653 670 682 735 804 813 817 823 825 867 874 879 891 893 910 926 935 941 994 1012 1028 1039 1088 1111 1143 1145 1171 1189 1192 1235 1238 1357 1367 1380 1422 1457 1480 1482 1492 1516 1519 1535 1573 1646 1690 1712 1739 1750 1764 1773 1791 1806 1838 1873 1891 1911 1922 1927 1942 1952 1984 1998 2016
15,O=C(NCCc1cc2ccc1cc2)N1CCN(CCN2CCCC2)C1=O,14 15 80 92 118 197 198 203 218 260 285 295 302 308 358 371 384 389 482 517 528 610 640 650 659 667 772 807 809 821 825 828 875 891 923 926 935 961 1009 1028 1078 1089 1097 1112 1145 1152 1159 1226 1243 1282 1324 1328 1349 1380 1387 1422 1441 1458 1480 1482 1516 1538 1548 1557 1635 1744 1750 1762 1772 1791 1845 1855 1873 1886 1917 1921 1952 1987 1998 2008
16,O=C(c1cccc(Cl)c1)N1CCCC(c2cccs2)CC1,14 109 165 177 216 239 241 259 369 381 383 418 427 446 470 491 497 561 592 618 649 650 652 660 675 677 699 709 738 740 800 802 807 815 837 875 894 926 935 942 992 1019 1028 1039 1088 1117 1164 1175 1190 1215 1249 1276 1325 1354 1380 1385 1413 1421 1480 1504 1521 1552 1567 1661 1683 1689 1726 1735 1743 1750 1775 1858 1873 1892 1917 1943 1952 1985 2000 2009
17,CC(=CCCn1c(C)nc2ccccc2c1=O)c1ccc(C)cc1,47 57 65 80 107 235 251 272 278 289 300 314 378 389 401 457 479 485 504 568 623 650 652 654 694 790 802 807 840 876 935 958 1017 1023 1029 1057 1076 1088 1097 1124 1145 1158 1168 1172 1199 1217 1345 1357 1380 1385 1429 1433 1459 1492 1519 1573 1691 1696 1697 1722 1750 1784 1823 1827 1855 1873 1920 1932 1975 1980 1983
18,CC(=O)OCC(=O)NCCCN(CCN1C(=O)C2=Nc3nc2c(s3)C1=O)c1ccc(C)cc1,41 45 80 87 121 147 155 162 197 214 219 235 314 323 373 378 460 461 473 493 531 539 558 579 588 597 602 624 647 650 667 675 688 695 702 724 754 778 789 807 840 846 863 879 881 885 927 935 947 977 1017 1035 1057 1060 1077 1082 1096 1145 1152 1232 1326 1380 1392 1430 1448 1460 1463 1487 1499 1508 1528 1610 1632 1662 1683 1687 1722 1750 1783 1806 1823 1855 1873 1876 1878 1911 1917 1920 1945 1951 1977 2004 2041
19,Cn1c(=O)[nH]c(=O)c2ccc3c(c2)c2ccc(c1c2)C(O)=C3,45 57 84 129 139 180 197 203 209 264 265 305 314 316 352 365 404 496 499 557 564 611 650 680 706 750 758 781 798 807 813 836 875 935 955 992 1057 1100 1114 1145 1196 1259 1267 1298 1316 1357 1358 1359 1362 1380 1391 1443 1448 1469 1527 1548 1592 1602 1632 1668 1715 1745 1750 1757 1766 1785 1848 1855 1873 1914 1951 1981 2025
20,CC(C)(C)OC1OC2C3CCC(C)(C)C3C3C2OC1C3(C)C,4 11 21 31 99 114 152 179 205 214 221 222 273 310 335 392 421 422 460 497 536 549 559 564 573 592 593 622 656 695 831 844 870 882 946 964 1009 1019 1035 1044 1057 1060 1083 1084 1158 1162 1184 1189 1232 1239 1240 1272 1274 1323 1325 1373 1391 1406 1423 1430 1435 1448 1474 1493 1505 1545 1552 1637 1658 1674 1713 1779 1823 1851 1859 1871 1896 1921
21,COc1ccccc1-c1cc(NC(=O)N2CCCC2)ccc1C,90 114 140 184 191 203 213 218 249 288 295 296 335 336 352 369 385 411 445 572 613 617 635 650 692 695 732 792 807 841 843 854 875 926 935 953 984 1028 1057 1062 1088 1121 1135 1139 1152 1199 1226 1258 1317 1380 1381 1391 1399 1410 1452 1468 1480 1485 1510 1522 1530 1536 1585 1656 1691 1722 1750 1777 1797 1816 1873 1902 1917 1970 1977 1988 1990 1998 2002 2009
22,O=C(c1ccccc1)c1ccc(CCCCCCCC(=O)N2CCCCC2)cc1,2 9 33 50 80 105 121 310 328 369 380 389 429 437 447 488 526 535 540 542 548 576 621 650 687 700 726 760 761 779 791 807 825 882 919 926 935 978 996 1009 1028 1045 1088 1116 1143 1167 1184 1199 1205 1243 1267 1298 1309 1332 1344 1380 1385 1426 1431 1449 1480 1481 1532 1564 1590 1605 1697 1750 1754 1762 1775 1800 1806 1815 1825 1829 1838 1873 1911 1917 1948 1966 1985 1998 1999 2009 2028 2035
23,C=CC=C(Br)C(=O)N1C(=O)NC(=O)C(O)C1CC,24 68 75 80 127 153 164 178 190 191 195 199 256 294 300 314 370 379 412 420 569 634 650 656 659 666 694 728 741 750 784 807 841 846 849 935 1019 1022 1034 1057 1060 1077 1095 1097 1102 1110 1114 1126 1134 1155 1190 1241 1254 1257 1319 1355 1366 1380 1397 1411 1424 1435 1448 1454 1491 1504 1524 1535 1559 1642 1645 1679 1823 1830 1834 1839 1847 1917 1929
24,CN(CCN(c1ccccc1)S(=O)(=O)c1ccccc1)c1nn2c(nc3ccccc32)s1,45 64 66 80 126 162 254 271 288 289 306 317 319 350 357 378 389 412 428 460 469 483 531 552 565 575 635 650 657 674 675 786 804 815 881 924 935 958 964 1009 1024 1026 1051 1088 1096 1097 1101 1141 1157 1163 1199 1212 1260 1267 1285 1333 1352 1380 1438 1446 1452 1462 1476 1595 1684 1700 1741 1750 1819 1855 1860 1872 1873 1885 1899 1912 1917 1946 1956 2021 2024 2045
25,Cc1ccc(C(=O)Nc2cccc(C#N)c2)cc1,22 68 100 102 138 154 184 191 228 233 235 286 305 336 436 472 486 520 650 674 703 713 790 807 827 861 875 934 946 1032 1039 1057 1088 1089 1136 1152 1255 1272 1332 1347 1380 1384 1385 1484 1557 1665 1669 1677 1678 1680 1697 1712 1721 1722 1734 1750 1795 1808 1815 1816 1823 1873 1882 1885 1902 1917 1920 1933 1975 1978 1989
26,CCn1c(=O)nc(C)ncc2ccccc2c(=O)[nH]c1=O,3 4 34 45 80 103 150 183 294 314 378 384 436 456 501 571 647 650 726 733 747 750 758 759 762 770 771 802 840 850 857 890 933 935 982 1030 1043 1057 1066 1067 1087 1088 1106 1114 1126 1133 1199 1316 1357 1380 1385 1387 1389 1394 1416 1452 1469 1535 1573 1582 1599 1636 1677 1708 1722 1730 1745 1750 1777 1816 1851 1855 1857 1873 1887 1930 1961 2026 2029 2038
27,Cc1cccc(S(=O)(=O)NC(=O)N2C(=O)N(C)C=Cc3ccccc32)c1,49 55 89 92 94 126 146 198 218 228 307 314 319 331 350 362 461 502 517 547 575 614 650 687 750 800 807 841 844 873 875 921 935 964 968 1031 1039 1055 1057 1059 1088 1145 1150 1152 1184 1199 1242 1256 1295 1348 1380 1448 1476 1519 1582 1647 1658 1722 1724 1750 1758 1760 1805 1807 1823 1824 1840 1868 1873 1917 1920 1924 1961 1966 1987 1994
28,COc1ccccc1C(=O)N(C(=O)c1ccc(-c2ccccc2)cc1)C(C)(C)C,4 14 114 135 191 193 235 249 337 389 392 395 404 410 426 480 532 536 558 587 650 660 662 684 695 709 736 760 771 807 841 881 883 896 916 953 976 990 1001 1006 1040 1057 1072 1088 1160 1199 1217 1221 1225 1239 1283 1380 1385 1404 1410 1447 1449 1521 1536 1682 1709 1720 1723 1729 1750 1784 1791 1873 1917 1964 1970
29,O=C(CN1CCCCC1)OCCOC(=O)c1ccccc1,2 8 13 80 145 147 160 234 274 277 345 389 450 455 457 500 544 606 642 649 650 695 709 740 775 795 807 821 857 870 907 926 928 935 953 993 1003 1028 1029 1034 1088 1150 1154 1199 1219 1240 1243 1312 1380 1385 1386 1400 1422 1467 1479 1480 1522 1523 1530 1592 1612 1625 1645 1702 1750 1783 1801 1821 1873 1881 1889 1917 1918 1930 1985 1998
30,CC(=O)Nc1ccc(C=C2c3ccccc3N=CN2C(=O)N2CCCC2)cc1,12 25 139 191 233 245 281 352 355 369 377 378 381 406 433 440 463 500 529 530 552 650 653 655 694 757 807 838 843 849 926 935 944 946 984 1006 1017 1028 1057 1069 1077 1088 1152 1181 1199 1203 1237 1258 1280 1301 1322 1380 1427 1469 1480 1481 1514 1555 1571 1665 1729 1750 1764 1770 1773 1793 1809 1816 1873 1882 1891 1895 1900 1917 1921 1932 1940 1943 1953 1980 1998 2000 2009 2033 2038 2041
31,CN(Cc1ccc(C(=O)c2cccc3ccccc23)c([N+](=O)c2ccccc2)c1)C(=O)c1cccc2ccccc12,9 14 59 67 75 80 108 115 139 190 192 265 279 310 324 334 389 409 440 466 479 507 519 579 650 676 716 753 801 807 875 881 904 922 930 937 949 976 985 999 1023 1039 1057 1087 1088 1091 1100 1104 1113 1145 1160 1163 1199 1210 1274 1301 1337 1357 1361 1380 1447 1462 1477 1541 1546 1573 1610 1727 1750 1754 1759 1796 1855 1873 1917 1963 1981 1991 2003 2014 2019
32,COc1cc(C=C2C=CC(=O)c3ccc([N+](=O)[O-])cc32)c2ccccc2c1,12 25 53 104 114 188 263 281 283 285 291 314 322 352 494 500 525 535 547 566 613 615 650 680 694 695 715 747 753 781 786 833 835 836 838 841 859 875 961 963 1003 1039 1057 1072 1076 1087 1088 1154 1169 1195 1199 1210 1218 1223 1224 1230 1231 1240 1257 1274 1312 1327 1357 1358 1375 1380 1416 1518 1530 1531 1536 1555 1560 1573 1578 1592 1617 1624 1631 1693 1709 1745 1750 1774 1809 1814 1817 1855 1857 1863 1864 1871 1873 1890 1922 1940 1963 2005
33,CC(=O)OC1(C(C)(C)C(=O)OCCOC(=O)c2cc(F)cc(F)c2)CCCCC1,2 13 21 34 51 70 80 82 114 145 147 243 253 269 293 309 329 345 349 354 392 414 430 449 467 525 545 623 650 660 695 699 750 762 767 779 807 865 875 902 918 926 929 1017 1028 1057 1060 1116 1128 1129 1148 1153 1162 1174 1204 1232 1236 1243 1281 1313 1327 1385 1420 1502 1522 1540 1592 1638 1665 1670 1738 1852 1873 1887 1917 1928 1971 1982 2024 2040
34,C1=CN2CCN(CCCCCCN3c4cccnc43)CCOC1=CC=C2c1[nH]c2nc1S2,38 74 77 80 130 155 265 314 320 337 378 421 426 434 435 438 441 448 474 498 504 547 548 566 582 588 611 643 656 661 675 734 750 757 772 796 827 833 843 893 926 935 942 950 1025 1027 1043 1052 1082 1088 1109 1114 1115 1136 1143 1145 1167 1239 1249 1257 1259 1265 1268 1295 1303 1362 1380 1403 1452 1470 1480 1482 1484 1527 1582 1610 1625 1644 1647 1665 1687 1704 1719 1724 1745 1750 1768 1770 1790 1791 1815 1831 1840 1846 1849 1855 1866 1872 1873 1883 1890 1911 1942 1945 1962 1966 1990 2038 2043 2044
35,O=C(NCCOc1ccccc1C(F)(F)F)Nc1ccc(C(=O)O)cc1,13 33 80 85 102 106 114 173 191 197 262 312 389 419 425 456 467 470 473 475 490 496 506 576 594 650 667 695 705 724 775 789 800 807 809 843 895 904 915 1045 1077 1088 1090 1138 1152 1171 1199 1214 1240 1242 1251 1380 1385 1406 1410 1452 1453 1503 1518 1599 1612 1637 1697 1705 1717 1768 1790 1796 1816 1867 1873 1881 1917 1925 1928 1951 1970 1974 1987 1990 2028
36,O=C(Nc1ccccc1)C1CCCCN1C1CCCN(C(=O)c2ccc(C=Cc3ccccc3)cc2)C1=O,5 25 26 38 59 109 191 231 301 314 354 364 390 391 400 426 444 446 530 531 554 584 633 650 689 694 703 710 729 757 779 794 807 829 835 854 878 890 926 935 1018 1019 1028 1071 1073 1077 1088 1092 1096 1111 1126 1128 1152 1169 1197 1199 1215 1245 1255 1279 1312 1322 1325 1353 1380 1385 1387 1451 1480 1504 1511 1515 1517 1537 1539 1569 1627 1676 1692 1697 1750 1792 1806 1816 1834 1855 1873 1917 1935 1993 1998 2029 2033
37,CC(C)(C)OC1CCCCCCCC(N)C1O,2 30 75 78 92 114 115 230 232 343 392 422 427 515 663 677 695 747 774 789 798 807 841 844 890 926 1019 1028 1053 1057 1135 1171 1238 1250 1252 1257 1325 1328 1346 1402 1435 1487 1503 1517 1545 1587 1660 1723 1748 1760 1832 1859 1869 1876 1893 1896 1932
38,Cc1cc(-c2n[nH]c3c(N=C4C=C(C(F)(F)F)C5=NCCCN5C4=O)ccc(F)c23)ccc1F,18 30 35 60 74 84 88 95 114 126 146 202 209 215 216 281 313 314 319 323 345 360 378 402 424 522 526 529 564 650 699 719 725 732 733 740 747 786 798 809 818 828 830 838 875 879 881 896 926 931 935 951 958 980 988 1010 1022 1028 1037 1039 1041 1056 1057 1114 1137 1160 1225 1239 1273 1279 1315 1380 1390 1391 1418 1453 1457 1480 1502 1530 1587 1594 1601 1611 1630 1660 1702 1722 1749 1750 1757 1824 1840 1867 1873 1928 1934 1981 1984 2003 2004
39,CC(C)(C)N(CCCCN1CCCCC1)Cc1ccc([N+](=O)[O-])nn1,2 36 75 80 99 114 136 144 215 222 321 337 362 365 378 392 423 426 461 483 507 509 540 581 595 622 647 653 705 715 724 753 759 811 825 838 860 881 893 926 935 937 941 961 983 986 1028 1057 1061 1073 1090 1104 1109 1114 1138 1145 1164 1195 1223 1234 1288 1335 1363 1375 1380 1401 1422 1439 1442 1452 1468 1475 1480 1482 1488 1503 1528 1542 1581 1664 1669 1700 1719 1750 1791 1876 1877 1911 1921 1934 1935 1951 1963 1998 2003 2020
40,O=C(CN1C(=O)CCCn2cc1n1c3ccccc3nc21)N1CCCCC1,2 43 45 77 80 96 105 132 166 225 287 289 314 350 357 369 378 438 464 548 588 640 649 650 748 760 798 807 812 824 926 935 942 945 1009 1028 1066 1087 1088 1097 1107 1131 1138 1182 1199 1281 1285 1290 1312 1313 1330 1343 1380 1391 1402 1423 1480 1499 1508 1531 1546 1555 1614 1631 1653 1696 1731 1738 1746 1750 1767 1837 1838 1855 1873 1882 1888 1917 1941 1958 1987 1998 2009
41,COc1ccc(-c2c(C)n(CCCN3CCCCC3)c(=O)n2C)cc1,2 44 48 80 194 211 266 289 313 314 318 322 351 356 409 484 501 564 605 650 653 681 695 718 771 781 794 802 804 824 831 834 841 896 926 935 948 1001 1014 1028 1057 1145 1160 1188 1199 1214 1341 1350 1364 1380 1381 1421 1422 1438 1480 1482 1492 1536 1546 1608 1619 1620 1680 1722 1750 1766 1791 1808 1835 1854 1873 1894 1911 1972 1979 1988 1998 2043
42,O=C(c1ccccn1)N1CCN(S(=O)(=O)c2cccc(F)c2)CC1CCN1CCCCC1,2 20 40 53 63 76 80 81 89 100 102 123 140 230 268 283 319 350 366 378 448 470 471 552 572 575 585 587 589 605 632 647 650 686 699 703 708 739 740 757 797 800 807 812 832 855 875 925 926 935 944 1005 1019 1028 1039 1045 1088 1114 1145 1155 1186 1199 1220 1279 1337 1364 1380 1399 1411 1422 1452 1476 1480 1482 1487 1504 1521 1552 1598 1625 1629 1670 1713 1724 1729 1749 1750 1762 1791 1792 1866 1873 1890 1917 1928 1968 1998 2009 2044
43,O=C(c1c(Br)ccoc1=O)C(c1cc(Cl)cc(Br)c1)S(=O)(=O)c1ccc(Cl)cc1,1 20 69 83 111 166 193 216 222 230 231 307 314 319 350 386 399 403 461 486 560 561 586 587 599 600 602 650 656 715 728 787 807 816 825 833 854 866 872 875 888 905 909 932 940 959 977 981 996 1018 1052 1070 1147 1155 1170 1225 1233 1255 1281 1285 1354 1360 1365 1380 1399 1468 1476 1526 1552 1566 1585 1631 1658 1683 1702 1730 1738 1739 1747 1750 1757 1790 1863 1873 1917 1932 1942 1962 2046
44,CN1CCNC1=Nc1cccs1,14 37 86 120 150 210 236 241 250 280 305 349 383 508 548 584 599 608 647 675 694 710 725 887 892 899 900 916 926 935 979 1000 1057 1088 1090 1114 1135 1145 1159 1172 1210 1221 1292 1300 1380 1418 1480 1499 1525 1556 1567 1624 1690 1693 1717 1750 1850 1861 1866 1873 1882 1927 1953 1954 1976 1984 1996
45,Cc1nc(NC(N)=O)c2cccnc2n1,52 65 140 160 204 231 259 288 344 350 378 386 448 451 465 470 541 557 584 596 600 650 675 708 807 879 936 941 944 1043 1057 1088 1101 1114 1121 1126 1152 1165 1171 1284 1340 1357 1380 1446 1452 1524 1526 1573 1591 1651 1722 1743 1750 1752 1781 1816 1833 1843 1855 1866 1867 1873 1917 1938 2030
46,OC1=Cc2cccn3c(ccc23)C=CSC=C1,45 84 85 93 95 111 128 131 173 238 272 291 356 506 547 567 600 602 611 626 641 643 660 674 675 677 704 705 740 758 759 773 803 807 852 935 956 1088 1101 1133 1241 1252 1253 1332 1380 1435 1448 1481 1514 1575 1602 1653 1660 1710 1734 1750 1819 1826 1873 1912 1920 1957 1967 1969 1976 2021 2032 2036
47,O=C(c1ccccc1C(F)(F)F)n1c(-c2ccccc2)cn(Cc2cccc(Cl)c2)c1=O,80 88 114 147 165 216 262 295 302 314 364 389 402 403 412 419 427 464 489 498 533 549 561 592 618 626 629 630 650 666 725 736 744 771 780 781 807 857 875 906 915 935 957 1009 1039 1066 1069 1088 1105 1130 1146 1160 1199 1245 1272 1282 1330 1371 1380 1426 1445 1446 1447 1453 1455 1479 1503 1504 1628 1640 1683 1692 1750 1754 1765 1775 1818 1873 1917 1991 2018 2046
48,CCCCC(=NC1=Nc2nc1cs2)c1ccc(C)cc1,10 23 58 80 108 143 163 192 231 235 294 303 314 378 429 435 442 443 523 532 552 556 591 600 675 725 752 763 770 807 834 835 927 962 977 980 1045 1057 1065 1094 1123 1125 1126 1159 1177 1235 1262 1264 1380 1385 1391 1436 1454 1486 1517 1558 1564 1567 1592 1605 1613 1615 1619 1632 1689 1697 1698 1702 1722 1735 1750 1763 1767 1823 1855 1873 1911 1920 2006
49,O=C1OCCN1C(=O)c1cccc(C2=C3C(=O)N(CCCCCc4ccccc4S2)C(=O)c2cc[nH]c23)c1,2 6 69 75 81 106 131 155 156 194 215 222 273 295 310 314 352 360 374 386 397 441 472 493 541 556 573 583 585 608 609 618 650 656 675 711 736 778 806 807 811 818 838 875 879 926 941 947 949 950 956 980 1028 1039 1058 1080 1088 1114 1160 1183 1212 1236 1323 1353 1362 1380 1385 1387 1418 1429 1457 1480 1486 1496 1504 1506 1539 1594 1636 1700 1708 1732 1738 1750 1780 1814 1873 1917 1946 1954 1985 1998 2044
50,C=CSc1cccc(C=Cc2c3cccc2c2cc3c2)c1C(=O)n1nnn(CCCC(=O)N(C)C)c1=O,24 40 80 116 141 152 158 188 234 282 299 314 350 377 378 423 431 441 506 507 586 619 642 650 678 694 712 771 774 807 810 829 835 875 881 957 961 973 1025 1030 1038 1039 1044 1057 1066 1088 1145 1163 1186 1238 1265 1268 1296 1318 1344 1357 1359 1366 1380 1391 1415 1423 1452 1471 1473 1482 1504 1517 1525 1548 1557 1564 1568 1573 1579 1615 1631 1645 1653 1675 1676 1691 1726 1750 1773 1783 1784 1816 1826 1837 1841 1855 1873 1911 1917 1936 1951 1957 1967 1990 2016 2019 2023 2029
51,COC(=O)c1ccc(F)cc1S(=O)(=O)c1cccc(N2CCCCC2=O)c1,30 67 96 121 132 133 145 215 258 260 292 310 314 315 319 350 361 368 371 392 420 449 461 467 575 650 664 695 699 713 728 734 798 807 809 835 841 867 875 893 901 902 906 926 934 935 936 952 974 1028 1034 1039 1049 1057 1075 1088 1115 1152 1182 1290 1327 1380 1402 1410 1457 1475 1476 1480 1487 1495 1571 1670 1692 1738 1750 1756 1825 1830 1871 1873 1895 1917 1920 1928 1943 1991 1998
52,CN(CCN1CCN2CCN(CCC(=O)NC3COC4=NC3=N4)CC2C1=O)C(=O)Nc1ccc(C#N)cc1,5 34 41 47 74 80 102 148 154 191 193 201 215 218 295 305 314 334 340 369 378 385 387 406 441 449 507 625 640 650 656 674 727 739 745 757 783 790 795 807 843 852 862 869 926 927 935 936 983 1000 1015 1019 1044 1057 1077 1085 1089 1136 1143 1145 1152 1163 1263 1268 1285 1312 1314 1332 1380 1384 1399 1416 1427 1436 1455 1480 1484 1518 1526 1554 1556 1564 1577 1578 1593 1608 1647 1667 1675 1692 1710 1736 1750 1779 1791 1816 1854 1856 1873 1905 1917 1923 1928 1951 1954 1978 1985 2000 2014
53,CCCCCC(OC(=O)c1ccc(C(C)=O)cc1)C(=O)OC1CCCC1,1 31 40 62 69 80 89 98 119 145 147 202 294 367 383 517 560 591 599 606 617 648 649 650 695 739 775 781 794 806 807 873 890 891 926 973 1013 1017 1019 1021 1028 1037 1057 1065 1071 1082 1091 1126 1147 1213 1215 1246 1279 1283 1325 1380 1385 1409 1410 1444 1467 1491 1697 1737 1749 1750 1761 1782 1820 1845 1873 1911 1917 1941 2035 2036
54,COc1ccc(C(=O)N(CCCCCCc2ccc(OC)c(OC)c2)C(=O)c2ccccc2)cc1,28 80 94 97 104 109 140 192 244 249 307 310 316 322 370 378 389 403 442 587 628 650 653 695 703 718 768 781 790 807 831 841 875 881 908 937 978 1001 1027 1029 1045 1057 1088 1113 1143 1167 1172 1184 1193 1199 1221 1243 1245 1303 1348 1380 1385 1429 1431 1456 1536 1648 1655 1669 1697 1698 1750 1753 1754 1785 1834 1873 1911 1917 1930 1951 1962 1970 1975 1985 2006 2027 2031
55,CC(C)(C)c1ccc(CCCCC2CCCCC2)cc1,2 29 33 70 80 114 148 160 167 289 310 334 392 443 468 473 484 497 505 511 583 711 712 725 783 814 822 831 832 860 890 926 978 992 1019 1028 1045 1057 1079 1124 1166 1184 1237 1243 1266 1295 1325 1361 1380 1417 1444 1461 1470 1472 1556 1589 1619 1622 1626 1637 1665 1669 1725 1750 1754 1814 1852 1911 1917 1984
56,CN(c1cc(I)c(-c2n[nH]c(=O)[nH]2)o1)C1C(N)C1O,3 17 24 72 74 90 99 229 233 275 314 378 443 502 533 536 537 577 582 586 591 646 650 656 661 715 722 760 766 779 806 807 875 881 906 912 934 947 950 955 967 978 988 1019 1021 1041 1057 1058 1063 1069 1098 1106 1114 1163 1171 1213 1216 1222 1224 1257 1274 1363 1380 1433 1439 1445 1474 1487 1504 1517 1572 1604 1609 1660 1684 1687 1700 1702 1745 1776 1832 1849 1873 1923 2004 2014 2028
57,CC(NC(=O)OC(Cl)(Cl)OP(=O)(O)OC(CCCN1CCCCC1=O)C(=O)NC1CC1)=C(F)Cl,1 9 72 80 87 108 114 155 189 191 192 231 264 292 310 314 331 387 420 426 432 486 488 505 520 527 548 573 579 610 650 671 676 695 739 743 747 788 798 803 806 807 900 926 935 951 960 973 980 989 992 1001 1017 1019 1028 1051 1056 1057 1089 1116 1119 1123 1125 1133 1152 1161 1182 1233 1252 1292 1300 1313 1325 1380 1389 1407 1451 1467 1480 1517 1531 1548 1566 1615 1634 1642 1655 1656 1683 1696 1720 1738 1740 1758 1785 1806 1811 1827 1836 1838 1911 1914 1917 1928 1968 2007 2028 2041 2044
58,COC(=O)N(N)Cc1cc(C)c2ccccc2c1,11 55 77 122 143 147 177 247 266 283 295 311 355 392 417 437 455 458 476 490 507 511 527 537 573 587 650 695 711 733 738 800 807 841 868 875 881 906 966 997 1004 1057 1058 1063 1082 1087 1088 1152 1171 1199 1219 1245 1263 1328 1335 1374 1375 1380 1391 1429 1440 1454 1517 1542 1573 1586 1587 1618 1671 1674 1722 1738 1750 1754 1757 1847 1855 1861 1873 1907 1908 1917 1922 1946 1954 1982
59,COc1cc(O)ccc1OC(=CC#Cc1ccc(C(=O)N2CCCC2)cc1F)[N+](=O)[O-],15 44 55 75 91 94 116 128 153 194 223 245 249 289 320 369 381 430 431 442 473 497 578 598 599 611 618 641 650 655 659 669 689 694 695 699 715 716 745 753 761 806 807 838 841 845 858 866 875 887 897 926 934 935 942 954 1004 1028 1057 1195 1212 1245 1308 1313 1360 1380 1385 1429 1434 1447 1480 1486 1501 1504 1506 1525 1536 1564 1591 1602 1610 1660 1697 1729 1750 1773 1775 1789 1840 1847 1862 1873 1917 1928 1945 1955 1963 1970 1978 1986 1998 2009 2011 2012 2021
60,COc1ccc(C(=O)OC2CCCCCC2)c2ccccc12,2 12 55 67 74 78 87 94 109 119 142 145 177 182 187 204 219 237 249 299 344 452 462 488 510 512 536 598 650 695 724 785 807 841 890 904 926 941 1017 1019 1028 1030 1057 1071 1088 1126 1133 1147 1199 1221 1325 1336 1357 1380 1410 1510 1536 1565 1573 1601 1654 1721 1727 1750 1833 1873 1903 1905 1917 1924 1932 1957 1970 1991 2037
61,Cc1cccc(S(=O)(=O)c2cc(C(=O)N3CCN(c4ccccc4)C(=O)C3)ccc2O)c1,19 63 203 210 314 319 350 364 389 392 395 436 446 449 458 497 509 540 575 616 617 618 638 650 688 739 743 798 807 811 812 835 867 875 926 935 1013 1039 1049 1055 1057 1088 1100 1118 1138 1199 1239 1250 1264 1278 1380 1385 1388 1398 1417 1457 1471 1475 1476 1480 1504 1545 1571 1588 1602 1607 1691 1697 1701 1722 1750 1766 1812 1823 1824 1825 1845 1873 1902 1917 1921 1936 1946 2009 2040
62,CC(=O)N(C(=O)c1ccc(Cl)cc1)c1ccc(F)cc1,20 21 22 90 141 166 175 204 216 252 282 398 490 513 522 561 587 618 649 650 699 702 749 778 788 807 812 816 881 906 909 939 960 1006 1017 1057 1070 1096 1103 1133 1165 1189 1221 1228 1380 1385 1410 1461 1521 1557 1584 1586 1588 1670 1683 1697 1750 1806 1865 1873 1905 1917 1922 1928 1993 2005 2010
63,CCOC1CCCC(C)(OC2=C(C)SC2=CC=C2N3CCCN(C3=O)S2(=O)=O)C1,61 65 75 80 92 104 106 119 166 207 215 218 220 234 265 273 294 314 350 352 393 394 403 462 469 487 568 593 609 634 650 671 675 679 694 695 707 728 742 773 823 851 855 890 926 934 935 948 968 978 990 1019 1028 1034 1057 1060 1083 1088 1125 1147 1151 1162 1216 1220 1223 1238 1251 1274 1325 1340 1380 1404 1409 1422 1436 1438 1443 1457 1471 1473 1480 1493 1518 1521 1522 1545 1597 1644 1665 1688 1722 1725 1764 1778 1789 1799 1815 1861 1865 1901 1916 1935 1948 1953 1955 1969 2044
64,CC(C)(C)CC1C(=O)OCN1S(=O)(=O)c1ccc(C(F)(F)F)cc1,80 85 114 139 173 252 314 319 350 354 374 382 383 392 400 426 441 556 580 588 650 656 707 715 800 809 822 830 849 864 926 935 941 989 997 1019 1028 1057 1069 1118 1164 1165 1202 1260 1293 1298 1305 1380 1414 1417 1453 1476 1490 1494 1527 1567 1606 1659 1665 1700 1729 1730 1750 1786 1791 1808 1812 1833 1873 1915 1928 2032 2047
65,O=C1N2CCN3CCC2C2CC(CN12)Oc1cccc(n1)S3(=O)=O,14 33 70 92 178 207 243 269 271 307 308 314 339 378 427 463 469 487 493 579 613 622 644 649 650 652 656 671 684 735 739 750 794 926 927 930 986 990 997 1019 1020 1028 1039 1088 1114 1146 1170 1224 1238 1248 1292 1303 1325 1380 1461 1480 1524 1538 1559 1592 1610 1655 1671 1680 1689 1722 1750 1757 1774 1840 1855 1873 1910 1992 2041 2044
66,Cc1nnnc(NC(=S)Nc2ccccc2-c2cc(Cl)ccc2-c2ccc(Cl)cc2)n1,2 15 97 110 114 165 169 186 190 216 222 237 264 270 321 352 378 396 454 458 492 520 554 561 633 639 680 683 688 763 807 816 843 857 871 875 895 896 914 929 935 941 954 981 1033 1053 1057 1070 1088 1126 1152 1160 1164 1168 1199 1224 1233 1306 1307 1364 1375 1380 1428 1436 1437 1439 1564 1582 1585 1602 1650 1664 1671 1683 1696 1711 1720 1722 1750 1802 1816 1831 1833 1837 1855 1872 1873 1897 1916 1929 1998 2010 2018 2019 2032
67,Cc1ccc(-c2scc(C#N)c2C(=O)N2CCN(C)CC2)cc1,14 77 121 125 207 235 312 345 361 431 461 465 528 532 539 552 583 586 618 650 674 675 705 741 776 790 807 833 876 896 903 926 935 942 963 1020 1054 1057 1062 1136 1142 1145 1160 1202 1203 1224 1236 1254 1274 1310 1321 1326 1341 1380 1384 1390 1394 1401 1462 1480 1504 1567 1589 1719 1722 1731 1750 1778 1823 1848 1862 1865 1866 1873 1917 1920 1953 1966 2009 2023
68,COc1cc(F)ccc1-c1nc(NCC(=O)O)ncc1-c1ccccc1,80 137 222 249 259 278 323 335 352 374 377 386 389 390 391 428 544 650 662 680 695 699 706 736 743 773 807 841 875 899 944 956 976 1057 1074 1088 1104 1152 1160 1169 1190 1197 1199 1201 1214 1224 1257 1264 1306 1307 1324 1362 1380 1410 1416 1440 1452 1462 1487 1535 1536 1538 1545 1582 1621 1651 1670 1682 1706 1737 1750 1787 1795 1855 1873 1917 1928 1955 1970 1984
69,CS(=O)(=O)N1C(=O)CCN(C(=O)c2ccccn2)C1=O,16 92 126 176 246 256 282 299 314 320 350 378 379 393 438 448 453 464 471 488 552 562 596 632 650 652 685 692 709 736 756 798 807 855 926 935 936 966 1057 1088 1134 1153 1155 1156 1177 1189 1199 1219 1235 1354 1387 1401 1452 1453 1476 1480 1488 1499 1504 1512 1592 1635 1663 1712 1738 1748 1750 1756 1798 1799 1803 1861 1866 1873 1917 1924 2016
70,Brc1ccc2nnn-2c(SCCc2ccccc2)n1,22 80 116 125 195 235 265 268 338 340 341 344 378 389 409 433 434 484 522 527 598 617 635 646 728 746 747 765 772 793 820 825 900 913 935 997 1034 1045 1047 1051 1065 1066 1088 1119 1133 1163 1164 1167 1182 1199 1243 1264 1276 1323 1339 1380 1410 1484 1494 1498 1501 1510 1545 1563 1631 1656 1692 1744 1750 1754 1783 1789 1794 1795 1796 1852 1855 1873 1884 1898 1978 1996
71,CC(C)(C)C(=O)N1C(=O)CCCC1=O,114 145 192 244 270 314 382 392 413 461 513 526 574 600 603 621 626 650 798 799 803 807 821 826 892 904 926 935 987 1025 1028 1033 1041 1057 1155 1182 1380 1412 1426 1450 1470 1478 1491 1579 1594 1672 1686 1738 1790 1856 1881 1917 1937 1942 1960
72,CCN1C(=O)N(Cc2ccccc2OC)C=NC1c1ncc(Cl)cc1F,31 34 80 86 92 119 172 185 194 216 244 249 272 286 289 294 314 341 378 440 522 525 561 638 645 650 661 694 695 699 729 798 824 841 846 858 861 875 918 935 1019 1027 1057 1078 1086 1088 1099 1110 1123 1129 1189 1199 1204 1263 1283 1284 1324 1380 1398 1406 1407 1410 1471 1481 1499 1516 1535 1536 1542 1553 1573 1578 1597 1661 1683 1704 1715 1750 1775 1816 1836 1840 1856 1871 1873 1900 1920 1921 1928 1956 1970 2010 2041
73,CN=C(c1ccccc1)N1N=c2[nH]c1nc2=CC=CC=C(C#N)CN(C)c1cccc(O)c1,34 63 65 80 101 120 126 135 160 184 218 245 253 288 319 375 378 381 389 432 437 442 448 570 614 659 672 674 694 706 725 735 745 782 790 803 807 811 875 878 881 890 934 935 937 943 975 1039 1057 1088 1096 1101 1114 1116 1118 1163 1172 1190 1193 1199 1288 1299 1317 1319 1380 1384 1385 1388 1416 1417 1483 1505 1506 1515 1529 1550 1561 1602 1608 1619 1637 1686 1697 1745 1750 1799 1810 1814 1841 1855 1868 1873 1884 1927 1953 1985 1988 2026 2040
74,COc1ccc(C=CC=CC(N)=NN=C(C)c2ccccc2)cc1,25 31 42 77 135 137 140 157 187 267 287 322 389 402 416 432 625 629 636 678 694 695 703 718 725 775 781 791 807 831 835 841 859 864 878 1017 1027 1040 1057 1088 1097 1114 1162 1171 1199 1223 1269 1280 1290 1312 1340 1380 1385 1394 1424 1484 1519 1536 1583 1584 1604 1706 1750 1755 1845 1852 1861 1873 1907 1953 1967 1971 1984 1985 2008 2029 2033 2041
75,CN(CCSc1ccc2nc3sc2c1S3)CC(C)(C)C,23 28 31 49 50 80 104 114 116 131 141 162 163 203 232 243 244 263 278 279 296 326 341 378 392 493 566 595 603 664 675 702 735 739 789 801 825 854 873 881 912 948 955 957 961 967 974 993 995 997 1025 1029 1033 1038 1044 1057 1060 1095 1097 1110 1163 1182 1236 1271 1288 1353 1380 1403 1457 1490 1645 1703 1745 1750 1781 1825 1855 1863 1873 1886 1951 2007 2044
76,Cc1nc(NC(=O)Nc2cc([N+](=O)[O-])ccc2OC(C)(C)C)oc1C,26 56 61 90 92 94 114 152 182 246 306 310 378 379 392 399 431 548 573 640 650 656 667 695 707 715 721 734 753 758 765 769 792 797 804 807 827 835 838 870 875 906 994 999 1057 1058 1111 1152 1190 1195 1224 1274 1280 1288 1326 1380 1394 1458 1514 1565 1580 1604 1654 1683 1699 1722 1750 1800 1809 1814 1816 1819 1853 1855 1859 1873 1917 1940 1963 1970 1988 1989 2024
77,O=C(O)CCOCOCC(=O)O,1 13 46 59 70 80 99 114 147 246 276 354 367 389 424 549 621 636 650 671 684 695 724 746 747 779 807 929 951 978 1089 1127 1182 1187 1207 1218 1253 1287 1309 1352 1414 1473 1478 1513 1564 1615 1737 1821 1836 1859 1876 1888 1917 1946 1956 1962 1970 1981 1988 1992 2004 2039 2040
78,CC(=O)OC(=O)C(OC(C)(C)C)C(O)C1OCC2OC(C(O)C3CCCCO3)OC2C1O,1 21 36 63 114 131 147 150 175 221 227 232 244 247 258 266 272 308 341 361 366 392 406 502 508 512 529 558 609 620 639 640 650 656 695 771 784 796 802 804 807 810 812 835 851 882 890 898 922 926 950 971 976 990 1017 1019 1028 1030 1035 1042 1043 1057 1122 1142 1175 1186 1249 1257 1284 1325 1414 1444 1484 1487 1502 1531 1547 1588 1594 1597 1628 1675 1722 1726 1776 1779 1819 1820 1831 1847 1856 1859 1877 1908 1917 1921 1923 1959 2000 2016 2044
79,O=C(NC(CCN1CCCC1)C(=O)Nc1ccc(C(=O)N2CCCCC2)cc1)c1ccc(C(F)(F)F)cc1,1 2 52 80 114 117 191 214 224 334 340 351 369 383 440 462 486 497 500 514 573 650 683 692 723 736 739 807 809 843 871 913 926 935 1017 1028 1077 1102 1107 1144 1145 1152 1260 1279 1298 1357 1369 1380 1382 1385 1390 1392 1417 1422 1435 1447 1453 1454 1480 1482 1493 1504 1511 1513 1526 1567 1570 1618 1631 1643 1644 1658 1664 1665 1697 1708 1750 1763 1791 1816 1873 1917 1928 1998 2009
80,COc1c(O)cccc1C(=O)Nc1cccc(C(F)(F)F)c1,67 100 102 114 157 184 191 223 305 328 333 354 360 465 486 516 541 569 620 627 650 663 665 687 695 703 726 768 804 807 809 817 841 843 847 862 871 875 886 986 990 996 1039 1057 1088 1100 1116 1152 1192 1195 1220 1239 1260 1341 1379 1380 1401 1417 1436 1447 1453 1522 1536 1599 1602 1607 1630 1641 1658 1660 1662 1677 1706 1717 1750 1777 1816 1831 1834 1838 1873 1882 1917 1928 1978 1984 1991 2001 2017
81,O=C(C#CCCCN1CCCCC1)N1CCCCC1,2 99 151 250 266 369 413 446 457 461 487 542 581 611 650 653 674 722 734 807 847 880 892 926 935 958 993 1028 1072 1075 1141 1145 1205 1209 1227 1267 1271 1341 1422 1443 1473 1480 1482 1521 1558 1580 1643 1693 1713 1791 1799 1801 1832 1838 1911 1917 1998 2003 2009 2010 2019
82,BrCCCCCCCCCCC(Br)=C(Br)C(Br)=C(Br)Br,31 53 80 90 103 115 150 165 214 237 240 251 256 278 326 335 338 366 421 437 452 495 526 578 587 674 679 728 751 756 807 858 882 929 939 958 1019 1143 1160 1180 1238 1264 1267 1269 1307 1326 1385 1399 1479 1507 1564 1590 1591 1624 1705 1763 1801 1911 2001 2034
83,C=Cc1cc2cc(C(=O)OCCC(=O)O)ccc2c(=O)o1,3 13 80 145 147 190 202 226 227 228 240 314 389 469 496 501 523 618 621 642 650 656 668 694 695 711 747 801 807 839 841 875 916 929 947 971 987 994 1026 1036 1054 1087 1176 1251 1287 1319 1338 1357 1366 1376 1380 1385 1394 1415 1436 1442 1448 1468 1471 1495 1522 1552 1564 1565 1592 1604 1630 1645 1697 1733 1737 1746 1750 1757 1773 1794 1796 1841 1855 1873 1912 1914 1917 1918 1950 1953 2033
84,COC(=O)CCCCOC(=O)OC(OC)=C(Br)C(Br)=C(Br)Br,13 14 49 57 80 88 92 147 195 210 229 243 245 256 279 297 366 368 392 539 586 621 622 646 650 695 699 709 728 735 789 807 841 879 898 899 908 939 970 992 1020 1055 1057 1081 1089 1094 1152 1180 1249 1267 1289 1318 1326 1327 1342 1361 1386 1399 1455 1456 1533 1559 1564 1566 1593 1679 1717 1734 1759 1766 1786 1802 1815 1818 1911 1917 1927 1931 1970 2046
85,CCCCN(CCCCn1cc2c3[nH]c1c2c1nc3-c2nc(NC(C)=O)ccc2-1)C(=O)NNC(C)=O,4 27 41 53 80 84 111 140 153 154 193 211 212 221 222 239 257 279 294 323 348 351 352 370 378 383 407 415 426 449 464 490 503 511 591 610 650 680 716 722 745 754 777 794 807 830 846 849 860 881 893 909 914 919 935 967 978 1004 1017 1057 1058 1068 1071 1099 1114 1127 1145 1152 1175 1203 1229 1272 1288 1357 1370 1380 1429 1437 1442 1455 1492 1530 1545 1583 1600 1623 1636 1669 1677 1701 1726 1745 1750 1752 1767 1814 1816 1841 1855 1873 1911 1917 1929 1939 1951 1962 1984 2026
86,CCN(C(C)=O)C(=O)c1cc(-c2ccc(F)cc2)c2cccc(I)c2n1,80 90 97 159 217 222 245 269 294 308 352 378 390 415 499 522 582 608 644 650 661 666 697 699 742 753 766 806 807 850 855 875 881 896 917 932 947 953 954 1001 1017 1039 1057 1063 1088 1135 1138 1160 1221 1240 1271 1320 1337 1341 1357 1359 1361 1380 1395 1410 1481 1502 1503 1514 1550 1573 1580 1584 1588 1598 1648 1670 1679 1693 1694 1717 1724 1750 1803 1817 1855 1873 1887 1917 1924 1927 1928 1961 1985 2020 2042
87,COC(=CC=C(c1ccc(Cl)cn1)c1ccc(OC)c2ccccc12)c1ccccc1,27 50 66 67 90 94 109 117 181 216 218 249 270 299 327 352 378 389 561 572 580 598 663 673 694 695 705 756 776 779 807 816 841 846 855 1002 1028 1057 1088 1090 1098 1102 1108 1111 1128 1138 1152 1199 1203 1212 1239 1252 1258 1298 1319 1356 1357 1380 1385 1400 1407 1452 1496 1535 1536 1538 1567 1573 1619 1635 1637 1683 1702 1725 1750 1821 1826 1841 1873 1895 1913 1929 1970 1985 1991 2021 2035 2041
88,CC1CCC2C(C1)NC(=O)C1=CC=C(S(=O)(=O)N(C)C(=O)CC(C)(C)C)C12,3 17 78 80 114 117 131 171 226 227 301 314 316 350 372 389 392 412 431 484 522 524 597 622 650 662 693 720 739 794 807 813 815 860 869 878 881 920 926 955 962 990 997 1019 1061 1114 1116 1126 1132 1148 1163 1209 1221 1226 1238 1249 1273 1292 1309 1311 1314 1322 1325 1369 1380 1383 1453 1476 1533 1552 1573 1596 1657 1686 1693 1780 1783 1818 1867 1873 1883 1890 1917 2013
89,Cc1ccc(C(=O)N(C)c2nc(C)nc3cc(Cl)ccc23)cc1,0 54 94 165 170 172 216 235 243 259 264 378 424 444 468 517 522 530 541 561 587 617 629 635 640 648 650 654 690 735 753 782 807 815 816 819 843 845 875 881 1007 1057 1097 1106 1126 1133 1146 1158 1163 1165 1183 1212 1221 1271 1303 1316 1357 1380 1385 1386 1506 1549 1650 1662 1683 1697 1718 1722 1733 1749 1750 1823 1829 1842 1850 1855 1873 1917 1920 1965 2014
90,CC(OC(=O)N1CCCCC1)C1=CC=C(C(=O)OC(C)(C)C)CC1,1 2 69 97 114 145 163 167 231 235 269 283 336 350 369 386 392 428 456 462 467 478 505 541 576 622 634 647 650 680 693 695 770 780 790 807 818 825 829 865 935 984 1005 1028 1048 1057 1065 1072 1078 1102 1218 1249 1251 1268 1296 1318 1326 1349 1380 1384 1390 1398 1480 1549 1574 1583 1601 1629 1636 1668 1738 1795 1859 1873 1881 1917 1952 1957 1979 1986 1998 2009
91,O=c1[nH]c(=C[N+](=O)[O-])ccc1=CC=Cc1ccc2cc[nH]c2n1,35 51 113 172 174 185 203 267 273 288 314 378 382 398 432 470 479 513 525 619 645 650 657 694 706 711 715 750 753 806 812 817 828 835 837 838 890 901 977 1013 1092 1100 1114 1152 1157 1252 1265 1300 1321 1349 1359 1380 1386 1397 1481 1484 1506 1510 1534 1671 1700 1703 1707 1745 1750 1753 1773 1808 1816 1855 1861 1873 1920 1923 1941 1942 1956 1963 2001 2007 2046
92,COC1=CC=C2N=C3N=C1N2CCCCN1CC(N3)c2ccccc21,3 95 114 144 155 177 207 215 216 301 371 378 407 412 432 454 565 665 680 695 703 725 739 775 801 816 829 840 841 871 926 927 935 944 1019 1027 1028 1057 1073 1088 1114 1174 1199 1215 1236 1240 1249 1252 1254 1267 1295 1380 1388 1408 1433 1450 1457 1480 1483 1488 1492 1495 1498 1522 1536 1601 1607 1632 1639 1647 1697 1728 1750 1762 1792 1843 1873 1890 1978 1982 1995 1998 2043
93,COc1ccc(OC(C)(C)C(=O)[O-])cc1C=C(C)C,38 46 49 90 94 114 173 217 227 249 272 277 278 322 362 392 437 474 548 556 650 694 695 715 718 742 770 773 807 841 875 927 961 1017 1037 1045 1057 1081 1159 1207 1226 1230 1237 1249 1254 1257 1263 1294 1328 1380 1454 1456 1460 1489 1494 1535 1536 1545 1666 1699 1714 1738 1746 1750 1831 1847 1849 1873 1890 1894 1917 1970 2027
94,C1CCc2nnc([nH]2)C1,53 57 73 86 109 146 310 378 412 429 436 442 509 527 567 656 675 682 697 716 723 788 801 926 934 1028 1062 1114 1164 1226 1354 1372 1380 1399 1407 1448 1522 1529 1531 1551 1738 1745 1810 1817 1819 1844 1887 2047
95,CCN(c1ccc(NC(=O)c2ccccc2)cc1)c1cccc(=O)[nH]c2c(Cl)cc1-2,11 80 81 87 111 155 170 191 211 226 280 289 294 304 314 338 352 366 372 389 463 486 518 520 523 550 561 616 650 764 805 807 843 875 880 881 921 932 960 1039 1043 1049 1057 1077 1084 1088 1096 1114 1115 1116 1152 1169 1199 1233 1321 1344 1358 1362 1380 1385 1390 1432 1458 1540 1542 1545 1571 1589 1601 1611 1614 1631 1642 1645 1665 1683 1745 1750 1792 1795 1816 1873 1908 1917 1919 1978 1985 1995 2006 2018 2040
96,CCCCCN(C)C(=O)c1c(OC)c2ccc(F)cc2c2ccc(cc2C#N)[nH]c1=O,146 166 193 261 294 303 314 315 333 334 345 361 400 546 586 591 650 668 674 695 699 707 708 716 725 747 750 790 794 799 807 840 841 865 875 881 905 960 1018 1057 1077 1114 1136 1145 1163 1221 1232 1257 1264 1357 1374 1380 1384 1410 1444 1473 1487 1497 1524 1536 1540 1565 1589 1595 1599 1609 1625 1627 1636 1645 1652 1669 1670 1687 1719 1733 1745 1750 1760 1779 1825 1862 1865 1873 1896 1911 1917 1928 1937 1949 1951
97,C=CC=C1OCC2C3CN(CCOc4ccc(Cl)cc4C(F)(F)F)CCN3C(=O)N12,3 13 41 57 74 80 90 92 94 114 165 216 229 243 262 293 305 314 340 380 419 441 501 525 533 537 561 650 653 656 663 684 694 695 716 739 780 805 809 816 846 869 875 877 890 904 916 926 935 979 1019 1030 1053 1063 1082 1091 1145 1182 1225 1345 1366 1368 1369 1374 1380 1405 1414 1452 1453 1480 1518 1628 1645 1668 1675 1681 1683 1689 1701 1750 1778 1783 1791 1800 1832 1840 1873 1922 1923 1928 1968 1970 1982 2043
98,O=C1C2CCCN1CCN1C(=O)OCCN(C(=O)C2)C1=O,5 69 88 91 92 94 107 113 148 168 231 313 314 317 402 407 438 441 446 476 534 545 596 608 650 656 680 778 797 798 805 811 838 874 926 949 950 952 1001 1019 1028 1033 1037 1135 1211 1219 1234 1325 1342 1367 1380 1457 1480 1493 1505 1506 1508 1509 1512 1543 1606 1611 1621 1628 1632 1657 1690 1699 1826 1842 1857 1899 1942 1943 1961 2000
99,CN(C)c1nc2ccc3cc(O)ccc3c2n1COc1ccccc1Br,57 75 80 94 125 155 184 203 248 286 291 333 378 381 386 484 486 550 594 667 695 707 728 736 745 793 798 802 803 807 833 836 837 847 852 875 881 922 935 940 961 989 1057 1067 1084 1086 1088 1097 1121 1122 1158 1163 1173 1199 1223 1224 1311 1313 1335 1357 1365 1380 1410 1429 1440 1447 1452 1523 1530 1541 1572 1602 1629 1631 1658 1700 1733 1750 1751 1841 1855 1873 1922 1955 1969 1970 1987 2030
100,CN(C)CC1(F)c2cc(Cl)c3c1c[nH]c3c2C(=O)Nc1ccccc1,7 45 80 152 166 191 251 273 281 356 366 369 383 389 450 486 521 561 570 586 650 652 672 681 692 703 745 758 769 778 806 807 845 875 881 893 955 1006 1011 1019 1057 1060 1077 1088 1110 1112 1114 1152 1154 1163 1199 1203 1233 1277 1284 1288 1333 1380 1415 1436 1444 1522 1530 1599 1624 1660 1661 1683 1716 1750 1816 1828 1846 1873 1879 1885 1891 1917 1928 1949 1978 1980 1984
101,NC(=S)Nc1nc2ncc(-c3cccs3)c-2cn1CCO,14 45 62 80 97 110 125 139 157 205 222 241 242 277 352 378 383 406 464 473 484 507 520 537 539 553 593 612 613 633 640 641 675 743 772 789 807 811 825 852 905 923 935 941 963 975 982 1041 1084 1088 1145 1152 1171 1232 1234 1286 1334 1349 1354 1369 1380 1385 1405 1418 1452 1455 1535 1567 1578 1666 1693 1694 1706 1727 1750 1816 1855 1865 1873 1891
102,C=CC=C1C(=O)NC(=O)c2cc(O)cc([N+](=O)[O-])c21,24 31 38 45 103 104 167 178 268 269 314 352 354 417 446 588 650 654 694 715 716 745 753 773 784 807 838 842 844 873 875 890 1060 1114 1120 1193 1195 1300 1331 1366 1380 1412 1416 1498 1518 1595 1602 1636 1645 1657 1681 1708 1747 1760 1772 1800 1858 1873 1963 1975
103,CCN(CC)CCCn1c(SC)nc(-c2ccccc2)c(-c2ccc(Cl)cc2)c1=O,80 81 116 130 154 161 197 216 251 294 310 323 335 378 389 394 457 471 504 561 578 606 614 620 624 650 665 682 718 736 747 761 801 802 816 881 896 904 928 932 935 955 958 1027 1057 1068 1070 1082 1088 1093 1133 1145 1160 1182 1199 1247 1268 1297 1331 1353 1357 1367 1380 1394 1406 1561 1577 1581 1582 1620 1624 1625 1669 1683 1713 1723 1747 1750 1855 1873 1911 1951 1981 1989 2028 2035 2040
104,CCCCCCCCN(CCN1CCCC1)C(=O)NN=NN=C1CCCC1,15 36 38 45 58 80 98 117 193 241 264 277 290 294 310 318 338 344 391 395 407 429 462 537 543 563 575 591 650 725 736 794 807 848 876 881 935 964 975 978 1009 1028 1057 1063 1076 1106 1116 1143 1145 1152 1177 1272 1293 1380 1421 1422 1444 1480 1482 1491 1499 1507 1562 1572 1615 1630 1669 1714 1723 1738 1744 1771 1791 1823 1833 1898 1899 1911 1913 1917 1921 1949 1951 1976 1986 1998 2002 2022
105,COc1cccc2cc(CN(CCN(C)C(=O)C3=CC4=CC=CC4=C3)C(=O)C3=CC4=CC3=C4)ccc12,5 14 51 80 81 84 134 192 198 207 249 283 302 310 334 340 345 354 389 402 414 427 499 507 547 579 587 650 673 695 697 742 762 776 792 796 807 811 836 841 862 866 875 881 944 949 972 978 991 1006 1020 1038 1039 1043 1057 1083 1085 1087 1088 1095 1106 1112 1139 1151 1163 1164 1174 1198 1221 1223 1249 1357 1380 1387 1410 1427 1499 1512 1536 1546 1547 1573 1580 1594 1637 1653 1677 1687 1693 1722 1733 1747 1750 1754 1808 1815 1835 1852 1855 1873 1917 1932 1970 2000
106,CN(C)c1ccc(N2CCN(Cc3ccccc3)C2=O)cc1,62 80 92 119 133 170 172 203 233 243 295 314 364 374 389 423 517 541 573 590 650 737 811 827 838 881 926 935 960 1014 1042 1049 1057 1058 1066 1088 1089 1096 1139 1162 1163 1199 1296 1362 1379 1380 1395 1457 1468 1480 1511 1578 1596 1608 1644 1675 1683 1691 1700 1701 1750 1754 1765 1788 1825 1827 1845 1866 1873 1898 1904 1956 1957
107,O=C(O)c1ccc(Br)cc1NC(=O)c1ccccc1C(Oc1ccc(O)cc1)=C(O)Br,29 49 67 69 280 322 332 360 389 392 410 425 445 456 465 485 486 526 529 577 636 650 670 671 695 717 718 722 728 745 766 796 807 845 847 875 908 909 917 947 987 1047 1088 1097 1152 1157 1199 1224 1261 1313 1349 1373 1380 1442 1446 1447 1518 1532 1579 1587 1602 1609 1623 1631 1721 1729 1750 1778 1785 1816 1873 1887 1906 1917 1927 1940 1941 1946 1951 1991
108,CCCCCN(CCn1nnn2c(C)cnc12)CC(C)C,1 48 71 80 96 101 105 107 158 241 246 251 283 293 294 360 378 412 538 559 591 614 644 649 693 711 713 794 809 818 821 877 881 883 937 960 1018 1047 1057 1087 1098 1129 1135 1145 1155 1195 1262 1274 1294 1303 1310 1361 1380 1409 1414 1444 1452 1469 1535 1581 1624 1669 1672 1683 1722 1774 1783 1784 1847 1860 1873 1877 1882 1911 1912 1951 1982 2024 2030
109,Cc1cccc(C(=O)NC(=O)C(N)c2ccccc2-c2ccc[nH]2)c1,1 38 74 95 146 176 186 237 253 267 333 352 353 414 463 486 493 503 526 560 573 581 583 615 627 650 698 709 738 764 786 805 806 807 808 816 837 859 875 883 909 923 925 930 933 984 1013 1021 1039 1047 1053 1055 1057 1076 1078 1088 1114 1119 1152 1171 1193 1199 1291 1309 1324 1380 1385 1400 1502 1506 1527 1559 1563 1589 1637 1687 1722 1733 1750 1761 1823 1863 1873 1885 1917 1985 1998 2015 2035
110,COC(=O)c1c(-c2nn3c(=NC#N)c4ccccc4n3c3c(Cl)cccc23)c2n(c1O)CCC2,0 11 45 53 80 145 172 218 221 272 281 309 323 366 378 389 438 463 530 561 573 579 586 643 650 667 674 695 710 724 733 782 790 807 818 819 841 906 923 926 935 974 987 999 1028 1033 1039 1057 1068 1071 1088 1096 1119 1138 1152 1176 1199 1285 1296 1300 1315 1347 1357 1380 1382 1384 1411 1422 1433 1440 1442 1480 1496 1518 1537 1573 1577 1602 1618 1633 1651 1676 1683 1738 1747 1750 1764 1766 1800 1855 1869 1873 1917 1956
111,O=C1CCSC(=O)N(C(=O)C2CCCC2)C2CCCN1C2=O,5 14 43 53 81 157 164 213 214 215 231 232 314 345 354 380 436 446 501 650 666 675 725 741 782 789 798 807 811 818 819 857 890 909 926 935 941 944 960 974 1019 1028 1035 1070 1121 1185 1301 1312 1325 1327 1331 1348 1357 1373 1380 1404 1448 1457 1465 1474 1480 1535 1550 1674 1691 1703 1738 1762 1801 1849 1917 1940 1979 2017 2046
112,O=c1ccsc2sc([nH]1)=NC(=Cc1cccc(C(F)(F)Oc3ccccc3)c1)N=2,14 63 81 96 114 152 159 162 281 305 314 319 322 356 378 389 399 422 430 459 513 527 548 554 562 574 602 650 675 694 695 829 856 875 935 936 953 1039 1040 1053 1088 1098 1103 1114 1179 1188 1199 1203 1210 1229 1280 1302 1335 1345 1353 1380 1382 1388 1392 1409 1417 1437 1453 1513 1563 1567 1583 1596 1611 1634 1647 1693 1717 1732 1745 1750 1753 1766 1790 1803 1838 1842 1858 1870 1873 1876 1884 1910 1918 1928 1962 1981 1984 1988 2017 2021 2033
113,N#Cc1ccc([N+](=O)[O-])c(Cl)c1N(CCCN1CCCNC1=O)Cc1ccc(F)cc1F,19 41 49 80 82 108 182 194 217 246 278 285 304 305 314 346 354 361 406 407 474 507 517 560 561 608 650 652 663 674 699 715 716 731 732 753 754 790 838 875 881 912 926 935 950 951 955 957 973 1011 1028 1085 1089 1114 1123 1136 1145 1150 1164 1195 1298 1302 1348 1349 1354 1380 1384 1399 1410 1415 1427 1480 1487 1498 1539 1540 1556 1582 1633 1645 1670 1683 1684 1687 1738 1741 1750 1781 1797 1840 1862 1866 1873 1884 1921 1928 1951 1963 1977 1997
114,CC(=Nc1nc2ccccc2n1C)c1ccc(C)nc1,30 45 105 141 150 210 233 280 289 295 317 335 343 344 357 370 378 391 412 546 564 638 640 651 673 689 725 747 771 782 807 852 935 954 962 1003 1017 1029 1043 1051 1057 1072 1088 1097 1145 1151 1199 1244 1275 1282 1285 1380 1385 1402 1418 1452 1504 1535 1613 1617 1644 1688 1697 1722 1750 1755 1768 1809 1829 1845 1855 1864 1873 1947 1990
115,Cc1ccc2n1C(=O)N(CCCCC1CCCCC1)C2=O,2 16 29 30 75 80 92 94 110 114 186 191 208 215 314 334 372 413 484 508 532 534 546 588 624 647 650 651 656 712 717 747 748 778 821 832 839 859 879 883 890 893 896 926 935 955 1019 1028 1057 1116 1145 1149 1183 1206 1225 1246 1291 1325 1354 1375 1380 1382 1411 1470 1530 1534 1596 1675 1692 1696 1722 1743 1750 1776 1802 1827 1841 1862 1873 1911 1919 1986 1993 2012 2032 2033
116,O=C(O)c1cc(S(=O)(=O)OS(=O)(=O)O)ccc1C(=O)c1ccccc1,9 67 77 80 115 173 186 199 235 269 294 319 332 350 373 384 389 454 456 464 469 592 650 695 701 715 804 807 828 831 875 892 912 915 940 955 997 1041 1043 1047 1088 1110 1111 1117 1129 1136 1197 1199 1206 1232 1351 1380 1385 1430 1438 1476 1510 1595 1678 1683 1685 1694 1750 1763 1775 1873 1912 1917 1985 1991 2005
117,COc1ccc([N+](=O)[O-])c(OCCN2c3cccc(c3)N(CCN(C)C)C(=O)c3ccccc32)c1,13 29 35 54 59 80 128 269 271 314 322 338 349 352 354 383 429 446 461 465 470 472 497 588 592 626 635 642 650 652 693 695 696 700 715 716 718 753 781 829 841 855 861 875 877 879 881 935 960 984 989 1006 1015 1039 1049 1057 1062 1088 1108 1145 1163 1175 1185 1195 1199 1232 1242 1295 1299 1334 1348 1380 1452 1469 1493 1504 1518 1528 1536 1624 1647 1650 1654 1688 1747 1750 1825 1832 1873 1914 1919 1951 1963 1970 1972 1978 1991
118,CCOC(=O)C=CBr,31 39 52 80 89 106 112 116 127 147 163 182 184 200 237 255 260 264 279 281 328 379 399 406 408 435 447 455 500 536 538 650 661 694 695 728 746 807 815 905 912 931 955 1003 1015 1057 1073 1200 1204 1238 1299 1304 1331 1385 1387 1399 1422 1437 1494 1555 1588 1654 1667 1668 1675 1722 1771 1782 1824 1917 1938 1955 1960 2009
119,O=C(NCCCCN1CCOCC1)c1cnc2ncc3cc3c12,8 10 15 39 65 78 80 93 138 197 268 295 304 317 319 327 354 378 414 486 518 523 592 600 606 607 615 640 650 653 656 664 667 694 709 721 737 770 797 807 810 837 853 857 875 893 903 926 930 935 950 952 953 1027 1052 1064 1145 1152 1168 1176 1220 1267 1317 1321 1357 1380 1405 1441 1452 1480 1482 1535 1599 1609 1683 1791 1820 1833 1835 1849 1855 1864 1873 1876 1896 1911 1914 1917 1984 1987 1991 1995 2021 2024
120,Fc1ccc(F)c(N=C2NCCS2)c1,18 157 216 229 237 250 265 270 305 328 394 440 495 530 586 622 638 675 679 698 699 725 750 772 789 791 848 874 875 893 897 904 923 926 936 1004 1027 1051 1095 1114 1188 1190 1220 1284 1299 1313 1357 1375 1380 1410 1418 1434 1487 1489 1549 1608 1659 1670 1691 1700 1750 1828 1834 1838 1840 1866 1871 1873 1914 1928 1970
121,O=C(O)COC(=O)c1ccc(-c2c3oc(=O)c4cc3oc24)o1,57 80 121 131 133 145 147 161 167 188 232 263 302 310 314 389 492 515 531 618 649 650 656 684 695 711 719 723 807 841 844 875 888 929 934 1020 1035 1146 1165 1171 1202 1281 1285 1351 1357 1380 1415 1424 1435 1440 1451 1468 1495 1504 1548 1571 1604 1632 1651 1737 1747 1750 1754 1757 1764 1781 1793 1808 1810 1851 1873 1883 1915 1917 1924 1937 1975 1997 2004 2044
122,FC(F)(F)C(c1ccccc1)=c1nc(N2CCCCC2)n2cccc12,2 24 45 95 114 127 195 231 268 277 278 334 345 378 389 407 490 507 546 578 600 633 643 655 680 699 757 795 806 807 915 916 926 972 988 1011 1028 1088 1101 1109 1144 1146 1199 1201 1253 1272 1275 1285 1306 1309 1365 1380 1385 1427 1453 1468 1480 1496 1533 1578 1613 1641 1680 1704 1750 1815 1834 1855 1857 1858 1873 1893 1928 1969 1985 1998 2011 2014
123,O=C(CN1CCCC1)NC=CC=c1sc2nc3ccccc3n12,9 38 41 45 80 93 104 145 162 184 237 238 252 272 289 319 357 378 432 458 531 548 601 647 650 675 698 772 790 807 861 881 890 900 913 926 935 942 962 978 990 1022 1028 1088 1097 1150 1152 1189 1199 1268 1285 1312 1380 1422 1425 1466 1480 1497 1512 1668 1750 1768 1787 1822 1839 1846 1855 1873 1881 1893 1913 1917 1920 1961 1998
124,CC(C)(c1cccc(C#N)c1)c1cccc2c(=O)c(C#N)cccc12,7 8 18 45 55 65 66 102 114 128 130 270 290 305 308 314 361 392 400 419 525 589 624 650 667 674 772 790 837 874 875 888 915 983 1026 1034 1039 1057 1062 1080 1088 1111 1122 1136 1147 1170 1252 1255 1322 1357 1372 1380 1384 1409 1417 1458 1460 1489 1573 1593 1626 1654 1689 1702 1729 1734 1745 1750 1794 1862 1873 1914 1957 1975 2017 2035
125,CC(C1=CC=C(Oc2ccccc2Cl)C1=O)c1cccc(Cl)c1,86 151 164 165 182 216 222 226 283 314 366 373 378 380 388 406 425 461 487 564 592 609 635 650 695 725 760 775 875 926 974 1011 1039 1057 1088 1167 1188 1199 1225 1249 1269 1301 1331 1359 1365 1380 1387 1394 1409 1410 1422 1476 1492 1497 1581 1594 1617 1639 1683 1693 1700 1750 1827 1873 1907 1970
126,OC(C=CC=Cc1ccccc1)=CC=Cc1ccccc1,31 119 320 380 383 389 415 422 432 478 501 518 603 612 636 692 694 698 774 807 835 878 904 906 934 947 1088 1132 1153 1199 1249 1265 1272 1274 1275 1287 1303 1312 1319 1340 1353 1380 1560 1580 1582 1631 1636 1669 1750 1767 1834 1873 1895 1979 1998 2026 2029 2033
127,Cc1cc(Cl)cc(Cl)c1Cc1nnc2n1CCCN2C,80 96 97 164 184 216 318 366 378 428 449 482 550 561 676 710 792 834 836 875 891 912 926 935 939 944 985 987 1021 1028 1056 1057 1083 1099 1121 1145 1153 1156 1164 1174 1209 1216 1296 1346 1350 1365 1380 1391 1414 1430 1435 1471 1480 1496 1529 1556 1620 1643 1683 1693 1694 1722 1747 1768 1826 1842 1866 1873 1974 2030 2034 2041
128,CC(C)(C)CCc1c(C(=O)OC(C)(C)C)nc2c3ccc(c4ccccc43)n12,12 21 45 80 85 114 115 137 145 231 246 263 268 310 371 373 378 392 393 422 446 467 483 486 490 493 545 548 558 577 588 609 648 650 675 685 692 695 703 718 727 755 778 782 801 807 824 898 914 932 935 987 995 997 1018 1057 1088 1140 1172 1199 1243 1250 1284 1289 1308 1356 1357 1380 1382 1392 1397 1423 1473 1475 1497 1560 1561 1573 1574 1584 1682 1696 1733 1750 1756 1773 1828 1855 1859 1873 1887 1890 1912 1917 1986 2021 2037
129,C=CC=C(c1ccc(F)cc1Cl)c1ccc(-c2ccc3c(C(=O)N4CCC4)c[nH]c3c2)oc1=O,67 86 119 121 127 181 199 248 250 275 314 350 362 366 369 404 471 473 495 501 512 514 524 561 564 567 601 639 650 656 694 699 720 763 764 784 806 807 820 875 896 926 935 942 954 1022 1028 1080 1083 1100 1114 1122 1137 1147 1150 1160 1163 1165 1254 1314 1319 1324 1325 1355 1357 1366 1380 1381 1410 1427 1439 1468 1480 1487 1504 1517 1560 1604 1621 1645 1650 1659 1670 1683 1702 1733 1750 1791 1873 1879 1917 1928 1937 1979 1991 2009
130,O=C(NC=CC=Cc1ccc(F)cc1)c1cnncn1,25 90 208 214 217 238 245 271 281 318 378 401 432 460 486 489 514 515 526 564 601 606 626 650 655 675 694 699 740 807 835 844 855 878 895 908 978 1008 1051 1064 1067 1081 1144 1152 1163 1312 1380 1410 1452 1475 1523 1535 1578 1605 1625 1647 1660 1668 1670 1750 1751 1768 1808 1842 1854 1873 1917 1928 1940 1979 2025 2029 2033
131,COc1ccc2c(NC(=O)C3CN4CCN3C4=O)ccc(OC)c2c1,1 20 52 60 92 93 94 134 160 189 226 241 249 314 322 379 399 407 408 485 509 513 531 532 609 650 686 689 695 718 732 738 739 781 807 811 824 841 875 888 914 926 933 935 993 994 1019 1057 1058 1065 1152 1169 1224 1248 1261 1288 1294 1338 1344 1357 1380 1387 1480 1508 1516 1536 1577 1605 1609 1637 1654 1692 1722 1733 1747 1750 1754 1816 1840 1856 1873 1886 1910 1917 1970 1972 1983
132,COC(=O)C(CCCSc1ccccc1)NS(=O)(=O)N1CCCCC1,1 2 13 27 54 62 80 116 147 263 316 336 341 349 350 375 379 389 437 471 507 539 585 650 679 695 713 739 742 747 807 811 827 831 841 858 924 926 935 1028 1048 1057 1088 1120 1152 1162 1182 1199 1227 1229 1344 1374 1380 1393 1434 1457 1473 1476 1480 1490 1545 1613 1642 1709 1750 1873 1911 1917 1921 1948 1998
133,O=C(O)c1cc(-c2cc(C(=NOc3ccccc3)c3ccccc3)cnc2C(Cl)=Cc2cccc(Cl)c2)ccc1O,9 61 69 96 165 199 216 255 312 314 322 352 353 378 386 389 427 431 440 456 488 490 504 561 562 590 592 650 661 685 694 695 725 738 775 801 807 842 843 856 867 875 878 881 896 929 1006 1039 1047 1051 1056 1065 1086 1088 1122 1145 1160 1166 1192 1199 1211 1212 1254 1273 1286 1287 1292 1315 1347 1353 1380 1385 1452 1475 1495 1523 1535 1563 1602 1607 1616 1629 1661 1683 1746 1750 1754 1768 1848 1871 1873 1878 1891 1915 1917 1938 1985 1991 2033
134,CCSc1ccc(C(=O)N2CCCN(C(=O)CC)C2=O)c2ccccc12,16 26 44 67 76 79 80 85 92 95 116 122 135 193 249 294 299 300 314 332 341 477 502 549 552 581 610 650 697 768 788 807 863 898 901 912 923 926 935 997 1009 1012 1018 1025 1028 1033 1037 1057 1080 1083 1086 1088 1114 1187 1199 1215 1323 1357 1367 1380 1387 1409 1456 1463 1470 1476 1477 1480 1482 1504 1573 1623 1663 1697 1734 1750 1795 1836 1862 1873 1875 1897 1906 1911 1917 1923 1942 1954 1991
135,COc1ccc(Nc2ccccc2NC(=O)Nc2ccsc2)cc1,14 44 56 61 67 110 133 167 191 319 322 361 371 387 473 490 491 503 552 557 573 596 609 613 650 672 675 695 718 725 731 781 807 819 831 841 843 881 959 987 993 1027 1032 1057 1065 1088 1119 1152 1198 1199 1214 1218 1224 1240 1272 1293 1380 1397 1524 1526 1536 1606 1635 1652 1696 1750 1769 1775 1784 1816 1820 1846 1873 1891 1892 1913 1914 1917 1919 1922 1989 1990
136,O=C1NC(C(=O)[O-])CSc2nc3cc1ccc3s2,11 53 83 93 99 113 142 157 162 243 301 314 332 355 362 378 472 481 518 522 566 570 602 675 704 705 715 722 729 731 745 781 807 840 852 875 885 896 920 926 927 948 963 980 985 1001 1019 1034 1053 1058 1063 1097 1114 1123 1160 1181 1199 1225 1226 1308 1326 1380 1392 1464 1478 1479 1657 1659 1700 1750 1755 1802 1828 1839 1873 1886 1910 1917 1981 2015
137,COC(=O)NCB(O)NC(=O)OC,0 13 16 57 67 80 206 271 412 447 480 500 510 579 596 598 622 650 666 695 795 807 841 851 856 957 971 980 1009 1057 1079 1152 1175 1195 1201 1270 1321 1346 1377 1389 1409 1419 1423 1494 1534 1537 1565 1617 1624 1625 1651 1682 1758 1774 1849 1852 1917 1924 1929 2035
138,C[N+](C)(C)CC(=O)OC(=O)C=CCCCCCCCCCCCCC(=O)[O-],23 25 31 80 107 124 146 167 178 181 189 319 345 384 391 400 401 414 433 439 487 488 534 547 592 628 640 650 661 662 694 695 703 714 715 735 775 785 807 847 857 862 897 898 925 930 955 983 1008 1024 1057 1073 1084 1129 1138 1143 1226 1242 1267 1340 1356 1386 1402 1404 1411 1440 1546 1564 1585 1606 1619 1701 1735 1746 1754 1759 1774 1814 1838 1892 1911 1916 1917 1932 1943 1949 2013 2020 2046
139,COC(=O)c1cc(N2CCCCC2)ncc1-c1ccc2c(O)ccc(OC)n2c1=O,2 45 64 145 195 217 314 349 351 352 378 391 407 419 492 504 519 527 536 548 613 623 650 678 680 695 696 721 741 743 757 786 807 841 869 875 877 906 926 935 936 994 1028 1057 1083 1086 1096 1124 1152 1175 1194 1222 1235 1296 1303 1325 1380 1452 1464 1475 1480 1504 1535 1536 1546 1562 1570 1602 1607 1691 1735 1750 1791 1817 1873 1874 1912 1917 1920 1948 1991 1998 2011 2021 2033
140,CCCC1CCCCC1N(Cc1ccccc1C)c1ncccc1-c1nnc(-c2ccccc2)[nH]1,3 28 36 80 158 189 226 232 242 253 259 268 283 294 298 308 352 378 389 415 448 451 476 489 492 507 514 517 528 560 564 586 673 686 694 703 716 736 743 794 810 832 881 890 926 981 982 984 1019 1028 1043 1057 1063 1088 1114 1153 1160 1164 1168 1175 1189 1199 1280 1295 1312 1325 1344 1349 1369 1380 1391 1417 1431 1450 1452 1522 1531 1591 1597 1609 1611 1632 1645 1666 1698 1722 1733 1745 1750 1785 1794 1866 1873 1875 1946 1958 1999 2025
141,COc1ccc2c(c1)C1(C)CCCN1C2=O,8 30 63 79 203 229 263 265 299 314 322 346 347 352 449 453 505 573 574 633 650 673 680 695 700 702 718 724 742 781 790 798 802 819 841 875 879 885 926 935 975 1028 1057 1060 1162 1173 1184 1225 1273 1274 1306 1380 1384 1395 1404 1424 1440 1441 1480 1507 1536 1541 1544 1546 1555 1557 1558 1571 1602 1622 1623 1679 1707 1710 1750 1811 1824 1870 1872 1873 1886 1890 1938 1947 1972 1980 2046
142,CC(C)(C)C1(C)c2ccc3c4ccc(oc(N=C(N)N)n2)c3ccc41,11 17 30 72 84 87 97 114 137 271 285 287 339 351 358 363 378 392 442 453 466 544 579 656 684 725 807 872 914 916 959 961 969 990 995 997 1057 1060 1094 1171 1262 1274 1296 1335 1343 1357 1375 1380 1391 1534 1589 1593 1604 1613 1632 1733 1750 1766 1807 1808 1810 1836 1855 1873 1883 1949 1980 1986 2043
143,O=C1N(c2ccccn2)CCC2CCCN12,3 68 92 93 282 314 347 368 378 388 436 446 448 511 518 527 530 555 609 634 641 649 650 664 678 684 706 771 844 847 854 878 879 914 926 935 938 1019 1028 1088 1131 1155 1157 1166 1199 1232 1271 1325 1380 1411 1452 1457 1459 1463 1474 1475 1480 1525 1534 1541 1586 1630 1637 1644 1650 1667 1750 1771 1866 1873 1900 1910 1970 1993 2000 2027
144,CN1CCCC1Cc1cccs1,1 14 20 55 80 201 241 287 366 383 387 440 446 458 486 502 515 523 562 572 601 628 656 675 710 725 821 839 926 931 935 961 1018 1019 1028 1034 1057 1085 1088 1145 1169 1256 1263 1303 1305 1325 1367 1380 1388 1450 1480 1552 1567 1589 1606 1734 1750 1764 1766 1780 1784 1847 1873 1887 1908 1963
145,COc1cccc(C(=O)NC(=O)n2c3ccc4c(ccc42)cc3[N+](=O)[O-])c1C(C)=O,24 45 71 93 129 148 151 166 185 203 218 239 249 319 354 356 364 384 466 486 498 553 586 588 603 609 650 695 714 715 716 733 753 761 807 808 830 836 838 845 875 914 928 935 1017 1039 1047 1057 1061 1088 1119 1152 1195 1221 1282 1357 1380 1410 1447 1499 1528 1531 1536 1581 1603 1604 1733 1750 1767 1777 1820 1855 1857 1873 1899 1900 1914 1917 1963 1970 1991 2000 2003 2021 2029
146,COC(=O)c1ccc(C(=O)Nc2ccccc2)c(-c2cc(OC)ccc2S(N)(=O)=O)c1,4 67 105 145 167 191 263 322 350 352 358 389 392 432 469 486 587 628 630 640 650 651 691 695 702 703 718 781 807 831 833 841 847 873 875 906 943 957 964 989 1036 1057 1077 1088 1119 1125 1152 1156 1158 1171 1185 1199 1219 1286 1295 1380 1385 1389 1452 1457 1474 1476 1487 1532 1536 1607 1644 1697 1750 1771 1791 1816 1842 1873 1917 1972 1978 1991
147,CC(=O)C(=CC=Cc1ccccc1)C(=O)O,11 70 78 154 297 331 389 432 436 446 631 636 650 660 671 682 721 745 762 774 807 826 835 848 853 878 887 988 1017 1057 1064 1088 1101 1199 1275 1280 1319 1352 1353 1380 1410 1426 1460 1497 1657 1723 1729 1750 1807 1873 1877 1917 2029 2033
148,O=C(Cn1cnnn1)NC(=O)NC(=O)Nc1ccccc1,40 41 55 80 86 118 129 142 186 191 200 202 246 257 281 294 336 354 378 389 490 500 520 529 560 650 651 688 703 718 739 747 764 772 793 806 807 932 935 941 961 966 1015 1055 1064 1077 1119 1152 1182 1189 1199 1285 1312 1338 1339 1366 1380 1394 1456 1536 1538 1542 1696 1750 1783 1816 1834 1847 1873 1917 1957 1961 1989 1990 2016 2027
149,O=S1(=O)OCc2c(Cl)cccc21,15 168 207 250 252 257 321 361 366 407 414 432 469 483 513 542 544 561 563 609 626 627 650 656 683 727 750 771 796 888 895 926 974 1026 1039 1064 1079 1088 1090 1144 1255 1267 1358 1380 1395 1428 1505 1528 1534 1535 1567 1593 1619 1624 1654 1683 1688 1713 1729 1750 1782 1809 1873
150,O=C(CCCCCCCCCCC[N+](=O)[O-])OC1CCCCC1,2 27 74 80 119 316 403 541 607 628 650 681 682 695 715 753 807 825 838 857 872 890 902 914 926 942 951 968 988 989 997 1019 1028 1032 1053 1126 1131 1143 1147 1234 1244 1267 1284 1325 1386 1399 1403 1410 1456 1457 1516 1564 1644 1712 1814 1864 1879 1911 1917 1963 1966 1988
151,N#Cc1c2nc(O)nc1N(c1ccccc1)C(NC(=O)CN1CCCC1)=N2,27 41 80 82 87 118 130 210 213 277 342 348 356 358 378 389 422 431 461 521 575 598 604 617 625 650 656 658 671 674 680 703 709 787 790 798 801 805 807 851 886 900 912 913 926 927 935 942 951 952 959 1028 1041 1049 1071 1082 1088 1127 1136 1152 1176 1199 1284 1312 1316 1343 1368 1380 1384 1402 1422 1480 1483 1515 1519 1565 1590 1594 1602 1641 1652 1686 1700 1750 1791 1816 1825 1855 1871 1873 1917 1920 1940 1998 1999 2040
152,Cc1ccc(C(=O)N(CCN(C)C)C(=O)C(=Cc2ccccc2Cl)Oc2ccc(O)cc2)cc1,67 80 125 159 210 225 235 279 288 322 340 366 390 411 441 445 561 579 587 625 650 652 659 693 694 695 718 744 745 796 807 881 899 928 950 961 974 988 1008 1057 1081 1088 1163 1195 1199 1221 1247 1291 1313 1337 1355 1377 1380 1385 1391 1446 1447 1453 1475 1502 1586 1602 1648 1659 1683 1697 1722 1743 1746 1750 1776 1778 1797 1810 1823 1851 1873 1904 1910 1917 1920 1922 1925 1940 1951 2007 2009 2031 2037
153,COC(C=Cc1cn2c(nc3ccccc32)s1)=CC=CN=C(C)N(C(=O)c1ccc(OC)cc1)C1CC1,31 45 119 162 166 188 238 289 290 322 354 357 378 387 432 456 463 464 468 531 534 559 579 587 624 639 650 668 675 680 685 694 695 718 725 726 734 781 798 807 809 831 835 841 843 881 886 915 926 935 948 991 998 1017 1019 1029 1036 1057 1065 1085 1088 1097 1152 1154 1181 1199 1221 1268 1272 1285 1289 1319 1325 1330 1363 1379 1380 1384 1385 1388 1435 1497 1504 1511 1514 1524 1536 1572 1601 1697 1724 1750 1820 1829 1855 1865 1873 1917 1953 1960 1969 1972 2000 2009 2014 2028
154,CN(CCNC(=CC=C(Br)Br)[N+](=O)[O-])CCOP(=O)=O,2 13 43 45 80 83 197 235 256 353 381 423 473 476 496 519 562 604 607 635 650 667 677 683 694 695 715 728 753 769 807 820 838 850 880 881 891 925 960 966 982 995 1007 1025 1036 1057 1103 1152 1163 1222 1229 1236 1249 1269 1272 1277 1319 1334 1350 1393 1401 1436 1467 1492 1493 1527 1537 1575 1630 1669 1745 1759 1875 1876 1885 1893 1951 1963 1989 2034
155,Cc1ccc2c(N3C(=O)N(Cc4ccccc4)C4CCC3C4)cccc2c1,40 60 80 92 117 211 229 235 274 279 280 303 314 338 389 394 436 471 515 518 565 603 616 641 650 723 727 741 786 813 822 836 875 891 914 915 926 935 939 977 1013 1019 1027 1039 1057 1065 1066 1082 1087 1088 1108 1112 1185 1198 1199 1203 1228 1294 1295 1325 1357 1376 1380 1389 1440 1453 1524 1579 1587 1618 1626 1647 1681 1683 1714 1721 1722 1733 1750 1754 1765 1783 1795 1805 1823 1855 1870 1873 1910 1922 1955 1970 1989
156,CCCCCn1c(SCC(=O)O)nc(C)c1C(=O)N1CCCCC1,2 7 64 80 92 116 151 179 294 341 351 355 369 378 384 575 591 598 650 665 741 747 749 781 794 802 805 807 834 861 893 915 926 935 942 954 960 1014 1018 1022 1026 1028 1057 1063 1072 1145 1195 1238 1339 1366 1367 1373 1380 1412 1420 1444 1458 1464 1469 1480 1534 1620 1629 1651 1655 1722 1732 1737 1747 1815 1839 1855 1861 1885 1911 1917 1957 1959 1969 1998 2005 2009 2010
157,COc1cc(F)ccc1C=Cc1ccccc1O,6 56 59 60 66 113 133 181 204 224 249 255 281 335 339 372 388 432 441 507 522 552 601 618 642 688 694 695 699 758 789 807 835 841 844 875 961 962 978 979 1057 1063 1088 1097 1199 1200 1227 1238 1268 1336 1354 1380 1385 1410 1432 1456 1460 1485 1487 1524 1536 1602 1607 1608 1670 1705 1714 1728 1750 1755 1800 1831 1873 1904 1928 1948 1970 1996
158,CC(C)=CCCCCCCCCCCCP(=O)(O)OP(=O)=O,27 45 57 80 105 119 122 146 192 253 264 314 318 321 333 353 378 396 401 479 486 548 569 635 650 673 694 695 717 783 807 814 839 863 879 900 915 928 952 1017 1018 1055 1057 1070 1112 1143 1257 1390 1440 1452 1457 1492 1496 1532 1539 1574 1582 1621 1654 1663 1681 1721 1735 1790 1837 1838 1857 1892 1911 1913 1917 1919 1952 1964 1995
159,NN=C(c1ccc(Cl)cc1)c1ccc(Cl)c(Cl)c1Cl,53 67 79 97 117 166 216 275 350 358 366 382 400 420 440 464 478 540 561 597 599 631 666 701 717 725 731 797 807 816 960 982 1011 1050 1070 1149 1171 1177 1202 1255 1269 1347 1350 1380 1385 1395 1445 1449 1473 1511 1541 1589 1612 1643 1683 1697 1750 1859 1873 1878 1902 1975 1991 1992 2008 2017
160,O=C(OCCCC(=O)N1C(=O)CCC1=O)c1cccc(-c2ccccc2)n1,13 145 147 314 378 389 390 461 471 525 526 578 595 632 650 651 695 701 736 742 771 772 777 798 807 837 855 926 935 980 989 1009 1012 1027 1039 1054 1062 1088 1160 1199 1219 1248 1320 1343 1380 1426 1428 1456 1496 1508 1564 1592 1639 1724 1734 1738 1750 1842 1845 1851 1855 1872 1873 1911 1917 1971 2013 2026 2036
161,COC(=O)CC(=O)c1csc(-c2cccc(F)c2)n1,5 23 52 57 80 157 161 194 195 200 213 230 233 258 278 280 286 325 378 380 410 414 460 518 552 553 650 657 664 675 695 699 736 807 841 855 868 873 875 901 943 959 960 1001 1034 1039 1057 1071 1088 1092 1105 1152 1160 1175 1239 1266 1292 1317 1367 1380 1386 1432 1468 1487 1501 1567 1587 1654 1670 1693 1729 1740 1750 1854 1855 1873 1917 1928 1934 1954 1973 1986 2012 2021 2023
162,N#CN=C(C(C#N)=C1Cc2ccccc2N1c1ccccc1)N1CCCCC1,1 2 8 26 85 152 170 207 300 349 357 369 389 391 395 443 460 480 493 552 577 625 674 713 716 725 735 788 790 803 807 850 925 926 935 960 972 984 999 1028 1049 1088 1114 1129 1145 1176 1197 1199 1236 1287 1295 1297 1329 1380 1383 1384 1448 1480 1547 1564 1575 1577 1622 1630 1647 1691 1708 1750 1766 1801 1808 1815 1825 1829 1840 1848 1873 1876 1998 2009 2019 2023
163,CCCN(CCNC(=O)c1ccccc1)c1c2ccc3c(nc(C)nc13)N2,8 57 74 80 103 105 138 159 197 204 265 289 294 333 378 388 389 407 419 436 486 495 496 515 526 530 541 569 620 625 633 650 667 695 760 763 772 782 789 794 807 842 847 864 881 939 949 957 1002 1057 1060 1082 1086 1088 1114 1126 1131 1142 1152 1187 1189 1194 1224 1277 1290 1308 1357 1360 1364 1376 1380 1385 1407 1426 1470 1490 1552 1599 1665 1686 1687 1692 1722 1724 1729 1733 1750 1761 1855 1873 1951 1966 1982 1985
164,C=C1C=C1S(=O)(=O)N1C(=O)C2OC3CCCCCCC(CC(C)(C)C)CC2C31,2 5 11 13 29 33 35 71 80 84 113 114 172 178 214 228 263 292 312 314 318 348 350 366 392 395 424 431 482 484 537 564 568 619 622 650 656 729 737 739 748 764 800 810 890 898 910 926 935 961 987 997 1019 1026 1028 1049 1057 1083 1088 1103 1292 1325 1345 1366 1380 1426 1443 1463 1476 1496 1664 1700 1729 1770 1776 1819 1840 1916 1921 2044
165,Cc1csc(Nc2nc3ccccc3s2)n1,2 117 162 204 246 260 269 289 372 378 385 411 414 453 461 465 491 552 556 557 605 641 664 667 675 679 716 888 911 951 962 980 983 996 1000 1055 1057 1077 1079 1088 1097 1152 1180 1199 1224 1360 1380 1475 1521 1524 1567 1568 1588 1607 1611 1620 1683 1714 1722 1731 1750 1855 1873 1911 1913 1916 1924
166,COc1ccc(NCCN2CCCCC2)c(C(=O)N2CCN(S(=O)(=O)c3ccc(Cl)cc3)CC2)c1,2 34 39 58 80 100 154 179 216 249 268 305 319 322 328 329 350 356 362 366 370 374 391 447 466 561 585 650 652 660 667 677 694 695 706 714 715 718 754 757 781 782 794 796 800 807 826 841 858 875 899 926 934 935 942 958 982 1018 1028 1057 1070 1135 1145 1152 1163 1166 1203 1224 1270 1298 1380 1402 1416 1422 1476 1480 1482 1504 1518 1536 1589 1664 1683 1686 1733 1750 1791 1818 1856 1873 1917 1972 1991 1998 2009
167,CCOC(=O)CCSc1cc2cc(c1OC)Oc1ccccc1-2,46 51 80 116 160 177 193 244 271 272 294 295 332 333 341 352 475 495 558 596 624 650 657 664 677 695 729 733 807 841 875 915 984 1025 1035 1088 1151 1160 1177 1182 1199 1238 1276 1292 1347 1374 1380 1386 1414 1452 1481 1492 1520 1536 1564 1593 1599 1639 1645 1649 1658 1722 1735 1750 1783 1805 1810 1834 1838 1859 1865 1872 1873 1905 1917 1939 1987 1995 2006 2033
168,O=C1OCC(CCCCCCN2CC(CCOC(=O)C3=CCC(C(=O)O)C(Cl)=C3)OC2=O)O1,13 18 26 53 61 80 84 87 98 145 147 165 219 263 265 283 286 314 321 334 339 348 363 384 387 389 433 441 449 459 482 486 507 561 598 599 606 608 650 655 656 691 695 739 749 750 807 832 848 893 926 935 951 973 1000 1053 1064 1070 1089 1134 1143 1145 1164 1228 1241 1283 1365 1380 1386 1391 1399 1411 1423 1431 1464 1467 1478 1481 1545 1546 1592 1683 1749 1763 1781 1812 1839 1873 1874 1911 1917 1923 1995 2001 2031 2033
169,CC(=O)N(CCSc1ccc(Cl)cc1)c1cccc(Cl)n1,10 13 35 80 116 129 140 184 216 259 300 341 365 378 415 458 561 650 783 807 811 816 881 928 936 976 1000 1039 1047 1057 1065 1070 1088 1115 1154 1182 1203 1227 1237 1255 1380 1482 1494 1511 1534 1575 1578 1588 1594 1636 1662 1683 1750 1758 1835 1855 1872 1873 1889 1917 1951 1953 1978 1981 1994 2002 2008 2033
170,COc1ccc(Cl)c(Sc2c3n(c(=O)[nH]c2=O)CCO3)c1,27 29 38 116 148 172 219 228 272 281 314 322 366 395 399 415 421 422 441 456 507 533 552 561 566 567 572 592 613 624 638 646 650 656 666 674 695 718 750 758 781 841 870 875 913 926 935 950 995 1025 1057 1114 1117 1176 1182 1204 1253 1259 1265 1339 1362 1380 1396 1423 1469 1480 1496 1536 1549 1563 1566 1593 1605 1629 1645 1653 1654 1666 1683 1692 1716 1745 1750 1835 1851 1858 1871 1873 1882 1907 1921 1972
171,CNS(=O)(=O)C=Cc1cc(Nc2cc(C#N)c3ccccc3c2)ccc1Cl,32 81 191 192 195 211 286 329 350 366 378 393 491 539 561 565 633 639 650 666 674 694 718 732 749 790 798 831 833 835 836 843 875 879 904 943 961 965 969 1057 1087 1088 1107 1133 1136 1152 1194 1195 1199 1234 1325 1355 1357 1361 1379 1380 1384 1387 1388 1430 1468 1476 1518 1524 1546 1572 1573 1619 1627 1646 1653 1683 1745 1750 1789 1836 1844 1855 1862 1873 1878 1915 1920 1934
172,COc1cccc(S(=O)(=O)c2ccc(C)ccccc3cc4nc-3sc4s2)c1,31 36 45 129 162 174 223 235 247 291 319 322 325 350 378 389 432 466 490 518 534 535 562 575 593 595 609 650 675 695 707 734 736 742 752 781 829 835 841 875 920 934 1039 1055 1057 1088 1097 1117 1146 1160 1199 1212 1258 1297 1371 1380 1466 1476 1478 1497 1521 1536 1538 1561 1571 1586 1617 1722 1750 1777 1823 1837 1855 1873 1920 1924 1934 1939 1949 1972 1995
173,O=C(c1ccccc1)N1CCN(C(=O)c2ccccc2)C(C(=O)N2CCN3CCC2C3)C1,60 90 106 126 133 184 185 242 341 389 451 462 471 487 497 531 557 564 572 612 622 650 686 712 729 739 771 777 807 847 878 925 926 935 1019 1056 1088 1199 1212 1325 1330 1357 1380 1385 1388 1419 1420 1430 1473 1480 1504 1511 1535 1553 1573 1576 1589 1602 1606 1628 1656 1694 1730 1750 1834 1860 1873 1910 1917 1945 1985 2009 2025
174,NC1=NC2=CC=C3C=CC=CC3(N1)SC(N)=N2,29 68 75 103 146 173 198 231 252 374 378 387 398 440 478 496 547 567 596 597 604 623 624 675 676 687 766 787 858 862 878 884 905 912 927 928 980 1060 1068 1093 1114 1129 1155 1171 1227 1237 1249 1307 1312 1376 1380 1386 1387 1457 1460 1486 1492 1535 1578 1591 1623 1644 1655 1667 1727 1728 1733 1765 1783 1800 1803 1860 1866 1873 1877 1894 1907 1998 2030 2031
175,CCN(C(C)=O)C(=O)c1ccc(Br)c(OC)c1,80 93 106 127 155 158 249 270 294 334 352 354 428 429 451 573 588 615 623 645 650 665 673 695 707 717 728 807 828 833 841 855 875 881 906 917 932 951 1017 1057 1107 1138 1221 1225 1290 1301 1325 1352 1357 1380 1385 1387 1401 1417 1432 1510 1523 1536 1588 1631 1648 1685 1697 1750 1757 1802 1814 1817 1873 1917 1948 1957 1969 1970 1984 2031
176,CCN1c2ccc(-c3cccc(=O)n3CCCCCCCN(C)C)c1n2,34 80 130 132 146 202 232 240 256 294 307 314 331 352 378 450 527 573 584 609 635 650 652 680 685 693 700 717 729 741 757 767 774 802 873 879 881 893 914 935 946 1015 1039 1042 1057 1088 1141 1143 1145 1163 1172 1204 1249 1277 1309 1380 1458 1515 1560 1569 1574 1576 1620 1648 1669 1692 1693 1750 1782 1855 1873 1881 1883 1900 1911 1931 2010
177,C=C1SC=CC=C1OC,35 96 98 141 188 190 238 341 354 370 391 548 551 589 617 620 675 693 695 725 744 755 789 841 862 888 1042 1044 1057 1104 1113 1143 1172 1249 1307 1330 1366 1374 1380 1391 1452 1536 1577 1615 1627 1628 1635 1645 1653 1672 1675 1697 1718 1825 1834 1861 1873
178,CC(C)=C(C(=O)OCCCCCCCCCCC(=O)O)[N+](=O)[O-],1 13 80 120 147 161 167 224 230 232 262 350 388 389 452 459 473 561 650 655 695 699 715 753 766 807 838 848 855 867 905 906 926 1005 1017 1052 1057 1110 1143 1187 1203 1249 1253 1256 1262 1267 1287 1330 1371 1386 1453 1481 1564 1609 1650 1664 1701 1728 1734 1737 1767 1772 1807 1818 1819 1826 1845 1864 1866 1911 1914 1917 1953 1963 1982 1995
179,CN(C)C(=S)c1ccccc1OC1=CC=C2C=c3cccc(Cl)c3=C21,8 41 61 73 84 97 110 183 320 366 371 440 461 527 548 561 562 576 583 601 628 695 696 725 760 791 794 807 809 864 881 912 930 933 944 958 960 974 986 1016 1020 1057 1088 1097 1162 1163 1181 1199 1249 1312 1326 1335 1344 1350 1378 1380 1384 1410 1411 1440 1447 1452 1468 1492 1546 1580 1594 1617 1641 1650 1653 1683 1698 1718 1747 1749 1750 1768 1839 1873 1970 1991 2035 2041 2046
180,O=C(NC1CCN(Cc2ccccc2)C1=O)N1CCCCCCC1,2 5 41 80 129 162 218 242 278 284 285 298 369 374 387 389 438 481 554 563 596 632 647 650 760 768 807 926 935 951 1019 1023 1028 1045 1088 1089 1092 1096 1124 1152 1199 1246 1252 1315 1325 1380 1382 1422 1461 1468 1480 1502 1549 1571 1604 1637 1669 1696 1712 1747 1750 1754 1765 1785 1798 1834 1873 1917 1918 1936 1979 1998 2000 2009
181,CCCN(C(=O)NC(=NC1=C(OC)c2ccccc2NS1(=O)=O)OC)c1ccc(OC)cc1,0 16 80 171 193 196 219 227 231 294 322 343 352 353 409 430 447 469 545 567 578 636 650 661 695 718 725 741 781 783 794 807 831 840 841 858 881 930 960 968 984 998 1000 1014 1036 1057 1080 1088 1094 1096 1114 1119 1122 1152 1174 1198 1199 1221 1229 1245 1264 1272 1353 1377 1380 1392 1423 1446 1456 1470 1472 1487 1522 1533 1536 1555 1593 1605 1613 1635 1643 1686 1694 1698 1700 1703 1726 1728 1746 1750 1761 1774 1781 1786 1805 1849 1858 1873 1917 1949 1951 1982 2010 2026
182,CC(=O)CCN(Cc1ccccc1)S(=O)(c1ccc(C)cc1)(c1ccc(Cl)cc1)N1CCCC1,2 4 6 23 26 50 52 80 190 216 235 238 312 320 342 347 389 408 420 486 507 546 557 561 578 620 650 664 736 742 768 778 807 816 830 833 838 881 926 935 942 948 952 967 1013 1017 1028 1057 1066 1070 1088 1147 1199 1226 1245 1289 1317 1380 1395 1414 1480 1497 1550 1553 1564 1571 1573 1586 1619 1621 1683 1722 1750 1754 1823 1843 1854 1873 1917 1920 1951 1965 1967
183,CCCN(C(=O)c1ccccc1OC)C(=O)C(C)(C)C,66 78 80 108 114 118 229 235 249 270 273 291 294 324 332 354 368 392 427 430 621 650 658 664 667 695 781 794 807 821 841 881 928 1002 1009 1039 1057 1058 1088 1116 1135 1138 1166 1199 1221 1267 1364 1380 1389 1410 1437 1447 1449 1478 1481 1516 1521 1536 1542 1593 1603 1635 1648 1675 1689 1741 1750 1761 1812 1824 1873 1900 1917 1923 1937 1951 1958 1964 1970 1991 2046
184,COC(=O)c1cc(C(=O)c2cc(OC)cc([N+](=O)[O-])c2)ccc1C(=O)OCC1OC(C)C(OC(=O)c2ccccc2)C1O,2 9 20 28 58 67 80 105 121 145 147 163 220 295 312 322 346 350 352 375 389 443 446 482 500 555 579 594 606 610 615 621 646 650 656 695 715 722 729 753 765 776 781 823 838 841 854 875 906 936 938 1019 1053 1057 1088 1126 1136 1139 1145 1152 1195 1199 1218 1220 1257 1274 1309 1319 1332 1361 1380 1384 1385 1388 1389 1487 1509 1530 1536 1545 1615 1673 1678 1685 1687 1697 1728 1750 1759 1769 1786 1809 1818 1841 1873 1878 1917 1921 1950 1960 1963 1985 1991 2007
185,CC1=CC2=C(C(=O)[O-])C(C(C)(C)C)C3CCCC2(C)C3(C)C1,4 58 59 63 84 114 117 153 165 262 264 267 295 318 332 381 392 418 470 493 511 519 591 650 652 663 664 715 779 789 807 813 831 837 899 912 926 940 969 971 979 987 1012 1019 1028 1057 1060 1134 1159 1162 1216 1226 1274 1311 1325 1357 1380 1436 1446 1469 1536 1568 1618 1722 1780 1836 1873 1906 1917 1951 1979 1991
186,CC(C)OC(=O)c1nc(N)c2ccccc2c1C#N,1 48 69 71 77 106 126 139 145 177 202 213 227 278 283 343 358 378 449 481 490 501 535 555 557 585 650 674 678 695 717 751 756 780 790 807 810 847 878 885 888 900 987 1040 1042 1054 1071 1088 1106 1136 1171 1172 1199 1236 1257 1336 1357 1366 1380 1384 1395 1414 1427 1457 1459 1463 1507 1522 1573 1653 1686 1748 1750 1772 1774 1808 1828 1855 1873 1917 1968 1978 1997
187,COc1cccc(S(=O)(=O)N(CCOCCCN2C(=O)c3ccnc2n3)c2ccccc2OC)c1,4 13 50 51 80 188 239 249 314 319 322 350 378 402 460 552 562 575 588 599 635 650 679 691 695 707 756 781 785 787 815 830 841 875 879 881 882 935 980 1039 1052 1062 1063 1077 1085 1088 1145 1160 1199 1207 1256 1325 1339 1362 1380 1410 1446 1452 1470 1476 1496 1536 1549 1659 1660 1684 1712 1750 1834 1841 1855 1859 1866 1873 1877 1884 1911 1916 1920 1951 1970 1972 1992 2018
188,COc1c(Oc2ncc(C=C3C=NNC3=O)n2-c2ccccc2)cc(Cl)cc1C(F)(F)F,35 42 58 99 114 143 149 181 216 249 262 281 297 314 333 378 389 412 419 437 501 535 541 561 580 598 606 628 650 694 695 709 733 780 809 821 840 841 859 875 903 935 984 1036 1049 1057 1078 1088 1111 1114 1116 1128 1139 1146 1182 1199 1221 1244 1261 1329 1380 1448 1452 1453 1515 1535 1536 1566 1599 1617 1657 1660 1683 1720 1747 1750 1757 1787 1825 1867 1873 1881 1928 1950 1967 1969 1993 2000 2027 2047
189,CCOc1ccc(C(=O)NCCN2CCCCC2)cc1,2 8 22 25 32 69 80 102 104 152 167 177 197 233 237 265 283 286 294 322 325 353 486 511 579 586 593 650 655 667 675 695 714 718 729 770 807 826 845 848 865 885 893 926 935 946 1028 1057 1145 1152 1213 1238 1239 1266 1276 1287 1313 1356 1358 1380 1413 1422 1452 1480 1482 1486 1493 1588 1642 1643 1665 1689 1697 1750 1791 1845 1873 1890 1917 1920 1987 1998 2002 2010 2029 2039
190,CN(C)CCCNCCN1C(=O)n2c3ccccc3n3nc1nc23,21 37 45 80 92 105 136 173 183 226 265 270 314 329 340 378 383 412 415 473 584 588 650 652 667 693 708 762 771 813 826 881 896 911 935 946 958 1004 1009 1057 1088 1141 1145 1152 1163 1199 1216 1231 1256 1285 1294 1302 1318 1322 1330 1380 1403 1455 1513 1520 1549 1571 1597 1603 1649 1666 1676 1750 1763 1855 1873 1893 1911 1951 1954 1956 1993
191,CC(C)CCN1C(=O)C2CN(CC(C(C)C(=O)Nc3nc4c(=O)c(s3)=CC=4)C2C(C)(C)C)C1=O,1 5 75 80 81 92 162 179 186 209 212 236 258 278 283 314 317 339 341 346 351 377 378 385 389 392 407 455 462 525 573 588 601 609 619 650 675 678 712 739 749 757 807 809 824 835 859 870 879 907 918 926 935 985 1019 1049 1054 1057 1071 1085 1125 1145 1152 1167 1191 1224 1242 1245 1249 1264 1299 1327 1344 1371 1380 1431 1452 1484 1486 1508 1515 1589 1599 1614 1618 1644 1721 1749 1768 1816 1847 1855 1857 1860 1873 1890 1897 1917 1950 2016 2022 2036
192,COc1ccc(Cl)cc1-n1c(=O)c2sc1nc2Nc1cccc(N2CCCCC2)c1,1 2 24 94 95 130 131 162 165 191 200 216 249 266 314 329 378 396 407 476 491 496 504 514 535 560 561 574 633 650 668 675 680 687 703 708 765 774 784 785 816 819 841 858 875 888 916 926 935 942 1000 1024 1028 1039 1043 1049 1057 1066 1088 1134 1143 1152 1192 1207 1219 1225 1257 1272 1282 1295 1387 1399 1450 1480 1536 1546 1558 1573 1577 1599 1619 1624 1654 1683 1729 1750 1793 1808 1825 1855 1866 1868 1873 1917 1939 1952 1961 1970 1973 1976 1992 1998 2037 2039
193,CC(C)C(=NN=C1C=CC=C1)c1ccc(Br)cc1,1 10 74 181 206 283 301 303 326 448 463 464 499 534 545 546 547 573 575 578 583 613 629 631 632 685 705 707 721 725 728 758 807 810 824 862 871 878 909 953 973 1057 1153 1157 1162 1197 1317 1318 1349 1380 1385 1387 1449 1481 1496 1527 1553 1563 1591 1631 1638 1649 1658 1661 1666 1697 1714 1750 1775 1820 1873 1882 1976 1987 2016 2032
194,CSC(C)(C)NC(=O)N1CCN(C)CC1,14 43 58 67 92 99 101 114 116 123 126 138 166 207 213 218 249 300 318 354 392 394 402 419 491 528 650 679 680 706 710 798 807 820 838 926 931 935 1014 1031 1032 1057 1089 1095 1096 1106 1145 1152 1194 1198 1202 1236 1308 1319 1424 1468 1480 1500 1517 1541 1589 1600 1617 1627 1773 1782 1841 1853 1917 1951 1980 2009 2029
195,S=C1CSc2c(sc3ccccc23)Sc2ccccc2S1,71 74 97 123 135 157 162 179 215 304 326 331 349 374 396 397 461 493 495 549 601 610 615 619 638 675 793 833 859 885 926 949 989 992 1029 1062 1071 1085 1088 1099 1140 1199 1289 1297 1338 1357 1380 1425 1462 1495 1534 1573 1579 1583 1598 1605 1624 1685 1703 1717 1719 1744 1750 1773 1849 1873 1902 1943 1973 2044
196,CCCOc1ccc2c(C(=O)[SiH2]CCC)cc3ccccc3c2c1,13 25 27 47 60 76 80 107 270 282 294 299 322 330 345 385 409 495 536 538 576 641 650 695 698 718 722 734 763 774 781 782 794 807 831 836 846 870 875 877 985 1002 1034 1057 1087 1088 1157 1199 1235 1246 1304 1324 1357 1364 1380 1406 1411 1431 1452 1458 1465 1501 1538 1560 1573 1603 1616 1627 1655 1665 1722 1733 1749 1750 1791 1819 1824 1855 1873 1888 1909 1917 1928 1991 2037 2039
197,N#[N+]c1cc(Cl)ccc1SCCCCCCCCc1cccc2cc(F)ccc12,80 104 116 122 136 147 165 210 216 227 253 279 341 379 446 487 549 561 649 699 755 756 767 789 799 814 816 836 838 853 875 898 924 953 957 981 1025 1033 1039 1052 1087 1088 1143 1153 1182 1184 1243 1298 1310 1349 1361 1374 1380 1384 1395 1410 1477 1487 1514 1527 1563 1587 1597 1612 1645 1653 1670 1683 1716 1733 1750 1762 1781 1812 1855 1873 1900 1905 1911 1928 1940 1950 2027
198,COc1cccc2-c3ccc(cc3C)-c(O)=c(C(=O)O)-n-2c(=O)c2cc(ccc1)ccc2OC,3 49 59 66 72 94 101 126 138 177 188 204 223 249 302 311 314 319 322 352 376 384 389 456 459 470 504 562 571 582 648 650 680 687 695 713 729 781 782 797 807 828 831 835 841 875 885 896 899 935 936 937 949 1027 1039 1057 1063 1088 1106 1131 1155 1160 1173 1291 1301 1328 1357 1364 1380 1389 1391 1424 1486 1512 1536 1602 1605 1637 1675 1701 1722 1750 1753 1762 1764 1845 1873 1915 1917 1970 2023
199,CC(C=Cc1ccc(F)cc1)=CC(=O)c1ccccc1,20 25 31 45 47 90 131 143 278 290 350 389 427 430 432 513 531 565 603 616 635 647 650 694 699 726 762 807 821 835 849 878 891 961 1017 1021 1044 1057 1088 1095 1108 1113 1120 1177 1199 1230 1250 1288 1300 1308 1312 1380 1385 1410 1475 1512 1547 1667 1670 1684 1742 1750 1775 1794 1853 1873 1903 1917 1920 1928 1941 1947 1985 2011 2039
200,CN(C(=O)c1ccccc1)c1nc2ccncc2s1,6 34 54 119 122 123 162 185 242 304 354 369 378 387 389 433 442 473 486 506 515 522 545 551 557 587 590 599 617 642 650 658 675 706 728 739 807 843 856 881 885 954 964 1057 1075 1088 1097 1111 1125 1151 1163 1185 1199 1208 1211 1221 1241 1245 1262 1380 1385 1442 1520 1535 1549 1586 1603 1658 1714 1750 1786 1806 1814 1818 1855 1866 1873 1886 1907 1917 1958 1985 1993
201,CCN(C)P(=O)(Oc1ccccc1C)c1ccc(N(C)C)nc1-c1ccccc1,24 80 138 192 284 294 300 315 317 323 378 389 422 450 471 477 485 486 507 586 650 676 695 736 767 881 892 920 925 932 948 1016 1047 1052 1057 1088 1092 1126 1160 1163 1198 1199 1215 1303 1355 1363 1380 1391 1410 1429 1473 1498 1515 1519 1539 1610 1680 1700 1722 1737 1741 1745 1750 1780 1804 1826 1855 1873 1918 1942 1962 1970 1999 2001
202,C#CC(=O)N1CCN(CCCCCCCCN(CC(=O)O)C(=O)c2ccccn2)C1=O,33 34 80 92 186 192 197 206 222 234 248 279 295 306 314 354 358 367 368 371 378 380 389 390 448 463 471 481 482 498 504 514 522 536 551 552 565 593 605 611 645 650 674 688 693 757 807 855 878 881 893 915 926 935 951 967 974 978 1002 1004 1088 1089 1141 1143 1145 1155 1189 1190 1199 1221 1241 1272 1294 1295 1366 1380 1387 1452 1462 1480 1510 1518 1549 1552 1589 1635 1669 1672 1693 1735 1737 1750 1774 1820 1861 1866 1870 1873 1883 1911 1917 1928 1951 1973 1987 2037
203,COc1ccc(C(=O)OC2CCCC2OC(=O)OC(C)(C)C)cc1OC,17 94 114 140 141 145 147 176 179 231 245 249 267 302 337 352 387 392 428 469 474 488 567 570 580 590 650 695 714 739 760 798 807 840 841 875 881 918 926 962 1019 1028 1057 1063 1126 1149 1158 1245 1273 1282 1325 1380 1385 1449 1502 1525 1536 1574 1629 1640 1697 1750 1803 1814 1818 1844 1859 1873 1893 1908 1917 1970 1975 2021 2026
204,COc1ccc2c(C)ccc(NC(=O)CC3CCCOC3=O)c2c1,25 35 41 56 60 80 110 202 224 259 314 322 409 441 460 468 541 566 580 596 600 625 650 656 695 699 702 766 781 806 807 841 846 852 854 875 901 906 926 941 948 950 959 1004 1019 1028 1057 1112 1132 1152 1153 1157 1202 1224 1234 1260 1300 1325 1330 1357 1380 1387 1391 1397 1464 1466 1468 1515 1527 1536 1604 1611 1618 1620 1622 1658 1691 1703 1722 1733 1737 1750 1805 1816 1856 1873 1917 1947 1948 1972 1986 2015
205,O=C1CCCCC(C2CC(=Cc3ccc(F)c(Cl)c3)C3=CC(=O)N2C3=O)N1,25 38 84 90 118 139 140 216 229 231 257 280 281 301 310 314 322 325 337 366 395 409 431 465 477 478 497 513 525 561 585 597 646 650 664 694 699 704 723 725 756 787 813 829 844 875 879 890 899 909 922 926 935 943 1019 1028 1077 1108 1114 1167 1190 1232 1241 1258 1260 1283 1319 1325 1327 1369 1380 1382 1464 1485 1488 1545 1551 1570 1575 1637 1683 1689 1738 1750 1805 1840 1865 1873 1922 1928 1949 1955 2005 2033
206,CCCN(C(=O)C(C)(C)C)c1cccc(C(=O)N2C(=O)C3CCCB(OC(C)=O)N3C(=O)C2CC)c1,5 12 21 32 38 72 80 86 114 231 270 288 291 294 314 379 382 392 393 406 487 512 534 564 575 610 618 632 650 666 695 783 794 807 857 860 875 881 906 926 935 947 956 975 1012 1017 1019 1028 1035 1039 1057 1062 1082 1088 1096 1118 1174 1181 1221 1242 1283 1302 1325 1349 1380 1385 1402 1415 1454 1459 1461 1478 1497 1504 1513 1555 1577 1586 1616 1626 1663 1689 1714 1734 1750 1756 1761 1816 1854 1873 1896 1903 1917 1928 1951 1964 1971 1985 2023 2046
207,CN(C)c1cc(Cl)ccc1N1CCCCC1,2 58 69 71 120 165 186 216 231 240 273 321 407 411 484 561 636 671 680 686 816 852 861 875 881 926 965 996 1028 1042 1057 1070 1082 1149 1163 1176 1184 1264 1295 1327 1370 1416 1477 1480 1537 1542 1575 1576 1582 1583 1617 1683 1700 1726 1728 1750 1806 1873 1884 1889 1915 1935 1985 1998 2006 2018
208,COC(=O)C(C)(C)OC(=O)c1ccc(OCCC(=O)OC(C)=O)s1,13 49 70 80 102 114 136 139 145 162 185 226 231 308 392 419 455 473 480 543 623 642 644 650 658 673 675 692 695 798 799 807 812 841 882 898 1017 1035 1042 1057 1082 1128 1152 1174 1197 1204 1207 1260 1304 1361 1372 1380 1386 1400 1424 1440 1507 1541 1564 1569 1577 1578 1617 1669 1686 1687 1732 1743 1750 1836 1873 1885 1912 1917 1952 1982 2016
209,O=C(C=CC=C1CCCCCC1=O)NCCCCCC(=O)NC1CCCC1,2 9 31 37 64 80 120 121 127 141 150 197 206 266 310 314 323 353 387 392 395 428 432 466 472 507 515 576 592 650 660 667 672 683 694 710 717 751 783 807 817 833 890 919 920 926 943 1019 1020 1028 1088 1097 1110 1143 1152 1173 1181 1210 1242 1267 1281 1289 1325 1335 1380 1387 1425 1485 1520 1521 1526 1528 1564 1576 1634 1680 1718 1738 1750 1876 1908 1911 1917 1948 1965 1998
210,CCCCC=CC1=C(C(C)(C)C)P(=O)(OP(=O)(O)O)NC1=O,30 38 45 80 114 192 204 240 241 285 291 294 314 315 333 345 348 392 401 427 434 486 499 591 607 650 660 670 676 694 695 738 757 775 794 807 810 835 887 912 928 949 950 979 1022 1042 1057 1114 1121 1147 1169 1197 1210 1227 1236 1279 1289 1299 1339 1356 1366 1380 1403 1430 1459 1461 1519 1520 1523 1528 1537 1657 1741 1754 1756 1764 1772 1784 1810 1819 1838 1904 1911 1913 1957 1987 1992
211,N#CN=C(Nc1ccccc1)c1ccncc1,91 191 289 291 341 348 357 378 383 387 389 423 483 497 523 674 679 703 725 735 746 756 790 798 801 805 807 809 843 865 899 932 1077 1088 1113 1152 1199 1208 1209 1252 1277 1288 1349 1355 1371 1380 1384 1385 1409 1476 1538 1603 1627 1700 1750 1766 1816 1866 1873 1888 1891 1955 1961 1967 1979
212,COc1ccc(C(=O)N2CCCCC2)cc1C(=O)OC(=O)CCCCC(=O)N1CCCCC1,2 80 94 145 190 222 235 249 299 369 377 393 452 497 526 538 618 650 655 695 733 741 760 807 841 875 898 902 903 926 927 935 942 944 1009 1028 1056 1057 1229 1242 1267 1270 1271 1332 1380 1385 1386 1399 1439 1446 1480 1504 1536 1564 1607 1652 1659 1663 1669 1697 1740 1746 1750 1810 1813 1833 1835 1843 1862 1867 1873 1885 1911 1917 1946 1954 1970 1984 1991 1998 2009
213,CCCCCCc1nn(C)c(=O)n1CC,34 80 90 92 164 247 249 270 294 314 318 337 378 390 464 506 510 531 560 591 603 609 650 721 771 794 802 817 835 850 927 935 942 995 1037 1057 1064 1086 1098 1105 1131 1143 1145 1179 1184 1231 1243 1312 1322 1380 1431 1444 1456 1472 1647 1679 1723 1764 1795 1911 1920 1956 1976 2001 2005 2007 2031
214,COc1cccc(-c2ccc(OC)c(S(=O)(=O)c3ccc4scc(OC)c4c3C#N)c2)c1,19 32 80 90 94 129 136 140 186 199 213 248 249 257 259 266 268 280 322 350 358 386 392 396 472 517 552 558 562 602 640 643 650 674 675 684 687 695 719 736 741 781 785 790 791 795 836 841 867 875 885 896 917 931 957 1008 1010 1039 1057 1088 1094 1136 1160 1181 1208 1225 1247 1310 1325 1369 1380 1384 1409 1423 1434 1470 1476 1513 1534 1536 1567 1571 1588 1609 1614 1641 1736 1750 1755 1777 1779 1820 1831 1835 1873 1906 1927 1931 1970 1972 1984 2020
215,CCCCCCCCN1CCC(O)CC1CCCCC,27 29 54 64 67 77 80 90 104 108 162 164 209 237 254 294 330 334 354 377 386 500 529 590 591 608 626 712 739 768 794 807 832 840 891 893 926 935 1019 1022 1041 1050 1057 1108 1143 1145 1166 1216 1223 1256 1257 1274 1292 1325 1353 1444 1452 1480 1552 1675 1686 1886 1911 1960 1999 2018 2022
216,COc1ccc(-c2nncn2N=C(c2ccccc2)N2CCNC(=O)C2)cc1,16 20 33 48 68 149 170 182 187 210 229 247 253 280 281 304 305 314 322 367 378 389 416 483 490 541 551 560 571 607 639 650 659 690 695 696 705 710 718 725 744 766 769 781 807 831 841 896 914 926 932 935 938 1037 1057 1088 1109 1114 1129 1160 1164 1182 1199 1233 1235 1288 1302 1317 1355 1380 1385 1390 1415 1468 1480 1520 1531 1536 1549 1551 1552 1575 1618 1641 1674 1722 1750 1755 1866 1873 1879 1946 1949 1985 2001 2009 2030
217,COc1ccc(C)cnc(CC(=O)C2CC2)nnn1,4 80 132 167 172 186 213 235 237 312 325 378 380 383 492 494 556 590 601 650 693 695 700 751 754 802 807 840 841 857 883 898 926 931 962 974 997 1019 1029 1042 1050 1057 1096 1139 1162 1163 1164 1185 1228 1314 1325 1335 1377 1380 1415 1452 1454 1459 1479 1487 1518 1535 1536 1537 1570 1645 1718 1722 1734 1737 1744 1750 1764 1774 1823 1824 1873 1881 1916 1917 1929 1975 1979 2010 2019
218,CC1(C(=O)n2c3ccc2c2cc(C(C)(C)C)ccc23)CCN(Cc2ccccc2F)C1=O,33 45 80 100 106 112 114 144 167 213 230 255 314 345 392 483 492 494 527 548 581 606 609 650 655 744 807 814 828 843 868 875 886 894 902 926 935 981 1016 1019 1032 1048 1057 1060 1068 1088 1089 1155 1162 1199 1274 1277 1282 1318 1323 1339 1349 1357 1358 1372 1380 1381 1404 1412 1417 1424 1452 1480 1503 1513 1581 1597 1640 1652 1665 1733 1750 1765 1797 1819 1829 1832 1840 1856 1873 1905 1914 1917 1928 1970 2000 2021 2047
219,CN(N=c1c2c(N)nc3n1CC(=O)n23)c1ccc(C(F)(F)F)cc1,12 45 52 55 105 114 118 125 169 196 204 212 304 314 325 340 378 381 383 391 443 489 543 547 556 600 650 725 752 779 782 787 794 795 797 798 809 829 837 881 912 926 935 955 960 973 1057 1062 1096 1113 1126 1130 1143 1146 1152 1163 1171 1242 1260 1278 1284 1315 1320 1363 1378 1380 1417 1420 1440 1453 1457 1459 1494 1497 1501 1536 1538 1567 1598 1657 1665 1694 1701 1735 1750 1778 1781 1794 1839 1855 1873 1917 1928 1937 1946 1965 1966 1976 1993 2015 2022 2037
220,O=C(c1ccc(P(=O)=O)cc1)N1CCC(CCOP(=O)=O)CC1,13 29 45 74 80 109 114 150 202 229 231 235 303 327 353 388 443 481 487 493 497 523 527 529 613 635 650 652 695 725 761 800 807 820 832 858 918 926 934 942 965 977 1019 1031 1034 1049 1145 1227 1241 1260 1289 1325 1347 1358 1369 1380 1382 1385 1480 1504 1511 1577 1592 1598 1603 1697 1716 1743 1750 1873 1917 1933 2009 2034
221,CCN(CCCCN1c2ccc(cc2)S1(=O)=O)C(=O)Nc1ccsc1,14 80 83 99 134 142 191 193 207 230 233 294 314 349 363 366 382 417 446 469 478 544 552 562 581 650 675 716 731 752 755 764 807 863 881 893 932 935 943 978 986 987 990 1008 1015 1051 1057 1110 1145 1152 1155 1174 1269 1272 1277 1285 1289 1361 1380 1397 1427 1459 1464 1513 1523 1568 1577 1603 1614 1631 1669 1676 1727 1737 1750 1762 1783 1816 1825 1873 1884 1892 1911 1917 1951 1999
222,Cc1ccc(S(=O)(=O)N(CCOc2ccc(-c3ccccc3)cc2)c2nc(C)nc3ccccc23)cc1,13 27 70 80 89 93 102 124 131 235 259 289 319 322 340 350 360 378 389 391 416 453 508 514 515 541 552 578 604 650 655 685 694 695 715 718 736 801 815 817 823 845 881 896 901 947 975 1034 1052 1057 1069 1077 1088 1097 1118 1126 1148 1160 1183 1197 1199 1206 1277 1293 1357 1380 1386 1447 1452 1476 1496 1501 1573 1587 1678 1684 1722 1750 1823 1839 1841 1855 1872 1873 1883 1920 1922 1946 1951 1960 1964 1965 2015 2026
223,Cc1nc2ncc(-c3cc(C(F)(F)F)cc(S(C)(=O)=O)c3C(F)(F)F)cc2cc1Cl,7 114 184 204 247 248 350 352 366 378 392 442 488 532 540 542 557 561 600 650 675 692 707 776 794 800 809 843 872 875 876 919 945 955 986 1041 1057 1061 1126 1158 1160 1181 1200 1242 1260 1270 1276 1356 1376 1380 1410 1417 1434 1437 1452 1453 1468 1476 1487 1535 1556 1591 1599 1683 1704 1722 1734 1749 1804 1818 1832 1838 1854 1855 1873 1878 1925 1928 1966 2021 2033 2047
224,C=C(C)C1=C(C)C2CCC1C(C)C2(C)C,15 37 47 54 74 88 138 140 156 198 209 224 261 272 310 337 340 400 455 478 509 520 549 619 656 678 724 740 807 834 851 865 869 902 925 926 1017 1019 1022 1060 1081 1175 1213 1218 1274 1277 1286 1309 1325 1330 1354 1366 1380 1386 1479 1491 1506 1511 1565 1607 1650 1670 1722 1742 1763 1782 1846 1863 1914 1919 1950 1984 2031 2038 2039
225,COC(=O)COc1cc(OC)c(O)c(NC(=O)NC(=O)OCCNC(C)=O)n1,13 25 80 131 142 147 193 195 197 202 245 249 288 323 328 347 355 365 372 378 407 419 434 543 615 629 643 650 689 695 708 731 807 808 841 842 873 875 899 957 996 1008 1017 1021 1025 1057 1062 1081 1101 1109 1119 1152 1172 1237 1244 1272 1273 1291 1337 1353 1377 1380 1386 1452 1456 1473 1482 1499 1525 1536 1570 1602 1657 1695 1708 1709 1717 1738 1757 1758 1790 1811 1812 1816 1845 1855 1873 1895 1917 1970 1989 2004 2021 2032 2033
226,O=C1COc2ccc1c(C(=O)OCc1ccc(Cl)c(Cl)c1Cl)c2,25 80 110 117 145 147 151 160 179 276 283 288 313 314 326 352 366 368 373 423 437 441 545 561 576 594 609 614 623 641 650 656 666 679 680 683 695 698 706 735 745 751 801 807 813 875 926 930 956 974 977 982 1011 1032 1135 1143 1155 1157 1221 1223 1224 1255 1269 1297 1313 1349 1380 1392 1466 1486 1509 1534 1621 1662 1673 1683 1730 1741 1750 1786 1800 1814 1873 1876 1889 1891 1917 1923 1936 1991 2017 2018 2039 2044
227,CCCOC(=O)c1c(Cl)cc(Cl)c(Cl)c1Br,13 52 54 71 80 88 145 147 151 158 167 223 229 253 277 294 366 377 439 452 497 522 542 561 568 573 586 598 602 630 639 650 658 695 728 734 752 794 807 852 870 875 895 909 945 948 955 1005 1011 1057 1092 1140 1156 1238 1252 1296 1362 1380 1391 1400 1415 1449 1491 1512 1554 1562 1574 1576 1582 1592 1606 1617 1631 1643 1683 1770 1790 1796 1873 1917 1945
228,COC(=O)C(CCCOC(=O)C1CCCCC1C(C)(C)C)=C(C)COC(=O)c1ccc(F)cc1,13 45 80 90 94 100 114 145 147 209 249 250 289 334 353 360 392 393 409 412 465 511 534 556 570 606 627 650 695 699 706 777 795 807 829 841 842 855 890 910 926 1006 1017 1019 1028 1050 1057 1117 1119 1152 1157 1187 1205 1211 1219 1232 1291 1310 1325 1327 1355 1380 1385 1410 1462 1487 1521 1522 1525 1555 1564 1609 1617 1618 1673 1697 1734 1750 1778 1787 1788 1824 1825 1841 1873 1911 1913 1917 1928 1997 2004 2022 2043
229,CN1CCCCC1c1ccccc1C#Cc1ccc(OC(F)(F)F)cc1,51 71 77 97 102 112 114 125 145 171 189 227 231 247 277 317 322 371 430 462 486 494 525 548 562 580 592 620 674 695 717 718 749 760 850 890 908 926 935 948 1011 1019 1027 1028 1057 1062 1085 1088 1093 1132 1140 1145 1149 1189 1199 1233 1242 1292 1300 1312 1325 1380 1386 1392 1409 1410 1413 1451 1453 1480 1528 1542 1561 1614 1641 1665 1728 1750 1839 1841 1862 1873 1928 1954 1988 1998 2016
230,COc1cc(Cl)ccc1CN1CCc2cc(C#N)ccc21,33 80 102 164 165 176 209 216 232 249 305 416 418 437 468 522 539 541 561 605 619 674 695 701 716 746 761 763 790 816 841 850 875 876 885 926 934 935 940 943 947 957 1057 1089 1136 1165 1170 1228 1236 1295 1330 1349 1380 1384 1407 1420 1480 1498 1546 1649 1683 1738 1741 1750 1756 1757 1765 1819 1832 1873 1888 1902 1908 1915 1953 1954 1970 1975 1995 1996 2025
231,CN1CCCCCCc2nc1n(C)c2-c1ccc([N+](=O)[O-])cc1,2 50 100 141 142 193 285 289 310 318 351 378 442 476 531 564 568 650 700 715 727 741 745 753 769 838 896 926 935 948 959 1008 1028 1057 1100 1105 1145 1156 1160 1189 1195 1217 1218 1274 1276 1296 1304 1365 1372 1380 1382 1439 1480 1535 1651 1686 1693 1738 1750 1758 1809 1814 1855 1873 1880 1909 1948 1963 1998
232,CCCCCCCCN1C(=O)N(C)c2nc(=O)nc1s2,5 23 64 80 89 92 96 175 229 264 294 314 378 416 434 456 459 492 537 567 583 588 591 602 608 625 650 671 672 675 748 771 782 794 815 843 888 889 893 916 931 935 987 1002 1008 1035 1057 1064 1103 1143 1145 1226 1260 1335 1380 1444 1470 1522 1601 1630 1697 1707 1772 1775 1780 1809 1819 1855 1869 1911 1962 1967 1989 1996 2002
233,CCN(C)C(=O)CN(C(C)=O)C(=O)c1cc(C)ccc1C#N,15 80 108 140 164 194 215 233 235 274 285 294 334 361 377 387 410 435 468 494 549 572 643 647 650 651 674 790 805 807 871 875 878 881 916 928 932 1003 1013 1017 1055 1057 1071 1076 1095 1136 1138 1163 1185 1190 1221 1226 1238 1261 1321 1380 1384 1588 1649 1651 1722 1750 1753 1756 1783 1823 1841 1862 1873 1917 1921 1991 1997 2001 2019 2023 2041
234,O=C1C=CC=C1C(=O)OCCC1CCCC1,8 13 29 49 73 78 80 114 145 147 279 314 322 345 414 484 547 563 593 650 677 689 695 697 714 724 747 807 832 862 890 921 926 1007 1019 1028 1053 1068 1130 1175 1185 1193 1227 1232 1249 1272 1293 1319 1325 1380 1395 1407 1414 1456 1460 1478 1487 1531 1546 1592 1598 1669 1682 1690 1711 1727 1735 1781 1873 1882 1887 1894 1917 1936 2001 2009 2022
235,O=C(O)C1(Cl)C=C(Cl)C=C1Cl,84 113 115 130 132 180 184 320 369 389 400 432 436 478 523 558 561 644 650 718 720 749 755 807 876 890 905 1009 1013 1039 1042 1060 1158 1380 1478 1493 1512 1557 1611 1643 1679 1683 1821 1873 1917 1920 1930 1996 2019 2046
236,COC(=O)c1c(I)ccc2c1SCCS2,63 129 137 142 145 157 169 197 220 253 304 326 380 400 420 481 482 522 560 582 586 622 650 654 661 675 694 695 699 744 773 789 798 807 841 842 851 854 887 905 906 926 947 949 969 978 1057 1126 1130 1152 1191 1301 1307 1325 1329 1334 1343 1380 1388 1407 1411 1417 1483 1550 1622 1629 1682 1686 1725 1750 1776 1784 1787 1873 1917 1998
237,CC(C)CCNC(=O)CCOc1ccc2c3ncc(nc1-2)c(=O)[nH]3,1 13 41 45 80 94 139 197 215 236 247 283 303 314 323 352 354 366 378 497 502 503 560 597 605 650 667 680 689 694 695 702 721 738 739 750 803 807 843 844 881 897 936 981 990 1001 1002 1032 1057 1097 1101 1114 1115 1134 1152 1158 1262 1284 1290 1308 1328 1380 1452 1455 1507 1518 1521 1535 1564 1589 1635 1663 1687 1730 1745 1847 1855 1860 1873 1903 1917 1934 1952 1970
238,O=C1N2CCC(C2)N1Cc1ccc(C(F)(F)F)cc1,25 58 80 86 92 112 114 117 134 164 169 281 310 314 335 373 383 407 422 429 487 489 501 528 530 532 539 650 674 739 749 762 809 847 901 904 910 914 926 932 935 994 1019 1048 1054 1120 1222 1232 1248 1259 1260 1275 1320 1325 1370 1380 1417 1449 1453 1480 1573 1607 1665 1666 1683 1732 1750 1754 1765 1775 1783 1811 1844 1873 1910 1928 1975 2002 2038
239,CN1C2=CC=C3N=C(N=CCC1NC3=O)N2,28 106 126 144 175 210 260 261 277 301 314 378 390 404 412 420 430 459 543 545 552 614 650 672 704 743 784 831 852 863 878 926 927 935 943 1019 1036 1054 1057 1060 1095 1107 1114 1145 1182 1249 1269 1293 1320 1332 1380 1414 1435 1447 1450 1656 1657 1751 1767 1843 1873 1874 1885 1910 1921 1940 1974 1983 2001
240,CCN1CCN(c2nc3sc2c2cc(OC)ccc32)C(=O)C1,17 23 27 32 34 42 60 74 80 85 130 131 154 162 203 256 258 294 301 305 314 322 329 360 366 378 386 430 482 511 609 650 670 675 695 698 704 707 715 718 726 781 789 798 811 814 841 865 875 879 926 935 973 982 1019 1022 1036 1057 1101 1137 1146 1159 1201 1291 1357 1380 1457 1480 1493 1536 1539 1551 1555 1641 1725 1733 1750 1791 1855 1873 1907 1919 1928 1938 1941 1946 1964 1972 2036 2037
241,COc1ccc2c(c1)C(=O)N(C(C=Cc1ccccc1)COc1ccc(Cl)cc1)C2=O,1 54 66 79 80 102 103 118 143 148 180 216 280 314 322 330 352 365 384 389 491 523 524 561 650 680 693 694 695 699 701 715 718 781 816 835 837 841 875 878 879 899 929 935 973 1025 1032 1052 1057 1061 1063 1069 1070 1088 1127 1153 1164 1185 1199 1200 1297 1298 1306 1380 1401 1445 1452 1520 1533 1536 1557 1572 1587 1607 1624 1661 1683 1695 1698 1750 1799 1823 1843 1873 1892 1894 1920 1952 1972 2001 2006 2011 2033
242,COC1=CC2=CC3=C1C2(C(=O)N(CC(=O)O)C(=O)CCC(=O)NC1COC(C)C1O)c1ccc(F)cc13,18 20 41 50 54 80 84 112 186 233 265 268 322 352 387 389 391 425 464 478 506 533 556 557 565 604 605 612 627 650 656 672 695 699 722 724 725 736 747 773 781 783 802 805 807 840 841 864 875 879 880 881 910 926 954 994 1008 1019 1060 1066 1075 1087 1119 1152 1190 1211 1219 1231 1238 1257 1293 1309 1312 1314 1371 1380 1403 1410 1432 1445 1448 1459 1461 1464 1470 1485 1487 1494 1515 1536 1554 1560 1564 1568 1639 1648 1659 1670 1684 1688 1697 1737 1749 1750 1767 1771 1782 1842 1851 1873 1874 1895 1916 1917 1922 1923 1928 1980 1985 2037
243,Cc1ccc(NC(=O)c2ccccc2)cc1NC(=O)N1CCCC1,157 171 184 191 218 368 369 377 389 395 402 461 486 504 581 650 658 668 693 732 807 829 843 875 895 926 935 1028 1057 1088 1118 1139 1152 1199 1211 1217 1224 1235 1276 1352 1355 1368 1380 1381 1385 1391 1415 1468 1478 1480 1531 1606 1633 1663 1665 1691 1693 1722 1737 1750 1795 1816 1873 1917 1978 1985 1998 2002 2006 2009
244,OCCN(N=NSc1sc2nc1N2)c1ccccc1,28 37 80 84 112 116 119 162 222 246 264 280 288 297 339 367 369 378 389 473 551 578 631 675 725 737 761 767 807 813 846 849 851 881 900 1016 1060 1088 1096 1114 1126 1149 1189 1199 1232 1321 1331 1352 1366 1380 1387 1391 1444 1458 1476 1555 1598 1620 1633 1645 1669 1692 1750 1772 1800 1820 1846 1855 1873 1914 1922 1933 1951 1964 1965 1967
245,C=CC(C)=C1CCC2C(CCOc3cccc(F)c3)CCC(=O)N2C1=O,13 20 44 49 80 162 195 226 230 245 263 280 314 322 402 439 453 497 508 562 569 578 600 650 694 695 699 712 762 769 776 796 798 807 832 875 879 891 903 926 935 959 998 1000 1014 1017 1019 1034 1039 1057 1088 1164 1179 1224 1272 1325 1353 1366 1376 1380 1385 1390 1452 1487 1495 1501 1527 1530 1555 1586 1615 1645 1670 1689 1738 1750 1752 1860 1873 1922 1927 1928 1939 1966
246,CC1=CC=CCC1(C(=O)C(C)C1C2CCC(C)(C(C)C2=O)C1C)C1(C)CCCCC1,1 2 59 61 82 90 131 156 229 273 283 314 327 332 447 455 480 568 604 611 638 643 650 728 738 757 807 823 843 847 862 883 889 911 926 991 1019 1028 1040 1046 1060 1067 1072 1125 1128 1144 1145 1162 1230 1249 1274 1293 1295 1298 1309 1313 1325 1327 1332 1380 1389 1399 1414 1421 1430 1434 1477 1478 1490 1497 1520 1560 1625 1638 1673 1722 1815 1822 1865 1873 1875 1885 1890 1917 1932 1933 1951 2002 2038
247,N#Cc1ccc(Cl)cc1C(=O)N1CCNC1=O,17 21 122 165 175 194 216 259 305 314 335 352 355 361 378 415 461 482 500 549 552 561 650 674 734 753 790 807 816 822 875 919 926 935 969 982 1076 1083 1114 1136 1139 1150 1170 1183 1262 1305 1317 1323 1334 1359 1376 1380 1384 1387 1396 1430 1432 1451 1474 1478 1480 1504 1546 1556 1683 1746 1750 1754 1780 1798 1802 1862 1866 1873 1875 1917 1933 1953 1968 1991 2030
248,CCCC(=O)N(Cc1ccccc1Cl)C(=O)c1ccccc1,80 281 294 295 361 366 381 389 412 446 507 512 541 561 569 570 587 650 676 693 781 794 807 813 849 881 906 930 974 982 986 988 1008 1030 1034 1057 1073 1088 1105 1108 1199 1219 1221 1238 1266 1292 1330 1349 1357 1380 1385 1388 1564 1597 1612 1648 1663 1683 1712 1750 1752 1773 1779 1811 1812 1830 1854 1862 1873 1884 1917 1935 1977 1985 2015 2031
249,CN(C)c1ccccc1C=CC(=O)c1ccsc1C(=O)Nc1ccccc1,14 31 73 174 190 191 206 323 352 389 412 441 472 481 486 554 593 632 650 675 686 694 703 781 782 807 835 881 892 925 961 967 1041 1057 1072 1077 1082 1088 1089 1140 1152 1163 1184 1199 1222 1235 1236 1280 1295 1362 1379 1380 1400 1452 1468 1483 1494 1505 1511 1567 1667 1700 1750 1812 1816 1817 1824 1848 1873 1878 1897 1902 1906 1917 1978 1979 1984 1991 2014 2018 2032
250,Cc1nc2nn1c1nc(NC(=O)c3cccc(CCCc4ccccc4)c3)cc-1cnc1n2CCCN1,12 29 71 80 85 87 104 158 199 221 247 261 305 378 389 398 412 415 424 448 486 496 512 524 526 567 572 587 594 607 638 650 660 807 851 875 880 881 887 890 917 919 926 935 967 978 987 1006 1014 1028 1035 1039 1045 1056 1057 1059 1066 1070 1088 1099 1109 1114 1123 1152 1160 1192 1199 1243 1302 1309 1317 1319 1344 1380 1384 1385 1396 1430 1449 1452 1455 1480 1486 1487 1496 1514 1533 1535 1540 1556 1571 1581 1596 1619 1621 1627 1722 1745 1750 1754 1795 1855 1866 1871 1873 1890 1911 1917 1921 1956 1985 2014
251,CCCCN(C(=O)OCC)C(C)(C)C,20 38 80 102 114 147 149 245 294 301 328 348 392 394 426 440 482 540 591 601 650 695 790 794 807 860 861 879 881 903 935 993 1041 1057 1059 1068 1071 1121 1129 1191 1196 1203 1215 1238 1244 1263 1278 1312 1347 1442 1479 1492 1521 1566 1578 1637 1665 1680 1690 1722 1735 1742 1798 1819 1840 1911 1917 1920 1951 1970 2043 2045 2046
252,COc1ccc(C#N)cc1OCCCc1ccc(C(=O)N2CCCCC2)c(OC)c1,1 2 13 27 44 53 67 76 80 94 102 104 140 168 223 242 249 266 281 305 310 330 357 362 369 560 562 569 645 650 674 695 747 790 792 807 841 853 857 875 926 935 942 950 964 977 978 1016 1027 1028 1057 1065 1110 1136 1137 1175 1243 1254 1338 1363 1370 1372 1380 1384 1424 1452 1480 1504 1518 1533 1536 1566 1625 1652 1661 1711 1731 1750 1754 1755 1781 1828 1873 1878 1911 1917 1954 1964 1975 1991 1998 2000 2009 2011
253,CC1(C)CCN(CCCN2C3=Nn4c3nc(-c3ccc([N+](=O)[O-])cc3)c42)C1,40 48 80 95 128 184 220 230 252 277 285 296 321 323 378 391 425 463 471 528 588 602 637 650 653 665 684 704 715 720 753 769 773 797 804 809 827 838 848 881 889 890 894 896 926 935 984 1002 1007 1048 1057 1060 1132 1144 1145 1160 1162 1195 1274 1280 1358 1380 1395 1400 1422 1433 1455 1470 1480 1487 1489 1543 1572 1641 1701 1722 1750 1791 1805 1809 1814 1831 1832 1855 1873 1911 1917 1936 1953 1963 1977 1986 1999 2036
254,COC(=O)CSC(=NNC(=O)c1cccc2ccccc12)N(C)C(=O)N(C)C,52 80 110 116 129 142 182 195 243 289 304 308 312 318 320 347 386 417 418 468 476 482 484 486 543 650 676 688 695 700 725 737 776 785 801 807 841 856 879 881 959 1002 1036 1037 1039 1057 1087 1088 1104 1119 1141 1152 1163 1168 1185 1199 1247 1275 1293 1357 1369 1380 1386 1387 1413 1447 1519 1573 1583 1648 1653 1710 1720 1750 1776 1803 1844 1855 1873 1892 1917 1923 1937 1938 1959 1982 1986 1991 2028
255,CCCCCCC(=O)NC(=O)NC(C)=O,41 80 126 152 203 229 233 245 294 316 344 382 399 427 507 513 560 565 588 591 609 619 638 650 665 718 794 807 961 962 985 1017 1057 1074 1094 1119 1143 1152 1167 1212 1267 1343 1399 1444 1482 1507 1527 1564 1718 1735 1766 1883 1885 1892 1911 1917 1942 1989 1992 2000 2034
256,O=C(Nc1cccc(F)c1)c1nc2cc(F)ccc2[nH]1,20 75 119 180 184 191 213 230 232 235 377 378 439 462 468 486 514 535 558 563 588 628 650 699 703 807 838 870 875 893 896 1027 1039 1067 1088 1097 1114 1141 1143 1151 1152 1157 1210 1232 1284 1301 1307 1329 1335 1380 1410 1454 1465 1487 1533 1670 1671 1703 1718 1744 1745 1748 1750 1767 1816 1855 1873 1874 1917 1928 1939 1978 1989
257,COc1ccc(C(F)(F)F)c(C(=Nc2nc(C(F)(F)F)ns2)N2CCCC2)c1,66 114 122 161 171 172 215 220 231 262 298 322 329 338 369 378 404 419 439 504 514 521 584 612 614 623 629 675 684 695 718 722 725 781 807 809 841 875 918 926 935 1020 1028 1036 1057 1077 1085 1098 1106 1123 1143 1158 1175 1200 1281 1317 1330 1369 1380 1421 1450 1453 1454 1471 1473 1480 1485 1518 1536 1613 1645 1662 1670 1717 1737 1750 1787 1804 1855 1873 1922 1928 1972 1991 1998 2009 2013 2042 2047
258,Cc1nc2c(C(=O)OC(C)C)c(C)ccc2s1,1 9 69 145 162 226 242 245 274 283 322 345 378 395 402 440 495 575 585 586 620 632 638 650 665 675 695 761 785 805 807 861 875 878 885 893 896 932 967 985 992 1028 1057 1061 1063 1080 1123 1154 1181 1264 1303 1308 1323 1331 1350 1380 1391 1430 1495 1526 1565 1676 1691 1722 1724 1750 1792 1809 1812 1837 1855 1867 1869 1873 1880 1917 1934 1969 1972 1978 2008
259,N=C(N)NC(=O)NC(=O)c1cc(Cl)cc2ccccc12,21 22 112 113 140 146 168 185 187 216 219 233 294 352 420 486 497 560 561 579 606 623 628 650 744 779 801 803 807 836 843 875 881 891 913 1021 1083 1087 1088 1104 1109 1119 1152 1171 1181 1199 1318 1351 1357 1381 1386 1403 1451 1467 1573 1683 1747 1749 1750 1819 1826 1855 1873 1906 1917 1989 1991 2020
260,CN(C)C(=O)C(CCCc1ccccc1)c1c2c3ccc([N+](=O)[O-])cc3c3ccc-2cc13,1 64 80 96 137 154 321 326 345 380 389 397 424 450 460 520 548 569 650 714 715 719 732 739 753 774 783 803 807 838 844 875 881 882 896 952 958 978 1044 1045 1048 1057 1066 1088 1115 1138 1144 1152 1160 1163 1195 1199 1228 1243 1294 1295 1344 1357 1380 1391 1422 1424 1428 1463 1509 1536 1538 1591 1626 1631 1650 1653 1661 1696 1733 1747 1750 1754 1770 1809 1811 1814 1873 1899 1907 1911 1917 1940 1950 1963 1981 1997 2021
261,CC1OC(=O)C2=C(CCCCCCCCC2)C(=O)OC2CCCCC12,2 24 25 27 42 104 108 126 142 149 160 172 262 268 310 314 339 353 397 441 473 475 517 525 561 622 626 650 653 656 677 722 750 765 806 890 892 926 933 937 968 984 988 1019 1021 1028 1034 1038 1057 1067 1088 1113 1158 1222 1293 1309 1325 1342 1380 1417 1458 1495 1603 1675 1701 1730 1738 1809 1819 1826 1860 1894 1973 1997 2034 2047
262,Cc1ccccc1-c1nc2c3cc1c(=CC#N)c2n(CCN(C)C)n3,73 78 80 102 117 120 142 157 158 251 260 264 311 317 323 352 356 373 403 411 553 578 621 652 674 690 693 694 698 761 764 779 790 810 818 855 875 881 912 914 918 935 984 985 994 1015 1055 1057 1088 1097 1145 1163 1190 1199 1267 1293 1320 1357 1380 1384 1391 1413 1432 1435 1440 1530 1537 1545 1587 1598 1611 1691 1716 1722 1724 1750 1781 1855 1873 1914 1923 1929 1951 1956 1999
263,CCCCCCC1C(C)=C(C)C(=O)N1Cc1ccccc1OC,34 54 80 223 249 294 310 314 331 334 391 465 522 586 616 650 695 785 794 832 841 842 879 908 913 935 983 1000 1019 1057 1088 1093 1094 1118 1143 1188 1199 1205 1270 1305 1342 1345 1349 1380 1392 1420 1444 1455 1476 1536 1557 1592 1594 1597 1611 1623 1645 1661 1683 1687 1706 1722 1739 1750 1765 1775 1804 1807 1873 1890 1911 1953 1959 1969 1970
264,COc1ccc(C(=O)NCc2ccccc2NC(=O)NC(C)=O)cc1,20 80 96 136 151 234 235 245 255 265 266 281 316 322 360 374 376 443 486 496 500 560 573 593 603 620 650 667 689 695 718 779 781 807 812 813 831 841 871 913 944 950 997 1014 1017 1048 1057 1077 1088 1105 1119 1125 1130 1152 1176 1199 1224 1230 1276 1330 1349 1379 1380 1385 1456 1468 1505 1521 1536 1597 1665 1696 1697 1735 1750 1766 1797 1816 1872 1873 1886 1888 1917 1936 1989 2000 2012
265,CCCN1C(C)C(O)C1CC,24 31 49 80 100 109 163 176 294 322 363 622 641 735 749 794 807 820 828 935 960 984 1002 1019 1021 1054 1057 1094 1098 1111 1131 1145 1257 1259 1309 1331 1347 1378 1419 1423 1454 1479 1485 1487 1578 1599 1652 1736 1758 1778 1815 1847 1911 1912 1915
266,CCC(OC(C)=O)C(=O)n1ccccc1=O,1 19 59 69 80 98 108 129 148 189 252 282 294 314 338 384 462 498 537 542 640 650 654 695 702 717 731 789 806 807 880 917 935 992 1017 1035 1057 1088 1101 1115 1141 1156 1199 1247 1268 1288 1300 1360 1377 1380 1384 1394 1456 1486 1511 1544 1747 1750 1788 1789 1827 1845 1873 1912 1917 1947 1968
267,C#CN(CCCOC(=O)c1ccc(N(C)C)cc1)C(=O)NCc1ccc(C(=O)OCC)cc1,13 39 80 99 104 113 145 147 163 172 190 193 197 215 248 255 290 292 294 316 376 378 407 467 487 507 517 529 543 565 586 606 638 650 658 674 676 695 705 707 718 737 759 768 807 814 827 860 881 915 929 960 974 1008 1036 1038 1057 1088 1096 1115 1152 1163 1198 1238 1265 1272 1317 1363 1379 1380 1385 1402 1427 1509 1518 1522 1550 1573 1583 1592 1697 1700 1717 1722 1734 1750 1754 1789 1864 1873 1893 1911 1917 1950 1951 1953 1982
268,O=C(c1nn[nH]c1-c1ccc(Cl)cc1)N1CCC(O)C1OC1CCCCC1,2 25 33 37 38 74 119 143 155 167 199 216 242 268 378 430 433 460 490 497 543 561 574 650 661 682 695 738 791 807 816 835 837 849 890 896 926 935 1006 1019 1028 1044 1070 1076 1114 1123 1125 1133 1147 1160 1164 1169 1184 1257 1272 1325 1380 1381 1443 1468 1480 1504 1507 1515 1522 1607 1683 1750 1771 1785 1821 1840 1873 1917 1941 1946 1964 1998 2005
269,O=C(Nc1ccc2oc-2n[nH]1)OC1OC(O)C(O)C1O,71 74 121 158 163 193 209 229 286 292 378 402 445 489 566 576 608 650 656 695 778 794 807 827 840 869 882 900 923 930 932 991 994 1019 1030 1047 1088 1103 1108 1114 1126 1152 1171 1236 1252 1257 1289 1323 1328 1331 1355 1358 1380 1448 1487 1525 1535 1583 1596 1604 1617 1667 1683 1698 1700 1730 1750 1758 1764 1805 1816 1823 1830 1873 1917 1921 1937 1964 1972 1975 2004 2022 2030 2036 2037 2043
270,CCCCCCN1CCN(C2=C(Br)C=C2OC)C1=O,66 80 84 92 121 228 235 245 256 294 295 314 351 360 362 371 386 429 466 523 539 555 591 650 695 725 728 731 740 794 811 841 870 893 894 911 926 935 1041 1071 1089 1093 1097 1117 1143 1145 1201 1351 1380 1395 1444 1450 1457 1480 1536 1547 1584 1631 1653 1654 1678 1697 1698 1727 1743 1752 1851 1873 1903 1911 1915 1938 1950 1989 1990
271,CCOc1cc(I)ccc1OCCN1CCCCC1,2 13 29 80 94 178 237 258 284 294 371 391 411 425 431 450 464 533 593 605 658 661 689 695 699 704 747 765 824 834 844 874 875 922 926 935 947 954 1028 1057 1115 1136 1145 1146 1182 1238 1267 1275 1295 1373 1380 1397 1411 1422 1443 1452 1480 1482 1493 1494 1505 1518 1525 1594 1687 1747 1750 1759 1791 1832 1873 1886 1966 1970 1998
272,O=C(c1ccc2cccsc1-2)N1CCN(C(=O)C2CCN(C3CCOCC3)CC2)CC1,14 43 53 67 84 112 130 138 157 170 201 217 224 237 241 246 254 331 362 383 440 454 518 523 553 558 581 593 650 656 660 675 678 716 736 739 780 792 807 876 896 926 935 942 950 974 1019 1088 1139 1160 1195 1262 1290 1325 1326 1346 1360 1380 1383 1384 1405 1446 1468 1480 1498 1504 1535 1567 1589 1595 1636 1665 1672 1674 1720 1745 1750 1770 1808 1832 1837 1854 1873 1910 1917 1920 1991 1992 2001 2009
273,O=C(CNC(=O)c1ccccc1)c1cccccc(O)ccc1,2 10 36 65 69 78 80 97 129 167 197 265 287 389 424 427 486 531 568 623 650 655 691 717 745 753 763 798 807 822 872 900 948 1014 1039 1088 1152 1162 1164 1199 1238 1240 1251 1254 1255 1269 1380 1383 1385 1440 1447 1454 1462 1548 1553 1570 1602 1611 1618 1657 1665 1693 1750 1778 1861 1873 1878 1881 1888 1917 1928 1943 1974 1985
274,O=C(COc1ccccc1)NCCN1c2cccc1n2,29 41 80 102 114 141 182 192 197 219 265 285 291 322 345 376 378 389 415 420 452 467 480 501 529 547 561 562 586 587 588 597 628 638 650 658 660 667 695 733 807 824 834 849 862 877 904 927 935 998 1013 1018 1061 1086 1088 1145 1152 1166 1199 1213 1249 1259 1268 1305 1337 1380 1438 1452 1545 1567 1603 1668 1698 1722 1735 1750 1873 1877 1883 1887 1899 1917 1924 1966 1971 2004 2046
275,CC1(C)CCN(c2ccc([N+](=O)[O-])cc2)C(=O)O1,93 112 113 226 233 243 266 273 305 314 323 349 383 391 444 473 518 579 580 597 599 608 638 650 656 670 715 753 766 769 770 815 838 880 926 953 1016 1057 1060 1118 1162 1195 1215 1223 1224 1254 1274 1282 1309 1318 1380 1422 1457 1468 1480 1541 1652 1750 1809 1814 1825 1845 1873 1876 1903 1931 1961 1963 1979 2018 2038
276,Cn1c(=O)c2n(CCC3(C)CCCC3)c1=NC(C#N)=CC=2,62 80 129 298 317 319 378 405 429 504 505 543 561 563 564 594 597 614 641 650 674 693 748 766 790 795 802 810 821 828 892 897 906 926 927 935 1028 1057 1060 1067 1077 1136 1145 1160 1162 1208 1249 1262 1265 1274 1285 1380 1384 1395 1434 1470 1517 1524 1526 1534 1565 1581 1638 1650 1658 1742 1744 1755 1813 1851 1863 1868 1873 1874 1932 1967 2030 2033
277,CCSC1=Nc2nccc(OC)c2CN1C(=O)N1CCCCC1,2 13 80 116 118 121 165 249 251 275 294 310 341 345 361 369 377 378 463 561 599 645 650 651 658 686 695 713 735 786 787 796 807 811 822 841 846 869 923 927 935 1028 1044 1057 1064 1069 1091 1118 1139 1239 1295 1301 1316 1374 1380 1387 1438 1452 1480 1487 1536 1545 1587 1608 1612 1623 1707 1731 1750 1792 1866 1871 1873 1895 1897 1900 1908 1917 1924 1940 1941 1946 1947 1970 1972 1998 2009 2038
278,CC(OC(=O)c1ccco1)C(C)(C)C(C)(C)C1CCCCC1CC1CCc2ccccc2C1=O,1 47 69 80 114 145 176 177 226 234 246 264 276 283 293 310 314 344 352 392 393 398 418 445 469 474 481 520 522 556 621 631 650 656 670 695 713 718 734 749 787 792 805 807 868 890 926 977 984 996 1019 1028 1038 1043 1057 1066 1069 1088 1121 1156 1164 1186 1199 1230 1233 1236 1250 1322 1325 1343 1351 1377 1380 1406 1590 1592 1611 1623 1632 1708 1738 1750 1754 1783 1873 1917 1938 1942 1947 1973 1995 2003
279,Cn1c(=O)n(C)c2c3c(ccc21)NC(=O)CO3,6 45 74 139 185 262 292 314 395 400 436 441 475 480 521 564 609 632 641 650 656 690 704 714 716 771 772 790 822 830 857 916 924 926 935 939 950 958 968 971 996 1002 1037 1057 1060 1114 1126 1145 1190 1194 1244 1257 1273 1294 1364 1380 1408 1440 1501 1575 1646 1730 1746 1750 1781 1838 1873 1923 1973 1982 2019 2021 2027
280,COC(=O)c1ccc(C(=O)Oc2ccc(C=Cc3cccc(CC(=O)O)c3)cc2)cc1,25 59 70 79 80 94 145 202 212 238 244 322 325 389 447 452 464 501 539 568 584 606 627 650 694 695 718 755 761 807 835 841 857 866 875 878 897 904 906 914 947 970 1022 1028 1039 1057 1066 1088 1184 1230 1246 1300 1322 1343 1353 1380 1385 1446 1463 1478 1644 1648 1677 1695 1697 1715 1729 1737 1750 1754 1758 1822 1838 1873 1917 2033 2041
281,O=S(=O)(Nc1nc2cc(-c3ccccc3-c3ccccc3)c1cn2)c1ccccc1,4 53 83 119 148 186 188 222 241 255 260 294 319 350 352 378 389 411 457 458 469 475 491 500 502 527 575 583 623 650 679 685 708 724 728 736 784 839 843 848 875 883 885 887 890 984 1004 1080 1088 1095 1105 1152 1155 1160 1194 1199 1253 1266 1270 1343 1349 1357 1380 1437 1452 1467 1476 1496 1535 1585 1594 1658 1737 1750 1754 1763 1767 1799 1811 1828 1851 1855 1862 1873 1892 1957 1963 1978 2040
282,COc1ccc(C(=O)N2CCCN(c3nc4ccccc4c4ccccc34)C2=O)cc1,13 16 60 72 92 130 137 146 187 188 189 195 215 280 289 296 314 322 339 378 389 530 536 591 648 669 695 781 807 831 841 904 923 926 935 943 961 997 1028 1030 1051 1052 1057 1071 1076 1083 1088 1093 1097 1199 1215 1216 1234 1254 1309 1323 1334 1344 1357 1380 1385 1387 1416 1440 1457 1462 1480 1504 1511 1520 1522 1536 1539 1573 1662 1697 1722 1750 1797 1810 1855 1873 1917 1930 2003 2037
283,COC1=CC(NC(=O)COC(=O)c2ccc(O)cc2C(=O)Nc2ccccc2)=C1,0 41 47 67 80 84 94 98 110 145 147 160 167 188 191 195 208 381 389 400 464 486 508 525 584 650 659 670 695 703 734 745 807 823 841 847 875 895 965 1024 1057 1070 1077 1079 1088 1136 1152 1170 1179 1199 1307 1313 1317 1326 1378 1380 1471 1499 1536 1564 1580 1602 1603 1673 1721 1747 1750 1789 1793 1816 1873 1917 1923 1972 1978 1991 1997 2004
284,CN(CC(=O)Nc1ccccc1NS(=O)(=O)N(C)C)c1ccccc1,25 41 80 84 98 102 104 108 202 268 272 288 290 350 366 371 389 405 415 483 585 590 600 650 655 710 763 764 770 807 843 860 881 1008 1057 1088 1090 1096 1097 1101 1133 1136 1152 1163 1172 1190 1199 1201 1224 1270 1281 1380 1384 1436 1476 1487 1488 1493 1526 1550 1555 1559 1590 1644 1681 1696 1698 1750 1768 1779 1785 1816 1850 1854 1872 1873 1917 1948 1992
285,Cn1c(=O)c2c3ccccc3[nH]c2n(CCn2c(=O)[nH]c3ccccc32)c1=O,9 17 45 80 119 143 266 286 303 314 332 504 508 509 556 564 607 650 688 758 771 791 802 860 889 906 911 935 936 987 989 1019 1057 1066 1088 1104 1114 1145 1199 1214 1217 1258 1285 1287 1299 1303 1322 1337 1357 1380 1391 1422 1478 1484 1498 1510 1518 1573 1587 1591 1599 1619 1683 1745 1746 1750 1766 1783 1788 1811 1873 1952 1984 1986 1990 1995 2015
286,CCCCN1C(=O)c2nc1n(C(=O)c1ccccn1)c(=O)n2,12 80 87 181 219 255 294 314 342 370 378 416 448 471 552 588 591 632 664 794 807 855 879 917 919 934 935 1057 1063 1076 1088 1102 1107 1145 1155 1156 1188 1199 1216 1217 1243 1282 1283 1360 1365 1376 1380 1385 1386 1426 1452 1470 1501 1503 1504 1521 1527 1528 1558 1588 1647 1665 1691 1714 1724 1736 1750 1803 1821 1829 1855 1866 1873 1882 1887 1911 1917 1955 1962 1972 1975 2035
287,O=C1N2CCCCCN1CCCN(Cc1ccc(-c3ccccc3)[nH]1)CCCC2,2 80 92 212 218 273 291 303 314 389 396 407 473 502 520 541 590 620 634 650 664 680 683 697 736 784 842 892 926 935 1028 1053 1083 1088 1099 1114 1116 1125 1136 1153 1158 1160 1172 1174 1199 1218 1226 1229 1258 1324 1340 1380 1422 1425 1431 1446 1455 1480 1571 1605 1745 1750 1765 1791 1799 1801 1814 1839 1846 1851 1871 1873 1899 1916 1930 1998
288,CC(C)(C)CCN1C(=O)C(=NN2C(=O)N(c3ccc(Cl)cc3)CC2C(=O)c2ccccn2)c2cc(Cl)ccc21,42 58 80 92 114 147 154 161 165 216 230 233 297 310 314 331 351 352 378 392 438 448 471 475 520 531 552 561 588 619 650 655 685 693 725 739 763 764 807 816 822 843 846 855 875 879 926 935 946 960 965 972 978 985 997 1019 1027 1057 1070 1088 1123 1127 1145 1155 1167 1176 1192 1199 1291 1295 1308 1341 1348 1380 1407 1414 1427 1444 1452 1457 1463 1499 1602 1663 1669 1683 1693 1705 1727 1750 1787 1809 1825 1845 1853 1854 1866 1873 1876 1879 1889 1915 1917 1925 1982 1991 2032
289,O=C(Nc1ccccc1)Nc1cccc2c1-c1nc[nH]c1SC2,10 19 56 101 103 105 140 157 165 176 191 252 256 270 296 323 367 378 389 430 469 502 546 559 564 573 623 650 675 680 703 713 789 791 806 807 819 821 829 834 859 869 888 926 969 1013 1034 1039 1074 1077 1088 1114 1122 1124 1139 1152 1199 1207 1209 1224 1236 1248 1249 1276 1300 1380 1430 1447 1452 1460 1510 1583 1614 1657 1696 1708 1716 1747 1750 1782 1787 1816 1829 1873 1917 1935 1980 1989 1990
290,COc1ccccc1-c1cnc2nc1N2,12 51 122 161 167 182 228 249 288 305 316 317 342 352 364 378 463 530 546 550 552 581 650 657 695 710 723 743 774 841 848 984 1005 1012 1057 1060 1088 1114 1167 1199 1247 1255 1341 1342 1343 1380 1385 1410 1452 1484 1535 1536 1560 1592 1650 1692 1750 1776 1781 1787 1832 1840 1855 1873 1902 1958 1970 2012
291,COC(=CC=Cc1ccc(OC)cc1C(=O)NC(=O)NC(C)=O)C=C(C=Cc1ccccc1)[N+](=O)[O-],31 105 116 172 185 221 233 245 250 313 316 322 329 389 405 410 421 432 442 468 473 486 548 558 560 596 607 612 616 650 694 695 715 718 731 753 759 774 781 803 807 834 835 838 841 875 878 898 916 926 929 961 995 1012 1017 1057 1061 1069 1083 1088 1097 1119 1120 1152 1181 1199 1217 1224 1251 1255 1308 1319 1353 1379 1380 1401 1404 1440 1522 1536 1551 1561 1609 1645 1702 1730 1750 1766 1823 1861 1873 1882 1917 1949 1963 1989 1991 2017 2033
292,COc1cccc(S(=O)(=O)N2CCCN(c3cc(OC)ccc3O)C2=O)c1,1 4 41 49 92 215 216 222 245 251 260 314 319 322 350 421 432 498 507 541 562 575 576 650 664 695 707 718 741 781 800 810 841 875 883 926 935 1028 1039 1045 1051 1057 1083 1088 1212 1255 1280 1295 1380 1426 1436 1442 1444 1457 1475 1476 1480 1516 1524 1536 1539 1600 1602 1607 1642 1671 1693 1729 1731 1750 1759 1790 1809 1811 1873 1876 1955 1972 2000 2035
293,C=NN=NC1=C(C(=O)c2ccc(Cl)cc2)CCCC1,9 62 71 107 171 216 310 386 391 457 489 496 546 561 573 591 616 650 713 725 807 816 820 926 931 938 969 985 1002 1019 1028 1030 1070 1092 1110 1181 1202 1289 1356 1380 1385 1390 1463 1464 1485 1486 1506 1563 1567 1588 1612 1683 1697 1726 1738 1743 1750 1775 1802 1841 1863 1867 1873 1908 1917 2038
294,O=c1c2cccn1CCCCCCCCCC2,2 4 43 95 255 310 314 323 504 556 558 606 650 681 755 756 776 876 926 935 945 998 1002 1025 1028 1066 1088 1101 1236 1239 1269 1354 1380 1391 1448 1472 1480 1640 1738 1750 1757 1760 1783 1873 1929 1958 1970 1998 2042
295,CCC1n2cccc(c2=O)C1(C)C,80 95 109 112 176 188 189 275 294 314 406 433 439 504 568 577 606 619 626 641 650 672 712 735 748 751 795 910 911 923 935 949 954 955 957 972 1019 1029 1057 1060 1088 1101 1191 1206 1230 1237 1254 1268 1274 1316 1372 1380 1454 1460 1465 1480 1502 1566 1680 1730 1750 1776 1849 1865 1873 1950 1971 1980 2003 2021
296,CCC(=O)n1cccc(C(=O)c2ccccc2)c1=O,9 22 53 55 56 76 80 95 127 140 189 211 294 313 314 324 389 412 429 462 504 515 581 593 633 646 650 730 751 763 805 807 815 874 875 898 917 935 1009 1057 1064 1067 1088 1101 1199 1254 1375 1380 1385 1430 1434 1447 1450 1490 1507 1513 1567 1597 1659 1734 1750 1775 1788 1802 1861 1873 1917 1949 1964 1985 1991 2015 2034
297,CC(C)(C)CCN(CCCc1ccccc1)C(=O)c1cccc(-c2c3cccc2-3)c1,55 65 80 114 119 132 207 218 246 274 352 389 392 448 519 602 634 650 685 710 736 794 806 807 828 875 881 927 978 984 997 1039 1045 1054 1057 1064 1066 1088 1093 1096 1097 1160 1179 1180 1199 1243 1252 1272 1288 1308 1326 1374 1380 1385 1390 1427 1509 1528 1543 1573 1672 1741 1747 1750 1754 1762 1828 1846 1873 1901 1911 1917 1951 1968 1984 1985 2021
298,O=C(NCC1CN2CCN1CC2)NC1=CC=C2NN=C1N2,48 71 90 144 145 197 201 202 209 216 223 268 283 312 325 329 346 378 380 478 479 543 645 650 680 693 729 739 758 807 818 838 899 903 916 926 935 961 966 976 980 981 988 1019 1021 1058 1060 1114 1152 1200 1249 1259 1291 1335 1355 1367 1374 1380 1468 1472 1480 1497 1499 1552 1573 1604 1617 1713 1736 1789 1798 1816 1833 1854 1873 1909 1917 1989 2003 2031 2036
299,CN1Cc2nc(-c3c4c(=O)c5ccccc5n3CCC4)[nH]c2C1=O,4 10 27 45 68 106 107 119 155 160 161 184 261 289 299 314 339 361 378 406 463 501 523 525 560 650 765 806 811 836 851 879 913 920 926 935 965 979 987 1009 1021 1028 1057 1067 1076 1088 1114 1138 1145 1148 1199 1224 1231 1247 1256 1284 1285 1331 1346 1354 1357 1359 1369 1373 1380 1391 1398 1402 1406 1431 1480 1496 1529 1553 1573 1607 1609 1644 1693 1718 1722 1738 1745 1750 1751 1787 1822 1824 1825 1847 1855 1864 1873 1874 1901 1946 1948 1952 1992
300,CCC1CCN2CC1N(C(=O)C1=CC=C(C(F)(F)F)C1=CC=C(C)C)C2=O,20 56 79 80 92 114 141 167 180 199 219 226 243 294 311 314 321 333 335 337 407 414 452 458 467 481 532 562 607 614 631 649 650 666 676 694 735 739 766 807 809 890 926 935 936 957 1007 1008 1015 1017 1019 1052 1053 1056 1057 1112 1113 1120 1149 1153 1162 1180 1198 1225 1257 1319 1325 1329 1380 1382 1390 1419 1423 1453 1454 1480 1484 1504 1516 1555 1562 1567 1580 1636 1689 1697 1773 1812 1852 1856 1873 1917 1928 1937 1973
301,O=C(c1ccc2c(ccn2CCCCCCCCCN2CCCC2)c1)N1CCC1,22 45 80 100 103 190 221 247 346 369 497 508 610 618 623 624 650 652 653 713 781 818 834 875 888 893 917 926 935 942 1019 1028 1034 1079 1083 1101 1115 1137 1143 1145 1165 1241 1248 1263 1283 1380 1385 1403 1422 1455 1480 1482 1504 1527 1539 1589 1640 1669 1679 1697 1725 1750 1785 1791 1798 1803 1820 1842 1855 1873 1911 1917 1932 1950 1998 2009 2021 2030
302,COc1cc2cc(c1)S(=O)(=O)N2C(=O)S(=O)(=O)NC(C)=O,36 127 162 165 176 186 204 207 245 306 307 309 310 320 322 350 409 469 473 524 569 650 695 721 781 807 841 842 875 889 892 935 983 990 1017 1057 1099 1129 1130 1152 1171 1218 1222 1250 1380 1429 1459 1473 1476 1498 1536 1541 1542 1545 1548 1621 1643 1679 1687 1701 1742 1749 1750 1760 1783 1793 1803 1824 1825 1873 1904 1905 1917 1928 1959 1978 2040
303,N#C[N+](=O)NC1CCCC(O)C1N1C(=O)[N-]c2nnc1[nH]2,4 19 27 39 99 112 145 147 156 168 170 190 263 314 350 356 378 398 506 528 555 575 579 613 650 651 674 676 719 720 753 790 796 807 828 849 903 926 935 967 1019 1028 1039 1041 1063 1077 1114 1152 1164 1193 1198 1201 1215 1232 1257 1259 1269 1293 1296 1325 1327 1330 1360 1376 1380 1384 1403 1416 1590 1689 1745 1753 1764 1798 1846 1867 1871 1898 1900 1906 1917 1922 1940 1958 1963 2032 2036
304,CN(CCN(C)c1ncc2c(n1)-c1ccccc1CC2)c1ccccc1,5 80 110 127 226 242 270 288 323 336 352 368 378 389 479 499 500 544 769 844 848 881 926 932 980 984 1038 1057 1065 1088 1096 1101 1151 1163 1186 1199 1236 1333 1351 1380 1405 1452 1462 1468 1505 1535 1540 1555 1589 1610 1665 1680 1708 1738 1739 1822 1830 1855 1873 1951 1964 1966
305,CCOCCn1c(=O)n(-c2nc3ccccc3s2)c(=S)n(C2CCCCC2)c1=O,2 13 77 80 97 105 129 135 160 162 242 289 294 303 314 378 423 437 461 478 532 545 557 629 632 640 650 653 675 689 695 771 802 814 849 885 890 892 926 929 930 935 980 1010 1019 1028 1039 1057 1088 1097 1145 1183 1187 1199 1238 1268 1325 1335 1349 1375 1380 1385 1403 1551 1601 1648 1676 1694 1707 1717 1750 1835 1847 1854 1855 1873 1886 1898 1910 1940 1992 1993 2046
306,CN(C(=O)c1cccc2ccccc12)c1nc2ccccc2o1,30 47 54 68 192 197 212 232 289 378 402 424 430 440 487 528 559 599 637 650 651 656 659 692 777 785 801 803 807 843 859 881 893 910 929 1039 1057 1087 1097 1104 1111 1119 1128 1160 1163 1197 1199 1221 1245 1264 1307 1357 1380 1439 1447 1477 1492 1531 1534 1554 1558 1573 1597 1599 1604 1637 1750 1779 1808 1825 1855 1873 1876 1883 1894 1917 1972 1991 1992 2016
307,COc1ccc(C(=O)N(CC(=O)N2CCCC2=O)C(C)=O)cc1,80 113 174 303 314 322 329 360 421 459 530 573 587 588 619 642 650 693 695 706 716 718 781 798 807 815 831 841 846 881 926 932 935 937 959 1009 1017 1028 1031 1037 1057 1093 1110 1120 1138 1174 1182 1190 1215 1221 1226 1230 1269 1293 1326 1372 1380 1385 1387 1417 1453 1480 1529 1535 1536 1570 1588 1614 1648 1659 1697 1698 1738 1750 1751 1801 1873 1874 1917 2031
308,Cc1ccccc1CN(C(=O)CC(C)(C)C)c1cc2ccc1OS2(=O)=O,16 20 26 80 96 114 173 207 227 253 269 288 315 316 343 354 364 375 392 423 469 507 517 547 552 646 650 656 712 730 783 798 807 811 846 875 878 881 912 919 975 997 1035 1052 1057 1061 1088 1092 1099 1110 1119 1169 1187 1199 1216 1226 1301 1339 1349 1380 1391 1414 1459 1470 1528 1597 1631 1679 1722 1750 1833 1857 1858 1867 1873 1905 1907 1917 1930 1999 2018
309,CN(Cc1ccc(OCc2ccccc2)cc1)C(=O)c1ccccc1C(=O)Nc1ccc(C#N)cc1,12 34 80 102 107 143 191 197 211 247 248 252 265 305 310 322 334 336 389 390 396 399 433 486 507 520 529 573 597 620 650 654 674 692 695 718 745 750 790 795 807 843 847 881 976 996 1028 1057 1066 1077 1088 1136 1147 1152 1163 1221 1228 1291 1294 1301 1306 1340 1373 1380 1384 1435 1447 1448 1452 1541 1701 1744 1749 1750 1754 1756 1800 1816 1871 1873 1917 1954 1958 1978 1991 2042
310,OCC1OC(=CC(=C(I)c2ccccc2)c2ccccc2)OC1O,1 80 98 222 321 366 389 422 446 477 535 549 576 610 654 656 661 679 694 711 718 750 771 784 805 807 835 863 906 950 1019 1028 1088 1107 1117 1166 1199 1210 1257 1260 1292 1308 1318 1327 1335 1342 1373 1380 1385 1402 1411 1421 1455 1507 1516 1528 1551 1678 1683 1743 1750 1764 1873 1931 1955 1985
311,CC(C)(C)C(=O)N1CC2CCCCCC3=CC=C3N(C2)C1=O,2 52 54 92 114 145 247 266 270 281 282 296 310 314 334 355 364 392 400 436 541 566 592 650 719 739 785 807 810 814 845 890 926 935 940 993 1019 1028 1035 1048 1056 1057 1062 1107 1145 1223 1233 1249 1325 1351 1365 1380 1387 1410 1446 1457 1468 1524 1525 1719 1738 1749 1755 1771 1775 1873 1917 1937 1953 1969 1984
312,COC(=O)CCCC(=O)Nc1ccc(SCC(=O)N2CCCC2)c(OC)c1,14 41 44 80 89 116 133 150 160 184 191 195 240 249 341 369 406 410 490 500 525 532 554 583 650 670 695 739 758 760 807 828 841 843 864 875 890 901 918 926 935 938 949 1000 1002 1009 1022 1025 1028 1033 1057 1068 1082 1152 1187 1212 1229 1247 1270 1273 1292 1350 1380 1382 1386 1399 1480 1489 1506 1508 1516 1549 1558 1564 1573 1601 1664 1689 1718 1733 1750 1806 1816 1826 1871 1873 1887 1903 1911 1917 1955 1959 1970 1998 2006 2009
313,O=C(c1ccc(Cl)cc1-c1cccc2ccc(Cl)cc12)N1CCN2CCCCC2C1,17 37 59 67 165 203 216 230 235 319 335 352 362 413 451 453 507 558 583 607 644 649 650 677 739 764 790 807 816 843 875 883 890 894 926 935 981 984 1005 1019 1028 1031 1039 1082 1087 1088 1104 1120 1236 1253 1317 1325 1343 1357 1380 1480 1499 1504 1516 1518 1524 1551 1589 1675 1683 1692 1701 1735 1736 1750 1762 1848 1854 1855 1870 1873 1910 1917 1964 1991 1993 1998 2009 2013
314,COc1ccc2c3ccc(c2c1)C(=O)N1CCCC3C1=O,5 60 75 131 159 215 225 258 263 303 314 319 322 332 352 446 490 495 513 550 575 589 649 654 680 695 718 725 781 804 813 820 841 862 875 879 918 926 930 935 948 1002 1019 1027 1028 1039 1057 1058 1101 1161 1192 1325 1339 1357 1372 1380 1396 1400 1430 1438 1457 1480 1536 1584 1626 1628 1710 1733 1745 1750 1814 1845 1873 1951 1972
315,COc1ccc(OC(=O)C=Cc2ccccc2N(C)C)cc1,9 19 31 64 112 122 165 173 176 188 196 242 274 322 326 342 352 451 472 507 573 648 650 657 694 695 696 701 718 807 813 831 835 839 841 881 902 919 938 940 952 961 1057 1073 1088 1124 1163 1184 1199 1280 1361 1362 1389 1416 1446 1536 1610 1629 1643 1700 1729 1742 1750 1813 1819 1873 1878 1888 1895 1917 1930 1944 2018 2036 2040
316,CN1C(=O)N(C(=O)NC2=CC(Cl)=C2)C(C2CCSC2(C)C)C(=O)Nc2ccccc21,7 20 36 84 92 113 115 149 218 311 314 339 343 400 496 519 537 546 561 596 650 654 659 662 666 675 689 694 713 715 737 784 789 807 822 860 861 870 913 926 935 965 967 987 996 1019 1034 1042 1048 1057 1060 1088 1114 1145 1149 1152 1199 1209 1274 1295 1314 1318 1325 1329 1380 1408 1454 1466 1470 1473 1475 1484 1496 1560 1561 1647 1683 1736 1750 1790 1816 1849 1873 1917 1929 1970 1978 1980 1982 1985 2036 2047
317,CC(C)(C)C1C(Cl)=Nc2nnc(-c3cc(Cl)ccc3Oc3cccc(C(F)(F)F)c3)n2C1C(=O)O,23 31 94 107 114 120 126 138 164 165 216 223 240 281 303 322 329 352 378 389 392 416 470 504 516 549 561 562 590 622 628 650 661 671 694 695 701 735 748 776 790 807 809 816 843 844 876 915 927 935 958 961 976 1019 1039 1057 1063 1087 1088 1127 1132 1134 1164 1167 1194 1198 1260 1268 1281 1370 1380 1384 1417 1431 1453 1457 1460 1508 1522 1558 1603 1617 1618 1641 1652 1683 1702 1719 1722 1732 1750 1837 1855 1873 1917 1928 1929 1970 1976 2000 2005 2017
318,NS(=O)(=O)NC1=NC2=NN(c3ccccc3)C1=C1C=CC=C(c3ccccc3)N21,155 191 196 203 225 235 293 345 350 378 389 396 412 468 476 478 482 540 542 547 554 566 617 618 620 623 626 632 650 665 731 736 771 775 846 847 850 862 910 927 935 949 985 1031 1049 1087 1088 1093 1129 1152 1158 1160 1164 1171 1199 1203 1204 1223 1249 1270 1356 1380 1432 1442 1460 1476 1483 1489 1546 1569 1592 1607 1613 1619 1620 1632 1686 1750 1784 1792 1825 1829 1873 1953 1954 1975 1999
319,COc1cccc(N(C(=O)c2nc(-c3ccccc3)[nH]c2C(=O)N2CCCC2)C2C(=O)N3CCC2C3)c1,5 144 147 161 175 191 214 216 226 270 285 288 314 322 323 327 335 336 340 346 357 369 378 381 389 400 407 482 483 490 494 562 567 585 631 650 656 673 683 695 730 736 753 777 781 799 807 841 875 881 926 935 939 942 974 993 1018 1019 1028 1039 1057 1088 1096 1112 1114 1119 1160 1162 1177 1179 1199 1202 1221 1241 1242 1270 1281 1282 1283 1325 1380 1395 1396 1434 1454 1479 1480 1504 1521 1537 1606 1609 1651 1698 1700 1745 1750 1752 1766 1855 1881 1917 1921 1972 1998 2009 2046
320,COc1ccccc1OCCCCC(=O)n1c2ccc(NC(C)=O)cc2c(=O)c2ccc(C)cc21,13 45 80 82 140 155 184 191 235 239 245 249 314 393 402 411 477 487 525 526 530 540 626 650 695 712 713 755 775 807 841 842 843 849 866 875 887 891 899 922 935 992 1009 1013 1017 1032 1048 1057 1064 1076 1088 1100 1135 1152 1199 1209 1220 1249 1264 1267 1282 1331 1357 1360 1380 1410 1450 1452 1474 1518 1529 1535 1536 1550 1564 1596 1722 1729 1733 1746 1750 1800 1801 1816 1823 1846 1873 1878 1902 1911 1913 1917 1970 2019 2021 2043
321,CC(C)(C)C1OC2=CC=C2C(OC2CCCCC2)C1O,0 2 7 28 85 108 114 119 202 262 327 370 386 392 397 484 565 568 577 590 656 680 695 704 716 718 742 750 755 758 762 807 837 840 875 890 903 916 926 996 1012 1019 1028 1047 1057 1104 1105 1111 1116 1122 1147 1183 1198 1203 1223 1249 1257 1289 1321 1325 1360 1380 1381 1415 1487 1511 1580 1586 1618 1696 1732 1800 1802 1833 1860 1873 1875 1953 2013
322,CCC(=O)OC1C(COc2cccc(NC(=O)c3cccc(Cl)c3)c2)N1S(=O)(=O)c1cccc(-c2ccc(C)nn2)c1,42 64 67 80 86 87 90 165 180 184 189 191 216 294 307 319 321 322 326 335 347 350 367 378 387 413 449 464 486 502 509 526 561 562 563 573 575 592 596 625 650 682 693 695 703 706 736 746 749 751 755 795 800 806 807 810 811 875 898 900 903 906 935 980 1019 1025 1035 1039 1057 1088 1113 1126 1128 1136 1152 1160 1164 1218 1352 1355 1364 1380 1384 1385 1386 1410 1412 1431 1446 1452 1476 1501 1529 1545 1562 1596 1623 1643 1660 1683 1722 1729 1731 1750 1771 1795 1816 1847 1858 1873 1875 1894 1917 1923 1945 1954 1978 1985
323,Cc1ccc(C(=O)NC(=O)CCCCCN(C)C(=O)C2=CC=C(Cl)C2=O)cc1,9 12 41 80 116 149 235 269 272 314 332 334 382 414 486 512 556 561 576 597 631 650 689 728 745 750 792 807 881 904 907 922 930 995 1011 1057 1118 1119 1143 1152 1163 1221 1249 1250 1259 1267 1280 1285 1322 1366 1374 1376 1380 1385 1457 1476 1508 1515 1564 1567 1629 1652 1665 1669 1683 1687 1695 1697 1704 1718 1722 1750 1752 1758 1823 1873 1875 1911 1914 1917 1920 1950 1951 1995 2015 2018 2033
324,COc1ccc(NC(=O)N2CCN(C(=O)NCCOc3csc(C(=O)N4CCOCC4)c3)C2=O)cc1,0 11 13 17 32 80 86 92 165 191 197 198 206 218 285 314 322 347 363 382 404 419 421 440 472 490 502 523 530 546 552 650 656 667 675 695 718 723 755 768 772 775 780 781 807 831 841 843 866 915 923 926 935 942 950 1017 1034 1057 1077 1152 1220 1297 1327 1380 1387 1399 1405 1406 1417 1441 1452 1454 1480 1493 1504 1536 1554 1567 1599 1635 1725 1726 1750 1775 1790 1816 1819 1824 1864 1873 1875 1884 1917 1997 2009
325,CC(=CC1=Cc2cc(ccc2C)C1(F)F)N=C(N=C(C)C)NC(C)C,1 3 15 26 72 73 84 107 112 117 160 191 251 283 285 363 388 403 484 492 494 556 664 694 704 725 782 786 807 816 875 884 895 932 959 979 986 1000 1002 1017 1028 1057 1060 1152 1205 1226 1227 1228 1241 1309 1312 1347 1349 1380 1404 1414 1424 1448 1488 1502 1596 1619 1621 1627 1648 1691 1720 1722 1746 1750 1763 1812 1873 1893 1928 1942 1948 1970 2032 2042
326,CC(C)(C)c1ccc(=O)n(C2COC(C3CCCCN3C(=O)c3ccc(O)cc3)C2O)c1,26 33 41 92 114 184 193 216 221 242 274 298 310 314 340 351 363 392 464 512 541 577 580 614 630 650 656 681 711 744 745 802 807 809 816 837 890 905 925 926 935 956 957 970 981 1019 1028 1048 1057 1067 1074 1141 1149 1212 1239 1257 1304 1313 1325 1339 1364 1380 1381 1385 1417 1442 1473 1480 1487 1504 1511 1521 1602 1665 1670 1689 1697 1708 1715 1750 1778 1827 1852 1873 1917 1923 1929 1964 1973 1998 2037
327,COc1ccc2c(c(C(=O)n3c(=O)[nH]c4ccccc43)cn2-c2ccccc2)c1OC,45 94 119 126 137 147 249 268 282 305 314 333 374 389 411 432 434 464 544 555 564 593 613 618 635 650 656 695 758 763 771 774 807 810 817 841 883 926 935 958 987 1057 1088 1114 1128 1199 1260 1282 1285 1380 1462 1504 1534 1536 1537 1587 1599 1615 1626 1632 1652 1716 1745 1750 1783 1791 1812 1825 1865 1873 1885 1901 1917 1924 1939 1970 1984 1991 1995 2021 2036
328,CCCCCCC(=O)NC(C(=O)Nc1nc2c(C)c-2n1)C(C)NC(=O)CC,1 41 67 70 75 80 117 197 233 252 270 283 294 323 348 373 378 398 405 450 456 550 573 591 608 622 637 718 734 739 743 768 794 807 828 829 842 859 885 895 898 911 964 1005 1057 1102 1118 1141 1143 1144 1152 1185 1197 1247 1267 1295 1344 1359 1380 1425 1444 1517 1564 1582 1586 1631 1701 1718 1722 1787 1816 1855 1866 1904 1911 1917 1925 1967
329,CCCC1C2OC3C4C(CCCCCCCCCCCCC5=CC=C5C)C(=O)N3C(C2O)C14,5 77 80 142 181 221 224 233 234 263 291 294 298 311 314 334 353 363 443 470 471 559 570 580 647 650 656 682 683 744 783 793 794 807 808 832 854 860 870 872 916 935 944 977 1003 1005 1019 1023 1057 1071 1143 1150 1176 1184 1195 1205 1215 1243 1249 1257 1380 1389 1487 1490 1493 1584 1585 1604 1687 1713 1722 1724 1768 1844 1854 1873 1911 1921 1979 2006 2043
330,Cn1nc(-c2ccccc2-c2cncnc2)nc1C(C)(C)c1ccccc1,6 8 65 114 188 199 257 302 349 352 378 389 392 402 423 450 469 489 609 618 649 670 679 755 835 881 887 935 984 992 993 1014 1043 1047 1057 1071 1074 1075 1088 1101 1105 1139 1145 1155 1160 1173 1182 1199 1278 1289 1301 1380 1385 1417 1474 1508 1535 1547 1556 1572 1585 1603 1620 1630 1698 1750 1782 1793 1855 1873 1881 1946 1956 1984 2017 2034
331,O=C1C#CCCCCCCCC1,2 45 99 102 151 160 164 173 179 287 300 310 314 366 413 525 571 576 650 808 820 837 870 926 933 957 973 1028 1054 1057 1086 1150 1208 1309 1367 1379 1380 1392 1455 1483 1491 1499 1512 1513 1565 1577 1637 1662 1755 1886 1938 1973 2038 2046
332,CC(=O)CC1NC(=O)c2ccsc2Sc2ccccc21,3 14 32 80 115 157 185 190 204 249 301 313 314 350 352 359 368 371 397 518 534 554 581 595 643 650 666 668 675 678 684 728 807 949 953 1001 1003 1004 1017 1019 1027 1057 1063 1088 1114 1123 1127 1153 1156 1184 1199 1201 1229 1302 1366 1380 1401 1550 1566 1567 1574 1585 1641 1647 1657 1666 1693 1732 1750 1772 1773 1785 1791 1804 1830 1848 1849 1873 1897 1917 1925 1985 2022 2044
333,CC(C)N(C)S(=O)(=O)c1cccc(S(=O)(=O)O)c1,1 259 272 283 312 319 350 370 466 575 592 605 626 650 704 746 785 803 807 812 815 875 881 972 1039 1057 1088 1102 1123 1150 1163 1173 1223 1237 1251 1271 1280 1365 1380 1408 1438 1451 1473 1476 1480 1518 1528 1540 1700 1750 1763 1764 1873
334,O=C(Oc1cccnc1)N1Cc2cc(N3CCCC3)ccc2C1=O,21 22 79 106 112 156 233 314 322 352 378 386 399 407 437 489 496 540 562 650 661 680 687 695 701 751 763 807 820 843 875 879 889 926 935 982 983 1002 1018 1022 1028 1037 1043 1065 1088 1172 1197 1236 1247 1272 1302 1327 1370 1380 1387 1470 1480 1502 1535 1549 1586 1591 1596 1603 1642 1713 1716 1729 1730 1741 1750 1795 1825 1866 1873 1882 1917 1946 1998 2033 2038 2041
335,Cc1ccc(C(=O)NCCNC(=O)c2ccccc2)s1,8 40 41 80 162 197 222 249 265 270 278 295 389 419 579 623 625 650 667 675 706 724 732 767 807 813 835 891 893 955 1005 1057 1088 1100 1123 1146 1152 1199 1214 1256 1316 1368 1380 1385 1424 1465 1601 1637 1665 1722 1725 1733 1750 1780 1855 1873 1917 1941 1950 1985 2005 2028
336,CC1(C)CCN(C(=O)C#N)C[C-]1Oc1ccc([N+](=O)c2ccc(F)cc2)cc1,8 29 44 90 262 264 318 326 333 369 382 383 425 431 456 486 520 551 620 650 667 674 675 676 695 699 718 751 753 770 790 798 803 807 926 935 936 977 1038 1057 1060 1080 1128 1141 1162 1211 1217 1244 1252 1263 1274 1292 1316 1380 1382 1384 1406 1410 1460 1478 1480 1500 1521 1534 1535 1636 1642 1665 1670 1680 1720 1735 1750 1788 1790 1796 1813 1814 1834 1836 1873 1885 1908 1917 1928 1963 2009
337,CN(CCC(=O)N1C(=O)CCCC1(C)C)S(=O)(=O)c1ccc(C(F)(F)F)cc1,42 90 93 98 114 213 226 268 285 291 319 350 376 383 444 496 552 556 650 683 715 798 807 809 815 824 881 898 926 935 985 1009 1019 1028 1030 1056 1057 1060 1083 1097 1118 1123 1162 1163 1182 1219 1260 1274 1346 1380 1405 1417 1426 1453 1476 1485 1564 1625 1662 1665 1693 1738 1750 1766 1825 1854 1873 1886 1917 1918 1925 1928 1946 1951 2000 2013 2027
338,N#CC=CC=c1ccccc1=CC=Cc1cccc2cc(Cl)cc(C(=O)O)c12,4 77 149 157 165 185 189 199 216 239 248 266 274 325 352 359 364 389 414 432 441 446 456 471 491 549 561 590 674 690 691 694 704 714 744 790 812 835 875 890 894 961 988 1039 1047 1064 1073 1087 1088 1199 1257 1275 1290 1313 1327 1339 1367 1379 1380 1384 1392 1525 1528 1580 1585 1595 1609 1613 1683 1709 1725 1729 1747 1748 1750 1773 1780 1797 1827 1855 1858 1868 1873 1917 1984 1991 2014 2015 2041
339,COc1cc(Cl)ccc1-c1csc(=S)n(-c2n[nH]c(-c3ccccc3)n2)c1=O,32 74 97 103 106 165 216 224 241 288 289 304 314 315 324 352 378 382 389 422 475 496 504 510 534 540 541 552 561 591 650 652 657 673 675 680 695 703 719 722 736 811 816 841 875 935 992 996 1004 1056 1057 1064 1088 1107 1114 1160 1199 1205 1245 1256 1264 1298 1318 1370 1380 1397 1468 1567 1609 1629 1683 1685 1698 1717 1750 1754 1790 1795 1825 1855 1871 1942 1970 1993 2004
340,O=C(Nc1nccc(-c2cccc(Cl)c2)n1)c1ccccc1,10 81 165 206 216 298 320 323 378 381 385 389 486 504 561 592 635 650 724 736 787 806 807 875 980 1013 1039 1041 1085 1088 1144 1150 1152 1160 1170 1171 1192 1199 1321 1380 1385 1393 1395 1423 1443 1452 1488 1504 1557 1562 1577 1582 1595 1603 1663 1665 1673 1683 1750 1757 1795 1816 1819 1855 1866 1873 1917 1948 1975 1985 2036
341,O=C(Nc1ccc(S(=O)(=O)N2CCCC2)cc1)C1CCCCO1,5 96 182 189 191 192 223 263 272 286 319 350 361 366 374 539 545 585 601 604 636 650 655 656 675 689 693 703 715 749 757 802 807 822 837 843 888 890 899 926 935 950 1015 1019 1028 1044 1147 1152 1218 1224 1231 1249 1256 1261 1270 1325 1374 1380 1476 1480 1501 1507 1520 1548 1556 1616 1618 1655 1675 1691 1693 1748 1750 1790 1814 1816 1844 1864 1873 1878 1884 1911 1917 1979 1998 2015 2036
342,Cc1cc(I)c(-c2cc3ccccc3c(=O)n2CCC(C)C(C)O)s1,1 32 77 80 94 103 104 111 137 157 162 227 241 283 314 317 456 484 504 530 582 625 650 655 661 675 712 713 721 739 765 785 787 792 802 804 807 822 830 835 836 845 846 875 904 935 947 975 1039 1056 1057 1078 1087 1088 1103 1145 1184 1198 1199 1243 1245 1277 1326 1332 1357 1380 1414 1423 1459 1484 1573 1682 1692 1693 1696 1722 1728 1733 1750 1785 1786 1852 1855 1873 1995
343,CN(CCn1c(-c2ccccc2)nn(-c2ccc(-c3c[nH]c(N)c3)cc2)c1=O)C(N)=O,75 80 140 222 233 273 305 314 331 334 342 368 378 379 389 462 490 538 555 557 633 634 640 650 671 736 763 771 791 802 806 807 875 881 892 896 908 935 963 966 1057 1088 1114 1145 1160 1163 1171 1190 1196 1199 1200 1278 1288 1338 1349 1350 1351 1380 1434 1438 1440 1457 1460 1498 1722 1750 1770 1825 1852 1854 1858 1865 1873 1879 1902 1917 1926 1951 1956 1957 1964 2024 2044
344,Cc1ccc(-c2nc(=O)n(Cc3cccc(C)c3)c(=O)n2C)cc1,80 94 109 178 235 278 297 306 314 331 335 348 378 463 486 490 556 564 571 599 650 693 708 744 770 771 802 835 860 875 895 896 935 1002 1013 1039 1055 1057 1066 1088 1096 1145 1151 1160 1175 1214 1337 1351 1380 1407 1411 1414 1440 1607 1627 1644 1686 1697 1705 1719 1722 1750 1754 1765 1770 1823 1855 1873 1887 1901 1912 1920 1994
345,Cc1ccccc1C=CC(=O)c1cc(=O)n(C)c(=S)[nH]1,31 60 63 97 101 143 172 227 269 273 283 314 342 356 359 364 414 417 432 441 465 472 473 528 564 595 650 679 694 744 775 807 835 844 848 865 875 882 913 935 960 961 973 977 985 1017 1034 1045 1057 1061 1088 1112 1114 1128 1141 1145 1173 1179 1199 1218 1248 1256 1313 1334 1380 1382 1391 1468 1494 1515 1548 1602 1625 1637 1667 1698 1717 1719 1722 1745 1750 1783 1801 1817 1834 1873 1917 1929 1945 1946 1952 1999 2008
346,Cc1ccc2[nH]c(NC(=O)CN(c3ccccc3)S(=O)(=O)c3ccncc3)nc2c1,41 66 75 80 89 119 216 226 235 262 267 268 285 288 319 350 352 378 383 389 464 473 524 535 536 552 576 615 635 650 683 760 790 797 807 815 831 866 875 881 1013 1057 1088 1096 1097 1110 1114 1152 1190 1194 1199 1208 1212 1230 1242 1284 1332 1380 1386 1423 1438 1455 1461 1470 1476 1567 1580 1603 1630 1684 1693 1722 1745 1750 1782 1816 1823 1849 1855 1866 1873 1883 1897 1905 1917 1939 1946 1947 1957 1969 1998 2012 2018 2035
347,FC(F)(F)c1cccc(OC(CCCNc2nccc(Cl)n2)N2CCc3ccccc32)c1,1 39 61 80 107 114 120 121 149 177 196 206 212 229 248 302 317 322 331 378 380 390 493 524 561 562 664 667 679 688 695 704 708 739 755 787 809 831 875 909 915 926 935 952 984 1003 1005 1039 1065 1077 1088 1152 1199 1236 1260 1295 1296 1306 1356 1366 1380 1404 1416 1417 1425 1452 1453 1470 1480 1522 1569 1582 1601 1619 1647 1662 1669 1676 1683 1708 1738 1750 1758 1786 1796 1819 1852 1855 1862 1866 1873 1888 1911 1913 1917 1926 1928 1972 1976 1981 1994 2010 2017 2037
348,Cc1c2c3c4ccccc4c1C(C(C)O2)N3C(C)(C)C,38 50 83 106 114 146 156 168 204 252 294 340 392 408 422 460 495 534 656 691 722 736 750 777 805 814 821 877 901 910 925 926 935 991 1004 1019 1057 1068 1088 1125 1135 1199 1201 1294 1309 1347 1353 1357 1380 1407 1443 1444 1471 1505 1551 1573 1574 1599 1648 1716 1722 1750 1756 1873 1877 1942 1980 1993
349,O=C1C2=C(c3cc([N+](=O)[O-])ccc3OC2)N1CCC1CCCCC1,2 7 29 51 80 95 114 191 203 205 289 314 352 370 386 441 484 498 503 525 532 537 557 572 588 609 613 650 656 681 715 731 753 787 815 832 838 875 879 884 890 897 926 935 961 990 1011 1019 1028 1035 1047 1051 1061 1093 1108 1113 1117 1145 1195 1235 1274 1279 1325 1346 1347 1348 1355 1371 1380 1410 1415 1438 1463 1531 1671 1696 1708 1735 1750 1799 1809 1814 1824 1856 1873 1904 1905 1940 1963 1973 1997 2007 2010 2024
350,COc1ccc2c(C)ccc(C(=Cc3c4ccc5cc4oc35)C(=O)N3CCCC4(C)C(OC)C(O)C(N)C34)c2c1,9 18 60 63 67 120 121 132 133 148 158 193 202 203 242 277 295 322 350 380 388 406 450 474 484 533 541 580 607 618 640 650 656 684 694 695 718 736 742 769 781 795 802 807 828 834 841 875 886 895 896 901 926 935 937 951 959 970 1019 1026 1028 1034 1047 1049 1052 1056 1057 1060 1076 1110 1162 1171 1211 1244 1257 1259 1272 1274 1282 1297 1331 1338 1357 1380 1384 1385 1391 1446 1449 1477 1480 1487 1516 1526 1536 1558 1573 1578 1584 1594 1602 1604 1607 1654 1656 1660 1691 1706 1722 1733 1746 1750 1753 1808 1823 1832 1853 1855 1873 1893 1909 1917 1930 1972 1991 2034 2045
351,O=C1COCCN(S(=O)(=O)c2ccccc2F)CC2CCCCN12,92 127 128 161 177 199 207 288 292 314 317 323 350 362 372 375 377 383 392 460 486 507 523 585 609 634 650 656 684 699 731 739 752 798 800 831 844 888 890 926 935 950 958 960 969 971 992 1017 1019 1028 1032 1039 1073 1079 1088 1100 1119 1325 1380 1404 1429 1441 1449 1457 1462 1476 1480 1486 1490 1514 1564 1599 1605 1607 1632 1663 1672 1689 1749 1750 1783 1791 1840 1873 1910 1928 1934 1963 1978 1993 1998 2041
352,CCN(CCN(CCn1c2cc(C)c1nn2)C(=O)n1c(=O)c2ccc1cc2)C(=O)C1=CC=C1,13 27 65 80 95 115 168 196 202 223 232 248 283 285 294 314 323 332 345 378 395 399 489 493 504 547 586 602 647 650 688 781 802 807 819 827 862 875 876 881 909 910 932 935 956 974 978 999 1008 1012 1045 1057 1076 1089 1124 1145 1148 1154 1160 1164 1190 1198 1221 1248 1249 1251 1262 1282 1367 1379 1380 1387 1391 1413 1443 1462 1467 1470 1507 1525 1574 1658 1673 1696 1718 1722 1750 1821 1855 1873 1904 1915 1917 1927 1951 1998
353,O=C(NC(Oc1cccc([N+](=O)[O-])c1)c1cc(O)ccc1F)c1ccc(O)[nH]1,1 8 26 59 68 71 117 143 187 200 211 216 237 275 305 322 333 351 381 419 432 460 465 469 486 491 497 531 547 557 562 596 612 650 652 664 666 695 699 700 715 720 729 745 753 783 796 807 838 875 880 898 921 966 977 1010 1039 1048 1083 1088 1113 1114 1147 1152 1195 1209 1274 1313 1343 1345 1360 1361 1380 1500 1596 1602 1610 1612 1614 1639 1653 1678 1720 1745 1750 1783 1809 1840 1872 1873 1917 1928 1940 1963 2001 2018
354,CC1(C)CCCOC1=O,81 109 110 122 141 193 274 282 283 297 306 314 332 436 456 462 467 502 549 650 656 743 846 868 907 926 950 953 1028 1057 1060 1112 1118 1135 1142 1160 1162 1274 1344 1349 1380 1439 1445 1446 1536 1600 1652 1744 1748 1847 1879 1926 1937 1941
355,COC(=O)c1c(NC(=N)Nc2ccccc2)nc(OC)nc1N1CCN(CCN2CCCC2)C(=O)C1,50 80 130 135 140 145 155 166 191 211 236 250 295 296 314 378 407 450 502 557 573 586 623 629 632 650 695 703 708 744 798 807 810 841 853 906 912 926 935 938 1028 1057 1077 1088 1089 1104 1141 1145 1152 1173 1175 1194 1199 1201 1208 1211 1277 1324 1369 1380 1411 1415 1441 1480 1482 1484 1498 1508 1536 1548 1656 1672 1684 1687 1707 1750 1772 1791 1816 1826 1855 1873 1879 1887 1905 1917 1932 1946 1968 1983 1998 2012 2018
356,CN1C(=O)N2C(=O)N3C1C2C1(C)C(c2ccn(C(C)(C)C)c2)OC(C)(C)C3C1C(C)(C)C,18 77 92 93 114 117 138 140 141 149 187 192 204 225 227 265 282 297 314 380 392 407 408 420 464 574 624 631 645 650 656 666 688 738 745 818 862 878 905 935 953 958 978 1019 1030 1057 1060 1070 1101 1145 1149 1150 1161 1171 1181 1256 1274 1279 1294 1349 1358 1380 1424 1463 1465 1473 1478 1491 1507 1618 1656 1691 1699 1713 1750 1836 1849 1860 1873 1904 1922 1924 1946 1951 1952 1956 1957 2006 2029
357,CCCN(CC(C)(C)C)S(=O)(=O)c1ccc(Nc2ncc3c(n2)N3)cc1OCC,35 64 66 68 75 80 114 118 129 141 191 194 208 214 222 227 237 255 294 309 329 342 350 360 364 373 378 388 392 425 458 491 499 540 542 544 548 640 641 650 689 691 695 758 794 815 821 843 860 861 875 881 910 965 997 1057 1060 1084 1114 1125 1152 1222 1238 1328 1329 1335 1380 1452 1476 1523 1535 1567 1582 1586 1615 1681 1692 1694 1702 1750 1761 1764 1781 1801 1855 1869 1873 1890 1891 1905 1941 1951 1970 1982 2032
358,CCOc1ccc(C(=O)N2CCC3C(C2)C2CCC3C(C)(C)C2)cc1S(=O)(=O)c1ccccc1,16 72 80 94 126 136 208 237 272 294 319 332 345 350 389 392 396 425 451 497 518 519 533 562 575 585 618 622 629 650 652 678 679 695 739 774 807 825 867 875 926 935 946 1000 1010 1019 1057 1060 1088 1179 1186 1199 1209 1218 1225 1232 1238 1255 1265 1272 1274 1325 1330 1360 1376 1380 1382 1385 1452 1476 1480 1504 1571 1579 1598 1606 1609 1610 1611 1614 1628 1645 1685 1692 1697 1716 1721 1750 1754 1766 1770 1797 1808 1820 1826 1873 1917 1945 1952 1970 1998 2009 2010 2032 2047
359,CN(CCC1CCCCN1C(=O)c1cccc(F)c1)S(=O)(=O)c1ccccc1,8 15 27 80 99 132 175 193 213 230 242 253 277 293 300 319 350 362 383 389 410 538 575 584 607 618 622 650 699 807 815 825 832 842 875 881 890 910 926 935 1003 1019 1028 1039 1057 1088 1146 1163 1164 1199 1212 1325 1332 1336 1367 1380 1385 1476 1480 1487 1504 1521 1552 1566 1644 1666 1667 1670 1694 1750 1755 1758 1766 1873 1895 1910 1913 1916 1917 1922 1928 1946 1951 1984 1985 1998 2027
360,NC(=O)N(C=C(N)c1ccc(C(F)(F)F)cc1)S(=O)(=O)Nc1ccccc1,2 15 16 114 121 170 172 191 202 292 350 368 383 389 409 411 428 442 472 476 529 534 605 622 646 650 677 694 703 730 763 791 807 809 881 889 909 911 956 963 970 1053 1088 1152 1171 1196 1199 1260 1270 1277 1380 1385 1400 1401 1409 1425 1453 1469 1476 1608 1665 1672 1685 1697 1750 1782 1798 1799 1873 1882 1907 1917 1928 1965 1989 2033
361,C#Cc1nc2cc(F)c(OC)cc2n1CCCN1CCN2C(=O)C1CN(C)C2=O,5 42 45 72 80 92 100 181 205 221 234 249 278 314 366 378 406 459 531 551 650 674 694 695 699 708 739 747 756 802 804 811 841 854 860 875 879 886 895 915 926 928 935 974 998 1015 1019 1057 1091 1097 1125 1145 1205 1212 1278 1281 1305 1312 1331 1335 1340 1363 1368 1380 1394 1399 1436 1457 1480 1536 1576 1620 1624 1629 1693 1773 1790 1793 1840 1855 1872 1873 1910 1911 1915 1928 1945 1960 1970 1990 1991 2022 2041
362,CC(C)(C)Oc1cccc(=O)n1CCCCC(=O)N1CCN(C(=O)c2ccccc2)CC1,32 88 92 93 114 133 146 207 217 257 314 341 379 389 392 427 474 475 487 497 508 526 548 650 695 717 739 741 760 766 769 802 807 846 876 881 893 897 926 935 942 993 996 1003 1009 1039 1057 1066 1088 1141 1145 1180 1194 1199 1215 1259 1267 1285 1336 1347 1380 1385 1394 1445 1480 1504 1511 1564 1589 1602 1607 1608 1620 1698 1750 1790 1801 1816 1826 1846 1859 1873 1882 1911 1917 1922 1935 1985 2009
363,CC1=CC(=NN=C(NN=NC#N)c2ccccc2)n2c1c(C)c1ccccc12,14 42 45 84 130 213 252 289 311 318 324 335 336 350 389 425 468 537 571 581 629 674 725 790 807 935 999 1057 1069 1088 1097 1098 1106 1108 1151 1152 1166 1199 1209 1219 1280 1285 1327 1357 1375 1380 1384 1385 1399 1453 1528 1545 1573 1595 1615 1686 1713 1722 1750 1766 1768 1795 1803 1804 1808 1851 1873 1874 1898 1976 1977 1983 1985 1993
364,[O-][n+]1nc2cc(Cl)cc3cc(Cl)cc(c1=CC=Cc1ccc(-c4ncccc4F)cc1Cl)c32,65 90 105 115 156 185 191 207 211 216 230 237 288 302 303 323 366 378 432 448 463 468 552 561 562 571 594 638 694 699 715 733 744 749 757 780 800 835 875 890 893 896 930 963 986 1012 1024 1032 1043 1059 1088 1097 1130 1146 1314 1315 1319 1357 1380 1405 1452 1487 1506 1508 1558 1565 1609 1676 1677 1683 1736 1747 1750 1829 1830 1840 1853 1855 1865 1866 1873 1928 1968 1984 1996
365,CSC1=CC=CSC1=C(Sc1ccc(C(=O)O)s1)C(=O)N1C2=CSC1=NC=C2,12 74 90 116 154 162 165 169 175 187 224 227 240 249 258 292 298 300 310 378 389 394 397 419 456 458 461 547 558 570 575 623 641 650 675 714 726 738 745 755 763 791 794 816 841 862 863 887 906 915 935 937 991 994 1024 1035 1036 1057 1066 1084 1110 1111 1126 1145 1171 1249 1271 1272 1337 1376 1380 1387 1391 1403 1419 1427 1436 1438 1532 1572 1575 1645 1653 1659 1695 1723 1747 1750 1814 1873 1889 1917 1933 1947 1965 1998 2024
366,CCN(C)S(=O)(=O)c1ccccc1C(=NO)c1ccc([N+](=O)[O-])cc1,66 70 80 91 124 155 213 233 243 294 296 298 318 321 326 343 350 381 392 438 440 512 524 541 543 561 605 650 684 715 725 753 769 807 815 838 881 922 932 935 959 992 1007 1057 1065 1074 1088 1137 1163 1173 1195 1199 1215 1268 1274 1319 1380 1385 1420 1447 1476 1603 1639 1666 1689 1697 1740 1750 1807 1809 1814 1821 1829 1839 1873 1878 1889 1905 1933 1940 1963 1991 2036
367,COC(=O)c1c(CCCN2CCCCC2)n[nH]c1C,2 74 80 87 145 164 189 191 216 291 311 378 388 430 475 542 545 574 586 643 653 673 674 679 692 695 754 807 824 841 853 878 904 906 909 911 926 935 942 1028 1057 1060 1114 1152 1172 1186 1197 1241 1243 1267 1271 1309 1318 1380 1387 1411 1422 1436 1480 1482 1497 1519 1531 1535 1580 1603 1719 1722 1729 1734 1787 1791 1815 1845 1859 1897 1911 1917 1932 1998 2004
368,COc1ccc(Nc2nc3ncc2n3CCN2CCCC2)c(Br)c1,36 45 80 200 294 322 346 348 376 378 485 487 491 497 594 670 689 695 708 718 728 757 781 790 793 802 833 841 850 870 875 884 886 926 935 937 960 984 1015 1027 1028 1056 1057 1084 1097 1123 1145 1152 1155 1164 1179 1224 1306 1318 1380 1422 1441 1446 1452 1457 1461 1480 1482 1492 1535 1536 1556 1599 1631 1695 1750 1775 1791 1807 1832 1855 1856 1873 1905 1906 1910 1927 1956 1958 1972 1998
369,CCc1ccc(OC=CC=Cc2cc(OC)cnc2Sc2ccc(C(=O)OC)cc2)cc1,21 32 47 56 80 116 145 177 190 199 219 227 273 294 304 310 322 347 378 432 438 463 552 606 614 627 650 658 676 679 694 695 717 718 725 752 781 807 811 835 841 862 875 899 906 918 955 961 982 1041 1057 1084 1104 1119 1152 1188 1190 1208 1230 1255 1279 1288 1298 1299 1301 1309 1312 1380 1385 1396 1404 1452 1490 1496 1531 1535 1536 1537 1549 1550 1551 1572 1595 1601 1609 1697 1715 1745 1750 1754 1756 1786 1799 1802 1808 1820 1831 1868 1873 1917 1999 2035
370,COc1c2c(cc3ccccc13)OCC(=O)O2,53 62 213 214 220 314 333 344 356 377 387 424 441 444 454 463 485 506 543 609 650 656 658 695 808 836 841 847 875 925 926 944 970 1029 1057 1087 1088 1199 1262 1288 1294 1331 1357 1367 1380 1408 1502 1535 1536 1573 1599 1684 1708 1750 1776 1787 1810 1855 1857 1873 1905 1984 2025 2030 2031
371,CCN1CCC(N(C)c2nc3ccc4nc([nH]2)sc4c3)C1,34 72 80 95 145 150 160 162 245 260 268 294 298 300 319 322 323 329 375 378 418 454 475 555 557 659 675 722 739 771 808 809 865 875 881 885 906 916 926 935 936 961 970 975 981 1018 1019 1027 1057 1097 1114 1163 1214 1261 1318 1325 1340 1380 1406 1416 1468 1480 1492 1533 1537 1561 1613 1669 1685 1693 1702 1729 1745 1750 1781 1791 1806 1855 1863 1873 1875 1967 2016 2025 2043
372,COc1ccccc1S(=O)(=O)N1CCN(C)CCCCCN(C(=O)C2=CC=CC=CS2)C1=O,11 14 16 30 33 48 61 92 111 181 200 207 249 250 258 313 314 331 350 351 392 445 493 510 512 537 558 618 630 650 664 667 675 695 737 786 800 807 822 834 841 848 853 856 858 862 916 926 935 980 992 1000 1028 1034 1040 1051 1057 1088 1132 1145 1159 1199 1212 1215 1236 1237 1249 1265 1340 1380 1387 1391 1410 1418 1458 1476 1480 1504 1536 1634 1641 1645 1653 1702 1743 1750 1753 1771 1814 1858 1872 1873 1885 1917 1948 1970 1992 1998 2019 2032 2045 2047
373,CCCN(C)C(=O)NC(CO)C(=O)N1N=NC(O)C1C(=O)O,1 21 25 26 41 73 80 103 108 117 118 124 125 151 193 222 244 266 270 294 320 329 330 334 378 389 409 435 482 489 569 573 598 620 646 650 661 672 696 705 721 725 736 762 763 776 794 807 822 839 871 881 920 927 935 1019 1033 1037 1057 1129 1130 1134 1136 1152 1163 1181 1237 1257 1267 1352 1371 1393 1408 1419 1431 1445 1479 1485 1556 1575 1609 1620 1625 1640 1653 1683 1687 1692 1761 1826 1839 1887 1897 1913 1917 1951 2005
374,COc1c(Cl)cccc1-c1ccccc1C,9 22 56 143 175 202 326 333 344 352 364 366 409 525 542 561 595 611 711 730 841 851 861 879 886 962 974 984 1039 1057 1084 1088 1110 1162 1199 1233 1264 1289 1327 1366 1380 1391 1413 1478 1530 1536 1597 1599 1683 1722 1728 1737 1750 1793 1873 1889 1898 1901 1917 1999 2007 2030
375,CC(C)(C)OC(=O)c1ccc(-c2nn3c(=O)n2CC3)s1,16 62 114 115 130 145 162 164 165 231 237 266 283 314 378 392 419 467 469 508 535 581 622 623 628 650 675 676 711 725 771 777 804 807 833 869 880 926 935 956 990 1003 1057 1074 1091 1112 1141 1159 1171 1184 1196 1206 1213 1266 1315 1380 1435 1480 1496 1497 1560 1574 1613 1617 1722 1723 1750 1779 1789 1843 1859 1873 1898 1917 1924 1931 1952 1956 1960 1994
376,Cn1c(=O)c(SCCO)ccc(-c2ccc3ccccc3c2)c1=O,34 73 80 116 194 203 204 222 244 284 303 314 322 341 352 360 420 452 466 469 473 475 493 504 505 513 564 598 600 633 650 680 803 807 852 875 881 892 895 896 918 935 1022 1025 1026 1033 1043 1054 1057 1087 1088 1104 1145 1154 1160 1182 1199 1204 1239 1347 1376 1380 1384 1389 1397 1415 1417 1487 1622 1644 1645 1687 1750 1855 1873 1888 1900 1912 1974 2010 2029
377,COc1ccc(S(=O)(=O)N2CCCCCCc3cc(cc(=O)n(C(=O)N4CCCC4)c3=O)C2=O)cc1,2 8 118 139 159 198 199 202 245 310 314 319 322 349 350 369 374 469 474 475 485 504 519 556 614 650 676 695 715 718 781 800 807 817 823 831 841 862 875 879 899 926 935 952 1028 1031 1051 1057 1111 1135 1141 1148 1160 1170 1181 1196 1236 1251 1278 1282 1340 1373 1380 1407 1425 1444 1476 1479 1480 1536 1570 1639 1644 1651 1658 1720 1738 1750 1769 1794 1795 1873 1900 1917 1940 1998 2001 2038 2044
378,CCN(CC1CCCN1C(=O)c1ccccc1)c1nc2sccc2s1,14 43 44 70 80 107 119 162 172 180 192 193 252 278 294 306 313 345 378 389 446 488 511 554 564 650 675 703 738 765 767 769 804 807 834 881 885 914 926 932 935 964 972 973 974 1018 1019 1028 1057 1088 1104 1120 1158 1172 1199 1212 1270 1274 1298 1325 1349 1353 1367 1380 1385 1388 1434 1450 1456 1480 1504 1511 1521 1552 1567 1589 1678 1687 1750 1787 1855 1858 1873 1908 1917 1985 1991 2014 2046
379,CC1(C)CCC2CCCCC2N1S(=O)(=O)C1=CC(F)=C1,1 81 84 106 129 178 199 206 233 236 259 276 280 302 350 361 449 466 585 587 630 650 654 669 681 699 790 800 812 882 890 926 935 1019 1026 1028 1043 1057 1060 1064 1083 1084 1124 1139 1162 1184 1239 1271 1274 1278 1325 1344 1380 1421 1443 1465 1476 1484 1496 1525 1625 1631 1636 1646 1650 1653 1689 1819 1840 1873 1910 1911 1928 1967 1973 2041
380,O=C1C2CCN1CCCCCN2C(=O)c1ccc(Cl)cc1-c1ccccn1,2 5 67 150 165 193 202 213 216 242 314 335 343 352 378 407 423 434 448 453 462 539 561 621 647 650 680 717 807 816 833 837 843 860 864 871 875 926 935 946 958 964 973 980 993 1001 1010 1019 1028 1088 1097 1099 1155 1166 1199 1205 1229 1236 1239 1252 1289 1312 1325 1347 1358 1373 1380 1447 1452 1479 1480 1494 1496 1504 1536 1572 1574 1655 1668 1683 1702 1708 1739 1750 1753 1780 1851 1866 1873 1898 1917 1948 1985 1991 1998 2027 2041
381,CC1(C)CCCN2CC(CN(c3ccccc3)C2=O)N(S(=O)(=O)c2ccc(Cl)o2)CC1,2 17 88 92 104 133 134 201 218 252 301 314 350 354 357 389 407 423 448 464 482 502 532 561 617 639 650 656 659 680 712 739 780 800 802 861 887 924 925 926 935 970 1019 1024 1028 1049 1057 1060 1088 1162 1199 1223 1238 1259 1274 1305 1328 1349 1371 1380 1395 1432 1457 1476 1479 1480 1487 1509 1573 1579 1594 1603 1604 1645 1660 1679 1683 1701 1705 1744 1747 1750 1758 1768 1789 1811 1825 1832 1845 1873 1903 1908 1910 1959 1974 2002
382,O=C(OCCCc1ccn2c(N3CCCC3c3ccccc3)nnc2n1)c1ccc(F)cc1,4 13 19 36 80 90 132 133 145 147 231 234 258 296 298 360 367 378 384 389 399 446 478 488 490 553 579 606 633 634 635 650 684 695 699 724 776 807 825 833 912 926 935 946 955 973 1017 1019 1026 1028 1088 1101 1102 1116 1123 1133 1153 1164 1199 1223 1243 1279 1312 1317 1324 1325 1338 1357 1365 1377 1380 1384 1385 1393 1410 1460 1480 1510 1522 1545 1592 1608 1655 1662 1663 1670 1692 1697 1734 1747 1750 1828 1855 1856 1861 1873 1884 1910 1911 1917 1928 1953 1969 1985 2012
383,CN1CCCN(C2=NC(=O)N(C)C(=O)C2=CC=C2N=C3C=C2c2ccccc2N3)C(=O)C1,51 81 84 95 125 139 142 163 183 203 207 215 242 244 251 276 283 290 314 315 352 425 477 563 576 611 625 640 650 694 707 733 737 754 772 776 792 798 822 834 879 890 891 909 926 927 935 964 984 987 1027 1028 1057 1060 1069 1083 1088 1090 1105 1114 1120 1143 1145 1152 1167 1194 1199 1210 1214 1217 1218 1224 1225 1227 1240 1246 1272 1336 1380 1393 1412 1457 1470 1480 1481 1511 1543 1627 1662 1670 1750 1789 1856 1869 1873 1912 1941 1946 1948 1954 1982 2025 2047
384,CC1NC(=O)C(Nc2nc(C(N)=O)ncc2Cl)C2OP(C)(=O)OC12,53 75 120 132 140 163 208 217 221 233 301 309 314 315 366 378 398 456 505 521 561 636 644 650 656 662 666 708 721 754 772 792 797 798 807 810 883 960 977 995 1008 1019 1034 1036 1057 1099 1105 1114 1152 1163 1171 1309 1356 1375 1380 1404 1438 1452 1520 1535 1573 1589 1603 1624 1683 1709 1748 1750 1758 1814 1834 1835 1855 1873 1877 1896 1897 1904 1917 1919 1940 1948 2044
385,N#Cc1nccc(NC(=O)C(CCC(=O)O)CCC(=O)NC2=NN=N2)n1,1 29 41 66 80 84 100 117 183 189 212 245 257 270 350 378 389 412 416 456 470 506 539 557 573 597 616 617 640 650 674 739 773 775 780 787 790 807 814 823 829 877 910 936 938 942 955 958 966 1010 1099 1136 1144 1152 1176 1191 1201 1224 1263 1270 1287 1300 1306 1307 1339 1380 1382 1384 1404 1406 1434 1452 1479 1522 1552 1564 1575 1588 1622 1669 1721 1737 1750 1766 1776 1816 1817 1834 1839 1855 1864 1866 1873 1877 1917 1921 1929 1944 1946 1961 1962 2014
386,CC(C)(C)N(c1ccccc1)S(=O)(=O)c1ccc(NC(=O)c2ccc(F)cc2)cc1,15 60 83 85 90 104 114 191 199 212 234 243 248 288 298 319 328 350 389 392 426 440 445 461 486 521 563 615 617 635 650 682 686 699 715 782 807 815 843 881 924 996 1041 1057 1077 1088 1090 1096 1117 1126 1152 1199 1240 1309 1323 1380 1385 1410 1466 1470 1476 1633 1665 1670 1697 1702 1750 1753 1776 1781 1795 1798 1816 1868 1869 1873 1875 1909 1917 1928 1946 1974 1978 1979 1995
387,Cc1ncc(-c2ccccc2OCc2ccccc2)cn1,30 45 48 53 80 94 105 107 126 157 215 269 352 378 380 389 403 654 667 674 695 726 745 762 790 795 831 937 977 984 1019 1029 1057 1066 1088 1091 1126 1160 1199 1209 1226 1243 1261 1370 1373 1380 1385 1410 1448 1452 1487 1506 1557 1574 1582 1677 1722 1750 1754 1767 1873 1907 1970 1984 2022
388,O=C(Nc1ccccc1)N1CC(N2CCCc3ccc(Cl)c(c3)C2=O)C(N2CCCC2=O)C1=O,5 62 75 87 122 140 163 188 191 200 218 231 282 304 314 322 330 340 352 355 366 389 561 586 628 634 641 650 666 680 684 689 699 703 728 739 747 764 768 791 798 807 875 879 894 926 935 973 1018 1019 1028 1072 1076 1077 1088 1098 1129 1138 1140 1152 1182 1199 1206 1236 1258 1267 1356 1380 1387 1399 1466 1469 1480 1487 1506 1571 1583 1620 1683 1689 1750 1760 1776 1816 1833 1843 1853 1873 1902 1905 1917 1920 1924 1926 1965 1979 1980 2006
389,CCN(CCOc1cnc2n3cnn2c3ccc1OC)c1ccccc1,4 12 13 43 48 80 83 94 105 108 126 140 163 173 180 189 249 270 288 294 361 378 379 382 389 409 412 455 568 631 662 695 723 801 813 841 851 867 881 884 932 935 966 975 985 1031 1057 1077 1088 1096 1102 1184 1199 1246 1273 1286 1380 1394 1440 1452 1476 1518 1524 1534 1535 1536 1581 1592 1605 1633 1641 1658 1682 1687 1721 1745 1750 1839 1873 1939 1951 1969 1970
390,CNc1nc(-c2ccc(OC)cc2)c2ccccc2n1,40 209 322 323 342 360 363 364 378 389 471 491 500 591 634 687 695 703 718 727 754 766 781 828 831 841 896 930 964 1057 1079 1088 1097 1115 1152 1160 1181 1197 1199 1251 1268 1275 1310 1357 1380 1417 1422 1429 1430 1453 1461 1468 1498 1500 1511 1539 1573 1582 1589 1594 1597 1604 1637 1727 1739 1750 1755 1855 1873 1887 1963 2034
391,COc1cccc(NC(=O)c2ccnc(N3C(=O)N(C(C)=O)CCC3C(=O)NC3CCCCC3)c2)c1F,2 57 92 106 127 150 223 225 244 249 314 335 368 378 387 428 435 465 486 497 526 527 530 531 541 558 574 582 650 656 683 689 695 699 717 728 748 750 772 783 787 788 794 807 817 820 841 875 890 926 935 944 947 1003 1017 1019 1025 1028 1039 1046 1057 1076 1088 1152 1182 1219 1224 1234 1300 1302 1325 1370 1380 1385 1387 1395 1410 1431 1445 1452 1536 1551 1584 1634 1655 1693 1696 1724 1739 1750 1816 1847 1850 1866 1873 1917 1922 1928 1968 1970 1986 2027 2032
392,COc1ccc(CNC(=O)C(C)NC(=O)N2CCCCC2)cc1,1 2 41 61 64 80 92 101 107 117 132 140 170 197 198 218 223 239 246 255 283 296 302 310 322 337 346 361 369 395 422 567 573 638 643 647 648 650 657 684 695 718 781 807 810 824 831 835 841 884 888 906 926 935 971 989 1028 1057 1085 1127 1152 1219 1283 1343 1380 1439 1468 1480 1500 1518 1522 1536 1573 1646 1715 1750 1754 1829 1873 1917 1998 2001 2009 2033
393,Cc1cn(CCCC(=O)c2ccc(C(F)(F)F)cc2)nn1,60 80 114 129 174 182 184 205 217 229 311 343 352 378 383 464 522 569 621 650 666 781 807 809 843 935 967 971 1022 1050 1057 1058 1090 1091 1113 1141 1145 1164 1182 1191 1260 1285 1367 1380 1385 1414 1417 1421 1451 1453 1533 1564 1618 1648 1665 1689 1693 1697 1722 1731 1750 1783 1793 1873 1908 1911 1917 1928 1947 1951 1992 2006 2045
394,CCN(CCN(C)C(=O)c1ccc(C)cc1)C(C)=O,21 80 169 225 235 244 253 294 334 380 555 571 587 615 618 641 650 659 807 881 885 900 932 959 978 996 1008 1010 1017 1019 1057 1067 1092 1162 1163 1198 1202 1210 1212 1221 1231 1312 1380 1385 1409 1422 1518 1588 1594 1687 1688 1697 1722 1735 1750 1759 1784 1823 1833 1834 1851 1873 1917 1920 1945 1951 1975 1988 2021
395,Nc1nc2ccc(N3CCN4CCCC3C4)nc2n1-c1ccccc1,58 61 90 92 101 133 214 244 296 324 343 378 381 389 395 418 446 482 501 506 520 522 527 559 578 635 654 655 674 684 715 729 739 743 752 888 926 935 956 961 963 964 1019 1028 1033 1049 1088 1097 1098 1103 1123 1136 1171 1199 1258 1290 1310 1318 1325 1333 1380 1413 1457 1480 1500 1506 1573 1597 1696 1720 1731 1750 1788 1825 1840 1851 1855 1873 1910 1934 1950 1993 2005 2042
396,O=C(COc1ccc(C(F)(F)F)cc1)N1CC(=O)N1C(=O)c1ccccc1,2 46 60 80 102 114 171 206 232 287 309 314 322 332 346 353 383 389 421 483 513 592 647 650 695 703 718 791 798 807 809 814 819 926 935 950 956 974 1009 1071 1088 1094 1122 1142 1197 1199 1256 1260 1286 1296 1298 1380 1385 1417 1419 1428 1434 1452 1453 1467 1479 1497 1504 1511 1524 1566 1601 1659 1661 1665 1677 1750 1754 1800 1850 1873 1887 1917 1928 1946 1982 1985 2004 2009
397,COc1ccc(C(=O)OCCC2CCc3ccccc3C2)cc1,13 29 73 80 145 147 150 214 231 242 268 270 322 423 482 517 567 606 611 628 650 683 689 695 713 718 781 807 818 831 832 841 878 926 953 1019 1053 1057 1078 1088 1091 1117 1160 1227 1236 1325 1380 1385 1400 1514 1522 1536 1545 1592 1601 1661 1676 1697 1708 1723 1738 1750 1753 1803 1865 1873 1917 1967 1997 2009
398,CC(C)(C)C(=O)N1CCN(CCOc2ccc(-c3ccccc3C#N)cc2)C1=O,13 26 79 80 92 102 104 113 114 145 163 180 184 222 233 270 295 305 314 320 322 332 334 352 353 358 361 371 392 419 452 514 558 588 650 664 674 695 718 760 790 807 837 843 896 926 935 974 984 1034 1035 1057 1062 1088 1089 1111 1134 1136 1145 1160 1179 1199 1286 1314 1380 1384 1387 1442 1452 1463 1480 1485 1603 1635 1658 1704 1726 1745 1750 1832 1862 1873 1876 1917 1937 1938 1950 1981 2044
399,COC1=CC=C1NC(=O)Cn1c(-c2nc(C)c(C)s2)ccc1-n1c(C)cnc1C,39 41 42 56 80 92 148 162 168 175 182 215 236 267 271 313 365 372 378 395 409 428 446 467 618 650 675 695 725 747 784 802 807 841 883 891 917 935 974 988 994 996 1057 1078 1084 1093 1140 1152 1175 1200 1206 1249 1250 1262 1263 1284 1312 1380 1430 1452 1492 1535 1536 1572 1614 1692 1697 1703 1706 1721 1722 1733 1750 1762 1813 1816 1817 1833 1849 1855 1873 1888 1917 1921 1934 1940 1958 1990 1993 2026
400,O=C1OCC(O)C(O)C(O)CO1,164 200 201 217 237 314 323 364 384 404 413 437 441 452 461 466 469 650 656 739 743 784 807 833 840 849 862 899 924 926 979 1019 1041 1064 1130 1166 1183 1257 1283 1380 1392 1432 1508 1566 1587 1685 1777 1839 1868 1888 1896 1901 1921 1923 1930 1957 2012 2026 2043
401,NC(=NC=C(O)C=Cc1ccccc1)N=C(c1ccccc1)c1ccc(S(N)(=O)=O)c(Cl)c1,31 86 111 140 145 202 252 291 347 350 352 366 389 392 440 560 561 566 608 640 649 650 674 691 692 694 725 807 833 835 846 875 878 895 933 957 977 1052 1054 1088 1105 1171 1199 1219 1308 1316 1353 1357 1380 1385 1392 1423 1474 1476 1566 1572 1584 1585 1592 1599 1607 1624 1627 1636 1681 1683 1697 1699 1702 1727 1744 1750 1846 1864 1873 1878 1901 1975 1985 2004 2028 2033 2037
402,CCC(=O)Nc1nnc(SC(=S)Nc2ccccc2)s1,41 80 97 110 116 140 141 143 151 162 163 191 213 278 284 369 378 385 389 419 458 480 481 563 573 578 584 623 650 651 666 675 703 741 807 898 999 1028 1056 1057 1077 1088 1106 1111 1141 1152 1163 1164 1198 1199 1264 1380 1400 1414 1416 1433 1481 1489 1500 1544 1555 1566 1631 1680 1707 1750 1759 1789 1796 1816 1873 1891 1897 1917 1980 1993 2001 2003 2037
403,CCN(C(C)=O)C(=O)NS(=O)(=O)c1ccc(Cl)cccnc2ccccc[nH]c(C)c12,29 46 59 80 115 129 144 150 193 216 289 294 307 350 365 378 389 392 446 448 460 502 561 587 592 640 650 676 692 705 750 801 806 807 816 846 877 881 909 917 930 932 939 1013 1017 1043 1057 1070 1088 1097 1114 1124 1138 1152 1199 1241 1242 1331 1380 1388 1430 1437 1452 1472 1476 1506 1526 1563 1565 1588 1637 1648 1683 1692 1701 1707 1722 1778 1815 1866 1873 1879 1917 1938 1946 1978 1984
404,CCCCCCCCc1ccc(OC)c(C=C(C)C(=O)OC)c1,5 80 94 104 135 249 294 297 310 322 341 354 437 457 483 502 589 591 629 650 687 694 695 728 737 746 750 756 769 794 807 819 841 855 863 875 961 963 978 1017 1057 1070 1118 1143 1152 1184 1218 1227 1243 1249 1380 1387 1390 1430 1444 1466 1480 1508 1521 1536 1605 1609 1641 1707 1746 1750 1754 1824 1830 1848 1873 1911 1917 1925 1970 1973 1974 2016 2017
405,O=C1C(=O)N2c3ccc(cc31)OCCC1CCC2N1S(=O)(=O)c1ccccc1,3 8 19 24 64 82 85 89 198 203 237 314 319 326 338 350 352 374 389 406 434 441 466 473 539 575 600 650 656 663 700 706 725 800 861 875 879 926 935 938 950 997 1019 1022 1040 1059 1088 1092 1149 1199 1202 1247 1295 1297 1315 1325 1327 1373 1380 1429 1430 1438 1466 1473 1476 1523 1529 1561 1618 1644 1658 1750 1775 1787 1873 1910 1915 1922
406,CN1C(=O)C(=C2C=C2)N(C)C1=O,72 92 129 228 314 393 436 463 547 561 567 625 650 711 721 768 770 778 879 889 897 899 915 925 935 939 987 1057 1093 1142 1145 1155 1178 1187 1202 1291 1307 1380 1448 1455 1491 1518 1609 1653 1661 1671 1693 1717 1786 1820 1873 1908 1929 1987
407,FC(F)(F)c1ccnc(OCCCc2c3n4c5nnc4n2C5CC3)c1,13 45 49 70 77 80 85 105 114 158 215 223 265 323 328 354 371 378 383 548 615 626 682 695 749 787 806 809 818 843 875 926 927 935 982 1019 1083 1086 1164 1243 1244 1260 1268 1312 1325 1338 1380 1394 1399 1417 1422 1425 1452 1453 1474 1475 1494 1502 1521 1522 1552 1556 1557 1564 1570 1572 1581 1598 1609 1657 1712 1730 1738 1740 1750 1767 1777 1786 1818 1825 1858 1866 1873 1911 1928 1952 1962 1976 1984 2013
408,C#CN(c1ccc(N2CCCCCC2)cc1C(=O)NC(=O)c1ccc(Cl)c(Cl)c1)C1CC2CCCN2C1,2 46 52 54 133 160 185 233 328 347 366 395 407 446 486 496 526 561 649 650 651 659 665 666 674 680 687 739 742 772 807 809 820 824 831 870 875 876 881 901 915 919 926 928 930 935 974 984 1008 1019 1028 1119 1125 1152 1165 1214 1267 1282 1292 1325 1362 1380 1385 1402 1442 1456 1480 1524 1553 1554 1580 1619 1620 1638 1666 1683 1697 1728 1750 1817 1822 1825 1827 1854 1872 1873 1885 1893 1907 1910 1917 1936 1967 1991 1993 1998 2018 2030
409,Cc1ccccc1-c1cc(NS(=O)(=O)c2ccccc2S(=O)(=O)N2CCCC2)cs1,62 99 149 155 157 167 191 209 225 293 314 320 323 350 352 366 376 392 449 502 506 539 552 555 561 585 650 675 685 743 753 780 800 807 849 868 875 926 935 984 992 1014 1028 1046 1057 1065 1088 1152 1199 1227 1232 1270 1277 1334 1361 1380 1391 1422 1476 1480 1527 1528 1530 1567 1606 1647 1690 1722 1750 1873 1879 1910 1946 1976 1982 1998 1999 2044
410,CC1=CC=c2c1cccc2=CC=CN=c1n2nc3n1C1CN(CCN4CCC(CC4)CC1N3)CC2,4 22 71 86 90 106 165 175 200 212 229 231 239 297 300 301 347 352 353 360 369 378 382 401 431 432 454 461 526 554 583 602 620 694 721 725 729 739 812 887 890 899 926 928 935 951 954 984 1004 1010 1019 1039 1042 1057 1088 1091 1093 1097 1114 1125 1167 1189 1202 1249 1268 1292 1318 1324 1325 1361 1380 1413 1431 1446 1473 1480 1487 1501 1572 1573 1574 1609 1665 1689 1722 1750 1765 1768 1773 1818 1872 1873 1893 1944 1956 2009 2027
411,CCN(C)C(=O)c1cn2c(=O)n1CC2,10 43 53 80 83 111 122 218 227 233 294 314 334 413 418 450 457 464 466 476 488 534 644 650 651 760 771 774 782 798 807 808 857 875 881 926 932 935 1023 1024 1044 1053 1055 1057 1100 1145 1163 1194 1218 1221 1243 1257 1297 1300 1399 1405 1468 1472 1480 1496 1554 1621 1623 1687 1712 1722 1737 1752 1763 1764 1775 1806 1866 1873 1875 1917 1939 1944
412,COc1csc(Sc2nnc(C(=O)N3CCC4CCCCC4C3)s2)c1,0 12 29 69 97 116 162 191 211 225 241 276 322 343 349 378 402 408 451 504 520 526 552 585 597 633 639 642 650 652 675 693 695 728 739 759 760 781 807 841 875 890 896 911 926 928 935 939 980 983 998 999 1007 1019 1028 1057 1152 1164 1265 1291 1298 1321 1325 1336 1380 1414 1464 1480 1504 1536 1567 1571 1600 1601 1607 1633 1671 1705 1711 1715 1767 1821 1823 1844 1861 1863 1873 1881 1889 1917 1943 1956 1981 1987 2009 2028 2041
413,FC(F)(F)c1cc(Br)c(C(F)(F)F)c(CCC(F)(F)C(F)(F)C(F)(F)F)c1,59 80 85 88 110 114 122 184 215 263 268 280 335 376 394 439 482 505 612 621 624 652 696 728 781 790 800 809 833 871 872 875 883 886 945 963 1052 1078 1085 1091 1101 1102 1110 1117 1158 1168 1174 1243 1260 1308 1342 1349 1380 1398 1417 1441 1453 1460 1489 1510 1601 1617 1631 1657 1676 1692 1693 1727 1873 1878 1911 1916 1928 1931
414,O=C(Nc1ccccc1)c1c(F)n(CCC2OC(OP(=O)(O)O)C(O)C2O)c(=O)[nH]c1=O,30 69 80 82 139 148 152 191 192 215 250 289 290 310 364 378 389 468 486 489 547 586 610 643 650 656 660 692 695 699 703 747 750 758 787 802 807 813 832 845 921 926 935 976 1019 1066 1075 1077 1088 1093 1100 1104 1114 1122 1133 1145 1152 1161 1163 1184 1194 1199 1257 1261 1323 1328 1380 1393 1414 1452 1466 1469 1487 1505 1570 1610 1745 1750 1816 1819 1828 1838 1844 1873 1891 1917 1921 1928 1966 1977 1978 1982 2029 2044
415,C=C(C=CNC(=O)c1ccc(Cc2cc(-c3nn(C)nc3-c3cc(OC)ccc3C)ccc2F)cc1)OCC,31 45 71 80 131 147 216 255 275 290 294 310 322 323 352 378 405 456 486 509 543 596 608 641 650 682 694 695 699 718 736 754 762 777 781 784 798 806 807 811 841 875 894 896 913 935 944 946 978 989 993 1022 1034 1039 1056 1057 1058 1063 1068 1075 1126 1145 1152 1160 1182 1185 1192 1223 1238 1304 1324 1349 1353 1366 1380 1385 1391 1430 1437 1462 1463 1501 1508 1530 1536 1544 1563 1596 1613 1665 1691 1697 1750 1754 1768 1799 1808 1838 1840 1861 1873 1917 1928 1956 1972 1983 1999
416,CCN=C(SC)SCCN1C(=O)c2ccccc2C1=O,80 85 87 116 153 179 229 248 251 283 294 314 341 345 352 394 421 466 510 556 588 608 624 630 642 650 723 725 730 782 793 807 811 878 879 883 913 916 935 945 984 1010 1028 1057 1077 1088 1091 1095 1107 1124 1145 1168 1182 1199 1205 1380 1427 1647 1744 1750 1823 1875 1912 1920 1925 1958 1992
417,CCOC(=O)C1(CCCC(=O)OC(C)(C)C)c2ccccc2OC(=O)C1(C)C,47 80 114 142 147 169 189 208 222 231 259 285 294 310 314 360 378 388 392 409 496 507 577 605 650 656 679 688 695 700 745 748 795 807 833 848 899 916 1005 1021 1054 1057 1060 1072 1088 1135 1137 1160 1171 1199 1238 1274 1313 1355 1386 1398 1399 1409 1410 1460 1463 1481 1492 1510 1525 1552 1564 1567 1568 1574 1600 1602 1608 1722 1750 1771 1778 1810 1859 1873 1888 1905 1911 1917 1978 1980 2001 2023
418,CCCCN1Cc2ccccc2N=C1NC(=O)N1CCCCC1,2 98 215 218 227 277 294 313 314 370 374 378 405 431 440 583 591 631 647 650 665 675 695 709 765 788 794 807 808 843 868 872 926 927 935 944 951 966 991 1002 1028 1057 1088 1089 1145 1152 1179 1199 1207 1222 1236 1242 1260 1275 1280 1301 1380 1381 1468 1477 1480 1491 1494 1600 1697 1708 1749 1750 1757 1774 1816 1873 1882 1911 1917 1946 1998 2009 2038
419,COC=CC=C1c2ccc(c(=O)n2C(N)=O)N2N=C(Sc3ccccc32)N1C,1 45 106 140 146 147 152 157 205 237 286 314 341 369 372 378 384 397 435 482 504 515 592 627 629 640 650 659 660 675 694 695 698 764 795 807 841 851 865 890 892 917 935 949 966 974 987 1055 1057 1072 1088 1097 1145 1152 1171 1182 1195 1199 1210 1226 1282 1295 1380 1401 1402 1419 1449 1479 1494 1607 1647 1657 1670 1692 1731 1747 1750 1754 1785 1797 1804 1847 1865 1867 1873 1874 1915 1917 1922 1953 1962 2025 2044
420,COC(=O)CN(c1nc2ccc(OC)cc2s1)C1CCCN(C(C)=O)C1,4 39 44 57 65 80 86 119 158 160 162 195 227 292 303 322 343 350 369 378 408 446 479 488 493 501 506 557 573 589 603 611 650 675 695 718 739 746 781 807 809 841 875 885 926 935 961 964 965 1017 1019 1028 1057 1063 1073 1097 1152 1190 1225 1238 1239 1249 1278 1281 1300 1325 1367 1380 1384 1386 1428 1460 1480 1491 1511 1516 1528 1536 1618 1628 1649 1669 1750 1765 1794 1873 1907 1917 1972 2009 2023
421,COc1ccc(CCCn2c3ccc(C)cccn4c(nnc24)n3)cc1,31 80 91 96 165 240 306 310 322 338 378 395 430 527 543 547 578 586 588 604 615 635 643 653 685 695 718 781 806 825 831 841 846 857 862 867 876 912 927 935 946 978 1018 1044 1045 1057 1145 1164 1243 1246 1249 1258 1267 1269 1292 1358 1364 1365 1380 1407 1414 1438 1460 1468 1470 1536 1621 1630 1663 1685 1721 1722 1750 1754 1761 1840 1873 1895 1907 1911 1935 2029 2031
422,CC(C)CC(Cl)Cl,1 38 80 102 188 221 232 235 283 360 536 634 649 680 700 718 724 729 759 773 778 814 816 831 914 918 971 1057 1073 1081 1103 1155 1166 1192 1208 1293 1338 1349 1391 1403 1544 1546 1552 1560 1561 1608 1628 1675 1683 1708 1749 1785 1789 1791 1824 1827 1847 1900 1956 1987 2042
423,COc1ccc(C(=O)c2ccc(C(=O)O)cc2)cc1C(=O)OCCCCCCC(=O)OC(C)(C)C,9 13 25 80 90 94 105 106 113 114 142 145 147 159 162 231 235 244 249 388 389 392 403 450 456 594 595 650 653 695 700 780 807 841 861 875 889 909 971 979 1007 1057 1134 1138 1143 1162 1238 1249 1267 1332 1380 1385 1386 1399 1536 1564 1574 1592 1618 1673 1692 1697 1734 1750 1775 1824 1844 1859 1873 1911 1917 1970 1975 1982 1991 2012 2035 2041
424,COC(=O)CCCCCCCCOC(=O)c1ccc(C(=O)OC2C3OC(C(=O)OCC(=O)O)C(O3)C2O)c(C(=O)O)c1,12 13 14 67 80 145 147 194 195 197 214 221 379 386 389 456 469 534 599 650 656 684 695 701 726 778 800 807 810 823 841 875 922 924 938 939 942 960 1019 1047 1057 1076 1125 1126 1134 1143 1152 1239 1249 1257 1267 1295 1332 1342 1375 1380 1385 1386 1399 1464 1481 1484 1487 1522 1564 1592 1651 1678 1697 1699 1734 1737 1750 1792 1813 1819 1865 1871 1873 1911 1915 1917 1921 1950 1963 1991 2004 2039 2046
425,CSc1nc(CCCN2CCN(Cc3ccccc3)CC2)c[nH]1,74 80 116 118 195 221 224 278 298 309 378 389 394 408 430 462 517 530 562 568 612 639 647 653 678 724 729 768 784 806 860 866 874 884 926 934 935 967 970 1057 1066 1074 1088 1114 1145 1153 1189 1199 1243 1247 1281 1310 1316 1330 1352 1353 1380 1383 1462 1480 1481 1482 1512 1522 1683 1723 1751 1754 1765 1771 1791 1805 1855 1873 1879 1884 1911 1917 1918 1945 1961 2018 2029
426,Cc1cccc(CCCN2CCCC2)cc2c(cc1)c1ccc2c2nccn12,33 45 80 203 221 235 293 306 345 365 378 387 405 430 468 486 495 598 609 614 653 676 744 793 833 834 875 902 926 935 949 978 979 1008 1028 1039 1044 1055 1057 1066 1081 1088 1097 1101 1115 1121 1145 1243 1260 1288 1341 1357 1380 1412 1422 1452 1471 1475 1477 1480 1482 1522 1539 1546 1643 1696 1718 1722 1729 1733 1750 1754 1786 1791 1823 1861 1866 1873 1911 1920 1932 1969 2021
427,CCCCCCCN(CC)CC(=O)Nc1ccc(C(C)=Nc2nc3ccccc3s2)cc1,2 19 41 80 102 105 153 162 186 191 251 268 275 289 294 369 378 395 461 508 557 591 596 599 614 629 650 675 684 725 770 794 807 811 823 843 857 881 885 901 932 953 980 1016 1017 1057 1071 1077 1088 1097 1114 1125 1143 1152 1190 1199 1222 1240 1248 1253 1268 1276 1380 1385 1413 1418 1423 1431 1444 1498 1502 1509 1513 1533 1581 1613 1639 1640 1663 1669 1697 1710 1750 1755 1784 1793 1845 1853 1855 1873 1888 1898 1911 1917 1940 1951 1952 1965 1981 1984
428,Cc1nc2ccccc2n1C1C(=O)OC(C)C1CN1CCCCC1,2 45 80 82 86 139 163 183 257 270 289 313 314 330 336 357 378 433 435 485 579 598 617 628 650 656 722 725 735 750 751 799 816 908 917 921 926 935 941 961 969 1019 1028 1048 1057 1088 1097 1124 1157 1199 1251 1268 1284 1285 1305 1309 1310 1318 1380 1391 1422 1426 1454 1480 1537 1550 1586 1664 1672 1710 1722 1742 1750 1788 1791 1855 1873 1907 1930 1954 1980 1998 2039 2040
429,N#Cc1nc(SCC(=O)CCc2cccc3c2=CC=3)c(-c2ccccn2)cc1S(=O)(=O)O,24 32 80 116 124 148 150 156 158 159 174 291 341 350 352 378 392 448 461 475 488 509 529 555 569 592 610 626 650 662 674 678 751 759 761 790 807 836 851 875 888 922 926 933 965 980 1029 1039 1073 1088 1097 1112 1136 1155 1199 1243 1249 1290 1313 1315 1349 1360 1380 1384 1405 1432 1452 1459 1476 1564 1575 1597 1674 1710 1716 1740 1750 1774 1793 1794 1851 1855 1864 1866 1872 1873 1885 1889 1917 1959 1985 1991 2004 2013
430,CN1c2ccc(cc2F)N=C2N3CCN2C(Oc2ccccc2)C(C3)N(C)S1(=O)=O,24 75 99 164 176 187 193 205 207 243 268 322 332 378 389 407 418 451 469 511 514 524 562 650 676 683 684 694 695 699 710 731 739 746 784 875 901 926 927 935 964 994 1004 1019 1042 1057 1061 1069 1145 1196 1199 1221 1267 1277 1281 1283 1295 1311 1339 1380 1472 1480 1508 1512 1523 1532 1538 1599 1609 1619 1620 1622 1643 1662 1689 1723 1750 1753 1771 1796 1825 1840 1873 1874 1876 1915 1928 1949 1978 1988 2034
431,C#CCCN1CCN(S(=O)(=O)c2ccc(F)cc2Br)C(c2cc(OC)ccc2OCC)C1=O,5 47 65 80 124 137 148 154 157 198 237 292 293 294 295 314 322 335 344 350 354 373 376 392 413 425 490 550 611 633 640 650 674 676 677 695 699 718 728 740 781 798 800 833 841 869 875 881 915 926 935 957 973 974 987 1019 1027 1029 1053 1056 1057 1059 1089 1115 1124 1145 1158 1190 1219 1238 1246 1296 1341 1410 1427 1436 1448 1452 1476 1480 1487 1513 1514 1536 1631 1640 1670 1697 1734 1750 1789 1790 1803 1817 1842 1873 1886 1928 1963 1969 1970 1972 1988 2023
432,N#CN=C1SCCN1c1ccccc1N1C(=O)CCCC1=O,20 78 108 124 157 192 202 314 319 335 422 512 542 554 591 639 650 674 675 683 684 725 789 790 798 806 810 853 877 892 926 935 951 963 1013 1019 1028 1088 1146 1165 1176 1182 1199 1204 1222 1228 1230 1244 1253 1293 1295 1323 1361 1374 1380 1383 1384 1390 1450 1457 1480 1498 1508 1518 1527 1604 1636 1647 1664 1669 1671 1682 1686 1705 1720 1732 1738 1746 1750 1766 1777 1779 1829 1864 1873 1914 2019 2023 2047
433,COC1=CC=C2Oc3cc1n1c3C3=CC(N)=CC=CC=C3OCCN(CC1)C2=O,11 30 50 75 84 133 197 252 254 260 275 289 314 368 407 441 457 497 520 521 556 557 575 579 587 596 607 630 650 652 653 656 661 665 695 709 725 756 780 807 815 841 842 860 862 875 879 890 926 935 950 973 988 995 1014 1056 1057 1072 1108 1117 1167 1171 1176 1228 1247 1249 1289 1304 1341 1347 1362 1377 1380 1418 1444 1457 1479 1480 1483 1492 1496 1508 1528 1536 1687 1692 1697 1724 1800 1810 1831 1841 1845 1873 1883 1905 1996 2002 2013 2015 2033
434,CCOc1ccc(CN2c3nc(C)c(s3)-c3ccccc32)cc1,7 16 69 80 92 102 162 224 232 237 273 294 310 322 352 376 378 436 470 475 533 537 588 595 622 624 675 694 695 699 718 756 787 796 935 960 984 1004 1057 1085 1088 1128 1143 1187 1193 1199 1238 1255 1289 1295 1326 1380 1401 1452 1544 1589 1599 1601 1630 1647 1677 1683 1722 1750 1754 1760 1765 1819 1823 1855 1873 1908 1960 1967 1976 1979 1991 2004 2029
435,CN(C(=O)COc1cnc(Cl)cc1Cl)c1n[nH]c2[nH]c3cc([N+](=O)[O-])ccc3c12,29 54 74 80 119 155 173 209 245 255 259 322 345 356 366 378 383 405 422 428 456 532 538 561 563 579 586 639 650 681 688 715 744 753 757 761 806 807 830 831 838 864 875 881 919 977 986 1052 1057 1110 1114 1163 1169 1187 1188 1195 1238 1274 1292 1327 1347 1355 1357 1380 1452 1465 1494 1535 1539 1542 1596 1615 1637 1649 1658 1677 1683 1714 1733 1745 1750 1758 1765 1809 1814 1873 1888 1917 1940 1963 1967 1970 1982 1984 1986 2011
436,C1CCN(CCN2CCCCC23CCCC3)C1,3 6 59 72 80 134 168 179 221 328 412 439 442 481 594 623 637 650 662 697 707 800 804 873 894 926 935 1020 1028 1040 1060 1066 1071 1090 1095 1104 1113 1145 1219 1259 1294 1309 1422 1427 1441 1480 1482 1493 1514 1537 1602 1638 1640 1712 1720 1732 1754 1775 1791 1798 1828 1936 1960 1966 1998
437,COc1cc2ccccc2cc1-n1c2ccc1c(NCCN1CCN(C(C)=O)CC1)c2,3 9 45 58 74 80 106 107 109 127 139 149 161 194 218 249 313 322 353 395 414 479 520 523 573 583 647 657 667 695 704 714 716 754 772 774 807 815 821 834 841 847 875 879 890 896 899 926 935 958 985 1004 1017 1028 1057 1079 1087 1088 1119 1126 1142 1144 1145 1152 1199 1224 1295 1300 1325 1380 1416 1449 1480 1482 1500 1516 1536 1546 1589 1654 1664 1671 1693 1716 1718 1750 1779 1784 1791 1795 1840 1855 1873 1917 1970 1993 2009 2021 2047
438,O=C(CN1CCCC1=O)Nc1ccccc1C1=CO1,19 41 80 184 191 212 227 236 255 270 289 306 314 324 352 361 368 462 468 578 650 656 665 724 726 732 796 798 807 828 884 910 911 916 926 935 966 984 988 1022 1028 1042 1054 1088 1089 1123 1138 1152 1170 1172 1182 1195 1199 1224 1284 1289 1312 1318 1344 1357 1369 1380 1424 1426 1480 1483 1581 1667 1677 1696 1738 1739 1750 1756 1789 1792 1807 1816 1818 1869 1873 1917 1930 1941 1948 2001 2039
439,Nc1cc(Cl)c(Br)c(S(N)(=O)=O)c1,100 118 152 162 189 350 352 366 376 380 392 425 503 561 596 598 618 628 633 650 678 690 691 728 748 833 875 888 901 1117 1168 1171 1213 1271 1380 1431 1457 1458 1476 1590 1607 1613 1631 1635 1683 1745 1770 1814 1835 1844 1873 1882 1907 1926 1932
440,O=C1N2CCC1(N1CCCCC1)CC2,48 96 112 179 190 208 220 255 314 338 342 407 442 451 459 469 472 485 520 532 618 619 643 650 814 827 880 926 935 952 1018 1027 1028 1038 1057 1060 1083 1090 1162 1166 1191 1238 1239 1250 1375 1380 1397 1480 1554 1590 1675 1682 1697 1745 1768 1792 1857 1879 1966 1998 2020 2032
441,C#Cc1cc(Cl)ccc1C1(c2ccc(Cl)cc2)C(=O)NC(=O)N(c2ccccc2)C1=O,25 84 93 102 116 165 221 228 239 255 306 314 318 345 358 367 389 404 484 538 541 556 561 605 615 617 636 650 674 680 691 713 715 725 790 793 816 817 825 826 872 875 908 915 940 970 974 1049 1060 1070 1088 1092 1114 1175 1176 1197 1199 1259 1285 1298 1310 1380 1394 1629 1683 1686 1746 1750 1825 1873 1920 1936 1949 1962 1977 1980 1999 2043
442,COc1cc(Cl)ccc1COC(=O)C1C=C(C(F)(F)F)C([N+](=O)[O-])=C1c1ccc[nH]1,5 25 80 106 114 126 147 162 165 197 216 247 249 267 310 338 353 408 417 534 538 541 561 618 626 650 695 715 745 753 806 807 809 816 838 841 875 876 893 911 918 945 968 975 1010 1019 1040 1057 1086 1088 1109 1114 1165 1167 1195 1225 1231 1232 1237 1274 1297 1324 1325 1349 1380 1390 1400 1425 1427 1449 1453 1506 1536 1540 1563 1582 1633 1638 1644 1655 1683 1713 1741 1750 1756 1777 1838 1873 1881 1905 1917 1928 1946 1953 1963 1970 1972 1982 1984 2009 2034
443,NS(=O)(=O)c1ccc(O)c(C(F)(F)c2ccccc2)c1,84 87 114 126 144 153 221 295 319 350 363 389 419 428 449 484 505 584 638 650 654 715 724 751 833 840 859 875 902 947 1027 1088 1147 1156 1169 1171 1197 1199 1208 1251 1257 1274 1319 1320 1326 1380 1413 1417 1418 1453 1470 1475 1476 1572 1577 1602 1605 1607 1651 1653 1686 1750 1762 1825 1835 1873 1913 1928 1943 1976 2017
444,CCOC(=O)c1cc(C(=O)OC)c2c3ccc(o3)c(=O)oc3cc(C)c1c2c3,15 80 90 123 125 138 145 147 181 206 233 244 274 292 294 295 304 312 314 358 488 581 618 650 656 695 726 759 766 770 796 807 815 820 841 852 875 906 909 936 947 984 1116 1152 1187 1230 1238 1320 1357 1363 1380 1391 1419 1468 1514 1574 1587 1603 1604 1673 1692 1705 1706 1722 1730 1750 1753 1788 1808 1810 1836 1873 1880 1910 1916 1932 1952 1959 1984 1991 2001 2008 2009
445,CN(C)CCn1c2nc3c(cccc31)CS2,45 68 80 128 144 157 164 176 206 263 275 344 378 402 406 407 444 466 543 573 599 652 658 675 693 718 758 784 791 796 802 851 859 881 926 935 968 998 1039 1057 1088 1145 1163 1188 1190 1208 1227 1236 1263 1285 1296 1316 1351 1379 1380 1393 1536 1560 1580 1596 1676 1679 1688 1708 1724 1750 1779 1795 1834 1865 1873 1906 1914 1951 1999 2007 2026
446,N#Cc1ccc(CNc2ccc(Cl)c(Cl)c2)cc1,34 80 87 102 150 185 191 210 255 269 300 305 310 318 366 426 456 469 545 560 561 584 625 638 666 674 733 769 790 816 843 845 875 877 954 1118 1136 1152 1154 1169 1205 1228 1263 1283 1286 1380 1384 1402 1416 1482 1525 1554 1567 1581 1594 1605 1617 1634 1680 1683 1735 1750 1754 1765 1810 1838 1873 1894 1913 1929 1941 1954 1999 2004
447,O=C(NNS(=O)(=O)c1ccc(F)cc1)c1ccc(C(F)(F)F)cc1,34 49 90 102 103 114 148 194 236 304 319 350 378 383 432 486 502 538 566 626 650 699 713 715 739 745 749 807 809 816 835 883 910 965 999 1024 1074 1093 1152 1187 1194 1223 1260 1268 1380 1385 1410 1417 1453 1454 1476 1480 1504 1580 1586 1665 1670 1697 1750 1766 1794 1856 1873 1917 1928 2023
448,COc1ccc([N+](=O)[O-])cc1NC(=O)c1ccccc1,88 94 114 152 165 186 203 216 360 389 422 433 486 494 507 509 564 640 650 695 707 715 721 733 753 780 807 835 838 841 875 947 966 1019 1055 1057 1076 1077 1088 1098 1105 1141 1152 1195 1199 1224 1274 1351 1380 1385 1485 1494 1502 1505 1511 1533 1536 1655 1665 1750 1779 1795 1797 1809 1814 1833 1841 1873 1905 1917 1940 1963 1970 1985 1993 2023 2030
449,CC(C)(C)C(=O)C(F)(F)C1(C)C(=O)N2CCN1C2=O,42 61 73 77 92 100 109 114 126 131 133 183 250 255 270 271 277 314 318 392 447 452 469 650 666 669 683 747 781 788 791 807 810 811 835 837 840 935 938 947 1007 1020 1057 1060 1080 1146 1154 1220 1274 1380 1441 1442 1453 1457 1480 1547 1621 1629 1635 1659 1671 1708 1828 1855 1890 1903 1917 1928 1980 1981 1991 2020
450,C#CC(=O)NC(=S)C(=O)c1ccccc1-c1cccc([N+](=O)[O-])c1,80 97 110 185 186 197 352 355 387 433 443 446 468 504 506 650 674 683 700 705 715 724 730 736 763 790 799 807 817 838 856 899 915 974 976 980 984 986 991 1016 1039 1042 1050 1070 1076 1088 1119 1152 1160 1195 1199 1205 1207 1274 1294 1305 1319 1347 1352 1362 1379 1380 1416 1447 1512 1519 1539 1567 1610 1693 1708 1714 1718 1733 1750 1772 1809 1837 1873 1876 1911 1913 1917 1926 1929 1950 1963 1991
451,CCN1CCn2c(ccc(NC(=O)Nc3ccccc3Cl)c2=O)C1,7 34 39 56 64 74 78 80 84 99 151 159 162 166 177 192 266 272 294 314 366 504 505 559 561 573 591 628 650 671 679 729 807 865 879 926 935 974 993 1057 1088 1152 1153 1178 1199 1224 1261 1266 1279 1288 1343 1380 1383 1428 1436 1480 1496 1535 1563 1575 1608 1683 1687 1692 1696 1743 1748 1750 1791 1816 1852 1856 1873 1917 1946 1989 2025 2033
452,N#CN1CCCC2CC(CCCCCCN3CCCCC3)CCC21,2 29 32 69 80 92 128 168 175 200 255 276 277 290 299 320 334 370 372 387 404 407 446 451 515 517 545 585 653 674 675 695 697 712 739 753 766 790 824 832 893 911 912 926 935 945 1019 1028 1065 1108 1127 1143 1145 1169 1179 1198 1216 1292 1307 1325 1342 1367 1384 1392 1411 1422 1480 1482 1486 1587 1589 1654 1671 1688 1689 1774 1791 1814 1853 1858 1911 1960 1985 1998
453,CC(C)(C)OC(=O)c1[nH]cc2c1C(=O)NC2=O,114 118 125 131 145 187 216 231 252 287 352 379 392 398 467 510 513 546 574 611 626 650 670 678 695 709 739 794 806 807 825 829 881 893 899 920 1004 1019 1057 1060 1062 1114 1132 1174 1202 1235 1276 1282 1317 1333 1380 1399 1463 1476 1477 1495 1498 1531 1548 1573 1574 1657 1714 1716 1724 1729 1747 1802 1818 1858 1859 1873 1879 1917 1969
454,N#CN=c1[nH]c(=O)[nH]c(=Nc2cccc(Cl)c2)s1,54 56 125 134 149 162 165 175 209 216 232 302 311 314 499 529 534 547 561 572 592 650 663 666 674 675 699 725 768 770 790 817 832 875 897 928 946 975 999 1018 1024 1039 1042 1086 1088 1114 1145 1176 1225 1380 1384 1418 1452 1469 1495 1518 1572 1607 1649 1677 1683 1685 1706 1745 1750 1753 1766 1777 1791 1854 1873 1879 1968 1983 2004 2036
455,COc1ccc(CN(C(=O)Nc2ncncn2)c2ccccc2)cc1,19 80 105 193 233 282 288 310 322 378 384 389 401 411 456 483 489 507 539 574 626 627 650 661 675 690 695 711 718 727 740 741 781 783 794 807 831 841 881 931 1024 1028 1057 1061 1070 1088 1096 1100 1108 1117 1147 1152 1199 1213 1238 1255 1276 1371 1373 1380 1439 1452 1488 1492 1536 1544 1582 1593 1603 1670 1697 1750 1754 1770 1816 1845 1849 1865 1873 1912 1915 1917 1928 1947 1956 1968 2029
456,CC(=O)N1CCCCCN(C)c2nc3ccccc3c(=O)n2CC1,2 107 112 172 189 250 258 289 290 314 319 332 369 378 389 464 504 573 650 686 690 789 796 807 820 849 935 972 985 1017 1028 1057 1064 1065 1081 1082 1088 1097 1138 1145 1156 1160 1174 1193 1199 1266 1280 1296 1300 1338 1350 1357 1365 1376 1380 1410 1433 1472 1480 1496 1517 1522 1573 1662 1687 1693 1732 1750 1755 1788 1793 1802 1852 1855 1873 1917 1945 1958 1967 1998 2005 2009 2015
457,CC(=O)N1CCN(C(=O)c2cccc(NCCc3ccccc3)n2)C(C(C)C(=O)Nc2ccccc2)C1,1 8 42 80 93 108 141 186 191 234 242 253 261 269 283 298 315 317 357 378 382 389 394 445 471 488 502 518 532 541 573 637 643 650 664 667 703 718 739 778 780 806 807 843 855 925 926 935 953 965 1017 1019 1038 1039 1044 1045 1055 1056 1057 1066 1070 1077 1088 1099 1113 1126 1128 1129 1133 1152 1199 1238 1242 1243 1247 1280 1300 1310 1327 1365 1380 1416 1442 1480 1504 1507 1514 1574 1589 1664 1725 1750 1754 1792 1816 1817 1855 1890 1905 1917 1918 1945 2003 2009 2024
458,N#Cc1ccc(S(=O)(=O)N2CCC3(CCCCC3)C2)cc1C(=O)N1CCCC1,2 69 104 194 227 319 350 361 362 369 389 391 393 413 490 501 532 573 585 602 609 637 650 662 672 674 715 757 764 790 800 807 866 875 924 926 935 942 953 987 1000 1012 1028 1059 1060 1065 1070 1076 1136 1162 1174 1246 1331 1344 1380 1384 1430 1476 1480 1504 1523 1527 1530 1535 1600 1638 1729 1745 1750 1754 1793 1861 1862 1873 1900 1912 1917 1991 1998 2002 2009 2019
459,COc1ccc(NC(=O)c2cccc(OCCn3cc(-c4ccc(OC)cc4)n(C)c3=O)c2)cc1,5 13 80 88 166 191 209 211 301 303 306 314 322 377 421 464 470 486 522 526 529 562 564 567 650 695 718 771 781 784 797 807 817 825 831 841 843 875 896 935 942 945 953 1034 1039 1057 1077 1088 1092 1134 1145 1152 1160 1305 1380 1384 1385 1402 1425 1446 1452 1455 1501 1536 1569 1600 1627 1653 1665 1679 1692 1750 1795 1811 1816 1827 1832 1873 1907 1917 1927 1954 1978 1985 2002 2034
460,CCOc1cc2sc3[nH]c(c1Br)c2c3N(C)C(C)C,1 3 33 80 88 132 162 187 202 204 233 235 237 267 276 283 294 328 425 433 445 511 524 570 586 602 609 658 670 675 695 728 763 787 819 823 871 875 881 885 893 900 936 1010 1025 1030 1036 1057 1085 1096 1106 1114 1163 1204 1225 1238 1252 1277 1308 1309 1339 1380 1405 1452 1458 1461 1467 1476 1530 1571 1580 1603 1615 1616 1631 1698 1745 1761 1814 1855 1873 1951 1970 1984
461,CCOc1ccc(OC)cc1C=Cc1cc(CCC(=O)N2CCN(C)CC2)nnn1,14 15 34 80 90 94 95 126 158 186 207 219 237 245 281 294 295 322 326 329 376 378 401 425 452 462 480 504 540 547 598 650 675 694 695 718 719 724 753 760 781 807 813 835 841 875 926 934 935 937 961 965 980 986 988 996 1009 1035 1057 1077 1145 1164 1188 1230 1234 1236 1238 1243 1268 1297 1305 1321 1380 1411 1452 1480 1518 1525 1536 1564 1589 1636 1687 1719 1750 1755 1783 1841 1868 1873 1916 1917 1942 1948 1970 1972 1987 1994 2001 2009 2011
462,COC(=O)C=CC=C1CC1,31 42 79 86 93 158 200 209 228 272 317 318 327 360 386 432 454 493 534 581 599 633 640 643 650 690 694 695 709 712 795 807 810 841 890 926 1001 1057 1073 1152 1240 1344 1380 1417 1436 1485 1511 1552 1562 1598 1604 1692 1725 1734 1736 1738 1744 1750 1795 1854 1882 1905 1917 1966 1975
463,CSc1nc2ccccc2n1Cc1ccccc1N,2 45 80 82 116 175 192 232 234 235 241 257 288 289 330 344 354 357 378 394 451 478 486 494 545 634 681 682 687 694 700 747 761 802 818 821 855 862 866 910 935 1057 1088 1097 1171 1173 1192 1218 1245 1285 1328 1331 1340 1349 1380 1397 1454 1457 1540 1560 1597 1629 1630 1723 1750 1765 1825 1842 1855 1873 1883 1886 1912 1937 1951 2001
464,CC1=CCC(=O)c2ccccc2OC1,91 216 237 314 352 379 401 441 453 457 459 511 609 619 640 650 656 685 730 751 766 841 926 972 984 1011 1026 1057 1076 1088 1103 1141 1245 1251 1266 1308 1355 1380 1424 1466 1481 1522 1557 1652 1676 1702 1708 1722 1750 1781 1790 1814 1873 1895 1905 1979 2027
465,NC(=O)c1ccc(-c2ccc(C(=O)N3CC3)[nH]2)cc1,31 62 113 129 137 140 143 190 205 300 309 314 419 428 432 451 457 497 541 623 650 654 784 785 807 859 878 896 900 916 926 935 942 1030 1053 1071 1078 1085 1114 1160 1171 1172 1206 1209 1296 1324 1376 1380 1385 1387 1421 1467 1480 1483 1493 1504 1506 1555 1579 1589 1650 1697 1721 1727 1745 1750 1787 1845 1873 1899 1916 1917 1932 1979 2009
466,COc1cc2ccc1OC2C1=Nc2ccccc21,148 163 165 170 171 181 227 249 352 365 378 380 399 440 516 561 562 655 656 664 680 689 695 733 750 766 786 804 824 831 841 854 858 875 910 927 944 961 975 984 1019 1035 1057 1071 1088 1105 1125 1199 1205 1212 1222 1279 1380 1536 1617 1652 1709 1726 1742 1750 1803 1833 1858 1873 1905 1915 1970 2000 2035
467,COc1c2c3ccc1n(C(=O)c1ccc(Cl)nc1)c2ccc3-c1ccc(O)cc1,45 135 142 176 222 276 277 298 321 327 330 333 336 352 355 359 378 423 477 481 505 561 565 568 577 594 605 621 650 680 682 695 745 751 789 807 841 862 870 896 919 935 958 967 976 1007 1057 1097 1101 1143 1160 1171 1191 1220 1282 1292 1313 1348 1357 1380 1385 1394 1403 1420 1424 1445 1451 1452 1475 1504 1511 1525 1535 1536 1586 1589 1597 1599 1602 1640 1683 1697 1724 1733 1750 1758 1768 1778 1815 1873 1876 1902 1917 1930 1944 1984 2021 2032 2038
468,CC1OC(=O)C2=C(C(=O)O)C(=O)C(CCCCCC3CCCCC3)C(C)(C)C21,2 25 29 78 80 104 114 243 245 257 276 279 314 334 389 395 396 456 484 549 563 618 650 656 677 681 689 704 712 719 722 750 776 782 807 832 857 870 888 890 900 926 949 955 979 1019 1028 1032 1057 1058 1060 1088 1099 1143 1147 1181 1205 1274 1309 1325 1330 1364 1380 1469 1553 1582 1613 1649 1674 1681 1689 1803 1815 1839 1911 1912 1917 1941 1958 2029 2036 2041
469,CNC(=O)Nc1nc(-c2ccccc2NC(=O)c2ccccc2)cs1,117 130 172 178 233 270 314 345 352 378 383 385 389 394 422 477 530 542 552 599 636 650 662 675 702 721 722 733 774 807 920 947 980 984 1006 1057 1085 1088 1144 1152 1196 1199 1214 1216 1224 1228 1264 1272 1293 1343 1380 1385 1395 1400 1428 1430 1488 1501 1520 1521 1524 1567 1598 1606 1611 1665 1677 1696 1714 1720 1728 1737 1750 1759 1795 1816 1839 1842 1848 1855 1873 1889 1917 1985 1989 2016 2021 2026
470,CC1(C)CCCN1C1CN2C(=O)C1N(C1CCCOC1COc1cc3ccc1cc3)C2=O,5 25 44 47 80 92 105 108 153 203 217 281 302 314 322 335 361 429 439 457 473 478 576 597 610 637 650 656 673 686 695 715 739 802 811 834 875 892 904 926 935 950 979 1015 1019 1022 1024 1028 1037 1039 1051 1057 1060 1083 1130 1136 1150 1162 1187 1219 1222 1239 1249 1274 1278 1324 1325 1347 1350 1352 1360 1365 1380 1384 1412 1436 1452 1457 1466 1468 1470 1480 1482 1518 1547 1579 1600 1619 1653 1681 1689 1735 1750 1754 1762 1775 1780 1799 1832 1845 1855 1860 1873 1917 1970 1980 2002
471,CCn1cccc1-c1c(C)nc(-c2ncccc2F)n1C,34 59 80 86 90 95 138 271 289 294 318 323 355 367 378 401 420 448 564 571 589 600 681 699 703 748 768 804 849 877 894 895 935 937 942 977 979 982 1020 1032 1043 1057 1088 1095 1101 1145 1172 1227 1253 1258 1293 1319 1324 1380 1396 1413 1452 1453 1455 1481 1519 1549 1569 1575 1643 1657 1681 1692 1722 1732 1748 1750 1754 1766 1784 1840 1855 1866 1873 1928 1940 1952 1982
472,NC(=O)c1ccc(SC=CC=C2Nc3ccc2cc3)c(C(=O)O)c1,19 39 53 91 116 140 179 239 309 332 349 355 389 432 438 456 469 505 528 543 574 594 613 633 650 680 694 695 708 712 730 750 807 829 842 874 875 890 896 923 1013 1025 1033 1047 1056 1060 1062 1095 1114 1119 1160 1171 1264 1285 1300 1306 1310 1332 1352 1363 1377 1380 1385 1437 1441 1458 1520 1536 1593 1670 1697 1725 1727 1750 1760 1776 1779 1819 1821 1857 1868 1873 1912 1917 1991
473,CC1=NC2(N=CC=CS2)C(C2OC3OC2C3O)=N1,34 39 61 115 125 129 138 184 221 247 262 274 321 378 379 394 425 465 481 489 500 517 533 571 587 656 669 675 698 705 710 723 727 733 763 807 811 818 838 849 862 906 923 924 927 952 1019 1057 1060 1075 1093 1098 1213 1228 1234 1257 1280 1281 1300 1339 1354 1365 1372 1380 1385 1487 1496 1578 1640 1653 1654 1661 1698 1699 1700 1722 1736 1745 1769 1804 1823 1855 1866 1871 1873 1988
474,O=C(c1cc(F)cc(F)n1)C1CCC(NS(=O)(=O)c2ccccc2CC2CC2)CC1,29 54 64 80 122 162 296 300 374 378 392 432 455 458 464 471 474 502 517 524 558 573 619 632 650 668 699 767 807 855 858 875 898 923 926 930 942 974 992 1019 1020 1023 1038 1059 1088 1147 1152 1172 1199 1233 1259 1315 1325 1349 1357 1366 1380 1407 1408 1410 1455 1476 1597 1621 1630 1634 1656 1670 1671 1743 1748 1750 1753 1855 1872 1873 1879 1880 1900 1917 1924 1928 1932 2021 2046
475,Nc1ncccc(Br)cccn(-c2ccccc2)ncn1,43 73 80 90 95 221 232 271 329 339 378 389 405 409 423 448 480 483 485 489 496 539 544 549 620 657 728 789 827 833 892 900 901 909 913 934 935 1020 1026 1043 1049 1080 1088 1101 1102 1109 1171 1199 1302 1349 1357 1380 1452 1455 1457 1468 1523 1631 1649 1661 1665 1681 1704 1718 1750 1815 1825 1866 1873 1939 1942 1960 1961 2000 2009 2014 2030
476,CCN(C(N)=O)C1=CNC2=NNC(N)=NC2=C1F,26 80 140 234 262 271 294 310 329 353 368 378 420 427 459 512 531 562 568 605 614 623 650 655 675 699 701 730 760 766 775 783 788 807 818 822 829 830 878 881 882 900 903 927 932 989 1050 1057 1077 1100 1114 1134 1150 1171 1173 1237 1240 1265 1269 1306 1380 1431 1444 1454 1455 1457 1482 1533 1751 1767 1776 1798 1854 1873 1917 1928 1971 2028
477,COC(=O)c1cc(C(=O)OCCOC(=O)c2ccccc2)co1,13 80 121 147 182 229 375 384 389 495 517 525 534 606 625 650 656 661 695 706 807 841 842 862 875 879 906 943 950 958 1005 1057 1085 1088 1103 1151 1152 1155 1199 1233 1238 1243 1266 1375 1380 1385 1404 1506 1510 1522 1545 1551 1592 1598 1641 1750 1754 1798 1842 1868 1873 1882 1894 1932 1934 1985 2006 2031
478,COc1ccccccc(F)c2c3cccnc(c2c(Cl)c1F)n1c(SC)nnc31,68 116 131 245 249 250 287 323 343 378 389 394 413 448 457 464 478 484 494 548 561 641 644 695 699 747 757 761 841 865 931 935 936 973 1007 1011 1012 1032 1037 1043 1055 1057 1079 1088 1154 1156 1164 1191 1192 1199 1264 1265 1270 1354 1357 1376 1380 1410 1438 1445 1449 1452 1496 1533 1536 1546 1550 1557 1573 1581 1599 1655 1658 1683 1693 1696 1723 1750 1768 1804 1836 1840 1849 1856 1866 1873 1897 1928 1970 1982 1984
479,Cc1nc(N(C)CCCCCN2CCN3CC2C3=O)nc2ccccc12,5 33 80 92 159 178 285 289 307 314 317 363 378 389 403 407 457 567 570 621 650 709 739 753 775 881 886 893 926 935 989 1019 1021 1022 1057 1081 1088 1097 1101 1104 1122 1130 1143 1145 1163 1199 1215 1309 1312 1330 1357 1380 1399 1443 1480 1483 1496 1508 1540 1541 1573 1584 1597 1621 1632 1669 1722 1723 1725 1750 1790 1835 1855 1870 1873 1879 1911 1951 1960 1979 2000 2022
480,CCCCCN(CC)CCCOC(=O)C1=C(O)S1,13 61 80 87 145 147 171 172 245 251 271 293 294 369 421 450 496 499 555 572 577 591 595 615 650 668 675 678 695 700 706 715 722 765 794 807 881 932 966 977 1015 1057 1090 1161 1200 1249 1257 1305 1315 1380 1404 1444 1467 1532 1581 1583 1592 1602 1633 1669 1678 1682 1734 1775 1791 1819 1825 1826 1828 1857 1911 1917 1951 1981 2022 2032 2038 2044
481,CCCCCCCn1c2cc3c(=O)n-2[nH]c3c1=O,80 222 229 260 294 314 355 356 392 450 486 504 591 594 595 607 633 646 650 751 763 793 794 802 875 893 926 935 968 1024 1057 1114 1143 1177 1258 1296 1334 1337 1342 1356 1357 1380 1412 1414 1431 1439 1444 1456 1530 1545 1575 1600 1620 1643 1654 1659 1751 1772 1804 1819 1839 1858 1873 1888 1911 1934 1960 1965 1967 2041
482,O=C(NCCN1CCCN(C=Cc2ccccc2)C1=O)c1cccc(Cl)c1,8 51 69 79 80 92 165 191 197 216 246 265 300 314 321 362 365 371 375 381 389 398 420 424 460 486 521 525 526 546 560 561 564 586 592 638 650 667 694 719 752 783 807 835 862 875 878 885 913 916 926 935 1008 1019 1028 1039 1065 1076 1083 1085 1088 1089 1117 1120 1123 1134 1145 1152 1199 1200 1227 1276 1278 1349 1353 1355 1380 1385 1416 1431 1480 1496 1544 1547 1571 1593 1648 1653 1672 1683 1710 1750 1757 1797 1836 1854 1858 1873 1876 1913 1917 1927 1985 2033
483,CCCCCCCCOC(CN)C(N)CO,1 13 18 77 80 108 155 187 199 222 280 294 316 406 433 442 482 489 510 513 516 591 605 695 735 786 789 794 807 848 876 905 925 942 981 1057 1143 1146 1171 1187 1222 1223 1229 1249 1257 1290 1305 1364 1403 1406 1423 1444 1450 1524 1582 1620 1625 1697 1763 1778 1851 1862 1909 1911 1927
484,COc1ccccc1N(C(=O)N(C)C)c1ncncc1-c1cnncc1C(=O)NCCc1ccccc1,6 8 10 11 32 57 80 99 106 197 216 218 249 259 281 302 324 352 369 378 383 389 393 399 483 486 489 650 667 695 768 773 788 807 828 841 881 942 965 1013 1045 1057 1062 1066 1085 1088 1105 1119 1126 1152 1163 1199 1222 1233 1243 1248 1259 1274 1275 1303 1317 1335 1362 1365 1380 1410 1429 1452 1482 1486 1487 1507 1519 1532 1535 1536 1625 1648 1653 1696 1731 1750 1751 1754 1757 1790 1833 1873 1884 1912 1916 1917 1956 1970 1991 2018 2029
485,N#CC(=O)C(=O)N1CCN(Cc2ccc(Cl)cc2)C1=O,23 51 80 92 155 216 247 295 309 310 314 358 374 391 392 500 504 524 541 544 561 571 583 614 650 674 702 709 790 795 803 807 811 816 832 860 867 926 935 940 960 995 1002 1053 1070 1089 1110 1132 1144 1300 1305 1343 1368 1380 1384 1387 1498 1635 1642 1652 1667 1683 1750 1754 1765 1779 1838 1864 1873 1898 1899 1917 1977 2025 2036
486,O=C(NC(=O)c1cccc2c(=O)n2ccc1)c1ccccc1,45 60 95 197 241 246 265 268 270 314 328 389 401 452 486 504 519 528 568 599 650 709 710 768 807 818 915 930 935 936 1021 1039 1066 1088 1101 1119 1124 1152 1171 1199 1241 1252 1268 1285 1314 1351 1368 1380 1385 1420 1465 1517 1581 1590 1605 1624 1665 1670 1734 1750 1778 1797 1873 1904 1917 1969 1985
487,CCN1CCN(CCCN(CC)C2=c3nc(N)c(c4ccc(OC)cc34)=CC=C2Br)CCNC1=O,28 34 56 60 74 76 80 96 155 173 180 210 230 259 285 294 295 305 314 322 330 378 452 465 476 492 516 556 557 608 636 650 651 653 695 700 718 728 740 744 781 822 837 841 867 875 881 921 923 926 932 935 955 973 976 978 979 1035 1057 1072 1089 1097 1114 1135 1145 1150 1171 1249 1263 1307 1324 1325 1338 1357 1380 1405 1407 1425 1454 1457 1459 1468 1480 1482 1536 1598 1631 1637 1687 1702 1727 1733 1750 1791 1823 1848 1855 1866 1872 1873 1911 1919 1930 1944 1956 1970 1972 1977 1979 2038 2041 2042
488,Cc1ccc(NC(=O)CCCN2CCCC2=O)cc1,21 41 80 94 97 148 155 189 191 235 314 338 339 397 406 458 511 527 639 650 688 689 700 744 798 807 821 843 901 926 935 951 955 1028 1057 1070 1077 1084 1089 1123 1134 1138 1145 1152 1182 1362 1380 1382 1444 1480 1483 1539 1564 1580 1648 1677 1718 1722 1738 1750 1816 1823 1864 1873 1877 1895 1911 1917 1920 1932 1938 1961 1988 2045
489,CCN(CCCNC(=O)c1ccccc1)C(=O)Nc1cc(F)ccc1-n1cc(C)cn1,8 43 46 74 80 86 181 192 193 197 216 248 254 265 294 320 340 352 378 389 407 410 417 458 464 468 473 486 490 495 583 600 604 611 650 667 699 739 745 755 807 818 823 851 866 875 880 881 898 906 932 935 978 1008 1044 1057 1088 1115 1119 1124 1152 1189 1199 1208 1216 1224 1272 1295 1335 1362 1367 1380 1385 1410 1455 1472 1523 1535 1536 1614 1652 1665 1670 1671 1722 1750 1796 1799 1813 1816 1823 1830 1873 1876 1905 1911 1915 1917 1928 1947 1951 1954 1985 2001 2024
490,CCCNC(=O)N(CCNc1nc(N(C)C)nn1C)C1OC2C(=O)NC1C2O,14 80 113 118 119 137 157 191 193 197 241 291 294 301 314 378 404 407 411 415 492 503 507 616 650 656 667 681 685 789 794 807 814 834 840 881 935 958 1005 1019 1024 1034 1044 1057 1069 1088 1105 1114 1133 1145 1152 1157 1163 1257 1277 1309 1325 1373 1380 1407 1416 1419 1422 1425 1433 1454 1487 1500 1501 1510 1576 1626 1700 1708 1718 1731 1757 1822 1855 1859 1877 1917 1921 1925 1951 1956 1962 2009 2022
491,COc1cccc2cc3c(C(=O)OC4CCC4)ccc(OCC(=O)N4CCCOCC4)c3cc12,11 12 51 60 67 68 80 94 119 128 145 177 222 244 249 291 295 316 331 369 421 474 523 556 650 656 659 690 695 760 781 807 836 841 861 875 887 926 935 941 950 1009 1019 1028 1030 1039 1047 1057 1063 1071 1074 1087 1088 1122 1126 1147 1157 1173 1187 1210 1260 1285 1288 1325 1357 1359 1380 1393 1405 1410 1422 1429 1441 1452 1480 1536 1546 1557 1564 1573 1616 1637 1656 1660 1704 1750 1771 1794 1800 1804 1807 1855 1873 1897 1906 1914 1917 1924 1930 1946 1970 1991 2003 2004 2009 2036
492,O=C(OCCCNS(=O)(=O)c1ccc(Br)cc1)c1cccc(F)c1,5 13 38 80 145 147 221 230 265 267 293 317 319 332 350 385 460 468 469 490 495 502 539 572 582 629 650 667 695 699 715 728 732 807 862 871 875 883 896 909 1001 1033 1039 1077 1088 1152 1157 1188 1197 1203 1204 1293 1306 1371 1380 1385 1418 1431 1461 1476 1487 1528 1559 1592 1597 1609 1626 1628 1631 1646 1649 1670 1718 1734 1750 1775 1782 1797 1807 1814 1873 1881 1886 1902 1911 1917 1928 1957 1985 1990
493,CC1=CC(C(=O)N2CCN(CC(=O)N3CCCCC3)CC2)=CC1=O,2 74 80 84 103 129 161 202 277 283 298 314 341 350 365 369 377 395 490 498 536 568 646 648 650 657 707 720 740 747 760 761 775 807 868 915 926 935 942 947 983 1006 1009 1028 1080 1093 1109 1127 1144 1216 1312 1313 1380 1387 1480 1482 1490 1504 1505 1589 1596 1687 1703 1722 1768 1791 1794 1799 1873 1881 1917 1998 1999 2009
494,CC(C)N1CCc2cc3ccccc3cc2C(=O)N2CCN(CC2)C(=O)C1,1 27 50 101 128 144 148 157 210 212 262 283 290 299 314 322 327 348 352 371 410 414 496 538 617 650 653 741 792 796 798 812 820 835 851 875 879 908 926 935 959 997 1002 1057 1087 1088 1106 1118 1177 1199 1236 1265 1315 1318 1357 1375 1380 1417 1480 1508 1590 1608 1646 1676 1710 1738 1750 1769 1792 1845 1855 1873 1888 1911 1914 1946 1963 1991 2013 2044
495,CCOc1cccc(C(C)=C(Cl)C=C(Cl)C2CC(=O)N3CCN2C3=O)c1,24 39 69 80 92 94 168 194 231 237 246 252 263 294 314 322 438 471 479 515 521 531 534 537 562 568 583 630 648 650 675 684 691 694 695 704 727 780 785 798 805 807 809 811 875 878 884 901 924 926 927 932 933 935 1004 1017 1019 1027 1039 1057 1063 1088 1120 1128 1146 1238 1292 1370 1377 1380 1384 1385 1405 1445 1450 1452 1457 1462 1501 1541 1580 1587 1628 1673 1683 1697 1705 1715 1750 1766 1808 1828 1840 1873 1886 1906 1954 1960 1973 2035
496,CSC(=O)N(C)C(C)=O,1 31 40 116 159 175 218 223 263 268 320 370 382 394 475 480 519 601 634 636 650 688 708 759 762 784 807 839 881 950 1017 1046 1057 1077 1163 1176 1200 1253 1384 1441 1501 1508 1559 1586 1588 1596 1600 1635 1649 1711 1735 1764 1902 1905 1917 1936 1953 1954
497,CCC(=C(C)C(=O)OC)c1ccccc1,15 23 55 71 80 95 135 138 294 319 340 346 349 389 404 423 428 504 525 529 567 571 643 650 651 679 680 695 702 805 807 841 898 959 960 1017 1037 1057 1079 1088 1090 1092 1098 1152 1158 1197 1199 1229 1262 1272 1285 1357 1380 1385 1393 1411 1458 1473 1517 1600 1609 1680 1712 1742 1750 1824 1855 1861 1873 1897 1917 1961 1985 2002
498,COC(=CCN1CCC(C)(C)CC1=O)C1=C(C(=O)N2CCCCC2)CO1,2 54 56 80 109 116 181 184 208 233 252 259 308 314 340 369 441 457 479 536 555 561 595 609 619 650 656 694 695 711 715 764 798 803 807 841 850 887 926 935 940 941 942 1028 1057 1060 1083 1089 1110 1124 1133 1141 1162 1236 1265 1274 1279 1289 1291 1305 1317 1363 1368 1380 1422 1480 1487 1503 1504 1513 1548 1567 1569 1651 1692 1719 1764 1774 1822 1917 1944 1952 1954 1998 2009
499,COC(=O)c1ccc2c(c1)C(C)(C(=O)OC1C(O)C3OC(=O)CCC(=O)OC3C1O)C(=O)O2,96 120 145 184 188 195 198 211 221 314 366 438 469 482 500 508 555 566 636 650 651 656 657 663 684 692 695 717 736 750 766 800 807 833 841 849 875 906 914 921 926 947 952 964 970 982 1019 1021 1035 1043 1057 1060 1069 1077 1087 1108 1120 1126 1135 1152 1195 1257 1274 1279 1291 1298 1358 1380 1385 1426 1463 1483 1487 1517 1544 1587 1594 1605 1660 1697 1715 1738 1750 1765 1810 1852 1873 1888 1905 1917 1918 1950 1965 1980
500,CCOc1ccccc1NC=Cc1ccccc1NC(=O)C(CC)NC(=O)c1ccc(C)cc1,1 18 35 80 117 126 171 218 228 235 237 289 292 294 318 324 331 410 416 423 425 441 485 486 557 573 650 662 694 695 717 736 753 756 778 782 807 818 835 871 883 913 944 961 1057 1060 1088 1102 1152 1197 1199 1224 1238 1297 1305 1306 1365 1380 1384 1385 1410 1411 1435 1452 1511 1544 1629 1631 1665 1696 1697 1702 1722 1744 1750 1768 1775 1785 1816 1820 1823 1861 1873 1917 1918 1920 1936 1970 1998
501,COc1ccc(C(=O)N2CCCCCCCC2)cc1,2 68 99 127 322 328 369 389 455 497 597 622 631 640 650 695 708 718 725 767 781 798 807 831 838 841 866 926 935 941 942 1019 1028 1057 1069 1208 1322 1363 1380 1385 1415 1464 1480 1481 1484 1504 1511 1517 1536 1559 1571 1631 1697 1700 1750 1858 1864 1873 1935 1998 2003 2009 2013 2016 2045
502,O=C1N2CCC(C2)CN1c1ncc2ccccc2n1,22 28 35 58 71 92 111 289 314 335 339 364 378 407 414 419 503 532 545 582 642 650 729 739 745 770 794 802 852 868 909 923 926 935 968 984 1014 1019 1020 1041 1086 1087 1088 1097 1150 1164 1193 1199 1256 1292 1325 1365 1380 1392 1393 1398 1407 1446 1452 1457 1477 1480 1501 1513 1535 1580 1618 1622 1638 1655 1672 1674 1692 1711 1750 1751 1803 1855 1873 1951 2019 2041
503,Cc1cccc(CN2C(=O)N(c3ccc(F)cc3)c3nc(C)nc2n3)c1,8 29 60 69 80 90 92 104 110 140 146 172 233 252 270 295 310 314 346 361 378 404 475 541 558 584 588 650 699 744 829 835 837 838 875 935 973 981 1009 1013 1032 1039 1055 1057 1066 1070 1072 1085 1088 1126 1176 1211 1256 1281 1319 1336 1339 1380 1399 1410 1485 1570 1626 1665 1670 1686 1720 1722 1750 1754 1765 1823 1851 1855 1860 1873 1885 1920 1928 1971
504,COc1ccc(Cl)cc1C(=O)N(C)C,7 12 22 94 124 152 165 216 235 352 377 433 441 451 455 456 465 466 495 511 549 561 588 650 695 699 732 736 789 801 806 807 816 841 875 881 955 977 980 997 1021 1057 1061 1124 1129 1180 1235 1326 1380 1465 1468 1519 1536 1602 1620 1653 1683 1750 1769 1858 1866 1873 1883 1893 1917 1942 1970 1985 1989 1991 2024
505,COc1cccc(-c2c(OC)cc3cc2C(=NC=Cc2cccnc2)c2ccccc2NC3=O)c1,20 27 88 142 143 157 161 187 198 241 249 314 322 328 352 354 378 385 400 401 460 527 562 583 595 650 688 694 695 699 702 720 725 736 754 781 819 835 845 853 854 875 971 975 984 991 1021 1027 1039 1043 1057 1060 1071 1073 1088 1114 1141 1160 1163 1199 1220 1223 1226 1242 1304 1353 1380 1429 1470 1530 1535 1540 1557 1558 1570 1571 1586 1595 1599 1603 1618 1630 1650 1657 1669 1734 1747 1750 1759 1773 1777 1792 1839 1856 1866 1873 1970 1972 1982 1985 2006 2009 2020 2021 2024 2029 2033
506,O=C1c2ccccc2CN1CCCOc1ccccn1,13 42 61 72 79 80 164 196 239 267 314 352 362 378 408 413 439 448 607 618 626 650 683 687 695 704 705 811 849 879 886 926 935 951 963 970 984 985 1012 1088 1089 1145 1155 1172 1199 1214 1236 1335 1343 1380 1441 1447 1452 1469 1570 1585 1659 1708 1712 1730 1750 1810 1866 1870 1873 1911 1929 1938 1946 1963 1996 2003 2022 2030
507,Cc1cc(Cl)cc(OC2c3sc4nnc(SCCCCN5CCCCC5)n4c32)c1,2 25 50 80 85 116 132 162 207 210 216 244 273 311 322 336 341 343 360 377 378 379 461 524 548 561 610 634 646 648 653 675 684 695 734 747 765 801 806 873 875 893 903 926 931 935 964 981 1019 1028 1053 1057 1069 1115 1145 1162 1164 1171 1182 1193 1261 1262 1287 1298 1303 1343 1360 1380 1386 1407 1416 1422 1426 1429 1449 1460 1480 1482 1502 1609 1650 1666 1683 1685 1722 1743 1747 1769 1791 1823 1873 1911 1917 1949 1953 1966 1992 1998 2005
508,O=C1OC(=O)C(c2ccccc2)=C1C(=O)c1ccc(F)cc1,9 87 90 92 127 133 281 314 354 389 488 491 511 536 546 551 580 622 638 650 656 699 736 807 973 993 1005 1035 1088 1092 1096 1100 1160 1199 1208 1278 1363 1380 1385 1410 1448 1545 1567 1581 1594 1595 1596 1670 1697 1701 1744 1750 1775 1806 1810 1873 1912 1917 1922 1928 1929 1960 1985 2017 2021 2029
509,CC(=O)N(CCOc1ccccc1)CN1C(=O)c2cccc(c2O)C1=O,6 11 13 38 55 80 102 158 162 202 286 314 322 334 341 352 373 389 426 430 494 511 535 555 562 588 608 642 650 695 756 782 807 852 871 879 886 935 941 978 984 1017 1034 1039 1057 1071 1088 1108 1126 1154 1161 1175 1199 1380 1395 1413 1452 1501 1512 1515 1541 1588 1602 1614 1688 1732 1740 1750 1823 1839 1844 1867 1873 1917 1951 1970 2015 2016
510,C=CSc1cc(NC(=O)c2cc(S(N)(=O)=O)ccc2F)cc2ccccc12,13 40 65 79 84 86 105 116 150 167 188 191 192 200 202 216 264 267 273 296 319 350 365 369 419 424 486 491 515 532 550 605 643 650 694 699 715 807 829 833 836 847 875 934 938 986 988 1025 1046 1052 1087 1088 1152 1158 1171 1196 1197 1199 1265 1307 1320 1357 1366 1379 1380 1465 1476 1523 1572 1573 1607 1615 1645 1661 1750 1752 1786 1792 1816 1820 1835 1840 1855 1860 1873 1886 1892 1896 1912 1917 1928 1936 1978 1991 2045 2047
511,COC(=O)c1c[nH]c2cc(OC)c3ccc(NC(=O)C4CCCC(=O)N4C)cc3c12,7 87 119 138 145 154 184 191 212 249 263 274 314 354 393 415 446 449 473 474 500 524 531 542 591 598 609 640 650 689 695 798 806 807 841 843 847 868 875 878 895 898 906 920 922 926 935 936 939 995 1005 1019 1028 1057 1114 1121 1140 1145 1152 1182 1187 1252 1268 1298 1314 1325 1357 1380 1397 1474 1513 1536 1608 1636 1644 1645 1692 1726 1733 1738 1742 1744 1750 1774 1778 1816 1857 1873 1879 1916 1917 1937 1957 1970 1984 2003 2010 2021
512,CN(C(C)(C)C)S(C)(=O)=O,81 89 91 114 179 223 242 257 263 276 331 350 421 426 449 519 522 536 637 650 662 692 716 718 734 792 881 921 979 1014 1023 1057 1074 1115 1163 1200 1416 1476 1481 1574 1582 1598 1624 1661 1670 1679 1722 1783 1822 1878 1905 1954 1971 1995 1996 2006 2012
513,Cc1ccc(N=C(SC(=Nc2ccccc2)N(C)C)N2CCCC2)cc1,29 31 52 68 74 82 116 123 153 167 202 235 259 272 310 330 372 389 405 433 442 477 497 499 562 590 635 644 645 652 741 786 806 807 823 841 878 881 926 935 964 965 974 1028 1057 1083 1086 1088 1157 1163 1199 1257 1262 1369 1377 1380 1480 1613 1653 1668 1705 1709 1722 1750 1770 1789 1823 1853 1854 1861 1863 1873 1879 1904 1915 1920 1924 1998 2009
514,O=C(Nc1c(S(=O)(=O)N2CCCC2=O)sc2nc(O)ccc12)c1ccccc1,70 93 168 220 245 258 314 350 378 381 389 436 460 486 487 490 511 559 580 601 602 626 650 675 715 789 798 799 800 807 811 832 926 935 963 1028 1051 1068 1070 1088 1089 1102 1125 1138 1152 1158 1167 1182 1199 1203 1236 1288 1305 1314 1342 1349 1357 1380 1385 1471 1476 1480 1495 1535 1587 1602 1665 1674 1679 1695 1733 1738 1750 1760 1785 1795 1816 1834 1838 1840 1855 1873 1917 1985 2010 2011 2015 2020 2034
515,CCN1C(=O)C(=Nc2cccs2)SC1=NC(=O)c1ccccc1,14 30 34 40 65 80 132 171 241 256 289 294 296 306 314 323 383 389 402 508 588 592 650 675 687 713 719 725 733 758 772 807 809 833 860 879 895 900 918 935 977 1000 1057 1088 1105 1114 1121 1169 1191 1199 1217 1222 1303 1376 1380 1381 1385 1403 1418 1477 1485 1488 1497 1505 1521 1525 1567 1574 1595 1600 1636 1665 1688 1727 1728 1750 1824 1854 1873 1874 1899 1914 1917 1922 1931 1946 1968 1982 1985 2035 2044
516,CCCN1C(=O)c2c3c1c(N=c1sc4cc(C(F)(F)F)ccc4n1CCC)n2CC3,45 80 83 113 114 118 139 146 162 163 273 281 287 289 294 311 314 319 326 361 380 398 416 418 434 437 455 490 522 532 570 574 588 650 675 681 713 725 764 775 794 802 809 820 875 879 885 926 935 948 995 1049 1057 1145 1152 1199 1250 1260 1362 1380 1409 1417 1418 1453 1464 1480 1492 1496 1522 1529 1534 1537 1614 1639 1640 1646 1655 1665 1705 1715 1735 1738 1750 1804 1852 1873 1928 1930 1944 2015 2021 2030 2037
517,Oc1ccccc1OCCSc1nnc(-c2ccccc2Br)n1-c1cccnn1,13 57 80 116 150 159 241 281 312 341 342 352 353 378 385 508 527 578 583 594 611 681 695 728 741 744 747 765 807 826 833 854 879 902 935 974 984 1018 1043 1076 1088 1135 1140 1164 1168 1182 1189 1199 1224 1288 1336 1341 1354 1367 1380 1405 1410 1449 1452 1468 1508 1509 1518 1602 1607 1631 1654 1664 1666 1704 1710 1722 1737 1749 1750 1817 1831 1842 1858 1866 1873 1926 1970 1990 1993 1996 2025
518,CC1(C)CCC=CC1=O,2 16 18 115 130 137 161 197 235 252 276 279 314 336 360 362 374 382 387 417 429 443 447 472 542 547 549 582 594 650 696 751 926 940 953 968 1029 1057 1060 1091 1128 1140 1147 1161 1162 1164 1274 1300 1365 1380 1400 1472 1483 1492 1505 1513 1527 1580 1721 1724 1787 1873 1895 1937 2009
519,O=C(COCCN1CCCCC1)Nc1cccc(-c2ccc(C(F)(F)F)cc2)n1,41 44 80 92 106 114 167 187 212 257 260 280 283 312 315 354 378 383 408 533 546 570 600 611 618 650 653 695 758 789 807 809 815 859 876 896 926 933 935 973 980 1003 1028 1039 1065 1088 1099 1116 1122 1145 1148 1152 1160 1162 1215 1230 1260 1263 1275 1298 1299 1380 1417 1422 1429 1453 1457 1472 1480 1482 1510 1514 1543 1601 1616 1631 1659 1665 1670 1700 1727 1748 1750 1791 1808 1816 1851 1855 1873 1917 1928 1929 1954 1971 1992 1998 2004 2036
520,CC1=c2c(nc(C)c3cc(Cl)cc(OCN(C)C)c23)=N1,57 80 92 124 142 157 216 230 265 288 293 338 378 419 533 541 543 561 607 634 652 690 695 705 723 732 763 776 803 875 881 927 983 991 996 1007 1013 1037 1057 1073 1075 1154 1163 1187 1233 1280 1302 1314 1334 1337 1357 1380 1452 1481 1506 1532 1559 1565 1566 1581 1665 1677 1683 1718 1722 1727 1747 1818 1855 1873 1938 1970 1984 2000 2006
521,O=C1c2n(CCO)c(=O)[n-][n+]2CC[N+]12CCCCC2,2 34 38 80 92 165 189 205 214 222 242 260 266 278 283 290 314 359 361 404 463 470 473 596 631 639 650 655 696 802 807 827 879 926 935 948 1019 1023 1028 1039 1104 1117 1127 1142 1145 1188 1220 1259 1298 1323 1380 1408 1435 1556 1599 1619 1630 1631 1658 1674 1687 1701 1739 1775 1778 1797 1844
522,Cc1ccc(-c2ccccc2C(=O)NCCC(F)=CC=C2OCCCC2=O)cc1,8 18 46 66 78 80 110 197 222 235 314 344 352 363 406 441 466 486 493 524 545 554 576 592 650 656 661 667 694 751 768 807 822 828 839 845 853 864 879 890 896 915 917 921 926 927 950 964 980 984 1028 1057 1088 1097 1152 1160 1163 1199 1208 1238 1252 1317 1319 1380 1385 1387 1447 1518 1564 1653 1696 1705 1722 1738 1750 1798 1810 1823 1842 1873 1887 1891 1917 1920 1928 1929 1946 1991 2027 2028 2034 2044
523,CCOC(=O)c1ccc2cc1C1=C(N1CCCCCN1CCCCC1=O)S2(=O)=O,34 67 80 104 145 147 155 191 207 238 294 310 314 335 340 352 364 371 372 379 442 443 448 469 504 520 552 555 575 580 588 606 629 639 650 695 730 738 759 797 798 807 824 859 875 887 891 893 907 926 935 950 951 966 1028 1042 1044 1057 1089 1093 1108 1123 1132 1143 1145 1163 1182 1237 1238 1281 1298 1328 1351 1380 1419 1453 1459 1470 1480 1585 1598 1631 1642 1646 1652 1673 1722 1738 1750 1762 1789 1836 1853 1873 1901 1911 1917 1991 1998 2004
524,CNC(=O)NCCn1c2ccccc2c2[nH]c(S(=O)(=O)N3CCCCC3)cc21,2 14 45 80 197 285 290 345 350 352 366 370 371 373 425 442 508 519 539 585 586 648 650 667 710 773 798 799 800 802 807 848 869 875 926 935 984 995 996 1028 1050 1057 1091 1094 1114 1145 1152 1164 1196 1199 1239 1270 1285 1302 1322 1357 1364 1380 1422 1430 1472 1473 1476 1480 1530 1573 1740 1745 1750 1765 1779 1800 1868 1873 1933 1989 1998 2020
525,C=CC=C1CCCC(=O)N(CCC(C)C)C(=O)CC1,1 34 51 75 80 152 283 314 317 402 433 483 523 534 588 650 654 685 694 734 739 742 757 784 798 890 892 902 926 930 935 940 941 954 1028 1057 1090 1145 1182 1219 1253 1260 1261 1268 1288 1330 1344 1366 1372 1380 1383 1535 1569 1570 1622 1645 1681 1707 1721 1729 1737 1738 1825 1847 1860 1890 1911 1934 1983 2020
526,CCN1C(=O)c2ccc3cc(C)c(C)cc3cc(Cl)cc(c2)C1=O,34 79 80 139 189 196 203 216 265 294 297 303 314 322 561 588 596 647 650 665 680 721 730 744 756 767 816 834 875 879 896 933 935 957 989 992 1057 1103 1143 1152 1160 1162 1227 1273 1274 1349 1359 1380 1391 1443 1457 1503 1541 1543 1551 1574 1683 1693 1722 1735 1747 1750 1855 1873 1933 1936 2002
527,NC(=O)Nc1ncc2cccc-2cccc2ccccc2n1,3 97 113 140 176 182 283 289 307 319 322 345 353 373 378 544 580 650 682 702 736 807 869 877 911 928 1039 1087 1088 1089 1097 1152 1160 1171 1199 1201 1233 1251 1259 1355 1364 1378 1380 1487 1526 1535 1582 1674 1715 1729 1739 1750 1752 1776 1791 1793 1816 1855 1873 1891 1898 1900 1917 1951 1964 1977 2040
528,CN1CCN(CCc2cc3c(NCCOc4ccc(Cl)cc4)nccn3n2)CC1,13 14 45 46 74 80 102 111 115 138 151 155 157 204 207 216 218 230 322 378 387 421 433 435 476 490 554 561 604 610 617 637 648 667 690 695 699 700 708 718 724 816 837 875 885 913 926 935 986 1006 1027 1034 1057 1070 1085 1101 1105 1128 1145 1152 1179 1206 1236 1243 1317 1321 1348 1380 1411 1416 1439 1452 1453 1462 1480 1482 1484 1526 1527 1549 1563 1584 1615 1650 1657 1660 1683 1750 1791 1849 1866 1870 1873 1898 1956 1960 1965 2011
529,COc1ccc(C(=O)OC2CCCC2C(OC(C)=O)C(C)=O)c(C(F)(F)F)c1,1 12 21 67 68 69 81 107 114 145 202 207 262 302 315 322 387 403 404 419 425 439 478 486 496 542 589 633 650 695 718 770 781 793 798 807 809 841 848 849 851 875 892 896 921 926 970 998 1017 1019 1028 1035 1052 1057 1063 1067 1121 1126 1134 1171 1191 1197 1216 1232 1254 1313 1321 1325 1358 1380 1394 1396 1453 1483 1523 1536 1539 1572 1576 1611 1638 1644 1696 1718 1723 1750 1776 1815 1827 1844 1859 1873 1893 1917 1928 1972 1988 1991
530,CCCCOc1ccc(OC(C)NC(=O)C(=CC=C2C(=O)c3cc4ccc2cc4s3)OC)c(O)c1,1 9 11 13 40 62 80 91 94 117 120 141 162 172 201 203 257 273 283 294 309 314 322 355 412 466 472 476 499 551 591 605 634 646 650 654 664 675 694 695 718 745 783 793 794 807 841 850 874 875 881 885 890 896 908 909 936 988 1034 1045 1057 1071 1075 1080 1095 1104 1105 1113 1119 1120 1126 1152 1160 1197 1210 1251 1277 1311 1314 1318 1319 1324 1338 1380 1423 1452 1453 1476 1501 1547 1602 1607 1630 1750 1821 1822 1855 1873 1911 1917 1951 1970 2021
531,CCCc1ccc2c(c1)nc(-c1ccccc1)n2C1=Nc2nc(N)nc(n2)S1,45 52 80 104 127 171 181 205 213 225 242 267 294 302 310 326 378 389 390 393 409 465 490 541 551 675 720 722 736 783 794 869 875 893 927 935 998 1033 1044 1057 1085 1086 1088 1097 1128 1160 1171 1199 1203 1240 1243 1332 1358 1372 1380 1394 1419 1436 1442 1457 1556 1597 1656 1703 1722 1726 1736 1750 1754 1773 1793 1855 1873 1900 1929 1993 2021 2027 2038 2044
532,CCCCCCOC(=O)c1cc2c(ccc3[nH]ccc32)nc1NC(C)=O,3 13 34 37 80 98 119 145 152 191 245 247 294 328 358 378 389 522 582 591 595 620 654 665 695 708 711 781 794 806 849 875 926 943 961 981 1004 1017 1026 1057 1097 1114 1123 1143 1152 1170 1249 1273 1276 1288 1322 1357 1360 1380 1395 1417 1435 1441 1444 1463 1483 1484 1506 1510 1553 1566 1592 1615 1629 1673 1704 1724 1734 1750 1803 1816 1834 1835 1855 1860 1873 1911 1917 1921 1939 1991
533,COC(C=C1C=CC(Cl)=C1)=CC(C(=O)N1CC1)=c1c2cccc1[nH]n2,36 74 75 84 119 126 133 154 155 157 171 183 205 214 216 256 265 286 289 311 319 339 378 400 442 460 491 502 531 547 549 561 574 579 596 603 606 612 632 650 680 683 691 694 695 802 807 823 841 910 914 924 925 926 935 963 997 1039 1057 1081 1088 1097 1110 1114 1120 1152 1167 1172 1181 1195 1369 1379 1380 1387 1458 1480 1491 1583 1585 1587 1589 1592 1618 1669 1683 1698 1711 1725 1750 1783 1834 1842 1873 2004 2009 2018
534,CN(CCNc1ccccc1)C(N)=Nc1ccccc1-c1ccccc1,5 18 33 53 62 80 89 140 154 191 259 295 303 306 334 352 389 390 449 477 484 499 514 522 532 557 606 667 703 725 728 736 788 798 807 845 861 881 890 923 958 984 1028 1029 1057 1059 1080 1088 1089 1117 1152 1160 1163 1171 1172 1199 1308 1378 1380 1416 1459 1480 1497 1510 1581 1613 1653 1679 1690 1750 1751 1761 1844 1873 1879 1928 1951 1967 1984 2008 2013 2030
535,CCOC(=O)c1cc2c(OC)cccc2c(N2CCCN(Cc3cc4ccc(OCC)cc4o3)C2=O)n1,52 68 69 75 80 92 117 130 145 147 175 203 215 225 237 249 289 294 313 314 322 378 381 507 535 541 602 633 634 646 650 656 667 695 701 718 727 743 750 753 759 807 814 841 855 863 875 891 904 926 932 935 983 1006 1028 1030 1039 1057 1083 1088 1089 1123 1152 1176 1219 1238 1273 1288 1357 1373 1380 1384 1395 1399 1410 1443 1452 1457 1461 1462 1479 1480 1522 1532 1536 1573 1595 1604 1635 1637 1641 1686 1722 1750 1764 1765 1803 1805 1808 1812 1815 1855 1873 1917 1934 1970 1988 2007
536,CCN1C2=NON=C1c1ccccc1C2=CC=COc1ccccc1,1 9 34 56 80 95 143 154 159 227 267 273 275 294 322 352 369 378 385 388 389 430 432 562 576 579 585 588 598 627 656 683 735 796 837 866 875 890 902 935 942 954 968 984 1056 1057 1088 1101 1120 1142 1152 1164 1199 1211 1215 1226 1247 1277 1293 1301 1323 1329 1380 1435 1440 1457 1501 1529 1574 1579 1604 1660 1669 1738 1750 1799 1808 1819 1835 1873 1874 1875 1886 1935 1952 1956 1970 1975 2025 2026 2043
537,COc1ccc(C(=O)Nc2ccccc2NC(=O)N(C(=O)N2CCCC2)c2ccc(OC)cc2)cc1,121 124 161 188 193 224 237 283 321 322 369 405 410 425 485 486 539 552 579 650 656 657 669 695 708 718 746 747 781 795 807 831 841 844 881 926 935 942 947 960 1002 1028 1057 1088 1096 1112 1152 1197 1199 1224 1301 1344 1372 1377 1380 1385 1458 1480 1526 1536 1588 1627 1665 1684 1692 1696 1697 1718 1749 1750 1795 1816 1836 1872 1873 1905 1917 1931 1944 1961 1969 1998 2009 2020
538,Fc1cc2[nH]c(=NNc3nnc[nH]3)c1=CC=CC=2,170 201 229 231 281 286 303 332 335 346 369 378 389 404 480 495 501 537 699 713 725 767 789 803 806 821 835 845 862 875 899 908 1033 1097 1114 1144 1152 1156 1164 1179 1249 1267 1319 1320 1336 1339 1380 1383 1418 1437 1453 1537 1539 1620 1667 1694 1726 1745 1774 1779 1825 1833 1840 1866 1872 1873 1900 1928 1991 1996 1998 2014
539,CN(C)C(=O)N1CCN(C(=O)O)C(=O)CCN(C(=O)OCc2ccccc2)C1=O,24 48 80 92 104 147 151 220 236 241 242 253 262 277 280 283 314 345 348 389 396 445 459 478 502 514 541 562 566 650 690 695 696 745 798 807 836 881 898 926 935 943 961 1050 1057 1065 1066 1088 1123 1163 1168 1178 1199 1229 1281 1304 1380 1387 1395 1401 1427 1480 1484 1537 1592 1635 1653 1657 1704 1711 1738 1750 1754 1765 1810 1869 1873 1914 1917 1988 1990 2005 2012 2042
540,N#Cc1coc2c(SCCC(=O)NCCCN3CCCC3)ccc-2c1,36 41 46 73 80 102 104 116 158 174 197 204 231 268 285 289 304 305 310 328 341 384 474 546 597 600 614 624 650 653 656 667 674 775 790 807 818 841 875 896 926 935 993 1025 1028 1033 1043 1136 1145 1152 1160 1173 1182 1232 1233 1283 1288 1308 1324 1329 1374 1384 1396 1422 1456 1480 1482 1494 1536 1547 1551 1564 1589 1645 1648 1686 1750 1782 1791 1825 1850 1852 1854 1873 1876 1911 1917 1998 2028 2030 2043
541,COC(=O)c1ccc(C(=O)N2CCN(C)C2=O)c2ccc(Cl)cc12,16 45 67 91 92 145 165 177 198 216 230 299 300 314 335 345 348 448 503 518 552 561 614 641 650 695 708 714 790 793 807 815 816 841 875 906 926 935 936 1026 1032 1057 1096 1120 1145 1152 1343 1357 1380 1387 1480 1481 1504 1575 1581 1635 1660 1683 1693 1733 1744 1750 1873 1875 1911 1917 1958 1991
542,CN1CCC(Cc2cc3ccccc3o2)(C(=O)N2CCCCC2)C1=O,2 80 114 118 128 142 159 206 217 255 256 295 314 369 376 547 650 656 696 723 807 855 863 875 879 926 935 941 958 968 983 1002 1015 1028 1057 1060 1082 1087 1088 1128 1132 1145 1162 1182 1199 1224 1237 1253 1273 1285 1292 1313 1329 1360 1361 1380 1396 1420 1445 1461 1480 1526 1578 1604 1605 1607 1653 1693 1734 1750 1751 1808 1855 1873 1877 1878 1912 1917 1934 1969 1989 1991 1998 2000 2009
543,Cc1cccc(C(=O)OC2CC(C(C)(C)C)C3CCC4C5(C)CC3C24OC5=O)c1,56 64 100 114 145 147 200 249 275 301 310 314 346 352 388 457 469 478 519 522 532 619 622 650 653 656 679 695 718 755 807 837 863 875 910 926 962 1013 1019 1039 1055 1057 1060 1088 1103 1111 1120 1126 1133 1135 1142 1207 1227 1274 1282 1292 1305 1322 1356 1380 1385 1392 1454 1457 1477 1487 1500 1518 1532 1540 1618 1701 1702 1709 1722 1734 1736 1738 1750 1783 1823 1849 1872 1873 1884 1917 1925 1985 2012 2040
544,CNC(=O)N(C)CCc1nc2ccccc2n1C,0 45 64 69 75 79 80 95 191 193 251 269 289 318 320 329 334 335 341 345 357 359 378 397 515 562 564 590 650 709 731 794 807 826 842 863 881 934 935 943 954 987 1013 1057 1088 1097 1107 1115 1145 1152 1199 1218 1243 1285 1288 1292 1323 1324 1380 1430 1440 1522 1624 1633 1638 1692 1711 1746 1750 1780 1796 1831 1845 1852 1855 1873 1888 1917 1923 1934 1951 1968
545,CCCCCCN(C#N)C(=O)N(CCC#N)C(C)(C)C,0 26 56 80 89 114 139 144 158 175 199 237 244 250 280 294 378 392 404 413 426 472 529 546 555 583 591 601 622 623 650 657 674 779 790 794 807 812 813 827 841 881 956 985 1012 1030 1047 1057 1060 1066 1089 1097 1134 1138 1143 1145 1268 1346 1351 1384 1423 1426 1444 1450 1493 1501 1504 1542 1637 1644 1648 1669 1785 1794 1873 1887 1888 1904 1907 1911 1917 1951 2043
546,COc1cnc2c(c1)N(S(=O)(=O)c1ccc3[nH]c4ccc(OC)cc4c3c1)CCC2,60 63 119 164 187 245 319 322 327 336 350 378 457 498 516 650 660 695 713 715 718 743 767 781 782 800 805 825 826 841 860 871 875 926 935 1011 1028 1051 1057 1114 1138 1155 1164 1182 1217 1237 1265 1290 1295 1299 1304 1309 1333 1347 1357 1380 1414 1432 1444 1452 1480 1489 1495 1521 1535 1536 1568 1626 1729 1734 1738 1744 1745 1750 1786 1852 1870 1873 1906 1915 1926 1939 1948 1972 2001
547,CCN1C(=O)C(=C(SC)C(=O)N2CCC2)N(C(C)(C)C)C1=O,34 41 53 80 92 114 116 208 283 294 314 349 369 392 394 398 408 430 522 547 588 609 618 646 650 655 677 745 759 772 807 815 820 876 879 926 934 935 1028 1033 1057 1077 1083 1084 1110 1118 1207 1286 1334 1336 1380 1435 1471 1480 1503 1536 1560 1574 1686 1694 1738 1776 1810 1830 1839 1857 1874 1917 1933 1952 1963 2009 2029 2035 2045
548,CNc1ccccc1C=C1C=CSC(N2CCNC2=O)=N1,1 9 21 63 130 134 205 210 251 281 303 305 314 353 378 398 427 441 443 471 487 495 503 512 530 547 586 592 640 650 664 675 694 730 743 753 782 786 793 805 832 880 926 927 935 961 1006 1057 1061 1071 1088 1089 1102 1114 1150 1152 1194 1195 1199 1224 1259 1261 1274 1291 1309 1369 1380 1391 1419 1428 1430 1433 1445 1457 1480 1498 1542 1570 1588 1653 1662 1670 1696 1737 1750 1826 1829 1849 1865 1866 1873 1933
549,COC(=O)C1(C)CC=C(OC)C(NCc2ccccc2)=C1C,12 61 80 110 141 255 309 318 389 413 442 465 497 519 557 564 609 610 638 650 695 701 725 784 807 817 822 833 841 917 926 967 1057 1060 1066 1088 1126 1152 1167 1199 1251 1292 1319 1380 1382 1385 1416 1423 1424 1454 1536 1577 1666 1679 1690 1697 1712 1722 1741 1750 1754 1755 1772 1781 1803 1809 1825 1873 1917 1985 2004 2028
550,N#Cc1ccccc1OC1CCCCC1OC(=O)c1c[nH]cc1C#N,9 12 42 120 145 209 221 225 266 302 361 451 464 524 555 642 650 674 695 711 736 740 765 790 798 805 807 821 832 890 918 926 941 967 1001 1019 1028 1062 1071 1088 1114 1115 1126 1128 1136 1145 1149 1152 1194 1196 1199 1247 1271 1281 1302 1312 1318 1325 1380 1384 1410 1488 1504 1532 1615 1656 1682 1689 1737 1750 1790 1800 1831 1837 1862 1868 1873 1879 1893 1917 1922 1955 1970 1991 2001
551,COc1cc#cc(-c2sc(N3CCCC3)nc3cccc2-3)c1,34 49 94 99 113 144 148 158 162 322 352 364 374 376 378 407 464 501 529 570 576 592 621 623 624 669 671 675 678 680 695 696 699 717 727 753 763 781 785 796 841 869 875 926 935 942 984 1028 1032 1039 1057 1073 1081 1088 1191 1210 1240 1326 1337 1353 1380 1414 1416 1456 1480 1487 1506 1516 1536 1573 1601 1611 1612 1654 1656 1662 1685 1709 1710 1750 1755 1757 1758 1759 1786 1833 1845 1851 1855 1873 1900 1914 1970 1983 1998 2012 2014 2033 2047
552,O=C(Nc1ccc(CN2Cc3c2[nH]c2cccc(Cl)c32)cc1)c1cccc(Cl)c1,80 119 165 172 185 188 191 216 261 267 294 300 310 311 344 349 361 366 374 378 405 411 425 455 464 481 486 505 526 561 592 598 602 650 721 747 796 807 813 836 843 875 926 935 974 1011 1038 1039 1071 1088 1089 1114 1123 1152 1153 1166 1171 1199 1242 1355 1380 1382 1385 1415 1445 1540 1558 1566 1605 1608 1626 1683 1745 1750 1754 1765 1783 1795 1816 1849 1851 1858 1873 1917 1946 1948 1964 1978 1984 2029
553,CCCCCn1nc(C(=O)N2CCCCC2)c2c1CCCN(c1ccc(F)cc1C(F)(F)C(F)(F)F)C2=O,2 59 80 100 112 114 135 151 158 175 215 235 294 314 369 378 419 422 441 456 490 521 533 553 571 591 632 650 658 671 699 700 775 778 794 807 864 875 877 879 893 913 926 935 942 954 1015 1016 1021 1028 1057 1060 1084 1138 1145 1181 1209 1233 1295 1324 1330 1380 1403 1410 1422 1435 1442 1444 1453 1457 1459 1480 1487 1504 1542 1557 1629 1645 1664 1670 1674 1728 1738 1747 1750 1859 1873 1890 1911 1915 1917 1928 1938 1956 1973 1998 2016
554,COc1ccccc1OC(=O)NC(=O)Oc1ccc([N+](=O)[O-])cc1,140 148 188 222 226 249 298 322 411 429 450 497 531 542 569 595 650 684 695 715 718 753 757 769 777 799 807 815 838 841 851 884 934 945 1003 1025 1037 1057 1084 1088 1102 1108 1118 1119 1122 1140 1152 1193 1195 1199 1214 1274 1290 1362 1363 1380 1396 1410 1446 1478 1516 1536 1600 1604 1657 1683 1715 1721 1729 1750 1758 1771 1777 1809 1814 1864 1873 1917 1963 1970 2029 2035
555,CCCCN(C(=O)c1ccccc1)C(=O)c1c(C(C)=O)oc2ccccc12,60 80 126 154 185 260 264 348 368 389 420 442 464 466 473 499 516 533 574 586 587 591 628 650 656 694 715 794 795 807 878 881 999 1001 1007 1017 1057 1072 1088 1101 1128 1154 1199 1221 1239 1245 1249 1252 1257 1264 1278 1328 1357 1359 1380 1385 1436 1480 1506 1528 1573 1604 1640 1641 1644 1648 1655 1681 1682 1750 1808 1820 1832 1873 1911 1917 1951 1956 1985 2006 2013 2031
556,COc1sc(=O)n2c(=O)c1N(C(=O)N1CCCN(CCCCCCCCO)C1=O)CC2,6 15 63 77 80 92 117 146 162 168 176 222 248 314 358 371 378 389 440 473 500 504 520 541 622 632 650 675 695 702 731 742 768 807 811 841 893 913 926 935 951 976 982 1028 1057 1083 1089 1122 1123 1128 1130 1143 1145 1155 1179 1185 1192 1215 1216 1237 1265 1300 1324 1334 1351 1380 1387 1409 1480 1496 1531 1536 1550 1570 1625 1627 1635 1662 1686 1687 1763 1810 1831 1833 1879 1886 1911 1917 1983 2008 2020 2038
557,CCCCCc1nncn1-c1cc(-c2ccc3c(c2)NC(=O)CO3)c2ccccc2c1,53 58 79 80 81 213 259 281 294 314 316 318 327 333 352 378 380 382 441 510 515 530 564 591 609 650 656 663 667 690 794 836 873 875 896 925 926 928 932 935 945 960 963 971 1019 1024 1035 1036 1057 1060 1087 1088 1091 1114 1119 1129 1164 1171 1184 1199 1243 1257 1316 1347 1357 1371 1380 1408 1411 1438 1446 1503 1571 1573 1575 1619 1646 1657 1708 1724 1739 1750 1774 1825 1838 1855 1873 1882 1905 1911 1912 1924 1982
558,Cc1nnc(-c2ccccc2)n1Cc1csc2ccccc12,76 80 103 104 113 183 185 210 230 327 378 389 461 490 552 592 616 642 675 715 736 764 791 802 818 825 864 885 906 917 935 1027 1056 1057 1069 1086 1088 1142 1151 1160 1164 1199 1303 1349 1356 1357 1376 1380 1423 1452 1508 1557 1567 1568 1573 1641 1663 1716 1722 1724 1750 1765 1834 1851 1860 1873 1885 1924 1995
559,CCCN(CCc1ccnc2ccccc12)C(=O)Nc1cc(F)ccn1,80 91 136 148 193 207 253 269 273 286 289 294 318 329 359 374 378 407 430 440 466 498 503 516 567 629 638 650 675 699 784 787 794 807 821 875 881 882 945 962 978 993 1016 1057 1065 1088 1097 1099 1144 1152 1173 1199 1232 1243 1270 1321 1349 1350 1357 1361 1378 1380 1411 1445 1452 1469 1487 1517 1523 1546 1573 1576 1617 1637 1638 1650 1670 1680 1704 1715 1750 1761 1770 1816 1834 1866 1873 1917 1928 1951 1982 1987 1998 2036
560,C=CC(=CC=CC=CC(=C)C#N)c1ccc(S(=O)(=O)N2CCCN(C(=O)CN3CCOC3=O)CC2)cc1,0 7 31 80 139 200 206 232 268 314 319 350 354 366 369 374 380 381 432 441 491 539 585 608 621 628 636 650 656 673 674 678 694 709 715 757 760 778 780 784 790 800 803 807 829 853 922 926 935 950 959 1009 1022 1028 1046 1083 1089 1121 1123 1140 1208 1235 1312 1313 1319 1344 1353 1362 1366 1369 1380 1385 1406 1436 1461 1476 1480 1500 1503 1515 1577 1589 1620 1638 1645 1670 1677 1697 1713 1743 1750 1780 1860 1891 1917 1962 2009
561,COc1ccc(C(=O)C2(C(=O)O)CCCCC2=O)c(C)c1,23 44 67 97 184 260 263 310 314 321 322 367 389 396 410 453 476 604 624 650 695 718 751 770 781 789 830 841 875 885 921 923 926 960 986 991 1016 1028 1057 1060 1090 1123 1139 1156 1162 1212 1312 1372 1380 1391 1435 1439 1521 1536 1555 1638 1697 1722 1724 1734 1738 1750 1756 1839 1855 1873 1917 1972 1991
562,Nc1ncc(Cl)cc1N1C(Cl)=Cc2ccccc(Cl)ccc1n2,22 24 37 73 84 119 121 194 216 219 347 378 428 453 527 539 560 561 567 582 592 612 632 635 654 676 772 780 790 816 865 875 882 934 935 969 977 980 1044 1047 1070 1077 1081 1088 1131 1171 1199 1204 1215 1253 1288 1295 1321 1380 1400 1407 1409 1432 1440 1452 1457 1459 1517 1535 1562 1580 1630 1650 1683 1686 1687 1716 1750 1795 1815 1839 1855 1873 1925 1934 1966 2004 2032 2035
563,CC(C)(C)OC(=O)NC(=O)N1CCSCC1,114 198 218 231 232 275 278 356 375 392 440 644 650 675 687 695 719 782 789 801 807 857 911 926 935 1040 1116 1119 1124 1152 1162 1254 1268 1309 1314 1317 1324 1325 1337 1346 1394 1397 1425 1459 1468 1480 1574 1716 1758 1762 1770 1823 1851 1852 1859 1893 1903 1917 1982 1989 2009
564,Cc1nc(N)nc(N(CCc2cc(O)cc3ccccc23)C(C)C)n1,1 80 88 167 193 199 224 241 255 273 283 286 378 380 409 413 459 527 541 577 591 611 649 745 790 805 807 816 831 875 879 881 931 932 998 1005 1009 1057 1087 1088 1126 1171 1199 1210 1219 1240 1243 1249 1309 1349 1354 1357 1380 1414 1419 1454 1457 1476 1527 1550 1573 1593 1602 1626 1648 1654 1722 1724 1739 1750 1767 1855 1873 1894 1920 1951 1977 1997
565,Cc1ccc(C(=O)N(C)C)cc1,149 163 183 229 235 237 318 426 437 552 587 650 669 738 789 807 821 881 915 943 997 1004 1057 1061 1163 1221 1244 1248 1249 1262 1268 1319 1369 1380 1383 1385 1449 1523 1569 1651 1653 1697 1698 1722 1750 1823 1873 1889 1917 1920 2005
566,CC1(C)C(=O)N2C(=O)OCCC2C1C(O)C(O)CC1C=C(F)C(F)=CC1,1 30 34 76 80 96 131 154 188 203 227 255 314 354 391 441 460 472 483 505 525 546 591 598 608 619 641 650 656 666 672 699 725 749 778 806 807 855 888 903 905 918 926 931 935 949 950 964 1003 1015 1019 1057 1060 1091 1164 1188 1257 1264 1274 1296 1325 1341 1360 1380 1406 1426 1429 1485 1519 1536 1537 1590 1592 1606 1609 1614 1639 1645 1689 1696 1718 1781 1803 1831 1873 1913 1922 1928 1948 2007 2031 2034
567,COC(=Cc1ccc(OCc2ccccc2)cc1C(C)=O)c1ccccc1,6 17 80 83 107 109 117 128 158 178 322 329 338 351 369 389 480 483 522 531 562 578 650 654 691 694 695 718 731 745 764 790 807 832 841 848 875 941 961 1017 1057 1066 1088 1094 1097 1116 1152 1199 1241 1327 1330 1370 1380 1385 1408 1429 1452 1477 1501 1511 1567 1627 1651 1694 1746 1750 1754 1761 1804 1820 1873 1898 1903 1917 1935 1978 1980 1991 2041 2042
568,CCn1c2nc3nc(c(C)nc1s2)N(C(C)C)S3(=O)=O,1 9 34 80 92 130 157 162 166 177 207 226 271 283 366 376 378 380 386 405 418 469 496 580 650 675 719 735 751 795 802 850 935 949 990 992 993 1008 1057 1220 1223 1234 1303 1320 1352 1380 1408 1424 1457 1472 1513 1523 1539 1550 1617 1633 1641 1681 1722 1754 1760 1782 1787 1817 1855 1917 1946 1965 1978 2026 2045
569,O=C(Nc1cccc(F)c1)C1(C2CN3CCN2CC3)CN2CCCC21,28 53 80 81 90 91 94 145 155 182 184 191 230 247 253 307 310 335 385 421 446 551 578 602 630 650 699 703 729 732 739 753 807 848 856 875 881 926 935 959 1007 1019 1028 1029 1039 1046 1049 1057 1060 1088 1101 1134 1143 1151 1152 1196 1261 1325 1337 1358 1380 1403 1480 1482 1487 1524 1542 1573 1615 1635 1650 1670 1682 1689 1736 1750 1760 1783 1799 1804 1816 1834 1842 1854 1873 1917 1928 1992 2034
570,COC(=O)CCCOC(=O)c1ccc(C(=O)OC2CCCCC2)c(C(=O)OC)c1,2 12 13 14 47 56 66 67 80 91 119 145 147 166 195 272 313 345 360 379 469 475 500 525 597 650 695 733 766 767 777 787 823 841 872 875 890 906 926 936 945 954 974 996 1019 1028 1057 1071 1126 1143 1147 1152 1156 1176 1185 1325 1332 1380 1385 1386 1393 1399 1410 1434 1491 1522 1559 1564 1587 1592 1697 1711 1734 1740 1741 1750 1784 1826 1873 1881 1911 1917 1920 1991 2031
571,COC(=O)C1=CC(=O)CCS1,22 81 84 100 107 145 157 164 174 187 242 246 294 309 314 334 355 408 473 490 504 516 593 597 641 650 652 675 689 695 697 789 803 807 834 838 841 893 906 926 981 1008 1057 1104 1152 1157 1186 1187 1209 1232 1247 1299 1315 1316 1345 1346 1380 1448 1469 1532 1580 1620 1624 1710 1738 1766 1778 1817 1873 1894 1917 1942 1992 1993
572,O=C(Nc1ccc(Cl)cc1Cl)C(=NC(F)(F)F)c1ccc(Cl)cc1,72 73 76 114 139 143 159 165 200 207 216 252 264 268 366 433 561 571 618 650 653 669 715 725 807 816 875 880 883 888 905 916 925 938 989 1060 1070 1097 1106 1112 1152 1205 1209 1210 1212 1224 1246 1261 1324 1370 1380 1385 1453 1498 1501 1565 1570 1679 1683 1697 1727 1750 1776 1803 1806 1816 1828 1837 1856 1860 1873 1890 1917 1928 1931 1974 1975 2011 2030
573,COc1cc(CCN(CCN2CCc3c(c4ccc3[nH]4)C2)S(=O)(=O)c2ccccc2)co1,1 15 61 80 83 119 137 174 193 207 280 282 294 319 326 361 384 389 405 446 462 495 543 571 575 579 598 639 640 650 656 673 674 695 739 749 804 808 815 830 841 869 872 873 875 883 884 916 926 935 951 957 1010 1040 1057 1068 1088 1114 1127 1145 1163 1174 1199 1218 1222 1226 1233 1243 1328 1380 1392 1422 1462 1468 1476 1480 1526 1536 1587 1592 1595 1626 1631 1644 1661 1681 1738 1745 1750 1751 1754 1761 1765 1779 1791 1822 1836 1873 1939 1942 1946 1951 1955 1976 2002 2021
574,COC(=O)C1=CC=C(C(=O)N2CCCCCC2)C1=O,2 40 145 155 188 262 287 310 313 318 369 381 395 414 422 449 546 549 584 608 636 650 674 695 738 752 795 807 836 841 848 905 906 913 920 926 935 942 949 1028 1031 1057 1107 1188 1249 1323 1362 1380 1384 1385 1441 1443 1463 1476 1480 1504 1517 1567 1617 1634 1666 1678 1687 1767 1782 1791 1828 1833 1843 1873 1917 1998 2009 2032
575,c1ccc(N2c3nc(cs3)-c3ccccc32)cc1,73 232 259 352 357 372 378 389 495 498 552 562 573 649 675 682 757 762 780 801 821 850 909 935 961 969 980 984 1045 1049 1082 1088 1119 1157 1176 1199 1264 1272 1295 1332 1380 1514 1561 1567 1601 1647 1662 1686 1701 1750 1815 1824 1825 1845 1855 1873 1887 1909 2044
576,Cn1c(Sc2ncns2)nccc1=O,5 22 39 54 75 97 116 130 267 314 366 368 377 378 396 489 514 525 552 564 632 650 665 675 682 704 708 747 787 886 918 935 999 1016 1033 1057 1084 1141 1145 1161 1162 1249 1256 1269 1326 1376 1380 1389 1437 1452 1590 1612 1615 1626 1684 1713 1716 1726 1738 1750 1780 1866 1873 1876 1906 1931 1945 2007
577,COC1=CC(N2CCCC2)=C1Br,16 54 84 125 136 148 236 327 341 407 423 448 481 515 573 604 606 623 625 649 672 673 680 685 695 708 718 724 725 728 763 778 807 841 867 926 935 1028 1057 1140 1223 1251 1253 1261 1369 1380 1441 1480 1536 1628 1631 1697 1792 1798 1873 1891 1989 1998
578,CCSC(C(=O)N(C)CC)=C1C(=O)N(CC2CCCCC2)C(=O)c2ccccc21,2 19 29 54 80 90 116 130 138 165 179 207 213 214 220 239 241 248 294 314 320 334 335 343 349 352 353 354 397 421 484 490 583 588 642 650 744 771 797 807 834 879 881 890 908 910 926 930 932 935 956 984 994 1012 1019 1028 1044 1055 1057 1084 1088 1163 1168 1186 1199 1234 1245 1248 1325 1379 1380 1561 1593 1597 1659 1665 1750 1813 1833 1873 1884 1914 1915 1917 1920 1956 1961 1962 1981 2000
579,c1ccc(CCN(CCc2noc3cnccc23)Cc2ccccc2)cc1,26 53 80 120 181 196 242 248 251 378 383 389 410 433 458 507 521 524 527 542 564 615 628 656 675 701 764 838 845 874 881 893 953 959 979 1034 1045 1066 1088 1115 1116 1147 1199 1208 1225 1227 1233 1243 1276 1278 1326 1351 1357 1380 1384 1414 1456 1464 1466 1488 1500 1501 1542 1586 1601 1603 1622 1679 1681 1719 1750 1754 1808 1836 1851 1866 1872 1873 1889 1897 1945 1951 1956 2036 2044
580,CCC(C(C)=O)C1C(=O)CCCC1C(C)(C)C,1 13 65 80 106 114 132 208 249 294 314 370 382 392 441 473 494 502 525 532 538 556 649 650 663 677 696 723 765 807 834 857 924 926 936 959 965 978 1019 1028 1051 1057 1058 1073 1075 1088 1093 1096 1114 1149 1152 1242 1301 1318 1319 1325 1380 1431 1487 1507 1544 1560 1590 1618 1659 1690 1738 1820 1869 1873 1886 1888 1897 1911 1917 1930 1942 1963 2025 2037
581,FC1(F)N=C1N1CCN2CCCCC2C1,102 142 207 251 316 349 351 378 379 407 495 520 558 619 681 707 724 739 764 846 890 894 926 935 1019 1028 1060 1131 1176 1185 1202 1235 1245 1256 1325 1380 1480 1491 1502 1508 1522 1524 1530 1624 1634 1736 1800 1811 1848 1854 1865 1871 1910 1928 1979 1991 1993 1997 1998 2024
582,CCOCCCCN(Cc1ccc(C)cc1)c1nc(C)c(C)s1,13 29 67 80 83 92 97 155 162 201 235 248 280 294 297 307 310 313 317 378 491 507 539 549 565 572 597 675 695 734 779 824 849 881 892 894 943 964 984 986 996 1057 1092 1147 1187 1238 1249 1271 1325 1380 1397 1432 1571 1639 1667 1669 1687 1722 1750 1754 1785 1795 1823 1855 1858 1873 1911 1920 1938 1940 1977 1992
583,CCOC(C(=O)N1CCCC1=O)C1OCC(C)O1,1 17 68 80 108 193 206 212 214 231 285 294 314 316 372 420 439 459 556 650 656 676 695 798 802 807 857 868 872 896 926 935 948 964 1019 1028 1057 1058 1067 1138 1143 1182 1215 1238 1241 1246 1259 1271 1273 1309 1338 1379 1380 1384 1387 1425 1426 1480 1496 1551 1594 1648 1657 1676 1711 1737 1738 1782 1788 1880 1917 1919 1921 1923 1925 1979 2003 2041
584,Cc1cccc(NC(=O)N(C)CCCN(C)S(=O)(=O)c2ccccc2)c1,79 80 184 191 193 213 290 319 321 327 334 350 375 525 575 613 650 703 710 803 807 815 842 875 881 920 950 952 959 1013 1039 1048 1055 1057 1071 1088 1139 1152 1163 1193 1199 1228 1234 1240 1340 1386 1427 1436 1455 1465 1470 1476 1487 1510 1549 1570 1607 1652 1692 1722 1750 1752 1757 1766 1791 1816 1823 1873 1911 1917 1942 1946 1951 1968 2018 2027 2038
585,Cc1sc2nc1C(=O)N2CC1=C(C(=O)C(C)C)C=C1,1 55 80 86 89 106 136 148 162 176 177 258 283 298 313 323 331 342 353 354 361 378 380 386 388 408 526 534 547 588 639 642 650 671 675 730 749 807 847 849 871 879 884 891 935 1057 1092 1242 1299 1324 1349 1356 1359 1376 1380 1381 1440 1449 1485 1539 1542 1601 1636 1648 1688 1697 1722 1746 1757 1765 1776 1795 1819 1855 1873 1917 1919 1935 1965 1989 2009 2026
586,CC(C=Cc1ccccc1)=CC=C(C)C(=O)N1CCCN(Cc2ccccc2)C1,18 31 41 55 70 76 80 160 226 278 294 369 389 404 454 495 503 561 572 577 650 685 694 728 739 754 757 807 816 835 856 878 882 926 935 979 1002 1017 1028 1040 1049 1057 1066 1083 1088 1102 1110 1148 1149 1164 1199 1243 1244 1288 1304 1308 1319 1327 1328 1350 1353 1380 1422 1450 1458 1479 1480 1564 1627 1683 1701 1705 1724 1739 1742 1750 1754 1765 1771 1782 1791 1807 1873 1917 1925 2009 2027 2033
587,COC1=CC=CSc2c1n(C)c(=O)n2C(N)=O,140 144 156 189 239 289 314 432 435 442 453 473 527 536 564 573 620 650 674 675 678 691 695 714 725 771 807 841 842 862 888 897 935 1005 1057 1109 1112 1145 1171 1188 1226 1249 1259 1263 1266 1291 1322 1372 1380 1391 1402 1428 1440 1470 1471 1477 1535 1536 1580 1590 1645 1653 1658 1697 1764 1824 1841 1846 1873 1886 1917 2016
588,Cc1ccc(CCCCOc2ccc(C(F)(F)F)c(C(F)(F)F)c2)c(=O)n1C,13 34 80 94 96 114 120 124 159 190 198 203 217 220 223 262 298 314 322 391 398 419 450 504 531 623 650 680 686 695 699 718 773 809 875 883 902 935 974 994 1033 1034 1044 1053 1057 1078 1109 1114 1143 1145 1150 1183 1184 1202 1212 1243 1249 1254 1321 1349 1380 1405 1453 1499 1501 1527 1620 1699 1722 1733 1741 1750 1835 1873 1911 1928 1994 2039
589,CCOC(=O)c1cc2ccc1C(=O)C1COC(=O)C1OC2=O,47 80 100 115 145 147 171 175 259 276 282 294 303 314 337 352 441 454 455 481 515 586 608 623 631 649 650 656 680 695 723 750 758 759 789 796 807 860 875 896 926 941 963 1019 1046 1057 1082 1088 1147 1160 1188 1234 1238 1253 1317 1350 1379 1380 1420 1514 1563 1567 1597 1625 1640 1673 1719 1722 1727 1750 1763 1782 1787 1873 1877 1903 1917 1923 1947 1950 1991 1993 2035
590,CCN1CCCN(C(C)=O)C1=O,34 47 80 92 104 117 185 230 294 314 323 342 347 358 443 463 598 621 650 665 726 728 731 738 772 807 865 895 926 935 946 1017 1028 1057 1083 1089 1123 1190 1196 1203 1211 1215 1227 1300 1347 1350 1380 1387 1459 1480 1580 1647 1654 1794 1811 1847 1869 1887 1917 1968 1991 2041
591,Cc1ccccc1NC(=O)c1ccc(C(=O)OCc2ccccc2)cc1,77 80 87 93 145 147 277 328 329 339 376 389 414 434 486 503 606 650 658 695 722 729 744 745 748 789 802 865 920 947 965 1007 1024 1057 1066 1088 1152 1153 1169 1199 1224 1256 1273 1286 1297 1305 1334 1361 1372 1380 1385 1391 1398 1422 1469 1477 1522 1529 1618 1665 1673 1696 1697 1722 1741 1750 1754 1795 1810 1816 1858 1873 1876 1880 1911 1914 1917 1955 1999 2005 2012 2042
592,COc1cc(C(=O)Oc2ccc(OC)c(OC)c2)n(C)c(=O)c1,46 81 94 106 140 145 249 297 301 311 314 322 385 466 488 506 514 541 555 558 564 609 628 635 641 648 650 669 683 695 718 777 781 807 836 841 866 875 935 968 969 1034 1039 1057 1082 1097 1141 1145 1164 1165 1177 1218 1245 1284 1321 1371 1380 1389 1519 1534 1536 1600 1651 1666 1729 1750 1780 1829 1853 1873 1917 1957 1970
593,CN(C)C(Cl)=CC=C1C(Cl)=CC(Cn2ncnc2-c2cccc(C#N)c2)=C1Br,23 43 80 84 102 158 161 196 233 240 294 305 318 335 346 349 378 405 424 438 440 459 473 475 489 525 561 589 603 674 680 694 696 697 728 736 757 790 797 807 818 867 875 881 890 891 925 935 936 969 1039 1054 1055 1057 1088 1102 1120 1121 1136 1160 1163 1256 1287 1292 1319 1349 1371 1380 1384 1400 1402 1409 1416 1452 1462 1507 1531 1575 1585 1631 1653 1683 1722 1734 1745 1750 1765 1846 1864 1868 1951 1975 2010 2015 2042
594,CCOc1ccc(C=CN=C(N=C(Cl)c2ccc(Cl)c(F)c2)N2CCCCC2)cc1,2 25 34 40 69 80 82 94 102 120 170 173 204 230 237 279 294 322 366 369 372 490 541 542 550 561 622 640 666 694 695 699 718 725 742 751 765 766 789 807 820 828 835 837 856 858 875 878 926 935 1028 1041 1057 1093 1164 1238 1240 1292 1293 1341 1360 1368 1374 1380 1385 1409 1450 1452 1480 1487 1627 1630 1683 1697 1707 1750 1808 1828 1830 1840 1854 1873 1883 1905 1928 1940 1998 2009 2014 2028 2033 2035
595,O=C(c1ccccc1)N1CCN(CC(Cc2ccccc2)c2cccc(Cl)c2)CC1,1 45 53 55 74 79 80 85 86 165 216 222 259 307 388 389 497 526 561 571 592 650 745 750 753 763 771 778 802 807 857 875 926 942 1039 1066 1088 1094 1101 1128 1199 1236 1281 1314 1341 1365 1374 1380 1385 1397 1419 1466 1477 1480 1489 1504 1508 1511 1561 1563 1581 1589 1604 1628 1683 1710 1750 1754 1759 1779 1791 1873 1922 1985 2009 2044
596,CCCCCCCCCC(=O)n1cc(OC)cc(OC)c1=O,18 51 80 83 114 218 249 257 270 294 314 320 322 412 426 464 504 591 635 650 662 695 706 728 781 786 794 807 841 864 875 908 913 917 935 940 1009 1039 1057 1110 1112 1126 1139 1143 1191 1233 1258 1267 1344 1349 1356 1380 1434 1444 1536 1564 1707 1751 1815 1830 1873 1911 1916 1917 1928 1950 1954 1970 2032
597,Cc1ccn(C(=O)c2c3c4n(-c5ccccc5)cnn4c2N(C)C3)c1,27 32 43 50 57 83 126 131 147 163 184 204 236 246 277 361 378 380 389 412 418 440 454 464 479 480 540 564 586 599 600 615 635 650 658 667 678 721 751 761 792 926 932 935 965 1025 1049 1057 1088 1123 1134 1138 1145 1152 1159 1187 1199 1210 1250 1260 1319 1342 1376 1380 1424 1453 1499 1504 1517 1531 1549 1576 1608 1613 1636 1693 1722 1750 1753 1760 1772 1794 1819 1823 1825 1849 1850 1864 1873 1904 1914 1917 1925 1946 2002 2016 2018 2030
598,Nc1nc(C(F)(F)c2ccccc2)c(N2CCCC2)s1,6 54 101 114 162 179 185 208 216 316 370 378 379 407 426 469 560 602 637 638 648 657 675 680 744 783 842 862 899 905 926 935 948 993 994 1001 1011 1028 1033 1088 1171 1176 1187 1199 1218 1220 1261 1264 1292 1301 1380 1417 1430 1453 1457 1480 1495 1537 1544 1660 1686 1709 1750 1816 1855 1873 1928 1990 1998 2017
599,O=C1CCCN1C1CCN(S(=O)(=O)c2ccccc2)CC1,17 35 164 204 224 251 314 319 350 360 366 374 389 477 485 487 520 575 585 604 634 650 652 684 723 757 798 800 843 847 872 926 935 993 1019 1028 1032 1050 1061 1088 1092 1096 1099 1138 1182 1199 1234 1236 1241 1292 1293 1325 1339 1362 1377 1380 1392 1397 1459 1466 1476 1480 1538 1599 1607 1609 1738 1750 1778 1786 1873 1885 1903 1910 1994 1998
600,O=C(Nc1ccc(Cc2ccccc2Cl)cc1)c1cccc2ccc([N+](=O)[O-])cc12,80 102 149 191 203 287 295 310 326 348 366 368 370 427 432 479 486 558 560 561 622 636 650 715 753 807 838 843 847 875 876 922 974 1019 1029 1039 1063 1077 1084 1087 1088 1091 1104 1133 1147 1152 1181 1184 1195 1199 1231 1247 1271 1274 1314 1349 1357 1377 1380 1409 1430 1447 1478 1508 1597 1603 1643 1649 1683 1730 1750 1754 1782 1790 1809 1814 1816 1833 1855 1873 1917 1940 1963 1966 1978 1989 1991 1999 2005
601,COc1ccc2oc3ccc(C(=O)N4CCCC4CCOc4ccccc4)nc3c2c1,13 18 60 68 80 99 102 193 229 242 322 352 368 378 389 446 490 502 537 561 562 628 650 656 695 718 735 781 798 807 829 832 841 850 855 875 895 926 935 984 998 1019 1028 1034 1057 1088 1102 1165 1177 1199 1203 1206 1245 1247 1287 1325 1329 1331 1332 1357 1367 1380 1410 1452 1478 1480 1504 1511 1521 1522 1524 1536 1541 1543 1552 1604 1720 1724 1750 1765 1785 1792 1808 1810 1811 1814 1826 1841 1855 1873 1908 1917 1920 1922 1972 1977 1980 1987 2019
602,Oc1ccccc1-c1nc(O)c(-c2ccccc2)[nH]1,41 105 106 119 143 155 156 157 162 197 205 231 352 378 388 389 480 487 547 551 560 607 635 661 678 680 736 764 765 780 795 807 815 839 843 924 975 976 984 986 1006 1009 1077 1088 1114 1160 1182 1199 1253 1326 1351 1378 1380 1396 1411 1432 1438 1510 1560 1602 1607 1609 1628 1663 1740 1745 1750 1784 1817 1831 1850 1855 1882 1930 2015 2023 2028 2043
603,COc1ccc(-c2ccc(C#N)c(N3CCCC3=O)c2)c(Br)c1,15 18 65 78 99 116 119 194 215 246 314 322 323 352 361 396 465 534 542 612 617 618 650 668 674 679 680 695 702 718 721 728 780 781 790 798 833 838 841 875 893 896 926 935 958 1028 1057 1125 1136 1138 1154 1160 1182 1327 1347 1363 1380 1384 1398 1399 1411 1436 1457 1480 1514 1528 1536 1544 1624 1631 1695 1708 1717 1738 1750 1782 1830 1862 1873 1908 1972 1974 1992 1993
604,CC(C)(C)CCN(c1nc2nnc1CC2)S(=O)(=O)c1ccccc1,26 69 80 109 114 119 136 144 162 198 259 263 308 319 350 358 378 389 392 431 444 552 575 650 685 698 719 733 750 752 757 778 809 815 827 832 881 882 889 926 932 951 997 1013 1057 1084 1088 1095 1120 1164 1199 1210 1246 1287 1291 1293 1308 1369 1373 1380 1388 1476 1528 1529 1549 1561 1562 1649 1684 1705 1738 1750 1828 1834 1849 1855 1864 1873 1894 1923 1946 1948 1951 2005 2019 2029
605,COc1ccc2c(c1)n(Cc1sc(C(N)=O)cc1C#N)c(=O)n2C,45 80 113 139 140 161 162 284 309 314 322 346 361 371 419 470 519 523 564 608 624 641 647 650 674 675 695 718 723 736 771 781 790 802 807 841 850 875 930 935 981 1020 1057 1063 1136 1145 1161 1171 1214 1224 1233 1264 1266 1280 1380 1384 1455 1498 1503 1536 1565 1580 1704 1727 1746 1750 1762 1765 1835 1843 1846 1862 1873 1899 1917 1950 1965 1972 1987 2021
606,COc1ccc(CNC(=O)C2CCCN2C(=O)c2ccc(C#N)cc2)cc1,32 34 80 89 102 150 171 193 197 208 242 255 267 305 310 315 322 354 378 382 405 446 485 487 489 516 531 606 616 624 638 649 650 669 674 686 689 695 718 756 781 790 807 831 841 855 876 880 926 935 975 1019 1028 1057 1108 1132 1136 1152 1171 1176 1209 1212 1260 1294 1317 1325 1380 1384 1385 1390 1420 1431 1480 1495 1504 1511 1525 1532 1536 1573 1589 1678 1688 1697 1707 1750 1754 1873 1917 1922 1954 1959 1975 2016 2037
607,Cc1ccc(S(=O)(=O)Nc2cccc(N3CCc4ccccc43)c2)cc1,4 23 54 83 129 152 177 188 191 235 236 257 319 349 350 404 502 538 541 650 703 706 711 715 720 743 744 875 883 926 935 949 952 989 1039 1049 1057 1088 1096 1152 1181 1199 1202 1236 1270 1272 1279 1295 1308 1380 1457 1473 1476 1480 1592 1619 1626 1647 1668 1680 1698 1708 1718 1722 1738 1750 1821 1823 1825 1873 1888 1920 1961 1964 2021 2022 2033 2047
608,O=C1CN(CC2CCCCC2)CCN1C(=O)c1ccccc1,2 9 12 29 46 63 74 80 141 155 214 220 251 273 314 339 389 390 484 503 578 584 641 650 760 773 798 807 890 908 926 935 956 966 1028 1051 1067 1078 1088 1111 1199 1229 1242 1253 1325 1359 1380 1385 1387 1396 1419 1432 1434 1480 1494 1511 1539 1549 1594 1606 1607 1635 1641 1703 1741 1750 1760 1791 1809 1836 1856 1860 1873 1883 1917 1946 1985 1988 2030
609,CC(=O)c1ccccc1C(C(=O)c1ccccc1C)=C(C)c1cccc2ccccc12,31 117 136 147 263 302 320 323 406 521 561 613 650 704 724 748 801 807 927 932 953 1017 1032 1039 1057 1071 1074 1087 1088 1104 1199 1324 1352 1357 1380 1391 1447 1496 1531 1561 1571 1573 1593 1597 1599 1655 1677 1700 1704 1722 1750 1783 1814 1816 1820 1855 1862 1873 1917 1929 1977 1978 1991 1999 2041
610,CCCCSc1cccc(S(=O)(=O)c2ccc(OC)cc2)c1,5 13 27 49 68 80 87 94 116 170 192 294 319 322 341 350 379 396 556 575 591 650 695 711 715 718 781 794 795 811 831 832 835 841 875 887 976 979 1039 1051 1057 1088 1113 1172 1173 1182 1189 1209 1212 1247 1264 1277 1361 1380 1405 1476 1536 1571 1649 1702 1710 1729 1750 1754 1869 1873 1911 1913 1998
611,CCCCCCCCCCNC(=O)c1ccc(C(=O)O)c(=O)oc2ccccc2cc1,8 24 36 52 67 80 116 150 175 197 203 257 265 294 305 310 314 389 456 486 514 530 551 585 591 592 650 656 663 667 752 757 794 807 828 911 994 1047 1057 1079 1087 1088 1118 1128 1143 1152 1199 1265 1380 1381 1385 1414 1426 1444 1450 1468 1517 1547 1604 1639 1640 1665 1687 1697 1750 1759 1768 1808 1815 1855 1873 1876 1911 1912 1917 1951 1982 1991 2033
612,O=C(Oc1ccccc1)c1ccc(O)c2ccccc12,21 62 67 68 94 124 145 177 242 264 275 289 299 322 367 389 396 479 562 638 650 695 807 809 843 866 905 922 928 983 1083 1088 1097 1106 1129 1199 1264 1287 1299 1357 1361 1364 1380 1398 1446 1458 1475 1496 1519 1573 1593 1602 1607 1617 1637 1655 1656 1679 1714 1723 1729 1750 1760 1776 1873 1893 1917 1959 1962 1991 1997 2019 2024
613,O=C(c1ccccc1C(=O)N1CCCC1)N1CCCC1,42 47 88 176 332 351 355 362 437 492 552 603 650 671 753 807 857 899 903 916 926 935 942 1028 1036 1082 1088 1297 1316 1336 1340 1377 1415 1420 1447 1480 1504 1512 1568 1621 1666 1750 1785 1873 1906 1907 1917 1972 1991 1994 1998 2009
614,O=S1(=O)N(CCCCCCCOc2cc3ccc2o3)CCCN1CCN1CCCCC1,2 13 19 46 51 60 62 80 99 107 156 157 167 184 187 207 254 274 285 305 469 559 650 656 678 695 716 731 786 798 849 875 893 913 926 935 960 997 1008 1028 1083 1110 1143 1145 1235 1249 1380 1391 1422 1441 1449 1452 1480 1482 1486 1518 1604 1624 1662 1698 1750 1780 1791 1808 1834 1862 1873 1911 1926 1937 1959 1965 1968 1970 1984 2030 2038 2044
615,O=C(NC(=O)N1CCCC1C12CCN(C1=O)C2=O)c1ccccc1,1 28 36 62 93 94 103 128 161 193 218 241 242 255 293 309 311 314 360 365 389 446 450 478 486 497 523 551 558 587 615 631 650 716 746 807 848 906 926 930 934 935 1019 1028 1060 1066 1088 1095 1119 1152 1162 1163 1165 1199 1240 1292 1313 1325 1379 1380 1385 1397 1439 1457 1472 1480 1503 1526 1578 1580 1602 1604 1665 1667 1681 1690 1702 1750 1760 1841 1851 1867 1894 1917 1967 1985 2021
616,O=CC=C1CCC(C(=O)N2CCCC2)N(CCN2C(=O)c3ccccc3C2=O)C1=O,14 36 41 78 80 84 92 134 160 188 246 261 275 286 293 314 334 352 369 383 386 395 410 421 452 493 531 535 588 596 624 642 650 655 680 683 694 801 807 862 879 882 890 926 935 957 984 1004 1019 1028 1088 1110 1145 1197 1199 1200 1289 1325 1329 1356 1380 1402 1429 1451 1468 1474 1478 1480 1487 1503 1517 1535 1539 1585 1627 1646 1727 1738 1746 1750 1753 1761 1769 1775 1848 1849 1854 1873 1893 1905 1917 1920 1970 1975 1998 2003 2009 2036
617,CCOC1C2C3CN(CC)C(=O)N(C(=O)c4nc([nH]c4OC)C(=O)N4CCCCC14)C2CNC3=O,11 20 25 27 34 43 80 92 108 140 144 145 169 216 246 282 294 314 323 373 378 455 466 470 486 532 544 561 600 634 650 665 670 680 681 684 695 728 739 746 747 757 823 840 841 854 879 890 893 907 926 935 938 939 981 1019 1028 1031 1034 1043 1057 1079 1080 1089 1114 1182 1186 1218 1238 1244 1260 1305 1325 1361 1380 1480 1530 1536 1545 1598 1609 1611 1620 1689 1694 1723 1724 1744 1745 1755 1772 1784 1832 1841 1851 1855 1866 1887 1922 1936 1947 1950 1967 1981 1998 2000 2041 2045
618,CN(C)C(CCc1ccc(O)c2ccccc12)C(O)c1ccccc1,1 26 47 80 90 104 105 119 129 185 220 227 253 257 389 447 462 493 530 532 542 555 577 633 640 647 648 739 772 807 843 881 883 886 919 945 971 1035 1057 1062 1064 1077 1088 1089 1163 1194 1199 1211 1243 1349 1357 1365 1369 1380 1421 1457 1475 1477 1573 1581 1590 1593 1602 1607 1642 1651 1702 1719 1741 1750 1769 1811 1815 1838 1873 1932 1995 2010
619,CN1c2nn3c(C(=O)NS(=O)(=O)c4ccccc4)c2C(=CC(C(=O)Oc2cc(Cl)ccc2Cl)=N3)OS1(=O)=O,19 20 56 84 130 145 165 182 187 207 216 224 262 275 293 295 297 307 310 319 331 338 350 366 368 378 389 394 410 468 469 486 502 511 532 541 575 599 619 649 650 656 666 685 695 735 738 769 807 816 861 867 875 883 896 935 945 953 975 994 1057 1088 1090 1145 1149 1152 1186 1194 1247 1259 1289 1340 1360 1380 1476 1507 1583 1595 1601 1679 1681 1688 1729 1732 1747 1750 1753 1758 1806 1873 1917 1926 1938 1946 1953 1956 1970 1981 2014
620,CC(O)CCNC(=O)c1c(-c2ccccc2)n[nH]c1-c1ccccc1,1 8 74 80 88 133 155 160 197 227 283 323 378 389 405 486 504 530 582 586 650 661 667 732 739 753 759 807 913 979 1047 1057 1078 1088 1099 1103 1114 1152 1158 1160 1194 1197 1199 1275 1353 1380 1385 1490 1582 1677 1683 1750 1791 1843 1873 1898 1917 1930 1952 1978 2004 2023
621,CNC(=O)NS(=O)(=O)c1ccc2c(c1)c(OC)cc1cc(Cl)sc12,46 70 71 74 131 162 171 185 191 193 198 204 249 260 292 300 307 319 331 345 350 387 393 409 480 494 500 502 650 675 695 699 715 749 756 807 837 841 868 875 931 936 969 979 990 1057 1098 1125 1142 1150 1152 1156 1158 1175 1196 1288 1328 1338 1353 1357 1359 1369 1380 1387 1430 1473 1476 1483 1536 1591 1606 1639 1651 1652 1662 1683 1733 1750 1783 1786 1788 1855 1873 1911 1917 1922 1928 1946 1970 1989 2027 2028 2040
622,Cc1ncccc1CN=S(=O)(c1ccccc1)N1CCN(C(=O)C#CC#N)CC1,78 80 92 106 109 187 188 195 232 242 254 258 261 268 306 319 328 350 372 378 389 448 575 585 650 651 659 674 675 678 725 767 779 790 807 834 842 871 892 926 935 977 991 1020 1043 1057 1076 1088 1135 1141 1176 1199 1244 1295 1304 1313 1331 1349 1380 1384 1452 1475 1476 1480 1521 1566 1589 1597 1608 1631 1677 1688 1693 1697 1722 1734 1750 1794 1866 1884 1895 1917 1942 1975 1980 2009 2032
623,CC1=NC2=NC(N3CCCC3CN3CCCC3)=NC2=N1,15 33 80 129 164 262 281 282 336 358 378 384 415 446 486 508 514 548 571 607 634 665 684 699 706 742 767 822 908 926 927 935 1018 1019 1028 1057 1065 1101 1143 1153 1254 1273 1275 1325 1367 1380 1396 1422 1444 1468 1480 1509 1545 1552 1586 1718 1722 1791 1816 1857 1886 1902 1919 1923 1946 1983 1998 2017 2038
624,COc1ccc(C(F)(F)F)cc1C1=CN=C2SC(NC(=O)C(C)C)=C1S2,1 24 47 79 94 114 212 242 249 251 257 283 291 342 352 372 397 455 462 465 519 536 573 594 606 650 662 675 695 697 705 710 717 738 739 769 779 802 807 809 811 841 856 875 905 938 987 1024 1049 1057 1081 1091 1118 1139 1152 1167 1169 1189 1223 1260 1285 1334 1335 1342 1349 1380 1417 1421 1431 1453 1463 1478 1522 1536 1578 1593 1594 1628 1632 1639 1665 1670 1711 1722 1750 1763 1779 1800 1816 1843 1873 1912 1917 1926 1928 1963 1966 1970 1979 2014 2044
625,COc1ccccc1CN(CCSc1nnc(N2CCN(C)CCCC2=O)s1)c1ccc(C)cc1,14 46 60 80 82 109 116 120 126 153 154 162 207 235 249 295 299 300 308 314 341 347 378 407 411 431 466 507 519 548 577 650 674 675 695 702 709 733 771 797 798 807 811 819 834 838 841 851 871 875 881 926 935 936 943 960 999 1028 1057 1077 1088 1096 1138 1145 1182 1199 1207 1236 1260 1288 1309 1327 1349 1380 1410 1414 1435 1457 1493 1497 1536 1559 1576 1597 1601 1645 1661 1667 1683 1687 1704 1722 1738 1748 1750 1764 1780 1823 1873 1886 1909 1920 1951 1957 1970 1999
626,COC(=O)CN1C(=O)COC(=O)c2cccc3ccc(nc23)C(=O)OCCN2CCCC1C2=O,5 36 38 80 130 164 195 203 204 231 246 247 257 266 311 314 324 352 378 383 389 407 424 441 446 449 500 576 589 609 621 639 650 653 656 660 680 695 714 798 807 828 831 841 866 892 926 935 950 980 984 998 1001 1014 1019 1025 1028 1039 1057 1068 1087 1088 1145 1152 1213 1277 1283 1306 1312 1325 1362 1380 1386 1428 1480 1507 1509 1526 1633 1642 1655 1658 1710 1724 1750 1764 1773 1775 1788 1830 1846 1855 1873 1917 1967 1983 1993 2001 2013
627,O=C(COc1ccccc1)N(CCCN1CCCC1)CC1=NC=C1,73 80 82 102 121 314 322 378 386 389 435 441 461 462 507 509 545 546 547 562 567 638 650 653 660 685 695 738 762 791 801 807 824 837 851 855 881 926 935 955 978 1017 1028 1088 1096 1138 1145 1193 1194 1199 1209 1238 1271 1272 1276 1298 1313 1335 1380 1396 1397 1422 1442 1452 1477 1480 1482 1500 1566 1573 1600 1636 1695 1732 1734 1750 1791 1809 1851 1873 1887 1911 1917 1926 1940 1951 1967 1977 1997 1998 2004
628,COc1ccc(C(=O)OC2CCCC2OC(=O)c2ccccc2)cc1,70 76 87 92 126 145 157 178 214 292 302 322 352 389 410 429 485 606 623 627 650 695 718 775 781 798 803 807 828 831 840 841 918 926 934 967 1019 1024 1028 1041 1055 1057 1063 1088 1126 1140 1179 1199 1218 1287 1325 1332 1380 1385 1391 1394 1417 1421 1422 1518 1520 1536 1600 1618 1635 1697 1716 1750 1755 1759 1817 1857 1873 1893 1917 1963 1978 1985 1990 1998 2006 2007
629,CCC1CN(c2ccc(C)cc2-c2cc(F)cc(OC)c2)CCO1,80 118 175 229 235 248 278 294 322 324 352 354 357 375 407 445 495 513 554 600 656 662 675 695 699 739 750 757 767 781 841 888 926 935 937 950 1013 1014 1019 1034 1038 1042 1057 1118 1120 1160 1218 1244 1272 1283 1295 1380 1391 1421 1454 1480 1498 1514 1536 1572 1590 1651 1670 1674 1694 1708 1722 1729 1740 1750 1777 1823 1859 1870 1872 1873 1915 1928 1995 1998 2036
630,O=C1c2cc3cc(c3)c2=CC=c2c3cccc2=CC=C(c2ccccc2)OCN1CCO3,94 172 186 210 256 294 310 314 352 366 374 382 389 399 407 441 461 464 594 602 605 627 650 656 688 736 762 776 805 821 875 879 926 933 935 946 950 953 1014 1030 1039 1088 1097 1124 1160 1192 1199 1237 1249 1289 1290 1341 1345 1353 1362 1379 1380 1385 1404 1422 1459 1476 1480 1481 1488 1529 1614 1619 1637 1659 1675 1703 1740 1750 1762 1800 1826 1833 1855 1872 1873 1905 1948 1968 1998 2013 2022 2034
631,CN(C)C(=O)N(CC(=O)O)C(=O)Nc1nc2ccccc2cc1-c1cccc2ccc(Cl)cc12,20 56 77 80 131 165 193 203 214 216 230 246 289 352 378 389 429 442 444 486 495 561 601 605 650 675 678 693 708 731 807 816 875 881 926 959 984 997 1001 1039 1057 1085 1087 1088 1096 1097 1104 1120 1152 1163 1190 1199 1224 1236 1252 1275 1317 1357 1380 1418 1501 1516 1540 1639 1648 1653 1683 1685 1688 1704 1735 1737 1750 1809 1816 1855 1873 1917 1921 1951 1958 1981 1985 2019
632,Cc1ccc2nc1c1cc3ccc1c(nncn3C(=O)N1CCCCC1)c2=O,2 59 79 84 173 220 256 262 272 281 286 314 322 369 371 378 392 395 429 433 466 525 552 612 620 647 650 685 729 736 749 771 784 792 807 875 917 926 932 935 936 950 957 961 982 1028 1032 1057 1097 1129 1164 1166 1172 1184 1221 1234 1357 1380 1391 1432 1475 1480 1534 1625 1670 1691 1722 1724 1730 1733 1750 1785 1834 1849 1855 1873 1910 1917 1934 1940 1991 1998 2009 2038
633,O=C(N1CCCC1)N(C=Cc1ccccc1)c1ccccc1,0 7 24 36 89 108 196 225 236 245 283 288 289 312 344 351 352 369 389 390 393 407 464 478 482 650 672 694 725 771 777 807 813 835 844 878 881 889 892 926 928 935 984 1028 1088 1096 1110 1185 1199 1218 1229 1285 1294 1300 1340 1353 1380 1385 1388 1392 1415 1480 1582 1659 1692 1699 1745 1750 1793 1808 1873 1908 1929 1940 1998 2001 2009 2033
634,CCN(CCCn1c(N(C)C(=O)COc2ccc(OC)cc2)nc(C)c1C(=O)OC)C(C)=O,5 54 64 80 92 102 110 115 127 137 138 145 157 170 173 174 253 294 322 329 333 376 378 404 410 425 441 555 567 585 596 675 718 724 738 781 802 807 823 831 841 861 878 881 906 932 935 955 978 1008 1017 1029 1057 1060 1075 1145 1152 1153 1163 1171 1179 1224 1238 1272 1284 1332 1380 1396 1424 1452 1536 1588 1610 1620 1722 1725 1750 1765 1769 1855 1873 1887 1911 1917 1951 1967 2004 2026
635,O=C1NC(=S)N2CCN(C(=O)Nc3ccccn3)CCN3C(=O)N(c4ccc([N+](=O)[O-])cc4)C2C13,92 94 97 201 215 218 233 281 283 314 315 364 367 378 398 430 448 483 551 611 630 650 656 684 708 715 753 756 767 769 774 807 838 866 876 926 935 939 946 949 993 996 998 1010 1019 1034 1060 1088 1097 1099 1114 1119 1152 1155 1169 1183 1187 1195 1199 1215 1229 1238 1256 1274 1312 1368 1369 1380 1381 1442 1452 1458 1468 1474 1480 1555 1589 1598 1629 1717 1750 1768 1781 1809 1814 1816 1825 1840 1847 1855 1866 1873 1917 1922 1931 1962 1963 1980 2009 2037 2043
636,COc1ccc(C(O)=CC=CSc2ccccc2-c2nn(C)c(=O)n2C)cc1,75 102 107 111 116 119 159 180 212 239 295 300 314 322 352 373 377 378 382 389 432 525 527 532 548 564 566 625 650 694 695 699 712 718 729 771 781 786 797 801 807 829 831 841 856 923 935 984 1025 1057 1062 1081 1088 1100 1105 1111 1138 1140 1145 1164 1199 1205 1211 1319 1332 1370 1380 1385 1393 1397 1486 1578 1582 1593 1597 1646 1686 1697 1719 1750 1794 1816 1873 1881 1886 1887 1952 1953 1956 1961 1963 2019 2024
637,C=NN(C)c1c(F)cccc1-c1cc2ccc1N(c1ccccc1)C(=O)N2,33 78 94 111 168 191 298 307 314 329 352 374 389 407 484 515 567 574 594 650 660 699 725 799 817 820 821 838 875 881 935 984 1024 1032 1039 1049 1057 1058 1060 1061 1076 1088 1097 1114 1133 1163 1199 1201 1217 1267 1279 1295 1304 1348 1366 1380 1381 1399 1500 1504 1555 1608 1611 1612 1643 1658 1686 1695 1734 1750 1764 1778 1812 1821 1825 1840 1843 1861 1873 1909 1915 1928 1987 1995
638,CCOC(=O)C(NC(=O)Nc1ccc(I)cc1)c1ccccc1,1 25 36 80 86 117 147 168 191 205 227 284 294 320 365 389 420 491 503 627 650 661 686 695 699 706 746 763 807 843 914 947 993 1057 1077 1088 1152 1189 1199 1238 1350 1365 1380 1434 1440 1443 1452 1494 1518 1581 1594 1606 1619 1630 1722 1723 1750 1816 1818 1842 1873 1917 1989 1990 2021 2028
639,Cc1nn(CCC(=O)NC2CCCC2O)c(=O)n1C(F)(F)c1ccccc1,41 54 80 90 114 158 174 249 314 378 387 389 394 482 486 501 510 532 569 570 574 613 617 650 690 700 723 747 771 778 781 783 793 807 828 837 849 917 925 926 935 972 1019 1028 1041 1057 1063 1088 1102 1124 1145 1147 1152 1156 1162 1199 1249 1257 1288 1325 1329 1339 1354 1370 1380 1403 1406 1415 1417 1448 1453 1455 1461 1488 1496 1564 1597 1599 1622 1636 1638 1722 1750 1774 1873 1917 1928 1935 1956 1994 2017 2021 2036
640,O=c1c2ccc(-c3nc4ccccc4c4ccccc34)n1CN1CC[S+]([O-])C(CC2)C1,37 72 87 107 137 162 168 171 187 237 281 289 314 323 372 378 389 406 422 434 504 577 579 593 627 631 636 650 652 671 712 713 715 739 742 904 918 926 935 960 1019 1022 1057 1085 1088 1095 1097 1116 1139 1184 1196 1199 1236 1253 1325 1357 1380 1395 1459 1462 1479 1480 1496 1568 1573 1612 1645 1661 1692 1730 1738 1750 1752 1781 1812 1855 1873 1936 1946 1947 1958 1980 2006 2013 2016
641,CC(=O)OC1C(O)C(O)C(OC2CCC(C)(C)C3CCCC23)C2CCC(C)CC21,26 96 149 205 270 355 456 488 499 519 521 522 556 558 564 604 622 644 650 663 695 701 715 725 789 798 807 812 825 861 893 908 926 937 944 946 1017 1019 1028 1035 1057 1060 1063 1066 1122 1126 1146 1148 1162 1210 1232 1248 1257 1274 1277 1285 1292 1309 1326 1350 1381 1428 1477 1487 1501 1535 1545 1552 1563 1565 1593 1600 1665 1787 1788 1820 1833 1845 1853 1883 1893 1917 1950 2006
642,CC(C)(C)C(=O)N(C(=O)N=C=O)C1CCCCC1,2 26 36 65 91 111 155 229 248 256 267 270 283 284 298 392 421 441 442 456 507 508 534 617 639 650 674 725 732 777 806 807 809 815 823 848 881 889 890 926 977 983 1016 1019 1028 1034 1057 1063 1075 1151 1181 1198 1201 1289 1325 1359 1397 1477 1478 1528 1570 1586 1638 1673 1675 1812 1917 1927 1953 1997 2046
643,CC1C2ON=C(SC(=O)N1C)S2,15 35 148 163 198 302 314 378 430 437 531 576 591 650 656 666 675 718 771 785 824 856 878 920 935 960 1016 1019 1020 1057 1145 1148 1163 1166 1241 1309 1373 1380 1383 1386 1403 1416 1420 1443 1479 1560 1590 1652 1684 1691 1716 1733 1793 1802 1869 1880 1936 1967 1983 1993 2044
644,COC(=O)c1c2ccc(OC)c1NC(=O)N(CCN1CCCC1=O)Cc1ccccc1-2,49 78 80 94 110 114 120 145 155 191 221 249 267 297 314 352 370 401 408 424 436 440 456 458 521 579 586 635 650 651 663 680 695 798 807 820 841 849 851 901 906 926 927 935 973 984 1028 1047 1057 1059 1060 1088 1089 1114 1123 1138 1145 1152 1168 1182 1199 1236 1302 1339 1380 1389 1411 1434 1447 1459 1480 1483 1521 1536 1548 1586 1602 1614 1645 1665 1691 1697 1708 1738 1750 1770 1772 1873 1886 1917 1946 1970 1976 1988 2026 2030
645,O=C(c1ccc(N2CCN(c3ccccc3)CC2)cc1)N1CC1,4 39 72 128 220 233 268 277 308 385 389 407 451 469 497 650 662 687 694 725 776 788 807 815 888 909 915 926 935 937 942 970 1049 1073 1088 1094 1160 1199 1207 1225 1335 1380 1385 1390 1391 1405 1421 1480 1508 1510 1511 1549 1562 1569 1589 1625 1630 1687 1697 1709 1750 1767 1800 1825 1873 1917 1919 1920 2009 2014 2033
646,CCOc1ccc(C(=O)n2c(=O)c(C=C(C#N)OC)cc3ccccc32)cc1,6 26 45 69 80 95 102 173 182 237 275 294 314 322 327 359 373 398 425 454 470 477 504 522 620 650 674 694 695 718 772 790 803 805 807 841 875 897 932 935 961 991 1003 1026 1033 1048 1049 1057 1067 1087 1088 1126 1139 1152 1167 1199 1204 1210 1237 1238 1282 1285 1347 1380 1384 1385 1399 1402 1409 1433 1443 1452 1457 1504 1511 1551 1557 1596 1629 1641 1697 1711 1746 1750 1802 1839 1853 1854 1855 1873 1879 1882 1895 1917 2002
647,CCCCCCCCc1ccc(C(=O)O)oc1=O,80 114 243 294 310 314 381 389 396 408 424 456 534 581 591 613 650 656 682 717 758 794 807 968 1057 1119 1143 1184 1205 1243 1260 1291 1336 1349 1380 1411 1424 1444 1468 1511 1527 1537 1543 1561 1604 1638 1642 1671 1695 1702 1706 1741 1750 1754 1855 1864 1873 1874 1917 1933 1975 1995 2001 2028
648,Cc1ccc(C(=O)OCCCC2CCCN(S(=O)(=O)c3ccc(Br)cc3)C2=O)c(C)c1,5 13 67 80 147 182 197 204 235 259 285 287 297 314 319 342 343 350 374 399 421 446 476 494 513 619 623 650 668 695 715 728 735 784 800 807 814 822 824 832 846 875 909 913 926 935 942 1013 1019 1028 1042 1051 1057 1112 1157 1213 1227 1231 1247 1281 1325 1366 1368 1380 1391 1444 1463 1476 1480 1532 1588 1592 1611 1631 1649 1672 1673 1697 1722 1724 1731 1734 1739 1750 1823 1836 1873 1911 1917 1928 1935 1960 1991
649,CCNC(=O)c1c(C(F)(F)F)cc(OC)c(Cl)c1C(F)(F)F,66 80 92 114 154 165 185 197 262 294 296 332 358 403 419 486 544 555 561 586 592 650 695 700 707 762 764 783 797 807 809 841 861 875 936 945 966 1000 1008 1011 1035 1053 1057 1090 1135 1152 1373 1375 1380 1453 1494 1498 1536 1581 1622 1624 1683 1717 1725 1726 1737 1849 1865 1873 1878 1886 1890 1904 1917 1920 1928 1963 1970 1995 2026 2037
650,CCN1CC(C(=O)N2CCCCC2)=C(C(=O)c2ccc(F)cc2)C1=O,2 9 34 43 77 80 90 93 116 134 184 234 256 288 294 314 334 356 369 371 398 515 546 580 629 643 650 669 673 699 761 805 807 808 846 866 879 926 935 942 946 968 1028 1066 1089 1124 1184 1198 1199 1248 1317 1349 1379 1380 1385 1410 1429 1432 1451 1452 1480 1485 1504 1511 1600 1626 1659 1670 1697 1750 1775 1873 1917 1928 1936 1998 2009 2029 2041
651,Clc1ccc(N2CCCn3cnnc32)nc1,43 80 210 215 216 217 269 281 316 351 378 453 455 514 527 557 561 635 640 656 681 686 705 816 825 829 858 893 914 918 926 932 935 953 1028 1078 1083 1129 1155 1164 1173 1196 1207 1215 1365 1380 1391 1407 1420 1449 1452 1457 1480 1528 1535 1544 1589 1683 1744 1750 1814 1873 1883 1927 2003
652,COc1cc(Cl)cc(C(=O)Nc2ncccc2C(=O)CCc2cc(C)c(C(=O)OC3CCCC3)o2)c1,71 80 104 108 119 131 145 157 164 211 216 240 246 253 269 280 320 322 378 389 404 434 439 448 465 475 484 486 518 543 561 573 611 641 650 656 670 693 708 709 781 792 807 810 839 841 853 875 890 919 923 926 995 1014 1019 1028 1043 1057 1071 1088 1126 1147 1152 1172 1218 1220 1234 1243 1246 1261 1316 1322 1324 1325 1349 1380 1384 1385 1391 1410 1419 1434 1447 1452 1464 1477 1489 1530 1536 1563 1564 1604 1617 1630 1635 1666 1683 1693 1694 1722 1747 1795 1816 1858 1866 1873 1876 1893 1917 1919 1934 1957 1991 1997 2003 2021 2027
653,CCCCCCCOC(=O)C(C(=O)OC)=C(C(=O)OC)C(=O)OCC(=O)OCC(=O)OCC(=O)OC,13 23 76 80 147 183 195 264 294 296 545 586 591 650 695 703 704 727 746 794 797 807 832 841 889 909 913 1017 1041 1057 1078 1121 1143 1152 1249 1257 1280 1360 1376 1377 1386 1428 1444 1445 1484 1497 1524 1575 1609 1617 1625 1670 1703 1734 1737 1781 1824 1835 1845 1866 1911 1917 1937 1948 1983 1996 2004
654,CCC1C2CCC(C(=O)N2)N1C(=O)Cc1ccc(C(=O)Oc2ccccc2C)c2cc(OC)ccc12,19 24 60 67 80 92 111 129 145 177 200 201 259 260 294 301 303 310 314 322 325 357 362 431 459 468 486 495 499 504 549 590 597 638 650 683 689 695 708 718 734 781 807 815 817 840 841 842 875 917 922 926 935 982 1009 1014 1019 1034 1036 1057 1059 1070 1072 1075 1088 1114 1127 1181 1199 1236 1300 1312 1325 1349 1357 1380 1391 1396 1410 1454 1470 1508 1516 1536 1542 1602 1606 1617 1640 1656 1660 1693 1722 1729 1733 1741 1746 1750 1755 1816 1847 1860 1868 1873 1897 1905 1917 1954 1968 1970 1972 1982 1991 1999 2034 2039
655,COc1cc2n3c(n(C)c4ccccc14)=NN(C=2)CC3,18 45 46 48 61 81 109 145 161 227 249 348 373 378 391 423 523 543 564 602 618 659 667 695 709 720 731 791 841 868 926 935 992 1020 1043 1046 1054 1057 1076 1085 1088 1145 1161 1184 1199 1216 1217 1228 1285 1307 1357 1380 1398 1414 1430 1460 1470 1480 1496 1516 1530 1534 1536 1573 1579 1604 1686 1687 1722 1726 1747 1750 1752 1796 1873 1910 1925 1953 1970 2029
656,CCn1c(CN2CCCCC2)nc2ccc(OC)nc21,2 34 80 103 160 181 205 228 275 294 318 343 362 378 461 515 551 609 661 695 708 783 784 796 802 807 841 850 926 935 942 955 961 997 1028 1057 1067 1072 1086 1097 1150 1166 1223 1262 1306 1310 1361 1380 1422 1435 1459 1474 1480 1503 1516 1518 1532 1536 1570 1573 1590 1591 1598 1679 1696 1750 1765 1770 1791 1851 1855 1860 1873 1897 1909 1952 1954 1956 1963 1998 2026 2046
657,NC(=O)Cc1ccc(-c2ccccc2)n1N=NNc1ccccc1,8 71 74 80 105 140 147 185 191 231 242 291 301 325 331 368 372 389 394 409 425 494 507 589 650 656 672 703 710 725 736 791 803 807 831 841 845 935 948 995 1007 1077 1088 1091 1152 1160 1171 1181 1199 1203 1207 1221 1295 1319 1346 1380 1385 1414 1426 1446 1549 1584 1605 1659 1692 1750 1753 1757 1779 1816 1827 1832 1873 1879 1898 1917 1982 1996 2022 2038
658,CN1C(=O)CCCC(NC(=O)Nc2ccc(F)c(-c3ccccc3Oc3ccccc3)n2)C1=O,5 9 14 59 109 127 193 230 240 248 285 300 314 322 323 349 352 378 387 389 471 473 516 541 546 562 571 581 634 641 650 695 697 699 744 798 807 831 905 925 926 935 946 967 976 984 987 1007 1019 1020 1028 1052 1057 1059 1088 1099 1117 1145 1147 1152 1158 1182 1199 1263 1281 1319 1325 1380 1384 1410 1434 1458 1511 1515 1527 1533 1542 1544 1598 1617 1664 1669 1678 1735 1738 1742 1750 1752 1805 1816 1837 1840 1855 1873 1917 1928 1929 1961 1970 1979 1989 2000 2008 2014 2015 2034 2038
659,COC(=O)c1ccc(I)c(C=C(I)CCCCOC2C3CCC(C)(C)C2O3)c1,13 30 74 78 80 93 104 145 154 175 184 189 220 284 307 332 350 400 402 459 469 497 502 523 582 615 647 650 656 657 661 682 694 695 758 786 807 823 841 875 906 926 943 946 947 961 972 1001 1019 1057 1060 1074 1084 1108 1126 1127 1138 1152 1162 1167 1218 1232 1238 1242 1249 1267 1274 1280 1325 1343 1380 1385 1503 1532 1564 1653 1658 1678 1691 1697 1715 1716 1731 1746 1750 1768 1778 1786 1800 1819 1846 1873 1911 1917 1921 1929 1964 1981 1988 2019
660,O=C(CN1CCCC1=O)N1CCN(CCn2c3ccc4c(=O)c3nnc42)CC1,45 80 84 93 130 191 236 289 314 342 355 357 378 475 518 525 621 637 650 734 760 795 798 802 807 828 865 894 926 935 1009 1028 1066 1089 1090 1108 1123 1138 1145 1164 1167 1182 1246 1263 1312 1313 1318 1330 1357 1380 1390 1394 1404 1412 1441 1458 1478 1480 1482 1507 1589 1599 1634 1696 1706 1724 1733 1738 1750 1779 1791 1860 1873 1897 1906 1917 1931 1933 1991 2009 2021
661,CC(=O)n1c(=O)ccccc1=O,94 104 109 122 230 232 271 286 288 302 303 314 330 347 381 425 500 503 613 630 650 661 686 708 717 728 752 759 805 807 835 916 932 933 935 1002 1015 1017 1049 1057 1059 1080 1088 1128 1141 1156 1172 1190 1199 1218 1282 1300 1380 1424 1581 1586 1594 1750 1798 1862 1873 1912 1917 1971 2037
662,COc1ccc2nc(NC(=O)Oc3c(Cl)cc(Cl)cc3OC)oc2c1,8 23 55 80 182 212 216 249 305 308 322 333 366 378 429 477 538 541 561 594 625 641 650 656 661 695 718 741 758 781 807 821 841 875 961 1036 1037 1057 1097 1139 1152 1160 1167 1183 1204 1209 1250 1261 1281 1288 1306 1320 1326 1380 1417 1455 1536 1576 1604 1619 1621 1683 1694 1729 1730 1747 1750 1758 1775 1785 1800 1803 1808 1816 1855 1856 1873 1875 1892 1917 1970 1972 1981 1989 2045
663,COc1ccc2cccc(C(=O)NCCN3CCCC3)c2c1,8 49 58 60 80 102 194 197 203 217 223 279 287 299 322 404 471 486 561 586 644 650 667 695 714 718 722 781 784 798 807 841 875 881 926 935 937 964 1028 1031 1039 1066 1087 1088 1089 1102 1104 1114 1115 1135 1137 1145 1152 1153 1157 1168 1207 1230 1247 1286 1287 1299 1317 1346 1357 1375 1380 1390 1422 1439 1447 1480 1482 1499 1536 1547 1736 1740 1750 1758 1791 1806 1841 1855 1857 1873 1883 1917 1972 1991 1997 1998
664,CC1CCCCN1C(=O)N1CCN(C(=O)c2ccc(C(F)(F)F)c3ccccc23)CC1,36 67 114 173 179 193 242 262 270 284 294 299 358 362 377 388 401 419 423 427 523 611 616 623 632 650 674 720 726 734 742 763 786 807 809 814 889 890 926 935 942 961 1019 1028 1057 1073 1084 1088 1103 1124 1199 1236 1269 1274 1283 1309 1323 1325 1334 1352 1357 1380 1430 1447 1453 1480 1487 1504 1561 1569 1571 1573 1589 1594 1712 1745 1750 1866 1873 1911 1915 1917 1928 1940 1991 1998 2009 2038
665,CCCCCN(CC)C(=O)NCCCCCN1C2=Nc3sc(c1c3-c1ccccc1)S2,17 80 97 146 162 166 173 190 193 197 230 294 297 338 378 384 386 387 389 415 433 511 524 526 546 566 584 588 591 592 599 622 624 634 650 654 667 675 685 699 736 751 794 807 822 863 881 893 927 932 935 978 1008 1057 1074 1088 1143 1145 1152 1160 1199 1241 1272 1287 1298 1316 1366 1380 1382 1386 1419 1423 1444 1470 1476 1614 1669 1712 1747 1750 1758 1767 1773 1800 1801 1825 1836 1840 1873 1876 1911 1917 1951 1957 2011 2044
666,CCOc1ccc2oc3cccc(C(=O)N(CC(=O)OC)C(=O)c4ccc(Br)cc4)c3c2c1,4 12 37 60 67 69 109 150 195 233 237 251 262 286 294 322 354 366 368 380 397 445 447 519 587 629 650 656 695 706 713 718 721 725 728 759 807 841 875 881 899 901 909 928 947 951 1023 1039 1047 1057 1088 1118 1128 1152 1157 1190 1221 1238 1245 1252 1253 1291 1357 1380 1385 1386 1388 1419 1447 1452 1501 1589 1601 1604 1631 1648 1649 1697 1750 1770 1776 1808 1810 1832 1870 1873 1917 1951 1964 1978 1984 1991 2019 2031 2043
667,CC1=NC(=O)C(Sc2nc(C(=O)N3CCCC(O)C3)cs2)=C1,12 13 34 84 91 116 142 199 208 245 260 279 314 369 370 378 389 398 440 446 451 461 472 482 495 520 552 590 598 601 641 650 675 716 739 776 787 799 807 846 855 907 926 927 935 999 1019 1028 1057 1073 1112 1134 1165 1167 1186 1222 1257 1259 1301 1313 1318 1325 1380 1450 1480 1492 1504 1512 1516 1541 1544 1547 1567 1630 1648 1666 1709 1722 1732 1763 1768 1840 1841 1855 1873 1892 1917 1921 2009 2021
668,Cc1ccc(NC(=O)c2ccc(S(=O)(=O)OS(=O)(=O)O)cc2)c2cccnc12,50 77 100 186 210 248 289 319 320 350 373 374 378 448 486 507 592 650 667 695 715 723 731 807 947 974 1013 1015 1019 1030 1041 1043 1057 1069 1088 1118 1123 1144 1152 1166 1173 1182 1206 1224 1230 1265 1357 1380 1385 1387 1391 1413 1452 1463 1476 1507 1532 1573 1588 1665 1691 1697 1722 1724 1750 1783 1795 1812 1816 1837 1856 1862 1865 1866 1873 1887 1917 1925 1939 1950 1953 2005 2016
669,CCOC(=O)N1Cc2ccc1c(CCN(C(=O)c1ccc3c4ccc(cc1-3)s4)C(C)C)c2,1 8 48 67 80 87 147 162 178 194 216 224 251 273 283 294 307 324 340 352 413 428 432 522 524 546 581 604 650 661 675 680 695 721 746 807 828 873 875 881 885 926 935 946 1003 1065 1069 1073 1139 1143 1181 1202 1220 1221 1238 1243 1249 1295 1321 1327 1343 1347 1349 1380 1387 1391 1437 1439 1476 1511 1521 1529 1530 1545 1583 1598 1616 1633 1658 1681 1687 1710 1711 1722 1731 1750 1766 1806 1835 1839 1861 1864 1869 1873 1888 1915 1916 1917 1937 1946 1951 1979 1991 2027 2031 2038
670,COc1ccccc1N(C(C)=O)S(=O)(=O)c1ccccc1,3 23 144 159 181 201 218 240 249 319 343 350 389 394 430 458 464 488 503 549 575 650 695 771 776 807 815 818 841 881 979 981 997 1017 1038 1057 1072 1088 1119 1199 1362 1380 1401 1406 1410 1467 1469 1476 1496 1510 1517 1531 1536 1540 1566 1588 1604 1620 1636 1732 1750 1772 1786 1798 1805 1873 1876 1884 1917 1921 1946 1970 2018
671,O=C1c2ccccc2-c2c1cc(O)c(O)c2-c1cccc(Br)c1,1 10 100 152 170 202 220 249 314 342 346 352 358 484 485 572 579 606 615 650 692 695 707 728 736 766 767 787 807 840 851 868 875 893 909 936 953 984 1039 1085 1088 1105 1160 1174 1199 1233 1250 1276 1290 1358 1380 1476 1530 1590 1602 1607 1609 1631 1710 1747 1750 1840 1849 1873 1925 1947 1966 2005 2021
672,COc1cc(S(=O)(=O)N(CCS)c2ccccc2)ccc1N1C=NCC1,66 80 188 229 238 249 288 313 319 343 344 350 378 389 462 478 494 509 552 630 650 652 695 708 715 785 792 810 815 841 874 875 881 922 926 935 938 958 963 1034 1056 1057 1069 1080 1087 1088 1096 1142 1155 1172 1199 1212 1302 1333 1344 1372 1380 1425 1432 1459 1470 1476 1480 1481 1496 1536 1541 1581 1582 1652 1684 1713 1750 1795 1819 1843 1873 1915 1939 1945 1951 1956 1970 1984
673,COc1ccc(CN(C(=O)N(CCCCN2CCCC2)c2ccc(F)cc2)c2ccccc2)cc1,39 49 80 90 180 202 263 288 296 303 310 322 342 352 354 385 389 507 520 524 626 650 651 653 664 667 673 691 695 699 718 741 781 783 807 831 835 841 853 870 881 891 893 899 926 935 960 1023 1028 1057 1088 1092 1096 1099 1128 1145 1147 1153 1199 1217 1231 1244 1259 1308 1359 1375 1380 1410 1422 1448 1480 1482 1536 1559 1636 1648 1669 1670 1673 1702 1713 1719 1750 1754 1791 1837 1873 1911 1917 1918 1928 1951 1957 1998
674,C=CC=c1nc2n(C(=O)N3CCN(C(=O)CCCc4cccc(Cl)c4Cl)C3=O)c1=NC=N2,9 30 31 59 63 64 73 77 80 92 100 117 136 137 165 168 198 211 227 285 314 357 362 366 378 384 398 402 469 502 508 514 521 526 538 552 561 598 602 650 681 694 729 738 784 807 817 883 890 919 935 974 995 996 999 1009 1011 1039 1058 1066 1086 1088 1095 1112 1133 1168 1243 1267 1269 1273 1282 1289 1349 1366 1380 1387 1393 1413 1440 1476 1478 1480 1506 1520 1527 1543 1547 1557 1564 1597 1608 1635 1645 1681 1683 1727 1736 1741 1795 1820 1855 1873 1889 1900 1911 1917 1935 1965 2038
675,CCN1CCN(C(=O)c2cccc3c(F)cc4ccccc4c23)CC1,17 34 53 74 77 80 90 107 129 133 215 254 271 294 355 362 367 381 404 458 502 507 536 574 650 669 677 699 772 782 807 836 839 845 865 875 926 935 942 985 1019 1057 1087 1088 1140 1153 1165 1199 1281 1333 1334 1357 1380 1405 1447 1456 1469 1474 1480 1504 1571 1573 1588 1589 1659 1683 1724 1750 1780 1791 1814 1840 1855 1873 1917 1928 1933 1983 1984 1991 2009
676,COc1cc(Cl)ccc1N(C)c1nc(C(=O)N2CCCCC2)nn1-c1cc(Cl)ccc1F,2 10 11 24 46 56 87 164 165 216 249 253 257 261 321 344 369 378 525 541 561 604 636 650 695 699 707 723 729 816 839 841 875 881 926 935 942 1057 1092 1150 1163 1165 1224 1295 1327 1380 1395 1414 1420 1480 1504 1520 1536 1561 1581 1588 1673 1675 1683 1702 1708 1719 1720 1750 1763 1786 1833 1837 1840 1855 1873 1883 1899 1917 1928 1939 1949 1956 1970 1998 2009 2018 2024 2033 2035
677,CN(C(=O)CCCCC(=O)N1CCN(C(=O)c2ccccc2)CC1)c1nc(=O)ncs1,50 53 54 76 80 115 141 212 314 361 378 389 393 424 470 487 497 534 537 610 619 650 675 676 735 760 806 807 855 881 926 935 942 964 996 1009 1014 1041 1057 1088 1119 1133 1138 1163 1187 1199 1200 1206 1238 1260 1267 1285 1380 1385 1396 1411 1452 1480 1504 1511 1534 1564 1567 1581 1589 1638 1639 1653 1718 1719 1745 1750 1790 1843 1844 1855 1870 1873 1908 1911 1916 1917 1921 1926 1958 1985 2009
678,CC1(C)CCN(CCCN2CC3=C(N=C(c4ccccc4)N4CCN=C34)C2=O)C1=O,36 64 80 86 95 99 113 115 144 216 217 253 255 278 289 293 313 314 349 378 388 389 410 494 518 650 714 731 736 742 804 808 879 881 903 926 927 935 942 951 953 993 995 1057 1058 1060 1088 1089 1105 1119 1145 1160 1162 1180 1195 1199 1214 1221 1269 1274 1312 1331 1341 1357 1380 1412 1457 1477 1480 1496 1525 1527 1546 1551 1556 1601 1641 1666 1691 1702 1703 1750 1822 1830 1873 1886 1911 1912 1946 1973 1974 1993 2007 2012 2021 2045
679,O=C(c1ccccc1)N(Cc1ccccc1)C1CCCCC1,2 9 37 41 80 264 266 323 354 375 389 404 461 471 487 507 561 564 571 585 587 629 650 705 721 727 744 807 809 864 881 884 890 926 962 991 1019 1028 1063 1066 1083 1088 1104 1147 1169 1195 1199 1221 1271 1301 1325 1345 1350 1380 1385 1426 1439 1480 1486 1488 1602 1606 1686 1727 1750 1754 1793 1795 1842 1873 1917 1922 1933 1935 1975 1985 2007 2021 2029 2036
680,CC(C)(C)CC(N1CCc2c1c1ccccc1oc2=O)C(C)(C)C,1 80 83 114 146 149 163 263 305 314 361 362 368 371 392 410 412 475 507 529 543 557 579 631 648 650 656 679 756 795 825 892 926 935 942 990 997 1004 1057 1058 1088 1128 1156 1199 1222 1252 1260 1289 1290 1318 1330 1357 1380 1439 1468 1472 1480 1484 1529 1573 1604 1616 1738 1750 1773 1783 1787 1808 1813 1822 1862 1873 1896 1902 1929 2026 2039
681,COc1ccc(-c2nc(N(C)C)n(CCN3CCCCC3)n2)cc1,0 2 77 80 88 112 158 168 274 310 322 356 378 384 435 439 446 455 476 515 572 664 666 667 695 718 740 781 825 831 841 845 881 896 926 935 978 1028 1050 1057 1060 1126 1128 1145 1153 1160 1163 1224 1242 1300 1355 1380 1385 1402 1422 1441 1480 1482 1527 1536 1646 1700 1741 1750 1790 1791 1796 1818 1850 1873 1886 1887 1917 1925 1929 1930 1949 1956 1998 2007 2017 2031
682,CN(C(=O)N1CCNC(=O)NC1=O)C(=O)n1ccsc1=Nc1ccc(C(=O)N2CCN(c3ccccc3)CC2)cc1,14 18 37 58 65 78 95 99 155 202 205 210 258 283 299 305 314 322 366 388 389 394 407 424 443 445 497 510 540 557 649 650 666 675 687 688 697 725 807 870 871 881 887 917 926 931 935 942 964 968 1004 1049 1057 1060 1088 1101 1114 1163 1178 1184 1193 1199 1242 1294 1332 1347 1349 1369 1380 1385 1387 1394 1401 1405 1418 1420 1480 1504 1508 1511 1567 1589 1599 1646 1649 1697 1720 1726 1743 1747 1750 1767 1804 1807 1825 1850 1854 1866 1873 1917 1918 1923 1974 2005 2008 2009 2015 2030
683,COc1ccc(F)cc1NC(=O)NC(C)c1ccc(C(C)(C)C)cc1,1 33 56 66 74 85 94 114 117 125 152 153 159 233 243 261 283 306 311 330 332 334 365 368 392 499 518 530 546 565 573 596 650 695 699 807 841 875 1052 1057 1058 1078 1104 1143 1152 1183 1224 1238 1240 1325 1335 1339 1350 1365 1380 1410 1417 1445 1448 1468 1487 1536 1556 1627 1665 1670 1695 1746 1750 1787 1800 1816 1853 1873 1889 1894 1917 1928 1929 1970 1989 2030
684,O=c1[nH]ccn1CCCc1ccc(Br)nc1,15 79 80 162 199 202 214 221 259 265 273 310 314 378 394 399 404 430 440 458 469 551 569 619 630 632 650 702 719 723 728 758 806 820 875 885 935 938 978 997 1015 1052 1077 1101 1111 1114 1145 1166 1243 1261 1270 1355 1374 1380 1452 1455 1487 1506 1535 1631 1681 1740 1744 1750 1754 1817 1827 1844 1873 1886 1888 1890 1911 1947 1967 1973 2008
685,O=c1c2ccc(cc2)c2ccccc2oc2ccc([N+](=O)[O-])n2c2nc1cs2,2 61 93 141 155 203 272 291 314 368 378 408 439 461 513 525 531 548 552 571 601 609 624 627 630 650 656 663 675 689 715 745 753 823 827 838 896 935 1052 1057 1072 1081 1088 1097 1104 1109 1126 1128 1141 1195 1196 1199 1247 1274 1335 1352 1357 1369 1377 1380 1488 1519 1567 1573 1590 1604 1685 1702 1750 1808 1815 1820 1828 1840 1855 1873 1874 1901 1914 1917 1936 1937 1940 1953 1963 1967 1973 2002
686,COc1ccc(C(=O)C2=C(OCCCC3(C)CCCCC3)C=C2C(C)=O)cc1,2 9 13 77 80 84 98 102 223 322 348 388 392 414 478 546 551 563 599 609 645 650 695 718 740 749 756 781 795 807 831 841 842 852 882 906 910 926 1017 1028 1036 1057 1060 1100 1162 1265 1269 1274 1283 1323 1337 1375 1380 1385 1409 1411 1415 1452 1462 1500 1508 1516 1536 1638 1663 1685 1697 1737 1744 1750 1755 1775 1820 1870 1873 1879 1911 1917 1941 1993 2029
687,COC1=C(n2nc3nc2S3)C(N2CCCCC2)=C(S(=O)(=O)N2CCC3(CCCOC3)C2)C1=O,2 8 120 134 135 147 148 173 246 265 314 323 350 351 378 407 415 469 485 490 523 529 555 585 602 614 637 646 648 650 656 672 675 680 687 695 767 800 833 838 841 849 900 926 935 950 979 982 1012 1028 1037 1057 1060 1065 1093 1121 1162 1224 1236 1283 1298 1318 1364 1380 1436 1439 1457 1468 1476 1480 1495 1514 1536 1540 1555 1564 1577 1600 1635 1745 1746 1844 1852 1855 1881 1921 1952 1956 1961 1998 1999 2037 2044 2046
688,CC(=Cc1ccc(C)c(S(=O)(=O)c2ccc(F)cc2)c1)C(=O)N1CCCCC1=O,12 25 27 31 83 90 175 184 278 300 310 312 314 319 335 350 381 392 459 494 506 605 650 694 699 715 728 773 798 807 829 867 875 880 895 900 926 932 935 985 1017 1028 1033 1057 1097 1110 1132 1182 1189 1215 1331 1351 1380 1387 1391 1410 1476 1480 1490 1523 1571 1586 1629 1659 1691 1699 1712 1722 1738 1746 1750 1762 1815 1822 1873 1881 1906 1917 1918 1928 1954 1983 1989 1998 2025 2033 2043
689,COc1ccc(Cl)c(-n2cnc3ccc(Cc4ccc(CN5CCCCC5)cc4)nc32)c1,2 52 80 83 135 192 216 218 243 283 310 321 322 360 366 378 409 498 516 521 555 561 564 652 666 667 695 704 718 724 749 781 782 784 793 811 841 875 910 925 926 932 935 941 959 961 1000 1028 1057 1063 1093 1097 1101 1110 1133 1295 1336 1361 1380 1422 1430 1447 1452 1456 1462 1468 1480 1499 1504 1527 1536 1557 1576 1602 1615 1674 1683 1694 1696 1700 1739 1750 1754 1765 1767 1769 1771 1791 1808 1830 1855 1873 1912 1916 1918 1972 1998 2009
690,CC(=O)N(C(=O)c1ccc(F)cc1C#N)C1CCN(C)C1=O,5 13 67 146 156 159 168 221 251 266 314 325 326 328 360 361 400 423 485 497 534 543 558 643 650 673 674 699 708 740 779 790 807 839 843 875 881 885 910 926 935 952 1017 1019 1034 1057 1059 1063 1071 1140 1145 1213 1221 1265 1271 1325 1336 1380 1384 1385 1399 1410 1427 1452 1457 1463 1471 1480 1487 1670 1672 1677 1680 1693 1743 1750 1759 1778 1862 1873 1880 1893 1912 1917 1928 1991 2022 2026 2036
691,CCCCCc1ccc2c(Cl)c3cc(c2c1)N=C3C1=CCCN(CCCc2ccccc2)C1=O,36 38 51 80 104 106 139 263 294 310 314 338 352 357 362 377 378 389 403 440 464 489 561 591 612 635 650 663 713 724 746 794 795 806 819 844 849 875 879 893 926 927 935 951 969 972 978 1011 1012 1026 1029 1045 1057 1066 1088 1089 1133 1145 1147 1167 1176 1184 1199 1206 1229 1243 1252 1289 1357 1380 1442 1444 1479 1480 1499 1501 1506 1539 1571 1589 1598 1614 1632 1648 1661 1683 1706 1733 1750 1754 1761 1781 1791 1852 1867 1873 1911 1923 1998 2010 2019 2035 2037 2041
692,COC(=O)c1cc(OC)ccc1C(=O)N1C(=O)c2c3cccc2C1=C=C3,2 10 57 67 81 145 178 206 218 314 322 329 344 352 356 368 461 576 590 629 650 657 672 686 695 704 706 718 745 781 793 801 807 841 875 879 895 906 925 935 936 984 1025 1039 1051 1057 1088 1152 1193 1289 1313 1336 1344 1360 1380 1398 1399 1432 1448 1468 1504 1536 1537 1544 1554 1575 1584 1667 1718 1747 1750 1785 1821 1828 1849 1873 1917 1920 1934 1972 1991 2006 2017 2040
693,O=C(CCCCCS(=O)(=O)O)OCOS(=O)(=O)c1ccc(CC(=O)Oc2ccc(S(=O)(=O)O)cc2)cc1S(=O)(=O)O,22 36 58 80 86 87 91 147 153 186 190 230 310 315 319 322 325 350 358 365 367 386 392 462 488 496 499 517 540 558 592 626 640 650 667 677 695 715 718 730 769 786 795 807 813 836 875 901 923 929 1007 1013 1024 1029 1082 1097 1142 1143 1195 1242 1267 1276 1297 1379 1380 1386 1399 1405 1430 1446 1468 1476 1480 1525 1564 1653 1669 1672 1723 1729 1733 1750 1754 1814 1822 1843 1865 1873 1911 1917 1956
694,COC(=O)c1ccccc1C(=O)N1CCC(N2CCCCC2)CC1,2 33 145 218 316 318 332 353 362 392 405 440 442 483 558 600 608 639 650 652 663 695 807 821 823 841 846 847 906 926 930 935 942 962 1013 1019 1028 1057 1063 1088 1152 1168 1198 1199 1226 1302 1324 1325 1362 1380 1442 1447 1480 1504 1508 1524 1595 1675 1750 1785 1835 1854 1873 1902 1910 1917 1991 1998 2002 2009
695,CN1CCN(C(=O)NC(=O)Nc2ccc(OCc3ccccc3N=c3ccc4cn3-4)cc2)CC1,14 18 75 80 102 121 123 131 191 198 207 233 247 322 431 464 503 564 593 596 650 654 662 679 692 695 718 725 745 783 790 804 807 825 843 869 876 900 910 926 935 974 979 985 1023 1035 1054 1057 1061 1064 1088 1119 1127 1130 1144 1145 1199 1236 1284 1333 1349 1372 1378 1380 1395 1402 1452 1456 1468 1480 1505 1509 1519 1581 1589 1597 1605 1683 1750 1792 1816 1825 1848 1865 1873 1917 1967 1982 1989 1990 2009 2029
696,CCC(CC)N(C(=O)c1cccc2cc(Cl)ccc12)c1nc(-c2cccc(OC)c2)cs1,1 10 39 80 121 165 181 216 224 276 294 322 347 378 440 451 470 552 561 562 568 650 672 675 695 721 736 742 744 758 773 781 792 801 806 807 836 841 861 875 881 924 964 973 980 987 999 1039 1057 1085 1087 1088 1100 1129 1134 1153 1160 1170 1201 1205 1210 1221 1240 1264 1266 1273 1299 1357 1380 1417 1447 1483 1500 1505 1535 1536 1544 1567 1575 1632 1683 1707 1729 1733 1750 1777 1799 1813 1855 1873 1917 1972 1985 1991 2042
697,CC[S+](Cc1ccc(OC2=CC=C3NC2=CC=C3C(=O)[O-])cc1)C(=O)N1CCN(c2cccc(OC)c2)CC1,3 77 80 146 150 193 197 206 259 261 272 282 284 293 294 304 310 317 322 332 361 362 389 407 414 431 460 496 546 562 650 687 695 715 718 725 730 732 739 751 781 791 807 808 832 840 841 856 875 877 926 932 935 945 1038 1039 1049 1057 1060 1064 1088 1114 1200 1226 1249 1263 1277 1286 1287 1311 1325 1343 1355 1375 1380 1429 1480 1492 1508 1536 1567 1568 1589 1617 1682 1711 1742 1750 1753 1754 1825 1833 1873 1899 1917 1921 1923 1964 1972 1976 1992 1993 2009
698,CCOC(=CC=Cc1nn[nH]n1)C=C1C=CC=C1C(=O)N=C1C(F)=CC=C1c1cccc([N+](=O)[O-])c1C,30 36 75 78 80 103 119 142 147 149 164 252 263 294 311 345 352 354 378 414 420 432 436 468 488 503 535 547 549 574 581 612 650 689 694 695 696 699 715 716 725 749 753 774 807 815 835 838 862 895 897 914 984 999 1027 1039 1054 1057 1074 1076 1088 1104 1106 1114 1122 1138 1156 1164 1167 1181 1195 1207 1211 1238 1242 1249 1281 1313 1319 1361 1377 1380 1388 1402 1403 1460 1465 1472 1477 1588 1618 1700 1722 1750 1771 1828 1841 1873 1892 1917 1928 1946 1963 1964 1971 2004 2034
699,COC1=CC=CC1=CC=C1C(N(C)CCC2CCOC2)=NN=C(C)N1C,9 27 29 31 36 46 47 50 70 80 129 152 188 192 248 252 270 332 345 351 378 401 408 422 470 517 523 530 535 539 547 591 656 659 694 695 716 725 733 741 830 832 841 843 862 881 885 888 890 926 935 937 950 964 987 1019 1041 1052 1057 1096 1101 1138 1145 1151 1153 1163 1205 1211 1228 1238 1249 1325 1328 1377 1380 1409 1413 1449 1536 1619 1697 1718 1722 1744 1789 1812 1838 1848 1858 1873 1923 1951
700,[O-][N+]1([O-])SC2=[N+](N=C2c2ccccc2)c2ccccc21,6 25 46 63 66 164 229 378 389 399 434 438 448 463 465 470 504 512 552 589 673 675 695 715 724 736 803 819 856 962 965 997 1007 1020 1088 1098 1129 1153 1160 1180 1197 1199 1263 1306 1339 1348 1359 1380 1382 1404 1416 1421 1525 1544 1555 1571 1591 1599 1612 1654 1686 1703 1708 1711 1723 1750 1768 1780 1798 1828 1831 1836 1870 1873 1989 2001 2015 2021 2045 2046
701,CCCCCCCOC(=O)COC(=O)COC(C)=O,13 29 65 69 80 135 146 147 264 292 294 314 457 476 493 589 591 631 650 676 695 771 778 779 794 807 846 849 936 1017 1028 1033 1034 1035 1057 1095 1103 1143 1167 1183 1220 1249 1386 1444 1588 1605 1668 1734 1741 1854 1904 1911 1917 1934 1948 1977 1987 1996 2004 2021 2046
702,CCCCCc1cccc(C(=O)N2CCSC2=NC=CC#N)c1,24 57 80 104 123 143 157 191 212 223 264 275 294 340 343 365 381 401 410 434 437 447 469 491 591 603 618 630 650 653 658 675 694 700 725 755 765 786 789 790 794 797 807 830 862 875 880 888 926 935 957 963 978 1025 1039 1057 1066 1073 1088 1124 1136 1184 1197 1243 1253 1256 1274 1356 1365 1367 1380 1384 1385 1387 1390 1444 1465 1480 1504 1510 1539 1554 1590 1612 1636 1664 1690 1750 1754 1765 1777 1787 1809 1873 1880 1911 1917 1939 1942 1954 1962 1968 1985 2009 2028 2039
703,O=C(c1cnc[nH]1)N1CCCC2CCN3CCN(CC1)C(=O)C23,5 20 143 144 167 181 191 276 314 369 378 399 407 446 480 481 501 572 585 593 610 650 692 702 706 713 749 786 806 807 820 831 857 872 881 890 899 904 926 935 942 973 986 1001 1019 1028 1041 1098 1114 1131 1143 1178 1179 1197 1212 1232 1233 1267 1325 1358 1380 1480 1504 1506 1508 1535 1559 1589 1603 1624 1646 1659 1727 1736 1741 1776 1854 1861 1873 1917 1942 1980 2002 2009 2029 2034 2036
704,COc1cccc(C2=C(C(=O)O)CCN(C(=O)c3ccccc3)S2(=O)=O)c1,2 50 59 140 172 184 189 195 207 239 320 322 389 417 443 456 461 469 545 560 562 622 650 658 695 735 736 746 781 803 807 841 857 870 875 926 935 936 986 990 1039 1057 1088 1096 1160 1198 1199 1231 1284 1360 1364 1368 1380 1385 1404 1407 1480 1497 1504 1511 1536 1544 1568 1647 1738 1750 1757 1764 1777 1870 1873 1917 1919 1925 1972 1985
705,CC(C)n1c(N(C)C#N)nc(C(F)(F)c2cccnc2)c1C(=O)Nc1ccccc1,1 30 52 101 114 133 140 157 166 191 248 283 285 311 344 356 378 380 381 382 389 407 437 486 492 498 528 580 581 606 630 650 674 703 720 745 790 807 861 862 875 881 935 952 987 993 1001 1012 1034 1043 1057 1077 1088 1110 1152 1153 1163 1199 1218 1224 1278 1281 1321 1338 1351 1380 1384 1417 1453 1493 1503 1535 1545 1586 1587 1597 1602 1603 1686 1700 1709 1750 1760 1785 1788 1793 1806 1816 1834 1839 1855 1866 1873 1917 1928 1930 1972 1978 2017
706,Cc1ccc(N(C(=O)C2=NC3=CC(=O)C2=NC3=O)c2cccc(Br)c2)cc1Cl,7 64 84 219 228 240 267 279 288 310 314 358 365 366 378 405 410 411 413 423 434 455 465 485 510 531 549 561 614 628 650 660 697 724 728 747 766 799 807 838 875 881 892 909 927 960 965 967 1012 1015 1020 1039 1057 1088 1092 1096 1221 1281 1317 1349 1380 1391 1480 1484 1495 1506 1517 1523 1534 1536 1553 1555 1571 1628 1631 1683 1691 1693 1722 1750 1751 1760 1783 1811 1873 1914 1917 1968 2019
707,COc1ccc(C=CN=CS(=O)(=O)NC(=O)c2ccccc2)cc1,25 92 98 144 227 243 251 257 274 277 281 293 307 322 350 355 370 389 404 431 441 453 486 566 604 650 670 694 695 718 775 781 817 831 835 841 863 873 877 878 904 910 935 984 994 1004 1057 1062 1064 1088 1106 1152 1199 1238 1267 1361 1380 1383 1385 1476 1481 1502 1536 1549 1571 1630 1633 1656 1665 1743 1746 1750 1815 1856 1866 1873 1877 1903 1917 1985 2009 2013 2014 2025 2033
708,CN1c2c(N3CCN(C(=O)Nc4ccccc4Cl)CC3)c3cc4ccccc4nc3n2C2OC1C(O)C2O,84 106 130 146 218 234 254 272 277 289 306 314 366 368 378 405 407 454 485 514 528 561 566 587 650 656 724 754 805 807 849 875 878 892 901 926 935 974 1013 1019 1057 1088 1096 1145 1152 1170 1176 1184 1199 1224 1247 1256 1257 1268 1298 1316 1357 1374 1380 1381 1391 1411 1468 1480 1487 1508 1517 1547 1589 1638 1655 1683 1696 1712 1723 1725 1750 1816 1827 1829 1855 1873 1887 1888 1914 1917 1921 1951 2009 2024
709,C1CCN(c2nc(C3=NN3C3CCCC3)n[nH]2)CC1,2 74 95 113 131 132 167 257 275 286 294 331 378 387 388 397 407 418 436 480 599 611 680 714 723 741 802 823 890 895 926 935 997 1001 1002 1019 1028 1088 1102 1112 1114 1138 1153 1154 1244 1325 1356 1371 1380 1385 1416 1420 1468 1480 1483 1639 1709 1847 1855 1879 1910 1938 1948 1953 1956 1958 1964 1993 1998 2004
710,C=C(C=CC(=Cc1nc2ccc1c(=O)o2)OC(F)(F)F)c1ccccc1OC,11 18 31 45 66 72 89 105 114 131 230 231 233 235 249 269 272 314 334 378 398 405 417 418 490 554 555 558 650 652 656 678 694 695 711 727 761 765 791 807 820 831 841 880 881 963 990 996 1022 1057 1064 1088 1095 1162 1176 1181 1199 1205 1222 1234 1287 1288 1291 1297 1336 1357 1366 1372 1380 1409 1410 1447 1453 1455 1468 1484 1494 1536 1548 1586 1604 1662 1696 1733 1746 1750 1751 1784 1791 1827 1855 1870 1873 1902 1922 1928 1970 1977 1991 2007
711,CN(C)C(=O)Nc1cc2ccc1cc2,112 193 203 264 272 286 302 311 356 372 410 476 509 521 640 650 657 710 807 875 881 901 915 987 995 1000 1005 1055 1057 1063 1092 1107 1152 1163 1190 1191 1224 1243 1247 1304 1379 1380 1389 1429 1447 1489 1528 1578 1622 1633 1653 1675 1726 1733 1748 1750 1762 1806 1816 1845 1855 1873 1897 1916 1917 1944 1956
712,Cc1ccccc1N(c1ccc(C(F)(F)F)cc1)c1cc2nc(n1)N(C(=O)Nc1ccccc1)C2,114 149 170 191 192 208 218 279 294 310 322 344 356 369 378 383 389 412 414 424 433 449 491 503 555 582 650 684 696 703 740 807 809 833 865 868 875 881 914 926 935 960 1004 1019 1033 1037 1057 1060 1077 1088 1096 1103 1151 1152 1180 1199 1216 1256 1260 1274 1280 1295 1296 1354 1362 1380 1387 1391 1399 1417 1453 1471 1603 1639 1665 1671 1676 1686 1721 1722 1750 1762 1766 1816 1829 1855 1860 1862 1873 1877 1885 1889 1901 1917 1918 1928 1946 1999 2002 2007 2018 2033
713,O=C(c1ccc(C(F)(F)F)c(F)c1)N1CCc2ccc(F)c3c(cccc23)C1,40 70 107 114 117 138 169 216 262 371 387 401 419 424 497 507 512 526 603 618 623 633 645 650 699 747 765 775 806 807 809 868 875 876 926 931 935 1023 1024 1039 1088 1189 1197 1236 1346 1357 1380 1385 1445 1448 1453 1480 1504 1535 1573 1637 1659 1691 1697 1705 1708 1716 1738 1750 1754 1800 1838 1839 1840 1873 1888 1909 1928 1937 1946 1951 1969 1976 1980 1984 2002 2009
714,CCCOCC1CN(c2nc3c(-c4cc(F)c(Cl)c(F)c4)[nH]cc3s2)CC(=O)N1,13 53 68 80 99 127 146 155 162 249 261 277 287 288 294 301 314 351 373 378 389 395 398 400 407 435 499 511 528 561 597 600 602 618 675 695 696 699 729 739 741 744 791 794 806 860 870 875 885 926 935 956 966 984 1011 1017 1019 1028 1057 1064 1079 1091 1114 1136 1160 1170 1178 1212 1216 1241 1327 1375 1380 1397 1398 1438 1517 1549 1553 1557 1562 1575 1601 1627 1638 1649 1683 1721 1724 1733 1768 1840 1855 1866 1869 1873 1874 1879 1895 1928 1945 1946 1992
715,COc1cccc(OC)c1S(=O)(=O)NC(=O)Nc1cccc2ccccc12,16 88 135 249 307 338 429 461 483 502 540 573 595 629 650 695 723 761 807 841 843 857 948 990 995 1021 1039 1057 1087 1088 1104 1112 1123 1133 1152 1163 1199 1205 1224 1228 1234 1280 1357 1374 1380 1387 1410 1422 1476 1490 1536 1538 1573 1591 1606 1671 1696 1732 1750 1784 1816 1855 1857 1864 1873 1914 1917 1970 1976 1989 2012
716,CCC(C)N(C)C(=O)Nc1c2c3ccc1cc3N2,1 80 137 174 193 203 250 269 283 286 294 297 307 381 442 464 465 495 499 512 629 650 707 716 721 735 802 807 812 847 873 875 881 1044 1057 1060 1111 1114 1117 1129 1152 1163 1164 1172 1242 1265 1318 1357 1380 1461 1479 1513 1518 1530 1544 1663 1733 1738 1750 1812 1816 1855 1873 1874 1888 1917 1973 1980 1982 1998 2026 2044
717,CCN1CCN2C(=O)C(=CCC(F)(F)c3ccccc3)N=C12,4 34 35 69 80 114 130 139 190 252 271 294 295 308 314 332 360 378 386 389 413 418 420 432 462 519 538 557 560 561 603 624 648 650 694 707 744 770 775 782 792 811 821 846 861 879 881 926 927 934 935 962 995 1057 1088 1089 1097 1150 1199 1202 1284 1380 1395 1409 1417 1447 1453 1454 1457 1480 1558 1613 1619 1656 1709 1739 1750 1774 1801 1833 1873 1882 1928 1990 2002 2011 2017 2041 2047
718,CC(=O)Nc1cc([N+](=O)[O-])ccc1CCC(=O)N1CCNC1=O,72 80 123 145 151 210 245 305 314 456 569 597 600 623 650 694 707 715 729 753 786 796 807 838 843 849 864 870 875 926 935 954 1009 1010 1017 1057 1083 1114 1122 1150 1152 1179 1180 1195 1220 1224 1240 1243 1274 1302 1307 1341 1349 1357 1380 1387 1419 1467 1480 1542 1564 1577 1590 1610 1618 1637 1741 1746 1750 1756 1781 1809 1814 1816 1840 1860 1866 1873 1917 1940 1963 2003 2028 2030
719,CCCC1=Cc2c(nc(SC)nc2-c2ccccc2)C1=O,58 80 84 116 124 175 190 286 294 314 323 357 378 389 394 406 425 465 471 509 532 537 556 590 619 650 693 702 705 736 767 794 797 868 886 911 989 1057 1086 1088 1122 1141 1160 1170 1199 1205 1235 1243 1256 1274 1276 1292 1329 1331 1366 1380 1445 1466 1476 1533 1584 1619 1626 1655 1723 1726 1740 1750 1757 1761 1820 1823 1846 1855 1873 1876 1885 1928 2025
720,O=C(NNc1nccs1)N1CCCN(C(=O)Nc2ccccc2)C1=O,13 14 26 92 116 191 218 233 246 256 260 307 314 322 378 385 389 393 452 456 472 491 501 502 521 526 546 554 562 585 650 675 693 703 745 762 807 877 923 926 928 935 956 1028 1066 1068 1077 1083 1088 1093 1152 1171 1173 1188 1199 1215 1300 1303 1380 1387 1399 1423 1452 1454 1458 1476 1480 1483 1509 1538 1544 1549 1567 1615 1700 1714 1733 1750 1816 1866 1873 1917 1929 1959
721,COc1cc(Cl)c2c(C(C)(C)C)c1C(=O)C=C2C(=O)N1CCCCC1,2 84 85 114 164 172 173 223 238 249 277 308 314 366 369 383 389 392 414 416 523 530 533 561 608 650 695 747 799 807 838 841 867 875 878 926 935 942 960 977 997 1028 1051 1057 1201 1339 1370 1380 1399 1447 1462 1478 1480 1491 1504 1515 1530 1533 1536 1669 1683 1729 1734 1747 1756 1863 1873 1878 1917 1944 1970 1998 2009 2010
722,Fc1ccc(-c2cccnnc(-c3ccc(F)cc3)ccc2)cc1,23 90 141 150 167 194 248 281 303 353 378 389 527 563 580 594 600 699 718 719 736 866 896 926 950 980 1001 1031 1033 1039 1043 1088 1096 1113 1160 1164 1227 1230 1249 1367 1380 1410 1436 1439 1471 1607 1670 1750 1767 1770 1786 1851 1866 1869 1873 1904 1925 1928 1942 1954 1964 1971 2026
723,CCN1C(=O)N(Cc2cccc(C)c2)C1=NC(=O)N1CCCCC1,2 20 30 34 41 42 58 61 80 82 89 92 126 204 294 314 339 369 387 391 405 475 543 586 588 650 660 671 686 700 709 712 725 744 782 795 807 829 831 835 848 875 897 926 935 936 957 1000 1013 1028 1036 1037 1038 1039 1055 1066 1088 1152 1224 1258 1293 1303 1311 1324 1329 1352 1380 1417 1443 1450 1480 1494 1574 1581 1625 1659 1692 1722 1733 1750 1754 1761 1765 1789 1823 1825 1856 1873 1883 1910 1917 1943 1985 1998 2009 2010 2013
724,Cc1cccc(C(=O)NNC(=O)c2ccc(-n3cccc3)c(-c3cccs3)c2)c1,14 39 49 52 62 111 135 219 226 241 279 304 344 383 384 397 412 420 445 462 486 506 511 514 524 526 543 549 575 582 588 606 650 664 675 689 745 749 759 807 840 875 926 935 942 1013 1039 1055 1057 1088 1101 1137 1152 1187 1286 1295 1309 1342 1380 1385 1428 1475 1515 1567 1578 1607 1612 1638 1666 1697 1722 1744 1750 1785 1796 1811 1823 1846 1873 1915 1917 1984 1985 1996 2014 2020 2039
725,C=CC(F)=CC=CC=C(C=Cc1ccc(N(C)CCCCNC(=O)C2CNC(=O)N2)cc1)C(=O)OC,5 14 25 31 47 77 80 125 136 197 221 262 270 278 290 296 301 314 315 333 362 384 391 432 438 462 470 496 525 592 607 619 650 667 689 694 695 735 769 807 825 835 841 881 904 926 959 960 981 992 1019 1033 1048 1057 1084 1091 1096 1097 1101 1104 1113 1114 1152 1163 1180 1193 1229 1265 1280 1308 1319 1338 1343 1351 1366 1380 1399 1417 1515 1526 1543 1555 1560 1570 1574 1598 1609 1639 1645 1659 1660 1669 1671 1692 1736 1750 1755 1824 1843 1852 1866 1873 1876 1909 1911 1912 1917 1928 1929 1951 1963 1968 1974 2004 2011 2030 2033 2044
726,COC(=O)C(N)CCCCc1ccccc1,1 25 54 80 91 129 147 200 216 253 389 412 415 483 488 555 571 577 578 628 650 663 690 695 727 739 786 807 841 900 939 978 1000 1045 1048 1057 1066 1067 1088 1110 1118 1152 1171 1184 1199 1240 1243 1275 1283 1379 1380 1394 1478 1490 1537 1564 1587 1657 1750 1754 1767 1778 1814 1834 1849 1873 1911 1917 1956 1984
727,COc1cccc2c3ccc(c12)C(=CC(=CC(C)=O)NC(=O)COC(C)=O)C3=O,7 12 41 80 86 99 104 147 173 181 190 230 234 249 282 309 314 352 417 493 527 547 549 554 556 557 641 650 680 694 695 718 781 804 807 808 841 846 913 940 975 980 985 1013 1017 1035 1038 1039 1057 1076 1088 1107 1119 1120 1141 1152 1213 1214 1236 1289 1351 1357 1358 1380 1410 1441 1449 1485 1499 1505 1512 1521 1536 1552 1566 1573 1582 1606 1650 1725 1750 1863 1873 1898 1909 1917 1930 1970 1984 2004
728,CCOc1cccc(N2C(=O)Nc3ccc2cc3-n2nc3n(c2=O)CCCS3)c1,19 35 37 42 56 69 74 80 144 157 221 233 237 238 294 314 322 378 399 444 467 557 562 573 608 614 624 634 650 675 695 703 751 756 771 782 789 817 875 926 935 951 980 987 1028 1039 1049 1052 1057 1060 1088 1114 1132 1213 1216 1221 1233 1234 1238 1243 1283 1295 1329 1380 1386 1419 1430 1436 1437 1452 1480 1496 1501 1531 1532 1556 1662 1686 1726 1750 1825 1849 1852 1873 1956 1982 1986 1999 2000
729,COc1ccccc1Nc1ncc2nc(N)n(-c3cccc(C)c3)c(=O)n12,17 38 65 145 149 157 164 217 221 249 314 346 347 378 432 491 541 548 575 609 610 646 650 677 695 696 724 728 751 771 780 819 835 841 854 875 902 935 964 1000 1013 1015 1029 1039 1049 1055 1057 1088 1100 1148 1152 1171 1173 1181 1187 1192 1199 1220 1224 1257 1380 1410 1445 1452 1457 1510 1515 1535 1536 1696 1721 1722 1738 1750 1767 1788 1791 1823 1825 1855 1873 1876 1899 1970 1993 2003 2030
730,CCn1nc(Sc2ccc(Cl)c3cc(OC)ccc23)nc1C,26 29 34 60 71 80 116 122 139 158 226 266 272 294 303 308 322 366 378 414 443 468 474 492 543 552 553 561 588 599 653 666 691 695 718 728 781 800 807 812 835 841 875 917 935 1012 1025 1033 1057 1058 1079 1086 1123 1239 1279 1302 1357 1380 1394 1469 1536 1559 1589 1595 1638 1653 1683 1707 1716 1722 1733 1750 1755 1777 1855 1865 1873 1891 1948 1956 1970 1972 2040
731,COc1ccc(S(=O)(=O)Oc2c(S(=O)(=O)OP(=O)(O)OCCOP(=O)=O)nnn(C)c2=O)c(OC)c1,0 13 45 61 80 128 183 186 188 192 227 240 249 250 311 314 322 333 342 350 353 358 361 378 392 444 481 504 530 557 596 621 629 635 640 650 666 692 695 718 756 762 781 796 807 813 818 820 827 833 834 841 852 875 878 896 900 915 921 935 967 980 1057 1058 1063 1066 1082 1105 1143 1145 1146 1164 1216 1217 1227 1252 1267 1300 1340 1342 1362 1369 1380 1448 1476 1510 1536 1554 1559 1639 1653 1667 1681 1689 1704 1716 1750 1766 1771 1783 1837 1838 1850 1851 1863 1871 1873 1914 1955 1964 1970 1972 2034 2043
732,COc1ccccc1C1=C2N(CCN3CCN4Cc5cc(Cl)ccc5C=C3C=C4[N+](=O)[O-])CCN12,21 22 80 84 109 165 169 172 173 179 216 224 249 273 295 308 317 336 352 390 393 407 428 471 561 584 647 650 683 695 704 706 710 715 753 794 811 816 838 841 849 875 908 926 935 943 951 984 1006 1025 1057 1058 1080 1088 1089 1093 1124 1135 1136 1145 1173 1195 1196 1199 1229 1236 1246 1334 1370 1380 1392 1400 1410 1427 1448 1457 1479 1480 1508 1517 1535 1536 1548 1551 1571 1583 1644 1665 1676 1683 1704 1750 1825 1843 1873 1902 1929 1946 1954 1963 1970 2032 2039
733,O=C(Nc1ccncc1)c1c2ccnc-2csc1Oc1ccc(C(F)(F)F)cc1,4 12 114 142 152 176 191 193 246 271 279 317 322 342 352 368 378 383 387 393 426 486 510 520 552 559 585 586 611 612 650 675 695 718 787 794 807 809 813 821 835 908 913 916 917 919 927 941 946 976 980 1042 1077 1102 1136 1146 1152 1186 1208 1260 1264 1298 1309 1336 1367 1378 1380 1417 1452 1453 1480 1554 1567 1594 1600 1603 1604 1605 1617 1665 1696 1739 1750 1779 1816 1817 1833 1866 1873 1917 1928 1937 1956 1965 1978 1985
734,CCOC(N)OCCOCCOC,1 13 35 54 80 92 109 145 153 180 246 266 281 294 314 316 419 486 487 495 520 538 573 577 671 691 695 729 772 786 797 828 841 886 887 890 893 934 1005 1036 1057 1062 1066 1086 1102 1104 1158 1171 1180 1194 1238 1241 1293 1403 1408 1428 1429 1451 1543 1565 1623 1627 1649 1754 1778 1821 1835 1848 1852 1906 1915 1992 2032
735,CC(=O)NC(=O)NC=O,62 80 90 124 143 146 237 245 260 266 310 316 323 404 451 465 499 568 623 650 679 694 723 739 802 807 882 978 979 1004 1017 1025 1057 1119 1144 1152 1217 1267 1382 1448 1564 1615 1629 1661 1681 1685 1686 1743 1766 1785 1791 1857 1917 1943 1989 2005
736,CN1CCC(C(=O)Nc2ccc(C(F)(F)F)cc2)NC1=O,7 14 21 49 114 115 191 202 246 250 263 301 314 321 362 370 383 494 500 650 671 689 733 793 807 809 815 827 843 887 892 926 934 935 947 984 1019 1057 1063 1077 1114 1122 1145 1152 1260 1279 1325 1351 1380 1417 1453 1464 1480 1491 1633 1645 1648 1665 1693 1697 1739 1750 1816 1863 1873 1896 1917 1928 1951 1961 1967 1972 2009 2015 2033
737,O=C1OCC(C(O)c2cccc(Cl)c2)OC1=Cc1ccc(O)cc1,1 25 48 79 91 99 112 125 136 150 156 165 171 213 216 222 227 229 233 254 265 281 314 326 344 394 441 450 531 548 561 584 592 617 650 656 694 745 750 807 812 827 875 926 947 1019 1039 1088 1101 1174 1250 1252 1293 1300 1313 1365 1380 1398 1402 1404 1444 1446 1456 1487 1503 1569 1581 1589 1602 1636 1668 1683 1750 1752 1760 1773 1778 1787 1795 1818 1830 1844 1873 1923 2008 2018 2033
738,OC1C2COC(C(CN=CN=Nc3ccccc3OC(F)(F)F)O2)C1O,18 41 55 58 77 80 90 105 114 129 142 165 184 221 247 254 257 335 345 357 367 406 417 441 458 475 516 548 610 632 656 694 695 719 725 783 802 807 816 872 894 931 958 1007 1017 1019 1073 1088 1102 1149 1194 1199 1257 1259 1378 1380 1409 1410 1453 1467 1471 1481 1487 1489 1512 1585 1605 1609 1652 1682 1699 1722 1750 1788 1819 1830 1836 1873 1881 1913 1914 1921 1923 1928 1963 1970 1972 2032 2040
739,COC(=O)C(N)C(NC(=O)OC(C)(C)C)C(=O)NN=NN(C)C,1 38 54 62 75 114 116 117 147 179 187 229 231 252 269 316 318 392 477 500 547 558 571 573 603 619 650 657 695 725 727 728 767 786 796 807 816 817 841 861 870 881 903 935 1005 1019 1022 1040 1057 1101 1118 1152 1163 1171 1225 1260 1331 1338 1358 1431 1434 1439 1452 1465 1569 1571 1574 1623 1758 1811 1857 1859 1885 1898 1899 1912 1917 1973 1979 1994
740,O=C1CNC(=O)C(Oc2ccccc2)=Cc2ccccc2Oc2ccccc2O1,78 84 89 166 193 240 267 286 314 322 330 389 401 410 411 483 493 524 543 562 599 650 656 669 695 725 730 760 780 808 840 926 959 970 973 1026 1088 1110 1114 1138 1160 1199 1207 1351 1380 1417 1444 1448 1481 1521 1540 1617 1621 1639 1657 1699 1750 1783 1793 1810 1865 1866 1873 1884 1889 1895 1905 1919 1925 1941 1950 1951
741,COC1=CC=CC(OC)(C(=O)c2cc(OC)ccc2NC(=O)c2ccccc2)C1,28 106 142 145 187 192 209 253 264 322 329 360 368 389 457 459 486 508 535 542 563 650 678 695 718 729 745 767 781 787 807 811 841 862 866 875 897 914 917 926 944 947 956 960 1000 1057 1060 1088 1141 1152 1186 1199 1224 1231 1249 1308 1321 1380 1385 1469 1478 1499 1536 1556 1564 1611 1665 1750 1795 1816 1849 1856 1873 1917 1921 1946 1972 1974 1985 1991 2003 2009
742,COc1ccc2c(c1)N(S(=O)(=O)N1CCC(C)CC1)CCO2,83 247 305 316 322 347 350 421 422 438 441 460 493 498 501 558 565 585 590 600 614 636 650 656 695 698 699 718 741 752 781 790 808 813 841 875 903 935 945 950 969 973 1010 1019 1035 1039 1051 1057 1148 1199 1216 1240 1267 1283 1284 1295 1309 1325 1362 1380 1416 1442 1476 1480 1529 1536 1598 1676 1685 1692 1750 1813 1825 1850 1859 1873 1903 1905 1919 1938 1972 1984 1995
743,COC(=O)N=C(N1CCCC1)N(CCCN1CCCCC1)c1ccc2c(OC)c1C2,2 26 39 46 49 51 80 83 101 124 142 235 333 361 366 369 421 460 539 568 589 619 647 650 653 695 712 724 725 729 730 757 783 807 841 845 847 870 881 914 925 926 935 955 994 1009 1027 1028 1057 1075 1114 1120 1145 1152 1193 1236 1251 1255 1314 1322 1348 1378 1380 1422 1448 1463 1480 1482 1536 1555 1564 1581 1598 1599 1627 1644 1649 1683 1688 1731 1750 1764 1791 1811 1851 1865 1873 1900 1911 1917 1946 1951 1962 1980 1994 1998 2001 2009 2011 2018
744,CCCCCCCCn1c(=O)nc(SC)n(C)c1=O,60 80 82 116 174 198 204 241 294 314 336 378 394 440 444 493 531 564 571 574 591 650 729 747 761 771 778 784 794 802 820 842 850 853 893 899 905 924 935 941 992 1034 1057 1079 1143 1145 1197 1214 1289 1313 1334 1380 1434 1521 1579 1580 1589 1590 1613 1620 1637 1643 1658 1684 1712 1723 1771 1776 1835 1855 1859 1887 1911 1973 1988 2010 2025 2033
745,NC(CCN(c1cccnc1)c1nc(-c2ccc[nH]2)ccc1Cl)C(F)(F)F,1 20 26 28 44 80 107 114 119 132 136 138 156 168 240 259 266 267 288 311 345 355 366 378 437 447 483 501 526 561 609 666 739 786 806 836 849 856 881 891 931 970 980 1025 1032 1043 1057 1059 1070 1072 1088 1096 1098 1110 1114 1116 1153 1157 1171 1172 1189 1219 1287 1324 1327 1369 1380 1400 1440 1446 1453 1454 1506 1509 1512 1535 1540 1563 1586 1603 1606 1683 1686 1750 1772 1789 1814 1855 1866 1869 1873 1928 1951 1972 1986 2002 2003 2018 2039
746,CN(Cc1ccccc1)C(=O)c1ccc2cccc(N)c2c1,7 21 27 62 68 80 90 95 203 255 258 296 334 355 356 382 389 391 400 440 494 507 650 691 733 744 807 846 862 875 881 882 910 913 919 928 934 952 976 1039 1049 1057 1066 1086 1087 1088 1104 1113 1147 1163 1171 1199 1206 1209 1210 1221 1355 1357 1380 1385 1457 1463 1470 1477 1537 1582 1594 1640 1674 1697 1730 1750 1754 1791 1797 1855 1860 1873 1906 1907 1917 1968 1984
747,N#CN=Cc1ccccc1,28 42 82 86 95 106 177 245 270 304 315 351 389 459 469 518 567 673 674 694 721 725 731 790 864 870 901 985 992 1002 1010 1032 1079 1081 1088 1199 1257 1265 1268 1316 1322 1346 1353 1380 1384 1510 1537 1540 1566 1575 1606 1614 1621 1639 1640 1657 1740 1750 1751 1763 1766 1774 1815 1846 1873 1884 1906 1921 1956 2008 2033 2035
748,CN1C(=O)N=C(c2cccc(F)c2)OC2CCCC21,41 60 99 125 127 136 162 172 190 230 286 314 320 339 349 378 383 425 428 467 482 502 537 555 557 578 650 656 662 699 709 736 750 848 853 854 858 875 878 926 927 935 965 1019 1028 1033 1034 1039 1052 1057 1063 1088 1118 1145 1160 1171 1229 1237 1239 1245 1260 1325 1333 1378 1380 1384 1388 1419 1448 1487 1488 1597 1640 1670 1680 1689 1700 1709 1727 1750 1781 1819 1828 1873 1877 1890 1928 1957 1962 1971 1982 1984 2022 2041
749,O=C(CN1CCCCC1=O)NCc1cc2ccccc2c2ccccc12,41 80 106 121 129 137 169 182 191 197 236 250 255 291 296 310 314 333 342 365 410 508 513 518 532 578 622 641 650 657 668 708 711 763 796 798 807 823 836 841 853 875 890 895 912 926 935 940 980 1028 1040 1048 1087 1088 1089 1123 1133 1152 1182 1199 1312 1349 1357 1380 1412 1427 1480 1490 1506 1540 1573 1738 1750 1772 1816 1848 1855 1858 1873 1900 1917 1959 1997 2003 2031
750,c1ccc(-c2cnc3sc(N4CCCC4)nn23)cc1,162 295 363 378 389 407 412 418 480 540 560 599 616 624 628 634 647 675 680 685 736 743 790 820 829 839 852 855 926 935 936 953 955 959 960 984 1022 1028 1071 1072 1081 1088 1095 1112 1131 1160 1170 1199 1234 1245 1255 1294 1304 1380 1389 1404 1437 1446 1452 1463 1480 1517 1535 1547 1692 1698 1750 1757 1758 1766 1778 1780 1824 1873 1947 1956 1958 1998
751,O=C(O)CS(=O)(=O)c1ccccc1-c1ccc(-c2ccc(F)cc2Br)c2ccccc12,74 80 164 223 266 279 285 350 352 389 392 456 488 511 539 598 612 629 631 642 650 680 699 700 709 714 716 728 807 833 863 875 984 988 992 1010 1063 1088 1108 1140 1144 1149 1174 1176 1182 1198 1199 1201 1207 1227 1243 1283 1357 1380 1410 1476 1487 1500 1540 1573 1628 1631 1651 1670 1695 1700 1735 1737 1750 1756 1772 1788 1789 1790 1800 1812 1873 1917 1928 2023
752,COC(=O)c1c(OC)c2cc(cc3ccc(OC)cc3oc1=O)C1=C3SC=C2C1(C(=O)O)CCN(C)C3=O,11 54 62 145 176 184 203 204 224 236 239 314 319 322 333 352 389 481 524 586 642 650 656 667 675 682 715 718 758 764 781 799 807 811 841 842 850 859 873 875 879 906 920 926 931 935 966 983 987 1057 1060 1074 1082 1085 1120 1145 1152 1153 1160 1162 1205 1242 1261 1302 1353 1370 1380 1391 1411 1457 1468 1480 1536 1542 1599 1604 1612 1625 1693 1711 1750 1753 1803 1808 1837 1839 1843 1855 1873 1888 1897 1917 1972 2012 2024 2042
753,COc1cc(Sc2cccc(Br)c2C(=O)C=Cc2ccc(Br)cc2)ccc1F,25 31 39 42 57 116 162 171 198 202 216 249 292 320 359 377 436 444 497 552 573 578 586 650 694 695 699 711 728 807 811 833 835 841 861 875 878 885 909 912 920 925 965 970 978 998 1025 1039 1057 1059 1088 1092 1098 1113 1147 1157 1183 1255 1306 1308 1351 1363 1380 1408 1422 1442 1487 1498 1536 1631 1637 1639 1649 1667 1693 1697 1706 1750 1778 1780 1817 1840 1857 1862 1873 1909 1917 1928 1970 1988 2002
754,COc1cc2ccc1OC2(F)F,124 134 148 189 202 213 231 249 251 278 304 340 447 484 511 545 556 627 636 683 695 771 788 819 832 841 875 935 947 982 1000 1022 1035 1057 1060 1086 1102 1107 1182 1225 1282 1322 1361 1380 1402 1454 1526 1536 1577 1579 1693 1739 1750 1786 1873 1905 1927 1928 1932 1970 1994 2006 2013 2020 2033
755,COC1=CC(S(=O)(=O)NC(=O)S)=C1,41 43 82 84 117 150 208 211 229 244 278 307 350 354 397 409 502 504 505 543 648 650 657 695 714 719 742 762 807 824 841 883 999 1003 1024 1045 1057 1091 1136 1152 1215 1228 1256 1291 1307 1317 1378 1380 1385 1436 1455 1460 1476 1517 1536 1538 1625 1668 1719 1755 1827 1831 1841 1849 1851 1873 1917 1945 1994 2046
756,CCCCN1CCCCC1C(C)n1nc(Nc2cccc(C(=O)O)n2)c2ccccc2c1=O,1 12 54 65 80 81 82 113 130 159 160 181 205 215 246 252 283 294 295 314 315 332 343 375 378 383 389 396 403 415 449 456 459 471 491 504 550 561 591 602 612 650 680 708 717 752 792 794 807 814 816 842 855 860 890 908 926 935 1019 1028 1039 1042 1057 1070 1088 1099 1126 1145 1152 1185 1193 1199 1204 1211 1222 1255 1293 1325 1336 1348 1357 1367 1380 1412 1450 1472 1476 1480 1528 1553 1554 1573 1703 1714 1750 1758 1761 1814 1834 1855 1873 1881 1882 1911 1917 1956 1960 1993 1998 2015 2022 2024 2034
757,COC(=O)C1Oc2ccccc2CC1NC(=O)c1cc(Oc2ccccc2C)ccc1OC,5 42 87 94 111 123 150 153 168 190 231 233 235 240 243 249 272 288 305 306 314 321 322 329 356 366 387 388 486 503 534 566 593 636 650 656 678 682 695 707 718 728 750 753 780 784 800 807 813 819 841 866 874 875 884 926 948 960 1019 1025 1057 1088 1137 1152 1153 1154 1196 1199 1227 1236 1252 1285 1343 1349 1370 1380 1391 1410 1528 1536 1567 1569 1617 1701 1702 1708 1722 1727 1731 1740 1750 1762 1797 1817 1828 1873 1901 1905 1917 1970 1991 1999
758,C=C1Oc2c(F)ccc(Br)c2C=C1NS(=O)(=O)c1ccc(OC)cc1,4 22 35 84 87 150 170 173 186 216 279 319 322 329 350 355 424 492 502 527 537 579 589 627 650 656 695 699 715 718 728 730 751 781 824 831 833 841 907 946 983 1001 1057 1083 1167 1168 1172 1200 1225 1262 1270 1294 1355 1366 1380 1391 1474 1476 1478 1481 1520 1525 1536 1608 1629 1631 1648 1662 1750 1796 1809 1810 1840 1873 1874 1882 1885 1893 1924 1928 1977 2040
759,CC(C)(C)OC(=O)C1CCCCCCCC(C2CCCCC2)C1,2 61 62 73 114 132 178 189 214 231 276 282 290 316 321 333 377 392 413 456 463 480 485 534 580 585 614 615 650 691 695 698 725 752 763 785 807 847 890 926 939 974 1019 1027 1028 1057 1121 1134 1211 1243 1274 1292 1325 1368 1378 1402 1499 1574 1601 1606 1654 1702 1719 1798 1859 1866 1880 1917
760,COc1ccc2c(C(=O)Nc3ccccn3)c(NC(C)=O)[nH]c2c1,1 11 25 27 70 117 119 127 143 145 148 152 191 213 219 231 245 250 314 315 322 333 378 486 487 538 554 570 586 614 620 624 650 695 718 734 781 807 840 841 849 875 966 969 993 1017 1018 1057 1062 1068 1070 1088 1099 1100 1109 1110 1114 1152 1155 1199 1205 1268 1312 1324 1331 1357 1375 1380 1387 1438 1445 1452 1474 1536 1577 1602 1608 1649 1718 1733 1745 1750 1787 1806 1815 1816 1838 1866 1873 1911 1917 1949 1972 2014
761,CN1C(=O)C2CN3CCN2C(CCC(c2ccccc2)C1COc1cccc(Cl)c1)C3,5 80 87 90 98 101 123 133 165 216 257 273 274 314 322 338 350 369 387 389 437 455 561 562 581 592 650 695 739 749 795 831 840 867 875 878 883 886 926 935 1007 1019 1039 1042 1057 1078 1088 1130 1136 1145 1165 1193 1199 1219 1260 1279 1296 1303 1308 1312 1325 1336 1380 1428 1446 1452 1455 1480 1511 1519 1537 1573 1587 1594 1663 1683 1694 1750 1772 1847 1873 1910 1915 1942 1984 2031
762,CC1(C)CCC(Cn2c(=O)c3ccc4c-3c3c(Cl)ccc4n3c2=O)C1,29 44 45 66 70 80 145 160 170 184 187 224 239 267 281 288 314 337 342 352 366 370 373 392 475 504 546 548 561 568 581 615 624 649 650 666 679 680 771 784 802 844 904 908 926 935 1016 1019 1044 1048 1057 1060 1073 1162 1164 1165 1194 1214 1224 1243 1256 1259 1274 1318 1322 1325 1329 1357 1380 1440 1487 1583 1593 1676 1682 1683 1690 1715 1717 1733 1747 1750 1782 1784 1821 1828 1873 1890 1903 1926 2021 2034 2046
763,CCOc1c(OC)cc(C)cc1C(=O)NC(=O)c1ccc2cc1S2(=O)=O,29 67 80 131 181 185 207 237 249 294 296 302 307 322 328 333 338 348 379 418 464 469 486 487 490 572 580 584 650 670 695 718 754 769 807 808 837 841 875 878 900 948 992 1021 1048 1057 1063 1066 1092 1100 1110 1119 1129 1132 1152 1203 1238 1279 1280 1346 1355 1372 1380 1422 1428 1452 1459 1536 1584 1594 1631 1649 1651 1665 1708 1722 1750 1752 1763 1769 1806 1823 1873 1877 1888 1891 1892 1917 1948 1953 1970 1977 1991 2037
764,O=C(Nc1cc(-c2ccccc2)c(Nc2ccccc2Cl)n2ccnc12)c1cccs1,14 37 79 84 96 124 133 137 181 222 241 254 331 352 366 370 378 383 387 389 395 419 446 486 491 493 497 517 527 561 564 598 625 638 650 675 713 736 765 793 807 861 875 915 928 935 946 947 974 1022 1075 1088 1101 1106 1152 1160 1162 1199 1224 1249 1352 1370 1380 1449 1452 1519 1546 1557 1567 1581 1611 1645 1681 1683 1685 1696 1714 1747 1750 1786 1788 1823 1866 1873 1894 1917 1969 1989
765,Cc1ccccc1-c1cc2ccc1cc2C(=O)N1CCC(C)CC1,109 202 203 236 272 290 320 352 360 362 486 547 565 650 652 677 702 791 807 809 846 875 922 926 935 942 945 959 971 973 977 984 991 997 1009 1010 1019 1054 1057 1088 1148 1163 1199 1221 1308 1309 1325 1344 1376 1380 1391 1442 1480 1485 1501 1504 1530 1639 1662 1722 1723 1747 1750 1782 1831 1855 1873 1901 1903 1917 1942 1991 1999 2009
766,CC1=C(C(=O)N2CCCCC2)CCc2ccccc2C=C1S(=O)(=O)N1CCCC1,2 43 84 153 184 217 230 292 302 350 365 366 369 380 470 498 506 539 542 568 585 619 621 650 683 755 773 800 807 886 907 926 935 942 949 956 979 983 993 1012 1028 1052 1057 1088 1093 1153 1196 1198 1199 1208 1236 1317 1344 1380 1381 1387 1393 1396 1437 1445 1448 1476 1480 1487 1504 1525 1566 1596 1598 1601 1608 1638 1647 1665 1689 1722 1731 1736 1738 1750 1858 1873 1877 1902 1903 1917 1920 1998 2009 2021
767,O=C(c1cc(Nc2cccc(Br)c2)ncn1)N1CCCCC1,2 8 16 47 70 148 184 191 204 211 250 294 329 368 369 377 378 464 469 485 489 491 575 579 623 629 636 650 656 668 703 705 728 750 766 807 855 875 887 908 909 926 935 942 950 1028 1039 1088 1120 1144 1152 1176 1228 1248 1273 1274 1312 1350 1380 1452 1480 1502 1504 1630 1631 1750 1810 1855 1861 1873 1917 1963 1970 1998 2009 2014
768,O=C1CN2C(=O)NC(=O)C(=Cc3ccc(Cl)s3)C(c3cccc(Cl)c3)=C2N1,51 105 162 165 216 235 240 281 314 368 387 429 522 524 527 533 559 561 570 587 650 652 675 686 694 701 736 739 875 898 926 935 999 1022 1032 1036 1037 1039 1055 1060 1088 1114 1120 1123 1158 1160 1239 1243 1271 1319 1365 1380 1404 1408 1412 1418 1419 1443 1457 1493 1560 1567 1570 1575 1594 1598 1599 1657 1665 1669 1683 1688 1744 1750 1779 1830 1852 1873 1892 1946 1985 2031 2033
769,CC(C)(C)C(=O)N1C(=O)OC2C(Oc3ccccc3)CCCC21,84 102 111 114 145 158 221 237 260 270 297 314 322 372 389 392 403 416 480 497 514 524 562 570 608 623 650 656 666 695 708 714 718 750 798 807 809 824 843 898 926 935 975 981 1002 1019 1028 1057 1063 1088 1184 1192 1199 1280 1288 1292 1325 1368 1380 1403 1419 1423 1502 1521 1553 1562 1565 1591 1608 1689 1692 1693 1721 1730 1750 1863 1873 1893 1917 1937 1974 1981 1988 2006
770,COc1ccc(NC(=O)CCC(CCC(=O)NCCc2ccc(C(F)(F)F)cc2)C2=NNc3cc2cnn3)c(Cl)c1,1 10 34 41 62 80 82 114 165 183 197 221 224 241 272 310 322 366 378 383 411 422 440 441 521 536 561 594 597 621 650 667 687 695 706 718 739 773 781 795 807 808 809 817 828 831 841 860 875 881 888 901 903 917 931 1036 1045 1087 1105 1114 1123 1128 1152 1160 1164 1224 1243 1257 1260 1300 1307 1380 1382 1417 1426 1450 1453 1454 1499 1507 1535 1536 1564 1589 1603 1614 1630 1665 1683 1694 1750 1754 1758 1798 1816 1837 1846 1856 1873 1889 1917 1928 1948 1960 1972 1974 1989
771,Cc1ccc(C(=O)OCCCCC(C(=O)OCC2OC3OC2C3O)=C2c3ccc(oc3=O)[N+]2=O)cc1,13 40 44 58 71 77 80 129 145 147 155 186 215 221 230 235 280 301 311 314 334 352 463 528 606 610 650 656 680 683 695 735 767 778 784 798 807 835 859 915 924 951 954 1006 1019 1057 1107 1124 1136 1143 1220 1237 1249 1257 1267 1299 1330 1342 1345 1380 1385 1458 1468 1487 1522 1531 1541 1564 1571 1592 1604 1609 1626 1651 1697 1699 1700 1701 1710 1722 1734 1750 1804 1823 1873 1877 1895 1907 1911 1917 1920 1921 1973
772,O=c1[nH]cccc1[SH](=O)(Nc1nncs1)c1ccccc1,7 15 54 103 138 207 228 267 281 314 378 385 389 406 434 450 459 478 537 606 617 636 637 650 665 675 740 750 754 802 806 822 841 849 930 1083 1088 1098 1104 1114 1137 1148 1152 1156 1164 1199 1200 1294 1296 1306 1336 1349 1380 1393 1415 1435 1439 1506 1508 1563 1566 1567 1570 1601 1643 1666 1684 1750 1766 1789 1811 1817 1831 1833 1873 1886 1969 2047
773,CN(C)c1nc2ccc([N+](=O)[O-])cc2n1C(=O)Oc1ccccc1Sc1cccc(Cl)c1,19 27 45 66 116 120 140 165 216 220 245 250 329 357 377 378 387 487 547 550 552 561 586 587 605 615 650 667 695 715 753 767 807 811 838 875 881 885 935 947 961 983 1018 1025 1039 1040 1057 1065 1088 1092 1095 1097 1141 1161 1163 1195 1199 1224 1273 1274 1282 1283 1335 1336 1380 1386 1398 1410 1502 1512 1526 1631 1669 1683 1700 1703 1729 1739 1750 1763 1769 1773 1809 1814 1831 1840 1854 1855 1865 1873 1917 1940 1963 1970 1983 1995
774,CCOC(=O)C1=CC=C2C(=O)N3CCCCCCC(OC1=O)C2CCCC3,2 64 80 141 145 147 149 172 189 225 233 241 247 294 314 327 404 407 414 455 596 650 653 656 680 689 695 733 744 750 759 772 787 793 797 807 879 890 917 926 935 988 1004 1019 1028 1056 1088 1116 1176 1204 1230 1238 1249 1286 1287 1325 1407 1447 1450 1468 1469 1480 1484 1567 1585 1619 1644 1656 1700 1701 1722 1729 1732 1781 1813 1814 1815 1819 1837 1862 1873 1889 1917 1964 1998 2013 2022
775,COc1ccc(C(=O)OC(=Cc2ccc(C)cc2)[N+](=O)[O-])cc1,7 25 56 72 80 94 145 218 235 274 280 289 322 352 357 372 408 425 464 473 606 633 650 684 694 695 715 718 753 765 781 807 808 826 831 838 841 861 880 894 898 951 954 979 1025 1057 1083 1138 1274 1285 1308 1309 1333 1341 1365 1369 1380 1385 1427 1429 1485 1534 1536 1604 1697 1700 1722 1746 1750 1777 1820 1823 1827 1873 1917 1920 1947 1950 1963 1971 2000 2031 2033
776,COc1ccccc1N1CCN(C(=O)N(C)C2=CS2)CC1,21 39 54 77 144 146 224 231 249 260 275 283 314 393 407 466 532 544 563 585 604 634 638 650 675 684 695 725 807 818 826 841 875 881 893 926 935 988 1008 1017 1057 1070 1081 1088 1155 1163 1189 1199 1209 1295 1312 1331 1380 1391 1424 1480 1508 1536 1556 1561 1569 1589 1604 1625 1647 1671 1681 1690 1692 1750 1753 1769 1787 1804 1809 1873 1875 1885 1902 1917 1939 1970 2009
777,Cc1c(N(C)C)nc(NC(=O)N2CCCC2)n1C,32 65 75 157 180 197 199 218 225 235 259 268 287 289 321 351 356 369 371 378 379 383 553 564 599 604 647 650 714 756 807 837 881 926 935 1028 1030 1057 1128 1145 1152 1163 1171 1180 1213 1291 1358 1380 1381 1383 1406 1452 1468 1480 1538 1551 1700 1722 1762 1766 1816 1844 1855 1856 1888 1917 1931 1932 1949 1998 2009
778,COc1cccc(-c2nc(C(=O)N3CCCCC3=O)n[nH]2)c1,16 57 74 176 193 199 225 276 304 310 314 322 378 458 459 468 502 534 561 562 567 590 607 650 661 683 693 695 703 781 798 801 807 841 843 844 875 915 926 928 935 1028 1039 1057 1088 1089 1114 1152 1160 1182 1215 1259 1260 1263 1375 1380 1387 1396 1411 1480 1504 1520 1536 1551 1589 1609 1650 1682 1694 1738 1750 1777 1812 1832 1835 1837 1855 1873 1898 1917 1942 1967 1972 1985 1988 1998 2001 2004 2017
779,O=C(NC1CCCN2CCCN(CC2)C1)C1=CC(Cl)=C1,17 21 84 90 104 109 131 154 271 283 327 347 378 387 400 409 428 433 435 446 450 486 495 497 510 519 547 561 572 585 625 650 654 667 712 721 729 739 807 822 834 926 935 1018 1019 1022 1028 1038 1083 1132 1152 1202 1310 1325 1368 1380 1387 1472 1480 1494 1496 1523 1540 1570 1589 1596 1631 1634 1646 1647 1683 1791 1797 1841 1873 1875 1881 1895 1917 1971 1977
780,CC=CC(=Cc1cccc2cccc(C(=O)OCCOCC)c12)NC(=O)c1ccccc1,13 22 31 80 131 139 145 147 155 208 238 261 294 356 389 395 441 452 473 479 486 495 524 527 547 604 650 654 667 694 695 725 744 780 802 807 818 836 844 892 930 961 980 988 1029 1039 1057 1059 1087 1088 1119 1128 1152 1186 1187 1199 1238 1243 1301 1312 1373 1380 1385 1432 1447 1481 1508 1521 1592 1598 1649 1656 1659 1665 1673 1737 1746 1750 1824 1855 1873 1917 1984 1985 1991 1992 2025
781,CC(=O)N1CCN(C(=O)c2cc(Cl)ccc2NC(=O)c2ccc(Cl)cc2)CC1,1 2 91 100 165 190 216 224 257 293 327 352 353 362 386 392 421 447 486 513 548 561 573 598 650 664 680 704 745 778 807 814 816 875 922 926 931 935 942 944 947 959 961 985 1017 1057 1060 1070 1152 1192 1195 1199 1202 1224 1274 1300 1312 1336 1365 1385 1446 1460 1466 1480 1504 1589 1605 1665 1683 1697 1716 1728 1750 1771 1779 1795 1807 1816 1843 1849 1856 1873 1883 1910 1917 1947 1991 2009 2010 2043
782,COc1ccccc1-n1c2cc3oc2c(C(=O)Nc2cccc([N+](=O)[O-])c2)c31,5 17 21 35 45 82 85 93 97 133 152 179 184 191 207 249 363 391 418 459 460 462 463 464 486 519 540 546 586 589 606 618 635 646 650 693 695 703 715 745 753 807 838 841 843 861 875 935 936 942 946 975 1003 1039 1057 1088 1152 1195 1199 1248 1269 1274 1290 1295 1357 1373 1380 1410 1433 1440 1483 1486 1536 1586 1604 1610 1647 1650 1750 1756 1808 1809 1816 1873 1917 1928 1930 1939 1953 1963 1969 1970 1974 1978 1993 2018 2035 2041
783,CC(=O)OCCCOC(=O)c1ccc(C(C)=O)c2ccc(C)cc12,13 40 58 67 70 80 119 134 145 147 177 209 235 244 299 312 381 462 563 584 650 670 695 702 715 756 776 778 793 807 846 865 873 875 944 1013 1017 1035 1041 1045 1057 1147 1157 1182 1185 1213 1245 1333 1338 1357 1362 1370 1380 1410 1431 1472 1530 1555 1567 1574 1592 1647 1656 1660 1673 1722 1733 1734 1735 1741 1750 1753 1820 1823 1834 1858 1873 1911 1917 1978 1991 2020
784,CC(C)(C)C(CCCOc1cccc(C(F)(F)F)c1)=C(C#N)N1CCCCC1=O,13 18 48 52 53 80 114 120 156 164 270 301 310 314 322 332 363 380 392 459 557 562 597 613 621 633 650 674 695 745 790 798 803 807 809 864 875 895 896 926 935 936 939 941 1028 1034 1039 1057 1088 1163 1182 1215 1260 1261 1380 1384 1386 1387 1417 1452 1453 1469 1480 1501 1504 1522 1549 1564 1567 1571 1585 1659 1724 1738 1750 1804 1811 1873 1911 1920 1928 1933 1998 2017
785,CCCC(=O)N1C(=O)N2CCC1C(N1CCN(CCOC3=CC4=CC(C(F)(F)F)=CC4=C3)CC1)C2,7 13 71 74 80 84 92 113 114 139 144 153 167 246 271 273 294 314 335 377 406 407 453 479 497 533 591 605 650 651 666 676 694 695 736 739 794 807 809 810 818 834 877 879 935 944 946 1009 1019 1024 1057 1098 1110 1134 1145 1252 1272 1295 1299 1311 1312 1325 1348 1357 1371 1380 1388 1396 1418 1448 1452 1453 1480 1482 1493 1506 1553 1564 1686 1689 1722 1736 1758 1764 1784 1791 1832 1854 1856 1867 1873 1907 1917 1928 1952 2043
786,c1=c2c3cccc2c2[nH]c-1c1c(ccc(CN4CCCNC4)c1cc3)N=NN=2,6 11 21 25 38 54 80 84 203 212 251 270 296 305 367 378 398 440 588 592 597 599 652 742 766 803 848 855 875 891 913 919 925 926 930 935 938 970 971 993 1028 1039 1041 1080 1087 1088 1106 1114 1122 1183 1232 1233 1242 1281 1300 1308 1349 1357 1380 1391 1422 1445 1461 1480 1557 1573 1673 1733 1741 1745 1757 1758 1765 1772 1773 1777 1779 1791 1792 1798 1819 1825 1855 1871 1872 1873 1921 1974 1976 1984 1989 2008 2013 2032 2038
787,CCCCOC(=O)CCCCCC=CC=C(C)C#N,10 13 74 80 122 147 187 233 271 279 293 294 335 343 401 402 432 498 584 591 639 640 650 674 677 694 695 718 775 790 794 799 803 807 924 944 1034 1057 1143 1170 1202 1267 1319 1323 1356 1364 1384 1386 1399 1440 1451 1501 1502 1518 1541 1543 1564 1645 1685 1734 1737 1767 1777 1823 1847 1911 1917 1958 1964 2032
788,COC(=O)N1CCCC(NC(=O)NCCn2c(-c3cccc(Cl)c3)nnc2-c2ccccc2F)C1,13 59 80 98 155 165 197 211 216 228 299 332 352 369 373 378 387 411 418 425 428 446 451 497 509 553 561 586 592 606 630 650 654 667 695 699 709 725 736 739 743 797 802 807 814 825 841 875 897 935 945 975 984 1018 1019 1028 1032 1039 1055 1057 1065 1075 1079 1088 1145 1151 1152 1160 1164 1199 1224 1247 1325 1366 1367 1380 1443 1480 1487 1508 1543 1554 1576 1615 1634 1659 1683 1704 1722 1750 1781 1788 1840 1852 1873 1917 1928 1933 1945 1956 1975 1985 1989 1993 2009
789,Nc1ccc2ccccc2oc2cccc3c4cccc(c5nc1o5)c4oc23,1 50 115 122 126 133 151 199 203 247 251 302 308 331 337 338 378 408 424 436 448 550 567 592 613 656 675 774 835 910 934 935 961 971 1017 1039 1051 1059 1085 1087 1088 1109 1128 1171 1199 1245 1274 1333 1357 1380 1390 1398 1435 1443 1457 1494 1496 1497 1539 1573 1604 1610 1640 1672 1750 1808 1855 1873 1910 1912 2005 2014
790,CN(C)CCCCN(C)c1sc2cc1N2,40 41 49 80 141 162 216 275 360 461 465 487 522 571 596 638 652 675 693 783 875 881 897 941 946 1001 1057 1060 1067 1101 1112 1114 1149 1163 1200 1281 1303 1339 1352 1360 1380 1399 1408 1411 1480 1513 1544 1556 1669 1695 1730 1772 1796 1873 1903 1911 1916 1944 1951 1982 1991 2026 2033
791,FC(F)(F)CNC(=NC(F)(F)C(F)(F)C(F)(F)F)C(F)(F)C(F)(F)F,59 80 114 156 179 194 197 213 235 273 311 315 375 390 454 468 473 482 525 527 531 545 571 588 604 632 655 686 687 725 793 807 817 842 876 886 917 926 968 970 972 1009 1095 1096 1101 1133 1152 1171 1211 1299 1373 1395 1398 1453 1457 1533 1557 1603 1625 1635 1665 1712 1730 1829 1838 1928 1941 1942 1954 1961
792,COC(=CC(OC)=C(Cl)C(C)=NC(=O)NS(=O)(=O)OC)c1cccc(Cl)c1,2 109 142 145 165 190 212 216 298 307 308 350 407 416 513 579 592 598 615 622 632 650 661 688 694 695 725 780 807 827 841 850 865 875 901 931 989 1017 1024 1039 1046 1050 1057 1088 1120 1152 1186 1292 1343 1361 1380 1384 1385 1396 1476 1518 1554 1567 1588 1596 1610 1627 1683 1750 1783 1804 1858 1873 1917 1949 1985 2017
793,COc1c(N=C(NC(=O)N2CCCCC2)c2ccc(Br)cc2)cc(C)cc1[N+](=O)[O-],2 18 78 109 218 253 289 295 324 333 336 354 369 407 409 414 420 461 466 498 509 526 547 561 580 650 656 695 715 716 719 724 725 728 753 807 838 841 863 875 877 909 926 935 953 1028 1057 1119 1121 1152 1157 1168 1172 1195 1209 1256 1275 1277 1305 1347 1368 1380 1385 1391 1408 1441 1443 1444 1457 1468 1480 1486 1536 1599 1607 1613 1631 1647 1649 1671 1682 1697 1722 1805 1823 1831 1855 1857 1873 1879 1917 1925 1929 1953 1963 1982 1998 2009 2020 2037
794,O=C1N2CCC(C3C4CCC3N3c5sc6nncc-6c(F)c5CC43)N1CC2,53 55 74 82 92 141 155 162 172 190 218 231 243 271 281 290 314 335 352 361 366 367 378 405 407 469 475 514 522 556 603 622 639 650 657 665 675 684 699 734 779 842 854 911 926 927 932 935 962 975 983 993 1000 1010 1019 1044 1048 1065 1079 1085 1140 1144 1150 1161 1164 1168 1249 1254 1277 1281 1314 1325 1380 1445 1480 1508 1513 1535 1536 1602 1618 1630 1669 1689 1707 1745 1755 1808 1840 1843 1873 1928 1934 1938 1944 1977
795,CCN(C(=O)CCc1cccc(C)c1)C(=O)C(=O)NCCc1ccc(S(=O)(=O)O)cc1Cl,78 80 103 104 197 230 279 289 290 294 319 346 350 366 412 430 464 504 561 592 596 626 639 642 650 667 676 715 765 807 828 835 875 881 897 917 932 948 965 1013 1055 1057 1066 1085 1088 1090 1125 1152 1160 1191 1197 1210 1238 1243 1244 1257 1319 1349 1370 1380 1387 1391 1476 1480 1528 1539 1564 1608 1648 1659 1663 1683 1722 1734 1739 1741 1750 1754 1761 1802 1823 1836 1844 1863 1873 1905 1917 1919 1924 1944 2008
796,COc1nc(NC2C(C)OP(=O)(OC)OC3OP(=O)(OP(=O)(O)O)OC32)nc(SC(=C(Cl)Cl)N(C)C)n1,71 79 116 135 164 192 214 221 235 271 294 333 378 402 405 412 443 458 567 612 629 650 656 659 676 695 722 727 737 768 793 807 810 841 870 880 881 902 913 921 924 961 1005 1019 1057 1063 1079 1086 1109 1114 1152 1163 1180 1254 1264 1275 1286 1287 1292 1309 1320 1325 1366 1375 1379 1380 1415 1458 1536 1570 1578 1581 1582 1584 1585 1589 1614 1636 1643 1653 1683 1701 1711 1744 1764 1809 1816 1819 1838 1855 1897 1899 1904 1907 1993 2012 2020 2036
797,O=C(O)C(c1ccccc1)c1nnc2c(-c3ccccc3)c1N2,14 20 40 62 109 118 150 166 250 275 280 297 378 389 479 521 569 603 624 631 650 720 736 741 742 757 762 799 807 856 867 944 946 953 954 990 996 1033 1041 1060 1061 1078 1088 1114 1128 1148 1160 1164 1172 1199 1218 1225 1242 1291 1307 1355 1365 1380 1382 1397 1440 1469 1479 1522 1551 1581 1623 1678 1692 1747 1750 1799 1844 1873 1917 1922 1926 1946 1972 2015
798,c1ccc2c(c1)CCN(CCOc1ccc3oc4ccc5cc4c(c1-3)CCC5)C2,2 13 55 80 87 94 121 175 242 248 251 285 300 361 368 437 457 533 551 628 630 656 695 703 745 762 801 804 825 836 875 878 892 919 926 935 960 1019 1028 1030 1032 1088 1109 1143 1199 1206 1285 1357 1363 1365 1380 1391 1452 1480 1483 1518 1526 1527 1547 1604 1654 1708 1738 1747 1750 1751 1791 1795 1808 1810 1832 1833 1873 1878 1888 1937 1946 1970 1979 2018 2021 2047
799,N#Cc1nc2cc(Cl)cc(COCc3ccc(Cl)cc3C(F)(F)F)c2s1,26 68 80 114 116 131 162 165 210 216 238 262 292 378 419 428 495 507 546 554 561 564 674 675 695 705 745 774 780 790 809 816 825 875 886 908 911 914 1032 1036 1038 1061 1097 1108 1125 1126 1136 1152 1172 1177 1216 1288 1293 1318 1342 1349 1358 1380 1384 1453 1506 1529 1549 1599 1623 1643 1688 1741 1747 1750 1828 1854 1855 1858 1873 1928 1992 1997 2030
800,CC1=NC=NN=C(NC(=O)c2ccccc2)N1C,46 49 73 87 138 144 185 198 270 290 378 389 396 415 416 431 486 496 497 505 574 615 650 662 738 800 807 931 932 935 946 987 1057 1068 1085 1088 1101 1107 1116 1145 1152 1153 1168 1170 1176 1199 1311 1313 1380 1385 1457 1557 1593 1665 1722 1733 1750 1773 1782 1792 1795 1797 1816 1830 1873 1917 1985
801,COc1cc(OC2CN3C(=O)NC2C3C(C)(C)C)ccc1F,94 102 114 116 174 214 216 233 249 284 287 301 314 322 392 396 398 404 524 544 573 582 586 595 635 650 658 674 684 695 697 699 718 736 739 798 806 832 841 858 875 885 923 924 925 926 934 935 937 939 971 972 1019 1028 1051 1056 1057 1083 1114 1152 1157 1174 1211 1249 1250 1251 1253 1256 1290 1314 1318 1329 1342 1344 1363 1380 1390 1396 1417 1434 1496 1527 1536 1560 1569 1587 1601 1608 1618 1630 1675 1695 1750 1792 1803 1804 1840 1873 1928 1970 2021
802,CN1CCC2CCC(=O)N(c3ccccc3C(=O)n3c4c(C(F)(F)F)n5cc4nc35)C2C1,0 14 21 26 29 49 103 105 114 141 147 186 191 206 207 217 257 314 342 378 464 466 574 585 608 614 650 685 709 720 730 739 748 798 807 809 835 852 911 926 935 953 993 1000 1019 1023 1031 1037 1057 1066 1088 1097 1098 1145 1178 1199 1223 1236 1282 1295 1325 1370 1376 1378 1380 1440 1444 1447 1449 1453 1454 1466 1480 1504 1545 1561 1647 1678 1689 1738 1750 1756 1819 1825 1855 1872 1873 1917 1922 1928 1947 1955 1969 1991
803,CCCC(=O)c1ccc2c3cc(F)cc(OC)ccc1c2=CC=C(C(F)(F)C(F)(F)F)C=C3,12 59 65 67 80 114 116 187 229 240 273 279 294 316 322 367 419 443 475 482 519 547 581 589 604 614 623 632 650 670 673 686 695 699 702 718 744 767 780 781 784 794 807 809 841 875 910 990 1025 1030 1032 1048 1057 1082 1097 1120 1125 1183 1216 1249 1272 1276 1292 1344 1352 1357 1380 1409 1443 1453 1470 1498 1536 1564 1570 1648 1670 1680 1693 1706 1733 1750 1817 1833 1872 1873 1888 1917 1928 1972 1991
804,CC(C)(C)N=C1C=CC(=O)N1C1CCCCC1,2 16 61 66 86 100 114 122 225 244 261 266 314 317 321 339 369 392 444 470 491 511 547 569 650 686 706 729 735 743 871 890 898 919 926 935 936 961 1012 1015 1016 1019 1028 1057 1097 1114 1147 1167 1175 1217 1258 1305 1317 1325 1327 1347 1380 1420 1448 1482 1497 1505 1508 1517 1518 1519 1591 1618 1710 1801 1811 1825 1871 1873 1922 1923 1981 1993 2017
805,O=C(Nc1ccc(I)cc1)n1cnnc1,13 26 69 83 84 98 169 191 218 272 281 292 312 368 378 493 499 503 506 573 583 614 650 661 662 807 816 819 822 843 849 893 932 935 947 993 1000 1069 1077 1083 1087 1091 1122 1152 1185 1206 1226 1230 1234 1239 1324 1380 1399 1430 1438 1439 1471 1494 1520 1551 1594 1695 1750 1813 1816 1817 1848 1849 1873 1893 1917 1986
806,CCC1CCC2=C(C)C1=C2,27 80 84 148 185 186 205 238 294 301 358 374 428 431 436 478 481 579 581 655 658 687 751 847 862 879 926 946 949 1019 1057 1093 1121 1141 1154 1176 1230 1232 1320 1325 1365 1380 1385 1449 1454 1521 1540 1611 1682 1704 1722 1728 1738 1836 1847 1870 1873 1944 2013 2033
807,O=C1C=CC(C2CCCCC2)=C1,2 57 65 75 84 109 194 239 305 314 427 537 547 553 588 591 592 650 660 694 700 746 855 881 890 926 937 967 972 979 1019 1028 1075 1080 1110 1202 1286 1302 1324 1325 1331 1380 1471 1533 1540 1547 1569 1612 1634 1678 1703 1724 1873 1877 1932 1941 1943 1973 1997 1999 2000 2003 2018
808,O=C(C1=C(c2cc(F)cs2)C=C1)N1CCN2CCN(CC3CC3)CC2C1,14 29 62 74 77 80 87 136 192 206 211 214 306 317 337 388 400 410 445 451 478 517 547 552 558 630 650 675 687 696 699 719 739 766 799 807 875 908 916 926 935 949 966 969 977 981 1019 1020 1081 1082 1092 1146 1248 1325 1334 1450 1480 1485 1497 1504 1534 1560 1567 1589 1644 1670 1671 1682 1710 1729 1736 1772 1786 1791 1808 1809 1831 1840 1854 1873 1906 1910 1917 1926 1928 1937 1957 2009 2020
809,N#Cc1ccccc1N1Cc2ccccc2N(C(=O)N2CCCCC2)C(Nc2ccccc2)=NC1=O,0 2 34 37 43 75 135 152 165 168 191 225 238 286 314 335 344 361 364 369 378 380 389 394 399 405 425 431 461 481 491 496 583 586 593 600 648 650 653 658 674 681 703 743 780 790 807 814 828 883 926 927 935 964 1028 1062 1070 1088 1096 1136 1149 1152 1199 1236 1291 1295 1328 1368 1380 1384 1405 1457 1462 1480 1499 1524 1581 1587 1609 1611 1647 1699 1708 1720 1750 1793 1827 1862 1873 1917 1924 1940 1941 1946 1995 1998 2009 2020 2038
810,CC1=C(C=Cc2ccccc2)CN(C(=O)N2CCCCCC2)C2CCC2O1,2 25 28 42 95 140 242 348 351 369 373 389 426 432 528 564 584 626 650 653 654 656 686 694 698 729 750 774 786 807 835 847 854 878 911 926 935 941 980 1019 1028 1057 1109 1177 1182 1199 1247 1302 1325 1329 1353 1380 1394 1480 1490 1571 1601 1602 1608 1621 1637 1689 1699 1717 1722 1750 1811 1819 1871 1877 1883 1914 1917 1940 1946 1998 2009 2020 2031 2033 2038
811,COc1ccccc1N(C1CCCCC1)C1CCCC1,2 14 41 52 91 128 132 141 159 163 169 196 229 234 249 345 364 429 495 511 518 525 541 605 695 715 730 744 756 785 809 841 881 890 926 939 1004 1008 1019 1028 1057 1063 1088 1120 1163 1199 1249 1257 1263 1277 1300 1325 1348 1362 1377 1380 1410 1420 1499 1536 1621 1649 1701 1706 1750 1751 1835 1853 1867 1873 1884 1908 1920 1928 1946 1954 1968 1970 2000 2006 2018
812,CCCN(CCN1CCC(CC)NC1=O)c1c2nc(N)n1C1=NN2C2=CC1=C2,34 80 84 95 130 158 183 191 253 294 301 308 314 324 378 383 400 430 443 471 522 567 616 619 629 650 652 676 712 722 735 782 794 796 809 822 881 885 914 924 926 927 935 943 944 950 964 967 1019 1057 1089 1114 1134 1141 1145 1171 1225 1243 1286 1310 1325 1380 1391 1402 1406 1411 1422 1427 1433 1452 1454 1455 1457 1466 1480 1519 1542 1601 1618 1639 1654 1687 1719 1731 1733 1761 1766 1788 1855 1873 1925 1931 1934 1951 1953 1955 1985 1993 2046
813,O=C(Nc1ccccc1)c1cnc(Nc2ccc(NC(=O)N3CCCC3)cc2)s1,57 80 140 152 162 181 186 188 191 218 229 251 327 335 369 378 385 389 419 426 486 491 495 621 650 675 702 703 704 722 736 798 802 807 843 849 894 926 935 971 1006 1028 1029 1038 1077 1088 1152 1195 1199 1224 1245 1317 1339 1380 1381 1399 1419 1452 1468 1480 1524 1535 1640 1719 1726 1747 1750 1782 1816 1851 1873 1917 1948 1978 1998 2008 2009
814,CN1CCN(S(=O)(=O)N(CCCN2CCCC2)C(=O)c2cccc(C(F)(F)F)c2)C1=O,17 31 80 92 114 173 271 277 299 314 319 323 344 350 363 399 412 448 467 490 495 501 503 505 650 653 752 759 793 809 820 862 875 881 899 926 935 955 983 1010 1028 1039 1051 1057 1088 1093 1145 1198 1221 1248 1260 1297 1338 1359 1374 1380 1385 1405 1417 1422 1434 1443 1453 1476 1482 1522 1640 1647 1648 1693 1750 1791 1831 1873 1911 1917 1928 1951 1972 1984 1985 1998 2017 2033 2035 2041
815,CC(C)(C)N1CCC(NC(=O)N2CCCCC2)C1,2 81 114 127 136 197 218 248 346 353 369 387 392 408 433 463 517 525 535 559 589 608 621 650 663 705 739 758 773 779 791 807 858 877 921 926 927 935 946 951 1019 1028 1057 1087 1115 1152 1155 1168 1181 1197 1198 1218 1238 1296 1325 1365 1415 1433 1468 1480 1501 1634 1639 1655 1873 1917 1973 1998 2009
816,CCCCCCCCC1CCCc2c1c1ccc(Cl)cc1oc2=O,75 80 84 94 141 149 165 182 199 211 215 216 278 294 305 314 334 356 361 406 408 434 473 496 561 564 591 648 650 656 661 679 681 690 794 798 816 832 875 926 937 1019 1028 1057 1112 1143 1144 1169 1176 1188 1226 1231 1289 1290 1291 1325 1330 1357 1361 1380 1391 1417 1442 1444 1468 1485 1567 1573 1583 1604 1611 1619 1648 1683 1712 1719 1733 1738 1750 1792 1808 1836 1873 1911 1938 1958 1991 2025 2028 2032 2036
817,CCCOc1csc2cc(C(=O)NC(=O)Nc3ccncc3)cc-2c1,0 13 17 62 76 80 95 140 191 227 232 233 294 301 322 343 360 378 383 454 486 510 530 547 552 554 557 583 587 600 622 628 650 675 683 695 734 794 806 807 822 870 875 915 930 965 1022 1034 1057 1077 1116 1119 1146 1152 1160 1179 1208 1260 1293 1334 1375 1377 1380 1385 1387 1452 1456 1560 1563 1565 1567 1603 1661 1686 1695 1737 1750 1771 1777 1816 1866 1873 1917 1983 1989 1990 1992 2011 2022 2046
818,Cc1sc2c3nc(n2C)n(CCC(N)CC(C)(C)C)c13,1 76 80 105 114 216 257 280 291 313 362 378 391 392 401 403 487 493 542 547 550 564 602 623 675 702 710 739 786 802 809 825 871 935 938 967 974 982 997 1009 1057 1064 1073 1101 1123 1145 1171 1218 1235 1303 1380 1423 1440 1478 1495 1535 1548 1556 1617 1618 1624 1671 1689 1722 1724 1734 1767 1772 1787 1790 1796 1820 1855 1861 1870 1905 1909 1923 1959 1979
819,COc1ccc(SC=CC(=O)N(C)C(=O)N(C)C)cc1,31 45 46 66 116 129 136 143 151 208 238 239 257 282 297 301 311 312 322 392 418 487 536 543 557 582 650 688 694 695 718 748 781 807 811 829 831 839 841 858 881 896 956 1037 1038 1057 1155 1163 1209 1231 1240 1255 1269 1275 1310 1323 1338 1354 1380 1536 1548 1648 1653 1669 1672 1734 1738 1739 1750 1859 1873 1917 2021
820,CC(C(=O)O)N(C(=O)c1ccc2ccccc2c1)S(C)(=O)=O,1 50 81 86 90 128 185 193 203 283 300 319 322 327 350 389 411 424 477 485 598 650 668 673 692 746 766 779 807 875 880 881 898 902 979 1001 1008 1057 1065 1087 1088 1089 1107 1138 1199 1221 1234 1366 1374 1380 1385 1476 1506 1545 1550 1574 1597 1697 1719 1750 1752 1824 1834 1844 1855 1873 1889 1897 1917 1921 1950 1964 1984 2032
821,CC(=O)OCCN(C(=O)Nc1ccc([N+](=O)[O-])cc1)C(=O)n1c(=O)c2ccc1c(C)c2,13 14 45 46 69 80 108 147 191 193 203 220 223 224 251 283 301 312 314 343 367 403 407 424 459 482 504 534 585 603 634 650 695 715 753 769 780 800 807 815 826 838 843 846 875 881 895 920 935 958 983 1017 1035 1057 1077 1103 1133 1152 1181 1195 1209 1218 1225 1274 1282 1333 1343 1380 1391 1403 1427 1470 1472 1479 1529 1557 1581 1648 1661 1668 1680 1695 1719 1722 1724 1750 1767 1809 1814 1816 1845 1873 1885 1889 1903 1916 1917 1936 1951 1963 2003 2019 2021 2045
822,CC(=CC(=O)NC(=O)C(F)(F)c1ccccc1)C(=O)N1CCCCC1,2 26 47 62 114 123 257 280 287 340 369 389 496 522 524 547 611 650 692 694 712 728 807 829 844 866 872 907 923 926 935 1017 1019 1028 1057 1063 1088 1110 1119 1120 1152 1181 1198 1199 1216 1280 1344 1380 1388 1417 1431 1433 1453 1461 1480 1522 1523 1560 1605 1639 1654 1660 1687 1695 1707 1750 1768 1782 1785 1873 1886 1917 1928 1984 1998 2009 2017 2029
823,CN1CCCC(CCC2CCC3C(NC(=O)c4ccccc4)CCC4CCCN2C43)C1=O,5 18 27 38 40 63 80 127 129 155 169 189 190 263 276 285 292 314 324 375 387 389 412 446 486 522 572 585 622 650 704 807 832 874 926 935 936 956 1019 1028 1057 1062 1083 1088 1111 1112 1114 1127 1129 1136 1141 1145 1152 1153 1156 1192 1199 1209 1228 1249 1265 1320 1325 1332 1361 1362 1380 1385 1386 1403 1405 1480 1552 1559 1611 1636 1665 1666 1693 1726 1734 1750 1829 1862 1873 1917 1969 1985 1988 1992 2037 2047
824,COCCN(CCN1CCCCC1)S(=O)(=O)c1ccc2nc1O2,2 13 15 16 38 61 72 80 144 193 204 243 311 350 378 380 392 402 441 466 467 485 486 616 640 650 656 683 695 702 779 815 841 881 926 935 954 1005 1028 1057 1079 1089 1145 1161 1190 1213 1222 1246 1251 1266 1270 1302 1314 1328 1376 1380 1420 1434 1441 1453 1468 1476 1480 1482 1484 1502 1521 1592 1667 1708 1743 1750 1752 1790 1791 1810 1829 1855 1873 1924 1951 1982 1998 2028
825,CCOc1ccc(OC=Cc2sc(NC(=O)N(C)CC)nc2C)cc1,11 21 42 69 74 80 92 102 109 162 193 196 206 227 237 273 317 322 334 335 378 380 385 392 531 596 637 639 650 663 675 694 695 711 718 733 766 771 779 797 807 818 835 877 881 919 932 1055 1057 1152 1163 1166 1181 1204 1238 1243 1283 1301 1367 1380 1392 1436 1452 1514 1546 1586 1611 1673 1706 1722 1726 1747 1750 1765 1766 1808 1816 1855 1873 1877 1917 1947 1980 1992 2023
826,CC(C)(C)c1cnn2c(NS(=O)(=O)c3cccc(F)c3)cnc2n1,4 43 86 89 105 114 118 198 223 230 235 256 319 349 350 363 378 392 412 502 533 630 650 685 699 718 755 807 875 917 932 935 1004 1019 1039 1057 1071 1088 1117 1123 1152 1270 1279 1339 1366 1380 1404 1436 1446 1452 1471 1476 1487 1522 1535 1562 1569 1586 1594 1670 1686 1729 1750 1752 1766 1805 1834 1839 1845 1855 1865 1873 1887 1928 2026
827,CC(=O)N(Cc1ccc(C)cc1)c1ccc(C)c2cc(C)ccc12,21 46 58 80 146 157 180 214 225 235 275 310 366 368 440 472 495 503 507 510 541 579 626 650 654 697 753 783 807 837 875 877 922 989 992 1013 1017 1047 1057 1147 1357 1362 1380 1383 1391 1411 1516 1520 1588 1606 1662 1691 1722 1725 1733 1750 1754 1793 1807 1823 1827 1837 1845 1873 1876 1879 1884 1906 1908 1917 1920 1929 1940 2018
828,CCOc1ccc2c(c1)N(c1c(C)n3c(=O)n1CC3)CCC2,19 69 80 127 167 177 197 215 229 237 277 282 294 314 322 331 342 392 445 450 488 498 525 556 650 679 695 771 875 926 935 1028 1046 1057 1138 1154 1236 1238 1295 1327 1359 1379 1380 1383 1403 1452 1457 1480 1492 1496 1501 1532 1558 1571 1656 1662 1687 1722 1738 1750 1766 1789 1853 1859 1868 1873 1929 1980
829,CNC(=O)C1=C(NC(=O)NC(=O)c2ccccc2)C(=Cc2cc3cc(OC)ccc3c(=O)[nH]2)C(=O)O1,30 52 57 59 67 86 144 222 233 259 279 281 291 314 322 345 349 362 379 384 389 420 486 530 546 565 592 594 602 604 650 656 694 695 718 734 750 776 778 781 783 786 804 807 816 835 838 841 875 917 930 1057 1088 1114 1119 1120 1151 1152 1164 1199 1207 1255 1257 1285 1305 1319 1351 1357 1380 1381 1383 1385 1389 1411 1415 1422 1424 1430 1456 1488 1489 1530 1536 1545 1584 1655 1665 1729 1733 1741 1745 1750 1810 1816 1827 1855 1873 1905 1917 1920 1968 1972 1985 1989 2001 2010 2026
830,O=C(c1cccs1)N1CC(=O)N(C(F)(F)c2ccccc2)C1=O,8 14 23 27 79 92 114 134 175 222 241 298 307 314 322 352 360 383 389 419 475 476 539 582 588 650 665 675 686 700 759 760 761 777 798 807 815 914 915 926 935 957 971 1031 1036 1072 1088 1092 1154 1183 1199 1215 1220 1296 1303 1333 1371 1383 1387 1412 1417 1453 1504 1539 1567 1606 1617 1672 1676 1681 1717 1739 1748 1750 1755 1817 1837 1846 1850 1873 1897 1902 1905 1917 1928 1946 1952 2002 2017 2021
831,O=C(c1cccc(CCCC2Cc3ccccc3N(C(=O)c3ccc(F)cc3)C2)c1)N1CCOCC1,11 29 42 73 80 90 97 104 155 191 231 253 294 340 487 497 509 523 537 555 567 611 618 624 626 644 650 656 699 712 739 801 807 832 874 875 880 926 935 942 950 965 968 978 1001 1019 1030 1032 1039 1066 1088 1091 1105 1117 1167 1199 1213 1236 1243 1265 1282 1295 1380 1387 1391 1396 1405 1410 1441 1480 1504 1510 1511 1539 1565 1600 1651 1670 1680 1687 1696 1697 1708 1734 1740 1750 1754 1827 1853 1873 1890 1897 1911 1917 1928 1985 2009 2023 2030
832,CCOC(=O)CC(c1ccc(C=CC=C(OC)C(C)=O)cc1)C1OC(CC)C(O)C1O,1 16 25 31 80 106 110 127 147 181 259 285 294 349 365 372 432 480 509 591 610 624 636 644 650 656 694 695 703 718 761 774 781 807 834 835 841 869 878 916 994 1017 1019 1057 1071 1125 1152 1220 1234 1238 1257 1269 1290 1295 1296 1297 1319 1365 1370 1379 1380 1384 1386 1417 1425 1453 1454 1471 1487 1498 1592 1607 1621 1622 1669 1692 1706 1719 1722 1730 1750 1798 1819 1844 1853 1873 1885 1918 1921 2029 2033 2042 2044
833,COc1cc2cc3c1c1ccc(c-1c2OC(C)(C)C)C(C1C2OCC4C(OC41)C2O)=C(O)O3,7 41 114 165 178 187 221 249 257 262 288 333 352 384 391 392 433 487 517 548 594 614 622 643 656 670 695 701 729 760 769 770 777 802 807 815 841 845 875 926 997 1019 1057 1109 1116 1120 1131 1142 1156 1205 1210 1212 1213 1251 1254 1257 1263 1286 1294 1321 1351 1380 1404 1457 1487 1527 1535 1536 1574 1582 1602 1609 1646 1648 1651 1693 1735 1747 1750 1755 1757 1762 1810 1824 1855 1858 1859 1873 1884 1905 1921 1923 1954 1970 1980 1984 2024
834,CCN(CCOc1cccc(OC)c1)C(=O)CSCC(=O)OCCNS(=O)(=O)c1ccccc1,6 13 80 99 116 147 231 275 294 317 319 322 323 334 350 375 389 392 429 477 502 553 562 575 588 592 603 610 650 667 694 695 781 789 807 821 834 841 859 875 881 883 918 932 943 953 961 978 999 1005 1008 1013 1031 1034 1039 1057 1064 1088 1152 1174 1188 1199 1238 1260 1357 1374 1380 1386 1404 1413 1414 1427 1441 1456 1476 1501 1536 1551 1582 1599 1614 1626 1630 1675 1676 1695 1750 1756 1761 1768 1783 1815 1839 1844 1873 1883 1917 1951 1959 1972 2005 2043
835,O=C1c2c(N3CCCC3)n[nH]c2CN2CCN1CC2,4 44 85 90 112 129 130 187 190 227 242 268 314 378 407 418 460 475 528 577 650 653 676 680 734 749 781 789 846 872 875 879 926 935 991 1028 1064 1083 1095 1114 1183 1251 1259 1333 1350 1380 1417 1459 1472 1480 1495 1508 1511 1573 1611 1636 1668 1747 1762 1801 1861 1875 1946 1949 1973 1998 2004 2042
836,CCN(C)CCCc1ccc(C(=O)Nc2ccc3c(Sc4ccccc4Cl)nc(SC)nc3c2)o1,32 80 116 184 191 225 230 250 294 296 310 366 377 378 386 394 423 438 449 486 552 555 561 562 650 656 727 780 806 807 823 843 850 862 875 881 906 911 921 952 966 974 997 1025 1041 1057 1062 1086 1088 1096 1097 1106 1149 1152 1163 1199 1236 1240 1243 1259 1283 1324 1357 1358 1360 1380 1391 1428 1468 1504 1522 1530 1539 1582 1586 1604 1661 1683 1685 1688 1718 1723 1733 1750 1754 1793 1794 1816 1824 1843 1855 1873 1887 1911 1917 1934 1951 1961 1978 1982 1994 2025 2039
837,CC(=O)Nc1cnc(N2CCCN(CCCCCCn3c(=O)c4ccc3cc4)C2=O)s1,80 92 145 162 179 193 203 215 245 285 314 360 371 378 393 395 431 435 474 504 515 544 580 645 647 650 651 675 695 706 715 739 773 802 807 842 849 864 880 893 923 926 935 951 994 1017 1025 1028 1036 1056 1057 1058 1059 1080 1083 1089 1117 1123 1143 1145 1152 1218 1231 1271 1315 1318 1380 1395 1407 1452 1457 1458 1474 1480 1483 1535 1560 1580 1601 1609 1620 1642 1653 1750 1816 1827 1855 1873 1884 1895 1906 1911 1917 1930 1931 1946 1969 2045
838,Cc1cnc(NC(C)CN2CCCC(NC(=O)c3ccccc3)C2=O)s1,1 21 36 80 154 162 283 304 314 327 329 350 378 385 387 389 437 446 451 486 495 518 575 611 650 675 690 693 721 730 740 747 748 760 763 767 801 807 877 891 905 909 926 935 1019 1020 1022 1028 1057 1088 1089 1091 1116 1123 1151 1152 1199 1245 1249 1257 1263 1325 1342 1380 1385 1399 1401 1452 1480 1493 1503 1523 1535 1542 1650 1665 1692 1722 1750 1766 1782 1873 1883 1912 1915 1917 1922 1979 1985 2000 2018 2032
839,N#Cc1ccc2nc3c4c(N5CCCCC5)nc=4n(c2c1)CCCC3,2 29 45 102 130 160 166 178 206 288 305 310 357 366 378 407 420 436 438 445 459 526 534 587 596 608 674 680 712 714 780 790 843 875 894 923 927 935 956 961 985 987 1016 1028 1066 1084 1097 1102 1115 1134 1136 1215 1226 1234 1247 1272 1304 1380 1384 1413 1458 1472 1480 1496 1556 1605 1616 1653 1718 1727 1738 1750 1770 1789 1802 1817 1855 1865 1873 1948 1954 1958 1975 1998 2004 2024 2040 2047
840,CCCN(C)C(=O)Nc1ccccc1NC1=CC=C2C=NC=C21,41 80 190 193 197 251 287 293 294 334 359 378 410 415 443 475 491 518 579 589 592 650 661 666 767 779 794 807 822 857 861 872 877 881 916 930 944 998 1049 1057 1063 1088 1112 1132 1137 1146 1152 1158 1163 1167 1180 1199 1200 1209 1212 1220 1224 1249 1260 1308 1371 1380 1382 1436 1465 1526 1548 1617 1647 1692 1696 1700 1718 1750 1761 1801 1816 1833 1835 1873 1885 1890 1891 1896 1903 1917 1927 1951
841,O=C(NCCOS(=O)(=O)O)OCCOC(=O)OCCSCCO,6 13 26 40 80 83 91 116 147 197 222 227 230 234 245 283 325 336 349 350 360 401 409 448 473 500 539 592 607 642 650 667 689 695 772 789 807 834 845 910 928 953 991 1041 1046 1128 1152 1182 1189 1209 1243 1250 1280 1296 1391 1411 1476 1482 1490 1528 1534 1613 1621 1652 1758 1790 1840 1898 1916 1917 1919 1928 1951 2020 2027
842,COc1cccc(NC(=O)c2cccc(C(=O)N(CC(=O)O)C(=O)NC(=O)CC#N)c2)c1,20 21 41 80 81 101 104 111 184 191 193 253 287 313 322 361 373 389 399 400 417 431 486 487 526 562 580 581 605 650 657 671 674 695 703 763 781 782 790 807 826 839 841 875 881 912 1039 1057 1062 1088 1089 1119 1127 1152 1161 1190 1221 1299 1318 1380 1384 1385 1408 1410 1418 1469 1503 1536 1559 1621 1632 1648 1649 1671 1686 1734 1737 1744 1750 1762 1795 1800 1815 1816 1917 1927 1943 1960 1968 1972 1978 1984 1985 2031
843,O=C(Nc1nc2c(Cl)c3c1n2CO3)N1CCCCC1,2 23 59 68 85 118 218 369 375 378 382 402 408 441 458 464 550 561 609 615 628 650 656 708 729 784 807 863 892 918 926 935 937 1011 1018 1028 1034 1117 1152 1153 1227 1262 1267 1268 1294 1380 1381 1440 1468 1476 1480 1496 1513 1524 1581 1584 1619 1620 1632 1645 1683 1692 1696 1739 1792 1816 1826 1827 1855 1857 1901 1917 1923 1960 1998 2009 2017
844,CC(=O)Oc1cc(C(F)(F)F)ccc1OCCC1Oc2cccc(c2)C1=O,13 80 94 114 141 146 168 171 190 237 276 314 326 378 411 432 492 512 550 570 583 637 650 656 695 736 750 753 772 807 809 832 838 857 875 913 933 977 998 1017 1019 1035 1039 1057 1084 1088 1142 1160 1194 1260 1264 1265 1349 1356 1365 1380 1417 1437 1452 1453 1468 1469 1518 1522 1537 1586 1591 1612 1626 1630 1665 1669 1670 1686 1729 1736 1750 1767 1775 1783 1835 1873 1877 1883 1917 1928 1970 1978 1985
845,CCCCCCCN1CCCN(CCO[N+](=O)[O-])C1=O,13 80 92 93 119 204 248 294 314 320 321 326 371 400 425 472 486 493 511 591 650 664 692 694 695 702 715 737 748 753 794 808 809 838 862 889 893 899 926 935 949 951 1028 1057 1083 1089 1123 1143 1145 1194 1226 1380 1397 1417 1430 1444 1480 1577 1665 1687 1690 1713 1762 1793 1831 1859 1911 1928 1963 1979 2032 2045
846,Cc1ccc(-c2ccc(Cl)cc2-c2ccccc2)[n+]2c(CC(C)(C)C)cncc12,41 43 80 84 112 114 142 165 199 216 222 228 268 293 312 328 343 352 378 389 392 426 463 476 486 554 561 573 604 648 679 680 706 716 736 749 757 769 801 816 843 875 888 943 997 1006 1057 1081 1083 1088 1089 1095 1108 1122 1157 1160 1196 1199 1269 1280 1303 1331 1380 1391 1402 1405 1409 1460 1505 1519 1531 1535 1580 1588 1597 1603 1606 1683 1691 1722 1750 1804 1807 1853 1873 1900 1912 1991 2011 2019
847,COc1ccccc1-n1c(=O)n(C)c2nc(C)ccc21,11 45 57 97 115 120 150 196 249 297 314 335 378 394 421 564 585 600 616 618 626 647 650 681 695 771 841 935 943 955 996 999 1003 1024 1025 1057 1060 1088 1090 1145 1183 1199 1223 1248 1290 1295 1330 1380 1400 1443 1472 1498 1510 1536 1543 1544 1633 1647 1687 1696 1707 1722 1731 1750 1807 1846 1855 1873 1879 1939 1970 1993 2021
848,CCC(=O)Nc1ncc(-c2cccc3ccccc23)s1,1 41 62 80 162 200 216 236 273 294 325 352 378 381 385 457 461 528 542 650 671 675 695 850 898 907 984 1034 1039 1044 1053 1057 1087 1088 1104 1123 1139 1141 1148 1152 1166 1199 1205 1208 1209 1290 1316 1357 1380 1436 1452 1535 1573 1616 1677 1705 1750 1759 1764 1782 1796 1815 1816 1855 1873 1887 1917 1932 1957 1969 2028 2046
849,COc1ccc(C=C(C(=O)N2CCCCC2C)c2ccc(OC)cc2)cc1,25 77 82 127 193 242 272 286 299 303 317 376 396 412 458 467 502 548 650 661 666 684 694 695 700 718 734 742 781 801 807 815 831 841 854 877 890 923 935 999 1019 1020 1028 1057 1077 1096 1110 1238 1258 1269 1309 1325 1365 1380 1385 1423 1480 1500 1507 1536 1563 1569 1650 1697 1703 1707 1746 1750 1782 1803 1873 1916 1950 1981 1998 2032 2033
850,C1=Cc2ccc(o2)C(CN2CCN3CCCC3C2)=C1,28 74 80 86 120 121 138 150 246 294 300 308 343 345 351 355 390 441 446 451 542 547 558 561 655 656 683 739 766 768 781 862 894 900 926 935 981 998 1019 1028 1063 1135 1163 1170 1187 1205 1249 1279 1294 1318 1325 1338 1342 1368 1380 1457 1480 1524 1579 1581 1589 1604 1685 1736 1750 1765 1791 1854 1864 1873 1910 1931 1933 1937 1958 1968 1993 2033
851,CC(=O)OCCCC(=O)N(Cc1ccc(C)cc1)c1ccc([N+](=O)[O-])cc1,5 11 13 50 80 136 147 190 220 235 284 310 312 445 486 507 598 619 623 626 650 695 714 715 741 753 769 777 783 789 807 838 846 881 930 960 961 978 1017 1035 1057 1065 1077 1096 1100 1127 1147 1195 1224 1238 1274 1311 1380 1384 1445 1559 1564 1597 1696 1710 1717 1722 1734 1738 1750 1754 1809 1814 1823 1840 1873 1886 1905 1911 1917 1920 1963 2024
852,COC(=O)c1cc(C=CN2CCNC2=O)cc(OC)c1,3 8 17 35 145 169 187 188 191 210 249 305 314 322 323 338 367 376 399 466 484 561 595 607 629 630 631 635 650 663 694 695 731 776 781 807 835 841 851 875 906 926 935 994 1034 1057 1085 1114 1140 1150 1152 1164 1218 1276 1284 1327 1380 1384 1385 1424 1476 1480 1536 1553 1638 1644 1655 1695 1715 1744 1757 1802 1804 1812 1822 1866 1873 1879 1892 1917 1955 1973 2018 2033
853,CC(N)COCOC(C)C,1 80 85 118 122 159 205 206 283 296 316 328 415 456 457 542 567 608 643 647 695 703 724 786 1057 1112 1147 1164 1171 1265 1319 1343 1355 1447 1583 1603 1605 1622 1636 1719 1749 1762 1773 1805 1810 1886 1929 1956 1958 1978 1982 1992 2012
854,O=c1c2nc3c1c(OS(=O)(=O)N(CCCN1CCCCC1)CCOc1ccc(C(F)(F)F)cc1)c1c2c31,2 10 13 25 80 102 114 124 206 211 218 245 314 322 329 333 345 350 378 383 426 431 480 497 525 550 553 575 630 650 653 680 695 709 718 727 740 742 771 807 809 828 845 881 883 926 935 946 955 967 1028 1034 1048 1101 1130 1137 1145 1158 1161 1212 1235 1260 1282 1284 1328 1380 1396 1417 1421 1422 1431 1452 1453 1476 1480 1482 1519 1587 1599 1616 1665 1702 1719 1720 1724 1750 1775 1786 1791 1803 1839 1848 1855 1873 1882 1886 1911 1928 1951 1984 1988 1998
855,C#COC1=CSC(NC(=O)c2ccccc2)=Nc2ncccc21,6 82 111 224 310 313 352 368 378 389 412 448 486 527 529 580 594 608 634 650 658 674 675 695 725 798 807 877 890 915 927 974 984 1039 1043 1067 1088 1103 1144 1152 1154 1198 1199 1223 1310 1344 1380 1385 1391 1395 1434 1444 1452 1555 1617 1640 1665 1671 1721 1734 1743 1750 1752 1765 1770 1776 1786 1795 1816 1866 1873 1874 1890 1917 1971 1985 1996
856,O=C(Nc1cccc2c(=O)[nH]c3ccncc3c12)c1cccc(Cl)c1O,7 49 54 80 117 119 178 202 241 278 314 366 378 399 419 434 448 486 561 580 650 750 785 807 847 859 888 947 974 991 1039 1048 1088 1100 1114 1152 1153 1176 1208 1224 1231 1290 1299 1302 1357 1380 1437 1447 1454 1460 1473 1497 1512 1535 1551 1573 1577 1586 1594 1602 1603 1616 1653 1674 1683 1693 1696 1737 1745 1750 1784 1800 1802 1816 1854 1866 1873 1917 1925 1984 1991 1997 2026 2031
857,COC1=CC(Cl)=CC=c2oc(=O)n(C)c2=C1Cl,60 84 89 197 314 339 348 367 400 406 448 522 527 561 564 565 633 650 656 667 695 696 711 722 725 752 785 817 841 935 951 1000 1051 1055 1057 1145 1182 1200 1204 1240 1249 1260 1278 1380 1448 1465 1480 1504 1516 1536 1580 1604 1620 1683 1697 1821 1825 1853 1863 1873 1877 1884 1929 1975 1983 1989 2023 2040
858,CCOS(=O)(=O)OS(C)(=O)=O,6 15 80 87 91 203 219 294 346 350 395 425 438 483 533 555 596 647 650 692 695 787 809 831 905 954 1047 1057 1084 1139 1156 1171 1238 1240 1299 1374 1384 1404 1409 1420 1426 1448 1457 1476 1481 1596 1599 1669 1730 1777 1785 1818 1832 1860 1902 1930 1957 2005
859,O=S(=O)(c1ccccc1)N(c1ccccc1)c1nc(-c2cccc(-c3ccccc3)n2)ns1,77 83 122 130 143 178 191 211 230 260 288 291 298 305 319 350 364 374 378 389 494 514 516 547 575 580 595 650 675 679 727 736 737 740 815 881 964 974 977 980 995 1039 1051 1054 1072 1088 1096 1122 1129 1131 1140 1146 1157 1160 1178 1179 1199 1206 1232 1257 1365 1375 1378 1380 1385 1415 1476 1519 1534 1750 1783 1851 1855 1856 1873 1908 1946 1961 1975 1984 2036
860,O=C1N(S(=O)(=O)c2nccc(Br)c2Br)CCc2nc3ccccc3n21,1 3 45 60 75 76 92 135 195 202 219 226 249 289 314 326 350 357 378 383 421 525 526 554 650 728 736 774 779 787 826 833 836 926 935 945 1025 1048 1049 1051 1088 1090 1095 1097 1173 1181 1199 1212 1215 1229 1285 1351 1380 1407 1443 1449 1452 1458 1476 1477 1480 1512 1528 1615 1630 1631 1670 1681 1704 1738 1750 1770 1792 1855 1866 1873 1874 1990 1993 2027
861,Cc1ccc(C#N)c(C(=O)N2CCN(CCCC3CCCOC3=O)CC2)c1F,74 80 108 110 182 193 194 272 314 358 361 362 371 389 392 401 421 441 476 518 576 586 650 653 656 674 699 729 750 790 799 806 807 832 833 881 890 926 935 941 942 950 1008 1019 1028 1048 1052 1057 1084 1102 1104 1112 1136 1145 1265 1325 1358 1380 1383 1384 1391 1405 1437 1445 1463 1464 1465 1468 1480 1482 1504 1568 1599 1611 1687 1691 1722 1750 1791 1824 1830 1862 1873 1911 1917 1928 1933 2009
862,CC(C)(C)C1(C(=O)OCCC2(C(=O)C3CCCCC3)CCCCC2)CCCC1,1 2 7 13 80 114 141 147 195 206 228 239 267 306 326 392 411 420 453 456 483 485 522 558 580 590 641 650 664 685 695 705 717 792 795 807 833 890 926 955 974 1019 1027 1028 1057 1060 1108 1121 1143 1162 1260 1325 1406 1468 1549 1557 1620 1638 1706 1725 1747 1773 1802 1890 1917 1952 2010 2016 2043
863,CC(C)(C)CC=C1CCN(C(=O)c2cc3c(=O)[nH]c4ccc5c2=CC=c5c4=3)CC1,26 31 37 45 46 80 114 119 166 167 210 244 258 308 314 317 327 362 389 392 414 493 512 522 537 551 586 594 611 616 650 655 681 694 734 750 752 770 807 854 857 875 930 935 942 961 964 990 997 1054 1057 1091 1097 1100 1104 1114 1138 1202 1216 1249 1319 1357 1361 1378 1380 1440 1480 1504 1520 1578 1590 1691 1718 1733 1739 1745 1749 1750 1772 1786 1839 1841 1846 1854 1868 1872 1873 1900 1907 1917 1939 1989 1991 2009 2041
864,C#CC1=C2CCCN(S(=O)(=O)c3ccccc3)CCN2CCN1C(=O)C(C)(C)C,38 48 82 114 142 145 165 167 169 210 235 268 270 319 334 350 351 366 374 389 392 407 408 417 472 522 539 547 575 583 585 650 667 674 725 730 738 757 767 800 807 842 915 926 935 951 974 1018 1028 1035 1057 1076 1081 1082 1088 1138 1154 1176 1191 1199 1211 1224 1225 1246 1335 1357 1380 1381 1387 1462 1476 1480 1508 1514 1546 1561 1629 1635 1640 1649 1718 1738 1750 1813 1823 1826 1867 1873 1896 1929 1937 1979
865,CC(C)(C)C1=C(C(=O)N2CCCN(S(=O)(=O)c3ccc(F)cc3F)S2(=O)=O)C(=O)C=C1,10 41 87 114 133 134 156 167 170 207 214 314 325 326 350 361 388 392 433 469 473 479 480 523 547 575 640 650 693 699 717 731 747 754 763 777 791 800 807 829 875 900 926 935 938 942 960 1010 1014 1028 1033 1048 1057 1083 1090 1100 1154 1161 1239 1254 1272 1339 1348 1379 1380 1405 1410 1465 1476 1480 1487 1489 1504 1513 1667 1670 1737 1748 1750 1758 1772 1798 1840 1856 1873 1875 1881 1917 1925 1928 1933 1939 1991 2029
866,CC1C(=O)c2ccccc2CC1NC(=O)c1ccccc1,23 55 57 78 89 112 135 182 190 206 224 231 234 260 274 276 294 304 314 352 378 387 389 423 438 486 499 513 531 553 650 686 707 757 780 782 807 831 861 892 922 926 929 940 952 967 968 984 992 1007 1019 1057 1088 1090 1152 1199 1236 1249 1282 1309 1320 1340 1380 1385 1394 1403 1406 1446 1485 1529 1607 1665 1686 1708 1730 1750 1873 1888 1909 1914 1917 1951 1965 1985 1989 2037
867,COC(=O)CCCC1Oc2ccc(Cl)cc2OC2CCCOC1C2O,16 37 80 123 165 172 180 184 195 216 221 306 361 362 384 490 525 561 602 610 640 650 656 661 695 750 773 802 803 807 816 832 841 871 875 906 926 950 967 1019 1028 1035 1133 1152 1245 1257 1283 1297 1325 1376 1380 1386 1399 1468 1478 1487 1537 1564 1611 1612 1659 1683 1686 1694 1695 1750 1807 1819 1853 1856 1873 1883 1905 1909 1911 1917 1937 1953
868,CCn1c(=O)c2cc(OC)ccc2n(-c2cc(OC)ccc2OC)c1=O,34 45 60 80 91 94 174 189 239 249 258 294 297 314 320 322 331 344 375 473 498 502 504 507 548 575 603 633 649 650 679 692 695 718 740 771 781 802 833 841 849 850 875 880 935 1010 1026 1057 1076 1091 1118 1123 1144 1220 1237 1280 1295 1341 1346 1357 1361 1380 1412 1441 1474 1528 1536 1546 1554 1611 1639 1688 1696 1729 1750 1790 1811 1846 1873 1874 1939 1941 1950 1959 1970 1972 1993 2021 2041
869,O=C1NC(=O)C(=C(c2ccc(Cl)c(C(=O)O)c2)N2C3CCC4C(OC42)C3O)C=C1C(=O)Nc1ccc(Cl)cc1,31 76 84 169 178 191 205 216 218 221 263 264 311 314 366 389 414 456 486 522 533 561 595 617 622 632 650 656 666 764 807 816 836 843 849 875 893 897 911 926 935 954 994 1019 1035 1045 1047 1060 1070 1075 1077 1114 1116 1145 1149 1152 1156 1176 1211 1222 1257 1292 1310 1316 1325 1331 1332 1361 1380 1385 1442 1443 1470 1481 1487 1502 1562 1566 1611 1617 1623 1657 1667 1683 1688 1689 1697 1704 1733 1745 1750 1779 1782 1815 1816 1854 1858 1873 1908 1917 1921 1922 1926 1940 1947 1950 1978 1991 2018 2034
870,CC(=O)N(Cc1ccc(F)cc1C)C(=O)Nc1cccc2ccccc12,6 80 149 193 303 348 410 468 472 507 540 576 613 643 650 699 724 807 841 875 881 901 911 939 993 1017 1022 1039 1057 1071 1081 1087 1088 1093 1104 1121 1138 1152 1199 1219 1224 1258 1330 1349 1357 1368 1380 1387 1391 1410 1424 1431 1487 1573 1588 1598 1618 1631 1648 1667 1670 1679 1696 1708 1722 1728 1741 1750 1788 1816 1855 1873 1880 1906 1917 1928 1962 1970 1992 2019
871,CC(C)(C)OC(=O)CCCCC(=O)C(=O)O,68 80 104 114 178 192 231 249 352 373 388 389 392 404 446 517 642 695 700 702 715 807 821 929 961 1014 1057 1067 1075 1077 1088 1126 1159 1229 1230 1267 1313 1386 1399 1427 1455 1546 1564 1574 1656 1849 1854 1859 1882 1911 1917 1979 2006
872,C=CC=CC=C(Cl)c1cccc2nc(SC)c3ccc(S(=O)(=O)N4CCN(CC)C4=O)cc3c12,23 32 33 34 43 60 80 92 116 166 183 192 236 241 272 292 294 295 313 314 319 320 350 378 394 410 432 478 493 504 531 592 598 650 668 681 694 715 784 791 800 807 826 848 862 871 875 926 935 955 1039 1051 1057 1065 1088 1089 1097 1113 1127 1188 1194 1212 1219 1247 1273 1277 1282 1292 1313 1319 1357 1366 1380 1418 1435 1443 1444 1447 1461 1476 1480 1514 1515 1560 1601 1645 1654 1680 1683 1690 1723 1729 1733 1750 1775 1781 1786 1803 1805 1843 1855 1873 1889 1932 1957 1960 1984 1991 2004 2011 2015 2041 2044
873,C=C(C)C1CC2C(=O)C3CCC(C)(C3C3CCCC(C)(C)C23)C(C(=O)OCC)C1(C)C,43 58 80 89 111 120 123 147 173 200 259 276 294 314 337 366 378 398 425 432 455 474 488 523 534 536 549 577 611 622 650 677 695 712 795 807 831 883 926 937 944 979 992 1000 1009 1017 1019 1022 1026 1028 1035 1036 1057 1060 1066 1072 1078 1096 1114 1115 1125 1162 1166 1196 1216 1232 1238 1254 1274 1292 1298 1313 1325 1343 1366 1380 1424 1446 1458 1477 1502 1561 1641 1668 1698 1705 1722 1727 1730 1786 1917 1930 1949 1951
874,COc1nc(Nc2cccc(Cl)c2)ncc1-c1ccccc1C,7 35 69 100 148 163 165 191 216 315 319 329 350 352 378 401 458 486 487 491 522 544 561 592 621 672 695 703 720 743 823 841 859 872 875 889 898 919 920 946 984 1003 1013 1039 1057 1088 1101 1103 1128 1152 1163 1175 1199 1243 1288 1304 1331 1332 1374 1380 1391 1430 1452 1486 1530 1535 1536 1577 1582 1586 1592 1658 1659 1683 1693 1722 1730 1750 1786 1842 1852 1855 1873 1888 1890 1901 1923 1985 1999 2024 2032
875,CC(C)(C)Oc1ccccc1S(=O)(=O)NC1CCCCC1,2 49 114 142 186 241 335 336 348 350 382 392 407 428 447 449 452 502 523 548 552 565 604 642 650 659 695 717 742 762 767 769 771 787 838 860 889 890 895 911 926 944 951 988 992 1000 1019 1028 1057 1079 1088 1116 1132 1152 1176 1199 1204 1228 1325 1332 1366 1380 1410 1423 1431 1454 1473 1476 1500 1520 1602 1630 1634 1639 1649 1667 1677 1682 1683 1691 1735 1750 1763 1831 1859 1873 1905 1928 1932 1937 1970 2021 2025
876,COC(=O)c1ccc(F)c(OCC2CCC3(CCCCC3)CC2)c1,2 9 29 50 73 80 86 145 156 166 216 283 298 303 332 335 355 394 405 425 428 459 469 473 474 482 637 642 644 650 677 695 699 735 807 841 859 867 875 906 912 925 926 961 990 1019 1028 1048 1057 1060 1063 1136 1148 1152 1162 1163 1222 1256 1284 1325 1329 1338 1355 1361 1380 1385 1408 1419 1428 1447 1449 1452 1559 1562 1600 1638 1645 1659 1662 1688 1690 1697 1715 1745 1750 1751 1778 1779 1812 1840 1873 1900 1917 1928 1970 1992 2023
877,N#CN1CCN(C(=O)c2ccc(Cl)cc2)C(COc2ccccc2)C1=O,5 51 58 80 82 99 100 102 128 179 216 222 242 314 322 377 389 418 446 461 488 509 561 562 629 650 674 695 723 738 746 749 790 807 816 901 925 926 935 973 1019 1070 1077 1088 1118 1121 1136 1156 1174 1185 1199 1212 1243 1355 1369 1370 1380 1384 1385 1393 1411 1452 1480 1504 1511 1537 1581 1625 1627 1650 1661 1662 1665 1683 1697 1722 1736 1750 1785 1828 1873 1875 1885 1917 1918 1931 1944 1949 1958 1962 1978
878,C=NC=CC=C1C=C(C(=O)c2ccccc2)C(=O)NC1=O,4 9 23 54 67 78 84 98 176 200 245 280 314 347 359 389 395 398 412 414 432 463 526 535 542 555 577 646 650 667 684 694 725 759 777 781 792 801 807 842 843 890 904 955 961 984 1016 1041 1060 1088 1114 1148 1167 1168 1199 1205 1233 1244 1366 1380 1385 1449 1481 1496 1540 1599 1612 1617 1657 1694 1700 1726 1750 1762 1775 1856 1858 1873 1917 1985 2009
879,O=C1CCCCN1C(=O)[N+]1=C(c2ccccc2CCc2ccccc2)c2ccccc2C1=O,23 48 80 109 156 174 176 179 205 212 229 283 309 310 314 340 352 362 389 427 432 459 463 499 501 523 528 538 541 650 706 798 807 823 870 890 900 926 935 944 945 984 1028 1045 1066 1088 1115 1121 1182 1192 1199 1215 1243 1253 1298 1349 1378 1380 1387 1480 1513 1527 1588 1589 1597 1616 1660 1723 1738 1750 1754 1837 1868 1873 1880 1917 1937 1944 1998 2010 2024
880,O=C(NCCN1C=C2C=C(C=N2)S1(=O)=O)c1ccc(CN2CCCCC2)cc1,2 8 32 71 80 84 106 130 163 187 197 207 265 305 310 332 378 409 419 423 439 452 469 471 486 513 529 549 586 599 616 650 667 668 686 704 772 784 803 807 883 886 912 926 935 938 946 990 1028 1102 1108 1121 1122 1130 1143 1145 1146 1152 1186 1271 1325 1385 1403 1418 1422 1431 1433 1439 1472 1480 1529 1541 1567 1603 1657 1659 1665 1683 1697 1743 1750 1754 1765 1771 1791 1802 1849 1873 1885 1917 1933 1998
881,COc1ccnc(NC(=O)N(C)C(=O)N2CC2)c1,79 112 131 136 193 196 273 283 284 322 329 337 340 359 368 378 439 466 483 605 619 650 687 688 695 709 781 787 807 811 841 875 881 902 903 924 926 935 955 993 1013 1038 1057 1069 1099 1109 1138 1152 1163 1259 1342 1380 1404 1452 1458 1480 1513 1514 1536 1539 1589 1592 1595 1631 1688 1692 1714 1750 1754 1816 1818 1860 1866 1873 1876 1917 1972 2009
882,CC1CN(C(=COCCc2c[nH]c(-c3ccc(-c4ccccc4)[nH]3)c2)NC2CCNC2=O)C(=O)N1,13 42 77 80 127 170 193 223 253 265 267 296 301 305 314 342 358 387 389 508 606 650 694 695 736 739 800 806 807 842 875 882 916 926 935 944 964 993 1019 1032 1034 1053 1057 1088 1114 1146 1152 1160 1178 1199 1216 1232 1243 1257 1309 1324 1325 1351 1352 1363 1380 1387 1429 1432 1461 1471 1512 1532 1615 1626 1637 1659 1665 1694 1705 1708 1714 1717 1745 1750 1754 1776 1817 1855 1861 1866 1873 1874 1879 1893 1899 1916 1918 1937 1946 2000 2020 2023 2040
883,CC1(c2ncnc(NC3=NN3)n2)CCCCC1,2 10 38 72 123 232 241 303 338 343 357 375 378 384 413 457 458 489 491 551 556 623 758 891 903 906 926 1028 1034 1038 1045 1057 1060 1114 1144 1152 1162 1176 1244 1274 1275 1280 1294 1372 1380 1392 1452 1472 1527 1533 1544 1553 1571 1575 1582 1612 1637 1638 1647 1648 1697 1731 1732 1793 1798 1810 1839 1855 1861 1864 1873 1919 1949 1973 2032 2040 2046
884,CCOC(=O)CCCn1c(=O)sc(CC)c(C(C)=O)c1=O,0 17 63 64 80 83 112 136 137 147 154 155 162 210 294 314 339 369 394 395 424 466 504 526 586 637 650 675 677 730 754 782 797 802 807 853 935 989 1014 1017 1057 1115 1145 1161 1230 1238 1261 1292 1380 1386 1399 1422 1430 1485 1502 1541 1563 1564 1583 1597 1620 1642 1669 1708 1722 1727 1728 1799 1818 1820 1822 1848 1857 1884 1903 1911 1917 2005 2022 2033 2045
885,CCCN(CCCN(C(=O)C#N)C(C)(C)C)C(=O)c1ccc(OC)cc1,36 42 79 80 81 114 183 207 252 294 301 322 326 354 363 376 392 406 426 501 538 587 601 607 650 666 674 690 694 695 718 728 738 756 769 781 790 794 803 807 828 831 837 840 841 870 873 880 881 961 978 1006 1048 1057 1075 1170 1221 1258 1272 1289 1303 1380 1384 1385 1427 1434 1536 1540 1594 1606 1697 1750 1757 1761 1785 1817 1873 1886 1890 1911 1917 1918 1951 1965 2043
886,CC(C)(C)OC(=O)N1C(=O)CCCN(CCCCC2CCCCC2)C1=O,2 19 29 42 50 53 80 89 92 114 146 182 231 267 268 314 318 331 334 371 392 396 405 442 461 478 484 507 512 523 650 681 695 712 733 798 807 813 832 890 893 926 932 935 936 951 1019 1028 1037 1047 1057 1065 1066 1086 1087 1089 1123 1138 1139 1145 1158 1182 1198 1203 1275 1337 1356 1374 1380 1397 1417 1426 1468 1480 1499 1509 1510 1574 1588 1633 1703 1738 1798 1819 1843 1859 1871 1890 1911 1917 1996
887,CC(O)N(C(=O)O)C(=O)O,1 82 157 159 183 200 227 238 267 283 291 363 389 392 468 526 590 650 704 720 807 866 881 910 912 919 1057 1070 1074 1109 1147 1206 1270 1280 1286 1476 1605 1704 1722 1742 1917 1925 1984 1985
888,Cc1nnc(-c2ccccc2N2CCCC2)s1,32 82 88 132 139 162 171 231 256 266 269 305 342 352 378 407 418 550 564 634 655 665 675 680 751 813 873 926 935 942 984 1028 1057 1067 1088 1092 1140 1164 1169 1199 1295 1380 1420 1422 1423 1425 1480 1493 1498 1510 1548 1606 1647 1722 1742 1750 1791 1811 1815 1848 1855 1873 1934 1998 2015 2019
889,CC1(C)CN2CCN3CCN(C2=O)C2CCCN(C2)C2=CC=C(C=C4NC(=O)C2=C4NC3=O)O1,35 47 81 84 92 170 173 264 273 279 314 329 332 334 349 362 407 424 436 446 536 542 566 582 602 621 650 656 680 684 731 739 754 757 765 821 830 886 926 935 937 977 986 993 1019 1028 1057 1060 1097 1111 1114 1190 1199 1200 1249 1258 1274 1282 1319 1325 1334 1359 1380 1407 1465 1472 1480 1488 1492 1501 1508 1509 1552 1594 1596 1644 1657 1661 1675 1679 1719 1723 1730 1771 1811 1815 1832 1840 1856 1873 1910 1917 1944 1973 1989 1993 2036
890,Clc1ccc(Sc2nnc3n2CCC3)c(Cl)c1,79 116 129 165 174 178 216 313 338 347 366 378 421 507 552 556 561 602 638 639 641 747 816 842 875 882 896 926 927 935 983 984 987 1025 1028 1033 1055 1094 1138 1164 1174 1189 1203 1209 1226 1235 1272 1299 1317 1318 1325 1342 1375 1378 1380 1442 1449 1480 1496 1567 1580 1609 1646 1647 1652 1662 1683 1738 1741 1750 1761 1768 1795 1798 1810 1854 1868 1873 1919 1938 2039 2043
891,CCNC(=O)NC(C)C,1 5 71 80 117 143 197 247 265 283 294 322 386 414 507 522 586 588 608 609 650 672 709 727 745 782 786 807 891 945 960 980 1006 1028 1039 1152 1153 1180 1198 1201 1247 1267 1329 1334 1404 1451 1474 1589 1595 1601 1619 1624 1665 1693 1723 1726 1731 1733 1807 1826 1841 1873 1881 1917 1924 1989 2039
892,CCOC(=O)c1c(C(=O)OCCCCCC2OC(=O)C3CCCCC23)ccc2c1CCCC2=O,2 13 27 30 51 54 62 63 67 80 130 145 147 162 191 261 294 314 334 352 361 455 476 523 548 586 610 613 614 622 650 656 680 695 750 751 759 807 814 832 838 887 890 892 937 941 972 1019 1024 1028 1057 1112 1153 1164 1175 1238 1244 1252 1283 1309 1325 1358 1380 1387 1396 1447 1456 1459 1592 1657 1673 1699 1722 1734 1738 1750 1779 1809 1817 1819 1820 1873 1903 1911 1917 1930 1985 1991
893,COc1c(Oc2ccccc2)ccc(-c2ccc(C)cc2)c1C(=O)c1ccc2ccccc2n1,9 46 94 106 139 146 160 193 203 211 219 222 235 252 289 319 322 333 352 378 389 440 467 533 562 586 642 650 680 695 711 807 841 855 896 956 1057 1087 1088 1097 1131 1160 1178 1195 1196 1199 1203 1249 1251 1256 1301 1310 1337 1357 1363 1371 1380 1385 1391 1418 1434 1436 1514 1536 1552 1559 1591 1595 1599 1617 1681 1721 1722 1750 1784 1823 1855 1873 1889 1900 1917 1920 1951 1970 1992 2024 2038
894,O=C(CCc1ccccc1)Nc1ccc(SC(=Cc2ccccc2)C(=O)c2ccccc2)cc1,27 41 80 102 116 119 191 194 209 258 319 376 388 389 397 409 458 474 493 518 524 548 592 629 650 694 783 798 807 811 843 861 901 964 995 999 1008 1021 1027 1045 1060 1066 1077 1088 1090 1152 1199 1202 1243 1250 1255 1352 1353 1367 1372 1380 1385 1414 1448 1510 1514 1518 1558 1564 1584 1671 1710 1721 1738 1744 1746 1750 1754 1816 1838 1873 1881 1917 1939 1985 1994 2001 2023 2033
895,COc1ccc2c(c1)c(=O)c1ccc(S(=O)(=O)O)cc1n2C(=O)c1cc(Cl)cc(Cl)c1Cl,13 20 45 60 65 147 151 211 216 239 314 319 322 350 352 366 368 395 401 460 475 507 561 592 597 626 650 655 684 695 713 715 718 742 781 803 807 841 875 904 935 988 1011 1046 1057 1096 1172 1174 1191 1209 1282 1309 1322 1336 1353 1357 1363 1380 1409 1415 1476 1480 1481 1504 1528 1529 1536 1638 1653 1660 1663 1683 1689 1697 1700 1733 1747 1750 1846 1849 1850 1873 1877 1917 1950 1955 1972 1975 1991 2010 2021 2043
896,O=C(NC1C2CCCC1N1CCCC21)c1c2c(F)cn1nc2-c1cccc(Cl)c1,5 18 39 113 141 158 165 189 216 239 275 303 323 358 378 387 446 458 462 463 464 467 486 509 561 590 592 593 598 622 650 699 712 736 789 807 829 849 861 875 903 922 926 935 937 946 960 1014 1019 1027 1028 1039 1056 1063 1088 1111 1124 1136 1152 1160 1166 1175 1210 1227 1234 1325 1380 1433 1438 1443 1480 1483 1535 1571 1588 1611 1614 1683 1689 1700 1730 1750 1754 1757 1772 1794 1798 1805 1868 1873 1878 1907 1917 1928 1956 1980 1984 2010 2021
897,CN(C(=O)CC(=O)C(F)(F)c1ccccc1)C(=O)NN=C1Cn2c(-c3ccccc3)nn1c2=O,54 80 114 133 153 186 193 232 287 292 314 318 354 368 369 378 383 389 490 504 555 569 650 688 711 714 725 729 736 771 778 785 807 881 889 901 926 935 945 1002 1007 1057 1088 1091 1120 1130 1152 1160 1163 1199 1233 1238 1240 1255 1267 1297 1336 1380 1381 1417 1438 1453 1483 1496 1503 1506 1522 1529 1558 1562 1605 1625 1750 1769 1836 1852 1869 1873 1917 1922 1928 1946 1956 1961 2014 2017
898,COc1cccc(S(=O)(=O)NCCOc2ccc(C)cc2)c1N(C)CCCl,13 80 102 200 235 239 249 264 292 305 322 333 334 340 349 350 369 391 392 407 426 439 490 499 502 534 574 577 580 667 670 699 712 718 727 732 749 758 764 776 784 797 811 841 843 881 916 940 992 996 1013 1028 1034 1039 1057 1088 1101 1109 1152 1158 1163 1166 1174 1289 1304 1380 1410 1432 1452 1456 1467 1476 1494 1533 1536 1540 1574 1626 1635 1664 1670 1683 1691 1710 1722 1729 1750 1760 1769 1823 1857 1873 1920 1951 1970 2004 2024 2032
899,CCCCCC1=C(C)C(=O)CC(C)(C)C1,41 80 91 149 179 197 219 228 231 263 294 314 323 332 381 402 526 543 584 591 650 655 700 751 763 772 773 794 795 799 833 842 857 872 926 940 1001 1003 1057 1060 1093 1184 1205 1243 1274 1299 1301 1316 1349 1380 1385 1444 1472 1484 1487 1576 1577 1628 1654 1677 1696 1713 1722 1724 1858 1880 1899 1911 1956 1996 2000
900,COc1c2c3ccc-2c(C(NC(=O)Nc2ccccc2C(F)(F)F)N2CC2)ccc1s3,1 16 100 114 117 162 197 214 237 262 333 352 365 419 457 475 573 620 650 675 678 680 695 757 805 807 809 841 847 857 885 890 897 910 915 926 935 1010 1017 1057 1077 1088 1093 1110 1129 1152 1181 1199 1224 1236 1265 1289 1326 1334 1340 1380 1453 1480 1489 1523 1536 1562 1596 1597 1599 1627 1657 1672 1696 1703 1747 1750 1764 1767 1808 1816 1873 1917 1928 1929 1977 1989 2004 2007 2026 2036
901,Cc1nc2cccc3c1cc(=O)n(CCN1CCCN(C(=O)Nc4ccccc4)C1=O)c23,0 18 65 77 80 83 92 142 172 191 195 218 236 248 280 289 314 322 339 358 371 378 385 389 409 439 469 493 512 516 533 558 564 577 582 597 619 650 655 703 742 752 757 802 807 819 875 877 926 935 970 989 1001 1006 1028 1039 1047 1057 1077 1083 1088 1089 1097 1123 1132 1141 1145 1152 1171 1199 1215 1217 1275 1292 1316 1349 1357 1380 1387 1399 1440 1450 1478 1480 1506 1538 1548 1573 1576 1592 1599 1633 1659 1660 1722 1729 1750 1794 1816 1855 1871 1873 1886 1917 1938 2000 2044
902,N#Cc1[nH]c(N)nccnc(N)c1C1CC1,15 31 64 80 123 148 203 205 275 285 294 333 345 351 378 380 397 452 466 547 575 577 583 674 697 725 753 790 822 869 926 936 1007 1019 1071 1077 1091 1114 1134 1136 1168 1171 1184 1292 1315 1325 1375 1380 1384 1426 1452 1457 1459 1464 1503 1514 1593 1631 1648 1727 1745 1755 1796 1813 1843 1866 1873 1908 1926 1930 1994 2000 2041
903,COC(C=CC(=O)NC1CC1)=Cc1ccc(-c2ccccc2)c(=O)o1,5 9 31 36 218 222 270 283 310 314 352 376 387 389 404 417 421 453 550 555 595 612 650 656 657 665 694 695 722 736 807 829 841 871 926 958 975 1019 1032 1057 1058 1073 1088 1152 1160 1181 1199 1312 1325 1345 1379 1380 1421 1428 1437 1440 1442 1464 1468 1489 1501 1521 1543 1544 1560 1579 1590 1604 1625 1634 1655 1703 1717 1719 1731 1750 1778 1794 1817 1849 1873 1886 1895 1985 1991
904,CCCCCC(=O)C1=C2C(=O)C(=CC=C2c2ccc3c(OC)ccc-3[nH]2)C=C1,41 80 94 111 130 136 142 294 309 314 352 388 475 496 519 547 564 567 585 591 611 617 650 680 695 710 776 794 799 807 841 890 909 944 960 994 1020 1025 1057 1058 1101 1114 1131 1132 1133 1152 1167 1200 1204 1209 1233 1249 1267 1286 1290 1324 1347 1380 1429 1430 1444 1476 1489 1536 1564 1594 1619 1623 1652 1655 1693 1696 1697 1708 1742 1745 1750 1780 1805 1873 1899 1911 1917 1927 1936 1970 2003 2030
905,Cc1cc2c3cc1ccc(CCCCCN1CCOC1=O)cnc2Nc1c[nH]c-3c1,25 39 52 80 82 91 140 154 158 179 203 233 252 253 270 310 314 352 370 378 417 418 441 468 480 519 551 594 608 621 650 656 680 687 722 778 786 806 820 875 885 888 893 910 912 926 929 935 950 951 978 997 1016 1037 1057 1060 1075 1089 1111 1114 1117 1143 1145 1184 1196 1223 1231 1243 1279 1324 1341 1357 1362 1380 1391 1452 1480 1509 1525 1535 1577 1594 1598 1601 1664 1670 1688 1692 1716 1722 1743 1750 1754 1766 1785 1824 1855 1864 1873 1879 1911 1912 2042 2045 2047
906,C=Cc1ccccc1C=Cc1c(OC)nc2nc1C(=O)N2CCOc1ccc(C(F)(F)F)cc1OC,13 22 60 80 94 114 151 152 159 164 227 249 303 314 323 326 327 331 350 378 401 411 441 447 562 588 609 626 650 669 694 695 734 742 760 775 776 782 809 816 835 841 875 879 922 935 961 988 1008 1057 1077 1088 1111 1120 1122 1145 1199 1245 1256 1260 1268 1305 1325 1330 1339 1356 1357 1366 1368 1372 1380 1417 1425 1439 1443 1452 1453 1507 1512 1515 1518 1522 1536 1612 1645 1648 1665 1716 1728 1741 1750 1769 1815 1824 1826 1832 1842 1845 1849 1855 1873 1891 1905 1915 1919 1928 1970 1989 2040
907,CCN1CCN(CCCCn2ccccc2=O)CC1,32 34 35 74 80 90 93 94 121 131 221 294 314 384 407 506 507 527 548 566 650 653 710 717 745 836 847 865 893 930 935 1057 1088 1100 1101 1139 1141 1145 1157 1199 1238 1242 1256 1380 1389 1437 1448 1455 1480 1482 1565 1574 1598 1638 1649 1713 1750 1779 1791 1828 1831 1852 1855 1873 1911 1912 2001 2014 2029
908,CC1(C)CCC(=O)N(CCCS(=O)(=O)c2nc3ncc2c(=O)[nH]3)C1,29 80 146 166 191 194 199 211 230 260 266 267 283 314 330 350 378 471 472 481 489 514 525 531 552 573 602 614 650 663 664 695 750 798 899 926 935 951 991 1057 1060 1064 1089 1114 1126 1139 1145 1162 1174 1190 1205 1222 1252 1260 1270 1272 1274 1327 1357 1380 1409 1434 1452 1476 1487 1535 1539 1569 1590 1612 1620 1648 1660 1669 1701 1704 1716 1738 1745 1816 1855 1873 1878 1879 1911 1915 1917 1924 1960 1967 2026
909,COc1ccc(-c2cccc(C(=O)Nc3ncncn3)n2)cc1,33 43 104 126 206 273 304 322 326 378 471 486 489 529 647 650 695 718 742 781 791 807 831 841 848 855 896 921 980 983 986 991 1039 1057 1088 1094 1152 1160 1175 1198 1248 1260 1333 1344 1351 1357 1380 1431 1452 1458 1492 1536 1582 1595 1603 1605 1675 1683 1697 1750 1793 1816 1838 1841 1851 1855 1873 1896 1912 1917 1971 1972 2029 2036
910,O=C(c1cc(F)cn2nc(C3CCCCC3)nc12)N1CCCCC1,2 88 98 115 124 136 192 319 320 362 369 378 394 398 432 441 464 492 495 529 538 546 596 607 614 650 680 699 729 807 839 875 890 914 926 934 935 942 978 1019 1027 1028 1037 1062 1074 1155 1179 1231 1325 1326 1327 1335 1341 1367 1380 1385 1392 1395 1397 1473 1480 1494 1504 1517 1539 1551 1559 1668 1670 1690 1696 1700 1800 1817 1855 1873 1917 1928 1943 1956 1991 1998 2000 2009 2044
911,COc1cc(Cl)nc(Sc2cccc(Cl)c2)n1,27 77 79 86 110 116 161 165 216 266 295 296 378 464 482 510 548 552 561 576 592 594 640 650 695 699 780 811 836 839 841 844 852 875 885 905 967 994 997 1011 1039 1057 1088 1116 1171 1212 1229 1380 1398 1417 1492 1509 1517 1536 1570 1627 1683 1750 1758 1786 1854 1855 1872 1873 1876 1913
912,CC(=O)N1CCCN(S(=O)(=O)c2cnc3c(C(F)(F)F)c(C)nc(O)c3c2)CC1,39 45 64 92 106 114 168 228 242 254 268 319 350 366 369 378 417 469 497 499 505 525 539 573 585 593 650 658 690 716 723 738 757 792 799 800 809 846 875 903 926 927 935 936 945 967 976 985 1007 1017 1028 1057 1083 1093 1141 1148 1167 1215 1236 1245 1282 1295 1300 1309 1333 1357 1362 1380 1381 1400 1432 1435 1452 1453 1469 1476 1480 1482 1506 1535 1537 1589 1602 1610 1623 1720 1722 1724 1786 1803 1855 1873 1878 1903 1917 1928 1935 2009 2045
913,CN1CCn2c(-c3nc(NC(=O)N4CC4)[nH]c3-c3ccccc3)ccc21,25 111 119 128 155 168 218 241 305 323 334 363 372 378 385 389 448 455 464 494 589 623 631 650 651 654 660 661 674 725 736 740 747 758 764 770 798 807 854 926 931 935 951 996 1004 1046 1056 1057 1062 1064 1082 1088 1112 1114 1126 1145 1152 1194 1199 1294 1335 1363 1369 1380 1381 1393 1417 1454 1468 1476 1479 1480 1484 1496 1525 1582 1589 1652 1687 1692 1693 1745 1789 1816 1855 1873 1888 1917 1945 1998 2009 2027 2046
914,COc1ccc(C23CN=C(N=C2c2ccccc2)S3)cc1C(=O)N1CCCCC1,2 3 5 24 40 65 94 136 154 165 177 235 249 272 281 300 326 362 369 378 387 389 415 444 484 553 556 561 583 607 646 650 654 675 695 703 733 736 807 830 841 843 875 926 927 929 935 942 1001 1003 1013 1024 1028 1057 1063 1088 1102 1160 1199 1206 1279 1373 1380 1396 1480 1494 1504 1536 1556 1627 1630 1644 1679 1693 1711 1746 1750 1816 1845 1865 1867 1873 1889 1895 1900 1917 1934 1970 1987 1991 1998 2009
915,COc1cc(CCc2c(C)n(C)c3ccccc23)ccc1F,0 13 45 54 80 94 104 146 159 216 249 310 381 412 456 499 564 605 609 620 626 676 695 699 802 803 841 846 848 875 917 925 935 941 1027 1057 1060 1088 1140 1145 1147 1179 1199 1214 1227 1236 1242 1243 1285 1357 1363 1380 1393 1462 1533 1536 1572 1573 1630 1660 1672 1722 1726 1750 1754 1756 1766 1774 1806 1840 1868 1873 1928 1958 1970 1974 1976 1993 2026 2034
916,CC(C)(C)CCCS(=O)(=O)OC(C)(C)CCC(=O)OCCC(C)(C)C,13 73 80 99 107 114 162 241 264 299 313 335 350 392 394 463 481 526 545 549 550 650 673 677 679 683 685 695 778 788 807 848 903 929 963 973 997 1034 1042 1057 1092 1153 1190 1195 1246 1269 1282 1306 1308 1322 1377 1386 1435 1476 1531 1555 1564 1641 1673 1689 1703 1711 1752 1911 1915 1917 1938 2025
917,O=P1(CC(=CC=CCl)c2ccccc2Cl)OCCO1,62 71 80 109 136 159 167 265 366 432 447 449 464 561 562 584 613 650 656 658 668 694 738 774 793 807 810 849 926 950 974 1026 1029 1055 1064 1088 1111 1144 1165 1179 1199 1254 1319 1358 1380 1426 1447 1515 1527 1535 1542 1579 1596 1601 1674 1679 1683 1748 1750 1824 1841 1848 1867 1873 1904 1962 1986 1991 2016 2041
918,COc1ccc2cc3cc(c2c1)N(c1ccccn1)CC(=O)NNC(=O)N3,1 19 41 60 62 163 171 194 201 203 288 314 322 364 378 437 448 469 496 511 527 530 588 594 627 650 660 682 695 718 806 836 841 844 875 879 887 891 894 914 922 928 935 956 978 984 1021 1057 1060 1087 1088 1114 1122 1155 1169 1199 1223 1228 1237 1245 1295 1296 1332 1380 1386 1452 1457 1478 1485 1514 1536 1542 1575 1654 1669 1693 1710 1750 1800 1813 1855 1866 1873 1904 1906 1909 1946 1972 1974
919,COc1cc2ccc1cc2C(=O)NC1C(O)C(O)CC(O)C1O,49 202 203 221 224 237 249 263 272 317 342 363 387 390 434 460 470 486 490 550 625 650 677 695 720 721 758 761 807 841 846 849 851 875 926 963 968 1019 1055 1057 1119 1142 1152 1200 1257 1264 1272 1288 1292 1360 1380 1390 1413 1431 1443 1474 1481 1487 1536 1587 1599 1614 1615 1627 1673 1676 1687 1716 1725 1732 1750 1770 1807 1829 1855 1860 1873 1878 1909 1917 1926 1970 1991 1996
920,COc1ccc2c(c1)C(=O)c1ccccc1C(=O)C(C)(C)OC(=O)CC2,1 73 108 119 120 166 306 310 314 324 352 468 480 505 525 650 656 673 693 694 695 708 718 721 774 781 792 810 841 849 874 875 896 926 970 984 985 1010 1011 1029 1038 1053 1055 1057 1060 1074 1088 1123 1161 1185 1199 1224 1229 1236 1274 1282 1296 1309 1380 1405 1427 1436 1449 1454 1463 1476 1478 1536 1595 1605 1665 1706 1719 1722 1738 1741 1750 1843 1873 1925 1928 1929 1940 1972 1975 1980 1999
921,O=C(NC1CN(C2CCOC2)CC(Cc2ccccc2)O1)C1=CC=C1,34 56 59 80 81 113 157 212 213 234 237 276 283 299 316 345 352 387 389 422 458 460 486 523 547 549 584 616 642 650 656 674 716 724 729 730 732 739 742 746 748 807 862 903 926 935 950 1006 1066 1079 1088 1119 1152 1168 1187 1199 1203 1249 1254 1307 1308 1325 1348 1380 1391 1407 1456 1462 1469 1477 1495 1510 1525 1602 1610 1618 1619 1687 1693 1750 1754 1800 1819 1827 1854 1858 1873 1888 1895 1897 1910 1917 1921 1923 1956 2004
922,COC1=CC=C1N(C)C(=O)c1nnc(C2(C)CC(O)C(O)C2)[nH]1,31 32 54 96 98 118 135 149 158 177 316 378 422 426 478 490 527 549 558 582 650 659 663 679 695 725 807 841 849 881 906 926 970 992 1019 1057 1060 1076 1114 1135 1137 1163 1164 1172 1221 1232 1249 1257 1274 1294 1299 1376 1378 1380 1388 1406 1412 1428 1455 1492 1498 1512 1602 1614 1666 1697 1711 1712 1724 1745 1843 1873 1917 1919 1936 1947 1982
923,O=C(c1ccc(F)s1)c1ccc(O)n(-c2ccc(Br)cc2)c1=O,3 4 9 58 67 118 162 163 192 228 233 301 313 314 341 364 419 455 462 504 558 569 582 623 638 650 675 698 699 725 728 801 807 842 859 909 935 948 1015 1059 1092 1116 1157 1173 1174 1208 1256 1281 1360 1380 1384 1423 1427 1457 1476 1602 1613 1631 1649 1696 1750 1767 1823 1825 1835 1858 1862 1868 1873 1892 1917 1928 1936 1991 1993 1996 2006
924,COC(=O)C(=Cc1ccc(OC)cc1C(=O)OCC(=O)O)C(=O)OC(=O)C1CCC(=O)C1,7 8 79 80 82 99 106 126 143 145 147 154 156 225 231 240 252 314 322 329 389 427 474 476 534 562 586 592 643 650 668 670 684 694 695 718 765 778 781 807 813 841 861 875 898 926 932 961 974 1019 1024 1036 1040 1057 1079 1097 1101 1152 1168 1178 1209 1224 1286 1325 1353 1379 1380 1393 1394 1482 1508 1536 1609 1623 1673 1688 1707 1734 1737 1738 1746 1750 1784 1824 1873 1906 1915 1917 1972 1991 1997 2004 2011
925,CC1=C(Cl)C1=CC(=O)N(Cc1cccc(Cl)c1Cl)c1nccs1,14 29 63 67 80 94 197 216 296 297 323 351 366 378 395 469 477 507 549 554 561 650 671 675 694 702 707 726 763 783 807 823 860 872 881 928 936 964 974 1011 1039 1057 1088 1093 1095 1113 1120 1166 1177 1191 1226 1257 1269 1327 1349 1380 1401 1452 1489 1556 1567 1580 1597 1605 1648 1652 1683 1711 1720 1722 1750 1753 1773 1856 1866 1873 1896 1906 1917 1929 1932 1960 2024
926,Cn1c(=Nc2cccc3ccccc23)sc2ccc(N)nc21,18 62 64 162 169 239 275 378 424 564 570 578 675 725 779 782 790 808 836 861 885 912 925 935 944 1010 1039 1057 1058 1069 1087 1088 1098 1104 1134 1145 1171 1181 1199 1229 1294 1299 1345 1357 1378 1380 1409 1418 1438 1457 1483 1520 1532 1573 1646 1664 1696 1719 1750 1855 1872 1873 1885 1930 1952 1994 1995 2018
927,COC(=CC=CC=C1SCC(=O)N(C)C1=O)C(=O)NC(=O)c1ccc(C)cc1Cl,11 26 67 99 125 157 185 230 235 248 273 294 297 298 314 350 366 432 480 486 506 507 519 561 566 567 617 650 659 675 694 798 802 807 818 841 851 859 865 875 879 881 888 890 909 922 926 935 966 986 1013 1057 1071 1096 1119 1141 1145 1147 1152 1210 1220 1285 1299 1304 1319 1321 1337 1364 1380 1440 1445 1453 1502 1515 1551 1671 1683 1706 1713 1722 1750 1751 1822 1823 1828 1873 1881 1884 1917 1935 1963 1991
928,CCOC1=CC=CCC1COC(C)=O,70 80 138 147 196 246 294 298 315 323 455 482 490 499 505 508 598 606 613 650 653 695 752 807 835 846 862 890 926 949 974 989 1017 1019 1021 1035 1057 1128 1136 1177 1204 1215 1220 1238 1239 1249 1342 1380 1403 1452 1475 1548 1611 1612 1645 1649 1668 1679 1738 1750 1873 1896 1917 1976 1981
929,Cn1c2ccc1-c1ccc(c(Cl)c1)C(=O)N(C(=O)CCCCN1CCCCC1)CCC2,2 19 50 80 110 117 118 152 169 173 196 217 232 275 305 352 366 369 372 442 526 561 564 601 628 650 653 680 729 807 870 875 879 893 896 926 933 935 987 1009 1028 1031 1049 1057 1138 1145 1156 1160 1177 1215 1267 1296 1301 1334 1358 1380 1387 1422 1480 1482 1521 1549 1563 1564 1632 1639 1683 1692 1717 1738 1750 1791 1814 1853 1873 1911 1917 1998 2006 2015 2038
930,CN1C(=O)CC(C)(C)N(CCN2CCN(c3ccccc3C(=O)NC(=O)c3ccccc3)C2=O)C1=S,80 92 97 101 162 185 188 214 253 259 268 269 295 314 328 330 371 389 409 423 444 486 496 497 578 650 673 692 727 742 779 798 800 807 811 831 880 926 935 940 958 966 981 987 997 1057 1060 1081 1083 1088 1089 1119 1145 1152 1157 1175 1189 1198 1199 1218 1255 1274 1295 1380 1385 1395 1404 1447 1457 1480 1495 1511 1548 1587 1589 1599 1616 1620 1640 1645 1647 1665 1717 1750 1767 1811 1816 1845 1873 1896 1917 1937 1943 1946 1955 1970 1984 1985 1991 2012
931,O=C(c1ccc(Cl)cc1)N1CCC(Sc2ccc([N+](=O)[O-])cc2)(C(=O)O)C1=O,26 37 38 64 82 99 116 184 190 216 255 274 314 317 355 389 403 455 465 561 581 585 650 651 683 715 749 753 769 807 811 815 816 825 838 850 866 873 887 896 926 935 944 945 981 1060 1070 1098 1162 1184 1195 1216 1255 1274 1285 1380 1385 1387 1400 1441 1467 1480 1504 1511 1538 1539 1591 1619 1622 1647 1683 1687 1697 1708 1729 1750 1809 1814 1858 1873 1886 1917 1928 1963 1988 2000 2008 2009 2038
932,CN1CCCN(CCCCCC2CN3CCCN(C2)S3(=O)=O)S1(=O)=O,29 80 162 187 207 255 285 309 318 334 344 368 458 460 469 494 537 562 584 608 613 632 644 650 694 712 731 737 739 832 863 893 926 935 1008 1017 1019 1028 1031 1046 1057 1061 1083 1125 1137 1139 1143 1145 1155 1253 1311 1321 1337 1379 1401 1419 1461 1480 1486 1515 1564 1624 1640 1729 1744 1773 1774 1795 1804 1856 1858 1911 1969 1970 2009
933,COc1cccc(C(Sc2nc3ccccc3s2)=C2CCC(=O)N(CC(=O)O)C2=O)c1,2 35 51 53 75 80 116 119 140 162 243 283 289 307 314 322 353 360 380 389 449 454 458 461 464 468 530 557 562 593 616 650 675 695 706 781 798 807 836 841 875 879 897 901 916 926 935 956 958 980 992 998 999 1011 1039 1057 1088 1097 1153 1178 1199 1219 1224 1243 1312 1322 1330 1380 1384 1385 1416 1487 1492 1530 1536 1541 1542 1568 1690 1737 1738 1750 1784 1816 1845 1848 1855 1870 1873 1879 1888 1917 1919 1932 1959 1972 1985 2002 2025
934,CNC(=O)C1CN(C(C)=O)C(=O)N1C(C)=O,71 92 113 120 209 213 221 227 266 314 318 339 345 531 581 595 650 658 666 689 739 740 746 780 807 885 921 935 1017 1019 1036 1057 1063 1064 1100 1107 1110 1152 1300 1317 1336 1355 1380 1387 1430 1573 1615 1640 1669 1702 1718 1727 1788 1833 1917 1934 1968 1982 1984 1992 2002 2011
935,CCCN(CC)C(=O)OC1=CC=CCC1,28 80 149 173 205 207 245 273 294 336 369 370 391 459 464 535 606 637 650 659 679 695 747 781 794 807 862 872 881 909 926 932 934 944 975 978 998 1008 1034 1057 1099 1128 1147 1185 1249 1263 1266 1337 1380 1386 1467 1488 1605 1666 1668 1698 1721 1729 1738 1761 1873 1917 1945 1949 1951 1959
936,COc1cc(Cl)ccc1-c1sc2nc1C(=O)N2CCCOC(C)(C)C,13 25 80 114 123 137 162 165 185 216 249 272 314 323 352 376 378 392 411 448 473 508 541 544 561 588 606 612 650 675 680 681 695 763 796 805 814 816 831 841 864 871 875 879 925 935 940 954 1040 1057 1145 1191 1236 1242 1267 1318 1326 1327 1356 1366 1380 1416 1429 1470 1491 1504 1511 1536 1548 1601 1615 1683 1712 1740 1741 1750 1795 1819 1855 1859 1867 1873 1911 1917 1970 1991
937,CN1C(=O)N2CCCn3c1c(C(=O)N1CCCC1)c(C(=O)c1cccc(C(F)(F)F)c1)c32,9 35 92 114 199 215 221 277 281 314 319 369 377 431 563 586 594 624 650 663 669 678 705 748 753 807 809 833 875 926 935 942 987 1028 1039 1057 1058 1083 1088 1119 1136 1145 1201 1210 1212 1249 1255 1260 1311 1380 1417 1434 1453 1457 1480 1482 1483 1485 1496 1504 1521 1522 1562 1592 1624 1646 1699 1709 1725 1737 1750 1762 1873 1881 1917 1928 1941 1969 1971 1985 1995 1998 2000 2009 2017 2042
938,COc1cccc(NC(=O)c2nc3n(n2)CCc2nc(-c4ccc(Cl)cc4N4CCCC4)cn2-3)c1,22 24 66 115 132 153 165 171 184 191 210 216 231 255 322 323 326 352 370 378 383 392 407 421 435 464 486 494 508 538 561 562 564 571 608 617 630 632 636 650 680 695 698 703 705 706 747 781 807 815 841 895 925 926 935 980 1028 1039 1067 1071 1088 1091 1093 1152 1154 1202 1295 1331 1365 1380 1410 1418 1423 1437 1440 1449 1480 1512 1520 1531 1536 1537 1579 1610 1634 1660 1661 1683 1691 1738 1750 1755 1816 1845 1855 1873 1917 1956 1972 1978 1998 2034 2043
939,CSc1nc2ccc1n(CCCCC(=O)N(C)C)c2=O,24 32 45 80 116 160 169 252 314 341 350 378 390 394 424 493 504 619 650 720 746 765 802 807 881 893 901 920 935 938 957 961 1032 1047 1057 1085 1097 1114 1126 1139 1145 1163 1232 1238 1247 1267 1331 1332 1339 1352 1380 1384 1412 1440 1462 1527 1564 1586 1620 1623 1653 1655 1723 1742 1750 1768 1787 1801 1843 1855 1873 1904 1908 1911 1917 1957 2000 2021
940,Cc1cc(-c2ccccc2)nn1S(=O)(=O)c1cc(F)ccc1Cl,78 87 111 126 131 233 239 244 262 350 366 378 389 392 417 428 432 434 473 486 497 504 561 588 604 608 650 666 699 727 736 746 747 800 875 883 893 894 903 935 974 980 1007 1057 1088 1141 1160 1199 1273 1290 1300 1314 1332 1335 1380 1410 1476 1487 1495 1517 1518 1524 1549 1619 1670 1672 1683 1707 1722 1750 1772 1846 1849 1873 1898 1899 1907 1908 1928 1944 1956 1971 1973
941,CCCCCCCCCCN1CCCN(C2=NC3=NC(OC)=NC3=C2F)C1=O,14 15 25 80 92 95 101 147 192 195 215 256 266 271 294 314 371 378 474 482 580 591 609 616 640 650 676 695 699 746 794 832 839 841 882 893 926 927 935 951 1028 1057 1083 1089 1123 1143 1145 1146 1202 1239 1241 1269 1320 1331 1334 1380 1394 1395 1434 1444 1457 1468 1480 1491 1536 1594 1682 1702 1718 1753 1904 1911 1928 1942 1955 1982 1996 2002 2017 2020 2032
942,Cc1nc(N)ccc1-n1c(C#N)cnc1Sc1ccccc1O,46 61 62 92 95 116 143 165 181 197 256 263 377 378 390 398 424 473 476 504 519 552 559 590 638 643 674 680 682 687 747 751 790 807 871 897 914 935 986 1025 1028 1057 1088 1108 1136 1170 1171 1199 1252 1295 1306 1337 1344 1380 1384 1452 1457 1502 1520 1535 1590 1602 1607 1636 1637 1646 1664 1676 1722 1746 1750 1758 1792 1831 1855 1871 1872 1873 1882 1890 1915 1930 1946 1957 1974 1993 1994 2019
943,COc1ccccc1S(=O)(=O)NC(CCCN1CCCC1)C(=O)Nc1ccc2c(c1)c1cnc2n1C,1 29 33 36 45 80 83 122 140 184 191 211 238 249 277 302 330 342 349 350 362 368 378 392 441 486 502 548 558 562 564 573 650 653 659 681 695 698 736 739 807 834 840 841 843 871 875 922 926 935 961 992 1010 1028 1051 1057 1087 1088 1141 1145 1152 1199 1231 1256 1282 1357 1376 1380 1393 1403 1410 1422 1431 1452 1463 1476 1480 1482 1492 1516 1535 1536 1564 1631 1664 1680 1688 1691 1696 1733 1750 1752 1791 1816 1834 1841 1861 1873 1880 1892 1911 1917 1941 1970 1989 1998 2044
944,COC(=O)C1OC2C3OC1CCC3OC(=O)N2C(=O)CCc1ccccc1,16 42 63 71 80 84 190 195 214 221 239 244 314 368 389 474 486 519 534 542 608 641 650 656 666 682 695 699 747 750 753 783 807 812 814 833 841 888 926 935 938 960 984 1003 1009 1011 1018 1019 1045 1053 1057 1066 1088 1090 1149 1152 1176 1195 1199 1201 1212 1243 1259 1325 1337 1378 1380 1439 1458 1495 1509 1564 1584 1650 1712 1727 1748 1750 1754 1811 1819 1820 1844 1873 1894 1896 1907 1917 1921 1956 1957 2002
945,COc1cccc(C(=O)N2C=C(c3ccc(C)cc3)c3ncc2n3CC(C)(C)O)c1,39 79 80 102 114 126 147 148 185 231 235 293 322 360 378 392 423 459 495 513 539 559 562 565 585 618 624 638 650 666 667 695 700 728 754 781 807 808 841 855 875 876 896 935 1039 1043 1057 1088 1137 1160 1167 1223 1270 1287 1302 1354 1380 1384 1385 1452 1471 1498 1499 1502 1504 1515 1535 1536 1681 1709 1722 1750 1777 1806 1811 1814 1823 1849 1873 1882 1888 1908 1917 1920 1972 1985
946,CC1=CC=C(N2CCNC(=O)C2)C(=CC(C)C)N1,1 2 49 84 122 125 127 139 157 210 283 301 305 314 342 397 407 431 488 566 618 650 694 719 727 749 766 804 832 861 875 916 926 935 975 1052 1057 1060 1074 1106 1111 1114 1170 1178 1222 1244 1249 1281 1314 1322 1380 1381 1437 1441 1480 1486 1491 1516 1575 1594 1599 1641 1677 1683 1691 1719 1722 1768 1821 1866 1873 1884 1946 1971 2007
947,COc1cc(Cl)c(OC)c(OCCCCN2C=C(S(=O)(=O)N3CCCCC3)C2=O)c1,2 6 13 34 59 62 80 136 243 273 292 302 314 322 333 335 350 366 386 423 425 488 495 539 561 564 585 605 634 635 650 781 800 841 862 875 879 892 893 926 929 935 992 993 1028 1057 1085 1101 1117 1140 1142 1145 1208 1218 1234 1249 1261 1319 1380 1452 1454 1476 1480 1499 1518 1535 1536 1599 1683 1828 1868 1872 1873 1881 1901 1911 1921 1970 1998 2028 2039 2045
948,Cc1ccc(-c2ccccc2N2CCN(C(=O)c3ccc(O)cc3)C2=O)cc1,16 53 63 92 96 126 154 158 163 222 235 236 266 280 314 328 341 352 370 425 449 540 575 597 649 650 668 722 745 748 807 811 872 873 880 895 896 926 935 960 984 992 998 1057 1088 1102 1105 1138 1160 1199 1218 1219 1244 1290 1313 1359 1367 1380 1385 1387 1425 1456 1457 1468 1478 1480 1488 1504 1511 1539 1602 1635 1647 1697 1722 1735 1738 1750 1778 1823 1839 1843 1873 1912 1917 1920 1946 1955 1996 2008
949,Cn1c(=O)c2ccc(Cl)cc2n(-c2ccccc2)c1=O,11 45 58 136 165 216 271 283 292 306 314 389 390 397 401 504 505 561 564 565 596 598 642 650 671 676 713 754 771 808 816 842 875 883 935 947 978 979 984 1049 1057 1088 1093 1100 1142 1145 1151 1199 1207 1215 1221 1258 1268 1315 1324 1357 1380 1451 1477 1559 1560 1584 1683 1684 1733 1750 1790 1795 1825 1873 1988 1993 1997 2012
950,COc1cccc(-c2ccccc2Cn2c(=O)n(CCN3CCCCC3)c3ccc(C#N)cc32)c1,2 35 45 80 102 158 161 177 226 236 265 285 314 322 352 360 407 458 502 562 565 585 586 620 627 641 650 674 695 719 736 771 781 784 785 790 802 818 841 850 875 912 926 928 935 984 999 1028 1031 1039 1057 1076 1079 1088 1136 1142 1145 1155 1160 1214 1268 1279 1280 1282 1335 1347 1349 1350 1380 1384 1420 1422 1441 1454 1480 1482 1483 1536 1579 1581 1597 1598 1599 1723 1750 1765 1777 1791 1798 1801 1818 1865 1872 1873 1906 1954 1972 1975 1987 1998 2021 2027
951,Nc1nc(=O)n2cnc1c2NC(=O)C1OC(CO)C(O)C1O,20 67 80 83 199 222 314 324 339 378 459 483 517 542 610 650 656 689 691 763 772 807 823 861 885 916 922 932 935 951 958 960 996 1019 1028 1036 1038 1040 1095 1100 1152 1153 1171 1194 1234 1256 1257 1268 1279 1353 1371 1380 1419 1422 1452 1457 1459 1469 1472 1482 1487 1504 1512 1516 1520 1536 1550 1557 1616 1676 1701 1724 1764 1774 1782 1816 1819 1844 1855 1873 1878 1881 1884 1887 1894 1917 1921 1953 1966 1969 1975 1986
952,O=C(c1cccc(C(F)(F)F)ccc(Cl)cc1)N(CCc1ccccc1)S(=O)(=O)c1ccccc1F,54 61 80 114 216 266 339 346 350 355 383 389 392 394 398 427 449 501 507 561 595 650 663 699 739 773 807 809 815 816 881 969 972 974 983 985 987 992 1028 1032 1039 1045 1049 1066 1070 1088 1128 1191 1199 1201 1221 1243 1260 1277 1320 1380 1385 1417 1419 1453 1476 1481 1482 1506 1665 1683 1697 1750 1753 1754 1763 1804 1823 1836 1840 1860 1873 1876 1892 1917 1928 1951 1985 2017
953,CCN1CCN(C(=O)c2cccc3sc(SC4=NC5=CC(=C5)S4)nc23)CC1,34 58 74 80 84 116 162 195 222 328 348 362 369 378 386 402 461 467 477 490 506 507 529 542 552 563 602 639 647 650 675 704 744 780 785 792 807 814 826 865 885 911 926 927 935 942 999 1009 1022 1030 1039 1057 1088 1102 1108 1122 1123 1141 1161 1162 1218 1284 1288 1295 1304 1380 1447 1480 1504 1542 1546 1566 1568 1573 1580 1589 1621 1702 1724 1750 1786 1791 1855 1867 1873 1917 1922 1991 2009 2014 2019 2044
954,O=C(N1CCCCC1)N1CCN(c2ccccc2-c2cccnc2)c2ccccc21,2 6 121 164 179 183 257 298 352 369 378 437 461 477 490 550 554 563 641 650 668 683 722 736 754 765 807 811 846 856 858 926 935 958 984 1022 1028 1030 1034 1043 1081 1088 1111 1136 1158 1160 1195 1199 1218 1295 1299 1315 1320 1355 1380 1387 1399 1418 1427 1445 1457 1480 1490 1533 1535 1545 1586 1593 1603 1615 1635 1647 1648 1750 1776 1799 1829 1842 1862 1866 1917 1940 1998 1999 2009 2038
955,COC(=O)c1ccc(CN2CCCC(C3CCSC3=S)C2=O)cc1,5 80 88 97 132 141 145 146 157 165 179 208 220 296 300 310 314 367 369 374 445 446 453 455 499 520 535 539 632 636 650 652 675 692 695 732 771 774 789 807 841 888 895 906 915 926 935 1019 1028 1031 1057 1071 1083 1089 1123 1134 1147 1151 1152 1205 1212 1237 1244 1325 1345 1380 1385 1445 1447 1480 1500 1518 1530 1595 1596 1638 1648 1683 1688 1697 1715 1717 1750 1752 1754 1765 1832 1873 1917 1920 1928 1946 1968
956,CCNC(=O)C(=Cc1ccccc1C)S(=O)(=O)N1CCN(c2ccc(F)cc2)C(=O)C1,35 80 90 116 166 175 180 197 203 233 241 268 282 294 350 352 357 441 443 449 575 585 608 650 654 664 692 694 699 798 807 811 926 933 935 961 986 1057 1088 1090 1147 1152 1184 1188 1199 1210 1330 1380 1391 1410 1427 1457 1463 1467 1471 1476 1480 1536 1542 1579 1624 1633 1670 1702 1704 1722 1726 1746 1750 1793 1816 1825 1832 1833 1845 1873 1917 1928 1942 1945 1946 1999
957,Cc1ccc2nc3[nH]c(=O)n(C)ccc2c1N(C)CCS3,82 83 146 157 214 223 225 255 264 314 378 389 391 517 519 628 650 675 712 724 758 769 789 836 854 881 894 926 935 939 961 1007 1027 1057 1097 1101 1114 1134 1141 1145 1161 1177 1297 1347 1357 1380 1391 1405 1409 1463 1480 1531 1545 1551 1605 1617 1644 1664 1691 1693 1696 1715 1722 1724 1738 1745 1750 1770 1780 1803 1816 1827 1841 1855 1873 2003 2007
958,O=C(c1nc2sc1c(=O)n2C1CCCC1)N1CCCCC1,7 14 35 131 132 162 219 238 264 369 378 454 458 468 476 490 492 504 505 521 650 675 807 890 891 899 926 929 935 942 1019 1028 1066 1069 1157 1184 1194 1210 1233 1256 1268 1306 1325 1342 1356 1380 1425 1480 1504 1582 1612 1705 1723 1748 1806 1814 1855 1860 1893 1909 1910 1917 1934 1993 1998 2009 2010 2019 2028 2046
959,CC(=O)N(C)Cc1cc(Cl)ccc1-c1ccc(S(=O)(=O)N2CCCC2)nc1C(F)(F)F,15 61 80 114 160 165 175 216 238 265 334 350 352 366 378 392 459 507 517 539 549 561 585 650 679 680 800 807 808 809 816 834 875 881 914 926 935 983 996 1017 1028 1057 1078 1083 1090 1160 1163 1188 1218 1220 1226 1255 1272 1329 1349 1362 1380 1416 1453 1476 1480 1487 1524 1567 1577 1583 1588 1616 1683 1699 1748 1750 1759 1824 1855 1868 1917 1921 1924 1928 1998
960,CCCCN(C)CCCCNC(=O)N1C2=CC=C(c3ncnc4c3=CC=4)C1=CC=C2F,80 140 142 156 197 204 214 218 247 275 276 294 323 348 378 404 423 461 481 489 516 549 566 591 592 596 650 667 677 693 699 749 772 794 807 808 813 877 881 921 935 941 970 997 1024 1045 1057 1061 1065 1097 1104 1114 1152 1163 1166 1167 1183 1201 1216 1236 1249 1264 1380 1388 1406 1452 1476 1503 1530 1544 1618 1620 1628 1669 1696 1697 1719 1724 1740 1762 1810 1870 1872 1873 1876 1897 1899 1911 1917 1928 1935 1951 1957 1966 1988 2004 2006 2019
961,CCCCCn1c(SCCCC)nc2ccccc2c2ncc1cc2P(=O)=O,32 45 46 80 81 91 116 140 161 172 230 289 294 341 354 378 379 389 395 419 423 458 471 502 541 551 588 591 634 635 650 710 716 747 765 794 802 812 823 829 858 875 893 929 935 972 973 990 1047 1057 1061 1088 1097 1134 1145 1164 1182 1195 1199 1209 1251 1273 1299 1303 1357 1380 1433 1438 1444 1449 1452 1456 1535 1540 1543 1549 1552 1556 1562 1573 1620 1653 1655 1724 1729 1750 1789 1839 1855 1873 1903 1911 1968 1993 2001 2035
962,CCOC(=O)C(=NNc1nc2ccccc2c(=O)n1CC)c1cccnc1,34 35 80 92 107 133 138 147 157 200 207 232 262 289 294 309 314 378 389 408 437 452 483 488 628 631 633 650 653 689 695 700 712 725 779 802 807 835 850 872 935 973 1012 1043 1045 1054 1057 1088 1097 1152 1174 1199 1238 1276 1357 1380 1385 1399 1405 1423 1535 1573 1586 1603 1609 1611 1670 1696 1722 1750 1772 1779 1855 1866 1873 1917 1921 1962 1985 2012
963,CCOC(=O)C(C)c1ccc2sc(Sc3cccc4ccccc34)nc2c1,1 4 26 32 55 80 116 137 147 159 162 243 283 294 347 369 377 378 436 508 520 532 538 543 552 570 650 675 695 725 751 760 807 834 858 875 885 900 945 953 980 999 1006 1025 1045 1057 1087 1088 1097 1104 1144 1174 1181 1199 1213 1223 1238 1306 1322 1336 1357 1365 1380 1390 1391 1412 1537 1542 1573 1601 1606 1617 1631 1663 1669 1675 1722 1750 1777 1789 1806 1818 1839 1853 1855 1867 1873 1898 1917 1920 1942 1966 1983 1984 2021
964,CCCN(CCC)C(=O)c1ccc(C(=O)N2CCN(CC)C2=O)n1C,16 34 48 80 92 179 189 207 242 292 294 295 321 358 424 431 457 487 488 541 544 564 586 598 609 650 661 736 749 776 794 807 862 881 882 887 905 926 935 941 978 1033 1052 1057 1061 1089 1145 1162 1192 1200 1221 1250 1291 1363 1368 1375 1380 1387 1388 1393 1427 1434 1466 1468 1480 1496 1503 1504 1545 1566 1567 1618 1619 1635 1750 1761 1762 1781 1873 1909 1917 1924 1951 1985 2033 2041
965,COc1cc(Cl)ccc1Nc1nc2cccc(Cl)c2c(=O)n1C,0 3 65 74 82 84 97 157 158 165 172 216 242 249 251 276 288 289 314 324 366 372 378 404 417 491 493 504 541 564 565 650 695 700 718 732 752 779 816 841 875 876 902 934 935 974 1019 1039 1057 1088 1097 1116 1145 1150 1152 1171 1179 1184 1189 1224 1258 1350 1380 1399 1405 1434 1441 1446 1472 1473 1476 1536 1560 1594 1611 1657 1683 1708 1750 1781 1855 1856 1868 1873 1970 1979 1984 1995
966,Cc1ccc(C)c(N2Cc3cc(-c4ccccc4)nn3C2=O)n1,17 30 92 93 120 130 232 237 256 286 297 314 316 318 335 365 378 389 394 460 518 524 564 635 650 708 736 751 769 859 875 881 890 905 921 924 926 935 980 1000 1014 1051 1057 1088 1116 1127 1141 1145 1160 1172 1182 1198 1199 1206 1208 1217 1218 1273 1307 1336 1338 1380 1391 1398 1415 1457 1467 1500 1557 1563 1577 1673 1691 1722 1724 1731 1738 1750 1818 1822 1825 1852 1855 1857 1872 1873 1921 1946 1956 1971 1990
967,CCN(C)S(=O)(=O)c1ccn2nnn(-c3cc(F)ccc3OC)c12,16 45 80 94 127 143 146 158 205 213 219 249 261 266 276 294 296 346 350 378 381 387 392 480 508 509 595 644 650 653 665 695 699 721 748 841 850 875 881 916 932 935 966 1009 1019 1027 1057 1065 1101 1102 1118 1161 1163 1188 1234 1268 1295 1304 1330 1352 1380 1395 1410 1417 1430 1438 1476 1487 1503 1509 1536 1544 1556 1670 1750 1783 1820 1825 1829 1852 1873 1928 1934 1939 1942 1970 2025 2038
968,CC1(C2CCCN(C(=O)c3ccc(C#N)cc3)C2)CCCCC1,2 34 85 102 157 305 336 343 369 446 451 470 497 515 528 531 650 666 674 678 683 739 754 790 807 834 926 935 974 998 1019 1028 1033 1057 1060 1079 1114 1136 1162 1172 1185 1274 1308 1325 1380 1384 1385 1418 1480 1481 1504 1511 1536 1554 1622 1638 1667 1697 1712 1750 1803 1835 1860 1873 1912 1917 1942 1954 2009
969,CCCCCN(CC1CC1O)C(=O)c1cc2c(cc1I)=CC=2C,31 37 80 84 87 112 129 189 216 226 237 266 280 294 314 461 489 540 562 568 571 582 591 616 624 644 648 650 661 673 746 756 775 776 778 794 800 806 807 821 834 849 865 875 881 915 926 947 978 984 1018 1019 1052 1057 1076 1086 1145 1150 1196 1221 1257 1272 1292 1352 1380 1444 1529 1580 1610 1612 1615 1648 1668 1669 1701 1722 1838 1873 1883 1911 1917 1924 1930 1937 1938 1951 1963 1979 1986 1991 2004 2022
970,CN(C)C(=O)C(COc1ccccc1F)n1c(C2=C(C#N)N2C)nc2cc(C(F)(F)F)ccc21,1 17 28 71 80 109 114 118 127 157 183 224 229 262 283 350 353 378 387 429 443 460 511 548 557 574 584 650 653 661 674 695 699 790 800 807 809 825 862 875 881 925 935 950 987 1032 1057 1088 1089 1090 1093 1097 1112 1136 1145 1149 1163 1176 1182 1188 1199 1218 1238 1260 1295 1332 1335 1353 1362 1380 1384 1394 1410 1417 1452 1453 1522 1545 1606 1620 1653 1665 1682 1713 1722 1750 1791 1807 1828 1840 1846 1855 1864 1873 1888 1890 1901 1917 1928 2005 2021 2039
971,CCNC(=O)n1[nH]c(=O)[nH]c1=O,56 80 87 179 186 197 218 229 294 314 324 369 371 422 425 520 533 534 552 575 641 646 650 692 745 753 758 807 911 935 1057 1114 1152 1153 1162 1222 1227 1249 1253 1300 1312 1370 1380 1382 1542 1624 1678 1697 1708 1726 1745 1788 1790 1871 1878 1882 1912 1917 1993 2004
972,C#CCCN1CCCCC1,2 15 41 80 157 192 193 292 370 413 437 550 638 657 658 674 706 815 835 843 915 926 935 953 974 975 996 1028 1046 1145 1204 1205 1293 1323 1338 1358 1365 1376 1383 1422 1439 1463 1480 1482 1541 1562 1689 1692 1720 1722 1772 1791 1852 1856 1891 1908 1963 1980 1998 2004 2028
973,Cc1cc(F)ccc1C(=O)Nc1ccc2nnn(-c3nc4ccccn4n3)c2c1,3 20 45 67 74 91 184 191 198 243 303 378 384 429 435 446 486 566 576 616 650 655 699 702 723 736 759 762 767 805 807 817 819 843 847 853 860 863 865 875 935 938 954 961 971 975 991 1027 1040 1057 1060 1061 1088 1097 1101 1152 1157 1164 1199 1209 1256 1269 1304 1354 1373 1375 1380 1391 1410 1458 1487 1494 1550 1563 1590 1613 1655 1665 1670 1697 1722 1726 1750 1758 1777 1783 1816 1852 1855 1873 1913 1917 1928 1934 1945 1956 1970 1978 1991
974,CC(C)Oc1cccc(S(=O)(=O)N2CCCC2)c1,1 6 45 62 97 151 154 188 201 267 283 319 322 336 350 363 366 537 539 546 555 562 572 575 585 633 650 664 691 695 707 757 775 800 808 810 875 926 935 965 987 1028 1033 1039 1042 1057 1088 1108 1150 1322 1345 1380 1389 1401 1429 1463 1466 1476 1480 1488 1555 1588 1599 1605 1729 1750 1873 1917 1922 1925 1969 1972 1978 1998 2041
975,CCN(Cc1ccc([N+](=O)c2ccccc2)cc1)C(C)=O,66 80 122 131 161 178 182 236 294 310 318 377 389 397 471 507 555 587 650 655 676 686 723 753 802 807 811 823 862 879 881 885 963 978 1008 1017 1046 1057 1088 1097 1141 1147 1157 1199 1274 1284 1380 1420 1460 1524 1549 1588 1608 1610 1750 1754 1767 1796 1814 1849 1873 1917 1926 1963 1980 1988 2028 2034
976,CN(C(=O)c1cn(C)c2ccccc12)c1ccc[nH]1,0 11 45 54 61 102 122 164 174 187 215 235 251 267 317 388 460 464 511 599 646 650 681 751 806 807 834 881 935 939 1043 1051 1057 1088 1100 1114 1145 1163 1199 1204 1221 1226 1285 1350 1357 1365 1380 1386 1409 1481 1506 1548 1549 1563 1573 1578 1602 1613 1734 1745 1750 1801 1802 1812 1820 1867 1873 1917 1923 1931 1972 1991 2022
977,CN1CCCN(C(=O)Nc2ccccc2Cl)CCCC1=O,5 30 32 41 51 84 174 195 218 241 272 314 342 354 366 368 369 372 379 420 428 561 596 626 643 650 693 717 743 746 766 798 807 831 876 914 926 935 954 974 1028 1057 1083 1088 1098 1138 1145 1152 1156 1182 1199 1204 1224 1238 1319 1329 1380 1381 1468 1480 1513 1517 1531 1534 1557 1566 1581 1625 1683 1685 1693 1696 1738 1742 1750 1816 1873 1882 1890 1909 1917 1929 1935 2009 2041
978,O=C(O)C=c1ccccc1=CC=CC=C1OC(=O)C(=O)OC1=O,4 21 112 269 303 314 352 389 428 432 472 507 534 536 549 565 650 656 694 704 807 812 829 833 890 950 976 1055 1064 1088 1117 1199 1214 1252 1257 1331 1339 1354 1380 1422 1447 1481 1482 1555 1586 1625 1641 1684 1745 1750 1773 1778 1809 1810 1849 1873 1884 1917 1990
979,COC(=O)C(=C(C(C)=O)c1ccc(C(F)(F)F)c(Cl)c1)c1ccccc1SC,69 114 116 130 142 180 208 262 290 293 332 347 366 367 377 394 419 558 561 587 603 623 626 636 650 682 687 695 755 770 795 807 808 809 825 841 844 875 884 917 939 989 1017 1025 1057 1088 1122 1142 1152 1199 1294 1359 1372 1380 1383 1385 1386 1402 1447 1453 1482 1566 1584 1599 1607 1609 1683 1690 1697 1703 1704 1723 1739 1750 1753 1824 1873 1917 1919 1928 1955 1991
980,CCCCCCCCCC1CCCN(C(=O)c2[nH]c(=O)[nH]c2C)C1=O,5 29 80 84 109 182 294 314 321 330 334 378 409 433 446 497 515 528 581 591 610 623 650 659 660 667 692 768 794 807 823 832 926 930 934 935 966 1019 1028 1051 1057 1112 1114 1143 1201 1207 1215 1221 1257 1280 1282 1325 1328 1344 1375 1380 1387 1444 1480 1504 1611 1645 1668 1691 1722 1731 1745 1779 1801 1818 1824 1855 1857 1911 1917 1940 1970 2004
981,OC1C2CN(CCCCc3ccccc3Nc3ccc(-c4cc(F)cs4)cc3)C1CO2,19 30 50 62 80 89 98 191 206 231 275 425 432 491 552 602 616 656 661 675 699 705 728 739 742 801 802 807 819 836 843 864 870 875 893 896 909 926 935 965 969 1019 1020 1026 1036 1039 1048 1057 1074 1088 1103 1132 1145 1152 1159 1160 1184 1199 1224 1228 1243 1257 1271 1334 1349 1380 1386 1391 1448 1478 1487 1515 1524 1527 1543 1557 1567 1577 1597 1610 1637 1689 1696 1701 1732 1750 1766 1772 1811 1819 1852 1869 1873 1897 1923 1928 1953 1960 1961 1978 2000 2012 2022 2042 2046
982,Clc1ccc(COC2=Cc3ccccc32)cc1,11 78 80 84 90 107 152 216 248 310 352 357 426 439 461 484 522 561 672 695 725 745 816 829 918 984 1005 1070 1088 1093 1199 1318 1380 1448 1452 1463 1508 1677 1683 1701 1750 1754 1825 1873 1875 1920 1951 1960 1995 2038 2042
983,COc1ccc(Nc2ccccn2)nc1NC(=O)C(N)CN(C)C,1 77 80 88 94 107 146 169 173 217 244 249 315 378 381 382 391 445 448 491 547 557 573 602 649 650 652 653 695 708 720 738 755 786 807 841 874 881 941 964 967 993 1027 1037 1051 1057 1084 1088 1099 1119 1146 1152 1154 1155 1163 1171 1176 1189 1191 1199 1237 1348 1379 1380 1452 1466 1467 1475 1486 1491 1503 1506 1536 1537 1538 1553 1563 1574 1590 1686 1687 1722 1741 1750 1757 1801 1816 1832 1849 1855 1860 1866 1873 1907 1914 1917 1955 1962 1970 1997 1999 2030
984,Cc1cc(C(=O)NCCc2ccc3ccc(C(=O)N(O)S(C)(=O)=O)nc3n2)c2ccccc2c1,8 63 68 71 80 81 101 125 197 203 272 283 294 308 350 353 369 378 392 394 404 486 509 557 600 650 651 667 692 724 727 779 801 807 828 836 855 875 878 881 892 956 1017 1022 1027 1029 1057 1087 1088 1139 1152 1197 1199 1203 1204 1221 1243 1317 1357 1358 1380 1403 1440 1451 1468 1476 1495 1503 1573 1606 1694 1700 1722 1741 1750 1823 1843 1855 1859 1861 1873 1917 1927 1953 1960 1965 1991 2007 2020
985,COC1=c2ccc(c(=O)o2)=CC(CNC(C)=O)=C1,20 62 80 84 197 236 245 247 255 314 318 339 341 415 416 455 461 500 540 595 615 650 656 657 695 731 746 749 763 807 813 841 882 885 961 977 979 1017 1057 1152 1165 1278 1367 1380 1427 1468 1480 1516 1536 1540 1573 1591 1604 1611 1716 1750 1786 1836 1851 1873 1893 1909 1917 1953 2004
986,CN(C(=O)c1ccc(-c2ccccc2)cc1Br)S(=O)(=O)N1CSCC1=O,1 32 57 67 91 95 219 259 289 297 314 350 363 375 389 394 421 478 495 499 537 563 580 596 629 644 650 656 675 710 719 728 736 780 785 798 801 807 820 833 838 842 859 869 875 881 890 895 896 926 935 949 964 1043 1051 1057 1077 1079 1088 1114 1137 1160 1163 1199 1209 1221 1225 1230 1272 1312 1335 1354 1359 1380 1476 1488 1519 1525 1606 1631 1697 1750 1751 1785 1835 1873 1903 1917 1927 1964 1971 1991 2003
987,CCOC(=O)NC(C)C(OC(C)=O)C(=O)NCC(C)C,1 36 65 69 80 93 117 118 147 189 197 199 259 294 335 348 442 457 552 567 570 573 587 606 650 683 693 695 702 754 807 818 826 846 905 966 978 1035 1057 1121 1152 1231 1238 1276 1335 1341 1365 1394 1494 1504 1507 1529 1547 1591 1632 1691 1722 1757 1758 1776 1785 1792 1811 1847 1917 1925 1949 1955 2000 2037 2039
988,CC(C)(C)C1CN(Cc2ccccc2)C(=O)c2cc(F)ccc21,43 80 93 96 114 126 134 135 198 226 237 314 335 352 374 389 392 393 402 428 441 460 510 574 635 699 736 739 744 748 864 875 879 926 935 982 985 994 1019 1027 1035 1039 1057 1066 1088 1089 1145 1167 1199 1214 1218 1242 1288 1314 1344 1380 1392 1410 1451 1452 1487 1525 1552 1618 1652 1669 1670 1682 1683 1735 1750 1753 1754 1765 1842 1844 1846 1853 1873 1916 1928 2018 2046
989,O=C(NC1=CC=C1S(=O)(=O)NCC1CCN(CCN2CCCC2=O)CC1)c1ccc(Cl)cc1,13 29 103 108 155 158 191 205 211 216 232 236 244 292 314 322 350 427 442 444 486 502 561 562 584 600 650 666 690 704 707 732 734 798 800 807 816 828 907 926 935 951 1012 1019 1028 1070 1089 1121 1123 1138 1145 1152 1182 1200 1249 1261 1325 1337 1380 1385 1397 1401 1441 1476 1480 1482 1510 1539 1548 1556 1604 1624 1626 1635 1661 1665 1674 1683 1697 1719 1722 1738 1750 1791 1795 1809 1816 1830 1833 1873 1917 1957 1965
990,O=C(C#CC(=O)N1CCCC1)NC1CCCCC1,2 24 31 44 67 78 80 113 193 197 260 365 369 387 428 450 485 501 527 528 648 650 674 720 727 783 798 801 807 833 847 877 890 892 926 927 935 951 952 958 1019 1028 1032 1037 1038 1107 1141 1152 1185 1192 1242 1258 1309 1325 1480 1521 1530 1565 1634 1655 1693 1695 1785 1863 1876 1917 1937 1996 1998 2009 2029
991,COc1ccc(OCC2C3NC(=O)N(C)C23)cc1C(I)=CC=COc1cccc(C)c1,25 31 56 80 86 94 223 231 235 249 263 273 284 301 314 322 398 425 432 487 510 562 604 610 616 627 636 650 661 669 694 695 718 728 749 753 807 841 872 875 878 887 915 935 958 980 986 1013 1019 1039 1055 1057 1080 1088 1114 1136 1145 1319 1380 1420 1452 1461 1462 1471 1501 1524 1527 1529 1536 1537 1559 1654 1657 1678 1685 1722 1728 1750 1754 1770 1790 1808 1823 1843 1844 1853 1873 1875 1960 1970 1991 1993 2014 2039 2046
992,COC(=O)c1cc2ccc1c(SCc1ccccc1)n2,14 31 32 62 74 80 116 145 222 252 253 303 319 341 342 345 375 378 389 433 451 459 463 468 482 485 599 621 623 628 650 662 695 697 762 807 841 858 875 906 936 949 968 983 1057 1066 1088 1152 1169 1174 1176 1199 1201 1202 1248 1260 1298 1335 1340 1357 1380 1427 1434 1451 1506 1589 1601 1650 1664 1750 1754 1824 1855 1873 1875 1917 1923 1931 1991 2000
993,CN(C)c1ncc(C(=O)C#N)n1Cc1ccc([N+](=O)[O-])cc1,72 73 80 191 265 310 311 335 378 488 498 556 593 594 623 627 634 650 665 667 671 674 681 708 715 719 753 769 790 802 803 807 838 881 935 945 986 1016 1032 1033 1057 1062 1098 1115 1163 1195 1224 1266 1274 1282 1305 1336 1380 1384 1385 1387 1396 1438 1452 1493 1535 1564 1595 1598 1656 1672 1683 1692 1700 1750 1754 1765 1771 1809 1814 1830 1850 1860 1873 1917 1961 1963 1984
994,O=P([O-])([O-])OC1C(O)C(O)C(O)C(O)C1O,192 201 216 219 257 355 383 486 558 563 578 640 643 650 675 682 695 715 751 807 839 869 916 1019 1037 1054 1099 1117 1165 1213 1220 1257 1357 1413 1481 1485 1487 1499 1587 1600 1751 1829 1848 1919 1950 1957 1991 2034 2046
995,CC(C)OC(=O)COC(N)=O,1 7 69 80 89 118 140 147 245 271 283 362 421 439 465 556 585 650 695 751 759 807 884 936 950 959 993 1036 1057 1075 1171 1186 1386 1450 1511 1592 1602 1703 1715 1733 1813 1818 1830 1917 1932 1936 1948 1967 1978 2004
996,FC(F)(F)C(F)(c1cccc(I)c1)C(F)(F)F,49 50 59 107 114 119 252 255 351 419 641 661 707 725 814 875 930 947 1000 1039 1088 1160 1185 1265 1324 1366 1380 1409 1417 1436 1453 1490 1520 1580 1594 1691 1692 1750 1752 1760 1774 1779 1790 1802 1873 1893 1901 1928 1941 2017
997,CCOc1ccc(-c2[nH]c3ccc4c(C(=O)O)c3c24)c(CCC2CCCN2C)c1,4 10 35 43 45 52 69 80 88 100 103 124 155 174 201 204 237 241 269 279 281 294 299 311 322 336 352 389 392 397 446 456 486 538 548 549 562 571 586 622 647 650 671 680 695 704 718 740 749 787 802 807 828 832 875 887 926 935 940 955 1019 1028 1049 1057 1078 1110 1114 1132 1136 1139 1145 1199 1210 1236 1238 1243 1325 1349 1357 1367 1375 1380 1395 1400 1452 1479 1480 1483 1501 1508 1536 1552 1564 1573 1651 1733 1745 1750 1759 1873 1899 1917 1928 1939 1948 1966 1984 2010
998,CCCCCC1NC(=O)N(c2ccccc2F)CCCC2CCCCC2CC(O)C2OC12,28 31 63 80 130 178 215 221 276 294 301 314 325 334 346 360 421 446 517 533 544 585 591 650 656 664 699 724 752 794 797 807 832 847 849 885 890 894 897 921 926 935 939 976 1019 1028 1032 1034 1052 1057 1088 1114 1126 1150 1163 1167 1199 1232 1257 1267 1271 1292 1295 1325 1330 1380 1400 1404 1410 1441 1444 1457 1463 1480 1481 1499 1504 1630 1647 1714 1726 1750 1805 1812 1840 1873 1895 1911 1921 1928 2011 2026 2036
999,CC(=O)NC(CC(=O)Nc1ccc(F)cc1)C(=O)Nc1ccccc1,1 41 80 117 156 191 214 245 257 285 299 300 311 319 358 371 389 433 448 551 573 601 603 630 650 681 699 703 736 778 793 795 798 807 842 843 857 871 901 931 943 1001 1008 1017 1057 1077 1088 1111 1131 1147 1152 1199 1241 1262 1285 1287 1290 1300 1380 1410 1436 1448 1507 1515 1586 1594 1605 1664 1670 1683 1730 1750 1772 1816 1821 1844 1864 1873 1874 1905 1917 1928 2025
1000,O=C1CN(CC2CCCC2)CCCN1S(=O)(=O)c1ccc(F)cc1,8 29 80 90 97 136 218 230 245 300 314 319 350 374 396 429 484 508 510 548 563 599 610 624 650 670 697 699 715 761 791 798 800 845 862 865 869 890 908 926 935 1019 1028 1051 1062 1077 1080 1083 1111 1177 1254 1283 1288 1325 1329 1348 1352 1380 1391 1410 1422 1428 1444 1476 1480 1492 1591 1641 1670 1750 1762 1783 1791 1809 1873 1883 1928 1946 2001 2004 2034
1001,Cc1cc2c(nnn2C)c(N2CCCCC2)c1C(=O)Nc1ccccc1,2 45 55 141 146 152 167 169 191 251 260 308 325 378 389 407 410 428 440 486 489 586 650 680 703 731 735 793 807 875 892 906 926 935 981 1010 1028 1049 1056 1057 1071 1077 1088 1102 1105 1145 1152 1156 1159 1164 1166 1183 1191 1199 1210 1276 1280 1304 1342 1380 1388 1391 1480 1534 1566 1571 1581 1688 1712 1722 1724 1727 1750 1783 1815 1816 1828 1873 1907 1909 1910 1917 1956 1968 1978 1988 1990 1998 2045
1002,CCNC(=O)CN(CC(=O)O)C(=O)OCCCCC(=Nc1ccccc1C)N=C1C(C)=CC=C1OC,13 18 41 49 80 107 147 197 222 225 227 231 241 266 278 294 352 353 367 389 413 419 424 549 556 559 583 605 650 681 695 698 725 754 807 841 847 852 881 890 904 949 959 969 978 987 1018 1020 1027 1057 1088 1123 1152 1178 1190 1199 1208 1210 1221 1249 1255 1263 1267 1319 1334 1357 1378 1380 1391 1442 1492 1510 1527 1536 1564 1581 1613 1624 1673 1695 1697 1721 1722 1726 1734 1737 1750 1768 1794 1812 1822 1847 1873 1897 1911 1914 1917 1932 1942 1950 1959 1999 2047
1003,CC(C)=CCOC(=O)OCCN(CCNC(=O)NCCNC(=O)OCCO)C(=O)O,13 76 80 99 129 135 145 147 148 197 222 245 311 380 389 396 425 470 473 479 500 501 508 627 636 650 667 687 694 695 765 789 807 824 858 881 903 932 959 978 983 1011 1017 1018 1057 1124 1143 1147 1152 1153 1209 1249 1256 1257 1277 1280 1328 1354 1369 1466 1482 1485 1494 1533 1557 1582 1614 1637 1668 1746 1758 1776 1803 1810 1894 1917 1951 1952 1955 1989 2011 2020
1004,CC(C)(C)CCCCN1C(=O)C2=C(C1=O)c1ccccc1CCC2,44 67 80 96 110 114 127 153 160 161 200 229 247 314 336 348 352 386 392 520 571 588 624 628 633 650 655 685 726 747 833 860 879 882 892 893 926 935 961 984 997 1017 1020 1028 1038 1057 1088 1089 1145 1151 1194 1199 1236 1272 1308 1350 1380 1381 1399 1416 1470 1516 1574 1594 1639 1684 1705 1708 1738 1750 1779 1821 1857 1865 1873 1911 1939 1948 1973 1982 2010 2015
1005,O=C(c1cccc2sc3nnc(N4CCCC4)n3c12)N1CCc2ccccc21,20 24 52 65 148 162 177 211 221 269 278 286 295 343 377 378 383 407 461 548 549 552 583 591 633 650 668 674 675 680 704 765 787 807 817 885 892 912 926 935 940 954 983 1028 1037 1039 1056 1088 1103 1164 1199 1236 1295 1322 1330 1361 1365 1371 1380 1387 1401 1421 1426 1440 1447 1480 1504 1511 1584 1647 1705 1708 1738 1750 1754 1823 1873 1888 1895 1917 1963 1991 1998 2031
1006,CN1C(=O)NC(COc2ccccc2)C1C(F)(F)c1cc2ccc1s2,13 51 80 102 162 202 301 314 322 340 414 419 486 494 556 561 562 604 650 675 695 699 749 785 789 828 875 878 885 907 908 935 993 1019 1020 1026 1057 1088 1114 1126 1136 1145 1148 1151 1181 1190 1199 1210 1250 1280 1350 1380 1414 1429 1452 1453 1529 1539 1607 1708 1721 1750 1759 1839 1873 1916 1928 1963 1983 1998 2025 2026 2039
1007,CC#CC(=O)N1CCC(C)(C)CC1,46 125 126 190 252 301 337 351 562 590 614 615 638 650 674 698 710 807 843 888 892 926 935 957 958 997 1057 1060 1081 1093 1141 1156 1157 1162 1168 1193 1196 1206 1227 1232 1274 1318 1339 1430 1468 1480 1487 1521 1531 1561 1563 1599 1610 1693 1770 1786 1862 1897 1917 2003 2009 2013 2025
1008,CC(C)(C)OC(=O)N[Si](C)(C)C,41 107 114 145 179 184 196 204 231 290 308 374 378 392 399 482 498 559 650 656 684 686 693 695 741 774 807 822 849 1017 1026 1040 1044 1057 1086 1152 1174 1240 1335 1347 1365 1434 1486 1574 1615 1650 1672 1689 1693 1703 1758 1857 1859 1917 1960 1964 1999 2018
1009,CC(C)(C)CCCCN1C(=O)C2=CC=C(C2=O)C1=O,27 59 67 80 104 114 142 165 287 305 314 320 384 392 407 410 423 441 482 516 523 588 593 610 624 628 629 650 655 664 685 728 778 788 809 820 832 860 879 893 928 935 976 997 1057 1090 1104 1130 1145 1167 1184 1237 1247 1249 1279 1298 1308 1335 1342 1368 1380 1394 1447 1470 1472 1476 1526 1532 1538 1638 1689 1772 1777 1831 1873 1909 1911 1951 1970 1985
1010,O=C(c1cc2cc3cccnc3nc2[nH]c1=O)N(CCCCN1CCCC1)Cc1ccccc1F,31 80 110 148 160 163 189 195 263 291 314 320 335 360 364 378 439 448 450 458 488 493 507 560 575 594 600 608 650 653 677 699 742 750 751 756 807 843 850 875 881 886 893 898 926 935 949 978 1010 1024 1028 1032 1043 1068 1087 1088 1114 1117 1145 1152 1199 1221 1224 1264 1272 1310 1329 1333 1343 1344 1380 1422 1452 1480 1481 1482 1484 1516 1519 1524 1580 1597 1599 1669 1745 1750 1785 1791 1840 1855 1857 1866 1868 1873 1911 1917 1918 1928 1951 1964 1991 1998
1011,COc1cccc(NC(=O)NC=CC(=O)O)c1,11 31 81 83 157 168 184 191 338 389 411 414 466 543 562 610 650 654 694 695 703 727 781 807 835 841 875 976 978 1039 1053 1057 1088 1105 1107 1146 1152 1162 1239 1245 1283 1380 1393 1410 1530 1532 1562 1636 1719 1750 1768 1816 1831 1873 1917 1930 1972 1989 1990 2015 2039
1012,COc1ccc(C(=O)N2CCCC2)cc1S(=O)(=O)N1CCC(N2CCC3(CCCOC3=O)C2=O)CC1,37 94 101 110 115 136 143 198 249 255 283 314 321 350 362 366 369 392 401 433 441 442 497 499 502 507 518 558 585 618 650 656 684 695 773 800 801 807 847 866 875 926 928 935 942 943 950 966 980 997 1019 1028 1050 1057 1060 1090 1131 1132 1135 1143 1146 1162 1171 1226 1285 1325 1380 1385 1428 1439 1452 1459 1462 1476 1480 1504 1522 1536 1561 1576 1577 1662 1669 1674 1697 1750 1766 1767 1793 1853 1873 1903 1910 1917 1945 1949 1952 1959 1970 1998 2009 2024 2035
1013,O=C(NC1=CCCN(CCOc2ccccc2)C(=O)CC1)c1ccc(CN2CCCC2)cc1,11 13 25 80 102 123 127 152 155 191 214 278 310 314 322 370 440 475 486 526 650 664 695 713 760 767 784 798 807 809 823 843 888 926 935 977 996 1028 1032 1034 1039 1047 1052 1088 1089 1102 1109 1145 1147 1150 1152 1157 1183 1189 1198 1199 1219 1294 1358 1373 1380 1385 1404 1418 1422 1452 1480 1543 1591 1598 1630 1656 1665 1683 1685 1696 1697 1706 1738 1740 1750 1754 1765 1771 1773 1779 1781 1791 1795 1812 1816 1825 1832 1860 1861 1868 1873 1917 1928 1955 1959 1998 2046
1014,CCN(C)C(=O)C1C(C(=O)Nc2cc[si]3cccc(C)c3n2)NC(=O)N1CC(C)(C)C,80 88 109 114 129 141 212 231 253 270 294 301 304 314 334 378 391 392 427 465 554 567 604 621 632 650 652 654 669 689 735 767 776 807 845 864 881 900 932 935 968 997 1019 1029 1036 1055 1057 1069 1088 1099 1114 1116 1133 1152 1163 1267 1275 1287 1348 1354 1380 1391 1422 1430 1459 1461 1492 1500 1562 1572 1607 1618 1640 1722 1728 1730 1740 1746 1747 1750 1753 1758 1775 1811 1816 1855 1873 1892 1905 1917 1929 1977 1994 1999
1015,CCOc1ccc(N=Cc2ccccc2)cc1,20 36 69 74 75 80 101 102 199 202 219 229 237 270 281 282 290 294 322 350 389 396 406 514 608 623 694 695 714 718 725 766 864 880 925 956 1057 1078 1088 1172 1199 1238 1292 1353 1380 1381 1417 1440 1452 1526 1625 1664 1666 1685 1720 1750 1809 1854 1873 1920 2033
1016,CC(NS(=O)(=O)c1ccc(Cl)cc1)C(=O)N1CCCCC1,1 2 83 94 97 159 164 175 216 283 319 350 368 369 439 502 514 556 561 650 715 753 807 816 819 839 883 926 929 935 989 1001 1028 1046 1057 1070 1148 1152 1159 1280 1363 1380 1417 1428 1469 1476 1480 1527 1530 1543 1639 1664 1665 1676 1683 1738 1750 1828 1850 1857 1873 1917 1926 1935 1941 1998 2009
1017,COC(=O)C1C2CCC3CCCCC3(C)CCCCN2C(=O)N1C(=O)C=Cc1ccc(C)cc1,25 31 41 42 71 75 84 92 105 132 153 157 235 243 262 314 330 343 372 421 448 456 466 470 492 528 534 542 600 609 627 634 650 666 676 684 694 695 776 807 835 838 841 878 890 911 926 935 963 993 1019 1021 1028 1037 1053 1060 1084 1152 1162 1166 1211 1274 1278 1308 1316 1321 1325 1327 1349 1365 1380 1424 1480 1519 1638 1689 1702 1712 1722 1750 1764 1823 1834 1873 1912 1917 1920 1959 1961 1962 1967 1980 1998 2012 2033
1018,COc1ccc(C(=O)N(CC2CCCCC2)C(=O)c2c(OC)c3cc4cc-3sc24)cc1,2 29 56 62 80 131 153 162 168 177 215 257 283 284 322 328 333 337 352 383 432 484 487 497 549 557 569 586 587 599 627 645 650 666 671 675 695 715 718 736 749 768 781 799 807 820 831 834 841 875 881 890 906 919 926 929 986 997 1014 1019 1028 1057 1093 1095 1120 1136 1142 1196 1221 1295 1319 1325 1337 1353 1380 1385 1461 1470 1471 1492 1528 1536 1573 1591 1599 1601 1616 1627 1648 1649 1697 1750 1808 1855 1873 1917 1947 1949 1959 2005 2031 2045
1019,Cc1nc2c([nH]1)C(O)C(O)C1NC(=O)N2C(=O)C1O,5 21 121 126 130 142 164 187 220 226 284 293 301 314 335 344 378 394 398 511 591 613 653 718 721 728 738 768 807 830 838 845 854 858 860 879 935 995 1009 1019 1030 1036 1039 1050 1087 1106 1114 1197 1222 1257 1324 1380 1389 1391 1395 1406 1461 1464 1486 1487 1561 1686 1722 1726 1745 1793 1806 1824 1855 1961 2001 2022
1020,COc1ccc(C(=O)N2CCCCC2=O)nc1-c1ccccc1S(=O)(=O)N1CCCC1,46 58 94 103 136 240 249 310 314 323 350 352 366 378 392 400 410 459 512 539 585 649 650 652 659 695 707 798 800 807 816 841 842 855 926 935 941 950 953 984 992 1028 1057 1084 1088 1137 1182 1184 1199 1203 1215 1247 1276 1279 1296 1301 1375 1380 1387 1396 1439 1440 1470 1476 1480 1496 1504 1507 1536 1565 1572 1573 1701 1738 1750 1756 1773 1801 1855 1873 1913 1917 1970 1976 1998 2017
1021,CCCN1CCN(C(=O)C2=CC=CN(CCN3CCCOC3=O)S2(=O)=O)CC1,74 79 80 91 110 139 154 165 202 207 274 294 314 339 347 441 450 464 469 519 563 585 603 604 608 612 636 650 656 666 759 765 778 794 807 820 862 926 935 938 942 950 990 1028 1048 1057 1070 1089 1123 1145 1219 1246 1249 1367 1380 1395 1398 1435 1462 1480 1482 1504 1548 1549 1558 1567 1573 1589 1620 1622 1632 1655 1716 1718 1728 1768 1791 1840 1842 1855 1857 1873 1896 1913 1917 1945 1961 1971 1985 2009 2014 2016
1022,O=C1c2c(F)ccc(C(F)(F)F)c2CN1c1ccccc1,1 114 118 157 216 238 256 262 314 352 361 389 401 473 492 499 579 587 623 627 650 658 673 678 698 719 752 769 793 796 809 837 879 926 933 935 1033 1049 1053 1068 1088 1097 1133 1178 1199 1310 1370 1380 1416 1418 1427 1453 1457 1477 1521 1523 1540 1614 1674 1747 1750 1782 1825 1826 1840 1845 1846 1873 1894 1896 1928 1939 1946 1949 1955 1978 2000
1023,c1ccc(OCCNC(=Nc2cccnc2)c2ccccc2)cc1,13 15 80 97 102 103 197 240 260 289 322 345 378 389 405 430 437 449 475 490 544 562 640 642 649 650 667 675 695 725 727 728 766 769 807 845 849 858 948 971 975 980 983 1017 1034 1043 1086 1088 1135 1152 1199 1209 1219 1277 1284 1289 1349 1358 1380 1385 1397 1452 1516 1535 1575 1586 1587 1603 1613 1661 1722 1750 1790 1820 1854 1855 1866 1873 1890 1907 1985 2005 2018
1024,Cc1ccc(SC(N)=Nc2nc(-c3ccccc3)c3c(C)c2-3)[n+]([O-])c1,0 38 68 100 116 140 149 172 235 252 259 276 319 323 350 355 376 378 381 387 388 389 417 444 458 463 471 483 524 557 567 573 593 663 680 715 725 736 807 858 865 907 939 957 972 1014 1057 1088 1124 1144 1145 1151 1160 1165 1171 1199 1204 1206 1228 1314 1322 1353 1359 1377 1380 1407 1433 1441 1447 1487 1613 1632 1658 1676 1686 1690 1699 1722 1723 1729 1747 1750 1760 1797 1817 1823 1844 1855 1869 1873 1955 1983 1989
1025,C=CSc1cc(OC(C)=O)ccc1OC,51 74 94 116 136 148 172 208 219 249 298 305 313 322 363 500 555 564 628 650 654 689 694 695 704 718 729 758 807 829 834 841 875 942 997 1017 1025 1035 1046 1057 1058 1075 1174 1182 1185 1203 1204 1225 1265 1276 1280 1314 1349 1366 1418 1562 1615 1645 1652 1718 1750 1772 1775 1787 1808 1827 1837 1867 1873 1909 1917 1936 1944 1952 1970 1992 2001 2010
1026,COC(=O)CN1CN(c2cccc(OC)c2)C(=O)c2ccccc2C1=O,39 80 88 129 135 149 195 210 223 229 268 314 315 322 335 352 489 500 525 562 614 650 665 695 758 781 799 807 841 866 875 879 914 926 935 952 979 984 985 1039 1049 1057 1071 1088 1089 1145 1152 1166 1192 1199 1312 1380 1386 1442 1454 1457 1476 1479 1499 1505 1511 1536 1586 1616 1643 1701 1702 1750 1776 1814 1825 1873 1884 1906 1917 1920 1938 1955 1968 1972 2039
1027,Cc1ccccc1-c1nc2n(n1)C(=O)C(C(=O)n1cncn1)=C2c1ccccc1,43 70 91 121 175 206 224 309 314 345 352 354 378 389 428 434 476 489 548 550 573 607 626 650 651 652 671 712 736 743 761 771 796 807 808 872 875 879 907 932 935 958 971 978 984 988 1007 1032 1057 1081 1088 1143 1160 1184 1199 1218 1358 1380 1385 1391 1414 1475 1487 1494 1504 1508 1530 1576 1591 1594 1603 1612 1634 1640 1654 1686 1696 1698 1722 1749 1750 1783 1852 1855 1863 1865 1873 1905 1917 1956 1968 1999 2029
1028,CCCCCCN(C(=O)CN1CCCCC1=O)C(=O)N(CC)C(C)=O,70 80 82 98 122 144 172 191 200 236 239 253 259 268 294 310 314 333 362 487 492 508 511 544 553 591 648 650 651 717 720 733 746 754 794 798 807 881 917 925 926 932 935 956 957 994 996 1017 1028 1057 1089 1123 1138 1143 1182 1185 1199 1238 1312 1317 1357 1380 1396 1399 1410 1426 1444 1445 1480 1588 1590 1648 1663 1669 1680 1716 1738 1905 1911 1917 1923 1932 1951 1980 1998 2006 2038 2043
1029,CSC(=O)NC(=O)N(C)C(=O)CN(C(C)=O)C(=O)c1ccc(C(F)(F)F)cc1,14 37 75 80 114 116 150 186 193 233 236 263 277 306 355 383 385 389 394 502 504 522 536 546 587 650 688 807 809 815 820 881 890 991 1007 1017 1057 1077 1119 1138 1152 1163 1166 1182 1190 1215 1217 1221 1226 1238 1260 1274 1305 1317 1323 1358 1367 1380 1385 1398 1413 1417 1453 1457 1468 1471 1479 1489 1496 1543 1575 1588 1607 1612 1648 1665 1697 1701 1723 1742 1745 1750 1893 1917 1928 1933 1942 1986 1997 2019 2031
1030,N#CCCCCC(=O)NCCCN1CCCCC1,1 2 41 71 77 80 81 138 140 197 213 244 364 413 480 493 597 610 611 622 632 650 653 656 667 674 679 716 744 790 807 906 926 935 983 1028 1036 1089 1145 1176 1242 1246 1253 1267 1333 1340 1374 1384 1405 1409 1422 1462 1480 1482 1564 1589 1605 1669 1718 1791 1846 1876 1904 1911 1912 1917 1927 1969 1998 2008 2025 2034
1031,CCCS(=O)(=O)c1ccc2ccccc3c(OCCC(=O)OCC)cc=3c2c1,13 24 33 37 80 123 139 147 203 227 258 294 317 319 332 345 350 481 518 526 583 610 612 638 642 650 664 677 695 715 721 788 794 807 875 942 954 978 1027 1057 1079 1087 1088 1096 1104 1155 1174 1199 1235 1238 1261 1286 1309 1326 1333 1357 1380 1386 1409 1450 1452 1476 1518 1527 1551 1561 1564 1566 1624 1639 1695 1698 1722 1750 1786 1809 1855 1873 1880 1917 1949 1970 1990 2033
1032,O=C(c1cccc2ccc(Cl)cc12)N1CCCC1,16 102 161 165 180 193 203 216 233 237 276 279 290 296 335 362 380 471 561 650 705 738 774 807 816 818 843 875 926 935 942 985 1022 1028 1039 1087 1088 1090 1104 1185 1241 1357 1380 1414 1424 1435 1447 1448 1480 1504 1587 1596 1661 1683 1712 1736 1750 1765 1836 1855 1863 1873 1911 1917 1991 1992 1998 2009 2018
1033,COc1cc2c(cc1C1CCCN(CCNC(=O)N3CCCC3)C1)C2,48 80 170 188 197 218 219 232 249 257 267 293 300 354 364 369 377 383 440 446 493 537 552 572 586 644 650 667 684 695 712 714 739 751 762 771 772 795 807 833 836 841 869 875 926 933 935 937 946 1006 1019 1027 1028 1034 1041 1057 1058 1079 1145 1152 1182 1221 1231 1236 1250 1325 1380 1422 1468 1480 1500 1512 1536 1564 1632 1643 1666 1673 1710 1791 1803 1820 1852 1873 1917 1943 1957 1970 1998 2000 2009
1034,COC(=O)N1CCN(C(=O)C2=CC=C3N=C(C)N=C3C2=O)CC1,10 25 136 137 235 244 259 260 262 314 332 337 375 378 414 421 509 535 547 571 576 584 608 614 650 695 710 720 724 745 803 807 841 878 900 926 927 931 935 942 954 1002 1057 1065 1146 1224 1249 1258 1275 1285 1291 1326 1380 1413 1415 1429 1443 1476 1480 1496 1504 1567 1578 1589 1641 1681 1721 1722 1731 1767 1845 1846 1873 1889 1908 1917 1977 1994 2008 2009
1035,COc1cc2ccccc2c(OC)c1NC(N)=O,10 14 30 140 179 217 249 270 308 333 343 381 383 387 408 438 520 650 680 693 695 771 785 807 836 841 848 854 860 872 875 885 919 941 942 944 995 1020 1057 1087 1088 1094 1096 1114 1142 1152 1171 1196 1199 1220 1329 1357 1369 1373 1380 1415 1439 1468 1526 1536 1573 1590 1599 1616 1750 1812 1816 1850 1855 1873 1908 1917 1961 1970 2024
1036,CC1CSCCC1NC(=O)NC(=O)Nc1ccccc1,40 52 125 150 191 195 250 308 354 387 389 398 444 466 492 524 538 616 650 675 678 703 719 771 789 807 844 848 849 863 926 996 1019 1057 1077 1088 1119 1128 1133 1152 1166 1199 1309 1325 1380 1382 1403 1423 1456 1518 1543 1562 1615 1657 1658 1663 1706 1718 1750 1763 1816 1828 1859 1873 1888 1892 1917 1979 1989 1990 2009
1037,Cc1ccc2c(c1)C(=O)OC(=O)c1ccccc1O2,6 82 86 114 133 235 254 270 314 344 348 352 363 445 453 473 484 521 536 551 564 650 656 859 875 928 955 984 1011 1012 1013 1033 1035 1057 1083 1088 1113 1161 1168 1192 1199 1219 1292 1370 1380 1481 1485 1502 1550 1722 1750 1753 1783 1784 1810 1823 1873 1905 1916 1953 1958 1963 1975 2022
1038,Cc1ccc(-c2ccc(C(=O)c3ccccc3)cc2)c(=O)n1CN1C(=O)Cc2ccccc21,9 34 69 80 87 105 106 222 300 314 352 386 389 427 452 465 479 504 541 581 588 601 650 680 798 802 807 814 819 883 896 910 926 935 982 1029 1057 1088 1101 1138 1152 1160 1182 1183 1199 1209 1211 1228 1235 1236 1287 1295 1307 1334 1380 1385 1417 1449 1502 1560 1561 1564 1572 1589 1647 1651 1657 1681 1697 1708 1722 1750 1775 1793 1873 1903 1917 1980 1985 2014
1039,COC(C(=O)N1CCCNC1=O)=C(O)c1cc(C(F)(F)F)ccc1OC,24 82 85 94 114 122 163 174 231 235 249 270 297 305 314 315 318 343 375 389 414 445 525 531 535 557 594 650 671 695 788 789 807 809 810 841 875 899 919 926 935 944 976 979 1028 1039 1057 1061 1110 1114 1123 1150 1152 1208 1215 1232 1260 1271 1290 1298 1300 1302 1353 1369 1380 1387 1411 1417 1430 1453 1480 1508 1522 1536 1581 1598 1606 1635 1665 1706 1727 1746 1750 1796 1812 1837 1866 1873 1917 1921 1928 1970 1977 1991 2019 2022
1040,CN(C(=O)Nc1ccccc1)c1nc(-c2ccccn2)nc2ccccc12,14 46 54 57 178 191 193 196 218 249 259 264 289 378 389 448 466 472 478 527 558 599 629 650 689 703 765 766 807 827 843 881 961 976 980 1003 1027 1057 1077 1086 1088 1097 1152 1155 1163 1170 1199 1219 1229 1232 1309 1324 1356 1357 1380 1385 1386 1427 1452 1508 1512 1573 1585 1592 1594 1645 1687 1716 1750 1769 1816 1851 1855 1861 1866 1873 1889 1898 1917 1943 1953 1974 1985 2003
1041,CS(=O)(=O)N1CCCCC1CCCc1[nH]c2ncc3cccc2c13,33 55 80 90 91 115 143 184 243 342 350 353 354 377 378 391 492 503 546 548 633 650 688 692 731 744 770 791 794 832 834 849 877 890 926 935 955 966 1001 1019 1025 1028 1034 1039 1057 1059 1087 1088 1114 1122 1142 1152 1243 1246 1262 1272 1287 1325 1338 1357 1361 1367 1380 1412 1417 1442 1452 1476 1480 1530 1531 1535 1552 1573 1617 1657 1745 1750 1777 1800 1855 1873 1911 1919 1983 1984 1996 1998 2021
1042,Cc1ccccc1-c1cc(S(=O)(=O)Nc2ccccc2S(C)(=O)=O)c(C)s1,62 162 167 224 257 313 348 350 352 366 392 410 421 467 479 485 502 507 541 561 650 672 675 692 700 779 806 875 898 984 992 1051 1057 1060 1076 1088 1152 1166 1197 1199 1213 1224 1237 1270 1276 1314 1380 1391 1444 1476 1494 1519 1527 1530 1588 1649 1665 1696 1698 1700 1714 1719 1722 1750 1790 1799 1805 1835 1854 1873 1923 1939 1986 1989 1996 1999 2004 2034
1043,CCCCCNC(=O)c1ccc(C(=O)NCCN2CCCC2)c2ccc(C#N)cc12,8 29 67 80 95 102 105 113 197 225 280 294 299 305 335 431 486 500 552 570 586 591 592 610 643 650 667 674 694 714 754 790 794 807 825 875 926 932 935 988 1026 1028 1046 1057 1061 1136 1145 1152 1247 1313 1317 1342 1357 1359 1366 1384 1401 1422 1444 1480 1482 1536 1613 1616 1618 1620 1652 1660 1673 1706 1733 1750 1791 1873 1876 1887 1892 1911 1917 1954 1975 1991 1998 2034
1044,CCCCCCCCCOC(N)=O,13 28 80 82 120 140 147 294 299 319 327 352 378 447 486 489 536 554 580 591 606 640 650 671 695 699 735 794 807 837 1057 1063 1075 1077 1107 1115 1124 1143 1171 1249 1252 1375 1444 1511 1546 1578 1627 1659 1663 1685 1720 1734 1766 1911 1917 1942 1987
1045,O=C(OCCc1c(Br)ccc2[nH]c3ncc4nc(ccc4c3-c3ccccc3)c12)c1ccc(O)c(Cl)c1,0 13 31 80 101 115 119 121 145 147 156 157 290 307 316 347 366 378 389 422 469 503 561 563 596 624 643 646 650 695 728 736 763 776 807 822 833 873 875 894 922 952 954 961 1015 1023 1032 1088 1097 1114 1135 1152 1160 1199 1225 1235 1243 1257 1287 1300 1333 1357 1380 1385 1440 1452 1475 1476 1486 1520 1522 1535 1560 1592 1593 1602 1605 1607 1631 1657 1683 1688 1697 1712 1733 1745 1747 1750 1815 1855 1873 1917 1939 1948 1972 1984 2016 2035 2037 2041
1046,COc1cc(S(=O)(=O)N2CCCC3(C)C2CC(Cc2cccn2C)C3S(=O)(=O)O)ccc1Br,27 58 80 95 111 136 166 189 200 226 228 249 250 262 271 314 319 322 329 337 350 352 354 361 458 465 486 496 524 542 558 585 592 614 630 650 682 688 695 707 710 715 728 729 800 802 807 833 841 875 926 935 954 961 1001 1019 1028 1057 1060 1076 1087 1088 1101 1145 1162 1225 1227 1274 1292 1305 1318 1354 1380 1409 1420 1449 1459 1476 1477 1480 1536 1568 1616 1631 1643 1656 1665 1668 1674 1704 1729 1744 1748 1750 1760 1767 1812 1847 1864 1873 1875 1896 1899 1930 1970 1984 2028
1047,COc1cc(F)cc2ccc3c4csc3nc(cc(F)c12)NC(=O)C4,81 116 203 241 242 249 314 335 343 378 382 391 481 507 511 516 552 561 612 630 650 675 695 699 747 767 832 841 844 863 875 888 926 997 1014 1015 1026 1057 1060 1097 1114 1139 1142 1155 1162 1170 1221 1236 1251 1257 1275 1277 1279 1345 1348 1353 1357 1380 1394 1530 1536 1564 1567 1575 1602 1609 1651 1670 1677 1678 1724 1733 1749 1750 1770 1840 1850 1855 1873 1884 1908 1928 1964 1970 1984
1048,CC(C)(C)C(=O)N1C(=O)SCCCCCCCC(C)(C)C1=O,2 13 37 100 114 122 125 145 157 165 195 226 255 270 314 345 363 392 416 446 450 461 477 488 589 598 616 650 675 713 776 789 807 863 912 926 931 935 953 955 1021 1028 1057 1060 1070 1104 1144 1162 1181 1218 1274 1349 1380 1462 1505 1578 1594 1633 1638 1649 1668 1669 1691 1734 1768 1794 1830 1857 1876 1895 1909 1917 1937 2009
1049,C=C(c1cccc(C(=O)O)c1C=C1C=C(C(=O)O)c2ccccc2N1)C(F)(F)F,67 84 112 114 142 143 169 200 201 281 288 350 352 389 401 414 415 420 433 456 490 548 550 557 585 650 658 694 698 747 753 767 807 841 852 879 890 899 920 936 969 972 984 1022 1030 1039 1047 1049 1060 1069 1088 1101 1114 1144 1191 1199 1267 1351 1366 1380 1411 1447 1453 1460 1466 1470 1557 1575 1645 1715 1725 1741 1750 1767 1857 1866 1873 1899 1910 1917 1928 1937 1953 1967 1982 1991 2002 2016 2017
1050,CN(COCCNS(=O)(=O)C(=Nc1cccc(F)c1)c1cccnc1)S(=O)(=O)c1cc2ccc1cc2,13 57 62 80 82 120 137 145 173 179 203 213 230 233 248 302 309 350 378 392 419 424 437 517 543 557 562 596 650 667 695 699 725 738 761 764 807 810 815 825 844 875 881 889 893 895 983 985 1022 1039 1043 1057 1059 1065 1086 1152 1157 1163 1168 1174 1249 1270 1334 1335 1352 1362 1380 1385 1397 1419 1476 1484 1487 1526 1535 1572 1586 1603 1613 1626 1701 1704 1739 1750 1756 1762 1809 1822 1824 1845 1854 1855 1866 1873 1885 1928 1938 1962 1991 1992 2014 2026
1051,Cc1ccccc1NS(=O)(=O)Nc1cc[nH]c1,33 94 136 143 146 191 207 263 276 288 299 320 321 350 379 458 506 531 585 650 655 696 758 887 986 1057 1068 1075 1083 1088 1104 1145 1148 1152 1199 1224 1270 1300 1315 1380 1391 1476 1485 1506 1598 1696 1715 1738 1750 1873 1879 1883 1895 1920 1977 1999
1052,CCC(=O)c1cccnc1-c1nc(CC)[nH]c(=O)c1C=CCCCC1CCCCC1,2 10 29 36 44 63 80 83 114 146 235 259 284 294 309 314 315 323 350 378 401 422 428 437 448 484 571 610 627 633 650 681 694 704 712 750 775 778 807 832 835 898 919 926 936 956 964 973 993 1019 1028 1039 1043 1057 1088 1114 1169 1217 1219 1236 1244 1325 1356 1373 1380 1428 1447 1452 1514 1615 1690 1693 1745 1750 1783 1796 1799 1855 1866 1873 1903 1904 1911 1917 1918 1931 1991 2001 2007 2041
1053,CCCCN(CCC#N)C(=O)NC1=C2C=CN=C(S1)N2c1ccccc1,10 80 81 89 136 193 212 244 254 294 332 333 348 362 364 378 389 413 425 522 547 563 591 606 630 631 650 674 675 706 708 738 779 790 791 794 807 827 830 841 844 863 881 883 888 896 935 978 998 1008 1049 1056 1057 1088 1089 1131 1152 1176 1199 1213 1246 1272 1274 1275 1380 1384 1392 1419 1422 1487 1523 1529 1553 1617 1623 1677 1686 1695 1750 1754 1792 1816 1825 1873 1879 1911 1917 1951 1955 2001 2038 2044
1054,CCCN1CCN(c2nncc3c(OCC)cc4ccccc4c23)C1=O,37 80 83 92 130 133 187 237 243 248 281 294 295 314 349 360 368 371 378 408 425 440 441 458 475 487 492 530 539 554 634 650 695 698 705 711 772 783 794 795 811 820 831 836 844 875 904 935 937 982 1005 1019 1057 1077 1087 1088 1089 1142 1145 1164 1190 1199 1206 1238 1248 1288 1327 1357 1376 1377 1380 1395 1452 1457 1480 1535 1573 1582 1585 1614 1617 1630 1648 1688 1724 1750 1764 1779 1788 1855 1873 1941 1970 1984
1055,Cc1nnc(Sc2ccccc2-c2ccc3[nH]c(cc(Cl)c2)[nH]c3=O)n1-c1ccccn1,7 15 64 66 109 116 119 183 184 216 239 295 314 321 327 352 377 378 417 448 527 530 548 552 561 587 592 639 650 700 733 747 750 819 831 856 875 879 896 917 925 934 984 997 1025 1030 1056 1057 1088 1114 1120 1126 1155 1160 1163 1164 1190 1199 1231 1313 1331 1347 1388 1414 1424 1443 1449 1452 1560 1566 1641 1646 1660 1683 1685 1690 1692 1697 1722 1736 1745 1747 1750 1770 1804 1866 1873 1921 1934 1936 1939 1942 1969 1993 2002 2019
1056,CCCN(C(C)=O)c1ncc(Sc2ccccc2)c2c(NC(=O)C3CC3)cccc12,21 27 46 80 89 102 116 156 201 259 270 278 285 294 296 302 378 384 389 397 424 455 479 552 589 624 650 689 750 783 785 794 807 811 846 881 898 926 968 974 1017 1019 1025 1039 1047 1057 1067 1083 1088 1092 1152 1174 1183 1196 1199 1224 1252 1275 1294 1295 1325 1336 1346 1349 1357 1360 1380 1429 1452 1464 1520 1535 1573 1588 1655 1681 1689 1696 1703 1709 1745 1750 1751 1761 1802 1815 1816 1873 1917 1951 1984 2041
1057,Cc1ccc2c(n1)SC2=NNS(=O)(=O)c1ccccc1,44 116 120 141 244 306 319 350 352 369 371 378 380 389 394 438 474 502 520 526 534 575 623 650 675 680 725 737 743 746 753 794 883 930 953 994 1012 1013 1057 1088 1089 1114 1124 1152 1199 1231 1238 1299 1302 1339 1380 1431 1476 1532 1604 1655 1658 1659 1722 1724 1731 1750 1780 1784 1793 1812 1839 1855 1863 1870 1873 1901 1919 1937 1966 1979 1981 2044
1058,O=C1C=C(Cl)C=C1c1ccccc1O,4 12 43 47 84 86 94 182 196 198 255 260 263 271 314 336 352 355 385 400 466 491 500 561 562 607 615 635 650 678 681 699 726 747 776 781 807 845 873 910 914 984 1030 1131 1167 1198 1199 1252 1285 1333 1336 1380 1398 1485 1488 1512 1542 1602 1607 1610 1662 1683 1708 1717 1747 1750 1814 1823 1831 1848 1867 1873 1916
1059,CN1CCCN(CC(=O)Nc2ccc(S(=O)(=O)Nc3ccc(Cl)c4c5ccc(cc5)c34)cc2)C1=O,4 33 41 80 92 128 172 191 203 255 268 314 319 344 350 366 370 467 492 502 515 533 540 555 561 611 650 653 658 666 691 715 725 736 793 796 807 843 858 883 901 918 926 935 979 997 998 1018 1028 1057 1077 1083 1089 1123 1145 1152 1156 1196 1212 1213 1224 1246 1270 1284 1299 1312 1323 1342 1380 1395 1422 1476 1480 1551 1597 1693 1750 1790 1816 1844 1855 1856 1873 1915 1917 1946 1984 2002 2044
1060,CCNC(=Nc1ccccc1)Sc1cccnc1N,80 116 145 167 171 197 209 294 377 378 389 428 448 456 458 464 477 575 702 723 725 733 736 807 827 835 838 860 866 915 967 1025 1038 1043 1050 1057 1086 1088 1126 1152 1158 1165 1171 1199 1218 1245 1291 1303 1346 1380 1419 1426 1452 1457 1459 1479 1482 1498 1537 1603 1607 1613 1624 1643 1726 1750 1777 1780 1796 1808 1811 1854 1859 1865 1866 1873 1933 1944 1985 2013
1061,CCN(C)c1cc(OC)ccc1CN1c2ccccc2C=C(c2ccccc2)S1(=O)=O,8 25 26 58 64 80 84 137 142 172 187 207 266 272 294 303 322 335 347 364 386 389 392 469 599 650 679 695 698 713 718 729 736 740 781 819 863 875 881 932 935 942 974 990 1032 1057 1058 1088 1100 1101 1125 1133 1150 1160 1163 1199 1290 1295 1325 1349 1380 1384 1448 1475 1480 1515 1536 1605 1647 1651 1664 1741 1750 1765 1811 1873 1877 1920 1972 2006 2018 2037
1062,Cc1ccc([N+](=O)c2cc3c(C)c4c5ccc(cc5C=C3N3CCCCCCCCCC3)c24)cc1,2 24 42 84 89 134 199 203 218 235 239 252 280 301 349 352 397 407 412 419 444 517 566 650 676 680 700 706 716 751 753 795 875 891 926 934 935 936 956 980 996 999 1023 1028 1051 1057 1095 1106 1121 1138 1153 1156 1185 1263 1274 1281 1286 1328 1333 1343 1357 1358 1380 1396 1448 1468 1480 1506 1548 1653 1654 1722 1730 1733 1750 1796 1814 1823 1840 1855 1859 1873 1881 1920 1956 1963 1982 1984 1998
1063,CN(CCCCCN1CCCCC1)c1ncnc(=O)n1C,2 80 98 112 130 204 215 222 279 314 318 325 354 378 416 489 516 545 564 582 599 610 650 665 672 679 680 691 740 792 881 893 895 926 935 950 966 986 1028 1034 1049 1057 1061 1079 1101 1130 1143 1145 1163 1209 1224 1317 1380 1399 1422 1452 1480 1482 1581 1669 1674 1719 1725 1791 1810 1867 1873 1887 1911 1932 1947 1951 1998 2000 2002 2038
1064,C#CC(=O)Nc1ccc(I)cc1C(F)(F)F,13 79 119 139 143 197 211 223 226 262 396 419 434 461 493 520 522 609 650 661 674 713 746 783 807 809 812 840 853 862 875 915 929 941 947 974 985 1055 1070 1138 1145 1146 1152 1184 1197 1206 1224 1262 1270 1294 1322 1380 1411 1420 1447 1453 1494 1519 1523 1541 1594 1614 1646 1734 1816 1822 1873 1876 1917 1928 2046
1065,CCN(CC(C)C)C(=O)c1nc2c(C)nc1n2OC,1 8 21 54 71 80 92 132 142 184 188 192 236 251 283 294 362 378 401 469 490 523 650 695 751 790 807 839 841 877 878 881 932 935 962 977 978 1008 1018 1026 1038 1044 1056 1057 1093 1101 1213 1221 1257 1290 1380 1384 1390 1444 1476 1489 1551 1575 1631 1639 1673 1696 1722 1808 1847 1855 1860 1917 1933 1952 1956 2026 2046
1066,COC(=O)COc1ccccc1Sc1nc(=O)c(-c2ccc(F)cc2)cs1,69 80 90 116 134 178 192 195 222 226 242 304 314 340 352 377 378 437 495 510 519 523 524 540 541 552 587 621 643 648 650 663 675 695 699 705 716 794 807 841 854 858 896 901 928 939 973 999 1025 1057 1073 1088 1112 1152 1160 1170 1187 1199 1213 1377 1380 1386 1410 1452 1454 1481 1514 1567 1580 1630 1670 1691 1724 1750 1762 1768 1855 1858 1873 1917 1928 1970 2004
1067,COc1c[nH]c2cc(C34CCN(CC(C5CCCCC5)C3)C4=O)cc(F)c12,2 21 94 112 119 138 171 197 249 255 276 314 338 364 371 407 411 451 457 476 550 556 585 650 660 679 695 699 739 747 761 783 806 841 875 890 898 909 926 935 939 1019 1023 1028 1038 1057 1060 1114 1139 1162 1171 1195 1213 1226 1250 1325 1330 1342 1380 1396 1412 1418 1451 1468 1480 1531 1536 1561 1627 1630 1651 1692 1702 1705 1717 1736 1748 1820 1840 1873 1879 1928 1937 1938 1945 1946 1970 1974 1984
1068,c1ccc(C2=NCCCC2)cc1,21 34 66 69 127 130 201 206 310 313 323 374 378 389 420 436 503 551 559 575 603 616 632 652 705 736 741 747 761 791 828 881 926 969 991 1023 1028 1088 1108 1145 1160 1198 1199 1205 1296 1380 1504 1516 1558 1560 1576 1625 1636 1640 1676 1691 1738 1750 1779 1812 1862 1873 1912 1951 1957 1958 1970 1976 1984
1069,CC1(C)c2ccc(c(Cl)c2)OCC1N,58 66 155 188 194 366 441 447 484 511 533 556 561 648 656 720 783 819 875 884 906 926 981 1009 1019 1035 1047 1057 1058 1060 1061 1115 1127 1153 1158 1163 1171 1195 1201 1274 1362 1369 1372 1446 1499 1607 1683 1750 1778 1832 1846 1865 1873 1905 1923 2014
1070,Fc1ccccc1-c1nnc(-c2ccccc2)s1,53 65 82 162 209 247 352 378 389 401 428 438 449 451 478 675 699 734 736 814 851 868 951 966 984 989 990 1017 1032 1087 1088 1104 1113 1160 1164 1199 1255 1303 1380 1381 1389 1452 1513 1569 1577 1750 1754 1768 1840 1873 1905 1928 1934 2019 2032
1071,CC(=O)N(c1ccccc1)S(=O)(=O)c1ccccc1S(=O)(=O)OCc1ccccc1,42 77 80 91 122 136 186 263 284 334 350 357 378 389 392 404 496 517 543 581 602 650 695 715 745 804 807 815 870 881 905 992 997 1013 1017 1041 1057 1066 1088 1096 1102 1195 1199 1276 1294 1324 1331 1380 1392 1404 1406 1454 1476 1531 1581 1588 1636 1641 1653 1724 1726 1750 1754 1786 1789 1794 1815 1825 1873 1893 1917 1928 1941 1942 1945 1956 1984 2003 2008 2042
1072,CCCCCCCCCN1CCN(C(=O)c2ccc(OC)cc2)C1=O,16 80 92 130 294 295 314 322 345 358 371 372 437 441 498 519 550 573 591 650 651 718 725 726 737 781 794 807 831 841 848 849 893 920 926 935 951 973 1006 1057 1065 1089 1124 1137 1143 1145 1252 1264 1266 1336 1361 1380 1385 1387 1431 1442 1444 1480 1511 1536 1539 1571 1625 1635 1642 1697 1727 1750 1793 1841 1847 1873 1901 1911 1917 1944 1974 1995 2032
1073,CCCCCN1CCCN(C(=O)c2c(C)sc3nc(-c4ccc(OC)cc4)nn23)C1=O,16 64 70 80 86 92 109 149 168 204 215 294 313 314 322 332 358 371 378 383 412 482 545 551 591 618 650 652 669 675 685 695 718 720 730 781 794 807 831 841 861 885 893 894 896 914 926 935 938 939 951 1028 1054 1057 1068 1083 1089 1123 1145 1160 1196 1203 1215 1258 1281 1326 1340 1352 1380 1385 1387 1388 1394 1444 1456 1458 1480 1504 1527 1536 1539 1578 1588 1622 1650 1683 1716 1722 1750 1785 1816 1843 1855 1873 1911 1917 1934 1944 1986 2024
1074,Cc1nc2c(C)cc3cc2c3nnc2cc3cc2c1cc(Cl)c3S(=O)(=O)N1CCCC1,45 66 68 83 92 105 126 141 164 173 183 308 350 355 366 378 381 384 392 423 499 500 539 561 585 617 650 737 749 800 829 845 866 867 875 926 930 935 955 1000 1021 1028 1038 1057 1072 1092 1097 1105 1127 1157 1164 1208 1236 1300 1357 1380 1391 1472 1476 1480 1525 1566 1576 1580 1596 1617 1621 1676 1683 1722 1724 1763 1825 1855 1873 1892 1914 1936 1967 1974 1998 2000 2036
1075,c1ccc(C2COc3ccc2cc3)cc1,36 62 84 96 121 208 245 326 338 351 365 389 416 441 477 483 515 558 587 596 644 654 656 706 731 794 798 838 872 886 907 926 1019 1044 1066 1067 1080 1088 1162 1199 1279 1351 1380 1381 1391 1434 1482 1523 1535 1569 1584 1585 1618 1663 1681 1688 1692 1709 1750 1765 1778 1803 1832 1867 1873 1955 1997 2023 2031
1076,CCCCCCn1c(C)nc2c1C(=O)c1ccccc1-2,1 2 28 52 55 77 80 94 152 190 198 236 257 289 294 308 314 323 352 365 378 496 499 579 591 625 644 650 684 737 794 802 893 917 935 984 1011 1057 1061 1068 1088 1113 1143 1145 1148 1191 1194 1199 1212 1225 1235 1363 1380 1404 1444 1449 1476 1510 1519 1536 1558 1579 1601 1606 1620 1700 1722 1723 1750 1780 1814 1855 1873 1911 1934 1956 1969 2047
1077,CC1(C)C2CCC3(C)C4OC(C23)C2C3OC(=O)C(C3O)C2(C)C41,12 21 29 41 50 68 126 141 160 177 204 220 221 233 235 291 296 314 382 419 470 483 484 492 497 519 529 549 632 647 648 650 656 692 733 750 792 807 826 877 920 926 939 941 1009 1018 1019 1023 1024 1027 1057 1060 1065 1080 1148 1157 1162 1165 1169 1181 1182 1213 1228 1257 1274 1325 1380 1392 1435 1477 1487 1585 1592 1649 1723 1735 1758 1780 1788 1804 1812 1842 1885 1903 1904 1921 1940 1951 1962 2012
1078,Cn1ncnc1Nc1cc([N+](=O)[O-])ccc1N1CCCCC1,2 12 43 118 157 196 213 231 232 289 348 367 378 405 407 415 437 475 484 489 491 540 569 609 611 650 677 680 707 715 724 745 753 768 781 799 830 838 867 875 902 926 932 935 943 1002 1019 1028 1057 1068 1092 1105 1121 1124 1145 1148 1152 1195 1224 1280 1295 1321 1351 1380 1447 1452 1467 1480 1486 1490 1614 1632 1727 1745 1750 1770 1778 1798 1809 1812 1814 1873 1915 1940 1950 1963 1997 1998
1079,O=C(Nc1nc2c3n(c1=O)CCCC=CC=C(O2)c1ccccc1-3)c1ccccc1,30 39 40 63 68 117 159 183 187 246 259 268 289 314 335 336 347 352 378 380 389 410 439 446 486 504 570 618 650 656 708 719 766 784 807 816 862 864 923 926 935 952 984 987 1003 1005 1028 1054 1088 1105 1128 1142 1147 1152 1166 1180 1199 1202 1217 1249 1272 1289 1298 1316 1327 1331 1340 1371 1380 1385 1393 1444 1453 1456 1480 1496 1532 1584 1610 1612 1639 1665 1668 1715 1750 1762 1767 1795 1801 1810 1812 1816 1855 1873 1899 1917 1985 1997 2014 2045
1080,COc1cc(NC(=O)C2CN(C3CC4(C)C5CCCN4C(=O)CC35)C(=O)O2)cc2ccc(C(F)(F)Cl)cc12,3 34 84 101 109 114 118 191 192 203 217 231 249 263 287 309 310 314 446 470 519 525 556 557 608 622 626 634 644 650 651 656 663 675 679 684 689 695 729 739 742 750 758 772 798 803 807 836 841 843 868 897 902 926 932 935 943 955 960 1005 1019 1028 1057 1060 1108 1121 1152 1156 1205 1274 1275 1325 1334 1357 1376 1380 1392 1395 1417 1441 1453 1459 1480 1483 1518 1536 1555 1585 1604 1616 1630 1645 1655 1665 1683 1689 1693 1741 1750 1755 1794 1816 1827 1841 1853 1855 1873 1884 1894 1917 1928 1970 1993 2024
1081,COc1ccc2sc(C=CC=Cc3ccccc3N(C)C)nc2c1,40 85 162 168 218 253 287 322 352 358 378 382 388 398 409 421 432 441 447 570 589 607 611 620 675 694 695 718 725 763 771 774 781 783 799 803 835 841 875 881 885 887 961 980 1046 1057 1088 1096 1113 1163 1175 1181 1184 1199 1225 1250 1262 1264 1267 1303 1312 1328 1336 1340 1362 1380 1400 1417 1536 1609 1637 1667 1694 1700 1702 1706 1709 1724 1750 1803 1814 1815 1843 1855 1873 1878 1972 2012 2018
1082,[O-][S+](CCCNCCc1ccc(Cl)cc1)c1ccc(Cl)cc1,10 58 80 216 247 287 292 310 362 397 470 475 499 550 561 596 667 695 703 715 731 766 770 771 816 827 941 1004 1045 1059 1070 1150 1152 1169 1180 1243 1281 1322 1380 1382 1418 1507 1657 1683 1734 1745 1750 1754 1799 1826 1842 1863 1873 1900 1911 1921 1965 1982 1991 1992 2037
1083,CSc1nc2sc1c(=O)n2CCCCN(C)Cc1ccc(C)c(C#N)c1,14 21 32 39 77 80 102 116 131 162 233 247 270 310 314 331 361 371 378 388 394 476 488 504 507 513 530 560 575 623 646 650 666 674 675 684 686 717 790 802 816 843 875 881 893 904 911 935 974 1014 1037 1040 1046 1057 1136 1145 1163 1236 1291 1301 1327 1380 1384 1391 1419 1425 1444 1472 1474 1524 1530 1599 1612 1620 1644 1669 1674 1691 1694 1722 1723 1750 1754 1798 1823 1843 1855 1858 1862 1873 1898 1907 1911 1917 1978 2004
1084,CCN(CC(C)O)c1cc(F)ccc1-c1nc(-c2ccccc2)ccc1-c1ccccc1,1 62 80 96 139 156 180 206 222 227 248 283 294 305 309 323 347 352 378 389 402 449 502 507 540 660 670 680 699 720 736 782 807 831 834 845 847 875 881 905 913 914 932 980 1009 1025 1057 1088 1090 1105 1151 1160 1199 1257 1258 1380 1410 1487 1615 1670 1683 1687 1739 1750 1842 1855 1860 1871 1873 1905 1928 1971 1983 1998 2018 2036 2045
1085,Cc1ccc(C(=O)Nc2ccc(-c3ccc4cc3NC4=O)cc2)[nH]1,20 83 97 143 188 191 208 222 294 314 315 319 333 352 375 448 486 491 497 510 527 602 607 646 650 680 727 800 807 816 843 855 875 896 904 975 1003 1057 1060 1064 1077 1114 1152 1158 1160 1162 1215 1237 1239 1274 1361 1365 1380 1404 1428 1467 1476 1516 1567 1593 1610 1653 1657 1672 1688 1704 1722 1730 1745 1750 1765 1816 1873 1917 1949 1975 1982
1086,COc1ccc(C(=O)C=Cc2cccc(NC(=O)NC(C)Cc3ccccc3OC)c2)cc1,1 10 15 31 79 80 117 136 141 171 184 191 213 244 249 260 261 283 313 322 351 365 392 403 409 446 524 544 636 650 694 695 703 718 739 781 806 807 822 831 835 841 858 875 926 999 1039 1051 1057 1060 1088 1127 1177 1199 1217 1265 1282 1308 1319 1349 1353 1367 1380 1382 1385 1389 1398 1400 1462 1476 1493 1517 1524 1536 1543 1546 1553 1586 1597 1627 1661 1667 1697 1713 1750 1800 1816 1817 1856 1869 1873 1917 1970 1989 1990 2018 2028 2033 2041
1087,COc1ccc(NC(=O)n2c(CN3CCCC3)c3cc4sc3c2N4)cc1,50 80 85 129 131 141 162 176 191 218 224 268 322 328 404 455 504 528 570 602 619 650 654 656 663 675 695 717 718 758 763 781 807 831 841 843 848 875 907 926 939 948 950 1014 1017 1028 1057 1060 1105 1114 1152 1234 1282 1297 1339 1357 1373 1380 1399 1413 1422 1480 1536 1563 1582 1622 1683 1692 1699 1715 1750 1765 1791 1802 1813 1816 1833 1873 1917 1944 1998
1088,CCCN(CC)C(=O)c1ccc(F)cc1,47 62 80 90 151 164 207 208 217 255 294 298 321 375 377 480 552 562 586 587 650 699 721 726 789 793 794 807 828 874 881 904 906 932 978 981 1008 1041 1057 1080 1213 1221 1229 1279 1282 1380 1385 1386 1410 1421 1435 1436 1437 1577 1583 1632 1670 1697 1750 1761 1773 1813 1873 1886 1890 1913 1917 1928 1943 1951 1981
1089,Cn1cccc1Nc1ccccc1NC(=O)Nc1ccccc1,16 56 67 93 95 126 136 191 203 292 313 389 400 425 491 494 517 573 577 703 708 725 755 807 811 828 935 941 1000 1026 1035 1049 1057 1077 1088 1095 1101 1145 1152 1173 1199 1224 1248 1287 1329 1379 1380 1409 1422 1426 1462 1486 1510 1525 1526 1546 1696 1728 1731 1750 1788 1792 1816 1866 1873 1874 1885 1891 1917 1921 1989 1990 2002
1090,CCCn1c(=O)n2c(=O)n(c1=O)C(C(=O)NC#N)C2C,80 109 182 208 294 314 373 377 379 382 404 455 571 572 577 632 636 642 650 660 674 678 689 702 769 771 776 788 790 794 802 807 814 820 905 916 935 938 949 962 992 1019 1057 1145 1146 1152 1173 1210 1251 1268 1299 1309 1380 1384 1403 1448 1472 1479 1491 1543 1602 1716 1722 1833 1890 1904 1917 1926 1936 2004
1091,O=c1[nH]c(=O)c2c(-c3cccnn3)cc3cc4ccccc4cc3c2[nH]1,22 23 91 128 151 161 173 179 187 281 314 322 352 353 373 378 423 441 459 510 565 575 650 680 711 717 726 750 756 761 768 776 794 866 875 963 980 983 997 1028 1043 1048 1068 1085 1088 1114 1164 1199 1215 1272 1299 1334 1342 1344 1357 1367 1380 1414 1415 1516 1529 1530 1569 1579 1610 1656 1667 1675 1690 1745 1750 1773 1851 1855 1866 1873 1884 1914 1917 1984 2004
1092,Clc1cccc(NCCNc2nnc3cc(Cl)ccn23)c1,157 165 168 191 215 216 249 378 399 437 468 556 561 592 667 689 703 727 788 795 800 819 824 825 862 875 892 927 928 934 935 944 953 954 959 1039 1077 1088 1101 1128 1137 1151 1152 1153 1164 1181 1205 1251 1286 1334 1343 1380 1413 1416 1447 1469 1490 1528 1549 1667 1683 1695 1713 1725 1750 1782 1873 1874 1909 1928 1930 1939 1944 1962 1969 1996
1093,CC(=O)NC(CN(Cc1ccc(C(F)(F)F)cc1)C(=O)c1ccc(C#N)cc1)C(=O)O,1 34 72 80 102 114 117 124 130 150 151 168 172 197 245 268 273 305 310 335 352 383 389 424 471 479 507 526 564 566 587 618 650 674 703 704 736 790 798 807 809 828 854 870 881 883 906 932 951 978 1017 1057 1060 1095 1101 1136 1147 1152 1199 1220 1221 1260 1352 1367 1380 1384 1385 1417 1453 1515 1521 1565 1607 1611 1624 1664 1665 1688 1697 1723 1746 1750 1754 1844 1860 1864 1873 1879 1888 1909 1917 1928 1954 1964 2035 2044 2047
1094,CCCOCCCCCCCCN1C(=O)c2c3c(nc4c2nc-3n4C)CCN(C)C1=O,13 26 47 80 86 92 110 184 205 227 294 314 358 376 378 415 494 499 512 516 564 588 600 624 691 695 715 743 793 794 806 809 814 828 852 870 879 893 926 935 1042 1043 1049 1057 1060 1064 1065 1103 1112 1132 1143 1145 1168 1195 1249 1325 1352 1362 1380 1435 1470 1475 1529 1542 1549 1562 1590 1608 1649 1677 1680 1681 1693 1696 1698 1716 1722 1724 1730 1738 1747 1774 1845 1899 1905 1911 1948 1992 2009 2027
1095,CN(CCN1CCN(C2CCCNC2)S1(=O)=O)c1cc(Cl)cc(Oc2cc(Cl)ccc2F)c1,24 50 75 80 99 135 161 165 167 190 207 214 216 240 260 305 322 359 361 387 469 470 498 500 504 541 556 561 581 591 632 636 649 650 662 675 694 695 699 731 742 755 766 816 875 881 921 925 926 935 941 1008 1019 1028 1057 1062 1080 1096 1101 1114 1117 1145 1163 1170 1218 1222 1236 1261 1275 1290 1308 1322 1325 1351 1380 1391 1396 1399 1407 1414 1425 1442 1471 1480 1538 1567 1571 1583 1584 1590 1624 1657 1663 1683 1702 1716 1741 1747 1750 1840 1869 1873 1900 1910 1919 1928 1949 1951 1970 1983 1993 2002
1096,CN1CCc2ccc(C(F)(F)F)cc2C1,21 53 112 114 116 119 130 147 156 158 194 207 218 242 285 335 356 398 401 472 481 571 592 599 625 646 663 671 717 730 731 746 809 812 822 839 875 926 935 974 979 1042 1057 1086 1090 1145 1236 1260 1331 1362 1380 1396 1417 1453 1465 1480 1522 1524 1554 1592 1665 1671 1706 1730 1738 1750 1793 1862 1867 1873 1888 1895 1928 1946 1980 2013
1097,COC(=O)C1(C)CCCCC1,2 77 83 547 567 568 650 695 740 760 807 833 839 840 841 926 961 964 992 1018 1028 1057 1060 1097 1126 1152 1162 1263 1274 1395 1447 1452 1481 1482 1488 1544 1603 1609 1611 1638 1660 1723 1732 1750 1836 1870 1884 1893 1917 1940 1944 1972
1098,CCCC(C)(C)CC(=O)Nc1ccc(C(=O)OCC)o1,1 80 90 114 117 138 145 147 167 199 294 302 310 346 377 392 468 576 578 587 631 650 656 689 691 695 730 736 759 767 794 807 918 929 938 1057 1058 1061 1134 1152 1178 1184 1205 1206 1238 1246 1269 1271 1306 1308 1313 1380 1421 1440 1604 1635 1650 1722 1734 1750 1754 1757 1763 1764 1792 1804 1816 1819 1831 1838 1839 1873 1917 1936 1945 1965 2016 2034
1099,COP(=O)(OCCn1c(=O)[nH]c(=O)n(C2C(C(=O)O)OC3C4OC(OC32)C2OC4OC2C)c1=O)OP([O-])([O-])([O-])O,5 8 13 47 80 86 92 108 109 133 156 160 169 192 203 204 221 234 263 303 314 317 380 389 395 407 476 477 486 503 516 598 601 624 644 650 651 656 676 683 689 694 695 715 722 758 760 771 794 802 807 814 834 838 841 924 935 952 958 960 962 978 985 1004 1009 1019 1034 1040 1044 1057 1066 1114 1116 1145 1167 1187 1214 1244 1253 1268 1309 1331 1339 1380 1421 1431 1502 1503 1507 1526 1542 1568 1627 1645 1670 1699 1716 1723 1745 1763 1835 1853 1854 1914 1917 1921 2031
1100,NS(=O)(=O)NC(=NC(=O)NC(=O)Nc1ccc(Cl)cc1)c1ccccc1,22 60 87 104 111 142 167 191 216 278 289 307 350 389 497 530 557 561 587 589 650 651 685 691 701 725 789 807 814 816 828 843 852 909 920 930 948 959 1013 1023 1038 1069 1070 1074 1077 1078 1088 1113 1119 1149 1152 1171 1199 1348 1380 1381 1385 1428 1440 1456 1474 1476 1477 1502 1524 1579 1592 1607 1627 1678 1683 1750 1800 1816 1821 1835 1873 1894 1910 1913 1917 1976 1985 1989 1990
1101,Cc1ccc(CC(=O)N2CCN(CCCc3ccccc3)CC2)n1C,6 23 74 80 85 93 117 210 263 325 389 414 430 482 484 564 614 650 653 687 695 699 708 710 760 807 835 883 926 935 956 978 1009 1037 1045 1057 1061 1065 1066 1088 1144 1145 1183 1199 1243 1343 1346 1380 1416 1480 1482 1493 1496 1508 1579 1589 1703 1712 1722 1741 1750 1754 1791 1807 1873 1885 1911 1917 1924 2009 2025 2029
1102,COC=C1c2sc(nc2C(=O)N2CCCC2)N1C,79 96 117 161 162 168 196 247 248 284 310 374 378 433 485 490 508 521 577 650 659 675 681 691 694 695 706 717 718 727 771 788 796 807 821 841 855 882 887 926 935 942 987 1028 1057 1081 1100 1145 1180 1251 1273 1293 1302 1326 1335 1340 1372 1380 1424 1430 1458 1474 1480 1491 1498 1504 1532 1571 1599 1601 1627 1771 1779 1818 1855 1874 1914 1917 1931 1984 1998 2009 2039
1103,COc1ccc(C(=O)Oc2c3ccc(c2OC)C(=O)C(C)(C)O3)c(OC(C)=O)c1,59 67 68 103 140 143 145 152 161 206 212 267 304 314 322 324 333 352 384 431 449 478 499 635 650 656 695 718 781 807 826 841 843 850 875 885 933 950 984 1017 1035 1057 1060 1121 1123 1132 1169 1177 1274 1282 1296 1309 1380 1406 1418 1449 1468 1536 1546 1579 1582 1593 1615 1640 1656 1680 1719 1729 1750 1775 1822 1873 1880 1905 1915 1917 1928 1970 1972 1983 1991 2005
1104,CCN(C(=O)N1CCCC1)c1cc(N=C(S)NC(=O)Nc2ccccc2)ccc1F,69 78 80 165 191 194 197 202 216 228 229 271 283 294 316 369 389 393 464 585 597 601 643 650 699 703 712 714 720 725 727 734 783 790 807 810 811 838 845 859 875 891 917 926 932 935 980 1028 1053 1057 1077 1088 1100 1102 1118 1119 1123 1152 1199 1243 1291 1319 1336 1380 1394 1396 1430 1444 1456 1464 1478 1479 1480 1485 1517 1613 1626 1692 1707 1750 1816 1840 1854 1873 1917 1928 1930 1989 1990 1998 2009 2018
1105,COc1cccc(C(=O)N2CCN3c4ccccc4CC3C2)c1,14 37 58 159 170 181 194 209 210 231 240 251 254 313 322 419 438 451 459 497 498 562 567 594 601 617 618 650 677 678 681 684 695 717 739 759 774 781 807 820 841 875 926 935 938 969 980 995 1019 1020 1039 1057 1069 1082 1087 1088 1090 1199 1212 1236 1295 1325 1336 1360 1367 1372 1380 1384 1385 1480 1496 1504 1525 1536 1567 1589 1612 1647 1656 1708 1712 1725 1750 1761 1815 1840 1873 1910 1913 1917 1972 1985 2009 2032 2033
1106,CCOc1ccc(OC)c(C=C(C)C(=O)OC2C3CCC(O3)C2OC(C)=O)c1,15 69 80 94 118 153 185 205 229 237 249 262 294 321 322 340 391 404 424 437 521 526 564 589 650 656 694 695 718 728 757 787 797 807 841 851 875 877 893 897 926 928 959 961 1017 1019 1034 1035 1050 1054 1057 1070 1095 1126 1230 1238 1249 1256 1259 1268 1300 1311 1325 1361 1365 1380 1411 1434 1452 1479 1501 1536 1597 1609 1628 1668 1693 1718 1746 1750 1768 1785 1807 1811 1819 1825 1830 1868 1873 1875 1880 1904 1909 1917 1921 1940 1950 1951 1970 2047
1107,O=C(O)Cc1ccc(C(=Cc2ccccc2)NC(=O)Nc2ccccn2)cc1,42 70 80 106 169 258 310 315 325 349 374 376 378 387 389 401 413 448 483 518 543 581 650 662 681 694 708 807 820 837 887 909 913 914 946 968 993 1005 1040 1043 1088 1099 1119 1126 1152 1155 1199 1229 1230 1307 1312 1332 1334 1335 1336 1353 1355 1380 1385 1452 1456 1469 1502 1605 1674 1689 1697 1701 1707 1737 1746 1750 1754 1755 1816 1866 1873 1875 1877 1908 1917 1989
1108,COc1ccccc1N1CCN(c2nc3cccoc-3c2N2CC(O)C(C)NC2=O)C1,20 33 47 59 63 130 146 152 196 204 208 249 301 314 356 378 386 396 404 407 439 474 559 608 650 653 656 695 739 745 771 786 787 801 807 841 849 926 935 949 954 964 980 1007 1015 1019 1057 1072 1088 1097 1114 1135 1142 1157 1183 1187 1199 1223 1233 1257 1261 1289 1295 1309 1353 1356 1371 1380 1407 1410 1414 1431 1443 1457 1479 1480 1508 1536 1593 1603 1638 1647 1760 1802 1804 1814 1844 1851 1852 1855 1865 1873 1898 1905 1926 1939 1961 1964 1967 1970 1971 1976 1979 1999 2002 2028
1109,COc1ccc(C2C3CCN(C3=O)C2C(=O)N2CCC3(CCN(C)C3=O)CC2)nc1,5 66 107 157 246 255 300 314 319 322 378 430 454 455 536 550 551 552 587 606 646 650 651 652 677 684 695 718 751 776 781 807 823 838 841 875 882 906 926 935 980 1015 1019 1039 1050 1057 1060 1062 1074 1082 1104 1145 1159 1162 1164 1181 1187 1212 1309 1310 1312 1324 1325 1380 1412 1436 1442 1452 1457 1486 1489 1535 1536 1587 1619 1661 1673 1693 1696 1750 1827 1873 1917 1920 1926 1933 1972 1986 1991 2006 2009
1110,CCON1C(=O)N1c1cccnc1SCCCCCCNS(=O)(=O)c1ccc(Cl)cc1,28 32 80 92 116 125 171 205 210 216 237 255 294 314 317 319 328 341 350 362 378 379 425 448 451 462 475 495 502 533 550 561 592 607 650 667 675 695 715 725 732 735 768 784 787 816 883 913 935 1020 1023 1043 1057 1070 1088 1132 1136 1143 1144 1152 1160 1182 1214 1259 1295 1320 1380 1386 1400 1434 1452 1476 1503 1566 1614 1616 1626 1647 1713 1741 1750 1785 1794 1803 1809 1819 1866 1873 1886 1897 1911 1996 2014
1111,CCOc1ccc(C=CN=C(N2CCC3NC(=O)NC3C2)N(C)c2ccccc2)cc1,21 25 54 57 69 80 102 237 241 272 288 294 301 314 317 389 431 513 515 529 619 650 652 694 695 718 725 739 807 832 835 851 854 881 886 926 935 966 983 1003 1019 1057 1069 1088 1096 1114 1132 1163 1183 1199 1201 1238 1278 1306 1325 1362 1372 1380 1423 1449 1452 1480 1583 1630 1637 1657 1676 1678 1702 1706 1715 1717 1750 1764 1766 1798 1824 1854 1857 1873 1932 1961 1971 1974 2006 2009 2028 2033 2046
1112,C=C(COC(=O)c1ccccc1)C(=O)Nc1ccc(OC)c(OC)c1,8 9 80 85 93 94 140 145 147 161 184 185 191 248 249 347 389 407 479 492 592 601 606 611 650 660 669 695 705 758 791 807 841 843 869 875 906 949 974 1022 1057 1065 1088 1103 1125 1140 1152 1154 1199 1210 1245 1266 1284 1321 1366 1380 1385 1442 1471 1497 1498 1522 1536 1657 1750 1761 1765 1816 1865 1873 1917 1970 1981 1985 1997 1998 2004
1113,O=P1(C=C2C=C2)OCCC(CC2CCCCC2)O1,2 29 80 137 152 170 171 177 198 238 279 288 293 304 306 368 416 484 543 547 589 650 656 671 689 694 810 865 866 882 890 914 926 934 950 963 1028 1041 1069 1118 1119 1144 1163 1195 1220 1258 1281 1299 1306 1325 1380 1391 1529 1563 1582 1618 1642 1676 1682 1753 1766 1769 1789 1795 1833 1873 1888 1904 1913 1947 2013 2022 2025
1114,CCCc1sc2ccccc2c1C(=O)OC,7 80 100 145 158 162 291 294 434 461 464 509 586 616 650 675 681 682 695 742 794 807 812 813 841 855 860 869 885 906 928 977 1051 1057 1088 1089 1095 1126 1130 1152 1198 1199 1243 1257 1263 1328 1357 1374 1380 1392 1401 1411 1414 1502 1573 1599 1673 1708 1719 1726 1727 1744 1750 1799 1845 1872 1873 1879 1902 1912 1917 1937 2035
1115,Cc1ccc(N2CC(C(=O)NC3=C4C(=Nc5ccc(C(=O)N6CCN(C)CC6)nc54)c4ccccc43)NC2=O)cc1,14 21 63 73 107 110 114 126 137 143 207 233 235 242 252 255 301 323 352 362 378 437 440 458 470 592 596 605 650 689 700 702 724 732 733 735 739 795 806 807 815 848 851 855 893 904 926 927 935 942 961 984 1004 1017 1019 1057 1086 1087 1088 1108 1114 1116 1133 1145 1152 1178 1194 1199 1203 1235 1236 1247 1273 1302 1304 1353 1380 1391 1432 1457 1459 1464 1480 1504 1533 1535 1539 1540 1572 1589 1594 1630 1650 1652 1682 1684 1714 1722 1741 1750 1783 1816 1821 1823 1825 1845 1855 1873 1879 1892 1909 1917 1920 1924 1968 1992 2009 2031
1116,N#Cc1cc(N2CCCCN3C(=O)CN(CC3=O)C2=O)ccc1I,92 138 190 203 215 233 237 279 310 314 361 376 407 483 493 509 530 538 582 650 661 674 687 713 790 798 809 820 822 832 845 875 935 940 947 952 954 957 1028 1035 1044 1080 1082 1101 1103 1123 1126 1152 1193 1212 1303 1321 1331 1380 1384 1403 1421 1424 1457 1480 1501 1644 1646 1680 1701 1719 1743 1750 1788 1815 1825 1845 1862 1869 1873 1879 1897 1916 1946 1951 1998 2037
1117,O=C(c1ccc(C(=O)N2CCCC2)nc1)c1ccccc1Cl,9 28 49 227 274 340 360 366 369 378 415 472 506 510 561 632 650 659 741 773 807 810 820 849 855 920 925 926 935 942 963 974 1028 1054 1088 1125 1150 1199 1203 1235 1340 1345 1347 1354 1355 1380 1385 1430 1437 1442 1447 1452 1462 1480 1489 1504 1508 1535 1550 1583 1606 1611 1630 1675 1683 1697 1750 1768 1836 1873 1895 1917 1929 1938 1959 1991 1992 1996 1998 2009
1118,COC(=O)C(CN(C)C)NC(=O)c1ccc(OC)cc1,1 4 54 80 117 147 196 301 322 460 486 618 628 633 650 652 659 681 695 718 736 738 773 781 787 807 813 831 841 881 887 1001 1031 1055 1057 1102 1146 1149 1152 1160 1162 1163 1265 1301 1333 1349 1380 1385 1435 1459 1460 1492 1499 1531 1536 1568 1605 1623 1665 1697 1750 1860 1863 1873 1876 1917 1989 2031
1119,COc1cc(C)c(=O)n(CCCN2CCCC(C)(C)C2)c1,24 38 44 80 140 160 188 200 216 221 253 260 311 314 320 322 464 504 517 578 602 607 650 653 691 695 720 742 751 781 802 804 841 864 875 887 926 935 1011 1017 1028 1057 1060 1145 1162 1178 1185 1274 1320 1335 1380 1391 1421 1422 1423 1447 1455 1480 1487 1536 1543 1583 1608 1638 1657 1691 1707 1711 1722 1726 1733 1744 1751 1757 1775 1791 1809 1815 1832 1873 1906 1911 1917 2035
1120,COC1=CC(=CC=C2C(OC)=CC=C2C2C(C(=O)Oc3ccc4ccc[nH]c3-4)NC(=O)CC3CC4CN(C(=O)N4)C32)C=C1,0 4 79 84 94 110 125 129 134 149 154 155 180 231 233 236 263 267 280 286 301 314 389 398 439 442 489 494 512 534 547 585 650 661 677 694 695 711 718 725 729 736 739 747 806 807 837 841 855 873 879 888 890 896 914 924 935 938 971 1019 1024 1049 1057 1088 1103 1114 1116 1120 1133 1134 1143 1157 1160 1195 1249 1288 1292 1322 1328 1334 1378 1380 1382 1389 1416 1433 1436 1457 1492 1506 1536 1543 1547 1563 1569 1575 1592 1595 1609 1646 1649 1663 1674 1676 1695 1697 1717 1721 1750 1757 1798 1811 1856 1873 1901 1917 1918 1970 2009 2013
1121,CCCCOC(=CC=Cc1ccc(C)cc1)NC(=O)c1ccccc1,13 25 57 80 113 130 147 181 200 235 257 294 310 321 336 370 389 421 424 432 486 491 498 504 522 591 650 657 694 695 696 698 718 763 774 794 807 813 835 852 856 878 930 951 979 1001 1057 1119 1152 1156 1158 1185 1186 1188 1199 1264 1277 1319 1325 1380 1385 1479 1521 1528 1537 1542 1550 1586 1629 1636 1640 1658 1665 1692 1711 1712 1722 1734 1735 1750 1817 1823 1830 1841 1854 1859 1873 1878 1911 1914 1917 1920 1985 1993 2010 2016 2029 2033
1122,CSC(=O)N(CSc1cccs1)c1ccc([N+](=O)[O-])cc1,14 28 50 80 116 190 192 212 235 241 257 341 383 394 442 505 538 566 592 595 650 675 715 726 741 753 767 769 783 807 809 838 880 881 960 970 1000 1037 1057 1077 1088 1095 1108 1134 1158 1195 1274 1291 1306 1380 1393 1467 1492 1551 1567 1592 1607 1608 1614 1615 1711 1739 1750 1779 1809 1814 1865 1873 1887 1889 1905 1917 1934 1941 1955 1963 1970 2021
1123,COc1ccc(NC(=NNC(=O)c2ccc(Cl)c(Cl)c2)NCCCn2cccc2C)cc1OC,80 90 94 95 123 140 184 191 197 220 221 247 249 258 272 318 341 347 366 451 486 512 526 561 602 631 650 666 667 695 696 700 707 725 758 799 807 808 815 841 843 875 883 935 948 1019 1032 1057 1088 1097 1101 1105 1119 1138 1145 1152 1160 1190 1242 1245 1295 1328 1339 1374 1380 1394 1402 1410 1455 1469 1536 1554 1588 1656 1670 1671 1683 1697 1714 1722 1750 1765 1816 1873 1876 1898 1911 1940 1970 2006
1124,CP(=O)(O)c1cc(Br)ccc1C(=O)Nc1ccccn1,5 67 89 192 207 281 315 325 342 378 437 444 448 470 486 556 614 662 728 729 766 807 819 845 847 852 875 906 909 911 993 1025 1053 1057 1070 1088 1099 1130 1152 1155 1157 1196 1199 1215 1231 1241 1253 1312 1380 1428 1452 1477 1481 1493 1537 1569 1615 1617 1631 1702 1726 1750 1776 1780 1816 1838 1859 1860 1866 1871 1873 1917 1925 1926 1991 2031
1125,N#Cc1ccc(S(=O)(=O)N2CCC(Cn3ccnc3-c3ccccc3)CC2)cc1,18 29 34 80 101 102 214 274 296 305 319 350 366 372 374 378 387 389 490 521 585 618 636 650 674 692 715 725 736 757 790 800 872 908 926 929 935 937 938 944 1011 1019 1045 1088 1101 1136 1138 1144 1158 1160 1193 1194 1199 1225 1249 1271 1325 1330 1373 1380 1384 1404 1445 1452 1455 1464 1476 1564 1589 1653 1688 1722 1723 1740 1750 1763 1765 1771 1812 1835 1847 1866 1871 1873 1882 1903 1943 1954 1994
1126,Cc1ccc2cccccc(-c3ccccc3)c3c(C(=O)O)c(c4cc(c2c1)OC4=O)C(=O)C3=O,37 65 109 127 203 222 228 235 314 340 346 352 361 389 416 456 505 512 584 586 621 650 652 656 699 707 736 739 749 774 793 807 823 875 909 920 930 955 972 984 1003 1013 1057 1063 1080 1083 1087 1088 1104 1148 1160 1199 1240 1263 1275 1309 1337 1357 1362 1380 1476 1505 1528 1533 1618 1694 1722 1730 1747 1750 1810 1823 1847 1855 1873 1905 1917 1929 1975 2044
1127,CN(CCCCn1cc[nH]c1=O)C(=O)c1ccccc1,8 20 21 31 32 38 70 80 221 241 266 329 334 371 376 385 389 431 440 479 482 521 587 614 650 758 798 806 807 881 893 901 935 954 982 1020 1042 1057 1088 1101 1111 1117 1145 1163 1172 1199 1221 1380 1385 1413 1455 1506 1593 1610 1652 1669 1687 1702 1733 1750 1790 1804 1844 1873 1878 1886 1911 1917 1925 1951 1976 1985 2004 2029
1128,O=C(NCCc1ncc(Cl)n1-c1ccccc1)Nc1ccc(Cl)cc1,30 54 58 80 126 191 197 216 302 312 314 318 347 358 367 378 389 403 425 451 459 512 522 561 597 622 636 650 667 675 778 807 816 828 843 851 859 874 935 967 1015 1043 1049 1070 1077 1088 1100 1152 1167 1182 1199 1238 1243 1276 1287 1294 1334 1366 1380 1425 1452 1535 1646 1662 1683 1687 1712 1750 1781 1816 1825 1873 1916 1917 1935 1958 1989 1990 1993
1129,O=C1OCOC2=C1C=C(C(=O)c1c(I)cc(-c3cc(I)cc(I)c3Cl)c(I)c1Cl)C2=O,9 39 54 66 82 84 125 160 162 181 249 251 255 256 314 315 352 353 362 410 414 433 438 441 466 488 507 521 528 558 561 582 586 633 650 656 661 691 712 715 784 807 810 841 853 859 875 926 947 994 1011 1042 1054 1088 1093 1131 1166 1168 1223 1231 1260 1267 1302 1344 1349 1368 1379 1380 1383 1384 1438 1464 1476 1485 1509 1554 1564 1570 1594 1678 1683 1687 1722 1752 1765 1778 1794 1805 1853 1863 1873 1880 1917 2002 2005
1130,CCCCNc1nc(C)c(C(=O)Nc2ccc(Cl)cc2)c(=O)o1,80 92 129 152 191 216 231 248 251 294 314 378 427 486 503 530 561 570 586 591 650 656 667 698 715 721 773 778 794 807 816 843 860 895 914 1015 1022 1057 1067 1070 1077 1105 1127 1136 1152 1188 1219 1231 1255 1288 1298 1380 1382 1400 1416 1457 1468 1604 1640 1643 1652 1662 1683 1722 1725 1750 1794 1795 1799 1816 1855 1865 1873 1911 1912 1917 1972 1978 1994 2001
1131,COc1nc(N2CCN(C)C2=O)c2ccccc2n1,13 54 81 92 100 125 130 135 137 151 214 221 249 289 290 314 378 389 390 431 448 478 488 554 555 650 689 695 767 793 811 841 866 904 926 927 930 934 935 953 1057 1088 1097 1129 1132 1145 1194 1197 1199 1239 1245 1290 1311 1357 1370 1380 1407 1415 1457 1462 1480 1536 1559 1568 1573 1641 1661 1678 1679 1693 1750 1752 1826 1832 1855 1873 1875 1900 1925 1956 1963 1968 2010 2012 2034
1132,O=C(NN=C(c1ccc(O)cc1F)N1CCCCC1=O)c1ccc(C(=O)OCCN2CCCC2)cc1,13 21 59 67 79 80 139 145 147 153 185 198 310 314 318 351 381 421 441 454 459 486 487 494 533 539 567 588 600 606 650 677 695 699 700 724 725 733 745 747 781 798 807 851 875 913 926 931 935 1004 1007 1028 1100 1118 1119 1125 1138 1140 1145 1152 1158 1182 1215 1232 1313 1317 1332 1380 1385 1387 1410 1422 1437 1451 1480 1482 1504 1513 1522 1592 1602 1660 1665 1697 1699 1736 1738 1746 1750 1791 1840 1873 1881 1917 1925 1928 1968 1991 1998
1133,C=C1C=C(OCC)C(C(=O)c2ccccc2)=Cc2ccc(cc2C(=O)OCC)S1,9 35 80 84 145 147 196 237 249 281 341 365 389 414 453 507 515 554 562 633 647 650 675 688 692 695 715 718 725 759 794 807 867 875 887 909 940 946 974 993 1013 1057 1058 1073 1086 1088 1092 1129 1130 1196 1199 1238 1241 1283 1366 1380 1385 1416 1448 1452 1453 1464 1540 1566 1633 1673 1722 1748 1750 1754 1755 1775 1813 1825 1873 1917 1944 1962 1982 1985 1991 2016 2041 2044 2045 2047
1134,COc1ccc(-c2nc3cc(-c4ccccc4NC(C)=O)c2n3C)cc1,6 120 199 216 245 270 322 323 340 352 378 471 506 553 554 558 564 567 646 650 690 695 713 718 734 781 784 807 819 831 832 841 849 875 896 900 917 918 922 957 984 996 1012 1017 1057 1073 1078 1079 1088 1106 1111 1123 1145 1152 1160 1199 1224 1377 1380 1395 1440 1512 1520 1528 1530 1536 1556 1561 1577 1602 1637 1692 1696 1750 1816 1832 1855 1873 1917 1929 1950 1952 1962 1979 2001 2004
1135,CCc1cccccc2cc(Cl)ccc2cc1,6 7 28 78 80 92 142 145 156 165 203 216 264 275 294 310 322 389 398 463 561 598 624 657 668 689 744 779 816 875 880 1025 1057 1061 1066 1084 1087 1088 1190 1199 1246 1299 1300 1380 1416 1438 1450 1534 1647 1650 1663 1683 1711 1750 1754 1798 1799 1838 1855 1873 1894 1903 1927 1942 1953 1997 2015
1136,COc1ccnc(-c2nc3c(C)c-3c2Cc2ccccc2)c1,80 101 115 217 252 312 322 323 378 388 389 418 452 464 466 619 648 677 695 735 766 767 781 787 841 875 905 980 999 1011 1052 1057 1063 1066 1088 1163 1199 1243 1380 1401 1430 1496 1536 1638 1651 1681 1695 1722 1747 1750 1754 1783 1855 1866 1869 1873 1909 1914 1972 1985 2006 2034 2038
1137,O=C1N2CCCC3CC4CCC3(C4)CN(c3ccc(Cl)cc3)CCN1c1nnc2s1,0 34 92 159 162 215 216 233 307 309 312 314 325 332 343 345 356 378 399 407 422 446 528 543 561 573 602 650 675 679 696 782 787 811 816 819 823 926 935 969 973 1019 1028 1035 1060 1070 1108 1162 1164 1185 1199 1281 1292 1325 1342 1380 1397 1405 1407 1421 1426 1446 1450 1457 1480 1497 1508 1543 1561 1574 1601 1612 1627 1683 1715 1750 1756 1786 1802 1825 1843 1850 1873 1921 2006 2012 2028 2040
1138,NC(=O)NCc1ccc(-c2cccc(-c3cc(Cl)cnc3N)c2)cc1,22 63 64 80 85 119 121 140 181 194 197 216 226 243 255 310 346 352 378 384 428 473 502 545 561 562 621 628 630 638 650 724 736 785 794 807 841 843 875 896 956 957 1004 1039 1058 1088 1120 1125 1152 1153 1160 1164 1166 1171 1218 1270 1273 1343 1347 1380 1407 1422 1449 1452 1457 1459 1474 1520 1526 1535 1543 1573 1614 1683 1750 1754 1856 1917 1923 1953 1962 1964 2030
1139,O=C(O)Cn1nncc1C=Cc1cccnc1,28 49 80 91 105 115 118 158 213 275 281 307 314 319 362 365 378 389 400 428 437 472 517 520 558 584 593 650 694 769 794 807 835 839 846 873 892 935 1034 1043 1068 1078 1088 1153 1166 1215 1311 1312 1319 1353 1380 1471 1533 1535 1557 1603 1653 1677 1700 1713 1737 1747 1750 1752 1768 1783 1785 1793 1866 1915 1917 1960 2032 2033
1140,CCCOS(=O)(=O)c1ccc(S(=O)(=O)n2c3nc4c2CC(CC4)C3)cc1,13 27 52 79 80 91 138 171 186 210 219 231 294 310 311 319 350 361 362 374 378 387 421 444 460 532 590 650 668 695 715 736 765 774 794 800 814 825 848 866 870 889 926 932 935 971 1019 1040 1047 1057 1159 1215 1226 1232 1317 1325 1380 1422 1434 1446 1471 1476 1497 1516 1571 1580 1613 1622 1639 1738 1750 1780 1783 1799 1855 1870 1873 1898 1923 1948 1970 2029
1141,CC(=O)OC(=CC=C(Cl)C=c1c(Cl)cc2cc3cc(C)ccc3c3ccc[nH]c(=O)[nH]c1c23)NCC(C)N,1 10 28 44 80 126 197 235 267 283 294 314 353 366 417 452 457 480 538 544 549 555 561 567 606 641 650 694 695 716 769 786 806 807 875 882 898 899 919 924 970 995 1001 1002 1013 1017 1024 1035 1048 1057 1088 1098 1114 1141 1152 1171 1213 1265 1292 1318 1319 1331 1335 1344 1354 1380 1381 1415 1440 1455 1456 1460 1491 1506 1520 1530 1563 1573 1586 1594 1635 1673 1683 1691 1722 1733 1745 1750 1761 1823 1830 1855 1873 1917 1944 1961 1977 1984 1991 2002 2004
1142,Cc1cccc2ccc(C(=O)N(C)C(=O)OC3CCC(O)C4C3C3C5CC6CCC5(C)C4C63C)cc12,7 10 20 26 42 91 97 141 169 203 218 272 294 315 355 364 395 406 423 437 445 519 528 538 541 556 596 605 640 650 655 685 688 695 696 733 786 807 849 854 875 881 926 945 1009 1011 1019 1039 1043 1057 1058 1060 1083 1087 1088 1104 1114 1126 1129 1154 1162 1163 1196 1221 1228 1242 1257 1258 1263 1274 1292 1325 1329 1341 1357 1380 1385 1391 1414 1418 1428 1429 1477 1497 1524 1542 1599 1617 1618 1692 1697 1722 1750 1762 1780 1784 1807 1809 1822 1855 1911 1917 1951 1970 1984 1999 2011
1143,O=C1NC(=O)N2C(=O)OC(C3CCCCCO3)C2O1,2 129 161 172 191 221 264 286 314 323 361 364 384 417 468 469 480 501 549 598 608 614 650 669 742 750 753 759 760 768 802 844 887 890 926 935 950 957 959 1019 1028 1060 1105 1109 1114 1124 1130 1176 1195 1233 1249 1272 1288 1300 1323 1325 1380 1381 1434 1458 1558 1609 1676 1698 1724 1752 1766 1819 1832 1836 1846 1852 1866 1895 1922 1969 1974 1999
1144,O=C(CN1CCN(C(=O)c2ccccn2)CC1)N1CCc2c(sc3c4nc5ccc4n5c23)C1,3 42 45 63 74 80 83 131 132 155 162 202 227 269 277 361 373 378 390 395 448 471 477 548 552 568 641 650 675 744 788 802 805 807 811 819 840 855 867 892 896 907 926 935 942 950 956 972 1003 1009 1045 1088 1155 1179 1199 1203 1312 1313 1317 1336 1380 1423 1440 1452 1480 1500 1504 1508 1589 1630 1633 1691 1724 1738 1739 1748 1750 1768 1783 1791 1797 1807 1811 1825 1839 1855 1866 1873 1907 1917 1946 1960 1983 2009 2021
1145,CN(C(=O)COC(=O)c1ccccc1)C(=O)NC(=O)OC1CCCCC1,2 26 32 37 80 99 119 145 147 153 193 221 226 240 376 389 462 477 606 629 639 650 677 679 688 695 782 807 881 890 926 931 1019 1028 1050 1057 1086 1088 1119 1126 1144 1147 1152 1163 1199 1238 1325 1380 1410 1452 1522 1630 1712 1726 1727 1750 1758 1768 1846 1852 1873 1894 1904 1917 1923 1965 1997 1998 2004
1146,Nc1ccccc1NC(=O)Nc1nc2c3ccccc3ccn2n1,34 56 210 219 318 347 369 377 378 454 494 501 511 517 554 573 639 650 696 712 747 750 751 800 807 817 838 879 910 935 948 1004 1027 1087 1088 1101 1104 1152 1171 1179 1199 1208 1224 1309 1319 1357 1380 1388 1406 1455 1457 1573 1582 1597 1605 1654 1670 1674 1696 1746 1750 1758 1767 1785 1807 1810 1816 1835 1840 1855 1873 1901 1917 1934 1956 2003 2023 2032
1147,CC1CC(C(=O)NNC(=O)c2ccc(F)cc2)=CC=C1[N+](=O)[O-],80 85 90 100 102 151 164 178 193 231 261 269 304 314 486 487 613 650 694 699 715 745 753 765 772 780 784 807 838 926 942 983 1019 1057 1100 1152 1195 1249 1277 1308 1309 1311 1367 1380 1385 1392 1410 1450 1501 1502 1515 1558 1659 1662 1665 1670 1674 1697 1709 1748 1750 1775 1782 1788 1799 1842 1873 1895 1917 1928 1929 1950 1963 2025
1148,O=C(O)C1=C(CCCN2CCCC2)CCC(C2CCN3CCN2C3=O)=C1,57 70 80 84 89 92 118 136 184 273 289 314 335 387 389 390 407 413 430 456 465 482 507 584 600 601 622 629 641 650 653 655 676 683 684 748 807 842 853 871 872 926 932 935 993 1019 1028 1073 1089 1122 1144 1145 1243 1255 1286 1294 1312 1325 1357 1380 1422 1438 1480 1482 1510 1587 1618 1631 1646 1664 1690 1701 1708 1713 1731 1738 1778 1791 1822 1840 1860 1873 1911 1917 1928 1942 1998 2015
1149,O=C(O)CCCCCCCCCNC(=O)CSC(=S)SCCSC(=O)NC(=O)OP(=O)(O)O,41 56 58 72 80 97 110 116 120 148 189 192 197 273 299 312 337 389 438 483 486 494 524 592 597 650 667 695 716 742 793 801 807 841 844 866 889 903 1080 1088 1092 1110 1119 1143 1152 1168 1182 1267 1269 1287 1333 1336 1371 1375 1447 1469 1474 1492 1546 1562 1564 1644 1669 1688 1721 1737 1758 1799 1819 1838 1876 1890 1899 1905 1911 1917 1919 1959 1968 1986 2000
1150,CCN(CC)C(=O)C1=C(OC)C(=O)NC1=O,7 53 80 83 151 157 192 270 294 314 362 378 520 551 569 581 608 633 643 650 651 695 713 764 789 807 841 881 898 932 942 943 945 978 981 984 991 1002 1008 1014 1057 1060 1088 1114 1180 1221 1280 1310 1365 1380 1385 1407 1415 1417 1451 1455 1480 1490 1535 1536 1657 1669 1708 1746 1794 1799 1851 1858 1866 1917 2029 2040
1151,COC1=C2N=C(N3CCC4CCN(CC4)CC3(C)C)C(=C1)C2=O,18 84 86 95 97 178 206 216 224 289 290 314 378 385 447 484 503 589 632 650 655 663 695 701 741 749 822 823 841 852 926 927 935 997 1010 1019 1020 1057 1063 1083 1084 1110 1122 1167 1191 1269 1274 1280 1292 1297 1325 1331 1354 1367 1380 1441 1446 1454 1460 1473 1476 1479 1480 1536 1556 1573 1635 1644 1749 1779 1825 1855 1873 2033
1152,CCOc1ccn(C(=O)N2CCCCC2)c(=O)n1,2 20 69 80 90 109 231 237 251 274 294 314 369 378 447 461 470 483 498 502 553 554 650 695 704 715 759 807 815 833 840 858 875 917 926 931 935 936 948 1028 1057 1101 1218 1234 1238 1265 1270 1380 1393 1452 1480 1570 1688 1689 1750 1760 1795 1801 1849 1855 1873 1885 1887 1917 1927 1932 1940 1998 2007 2009 2038
1153,CSc1nc2ccccc2c(=O)n1C(C)=O,16 107 116 142 289 314 378 389 394 417 492 504 539 579 650 674 694 747 761 800 807 815 856 890 932 935 952 997 999 1017 1034 1057 1065 1088 1097 1112 1113 1169 1175 1179 1199 1262 1282 1316 1333 1357 1380 1411 1540 1573 1594 1613 1723 1750 1766 1775 1790 1839 1845 1855 1873 1903 1917 1942 1961 2045
1154,O=C(CCCCN1Cc2cccc(c2Cl)-n2c(=O)c3cn2c1n3)Nc1ccccc1,20 34 41 80 84 126 191 257 302 314 318 347 366 370 378 389 433 446 464 486 491 504 516 550 561 590 615 650 664 669 703 706 708 734 789 807 817 878 880 893 901 909 926 935 951 963 992 1011 1039 1073 1077 1088 1089 1097 1139 1145 1147 1152 1199 1236 1242 1267 1287 1295 1365 1368 1380 1382 1388 1491 1531 1552 1553 1564 1581 1631 1647 1682 1683 1691 1708 1718 1735 1750 1752 1816 1839 1855 1873 1911 1913 1917 1946 1969 2024
1155,C=CC=C1CCC(=O)N(C)C1,30 134 181 184 185 201 244 314 317 342 343 361 392 464 505 534 567 643 646 650 694 704 738 741 784 798 890 907 926 935 994 1021 1057 1084 1145 1219 1236 1242 1288 1298 1307 1319 1344 1366 1372 1380 1397 1398 1413 1442 1481 1519 1569 1578 1605 1607 1645 1681 1684 1693 1720 1738 1748 1809 1839 1841 1898 1946 2022
1156,Cc1ccc(N=Nc2nc(N)cs2)[nH]1,22 62 83 106 108 145 242 315 343 359 378 382 488 521 552 566 625 638 655 675 684 696 717 725 727 746 861 869 887 909 931 971 1015 1038 1057 1103 1114 1130 1133 1154 1171 1185 1211 1222 1258 1330 1380 1426 1434 1447 1457 1461 1474 1496 1502 1605 1633 1680 1686 1688 1710 1712 1722 1745 1750 1767 1796 1855 1873 1888 1896 1974 1990 2030 2035
1157,COc1ccc(-c2nc3[nH]c2n(C(=O)N2CCCCC2)c3=O)c2ccc(C3CCCCC3)cc12,2 94 111 125 140 193 232 249 252 273 314 323 329 352 356 360 369 374 377 378 504 515 613 650 680 695 766 797 807 823 841 853 860 875 890 926 935 1019 1021 1028 1057 1114 1115 1129 1139 1152 1177 1198 1224 1279 1282 1288 1325 1357 1373 1380 1480 1529 1536 1582 1583 1600 1633 1637 1657 1691 1733 1744 1745 1750 1803 1855 1873 1917 1923 1930 1940 1943 1970 1997 1998 2000 2004 2007 2009 2027 2038
1158,CC1CCC2C=CC=C(C(=O)C3CCCCN3C(=O)c3ccc(Cl)c(Cl)c3)C12,10 79 142 144 193 197 225 242 347 353 354 366 406 423 526 531 534 561 618 619 650 652 666 676 686 716 798 807 809 836 848 854 862 875 890 918 926 930 935 1017 1019 1028 1057 1083 1102 1106 1116 1212 1213 1222 1271 1309 1312 1314 1322 1325 1372 1380 1385 1402 1405 1434 1450 1457 1460 1480 1501 1504 1554 1585 1653 1683 1692 1697 1717 1750 1825 1859 1860 1864 1917 1939 1968 1973 1979 1986 1998 2008 2031
1159,COc1ccc(C(=O)NCC(=O)Nc2ccc(Nc3nc4ccccc4[nH]3)cc2)cc1,3 31 41 80 119 145 151 191 197 202 243 247 265 289 322 343 349 378 390 486 491 535 626 650 662 695 698 708 718 727 764 779 781 790 807 831 841 843 868 896 901 962 965 976 1003 1057 1077 1082 1088 1097 1114 1152 1178 1199 1304 1327 1385 1400 1440 1454 1484 1524 1535 1536 1583 1608 1613 1627 1661 1665 1668 1697 1715 1745 1750 1816 1855 1872 1873 1881 1917 1982 1998 2029 2035
1160,C=CC=C(I)C=CC(=O)C(=O)[O-],31 142 184 235 283 284 336 374 513 517 529 597 637 650 694 709 715 738 784 798 807 823 901 935 941 943 967 1068 1087 1142 1226 1251 1254 1319 1343 1353 1366 1399 1416 1431 1452 1522 1525 1537 1548 1577 1587 1598 1645 1678 1707 1720 1821 1848 1872 1875 1907 1917 1958 2024 2030
1161,CCCC(=O)Nc1nc(C=Cc2cc3ccccc3s2)c2c(N)nsc2n1,18 41 66 78 80 122 162 294 353 378 414 461 472 490 511 514 520 578 607 608 650 663 675 678 688 694 724 775 780 794 807 835 843 853 875 885 899 935 955 1023 1035 1057 1059 1067 1087 1088 1090 1106 1152 1153 1171 1199 1242 1273 1284 1317 1324 1356 1357 1380 1382 1406 1457 1459 1465 1469 1489 1492 1496 1508 1517 1564 1582 1663 1678 1734 1750 1843 1855 1861 1862 1873 1917 1934 1967 1968 1984 2024 2027
1162,COc1ccccc1C(=O)CCCCN1CCC(OC(=O)c2ccc(Cc3ccccc3)cc2)C(O)C1,70 80 86 145 157 221 234 235 242 249 297 302 310 352 384 389 433 448 456 510 541 599 606 650 653 655 670 673 695 739 793 798 807 841 849 869 884 893 926 935 1019 1057 1058 1063 1066 1088 1105 1114 1126 1145 1169 1199 1204 1257 1261 1262 1263 1267 1325 1337 1358 1380 1382 1385 1410 1430 1443 1447 1480 1505 1509 1516 1536 1564 1598 1653 1693 1697 1715 1740 1750 1754 1791 1839 1843 1873 1911 1917 1970 1991 2043
1163,Cc1ncc(C(=O)NCCCOc2ccccc2)c2ccccc12,8 13 24 80 88 92 95 102 138 156 176 197 215 299 320 322 378 389 399 410 467 486 490 527 531 555 562 615 633 637 650 667 672 695 699 718 730 796 807 819 1034 1051 1057 1088 1152 1170 1199 1235 1300 1317 1357 1378 1380 1406 1430 1452 1509 1520 1535 1540 1542 1573 1641 1722 1739 1750 1780 1790 1819 1873 1876 1911 1917 1933 1991
1164,COCCn1c(C2=CC=C3C=C3C=C2Nc2ccc(C(F)(F)F)cc2)c2sccn2c1=O,13 14 26 37 41 53 80 84 85 114 119 142 151 159 166 171 191 241 281 283 289 313 314 318 325 340 357 359 367 375 383 394 466 486 491 506 569 645 650 655 675 691 695 698 754 760 771 795 802 809 841 843 875 886 887 903 935 944 952 1005 1057 1097 1101 1123 1145 1152 1161 1167 1196 1198 1200 1202 1221 1249 1260 1286 1288 1343 1353 1380 1417 1453 1522 1524 1542 1567 1611 1665 1677 1679 1750 1756 1758 1808 1817 1854 1870 1873 1928 1942 1957 1967 1969 1974 1981 2000 2024
1165,CN1CCN(c2ncc(-c3ccc(Cl)cc3)s2)C1=C1C=C(c2ccccc2Cl)c2cc(Cl)ccc21,1 37 62 73 84 129 162 165 182 216 262 352 366 369 378 448 494 524 526 543 561 659 675 680 691 707 781 811 846 875 896 922 926 935 974 984 1036 1039 1057 1070 1088 1100 1115 1124 1145 1160 1167 1171 1199 1218 1278 1282 1308 1315 1318 1334 1343 1356 1380 1403 1437 1447 1452 1457 1462 1480 1483 1485 1505 1535 1570 1601 1683 1693 1723 1742 1745 1750 1863 1868 1873 1899 1916 1939 1964 1985 1986 1988 2003 2020 2031
1166,N#Cc1ccccc1N1CCSC(c2ccccc2F)C1=O,5 106 110 143 154 177 217 256 314 319 361 371 380 536 568 593 611 649 674 675 684 699 764 780 789 790 794 807 823 857 926 928 935 950 998 1019 1026 1027 1032 1062 1083 1088 1114 1136 1141 1199 1221 1229 1285 1295 1322 1327 1380 1384 1411 1446 1457 1461 1480 1498 1544 1562 1571 1635 1647 1670 1750 1800 1840 1862 1873 1895 1898 1928 1956 1984 2000 2031
1167,CNS(=O)(=O)c1csc2nccc3ccc4c(OC)ccc(n12)n34,23 45 136 142 154 162 215 244 249 325 339 350 372 378 384 394 395 405 413 471 502 511 548 552 565 599 605 609 620 633 646 647 650 662 675 695 714 787 790 792 841 884 922 931 935 996 1008 1057 1097 1103 1111 1123 1126 1152 1189 1275 1291 1333 1366 1380 1394 1400 1420 1430 1452 1476 1500 1514 1528 1532 1536 1561 1567 1599 1600 1640 1651 1697 1729 1750 1791 1793 1797 1803 1841 1866 1873 1895 1902 1909 1917 1970 1973 1990 1996 2021 2035
1168,COC1=CC=C2C(=O)c3ccc(o3)C(=O)N3CCCN(CC3)S(=O)(=O)C2=CC=C1OC,2 69 121 142 144 177 193 203 204 207 314 378 407 418 426 469 475 502 562 644 650 653 656 657 670 680 695 725 731 748 752 841 844 879 926 935 990 1005 1006 1026 1028 1044 1052 1057 1063 1083 1100 1131 1167 1176 1205 1239 1249 1250 1261 1277 1287 1303 1309 1344 1362 1380 1388 1407 1465 1476 1477 1480 1490 1492 1508 1536 1604 1647 1697 1706 1711 1750 1757 1774 1786 1803 1873 1877 1910 1937 1960 2012 2023 2030
1169,COC(=O)COc1cc(NC(=O)CN2CCCn3c2nc2ccc(OC)cc23)ccc1OC,24 41 45 59 80 94 118 140 177 184 191 195 203 207 209 226 244 249 284 314 322 332 344 352 357 378 400 410 419 475 594 598 613 643 650 679 695 700 703 742 747 758 781 789 796 807 841 843 875 901 926 935 961 968 972 987 1004 1026 1028 1036 1057 1083 1089 1097 1123 1152 1187 1247 1284 1312 1319 1327 1365 1367 1377 1380 1386 1452 1480 1496 1536 1539 1554 1578 1617 1750 1772 1816 1855 1873 1906 1917 1960 1970 1972 1995 2004 2037
1170,CCCNC(=O)c1c(-c2cccc(F)c2)c2c(OCCCCCNS(=O)(=O)CC)c3c4cc2c3c1o4,8 13 80 97 104 147 168 169 197 230 294 304 312 328 333 350 397 486 501 550 586 592 602 614 618 650 656 667 691 695 699 736 794 807 814 830 848 871 875 918 959 999 1017 1020 1034 1039 1057 1058 1088 1133 1143 1147 1152 1160 1168 1175 1249 1272 1277 1352 1357 1380 1409 1420 1452 1476 1481 1487 1490 1556 1574 1604 1626 1649 1670 1747 1750 1780 1792 1805 1808 1841 1855 1873 1886 1909 1911 1913 1917 1921 1928 1947 1963 1984 2021 2027
1171,O=C(Nc1ccc(Cl)c(Cl)n1)OC(C(=O)Nc1ccccc1)C(=O)Nc1cc(Cl)ccc1Cl,1 18 69 84 99 125 126 153 165 191 204 216 229 274 330 339 366 389 464 503 520 561 573 608 614 650 666 695 696 703 752 785 807 816 875 879 922 948 949 967 1027 1055 1070 1072 1077 1080 1088 1099 1152 1154 1187 1196 1199 1208 1211 1220 1224 1243 1268 1333 1351 1369 1380 1420 1493 1539 1551 1580 1664 1683 1750 1758 1762 1816 1849 1855 1861 1873 1905 1917 1923 1929 1992
1172,Nc1ncnc(NCCN(CCNC(=O)NC(=O)Cl)c2ncc(Cl)c(Cl)c2[N+](=O)[O-])n1,37 61 80 81 143 155 170 197 245 259 270 284 295 366 378 387 407 409 415 425 489 561 566 580 606 628 650 657 667 702 715 721 753 807 838 842 852 881 893 905 945 958 979 1008 1011 1048 1051 1086 1100 1102 1119 1124 1137 1152 1171 1180 1195 1254 1264 1277 1278 1292 1306 1320 1380 1416 1445 1452 1457 1477 1479 1488 1511 1525 1535 1536 1548 1557 1653 1683 1687 1697 1708 1738 1755 1799 1810 1851 1855 1873 1921 1951 1957 1961 1963 1989 2007 2037
1173,CCCCCNS(=O)(=O)c1ccc(C(=O)NCCCN2CCN(C(=O)C(C)(C)C)C2=O)cc1,8 49 76 80 92 114 132 145 163 197 216 265 270 277 293 294 295 302 314 317 319 334 350 352 358 371 392 436 486 491 502 591 592 640 641 650 667 715 732 794 807 865 873 883 911 926 935 951 954 1006 1035 1049 1057 1065 1089 1108 1145 1152 1167 1208 1223 1275 1291 1374 1380 1385 1387 1404 1444 1476 1480 1481 1510 1541 1552 1553 1586 1633 1635 1665 1697 1750 1784 1873 1876 1886 1893 1911 1917 1937
1174,COc1cc(Cl)cc(N2CCn3c(-c4ncc5n4CCS5)nnc32)c1,11 12 13 24 90 130 155 157 161 196 197 208 216 234 290 322 378 386 412 468 505 507 530 556 561 585 588 590 600 628 641 650 675 695 781 789 804 811 841 875 912 913 926 935 963 971 981 995 996 1057 1104 1120 1126 1139 1164 1180 1218 1239 1260 1261 1303 1365 1380 1393 1415 1452 1454 1457 1480 1496 1508 1526 1535 1536 1537 1591 1664 1683 1686 1687 1701 1722 1723 1747 1750 1785 1825 1864 1873 1882 1885 1928 1933 1938 1970 2001
1175,CCC1=CC=C(C(C)(C)C)C1=O,13 80 108 114 180 294 298 314 347 363 392 444 454 461 485 504 516 552 634 650 732 748 751 807 847 883 885 930 973 983 1007 1010 1057 1120 1123 1171 1192 1205 1249 1288 1339 1380 1476 1528 1658 1684 1685 1799 1804 1836 1844 1869 1873 1884 1918 1935 1983 1991
1176,CN1C(=O)CN(S(C)(=O)=O)C(=O)CCC2(CC2)C1=O,34 37 59 68 133 141 207 255 314 346 350 355 467 479 492 521 550 566 584 612 650 657 675 692 747 754 763 788 798 855 857 860 917 918 926 935 966 979 987 999 1014 1048 1051 1057 1060 1116 1117 1130 1139 1145 1159 1162 1163 1224 1239 1246 1322 1356 1366 1380 1430 1476 1477 1489 1535 1710 1712 1738 1745 1755 1760 1771 1776 1839 1876 1888 1893 1946 1961 1965 2000 2005 2006 2023 2026 2029
1177,Cc1ccc(-c2cnc[nH]c2=O)cc1,85 210 222 235 271 313 314 352 378 522 605 650 669 678 682 686 713 731 736 750 790 806 896 934 959 973 1057 1109 1114 1118 1130 1160 1168 1257 1303 1307 1355 1356 1380 1496 1510 1514 1535 1563 1602 1603 1650 1672 1695 1722 1750 1823 1873 1920 1928 1942 1964 1995
1178,COc1ccc(CNC(=O)c2ccc(C(=O)Nc3ccccc3)s2)cc1,37 47 80 160 162 191 197 255 260 278 279 310 322 329 353 389 419 486 495 498 621 623 638 650 675 695 703 706 718 722 740 749 781 796 807 813 831 841 896 915 918 939 941 996 1057 1075 1077 1088 1152 1199 1214 1296 1360 1380 1468 1479 1484 1512 1526 1536 1573 1587 1653 1745 1754 1816 1848 1871 1873 1917 1922 1950 1978 1989 2004 2018
1179,Cc1nnc(N=c2[nH][nH]c(=N)n2C)[nH]1,41 53 107 128 160 207 223 261 296 335 378 409 439 466 497 559 564 623 630 658 705 725 773 786 815 830 838 841 854 899 935 1033 1057 1059 1066 1096 1114 1118 1145 1164 1177 1336 1370 1380 1382 1385 1403 1418 1456 1525 1561 1587 1589 1591 1651 1657 1669 1675 1680 1691 1717 1722 1745 1749 1763 1769 1770 1811 1848 1851 1862 1879 1880 1950 2029 2046
1180,CCOCCN1CCN(C(=O)c2ccc3c4ccc(c3c2)C(CC)O4)C(=O)C1CC(=O)OC,5 13 46 78 80 109 148 195 274 294 298 307 314 331 348 355 396 419 468 507 524 568 579 582 617 618 650 653 656 695 750 784 807 841 875 886 892 926 935 965 967 997 1004 1019 1027 1031 1035 1039 1057 1066 1085 1118 1126 1142 1145 1152 1174 1187 1195 1237 1238 1252 1328 1353 1357 1359 1380 1385 1386 1387 1389 1409 1480 1504 1539 1576 1594 1604 1635 1664 1681 1697 1711 1725 1730 1733 1750 1873 1888 1905 1916 1917 1920 1992 2019 2022 2034 2036 2043
1181,CC(=O)N(CCOc1ccc([N+](=O)[O-])cc1NS(=O)(=O)c1ccccc1)C(C)=O,4 13 80 94 155 163 225 255 319 350 389 455 462 502 521 575 585 603 605 650 695 707 710 715 737 753 777 791 807 838 840 875 881 883 900 910 946 973 996 997 1002 1017 1057 1088 1138 1152 1161 1195 1199 1224 1239 1253 1270 1274 1282 1322 1360 1380 1384 1431 1452 1476 1518 1588 1644 1648 1671 1740 1750 1785 1790 1809 1814 1839 1873 1877 1914 1917 1928 1940 1951 1963 1970
1182,O=C1OC2CCN3C4CCN(Cc5cccc(Cl)c5)CCN(C(=O)c5cccc1c5)C2CCN(CC4)S3(=O)=O,39 42 74 80 149 165 205 207 209 216 271 314 337 447 469 470 475 495 504 506 526 555 561 592 602 616 644 651 656 669 672 684 688 725 731 734 735 736 744 750 784 789 811 842 847 854 875 879 880 881 921 926 930 933 935 941 984 992 1019 1039 1066 1088 1160 1169 1172 1185 1243 1259 1261 1308 1325 1380 1422 1480 1520 1543 1585 1616 1637 1648 1683 1689 1717 1750 1754 1765 1771 1791 1806 1819 1836 1840 1848 1861 1866 1867 1873 1910 1924 1939 1978 1995 2034 2037
1183,COC(=O)C1=CC=C2NC(=O)C(C(=O)N3CCOC4OCC(O)C(OC)C43)=C1O2,11 123 145 152 203 242 263 298 301 314 318 324 325 332 364 414 431 466 505 515 519 546 576 586 635 650 656 695 802 807 841 849 876 906 924 926 929 935 937 942 950 955 961 983 1019 1057 1060 1078 1091 1114 1119 1152 1164 1249 1257 1268 1346 1380 1398 1413 1454 1480 1491 1504 1506 1507 1532 1540 1567 1578 1590 1657 1709 1722 1723 1734 1739 1747 1799 1810 1818 1843 1858 1873 1900 1917 1923 1936 1950 1961 1975 2029
1184,CC(=O)Oc1ccc(C(=O)OCC(=O)OC(=O)c2ccccc2)cc1,80 112 121 145 147 158 248 259 285 299 310 319 322 328 385 389 440 454 466 521 547 606 650 695 714 718 735 746 807 893 897 898 942 979 1017 1035 1057 1088 1097 1147 1199 1273 1349 1351 1355 1380 1385 1386 1408 1429 1439 1446 1492 1515 1522 1563 1612 1697 1702 1710 1729 1750 1775 1779 1820 1854 1873 1948 1985 1997 2004
1185,CC1(C2CCN3CCCCC23)CCN(c2ccccc2C#N)CC1,96 105 123 137 146 182 183 191 231 300 338 341 361 407 428 470 519 593 622 646 650 674 707 723 730 780 781 790 843 865 884 890 910 926 935 950 955 966 1019 1028 1029 1039 1057 1060 1062 1081 1088 1091 1136 1150 1162 1199 1274 1296 1298 1325 1380 1384 1388 1471 1480 1483 1524 1543 1583 1647 1689 1691 1702 1750 1762 1801 1854 1862 1863 1873 1998 2011
1186,CN(C)C(=O)CN(C)C(=O)c1ccc(C=Cc2ccccc2)cc1,21 23 25 52 71 80 131 303 334 359 365 389 424 431 502 531 584 587 629 650 694 716 807 835 878 881 884 893 983 1006 1033 1057 1069 1072 1088 1093 1136 1163 1178 1187 1190 1199 1210 1221 1238 1241 1296 1298 1320 1326 1353 1378 1380 1384 1385 1480 1547 1580 1653 1697 1750 1873 1876 1902 1903 1917 1924 1983 2015 2033
1187,O=C(Nc1ccc(Cl)cc1)c1sc2c(c1C(=O)O)CCN2Cc1ccc(Cl)cc1,19 25 80 83 104 115 162 179 216 236 239 254 263 272 310 361 374 386 389 417 456 469 486 509 526 561 586 627 650 716 781 789 807 816 839 843 853 914 935 943 955 1030 1045 1070 1077 1085 1089 1103 1152 1160 1168 1189 1237 1294 1314 1350 1380 1431 1480 1502 1537 1662 1668 1683 1691 1718 1738 1750 1754 1765 1779 1816 1832 1846 1848 1873 1876 1887 1917 1923 1926 1978 1981 2024
1188,O=C1OCCn2c(=O)ccc(F)c(c2=O)CN1C(=O)c1ccccc1,20 104 128 130 152 157 167 175 184 216 246 255 307 314 339 361 382 389 394 414 441 472 504 507 536 592 597 608 650 656 660 668 676 699 725 742 749 756 759 768 778 807 839 856 907 925 934 935 950 1011 1088 1113 1141 1199 1215 1217 1253 1269 1302 1357 1362 1380 1385 1387 1393 1445 1480 1485 1487 1496 1504 1511 1512 1539 1545 1685 1716 1750 1782 1789 1840 1841 1850 1855 1872 1873 1915 1917 1928 1946 1985 2027
1189,COC(=O)C1=C(C)C(=O)C(=C(C(=O)O)C(=O)c2ccccc2)C(C)=C1,78 84 129 136 145 155 241 300 314 325 362 389 393 446 537 630 650 656 685 695 720 771 793 807 813 841 863 894 903 906 913 934 1057 1088 1093 1141 1152 1181 1199 1250 1337 1352 1380 1385 1476 1500 1560 1604 1634 1654 1722 1734 1750 1768 1836 1846 1873 1875 1883 1901 1917 1943 1985
1190,Cc1ccc(-c2ccc3cc(c(C)cs2)C(=O)NS3(=O)=O)o1,15 62 67 80 82 121 162 183 184 207 219 239 312 331 352 442 469 515 537 544 552 627 650 656 675 702 769 806 811 840 842 857 875 900 920 977 1028 1036 1057 1095 1114 1188 1192 1224 1300 1334 1354 1374 1380 1390 1391 1435 1459 1480 1485 1498 1565 1566 1567 1586 1604 1618 1631 1644 1651 1654 1657 1712 1722 1728 1742 1750 1786 1803 1805 1827 1845 1873 1937 1994 2004
1191,CN(C)C(=O)N(C)c1ccc2cc(Cl)ccc2n1,54 138 165 189 197 199 215 216 242 279 320 331 344 378 389 390 429 449 561 564 582 647 650 665 723 744 779 793 799 807 816 844 857 875 881 899 949 961 1017 1021 1057 1096 1097 1135 1159 1163 1213 1216 1275 1352 1380 1443 1449 1591 1597 1647 1648 1653 1683 1700 1750 1855 1873 1917 1918 1944 1951 1953 1999
1192,CCCCCNC(=O)C1=CC=C(C(=O)c2ccccc2)C1=O,8 9 11 18 26 57 80 139 179 187 192 197 294 313 314 389 414 416 486 492 525 537 542 591 592 665 666 667 715 777 794 807 830 893 910 935 1017 1057 1088 1092 1110 1152 1199 1207 1249 1267 1380 1385 1430 1439 1444 1445 1460 1476 1513 1540 1552 1567 1613 1643 1740 1750 1764 1775 1873 1876 1900 1911 1915 1917 1955 1985 2006
1193,COc1csc(C(=O)NNC(=O)c2cccc3ccccc23)c1,0 38 96 119 156 176 238 281 322 355 386 419 463 475 486 499 506 528 552 625 650 652 675 682 695 708 745 770 781 801 807 841 843 875 879 923 926 942 956 1039 1057 1061 1087 1088 1096 1104 1152 1165 1180 1199 1203 1205 1206 1220 1247 1273 1298 1322 1357 1380 1383 1386 1406 1447 1459 1536 1541 1567 1573 1639 1675 1685 1692 1750 1757 1844 1855 1873 1917 1991 2027
1194,COC1(CCCCC2OC(=O)C(O)C3C(C(F)(F)F)=CC=C(N(C)c4ccc(F)cc4C(F)(F)F)C23)CC1,46 72 80 101 108 114 139 164 174 205 219 241 262 307 314 318 334 419 421 432 496 511 523 541 557 569 585 592 610 650 656 657 673 681 695 699 735 750 773 795 807 809 832 841 875 880 881 912 926 931 937 941 960 975 1019 1022 1029 1034 1057 1060 1099 1110 1155 1162 1163 1237 1249 1257 1283 1309 1328 1364 1380 1410 1435 1453 1457 1469 1473 1486 1487 1501 1577 1592 1670 1674 1717 1719 1742 1750 1771 1805 1811 1873 1911 1928 2016 2018 2023
1195,CC12CCN(CC1)CC2C(N)C(F)(F)F,1 8 23 26 114 136 214 247 287 307 327 349 368 396 470 729 736 739 749 770 786 806 832 884 926 935 937 966 1019 1029 1057 1060 1153 1162 1171 1183 1204 1274 1283 1336 1366 1397 1419 1444 1453 1480 1508 1533 1573 1717 1733 1749 1757 1770 1783 1856 1918 1928 1947 1949 1996
1196,O=S(=O)(C1=C[N+]2=C(N3CC3)C=C1[N+]2([O-])[O-])N1CCCC1,5 21 49 61 84 141 160 163 212 213 216 292 302 328 340 350 366 399 407 434 453 463 476 501 527 535 539 541 585 592 614 638 650 662 681 692 715 729 746 787 800 923 926 935 991 1028 1061 1063 1121 1128 1140 1145 1187 1218 1297 1316 1323 1367 1378 1380 1393 1431 1471 1476 1508 1545 1566 1599 1647 1686 1717 1730 1733 1739 1771 1813 1830 1873 1990 1998 2020
1197,N#CNC(=O)Nc1cccnc1-c1ccccc1F,75 105 213 323 352 378 401 448 451 465 569 571 573 650 674 690 699 702 707 789 790 807 854 857 895 949 952 984 1027 1032 1043 1088 1123 1138 1152 1159 1177 1199 1203 1210 1223 1224 1250 1260 1268 1315 1340 1345 1380 1384 1452 1457 1508 1550 1604 1694 1696 1714 1715 1735 1750 1757 1816 1822 1840 1863 1866 1873 1917 1928 1966 1989
1198,O=C(CCn1c(C(=O)c2ccc(Cl)cc2)c[nH]c1=O)NCc1cccc(Cl)c1,9 16 28 41 45 80 133 165 197 201 216 255 275 314 324 333 384 450 488 521 561 592 650 666 725 758 802 805 806 807 816 875 935 1039 1054 1066 1068 1070 1076 1087 1088 1107 1114 1128 1134 1145 1152 1156 1273 1335 1341 1380 1385 1404 1437 1451 1478 1539 1549 1564 1573 1589 1591 1683 1697 1708 1716 1750 1754 1774 1775 1779 1790 1814 1857 1858 1873 1879 1917 1978 1980 1986 1996
1199,O=c1ccccc2ccc(o1)c(-c1ccc(Br)o1)c2,35 38 121 153 302 304 306 311 314 351 352 458 538 541 548 562 574 599 628 650 651 656 660 674 690 721 728 742 791 800 837 852 863 875 975 978 1043 1088 1096 1106 1122 1187 1199 1212 1228 1229 1353 1371 1375 1380 1406 1476 1480 1502 1548 1604 1631 1638 1648 1662 1666 1684 1729 1750 1762 1773 1808 1810 1822 1827 1845 1857 1873 1885 1896 1937
1200,CCN(N=Nc1cc2ccc1n(C)c2=O)C(=NC#N)Nc1ccccc1-c1ccccc1,17 18 45 46 80 84 95 96 105 170 203 222 265 267 270 294 314 348 352 357 389 402 422 425 483 491 504 516 564 584 598 630 650 663 674 680 725 729 735 736 745 762 771 783 790 807 863 875 881 931 932 935 984 987 1051 1057 1088 1145 1152 1160 1182 1199 1224 1257 1260 1276 1282 1297 1354 1380 1384 1395 1409 1417 1425 1517 1564 1576 1681 1695 1696 1726 1738 1750 1766 1770 1779 1816 1820 1855 1863 1873 1905 1920 1925 1934 1935 1955 2021 2034
1201,COCCSCc1c(C)[nH]c(=O)n1C(=O)c1cc(F)ccc1C,8 13 34 36 80 85 95 116 147 183 314 336 340 387 400 418 443 456 486 501 521 525 601 618 626 647 650 687 691 692 695 699 758 762 771 807 812 816 839 841 875 877 927 935 948 953 1005 1057 1082 1114 1135 1151 1172 1182 1205 1282 1283 1294 1380 1391 1402 1410 1469 1487 1504 1507 1516 1532 1554 1594 1615 1623 1640 1656 1670 1691 1712 1722 1733 1734 1745 1750 1759 1799 1822 1873 1898 1900 1916 1917 1928 1938 1939 1991
1202,O=C1CN(CCCc2ccc(S(=O)(=O)N3CCCCCCC3)o2)C1=O,0 2 17 26 80 90 199 208 214 257 314 350 366 396 430 456 506 539 569 585 602 619 650 656 659 671 712 725 727 751 800 838 848 879 925 926 935 951 1028 1031 1089 1138 1143 1145 1155 1161 1196 1214 1234 1243 1246 1293 1350 1375 1380 1414 1469 1476 1480 1582 1604 1605 1627 1632 1666 1711 1721 1750 1760 1794 1853 1873 1906 1911 1923 1934 1945 1946 1949 1960 1998 2045
1203,CCN(CCCCN1CCCCC1)c1nc(NC(=O)c2ccccc2)ccc1-c1ccc(F)cc1Cl,2 44 79 80 98 150 180 213 234 259 266 277 294 325 352 366 378 389 442 482 486 513 515 529 540 556 561 648 650 653 680 683 693 699 720 724 750 769 797 807 875 876 881 893 898 902 926 928 932 935 967 1028 1039 1057 1070 1088 1099 1145 1152 1169 1176 1199 1232 1324 1353 1380 1382 1385 1391 1410 1422 1477 1482 1483 1487 1523 1606 1616 1624 1632 1665 1669 1670 1683 1687 1750 1791 1795 1816 1855 1873 1902 1904 1907 1911 1917 1928 1929 1939 1942 1951 1977 1979 1985 1998 2011 2037
1204,CC(C)N1C(=O)c2cc3ccc2c1[n+]3[O-],1 68 97 147 157 165 166 283 310 313 314 352 355 367 463 474 497 508 539 571 615 618 650 715 727 748 875 879 903 929 935 968 969 986 995 1057 1147 1148 1152 1208 1300 1310 1314 1357 1380 1445 1449 1466 1495 1530 1572 1624 1666 1718 1723 1733 1750 1762 1786 1827 1843 1857 1871 1872 1873 1919 2006 2025 2038
1205,O=C(c1ccc(-c2ccccc2Cl)c(Cl)c1)N1CCN2CC3C4CCN(CC3C2C1)C4=O,5 17 77 107 108 124 161 294 314 335 347 352 366 375 386 389 398 407 451 455 497 506 561 601 618 622 632 633 650 680 736 739 753 766 807 831 843 855 875 876 918 926 935 953 974 984 1019 1023 1070 1088 1093 1095 1109 1168 1199 1242 1273 1325 1342 1356 1380 1385 1480 1504 1589 1632 1657 1683 1689 1697 1723 1736 1750 1771 1784 1792 1825 1833 1841 1854 1873 1880 1890 1917 1922 1981 2004 2009
1206,Cc1ccc2nc(C(F)(F)c3ccccc3)cc(C(=O)NC(=O)OC(C)(C)C)c2n1,1 9 23 114 127 185 231 319 334 335 378 383 389 392 394 404 486 502 580 638 650 655 660 695 710 736 738 797 807 840 850 875 961 992 1040 1057 1088 1097 1116 1119 1124 1126 1152 1198 1199 1221 1301 1306 1347 1380 1417 1429 1453 1562 1574 1590 1646 1686 1722 1724 1731 1747 1750 1809 1812 1814 1825 1855 1859 1873 1917 1928 1991 2017 2019
1207,O=C(CCn1cccc(-c2c3ccc(F)c2-3)c1=O)N1CCCCC1,2 80 90 95 145 146 186 214 216 260 291 293 314 328 352 393 395 401 410 454 457 473 504 556 585 606 650 651 680 698 699 726 760 807 812 834 926 935 936 962 984 994 995 996 1009 1028 1064 1088 1101 1105 1111 1145 1175 1180 1187 1303 1368 1380 1427 1433 1455 1458 1469 1480 1505 1564 1645 1688 1718 1747 1750 1758 1760 1840 1873 1906 1917 1928 1969 1998 2004 2009 2021
1208,O=C(CCN1CCCCC1)NC(=Nc1ccc(F)c(C(=O)O)c1C(=O)O)Sc1cccc(F)c1,2 17 20 27 41 80 107 110 116 126 152 200 216 230 240 271 281 293 299 355 356 357 382 389 395 401 456 458 464 502 529 562 573 586 637 650 654 675 699 725 785 787 807 811 819 844 873 875 926 935 948 955 988 996 1008 1028 1039 1088 1093 1103 1119 1122 1145 1152 1165 1167 1250 1276 1380 1386 1422 1444 1480 1482 1487 1515 1564 1592 1613 1657 1670 1713 1739 1750 1754 1791 1835 1840 1843 1873 1917 1928 1978 1993 1998
1209,Cc1nc2c(S(=O)(=O)c3ccc(-c4ccc(Cl)cn4)cc3)nnc-2c(C)n1C,64 78 123 154 181 216 266 319 323 339 350 378 448 516 533 557 561 564 650 689 705 715 816 827 896 917 935 954 980 985 1025 1043 1049 1057 1132 1145 1160 1164 1191 1244 1291 1363 1380 1407 1442 1452 1476 1492 1535 1571 1587 1671 1683 1704 1722 1739 1749 1750 1766 1789 1808 1811 1829 1855 1873 1882 1917 1934 1971 1998 2012
1210,CCN(C)C(=O)c1c(C#N)cc(C(F)(F)F)cc1C(F)(F)F,48 71 80 114 262 272 294 334 361 419 450 490 517 546 573 580 586 650 674 677 689 692 705 730 790 802 807 808 809 825 858 861 868 875 881 932 958 962 1036 1055 1136 1158 1163 1185 1189 1201 1221 1260 1309 1359 1366 1380 1384 1444 1453 1455 1554 1671 1717 1765 1806 1815 1835 1846 1854 1862 1873 1885 1917 1919 1928 1940 1973 1977
1211,CCCn1c(C(=O)Nc2nnc(C)s2)ccc(OC)c1=O,9 44 80 90 94 129 162 197 249 254 294 305 314 341 361 378 385 399 455 470 485 486 488 504 544 619 624 650 665 675 695 702 707 738 757 794 802 820 841 935 949 965 988 991 1056 1057 1136 1143 1145 1152 1164 1173 1180 1198 1226 1236 1291 1298 1343 1380 1398 1440 1480 1510 1522 1536 1537 1580 1588 1618 1693 1707 1722 1743 1749 1750 1816 1846 1873 1917 1970
1212,CC(C)(CN1CCCOC1=O)OC(=O)c1ccc(C(=O)N2CCCC2)o1,10 80 93 99 110 111 114 122 145 150 160 177 231 310 314 369 392 421 441 518 608 632 650 656 668 682 688 695 756 778 801 807 874 909 911 921 926 935 942 950 997 1028 1057 1084 1089 1123 1148 1174 1250 1268 1272 1276 1277 1340 1380 1414 1429 1440 1480 1520 1563 1573 1595 1604 1643 1670 1699 1734 1750 1753 1754 1811 1853 1873 1875 1907 1917 1998 2009 2014
1213,CCC1CCC(C)(C)C(C(O)C2CCC(=O)N2C(=O)OC(C)=O)C1(C)C,1 5 80 139 141 153 164 175 191 227 254 271 273 294 314 336 376 380 387 425 549 558 650 663 666 695 708 721 725 752 798 802 803 807 828 837 881 882 898 926 935 946 978 992 994 1000 1017 1019 1035 1057 1060 1062 1065 1081 1125 1126 1162 1184 1211 1223 1232 1274 1301 1319 1325 1330 1333 1341 1346 1380 1385 1391 1454 1456 1651 1673 1679 1738 1761 1816 1850 1863 1890 1893 1917 1932 1954 1977 1979
1214,CC(=O)NC(=O)c1ncc([N+](=O)[O-])c(-c2ccccc2)n1,14 32 55 190 245 292 315 316 347 348 354 378 389 391 459 471 485 486 572 650 679 683 715 716 720 722 727 736 753 779 791 793 807 838 880 890 974 1000 1004 1017 1057 1071 1088 1119 1152 1160 1187 1195 1199 1259 1285 1380 1452 1460 1471 1494 1520 1535 1569 1583 1605 1717 1750 1776 1855 1871 1873 1917 1931 1955 1957 1963 1973 1981 1989 1993 2006 2021
1215,C#CCN1CC2CN(CC(C)(C)C)CCN2S1(=O)=O,0 32 44 74 78 80 114 145 156 164 172 193 199 207 221 345 392 469 474 504 543 550 600 611 630 632 633 650 657 674 726 731 739 879 915 926 935 941 974 981 997 1019 1025 1041 1043 1054 1055 1057 1206 1250 1256 1271 1283 1318 1322 1363 1385 1443 1480 1486 1507 1560 1571 1592 1624 1638 1652 1660 1675 1711 1712 1716 1791 1800 1811 1815 1881 1910 1979
1216,CCOc1ccc(OCC)c(S(=O)(=O)N2CCN(c3nc4c(OC)cccc4s3)C2=O)c1,15 27 69 80 92 94 115 120 162 165 192 215 233 237 240 249 264 272 283 292 294 313 314 322 324 350 378 392 425 461 476 499 506 515 516 576 586 641 650 675 685 689 695 718 772 783 794 800 811 825 830 841 852 862 875 885 926 935 993 1039 1051 1057 1091 1123 1150 1185 1209 1212 1238 1248 1258 1312 1363 1375 1380 1407 1410 1452 1457 1476 1480 1501 1536 1581 1590 1601 1611 1616 1626 1656 1663 1669 1673 1692 1719 1724 1750 1846 1855 1873 1889 1916 1970 2005 2011 2024 2039
1217,CCCCC(C(=O)NC(C)C(=O)N1CCCCC1)N(C)C,1 2 75 80 89 108 117 137 158 189 208 254 283 294 325 347 369 395 396 414 517 552 573 591 607 621 650 719 722 739 752 794 807 846 881 926 934 935 989 1028 1057 1072 1097 1119 1152 1163 1168 1171 1188 1283 1288 1328 1342 1347 1455 1480 1527 1613 1644 1665 1691 1838 1856 1882 1911 1917 1921 1929 1959 1967 1998 2009 2041
1218,CCCNC(=O)N(C)CCc1nnc(C)n1-c1ccccc1,10 18 58 69 80 154 165 167 168 183 193 210 217 288 294 304 318 334 378 389 444 487 491 515 530 546 596 617 650 667 685 720 794 807 814 868 881 915 917 926 935 1049 1056 1057 1066 1078 1088 1121 1133 1152 1163 1164 1165 1199 1243 1287 1288 1301 1306 1338 1340 1380 1381 1464 1474 1483 1510 1519 1550 1625 1653 1692 1699 1722 1747 1750 1785 1825 1836 1848 1873 1917 1951 1993 2005
1219,CCCC(OC(C)=O)C(OC1=CC=C2C(OC)=CC=C12)C(=O)O,1 10 36 62 69 80 88 111 117 142 294 354 371 386 387 389 409 424 448 451 517 565 567 574 588 650 664 695 725 739 751 794 807 841 862 889 912 919 925 929 954 975 1004 1006 1017 1035 1057 1134 1167 1194 1214 1217 1228 1249 1257 1274 1280 1380 1394 1471 1492 1529 1536 1565 1654 1673 1697 1718 1744 1756 1758 1759 1824 1843 1844 1873 1917 1946 2000 2021
1220,Cc1ccc2cc(C(=O)N(C)CCN(C)CCn3ccccc3=O)ccc2c1,21 53 80 90 96 141 166 192 203 235 258 314 322 334 369 370 384 396 418 510 514 575 607 626 650 677 717 807 836 875 881 890 899 935 978 1013 1053 1057 1058 1088 1099 1101 1141 1145 1147 1162 1163 1172 1199 1209 1221 1236 1241 1330 1380 1385 1427 1431 1440 1448 1455 1496 1510 1594 1634 1687 1697 1722 1726 1748 1750 1753 1776 1791 1803 1822 1823 1834 1851 1855 1873 1876 1903 1909 1917 1940 1950 1951 1954 1984
1221,CC(=O)OC(=O)CCCCC(=O)N1CCCCC1=O,19 28 80 179 182 233 260 290 310 314 384 459 526 530 650 695 701 729 754 767 798 803 807 882 894 898 926 933 935 937 947 1009 1011 1017 1028 1035 1057 1106 1136 1148 1182 1215 1233 1267 1380 1386 1387 1399 1400 1419 1473 1480 1488 1501 1545 1564 1565 1725 1730 1738 1811 1885 1907 1911 1917 1998 2039
1222,CCOC(=O)C(CCOc1ccccc1)=C(c1ccccc1)c1ccc(OC)cc1,4 17 48 59 80 102 139 147 232 294 319 322 389 435 528 562 585 650 656 689 695 698 706 713 718 727 777 781 785 804 807 814 819 841 860 882 892 893 906 940 955 977 1030 1034 1057 1088 1095 1149 1199 1206 1209 1224 1238 1247 1253 1256 1289 1320 1338 1380 1452 1536 1564 1598 1609 1630 1654 1697 1722 1750 1760 1822 1873 1897 1899 1900 1917 1971 1985 2022
1223,CCN1C(=O)N(CCN2C(=O)N=NC(=CC=CC3OCC3C(C)(C)C)C2=O)C(=O)C1CC(C)C,1 5 34 80 92 101 114 141 146 164 171 225 227 230 267 269 283 294 295 314 335 350 351 378 392 404 408 411 415 425 432 453 485 536 576 588 630 634 650 656 658 688 694 707 802 815 824 861 863 872 879 890 926 931 932 933 935 1003 1019 1030 1079 1090 1092 1108 1118 1143 1145 1173 1186 1216 1217 1228 1268 1380 1439 1458 1487 1541 1584 1618 1718 1739 1742 1775 1776 1778 1794 1808 1811 1842 1847 1873 1893 1921 1923 1985 1996 2034
1224,CCCCN(Cc1ccc(C(=O)OCC)cc1)Cc1ccc2ccsc2c1,14 39 55 80 115 145 147 203 251 284 294 310 348 351 410 426 507 512 530 554 559 591 606 616 650 675 695 714 759 772 794 807 875 876 881 885 914 921 973 1013 1057 1072 1113 1147 1167 1225 1238 1294 1380 1385 1522 1528 1529 1551 1567 1581 1597 1630 1672 1695 1697 1722 1750 1754 1768 1799 1834 1855 1873 1881 1905 1907 1911 1917 1951 1987 2009 2030 2042
1225,CC(C)CCOC(=O)N(C)C,1 13 63 80 120 147 179 194 261 274 283 373 402 413 470 527 598 650 660 695 739 749 757 807 881 936 951 1042 1057 1062 1083 1161 1163 1198 1213 1232 1237 1263 1273 1303 1338 1462 1592 1653 1728 1747 1751 1776 1847 1858 1860 1895 1917 1961 1970 1990 2044
1226,Cc1nc(Oc2ccc(Cl)cc2)nc2c([N+](=O)[O-])cccc12,50 92 151 164 193 213 216 219 227 238 259 318 322 354 362 377 378 398 455 502 521 561 576 635 650 655 675 695 698 715 718 753 761 781 816 834 838 961 1005 1011 1032 1039 1041 1057 1066 1070 1088 1159 1160 1192 1195 1216 1357 1380 1415 1456 1476 1518 1573 1581 1600 1604 1617 1629 1653 1672 1683 1685 1687 1722 1724 1750 1855 1873 1896 1934 1961 1963 2000
1227,CCCCCC1CCN(CCC(O)N2C3=CC=C(C#N)C2=CC=C3)CC1,1 29 80 114 123 167 220 227 265 289 293 294 334 338 340 345 503 519 547 549 551 559 566 591 629 674 685 712 739 748 759 789 790 794 800 807 832 848 862 882 906 914 926 929 935 947 985 1008 1019 1035 1057 1082 1124 1136 1145 1219 1249 1261 1325 1360 1362 1367 1380 1384 1393 1417 1427 1444 1480 1482 1487 1599 1787 1791 1812 1873 1876 1891 1911 1925 1960
1228,COC(=CC=Cc1ccccc1)C(=CC=C(C=Cc1c2c3ccc1cc3NC2=O)Nc1ccc(OC)cc1)OC,29 31 55 126 191 203 216 233 308 314 322 350 389 405 432 472 497 527 574 582 593 596 598 610 612 623 650 694 695 718 721 735 774 781 807 831 835 841 843 875 878 991 1028 1057 1060 1071 1077 1079 1081 1088 1114 1136 1141 1146 1152 1163 1199 1220 1246 1250 1256 1319 1332 1347 1353 1357 1380 1401 1403 1413 1453 1479 1503 1521 1536 1559 1642 1654 1657 1724 1733 1747 1750 1790 1792 1795 1799 1813 1816 1825 1855 1873 1879 1898 1936 1982 2029 2033
1229,COc1ccc2ccc(NC(=O)NCCNCCN(CCN)S(=O)(=O)Nc3ccc(O)cc3)cc2c1,8 74 80 183 184 191 192 197 202 203 206 220 308 312 322 350 371 419 425 435 466 501 527 598 610 625 650 659 667 678 688 695 715 718 745 750 781 804 807 835 841 843 875 881 897 981 995 1004 1057 1106 1152 1162 1171 1223 1236 1256 1270 1297 1313 1322 1328 1380 1400 1411 1476 1536 1602 1643 1646 1654 1685 1750 1778 1795 1816 1840 1855 1863 1873 1878 1885 1917 1933 1951 1972 1974 1989 1990
1230,COc1ccc(C(C)C2Oc3nc(C)ccc3N(Cc3ccc(C(=O)c4ccccc4C)cc3)C2=O)cc1,1 5 9 26 52 65 80 130 240 283 310 314 322 335 351 378 394 427 475 486 548 560 564 584 588 650 656 682 695 718 750 781 807 831 838 841 896 902 919 920 927 935 937 958 987 1019 1033 1057 1059 1081 1088 1110 1135 1137 1170 1174 1199 1236 1243 1276 1277 1278 1289 1295 1303 1313 1363 1365 1380 1385 1391 1396 1411 1412 1430 1447 1453 1536 1549 1551 1592 1683 1697 1722 1731 1741 1750 1754 1765 1767 1853 1855 1868 1873 1915 1917 1933 1950 1955 1969 1991 1999 2033 2041
1231,COc1cccc(CN2C(=O)C(C)=C(C(=O)c3ccc(Cl)cc3)C2=O)c1,9 12 80 128 216 230 262 314 322 410 475 546 559 561 562 565 584 588 650 680 695 744 781 807 816 841 875 879 887 935 956 962 1039 1057 1066 1070 1088 1093 1099 1123 1160 1214 1243 1244 1304 1334 1380 1402 1499 1510 1536 1563 1581 1606 1683 1697 1702 1722 1750 1754 1765 1775 1829 1873 1884 1907 1917 1929 1972 1999 2029
1232,O=c1c2c3ccc([nH]3)c2n(C2CC2)c(=O)n1CCN1CCCC1,18 37 49 80 106 119 274 284 287 314 338 371 375 493 552 576 614 650 676 681 771 795 802 814 926 935 997 1019 1028 1072 1114 1145 1212 1262 1268 1325 1328 1334 1350 1376 1380 1403 1422 1433 1440 1441 1468 1480 1482 1484 1502 1504 1599 1619 1626 1645 1660 1688 1705 1715 1745 1750 1751 1783 1791 1828 1846 1873 1910 1914 1939 1948 1965 1984 1998 2046
1233,COc1cccc(NC(=O)N(CCC(=O)Nc2nccc3ccccc23)c2ccc(F)cc2)c1,8 41 57 66 68 80 82 90 114 115 152 157 175 184 191 193 235 271 282 322 323 378 381 394 400 476 511 522 562 650 669 695 699 703 708 741 753 756 781 783 787 807 810 841 850 875 881 939 960 1011 1015 1057 1087 1088 1096 1104 1152 1161 1167 1174 1185 1198 1199 1264 1296 1357 1380 1382 1410 1427 1435 1452 1536 1564 1573 1609 1620 1632 1664 1670 1700 1721 1750 1756 1770 1802 1816 1855 1863 1866 1873 1913 1917 1928 1931 1951 1959 1972 1993 1994 2029
1234,Cc1cccc(C(O)C2OC(=O)N(c3cc(C(F)(F)F)ccc3C#N)C2C)c1,1 29 67 104 114 159 194 205 216 227 233 276 282 302 314 361 367 369 405 514 552 584 608 635 650 656 665 674 687 700 750 780 788 790 804 807 809 854 875 888 920 935 962 979 998 1013 1019 1039 1047 1055 1057 1070 1079 1088 1121 1124 1136 1141 1210 1250 1260 1295 1309 1328 1354 1365 1380 1384 1417 1434 1453 1479 1480 1497 1522 1581 1665 1666 1680 1722 1750 1780 1823 1853 1854 1862 1866 1868 1870 1873 1922 1928 1965 2005 2016 2031 2044
1235,CC(=O)Nc1nnc2c(C(F)(F)c3ccccc3)cccn12,85 95 100 114 157 173 245 284 332 353 378 389 419 481 530 534 571 600 624 638 650 653 807 812 849 855 915 935 940 941 990 1017 1035 1054 1057 1088 1101 1152 1164 1186 1199 1288 1369 1380 1417 1484 1493 1573 1604 1617 1621 1631 1658 1665 1686 1688 1696 1749 1750 1816 1824 1870 1873 1917 1928 1953 1969 1971 1975 2017 2036
1236,O=C1CCCN1C(=O)CCC1CCCCC1,2 13 21 29 71 77 80 114 135 140 187 273 278 302 308 314 349 431 459 484 502 503 624 650 729 731 795 798 807 829 832 861 890 907 922 926 931 935 937 969 977 981 987 1009 1013 1019 1028 1051 1060 1071 1138 1158 1176 1179 1182 1202 1215 1235 1296 1325 1326 1346 1380 1387 1428 1437 1448 1480 1511 1564 1574 1713 1738 1751 1828 1892 1916 1917 1924 2030 2037
1237,Cc1[nH]c(=O)n(CCCCN2CCOCC2)c1-c1ccccc1C#N,53 62 80 136 146 147 159 200 289 314 343 361 374 384 400 413 468 475 523 614 624 641 650 653 656 660 671 674 692 693 695 758 759 790 847 893 895 926 935 950 972 984 1023 1057 1061 1062 1066 1088 1114 1136 1145 1150 1180 1199 1226 1375 1380 1384 1390 1405 1440 1441 1454 1480 1482 1487 1532 1620 1644 1722 1733 1745 1750 1791 1826 1827 1849 1862 1868 1871 1873 1874 1884 1911 1932 1976 2003
1238,CC1C(=O)OC(C)(C)CN1C(=O)c1sc(Cl)cc1Cl,133 138 144 160 162 238 242 306 310 314 319 349 359 366 378 393 410 428 445 464 487 525 561 576 602 611 617 631 650 656 675 704 712 720 767 781 807 834 855 875 926 935 941 998 1005 1008 1019 1025 1051 1057 1060 1078 1147 1157 1158 1195 1216 1237 1249 1270 1274 1282 1305 1309 1360 1369 1380 1504 1534 1555 1591 1675 1683 1715 1737 1829 1873 1917 1943 1995 2003
1239,COC(=O)c1cc(C(Br)=C(OC)C(Br)=Cc2ccc(OP(=O)(O)OCC(C)C)cc2)ccc1-c1ccccc1,1 24 25 72 80 108 118 145 192 222 231 254 256 273 283 318 322 335 352 375 376 389 396 414 461 486 488 623 633 650 660 680 694 695 702 718 728 736 802 807 810 811 830 837 841 875 906 930 936 970 980 983 987 1005 1042 1057 1068 1079 1088 1107 1109 1152 1160 1199 1200 1208 1259 1280 1318 1332 1380 1385 1444 1456 1478 1513 1535 1550 1553 1656 1657 1670 1697 1707 1716 1746 1750 1817 1838 1847 1872 1873 1882 1912 1917 1977 1991 2016 2021 2033
1240,CCOc1ccccc1-n1nc2nc1C=C(N=NN1CCC(=O)N(CCSCC)C1=O)S2,28 52 80 84 92 116 117 165 237 294 314 324 341 350 378 425 479 553 562 567 588 642 650 651 653 675 695 714 725 752 764 798 818 839 843 848 850 864 878 879 903 926 931 935 940 953 992 1000 1057 1064 1088 1095 1134 1145 1152 1157 1182 1199 1238 1240 1295 1300 1330 1371 1392 1410 1436 1452 1480 1504 1540 1601 1658 1679 1707 1709 1724 1738 1750 1756 1777 1839 1852 1855 1861 1873 1881 1904 1956 1970 2042 2044
1241,O=C(c1ccccc1)N1CCOc2ccc(NS(=O)(=O)C(=O)Nc3cc(F)cc(Cl)c3)cc21,30 47 71 73 84 124 141 186 191 216 239 240 288 309 343 350 389 394 416 422 441 461 468 554 561 608 619 650 656 694 699 720 733 744 767 790 806 807 816 828 843 849 875 876 912 926 935 950 1012 1034 1035 1080 1088 1096 1128 1147 1151 1152 1199 1201 1205 1220 1242 1270 1295 1300 1362 1371 1374 1380 1385 1387 1391 1429 1445 1456 1473 1476 1480 1504 1511 1529 1539 1563 1647 1666 1670 1683 1693 1700 1713 1714 1747 1750 1816 1857 1861 1873 1875 1876 1895 1905 1914 1917 1921 1928 1932 1937 1985 2004 2008
1242,COC(=O)C1CCN(c2ccc(C(F)(F)F)cc2)C(=O)N1,21 42 63 178 179 200 202 233 250 301 314 345 362 383 395 442 455 513 534 536 557 602 603 605 618 637 638 650 695 745 800 807 809 810 841 890 912 926 935 994 1000 1019 1026 1057 1092 1114 1118 1127 1152 1170 1196 1246 1247 1260 1263 1325 1380 1417 1453 1457 1461 1480 1589 1612 1645 1665 1690 1721 1750 1752 1764 1774 1808 1818 1825 1845 1867 1873 1897 1910 1917 1928 1964 1970 1995 2034 2043
1243,O=C(NCCNc1cscc1C(F)(F)c1ccc(O)cc1)Nc1ccccc1,80 114 134 191 197 295 312 332 362 378 389 395 413 419 425 444 496 509 511 537 545 552 556 557 558 605 638 650 667 675 703 716 745 771 772 807 819 870 899 929 1003 1077 1088 1105 1108 1152 1156 1160 1189 1199 1224 1256 1299 1313 1357 1362 1380 1387 1416 1417 1418 1449 1450 1453 1462 1470 1478 1511 1517 1602 1665 1686 1698 1750 1769 1778 1816 1818 1871 1873 1874 1877 1917 1928 1961 1976 1989 1990
1244,CCCCCCCCCNC(=O)C1=C=NC=NC1=Nc1cc(OC)cc2ccc(OC)cc12,8 18 24 29 60 80 108 122 185 186 197 198 203 219 253 280 287 289 294 322 336 377 378 388 391 419 438 471 486 499 531 552 574 576 586 591 592 629 641 650 667 672 695 718 725 731 738 751 781 794 807 817 829 836 841 875 899 972 1035 1057 1132 1143 1152 1218 1232 1357 1362 1380 1418 1444 1451 1457 1481 1536 1616 1619 1633 1656 1682 1750 1793 1855 1876 1879 1911 1917 1924 1972 2015
1245,CCCN(CCC)C(=O)c1nnn2c3ccccc3n(CCc3ccccc3)c12,3 45 68 80 122 134 142 207 284 294 305 324 339 354 376 378 389 412 438 490 511 650 654 794 797 802 807 836 860 881 898 913 918 919 935 978 1045 1057 1066 1068 1079 1088 1106 1114 1145 1164 1192 1199 1221 1243 1250 1282 1285 1324 1325 1341 1361 1378 1380 1427 1456 1476 1571 1602 1698 1724 1750 1754 1761 1767 1783 1798 1819 1842 1846 1860 1873 1915 1917 1951 2028
1246,COc1cccc(-c2cccc(-c3ccc(C=C(N=[N+]=[N-])C(=O)NC(C(=O)O)C(O)C(C)(C)C)cc3)c2)c1,1 25 68 104 114 117 156 172 209 227 283 289 322 355 356 376 389 392 416 444 487 562 583 650 694 695 703 730 736 740 755 773 781 785 789 807 825 830 841 853 875 880 896 923 978 989 993 1001 1024 1039 1053 1057 1069 1071 1088 1101 1110 1118 1152 1160 1210 1237 1253 1274 1280 1289 1304 1340 1343 1380 1432 1442 1449 1536 1543 1546 1598 1615 1746 1750 1773 1777 1800 1838 1844 1873 1917 1964 1972 1988 2027 2033
1247,CCC1C(=O)N(C)CCN1C(=NC#N)c1cccc(C(F)(F)F)c1,5 35 75 80 114 160 179 211 242 270 294 314 317 319 357 444 448 453 454 519 560 649 650 671 674 689 725 735 785 790 807 809 824 850 875 908 925 926 935 948 962 991 1007 1019 1039 1057 1068 1088 1118 1145 1148 1162 1190 1233 1260 1265 1289 1290 1317 1380 1385 1411 1417 1453 1454 1456 1480 1497 1522 1609 1675 1693 1734 1743 1755 1766 1817 1836 1860 1868 1870 1873 1901 1910 1928 1952 1985 1994 2017 2044 2046
1248,C1=C2C(=N1)N(CCCCNc1ccccc1)CCCc1ccccc12,10 62 78 80 95 140 158 191 197 202 234 245 261 288 303 308 325 352 378 389 422 481 513 529 549 556 592 657 667 703 738 782 847 869 893 909 920 926 935 951 984 996 1006 1028 1038 1088 1089 1123 1138 1145 1152 1167 1175 1199 1236 1260 1314 1380 1416 1431 1462 1476 1480 1532 1594 1708 1738 1750 1773 1798 1848 1873 1898 1911 1919 1928 1953 1972
1249,O=S(=O)(c1ccccc1Cl)N1CCCCCCCC1,2 87 149 202 296 314 350 366 392 394 418 463 509 513 539 546 557 561 585 608 632 650 695 790 800 926 935 974 979 992 1028 1058 1075 1088 1091 1196 1199 1286 1300 1380 1413 1420 1476 1480 1497 1565 1662 1683 1712 1750 1779 1781 1860 1873 1878 1902 1933 1960 1985 2017 2041
1250,CC(=O)OCc1ccc(C)s1,64 80 126 137 147 162 209 258 271 335 380 386 411 414 504 516 564 650 656 667 668 675 695 721 726 745 807 808 846 853 995 1009 1017 1025 1035 1057 1073 1078 1108 1164 1174 1185 1237 1246 1247 1308 1317 1343 1355 1371 1380 1405 1465 1510 1645 1722 1733 1750 1799 1806 1843 1873 1917 1958
1251,CCc1cc(Cl)cc(-c2ncnc(CC)n2)c1,29 57 80 91 123 145 165 178 216 217 253 268 270 294 297 308 423 429 457 486 489 491 519 521 550 561 570 628 655 660 725 759 766 789 875 883 885 891 948 960 1057 1124 1159 1160 1171 1186 1208 1380 1385 1443 1452 1538 1597 1642 1647 1683 1725 1738 1747 1754 1760 1778 1799 1810 1855 1873 1897
1252,N#CCC1CCCCN1C(=O)OC(F)(F)F,9 80 86 104 114 121 151 181 193 231 242 243 255 270 285 299 360 393 423 469 518 557 594 617 627 650 674 695 790 807 821 890 909 935 936 969 977 979 1019 1028 1064 1065 1089 1232 1259 1260 1325 1339 1367 1384 1390 1409 1439 1441 1453 1457 1480 1500 1510 1517 1531 1549 1551 1552 1617 1646 1709 1772 1800 1813 1888 1901 1917 1928 1955 1998
1253,CC(C)(C)CC(=O)CCCn1c(=O)n2c(=O)nc1c1ccccc12,25 45 50 80 114 181 229 248 314 315 318 334 360 378 392 399 415 445 465 467 496 548 605 650 674 710 771 793 802 807 878 893 935 945 997 1025 1027 1051 1056 1057 1059 1061 1088 1097 1114 1123 1145 1151 1159 1179 1194 1199 1206 1227 1235 1236 1270 1285 1343 1348 1357 1369 1380 1422 1432 1438 1516 1520 1527 1554 1563 1564 1573 1592 1619 1620 1682 1696 1709 1750 1782 1853 1855 1873 1887 1911 1917 2003 2022 2045
1254,CCCCCCN(C(C)=O)[Si](=O)N(C(=O)NCCCC)C(C)C,1 24 61 80 100 155 193 197 229 259 283 294 301 380 404 424 491 528 562 635 641 650 667 685 690 709 785 794 807 817 823 881 886 895 998 1057 1098 1143 1266 1282 1297 1330 1392 1403 1407 1420 1444 1473 1476 1529 1539 1588 1605 1616 1669 1730 1785 1852 1876 1883 1911 1917 1951 2006
1255,O=S(=O)(NCc1ccncc1)c1ccc(Cl)cc1,26 29 80 191 208 216 255 262 299 317 319 334 350 378 383 397 493 502 561 577 598 638 644 650 664 715 777 816 865 871 883 907 976 1031 1070 1080 1116 1124 1152 1169 1208 1217 1232 1330 1380 1430 1448 1461 1476 1525 1537 1545 1553 1572 1599 1603 1606 1626 1627 1669 1681 1683 1698 1750 1754 1812 1865 1866 1873 1933 1957 2035
1256,CCCCCn1c2nc(c1-c1ncc(C(=O)NC(=O)c3ccccc3)s1)SCC2,2 38 41 49 80 81 90 157 161 162 184 256 275 289 293 294 319 325 328 334 378 389 419 421 438 453 486 530 542 591 650 675 702 708 789 794 798 800 802 807 818 856 872 893 926 930 935 1009 1038 1057 1087 1088 1098 1119 1145 1152 1170 1171 1199 1293 1380 1385 1413 1440 1444 1452 1463 1470 1506 1520 1535 1572 1603 1620 1645 1660 1665 1738 1740 1747 1750 1814 1821 1822 1855 1873 1911 1917 1934 1974 1985 2013
1257,CCN1C(=O)C2=CC(F)(F)C3(CCCCC3)CCN(C2=O)C1=O,2 34 64 80 88 92 93 114 147 179 197 218 251 263 294 310 314 372 398 402 433 528 588 606 650 655 681 699 702 735 748 879 883 904 926 935 976 1011 1016 1028 1057 1060 1063 1087 1091 1162 1167 1264 1279 1334 1336 1357 1360 1380 1395 1447 1457 1480 1487 1519 1574 1606 1608 1615 1620 1621 1638 1666 1691 1789 1863 1873 1877 1905 1928 1931 2016 2018
1258,Cn1cnnc1N1CCCC(CCN2CCCC2)C1,20 29 47 61 80 161 165 184 191 269 281 294 378 407 411 428 446 484 508 533 541 546 557 566 587 612 652 660 680 739 791 832 888 903 926 932 935 987 999 1028 1057 1079 1107 1129 1140 1143 1145 1155 1164 1205 1300 1325 1326 1365 1377 1380 1409 1462 1477 1480 1482 1505 1511 1515 1527 1634 1635 1638 1655 1735 1791 1797 1873 1968 1998
1259,COc1cccc(Oc2ccccc2CC(Cc2ccc(F)cc2)Nc2nccc3ccccc23)c1,1 8 42 79 80 90 104 109 157 177 210 224 225 236 240 245 322 378 418 482 484 517 551 562 577 582 626 645 690 695 699 708 781 787 841 857 875 911 944 953 993 1003 1031 1039 1057 1087 1088 1104 1139 1152 1188 1199 1217 1237 1267 1327 1349 1357 1370 1380 1410 1452 1479 1507 1518 1536 1537 1539 1571 1573 1597 1615 1617 1644 1670 1677 1691 1721 1724 1736 1750 1754 1796 1807 1822 1855 1866 1873 1885 1928 1970 1972 1983
1260,O=C(O)C1=CC=C(O)C1=NNC(=O)c1ccccc1,9 36 41 45 106 158 174 176 240 244 246 262 318 337 350 369 387 389 414 415 456 486 527 548 576 650 662 725 731 735 751 788 798 807 837 859 880 900 914 985 1027 1067 1088 1152 1199 1246 1249 1261 1301 1302 1380 1385 1410 1567 1602 1634 1665 1750 1836 1887 1905 1917 1923 1960 1971 1983 1985 2002 2031 2035
1261,CCC(C)CN(c1nc2ccccc2s1)S(=O)(=O)c1ccc(OC)cc1OC,1 6 80 119 162 194 211 235 249 283 289 294 322 327 350 376 378 379 392 404 430 461 506 535 557 599 635 640 642 650 655 675 695 718 730 759 781 799 801 815 841 875 881 885 929 964 980 991 1057 1097 1110 1174 1199 1270 1310 1321 1327 1369 1376 1380 1476 1536 1544 1660 1661 1684 1700 1750 1851 1852 1855 1860 1873 1893 1970 1972 2002
1262,COCCCCOC(=O)c1cc(-c2cc3sccc3cc2OC)cc2ccc(C(F)(F)F)cc12,13 14 80 91 102 107 114 142 145 147 157 203 204 215 249 257 346 352 365 387 404 419 486 495 540 545 554 647 650 662 675 695 807 809 825 836 841 843 849 876 885 913 921 958 994 1005 1038 1057 1141 1142 1160 1162 1230 1249 1259 1260 1313 1324 1357 1380 1397 1403 1417 1453 1511 1522 1529 1536 1563 1567 1592 1664 1665 1673 1723 1728 1734 1750 1763 1782 1795 1852 1855 1862 1873 1911 1912 1917 1928 1932 1970 1973 1984 1991 2011
1263,Cc1cccc(C(=Nc2ccccc2)C(=O)N2CCCC2)c1,101 134 140 161 167 211 221 239 365 369 389 513 547 553 596 650 653 675 718 725 793 807 837 875 890 904 926 935 956 983 1013 1028 1039 1055 1057 1086 1088 1110 1122 1142 1195 1199 1316 1359 1380 1382 1385 1480 1572 1581 1613 1722 1750 1767 1768 1792 1794 1808 1815 1823 1854 1873 1875 1917 1935 1985 1998 2009 2025 2041 2044
1264,CC(=O)Nc1ccc2c(c1)Sc1nc-2cn1CCCc1cc(Cl)c([N+](=O)[O-])cc1C,62 80 118 132 159 181 184 191 221 232 245 308 315 317 352 354 360 366 378 380 416 425 430 431 464 511 546 561 564 590 599 619 634 650 675 680 687 715 716 753 799 807 838 843 849 875 899 915 928 935 949 960 976 980 1005 1016 1017 1032 1057 1071 1116 1145 1152 1158 1195 1208 1239 1243 1284 1312 1333 1340 1349 1379 1380 1391 1418 1455 1490 1527 1550 1559 1582 1649 1683 1689 1722 1741 1750 1783 1800 1816 1834 1846 1855 1859 1866 1873 1881 1886 1904 1909 1911 1917 1929 1963 1999 2016 2044
1265,CCN(C(=O)N1CCCCC1)C(=O)N(C(=O)N(C)C)C(C)(C)C,2 5 37 80 114 155 157 190 197 205 224 245 274 280 283 294 303 307 333 369 392 426 496 510 518 554 647 650 757 760 799 807 811 875 881 915 917 926 932 935 983 984 1028 1033 1057 1060 1072 1161 1163 1207 1217 1223 1258 1275 1309 1364 1404 1437 1480 1487 1522 1549 1569 1601 1629 1648 1650 1653 1669 1682 1692 1779 1786 1917 1937 1998 2009 2022 2026
1266,CCCC[N+](=O)c1cc(C(=O)N2CCCCC2)ccc1C(C)(C)C,56 74 80 114 135 168 212 231 294 311 369 382 392 396 419 465 472 497 542 579 591 618 623 624 650 660 701 712 716 718 753 771 794 801 807 813 875 926 935 942 981 1028 1031 1057 1088 1099 1153 1253 1273 1313 1317 1339 1355 1380 1385 1405 1415 1457 1480 1504 1551 1559 1573 1615 1622 1628 1629 1631 1697 1742 1750 1784 1785 1827 1873 1911 1917 1950 1963 1998 2009
1267,COc1ccccc1C=C(COC(=O)C(C)OC(C)=O)OC1CCCC1,1 3 50 69 80 119 125 131 147 176 203 217 249 283 348 441 501 533 558 615 650 654 694 695 697 731 775 807 827 841 861 869 883 890 909 920 926 938 961 993 994 1017 1019 1020 1028 1035 1057 1088 1089 1125 1126 1147 1155 1168 1199 1205 1228 1249 1256 1269 1279 1300 1313 1325 1352 1377 1380 1394 1402 1404 1410 1536 1543 1573 1589 1606 1643 1658 1746 1750 1846 1873 1917 1970 2004 2014
1268,CCC1CC(S(C)(=O)=O)CCN1C(=O)c1cc(C(F)(F)F)ccn1,8 11 38 56 80 114 116 129 132 223 235 242 258 271 294 306 350 375 378 403 475 484 505 529 552 650 692 712 713 740 745 807 809 855 875 911 926 935 942 968 1014 1019 1057 1155 1157 1204 1221 1224 1260 1288 1289 1292 1311 1325 1380 1383 1417 1424 1426 1433 1452 1453 1454 1456 1473 1476 1480 1504 1521 1522 1552 1611 1613 1659 1662 1664 1713 1750 1792 1806 1866 1873 1887 1917 1928 1952 1981 2024 2045
1269,O=C1N2CCCN1CCN(C(=O)n1nc3cccc-3n3ccnc13)CC2,92 105 273 290 293 299 314 375 378 387 389 407 503 516 520 650 673 680 733 756 757 767 795 805 807 829 839 842 866 878 886 893 910 926 935 973 980 990 1015 1028 1039 1062 1083 1088 1101 1127 1172 1173 1208 1256 1304 1380 1423 1452 1480 1508 1589 1609 1641 1650 1651 1692 1714 1715 1750 1773 1783 1786 1799 1801 1802 1850 1851 1858 1866 1873 1940 1952 1956 1969 1981 1986 2009 2023 2025 2034 2038
1270,Cn1c(=O)n(CCn2c(=O)[nH]c3ccccc32)c2ccccc21,45 68 79 80 91 108 119 149 161 164 286 297 314 415 456 461 549 564 609 641 650 677 758 771 802 828 851 888 935 940 972 987 990 994 1033 1051 1057 1066 1079 1088 1114 1145 1182 1199 1214 1285 1327 1370 1379 1380 1382 1385 1482 1497 1558 1582 1583 1587 1599 1609 1659 1677 1712 1727 1729 1744 1745 1750 1783 1811 1861 1873 1884 1891 1933 1950 1995 2015
1271,CC12CC(CCO1)N1C3=NC4=CC=C(S3)c3oc4cc3N(CCC1(C)C)C2,36 62 82 121 171 182 190 191 218 237 241 243 338 378 385 407 432 448 450 459 546 602 614 631 656 659 675 679 708 742 814 828 831 875 890 897 914 926 927 935 950 957 1017 1019 1053 1057 1059 1060 1061 1074 1083 1131 1142 1162 1175 1202 1234 1258 1274 1295 1325 1380 1419 1440 1445 1480 1535 1536 1568 1594 1604 1648 1651 1664 1706 1767 1805 1816 1873 1889 1910 1946 1985 2028 2044
1272,Cc1ccc(NCc2cncnc2N)c(C#Cc2cc3ccc2NS3(=O)=O)c1,74 77 80 91 103 124 170 175 207 235 255 302 358 364 378 430 451 469 489 506 575 618 650 666 674 730 750 772 789 840 855 857 865 875 944 963 970 977 1013 1057 1061 1065 1114 1134 1137 1152 1171 1195 1224 1236 1241 1263 1285 1296 1349 1355 1380 1413 1416 1423 1448 1452 1457 1480 1481 1513 1535 1570 1572 1586 1603 1604 1614 1617 1621 1631 1658 1694 1705 1722 1750 1782 1786 1823 1856 1862 1873 1885 1901 1908 1940 1960 1982 2029 2047
1273,COc1c2c3nnc1c(OC)c1cc(Cl)cc(c1c1n[nH]cc1n3)CN1CCCCN(CC1)C2=O,5 69 90 100 108 109 216 230 279 314 333 355 378 407 470 474 508 521 535 560 561 570 600 623 631 638 650 653 680 688 695 734 763 769 781 783 841 872 875 879 926 935 937 955 973 979 999 1006 1013 1024 1028 1051 1057 1058 1092 1097 1114 1135 1164 1173 1201 1211 1236 1304 1310 1357 1380 1407 1408 1444 1480 1508 1519 1526 1536 1573 1599 1633 1666 1683 1719 1724 1747 1752 1757 1802 1808 1855 1865 1873 1879 1895 1897 1946 1981 1984 1998 2004 2012
1274,Cc1cc2ncc1c(=O)n2CCN1CCCN(CCCOc2ccccc2)C1=O,13 80 92 102 198 205 260 274 303 314 322 371 378 389 502 504 508 515 546 562 650 695 702 708 755 802 819 875 897 923 926 935 951 1028 1034 1057 1063 1083 1088 1089 1123 1145 1183 1199 1269 1274 1357 1380 1391 1452 1464 1480 1506 1526 1535 1539 1548 1558 1574 1599 1614 1677 1696 1712 1722 1746 1750 1759 1766 1803 1873 1893 1907 1911 1924 1927 1992 2008
1275,C#COCCC1(C)CCC2CCC1C2COc1ccc2c(c1)sc1ccccc12,13 25 80 152 162 176 217 260 274 322 326 364 458 461 493 519 528 562 565 585 674 675 695 703 706 718 749 778 795 800 825 834 875 885 900 905 915 924 926 937 945 962 971 974 1019 1057 1058 1060 1088 1101 1115 1121 1136 1162 1199 1200 1220 1239 1265 1274 1286 1321 1325 1357 1380 1415 1418 1428 1445 1446 1452 1501 1513 1573 1597 1654 1672 1725 1733 1744 1750 1869 1873 1890 1945 1951 1969 2035 2039 2047
1276,CCCNc1ncc(N)nc1-c1ccc(NC(=O)N2CCCCC2)c2ccccc12,1 2 10 20 62 68 80 98 134 182 195 197 218 251 294 300 323 352 368 369 377 378 379 392 432 435 440 526 552 637 640 641 647 650 667 680 708 733 768 794 803 807 814 854 905 926 935 1028 1057 1088 1113 1125 1152 1171 1174 1184 1199 1224 1278 1290 1307 1357 1380 1381 1387 1416 1439 1443 1452 1457 1468 1474 1480 1535 1539 1573 1589 1629 1631 1650 1678 1729 1750 1784 1816 1850 1855 1856 1873 1880 1907 1917 1935 1990 1998 2003 2009
1277,COc1c(Cl)nc2c(c1C(=O)N1CCCC1)CCCC2,27 117 207 276 310 333 339 360 369 378 403 420 468 561 586 589 601 649 650 807 830 833 841 924 926 935 942 946 971 978 1013 1028 1051 1057 1103 1132 1133 1142 1151 1163 1205 1225 1304 1311 1380 1391 1420 1480 1483 1497 1504 1511 1536 1599 1661 1683 1738 1855 1917 1923 1944 1948 1973 1998 2009
1278,CC1=CC(c2ccnnc2O)=C1,0 82 84 106 192 219 225 242 276 278 281 296 321 341 352 378 401 439 594 630 685 744 760 807 814 907 927 938 940 944 1057 1073 1115 1137 1141 1164 1169 1191 1220 1261 1310 1313 1320 1325 1380 1416 1428 1496 1602 1722 1749 1750 1768 1781 1799 1815 1866 1873 1879 1910 1925 1929 1935 1950
1279,Nc1nnc(-c2ccccc2N)[nH]1,51 352 361 371 378 380 387 494 500 584 586 608 694 697 704 790 867 875 910 927 938 943 958 981 984 1003 1008 1026 1088 1114 1164 1171 1192 1199 1273 1279 1351 1380 1426 1433 1457 1467 1551 1563 1609 1684 1745 1750 1776 1791 1873 1881 1997 2044
1280,COc1ccc(OC(C)(C)C)cc1C(=O)N1CCCC1,60 70 94 114 130 131 222 235 249 298 317 322 326 329 362 369 392 425 480 495 548 617 650 688 695 718 737 739 769 807 809 841 845 850 868 875 926 935 942 1028 1057 1143 1195 1268 1283 1312 1380 1455 1456 1459 1480 1504 1536 1550 1593 1687 1734 1750 1850 1859 1873 1886 1905 1922 1966 1970 1989 1991 1995 1998 2009
1281,O=c1n(CCCCOc2ccccc2Cl)c(=O)n2ccn12,13 19 57 62 69 80 87 96 105 126 145 182 206 249 302 314 366 410 418 422 485 525 561 602 650 651 695 771 780 802 875 890 893 911 912 935 974 991 1004 1015 1027 1056 1088 1101 1121 1137 1145 1177 1199 1227 1242 1243 1249 1251 1341 1380 1403 1410 1429 1446 1452 1518 1524 1620 1631 1636 1646 1653 1667 1670 1683 1689 1692 1750 1799 1873 1911 1917 1949 1970 1971 1987 2003 2046
1282,N=C(N)N=C(N)NC(=O)c1ccccc1O,49 78 132 140 185 201 249 252 297 337 446 465 486 566 615 623 630 650 689 702 705 725 739 740 753 807 809 814 865 881 938 941 958 967 989 991 1080 1088 1093 1104 1119 1152 1171 1211 1244 1249 1350 1380 1400 1414 1447 1519 1544 1602 1607 1625 1627 1658 1659 1750 1771 1821 1831 1851 1857 1873 1917 1957 1980 1989 1991
1283,CC(C)(C)OCC1OC1COc1ccc(C#N)cc1,34 80 102 114 115 233 285 305 310 322 362 387 392 413 431 448 487 508 522 544 610 656 674 695 718 724 730 749 790 791 802 846 848 855 956 979 997 1019 1057 1118 1136 1238 1308 1357 1380 1390 1445 1452 1476 1498 1512 1561 1656 1681 1716 1739 1741 1750 1780 1804 1848 1859 1882 1897 1906 1921 1922 1954 2015
1284,CCOC(C)(C)c1nc2n3c(n(C)cc(Br)ccc13)=N2,23 26 31 45 80 114 117 128 165 241 284 294 378 392 448 449 451 464 467 489 493 510 548 560 605 661 678 695 720 728 744 758 780 791 853 882 889 909 921 927 928 935 957 964 996 1014 1023 1040 1047 1055 1057 1083 1108 1128 1137 1145 1156 1157 1158 1159 1168 1196 1218 1238 1279 1380 1384 1409 1443 1460 1465 1470 1524 1535 1631 1690 1750 1807 1814 1822 1846 1849 1855 1867 1873 1897 1916 1955 2021
1285,O=C(Nc1cccc(F)c1)C1(c2nc3ncc(F)cc3o2)CCOC1,10 29 41 63 96 184 191 222 230 263 292 310 359 378 391 409 474 512 523 545 547 553 598 600 615 650 654 656 667 688 691 703 717 794 807 833 871 874 875 920 926 950 965 1006 1009 1039 1060 1088 1095 1112 1126 1151 1152 1162 1179 1209 1215 1224 1333 1380 1410 1452 1487 1542 1604 1629 1635 1641 1662 1670 1681 1712 1747 1750 1767 1808 1816 1824 1848 1855 1873 1910 1917 1928 1934 1954 1962 1993 2021
1286,O=C(O)c1cn(-c2ccc(Cl)nc2NCCC(CN2CCCC2)c2ccccc2)c2cc(C(F)(F)F)ccc12,1 11 45 80 86 114 122 166 298 317 340 359 374 378 389 430 456 464 478 561 564 590 599 621 622 650 667 671 682 708 718 733 739 745 790 807 809 831 851 875 926 935 958 994 1006 1028 1047 1051 1088 1120 1122 1128 1152 1157 1190 1199 1226 1233 1246 1260 1268 1295 1326 1327 1357 1365 1380 1416 1417 1422 1432 1435 1439 1453 1461 1480 1489 1498 1512 1522 1553 1581 1604 1614 1654 1683 1724 1733 1750 1758 1791 1855 1873 1875 1886 1915 1917 1922 1923 1928 1986 1991 1994 1998 2023
1287,COc1ccc(CN(CCCNC(=O)c2ccccc2)C(C)=O)cc1,8 9 15 56 80 172 181 187 197 219 252 262 265 274 310 316 322 336 348 389 439 443 473 486 507 555 587 628 650 656 667 689 695 718 781 802 807 828 831 841 881 945 977 978 1017 1057 1088 1103 1147 1152 1190 1199 1266 1272 1348 1349 1371 1380 1385 1395 1414 1445 1510 1536 1575 1588 1638 1646 1665 1746 1750 1754 1798 1807 1873 1876 1890 1892 1911 1917 1951 1966 1985 2012 2035
1288,Cc1cccc(-c2nc3nc(NC(=O)c4cccnn4)c2s3)c1,85 94 123 131 143 162 175 220 236 281 301 323 353 371 378 410 439 457 471 486 532 551 595 650 659 675 684 708 723 736 738 783 807 810 819 823 855 872 875 900 932 944 952 966 1013 1039 1043 1055 1056 1057 1068 1084 1088 1143 1152 1160 1164 1186 1202 1271 1301 1322 1367 1375 1380 1390 1439 1494 1508 1647 1683 1689 1715 1722 1729 1733 1750 1785 1816 1822 1823 1855 1866 1873 1917 2023
1289,CCCN(CCCOc1cc2cc3[nH]c2cc13)CCOC(C)=O,13 26 28 37 80 119 144 147 188 241 245 251 294 304 312 357 359 384 431 443 528 560 569 617 650 674 695 719 769 794 807 824 844 846 875 881 890 891 949 1017 1035 1057 1060 1114 1137 1142 1147 1160 1172 1173 1196 1210 1218 1270 1327 1333 1357 1361 1362 1380 1394 1443 1452 1454 1504 1518 1581 1583 1602 1605 1618 1626 1646 1649 1668 1701 1724 1745 1761 1773 1855 1857 1873 1911 1917 1951 1970 2020 2026
1290,CCOc1cccc(S(=O)(=O)N2CCCCCN(c3cc4ccc3c(=O)n4C)CC2)c1,2 29 62 69 80 119 141 154 203 231 237 260 268 294 314 319 322 323 335 350 366 395 403 407 467 504 539 543 545 562 564 575 585 610 647 650 680 695 699 707 757 800 875 882 926 935 1014 1039 1057 1077 1080 1088 1090 1113 1142 1145 1158 1238 1273 1279 1295 1303 1325 1380 1417 1431 1438 1452 1465 1469 1476 1480 1501 1508 1521 1551 1632 1729 1733 1750 1871 1873 1899 1961 1998
1291,Cc1ccc(F)c(NC(=O)N2CCn3c(=O)n(c4cnccc43)CC2)c1,45 80 82 86 207 213 216 218 220 235 286 314 368 378 445 534 581 605 612 650 699 725 740 771 807 810 869 875 926 933 935 951 1013 1014 1057 1067 1152 1208 1211 1224 1320 1339 1349 1353 1360 1362 1374 1380 1381 1385 1402 1444 1462 1468 1480 1494 1496 1526 1535 1586 1589 1595 1603 1619 1634 1668 1674 1687 1722 1750 1788 1816 1840 1866 1873 1917 1928 1939 1973 1997 2009
1292,O=C(NCCCC(=O)N1CCCC1)OS(=O)(=O)c1ccccc1,30 73 80 86 99 109 125 140 173 186 197 210 258 301 350 365 369 378 389 526 568 575 648 650 659 667 695 698 722 730 746 760 770 807 823 925 926 935 946 996 1009 1028 1088 1104 1152 1153 1173 1179 1199 1214 1241 1257 1280 1281 1319 1380 1424 1436 1445 1476 1480 1506 1541 1564 1590 1650 1652 1720 1750 1758 1770 1860 1873 1876 1878 1911 1917 1998 2009
1293,O=C(c1cccc(Cl)c1)N1C(=O)N(C2CCCC2)CC12CCSC2,43 71 142 145 165 181 216 255 257 285 299 302 313 314 356 387 398 412 420 427 428 431 445 494 517 518 555 561 564 590 592 602 610 618 642 650 675 684 697 719 789 807 834 869 875 890 926 935 970 998 1019 1025 1028 1038 1039 1060 1063 1073 1088 1108 1162 1172 1192 1207 1212 1232 1259 1325 1338 1353 1372 1380 1383 1385 1442 1455 1459 1504 1530 1590 1594 1642 1671 1683 1696 1750 1755 1757 1784 1831 1858 1873 1894 1899 1907 1910 1917 1973 1985 1993
1294,CCCCCC(=O)N(CC)S(=O)(=O)c1cccc(N(C=NC)c2nc3ccccc3s2)c1,1 51 80 119 132 136 149 162 188 204 207 221 250 287 288 289 293 294 319 350 355 362 377 378 379 461 462 488 557 575 590 591 619 630 650 675 694 725 761 785 794 807 815 854 864 875 881 885 897 932 943 950 964 977 980 983 1001 1014 1039 1057 1066 1088 1096 1097 1122 1165 1199 1202 1212 1238 1263 1267 1294 1380 1409 1444 1476 1484 1558 1564 1584 1621 1692 1694 1744 1750 1798 1855 1873 1877 1911 1917 1964 2017
1295,O=P(O)(OCC(F)F)C(F)(F)C(F)(F)C(F)(F)C(F)(F)C(F)(F)C(F)(F)Cl,1 8 16 27 43 80 101 114 118 140 184 192 213 237 313 361 478 486 499 572 616 650 695 765 783 803 807 865 921 922 943 945 972 978 993 1005 1041 1050 1151 1182 1185 1256 1316 1386 1394 1398 1451 1453 1479 1572 1683 1689 1710 1716 1731 1763 1780 1789 1804 1835 1838 1928 1953 1970 1999 2001 2009 2010
1296,CN1C(=O)N(c2ccccc2)CCn2c3ncc2c1cccs3,3 14 36 45 79 92 133 153 204 218 241 264 305 314 343 375 378 383 389 419 452 486 514 537 603 634 641 650 675 726 811 867 871 881 888 890 900 926 935 975 986 987 1020 1027 1049 1055 1057 1059 1072 1088 1133 1139 1145 1199 1203 1258 1265 1273 1295 1316 1329 1377 1380 1424 1437 1438 1452 1457 1480 1496 1500 1518 1535 1567 1582 1591 1638 1647 1649 1656 1674 1679 1701 1703 1750 1825 1845 1873 1917 2000 2017
1297,Cc1c2nc(n3c(C(=O)N4CCN(CCN5CCCCC5)CC4C)ccc13)O2,2 45 47 74 80 127 170 242 252 260 333 378 434 488 529 544 548 564 579 592 650 656 692 734 739 807 845 866 869 876 925 926 935 942 991 1003 1005 1019 1028 1057 1063 1080 1126 1145 1254 1301 1309 1310 1320 1378 1380 1419 1422 1441 1453 1462 1480 1482 1504 1511 1552 1587 1706 1722 1741 1750 1791 1810 1829 1842 1855 1873 1894 1895 1900 1917 1932 1963 1998 2021
1298,O=C(NC(=O)c1ccc(C(F)(F)F)cc1)C1=CC=C(Oc2cc(Br)ccc2O)C1=O,98 114 119 137 230 275 304 306 314 328 346 354 359 383 414 461 477 486 489 509 553 561 586 622 640 648 650 679 695 725 760 766 769 807 809 836 866 875 909 930 940 944 981 998 1100 1108 1119 1124 1152 1157 1168 1179 1210 1215 1229 1249 1260 1380 1385 1417 1453 1475 1476 1481 1567 1602 1607 1617 1631 1671 1693 1697 1700 1736 1740 1750 1873 1917 1928 1955 1970 2020 2044
1299,CC(=O)OC(=O)NCCOc1ccccc1[N+](=O)[O-],13 70 80 139 164 195 197 198 246 278 282 320 321 338 354 398 413 458 490 584 650 667 695 715 716 753 763 807 838 853 882 885 898 907 937 1017 1035 1040 1057 1088 1105 1110 1152 1166 1178 1195 1199 1234 1269 1280 1284 1339 1355 1364 1380 1410 1411 1452 1464 1465 1518 1556 1691 1750 1758 1782 1785 1790 1873 1917 1955 1963 1970 1984 2014 2018
1300,COc1ccc2c(c1)N(c1ccccc1C(C)=O)C(=O)C2=O,190 256 257 286 314 316 322 352 378 383 436 463 498 506 520 573 650 680 687 695 718 799 807 813 841 842 848 875 879 904 935 982 983 1052 1057 1088 1175 1199 1295 1345 1352 1379 1380 1393 1394 1401 1447 1476 1524 1536 1556 1615 1637 1647 1686 1750 1752 1757 1781 1820 1873 1899 1917 1972 1978 1991 2028
1301,COC(=O)c1cc(OC)ccc1S(=O)(=O)c1cc(C(=O)N2CCCC2)ccc1O,20 145 156 200 265 322 329 350 360 369 383 392 497 540 583 612 618 638 640 643 650 662 701 718 738 743 771 781 807 808 811 834 841 875 906 926 935 936 942 988 1001 1010 1028 1048 1057 1102 1118 1152 1214 1247 1262 1283 1300 1311 1368 1376 1380 1385 1475 1476 1480 1504 1536 1549 1571 1600 1602 1607 1616 1686 1697 1750 1766 1780 1854 1873 1893 1895 1917 1949 1972 1985 1991 1994 1998 2004 2009
1302,COc1cccc(S(=O)(=O)N2CCN(C(=O)c3ccccc3C=CC(=O)NC(C)C)CC2)c1,1 31 93 112 117 235 258 268 283 296 319 322 327 350 362 366 383 397 405 435 441 472 562 575 576 585 589 638 650 665 681 694 695 707 724 755 757 760 781 800 807 835 841 861 875 890 926 935 942 961 972 1028 1039 1057 1088 1098 1152 1166 1181 1199 1239 1313 1378 1380 1404 1418 1430 1447 1476 1480 1482 1504 1516 1536 1545 1556 1589 1635 1729 1750 1765 1804 1873 1901 1917 1958 1972 1974 1991 2009
1303,CC(C)(C)C1CCCC2(CCCC(C(=O)O)(C(=O)Oc3cc(Cl)ccc3F)O2)C1,6 17 39 52 58 86 114 149 165 176 184 191 193 216 255 294 302 389 392 415 418 420 423 474 541 549 561 563 611 612 650 656 679 695 699 719 785 799 807 816 824 825 833 867 875 878 925 926 1028 1033 1054 1057 1060 1096 1113 1131 1162 1216 1229 1272 1275 1325 1380 1383 1434 1490 1502 1568 1586 1618 1643 1664 1683 1692 1729 1730 1750 1766 1767 1818 1840 1847 1873 1917 1928 1970 1984 2002 2025 2028
1304,COc1ccc(NC(=O)CCn2c(=O)n(CC3CCCS3)c(=O)c3ccccc32)cc1,41 45 56 80 85 154 161 191 204 207 249 304 314 322 360 373 432 466 504 535 545 642 650 674 675 694 695 718 771 774 781 789 791 802 807 825 828 831 841 843 880 901 903 904 908 926 935 998 1019 1028 1057 1072 1077 1088 1098 1138 1145 1150 1152 1188 1196 1199 1207 1237 1239 1285 1290 1321 1323 1325 1328 1348 1357 1380 1382 1386 1397 1476 1513 1526 1536 1540 1564 1573 1574 1592 1597 1675 1696 1750 1775 1797 1814 1816 1825 1858 1873 1917 1929 1978 2016
1305,CNC(=Cc1ccc(OC)cc1)Sc1ccccc1,25 27 45 84 116 158 214 247 322 345 376 387 389 395 458 462 499 529 545 575 593 686 692 694 695 707 718 781 807 809 811 831 835 841 974 999 1012 1057 1071 1088 1101 1152 1198 1199 1208 1315 1325 1380 1403 1414 1430 1536 1605 1705 1722 1726 1746 1750 1870 1873 1890 1959 1993 2033 2041
1306,COC(=O)c1cc(OC(C)(C)C)ccc1C(=O)OC1CCCOC1=O,2 12 19 33 37 96 110 114 145 164 184 213 218 256 268 288 314 320 322 329 362 392 397 423 437 441 488 542 548 602 619 650 653 656 691 695 718 769 785 807 823 841 875 906 936 941 950 972 1019 1028 1057 1063 1126 1135 1152 1194 1213 1283 1325 1367 1380 1432 1440 1453 1456 1464 1468 1512 1543 1635 1641 1687 1721 1745 1750 1754 1767 1804 1859 1873 1917 1943 1991 2003 2009
1307,CCC(=O)Nc1cccc2c1=CC=C(Br)C=CC=2,14 41 45 80 128 148 183 216 256 262 294 299 345 369 456 461 547 608 620 650 728 729 737 807 862 868 883 898 909 922 933 1039 1041 1049 1057 1074 1085 1088 1094 1097 1099 1141 1152 1224 1248 1249 1292 1311 1330 1338 1353 1380 1459 1497 1563 1567 1580 1584 1631 1640 1642 1656 1696 1699 1735 1750 1766 1796 1816 1853 1872 1873 1895 1917 1921 1931 1948
1308,Cc1nc2ccc1cc2NC(=O)CCCOC(=O)COc1cccc(F)c1,13 41 59 80 92 139 143 147 186 203 207 230 256 300 308 318 322 335 375 378 409 515 525 552 560 562 643 650 682 695 699 777 785 801 807 875 882 903 961 1034 1039 1057 1088 1097 1117 1152 1159 1167 1178 1224 1272 1277 1313 1362 1370 1380 1382 1390 1452 1482 1487 1501 1507 1564 1583 1601 1632 1670 1691 1718 1722 1734 1750 1816 1855 1873 1887 1908 1911 1914 1917 1928 1948 1962 1996 2004 2021 2026
1309,COc1ccc2c(OC(=O)N(CCCCC(C)C)CCCN(C)S(C)(=O)=O)c1C=CC2=O,1 7 18 80 81 94 97 185 213 244 249 274 276 283 314 333 350 352 356 370 371 405 406 423 459 547 636 646 650 654 680 695 702 708 739 747 781 807 841 851 881 926 934 963 974 976 978 989 994 1054 1056 1057 1089 1138 1154 1163 1244 1263 1272 1283 1294 1321 1334 1337 1352 1380 1387 1411 1473 1476 1526 1536 1550 1587 1669 1729 1747 1750 1757 1801 1811 1814 1831 1833 1847 1860 1867 1872 1873 1885 1911 1917 1951 1968 1969 1970 2033 2043
1310,CSc1nc(Sc2ccccc2)nc(=O)n1S(=O)(=O)c1ccccc1,27 33 96 116 122 158 161 178 206 243 263 275 314 319 350 374 378 389 394 445 489 491 505 506 552 566 575 650 682 707 729 747 761 800 808 811 869 893 926 932 935 1057 1086 1088 1123 1138 1171 1199 1226 1241 1245 1272 1281 1322 1328 1380 1384 1403 1435 1476 1480 1530 1535 1551 1560 1581 1626 1627 1698 1723 1741 1802 1873 1883 1887 1890 1893
1311,Cn1c2cc3ccc2c(C(=O)N2CCOCC2)c31,11 21 22 45 203 254 419 422 517 518 530 564 580 586 616 650 651 656 671 685 696 743 807 820 833 875 924 926 935 942 946 950 1000 1004 1057 1079 1096 1114 1143 1145 1182 1194 1337 1357 1380 1405 1440 1441 1480 1504 1524 1562 1603 1613 1663 1711 1733 1750 1754 1815 1855 1873 1893 1917 1931 1981 1983 2009 2033
1312,CC(=O)N(Cc1cccc(Cl)c1)c1ccccc1C(=O)C#N,10 14 29 41 47 80 105 146 161 165 216 250 260 325 423 455 507 530 561 565 592 626 650 673 674 681 725 767 783 789 790 791 803 807 857 866 875 881 886 961 1016 1017 1039 1047 1054 1057 1065 1066 1088 1115 1139 1150 1190 1199 1210 1298 1347 1362 1380 1384 1390 1425 1437 1447 1500 1588 1622 1637 1655 1671 1677 1683 1750 1754 1783 1839 1873 1917 1991 2018 2036 2038
1313,CCCCNC(=O)N(CC)CCN(C(N)=O)C(=O)OC,1 10 17 71 80 100 140 144 158 193 197 234 294 308 354 368 369 419 534 547 550 591 598 612 650 667 685 695 777 785 794 807 816 841 846 881 895 932 978 1008 1023 1052 1057 1068 1072 1082 1141 1152 1171 1177 1198 1263 1270 1529 1573 1578 1607 1614 1615 1617 1648 1759 1767 1768 1826 1876 1886 1905 1911 1917 1940 1951 2041
1314,Cc1nn2c(C)cccc2c1C(=O)N1CCN(CC(=O)N2CCC2)CC1(C)C,45 48 74 80 92 171 212 304 324 336 369 412 436 451 485 492 515 531 558 568 586 597 602 619 629 636 639 650 676 680 718 734 752 760 775 807 855 883 900 926 935 980 1009 1023 1028 1039 1046 1057 1058 1060 1075 1083 1088 1138 1211 1242 1271 1274 1285 1296 1301 1312 1313 1316 1338 1357 1380 1480 1484 1504 1514 1545 1663 1680 1712 1722 1730 1737 1739 1750 1777 1791 1822 1855 1873 1877 1878 1903 1917 1956 2009 2035
1315,Nc1nnc(N=CC2=Cc3cc4cc(ccc4Cl)c3=N2)s1,20 84 158 162 188 202 203 231 241 254 296 306 330 366 378 402 455 554 561 571 607 666 675 680 684 694 725 758 786 807 809 858 864 875 882 897 906 927 933 956 961 1009 1014 1062 1117 1123 1151 1164 1171 1234 1278 1294 1296 1341 1344 1354 1380 1394 1396 1398 1431 1448 1457 1512 1560 1568 1586 1655 1671 1672 1683 1687 1750 1780 1788 1802 1814 1816 1853 1855 1863 1873 1886 1959 1968 1992
1316,CCCCn1nc2nc3[nH]c(=O)c(=CC=C4CCCCO4)nc1n2c1ccccc31,2 45 63 76 80 105 110 130 150 158 197 201 217 225 240 242 289 294 310 314 341 378 385 411 420 428 441 466 479 548 556 591 609 612 649 650 656 694 750 764 794 810 814 823 843 881 890 926 935 950 1008 1026 1028 1030 1057 1075 1088 1092 1114 1123 1145 1152 1199 1236 1242 1249 1285 1324 1348 1357 1369 1380 1447 1500 1552 1562 1573 1581 1595 1682 1690 1717 1738 1745 1750 1757 1837 1844 1855 1860 1866 1873 1882 1887 1911 1956 1989 2016 2018 2026
1317,COCC(=O)COc1cc(F)cc(F)c1-c1cc(F)ccc1Cl,31 54 80 102 133 161 212 240 275 299 335 340 352 366 371 534 542 561 650 666 695 699 700 727 734 754 758 767 807 841 875 895 962 999 1005 1039 1057 1061 1064 1130 1147 1176 1187 1243 1314 1356 1380 1400 1410 1432 1437 1449 1452 1482 1487 1642 1670 1683 1747 1749 1750 1840 1873 1911 1917 1928 1949 1970 1983 2000 2004
1318,CC(=O)Nc1cc(-c2cc(OCc3ccc(F)cc3)ccc2Oc2ccc3ccccc3c2)[nH]n1,37 74 80 90 94 107 168 203 240 245 248 284 295 310 319 322 352 378 389 398 428 487 509 579 598 600 609 650 654 693 695 699 718 745 807 835 849 868 875 895 909 911 921 945 981 1013 1017 1021 1026 1057 1087 1088 1099 1114 1126 1152 1185 1199 1233 1281 1324 1370 1372 1380 1410 1418 1423 1428 1441 1452 1501 1552 1564 1574 1615 1617 1670 1726 1727 1750 1754 1782 1803 1816 1855 1873 1880 1899 1917 1928 1970 1975 1993 2004 2042
1319,CC(C#N)=Nc1c(CN2CCCCC2)nc2n1CCN2c1ncc(C)cc(Cl)ccc2nc3ccccc3c-2n1,1 2 34 80 118 157 158 165 204 216 220 239 267 278 283 289 323 374 378 389 494 500 561 598 628 643 648 652 653 674 725 732 736 784 790 793 802 803 807 811 816 828 861 875 900 909 926 935 977 980 1017 1022 1025 1028 1034 1041 1055 1057 1088 1097 1122 1141 1142 1199 1233 1235 1253 1256 1269 1280 1288 1293 1298 1349 1357 1365 1376 1380 1383 1384 1391 1416 1422 1452 1457 1460 1480 1496 1507 1518 1535 1540 1560 1573 1580 1613 1683 1687 1722 1730 1742 1750 1765 1770 1778 1791 1823 1840 1850 1855 1856 1873 1897 1996 1998 2001 2008 2009 2018
1320,COC(=O)CCCCCOC(=O)c1ccccc1C#N,13 14 29 51 80 104 122 145 146 147 195 331 361 387 401 421 475 529 547 558 561 577 650 674 692 695 763 790 832 841 882 896 920 951 1039 1051 1062 1088 1130 1136 1143 1152 1163 1176 1178 1199 1224 1249 1267 1346 1380 1384 1385 1386 1392 1399 1427 1428 1447 1461 1479 1545 1564 1592 1659 1673 1734 1750 1767 1816 1844 1862 1873 1874 1911 1917 1935 1939 1991
1321,Nc1cccc(OC(=CC=Cc2cccnc2)c2cccc([N+](=O)[O-])c2)c1,14 74 109 190 322 378 400 428 432 437 482 496 549 555 562 616 630 644 647 650 694 695 715 742 753 774 785 789 796 799 807 821 835 838 875 885 888 897 1001 1011 1027 1039 1043 1088 1101 1117 1120 1150 1167 1171 1189 1195 1243 1247 1262 1268 1274 1319 1353 1377 1380 1385 1415 1424 1457 1518 1535 1537 1557 1584 1586 1588 1590 1603 1609 1610 1695 1729 1750 1752 1760 1809 1832 1866 1873 1934 1940 1963 1985 2029 2033 2046
1322,Cc1ccc(=O)n2c1N(CS(=O)(=O)c1ccc([N+](=O)[O-])cc1)CC2,67 71 80 95 107 170 199 234 245 276 277 278 299 307 311 312 314 319 326 350 403 406 609 649 650 658 684 708 715 716 738 753 764 769 770 790 828 838 846 907 908 925 926 935 961 1044 1057 1072 1086 1089 1112 1141 1174 1195 1213 1245 1256 1274 1275 1289 1318 1380 1391 1392 1424 1465 1476 1480 1496 1610 1654 1658 1685 1687 1691 1722 1750 1756 1759 1771 1809 1814 1867 1873 1963 1977 2032 2038
1323,CN(CCCCC1=CNc2c(-c3ccccc3)c1n1ncsc21)CCNC(=O)c1ccccc1,8 43 67 74 80 97 141 197 249 265 289 297 358 360 376 378 386 389 412 461 486 561 582 604 624 647 650 667 675 677 680 699 736 762 781 799 807 832 850 853 878 881 885 886 900 935 994 995 1057 1079 1088 1114 1123 1152 1160 1163 1184 1187 1190 1199 1200 1205 1208 1236 1243 1277 1286 1289 1294 1379 1380 1385 1402 1417 1431 1461 1501 1530 1567 1577 1625 1660 1665 1669 1673 1677 1747 1750 1838 1873 1911 1917 1932 1948 1951 1960 1985 2026 2044
1324,CC(C)(C)COc1nc2nc(-c3ccc(F)cc3)nn2c2c1CCCO2,29 56 75 80 83 90 110 114 168 180 182 204 280 361 378 392 401 405 407 412 441 450 487 531 533 558 595 656 673 692 695 699 730 734 741 768 887 896 913 921 926 938 939 950 955 965 997 1028 1057 1097 1104 1123 1160 1172 1281 1312 1328 1380 1385 1391 1395 1410 1452 1527 1605 1643 1670 1698 1705 1738 1749 1750 1821 1855 1873 1876 1887 1928 1997 2001 2046
1325,CC(Cn1c(=O)c2nn3cc(nc3n2C)c(=O)n(C)c1=O)C(=O)Nc1ccccc1F,1 80 105 146 149 156 283 314 369 378 402 441 464 483 504 521 551 564 573 582 620 649 650 652 674 699 721 748 753 771 791 802 807 836 842 849 854 859 862 867 896 925 935 963 983 1027 1032 1057 1088 1097 1121 1143 1145 1152 1183 1199 1211 1214 1224 1258 1279 1282 1283 1312 1323 1330 1362 1366 1380 1399 1413 1516 1555 1639 1678 1688 1696 1738 1750 1760 1767 1816 1840 1849 1855 1861 1873 1906 1917 1922 1928 1944 1946 1956
1326,CCN(CC(=O)N(C)C)C(=NN=C1N=Cc2ccccc2Sc2ccccc21)Nc1ccccc1,10 28 80 191 249 281 291 294 307 337 352 366 378 389 397 429 504 533 538 552 604 629 650 675 690 703 725 738 795 807 852 859 881 921 932 938 939 940 949 978 984 1006 1008 1046 1057 1077 1088 1123 1141 1146 1152 1163 1183 1190 1199 1212 1238 1290 1380 1392 1440 1448 1562 1585 1616 1653 1741 1750 1768 1816 1843 1848 1873 1877 1894 1896 1917 1920 1925 1927 1934 1957 1976 1977 1995 2044
1327,O=C(NC(=O)Sc1cccc(Br)c1)NC(Cc1ccccc1)C(=O)O,1 27 79 80 116 117 166 225 294 335 389 458 485 529 558 650 728 736 746 763 766 787 795 803 807 811 851 857 875 909 923 937 959 963 969 1038 1039 1046 1066 1077 1078 1088 1119 1128 1136 1152 1153 1173 1199 1269 1380 1399 1411 1437 1467 1483 1486 1489 1549 1554 1624 1631 1650 1663 1750 1754 1844 1858 1873 1917 1919 1928 1929 1936 1940 1986 1989 1992 2006
1328,Cc1cc(S(=O)(=O)N(CCCc2ccccc2)Cc2ccccc2)cc2c1=CC=2,17 49 80 85 149 246 258 262 275 282 312 319 332 336 349 350 389 396 461 496 497 507 574 587 643 650 678 703 807 815 847 875 876 881 895 926 951 978 1011 1036 1045 1057 1066 1088 1096 1097 1129 1141 1143 1147 1154 1199 1243 1249 1296 1328 1380 1391 1402 1403 1452 1476 1513 1536 1578 1695 1722 1740 1750 1754 1787 1872 1873 1911 1914 1920 1951 1954 2046 2047
1329,COC(=O)NC(=O)N1C(=O)OCCC1C(O)C(O)C1CN(CCOC(=O)O)C(=O)N1,1 13 16 35 45 62 79 80 96 118 147 203 218 227 272 291 301 314 433 441 473 475 514 521 548 559 560 571 582 597 608 616 627 642 650 656 664 666 695 708 739 756 778 782 807 833 841 861 870 874 926 932 935 950 971 972 1019 1048 1049 1057 1088 1089 1099 1109 1111 1114 1118 1119 1126 1145 1152 1193 1207 1210 1263 1283 1288 1319 1325 1380 1422 1424 1507 1513 1608 1644 1673 1699 1758 1764 1801 1808 1809 1831 1849 1855 1879 1917 1989 2001 2027 2038
1330,O=C(O)Cc1c(-c2ccccc2)ccc2nnc3ccccc3c12,5 80 86 94 181 206 222 233 235 282 289 294 325 337 352 378 389 467 497 589 601 643 650 673 680 693 716 727 778 782 807 860 861 914 955 961 1017 1057 1088 1096 1097 1113 1137 1141 1160 1164 1199 1294 1322 1339 1350 1357 1380 1396 1415 1561 1573 1583 1610 1621 1737 1750 1866 1873 1874 1876 1917 1921 1927 1976 1984 2034
1331,COc1ccc(C=C2C(C)=CC(=O)N2C(=O)N(C)C)cc1,25 37 61 70 84 194 200 281 283 314 319 322 330 432 446 461 506 540 549 643 650 659 694 718 741 780 781 807 831 832 841 878 881 884 887 901 935 940 1006 1057 1077 1163 1213 1226 1254 1258 1280 1307 1380 1388 1414 1525 1534 1536 1552 1612 1653 1665 1686 1722 1750 1765 1768 1773 1819 1871 1873 1917 1973 2008 2022 2031 2033
1332,COC1=CC=C(C(F)(F)F)C1=CC=C(OC)C1CN2CCCN(C1)S2(=O)=O,7 13 36 71 114 145 207 246 263 318 324 328 337 388 469 562 580 614 644 650 686 690 694 695 712 713 725 731 738 739 747 760 789 807 809 841 849 863 885 890 917 926 935 936 974 1007 1019 1025 1028 1044 1057 1083 1120 1147 1152 1203 1213 1221 1225 1249 1265 1299 1319 1356 1380 1390 1424 1437 1453 1461 1470 1480 1492 1511 1536 1560 1601 1633 1638 1644 1660 1661 1697 1703 1786 1788 1873 1900 1928 1966 2000 2008 2011 2015 2034
1333,N#Cc1ccc(N2CCCN(c3ccsc3)C2=O)cc1,12 34 92 102 112 174 199 215 229 233 238 305 314 332 343 445 483 495 552 621 650 674 675 705 777 784 790 926 928 935 965 971 986 987 1024 1028 1075 1083 1136 1174 1221 1345 1380 1384 1457 1480 1498 1511 1512 1543 1555 1701 1750 1769 1825 1836 1845 1849 1867 1873 1892 1916 1954 1978 2043
1334,CN1CCc2cccc3c4cccc-4nc1n23,16 45 146 298 311 343 352 378 389 406 548 557 563 599 623 679 737 746 753 760 838 867 926 935 980 984 992 1002 1039 1046 1057 1088 1102 1109 1145 1146 1168 1221 1273 1285 1296 1303 1365 1380 1397 1422 1443 1469 1480 1519 1563 1567 1687 1693 1717 1738 1750 1756 1795 1817 1851 1855 1865 1873 1887 1890 1898 1910 1924 2014 2042
1335,COc1ccc(C(=NNC(=O)N2CCCC2)c2ccc(OC)c3ccccc23)cc1,56 67 71 75 218 225 249 265 274 299 318 322 369 407 440 445 463 490 496 540 558 598 624 650 651 695 699 700 718 725 737 781 807 831 841 865 893 904 923 926 935 949 970 983 986 1000 1028 1057 1088 1152 1153 1199 1200 1214 1242 1357 1368 1380 1391 1399 1419 1468 1480 1536 1544 1573 1637 1638 1697 1707 1750 1811 1873 1878 1917 1936 1946 1970 1976 1991 1998 2009 2039 2044
1336,O=C(C=CN=Cc1ccccc1)NC(=O)c1cccc(F)c1,5 21 31 51 74 80 113 230 254 270 302 389 430 441 444 486 526 570 585 604 610 650 694 699 725 787 807 863 864 875 897 930 1022 1039 1046 1083 1088 1119 1145 1152 1179 1181 1199 1233 1275 1325 1353 1380 1385 1389 1426 1465 1487 1491 1568 1570 1576 1592 1599 1615 1670 1672 1676 1679 1698 1744 1747 1750 1785 1816 1873 1917 1928 1930 1936 1985 2009 2033
1337,C(C=Cc1ccccc1)=CNc1cccc(-c2ccc[nH]2)c1,86 100 121 165 191 267 273 280 315 389 432 433 451 598 608 609 623 632 638 694 703 736 806 835 875 878 912 944 990 1012 1039 1052 1088 1096 1101 1114 1121 1152 1160 1199 1216 1312 1324 1353 1367 1380 1384 1397 1400 1410 1443 1475 1477 1506 1520 1540 1554 1563 1612 1618 1750 1753 1766 1768 1800 1809 1819 1873 1892 1936 1948 1985 2025 2029 2033 2042
1338,C1=CC(CCN2CCC2)=C1,33 57 80 105 120 125 218 241 255 273 299 317 322 327 334 345 354 357 369 374 377 405 424 459 538 547 579 650 674 701 752 784 802 835 837 862 926 935 1028 1073 1075 1076 1083 1122 1136 1145 1241 1243 1245 1247 1249 1258 1303 1321 1380 1422 1465 1466 1480 1483 1647 1685 1751 1753 1791 1809 1811 1839 1873 1917 1999 2000
1339,CCn1nc(C)nc1C=CC(=Cc1ccc(OC)nc1)c1cccc(OC)c1,9 25 31 34 74 80 89 97 120 137 139 143 144 158 213 249 294 311 322 335 378 410 429 430 442 523 558 562 676 684 694 695 738 781 795 800 807 835 841 870 875 878 880 913 925 926 935 951 957 997 1030 1035 1039 1055 1057 1088 1126 1140 1146 1189 1205 1212 1235 1317 1327 1340 1354 1380 1384 1385 1406 1423 1452 1469 1494 1503 1512 1518 1535 1536 1570 1668 1670 1696 1722 1741 1746 1749 1750 1758 1765 1793 1855 1873 1920 1921 1927 1931 1956 1958 1972 1985 2001 2007 2033 2042
1340,CC(C)N1CCCn2c1nc1ccc(-c3ccc(Cl)cc3)cc12,1 41 45 57 97 130 145 157 216 283 293 302 309 357 358 378 388 447 490 534 555 561 568 613 673 679 684 767 785 789 812 816 875 896 923 926 933 935 961 966 987 1028 1033 1057 1063 1064 1070 1083 1097 1137 1138 1160 1161 1230 1247 1256 1278 1282 1340 1365 1380 1396 1411 1426 1428 1459 1471 1480 1496 1507 1599 1606 1621 1650 1672 1683 1709 1750 1752 1793 1822 1855 1873 1942 1964 1985 1989 2019
1341,CCCc1nc2ccc(S(=O)(=O)N3CCCC3)cc2n1-c1cc(Br)ccc1F,22 45 80 113 144 216 223 235 294 318 319 350 357 366 378 404 497 515 518 522 539 546 553 585 650 679 696 699 710 715 727 728 744 766 775 794 800 869 875 890 909 921 926 935 961 1023 1028 1057 1080 1097 1113 1150 1157 1243 1282 1290 1295 1300 1318 1366 1380 1476 1480 1515 1545 1555 1562 1572 1585 1631 1657 1676 1680 1701 1726 1729 1750 1758 1764 1788 1817 1820 1840 1855 1867 1873 1928 1963 1985 1993 1998 2010 2027
1342,O=C(C=CC1=CCCCC1=O)CCCc1ccccc1,31 41 70 80 105 127 130 177 182 196 200 314 341 355 389 424 426 524 548 552 650 678 694 706 715 747 751 798 807 809 816 835 926 978 996 1037 1045 1066 1085 1088 1131 1138 1147 1156 1223 1243 1306 1380 1382 1387 1519 1553 1564 1596 1607 1619 1689 1716 1734 1741 1750 1754 1766 1781 1785 1789 1873 1911 1917 1961 2003 2037
1343,COc1ccc(Cl)cc1C=CC=CN=C(N)NC(=O)Nc1ccc(Cl)cc1,47 94 140 165 191 216 221 236 249 314 328 416 432 539 561 585 650 678 687 689 694 725 791 807 816 835 841 843 852 875 883 929 951 961 981 986 1015 1054 1057 1070 1077 1096 1119 1138 1152 1162 1171 1196 1237 1249 1281 1301 1310 1312 1344 1363 1380 1386 1387 1402 1456 1536 1609 1636 1641 1654 1683 1718 1719 1750 1787 1816 1820 1839 1840 1873 1908 1917 1934 1940 1965 1970 1980 1989 1990 1994 2009 2028
1344,O=C(CCCCN1CCCCC1=O)Nc1ccc(Sc2ccc(COC(=O)C(=O)N3CCCC3=O)[nH]2)cc1,24 41 80 102 105 116 142 147 155 159 173 191 197 310 314 339 459 552 607 650 695 719 745 777 798 807 811 843 845 877 892 893 900 901 926 935 951 990 1028 1056 1077 1081 1089 1110 1114 1123 1138 1145 1152 1172 1182 1215 1255 1263 1266 1267 1325 1382 1387 1424 1427 1460 1480 1564 1609 1638 1709 1718 1726 1738 1745 1750 1784 1802 1816 1830 1834 1873 1911 1917 1968 1980 1989 1998 2004 2011
1345,CC(C)(C)CCOc1ccc2c(c1)C(=O)OC2=O,13 60 61 75 80 99 114 206 230 233 241 246 322 327 335 352 392 437 444 480 504 512 516 535 536 637 638 650 656 680 685 695 718 767 810 840 875 925 976 997 1034 1057 1085 1088 1150 1185 1201 1205 1308 1410 1435 1451 1452 1471 1498 1564 1578 1750 1787 1810 1815 1850 1865 1873 1898 1920 1955 1975 2024
1346,CC(C)n1c(=O)n(C)c2nc(N)[nH]c21,1 3 17 99 154 157 221 277 283 314 315 334 378 491 503 542 550 564 592 650 659 691 697 714 729 771 796 805 860 862 935 987 1024 1057 1114 1122 1145 1171 1259 1314 1323 1355 1358 1369 1380 1457 1624 1643 1648 1682 1696 1745 1747 1849 1850 1855 1856 1913 1919 2021 2027
1347,CCOC(=O)N1C(=O)C2CCCC(CCCN(C(=O)c3ccccc3)C1=O)C2,5 16 17 80 92 121 147 246 294 300 314 389 396 400 404 405 446 455 461 472 479 518 675 695 776 807 926 935 970 998 1019 1028 1038 1046 1057 1063 1065 1088 1094 1127 1132 1145 1199 1215 1238 1251 1270 1292 1325 1380 1385 1387 1431 1459 1480 1494 1501 1504 1511 1539 1668 1679 1714 1718 1722 1727 1741 1750 1769 1814 1847 1873 1883 1917 1919 1921 1943 1985 2000
1348,CC(=O)NC(=O)C(F)=CC(=O)NC(=O)CN(C)C,23 41 73 80 82 135 225 245 254 275 283 292 316 326 423 427 430 452 459 464 502 524 527 598 611 621 627 628 650 652 678 694 734 807 829 881 885 911 978 995 1017 1022 1038 1057 1065 1079 1119 1120 1152 1161 1163 1181 1190 1203 1210 1211 1229 1325 1330 1353 1409 1529 1546 1559 1571 1587 1787 1802 1809 1836 1877 1917 1927 1928 1967
1349,CCC(=O)C1=CC(OC)=Cc2ccccc2C(=O)N1CC,9 23 34 43 67 69 80 84 108 115 136 216 287 293 294 304 314 352 381 388 410 439 536 551 588 623 632 633 642 650 653 669 695 727 761 776 807 810 841 849 879 892 898 935 947 984 994 1024 1057 1084 1085 1088 1100 1111 1136 1199 1245 1276 1286 1315 1359 1368 1378 1380 1424 1429 1448 1481 1536 1574 1605 1611 1693 1695 1750 1796 1861 1873 1917 1920 1963 1971 2011 2030
1350,COC(=O)NCCn1c(=O)nc2n(c1=O)CCN2CCCN1CCCN(C2CCCC2)C1=O,11 28 56 80 92 97 151 193 197 208 255 272 314 370 371 373 378 454 486 524 539 558 571 573 586 634 635 650 666 667 671 684 695 724 771 802 804 807 820 828 832 841 870 890 893 901 926 935 937 951 1018 1019 1024 1028 1057 1063 1083 1089 1123 1145 1147 1152 1175 1206 1212 1222 1235 1280 1325 1361 1365 1376 1380 1440 1459 1480 1496 1569 1623 1687 1755 1758 1771 1842 1846 1855 1876 1886 1887 1910 1911 1917 1939 1993 1995 2028 2038
1351,CCOc1ccc(-c2cccn2C(=O)C2CCCc3ccccc3C(=O)N3CCC(=O)N2C3=O)c2[nH]nnc12,49 74 80 92 94 95 128 143 151 182 192 229 237 276 279 282 294 314 352 354 378 403 425 473 482 483 512 531 541 556 562 579 622 645 650 670 680 695 701 772 783 788 798 807 837 879 915 917 926 929 930 935 945 984 992 1019 1023 1028 1038 1057 1068 1088 1101 1114 1139 1164 1172 1178 1182 1199 1236 1238 1325 1380 1448 1450 1452 1457 1480 1510 1530 1535 1621 1646 1656 1669 1672 1692 1708 1716 1724 1735 1738 1750 1753 1765 1788 1796 1814 1815 1864 1876 1912 1917 1922 1940 1946 1955 1970 1980
1352,CCCn1c(NC(=O)N2CCCC2)nc2ccccc21,3 45 80 95 106 157 189 218 235 289 294 357 361 369 378 455 484 512 590 637 650 741 760 789 794 802 807 820 835 837 882 883 898 914 921 926 933 935 1028 1042 1057 1088 1097 1120 1138 1145 1152 1199 1202 1214 1218 1374 1380 1381 1437 1468 1480 1521 1611 1633 1638 1669 1713 1728 1750 1773 1816 1855 1858 1873 1912 1917 1936 1958 1998 2009 2011 2024
1353,CC(C)=CCCOC(=O)c1ccccc1,13 20 35 45 61 80 99 145 147 212 255 281 294 389 401 469 479 491 556 594 606 650 671 683 689 694 695 734 786 807 817 858 900 919 964 983 1017 1057 1088 1107 1175 1177 1199 1257 1323 1380 1385 1404 1445 1486 1522 1574 1582 1592 1750 1756 1873 1881 1888 1904 1917 1938 1976 1985 2005
1354,COc1cccc(Oc2ccccc2CCCN2C(=O)c3ccccc3C2=O)c1,39 49 80 89 120 149 184 212 240 272 276 279 314 322 352 381 430 450 453 484 508 562 580 588 624 625 642 650 695 704 726 772 781 799 807 840 841 843 875 879 912 935 937 945 957 981 984 1016 1031 1039 1057 1088 1103 1145 1158 1174 1199 1238 1243 1256 1292 1338 1349 1370 1380 1410 1470 1478 1512 1527 1536 1538 1539 1594 1597 1617 1626 1654 1736 1741 1750 1801 1873 1894 1911 1920 1970 1972 1989 2012
1355,COC(=O)C(=O)N(CCc1cc(=O)cc(C)s1)C(=O)c1ccccc1,4 62 69 80 103 105 150 162 196 209 242 294 297 314 343 364 389 470 577 587 650 654 656 675 679 687 695 721 807 812 841 851 857 881 939 946 986 1012 1035 1057 1066 1085 1088 1124 1152 1171 1199 1221 1243 1306 1342 1380 1385 1441 1479 1537 1609 1648 1659 1722 1740 1750 1788 1792 1806 1817 1824 1825 1873 1917 1951 1985 1997 2016 2021 2031
1356,CCOC(=O)c1nc(C(=O)NCc2ccc(C(F)(F)F)cc2)c(C)s1,5 78 80 102 114 145 147 162 255 308 310 313 321 329 345 359 378 379 383 399 443 486 490 503 510 519 538 588 615 638 648 650 656 672 675 688 695 759 772 806 807 809 813 815 866 874 906 974 1023 1057 1152 1238 1241 1260 1264 1337 1364 1380 1393 1417 1419 1450 1453 1514 1527 1569 1573 1595 1665 1705 1722 1750 1754 1787 1831 1842 1855 1873 1900 1910 1917 1920 1924 1926 1928 1975 1994 2005 2006
1357,COc1cc(C(=O)N2CCN(C(=O)C3=C4CCCCN(C)CCN(CC3)C4=O)CC2)ccc1F,14 51 96 136 177 184 207 216 249 277 279 298 310 314 354 385 407 417 428 445 451 473 497 618 650 653 662 687 695 698 699 722 731 786 807 819 834 841 865 875 876 879 925 926 935 942 955 999 1020 1028 1029 1056 1057 1107 1156 1158 1184 1204 1236 1242 1268 1310 1317 1333 1337 1363 1380 1385 1427 1445 1480 1500 1504 1508 1516 1536 1537 1543 1589 1603 1615 1639 1657 1697 1734 1738 1750 1783 1822 1840 1873 1917 1928 1930 1970 1973 1998 2009
1358,COC(C=CN(C)C(=O)c1ccccc1)=CC=C1C=C(OC)C=C1c1ccc(-c2cccc(OC)c2)cc1Br,21 31 61 106 225 251 256 283 292 298 305 322 352 389 456 473 482 535 537 554 562 579 587 612 650 680 684 694 695 728 736 743 778 781 785 794 807 833 841 853 869 875 881 890 892 896 902 926 946 959 1018 1024 1033 1039 1057 1088 1136 1152 1160 1163 1167 1181 1187 1192 1199 1221 1230 1311 1319 1329 1335 1336 1378 1379 1380 1385 1441 1452 1458 1463 1466 1536 1593 1631 1638 1687 1732 1750 1777 1873 1917 1972 1985 1994 2001
1359,O=C1OC1=CC=CCCCCCCCC1OC2OC1OC1CCCOC12,12 21 57 65 80 121 123 172 187 198 214 221 247 314 320 334 361 362 401 412 425 432 504 509 610 631 639 650 651 656 688 694 735 775 789 795 802 823 832 845 881 890 907 924 926 946 950 1012 1019 1028 1034 1061 1088 1128 1143 1168 1199 1215 1224 1252 1283 1299 1325 1356 1358 1380 1440 1453 1468 1621 1625 1636 1640 1653 1681 1762 1782 1810 1819 1853 1869 1886 1911 1921 1923 1949 2013 2043 2047
1360,CN=C(N)SCCCCCCNC(=O)NC1CNC(=O)NC1C(=O)O,8 11 80 81 98 116 126 129 140 144 168 197 210 242 301 314 387 389 425 430 438 442 450 466 468 470 534 559 565 571 592 650 652 667 686 691 702 706 713 725 783 798 807 863 926 943 956 958 1010 1019 1057 1104 1105 1114 1143 1150 1152 1168 1171 1182 1204 1238 1358 1380 1403 1409 1431 1526 1531 1628 1643 1717 1774 1781 1784 1805 1844 1852 1866 1876 1911 1917 1955 1974 1989 1996 2026
1361,Cc1ccc(C(=O)N(CCN(C)C(=O)Nc2ccccc2C)c2cc(F)ccn2)cc1,38 43 80 96 104 119 124 234 235 334 378 410 418 495 559 650 670 671 697 699 726 741 745 766 774 779 783 787 807 811 828 848 875 881 891 930 957 986 1057 1074 1088 1135 1152 1199 1217 1221 1224 1297 1308 1321 1376 1380 1385 1391 1419 1436 1452 1464 1472 1487 1531 1594 1612 1640 1649 1692 1696 1697 1722 1726 1750 1775 1823 1834 1866 1868 1873 1917 1918 1920 1922 1928 1951 1999 2038
1362,O=C(O)CCCCCCCCCCCCC(=O)C(=O)c1ccc(I)cc1,80 89 104 224 270 326 330 389 441 488 503 621 650 661 712 715 803 807 878 906 947 1110 1129 1143 1164 1178 1233 1242 1250 1267 1278 1287 1319 1380 1385 1433 1451 1460 1485 1494 1533 1560 1564 1593 1594 1616 1669 1697 1734 1737 1742 1750 1755 1776 1812 1827 1855 1873 1874 1911 1917 1983 2036
1363,CCCN(CCc1[nH]c2nc1-c1ncccc1S2)C(=O)c1cccc(F)c1,3 5 23 48 55 80 104 124 190 207 230 293 294 323 374 376 378 386 397 448 506 554 571 604 609 650 654 675 683 693 699 715 749 794 807 828 839 855 875 881 914 915 929 945 949 978 989 1031 1039 1043 1057 1088 1114 1182 1207 1221 1243 1252 1317 1380 1385 1427 1440 1452 1487 1488 1521 1610 1670 1724 1728 1738 1745 1750 1756 1761 1776 1777 1806 1835 1855 1861 1862 1866 1873 1887 1917 1920 1928 1951 1958 1974 1984 1985 2044
1364,COc1ccc2nc(Sc3cc(C(=O)N(C)S(=O)(=O)c4ccccc4)nn3C)sc2c1,116 162 319 322 350 370 378 382 389 415 418 439 485 493 494 502 552 557 558 575 650 675 695 718 745 773 781 790 806 807 812 815 837 841 855 875 881 885 935 961 977 983 999 1039 1057 1088 1097 1105 1114 1145 1149 1163 1167 1199 1209 1211 1213 1221 1248 1264 1303 1322 1341 1380 1459 1476 1536 1542 1625 1640 1669 1690 1703 1713 1750 1855 1867 1873 1897 1903 1917 1921 1943 1946 1947 1956 1972
1365,CC1(C)CCCN1S(=O)(=O)c1ccc2c3ccc(c2c1)C(=O)N1CCC(C3=O)C2Cc3ccccc3C21,73 107 113 170 176 194 231 254 272 314 319 350 352 355 371 374 381 398 454 455 470 495 589 622 638 650 660 680 684 715 731 757 764 800 802 813 821 833 875 879 926 935 936 1019 1027 1028 1036 1041 1057 1060 1083 1088 1140 1162 1199 1200 1219 1229 1236 1237 1254 1274 1325 1341 1357 1380 1404 1422 1441 1458 1460 1461 1473 1476 1508 1563 1619 1621 1663 1690 1708 1720 1729 1733 1750 1755 1769 1771 1782 1786 1813 1873 1920 1922 1980 1988 2047
1366,CCN(C)C1=NCn2c(SCCNC(=O)c3ccccc3)nnc2S1,8 17 80 116 138 168 169 197 207 212 224 252 265 268 271 294 341 378 386 389 441 470 486 491 495 510 560 613 632 650 667 675 695 706 747 753 757 765 807 871 881 890 926 932 935 967 1057 1088 1101 1152 1163 1164 1173 1175 1182 1199 1229 1241 1255 1259 1262 1286 1287 1348 1370 1380 1385 1428 1449 1496 1561 1585 1597 1665 1722 1750 1820 1864 1873 1917 1989 1999 2044
1367,CN(CCc1ccc(C(F)(F)F)cc1)CCN1CCCCC1,2 15 50 58 80 114 120 125 126 224 239 246 280 310 383 404 411 432 630 655 677 758 785 793 809 837 840 878 881 926 935 938 1028 1045 1052 1057 1074 1110 1131 1145 1148 1163 1165 1203 1213 1232 1236 1243 1260 1330 1339 1380 1417 1422 1433 1453 1457 1459 1472 1480 1482 1630 1665 1750 1754 1791 1836 1873 1922 1928 1951 1968 1998 2008 2041
1368,COc1cc2cc3n4n(c(=O)n-2n(c1)C(=O)N(C(F)(F)c1ccccc1)C4)CC3,5 21 71 72 92 96 114 142 149 164 220 244 310 311 314 322 329 352 366 389 435 456 464 487 510 631 646 650 657 695 700 719 771 781 783 834 841 853 864 875 904 908 926 935 949 1011 1050 1057 1088 1115 1117 1134 1162 1199 1219 1221 1236 1259 1271 1275 1320 1380 1398 1417 1434 1453 1479 1480 1486 1508 1525 1536 1562 1563 1593 1652 1663 1677 1699 1717 1738 1750 1755 1806 1825 1866 1873 1891 1928 1962 1985 2017 2021
1369,CC1(C)CCN(C#N)C1=O,38 122 200 234 255 289 308 314 334 335 346 354 358 420 630 650 674 737 782 787 790 869 913 926 935 946 953 973 974 1034 1054 1057 1060 1075 1086 1097 1130 1162 1193 1195 1274 1310 1323 1377 1380 1411 1425 1428 1437 1458 1459 1480 1597 1650 1687 1722 1830 1850 1852 1853 1961 2016
1370,O=C(c1ccccc1)N1c2ncc(-c3cncnc3)n2CC1c1ncncn1,38 64 101 115 146 222 227 257 301 302 307 342 378 389 390 461 476 482 489 566 618 620 650 658 666 684 690 731 739 780 802 807 808 851 882 894 926 931 935 955 973 979 1003 1014 1019 1032 1062 1073 1088 1137 1160 1168 1177 1179 1199 1210 1220 1262 1301 1312 1330 1365 1380 1385 1419 1444 1452 1480 1492 1496 1504 1511 1535 1563 1603 1619 1643 1667 1691 1692 1750 1775 1873 1892 1896 1914 1917 1985 2004 2029
1371,CCCCCn1c(-n2cc(S(=O)(=O)O)c(C)c2C(=O)NCCOCCC)nc2ccccc21,8 13 45 61 65 80 83 118 169 176 197 200 202 213 252 289 294 347 350 363 378 391 392 408 414 459 464 486 497 517 540 542 564 591 592 600 617 625 626 629 640 650 667 684 691 695 727 789 794 802 836 861 870 893 903 934 935 937 974 1022 1034 1036 1057 1069 1088 1090 1097 1115 1137 1145 1152 1158 1199 1212 1228 1230 1256 1285 1311 1323 1365 1374 1380 1385 1444 1476 1490 1575 1608 1620 1650 1694 1697 1722 1750 1790 1816 1830 1855 1862 1870 1873 1894 1911 1912 1952 1967 1992
1372,CCN1C(=O)C(=CC=C(OC)C(=O)NC2CCCCC2)N(C(=O)OC)C1=O,2 34 80 92 100 128 145 181 203 214 230 248 251 294 314 332 358 387 398 401 428 461 483 531 588 592 626 650 659 694 695 754 760 782 807 834 841 849 853 879 881 890 896 906 926 935 961 1019 1023 1028 1057 1065 1071 1152 1161 1189 1210 1224 1319 1325 1338 1380 1424 1429 1453 1466 1516 1574 1634 1637 1642 1655 1724 1782 1878 1917 1973 1983 2024
1373,O=C1OCCCOC(=O)c2ccc(c(OC3C(O)C(O)C(O)C3O)c2)C(=O)OC2=CC1=C2,20 84 110 217 231 238 314 352 431 441 512 524 588 630 650 652 656 663 680 695 702 735 760 769 789 807 841 845 875 890 892 896 926 944 973 982 1019 1028 1033 1037 1039 1067 1069 1083 1088 1121 1160 1177 1192 1213 1229 1257 1272 1274 1340 1380 1381 1397 1424 1487 1519 1582 1600 1616 1631 1642 1644 1750 1810 1873 1891 1950 1962 1970 1975 2037
1374,CCOc1ccc2c(c1)OC1C(CCC3CCCN(CCCc4ccc([N+](=O)[O-])cc4)C31)O2,2 69 80 92 123 131 171 195 221 236 237 246 262 263 276 294 310 322 339 340 430 446 479 495 505 541 557 585 628 656 695 698 715 718 746 753 769 838 875 891 905 926 935 967 975 978 1010 1019 1028 1035 1045 1050 1057 1087 1141 1145 1195 1207 1217 1238 1243 1274 1284 1303 1310 1325 1337 1380 1385 1452 1468 1480 1501 1523 1612 1614 1616 1676 1695 1714 1750 1754 1778 1809 1811 1814 1819 1852 1873 1904 1905 1914 1953 1960 1963 1967 1974 2017 2022 2026 2038 2047
1375,N#Cc1nn(CCCNC(=O)Cn2c3ccc2nc3)c2cccc(Cl)c12,41 45 72 80 142 152 153 154 157 158 172 181 197 202 234 235 366 378 395 420 457 511 531 541 546 561 577 597 601 622 647 650 654 667 674 726 767 777 781 790 802 807 819 844 893 927 935 944 949 965 974 977 982 1039 1077 1088 1125 1136 1141 1145 1152 1159 1181 1240 1267 1285 1290 1312 1313 1356 1362 1374 1380 1384 1385 1411 1452 1535 1545 1560 1570 1588 1595 1609 1614 1683 1750 1817 1825 1873 1876 1911 1917 1956 1984 2007 2016
1376,O=C(Nc1c2nn(c1-c1cccc([N+](=O)[O-])c1)C2=O)Oc1cccc(Cl)c1,131 142 165 216 289 295 314 322 323 325 378 381 429 474 548 551 555 562 592 605 620 626 650 680 695 715 724 736 753 807 838 875 879 918 935 945 967 983 1009 1039 1045 1054 1088 1105 1160 1183 1195 1206 1214 1230 1240 1261 1274 1308 1380 1436 1438 1457 1539 1543 1562 1591 1597 1610 1653 1655 1671 1681 1683 1729 1750 1758 1771 1809 1816 1852 1873 1902 1917 1940 1956 1963 1991
1377,Cc1cccc(P2(=O)OCCN2C)c1,17 24 32 57 130 203 224 256 318 375 388 428 441 558 584 589 590 599 650 656 682 708 720 740 751 810 875 914 926 935 950 958 1013 1039 1048 1055 1057 1088 1124 1144 1145 1158 1217 1249 1253 1341 1380 1385 1451 1480 1497 1621 1639 1697 1722 1750 1769 1771 1821 1823 1847 1873 1876 1889 1900 1904
1378,COc1cccc(C(C(=O)NC(N)=O)=C(F)C=Cc2cc(OC)ccn2)c1,7 31 62 65 83 140 193 207 250 285 287 316 322 324 329 366 368 378 471 479 505 543 553 562 619 637 643 650 672 683 688 694 695 736 751 781 787 807 835 841 859 875 982 1019 1022 1039 1057 1058 1088 1115 1119 1152 1171 1187 1210 1223 1257 1322 1332 1346 1354 1379 1380 1384 1385 1407 1420 1452 1520 1526 1536 1599 1607 1616 1712 1750 1866 1873 1894 1914 1917 1928 1937 1972 1978 1985 1998 2001 2029 2039 2043 2044
1379,C=CCCCCCCC(=CC)C(=O)OC(C)(C)C,31 80 114 124 148 150 161 231 237 254 256 389 392 401 525 527 622 627 650 652 694 695 795 807 812 844 887 904 909 936 940 1037 1057 1064 1090 1119 1143 1176 1199 1295 1345 1366 1368 1417 1424 1430 1435 1440 1489 1495 1564 1574 1577 1609 1625 1629 1641 1645 1690 1716 1732 1761 1770 1839 1859 1885 1905 1911 1914 1917 1991
1380,Cc1cccc(S(=O)(=O)c2cnn[nH]2)c1,9 39 74 130 177 262 268 281 319 347 350 357 378 470 550 551 570 575 585 600 623 650 658 711 738 797 818 835 845 875 908 917 943 966 987 1013 1039 1055 1057 1065 1088 1091 1108 1114 1157 1226 1230 1354 1380 1476 1550 1571 1684 1722 1750 1823 1824 1873 1921 1933 1946 1978 2000 2012
1381,O=C(Oc1ccccc1)c1c[nH]c(=O)c(C=CC(F)(F)C(F)(F)c2ccccc2)c1,0 114 120 127 145 182 189 190 195 197 212 250 283 302 314 322 377 389 440 451 504 534 562 631 632 650 663 693 694 695 723 749 750 768 771 806 807 835 840 848 861 866 875 887 961 1077 1088 1094 1114 1121 1157 1181 1199 1218 1251 1365 1380 1385 1417 1446 1451 1453 1485 1500 1513 1642 1645 1672 1673 1729 1742 1750 1763 1812 1873 1879 1917 1927 1928 1946 1948 1953 1970 2017
1382,CCCCCC1C2CC(OC(=O)c3ccc(C(=O)OC)cc3C)C(C1C)C(C(C)(C)C)O2,12 16 67 80 111 114 117 145 159 177 216 277 287 294 302 334 390 392 469 500 518 591 604 626 643 650 656 693 695 725 728 743 765 781 794 798 807 818 832 841 854 875 906 926 952 960 1008 1019 1032 1047 1057 1060 1079 1126 1149 1152 1168 1211 1220 1255 1272 1278 1292 1309 1379 1380 1385 1391 1401 1422 1424 1428 1444 1456 1529 1550 1573 1618 1667 1697 1700 1706 1713 1715 1722 1750 1819 1820 1854 1873 1885 1911 1917 1921 1991 2009 2022 2034 2039
1383,N#Cc1cc(N2CCN3CCCCC3C2)ccc1S(N)(=O)=O,20 44 57 134 233 321 350 361 392 407 478 496 513 558 559 605 640 643 650 672 674 691 697 710 717 790 816 833 847 875 890 894 917 926 935 1019 1028 1039 1043 1087 1123 1133 1136 1159 1168 1170 1171 1176 1217 1325 1346 1380 1384 1421 1470 1476 1480 1524 1594 1595 1607 1697 1716 1736 1737 1750 1754 1774 1796 1811 1820 1825 1846 1854 1862 1870 1873 1910 1993 1998 2021
1384,COc1ccc(-c2ccccc2NC(=O)CN2CCCCC2=O)cc1,19 41 89 131 191 222 236 270 276 310 314 322 324 352 398 465 494 585 650 695 718 720 728 729 770 781 796 798 807 830 831 841 879 896 926 935 979 984 1028 1036 1057 1088 1089 1099 1123 1152 1160 1182 1194 1198 1199 1224 1230 1267 1284 1312 1335 1349 1380 1480 1610 1647 1661 1696 1726 1738 1741 1750 1772 1777 1816 1873 1886 1887 1890 1916 1917 1937 1943 1948 1949 1952 1998
1385,C=C(Cl)C(=O)N(CN1CCCCC1)c1nc2cc(Cl)ccc2s1,2 38 40 80 119 162 165 192 198 216 232 237 256 297 378 394 439 478 481 498 504 506 559 561 570 639 650 675 686 692 713 783 787 807 816 875 881 883 885 926 935 964 969 980 1022 1028 1097 1132 1137 1181 1217 1220 1245 1275 1286 1291 1292 1295 1341 1366 1380 1392 1404 1422 1467 1480 1493 1500 1506 1513 1529 1659 1667 1683 1690 1706 1723 1731 1733 1750 1791 1855 1873 1877 1879 1911 1913 1917 1939 1998 2017 2043
1386,CCCOc1ccc(NN=CNC(=O)CC)c2ccc(Cl)cc12,2 3 13 20 27 41 76 80 94 165 216 222 230 258 260 294 303 319 326 445 540 561 628 650 675 686 694 695 707 725 726 785 794 797 807 808 816 827 870 875 898 900 915 934 963 964 978 983 1009 1057 1141 1152 1224 1239 1259 1283 1288 1357 1380 1393 1440 1452 1479 1517 1518 1534 1589 1591 1683 1733 1737 1750 1760 1779 1782 1794 1832 1851 1856 1867 1873 1899 1906 1917 1940 1970 2036
1387,Cc1cc(CCN2CCN(C)C2=O)cc(NC(=O)C(C)O)ccc(F)s1,1 34 36 80 91 92 97 103 162 184 191 204 223 227 242 283 295 313 314 331 371 395 396 448 516 517 573 618 625 650 675 699 721 737 770 790 793 798 807 812 833 843 847 861 875 926 935 973 1040 1046 1057 1089 1133 1134 1145 1152 1195 1212 1243 1360 1380 1442 1480 1560 1562 1581 1619 1664 1670 1675 1693 1722 1750 1754 1798 1816 1831 1848 1873 1917 1928 1995 2003 2018 2028 2035
1388,CCN(C)C(=S)NC(=O)c1ccc(-c2nc3ccc2o3)cc1,1 19 49 78 80 85 97 103 110 118 126 139 148 164 181 187 247 268 294 323 334 378 418 471 486 524 650 656 702 727 737 754 807 854 881 896 905 930 932 947 1021 1028 1031 1055 1057 1095 1096 1108 1119 1141 1152 1158 1160 1163 1208 1284 1315 1346 1348 1372 1380 1385 1393 1435 1483 1506 1592 1601 1604 1665 1690 1691 1697 1704 1744 1750 1773 1774 1783 1787 1808 1810 1855 1873 1917 1964 1980 2030 2032
1389,COC(=O)C(Cc1ccc(C#N)cc1)N1CCCC(=CC=C(C(N)=O)c2ccccc2)C1=O,1 34 54 61 79 80 101 102 122 140 147 172 218 219 238 281 286 292 299 305 310 314 332 389 395 412 474 495 519 531 569 579 650 674 679 684 694 695 743 773 790 807 841 857 879 890 926 935 949 971 1028 1057 1088 1121 1136 1138 1152 1171 1196 1199 1210 1291 1310 1319 1322 1340 1380 1384 1385 1389 1422 1480 1511 1578 1616 1618 1627 1672 1711 1712 1738 1744 1746 1750 1754 1823 1856 1861 1873 1888 1897 1903 1917 1930 1954 1986 2009 2026
1390,O=c1[nH]c2c[nH]c3ccc4c(Cl)cccc4ccc1c-3c2,47 113 158 186 199 203 218 221 253 266 303 314 352 366 384 406 417 464 503 561 621 650 665 684 750 781 790 806 875 974 1007 1014 1039 1087 1088 1114 1157 1201 1324 1332 1334 1357 1380 1404 1405 1473 1540 1545 1546 1667 1683 1733 1745 1750 1833 1853 1855 1862 1873 1879 1893 1899 1934 2014 2026
1391,CCN(CCN(C)c1cnnc(-c2ccc(OC)c(Br)c2)n1)C(=O)N1CCCCC1,2 21 35 44 58 80 85 94 146 249 256 281 283 294 355 369 378 383 464 522 592 607 622 623 646 650 695 700 728 769 807 811 833 841 875 881 896 926 932 935 976 978 1008 1028 1057 1083 1101 1121 1136 1160 1161 1163 1164 1170 1230 1245 1274 1323 1333 1380 1385 1448 1462 1480 1483 1487 1492 1535 1536 1549 1559 1588 1602 1630 1631 1633 1692 1698 1750 1809 1855 1858 1863 1873 1917 1918 1951 1962 1970 2009 2013 2020 2021
1392,COc1ccc(NC(=O)c2nc(Nc3ccccc3)n(-c3ccccc3)c2O)cc1,20 53 58 88 93 157 160 191 221 246 294 300 304 312 322 378 389 433 486 490 491 511 558 599 602 608 627 650 658 686 695 703 718 781 807 819 831 841 843 854 865 935 967 994 1049 1057 1077 1088 1120 1152 1190 1199 1233 1282 1290 1305 1360 1361 1380 1461 1488 1495 1511 1524 1536 1537 1585 1602 1628 1658 1711 1747 1750 1816 1825 1855 1863 1873 1875 1877 1889 1917 1920 1935 1960 1974 1978 2013 2046
1393,CC1CCCCN1c1nc2ccc1[nH]2,32 39 44 84 112 115 119 130 141 174 176 243 245 291 299 378 406 436 468 476 629 632 646 684 734 760 765 774 890 903 926 935 938 966 982 985 1019 1028 1044 1057 1082 1091 1099 1114 1159 1188 1224 1287 1301 1309 1313 1325 1333 1372 1380 1385 1418 1459 1480 1533 1569 1581 1620 1745 1750 1806 1822 1855 1857 1865 1873 1885 1919 1939 1970 1998
1394,COc1cc(C(=O)NCC(=O)NC(=O)N2CCCCC2)ccc1S(=O)(=O)N1CCN(C(C)=O)CC1,2 41 55 75 80 85 197 206 218 249 265 268 314 321 350 366 369 391 392 428 468 469 486 526 573 585 640 695 755 784 800 807 841 858 875 926 935 985 1017 1028 1041 1057 1072 1081 1119 1120 1300 1358 1372 1380 1385 1440 1448 1450 1468 1469 1476 1480 1510 1536 1538 1548 1578 1589 1598 1603 1607 1697 1715 1732 1750 1752 1779 1790 1793 1812 1823 1848 1851 1874 1890 1917 1938 1958 1970 1982 1998 2009
1395,COc1ccc2nc(N)nc3nc(n4nc5cc4c2cc5c1)N(c1ccccc1C)CCN3,45 116 127 155 194 210 220 221 266 294 305 318 322 332 348 378 389 394 397 402 409 412 436 473 527 574 599 650 681 695 718 781 796 812 835 841 862 875 882 890 904 926 935 961 1005 1008 1044 1057 1059 1088 1096 1097 1114 1171 1199 1240 1283 1295 1339 1347 1357 1360 1361 1365 1380 1419 1457 1480 1524 1526 1530 1536 1609 1647 1670 1722 1733 1750 1762 1827 1855 1866 1873 1887 1914 1916 1947 1956 1972 1991 1996 1999 2016
1396,COc1ccc(Cl)c(NS(=O)(=O)Nc2c#cc(NS(=O)(=O)N(C)C)cc2)c1,25 84 102 103 112 131 179 180 202 210 225 234 257 306 322 323 350 366 378 386 397 441 450 457 458 461 463 498 557 561 574 576 626 650 666 695 718 728 749 763 776 781 841 863 874 875 881 1048 1053 1054 1057 1067 1097 1130 1152 1163 1165 1189 1213 1221 1224 1242 1270 1289 1309 1331 1345 1380 1389 1396 1408 1453 1476 1506 1507 1527 1530 1536 1616 1621 1640 1655 1658 1683 1715 1750 1753 1789 1793 1808 1828 1833 1834 1863 1873 1895 1912 1963 1972 2013 2038
1397,Cn1c(C(=O)N2CCCCC2)ccc1-c1ccc([N+](=O)[O-])cn1,2 6 28 49 89 190 206 251 266 305 341 369 372 378 488 501 544 564 567 581 587 589 591 594 604 606 650 659 688 715 748 753 767 790 802 807 838 869 872 882 912 926 935 942 980 1025 1028 1038 1057 1092 1102 1138 1145 1195 1240 1307 1322 1341 1377 1380 1435 1452 1476 1480 1504 1535 1568 1595 1640 1666 1692 1750 1809 1814 1838 1873 1917 1921 1933 1962 1963 1998 2009 2047
1398,COc1ccc(OC=CC=Cc2cccc(S(=O)(=O)N(C)c3ccccc3Cl)c2)cc1,16 56 80 273 319 322 350 366 432 539 561 568 575 581 627 649 650 675 694 695 709 718 721 755 781 785 815 831 835 841 861 866 875 881 974 984 1037 1039 1057 1088 1145 1153 1163 1169 1174 1199 1219 1240 1300 1301 1312 1353 1359 1362 1380 1389 1422 1453 1476 1536 1567 1620 1641 1647 1683 1700 1716 1730 1742 1750 1753 1808 1818 1873 1942 1994 2018 2029 2033 2036 2040 2041
1399,Cc1ncc(C(=O)NC(=O)Nc2ccccc2)n1C,4 14 87 190 191 233 378 389 431 479 486 488 548 564 567 574 579 604 616 623 634 645 650 703 724 767 807 891 917 935 942 946 1057 1077 1088 1093 1119 1145 1152 1195 1199 1212 1229 1280 1310 1380 1416 1418 1452 1456 1501 1535 1550 1554 1664 1666 1695 1722 1746 1750 1816 1824 1831 1873 1892 1917 1946 1955 1973 1989 1990 1997 2047
1400,CCN(C(=O)C=C1C=C1)C(=O)C(C)O,1 10 28 29 44 80 169 227 252 283 294 297 388 396 412 460 547 549 595 650 694 777 804 807 829 881 914 917 932 965 1057 1090 1127 1195 1252 1380 1392 1404 1449 1483 1554 1564 1637 1638 1648 1650 1657 1675 1707 1709 1718 1722 1730 1769 1794 1802 1809 1814 1834 1856 1873 1878 1895 1917
1401,CNC(C=Cc1cccc(S(=O)(=O)NN2CCN(c3ccccc3)C2=O)c1)=CO,23 31 40 75 81 92 97 106 130 186 198 215 234 251 312 314 319 345 350 376 389 394 414 450 461 475 502 575 577 646 650 685 691 694 699 807 811 835 870 875 901 911 926 935 952 1000 1039 1049 1057 1074 1088 1090 1117 1152 1199 1215 1283 1291 1305 1308 1353 1380 1430 1457 1459 1476 1480 1526 1569 1632 1701 1729 1742 1750 1767 1792 1825 1843 1845 1873 1883 1906 1910 1938 1942 2003 2033 2041
1402,CCC(C)C(=O)Nc1nc(N)c(C#CC#N)s1,1 12 80 128 162 194 202 257 266 278 283 294 317 375 378 385 414 430 431 570 573 589 609 650 662 665 675 767 781 790 807 819 967 982 987 995 1020 1029 1033 1057 1092 1147 1152 1171 1307 1312 1380 1384 1388 1411 1457 1459 1496 1544 1568 1584 1616 1627 1629 1634 1639 1754 1760 1794 1816 1842 1848 1855 1914 1965 2031
1403,Cc1ccc(C(=O)NS(=O)(=O)c2cc(C(F)(F)F)c3ccccc3c2)c(C)n1,42 45 67 92 95 114 124 192 207 223 262 295 307 319 331 335 350 362 378 394 419 428 460 461 477 486 502 543 602 629 650 778 800 807 809 836 870 875 893 974 1007 1057 1087 1088 1102 1106 1152 1183 1199 1240 1280 1309 1351 1357 1374 1375 1380 1448 1453 1476 1514 1515 1543 1573 1576 1651 1670 1671 1722 1731 1750 1791 1824 1855 1871 1873 1884 1917 1928 1973 2043
1404,C[S+]([O-])C(=O)n1ccccc2cc(C(F)(F)F)ccc2[nH]c1=O,26 44 70 75 89 114 119 120 187 242 268 279 314 362 384 408 419 454 551 578 588 593 607 640 650 666 673 715 758 763 807 809 875 895 903 910 917 935 974 987 1020 1057 1087 1088 1101 1114 1153 1197 1199 1212 1247 1259 1260 1281 1311 1337 1350 1380 1384 1391 1417 1426 1452 1453 1522 1546 1566 1627 1656 1665 1723 1745 1746 1750 1788 1817 1825 1855 1861 1873 1917 1928 1939 1965 1982
1405,CC1(C)CCCCN1C(=O)C=C1C=C1,8 28 53 75 97 113 159 161 171 179 194 195 249 328 400 471 547 549 560 597 606 627 650 655 689 694 706 721 776 789 807 871 889 896 914 926 935 990 1027 1028 1057 1060 1083 1162 1174 1178 1195 1219 1224 1244 1274 1306 1319 1332 1354 1380 1459 1480 1602 1638 1657 1773 1829 1831 1842 1873 1877 1882 1899 1917 1972 1977 1992 1998 2014
1406,C=C(C)C(=O)OC1C2OC(C1O)C(C(OC(C)(C)C)C1(C)CCCCC1C1C=CC(=O)C1C)O2,1 87 107 114 118 138 154 157 181 221 268 269 290 314 392 394 406 438 472 519 547 560 610 614 621 645 650 656 663 695 705 735 749 760 768 800 807 853 866 874 882 890 910 924 926 978 994 1017 1019 1022 1028 1052 1056 1057 1060 1083 1087 1089 1126 1138 1152 1162 1163 1174 1255 1257 1265 1274 1289 1297 1309 1325 1366 1369 1379 1380 1464 1487 1521 1540 1570 1591 1596 1605 1609 1613 1634 1638 1678 1689 1699 1750 1779 1795 1813 1816 1859 1871 1873 1879 1917 1921 1950 2025 2031 2044
1407,COCC(=O)N1CCN(C(=O)c2cc3cc(OC)ccc3s2)CCCN(C(=O)OC)C1=O,4 32 63 80 92 119 150 151 162 171 173 202 299 314 321 322 353 369 419 421 430 432 446 492 502 556 569 627 635 639 650 652 664 672 675 678 695 718 740 760 770 781 807 810 828 835 841 846 852 854 873 875 885 887 920 926 935 942 1005 1009 1028 1057 1065 1083 1087 1099 1152 1176 1181 1196 1215 1224 1242 1251 1274 1277 1293 1368 1380 1387 1443 1471 1480 1521 1532 1536 1576 1579 1589 1635 1653 1677 1682 1683 1710 1722 1725 1749 1750 1777 1788 1795 1855 1873 1885 1917 1955 1972 2004 2009 2042
1408,C=C(C(=O)Nc1ccc(Cl)cc1)C(=O)OC,63 141 165 191 200 216 217 222 245 323 407 436 535 536 561 571 650 695 708 720 774 786 807 816 841 843 850 878 950 1022 1057 1070 1077 1103 1108 1152 1210 1366 1380 1402 1427 1475 1522 1683 1689 1706 1750 1773 1801 1802 1816 1824 1854 1860 1870 1873 1887 1917 2022
1409,NC(=O)NCCNC(=O)NCCCN1CCCCCCN(CC(=O)O)CC1,2 69 74 80 140 183 197 219 243 248 254 277 307 324 330 373 389 415 425 478 501 526 650 653 667 759 769 801 809 825 826 852 860 926 935 1007 1028 1048 1053 1060 1145 1152 1171 1227 1248 1256 1309 1312 1327 1329 1374 1380 1422 1431 1445 1480 1482 1520 1526 1577 1707 1737 1791 1816 1825 1873 1876 1882 1891 1893 1911 1917 1932 1972 1978 1988 1989 1998 2008
1410,COc1ccc(-c2nccc(C(=O)N3CCCC3)n2)o1,2 16 111 121 145 191 214 240 298 313 359 369 378 441 473 564 568 570 576 650 656 668 669 674 695 760 787 792 807 841 855 926 935 942 953 965 990 1003 1028 1031 1040 1049 1057 1106 1168 1205 1247 1380 1383 1385 1417 1422 1450 1452 1480 1482 1500 1504 1514 1536 1543 1587 1602 1604 1611 1630 1660 1702 1742 1745 1750 1758 1810 1855 1866 1873 1874 1916 1917 1937 1976 1998
1411,CN(C)CCCN1CCN(c2ccc(-c3ccccc3Nc3ccc(Cl)cc3)cc2)CC1,4 74 80 152 155 169 191 196 216 222 233 255 339 352 407 419 464 491 561 635 652 653 673 678 687 693 726 729 745 803 814 816 819 843 857 881 896 926 935 946 955 966 984 1057 1070 1088 1145 1152 1160 1163 1176 1199 1224 1264 1380 1405 1408 1480 1482 1508 1524 1552 1585 1586 1651 1672 1683 1696 1750 1757 1790 1791 1805 1825 1826 1867 1873 1887 1889 1911 1924 1944 1951 1989 1991
1412,CCC(C)NS(=O)(=O)c1cccc2[nH]c(F)cccc3ccccc3c12,1 2 3 80 115 119 159 170 186 243 283 294 320 350 392 456 471 476 502 528 571 635 650 689 699 711 772 781 786 805 960 992 998 1024 1039 1057 1084 1087 1088 1104 1114 1161 1194 1199 1256 1263 1343 1348 1357 1359 1380 1401 1460 1476 1544 1552 1573 1701 1713 1745 1750 1783 1818 1855 1864 1865 1873 1917 1918 1928 1932 1941 1946 1948 1984 2018 2028
1413,COC1=CC(F)=CC=c2[nH]c(=O)n(C3=C(F)c4csc(n4)NS(=O)(=O)c4ccc5c3cccc5c4)c2=C1,25 63 72 84 95 115 118 203 207 221 230 314 339 352 378 413 469 488 497 552 566 611 637 650 675 695 699 721 727 728 732 758 783 792 794 836 841 868 870 875 882 884 892 935 977 980 984 1011 1024 1039 1047 1057 1083 1087 1088 1093 1114 1120 1130 1136 1137 1148 1160 1234 1243 1249 1264 1297 1316 1341 1343 1357 1378 1380 1425 1450 1459 1463 1468 1496 1536 1561 1567 1586 1631 1733 1745 1750 1758 1786 1798 1855 1873 1877 1919 1928 1938 1956 1961 1980 1983 1993 2000
1414,COc1cc(C(=O)N2CCN(CCN3CCCCC3)C2=O)ccc1-c1ccc(C(=O)N2CCCC2)s1,2 4 16 23 30 37 62 80 92 114 215 247 249 252 266 288 295 314 352 358 369 371 389 417 419 428 440 465 518 519 553 570 618 620 623 650 654 675 677 717 721 806 807 810 841 875 926 935 942 1021 1028 1031 1056 1057 1060 1089 1122 1132 1140 1145 1225 1240 1372 1380 1385 1387 1422 1441 1451 1480 1482 1504 1536 1539 1548 1574 1600 1602 1635 1697 1702 1707 1725 1744 1750 1791 1795 1825 1851 1873 1917 1935 1948 1960 1970 1986 1988 1994 1995 1998 2009 2031 2043 2044
1415,CC([NH3+])([O-])C(N)=O,49 102 114 119 140 144 180 392 397 428 430 454 491 535 538 556 572 614 631 650 679 695 712 715 750 761 807 871 876 1013 1057 1111 1112 1142 1149 1171 1226 1307 1382 1453 1504 1514 1544 1675 1707 1910 1917 1989
1416,CC1(C)C(=O)NC(=O)N1C(=O)C1=CC=C(Cl)C=CS1,24 99 122 149 172 228 278 285 314 320 321 400 404 407 481 488 495 510 547 561 650 661 675 713 721 725 730 807 855 866 983 1001 1010 1020 1057 1060 1114 1138 1159 1185 1217 1240 1249 1251 1264 1274 1291 1336 1373 1380 1391 1414 1437 1459 1472 1503 1504 1625 1653 1670 1683 1829 1846 1858 1873 1917 1918 1929 1946 1962 1976 1992 2006
1417,C=CC=C1CCCN(CCCN(Cc2ccccc2)S(=O)(=O)c2ccccc2Cl)C1=O,0 17 80 94 151 163 190 224 243 314 350 352 366 379 389 392 395 476 488 507 561 640 650 652 681 694 754 784 807 815 847 879 881 889 890 919 926 934 935 951 955 958 974 992 1007 1028 1066 1069 1088 1089 1123 1138 1145 1147 1154 1199 1222 1227 1228 1249 1272 1286 1300 1328 1333 1366 1380 1382 1449 1476 1480 1524 1573 1608 1625 1627 1632 1645 1651 1681 1683 1720 1738 1750 1754 1766 1821 1873 1891 1892 1907 1938 1951 1960 2033
1418,C=CC=C(C=Cc1ccnnc1)NC(=O)NC(=O)Nc1ccccc1,65 191 281 298 302 322 324 354 375 378 389 450 454 466 525 537 560 611 651 678 685 694 703 711 715 723 784 798 807 835 867 925 927 993 997 1016 1019 1056 1059 1077 1088 1119 1128 1141 1152 1169 1174 1183 1199 1200 1205 1206 1254 1308 1319 1366 1380 1388 1456 1462 1521 1535 1557 1588 1596 1620 1621 1625 1645 1667 1719 1725 1750 1752 1792 1810 1816 1866 1873 1880 1917 1920 1930 1950 1969 1989 1990 2033
1419,COc1ccc(OCCN(C)C(=O)c2cccnc2)cc1F,12 13 21 42 80 94 209 242 249 254 259 322 334 364 378 437 472 495 541 611 650 655 685 695 699 703 718 776 807 841 849 875 876 881 914 1014 1018 1019 1034 1043 1051 1057 1088 1163 1214 1221 1236 1251 1297 1318 1357 1380 1385 1452 1464 1501 1503 1507 1535 1536 1583 1586 1603 1687 1711 1715 1742 1750 1751 1839 1840 1866 1873 1900 1903 1917 1928 1929 1945 1951 1962 1970 1985 2044
1420,COc1cncc(NC(=O)NC2C(C(O)O)OC(=O)N(c3ccc4cc5cccc-5sc4c3)C2C)c1,1 62 95 114 142 159 162 165 191 203 204 205 227 233 247 313 314 322 334 378 387 423 472 520 582 605 608 614 637 639 650 656 661 675 678 695 724 736 742 750 760 775 781 807 837 841 874 875 882 885 888 935 982 984 1008 1019 1039 1046 1050 1057 1064 1088 1152 1160 1173 1197 1202 1208 1259 1309 1324 1327 1334 1342 1380 1395 1410 1423 1434 1436 1479 1535 1536 1603 1614 1621 1647 1682 1725 1729 1750 1793 1816 1825 1855 1866 1873 1915 1917 1922 1936 1966 1989 1990 2000 2032
1421,O=C(Nc1ccccc1)c1ccc(Br)c2cc([N+](=O)[O-])c(=O)oc12,29 41 55 64 67 97 100 133 191 241 295 314 339 354 389 473 486 500 533 546 579 615 650 656 703 715 716 728 739 750 753 768 807 815 833 838 847 854 868 875 881 1065 1077 1088 1097 1136 1152 1195 1199 1213 1225 1246 1254 1357 1380 1386 1444 1463 1468 1490 1548 1554 1557 1562 1586 1604 1631 1634 1649 1701 1704 1732 1750 1793 1816 1844 1873 1917 1925 1948 1963 1974 1978 1991 1998
1422,CN1CCc2c(ccc3[nH]c4ccccc4c23)C1=O,17 83 86 119 167 183 217 314 326 352 361 427 508 509 526 549 559 571 650 680 696 715 720 787 859 879 926 935 1041 1055 1057 1079 1081 1082 1088 1110 1113 1114 1145 1153 1162 1168 1172 1199 1208 1219 1234 1299 1301 1357 1380 1416 1433 1459 1480 1518 1524 1533 1540 1552 1573 1580 1626 1673 1693 1694 1713 1738 1745 1750 1768 1783 1792 1873 1902 1929 1939 1948 1984 1986 2004 2018
1423,CN(Cc1ccc(Cl)c(S(=O)(=O)Oc2ccccn2)c1)c1ccc(C(F)(F)F)cc1,14 23 80 94 114 134 153 186 215 227 310 326 340 350 366 378 383 392 416 448 484 507 539 561 626 650 657 666 695 697 753 760 762 780 790 808 809 856 868 875 881 960 967 982 985 1007 1055 1057 1088 1095 1101 1119 1130 1140 1155 1163 1169 1199 1216 1260 1294 1300 1305 1324 1377 1380 1417 1440 1449 1452 1453 1476 1521 1537 1555 1570 1607 1615 1616 1665 1681 1683 1723 1745 1750 1754 1767 1810 1852 1863 1866 1873 1887 1928 2024
1424,Cc1nnc(NC(=O)N2CCN(C(=O)c3cc(Cl)cs3)c3ccc(o3)C2)n1C,30 86 102 157 173 190 216 218 236 286 327 378 397 419 468 534 539 552 557 561 563 564 599 611 650 656 675 703 705 722 780 781 798 803 807 837 875 892 900 917 923 926 932 935 942 952 956 1056 1057 1081 1145 1152 1159 1164 1180 1331 1361 1380 1381 1387 1475 1480 1504 1511 1567 1571 1585 1589 1590 1604 1635 1683 1701 1722 1750 1797 1816 1835 1851 1893 1909 1917 1930 1946 1960 1969 1992 2002 2009 2020
1425,CC(C)(N)C1=CC=C2OC1=CC=C2N,20 36 114 127 154 183 258 332 392 489 602 656 675 756 807 873 874 894 906 949 1007 1014 1023 1057 1161 1167 1171 1249 1259 1264 1278 1289 1294 1313 1380 1387 1388 1390 1404 1411 1440 1442 1457 1472 1494 1544 1615 1683 1684 1687 1691 1765 1800 1810 1846 1849 1863 1873 1894 1938
1426,Cc1nc(NC(=O)NCCCCCN2CCCN(C)C2=O)c2c(C)c1-2,43 80 92 110 148 197 207 220 252 266 312 371 377 378 425 437 442 464 493 521 522 556 592 650 667 708 738 740 793 806 807 819 821 836 893 919 923 926 935 936 951 966 1000 1028 1057 1080 1081 1083 1089 1123 1143 1145 1152 1156 1167 1187 1212 1218 1239 1250 1253 1340 1366 1380 1407 1422 1442 1480 1514 1632 1693 1720 1722 1747 1801 1816 1824 1845 1855 1860 1874 1876 1911 1912 1914 1917 1937 1949 1989
1427,O=[N+]([O-])c1ccc2ccccc2nc2nc(c1)[nH]2,4 45 119 126 140 150 156 157 203 218 286 289 290 337 378 394 450 476 486 500 547 624 650 662 715 753 765 838 842 875 882 927 950 1087 1088 1089 1090 1097 1114 1154 1178 1195 1199 1200 1221 1274 1376 1380 1381 1400 1409 1419 1456 1482 1509 1529 1621 1653 1745 1750 1782 1796 1809 1814 1855 1873 1878 1889 1900 1940 1951 1955 1963 2017 2018
1428,COc1ccccc2cc(cc1)C1C(C(O)CO)C2N1C,1 15 27 80 127 153 219 222 227 322 362 446 482 562 646 695 718 719 754 779 781 791 794 807 831 841 875 921 935 971 1019 1032 1057 1088 1145 1199 1259 1279 1309 1351 1380 1399 1520 1529 1536 1539 1547 1589 1663 1750 1803 1826 1841 1873 1887 1890 1924 1926 1966 1980 2000 2017 2026
1429,O=C1SCc2ccc(C(F)(F)F)cc2Sc2ccccc21,20 44 64 112 114 157 191 193 314 318 329 352 397 454 459 475 499 504 531 534 575 629 650 675 706 739 791 809 859 875 885 926 949 984 1002 1017 1062 1088 1089 1112 1144 1199 1206 1236 1245 1260 1264 1272 1288 1380 1393 1417 1429 1453 1511 1522 1533 1538 1557 1562 1563 1585 1597 1607 1645 1653 1665 1709 1750 1768 1842 1873 1928 1980 1993 2044
1430,O=c1[nH]c2c(I)cc3ccccc1c(=O)c2c1c[nH]cc31,108 125 142 202 314 349 490 492 495 525 582 587 621 638 650 661 742 744 750 757 784 826 836 853 875 917 947 989 1087 1088 1105 1114 1117 1136 1145 1199 1253 1267 1320 1357 1364 1380 1392 1430 1455 1530 1533 1540 1542 1573 1588 1600 1608 1671 1676 1721 1745 1750 1779 1780 1792 1855 1873 1879 1890 1896 1917 1936 1962 1971 1984 1992 2007 2024 2026 2029 2033
1431,CCCC(=O)N(CCC)C(=S)NC(=O)n1cc(C)cc1-c1ccccc1Cl,17 64 69 80 97 110 130 133 195 218 263 294 352 366 379 418 433 513 528 548 549 561 564 650 781 794 807 821 866 875 877 881 917 974 984 994 1025 1057 1064 1088 1099 1119 1152 1168 1199 1220 1232 1238 1261 1316 1356 1357 1380 1393 1404 1564 1648 1675 1683 1690 1692 1719 1722 1747 1750 1761 1798 1823 1830 1857 1873 1879 1917 1927 1951 1996 2009 2023 2029
1432,COC(=O)CCN1CN(C(=O)c2cc(F)c3ccccc3c2)Cc2ccccc2C1=O,14 55 64 80 85 115 123 161 195 196 206 211 254 267 306 314 332 352 419 442 450 465 497 526 650 695 699 740 771 807 816 820 836 841 875 879 926 935 944 959 984 985 1041 1057 1059 1077 1079 1084 1088 1089 1145 1152 1172 1199 1236 1265 1294 1355 1357 1360 1380 1385 1386 1428 1431 1479 1504 1564 1573 1625 1667 1676 1708 1740 1750 1796 1840 1855 1860 1873 1917 1928 1933 1946 1950 1984 1989 1994 2009 2010 2047
1433,Cc1nc(=O)n(CC2([N+](=O)[O-])CCCCC2)c(=O)[nH]1,2 37 80 123 168 297 310 314 345 378 400 445 547 549 566 571 621 650 674 681 713 715 753 758 778 802 838 912 926 935 947 982 1028 1029 1057 1060 1066 1079 1112 1114 1162 1189 1194 1205 1212 1258 1335 1380 1381 1406 1443 1547 1563 1590 1613 1638 1650 1671 1722 1741 1745 1785 1835 1843 1855 1866 1887 1907 1914 1949 1963 2011 2020 2025 2041
1434,CCN(CC(=O)NCCOc1ccccc1)C(=O)Nc1ncccn1,1 13 41 45 64 80 102 150 159 176 193 197 210 286 294 322 348 367 378 382 389 395 448 538 541 562 597 606 618 650 663 667 695 807 814 849 865 881 929 932 978 1003 1008 1034 1057 1088 1104 1152 1154 1189 1190 1192 1199 1210 1214 1232 1238 1299 1300 1341 1369 1380 1399 1430 1452 1466 1498 1507 1523 1537 1582 1645 1685 1765 1778 1790 1816 1819 1866 1873 1882 1912 1917 1926 1973 1999 2010 2012 2024
1435,CCC(CO)NC(=O)N(c1ccncn1)c1nncc2cc(F)ccc12,1 46 60 77 80 117 120 174 193 222 235 248 259 277 281 294 302 368 378 401 406 446 467 482 612 629 650 693 699 708 718 753 759 767 803 807 850 875 881 911 916 925 959 965 966 1005 1057 1093 1101 1132 1152 1164 1208 1210 1289 1300 1306 1318 1326 1354 1357 1380 1403 1410 1452 1468 1487 1515 1535 1544 1571 1578 1587 1603 1630 1633 1670 1672 1704 1716 1733 1739 1750 1772 1781 1855 1864 1866 1873 1898 1917 1918 1928 2029
1436,COc1cccc(NC(=O)c2c3c4n(c2=N3)C=4C2(CC3CCCCC3)CCCCC2)c1,2 29 41 46 50 52 60 64 80 91 184 191 204 222 236 322 378 410 413 429 434 464 473 484 486 533 550 562 586 601 650 675 687 695 703 739 741 755 781 796 807 841 875 890 898 915 926 927 935 979 999 1019 1028 1039 1057 1060 1067 1088 1096 1103 1110 1132 1136 1137 1142 1149 1152 1162 1288 1325 1380 1386 1410 1411 1477 1493 1536 1616 1638 1657 1659 1679 1709 1750 1761 1816 1817 1847 1849 1873 1917 1930 1958 1972 1978 1990 1993 1999 2045
1437,CC1=C(OC2C(O)C(O)C2O)C=CC=C(OCC(=O)N(C)C#N)C=C1,43 67 80 92 95 217 270 314 316 345 346 412 427 452 474 489 496 524 537 547 584 649 650 674 695 742 749 751 784 790 807 822 842 852 862 881 891 911 948 985 1019 1023 1024 1037 1049 1057 1069 1075 1163 1170 1175 1223 1238 1249 1257 1322 1323 1338 1344 1380 1384 1452 1456 1487 1493 1505 1526 1561 1597 1600 1602 1642 1649 1691 1722 1743 1747 1755 1759 1873 1883 1884 1917 1950 1961 1967 1994 2004 2035
1438,CC1(C)CCCOCCOC(=O)N(C(=O)C2=CCCOC2=O)CCOC1=O,15 43 61 90 96 129 134 149 186 236 283 314 351 363 418 441 523 608 636 640 650 656 668 672 692 710 720 736 778 807 838 926 928 935 950 953 977 990 995 1017 1028 1057 1060 1088 1121 1133 1135 1147 1162 1235 1254 1263 1274 1300 1349 1356 1362 1379 1380 1387 1395 1398 1405 1429 1439 1480 1502 1504 1555 1564 1583 1609 1642 1649 1689 1691 1693 1706 1714 1717 1781 1792 1843 1847 1860 1873 1917 1935 1956 1991
1439,O=C1N(CCN2CCC2)CCN(c2ccccc2)C(=O)N1Cc1ccccc1,55 80 92 139 179 272 280 295 314 343 345 364 371 385 387 389 398 399 475 496 511 548 585 588 627 650 718 786 811 823 831 849 854 860 906 922 926 935 941 966 1028 1049 1066 1077 1083 1088 1089 1134 1145 1178 1188 1199 1289 1393 1422 1441 1457 1460 1480 1482 1519 1548 1603 1663 1683 1701 1737 1750 1754 1765 1783 1789 1791 1825 1845 1879 1883 1952 2037
1440,CCCCC1=C(C)C2CCCCC2C1=O,62 80 94 132 157 213 257 275 276 294 310 314 409 432 450 455 464 487 542 551 556 578 580 591 650 685 783 794 839 886 890 897 926 958 965 975 980 988 993 1019 1021 1028 1057 1067 1129 1196 1220 1292 1325 1332 1342 1380 1398 1432 1447 1471 1517 1668 1695 1701 1722 1727 1734 1738 1767 1776 1801 1822 1911 1923 1930 1938
1441,O=C(Nc1ccc(NS(=O)(=O)c2ccccc2)cc1)N1CCN(C(=O)c2ccccc2)C1,3 4 99 100 121 191 201 218 319 350 359 389 396 434 497 502 575 615 650 665 743 767 807 837 843 863 883 924 926 935 976 989 1077 1088 1152 1167 1191 1199 1225 1256 1270 1275 1351 1380 1381 1384 1385 1399 1430 1461 1467 1476 1479 1480 1504 1511 1559 1587 1589 1685 1690 1729 1750 1780 1816 1862 1873 1875 1879 1917 1980 1985 2009
1442,COC(=O)c1cc(S(=O)(=O)N(C)CC2CCN(c3ccc([N+](=O)[O-])cc3)CC2)ccc1OC,12 25 29 80 81 145 147 177 213 233 235 249 270 276 281 317 318 319 335 350 407 419 475 568 650 687 695 702 715 748 753 769 785 798 800 807 815 834 838 841 875 881 885 906 926 927 935 936 955 965 1018 1019 1029 1033 1047 1078 1105 1152 1161 1163 1192 1195 1221 1234 1261 1274 1325 1380 1405 1448 1461 1476 1480 1481 1536 1562 1612 1627 1689 1718 1750 1801 1809 1814 1825 1836 1873 1883 1885 1912 1916 1917 1925 1963 1970 1991 1998 2027
1443,Cc1cccc2c1ccc1cc(C(=O)N3CC[N+]4(CCCC4)CC3)ccc12,2 48 82 126 137 145 167 203 304 343 356 426 472 497 502 527 541 618 641 650 807 816 824 826 831 836 901 926 935 942 945 1027 1028 1037 1039 1044 1057 1088 1177 1192 1230 1250 1263 1309 1357 1380 1385 1391 1434 1467 1480 1504 1573 1599 1630 1697 1722 1724 1733 1750 1754 1847 1848 1855 1861 1873 1879 1887 1891 1901 1917 1950 1991 1999 2009 2032
1444,CCCCN(CCC)CCCOCCN(C)C,13 80 174 199 210 241 251 255 294 348 395 430 457 487 520 544 572 591 615 628 652 673 674 676 678 691 693 695 716 751 794 817 881 1026 1057 1146 1155 1163 1172 1220 1249 1298 1325 1335 1339 1421 1446 1507 1524 1581 1583 1673 1696 1705 1755 1761 1779 1787 1880 1883 1902 1911 1951 1975 1992
1445,COc1cc(Cl)ccc1Sc1c2c(c3c4nc(o4)n13)=CC=C(OCCNC(C)=O)C2C,13 80 116 142 148 160 165 191 197 216 245 249 259 269 280 282 296 314 321 378 436 458 475 490 541 548 552 561 578 587 597 650 653 656 667 687 688 695 731 734 759 765 807 816 819 823 841 874 875 889 935 1006 1012 1017 1018 1019 1025 1033 1057 1085 1097 1111 1152 1156 1185 1244 1249 1267 1283 1285 1286 1298 1303 1304 1309 1328 1352 1380 1403 1426 1440 1452 1458 1467 1468 1536 1558 1559 1602 1604 1622 1639 1648 1683 1686 1721 1726 1750 1790 1833 1855 1872 1873 1901 1917 1935 1970 1976 2033
1446,Cc1cccc(S(=O)(=O)c2cccc(-c3cc4nn3c(=O)[nH]4)c2)c1,18 19 45 47 63 69 75 170 188 217 232 264 305 314 319 320 337 350 361 378 412 420 493 546 553 570 573 575 609 650 653 736 751 758 765 791 835 875 901 935 966 978 999 1006 1013 1039 1055 1057 1075 1114 1139 1160 1212 1223 1300 1309 1315 1339 1349 1353 1380 1476 1482 1571 1605 1607 1627 1642 1660 1680 1692 1698 1722 1745 1750 1778 1823 1824 1833 1836 1873 1913 1920 1956 1958 1962 2000 2020 2021
1447,COc1cccc(C(=O)N2CCCN(Cc3nc4sc3CS4)CCC2)c1,14 21 42 44 76 80 123 157 162 172 216 243 255 272 292 294 316 322 348 353 369 378 394 415 436 442 497 499 538 562 569 573 577 618 628 632 650 657 675 684 695 781 784 796 807 819 841 859 868 875 912 926 935 942 1010 1028 1033 1039 1054 1057 1083 1088 1129 1142 1146 1225 1257 1278 1325 1380 1384 1385 1422 1466 1480 1504 1536 1551 1601 1613 1661 1721 1734 1750 1765 1791 1825 1841 1855 1873 1875 1887 1897 1913 1917 1972 1985 2009
1448,COc1ccc(F)c(C(=O)NCCCN2CCN(c3ccccn3)C2=O)c1,8 76 80 89 92 95 176 190 197 216 228 257 292 295 298 314 322 329 371 378 386 448 455 458 469 473 486 515 527 530 570 594 596 621 650 664 667 695 699 703 716 718 781 807 808 811 816 841 847 862 874 875 903 914 926 934 935 951 1057 1088 1089 1131 1145 1152 1155 1199 1316 1317 1322 1374 1380 1395 1396 1399 1414 1448 1452 1457 1480 1536 1590 1700 1736 1750 1755 1840 1866 1873 1876 1877 1896 1911 1916 1917 1918 1928 1959 1972 1991 2006
1449,CCOc1ccc2cc(C)nc-2sc(N2CCN(C3C4OCCOC3C4O)C2)nc(N)n1,47 80 99 112 162 211 219 221 226 237 238 251 263 270 294 325 362 378 384 395 407 409 433 443 456 504 569 638 656 669 675 695 718 750 772 802 807 850 854 875 896 905 907 926 935 950 1006 1019 1034 1035 1057 1071 1088 1160 1171 1186 1204 1238 1240 1257 1276 1284 1380 1424 1425 1444 1452 1457 1479 1480 1487 1503 1508 1518 1520 1570 1601 1630 1653 1664 1719 1720 1722 1731 1736 1741 1750 1809 1854 1855 1873 1874 1889 1934 1949 1954 1965 1995
1450,CN(CCCN(C)S(=O)(=O)c1ccccc1)C1=NC(=O)c2ccccc21,70 80 119 161 213 228 248 298 314 319 350 352 378 389 403 408 525 575 581 650 789 799 812 815 831 863 881 884 927 984 989 996 1026 1034 1056 1057 1079 1088 1089 1101 1145 1161 1163 1193 1199 1247 1264 1289 1366 1380 1399 1476 1501 1505 1527 1541 1551 1661 1708 1719 1730 1750 1757 1766 1767 1807 1860 1868 1873 1946 1949 1951 1968 2004 2027
1451,CC1CN(C(=O)c2ccccc2F)C(C(C)(C)C)C(Oc2ccc3c(c2)OCO3)C1=O,7 23 51 114 126 171 236 242 244 283 294 313 314 322 392 441 457 485 524 553 567 573 595 611 626 650 656 678 695 699 718 738 739 746 749 798 807 841 860 874 875 908 920 926 934 935 976 1010 1019 1021 1032 1033 1035 1057 1059 1087 1088 1123 1146 1158 1199 1250 1309 1349 1380 1447 1450 1499 1504 1520 1569 1574 1618 1647 1668 1690 1723 1750 1751 1780 1800 1824 1840 1863 1873 1890 1903 1905 1917 1928 1932 1937 1981 1991 2036
1452,CCOP1(=O)OOc2ccc(c3ccccc23)O1,1 21 22 68 80 93 153 182 234 294 348 351 370 482 552 604 650 656 657 659 661 695 719 799 810 819 830 921 934 966 1035 1037 1057 1088 1105 1122 1144 1151 1169 1197 1199 1238 1273 1336 1357 1380 1430 1455 1465 1488 1513 1573 1615 1624 1633 1658 1661 1730 1742 1750 1764 1825 1873 1904 1905 1945 1953 1982 2026
1453,CCN(C(C)=O)S(=O)(=O)c1cccc2[nH]cc(C(=O)NCc3cccc(Br)c3)c12,43 80 88 98 119 160 197 244 253 254 255 294 325 350 387 392 409 469 482 485 486 589 608 616 627 650 675 689 728 766 800 806 807 813 815 875 881 909 931 932 950 956 965 983 989 992 997 1015 1017 1039 1057 1066 1083 1088 1108 1114 1152 1189 1210 1235 1248 1305 1317 1380 1412 1476 1506 1542 1573 1591 1595 1631 1657 1673 1726 1749 1750 1754 1779 1783 1793 1873 1879 1892 1917 1937 1942 1984 1991 1995 2008 2010 2016
1454,COc1cccc(COC(=O)c2cc(C(=O)O)ccc2C(=O)O)c1,2 35 67 80 113 143 145 146 147 229 322 389 456 467 478 506 559 561 562 628 650 682 695 745 781 807 841 862 875 892 953 1008 1039 1047 1057 1066 1088 1101 1132 1138 1168 1198 1249 1287 1317 1332 1380 1385 1388 1423 1430 1465 1496 1536 1647 1657 1673 1697 1709 1723 1724 1743 1748 1750 1754 1797 1819 1827 1852 1867 1873 1876 1884 1914 1917 1923 1927 1972 1991 2011 2043
1455,Cc1ccccc1C(=O)OCCCN(C#N)C1=C2C=C1C(=O)NC2=O,13 80 84 124 137 145 147 169 186 212 243 287 314 332 388 434 445 479 614 628 650 674 676 695 781 790 802 807 838 881 918 927 931 934 952 1057 1060 1070 1072 1103 1114 1167 1189 1199 1212 1241 1263 1345 1351 1354 1376 1380 1384 1391 1447 1485 1493 1505 1573 1583 1584 1590 1592 1629 1657 1662 1673 1722 1734 1750 1756 1771 1829 1838 1855 1858 1868 1873 1886 1911 1917 1930 1951 1991 1999 2018 2047
1456,CCCCCC(OC(=O)c1ccccc1)C(CC)N(C(C)=O)C(C)(C)C,1 16 34 47 69 114 145 221 234 291 294 388 389 392 426 434 487 587 591 603 606 650 654 695 739 741 744 794 803 807 848 849 861 881 935 937 943 973 1017 1032 1038 1054 1057 1071 1088 1119 1134 1162 1193 1199 1225 1257 1283 1298 1305 1344 1362 1380 1385 1416 1444 1506 1514 1544 1580 1588 1689 1719 1750 1776 1824 1845 1847 1873 1900 1911 1917 1920 1946 1955 1985 2005
1457,CN(Cc1ccc(Oc2ccc3ncccc3c2)cc1)C(=O)N1CCCCC1,2 80 181 193 310 321 322 334 344 364 369 378 396 448 470 472 488 507 578 650 695 718 721 786 788 807 829 835 864 875 881 889 926 935 961 976 981 1005 1028 1043 1057 1087 1088 1096 1097 1139 1147 1163 1205 1211 1252 1339 1345 1360 1370 1380 1388 1452 1480 1495 1518 1526 1565 1613 1637 1692 1719 1748 1750 1754 1776 1818 1855 1866 1873 1901 1916 1928 1988 1990 1998 2009 2034
1458,CCCC(=O)NC1COC(C)C(OC(CC)C(CC)OC(=O)C#CC(=O)OC)C1,1 41 69 71 76 80 132 171 293 294 298 315 321 349 369 378 385 386 387 456 477 547 573 581 650 656 674 695 722 724 769 779 783 791 794 796 798 802 807 841 874 880 889 899 912 926 982 1014 1019 1036 1057 1075 1084 1110 1121 1152 1193 1240 1249 1257 1262 1292 1309 1357 1414 1428 1445 1446 1457 1483 1505 1544 1552 1564 1592 1628 1634 1663 1695 1719 1759 1773 1778 1792 1807 1815 1886 1888 1917 1923 1975 1978 1993 2041
1459,O=C(c1ccc(S(=O)(=O)N2CCCC2)cn1)N1CC1,8 12 48 66 152 162 194 289 310 311 314 319 350 366 369 378 444 516 539 559 564 569 575 585 603 606 632 636 642 650 653 715 735 743 757 800 807 826 847 855 894 926 935 942 955 976 981 1001 1011 1016 1028 1067 1072 1117 1164 1178 1193 1203 1217 1266 1289 1295 1377 1380 1452 1465 1473 1476 1480 1504 1535 1589 1607 1624 1630 1646 1712 1715 1860 1873 1893 1895 1916 1917 1918 1972 1993 1998 2000 2003 2009 2015 2033
1460,CC1=C(C(=O)NCCCC2CCC(C)(C)CC2)C(Br)=C1,8 24 29 70 80 84 102 114 157 197 249 275 301 314 316 384 431 470 476 486 537 628 641 650 667 684 693 705 712 731 791 793 807 832 869 891 921 926 957 995 1019 1047 1056 1057 1060 1138 1152 1162 1187 1274 1309 1325 1380 1444 1475 1476 1486 1487 1631 1632 1690 1715 1722 1725 1781 1873 1876 1911 1917 1973 2019 2029 2038
1461,CC(C)(C1=CC=C1)C1C(=O)N2CCCC1C2,5 97 114 146 154 273 276 314 345 392 407 409 411 444 446 547 562 585 621 650 651 678 680 701 703 718 739 753 862 887 926 935 1019 1025 1028 1057 1087 1119 1151 1207 1249 1316 1364 1380 1386 1396 1434 1435 1480 1502 1536 1615 1656 1827 1861 1863 1873 1877 1878 1899 1900 1934 1938 1991 1993 2036 2039 2046
1462,COc1ccc(Oc2ccc(C(=O)OCCOc3cc4ccc3cc4)cc2)cc1,1 4 13 20 80 129 145 147 181 193 203 278 287 302 312 322 451 486 488 567 585 603 606 615 650 676 680 689 695 715 718 745 781 807 831 841 858 872 875 984 1033 1051 1056 1057 1133 1170 1217 1219 1243 1252 1267 1276 1281 1290 1307 1327 1350 1380 1385 1439 1452 1507 1518 1522 1536 1550 1564 1592 1599 1617 1660 1665 1670 1697 1702 1733 1750 1762 1779 1813 1845 1846 1855 1873 1902 1917 1970
1463,Cc1ccccc1C(=O)c1cccoc(=O)[nH]c(=O)[nH]c2ccc3c(ccc13)s2,9 64 162 236 254 274 280 281 314 326 382 399 428 432 435 441 474 514 553 650 656 675 685 703 719 763 768 784 787 807 829 857 885 927 944 949 962 963 1057 1066 1081 1088 1114 1127 1174 1176 1181 1190 1199 1233 1272 1329 1337 1357 1360 1363 1380 1391 1395 1415 1438 1444 1447 1533 1564 1615 1722 1733 1744 1745 1750 1792 1804 1818 1842 1849 1850 1866 1873 1894 1902 1917 1926 1939 1948 1961 1991 1998 1999 2004
1464,C=C(C=C1C(=O)c2ccc(OC)cc2N2CCN(CCN3CCN1C(=O)C3)c1ccccc12)OC,18 60 90 108 129 130 190 203 217 231 270 314 322 346 348 352 368 404 407 420 430 442 496 498 509 512 513 549 577 644 650 659 666 680 694 695 718 752 781 798 807 811 841 875 926 935 952 971 982 1014 1022 1057 1075 1081 1083 1088 1122 1148 1152 1199 1225 1228 1270 1277 1295 1316 1357 1366 1380 1404 1457 1476 1480 1508 1536 1573 1577 1595 1647 1694 1736 1750 1753 1758 1785 1829 1873 1945 1946 1947 1972 1985 1986 2027 2033
1465,COc1cccc(C2=c3cc4[nH]c3c(C)c4=C(NC(=O)CNC(=O)N(C)C)C=CC=CN2)c1,1 37 41 48 80 83 97 114 119 139 177 191 193 197 223 241 252 322 334 342 344 381 450 451 547 548 562 591 620 650 654 673 695 698 719 722 723 736 761 781 807 841 862 875 881 884 958 1007 1027 1028 1052 1057 1088 1114 1151 1152 1160 1163 1165 1179 1195 1201 1282 1287 1297 1310 1319 1380 1385 1387 1399 1403 1431 1440 1456 1475 1491 1519 1530 1536 1577 1653 1715 1718 1722 1745 1749 1750 1777 1786 1816 1834 1853 1866 1873 1887 1897 1912 1916 1917 1940 1955 1972 2028 2043
1466,CCCCCCc1ccc(N)c(Nc2nc3nc-3n2)c1,7 52 80 100 104 121 217 234 254 272 294 310 353 361 378 404 491 531 548 555 591 649 679 706 794 871 875 910 920 933 941 966 978 990 1057 1114 1131 1143 1147 1152 1164 1167 1171 1184 1205 1215 1224 1243 1274 1321 1380 1385 1444 1457 1474 1510 1529 1540 1582 1605 1610 1738 1750 1754 1775 1803 1804 1855 1873 1910 1911 1939 1962 1999 2023
1467,CCCNC(=O)NC1CCC(NC(=O)Cc2cc(OC)cc3cc(OC)ccc23)C1,4 9 12 41 58 80 98 99 186 192 197 238 242 255 272 294 319 322 325 336 350 387 414 425 475 502 519 582 649 651 667 695 696 713 718 735 741 772 780 781 794 807 814 835 841 875 926 982 1018 1019 1057 1110 1133 1135 1150 1152 1183 1218 1224 1258 1292 1325 1349 1357 1380 1415 1461 1467 1536 1581 1613 1634 1641 1690 1692 1693 1710 1733 1750 1770 1777 1853 1855 1873 1917 1947 1962 1970 1972 2045
1468,C#Cc1ccccc1CCNc1cccc(Br)c1N=Nc1ccc(Br)cc1,1 16 56 57 80 93 202 268 307 308 328 355 444 487 491 495 504 577 615 618 637 638 667 674 725 736 738 746 787 818 824 833 837 844 885 899 909 915 931 937 941 974 975 1039 1045 1062 1088 1117 1152 1157 1166 1199 1224 1243 1262 1286 1303 1380 1412 1416 1550 1583 1589 1597 1621 1629 1631 1649 1658 1665 1680 1696 1707 1750 1762 1788 1848 1854 1862 1873 1970 2008
1469,CCN1CCSc2nnc1n2C1=CC(Br)=C1OC,34 57 70 80 84 121 126 135 194 294 340 346 354 361 378 410 510 528 566 602 618 675 677 695 728 746 789 841 856 898 912 926 935 962 967 993 1057 1088 1089 1111 1145 1164 1254 1280 1327 1365 1379 1380 1385 1480 1533 1536 1558 1631 1664 1666 1716 1728 1746 1748 1794 1801 1813 1873 1903 1920 1957 1985 1986 1989 1993 1999 2041
1470,COc1cc2ccc1C=C(C(F)(F)F)S(=O)(=O)N1CCCC(C1)N1CCN2C1=O,36 41 84 87 92 114 186 207 233 249 251 314 315 349 406 446 469 477 519 562 573 593 616 644 650 684 695 714 739 783 809 811 841 875 879 905 923 926 931 935 952 990 1019 1028 1057 1108 1109 1196 1205 1209 1249 1252 1305 1325 1380 1410 1448 1453 1457 1480 1508 1536 1541 1701 1771 1797 1825 1840 1864 1873 1910 1928 1943 1947 1961 1970 1993 2005
1471,COc1ccc2c(c1)C(=O)N(C)CCc1cc(C(=O)NC(=O)N3CCCCC3)cn1-2,2 5 14 40 77 91 196 314 322 352 369 406 435 464 486 493 564 605 650 695 718 735 761 781 807 817 841 875 879 926 930 935 941 1028 1057 1119 1142 1145 1152 1153 1168 1185 1199 1228 1290 1295 1302 1351 1380 1385 1389 1401 1423 1468 1480 1482 1496 1510 1527 1536 1563 1604 1693 1717 1738 1750 1817 1826 1865 1873 1881 1902 1915 1917 1958 1972 1982 1998 2009 2043
1472,CCN1C(=O)NC(=CC2=Cc3ccc(cc3CN(C)C(C)=O)C2(F)F)C1=O,1 15 34 57 80 83 84 122 160 251 281 292 294 314 323 334 459 484 507 543 556 586 588 618 643 650 694 733 771 807 816 839 875 881 935 1017 1055 1057 1060 1114 1163 1196 1205 1272 1287 1300 1306 1349 1362 1380 1386 1388 1409 1427 1448 1502 1513 1565 1574 1588 1604 1715 1750 1815 1821 1844 1861 1873 1878 1900 1917 1928 1942 2021 2026
1473,CCCCCCCCCCCCCCCOC(=O)OCCOCC,13 19 46 80 96 98 145 147 161 170 178 245 258 294 332 351 418 422 445 461 463 526 591 650 695 789 794 807 809 858 892 897 942 959 968 969 1026 1032 1057 1065 1136 1143 1164 1187 1209 1224 1234 1238 1243 1249 1313 1444 1494 1531 1558 1585 1646 1649 1663 1734 1890 1911 1917 1992
1474,CC(=O)n1c(=O)[nH]c(=O)c2ccc(NC(=O)NCC(C)C)cc21,1 16 20 26 45 53 77 80 184 191 197 230 237 283 312 320 384 427 515 552 576 592 606 630 650 666 687 750 758 807 817 843 875 891 910 916 932 935 947 959 1017 1057 1060 1075 1114 1132 1152 1162 1214 1240 1282 1300 1308 1314 1326 1351 1357 1374 1380 1388 1464 1469 1479 1547 1615 1661 1692 1728 1733 1736 1745 1750 1788 1816 1847 1850 1873 1898 1903 1917 1989 1990 2000 2007 2026 2034 2040 2043
1475,CN1CCN(CC(=O)n2cnc(=O)[nH]c2=O)CC1,14 74 80 105 207 260 268 270 277 314 368 377 378 386 390 402 410 467 512 568 578 588 604 650 651 654 662 729 758 807 867 889 917 926 932 935 948 1009 1114 1121 1123 1145 1162 1169 1178 1236 1248 1312 1380 1398 1452 1480 1508 1567 1590 1641 1714 1745 1753 1791 1811 1815 1835 1873 1917 1932 1945 1976 1987 2017
1476,CC(=O)N(C)CCCNC(=O)NC(=O)Nc1ccccn1,16 50 65 80 94 185 197 200 222 232 288 297 315 323 331 334 354 378 425 448 473 530 566 650 665 667 678 725 735 760 807 827 836 881 946 968 993 1017 1055 1057 1080 1088 1099 1119 1152 1155 1163 1199 1211 1236 1237 1261 1273 1281 1314 1320 1362 1380 1452 1456 1493 1587 1588 1601 1652 1713 1750 1816 1849 1851 1866 1873 1876 1911 1917 1921 1926 1929 1951 1989 1992 2022 2046
1477,N#Cc1cccc(N2CCN(c3cccc4nnccc34)C(CN3CCCC3)C2=O)c1,5 46 64 80 166 171 174 193 281 289 305 314 353 368 372 378 424 505 575 589 610 616 650 655 674 684 689 739 740 779 790 811 819 820 845 875 898 900 908 918 926 935 952 953 989 1004 1019 1026 1028 1039 1041 1049 1066 1067 1088 1097 1110 1118 1136 1153 1164 1295 1344 1357 1373 1380 1422 1441 1443 1457 1475 1480 1483 1578 1581 1586 1605 1645 1647 1691 1706 1711 1734 1740 1741 1750 1768 1776 1791 1792 1793 1825 1832 1840 1866 1873 1880 1896 1909 1913 1950 1975 1998 2044
1478,CCOC(=O)c1ccncc1-c1nc2c(-c3cc(F)ccn3)ccc(OC)c2n1C,32 44 79 80 94 95 99 145 146 147 158 249 271 275 294 332 352 378 385 410 435 564 628 650 657 675 680 689 692 695 699 731 759 787 807 809 839 841 856 875 935 949 980 1036 1057 1104 1137 1145 1147 1173 1208 1214 1238 1291 1298 1366 1380 1406 1440 1443 1452 1459 1467 1469 1487 1492 1530 1535 1536 1548 1549 1556 1563 1586 1603 1621 1646 1670 1673 1722 1724 1750 1814 1834 1841 1855 1866 1873 1899 1917 1928 1946 1970 1985 1991
1479,Cn1cc(-c2ccc(C(CCN3CCCCC3)Cc3ccc(Cl)cc3)cc2)c2ccccc21,1 2 45 49 79 154 193 213 216 222 254 292 310 340 352 365 452 511 561 570 680 682 739 755 788 815 816 851 857 879 896 926 933 935 946 1028 1045 1048 1057 1065 1070 1088 1114 1128 1145 1156 1160 1177 1199 1217 1233 1270 1276 1285 1303 1355 1357 1363 1365 1374 1380 1387 1409 1422 1425 1435 1437 1444 1455 1469 1474 1480 1482 1491 1507 1532 1541 1573 1646 1683 1746 1750 1754 1791 1794 1797 1801 1844 1873 1891 1920 1982 1998
1480,COc1ccc(C(=O)CCCCCCCCOC(=O)c2ccc(C)cc2)cc1,13 80 145 147 189 227 235 399 451 504 507 593 606 650 695 718 762 781 807 831 835 837 841 892 904 907 926 962 1020 1057 1058 1080 1119 1143 1158 1249 1252 1267 1282 1380 1385 1387 1445 1451 1485 1522 1536 1559 1564 1592 1598 1618 1619 1650 1656 1693 1697 1722 1734 1750 1823 1830 1846 1867 1873 1876 1885 1888 1911 1917 1920 1942 1944 2017 2033
1481,CC(=O)N1CCCCC=C(C)C(=O)N2CCN3CC2CN(CC1)C3=O,35 92 97 169 207 210 273 275 308 314 326 356 359 369 407 438 497 518 532 542 556 568 573 588 650 684 739 754 795 807 811 829 843 879 880 889 926 935 953 985 1017 1019 1028 1035 1057 1078 1129 1134 1147 1214 1226 1276 1300 1331 1339 1346 1380 1438 1480 1508 1546 1589 1590 1604 1628 1647 1662 1687 1692 1718 1722 1768 1781 1811 1840 1892 1910 1917 1939 1994 1998 2009 2027 2028 2037
1482,COC1=CC=c2ccccc2=CC=C1OC(N)=O,65 114 140 147 180 209 341 365 371 408 421 447 457 461 498 516 522 561 588 626 635 650 695 725 740 743 774 785 807 841 867 879 919 933 982 1057 1085 1088 1100 1171 1199 1249 1250 1309 1364 1380 1409 1476 1492 1511 1535 1536 1640 1655 1656 1683 1697 1729 1740 1750 1786 1812 1834 1873 1877 1917 1939 2010
1483,O=C1NCCN2C(=O)N(C(=O)c3ccc4cccc1c4c3)c1ccc(Br)cc1S2(=O)=O,5 19 92 128 203 207 210 221 245 294 303 305 314 330 352 381 430 446 469 492 501 524 536 557 628 633 650 686 693 714 728 760 766 812 831 862 875 879 890 896 900 909 923 926 933 935 950 956 963 978 980 984 985 990 1039 1087 1088 1103 1104 1114 1157 1160 1295 1317 1337 1357 1358 1370 1380 1423 1453 1470 1480 1589 1621 1631 1648 1657 1661 1667 1686 1742 1748 1750 1775 1783 1796 1830 1845 1855 1866 1873 1911 1915 1948 1955 1968 2030
1484,CC(C)(C)C1CCC2(C)C(c3ccccc3)OCC3C4CCC(C)(CC41C)C32,53 80 105 114 160 176 214 223 329 389 392 422 432 470 487 492 500 508 519 529 576 622 656 716 733 742 756 802 806 824 901 912 918 919 926 946 979 1019 1020 1022 1057 1060 1086 1088 1111 1115 1160 1162 1180 1199 1210 1259 1264 1274 1278 1279 1280 1285 1320 1325 1367 1380 1387 1391 1429 1466 1477 1480 1495 1528 1534 1550 1570 1618 1648 1656 1659 1663 1664 1718 1724 1750 1785 1821 1873 1899 1906 1923 1951 1952 1976 1997 2000 2040 2046
1485,CC1(C)OC(=O)N(C(=O)N2CCCCC2)C(C)(C)C1(C)C,2 41 45 52 91 111 123 184 285 287 309 314 369 405 454 479 496 549 565 608 632 645 650 656 691 698 772 799 807 875 898 915 926 935 941 982 985 1028 1045 1057 1143 1155 1165 1274 1282 1290 1336 1354 1380 1440 1447 1449 1459 1480 1505 1555 1585 1631 1716 1751 1755 1820 1831 1842 1878 1883 1890 1904 1908 1917 1940 1957 1989 1998 2002 2009 2038
1486,COCCn1c(-c2ccc(F)c(OC)c2)c(N)c2ccc(OC)cc21,13 17 34 35 45 54 80 165 215 216 241 247 249 267 275 283 284 322 424 427 486 498 552 692 695 699 718 722 724 781 795 802 837 841 845 846 875 882 896 925 935 954 969 1005 1050 1057 1087 1120 1145 1160 1171 1242 1290 1315 1349 1357 1363 1380 1402 1457 1536 1544 1583 1586 1598 1608 1676 1713 1733 1750 1782 1840 1854 1873 1914 1928 1951 1970 1972 1979 1980 1981 1987
1487,C=CC=Cc1ccc(C(=O)c2ccccccc3ccccc3nc2=O)cc1C(=O)N(CC)Cc1ccccc1Cl,9 11 80 110 134 167 192 289 294 295 314 359 361 366 378 383 389 392 398 405 432 469 507 561 594 600 636 650 694 727 756 771 784 801 807 835 847 932 961 974 978 1008 1037 1047 1057 1087 1088 1096 1097 1098 1134 1199 1221 1253 1266 1332 1341 1349 1366 1376 1380 1385 1426 1430 1439 1445 1447 1466 1499 1504 1531 1597 1609 1634 1645 1669 1683 1697 1750 1778 1813 1855 1861 1873 1900 1917 1951 1991 1996 2019
1488,N#CSc1nc2ccccc2n1CCOc1ccccc1,0 45 54 60 63 80 116 247 289 322 357 378 389 404 436 518 551 562 596 621 630 674 695 717 730 747 777 790 802 827 835 851 906 935 942 986 1018 1028 1034 1052 1088 1093 1097 1125 1145 1195 1198 1199 1215 1242 1250 1285 1292 1366 1380 1384 1438 1450 1452 1458 1540 1678 1685 1701 1832 1854 1855 1873 1876 1912 2004
1489,COC(=O)n1c2c(NC(=O)OCCOC(C)(C)C)n(c1=O)CC2,5 13 80 101 114 147 180 182 258 264 290 297 314 392 448 473 504 508 515 616 633 650 659 676 695 697 747 771 781 794 800 807 841 926 935 992 995 1057 1065 1087 1093 1152 1156 1163 1199 1224 1243 1265 1268 1282 1316 1326 1353 1380 1409 1422 1429 1482 1496 1620 1638 1695 1738 1758 1770 1816 1822 1827 1859 1885 1894 1917 2008 2024
1490,CCOC(=O)CCCCCCOC(=O)c1ccc(C)cc1,13 50 59 80 89 111 118 145 147 202 235 254 294 338 526 606 636 677 690 695 765 777 798 807 883 896 927 1018 1057 1079 1143 1167 1191 1207 1212 1238 1249 1254 1267 1278 1331 1344 1354 1380 1385 1386 1399 1403 1468 1522 1564 1592 1697 1734 1750 1823 1873 1910 1911 1917 1920 1940 2008 2015 2033
1491,CC(C)(C=CC(=O)NC1C(=O)N(CCN2CC2)CCN2CCOCC12)c1ccccc1,5 10 13 24 31 46 74 80 100 114 128 148 172 188 197 229 233 295 314 346 356 361 380 387 389 392 393 414 422 435 438 512 523 533 593 650 655 656 675 694 719 802 807 926 935 948 950 1019 1023 1057 1088 1089 1145 1152 1158 1181 1199 1233 1242 1251 1268 1321 1365 1367 1380 1388 1417 1421 1441 1446 1447 1480 1482 1498 1542 1548 1570 1575 1606 1613 1631 1645 1689 1750 1791 1792 1803 1812 1817 1846 1854 1873 1893 1917 1923 1972 2017
1492,CC1=NN2C(=CC=C3C(N)=CC=C3N3CCOC3=O)C=CN=C2N1C,2 13 21 46 79 127 132 139 149 188 191 204 225 292 313 314 332 378 425 433 441 547 566 590 608 650 656 694 721 738 767 778 791 804 839 873 890 926 933 935 950 964 997 1000 1025 1057 1092 1112 1120 1137 1145 1171 1172 1249 1278 1310 1335 1342 1348 1358 1362 1380 1419 1434 1449 1457 1480 1487 1512 1516 1533 1543 1626 1662 1695 1719 1720 1722 1726 1813 1820 1851 1856 1873 1947 1953 2012
1493,CCCCCCCCCCCC=CC#CC(=O)O,80 178 201 258 294 368 389 401 503 504 554 588 591 619 650 674 694 716 775 783 786 791 794 807 837 860 980 1030 1038 1040 1057 1073 1143 1196 1197 1199 1245 1278 1327 1356 1440 1444 1448 1489 1496 1510 1524 1559 1564 1577 1635 1693 1698 1733 1744 1778 1793 1850 1869 1911 1917 1930 1959 1967 2007 2038
1494,COc1cc(C(F)(F)F)ccc1N1CCC(N2CCCN(C)S2(=O)=O)CC1,72 92 114 121 153 171 172 194 207 231 249 308 335 348 395 407 416 469 470 504 559 650 695 717 731 735 760 775 809 815 841 847 875 926 927 935 941 958 981 982 985 1019 1027 1028 1057 1083 1136 1145 1155 1199 1206 1260 1295 1311 1325 1348 1380 1412 1417 1453 1480 1492 1495 1522 1536 1596 1612 1625 1626 1664 1665 1750 1787 1804 1817 1873 1910 1915 1924 1928 1953 1969 1970 1991 2011
1495,CN1CCC(N2CCOc3ccc([N+](=O)[O-])nc32)C1,13 29 74 92 102 130 180 207 236 297 337 364 378 421 441 443 489 521 539 584 597 625 631 634 650 656 657 682 684 695 696 702 715 731 739 753 777 824 825 838 847 882 890 913 915 926 935 950 961 970 975 993 1019 1035 1052 1057 1100 1145 1195 1201 1247 1281 1325 1362 1366 1380 1410 1417 1464 1480 1529 1534 1571 1575 1631 1632 1652 1666 1750 1780 1831 1855 1873 1905 1910 1936 1963 1986 2039
1496,COc1cccn1CCN1CCN(C(=O)c2nc3cc(Cl)ccc3o2)CC1=O,80 90 93 95 128 141 155 165 182 216 248 295 297 304 314 349 378 385 392 473 534 546 561 632 650 656 695 715 724 741 798 803 807 816 841 848 857 875 879 900 926 935 969 975 987 1003 1057 1074 1088 1089 1097 1100 1101 1111 1112 1145 1191 1197 1275 1318 1322 1380 1453 1454 1455 1480 1481 1504 1506 1523 1533 1536 1548 1571 1585 1589 1599 1601 1604 1683 1691 1750 1797 1808 1810 1819 1823 1855 1871 1873 1899 1917 1946 2009
1497,CCCN(CCCC(CC)N1C(=O)C2=CC=C3C2=CC(=C3Cl)S1(=O)=O)CC(C)C,1 15 77 78 80 84 135 142 148 160 207 213 228 246 251 273 283 291 294 297 314 374 442 469 518 550 561 618 632 650 674 682 693 694 701 739 794 832 873 875 877 879 881 901 935 990 1057 1063 1064 1115 1129 1167 1182 1204 1249 1280 1296 1380 1391 1407 1414 1433 1441 1445 1473 1490 1513 1544 1580 1581 1587 1606 1607 1629 1631 1683 1696 1711 1761 1847 1860 1870 1873 1886 1893 1911 1919 1951 1983 2002 2043 2046
1498,CC(=O)Nc1ccc(C(=O)OCCN2CCOCC2)cc1,13 47 64 79 80 85 114 145 147 166 169 178 191 224 245 256 379 383 416 494 509 523 530 533 606 609 633 637 650 656 695 807 843 849 924 926 935 950 998 1017 1047 1057 1067 1077 1096 1105 1145 1152 1195 1242 1319 1355 1380 1385 1405 1410 1441 1448 1480 1482 1522 1534 1570 1592 1697 1712 1750 1789 1790 1791 1816 1849 1873 1879 1917 1980
1499,O=C1NCCN(CCn2nc[nH]c2=O)C1=CC=C1c2cc3ccccc3cc21,43 66 73 80 101 115 149 155 158 208 210 305 314 315 322 352 369 374 378 418 430 435 484 485 522 546 650 659 675 681 682 694 696 713 758 806 835 853 867 875 890 894 906 926 935 942 980 993 997 1000 1030 1042 1043 1078 1087 1088 1089 1095 1096 1114 1116 1120 1127 1129 1145 1189 1199 1207 1268 1380 1417 1455 1480 1527 1543 1548 1592 1601 1637 1657 1688 1705 1750 1790 1845 1851 1855 1866 1873 1916 1930 1984 2025
1500,CCOC(C)(C)OC(=O)COC(=O)c1ccc(-c2nc3cc(Cl)c(Cl)cc3s2)[nH]c1=O,1 67 80 114 122 145 147 162 167 197 220 231 256 291 294 327 348 351 357 360 366 371 378 392 402 448 476 524 543 561 570 595 604 611 633 650 675 695 746 750 758 774 807 864 874 875 885 892 976 1057 1097 1103 1114 1138 1169 1182 1198 1238 1284 1317 1324 1357 1380 1382 1384 1386 1450 1554 1574 1647 1648 1669 1673 1683 1723 1745 1747 1750 1757 1796 1855 1861 1873 1887 1899 1917 1934 1948 1969 1991 1997 2004
1501,CNC(=Nc1onc2c1c(=O)[nH]c(=O)n2C)NC,25 112 117 156 195 226 248 304 314 345 373 378 403 432 499 541 564 580 581 595 615 650 656 725 750 758 759 782 790 807 825 828 839 935 961 1006 1029 1057 1061 1106 1114 1145 1152 1160 1203 1281 1318 1323 1380 1388 1398 1430 1447 1469 1481 1485 1542 1574 1578 1595 1613 1662 1671 1690 1696 1713 1722 1745 1767 1799 1848 1936 1984 1994 2041
1502,COc1ccc2nc1NC(=O)C(N(C)C)CN1CCCN3CCN(CCC31)C2=O,8 74 94 98 159 164 166 225 229 237 249 289 314 335 344 347 378 379 399 407 474 492 528 579 610 617 650 653 695 699 739 752 799 800 827 830 841 877 879 881 893 907 922 926 935 950 980 1019 1025 1028 1034 1057 1060 1083 1114 1148 1163 1325 1341 1380 1405 1473 1480 1508 1523 1524 1536 1629 1633 1640 1675 1691 1692 1728 1736 1750 1758 1768 1778 1832 1836 1854 1855 1873 1892 1924 1970 1996 1997 2014 2020 2026
1503,CC(C)(C)C(=Cc1ccc(NC(=O)Nc2ccccc2)cc1)NS(C)(=O)=O,25 46 56 66 73 96 114 147 164 191 268 278 307 321 349 350 374 376 389 392 409 455 528 536 556 613 650 673 686 692 694 703 744 776 797 807 816 843 935 944 947 948 954 975 1057 1077 1088 1124 1152 1199 1205 1263 1313 1380 1423 1476 1496 1542 1638 1665 1697 1746 1816 1873 1917 1989 1990 2001 2033 2034
1504,CN(C(=Nc1cccc(Br)c1)c1ccc2ccccc2c1)c1cccnc1,54 122 143 160 203 278 288 322 328 365 366 378 406 437 475 485 498 509 559 588 598 704 725 728 745 764 766 796 807 810 849 875 881 883 889 892 906 909 935 979 1019 1034 1039 1043 1057 1086 1087 1088 1096 1140 1163 1172 1199 1212 1233 1327 1350 1374 1380 1385 1400 1407 1448 1485 1491 1535 1586 1603 1613 1631 1697 1703 1717 1750 1753 1816 1827 1854 1855 1873 1904 1910 1950
1505,CCCCCCCN(C)C(=O)c1ccc2sc3ccc1c2n3,9 20 67 69 80 122 134 139 158 162 174 191 226 294 334 366 378 549 591 623 650 673 675 751 792 794 797 807 823 881 885 922 949 964 985 1004 1034 1055 1057 1066 1120 1123 1143 1160 1163 1172 1181 1184 1193 1221 1272 1319 1354 1357 1380 1414 1435 1444 1473 1541 1629 1652 1658 1664 1669 1687 1724 1733 1734 1750 1751 1759 1775 1855 1867 1873 1889 1890 1911 1917 1927 1943 1951 1953 1991 2007
1506,O=c1c2cc3ccc(c4c3n[nH]c24)n1CCOc1ccccc1,13 20 45 74 80 102 125 128 160 184 203 308 314 322 326 353 378 389 393 442 450 472 475 504 562 586 650 695 704 774 776 796 801 802 870 893 902 921 935 938 978 1034 1088 1095 1114 1145 1199 1250 1253 1272 1307 1342 1357 1380 1452 1530 1556 1607 1616 1696 1717 1750 1787 1832 1844 1854 1855 1873 1900 1914 1954 1963 1981 1984 2004 2021 2023
1507,CC(O)C(NC(=O)N1CCCC1)C(C(=O)Nc1ccccc1)N1CCCCC1,1 22 28 34 87 107 109 117 128 134 155 158 191 198 206 218 227 283 347 348 369 389 407 430 448 502 524 564 568 573 617 627 635 650 703 769 785 798 807 848 903 906 926 935 954 961 974 1008 1028 1049 1057 1077 1088 1102 1116 1127 1152 1199 1265 1351 1379 1380 1468 1480 1492 1592 1644 1663 1664 1692 1693 1750 1761 1796 1816 1836 1873 1917 1998 2009
1508,COc1nc2ccc1cc2C=CC(=O)OCCCCOC(=O)c1ccccc1,13 31 44 80 134 145 147 168 176 203 225 257 292 359 378 389 401 454 472 476 494 529 537 606 632 650 667 694 695 704 732 760 780 786 807 835 841 875 923 947 955 961 973 1007 1027 1033 1057 1064 1073 1088 1097 1123 1132 1199 1209 1235 1249 1272 1368 1376 1380 1385 1504 1522 1536 1578 1588 1592 1630 1640 1679 1697 1734 1750 1842 1855 1873 1904 1911 1917 1975 1985 2000 2033
1509,COc1cc(Cl)c(C(=O)N2CCOC(C(=O)OC(C)C)=N2)cc1Cl,1 11 69 127 129 134 145 162 183 249 264 266 283 317 327 333 366 367 378 379 408 441 445 450 525 539 561 585 592 622 650 656 695 753 760 778 782 807 841 875 878 926 935 950 1057 1092 1093 1110 1120 1147 1172 1253 1320 1346 1362 1365 1373 1380 1447 1480 1488 1504 1536 1565 1573 1576 1638 1683 1685 1692 1711 1794 1809 1847 1873 1891 1917 1935 1941 1953 1970 1975 1978 1991 2008
1510,CCCN(C)CCCN(C)c1nc2cscc2s1,13 80 119 121 122 151 162 212 237 263 264 294 342 378 448 457 477 483 489 506 517 526 545 552 554 583 628 634 675 677 714 730 736 750 794 865 881 885 915 964 1006 1057 1069 1097 1101 1102 1104 1125 1140 1145 1163 1236 1260 1273 1318 1380 1399 1486 1488 1511 1530 1531 1579 1608 1638 1659 1683 1701 1711 1748 1757 1761 1769 1782 1812 1855 1873 1902 1911 1951 1977 1982 2004
1511,CNC(=O)Nc1ccc(C(C)=Cc2ccc(Nc3cc(F)ccc3C(F)(F)F)cc2)cc1,25 38 57 58 74 86 114 154 184 191 229 233 262 279 325 343 345 376 419 491 552 623 639 650 694 699 766 797 807 809 819 843 875 916 931 984 993 1017 1029 1077 1122 1141 1152 1196 1224 1233 1257 1266 1316 1362 1380 1385 1410 1426 1430 1453 1487 1524 1597 1606 1623 1666 1670 1694 1697 1719 1746 1750 1784 1816 1829 1873 1905 1917 1928 1938 1970 1989 1990 2006 2033
1512,COC(=O)c1ccc(C(=O)N2C(C(=O)c3ccc(OC)c(Br)c3OC)C2C(C)C(=O)OC)c2ccccc12,1 11 31 54 63 65 67 94 102 145 147 177 249 275 283 291 299 317 323 333 336 644 650 695 709 724 728 749 757 776 807 841 875 892 896 906 935 936 962 1006 1019 1038 1057 1075 1083 1088 1094 1107 1112 1152 1199 1204 1207 1238 1247 1291 1327 1335 1351 1357 1380 1423 1458 1471 1480 1504 1514 1521 1536 1570 1573 1588 1599 1631 1642 1654 1676 1735 1750 1773 1807 1812 1824 1873 1911 1917 1935 1970 1991
1513,CC1(C)CCN1C(=O)N1CCC(C(=O)Nc2cccs2)CC1,14 68 125 161 171 241 250 260 285 393 408 487 501 511 521 526 531 538 541 543 559 650 652 675 689 710 737 773 782 785 786 807 873 926 935 973 974 1019 1055 1057 1060 1063 1083 1088 1120 1152 1162 1184 1226 1228 1232 1233 1246 1269 1271 1274 1275 1277 1306 1325 1372 1460 1480 1537 1567 1569 1599 1619 1638 1643 1648 1665 1750 1758 1804 1816 1837 1851 1873 1917 1932 1940 1959 1976 1993 2000 2003 2009 2038 2045
1514,CCOC(C)CCOC(=CC=Cc1ccc(OC)cc1OC)c1ccc(C(=O)OC)cc1,1 13 52 80 95 109 117 124 145 147 224 233 237 249 283 294 302 316 322 407 432 513 525 591 595 606 635 640 644 650 694 695 718 739 762 774 781 807 835 841 875 895 906 914 961 966 1052 1056 1057 1084 1097 1152 1238 1241 1247 1319 1363 1365 1380 1385 1435 1486 1499 1512 1536 1609 1697 1715 1718 1750 1776 1779 1868 1873 1917 1961 1970 1972 1974
1515,CCCCCCCCCCCCCCCOB(O)O,12 13 57 80 184 204 271 289 294 299 357 460 473 502 591 594 618 635 638 679 695 706 728 794 804 807 823 871 907 1043 1045 1057 1143 1184 1187 1189 1249 1262 1291 1292 1327 1345 1361 1377 1384 1426 1442 1444 1491 1565 1574 1589 1612 1703 1706 1741 1796 1831 1865 1911 2011 2023 2030
1516,CC(=O)OCc1ccc2c(-c3cccs3)cccc2c1-c1[nH]cnc1C(=O)O,14 47 80 147 151 155 187 196 241 322 352 378 383 389 456 490 516 580 588 605 650 671 675 695 713 745 774 803 806 807 818 834 842 846 901 939 970 979 984 1017 1035 1039 1040 1057 1088 1110 1111 1114 1148 1297 1311 1342 1349 1357 1380 1395 1452 1487 1496 1512 1529 1547 1548 1567 1572 1573 1578 1584 1585 1592 1594 1666 1701 1723 1730 1732 1733 1741 1747 1748 1750 1770 1779 1786 1873 1917 2036
1517,O=C(NC(=Nc1ccccc1C(=O)O)c1ccccc1)c1ccccc1,18 54 122 181 190 253 289 375 389 401 456 486 518 562 650 724 725 745 748 803 807 852 905 926 930 1047 1082 1088 1119 1147 1152 1158 1192 1199 1209 1246 1270 1276 1291 1378 1380 1385 1445 1447 1528 1584 1604 1613 1615 1665 1670 1750 1757 1784 1817 1849 1873 1879 1897 1902 1912 1917 1930 1985 1991 2000 2037
1518,Cc1ncccc1C(=O)N(C)CCCn1ccc2ccccc21,18 32 45 80 92 114 193 214 221 300 334 350 378 435 448 571 650 670 710 715 746 781 807 815 858 881 935 941 944 955 1043 1052 1055 1057 1087 1088 1092 1101 1143 1145 1150 1156 1163 1197 1199 1221 1233 1280 1285 1347 1354 1380 1447 1452 1455 1466 1470 1509 1541 1652 1679 1687 1713 1717 1722 1750 1785 1794 1820 1840 1855 1866 1873 1911 1917 1922 1951 1991 2025 2029 2031
1519,CC(=O)OC(=O)C1(C)COC(=O)C1,28 69 97 135 182 196 213 257 314 351 399 403 441 466 523 562 650 655 656 695 716 733 807 818 833 840 871 882 898 926 940 970 1017 1035 1040 1057 1060 1067 1093 1133 1154 1224 1274 1323 1378 1380 1407 1464 1544 1574 1629 1882 1917 1942 1959 1960 2030
1520,CN(Cc1ccccc1)C(=O)NC=C1C(=O)c2ccc1s2,50 57 62 80 105 162 178 193 236 239 241 264 314 334 389 393 467 489 495 507 650 658 675 685 686 689 694 696 717 748 781 805 807 881 883 885 888 900 910 976 978 991 1057 1066 1088 1093 1120 1147 1148 1152 1163 1164 1199 1207 1246 1278 1300 1311 1354 1380 1423 1469 1476 1488 1513 1554 1592 1602 1607 1618 1665 1670 1686 1748 1750 1754 1779 1789 1818 1844 1846 1857 1873 1917 1940 1968 1972 1994
1521,COC(F)(F)c1cc(Br)ccc1OCc1ccc2cc(C(=NC#N)N3CCCCC3=O)ccc2c1,80 87 94 107 111 113 114 145 194 203 299 310 314 322 364 399 419 457 459 493 567 650 674 682 695 725 728 735 745 766 790 798 807 818 834 835 841 855 857 875 890 902 904 909 926 935 1028 1057 1066 1157 1162 1182 1209 1226 1230 1237 1248 1264 1277 1284 1308 1317 1380 1384 1385 1387 1432 1433 1452 1453 1457 1463 1480 1509 1625 1631 1670 1697 1715 1732 1738 1750 1754 1757 1766 1770 1784 1796 1805 1834 1855 1872 1873 1882 1926 1928 1933 1950 1952 1970 1993 1998 2020 2021
1522,NC(=O)C(F)(F)c1ccc(Cl)cc1,2 108 114 140 216 260 500 522 548 561 580 604 650 693 714 761 807 816 858 878 935 1070 1082 1110 1142 1171 1218 1283 1358 1380 1417 1424 1436 1453 1501 1522 1537 1605 1657 1665 1683 1716 1726 1741 1750 1807 1873 1917 1928
1523,CCCN1C(=O)NC=CSC1=Nc1nnc(-c2ccccc2Cl)n1C,15 31 33 43 47 80 93 124 153 204 255 281 294 312 314 344 352 364 366 378 381 424 430 469 477 478 502 545 552 561 564 574 588 650 675 681 701 704 705 725 741 794 810 832 877 935 941 974 984 1003 1030 1057 1088 1108 1110 1114 1145 1164 1175 1182 1199 1203 1238 1255 1311 1332 1356 1358 1369 1380 1391 1399 1418 1431 1443 1508 1580 1606 1627 1636 1647 1653 1683 1687 1722 1745 1750 1769 1855 1873
1524,CN(C)CCn1nc(-c2ccncn2)n(-c2ccccc2)c1=O,47 51 58 71 80 158 216 250 255 257 278 305 314 378 389 434 489 506 517 521 557 601 628 650 652 662 693 739 753 760 771 818 881 899 922 935 937 964 965 980 1022 1036 1049 1061 1075 1085 1088 1093 1121 1124 1145 1159 1163 1199 1201 1208 1281 1312 1316 1350 1373 1393 1452 1465 1603 1666 1722 1723 1750 1825 1832 1866 1873 1880 1899 1914 1924 1947 1951 1956 1976 1979 1993 1996 2029
1525,CCN(CCc1nc2ccccc2c(=O)[nH]1)C(=O)c1ccc(NS(C)(=O)=O)c(=O)o1,61 80 83 146 213 243 264 278 289 294 310 314 334 350 378 389 396 409 500 551 583 586 643 644 650 656 662 667 668 692 739 750 770 807 808 871 881 913 932 945 978 1008 1057 1088 1097 1114 1152 1171 1199 1221 1224 1243 1270 1300 1314 1317 1338 1357 1380 1381 1465 1468 1476 1500 1516 1546 1573 1604 1624 1680 1684 1698 1702 1737 1745 1750 1753 1754 1772 1792 1813 1830 1855 1856 1891 1903 1904 1914 1917 1936 1940 1944 1949 1951 1958 1972 2026
1526,O=C1NC2=CC=C(C(F)(F)F)c3ccc2nc3NCCN2CCN1C2,47 90 96 114 118 121 151 203 210 217 289 305 314 334 352 378 407 461 471 473 481 502 572 650 680 682 723 728 743 744 761 765 776 809 813 851 870 890 907 922 926 935 939 980 1007 1025 1057 1060 1070 1200 1211 1225 1249 1272 1336 1380 1390 1453 1479 1480 1507 1508 1573 1619 1624 1692 1699 1750 1773 1804 1833 1855 1866 1873 1891 1928 1942 2016 2042
1527,COC1=CC=C1OCCN1CCN(C(C)(C)C)C(=O)c2ccccc2S1(=O)=O,13 73 80 98 114 175 182 186 207 209 218 314 315 317 349 352 355 375 392 408 454 469 501 513 650 695 703 717 725 794 811 836 841 844 865 879 893 925 926 935 942 950 956 984 990 1057 1088 1103 1116 1145 1182 1192 1199 1207 1249 1250 1309 1380 1394 1400 1409 1428 1452 1476 1480 1492 1494 1518 1526 1536 1585 1612 1624 1669 1683 1692 1697 1715 1750 1832 1863 1873 1877 1930 1948 1996 2029
1528,CC(=O)N1CCCC1C(=O)N1CCC(C)N(S(=O)(=O)c2cccc3ccc(C(F)(F)F)cc23)CCCC1C,18 38 114 117 147 193 203 227 242 263 350 354 373 390 392 445 446 451 458 462 498 531 545 600 650 688 711 734 800 807 809 817 843 863 875 893 926 935 956 972 992 1017 1019 1028 1039 1057 1084 1087 1088 1101 1104 1196 1226 1260 1267 1269 1293 1309 1325 1328 1344 1356 1357 1380 1417 1453 1466 1476 1480 1505 1508 1517 1519 1522 1535 1569 1573 1575 1650 1656 1665 1681 1686 1701 1715 1750 1808 1823 1839 1855 1873 1885 1917 1919 1928 1942 1979
1529,CN(CCN(C(=O)c1ccccc1)c1nccc2ccccc12)c1ccccc1,38 55 80 119 133 137 167 181 211 252 259 261 288 333 354 374 378 389 401 439 460 508 543 552 587 624 649 650 654 701 721 783 787 807 878 881 990 1041 1046 1057 1068 1087 1088 1092 1096 1101 1104 1130 1163 1199 1202 1221 1224 1228 1250 1289 1333 1351 1357 1380 1385 1390 1418 1452 1480 1481 1508 1511 1555 1573 1611 1629 1660 1721 1739 1749 1750 1798 1855 1866 1867 1873 1885 1896 1917 1941 1944 1951 1957 1985 2006 2013
1530,CC(=O)OC(C)C=CC=Cc1c(N)ncc2cc(-c3ccccc3)[nH]c12,1 34 59 69 103 142 147 149 171 194 283 347 350 378 386 389 408 432 437 440 460 479 491 521 533 559 574 639 649 650 667 678 694 695 736 743 767 770 772 807 819 826 831 833 835 857 867 875 877 925 938 1008 1017 1035 1046 1053 1057 1075 1088 1114 1160 1171 1197 1199 1222 1237 1239 1268 1274 1286 1312 1324 1333 1380 1394 1437 1452 1457 1459 1461 1475 1529 1530 1535 1538 1564 1613 1624 1745 1772 1806 1839 1846 1855 1873 1885 1887 1917 1994 2002
1531,COc1cccc(C(F)(F)CCCc2nc3ncc2[nH]3)c1,20 70 80 114 119 120 164 166 237 245 322 350 378 442 449 459 461 474 562 573 581 598 668 676 695 773 781 817 823 841 875 914 999 1039 1043 1057 1063 1088 1095 1104 1114 1123 1243 1260 1283 1308 1380 1397 1417 1450 1452 1453 1459 1476 1492 1507 1535 1536 1585 1603 1622 1657 1670 1729 1745 1750 1782 1795 1800 1818 1835 1851 1855 1857 1869 1873 1878 1897 1900 1903 1904 1911 1928 1947 1972 2011 2017 2032
1532,COc1cccc(-n2nc(C(=O)NCCc3ccccc3)n(C)c2=O)c1,8 29 55 66 80 152 166 170 173 197 277 300 314 315 322 330 378 389 469 486 497 560 562 563 564 612 639 650 667 695 768 771 781 801 807 814 828 841 875 891 908 919 935 944 979 999 1039 1040 1045 1047 1049 1055 1057 1066 1073 1088 1115 1145 1152 1199 1243 1301 1380 1415 1418 1422 1435 1460 1503 1507 1536 1567 1617 1643 1659 1697 1750 1754 1762 1825 1828 1852 1873 1899 1917 1956 1972 1981 2039
1533,N#Cn1c(=O)n(Cc2ccccc2)c(=O)n1CNC(=O)c1ccccc1,38 80 197 222 261 265 272 286 288 292 314 335 344 389 486 514 550 555 559 596 630 650 674 717 755 771 790 802 807 866 885 909 935 940 1026 1065 1066 1088 1089 1152 1380 1384 1385 1411 1483 1593 1597 1601 1617 1640 1644 1650 1662 1665 1670 1683 1738 1750 1754 1762 1765 1873 1917 1973 1985 2044
1534,CCOC(=O)c1ccccc1C(=O)NCCCCC(=O)NC(=O)NC(C)=O,8 41 45 63 80 136 145 147 197 230 245 249 286 294 313 316 382 443 486 523 560 592 625 650 667 683 693 694 695 718 757 759 762 767 807 823 869 991 1017 1050 1051 1057 1064 1088 1107 1119 1152 1173 1192 1199 1210 1212 1238 1267 1301 1317 1332 1373 1380 1447 1552 1564 1673 1718 1722 1750 1757 1766 1769 1795 1796 1838 1873 1876 1893 1911 1917 1971 1989 1991 2007
1535,CC(C)(CCCCCN1C(=O)c2ccccc21)c1ccc(F)cc1,1 74 80 90 99 114 182 222 249 294 295 310 314 352 392 465 499 529 588 642 650 690 699 741 756 777 851 855 860 866 879 893 899 935 984 1049 1057 1067 1088 1131 1143 1145 1151 1199 1205 1216 1234 1295 1308 1316 1336 1371 1374 1380 1391 1410 1426 1450 1470 1506 1535 1591 1594 1641 1647 1665 1670 1688 1693 1713 1750 1755 1825 1873 1900 1911 1921 1922 1928 1949 1991
1536,O=C1NC2CCC1=Cc1cc(C(F)(F)F)ccc1N(c1cccc(Cl)c1)CC(O)C2O,12 84 90 97 114 144 188 197 216 218 237 296 300 301 314 431 452 561 592 600 623 650 690 693 696 716 779 795 800 801 803 807 809 836 846 849 858 859 875 913 920 926 935 936 942 952 993 1019 1021 1039 1049 1088 1114 1118 1129 1159 1257 1260 1295 1310 1325 1343 1380 1411 1417 1436 1438 1442 1448 1453 1456 1457 1487 1497 1502 1511 1522 1641 1657 1665 1683 1728 1738 1750 1758 1825 1849 1853 1873 1882 1892 1915 1928 1933 1945
1537,N#Cc1ccsc1-c1cc(F)ccc1NC(=O)Nc1ccc(NC(=O)Nc2ccccc2)cc1,14 56 79 117 166 171 191 227 270 274 296 335 352 361 389 413 430 451 490 510 554 573 581 618 642 650 664 674 675 699 703 728 790 807 843 875 944 1008 1030 1045 1077 1088 1121 1136 1152 1168 1174 1199 1224 1308 1314 1326 1334 1370 1375 1380 1384 1404 1410 1423 1472 1487 1498 1512 1514 1550 1565 1567 1670 1675 1706 1719 1750 1816 1824 1840 1856 1862 1873 1878 1891 1917 1928 1931 1989 1990 2002
1538,CC(C)(CN1C(=O)CCCCC1=O)C(=O)NS(=O)(=O)c1ccccc1,52 80 87 114 211 243 307 310 314 319 331 347 350 354 389 392 502 509 551 575 588 592 622 650 652 662 664 798 807 808 847 883 909 912 926 935 955 961 999 1003 1013 1028 1054 1057 1077 1087 1088 1152 1182 1185 1199 1254 1307 1330 1344 1350 1380 1403 1476 1563 1576 1631 1636 1697 1725 1738 1750 1752 1763 1788 1811 1873 1897 1917 1924 1969
1539,COC(=O)CSc1ccc(C(=O)O)cc1,80 95 98 106 116 119 125 174 194 195 221 230 231 265 273 294 298 341 389 432 456 502 543 547 597 609 617 637 650 695 763 803 807 811 824 841 1018 1031 1057 1127 1129 1138 1152 1227 1255 1380 1385 1386 1434 1452 1474 1569 1588 1622 1697 1750 1808 1826 1843 1873 1917 1959 1974 2037
1540,COc1cnc(O)nc1NC1COP(=O)([O-])OC1C1OC(C)C(C(O)C(O)COP(=O)([O-])O)O1,1 80 97 105 111 116 118 163 166 173 176 181 192 203 209 214 221 227 232 249 340 358 360 364 378 397 432 486 501 509 549 563 650 652 656 695 708 715 721 722 731 757 783 807 810 837 841 846 888 924 926 1019 1048 1057 1110 1123 1128 1136 1144 1149 1152 1217 1230 1256 1262 1264 1276 1307 1309 1348 1358 1361 1375 1380 1403 1452 1470 1518 1535 1536 1589 1596 1602 1643 1667 1689 1704 1716 1717 1766 1777 1804 1813 1831 1838 1853 1855 1858 1873 1879 1887 1904 1921 1923 1970 2004 2005 2009 2020 2034 2044
1541,COc1ccc2c(OC)c3nc(-c4cccc(F)c4)sc(N(C)C)c-3c2c1,26 49 60 112 141 162 183 188 189 230 297 305 322 323 325 333 371 378 388 393 422 428 464 483 484 596 614 675 695 697 699 718 735 736 753 781 793 841 871 875 881 905 909 913 952 958 961 974 1027 1034 1039 1041 1042 1057 1062 1088 1107 1160 1163 1193 1219 1236 1238 1262 1286 1339 1357 1358 1375 1376 1380 1424 1453 1487 1509 1514 1521 1536 1583 1599 1660 1670 1709 1715 1733 1747 1750 1773 1811 1851 1855 1873 1877 1901 1928 1934 1949 1966 1972 1980 2002 2005
1542,O=S(=O)(CCCC1CCCC1)CS(=O)(=O)N1CCCCC1,2 8 29 34 80 92 114 120 146 206 259 347 348 350 366 481 484 522 539 575 585 606 623 650 699 712 717 781 832 890 908 926 935 984 997 1019 1028 1042 1119 1143 1177 1202 1208 1222 1239 1240 1305 1325 1403 1459 1476 1480 1589 1602 1603 1628 1726 1911 1982 1998
1543,O=C(c1ccc(Cl)cc1)C1CCC(O)C1Oc1cccc2c1OCO2,29 45 110 127 136 175 190 209 216 227 228 242 266 292 328 339 414 441 450 524 559 561 578 611 618 619 630 650 656 695 711 750 807 812 816 827 849 903 905 926 971 1019 1023 1039 1049 1063 1070 1084 1088 1120 1180 1196 1229 1257 1292 1294 1325 1349 1350 1367 1380 1385 1394 1410 1448 1464 1471 1473 1481 1489 1499 1533 1540 1590 1595 1598 1632 1642 1659 1683 1697 1715 1729 1750 1758 1779 1789 1800 1802 1819 1832 1863 1873 1901 1917 1936 1970 1973 1978 2030
1544,Cc1ncc(F)c(=O)n1CC1CCCCC1,2 29 78 79 80 103 143 155 214 234 236 241 250 264 302 314 336 378 392 427 433 484 504 541 600 650 699 700 735 791 802 832 866 889 890 891 895 908 917 926 935 936 1002 1018 1019 1028 1029 1057 1085 1098 1124 1187 1325 1356 1374 1378 1380 1443 1452 1535 1564 1583 1628 1722 1738 1792 1813 1823 1831 1840 1873 1928 1941 1973
1545,Cc1nc2n(Cc3ccccc3)c1C1=CC=C2NC(=O)N1,19 80 83 92 111 179 212 287 289 314 324 333 335 378 389 470 473 475 573 611 614 650 691 709 716 760 768 781 802 815 895 935 947 967 976 977 991 1020 1049 1057 1060 1066 1088 1110 1114 1148 1199 1200 1232 1316 1380 1437 1464 1483 1588 1595 1599 1661 1683 1722 1744 1750 1754 1762 1765 1809 1821 1829 1833 1855 1873 1967 1974 1993 2008
1546,Cn1c(NC(=O)Nc2ccccc2)nccc1=O,10 56 135 140 143 148 157 173 186 191 232 253 298 314 345 359 378 389 416 436 544 564 650 672 703 750 757 787 807 853 935 964 987 994 1035 1057 1077 1081 1088 1141 1145 1152 1159 1165 1181 1199 1217 1284 1376 1380 1411 1423 1452 1471 1498 1524 1658 1661 1680 1716 1718 1803 1816 1865 1866 1873 1906 1917 1961 1989 1990 2020
1547,CCCCN(CCCN1CCCC1)C(=Nc1ccccc1Cl)c1ccc(Cl)cc1,18 53 80 105 108 150 214 216 233 234 245 263 294 348 366 410 492 557 561 573 591 653 660 725 752 782 794 803 807 816 872 881 895 926 930 935 955 960 970 974 978 1007 1028 1046 1057 1062 1070 1088 1125 1127 1145 1185 1187 1199 1221 1231 1272 1339 1378 1380 1385 1422 1435 1443 1480 1482 1505 1540 1546 1593 1597 1613 1645 1683 1697 1703 1718 1750 1765 1816 1871 1873 1888 1911 1951 1998 2011 2040
1548,CN(C)CNc1nc2c(C(F)(F)F)c3ccc4cc(c5cc-2ccc5c3n1)n4C,33 45 73 80 81 90 114 164 233 286 287 304 307 323 350 364 366 378 395 422 457 466 510 522 564 574 580 592 627 647 652 666 697 714 774 809 829 848 875 881 892 896 897 901 909 926 935 942 945 999 1057 1065 1076 1080 1122 1145 1152 1160 1163 1197 1208 1251 1272 1284 1299 1357 1380 1416 1425 1453 1509 1535 1570 1582 1611 1632 1724 1733 1742 1750 1763 1794 1836 1853 1855 1866 1873 1878 1887 1928 1961 1965 1971 1979 1994 2040
1549,Cc1ncc(C)c2[nH]c(-c3cc(F)cc(C(=O)N4CCCCC4)c3)cc12,2 92 93 101 102 107 114 139 156 202 259 264 293 316 344 346 369 370 442 447 468 472 497 579 650 664 699 716 767 804 806 807 875 921 926 935 942 978 1009 1026 1028 1034 1057 1058 1114 1160 1206 1222 1226 1296 1324 1345 1357 1385 1391 1452 1457 1480 1492 1504 1519 1530 1535 1542 1548 1609 1617 1619 1648 1670 1691 1718 1722 1745 1746 1767 1780 1828 1873 1917 1928 1998 2002 2009 2033
1550,C=Cc1cccc(S(=O)(=O)N2CCN(c3ccc(OC)cc3OC)CC2)c1,87 123 125 148 157 182 227 231 249 268 273 319 322 350 361 366 407 575 580 585 635 650 663 694 695 718 757 760 781 800 813 841 875 907 926 935 936 958 984 1008 1039 1057 1076 1088 1161 1253 1284 1295 1340 1353 1366 1380 1394 1409 1476 1480 1484 1508 1529 1536 1568 1578 1586 1607 1645 1729 1750 1761 1804 1806 1815 1873 1887 1903 1915 1942 1970 1972 1987 2033
1551,O=C1CCCCCCN2C(=O)CN(C(=O)OCCCO1)C2=O,2 3 17 47 92 98 107 110 133 168 203 215 310 314 321 343 356 409 418 441 448 467 472 496 575 591 608 612 637 643 650 656 778 782 798 805 879 881 926 930 935 950 970 995 1003 1028 1045 1083 1091 1166 1217 1324 1330 1380 1390 1391 1457 1468 1480 1481 1506 1512 1517 1533 1543 1571 1594 1616 1709 1741 1919 1923 1946 1958 1998 2040
1552,O=C(O)c1[nH]cc2cc(-c3ccccc3)cc2nc2ncn3cccccc4[nH]c1c2nc1nc3ncc14,0 28 72 84 97 125 130 205 260 266 311 352 378 389 408 411 456 577 600 624 650 721 736 753 783 791 792 798 806 807 809 862 932 934 935 944 954 959 960 981 990 1054 1088 1113 1114 1123 1133 1147 1160 1185 1199 1204 1247 1249 1252 1264 1272 1277 1282 1302 1357 1358 1371 1380 1381 1382 1410 1416 1418 1434 1446 1448 1452 1516 1530 1535 1557 1637 1657 1672 1702 1715 1724 1745 1750 1767 1769 1840 1855 1873 1879 1907 1917 1924 1962 1989 2003 2011 2014 2020 2033 2040
1553,COC(=O)c1ccccc1C=C(C)C=Cc1cc(C(=O)N2CCCN(Cc3ccccc3)CC2)cs1,17 31 74 80 119 145 227 304 322 345 348 356 369 389 399 431 441 453 497 552 562 563 650 691 694 695 701 753 784 807 809 835 841 875 891 897 906 926 935 936 942 961 967 968 1003 1017 1028 1040 1057 1066 1083 1088 1099 1104 1152 1155 1179 1199 1223 1248 1288 1374 1380 1385 1387 1393 1395 1422 1434 1447 1461 1480 1493 1531 1567 1587 1589 1677 1686 1742 1746 1750 1754 1757 1762 1765 1768 1771 1791 1817 1825 1837 1851 1873 1917 1975 1983 1991 2000
1554,CC(O)C1ON=C2N=C3SCCCN3C(c3ccccc3N3CCCCC3=O)=C2O1,1 15 35 37 46 105 140 191 199 215 227 257 283 310 314 329 352 358 374 378 403 420 426 441 444 451 509 533 576 579 609 650 656 675 687 722 723 750 764 789 798 807 811 912 926 927 935 954 963 966 984 988 999 1019 1020 1028 1057 1088 1093 1139 1182 1199 1295 1327 1368 1380 1419 1449 1457 1477 1480 1504 1594 1647 1693 1701 1710 1720 1722 1750 1760 1782 1826 1836 1845 1873 1912 1914 1998 2029
1555,CN(C)C(=O)Nc1nc(C=CC(=O)NCCOc2cccc3ccccc23)cs1,13 31 73 80 84 117 141 187 193 197 206 286 327 340 353 378 385 409 414 420 490 518 521 537 552 563 584 589 650 667 675 694 695 708 717 726 733 763 807 835 881 912 1007 1047 1052 1057 1058 1087 1088 1092 1104 1112 1113 1133 1152 1163 1181 1199 1214 1303 1332 1357 1363 1380 1410 1432 1442 1452 1462 1492 1518 1567 1573 1653 1655 1688 1750 1752 1768 1790 1807 1816 1831 1855 1864 1873 1897 1906 1917 1970 1978 1999 2001 2003 2007 2027
1556,C1=CC2C=C(N2)S1,51 62 63 97 111 193 236 238 242 301 360 377 381 397 414 473 480 510 515 522 628 643 667 675 703 718 725 769 820 858 878 918 1019 1033 1060 1083 1099 1114 1190 1200 1209 1220 1232 1372 1380 1391 1407 1411 1438 1481 1484 1489 1506 1508 1627 1653 1671 1788 1802 1873 1881 1986
1557,CC(=C(C1CCCCC1)[N+](=O)[O-])C(C)(C)C,2 8 23 41 47 110 114 128 225 228 238 268 270 305 385 392 434 436 438 465 473 526 566 597 645 650 671 674 710 715 722 745 753 779 807 838 890 908 926 1017 1019 1028 1057 1105 1110 1121 1132 1193 1195 1218 1245 1264 1314 1325 1425 1439 1479 1529 1544 1558 1624 1705 1820 1868 1871 1897 1938 1963 1986 1990 2014 2024 2037
1558,O=[N+]([O-])C(C=C(F)Cc1cccc([N+](=O)[O-])c1)=Cc1ccc(F)cc1,4 25 80 88 90 118 149 163 210 310 325 356 376 381 392 393 397 398 410 473 480 509 594 598 613 644 694 699 715 742 753 764 786 790 807 818 825 834 838 841 859 864 875 944 964 973 1001 1039 1051 1052 1054 1065 1066 1087 1088 1113 1120 1158 1195 1229 1251 1274 1380 1396 1410 1479 1514 1525 1539 1544 1610 1670 1695 1746 1750 1754 1773 1809 1822 1849 1872 1873 1928 1940 1958 1959 1963 1967 2000 2005 2033 2044
1559,COCC(C(=O)Nc1nn(C#N)cc1C(F)(F)c1ccccc1)c1nnc[nH]1,1 13 57 80 114 118 151 157 189 190 219 225 255 281 322 352 378 387 389 419 451 453 464 475 510 550 551 573 596 632 635 638 645 650 656 674 695 708 713 714 719 720 789 790 797 803 806 807 837 841 920 935 998 1005 1012 1048 1057 1088 1107 1114 1139 1151 1152 1164 1171 1199 1256 1267 1300 1316 1327 1349 1370 1380 1384 1411 1417 1441 1453 1470 1499 1501 1523 1587 1620 1686 1695 1750 1764 1779 1787 1815 1816 1862 1906 1917 1928 1947 1956 2017 2020 2042
1560,COc1ccc2c(C(=O)O)c(Cl)ccc2c1,9 115 130 203 238 254 317 321 322 366 367 380 389 455 456 480 512 531 547 558 561 586 650 666 671 692 695 704 718 724 740 781 807 835 836 841 846 875 954 955 1014 1039 1057 1081 1107 1140 1180 1229 1239 1357 1380 1388 1394 1492 1536 1552 1593 1636 1683 1733 1750 1817 1855 1863 1873 1917 1972 2025 2032
1561,CSC(=O)N(CC(=O)NC1C(=O)NC2CCOC(=O)C2C1(C)C)C(=O)N1CCSCC1,34 41 49 80 97 110 116 165 191 195 201 203 228 232 239 251 283 301 306 314 322 327 334 336 387 394 410 431 441 477 549 550 597 614 647 650 656 675 683 719 731 789 802 804 806 807 881 926 935 941 950 975 1019 1034 1057 1073 1077 1114 1124 1144 1146 1152 1155 1171 1174 1181 1190 1196 1263 1274 1283 1325 1374 1380 1464 1480 1503 1525 1584 1592 1619 1640 1645 1648 1667 1691 1692 1711 1716 1719 1722 1834 1858 1905 1917 1969 1974 1989 2017 2045
1562,C=C(OCCCC(O)C(NC(=O)c1cccc(F)c1)c1cccc(F)c1)c1c[nH]nc1C,1 13 16 56 80 92 117 142 147 201 227 230 293 303 361 378 432 469 486 526 529 560 623 644 650 681 695 699 739 787 807 867 875 888 934 954 973 991 1017 1022 1039 1040 1057 1088 1096 1102 1114 1130 1152 1186 1239 1244 1253 1255 1266 1335 1342 1365 1366 1380 1385 1442 1446 1487 1491 1502 1530 1578 1581 1637 1670 1697 1722 1734 1747 1750 1769 1780 1820 1873 1879 1911 1917 1928 1969 1985 1987 1991 1997 2004 2011 2038
1563,CN1CCCC(N2CC(N(C)C(=O)c3cccc4c(=O)sc-4cc3)CCC2=O)C1,16 22 29 33 62 67 92 145 162 180 187 207 234 237 314 327 352 355 446 552 570 587 589 634 650 675 684 739 798 807 809 813 834 851 861 881 926 935 945 974 978 984 1000 1019 1028 1031 1039 1050 1057 1078 1088 1142 1145 1163 1164 1217 1221 1293 1302 1325 1349 1380 1385 1417 1444 1466 1480 1487 1525 1650 1661 1670 1697 1701 1733 1738 1750 1815 1836 1873 1910 1912 1917 1923 1984 1985 1993 1994 2044
1564,COC(=O)C(C)(C)c1cc2oc=2c1=O,16 30 70 114 133 176 181 287 297 314 335 343 392 419 429 461 500 525 574 634 650 656 695 696 734 761 793 799 807 831 841 845 875 876 904 963 976 1000 1041 1057 1119 1152 1160 1178 1179 1217 1273 1328 1342 1380 1386 1387 1440 1449 1461 1487 1502 1513 1532 1568 1594 1604 1622 1625 1788 1873 1878 1917 1929 2026 2037
1565,COc1ccccc1-c1c2c(C)c(OC)c(c1OC1C(O)C1O)CC2,26 39 60 79 171 249 252 265 288 314 315 320 333 338 352 361 415 438 480 496 511 524 589 641 653 658 666 675 695 706 710 745 807 841 874 907 926 984 1019 1041 1057 1069 1088 1146 1172 1177 1187 1199 1214 1257 1317 1380 1386 1410 1423 1447 1487 1506 1532 1536 1550 1563 1599 1600 1687 1719 1722 1738 1742 1747 1750 1761 1765 1779 1780 1784 1802 1869 1873 1884 1892 1942 1950 1970 1983
1566,O=C(c1ccsc1)N1CCN2Cc3ccccc3SC2=N1,14 20 59 91 127 147 183 197 211 235 236 245 286 295 325 342 346 378 392 397 407 499 527 552 554 559 631 645 650 675 691 807 855 896 926 933 935 949 980 987 988 1076 1081 1088 1112 1131 1173 1187 1199 1236 1297 1380 1385 1399 1419 1443 1452 1480 1490 1504 1508 1529 1641 1708 1750 1754 1769 1834 1873 1892 1917 1946 1953 1977 1998 2000 2044 2047
1567,O=C1NC2=NC(=Cc3ccccc3)N1C=N2,7 125 138 150 213 261 281 314 316 355 368 378 389 410 552 625 650 694 739 782 803 813 821 852 906 927 934 935 938 951 996 1016 1060 1068 1083 1088 1091 1114 1119 1168 1179 1198 1199 1204 1215 1352 1353 1380 1382 1402 1467 1481 1556 1611 1630 1736 1737 1750 1764 1773 1778 1803 1851 1861 1873 1876 1903 1942 1950 1954 2033
1568,CC(C)=NC(=O)N(C)Cc1ccc(C)c(C)n1,31 74 78 80 92 113 158 206 269 315 334 378 456 467 507 513 543 581 593 645 650 724 750 794 801 807 821 850 871 881 892 927 979 1036 1057 1058 1107 1119 1128 1163 1168 1226 1251 1281 1356 1364 1380 1391 1411 1468 1489 1526 1528 1545 1574 1578 1582 1627 1691 1722 1750 1855 1873 1900 1917 1933 1945 1998
1569,CN(C)C(=O)N=C(C(=O)c1cccnc1)C(=O)c1cccc(Br)c1,4 11 23 43 49 83 121 124 249 267 294 378 409 436 437 453 485 584 629 650 702 708 725 728 732 749 756 766 807 823 859 871 875 881 891 895 909 925 968 1018 1025 1039 1043 1057 1067 1088 1146 1155 1163 1257 1281 1341 1352 1380 1385 1431 1466 1501 1535 1553 1578 1586 1603 1611 1627 1631 1653 1655 1683 1750 1821 1866 1873 1875 1917 1930 1947 1962 1985 2014 2034
1570,CNc1c(Oc2ccc(OC)cc2)c(NC(=O)OC)nc2ccccc12,9 16 19 23 105 140 152 193 212 233 289 292 294 333 359 378 381 389 392 446 505 527 529 547 650 662 667 679 693 695 697 708 718 728 739 781 807 831 841 884 931 951 996 1042 1048 1057 1088 1097 1152 1199 1234 1259 1283 1314 1348 1357 1380 1430 1444 1449 1491 1498 1536 1573 1581 1617 1644 1651 1680 1704 1750 1758 1770 1816 1855 1873 1917 1921 1960 1979 2015 2016 2018 2034 2038
1571,O=C(O)CN(C(=O)c1c(C(=O)O)sc2ccccc2c1=O)C(=O)C1CCCC1,20 80 111 121 140 151 159 162 314 389 403 429 456 461 474 480 525 567 586 605 650 675 765 781 807 808 874 881 885 887 890 900 926 970 974 1019 1026 1028 1061 1088 1121 1138 1148 1190 1199 1205 1214 1221 1248 1265 1325 1348 1353 1357 1380 1386 1417 1445 1452 1528 1573 1648 1672 1690 1735 1737 1744 1750 1785 1807 1826 1842 1873 1882 1890 1894 1900 1901 1917 1974
1572,O=C(CCNC(=O)c1cccnc1)NC(=O)COc1ccc(Cl)cc1,8 41 80 86 102 104 107 168 192 197 216 259 265 282 322 325 363 378 382 392 396 425 426 437 486 494 561 602 606 650 667 695 718 733 746 750 807 816 889 898 911 922 1043 1070 1088 1119 1125 1152 1166 1205 1213 1312 1324 1370 1378 1380 1385 1405 1452 1535 1538 1564 1586 1603 1683 1744 1750 1820 1824 1835 1866 1873 1887 1900 1906 1917 1944 1962 1985 2004 2015 2022 2028 2037
1573,CCOC(=O)CCCC(=O)Nc1nc(C)cc(Cl)c1OC,38 41 59 64 80 94 147 197 290 294 333 361 366 378 391 400 447 464 502 537 561 640 650 670 677 695 708 806 807 841 855 875 911 932 957 977 985 1039 1051 1057 1065 1152 1177 1186 1213 1225 1238 1320 1332 1380 1382 1386 1399 1409 1432 1472 1507 1520 1536 1557 1564 1570 1581 1599 1601 1631 1641 1670 1683 1710 1718 1722 1731 1753 1772 1783 1816 1850 1855 1873 1896 1911 1917 1967 2017 2033 2045
1574,CCOCC(NC(=Cc1cccc(C(F)(F)F)c1)N=C(C)c1ccc(F)cc1OC(F)(F)F)c1ccccc1,1 36 67 80 114 117 118 240 255 261 291 293 294 335 373 389 409 427 459 493 548 550 554 574 609 642 643 664 669 694 695 699 703 725 807 809 818 833 875 878 892 953 1017 1039 1047 1052 1056 1057 1088 1120 1130 1144 1149 1152 1155 1157 1184 1199 1238 1260 1292 1311 1317 1345 1353 1365 1370 1380 1402 1409 1410 1417 1419 1442 1453 1461 1465 1487 1503 1522 1523 1581 1590 1605 1608 1627 1645 1652 1670 1678 1709 1746 1750 1755 1759 1767 1873 1879 1904 1928 1964 1970 1975 1991 1992 2017 2031 2033
1575,CCCCCCCCCCCCC1NC(=O)OC1CCCC,56 80 165 167 294 298 301 314 334 371 381 429 438 531 533 591 610 618 650 656 750 794 823 832 856 963 987 1001 1014 1019 1051 1053 1057 1066 1101 1114 1141 1143 1211 1212 1222 1224 1263 1283 1284 1287 1288 1380 1409 1444 1448 1487 1523 1534 1539 1582 1584 1594 1676 1692 1748 1750 1752 1812 1874 1911 2019 2026 2043
1576,COc1cc([N+](=O)[O-])cc2c(Cl)cc(Cl)c(C3=C(C(=O)OC(F)(F)F)c4ccc([N+](=O)[O-])cc4CC3)c12,27 98 114 122 145 166 173 206 231 249 278 283 326 327 352 364 366 381 390 406 410 423 538 561 638 650 680 695 701 715 719 753 756 792 807 838 841 875 899 926 1021 1057 1064 1089 1095 1151 1191 1236 1251 1274 1276 1331 1332 1345 1357 1362 1368 1376 1380 1386 1387 1388 1397 1399 1409 1424 1451 1453 1512 1525 1536 1539 1553 1571 1618 1650 1657 1665 1683 1690 1691 1717 1718 1738 1743 1747 1750 1754 1809 1814 1873 1917 1919 1928 1940 1963 1970 1973 1984 2022 2029 2037
1577,NC(=O)CC=C(NC(=CC=Cc1cc2ccccc2[nH]c1=O)c1ccccc1)C(=O)Nc1ccccc1,3 26 80 99 119 140 168 191 257 258 263 309 314 317 366 389 393 416 432 454 466 479 488 499 646 650 694 703 708 738 750 758 774 807 827 835 875 936 961 977 1013 1035 1071 1077 1087 1088 1100 1103 1107 1114 1118 1119 1128 1138 1152 1171 1199 1210 1233 1251 1319 1331 1377 1380 1385 1398 1414 1499 1505 1507 1587 1608 1609 1613 1624 1627 1636 1637 1667 1714 1745 1750 1752 1783 1816 1817 1834 1854 1855 1873 1898 1903 1908 1913 1914 1917 1953 1985 1995
1578,CCCN(C)C1C(=O)NC1C(=O)C=C(C(=NC#N)c1ccc(C(F)(F)F)cc1-c1ccccc1)c1ccc(OC)cc1,0 67 80 91 114 120 129 139 149 159 222 257 272 283 290 294 301 314 322 336 352 357 389 407 412 501 549 569 614 643 650 653 654 662 673 674 684 694 695 699 718 725 726 735 736 746 781 790 794 807 809 830 831 838 841 851 875 881 890 1019 1034 1057 1088 1114 1120 1132 1160 1163 1168 1199 1250 1260 1272 1304 1331 1347 1380 1384 1385 1391 1417 1436 1453 1522 1536 1542 1554 1570 1580 1635 1665 1683 1686 1697 1709 1750 1761 1766 1779 1873 1890 1917 1928 1951 1966 1991
1579,COC(=Cc1cc2ccc1cc2OC)c1ccc(C(=O)NC(=O)NC2CCNC2=O)cc1,2 30 32 43 61 109 117 149 190 203 214 233 237 245 249 285 305 314 338 387 407 424 454 462 486 487 495 552 557 570 639 650 681 694 695 723 807 841 875 879 906 926 930 961 973 1011 1019 1034 1053 1057 1114 1119 1122 1129 1142 1152 1166 1179 1197 1216 1224 1298 1303 1325 1340 1351 1380 1385 1390 1412 1424 1461 1499 1521 1536 1562 1567 1665 1667 1689 1697 1714 1730 1750 1778 1792 1825 1833 1841 1855 1866 1893 1903 1917 1935 1970 1989 2000 2009
1580,N#CCNC(=O)C(C=CS(=O)(=O)O)=Cc1ccc(Br)c(Cl)c1,25 80 86 88 109 116 149 173 197 223 238 321 350 366 383 449 507 561 590 592 640 650 674 694 705 720 722 723 728 736 750 790 806 807 833 875 908 936 991 1057 1078 1089 1152 1210 1225 1234 1262 1373 1380 1384 1431 1437 1459 1476 1494 1500 1523 1586 1588 1609 1631 1654 1683 1707 1732 1739 1746 1750 1752 1759 1807 1829 1865 1867 1873 1910 1917 1956 1959 2023 2025 2033
1581,CCC1C2C(=O)N(CCOc3cc(C)c4ccccc4c3)C(=O)N1CC2C,5 13 19 21 24 80 92 131 158 170 192 197 222 291 294 311 314 321 322 351 363 384 394 421 588 628 644 650 672 684 695 732 739 751 804 832 835 836 839 843 875 887 888 907 926 935 1019 1034 1057 1063 1082 1087 1088 1119 1129 1141 1145 1159 1199 1219 1270 1301 1309 1332 1342 1357 1380 1391 1409 1410 1423 1452 1454 1457 1466 1470 1481 1485 1523 1563 1573 1575 1687 1688 1722 1735 1750 1832 1837 1847 1855 1859 1873 1919 1925 1985 1991 2017
1582,CN(C=CC=Nn1ccn(C)c1=NC=CC(=O)NC(=O)N(C)C(N)=O)C(=O)Nc1cccnc1,0 31 37 46 74 80 103 106 140 154 168 175 191 193 202 236 304 315 325 328 360 368 378 401 432 437 462 505 563 643 650 660 682 688 694 700 703 713 725 776 807 809 881 935 985 1017 1043 1057 1064 1088 1092 1101 1119 1126 1145 1152 1155 1163 1165 1167 1171 1174 1181 1182 1243 1314 1315 1364 1380 1382 1385 1409 1418 1427 1437 1440 1535 1536 1537 1572 1586 1607 1633 1687 1689 1743 1750 1770 1816 1818 1866 1873 1884 1917 1957 1993 2003 2009 2028 2046
1583,O=c1c2ccc(s2)n1CCCNc1ncc(S(=O)(=O)N2CCC2)cn1,8 36 61 80 108 109 122 151 162 304 314 319 350 366 378 380 437 492 504 526 539 544 585 650 667 675 721 757 766 778 800 802 885 926 935 947 958 1028 1035 1049 1065 1066 1069 1083 1084 1112 1145 1152 1157 1177 1181 1282 1350 1360 1374 1380 1383 1390 1414 1416 1418 1447 1452 1476 1480 1514 1525 1526 1531 1535 1554 1565 1582 1620 1627 1636 1640 1676 1708 1713 1750 1841 1873 1911 1934 1972 2036
1584,COc1ccc(C(=Nc2ccc(OC)cc2OC)C(=O)N2CCN3C(=O)OC(C)C2C3=O)cc1,5 18 44 110 113 126 182 195 199 242 249 277 314 321 322 340 393 416 428 434 459 496 502 566 574 608 609 635 650 653 656 695 718 722 725 750 775 776 781 789 807 811 821 831 841 875 883 884 925 926 935 959 1019 1057 1078 1110 1131 1181 1183 1188 1213 1214 1219 1230 1232 1238 1301 1309 1316 1380 1385 1386 1398 1454 1457 1480 1492 1533 1536 1594 1613 1697 1718 1750 1873 1895 1903 1917 1970 1972 1980 2013
1585,COC1CCC(C(O)C2Oc3c(c4ccc3o4)O2)C(OC2CCCCC2)O1,1 2 14 29 66 75 81 119 125 159 175 190 196 225 227 246 275 289 413 427 429 475 491 559 625 633 637 656 695 710 715 721 750 754 777 807 832 837 841 890 908 926 937 939 944 1004 1019 1028 1042 1045 1057 1059 1128 1147 1170 1175 1194 1195 1197 1245 1294 1323 1325 1346 1364 1380 1381 1384 1457 1483 1504 1509 1548 1572 1580 1591 1594 1602 1604 1682 1728 1749 1750 1759 1796 1808 1810 1837 1841 1843 1873 1882 1889 1921 1949
1586,CCCS(=O)(=O)C1=CC2=CSc3n[n-]c1c3C=C(Cl)C=[N+](C)c1cc(Cl)cc(c1)S(=O)(=O)N2C,79 80 84 86 92 104 195 207 218 224 292 294 317 320 350 357 362 369 378 400 438 449 463 469 481 485 511 523 540 556 561 606 610 634 646 650 654 658 664 673 675 679 690 707 733 770 794 830 834 838 839 861 864 875 894 916 935 937 948 990 997 1048 1057 1058 1103 1109 1145 1171 1174 1188 1259 1281 1289 1326 1351 1380 1391 1420 1427 1449 1451 1454 1459 1476 1478 1498 1509 1525 1564 1659 1683 1692 1695 1709 1714 1729 1737 1747 1748 1755 1786 1795 1811 1825 1870 1873 1885 1917 1936
1587,Cn1c(=O)n2nc1c1oc(-c3ccccc3C(=O)Nc3ccc(C(F)(F)F)cc3)cc12,45 59 63 114 121 133 162 191 194 314 330 352 378 383 399 412 460 486 522 526 534 558 564 588 650 656 732 760 771 780 807 809 843 847 855 856 863 874 875 935 980 984 1002 1024 1057 1077 1088 1114 1145 1152 1199 1204 1251 1260 1348 1349 1357 1363 1380 1402 1417 1430 1447 1453 1500 1527 1547 1551 1572 1575 1586 1592 1604 1642 1651 1664 1665 1696 1750 1801 1802 1816 1819 1825 1842 1873 1899 1916 1917 1928 1948 1956 1962 1978 1981 1990 1991
1588,COc1ccc2c(c1)nc(NC(=O)Nc1ccccc1)n2CCC(=O)OCC1CCCCC1,2 4 29 45 52 56 80 81 102 123 147 150 157 189 191 259 261 306 322 364 378 389 445 455 484 521 589 599 616 647 650 670 677 695 703 718 781 802 807 841 859 868 871 875 876 890 926 935 940 978 985 1019 1028 1032 1045 1057 1077 1088 1097 1130 1136 1145 1152 1163 1183 1199 1235 1238 1251 1301 1310 1325 1332 1336 1380 1386 1394 1502 1530 1536 1546 1554 1574 1579 1611 1648 1673 1689 1713 1814 1816 1855 1858 1863 1873 1912 1917 1972 1978 1980 1989 1990 1996 2020 2021
1589,CC1(C)CCN(S(=O)(=O)c2ccccc2)CC2C(CCN2C(=O)c2ccc3c(n2)S3)C1,14 38 134 191 218 242 252 319 350 366 374 378 389 403 438 519 541 564 575 585 649 650 675 679 728 739 744 747 757 762 800 807 809 830 837 854 855 893 919 926 935 947 949 1012 1019 1034 1057 1060 1074 1088 1162 1173 1175 1199 1203 1214 1230 1247 1274 1294 1325 1335 1342 1369 1380 1476 1480 1487 1504 1517 1597 1624 1627 1656 1689 1726 1749 1750 1789 1792 1823 1855 1866 1873 1883 1911 1917 2000 2034 2044
1590,O=c1[nH]c(=O)c2c([nH]1)=CC=CC=C(F)C=2,23 84 103 139 245 294 314 333 418 445 471 535 582 637 650 699 727 750 768 786 789 792 862 905 959 969 1065 1103 1114 1133 1203 1249 1339 1349 1370 1380 1398 1409 1418 1436 1496 1550 1561 1589 1601 1620 1627 1641 1663 1670 1676 1743 1745 1756 1841 1859 1872 1873 1928 1949 1965 1970 1974 2000 2004 2036 2039
1591,CC(=O)c1ccc(C(=O)Nc2ccc(C)cc2)s1,0 12 47 65 80 83 130 132 162 191 235 263 278 340 380 384 397 407 419 444 466 470 486 523 531 584 623 649 650 658 675 711 722 807 843 872 886 898 923 925 941 951 978 1017 1047 1050 1057 1076 1077 1148 1152 1166 1328 1355 1364 1380 1385 1411 1456 1473 1499 1509 1647 1722 1750 1759 1816 1818 1820 1823 1873 1884 1914 1917 1920 1978 2023
1592,COc1ccc(C(=O)Nc2ccc(C(=O)Nc3cc(I)ccc3I)cc2)cc1,29 123 176 189 191 225 259 300 322 420 481 486 570 582 597 650 651 661 695 707 718 755 781 786 807 815 824 831 841 843 875 883 888 922 923 947 1057 1077 1115 1126 1142 1146 1152 1208 1224 1277 1289 1303 1313 1321 1336 1344 1364 1368 1377 1380 1385 1493 1494 1502 1536 1594 1605 1665 1697 1722 1750 1775 1789 1795 1802 1816 1825 1832 1839 1848 1857 1873 1909 1917 1937 1944 1978 1989 1994
1593,COc1ccccc1Nc1nnc(SC)n1N1CCCC1,65 116 157 186 188 200 249 262 335 347 348 378 385 394 444 491 557 600 606 630 640 662 682 684 695 747 761 772 841 902 926 935 965 1028 1030 1057 1060 1067 1088 1152 1161 1164 1170 1175 1195 1199 1200 1217 1224 1247 1257 1284 1291 1336 1380 1406 1410 1449 1472 1480 1536 1559 1671 1696 1723 1731 1750 1843 1873 1905 1910 1930 1970 1978 1998 2015 2028 2030
1594,O=[N+]([O-])c1ccc2c(c1)-c1ncnc-2c1CCN1CCN2CCOCC2C1,15 30 74 80 177 218 228 241 259 276 298 302 308 319 323 352 355 378 422 489 509 523 530 537 558 636 650 656 680 715 739 753 756 777 782 838 848 851 869 875 926 935 949 950 981 1016 1019 1055 1070 1087 1105 1121 1129 1145 1187 1195 1209 1225 1242 1243 1263 1274 1294 1315 1350 1371 1380 1395 1441 1446 1448 1452 1480 1491 1504 1505 1510 1531 1580 1594 1736 1747 1748 1750 1774 1791 1809 1810 1814 1854 1873 1903 1910 1923 1940 1963 1986 1998 2034 2039 2045 2046
1595,COc1ccc(NC(=O)c2nc3c(C)nc2n3CCCCCN2C(=O)CCc3ccccc32)cc1,31 80 92 94 153 160 177 185 191 314 322 378 413 422 432 486 490 493 515 565 571 588 626 650 686 695 701 709 718 781 783 798 802 807 829 831 841 843 844 858 893 923 935 957 1006 1010 1018 1034 1048 1057 1065 1077 1086 1088 1104 1128 1131 1143 1145 1151 1152 1199 1211 1219 1230 1236 1242 1295 1296 1330 1356 1380 1384 1409 1470 1489 1536 1620 1641 1647 1651 1665 1696 1705 1708 1722 1738 1750 1762 1795 1797 1804 1816 1855 1873 1911 1917 1928 1936 1978 1990 2021
1596,Cn1c(O)ccc1C(N)=NC(=Cc1ccccc1C#N)c1cc(Cl)c2ccccc2c1,33 50 53 70 126 129 140 278 295 347 361 365 366 387 413 441 460 486 488 544 561 564 661 674 685 691 694 712 723 725 773 784 790 807 808 836 875 882 935 961 970 976 984 1021 1047 1057 1062 1063 1078 1083 1087 1088 1110 1129 1131 1136 1137 1145 1163 1171 1199 1226 1242 1268 1309 1334 1357 1360 1384 1385 1401 1457 1473 1523 1540 1555 1573 1602 1612 1627 1633 1656 1683 1696 1719 1746 1750 1759 1791 1855 1862 1873 1879 1886 1950 1955 2024
1597,CCCCN1C(=O)C(=Cc2cccc(OC)c2)C(=O)N(C(=O)c2ccccc2OC)C1=O,40 79 80 92 97 100 213 235 239 249 253 281 294 314 322 358 461 466 470 489 562 588 591 624 650 675 680 694 695 731 744 748 781 794 807 816 836 841 859 866 875 879 895 924 935 1039 1057 1088 1118 1120 1143 1145 1164 1170 1199 1230 1241 1296 1380 1382 1410 1411 1428 1447 1470 1504 1536 1566 1621 1714 1720 1738 1750 1772 1794 1873 1877 1882 1911 1917 1970 1972 1987 1991 2033 2039
1598,CCN1C(=O)c2ccc(OC)nc21,12 27 34 77 80 130 194 294 313 314 352 362 378 382 386 400 419 468 532 558 580 581 588 592 623 642 650 680 684 695 699 745 774 817 838 841 879 881 935 958 997 1008 1009 1021 1057 1094 1095 1108 1116 1150 1183 1222 1242 1274 1309 1380 1433 1438 1442 1467 1536 1567 1569 1570 1574 1750 1760 1768 1769 1789 1855 1873 2013
1599,CCN(C)C1=CC=c2nc3c(cccc3c3ccc(C(=O)NC#N)c4cc(C#N)c-3cc2=CC=4)=C1,56 67 72 76 80 81 84 89 128 294 305 352 361 378 383 386 391 398 457 461 463 485 486 489 501 524 530 533 560 612 650 674 680 682 702 707 713 727 732 760 781 787 790 807 809 833 862 875 881 932 933 945 949 956 1006 1039 1057 1064 1088 1101 1127 1136 1140 1152 1163 1210 1229 1249 1264 1311 1332 1338 1357 1374 1380 1384 1395 1418 1522 1538 1573 1644 1660 1681 1714 1724 1735 1740 1744 1745 1750 1800 1802 1809 1844 1855 1857 1862 1864 1873 1879 1897 1917 1991 2034 2045
1600,COc1cc2c(-c3ccc(C)cc3)cc1nc2Nc1ncccc1C(N)=O,5 9 18 38 100 120 134 140 157 158 171 186 235 249 306 309 352 362 378 392 416 448 479 491 502 530 560 640 650 657 664 678 695 708 780 795 807 814 841 875 896 909 910 925 938 977 992 993 1025 1043 1057 1088 1097 1134 1152 1160 1171 1173 1218 1357 1374 1380 1397 1444 1447 1452 1479 1531 1536 1588 1597 1648 1670 1722 1750 1823 1855 1866 1873 1917 1920 1921 1924 1942 1946 1953 1961 1970 1987 1991 2024
1601,Cn1c(=O)c2c(O)nc1n2CCNC(=O)N1CCCCC1,2 34 80 105 106 111 154 185 197 218 243 246 249 276 277 361 369 373 378 504 564 586 588 614 636 641 650 667 686 710 715 724 728 772 793 802 807 839 892 907 926 931 935 982 986 1019 1028 1057 1058 1078 1087 1138 1145 1152 1231 1235 1303 1307 1380 1382 1391 1440 1456 1461 1468 1480 1536 1602 1607 1688 1711 1760 1767 1780 1855 1917 1933 1935 1951 1954 1998 2009 2018
1602,CCOC1=CC(c2ccc(C)cc2)N(c2nc3ccccc3c(=O)n2C)C=C1C,5 41 79 80 95 107 131 133 191 217 235 237 289 294 305 314 352 363 378 389 423 458 470 477 504 517 528 546 564 570 579 597 603 631 650 674 681 695 708 725 738 770 785 789 801 821 874 918 935 957 967 968 969 1019 1034 1057 1074 1088 1097 1128 1142 1145 1199 1238 1268 1279 1357 1365 1380 1385 1415 1433 1451 1452 1471 1490 1573 1661 1720 1722 1750 1768 1803 1810 1823 1855 1873 1920 2014 2025 2026 2047
1603,O=S(=O)(NCCN(Cc1ccccc1)Cc1nc2n(n1)Cc1ccccc1-2)c1ccccc1,3 55 57 80 128 140 185 251 267 278 293 317 319 330 339 342 350 351 352 363 368 389 468 507 511 520 575 650 667 728 732 770 881 883 901 926 935 962 980 984 987 1002 1005 1018 1066 1072 1088 1091 1120 1147 1152 1156 1168 1199 1225 1236 1301 1313 1380 1388 1391 1437 1457 1476 1494 1497 1574 1588 1601 1603 1610 1616 1626 1652 1656 1657 1708 1722 1732 1750 1754 1791 1855 1873 1946 1950 1951 1952 1956 1966 1979 1988 2008
1604,O=C1NCCn2c(=O)[nH]c3c4cccc2c2cccccc(cc41)c3cc[nH]2,16 40 45 119 121 129 210 214 295 305 310 314 329 344 345 352 403 430 434 522 524 538 552 594 613 650 711 753 758 806 836 839 848 875 876 926 935 980 986 997 1016 1025 1026 1039 1087 1088 1089 1114 1199 1207 1285 1288 1289 1292 1332 1341 1357 1380 1420 1480 1496 1506 1530 1545 1564 1567 1573 1657 1658 1681 1689 1703 1735 1745 1750 1783 1787 1835 1847 1855 1860 1866 1873 1923 1933 1949 2016 2037 2038
1605,CN=C(Nc1ccccc1)Nc1ccccc1-n1nc(C)nc1-c1cn2c(n1)C(=O)N(C)C2,17 43 51 78 93 102 107 126 191 202 259 270 314 332 378 389 403 410 458 464 473 621 629 650 668 703 725 730 807 809 840 879 926 935 971 980 996 1028 1049 1054 1057 1074 1077 1088 1126 1145 1152 1160 1194 1199 1224 1279 1293 1295 1366 1380 1406 1411 1445 1457 1479 1522 1583 1593 1644 1647 1677 1693 1696 1722 1750 1816 1834 1850 1852 1855 1856 1873 1950 1956 1966 1967 2019
1606,CC(=O)N(C)C(=O)C(C)(C)C1C(=O)OC2C(O)C(O)C1(C)C2O,35 50 87 114 141 157 165 195 198 219 221 232 260 272 314 392 401 404 406 413 420 473 523 572 576 582 601 603 650 656 687 688 741 750 759 770 780 807 881 884 891 920 941 1009 1017 1019 1046 1057 1060 1063 1076 1083 1103 1111 1163 1180 1182 1189 1226 1230 1257 1274 1330 1348 1370 1380 1390 1465 1469 1485 1487 1493 1502 1563 1588 1611 1661 1705 1714 1721 1722 1731 1746 1751 1773 1816 1873 1917 1957 1985 2000 2046
1607,CCCN1CCN(CC(C)(C)N(C(=O)Nc2cc(C#N)cs2)c2ccccc2)C1=O,80 92 102 114 135 158 163 193 215 252 288 294 295 305 306 314 319 340 371 437 480 501 552 650 673 674 675 677 681 702 721 731 750 773 790 794 807 820 836 875 880 881 926 935 941 985 1043 1050 1057 1088 1089 1096 1113 1136 1145 1199 1248 1252 1268 1270 1326 1345 1380 1382 1384 1395 1430 1465 1468 1471 1480 1511 1559 1566 1567 1750 1785 1811 1816 1846 1873 1886 1917 2007 2014 2040
1608,CC(C)(C)OC(=O)c1nc(-c2ccccc2)sc1C(=O)NC1CCC1OC(=O)NC1CCCCC1,2 50 114 145 155 162 173 190 231 242 251 268 275 309 313 332 377 378 387 389 392 428 444 455 467 486 490 493 499 545 557 650 675 695 703 733 736 781 798 807 885 890 893 926 953 960 965 1006 1019 1028 1035 1039 1044 1057 1062 1088 1126 1152 1160 1199 1213 1239 1280 1290 1305 1317 1325 1334 1380 1403 1443 1458 1542 1565 1570 1574 1630 1634 1648 1655 1677 1750 1754 1758 1796 1810 1843 1855 1859 1873 1893 1917 1923 1934 1949 1981 2009 2038 2040
1609,CC=CC(=O)n1c(=O)n(C(=O)c2cccc(C)c2)c2ccccc21,0 17 31 45 97 100 112 208 299 314 321 333 359 393 445 462 492 555 596 600 618 632 650 694 767 771 783 800 807 826 837 844 848 856 870 875 890 935 944 1013 1023 1039 1055 1057 1068 1069 1088 1129 1137 1199 1279 1282 1285 1321 1338 1354 1380 1385 1417 1489 1504 1597 1660 1722 1750 1800 1807 1814 1823 1825 1862 1873 1908 1912 1917 1980 1985 2001 2006 2014 2025
1610,COc1ccc2ccc(Cl)cc2c1C(=O)NC(=O)N(C)CCN(C(=O)c1ccccc1)C(C)C(=O)O,1 75 80 94 129 165 193 203 216 230 249 265 283 334 356 389 410 473 486 506 509 561 586 587 650 695 700 744 759 760 765 779 807 816 841 850 867 875 881 886 898 911 927 933 942 998 1057 1085 1087 1088 1099 1104 1119 1152 1163 1199 1219 1221 1225 1251 1264 1276 1357 1380 1385 1398 1447 1502 1536 1542 1594 1631 1636 1683 1692 1707 1750 1756 1810 1828 1844 1853 1855 1861 1873 1881 1917 1951 1970 1981 1985 2029
1611,Cc1c(CCCCCCCN2CCCC2)c(=O)oc2c(=O)c12,5 80 133 231 252 314 345 444 449 453 476 478 491 505 509 525 540 571 650 653 656 693 893 919 926 935 967 1028 1031 1034 1057 1118 1130 1132 1139 1143 1145 1162 1175 1184 1243 1318 1338 1364 1380 1397 1422 1468 1480 1482 1485 1516 1577 1604 1615 1653 1677 1722 1791 1793 1798 1884 1893 1911 1984 1998 2012 2034
1612,Cc1nc2n(C(C)(C)C)c(=O)c1n2CCCCN1CCCCC1,2 80 92 98 105 113 129 144 149 202 211 235 258 261 314 355 378 392 393 408 454 482 504 519 551 557 570 627 645 647 650 653 748 749 802 882 893 917 926 929 935 988 1006 1028 1032 1057 1059 1088 1131 1145 1296 1303 1312 1326 1337 1380 1384 1414 1420 1422 1429 1440 1480 1482 1562 1620 1649 1663 1686 1722 1791 1793 1799 1855 1872 1886 1897 1911 1997 1998 2020
1613,COc1ccccc1-c1nc2c3ccccc3ccc2n1CCN1CCC(=Cc2ccc(Cl)cc2)C1=O,25 36 40 45 58 60 66 80 203 212 213 216 242 249 253 281 314 352 364 378 392 395 409 491 502 520 553 557 561 614 650 680 681 694 695 700 706 710 716 775 802 812 816 841 868 879 881 926 935 984 989 1057 1070 1083 1087 1088 1089 1104 1145 1153 1167 1199 1264 1276 1356 1357 1380 1410 1480 1497 1536 1548 1549 1553 1564 1573 1599 1622 1632 1638 1660 1683 1722 1724 1729 1738 1750 1773 1855 1873 1889 1908 1939 1970 1973 2021 2033
1614,CC(C)(C)CN(C(=O)N1CC(=O)CC2(CCOCC2)C1)S(=O)(=O)c1cccc(F)c1,5 36 51 70 80 107 114 121 135 141 144 162 181 185 194 225 230 283 314 319 328 346 347 350 392 393 407 425 468 473 478 505 523 533 548 575 583 602 614 628 650 656 672 699 710 785 807 815 875 881 926 935 940 950 969 983 997 1005 1039 1057 1060 1088 1102 1146 1162 1200 1279 1315 1340 1343 1380 1405 1411 1476 1487 1508 1606 1608 1670 1672 1701 1723 1744 1745 1750 1769 1781 1824 1842 1863 1873 1917 1928 1946 2004 2009
1615,CCOC(=O)N=C(N=C=O)NCCC[S+](C)[O-],10 24 37 80 147 154 188 191 196 197 245 273 294 356 362 423 434 481 507 602 620 640 650 667 674 695 706 715 725 731 732 766 767 806 807 827 856 928 932 963 979 1012 1016 1057 1075 1080 1152 1238 1269 1281 1325 1349 1362 1380 1395 1461 1471 1510 1529 1545 1609 1627 1701 1722 1755 1762 1778 1813 1815 1858 1864 1876 1895 1911 1912 1917 1944 1969 1992 2004
1616,Cc1ccccc1-c1ccc(C(=O)N(C)CCCN2CCN(c3ccccc3)CC2)c(=O)n1C,27 47 67 74 80 114 121 141 144 148 201 224 228 314 334 352 358 372 383 389 407 412 481 496 504 510 564 571 577 650 653 687 695 704 733 782 796 803 807 881 887 892 926 930 935 941 955 974 984 1024 1049 1057 1059 1088 1145 1163 1166 1177 1199 1221 1226 1270 1300 1327 1380 1387 1391 1394 1405 1480 1481 1482 1508 1530 1541 1549 1573 1584 1622 1652 1687 1692 1709 1722 1750 1775 1791 1804 1825 1843 1856 1873 1911 1917 1951 1987 1991 1999
1617,CC(C)(C)c1ccc(C(=NC(=O)N2CCCCC2)N2CCCCC2)c(-c2cccc(Cl)c2)c1,2 28 33 38 63 66 67 107 114 117 165 191 192 216 229 235 237 249 266 303 352 369 392 436 447 561 569 592 650 655 687 725 736 769 775 807 831 860 864 875 882 902 926 935 962 1028 1039 1057 1068 1086 1088 1106 1160 1214 1263 1317 1339 1347 1380 1417 1433 1443 1480 1542 1599 1627 1633 1665 1683 1691 1750 1767 1795 1834 1873 1881 1917 1934 1960 1991 1998 2009 2013 2042
1618,CN(CCCN1CCN(c2ccccc2)CC1)C(=O)Nc1cccnc1,39 74 77 80 100 173 191 193 198 302 334 378 389 407 412 437 438 457 467 480 510 524 525 531 553 628 650 653 687 703 768 787 789 799 807 843 881 892 926 935 937 955 1043 1049 1057 1064 1088 1145 1152 1161 1163 1199 1214 1341 1380 1396 1405 1420 1427 1436 1463 1480 1482 1508 1535 1558 1586 1597 1603 1609 1652 1662 1675 1692 1750 1754 1760 1791 1804 1816 1825 1851 1866 1873 1884 1900 1902 1911 1917 1944 1948 1951
1619,COc1cccc2c(=O)[nH]c3cc4c(=O)n(C)c3cc4c(Cl)cc2cc1,45 119 136 153 188 189 203 226 243 257 306 314 322 332 351 366 384 392 504 561 562 564 650 669 695 718 750 781 831 836 838 840 841 875 919 920 935 943 954 984 988 1003 1018 1021 1038 1039 1041 1057 1083 1084 1088 1091 1112 1114 1117 1142 1145 1178 1216 1256 1306 1308 1357 1358 1377 1380 1391 1410 1412 1446 1460 1475 1501 1509 1533 1536 1563 1573 1639 1681 1683 1704 1710 1745 1750 1755 1854 1855 1873 1920 1986 2026 2028 2031
1620,CN(C)CCN(CCN1CCCC2=C1c1cccc3c1CCCN23)C(=O)c1cccc(F)c1,48 80 212 215 230 246 271 282 291 293 352 361 452 472 492 520 585 597 645 647 650 652 667 693 699 731 762 780 794 807 809 819 828 875 881 926 935 963 978 980 984 1008 1028 1039 1041 1057 1059 1076 1088 1089 1093 1123 1138 1145 1154 1155 1163 1198 1221 1236 1263 1295 1326 1346 1380 1383 1387 1391 1397 1405 1408 1423 1427 1457 1460 1480 1487 1540 1566 1592 1613 1647 1669 1670 1727 1737 1738 1750 1806 1873 1917 1928 1951 1984 1985
1621,CN(c1nc2c(o1)=CC(Br)=CC=CC=2)S(=O)(=O)O,48 56 74 84 89 148 240 264 339 350 361 378 401 426 479 510 528 544 547 556 560 574 592 606 626 646 650 656 728 741 807 837 862 881 896 927 936 955 964 969 1033 1057 1086 1096 1121 1130 1156 1163 1249 1264 1269 1296 1299 1316 1320 1368 1380 1415 1418 1476 1478 1489 1502 1512 1548 1551 1552 1593 1599 1604 1605 1607 1631 1640 1644 1707 1751 1855 1873 2021
1622,CCN1CCN(CC(=O)Nc2c(OC)ccc3c2C(C)(C)C=C(c2ccccc2OC)S3)CC1,34 41 44 74 80 94 163 190 249 250 275 277 294 314 352 381 385 409 499 507 565 589 620 644 650 675 695 710 742 744 747 787 807 841 864 865 926 935 949 971 984 1039 1057 1060 1088 1152 1173 1199 1274 1277 1283 1284 1312 1352 1380 1384 1410 1418 1428 1478 1480 1522 1535 1536 1537 1565 1579 1607 1731 1750 1785 1791 1816 1835 1873 1878 1916 1917 1920 1928 1948 1956 1957 1970 2034 2044
1623,COc1nc(Cl)[nH]nccc(OC(=O)NC(C)=O)c1O,32 50 74 102 105 196 202 245 281 316 332 378 401 414 485 490 561 569 609 630 632 638 650 671 678 695 699 716 757 807 819 841 888 900 911 951 981 1017 1057 1113 1114 1119 1126 1152 1191 1218 1219 1252 1296 1308 1363 1380 1457 1528 1536 1577 1596 1602 1613 1633 1650 1671 1678 1683 1710 1729 1750 1758 1787 1842 1855 1866 1873 1883 1912 1917 1934 1970 1975 2007
1624,CCN(C(=O)C#N)c1nc(C)cc(=O)[nH]1,69 80 81 102 131 167 219 294 299 305 314 378 410 486 571 591 629 650 666 674 738 783 790 803 807 828 875 881 932 969 986 1037 1040 1057 1100 1114 1115 1169 1260 1304 1336 1368 1380 1382 1384 1403 1416 1453 1520 1533 1534 1558 1634 1672 1722 1728 1731 1745 1791 1839 1855 1873 1896 1917 1923
1625,CC(C)(C)C(=O)n1cc(Br)ccc1=O,0 57 81 114 125 129 145 148 191 217 220 270 314 355 364 392 464 491 519 527 559 574 616 650 718 728 744 777 778 791 795 807 833 885 886 909 910 917 925 935 964 1015 1033 1057 1096 1108 1132 1139 1141 1157 1194 1268 1294 1380 1416 1469 1530 1579 1590 1620 1624 1631 1750 1772 1790 1794 1873 1917 1920 1937 1987 2007
1626,COCCCCCCCCn1c2nc(C)c1c(N(C)C)n2,13 64 77 80 87 92 259 350 378 404 452 460 464 486 588 681 695 709 729 771 802 804 841 881 893 918 932 935 936 984 1005 1048 1057 1073 1103 1123 1143 1145 1163 1204 1213 1249 1312 1314 1326 1370 1380 1385 1432 1434 1440 1441 1487 1519 1554 1576 1608 1620 1629 1663 1665 1722 1806 1844 1853 1855 1856 1911 1983
1627,COc1ccc(C(F)(F)F)cc1S(=O)(=O)Nc1nc2ccccc2c(=O)[nH]1,21 36 43 94 114 115 239 249 289 314 315 350 378 381 389 392 445 460 470 502 503 558 595 608 614 650 662 690 695 750 809 822 841 851 875 882 889 898 900 946 963 1008 1026 1044 1057 1088 1089 1097 1098 1106 1114 1121 1152 1190 1199 1260 1270 1298 1332 1357 1380 1415 1417 1428 1431 1453 1469 1476 1519 1522 1527 1536 1573 1665 1734 1745 1750 1769 1804 1855 1873 1879 1890 1928 1953 1970 1982 1998 2026 2032 2035
1628,CCOc1cccc(OCC(=O)n2-c3cc(n3)-c3ccc(C)cc3-2)c1,69 80 112 143 197 220 233 235 237 255 294 322 352 376 377 378 390 391 402 434 461 489 490 527 529 562 586 590 645 650 680 695 705 744 770 807 810 813 864 875 935 943 980 995 1009 1013 1039 1057 1088 1092 1097 1238 1246 1251 1288 1295 1308 1319 1380 1387 1442 1452 1461 1501 1544 1579 1623 1640 1722 1740 1750 1775 1788 1800 1823 1855 1863 1866 1873 1887 1890 1907 1908 1917 1959 1998 2004
1629,C=Nn1nc(SC)nc1NC(=O)C(O)CNS(=O)(=O)c1ccccc1F,1 58 80 116 157 170 227 231 261 350 378 392 394 432 498 502 507 523 549 573 598 606 650 699 725 743 781 797 807 813 835 935 944 992 995 1032 1034 1057 1079 1086 1088 1089 1152 1158 1159 1178 1199 1237 1249 1275 1366 1380 1420 1439 1471 1476 1478 1559 1576 1602 1612 1626 1688 1699 1710 1711 1723 1744 1750 1761 1813 1840 1855 1873 1914 1917 1928 1956 1957 2028
1630,CCn1c(=O)[nH]c(=O)c2c(C)nc(Nc3ccccc3)nc21,28 34 80 84 92 93 117 132 191 228 294 312 314 348 373 378 389 438 491 494 536 562 596 703 750 758 782 783 799 802 826 850 886 894 902 935 962 997 1007 1057 1066 1088 1114 1119 1152 1161 1179 1185 1199 1251 1277 1303 1340 1380 1400 1419 1469 1471 1490 1524 1582 1586 1617 1641 1668 1696 1704 1716 1722 1723 1736 1745 1750 1794 1806 1855 1873 1910 1926 1934 1974 1984 1995
1631,Cc1c(-c2ccc3c(n2)=NC=CC=CC=3)n2c(=O)n1c2=O,2 15 23 114 152 167 177 184 254 289 306 314 343 371 428 445 461 472 480 535 548 607 608 614 629 650 659 738 771 789 790 862 882 935 951 968 980 1025 1042 1053 1057 1083 1091 1097 1111 1142 1149 1182 1210 1249 1289 1299 1380 1411 1417 1418 1446 1453 1487 1629 1680 1693 1695 1702 1713 1719 1722 1749 1750 1766 1767 1834 1855 1873 1939 1976 2018 2041
1632,O=C(NCCN1CCC1)c1ccc(C=CC=Cc2ccc(Cl)cc2)[nH]1,8 25 45 60 80 84 103 110 143 182 197 216 318 324 411 432 443 455 486 497 512 523 561 586 623 650 667 694 713 714 776 807 816 821 826 835 878 926 927 929 935 947 1028 1041 1066 1070 1075 1083 1114 1145 1152 1182 1265 1305 1312 1324 1380 1412 1422 1439 1480 1482 1566 1569 1586 1625 1641 1653 1683 1745 1750 1755 1791 1839 1873 1889 1894 1899 1917 1931 1937 1954 1958 2029 2033
1633,COc1ccc(C(=O)N2CCN(C(=S)N3CCCCN4Cc5cc6c3ccc3c6c(c5C4=O)C=C3)CC2)cc1,67 97 110 144 151 164 167 169 183 188 201 213 257 260 314 322 333 352 354 385 389 403 407 427 454 460 477 496 514 547 603 609 650 658 680 687 695 718 729 734 780 781 786 794 807 831 841 875 879 926 935 942 988 993 1013 1028 1057 1086 1121 1173 1179 1190 1196 1215 1236 1295 1299 1311 1357 1365 1380 1385 1442 1448 1453 1480 1504 1511 1525 1536 1537 1589 1615 1666 1697 1743 1747 1750 1772 1776 1873 1885 1894 1915 1917 1920 1946 1969 1983 1984 1998 2009 2011 2028
1634,CC1(C)CCCCC1C(=O)NC(=O)C(C(=O)c1ccccc1)C1CCCCC1,1 2 4 17 29 53 71 120 183 192 208 227 249 259 281 301 324 331 360 386 389 432 439 442 490 562 573 619 650 677 698 728 732 766 806 807 829 890 926 964 998 1019 1028 1057 1060 1084 1088 1096 1099 1100 1110 1119 1122 1132 1149 1152 1162 1193 1199 1202 1232 1274 1289 1325 1336 1379 1380 1385 1437 1545 1596 1602 1605 1634 1638 1656 1750 1774 1780 1793 1873 1917 1942 1950 1959 1966 1978 1985
1635,O=C(O)c1ccc(S(=O)(=O)N2CCN(C(Oc3ccccc3)C(=O)N3CCCC3)CC2)cc1,1 38 80 106 108 158 211 255 268 319 322 327 348 350 366 369 373 374 389 450 456 562 584 585 649 650 664 695 696 715 720 724 757 768 800 807 911 921 924 926 935 962 968 992 998 1028 1039 1040 1052 1074 1080 1088 1138 1199 1263 1265 1367 1380 1385 1389 1476 1480 1511 1553 1577 1581 1606 1627 1665 1697 1713 1750 1873 1907 1917 1967 1989 1998 2009
1636,CC(C)(C)C(=O)C(F)=C1CCCN(C(=O)N2CCCC2)C1=O,33 103 122 155 162 270 314 357 368 369 390 392 480 579 593 631 650 699 772 798 799 807 824 846 877 879 881 926 935 953 975 978 1028 1057 1100 1128 1138 1181 1215 1253 1300 1330 1351 1380 1386 1387 1404 1419 1423 1440 1463 1480 1494 1521 1530 1549 1669 1683 1709 1738 1816 1886 1917 1928 1940 1998 2002 2009 2038 2044
1637,Cc1nnc(C2=Nc3ccc(-c4cccc(Cl)c4)cc3Oc3ccccc32)[nH]1,30 58 60 63 65 81 160 165 216 313 352 378 427 428 440 457 483 530 561 592 636 656 685 695 699 724 736 762 785 812 838 841 875 896 925 927 951 981 984 1015 1029 1039 1057 1088 1114 1160 1164 1171 1187 1199 1218 1266 1292 1331 1364 1375 1380 1443 1466 1480 1481 1524 1551 1587 1609 1683 1710 1717 1722 1745 1750 1762 1779 1783 1795 1810 1827 1873 1888 1905 1912 1928 1958 1968
1638,Cn1c(C(=O)NCCCN2CCCC2)cc2cc(Br)ccc21,8 12 39 45 80 128 173 197 229 238 251 314 368 371 391 442 450 455 486 488 541 544 564 582 603 653 667 728 766 807 829 875 885 909 926 935 945 952 1001 1011 1028 1031 1057 1099 1145 1150 1152 1157 1202 1250 1289 1374 1380 1383 1422 1427 1480 1482 1517 1528 1574 1591 1618 1631 1654 1737 1750 1791 1798 1855 1873 1876 1895 1911 1917 1932 1936 1939 1998 2021 2039
1639,COc1ccc(N2CCCNC2=O)cc1,30 42 48 86 92 118 124 173 215 229 243 283 305 314 322 336 442 492 494 632 634 650 695 718 768 781 789 799 831 841 926 935 994 1028 1057 1078 1084 1103 1114 1150 1197 1233 1272 1275 1302 1314 1344 1351 1380 1398 1428 1431 1457 1462 1480 1490 1536 1546 1635 1672 1676 1750 1764 1825 1845 1866 1873 1907 1921 2031
1640,CCOC(=O)c1ccccc1C(=O)OC1CCCCC1,2 12 19 23 80 83 119 145 147 195 240 254 294 334 457 498 506 650 667 669 686 695 703 712 716 759 807 823 834 840 862 890 920 926 1019 1028 1057 1071 1088 1126 1143 1147 1158 1199 1237 1238 1288 1325 1380 1410 1444 1447 1454 1722 1750 1784 1801 1810 1828 1833 1863 1873 1917 1958 1963 1971 1981 1991
1641,CCCCCCCCC(OC(=O)c1ccc(C(=O)O)cc1)C(CCC)C(=O)[O-],1 69 80 106 145 170 229 239 294 310 328 389 438 456 457 469 488 586 588 591 603 606 628 637 641 645 650 679 681 691 695 715 719 739 741 748 794 807 848 890 976 984 1057 1138 1143 1147 1176 1180 1225 1226 1257 1260 1283 1298 1303 1335 1347 1380 1385 1401 1423 1444 1462 1531 1533 1544 1553 1573 1697 1750 1751 1779 1824 1845 1868 1873 1900 1902 1911 1917 2027
1642,c1ccc(CNc2nccc(Sc3ccccc3)n2)cc1,7 26 78 80 204 255 323 337 378 389 495 523 539 552 575 576 584 638 709 782 787 798 811 816 890 1008 1037 1066 1086 1088 1119 1152 1157 1210 1306 1373 1380 1389 1410 1416 1452 1582 1611 1627 1719 1732 1750 1754 1761 1796 1802 1819 1855 1866 1873 1949 1975 2004
1643,CC(=O)NCCCNC(=O)c1ccc(Cl)cc1,8 56 72 80 137 150 176 197 216 245 265 324 332 335 343 384 397 453 478 486 497 514 561 566 650 667 700 731 763 807 816 901 987 996 1017 1020 1057 1070 1083 1088 1099 1121 1123 1152 1176 1244 1275 1315 1319 1380 1385 1421 1426 1427 1434 1443 1478 1485 1487 1493 1520 1549 1565 1576 1633 1659 1662 1665 1683 1697 1735 1750 1815 1833 1873 1876 1895 1911 1917 1928 1944 2005
1644,CC1CCOCC1OC(=CC=C1Nc2ccc1c1ccccc21)c1cccc2ccccc12,26 65 69 74 95 109 118 188 290 319 325 352 372 378 394 422 440 442 523 594 656 680 694 695 702 709 716 753 757 769 798 801 807 890 926 950 954 992 1009 1019 1038 1039 1044 1057 1060 1087 1088 1104 1114 1126 1133 1167 1199 1256 1259 1309 1319 1325 1336 1357 1380 1447 1568 1573 1592 1620 1653 1669 1680 1724 1726 1747 1750 1773 1786 1821 1855 1859 1873 1899 1914 1923 1952 1960 1970 1982 1991 2035
1645,O=C1c2ccccc2-n2nnc3c4ccc(Oc5ccccc5)cc4cc(c32)CN2CCN1CC2,16 28 29 89 90 153 193 210 218 256 258 274 304 314 321 322 352 378 389 407 482 540 550 562 650 653 695 718 746 774 781 835 847 855 875 879 918 924 926 927 935 950 984 986 1006 1030 1051 1084 1088 1164 1236 1252 1256 1264 1278 1280 1295 1324 1351 1352 1357 1359 1370 1380 1385 1393 1415 1419 1440 1480 1508 1509 1560 1563 1568 1573 1574 1577 1617 1647 1724 1733 1762 1778 1783 1784 1803 1837 1852 1855 1857 1873 1936 1946 1967 1984 1991 2024
1646,O=C(C=CN=C([O-])SCC(=O)Nc1ccccc1Oc1ccc([N+](=O)[O-])cc1)Nc1cccc([N+](=O)c2ccccc2)c1,31 41 46 80 116 137 184 191 193 227 233 240 322 389 407 420 537 566 575 650 676 694 695 703 715 718 724 725 751 753 769 807 830 838 872 875 889 994 1015 1028 1039 1073 1074 1088 1152 1168 1181 1185 1195 1224 1226 1263 1274 1327 1363 1380 1385 1410 1426 1428 1455 1460 1476 1486 1494 1503 1562 1610 1617 1638 1696 1719 1735 1741 1750 1756 1806 1809 1814 1816 1872 1873 1911 1948 1959 1963 1970 2009 2028
1647,Oc1cccc(C2=NN=NC=NC=C2c2ccccc2-c2ccccc2)c1,18 65 99 197 198 222 270 352 361 378 381 383 389 402 435 500 520 525 556 724 736 745 758 807 851 861 867 875 907 933 938 984 995 1000 1015 1019 1039 1060 1088 1152 1160 1167 1190 1199 1260 1300 1326 1330 1380 1394 1396 1400 1430 1559 1585 1602 1750 1780 1786 1787 1829 1853 1873 1899 1901 1903 1906 1968 1976 2006
1648,COc1ccc(-c2cc(N)nc(OC)c2C#N)cc1,62 163 213 222 284 322 352 358 378 382 401 418 498 609 616 620 674 695 718 752 780 781 790 791 831 841 875 896 920 962 990 1057 1069 1076 1136 1150 1160 1165 1168 1171 1177 1272 1278 1380 1384 1440 1457 1464 1474 1516 1536 1573 1601 1610 1635 1656 1680 1750 1754 1764 1842 1855 1873 1891 1900 1941 1985 1989
1649,CCC(C)C(=O)NCC(O)=Nc1nc(OC)cc2ccccc12,1 19 68 69 72 80 99 113 128 197 198 280 283 294 356 378 389 396 413 472 482 503 522 530 573 640 642 645 650 666 695 725 749 764 765 785 791 807 836 841 858 865 875 946 951 966 987 997 1013 1057 1087 1088 1103 1152 1164 1188 1199 1271 1347 1357 1380 1384 1395 1396 1418 1440 1453 1477 1536 1544 1559 1570 1573 1588 1613 1616 1618 1677 1699 1750 1760 1780 1801 1802 1813 1855 1873 1917 1935
1650,CN(c1ccccc1N)c1cn2c(NC(=O)Nc3cccc(F)c3)nnc2cc1C(F)(F)F,21 23 31 56 75 114 130 157 177 178 182 184 191 218 222 223 230 249 262 285 337 372 378 399 419 421 464 494 539 558 571 577 597 650 660 696 699 703 766 774 792 807 809 810 819 821 859 861 875 881 910 925 1039 1057 1086 1088 1094 1130 1151 1152 1163 1164 1171 1190 1199 1202 1208 1229 1261 1263 1273 1307 1348 1350 1362 1380 1392 1394 1411 1453 1457 1477 1487 1518 1663 1667 1670 1679 1688 1706 1719 1735 1750 1798 1800 1816 1873 1909 1917 1928 1930 1945 1969 1989 1990 2018 2020
1651,CC(C)N(Cc1cccnc1)C(=O)N1CCCN(CC2=C(F)C(F)=C2Cl)C1=O,1 11 56 80 92 108 154 199 227 283 314 345 358 378 437 507 541 546 556 561 622 645 649 650 671 684 699 773 798 807 860 881 920 926 930 935 954 964 1028 1043 1057 1066 1083 1088 1089 1103 1107 1123 1139 1172 1194 1215 1231 1263 1327 1332 1355 1371 1380 1387 1452 1476 1535 1580 1586 1603 1605 1615 1633 1637 1650 1666 1670 1683 1691 1726 1734 1750 1754 1765 1788 1799 1861 1866 1873 1880 1917 1928 1958 1994
1652,CCC(=O)c1nnc(-n2c(=O)c3ccc2cc3-c2ccccc2C(=O)O)s1,38 50 80 113 138 147 162 188 189 227 263 268 290 294 314 325 352 378 389 395 456 491 496 602 611 647 650 675 728 807 819 875 898 935 959 962 984 1016 1019 1047 1057 1062 1088 1099 1117 1164 1182 1199 1228 1268 1357 1380 1381 1384 1447 1456 1459 1484 1575 1601 1602 1643 1693 1705 1733 1750 1768 1785 1795 1796 1833 1834 1873 1917 1948 1960 1991 1993 2003 2026
1653,O=C(CCCCCCCN1C(=O)CCN(C(=O)c2ccccc2)C1=O)N1CCCC1,16 58 80 92 232 234 246 263 314 369 382 389 402 433 452 455 526 562 588 646 650 657 714 760 798 807 877 926 935 941 966 996 999 1009 1028 1076 1088 1103 1123 1143 1145 1174 1199 1267 1284 1330 1377 1380 1385 1387 1389 1393 1401 1470 1480 1504 1511 1514 1553 1564 1635 1661 1725 1738 1750 1783 1794 1830 1851 1873 1892 1899 1911 1917 1985 1998 2009
1654,CC(C)(C)C(=O)OCCCOC(=O)c1[nH]c(=O)n2c(=O)c1C2,13 30 68 70 80 102 114 145 147 201 270 314 359 361 374 386 392 431 448 504 507 578 602 613 650 676 686 695 758 761 806 807 838 853 926 935 962 964 1011 1026 1057 1114 1128 1205 1209 1230 1282 1316 1342 1348 1350 1380 1496 1534 1592 1648 1656 1671 1696 1708 1734 1742 1745 1807 1878 1911 1917 1946 1967 2041
1655,CCCC1C2OC(=O)NC2C(O)C(C(O)C(O)C(O)C(O)C(O)CO)N1C(=O)O,1 52 54 76 80 98 212 221 222 227 255 264 282 288 294 298 301 314 322 353 375 389 396 398 402 412 421 438 442 466 478 482 526 574 617 650 656 657 686 750 794 807 826 829 831 832 850 879 881 885 888 935 944 969 1019 1057 1073 1075 1114 1133 1154 1164 1192 1224 1257 1288 1327 1373 1380 1401 1423 1463 1487 1520 1533 1554 1582 1608 1632 1641 1682 1693 1742 1771 1805 1824 1831 1880 1894 1917 2001 2016 2025 2028
1656,COc1cc(F)ccc1-n1c2cnc1SC(C)=C2C,59 83 186 217 223 249 252 277 335 378 387 389 397 414 459 494 528 545 554 579 679 682 695 699 765 777 841 856 872 875 881 935 948 955 958 1013 1057 1076 1083 1093 1095 1103 1130 1136 1187 1193 1248 1272 1295 1345 1372 1380 1410 1415 1451 1452 1487 1512 1516 1535 1536 1562 1670 1692 1722 1750 1771 1794 1803 1873 1915 1928 1970 1993 1999 2032 2044
1657,COC(=O)c1cc2ccc(OC)cc2c(=O)n1CCN1CCCC1,5 60 66 80 83 118 144 145 184 203 243 245 314 322 361 364 389 405 421 488 504 541 619 641 647 650 660 695 706 718 757 781 802 807 813 832 835 836 841 875 906 934 935 969 1028 1057 1129 1136 1145 1152 1181 1225 1274 1318 1332 1357 1368 1373 1380 1412 1422 1441 1466 1480 1482 1516 1536 1559 1599 1696 1697 1750 1769 1791 1839 1841 1843 1855 1873 1874 1917 1939 1954 1966 1972 1998
1658,Cc1cc2[nH]c(N)nc2n1C,13 44 48 119 134 135 309 317 334 341 374 378 417 521 564 582 596 615 638 659 669 697 730 837 856 871 875 881 883 896 935 956 1003 1030 1057 1114 1145 1168 1171 1217 1307 1321 1356 1369 1371 1374 1380 1507 1510 1548 1577 1610 1621 1696 1722 1745 1835 1855 1873 1894 1926 1964 1999
1659,CCOc1ccc(C(=O)OC(CO)C2C(C3C=C4C(=O)N(C(C)C)C(=O)N3C4=O)C2(C)C)cc1C(=O)OC,1 18 25 42 45 50 66 69 80 89 92 94 102 113 125 139 145 152 157 222 227 234 237 270 282 283 294 314 315 355 388 391 421 424 469 482 494 499 500 515 549 650 651 695 706 713 719 745 761 782 786 807 841 875 879 906 918 926 929 935 936 955 1009 1012 1019 1057 1060 1063 1072 1152 1167 1194 1238 1274 1288 1296 1307 1330 1332 1339 1358 1380 1385 1406 1418 1438 1452 1463 1507 1525 1540 1612 1633 1674 1684 1694 1697 1738 1750 1784 1811 1827 1845 1846 1873 1903 1907 1917 1922 1970 1991 1997 1998
1660,O=C1CN2CCN1c1ccccc1S2(=O)=O,46 109 138 166 203 207 233 293 314 320 458 459 460 469 537 602 612 644 650 667 743 771 776 798 811 878 906 912 921 926 935 941 990 993 1001 1005 1088 1159 1182 1199 1206 1243 1295 1313 1380 1385 1402 1428 1457 1480 1530 1539 1632 1642 1647 1681 1682 1705 1714 1750 1752 1770 1771 1782 1784 1811 1820 1829 1870 1873 1910 1920 1946 1948 1973
1661,O=C1NCc2ccccc2C=C1N(C1=NN=C(c2cccc(C(=O)O)c2)OC1)c1ccccc1,3 80 84 170 215 267 270 272 283 288 294 314 378 389 423 441 456 569 584 609 650 656 683 706 716 734 736 796 806 807 809 840 848 860 875 881 887 890 926 1004 1027 1039 1056 1058 1088 1095 1096 1114 1122 1131 1138 1160 1199 1236 1245 1249 1279 1283 1306 1322 1333 1367 1375 1380 1385 1448 1455 1473 1475 1479 1488 1499 1512 1529 1576 1615 1657 1708 1719 1750 1753 1863 1866 1873 1892 1917 1919 1920 1929 1945 1985 2015
1662,COC(=O)c1sc2cc(OC)ccc2c1C(=O)N(C)CCCOCCN1CCCCC1,2 13 22 80 92 115 126 145 162 245 256 322 327 334 480 493 533 546 556 559 570 594 621 650 653 675 691 695 718 749 781 805 807 841 875 881 885 905 906 910 926 935 937 943 1028 1044 1057 1083 1113 1136 1145 1152 1163 1168 1181 1205 1221 1238 1325 1328 1357 1380 1384 1409 1422 1480 1482 1536 1583 1614 1645 1652 1687 1733 1750 1791 1873 1911 1917 1951 1956 1966 1972 1992 1999 2000
1663,CC(=O)N(CC1CCCCC1)C(=O)c1cc2ccc1s2,2 29 80 96 128 162 245 257 340 341 347 351 484 532 539 595 600 609 611 650 657 675 710 807 828 829 834 836 864 875 881 885 890 891 906 924 928 936 966 1017 1019 1028 1063 1090 1138 1147 1152 1181 1201 1236 1313 1325 1349 1380 1382 1388 1403 1429 1461 1537 1556 1572 1588 1648 1667 1722 1750 1814 1839 1859 1873 1874 1885 1916 1917 1991 2029
1664,O=C1CCCCN(C(=O)OC2CCCCC2)C(=O)CCC1,2 113 119 126 154 199 225 249 302 310 314 320 333 357 388 414 459 480 487 499 541 584 630 643 650 667 679 695 697 723 741 756 782 786 798 802 807 824 847 858 890 892 916 926 935 982 991 993 1019 1028 1065 1094 1126 1132 1147 1182 1214 1215 1289 1325 1380 1387 1410 1480 1536 1578 1613 1635 1685 1737 1738 1821 1840 1856 1891 1917 1992 1998 2007
1665,COc1cccc(-c2cncn2C(=O)Nc2ccccc2)c1,65 92 93 122 161 170 173 191 215 218 225 264 298 305 322 340 378 386 389 473 482 532 547 562 605 630 634 650 695 703 713 715 736 781 807 841 875 917 919 932 935 950 969 1039 1057 1065 1077 1088 1121 1152 1160 1199 1201 1346 1354 1361 1380 1399 1400 1474 1502 1535 1536 1550 1598 1603 1620 1632 1646 1692 1711 1743 1750 1777 1816 1873 1881 1917 1945 1961 1972 1981
1666,Oc1ccc(Cc2nnnc3ccccc23)cc1Br,5 23 49 80 154 184 186 207 254 272 289 310 332 362 378 417 419 449 458 509 531 589 600 613 657 710 728 762 786 807 833 875 878 944 989 991 1039 1065 1088 1096 1097 1109 1156 1164 1172 1182 1191 1199 1273 1281 1299 1344 1357 1380 1427 1430 1445 1475 1480 1529 1573 1602 1607 1631 1676 1717 1721 1746 1750 1754 1759 1778 1781 1823 1873 1875 1897 1916 1934 1936
1667,CC(=O)NC(=NC1CCc2ccccc2C1)NC(C)=O,37 115 136 219 231 242 245 282 298 316 349 385 386 573 613 628 650 651 658 692 713 725 790 801 807 813 876 895 926 1017 1019 1057 1088 1103 1105 1119 1134 1152 1160 1167 1185 1199 1236 1266 1282 1325 1328 1356 1380 1398 1429 1440 1478 1498 1558 1563 1598 1641 1708 1720 1732 1738 1750 1832 1873 1884 1886 1891 1917 1972 1980
1668,O=C(CCOc1ccc(C(=O)Nc2ccccc2)cn1)Nc1cccc(Cl)c1,13 31 41 80 139 160 165 170 184 191 202 216 221 268 283 311 378 389 426 473 486 496 555 561 592 616 650 676 695 703 718 800 807 842 846 875 901 914 986 992 1002 1014 1039 1062 1077 1088 1128 1152 1199 1214 1226 1354 1380 1381 1382 1385 1419 1430 1432 1452 1470 1480 1518 1535 1552 1564 1570 1590 1683 1697 1712 1724 1730 1750 1768 1795 1816 1873 1917 1938 1957 1978 1997 2019
1669,COc1cc(N2CCN(c3ccccc3)C2=O)ccc1F,8 34 51 92 110 114 123 173 188 216 233 247 249 270 274 276 314 338 381 389 587 591 597 647 650 695 699 710 789 811 841 846 875 878 890 925 926 935 952 1049 1057 1088 1108 1161 1199 1209 1264 1310 1338 1362 1363 1371 1380 1420 1436 1457 1476 1480 1536 1543 1555 1601 1701 1750 1782 1802 1825 1840 1845 1873 1910 1928 1930 1960 1970 2011 2015 2022
1670,Brc1cccc(-c2c3c4[nH]c2c(-c2cccc(Br)c2)c4N3)c1,15 62 65 102 123 168 183 196 199 217 226 250 291 297 313 322 338 485 612 616 632 661 728 736 741 764 766 828 837 872 875 909 926 931 953 969 978 1032 1039 1049 1060 1062 1088 1094 1110 1114 1126 1132 1160 1170 1201 1290 1342 1360 1380 1439 1443 1453 1513 1530 1536 1611 1631 1667 1696 1700 1732 1745 1747 1750 1752 1783 1813 1858 1873 1882 1928 1986 2021 2032
1671,CCCCCCC(=O)OCCCCC1=CC=CC1=O,8 13 31 49 103 107 143 147 201 215 294 314 320 345 392 401 547 549 553 590 591 647 650 673 677 695 747 758 794 807 810 824 862 898 931 1034 1057 1070 1143 1165 1170 1184 1195 1205 1229 1243 1249 1267 1353 1368 1380 1386 1399 1430 1435 1437 1439 1444 1458 1468 1475 1540 1564 1600 1625 1663 1697 1734 1782 1873 1911 1917 1941 1958 1962 1984 2005 2043
1672,CCC(C=Cc1cccc(F)c1)=Cc1ccc(NS(N)(=O)=O)cc1OC,29 31 76 80 191 198 224 230 249 275 293 294 312 354 395 426 533 538 605 650 681 694 695 699 728 735 739 744 758 778 780 807 835 836 839 841 843 872 875 898 931 941 950 961 987 995 997 1039 1057 1088 1097 1113 1140 1152 1171 1189 1205 1211 1270 1308 1335 1353 1360 1371 1380 1464 1476 1487 1515 1536 1592 1605 1607 1629 1635 1641 1670 1714 1746 1750 1759 1812 1835 1845 1858 1863 1873 1887 1901 1905 1917 1918 1928 1931 1970 2012 2033 2041
1673,O=C1NC2CN(Cc3cscc3C(=O)N3CCCC3)CN1C2,3 74 80 134 217 247 301 314 362 369 407 512 545 552 597 650 675 677 691 716 739 755 797 807 808 831 837 900 926 935 937 940 942 979 983 1012 1019 1022 1028 1032 1065 1075 1113 1114 1160 1208 1266 1308 1349 1375 1380 1406 1479 1480 1493 1504 1513 1523 1574 1620 1661 1695 1716 1765 1769 1770 1792 1795 1873 1904 1917 1991 1998 2009 2011
1674,Cn1c(=O)nc2sc(-c3ccccc3O)c(-c3cc(Br)cc4ccccc34)c(=O)n2c1=O,64 127 162 172 184 198 231 289 314 352 376 378 389 399 416 428 442 455 468 499 504 515 548 564 567 598 632 647 650 660 675 678 689 728 762 771 807 815 836 875 876 909 935 948 964 984 1020 1058 1087 1088 1092 1145 1199 1239 1256 1259 1313 1316 1326 1354 1357 1380 1489 1522 1548 1573 1574 1583 1584 1602 1607 1623 1631 1645 1646 1673 1676 1690 1731 1747 1750 1766 1794 1804 1805 1831 1855 1865 1873 1887 1932
1675,CCN(C1=C(c2nc([N+](=O)[O-])nc(=O)n2C)CC2OCC(O)CC2C1=O)c1cccc(F)c1,80 127 164 186 216 230 231 248 270 276 288 294 314 357 368 378 399 455 531 542 548 564 590 591 601 644 650 656 673 690 699 715 736 750 753 760 802 807 820 827 838 851 875 881 908 926 932 935 945 955 1001 1012 1019 1039 1057 1072 1088 1096 1116 1145 1195 1257 1285 1292 1307 1328 1380 1410 1487 1512 1540 1577 1583 1605 1645 1670 1677 1680 1684 1704 1722 1723 1741 1750 1780 1795 1797 1805 1814 1816 1819 1855 1873 1887 1923 1928 1954 1963 1973 2032 2040
1676,O=C1N(c2cc(Br)c3cc2CCO3)CCCN1C1CCCN(CCCc2cc3ccc(Cl)cc3cc2Cl)C1,80 92 140 165 170 197 203 210 215 216 262 271 321 322 337 366 392 405 430 441 446 471 488 561 593 624 634 650 653 656 684 728 739 744 746 777 800 815 816 833 839 851 869 870 875 876 898 919 926 935 950 965 981 1019 1024 1028 1058 1083 1091 1094 1132 1140 1145 1236 1243 1295 1325 1344 1349 1380 1383 1384 1396 1397 1422 1428 1434 1446 1453 1457 1480 1527 1529 1541 1545 1576 1602 1621 1631 1683 1690 1704 1706 1738 1750 1753 1771 1791 1855 1858 1873 1905 1910 1911 1924 1933 1946 1955 1993 2025 2036
1677,C=C(c1ccc(NC2CCCC3CCN(CC3)c3ccccc32)cc1)c1ccc(C(F)(F)F)cc1,24 74 114 171 191 206 209 231 266 335 371 383 407 613 622 652 791 798 800 807 809 843 847 861 893 904 926 927 931 935 938 981 1019 1020 1022 1027 1028 1060 1063 1088 1125 1142 1145 1152 1175 1190 1191 1199 1239 1260 1292 1295 1325 1366 1376 1380 1385 1417 1446 1453 1454 1480 1503 1515 1589 1647 1665 1679 1686 1687 1697 1750 1755 1757 1771 1791 1804 1866 1873 1928 1971 2000
1678,Cc1cc(OCCCCCCCc2ccccc2)cc([N+](=O)[O-])c1,0 13 66 80 115 124 131 181 226 235 267 269 290 322 389 398 453 528 564 565 610 628 629 631 650 695 715 753 777 786 816 828 838 861 875 956 970 978 991 1025 1034 1045 1057 1066 1088 1115 1143 1183 1184 1188 1195 1199 1225 1243 1249 1271 1274 1361 1380 1388 1452 1459 1516 1575 1581 1590 1610 1617 1641 1672 1687 1715 1722 1739 1750 1751 1752 1754 1809 1823 1833 1862 1873 1886 1890 1911 1953
1679,COc1ccc2oc(C(=O)NCCN3CCCNC(=O)N(C)C3)cc2c1,8 12 79 80 83 114 138 157 197 233 236 304 305 314 322 336 371 410 481 486 489 500 517 573 586 615 645 650 656 662 667 695 714 718 755 764 781 789 807 816 835 841 869 875 898 926 929 935 1000 1020 1028 1030 1041 1057 1114 1145 1150 1152 1171 1212 1218 1226 1266 1288 1302 1380 1381 1422 1473 1479 1480 1536 1550 1554 1572 1576 1602 1604 1648 1693 1700 1701 1746 1750 1754 1764 1776 1791 1808 1810 1855 1866 1869 1873 1880 1912 1917 1921 1939 1949 1972
1680,Cn1c(-c2ncccc2Oc2cc(Cl)cc([N+](=O)[O-])c2)nc2ccccc21,24 37 45 127 143 213 216 236 240 264 289 322 323 349 357 377 378 432 448 460 463 561 564 571 589 594 634 650 695 703 715 725 753 763 767 777 838 875 935 937 954 958 974 992 1042 1043 1057 1075 1080 1082 1088 1097 1141 1145 1199 1205 1239 1243 1261 1274 1285 1286 1361 1380 1387 1388 1395 1410 1435 1452 1456 1484 1505 1592 1617 1683 1692 1722 1744 1747 1750 1752 1758 1809 1855 1866 1873 1905 1927 1945 1946 1963 1965 1970 2024 2042
1681,N#Cc1ccc2nc3[nH]c(=O)[nH]c3ccccccn3c(nc1-2)N(CC(=O)NCc1ccc(O)cc1)CC3,3 41 43 80 83 102 118 119 152 176 194 197 224 255 276 282 295 310 314 318 323 333 345 361 378 384 389 404 460 490 594 604 622 638 643 650 674 729 745 768 790 796 807 808 828 911 917 926 935 948 957 976 980 998 1025 1036 1063 1072 1088 1089 1101 1114 1136 1152 1174 1199 1233 1312 1313 1331 1332 1351 1364 1365 1380 1384 1480 1482 1486 1552 1573 1580 1602 1609 1633 1646 1685 1733 1745 1750 1754 1764 1778 1783 1785 1855 1862 1873 1917 1998 2004 2033
1682,COC(=O)C(=CC=C1C=CC(COc2ccc(CCC=Cc3ccccc3)cc2)=CC1=O)C(=O)OC,14 16 80 84 102 103 152 154 168 181 249 282 293 310 314 322 375 391 401 419 462 535 547 648 650 654 694 695 709 718 745 747 772 801 807 825 833 835 841 860 878 890 1020 1045 1046 1057 1088 1089 1109 1139 1152 1155 1174 1199 1208 1230 1236 1243 1257 1300 1319 1353 1356 1379 1380 1396 1409 1445 1452 1461 1480 1482 1493 1507 1509 1515 1570 1583 1594 1605 1609 1624 1629 1750 1753 1754 1786 1799 1824 1873 1896 1917 1934 1991 2005 2033
1683,COc1ccc(C(=O)c2cc(NC(C)=O)ccc2N2CCCC2=O)cc1,0 3 9 56 76 90 91 111 114 145 184 191 215 245 253 314 315 322 348 389 390 462 469 498 501 530 561 605 649 650 674 695 710 718 758 781 798 807 831 841 843 849 875 926 935 960 961 1017 1028 1047 1057 1103 1138 1146 1152 1165 1182 1195 1208 1261 1295 1327 1380 1385 1393 1430 1457 1480 1533 1536 1546 1550 1569 1580 1593 1606 1667 1697 1729 1733 1738 1750 1756 1768 1774 1775 1782 1811 1816 1870 1873 1915 1917 1933 1977 1991
1684,CC(C)(C)OC(=O)C(=Cc1ccccc1Cl)c1ccc(Cl)cc1,106 114 124 130 194 216 229 231 286 290 294 333 337 359 366 376 392 412 441 462 463 553 561 575 583 642 650 655 659 674 684 694 695 752 795 816 922 961 974 978 1057 1070 1085 1088 1120 1163 1181 1195 1199 1261 1315 1322 1337 1379 1380 1385 1393 1403 1437 1457 1480 1512 1574 1609 1683 1697 1746 1750 1811 1859 1873 1917 1931 1934 1949 1968 1969 1995 1998 2009 2045
1685,COc1ccc(OC)c(C(=O)c2ccc(C(=O)N3CC(=O)N=C(C)C3)c3ccccc23)c1,9 67 69 94 98 107 189 235 249 263 266 283 284 291 299 314 322 329 359 378 386 422 449 450 451 453 484 500 514 533 578 589 650 660 670 695 710 718 781 807 841 875 926 927 935 949 953 979 994 1046 1057 1088 1124 1176 1192 1199 1201 1337 1357 1380 1422 1504 1536 1555 1562 1573 1594 1652 1716 1722 1745 1750 1779 1825 1873 1911 1916 1917 1946 1970 1972 1977 1991 2008 2009 2020
1686,O=C(Nc1nnc2ccccc2c1COc1cccc(C(F)(F)F)c1)N1CCOCC1,11 80 114 120 218 289 322 340 378 467 523 562 566 569 589 650 654 656 695 708 744 745 760 769 779 807 809 830 865 875 892 926 935 939 950 951 1027 1039 1055 1059 1082 1088 1097 1098 1152 1164 1183 1196 1199 1243 1260 1357 1380 1381 1405 1414 1417 1441 1452 1453 1460 1468 1480 1496 1501 1522 1524 1573 1591 1602 1618 1621 1624 1667 1700 1730 1750 1775 1816 1823 1871 1873 1908 1917 1928 1984 2009 2017 2034 2045
1687,O=C1C2=CC3=C2C(=O)N(C2CC2)C(=O)C2(CCCCC2)CCN1C3=O,2 48 84 93 97 147 164 252 255 261 314 337 338 345 367 376 424 427 550 637 650 735 781 782 793 803 879 886 910 914 926 935 960 961 989 1001 1019 1028 1060 1075 1096 1122 1152 1159 1162 1167 1205 1244 1325 1347 1380 1397 1447 1457 1460 1480 1485 1487 1503 1594 1610 1638 1658 1692 1721 1749 1873 1897 1910 1922 1935 1972 1989 1993 2026 2030
1688,COc1ccc(Cl)cc1-c1nc(-c2ccccc2)c[nH]1,16 94 101 157 165 179 198 216 229 249 281 352 378 389 500 532 541 561 564 581 588 630 695 710 717 726 728 736 766 780 806 816 841 843 875 898 931 942 959 980 985 999 1008 1021 1057 1088 1114 1160 1174 1199 1214 1215 1218 1380 1393 1399 1423 1462 1487 1517 1536 1654 1683 1750 1811 1852 1853 1855 1872 1873 1879 1957 1970 1971 1986 2011 2037 2038
1689,COc1ccc(C(C)=C(C#N)C(=O)N(CC(=O)O)c2ccc(OC)cc2)cc1,80 106 119 143 159 162 183 303 322 344 389 489 521 529 541 572 605 650 674 695 718 719 741 781 783 800 803 807 810 831 841 859 868 881 922 960 1011 1017 1031 1057 1096 1153 1190 1282 1380 1384 1385 1403 1517 1536 1608 1634 1659 1697 1728 1736 1737 1750 1756 1831 1835 1873 1885 1901 1917 1921 1960 1986 2044
1690,CCCCC(=CC=C(C)C(=O)N1CCNC(=O)C1)[N+](=O)[O-],80 121 160 187 210 223 235 278 285 305 314 422 469 512 591 601 620 650 694 715 716 728 753 766 777 782 794 807 838 846 866 923 926 934 935 951 981 1017 1038 1057 1079 1110 1114 1176 1265 1319 1380 1390 1436 1480 1564 1573 1575 1641 1654 1681 1748 1754 1782 1866 1911 1912 1917 1946 1952 1963 1986 2009 2010 2047
1691,NS(=O)(=O)C1=CC=C([N+](=O)[O-])C(N2CCCC2)C1,52 74 90 100 134 167 177 231 261 272 350 353 362 450 458 545 558 566 650 696 705 715 753 768 772 783 818 822 833 838 842 919 926 935 963 1019 1028 1143 1153 1171 1195 1205 1218 1240 1249 1256 1264 1312 1330 1334 1346 1354 1380 1397 1399 1476 1480 1524 1607 1615 1644 1654 1684 1739 1755 1762 1768 1769 1854 1873 1963 1965 1985 1998
1692,CC(C)NC(=O)n1cc2c3csc(N4CCCCC4)nc3ccc21,1 2 9 41 45 88 117 130 181 218 242 275 277 283 330 333 389 390 407 409 455 464 496 538 552 600 614 621 634 647 650 658 675 680 704 768 777 807 822 917 926 935 961 996 1028 1051 1057 1077 1082 1097 1127 1174 1240 1282 1329 1357 1371 1380 1404 1480 1552 1567 1601 1622 1628 1649 1694 1695 1709 1750 1757 1818 1855 1873 1917 1924 1973 1976 1983 1998 2011 2021 2043
1693,CCOC(=O)COC(=O)c1c2sc3c-2cc(OCCSc2cccc(-c4ccccc4)c2)cc13,13 27 44 51 54 60 80 94 116 131 143 145 147 162 165 275 294 322 341 342 352 364 366 385 389 418 430 487 525 537 567 586 628 631 650 675 678 693 695 728 736 739 785 795 807 811 875 895 924 928 1034 1037 1039 1041 1057 1075 1088 1126 1160 1182 1185 1199 1202 1222 1238 1326 1357 1380 1386 1421 1452 1468 1482 1569 1581 1680 1686 1722 1749 1750 1758 1873 1882 1899 1917 1920 1927 1948 1964 1991 1996 1997 2004 2033
1694,CCCOC(=O)c1ccc2cccc(N=C3SCC(CCCOc4ccc(OC)cc4)C(=O)N3C)c2c1,5 13 18 51 80 84 102 145 147 157 167 181 182 195 203 222 239 265 276 294 314 322 345 349 355 432 449 450 459 465 469 472 542 637 650 675 695 718 725 781 807 812 814 831 832 841 870 875 926 935 949 987 1018 1019 1034 1039 1057 1080 1087 1088 1104 1128 1145 1177 1180 1193 1357 1359 1378 1380 1385 1397 1414 1418 1452 1495 1522 1536 1541 1588 1592 1611 1627 1632 1636 1697 1702 1750 1751 1804 1828 1855 1869 1870 1873 1880 1911 1917
1695,CC(=O)C(C)C1CCC(C)C1=O,1 26 51 122 158 159 160 196 217 267 283 284 290 305 314 334 342 343 375 403 409 446 455 482 521 529 543 611 644 650 702 708 761 807 893 926 981 991 1011 1017 1018 1019 1057 1158 1199 1202 1205 1285 1309 1325 1327 1334 1380 1450 1480 1491 1504 1703 1718 1743 1783 1806 1835 1854 1888 1917 1923 1975 1979
1696,C#Cc1c(C(=O)N2CC(=C)C(=O)N(Cc3ccccc3)C(=O)C2)ccnc1NC(=O)C1CCOCC1,24 30 35 44 46 80 152 157 170 184 189 195 202 204 208 213 310 314 378 389 419 475 518 523 559 577 584 588 649 650 656 674 689 695 708 716 732 754 785 787 795 797 807 858 875 879 882 898 915 926 935 936 949 950 951 974 1019 1023 1032 1066 1088 1100 1147 1152 1199 1202 1216 1259 1275 1278 1285 1310 1325 1343 1345 1366 1378 1380 1405 1419 1452 1504 1629 1633 1683 1691 1693 1745 1749 1750 1754 1765 1779 1816 1835 1843 1866 1873 1917 1939 1946 1976 1991 2009
1697,Cc1nn(Cc2cccn2-c2c(C(F)(F)c3ccccc3)cccc2S(N)(=O)=O)c2cc(Br)ccc12,45 49 64 71 80 92 95 102 114 121 135 146 158 166 201 208 235 299 303 350 370 378 389 392 417 419 447 519 549 564 638 650 691 699 702 710 716 727 728 737 742 752 764 765 766 779 797 816 831 833 850 875 876 909 915 935 939 992 1020 1039 1043 1057 1073 1085 1088 1097 1101 1157 1171 1199 1302 1347 1357 1367 1375 1380 1417 1421 1426 1450 1453 1457 1465 1470 1476 1491 1501 1577 1579 1607 1631 1633 1642 1686 1722 1729 1733 1737 1750 1765 1841 1873 1880 1920 1928 1932 1956 2017 2018 2036
1698,CCOCCCCN1CCCN(C(=O)C2=CC(Cl)=C2)C1=O,13 16 51 80 84 92 108 113 125 135 283 294 314 358 365 371 400 428 457 561 590 596 608 650 680 695 741 868 892 893 906 915 926 935 946 951 1028 1031 1053 1057 1083 1089 1123 1145 1147 1187 1215 1238 1239 1243 1249 1262 1325 1380 1387 1480 1489 1504 1517 1536 1584 1599 1647 1683 1741 1873 1911 1917 1933 1936 1980 1982 1985 1992 1994
1699,CN(C)C1=Nc2nc(nc3ccccc23)N1CCc1ccccc1,24 60 80 146 240 255 289 335 343 373 378 389 439 510 538 549 559 576 598 614 639 658 774 776 806 812 838 849 881 908 927 935 939 954 1004 1007 1045 1052 1057 1066 1079 1088 1097 1139 1144 1145 1156 1163 1199 1201 1243 1245 1256 1288 1302 1351 1354 1357 1374 1380 1407 1452 1478 1531 1573 1618 1634 1643 1644 1670 1700 1750 1754 1758 1795 1798 1807 1855 1866 1873 1879 2018
1700,CN(C=CC=Cc1ccccc1)c1ccccc1,49 52 57 81 87 116 236 261 286 288 320 330 389 410 432 478 517 529 611 622 642 668 694 704 758 762 821 835 842 848 858 874 878 881 899 904 965 983 1003 1057 1088 1096 1163 1199 1216 1311 1312 1353 1380 1382 1488 1618 1627 1728 1734 1750 1843 1873 1906 1954 1982 2015 2017 2029 2033
1701,Cc1nc(Nc2nccs2)nc(-c2ccccc2Cl)c1C,14 57 87 92 171 222 252 299 307 323 350 352 357 366 378 385 386 470 488 491 501 541 554 561 624 652 675 703 731 761 894 902 906 970 974 976 984 1011 1018 1026 1057 1088 1124 1138 1140 1149 1152 1197 1199 1213 1217 1303 1316 1332 1345 1356 1380 1401 1428 1452 1507 1567 1582 1608 1676 1683 1695 1722 1728 1739 1750 1797 1830 1839 1855 1866 1873 1892 1910 1929 2040
1702,O=C1CCCCN1CCCCC(=O)N1CCCCS(=O)(=O)c2ccc3ncc(c-3cc2)C1=O,54 80 113 150 155 171 191 207 266 310 314 329 352 369 378 430 442 469 491 495 526 528 549 558 559 650 653 680 729 743 745 798 807 879 893 926 935 951 980 984 1009 1011 1025 1028 1047 1065 1078 1089 1090 1123 1128 1136 1145 1151 1182 1215 1227 1240 1267 1290 1311 1328 1343 1380 1387 1401 1434 1452 1459 1465 1480 1516 1534 1535 1549 1564 1598 1631 1638 1687 1719 1725 1738 1750 1768 1782 1803 1873 1884 1911 1917 1969 1998 2004 2012
1703,Cc1ccc(C(=O)N2CCCCCC(=O)CCN(CC(C)C)CC2)cc1,1 2 66 74 78 80 115 118 122 225 235 249 283 310 314 345 369 424 497 618 647 650 713 723 784 795 799 807 900 926 935 942 1026 1028 1030 1052 1057 1077 1104 1159 1224 1286 1331 1380 1385 1480 1489 1504 1511 1526 1539 1589 1639 1697 1722 1724 1738 1750 1791 1802 1823 1833 1847 1853 1873 1878 1917 1920 1922 1969 1978 1998 2009 2022
1704,CC(C)Oc1nc2c(n1C)CCn1c(-c3ccccc3)nnc1-2,1 14 182 205 278 283 298 304 323 329 358 378 389 441 488 490 523 543 552 555 564 616 664 691 695 736 755 760 808 871 875 900 926 935 940 984 1028 1030 1057 1088 1144 1145 1160 1164 1199 1206 1211 1214 1298 1319 1326 1380 1382 1383 1409 1422 1460 1480 1496 1508 1509 1536 1638 1694 1706 1711 1722 1738 1750 1755 1774 1779 1784 1842 1854 1855 1873 1898 1925 1978 2006
1705,COc1ccc2c(c#cc(=O)n2C2COP(=O)(Oc3ccccc3N3CCCCC3)OC2)c1,2 26 43 45 67 115 144 155 173 206 227 231 242 251 257 276 300 314 319 321 322 407 416 430 450 456 477 576 643 646 650 656 666 667 680 695 718 719 724 761 781 797 810 828 841 875 926 935 961 976 986 1019 1022 1028 1057 1088 1094 1134 1144 1154 1157 1169 1176 1199 1222 1251 1283 1286 1291 1295 1298 1320 1339 1344 1372 1378 1380 1381 1410 1411 1424 1480 1484 1506 1536 1624 1647 1654 1712 1733 1750 1764 1804 1824 1846 1862 1873 1900 1901 1904 1910 1923 1931 1940 1954 1970 1972 1998 2021
1706,Fc1ccc(-c2cc(C(F)(F)F)ccc2-c2nncn2CCCCCOC(F)(F)F)cc1,13 76 80 90 114 217 221 222 243 281 291 352 358 378 380 445 448 492 506 542 600 620 680 695 699 767 770 805 809 872 875 881 893 896 932 935 966 972 1016 1025 1081 1101 1118 1129 1143 1145 1160 1164 1219 1233 1249 1260 1272 1378 1380 1399 1409 1410 1417 1453 1455 1475 1497 1522 1524 1632 1665 1670 1722 1750 1751 1765 1800 1873 1875 1911 1928 1962 1966 1975 1999 2006 2042
1707,O=S(=O)(c1ncc[nH]1)c1cccc2ccccc12,26 42 167 175 343 350 378 382 392 436 457 512 585 650 693 695 757 787 806 844 876 957 958 992 1075 1076 1087 1088 1102 1104 1114 1124 1141 1159 1199 1216 1291 1357 1367 1379 1380 1395 1426 1437 1442 1452 1455 1476 1506 1551 1571 1573 1589 1660 1665 1691 1731 1738 1750 1774 1855 1866 1873 1883 1891 1941 1951 1968 1996 2032 2036
1708,CCC1=Nc2nc(nc(-n3cccn3)n2)N1CC(=O)N1CCCCC1,2 37 43 58 60 75 77 80 83 90 96 112 125 159 185 218 267 287 294 330 369 373 378 475 506 510 540 557 580 588 619 650 744 760 805 807 814 845 868 899 921 926 927 935 945 949 953 1009 1012 1028 1057 1070 1088 1101 1174 1218 1256 1264 1312 1313 1353 1378 1380 1455 1480 1555 1563 1591 1614 1654 1656 1676 1691 1762 1775 1780 1799 1818 1836 1855 1856 1857 1866 1873 1881 1900 1913 1917 1969 1982 1998 2009
1709,N#CCNc1ccc2ccccc2n1,80 103 203 289 319 376 378 394 402 432 477 482 490 611 616 657 673 674 705 718 749 778 790 967 1001 1057 1063 1069 1087 1088 1089 1097 1099 1152 1199 1260 1265 1285 1294 1334 1376 1380 1384 1416 1470 1472 1495 1497 1540 1558 1574 1578 1625 1701 1750 1751 1798 1828 1855 1865 1868 1873 1900 1951 2010 2026
1710,COc1ccc(NC(=O)c2cc3ccccc3[nH]2)c(OCCNC(=O)CCN2CCCC2)c1,13 26 41 69 80 119 131 143 153 197 318 322 365 393 416 448 486 490 499 503 597 605 635 637 650 667 668 695 718 724 735 740 742 743 760 771 781 807 808 841 862 875 894 926 935 947 950 957 969 1028 1042 1057 1080 1087 1088 1092 1100 1114 1145 1152 1164 1199 1224 1375 1380 1398 1422 1426 1452 1458 1469 1480 1518 1536 1546 1555 1564 1589 1665 1708 1745 1750 1783 1790 1791 1816 1817 1855 1856 1873 1885 1903 1917 1938 1954 1966 1970 1972 1978 1984 1998 2020
1711,CCCCCCC(C(=O)OC)N1CCCCS1(=O)=O,1 54 80 119 147 185 187 207 214 292 294 342 350 358 386 443 468 469 525 540 591 598 650 667 692 695 726 739 761 789 794 807 841 856 876 899 915 926 935 998 1002 1010 1027 1028 1057 1143 1152 1164 1252 1273 1274 1283 1416 1427 1444 1469 1470 1472 1480 1489 1491 1514 1533 1557 1574 1627 1638 1644 1645 1656 1667 1707 1723 1741 1766 1768 1775 1856 1858 1902 1911 1917 1929 1953 1998 2039
1712,Nc1nc(NC(=O)N(C(=O)N2CCCC2)c2ccccc2)nc(Sc2ccccc2)c1Nc1ccccc1,26 27 32 100 116 121 177 191 193 241 251 276 283 347 369 378 381 389 451 491 552 556 595 608 650 661 669 676 690 703 746 800 807 811 862 881 923 926 935 956 982 1017 1067 1072 1088 1096 1106 1128 1131 1152 1171 1197 1199 1232 1238 1256 1277 1322 1380 1414 1457 1459 1480 1482 1523 1524 1529 1538 1582 1673 1692 1698 1702 1750 1801 1802 1806 1816 1818 1849 1855 1860 1868 1873 1905 1917 1937 1942 1998 2009
1713,Cc1c(Cl)ccc2cc(CNC(=O)N3CCCCC3)[nH]c12,2 21 61 80 122 154 192 197 203 218 236 250 252 255 283 366 369 376 393 411 414 479 486 488 515 548 561 574 626 629 638 650 661 666 675 774 807 875 882 886 892 903 920 926 935 963 990 993 1028 1057 1059 1080 1086 1114 1127 1152 1160 1231 1232 1271 1335 1351 1380 1468 1480 1504 1509 1530 1621 1660 1677 1683 1722 1745 1750 1785 1829 1835 1855 1873 1917 1929 1935 1991 1998 2002 2009 2011 2045
1714,CCN(CC)CCCN1CCc2c(-c3ccc(Cl)cc3)c[nH]c2C1=O,38 80 83 102 146 155 166 216 222 244 251 272 294 307 314 352 354 359 361 372 375 429 509 534 561 611 620 649 650 716 791 798 802 806 816 879 881 892 893 896 922 926 932 935 948 951 955 974 986 1002 1057 1070 1089 1108 1114 1145 1148 1149 1156 1160 1186 1206 1318 1342 1376 1380 1406 1463 1480 1497 1555 1581 1632 1683 1691 1721 1738 1741 1750 1838 1866 1873 1879 1911 1934 1940 1951 1981 2001
1715,CSc1nc2nc(C#N)cn2n1CCCCC12CCN(CC1)CC2,32 41 46 78 79 84 116 138 160 170 182 203 215 222 230 246 330 341 359 378 394 399 464 554 595 674 718 726 747 761 770 779 790 795 822 843 849 880 893 903 926 931 935 989 1022 1028 1054 1057 1060 1061 1123 1127 1136 1145 1162 1189 1191 1193 1202 1212 1346 1380 1384 1390 1392 1422 1442 1480 1508 1534 1558 1573 1631 1682 1723 1726 1813 1819 1846 1855 1873 1884 1911 1915 1986
1716,Cn1c(NC(=O)NCc2cc(-c3ccccc3O)c3ccccc3c2)cccc1=O,67 80 187 197 218 237 255 310 312 314 335 340 352 368 396 408 427 429 491 543 564 575 581 650 651 678 710 717 734 755 807 836 875 935 984 998 1039 1044 1050 1054 1055 1060 1087 1088 1126 1141 1145 1152 1199 1227 1258 1261 1293 1316 1357 1376 1380 1387 1399 1469 1557 1571 1573 1592 1602 1607 1685 1750 1752 1754 1774 1782 1816 1831 1855 1873 1917 1920 1989 2034 2041
1717,Cc1nc2c(C(=O)N3CCCCC3)ncnc2n1CC1CCCCC1,2 29 72 80 102 119 209 214 233 282 336 369 373 378 445 449 484 489 490 521 551 576 592 612 627 650 714 732 749 766 781 798 802 807 872 885 890 903 905 908 917 925 926 935 942 953 1019 1028 1057 1126 1160 1191 1225 1239 1325 1327 1340 1374 1380 1441 1452 1470 1476 1480 1486 1504 1515 1516 1519 1535 1583 1650 1696 1722 1724 1732 1740 1753 1765 1810 1855 1869 1873 1876 1878 1894 1917 1930 1998 2009 2022
1718,COc1ccc2c(c1)C1C3=CC=c4sc(nc4=CC=C3)C(=O)N1C2,47 85 123 162 175 314 322 345 372 377 378 440 459 536 547 585 628 635 650 672 675 684 695 706 718 719 781 786 841 862 875 879 918 921 926 935 963 999 1006 1015 1019 1027 1057 1146 1230 1236 1249 1264 1289 1333 1366 1372 1380 1382 1391 1415 1427 1431 1478 1488 1499 1536 1561 1571 1592 1656 1698 1734 1750 1800 1810 1812 1850 1855 1856 1873 1934 1946 1972 1979 1980 1991 1999
1719,CCN(C(=NN=Cc1cccnc1)NC#N)c1ccccc1,33 80 81 99 129 140 271 294 313 343 378 382 389 400 437 479 486 502 564 596 623 629 632 645 674 694 702 725 741 783 790 792 807 810 864 881 905 932 940 949 954 991 993 1029 1043 1051 1057 1074 1086 1088 1096 1099 1152 1199 1210 1243 1270 1319 1353 1370 1380 1384 1399 1504 1516 1535 1548 1575 1586 1603 1656 1690 1728 1750 1762 1822 1824 1831 1866 1873 1913 1915 1919 1929 1934 1983 2033
1720,CCCCn1ncnc1-c1ccc(OC)c(C(=O)N2CCN(Cc3ccc(OC)cc3F)C2=O)n1,16 43 80 92 94 99 158 181 196 228 246 249 259 294 295 305 314 322 324 349 358 360 375 378 405 419 489 490 508 518 541 554 566 591 594 595 602 610 624 650 653 664 665 695 699 718 781 794 807 841 875 926 927 930 935 980 1025 1028 1057 1089 1145 1200 1231 1243 1256 1274 1349 1361 1376 1377 1380 1384 1385 1387 1412 1452 1480 1489 1504 1536 1635 1646 1722 1741 1750 1765 1789 1819 1840 1855 1873 1882 1899 1911 1917 1928 1970 1972 1984 2016
1721,CN(C(=O)n1nc2nc1N=N2)c1ccc(F)cc1,54 57 90 127 145 163 165 229 268 283 288 312 321 371 378 388 389 410 463 514 526 612 650 680 682 697 699 714 807 834 835 837 881 935 960 962 968 987 1034 1057 1096 1104 1122 1137 1142 1163 1200 1232 1245 1281 1294 1341 1380 1393 1410 1412 1423 1508 1518 1597 1656 1670 1706 1720 1750 1774 1838 1855 1861 1873 1917 1921 1928 1956 1993 2023 2044
1722,CC(=O)c1ccccc1C(=O)OCCCCc1ccc2c3ccc(c2c1)C(=O)C3=O,13 34 41 70 80 93 96 104 139 143 145 147 310 314 347 352 368 484 511 551 556 650 656 668 680 695 713 722 807 808 816 823 875 901 935 940 978 980 1017 1057 1088 1184 1199 1225 1243 1249 1260 1278 1380 1381 1402 1428 1447 1476 1503 1539 1571 1591 1592 1605 1673 1687 1733 1734 1750 1754 1779 1784 1791 1801 1820 1840 1873 1886 1911 1917 1950 1978 1991 2003
1723,CC(C)(C)C(=O)C1CCC(=O)O1,1 22 114 159 193 194 209 309 314 342 392 408 451 453 523 524 530 564 650 651 656 662 732 733 750 807 849 859 888 909 926 970 994 1019 1055 1057 1137 1295 1309 1322 1325 1350 1380 1398 1520 1526 1532 1544 1559 1572 1587 1616 1669 1738 1836 1872 1875 1884 1917 1957 1982
1724,O=C1N(c2ccc(Oc3ccccc3)cc2)CC2C(n3ccnc3Nc3ccccc3F)CCCN12,4 51 88 92 105 144 157 193 217 233 243 293 314 322 353 378 387 389 428 446 459 473 479 491 548 562 577 593 634 650 671 681 684 695 699 718 739 758 776 790 814 821 895 902 923 926 935 951 956 1019 1028 1032 1035 1073 1088 1101 1122 1152 1199 1211 1224 1252 1257 1261 1325 1329 1380 1404 1414 1450 1452 1457 1458 1459 1465 1480 1491 1541 1617 1689 1693 1696 1705 1750 1765 1825 1840 1845 1866 1873 1894 1900 1928 1938 1951 2046
1725,NC1=CC=C(CN2C3CN(C(=O)N3)S2(=O)=O)C=CC(F)=C1,30 56 59 74 79 80 84 86 122 124 159 187 207 235 239 246 261 295 301 307 314 330 381 432 469 482 547 624 650 699 705 722 727 729 731 733 738 739 780 800 869 897 906 926 935 1019 1040 1044 1071 1072 1114 1129 1151 1171 1218 1249 1300 1380 1414 1457 1480 1496 1502 1643 1797 1799 1823 1825 1848 1861 1873 1928 2038
1726,CCCCCCCCCC(=O)N1CCCN(C(=O)c2ccc(C(=O)N3CCCCC3=O)o2)C1=O,16 38 69 70 80 92 105 250 294 309 310 314 370 459 492 502 505 526 591 622 650 656 663 701 718 729 766 794 798 807 837 848 852 921 926 935 1009 1028 1057 1074 1083 1101 1134 1143 1182 1183 1215 1250 1263 1267 1301 1380 1387 1396 1430 1444 1480 1504 1561 1564 1577 1593 1596 1604 1708 1738 1750 1754 1795 1806 1817 1873 1882 1914 1917 1974 1998
1727,COCC(O)CC1C(N2CCCNC2=O)Oc2cnccc2C1(C)C,1 13 48 80 82 118 136 146 151 173 188 227 305 309 314 329 339 378 388 389 438 509 544 556 576 634 650 656 684 695 728 750 770 779 807 841 890 895 926 935 988 1005 1019 1028 1039 1057 1060 1114 1150 1176 1208 1262 1274 1297 1302 1304 1317 1320 1326 1334 1339 1341 1364 1380 1480 1535 1568 1575 1584 1586 1601 1603 1647 1685 1718 1750 1866 1870 1873 1905 1911 1921 1959 1980 2009 2031 2038 2045
1728,CCN(C)C(=O)c1ccc2c(c1)c(S(=O)(=O)[O-])[n+](-c1ccc(OC)cc1)n2C(=O)N(C)C,21 45 62 80 86 117 123 158 164 169 200 201 219 265 271 283 294 319 322 334 340 348 350 355 392 419 463 527 550 565 616 650 695 713 715 717 718 726 738 781 795 807 827 831 841 872 875 881 932 935 936 947 985 1055 1057 1121 1140 1163 1221 1232 1293 1309 1357 1380 1385 1425 1428 1474 1476 1494 1503 1536 1554 1644 1653 1697 1729 1738 1750 1765 1795 1842 1844 1873 1885 1912 1917 1925 1932 1984 2021
1729,CN1CCc2cc(CCCN(Cc3ccccc3C(F)(F)F)C(=O)c3ccc(C(F)(F)Cl)cc3)nc1n2,22 25 80 114 141 151 158 171 243 255 256 262 317 354 370 378 404 412 418 419 430 441 464 507 509 517 587 616 641 650 660 670 714 724 745 803 807 809 828 875 881 915 919 926 932 935 949 978 980 1033 1056 1057 1088 1092 1096 1108 1121 1144 1145 1168 1193 1199 1221 1243 1256 1272 1295 1316 1325 1327 1331 1349 1361 1365 1380 1385 1417 1423 1453 1469 1479 1480 1495 1523 1570 1665 1678 1683 1688 1697 1704 1738 1750 1800 1830 1855 1873 1884 1899 1911 1917 1928 1946 1951 1997 2033
1730,CC(=O)N1C(=O)CCCC1C,17 302 314 327 425 431 459 460 462 473 500 582 610 650 666 687 734 764 798 804 805 807 877 907 908 926 935 953 984 1004 1017 1019 1028 1057 1171 1182 1190 1215 1276 1282 1286 1300 1309 1325 1339 1380 1391 1422 1434 1559 1565 1569 1577 1594 1701 1763 1826 1851 1858 1888 1910 1917 1971 1973 1977 1979 1984
1731,COC(O)=NN(c1cc(Cl)ccc1Cl)c1ccc(Cl)cc1C=C(Cl)OCCN(C)C,6 13 46 51 58 80 147 157 165 186 198 216 273 306 317 353 366 389 432 453 558 561 562 652 666 675 690 693 694 695 696 703 725 807 816 841 875 881 936 954 961 976 1057 1058 1084 1142 1152 1154 1163 1259 1292 1298 1310 1345 1380 1386 1425 1451 1559 1613 1668 1683 1746 1750 1873 1881 1895 1942 1951 1992 2018
1732,Fc1ccc(-c2nncn2-c2ccccc2Cl)cc1,14 43 77 90 133 141 157 170 216 223 251 270 280 281 366 378 409 417 490 491 514 561 564 699 703 728 755 769 896 905 909 931 932 974 1013 1088 1119 1129 1160 1164 1199 1205 1233 1295 1314 1315 1318 1380 1384 1390 1410 1421 1498 1509 1546 1602 1624 1647 1670 1722 1750 1872 1873 1889 1928 1930 1936 1961 1970 2043
1733,CCCCOC(=O)c1ccc(C=C(C)C(C)(C)c2ccccc2OC)cc1,13 25 80 114 145 147 174 223 227 246 249 294 376 381 392 419 444 446 474 492 494 520 528 569 591 606 624 650 671 694 695 718 721 794 797 801 807 841 845 915 919 977 1017 1057 1069 1070 1088 1089 1113 1121 1126 1193 1199 1278 1315 1321 1353 1378 1380 1385 1410 1431 1457 1522 1525 1536 1592 1629 1659 1660 1679 1697 1709 1727 1734 1740 1746 1750 1795 1807 1873 1884 1900 1911 1917 1934 1970 1986 2033
1734,CC(=O)NC1=CC=C2SC(=C1)C(F)(F)c1ccc(cc1)NC2=O,29 49 74 84 144 145 147 165 178 190 196 235 245 251 254 314 338 341 378 411 484 492 525 556 574 578 594 623 633 650 675 693 718 806 807 816 831 849 925 945 965 978 1003 1017 1057 1060 1067 1102 1114 1136 1145 1152 1159 1167 1170 1192 1230 1249 1261 1320 1325 1380 1403 1418 1498 1551 1571 1607 1608 1708 1712 1714 1723 1750 1814 1816 1843 1868 1871 1872 1873 1917 1928 2002 2033 2044 2047
1735,O=c1n2cc(-c3ccccc3)n1c1cccc(Sc3nn4cnnc4s3)c12,13 45 65 90 92 116 140 159 162 175 254 270 281 314 357 377 378 383 389 449 464 529 548 552 618 632 641 645 650 675 685 735 736 770 771 812 827 857 858 932 935 999 1009 1025 1027 1039 1088 1089 1129 1131 1146 1160 1164 1199 1210 1258 1276 1285 1320 1321 1327 1347 1371 1380 1399 1415 1440 1441 1446 1459 1470 1669 1688 1692 1695 1704 1750 1757 1836 1843 1873 1897 1909 1917 1925 1956 1969 2016 2045
1736,Cc1nc(-c2ccc(C(=O)NC(C)C)c(C(F)(F)F)c2)nc(=O)n1-c1ccccc1,1 22 38 46 58 67 106 114 117 122 184 194 228 283 314 317 378 389 410 419 450 478 486 565 633 650 671 695 714 720 741 743 773 799 807 809 837 875 896 910 912 917 932 935 1020 1028 1049 1057 1088 1145 1152 1160 1184 1199 1245 1253 1283 1302 1380 1385 1404 1409 1453 1462 1486 1489 1490 1520 1549 1563 1638 1682 1689 1722 1750 1765 1800 1825 1855 1873 1887 1917 1923 1928 1929 1936 1947 1961 1991 1993 2020
1737,O=c1n(-c2nccs2)nc(-c2ccccc2)n1-c1ccccc1,14 47 52 58 115 173 180 192 227 246 286 305 314 328 341 378 389 440 482 490 497 543 554 631 650 675 691 693 694 729 734 736 755 758 771 878 935 992 1045 1049 1061 1088 1090 1145 1160 1199 1208 1253 1277 1361 1380 1438 1452 1472 1567 1591 1601 1602 1722 1750 1756 1812 1815 1825 1839 1841 1852 1866 1873 1929 1956 1960 1980 1987 1993
1738,CC(=O)N(C)CCCNS(=O)(=O)c1[nH]cc2cc(O)c(-c3ccccc3)nc12,9 65 77 138 230 319 323 334 350 357 378 381 389 400 403 409 420 448 471 473 502 518 561 650 657 667 683 688 732 736 806 807 841 855 875 881 933 950 984 1017 1036 1057 1088 1114 1152 1160 1163 1173 1199 1353 1356 1362 1368 1380 1386 1387 1466 1476 1540 1579 1588 1602 1606 1607 1626 1652 1656 1667 1682 1685 1690 1691 1724 1737 1749 1750 1761 1764 1792 1855 1873 1874 1879 1886 1911 1917 1951 1974 2014
1739,CN(CCCCCN1CCCCC1=O)S(=O)(=O)c1cccnc1,20 74 80 81 86 155 191 213 254 310 314 319 349 350 378 380 393 403 437 440 570 575 613 617 650 655 662 798 815 839 881 893 900 910 926 935 951 977 978 1028 1038 1043 1057 1060 1083 1088 1089 1090 1123 1126 1143 1145 1154 1163 1181 1182 1213 1219 1237 1248 1289 1310 1380 1410 1476 1480 1535 1556 1586 1603 1607 1669 1738 1750 1751 1766 1805 1853 1866 1873 1911 1932 1951 1968 1987 1998 2027 2038
1740,COc1ccc2c(N3CCN(C(=Nc4nc5ccc4c(=O)[nH]5)SC)CC3)cccc2c1Cl,29 94 116 132 212 231 249 254 354 358 362 372 378 394 407 414 495 558 561 587 619 623 637 650 725 750 765 807 841 847 865 926 935 955 1008 1011 1023 1039 1045 1057 1077 1088 1114 1224 1238 1244 1260 1271 1295 1300 1301 1322 1350 1357 1380 1381 1403 1420 1429 1434 1435 1460 1464 1480 1506 1508 1536 1538 1573 1589 1613 1647 1655 1683 1686 1733 1750 1807 1818 1855 1861 1873 1970 1998 2009 2026
1741,Cc1ccc(N=Cn2cnnc2C)[nH]1,11 83 96 167 199 222 260 270 281 315 318 346 372 378 389 392 399 403 435 437 448 456 489 492 566 608 694 725 727 812 913 917 932 935 956 976 977 1057 1090 1109 1114 1129 1140 1146 1147 1164 1318 1329 1363 1380 1462 1502 1578 1677 1693 1707 1708 1722 1730 1735 1745 1857 1873 1886 1992
1742,CNc1nc2c(s1)=CC(C)=CC=CC=2,41 79 84 120 162 183 224 272 336 364 368 378 382 385 468 471 482 502 534 550 561 629 675 692 768 793 804 806 814 825 862 903 956 977 1032 1057 1098 1117 1134 1152 1191 1200 1249 1303 1311 1324 1337 1361 1366 1380 1415 1418 1430 1431 1467 1484 1498 1518 1596 1700 1710 1712 1722 1736 1838 1855 1858 1861 1872 1873 1881 1887 1920 1935 1981
1743,CCCCN(CCN(CC)CCN1CCCC1)C(=O)c1cc2ccc1c1ccccc21,15 45 80 82 137 151 190 198 199 203 251 292 294 299 342 348 393 424 475 496 591 638 641 650 713 756 788 790 794 807 836 846 875 881 922 926 932 935 960 978 1028 1057 1088 1145 1152 1158 1186 1198 1199 1221 1262 1272 1332 1357 1380 1385 1422 1427 1430 1480 1482 1498 1528 1539 1559 1573 1589 1733 1750 1789 1791 1822 1855 1873 1877 1911 1917 1951 1954 1966 1981 1991 1998
1744,CCN1CCN(C(=O)N2CCCC2)C(C(OC(C)(C)C)C(=O)N2CCCC2C(=O)O)C1=O,1 5 24 34 68 80 108 114 187 193 200 242 257 282 294 295 314 354 369 389 392 406 410 415 436 446 488 531 551 552 564 569 574 577 606 631 650 683 695 777 797 805 807 815 820 854 867 925 926 935 1019 1028 1031 1056 1067 1089 1134 1178 1203 1219 1234 1273 1277 1325 1339 1380 1410 1431 1480 1503 1571 1583 1585 1605 1608 1650 1654 1691 1720 1760 1779 1859 1873 1887 1917 1952 1998 2009 2041 2045
1745,COc1ccc(S(=O)(=O)n2c(C)cn3c4ccccc4nc2CCC3)cc1,43 45 83 170 241 273 279 289 315 319 321 322 350 357 374 378 409 421 447 456 464 471 629 631 635 650 652 695 700 715 718 750 781 793 800 811 831 841 883 925 926 932 935 947 957 966 979 1028 1050 1057 1068 1088 1097 1111 1123 1125 1138 1199 1226 1285 1309 1377 1380 1391 1476 1480 1485 1536 1538 1580 1627 1641 1666 1681 1685 1714 1722 1736 1738 1750 1844 1848 1855 1860 1873 1883 1913 2028
1746,CN1c2ccc(N3CCN(C)C(C(=O)N(CC(=O)O)Cc4ccc(F)c5ccc(Cl)cc45)C3)c1c2,6 17 71 80 91 110 156 165 183 216 230 233 263 274 321 333 367 389 407 474 486 495 507 531 555 561 591 600 605 650 654 675 699 726 739 743 770 795 807 816 875 881 909 913 920 926 935 978 987 989 1019 1027 1056 1057 1060 1063 1086 1145 1190 1209 1256 1270 1275 1277 1295 1319 1348 1349 1357 1380 1381 1395 1415 1445 1480 1505 1508 1540 1577 1593 1653 1676 1683 1722 1733 1737 1741 1750 1825 1840 1864 1873 1915 1917 1928 1933 1995 2022
1747,CCCNC(=O)C1=CC(C(=O)Nc2cccc(OC)c2)=C(S(=O)(=O)N2CCCCC2)CC1,2 6 27 37 72 80 84 100 119 136 144 155 162 164 184 191 197 202 217 268 269 271 294 322 350 366 410 429 434 460 476 486 507 535 539 552 562 570 585 606 650 667 695 697 781 787 794 800 807 808 814 818 841 865 872 875 923 926 935 945 947 970 975 976 1018 1028 1039 1057 1059 1088 1100 1133 1152 1200 1219 1303 1363 1376 1380 1410 1445 1476 1480 1536 1541 1553 1566 1637 1668 1719 1732 1738 1750 1782 1807 1816 1831 1868 1873 1874 1879 1901 1913 1955 1972 1978 1998 2024
1748,CC(=O)N1CCCC1C(=O)NC(CN(C)C(=O)C(C)C)C(=O)Nc1ccc(C#N)cc1,1 30 34 45 80 102 108 117 123 143 191 193 206 242 283 294 303 305 334 353 354 364 446 460 507 518 531 571 573 624 650 674 689 728 736 758 790 807 818 820 837 843 871 881 926 935 938 943 951 1017 1019 1021 1028 1043 1057 1077 1112 1136 1152 1163 1166 1178 1300 1305 1311 1325 1328 1349 1359 1374 1380 1384 1419 1426 1427 1434 1459 1476 1480 1501 1543 1546 1578 1595 1605 1608 1626 1632 1664 1670 1683 1693 1750 1790 1804 1805 1816 1825 1860 1869 1873 1917 1947 1954 1990 2023 2026 2035
1749,CC(C)NC(=Nc1ncccn1)c1ccnc2ccccc12,1 56 117 120 127 147 249 281 283 289 378 434 448 461 465 509 531 536 550 624 627 629 674 691 725 738 739 787 807 832 854 932 985 1006 1028 1036 1039 1057 1079 1088 1097 1134 1147 1152 1186 1231 1232 1252 1289 1312 1351 1357 1365 1380 1404 1430 1452 1524 1573 1613 1619 1635 1637 1750 1777 1803 1809 1866 1873 1924 1929 1950 1965 1991 2005
1750,COc1cc2c(c3ccccc13)C(=O)N1CCN(CC1)c1cc3ccc1n-2c3=O,9 21 33 45 46 57 93 99 179 193 200 203 231 249 312 313 314 407 463 495 504 539 556 618 650 653 683 695 734 816 841 865 868 875 879 894 910 926 927 928 935 945 984 1013 1057 1164 1194 1199 1236 1282 1295 1307 1357 1377 1380 1480 1508 1513 1536 1573 1621 1668 1695 1734 1737 1747 1750 1756 1762 1770 1836 1840 1856 1871 1873 1916 1936 1970 1993 2021
1751,CC1=NN=Nc2ccc(cc2)C(=O)N2CCN(C2=O)S(=O)(=O)C(c2ccc[nH]2)=Nc2c1c1ccc2cc1,29 69 83 89 92 184 203 207 213 267 268 270 314 330 365 369 378 403 411 425 466 469 479 490 508 526 545 556 568 592 608 650 711 727 767 782 787 806 811 829 873 879 896 907 920 921 926 927 935 938 951 964 967 980 990 1041 1057 1067 1088 1096 1100 1114 1160 1213 1236 1241 1300 1324 1340 1352 1380 1400 1401 1451 1457 1480 1493 1505 1540 1563 1564 1572 1589 1601 1604 1610 1621 1722 1747 1750 1752 1796 1838 1855 1868 1873 1921 1970 1978
1752,COC(=O)c1ccc(OC)c(N2CCCN(C(=O)C(C)OC(C)(C)C)C2=O)n1,1 92 94 108 109 124 128 130 138 145 149 163 181 215 249 266 277 314 338 378 392 406 412 420 453 455 529 542 596 623 650 687 695 721 728 758 761 774 795 807 841 855 884 904 906 926 929 935 942 989 1006 1028 1030 1041 1057 1083 1152 1194 1203 1215 1221 1257 1269 1294 1311 1319 1369 1380 1387 1450 1457 1480 1496 1536 1564 1581 1587 1616 1622 1712 1750 1751 1758 1779 1808 1852 1855 1859 1873 1896 1907 1917 1970 1994 1996 2033
1753,O=c1oc(-c2ccc(Cl)cn2)ccc1Cl,2 28 47 64 85 101 106 121 146 216 262 314 321 366 378 395 410 514 561 565 610 650 656 666 705 714 727 802 816 824 856 891 927 980 1008 1025 1037 1058 1093 1179 1188 1217 1289 1297 1312 1331 1380 1407 1440 1450 1452 1468 1513 1529 1533 1535 1543 1581 1592 1604 1683 1696 1733 1749 1750 1753 1829 1873 1937 1987
1754,CCOC(=O)NCCC(=O)N1CCN(S(=O)(=O)c2cccc(OC)c2)CC1,33 80 147 152 173 188 197 245 259 262 268 294 319 322 346 350 363 366 371 378 411 459 500 504 562 573 575 585 609 650 667 695 707 736 740 757 760 766 781 800 807 841 875 895 904 926 935 942 944 996 1009 1039 1057 1088 1152 1178 1238 1280 1342 1371 1373 1380 1392 1424 1450 1476 1480 1524 1536 1564 1578 1589 1690 1722 1729 1750 1758 1873 1908 1917 1952 1972 1983 1998 2009 2020 2045
1755,CC1=C(c2ccc(C(F)(F)F)cc2)CCN1c1nc(Cc2ccccc2)nc(-c2cccnc2N)n1,55 80 107 114 172 193 270 280 296 352 378 383 389 393 447 448 502 531 541 557 575 636 675 799 803 809 813 854 858 884 896 926 935 966 984 1007 1043 1044 1057 1063 1066 1088 1101 1129 1131 1160 1165 1171 1178 1183 1199 1253 1256 1260 1270 1309 1346 1347 1380 1385 1409 1417 1430 1439 1451 1452 1453 1457 1459 1480 1507 1619 1638 1665 1709 1722 1724 1738 1747 1750 1754 1828 1855 1866 1873 1928 1934 1940 1942 1973 1984 2001
1756,CC1C(=O)OC(C(OC(=O)c2ccc[nH]2)C(=O)O)C(O)C1O,1 8 12 30 67 69 70 104 106 143 145 213 267 296 303 314 389 438 463 495 503 505 525 547 599 650 656 695 711 715 750 760 806 807 827 835 862 941 1019 1052 1057 1067 1074 1086 1088 1141 1257 1309 1370 1380 1400 1483 1487 1506 1562 1563 1603 1726 1743 1750 1757 1770 1775 1779 1790 1799 1844 1873 1897 1917 1921 1959 1987 2044
1757,CCN(Cc1ccc(NC(=O)c2cccnc2)cc1)C(=O)N1CCN(C(=O)Nc2ccccc2)C1=O,29 80 92 191 218 223 228 283 294 310 314 322 345 366 389 399 421 426 437 440 453 482 486 490 502 507 528 542 587 650 661 664 668 703 710 807 829 843 862 877 879 881 901 902 903 923 926 932 935 978 991 1008 1039 1043 1057 1077 1088 1117 1135 1147 1152 1154 1199 1213 1263 1289 1380 1382 1385 1387 1399 1406 1408 1439 1479 1480 1483 1510 1513 1532 1535 1538 1554 1586 1603 1635 1722 1750 1754 1795 1805 1814 1816 1851 1866 1872 1873 1917 1949 1960 1962 1974 1978 1981 1985
1758,CN(C)C(=O)NCCSc1nc2ccccc2n1C,2 6 29 45 77 80 116 126 165 178 181 190 193 197 271 275 289 300 301 331 341 348 351 357 362 370 378 404 451 459 515 539 549 564 623 647 650 655 667 680 682 685 720 737 747 753 765 767 807 819 829 842 845 881 894 916 918 935 954 1057 1066 1077 1088 1097 1120 1145 1152 1163 1182 1199 1239 1285 1360 1380 1389 1446 1456 1500 1540 1653 1682 1729 1740 1750 1855 1873 1897 1916 1917 1926 1930 1967 1983
1759,CCN(CC(O)CC(F)(F)F)C(=O)N1CCCCC1,1 2 7 56 90 91 103 114 136 155 195 201 213 227 241 253 294 344 350 369 374 403 445 527 542 650 751 776 807 825 866 881 926 932 935 978 988 1008 1028 1057 1106 1175 1190 1194 1226 1244 1253 1357 1453 1480 1492 1506 1528 1573 1593 1595 1598 1645 1678 1692 1700 1724 1744 1767 1845 1855 1860 1884 1917 1928 1998 2009 2013 2025 2038
1760,COc1ccc(-c2cnc(Oc3cccnc3)c(C(=O)N3CCCCC3)n2)cc1,2 15 65 127 146 176 316 322 369 378 401 437 490 497 521 562 590 595 602 650 662 695 718 732 758 773 781 806 807 831 841 847 873 896 926 935 942 980 1023 1028 1043 1054 1057 1088 1160 1197 1207 1213 1291 1305 1336 1380 1399 1447 1452 1477 1480 1492 1504 1526 1535 1536 1558 1586 1603 1617 1633 1665 1750 1774 1784 1788 1824 1845 1855 1866 1873 1896 1917 1960 1998 1999 2009 2014 2028
1761,COC(C=CC(C)=O)=CC=Cc1ccccc1,31 83 192 230 306 326 389 432 442 447 452 468 492 496 497 520 555 591 639 650 669 684 694 695 774 807 812 823 831 835 841 878 912 926 1009 1017 1040 1057 1088 1152 1157 1181 1199 1277 1338 1353 1379 1380 1388 1395 1462 1476 1481 1554 1622 1650 1710 1741 1746 1750 1803 1831 1833 1873 1903 1917 1958 2020 2029 2033
1762,Cc1cc(CCN(C)C)ccc1C(=O)n1c2c3c(c1=CC=3)=CC=2,14 67 80 104 129 147 193 220 247 269 291 295 300 310 315 338 346 425 504 545 549 583 626 635 650 652 655 662 667 693 698 775 787 807 838 858 875 881 889 913 925 931 935 984 1057 1067 1097 1103 1121 1160 1163 1174 1178 1203 1243 1249 1282 1380 1391 1421 1435 1504 1576 1620 1675 1697 1722 1745 1746 1750 1754 1760 1793 1836 1872 1873 1905 1951 1965 1991 2027
1763,CS(=O)(=O)c1ccc(CC(=O)NCCCCN2CCCC2)cc1,39 41 80 180 187 197 223 248 310 319 325 335 350 446 448 563 592 597 625 646 650 653 667 692 706 715 723 730 807 817 850 855 893 913 926 930 935 1028 1057 1075 1102 1135 1138 1145 1152 1188 1276 1342 1367 1380 1413 1422 1433 1449 1476 1480 1482 1510 1539 1560 1621 1667 1742 1750 1754 1791 1797 1843 1862 1873 1876 1881 1911 1917 1924 1940 1955 1998 2030
1764,COC(=CC=C(c1ccccc1)C(F)(F)F)C(=O)N1C(=O)CCC1=O,18 28 114 241 269 314 321 389 461 489 490 501 559 580 590 631 650 689 694 695 700 740 742 760 777 798 807 822 828 841 926 929 935 960 970 1032 1057 1071 1081 1088 1093 1110 1152 1155 1179 1199 1219 1225 1253 1270 1315 1319 1362 1380 1385 1390 1400 1426 1437 1453 1490 1537 1554 1558 1651 1717 1738 1750 1775 1804 1814 1820 1838 1859 1869 1873 1888 1905 1917 1928 1951 1985 1991
1765,COC1=C(Cl)c2ccc(C(=O)N3CCCCC3)nc2-c2ncc1s2,1 44 62 63 72 162 164 184 193 197 230 233 238 323 352 369 376 378 394 535 561 650 675 680 695 744 748 807 841 855 867 926 935 942 1028 1031 1049 1088 1092 1130 1203 1228 1247 1291 1319 1380 1395 1446 1452 1466 1480 1504 1507 1535 1536 1558 1580 1627 1630 1650 1652 1683 1697 1727 1742 1746 1750 1775 1777 1820 1855 1873 1886 1917 1923 1934 1935 1990 1998 2009
1766,CN(C)C(=O)C1CCCN(C(=O)N2CCCC2)C1=O,5 11 23 80 97 119 122 129 135 156 314 319 400 446 461 469 481 537 650 675 700 707 726 744 765 807 815 846 881 926 934 935 966 981 982 1006 1019 1022 1028 1057 1098 1160 1163 1215 1225 1253 1291 1320 1325 1348 1378 1380 1387 1409 1464 1480 1528 1611 1653 1684 1707 1773 1874 1897 1906 1917 1918 1934 1940 1963 1980 1998 2009 2038
1767,COS(=O)(=O)c1cccc(S(=O)(=O)C2=CC=CCC2C(=O)c2cccc(C)c2)c1,50 120 186 206 228 253 264 319 350 492 533 575 598 614 615 619 650 653 695 704 754 769 807 835 837 841 850 862 869 919 926 953 966 979 1013 1018 1019 1024 1034 1052 1055 1057 1088 1125 1128 1149 1169 1249 1271 1291 1324 1326 1351 1361 1380 1385 1442 1464 1472 1476 1481 1483 1553 1571 1588 1609 1637 1668 1722 1750 1800 1809 1823 1849 1855 1867 1873 1896 1917 1920 1961 1985 1987 1996 2023
1768,CC(=O)Nc1cccc(C(=O)Nc2ccc(NC(=O)N3CCN4CCC3C4=O)cc2)c1,5 86 147 159 184 191 218 235 242 245 256 290 314 335 340 344 394 401 407 414 453 475 484 486 526 530 532 535 576 588 621 650 660 703 711 748 807 810 843 849 875 881 919 925 926 927 935 992 994 1001 1017 1019 1039 1057 1077 1088 1111 1143 1152 1161 1213 1312 1325 1355 1380 1385 1399 1480 1508 1509 1567 1591 1633 1647 1663 1708 1709 1716 1750 1753 1762 1795 1816 1873 1917 1930 1935 1945 1948 1978 1985
1769,OC1Cc2ccccc3ccc1ccccc2-3,0 56 117 149 150 222 231 254 266 332 352 422 468 524 595 640 658 706 733 736 807 827 883 891 895 896 911 926 971 984 1004 1019 1020 1088 1160 1199 1207 1236 1257 1264 1279 1339 1380 1489 1662 1663 1708 1722 1750 1754 1802 1803 1808 1846 1864 1873 1888 1897 1905
1770,O=C(NC1CCCC(O)C(O)C(O)C1)N1CCCCC1,2 57 108 218 224 242 247 283 342 369 387 426 428 469 624 650 767 781 807 846 849 910 926 935 951 998 1019 1028 1041 1045 1063 1064 1082 1145 1152 1210 1257 1265 1274 1275 1292 1305 1325 1364 1389 1415 1431 1450 1463 1468 1480 1487 1509 1514 1528 1571 1617 1634 1677 1702 1722 1731 1903 1917 1955 1998 2009
1771,COC(=O)CCCCCCC(=O)OC(C)(C)C,14 15 80 114 134 137 141 195 198 231 303 319 388 392 400 439 445 453 547 548 578 620 650 695 700 807 841 860 930 968 1046 1057 1143 1152 1161 1173 1192 1198 1205 1267 1294 1343 1380 1386 1399 1470 1500 1503 1516 1539 1552 1564 1574 1613 1694 1765 1772 1859 1878 1911 1917 1978
1772,OC1CC(Oc2cccc3c2=CC=3)C1O,27 79 94 112 126 164 181 235 243 248 275 300 312 340 370 388 402 435 442 445 446 450 461 466 524 542 554 564 632 642 668 695 708 711 713 751 787 796 798 807 824 849 858 869 900 926 933 964 1019 1020 1039 1088 1097 1120 1133 1144 1192 1205 1206 1249 1256 1257 1268 1289 1292 1315 1380 1382 1410 1431 1451 1452 1458 1459 1468 1487 1552 1556 1625 1679 1685 1740 1750 1872 1873 1947 1963 1970 2040
1773,CCC(CC)OC(=O)NCCCNC(=O)N(CC)C(=O)NC(=O)O,1 55 69 80 81 102 125 193 197 201 209 251 276 287 288 294 303 339 373 389 411 455 493 502 650 654 666 667 685 695 703 722 769 807 808 868 871 881 893 896 909 915 917 932 968 972 978 1012 1020 1021 1026 1029 1057 1086 1119 1152 1266 1280 1296 1306 1332 1340 1345 1393 1431 1462 1474 1487 1544 1570 1648 1697 1722 1758 1767 1807 1820 1829 1876 1878 1884 1911 1917
1774,O=C(CN(C(=O)c1cccc(Cl)c1)C(=O)N1CCCC1)Nc1ccccc1,41 61 74 80 93 134 147 165 191 212 216 231 268 283 320 330 369 380 389 528 561 577 592 598 647 650 703 713 761 762 807 836 839 875 881 891 925 926 927 935 1020 1028 1039 1045 1077 1088 1109 1135 1152 1165 1173 1183 1190 1199 1209 1212 1221 1285 1308 1354 1365 1380 1381 1385 1429 1480 1488 1502 1507 1516 1540 1625 1648 1683 1692 1716 1734 1750 1788 1795 1808 1816 1858 1873 1917 1965 1984 1985 1998 2009 2031
1775,COc1cc2c(OC)cc1cc2S(=O)(=O)N(C)CN1CCCCC1=O,19 38 63 80 112 117 119 125 169 173 191 213 222 246 249 256 277 282 314 349 350 362 365 392 401 435 469 577 650 695 705 729 737 763 791 792 794 798 815 841 845 868 875 881 926 935 957 962 1019 1027 1028 1030 1057 1065 1085 1089 1123 1142 1147 1163 1178 1182 1186 1196 1278 1357 1380 1386 1390 1393 1401 1420 1451 1467 1476 1480 1536 1648 1738 1773 1784 1819 1828 1855 1872 1873 1891 1892 1932 1970 1998
1776,O=C(CN1CCCN(N=c2n3c(=O)c4ncccc4n2CC3)C1=O)Nc1ccccc1,28 41 45 74 80 92 104 145 191 224 238 299 314 317 349 378 389 394 448 504 514 520 559 582 586 633 650 651 668 703 725 734 736 773 796 807 843 901 926 935 958 975 1014 1028 1043 1048 1056 1070 1077 1083 1088 1089 1098 1123 1152 1153 1199 1215 1281 1284 1285 1312 1369 1380 1426 1452 1476 1480 1496 1513 1527 1549 1559 1600 1662 1687 1706 1724 1750 1800 1805 1806 1816 1818 1866 1873 1883 1893 1894 1908 1909 1916 1917 1939 1960 1982 2013
1777,O=C(Nc1ccnc(C(=O)N2CCCCC2=O)c1)c1ccc(F)c(Cl)c1,76 78 142 184 191 216 259 285 310 314 347 366 378 391 432 459 465 486 526 529 531 532 542 544 552 561 577 599 650 693 696 699 725 742 748 787 798 807 810 851 855 875 925 926 935 975 990 999 1028 1030 1035 1118 1146 1152 1153 1165 1182 1186 1215 1218 1239 1291 1295 1297 1366 1380 1385 1387 1393 1395 1396 1400 1452 1480 1488 1503 1504 1549 1593 1641 1683 1697 1738 1750 1752 1756 1790 1795 1799 1812 1816 1840 1846 1858 1866 1873 1917 1923 1928 1961 1976 1978 1998 2025 2029
1778,CCCCCCCCCC1=CC=C(C(=O)O)C1=O,28 42 80 204 294 314 379 380 384 389 390 407 409 414 429 456 486 586 591 615 616 627 647 649 650 736 794 807 877 937 1028 1057 1070 1143 1169 1176 1184 1205 1236 1243 1249 1268 1380 1444 1476 1482 1544 1567 1578 1590 1592 1621 1625 1748 1769 1844 1851 1873 1875 1911 1917 2002
1779,O=C(OCOc1ccc([N+](=O)[O-])cc1O)c1ccc(F)cc1,0 40 68 80 85 90 94 145 147 258 295 328 353 467 575 590 606 650 665 695 699 715 730 753 785 807 813 838 875 877 891 971 993 1005 1026 1041 1054 1092 1140 1195 1229 1246 1274 1361 1367 1380 1385 1392 1404 1410 1442 1452 1522 1538 1602 1607 1619 1647 1670 1697 1723 1750 1765 1777 1803 1809 1814 1815 1863 1873 1877 1917 1928 1932 1933 1940 1949 1951 1956 1963 1970 1976 2019
1780,COc1ccc(OCCN2CCCC2)c(Nc2c(-c3ncnn3C)c3cc(OC)c2c(Cl)n3)c1,13 43 80 94 108 174 211 214 249 281 296 322 339 343 349 355 378 381 405 441 453 480 489 491 509 533 543 561 586 649 669 695 701 712 718 739 764 780 781 796 817 841 875 880 926 935 939 1003 1028 1053 1057 1083 1085 1097 1105 1136 1138 1145 1152 1170 1224 1234 1251 1275 1276 1353 1380 1422 1446 1452 1462 1467 1480 1482 1490 1518 1520 1536 1555 1600 1678 1683 1722 1739 1747 1750 1752 1785 1791 1820 1832 1855 1860 1873 1902 1936 1941 1970 1972 1984 1998 2033 2041 2042
1781,CCCN(C)C(=O)Nc1cccc(-c2cc(F)ccc2OC)n1,80 94 126 160 193 249 251 274 294 305 315 326 327 334 341 352 359 378 433 526 569 577 616 623 650 664 695 699 710 726 794 807 811 841 875 881 891 899 905 980 1039 1057 1088 1099 1123 1148 1152 1163 1169 1188 1215 1314 1371 1378 1380 1387 1389 1410 1436 1487 1497 1506 1536 1552 1593 1623 1670 1685 1692 1709 1728 1750 1761 1816 1822 1828 1851 1855 1873 1878 1887 1917 1928 1929 1951 1953 1955 1962 1970
1782,CCCCN1C(=O)N=C1NC(=O)c1ccc(C(=O)N2CCCC2)cc1,25 71 80 114 294 347 369 372 378 425 431 448 455 478 486 497 586 587 588 591 650 671 678 794 807 891 926 927 935 939 942 1016 1028 1057 1081 1120 1121 1145 1152 1176 1213 1235 1316 1322 1335 1379 1380 1385 1388 1441 1450 1470 1475 1480 1502 1504 1511 1547 1559 1597 1608 1650 1665 1693 1697 1711 1750 1795 1798 1807 1816 1844 1845 1873 1882 1893 1911 1917 1926 1998
1783,O=c1c2ccc(c(F)c2)c2ccccc2[nH]c2cc(F)ccc12,41 51 55 102 119 133 152 203 204 223 254 267 314 415 429 457 465 525 554 624 650 699 737 782 788 833 875 882 957 1000 1029 1043 1081 1088 1096 1104 1114 1117 1136 1181 1199 1299 1348 1357 1380 1410 1422 1423 1487 1494 1573 1615 1626 1638 1649 1653 1668 1670 1715 1733 1745 1750 1783 1840 1855 1860 1861 1873 1894 1928
1784,Cc1cccc(Nc2cccc3c2C(=CC=CN2CCCNC2=O)C(C(=O)O)NC3=O)c1,28 35 69 112 120 160 191 197 219 242 301 305 313 314 327 329 352 354 389 416 432 486 491 522 544 545 557 564 595 636 650 694 703 725 739 794 807 819 824 828 833 840 875 882 890 919 926 935 984 1013 1019 1028 1034 1039 1055 1057 1088 1106 1114 1150 1152 1162 1188 1224 1237 1241 1270 1302 1307 1319 1369 1380 1431 1449 1480 1527 1546 1568 1652 1657 1660 1696 1722 1733 1747 1750 1752 1757 1765 1823 1825 1866 1873 1917 1921 1933 2018 2020
1785,O=C(c1ccccccc(Sc2ccccc2)cc1)N1CCC1,6 14 27 63 116 129 213 241 369 384 389 396 415 421 488 497 504 552 639 650 671 690 741 750 782 807 810 811 926 935 938 942 976 988 1009 1028 1032 1042 1044 1065 1070 1083 1085 1088 1141 1199 1255 1270 1319 1362 1370 1380 1385 1446 1448 1480 1504 1511 1519 1568 1584 1650 1715 1724 1750 1802 1822 1871 1873 1894 1897 1917 1933 1961 1985 2009 2024
1786,CCN1C2=NN3N=C(C(Cl)=CC=C(OC)S2)N(c2ccc(-c4cccc(F)c4)cc2)C31N,34 44 45 50 55 63 80 95 96 161 168 185 230 233 252 258 260 286 294 328 330 378 379 390 396 470 487 501 526 542 555 561 574 576 598 675 695 699 736 785 841 847 875 876 878 896 913 926 935 939 1012 1034 1057 1060 1065 1088 1118 1134 1155 1160 1171 1233 1249 1271 1307 1328 1359 1372 1380 1383 1404 1415 1416 1419 1438 1443 1453 1487 1511 1536 1556 1561 1571 1572 1661 1670 1676 1683 1750 1764 1768 1778 1785 1825 1873 1923 1928 1929 1953 1956 1964 1969 1993 2015 2026 2033 2044
1787,CC(C)(C)C1(C)OC(=O)C2=CC1=C2,1 84 102 114 122 150 169 170 219 223 265 311 314 392 441 468 579 604 611 627 650 656 703 715 742 818 857 881 944 955 961 966 1008 1056 1057 1060 1082 1088 1104 1240 1274 1282 1283 1367 1380 1449 1486 1503 1519 1531 1640 1657 1704 1793 1853 1878 1892 2031 2034 2043
1788,CN(C)CCN(Cc1ccccc1)Cc1cccc(C#N)n1,31 38 69 80 133 139 149 161 166 172 206 251 285 291 315 330 351 378 389 406 453 485 490 507 517 570 626 629 652 671 674 693 718 724 790 867 881 908 946 1008 1039 1057 1066 1088 1113 1128 1136 1147 1163 1170 1187 1199 1225 1230 1263 1322 1331 1333 1380 1384 1408 1428 1539 1557 1567 1618 1639 1715 1750 1754 1802 1848 1855 1870 1873 1874 1951 2022
1789,CC(C)(CCC1CC2CCN1CC2)OC(=O)C1=CC=C1F,69 80 99 104 107 114 120 145 183 231 266 275 300 307 313 392 414 531 544 593 620 650 663 695 699 716 749 761 807 820 832 840 854 859 911 923 926 928 935 979 1019 1040 1048 1057 1069 1105 1123 1149 1200 1202 1229 1232 1249 1292 1308 1325 1368 1380 1388 1427 1431 1446 1472 1478 1480 1552 1567 1570 1610 1620 1681 1810 1823 1854 1862 1873 1894 1910 1914 1917 1928 1969 1992
1790,CCCCCCCCCC(=O)C(C)=O,31 80 96 104 150 171 248 294 336 379 383 422 484 554 557 583 591 636 650 715 790 794 807 833 841 961 1005 1017 1036 1057 1062 1143 1149 1245 1258 1267 1273 1411 1444 1446 1507 1510 1540 1564 1687 1730 1751 1778 1911 1917 1962
1791,O=C1OC(=O)c2cc(OCCCC3CCCCC3)ccc21,2 13 29 55 80 109 114 144 169 187 280 292 309 314 322 352 442 480 484 536 650 656 667 680 695 702 708 712 718 731 745 787 832 855 875 890 924 926 1009 1019 1028 1034 1086 1088 1094 1107 1121 1132 1185 1325 1328 1334 1380 1402 1413 1431 1452 1498 1501 1527 1557 1559 1588 1658 1711 1750 1810 1821 1865 1866 1873 1887 1890 1911 1914 1975
1792,COc1ccc(C(=O)NCCC(=O)N(C)C)cc1,8 24 80 148 197 212 258 301 322 363 428 437 486 650 667 695 714 718 779 781 794 807 817 821 831 838 841 881 887 918 937 1033 1057 1074 1098 1109 1144 1152 1156 1163 1215 1238 1271 1314 1355 1380 1385 1400 1419 1470 1472 1536 1553 1564 1653 1665 1688 1721 1750 1809 1873 1917 1930 1941 1946 1957 2011
1793,NC(=O)Cc1ccc(Nc2ccccc2)c(-c2ccc(O)cc2)c1,73 74 80 123 140 146 147 180 222 235 290 297 307 310 325 337 352 389 412 424 491 575 581 601 635 650 678 696 703 731 745 791 807 819 875 896 897 919 984 1088 1096 1107 1120 1129 1152 1160 1165 1171 1199 1212 1224 1313 1333 1380 1461 1524 1539 1562 1569 1602 1754 1761 1778 1793 1809 1822 1856 1873 1880 1890 1898 1917 1931 1997
1794,CCCOc1ccc2cc1C1CCN(C(=O)OC(C)(C)C)C(=O)N1C2=O,13 76 80 92 94 114 137 151 231 241 260 294 314 318 382 392 409 650 652 716 781 794 807 836 846 847 870 875 879 886 896 912 926 933 935 975 1003 1019 1027 1057 1065 1073 1100 1117 1173 1182 1202 1236 1275 1312 1313 1325 1380 1387 1444 1448 1452 1456 1474 1480 1498 1510 1518 1522 1540 1574 1695 1708 1710 1730 1750 1824 1859 1868 1873 1887 1917 1922 1970 1974 1984 1998 1999
1795,COc1ccc2nc3n(c(=O)c2c1)-c1ccc(cc1)-c1ccc(C(F)(F)F)cc1CCN3C(C)(C)C,27 58 60 114 118 121 144 213 222 233 265 270 288 314 322 352 378 389 392 401 404 408 414 420 434 496 504 513 650 680 695 718 732 733 773 775 781 784 789 792 809 841 863 868 875 896 926 931 935 946 961 1015 1057 1097 1107 1160 1236 1260 1357 1365 1374 1380 1409 1417 1453 1480 1489 1522 1536 1546 1551 1558 1560 1585 1602 1605 1620 1627 1655 1665 1713 1727 1736 1738 1740 1750 1758 1814 1825 1855 1873 1888 1928 1937 1964 1965 1969 1972 1974 1993 2027 2045
1796,CN(C(N)=O)C(=O)Nc1ccc(C=CC=COc2ccccc2)cc1,25 26 39 56 73 80 140 159 167 168 169 186 191 193 273 322 330 335 366 368 372 389 414 432 479 481 562 569 582 586 627 637 650 688 694 695 713 721 807 831 835 843 878 881 897 913 1057 1069 1077 1088 1152 1163 1171 1199 1203 1235 1243 1301 1312 1329 1380 1427 1450 1493 1505 1531 1558 1676 1685 1705 1750 1761 1796 1808 1816 1869 1870 1873 1916 1917 1982 2025 2029 2033 2038
1797,O=S1(=O)NC2=NN=C3N=NC(=CC=CC3S2)c2cccc1c2,38 111 140 142 169 193 221 254 255 270 306 314 367 378 438 469 486 521 535 614 627 630 650 653 675 691 696 736 759 799 840 862 875 949 974 977 1000 1019 1026 1039 1048 1076 1080 1083 1088 1092 1114 1118 1124 1160 1249 1288 1329 1367 1368 1380 1404 1443 1445 1459 1471 1477 1488 1545 1559 1586 1595 1750 1753 1765 1777 1786 1825 1873 1904 1921 1923 1931 1940 1956 1991 2021
1798,O=C(CCN1CCCCC1)N1CCCN(C(=O)C2=CC=C3c4cc5ccccc5cc4C(=O)N3C2)C1=O,2 7 16 72 80 92 104 136 161 258 269 274 298 314 322 330 339 352 366 405 493 502 550 569 650 658 663 729 765 772 780 807 809 823 862 873 875 879 922 926 935 994 997 1008 1009 1012 1028 1031 1054 1078 1083 1087 1088 1112 1134 1145 1152 1159 1199 1214 1215 1231 1237 1249 1274 1359 1380 1387 1388 1422 1457 1477 1480 1482 1504 1519 1528 1564 1581 1667 1719 1750 1760 1791 1795 1814 1824 1829 1837 1855 1873 1909 1917 1924 1946 1986 1998 2022 2041
1799,CC(=O)Nc1cccc(-c2c[nH]c3nc4ccc(Cl)cc4cc23)c1,13 46 97 155 165 181 184 191 216 219 221 241 245 262 303 337 352 365 378 380 461 519 530 550 561 629 634 650 671 703 736 744 791 795 805 806 807 816 834 849 878 931 947 961 1017 1039 1040 1057 1088 1114 1135 1152 1160 1186 1215 1236 1333 1341 1347 1357 1380 1383 1403 1451 1463 1483 1491 1519 1526 1612 1639 1660 1665 1683 1689 1718 1743 1750 1816 1855 1873 1879 1880 1892 1901 1914 1951 1984 2017 2021
1800,O=C1CCN(S(=O)(=O)c2ccccc2)CN1c1cccc2ccc3ccccc3c12,41 133 196 203 242 253 271 280 314 319 337 340 350 362 374 389 438 469 562 575 585 650 681 719 725 739 750 757 772 798 800 831 847 877 918 926 935 997 1039 1087 1088 1104 1188 1199 1208 1295 1318 1327 1357 1380 1389 1457 1476 1479 1480 1550 1573 1647 1650 1659 1668 1675 1679 1738 1750 1765 1805 1855 1870 1873 1886 1912 1927 1933 1980 1984
1801,CC(=O)N1C(=O)N(CCCC2CCCC2)C(=O)C1CC(=O)C(F)(F)F,5 29 77 80 92 99 114 230 258 292 309 310 314 351 474 476 484 490 564 576 591 650 666 701 712 807 831 832 844 863 874 890 898 904 926 935 940 951 993 1004 1005 1017 1019 1028 1029 1057 1058 1060 1100 1102 1118 1122 1145 1287 1300 1325 1367 1380 1403 1424 1435 1453 1470 1503 1546 1591 1752 1762 1765 1805 1823 1835 1867 1870 1880 1911 1917 1928 1984 1992 2005 2035
1802,O=C(OCCc1ccc2c(=O)c2c1)c1ccc([N+](=O)[O-])cc1,13 14 72 80 104 113 145 147 184 237 260 263 274 310 313 314 437 523 525 529 557 606 650 656 695 715 753 767 769 807 838 863 875 898 937 947 1001 1027 1104 1175 1195 1196 1202 1243 1274 1359 1380 1385 1457 1499 1522 1539 1565 1592 1598 1689 1690 1695 1697 1725 1733 1750 1754 1809 1813 1814 1832 1846 1873 1917 1935 1963 2017
1803,O=C(O)c1ccc(Oc2ccc3oc4cc5c6cc5cc4oc(=O)c3c2CCOc2cccc(c2)O6)cc1,66 72 80 94 106 175 193 214 240 302 305 306 314 322 326 333 361 372 384 389 441 450 456 510 518 550 554 604 634 650 656 688 695 718 754 807 816 875 926 950 990 1020 1025 1039 1080 1088 1138 1237 1243 1245 1256 1296 1336 1337 1343 1357 1374 1380 1385 1415 1449 1466 1468 1476 1492 1526 1535 1604 1617 1644 1668 1697 1704 1738 1739 1750 1808 1810 1815 1855 1873 1905 1913 1922 1940 1941 1970 1984 2045
1804,CN(c1ccccc1)c1cc2ccc(-c3ccc4c(Br)cccn34)cc2[nH]c1=O,26 45 57 95 96 119 128 170 181 203 250 288 305 314 315 343 372 389 394 417 441 465 478 480 501 515 518 545 564 580 600 650 708 728 750 785 796 810 833 875 881 896 935 951 1057 1088 1095 1096 1101 1114 1135 1142 1147 1160 1163 1199 1201 1213 1235 1256 1278 1306 1324 1354 1380 1408 1459 1519 1546 1567 1581 1631 1643 1679 1692 1719 1745 1750 1794 1807 1827 1854 1855 1859 1873 1945 1969 2018 2021
1805,O=C1C(=O)c2ccccc2C(=O)N(Cc2cccc(Cl)c2)CCN(c2ccccc2)CCCc2ccccc21,1 22 80 165 184 216 243 268 295 314 325 333 352 374 387 389 407 462 468 507 523 556 561 564 592 616 630 650 680 687 725 744 789 860 875 879 891 926 931 935 943 961 984 985 1016 1026 1028 1038 1039 1049 1066 1088 1089 1105 1113 1138 1199 1201 1207 1225 1236 1312 1355 1357 1380 1405 1449 1476 1480 1496 1508 1557 1574 1603 1683 1708 1738 1750 1754 1757 1765 1791 1825 1830 1844 1873 1882 1884 1920 1992 2033
1806,O=C1NC(=Cc2cccc(Cl)c2-c2ccsc2)C=CC=C(Cl)C2=CC=C3N(CC(=O)N3c3ccccc32)Cc2ccccc21,5 14 37 44 137 142 169 179 198 246 264 267 275 281 283 292 306 314 345 352 366 407 418 441 458 476 547 552 561 564 597 650 657 675 694 778 781 798 862 926 935 939 948 961 974 984 987 1015 1020 1029 1039 1060 1088 1114 1152 1160 1167 1173 1199 1218 1236 1249 1274 1289 1295 1298 1314 1336 1338 1339 1375 1380 1422 1498 1520 1556 1586 1587 1619 1647 1657 1663 1681 1683 1686 1701 1702 1714 1731 1747 1750 1754 1758 1769 1806 1873 1879 1892 1909 1946 1982 2015
1807,CC1NC1c1ncc[nH]1,2 39 54 139 165 252 310 339 343 351 367 378 387 499 562 586 726 773 780 806 862 898 923 1019 1057 1094 1095 1110 1114 1156 1172 1212 1249 1285 1297 1298 1303 1309 1341 1380 1452 1506 1601 1603 1792 1825 1859 1866 1873 1893 1915 1951 2003 2008
1808,CC(=O)c1ccc2c(n1)S2(=O)=O,112 116 136 157 207 327 378 421 479 523 533 575 611 636 650 674 710 740 761 807 815 821 854 855 896 924 926 956 962 999 1005 1017 1025 1044 1057 1095 1121 1128 1132 1181 1203 1221 1334 1373 1380 1420 1481 1697 1699 1738 1750 1772 1794 1820 1829 1855 1873 1878 1917 1948 2022 2042
1809,O=C(C1=NC(CC2CCCC2)CCC1)N1CCCC1,29 71 80 106 152 154 232 243 247 255 277 356 369 370 378 426 462 473 481 484 491 505 524 540 556 565 579 591 650 713 719 743 807 824 890 926 935 942 953 962 963 1016 1019 1024 1028 1045 1057 1069 1095 1115 1198 1225 1325 1335 1341 1355 1364 1376 1380 1401 1466 1472 1480 1499 1504 1517 1546 1556 1581 1738 1777 1790 1824 1849 1878 1892 1917 1959 2009
1810,Cc1ccccc1-n1c(-c2nnnn2-c2cc(F)ccn2)nc2c1C(C(C)N(C)C)C(=O)N2,1 11 47 60 84 186 198 210 242 257 283 314 370 378 468 504 511 525 527 530 533 563 577 589 599 615 647 650 699 701 705 747 778 787 788 857 873 875 881 907 910 915 920 935 944 978 986 1019 1034 1057 1088 1114 1163 1164 1197 1199 1239 1280 1285 1287 1288 1295 1380 1391 1423 1430 1452 1487 1538 1552 1590 1670 1692 1722 1748 1750 1768 1783 1805 1834 1852 1855 1866 1873 1917 1928 1930 1950 1978 1993 1999 2031 2039
1811,COC(=O)c1cccc(C(=Cc2ccc(Cl)cc2Cl)NC(C)=O)c1,15 20 50 65 93 115 145 151 165 177 216 245 258 271 287 310 316 366 407 469 473 511 561 629 650 662 666 694 695 727 751 792 800 807 816 841 869 875 904 906 921 961 976 996 1017 1039 1057 1088 1097 1119 1132 1152 1195 1202 1209 1210 1258 1259 1341 1348 1354 1372 1380 1385 1407 1670 1683 1715 1729 1746 1750 1788 1862 1865 1873 1917 1954 1985 2008 2009
1812,CC(C)(C)C(C(=O)N1Cc2ccccc2CC1C1CC2CCCC2CO1)N1CCCCC1,1 2 3 27 53 108 114 150 156 242 246 276 319 392 513 580 585 602 628 632 639 650 656 662 741 762 802 807 820 847 861 903 922 926 935 956 987 1019 1028 1037 1044 1057 1063 1088 1111 1157 1199 1236 1265 1292 1325 1358 1361 1380 1400 1420 1444 1480 1486 1488 1527 1532 1557 1577 1607 1617 1641 1671 1682 1689 1700 1708 1729 1734 1750 1773 1801 1804 1814 1819 1821 1838 1873 1902 1917 1923 1946 1962 1992 1998 2000
1813,COc1cccc2c3cccc1[nH]c(=O)n1nc-3n2CC1,21 45 119 165 249 257 276 278 280 294 306 314 330 336 352 378 382 403 426 508 541 576 610 648 650 665 695 712 751 753 758 791 841 845 906 913 926 927 935 942 956 984 987 1032 1039 1046 1047 1051 1057 1088 1103 1108 1114 1131 1199 1285 1292 1301 1355 1380 1410 1453 1480 1496 1499 1536 1559 1599 1669 1674 1687 1722 1745 1750 1783 1844 1851 1873 1891 1931 1956 1970 2037
1814,CCN(C(=O)c1ccncc1)c1nnc(Cc2ccccc2)n1C,14 38 44 80 93 113 131 294 318 344 378 383 389 401 427 446 483 491 497 514 544 548 564 587 606 650 722 732 742 756 774 783 799 807 830 881 932 935 986 989 1043 1057 1063 1066 1088 1100 1117 1121 1145 1155 1164 1199 1208 1221 1224 1229 1380 1385 1430 1603 1617 1620 1629 1668 1684 1705 1737 1750 1754 1773 1789 1866 1873 1972 1980 1990 2016 2021
1815,FC(F)(F)C(F)(F)C1=C2C3=C1C(F)(F)C23C(F)(F)C(F)(F)F,22 54 56 59 114 144 186 251 304 369 419 431 444 483 509 556 624 632 710 716 755 780 863 883 911 954 962 1009 1018 1047 1048 1060 1062 1130 1232 1235 1248 1265 1327 1362 1367 1380 1453 1465 1506 1513 1535 1548 1569 1582 1585 1648 1672 1812 1826 1882 1892 1905 1915 1928 1988 2018 2030
1816,COc1c2c3ccc1cc3CCCCN1CCCC3C(CCC31)C1CCCCN1C2=O,20 47 106 203 229 242 287 310 314 333 335 446 522 556 610 613 622 634 645 646 650 684 695 785 841 865 875 879 890 911 926 935 937 955 968 969 1019 1028 1057 1190 1206 1215 1236 1253 1292 1296 1325 1342 1357 1380 1388 1433 1438 1469 1480 1486 1524 1526 1536 1599 1603 1620 1628 1644 1654 1681 1689 1692 1732 1733 1738 1747 1750 1799 1854 1855 1860 1873 1913 1936 1955 1982 1991 1996 1998 2001 2017
1817,CCOc1c(F)ccc2c1c(C)nn2CC(C)N1C(=O)c2cccc(c2)S1(=O)=O,1 36 45 52 91 92 116 140 158 182 207 216 237 249 283 294 314 363 378 383 469 560 635 643 650 695 699 730 736 745 789 875 879 931 933 935 949 954 987 989 990 1039 1057 1096 1147 1160 1232 1238 1255 1262 1325 1348 1371 1372 1378 1380 1452 1459 1513 1553 1577 1587 1610 1650 1665 1706 1722 1723 1750 1817 1840 1863 1873 1922 1923 1928 1956 1984 2006 2021
1818,O=C1NCCCN1CCCCN(CC1=CC=C(Cl)CC1)S(=O)(=O)c1ccccc1,5 17 73 80 113 148 159 209 248 282 290 293 300 305 314 319 337 341 350 352 355 363 389 416 507 513 531 560 561 564 575 589 608 637 644 650 723 763 807 815 850 881 893 910 917 935 943 950 951 1028 1049 1088 1089 1114 1123 1145 1150 1170 1178 1199 1245 1249 1288 1302 1319 1328 1336 1380 1395 1402 1408 1421 1424 1458 1476 1478 1480 1510 1513 1526 1614 1669 1676 1683 1731 1738 1750 1777 1824 1866 1873 1882 1911 1921 1936 1946 1951 1955 2039
1819,CON=NN=C1CCCC1NC(=O)c1ccc(OC)cc1,19 46 116 269 322 380 387 391 403 445 469 473 476 486 576 650 695 718 725 743 761 781 807 831 841 864 902 920 922 926 1019 1020 1022 1028 1057 1067 1091 1101 1149 1152 1180 1181 1221 1249 1325 1338 1340 1380 1385 1405 1422 1468 1520 1536 1549 1620 1621 1644 1665 1697 1723 1738 1745 1750 1873 1878 1884 1900 1907 1908 1916 1917 1976 1995 2000
1820,CCCC(=O)Nc1c(NC(N)=O)nc(SCc2ccccc2)n2c1nc1cc(Cl)ccc12,34 41 80 116 140 165 177 216 222 230 236 248 254 259 280 294 341 378 389 405 463 471 488 523 529 536 548 561 623 646 650 673 675 708 727 747 760 762 764 794 807 810 816 875 889 899 935 942 944 1041 1057 1066 1088 1097 1152 1171 1199 1200 1252 1283 1293 1342 1357 1359 1374 1380 1382 1394 1437 1506 1526 1564 1625 1639 1643 1683 1696 1697 1716 1731 1750 1754 1799 1816 1855 1873 1917 1981 1993 2021
1821,C=CC=C1C(=O)N2CCC1(OC(C)=O)C2,47 88 106 142 177 198 230 233 282 314 338 407 423 436 479 491 511 520 602 636 650 657 675 694 695 720 729 784 801 807 808 873 879 890 926 930 935 958 984 1017 1035 1045 1057 1060 1127 1153 1160 1162 1170 1196 1226 1282 1294 1334 1350 1366 1380 1453 1480 1481 1619 1640 1645 1681 1693 1699 1767 1782 1820 1917 1971
1822,Cc1c(C(=O)NCC(C)(C)C)c(=O)c2ccccc2n1C,45 80 114 147 154 197 198 201 264 314 319 339 344 384 392 395 435 486 525 564 567 571 586 587 616 634 650 679 723 743 746 789 791 807 818 862 935 979 983 997 1004 1009 1057 1088 1107 1117 1145 1152 1199 1246 1285 1304 1357 1364 1380 1396 1429 1490 1529 1580 1660 1702 1716 1717 1722 1726 1749 1750 1766 1771 1867 1871 1873 1917 1955 1993
1823,COc1ccc(-c2cnc3nc(C)c(CCCC(=O)O)c(C)n23)cc1,28 30 71 80 92 112 141 142 148 161 261 279 311 336 378 379 389 412 476 518 544 548 621 650 695 718 751 753 781 789 807 818 831 841 849 855 856 896 906 935 936 955 1033 1110 1123 1160 1164 1193 1197 1217 1243 1271 1287 1337 1380 1408 1443 1446 1452 1519 1535 1536 1564 1572 1692 1722 1737 1741 1750 1766 1789 1855 1871 1873 1911 1917 1927 1928 1943 2034
1824,Cc1ccc(CN(CCc2ccccc2C#N)S(=O)(=O)c2ccncc2)cc1,17 21 30 56 57 80 147 235 273 281 282 310 319 350 361 378 383 445 454 507 530 594 642 650 674 696 702 727 736 790 815 821 844 847 881 894 998 1000 1020 1052 1057 1062 1067 1083 1088 1115 1127 1136 1147 1185 1199 1208 1241 1243 1255 1328 1334 1349 1380 1381 1384 1424 1436 1476 1508 1542 1572 1592 1596 1597 1603 1722 1750 1754 1788 1823 1849 1862 1866 1873 1877 1906 1920 1946 1948 1951 2010 2017
1825,COC(=O)c1sc(Sc2nccs2)c(C(=O)N2CCC(C(C)C)CC2)c1C(=O)Nc1ccccc1,1 14 33 41 50 53 116 119 145 152 162 168 191 253 283 294 299 378 389 401 436 447 460 486 496 531 545 552 554 586 597 610 650 652 675 695 696 699 703 732 743 748 758 781 807 815 833 841 906 907 926 935 942 955 980 982 999 1007 1014 1019 1057 1077 1088 1136 1152 1160 1199 1247 1249 1293 1312 1318 1325 1359 1372 1380 1405 1452 1480 1504 1567 1606 1630 1637 1722 1732 1743 1750 1768 1796 1816 1866 1873 1896 1917 1929 1975 1978 1996 1999 2009 2026 2031
1826,Nc1nnc(NC(=O)C2=CC(Cl)=CC([N+](=O)[O-])=CC(OCC(=O)O)=C2)o1,55 80 84 174 180 187 203 255 277 283 287 378 383 387 389 400 409 422 428 435 449 462 486 507 530 561 591 608 626 636 650 656 684 695 715 719 753 755 758 789 795 807 814 822 833 838 845 870 925 934 962 1024 1046 1066 1080 1152 1164 1171 1195 1250 1288 1334 1346 1380 1384 1385 1440 1443 1452 1457 1458 1523 1534 1604 1651 1657 1674 1683 1698 1733 1737 1816 1873 1875 1883 1917 1921 1954 1963 2004 2024 2043
1827,COc1ccc2ccc3ccc(S(=O)(=O)NCc4ccccc4)cc3[nH]c(=O)[nH]c2c1,29 49 73 80 119 146 198 203 217 255 314 317 319 322 348 350 377 389 474 494 502 520 638 650 679 695 715 718 768 781 841 845 862 875 886 917 926 965 969 1018 1057 1066 1075 1079 1080 1088 1103 1114 1122 1152 1168 1199 1205 1310 1380 1476 1478 1534 1536 1544 1582 1617 1621 1626 1694 1744 1745 1750 1751 1754 1855 1951 1972 2004 2013
1828,CC(=O)N(CCC(O)COC(F)(F)C(F)(F)F)C(=O)NCCOc1cc(C(F)(F)F)c(F)c(=O)[nH]1,1 13 15 40 59 68 76 80 86 114 118 133 154 188 193 194 197 202 217 227 243 262 297 301 312 314 367 419 442 448 456 490 509 576 616 618 650 653 667 685 695 699 739 750 763 792 797 807 809 829 836 875 881 921 1017 1029 1057 1103 1114 1135 1138 1152 1177 1247 1332 1380 1390 1396 1445 1452 1453 1523 1563 1588 1589 1597 1624 1648 1745 1783 1790 1873 1917 1928 1947 1951 2020 2038
1829,CCCN(CC(=O)Nc1ccccc1)c1ccc(C(=O)N2CCCCC2=O)cc1C#N,41 46 80 115 139 191 217 268 274 294 309 310 314 317 327 361 370 389 457 459 510 581 618 650 674 683 703 782 790 794 798 807 875 876 881 901 905 926 935 1001 1006 1028 1057 1060 1077 1088 1101 1136 1152 1161 1182 1190 1199 1205 1215 1220 1304 1307 1310 1380 1384 1385 1387 1396 1400 1480 1485 1504 1511 1539 1545 1603 1621 1664 1676 1687 1691 1692 1693 1695 1697 1738 1750 1761 1769 1816 1862 1873 1906 1917 1927 1951 1971 1998 2018 2029
1830,CC1(C)CCN(CCNC(=O)c2c([N+](=O)[O-])c2=O)C1,8 80 81 83 188 197 221 245 252 279 290 292 293 314 317 334 337 386 429 485 486 499 504 525 528 530 548 586 602 650 667 714 715 720 734 753 804 807 816 838 888 895 926 935 1003 1012 1013 1027 1057 1060 1074 1095 1110 1134 1145 1152 1162 1191 1195 1209 1213 1260 1274 1280 1320 1333 1380 1396 1412 1455 1468 1480 1487 1490 1546 1559 1589 1592 1601 1740 1762 1772 1791 1832 1889 1914 1917 1932 1963 2001 2037
1831,CCN(C)C(=O)CCN1CCN(c2cc3nc-3oc3ccc(Cl)cc3c2)C1=O,19 55 80 87 92 165 185 206 212 216 225 267 269 294 295 296 314 334 371 372 378 401 429 430 448 561 565 595 650 656 667 686 732 744 770 799 807 811 816 849 875 881 883 926 928 932 935 950 953 956 980 1047 1049 1055 1057 1089 1095 1145 1163 1170 1178 1191 1223 1237 1238 1278 1334 1335 1380 1395 1434 1446 1457 1474 1480 1512 1537 1545 1555 1604 1647 1663 1674 1683 1701 1749 1750 1754 1778 1808 1810 1825 1855 1873 1905 1912 1917 1956
1832,O=C(Nc1nccs1)NS(=O)(=O)c1ccc(C(F)(F)F)cc1,4 14 49 62 86 111 114 184 265 268 307 319 331 337 339 345 350 360 378 382 383 385 397 501 502 554 595 650 667 675 678 715 807 809 883 902 912 931 1017 1148 1152 1160 1197 1210 1256 1260 1270 1285 1350 1380 1390 1400 1417 1452 1453 1476 1503 1509 1525 1537 1567 1606 1643 1645 1665 1682 1749 1750 1803 1808 1816 1864 1866 1873 1917 1928 1929 1989
1833,COC1=CC(C(=O)OCCCCC2CCCC2)=C2SC(C(=O)N3CCCCC3=O)=C1[N+]2=O,0 13 16 29 52 58 80 84 85 104 114 136 145 147 158 173 188 198 243 245 268 274 282 289 310 314 334 400 420 421 428 459 463 478 484 491 529 530 542 585 594 602 616 634 650 675 687 695 712 725 787 798 799 807 832 841 844 884 890 897 935 1019 1028 1033 1057 1137 1161 1164 1182 1198 1215 1220 1237 1240 1249 1322 1324 1325 1359 1369 1380 1387 1391 1396 1420 1480 1488 1504 1536 1548 1558 1592 1612 1697 1734 1738 1845 1873 1877 1886 1911 1916 1917 1955 1998 2044
1834,CCCCCCc1nc(C(=O)N2CCOCC2)c[nH]1,11 45 68 80 82 83 113 138 172 179 294 360 373 378 419 471 523 584 591 607 649 650 651 656 701 764 794 806 807 815 855 926 929 935 942 950 970 973 1008 1015 1057 1062 1072 1104 1114 1125 1138 1143 1161 1180 1184 1193 1243 1336 1345 1347 1380 1405 1441 1444 1471 1480 1499 1504 1533 1606 1608 1630 1647 1660 1674 1704 1715 1745 1757 1770 1855 1873 1879 1892 1911 1917 1928 2009
1835,O=C1NCCC(SCCCC2CN(S(=O)(=O)c3cccc(C(F)(F)F)c3)CCN2C(=O)c2ccccc2)O1,38 79 80 114 116 146 242 259 268 283 305 314 319 336 350 359 377 389 412 457 465 496 555 556 575 585 605 606 629 649 650 656 668 722 739 750 757 765 800 807 809 832 861 875 879 918 925 926 935 989 1019 1039 1067 1074 1088 1182 1212 1214 1260 1288 1325 1342 1380 1385 1417 1421 1427 1448 1453 1461 1462 1476 1480 1504 1511 1521 1522 1552 1568 1573 1575 1617 1729 1749 1750 1807 1823 1836 1842 1866 1873 1891 1911 1917 1928 1947 1985 1999 2017 2026 2028 2029 2033 2037 2042
1836,CN(C(=O)CCC(=O)N1CCOCC1)C(=O)N(C)C(=O)c1cc(Cl)c2ccccc2c1,11 80 85 95 199 225 228 229 281 294 318 324 348 366 374 401 420 422 510 523 542 561 587 607 650 653 655 656 688 704 717 747 750 760 782 807 836 852 875 881 926 935 950 973 975 996 1009 1021 1037 1057 1070 1087 1088 1149 1158 1163 1199 1221 1235 1238 1313 1334 1349 1352 1357 1358 1373 1380 1385 1403 1405 1430 1431 1441 1480 1564 1573 1574 1637 1641 1648 1661 1683 1750 1771 1792 1855 1873 1917 1950 1951 1958 1975 1984 2009 2029
1837,CCOC(=O)C(NC(=O)N1CSc2nc(N3CCCCC3)n(C)c2C1=O)C(C)(C)C,1 2 12 24 48 80 109 114 117 118 145 147 157 159 185 199 218 219 289 294 314 324 333 378 392 398 407 438 490 499 564 572 621 633 650 660 675 676 680 682 695 711 721 729 759 788 807 844 847 849 852 879 882 889 926 935 975 1019 1028 1030 1035 1057 1145 1152 1154 1159 1189 1209 1238 1339 1365 1374 1380 1387 1401 1416 1423 1424 1480 1507 1638 1660 1668 1686 1722 1773 1818 1855 1917 1936 1982 1998 2002 2038
1838,CCN(CCN(C(=O)c1ccc(F)cc1)c1cccc(C)n1)C(=O)N(C)C,21 49 69 80 83 90 96 119 294 353 358 378 394 395 400 440 449 450 492 533 587 614 650 699 715 761 783 807 834 881 912 932 933 943 965 978 1008 1011 1039 1050 1053 1057 1065 1088 1134 1163 1168 1198 1209 1221 1275 1307 1380 1385 1404 1407 1410 1424 1437 1447 1463 1534 1635 1648 1653 1670 1688 1697 1722 1731 1750 1759 1764 1828 1855 1868 1873 1890 1900 1917 1918 1928 1951 2045
1839,CCCCCCCN(CC)C(=O)c1csc(C)c1C(=O)OP(=O)=O,43 45 61 73 80 139 145 210 218 273 282 294 313 353 552 564 583 586 591 593 620 635 650 652 675 695 714 756 783 794 807 813 817 865 881 885 917 928 932 948 978 980 1008 1033 1057 1078 1089 1098 1103 1127 1143 1145 1188 1221 1243 1272 1277 1283 1350 1380 1444 1490 1567 1582 1606 1622 1650 1669 1722 1814 1829 1833 1873 1881 1884 1895 1900 1911 1917 1922 1951 1961 1991 1992 2021 2041
1840,O=c1n2nc(C3=NN(c4ccc(Cl)cc4)c4cccccc3ccc4)n1CCC2,29 41 62 94 156 191 216 233 235 278 314 370 378 390 403 452 481 487 493 508 523 561 650 724 736 771 816 818 894 911 926 929 935 956 987 990 1028 1032 1039 1049 1070 1083 1088 1091 1132 1160 1190 1192 1199 1224 1284 1322 1361 1380 1389 1394 1432 1479 1480 1496 1505 1520 1538 1571 1668 1683 1722 1750 1785 1788 1825 1858 1869 1873 1931 1938 1953 1954 1956 2002 2007
1841,CC(=O)N(CCCCCCN(C(C)=O)c1cccc2ccccc12)C(=O)c1cn(C)nn1,14 49 79 80 106 146 154 162 226 259 313 336 378 393 430 455 464 569 572 654 663 666 688 741 783 787 807 852 855 860 866 881 897 920 935 1010 1014 1017 1039 1047 1055 1057 1086 1087 1088 1104 1138 1143 1145 1149 1164 1165 1170 1171 1199 1221 1252 1272 1342 1355 1357 1362 1380 1405 1408 1479 1510 1539 1573 1588 1629 1648 1661 1669 1694 1716 1738 1750 1761 1762 1783 1789 1807 1866 1873 1911 1917 1943 1951 1955 1962 1973 2003 2006 2018
1842,Cc1cccc(CN(C(=O)Nc2nc(N)sc2C=Cc2ccc(Cl)cc2)c2cccc(F)c2)c1,14 17 25 26 80 93 162 193 216 230 235 278 288 355 364 378 452 507 561 565 569 576 584 626 627 640 650 675 694 699 708 778 783 807 816 819 828 835 875 878 881 892 913 926 1013 1017 1019 1031 1039 1055 1057 1066 1070 1073 1088 1096 1110 1118 1123 1152 1171 1198 1238 1264 1283 1300 1301 1317 1321 1341 1351 1356 1380 1451 1457 1487 1577 1599 1613 1653 1670 1683 1722 1737 1754 1770 1790 1794 1816 1823 1855 1873 1888 1892 1896 1907 1917 1928 1939 1941 1947 1968 1987 2012 2033
1843,CCCSc1ncsc(=NC)n1,50 80 113 116 182 206 216 221 281 287 294 317 335 336 341 378 383 405 457 469 473 479 521 539 542 628 675 702 724 725 752 758 794 814 825 863 891 943 1001 1040 1057 1061 1086 1182 1186 1200 1303 1362 1380 1406 1433 1449 1452 1457 1533 1565 1567 1591 1593 1718 1738 1754 1767 1813 1827 1855 1873 1882 1897 1908 1943 1954 1959 1983 1995 2032
1844,CCC(=O)Nc1cnc2ccccc2n1,3 41 45 80 168 193 240 284 289 293 294 340 377 378 392 486 527 613 621 641 650 667 683 807 833 838 898 900 945 981 1030 1052 1057 1062 1065 1073 1088 1097 1099 1104 1126 1141 1152 1164 1199 1200 1246 1260 1275 1294 1313 1328 1380 1396 1397 1442 1452 1535 1593 1608 1671 1716 1723 1732 1750 1796 1808 1816 1855 1873 1917 1969 2000
1845,Cn1nc2n(c1=O)CCCN2c1ccc(C(F)(F)F)cc1-n1cccc1[N+](=O)[O-],53 95 114 116 155 202 219 230 259 290 314 328 336 349 378 384 447 469 564 618 650 684 713 715 719 738 739 745 753 771 802 809 838 875 909 926 935 947 948 950 962 987 1028 1057 1083 1088 1101 1105 1145 1195 1201 1216 1218 1235 1250 1256 1259 1260 1263 1295 1297 1365 1380 1390 1417 1421 1457 1480 1496 1497 1501 1522 1531 1546 1634 1665 1709 1750 1790 1812 1820 1829 1890 1896 1915 1928 1950 1956 1963 1973 1977 1992
1846,CC1(C)CCN2C(=O)CCCN3C(=O)C4=CC(=CC=C2C=C4O1)S3(=O)=O,24 56 84 92 93 207 214 224 236 314 330 349 435 441 469 518 541 626 641 650 656 798 840 841 879 914 926 990 1013 1028 1038 1057 1060 1080 1085 1121 1138 1162 1167 1189 1194 1196 1215 1224 1249 1251 1268 1274 1282 1289 1327 1335 1344 1380 1426 1427 1449 1455 1457 1480 1529 1542 1552 1554 1585 1600 1650 1670 1700 1705 1719 1738 1756 1804 1807 1818 1823 1873 1874 1960 1965 1984 1990 1994 2026
1847,CC(O)C(O)C1C2CCCC2CCN1CCc1ccccc1,1 67 80 120 125 135 191 208 220 227 276 283 330 343 389 444 453 461 522 541 579 585 599 621 622 727 760 762 774 792 801 807 825 861 864 867 901 926 935 937 980 1019 1028 1045 1057 1063 1066 1088 1090 1108 1125 1144 1145 1150 1192 1199 1201 1243 1252 1325 1338 1380 1409 1423 1468 1480 1521 1543 1587 1677 1683 1693 1740 1750 1754 1794 1796 1798 1830 1831 1850 1873 1950 1953 1981 1985 1999 2001 2022
1848,Cc1ccc(C(=CC=CC(=O)O)C(=O)O)cc1,31 195 235 257 367 389 397 412 446 469 488 554 600 616 650 658 684 687 745 807 941 971 974 976 1057 1059 1135 1137 1167 1170 1239 1300 1319 1325 1380 1385 1418 1422 1469 1532 1560 1601 1626 1697 1706 1722 1743 1750 1828 1866 1873 1885 1917 1920 1926 1949 1992 2013
1849,CCOC(C=Cc1ccc[nH]c1=O)=CC(=O)NC(=O)Nc1ccccc1C(=O)OC,18 31 42 58 80 109 145 147 161 169 194 205 267 294 314 315 321 436 441 448 472 494 499 573 612 650 681 694 695 745 749 750 806 807 817 829 832 841 876 906 912 936 952 961 974 981 985 1057 1066 1088 1106 1113 1114 1119 1120 1152 1181 1192 1199 1224 1238 1300 1333 1341 1348 1351 1380 1447 1456 1467 1506 1560 1561 1565 1600 1601 1696 1722 1750 1816 1873 1917 1918 1919 1923 1989 1991 2028
1850,COc1ccc2nc(Sc3ccc(F)cc3)nc[nH]c3c(c2c1)=CC=3,9 20 50 60 63 73 90 116 133 141 256 270 279 307 322 350 378 389 437 473 552 565 593 607 643 671 680 695 699 713 714 718 735 762 806 811 834 838 839 841 864 875 939 961 966 978 980 995 1002 1057 1086 1097 1112 1114 1167 1171 1190 1194 1249 1253 1255 1297 1320 1346 1347 1357 1379 1380 1410 1417 1452 1485 1498 1536 1560 1562 1651 1670 1672 1734 1750 1765 1802 1855 1872 1873 1887 1898 1918 1925 1928 1955 1972
1851,CCN(CC(=O)c1ccc(C(=O)Nc2ccccc2)cn1)Cc1cccc(Cl)c1,14 15 52 68 72 80 165 178 191 212 216 225 231 248 251 254 288 294 371 378 386 388 389 426 486 498 507 561 578 592 629 640 650 703 725 731 748 772 807 818 841 855 875 881 891 912 932 947 1036 1039 1057 1066 1077 1088 1118 1152 1190 1199 1203 1225 1246 1325 1326 1371 1380 1381 1385 1414 1440 1452 1531 1535 1576 1683 1693 1697 1750 1754 1768 1791 1795 1809 1813 1816 1820 1873 1895 1917 1978 1981
1852,COc1cccc(S(=O)(=O)N2c3ccccc3C(=O)N(C)C2(C)C)c1,21 97 115 125 152 194 220 303 309 314 319 322 350 352 360 510 519 562 575 650 677 695 707 781 794 800 841 845 855 875 879 934 935 939 944 977 984 1039 1057 1060 1077 1088 1090 1101 1145 1195 1199 1223 1274 1276 1279 1285 1295 1320 1362 1380 1433 1438 1464 1476 1504 1509 1536 1537 1542 1614 1620 1647 1654 1715 1729 1750 1807 1835 1873 1892 1972 2024
1853,Clc1ccc(OC2CCCC2)cc1,1 4 39 116 119 213 216 222 322 359 492 511 524 527 561 591 642 649 695 708 713 718 748 765 792 816 830 888 890 926 1019 1028 1037 1070 1147 1264 1298 1325 1346 1355 1380 1412 1436 1485 1532 1536 1589 1611 1664 1683 1747 1750 1773 1852 1863 1873 1905 1988 2044
1854,COc1cc(Cl)ccc1SC1=NN(C(C)=O)CCC1,59 107 116 127 160 165 181 185 216 218 249 378 395 413 434 482 510 541 543 561 587 635 638 650 660 662 695 748 769 782 807 816 841 875 909 926 935 1017 1025 1028 1029 1033 1057 1111 1138 1141 1159 1174 1210 1213 1260 1300 1314 1380 1390 1421 1480 1523 1536 1543 1606 1634 1637 1639 1680 1683 1686 1738 1750 1759 1774 1793 1841 1873 1913 1917 1953 1970 1977 1986 2036
1855,CC(C)OC(=O)c1ccc(O)c([N+](=O)[O-])c1,1 69 73 112 127 142 145 203 219 283 300 311 354 442 469 481 486 585 615 650 695 709 711 715 716 753 759 807 811 820 826 838 875 878 880 967 1057 1169 1179 1195 1230 1258 1317 1380 1385 1475 1544 1607 1608 1636 1697 1750 1779 1815 1845 1859 1866 1873 1901 1910 1917 1940 1963 1978 2032 2044
1856,CN1C(=O)C(=NN=Cn2cnnc2-c2ccccc2)N(C)C1=Nc1ccccc1-c1ccccc1,9 18 25 184 222 281 333 352 357 378 389 439 449 467 486 490 525 577 592 629 650 659 667 689 690 694 699 725 736 807 808 829 879 890 913 923 932 935 947 962 976 984 987 990 993 1057 1085 1088 1089 1129 1145 1160 1164 1170 1179 1199 1204 1233 1280 1284 1294 1343 1351 1361 1378 1380 1382 1404 1418 1479 1491 1494 1544 1547 1568 1570 1618 1686 1722 1750 1825 1873 1889 1926 1976 1999 2046
1857,CC1=C2C=C1C(=O)OC1CCCC(C)(NC2=O)C1(C)C,3 63 68 74 84 112 117 214 216 217 226 314 326 448 477 494 502 609 632 650 652 655 656 706 744 750 764 781 804 809 815 840 884 899 902 926 974 988 1001 1019 1022 1028 1035 1053 1057 1060 1078 1088 1093 1103 1114 1160 1162 1167 1216 1229 1273 1325 1375 1380 1392 1442 1485 1603 1650 1657 1661 1722 1776 1856 1868 1873 1906 1939 1969 2017
1858,COc1ccc(C(=O)c2cnc(Nc3cccc(Br)c3)s2)cc1,9 140 162 191 197 239 255 286 322 329 345 350 378 385 419 421 432 484 485 491 518 548 556 636 650 675 695 702 703 718 728 741 766 781 807 831 841 844 852 875 887 894 899 909 919 938 971 1002 1039 1054 1057 1072 1088 1118 1122 1134 1152 1243 1245 1269 1341 1376 1380 1385 1397 1398 1452 1482 1528 1536 1555 1593 1606 1631 1662 1697 1702 1747 1750 1756 1775 1782 1794 1852 1862 1873 1917 1943 1957 2033
1859,COC(=O)CCCCCCC1=C2CCCCCCN(CC2)C1=O,2 5 8 10 14 49 72 80 195 222 261 310 314 373 407 458 487 525 527 541 564 635 650 653 674 675 680 695 786 805 807 828 841 879 886 926 929 935 969 1028 1043 1057 1064 1081 1082 1143 1152 1163 1174 1184 1243 1267 1287 1348 1372 1376 1377 1380 1386 1399 1419 1480 1538 1564 1568 1584 1587 1588 1621 1652 1657 1734 1738 1767 1803 1812 1877 1881 1911 1917 1924 1998 2002 2044
1860,COC(=O)c1c(C(=O)Nc2ccc(OC)cc2Cl)cn2c1C(=O)N(CCN1CCCCC1)CC2,2 43 78 80 83 99 119 134 145 234 261 272 289 295 306 314 322 344 366 417 440 464 486 561 586 650 695 718 774 781 808 813 826 841 843 847 875 879 885 888 906 926 929 935 946 947 995 998 1028 1045 1057 1089 1132 1137 1145 1152 1174 1214 1224 1233 1288 1302 1339 1380 1381 1411 1422 1441 1444 1454 1475 1480 1482 1536 1548 1596 1597 1601 1621 1632 1674 1682 1683 1706 1750 1791 1816 1856 1859 1863 1873 1891 1907 1917 1954 1972 1973 1978 1991 1998 2008
1861,COc1cc(Cl)ccc1[N+](=O)c1cocc1NC(=O)Nc1ccccc1Cl,22 56 59 84 165 216 249 261 272 303 323 329 362 366 384 396 458 467 487 489 541 553 561 573 635 650 656 676 695 716 753 802 807 816 823 841 875 962 974 994 1014 1019 1057 1060 1081 1088 1139 1148 1152 1199 1223 1224 1248 1265 1273 1324 1348 1380 1424 1509 1526 1536 1544 1612 1683 1686 1696 1741 1750 1787 1816 1873 1882 1900 1901 1908 1959 1963 1970 1989
1862,C=C1C=C1COC(=O)COC(=O)CC(=O)c1ccc(C(=O)OC)cc1,35 61 80 84 86 121 145 147 160 258 264 280 288 304 328 395 486 557 579 648 650 653 688 695 696 745 764 807 808 817 836 841 906 958 1041 1057 1060 1087 1152 1156 1184 1205 1302 1305 1366 1380 1385 1386 1463 1489 1523 1527 1538 1548 1589 1595 1618 1634 1637 1639 1647 1648 1665 1692 1693 1697 1708 1715 1718 1750 1807 1869 1873 1917 1923 1948 1996 2004 2034
1863,N#Cc1ccc(Cl)cc1NC(=O)c1ccc(Cl)cc1,99 165 194 216 361 486 499 509 535 561 650 674 693 790 807 816 875 947 950 969 978 983 1058 1070 1106 1136 1152 1171 1184 1214 1224 1365 1372 1380 1384 1385 1413 1472 1486 1494 1497 1509 1546 1566 1632 1639 1665 1683 1697 1738 1750 1759 1789 1795 1816 1817 1818 1862 1873 1892 1917 1968 2040
1864,N#Cc1ccc(CCNC(=O)Nc2ccc(Br)cc2)[nH]1,52 80 142 191 197 204 242 261 264 271 284 308 312 348 349 366 368 372 425 462 467 471 477 650 673 674 728 759 786 790 807 810 828 843 852 892 909 943 961 966 1046 1053 1066 1071 1075 1077 1088 1114 1136 1152 1172 1183 1232 1243 1332 1380 1384 1506 1596 1631 1638 1649 1659 1693 1715 1719 1739 1745 1750 1795 1816 1833 1836 1873 1916 1917 1922 1985 1989 1990
1865,CCN=C(Sc1nc(NC(=O)c2ccc(OC)c(C(=O)OC)c2)nc(=O)s1)N1CCCCC1,2 25 80 94 112 116 120 140 145 162 213 219 235 249 294 298 314 345 369 372 378 381 458 484 486 488 512 515 526 560 581 608 650 675 695 699 701 718 725 733 749 780 807 841 846 875 883 885 896 906 926 935 936 995 999 1011 1021 1028 1039 1048 1057 1152 1205 1322 1332 1380 1385 1460 1480 1511 1512 1519 1536 1542 1557 1582 1597 1603 1697 1738 1744 1748 1749 1750 1761 1769 1795 1816 1825 1855 1861 1873 1917 1970 1991 1998 2009
1866,CCCC=C1C=CC=C(C(=O)OC)S1,4 80 99 107 111 126 140 145 179 210 270 294 345 348 351 393 401 487 492 496 510 518 547 560 590 633 650 660 670 675 694 695 738 763 770 782 794 802 807 841 862 906 982 1057 1097 1117 1131 1141 1152 1249 1275 1349 1380 1389 1392 1513 1527 1629 1639 1650 1689 1710 1806 1818 1873 1900 1917 1983 1992 2016 2044
1867,COc1ccc(-c2c[nH]c3ccccc23)cc1NCCCCN1CCCCCC1,2 11 30 45 56 80 94 99 119 249 318 328 333 352 358 405 441 476 530 546 583 592 653 695 747 806 815 841 875 885 893 896 899 909 926 928 935 947 965 969 975 978 1028 1057 1068 1088 1112 1114 1145 1152 1160 1199 1224 1225 1290 1301 1304 1310 1347 1357 1380 1381 1407 1416 1422 1460 1463 1468 1480 1482 1496 1512 1536 1553 1573 1636 1711 1714 1750 1783 1791 1859 1873 1879 1881 1911 1914 1937 1944 1970 1972 1973 1998 2030 2031
1868,CC(C)(c1ccccc1)N1CC2CN(CCOc3ccc4c5cccc-4c35)C(=O)N2C1=O,4 13 30 80 84 92 94 100 109 114 133 137 158 197 226 311 314 389 392 420 433 484 487 488 497 504 519 538 547 549 641 650 664 695 704 718 739 769 782 808 863 881 882 926 935 938 1001 1019 1022 1039 1057 1070 1080 1088 1089 1128 1145 1158 1195 1199 1216 1222 1317 1335 1357 1363 1380 1390 1409 1417 1425 1452 1497 1506 1518 1543 1573 1606 1611 1651 1675 1721 1727 1733 1750 1773 1832 1841 1851 1873 1891 1908 1910 1922 1945 1970 1984 1999 2017 2018
1869,CCCCN(CCN1C(=O)NC(C2=CC=C3C=CC=C32)C1C)c1ccccc1F,18 41 80 208 294 301 314 345 348 428 453 495 502 530 547 579 589 591 620 635 650 657 661 671 676 699 710 750 792 794 798 845 847 861 866 867 881 883 885 900 912 933 935 944 945 989 995 1019 1032 1057 1062 1088 1092 1099 1100 1114 1116 1121 1145 1167 1168 1199 1249 1285 1288 1309 1332 1343 1362 1380 1393 1479 1569 1572 1675 1687 1724 1750 1757 1775 1796 1840 1873 1893 1911 1928 1949 1951 1975 1977 2006 2013 2018
1870,CCOC1=CC=C2C(C(=O)N3CCOCCCNC3=O)=CC=C12,12 39 77 80 124 142 157 183 216 225 228 237 294 305 314 338 364 414 415 469 498 518 523 550 557 560 636 650 656 695 700 722 725 752 807 824 926 935 950 989 1028 1052 1057 1110 1114 1150 1167 1238 1249 1293 1298 1302 1359 1380 1387 1405 1408 1422 1429 1452 1454 1480 1492 1504 1523 1540 1564 1567 1585 1609 1730 1732 1746 1836 1866 1873 1881 1902 1917 1958 1961 1984 2013 2022 2047
1871,COc1cccc(C(=Nc2ccccc2OCCN2CCC2)N2CCCCC2=O)c1,13 18 47 60 65 80 156 188 191 266 304 310 314 322 377 428 443 459 503 533 541 562 650 695 717 725 749 781 798 807 810 841 860 871 875 911 926 935 956 1028 1039 1050 1051 1054 1057 1083 1088 1104 1145 1162 1182 1199 1215 1223 1297 1317 1360 1372 1378 1380 1384 1385 1387 1389 1390 1410 1422 1452 1463 1480 1482 1518 1524 1536 1660 1704 1713 1738 1750 1768 1773 1791 1797 1819 1824 1832 1842 1864 1866 1873 1943 1970 1972 1985 1998 1999 2014
1872,COc1csc(C(=O)N2CSC3=C(c4ccccc4OC)CCCC3C2=O)c1,0 5 52 59 77 86 157 160 219 249 279 308 314 322 325 352 374 383 393 419 438 440 457 473 539 542 552 564 597 650 652 654 657 662 675 695 710 781 807 841 852 866 875 890 900 923 926 935 984 1019 1026 1028 1034 1035 1057 1070 1088 1119 1168 1178 1199 1262 1298 1325 1380 1384 1387 1406 1410 1463 1487 1504 1536 1539 1567 1574 1655 1691 1738 1745 1766 1873 1917 1970 1973 1977 2019 2029
1873,CN1C(=O)c2ccccc2-c2c3ccc4c(cccc2n2c(=O)c4c3c2=S)C(=O)OC2(C)C(OCC3CCCC(O)C32)C1=O,1 5 40 45 50 53 61 63 72 87 97 109 117 125 157 195 196 249 276 284 286 314 336 352 359 365 366 504 546 548 551 557 585 616 650 656 679 782 802 807 816 829 849 864 867 871 879 926 932 935 936 956 984 987 1009 1019 1028 1039 1041 1055 1057 1060 1063 1085 1088 1108 1114 1135 1145 1199 1257 1274 1282 1285 1286 1298 1342 1352 1357 1380 1405 1452 1490 1492 1546 1592 1656 1684 1717 1718 1730 1731 1733 1740 1747 1750 1800 1828 1846 1849 1865 1873 1915 1920 1923 1930 1960 1977 1984 2019
1874,CCCCN1C(=O)C(OC)=C(C(=O)OCCCOc2ccc3cc[nH]c3c2)C1=O,13 80 94 119 145 147 157 191 199 203 209 220 274 294 301 309 314 322 412 417 439 462 522 537 552 588 591 624 650 682 695 711 718 726 745 760 794 806 807 818 832 841 857 875 901 917 926 935 947 977 992 1034 1057 1084 1088 1099 1114 1145 1149 1187 1205 1221 1225 1332 1358 1369 1380 1452 1470 1479 1496 1501 1506 1524 1536 1590 1592 1597 1664 1687 1734 1746 1750 1753 1803 1846 1855 1873 1882 1911 1917 1954 1984 2029
1875,COc1cccc(N2CCN(CCN(C)CCc3ccc(-c4ccccc4)o3)CC2)c1,15 32 35 74 77 80 89 121 171 192 250 302 322 332 374 389 407 496 527 532 562 614 656 677 687 695 728 736 745 781 826 841 865 875 881 926 935 991 1039 1049 1057 1082 1088 1122 1145 1159 1160 1163 1199 1203 1232 1236 1243 1259 1273 1279 1293 1298 1303 1330 1343 1358 1380 1421 1471 1480 1482 1506 1508 1536 1539 1565 1604 1639 1750 1786 1788 1791 1794 1825 1873 1887 1911 1934 1937 1951 1972 2001 2005 2029 2045
1876,Nc1nc2c(s1)CCCCN(C(=O)c1ccc(F)cn1)C2,42 131 152 162 163 167 216 235 290 291 310 349 369 378 435 544 577 632 650 675 699 738 755 807 837 855 859 872 926 935 967 1028 1039 1107 1134 1171 1184 1191 1203 1250 1264 1301 1327 1335 1341 1380 1410 1442 1443 1450 1452 1457 1480 1504 1513 1529 1551 1622 1630 1650 1660 1669 1670 1691 1738 1750 1771 1817 1836 1850 1855 1873 1881 1895 1902 1907 1917 1928 1931 1946 1948 1990 1993 1998 2009
1877,CCc1cnc2sc(N(CC(=O)Nc3ccccc3)C(=O)c3ccc(C(F)(F)F)cc3)nn12,38 41 80 114 151 162 191 262 268 281 294 372 378 383 389 412 418 476 477 485 529 552 556 587 640 650 657 675 703 710 733 760 783 807 809 818 881 889 901 935 946 964 1057 1077 1088 1152 1190 1199 1221 1250 1260 1300 1378 1380 1385 1414 1417 1437 1452 1453 1454 1462 1472 1505 1535 1542 1650 1653 1665 1697 1716 1744 1750 1752 1774 1781 1791 1799 1802 1808 1811 1816 1818 1880 1917 1928 1929 1934 1946 1956 1987
1878,CC1(C)CC(NC(=O)c2cccnc2N)CCN1c1cnccc1N,32 52 57 116 172 248 272 295 326 378 387 428 440 448 464 486 506 520 575 650 658 667 679 695 714 721 749 795 807 823 861 889 904 906 910 926 947 994 1019 1041 1043 1057 1060 1083 1088 1152 1168 1171 1208 1221 1231 1250 1274 1295 1297 1303 1325 1380 1434 1441 1447 1449 1452 1457 1459 1480 1512 1535 1586 1587 1603 1627 1634 1750 1762 1768 1866 1873 1899 1917 1991 1998 2022
1879,O=C(c1ccccc1)N1CCCCC(C(=O)N2CCCCC2)CCC1,2 53 54 62 95 115 185 195 246 339 348 369 389 409 417 419 446 454 497 511 538 544 568 650 780 807 808 827 890 906 926 935 942 974 1019 1028 1061 1087 1088 1105 1121 1164 1174 1199 1319 1325 1364 1370 1380 1383 1385 1422 1448 1480 1504 1511 1535 1684 1696 1709 1750 1845 1858 1883 1902 1917 1967 1980 1985 1998 2009 2030
1880,COc1ccc(OC(C)c2cc3ccc(OC)cc3o2)cc1,1 42 47 70 117 125 175 203 265 283 317 322 405 407 413 448 506 565 598 656 664 667 695 718 781 813 831 841 847 866 875 930 935 968 971 978 983 989 1046 1057 1273 1380 1381 1382 1430 1461 1547 1604 1630 1667 1702 1750 1785 1802 1803 1808 1855 1873 1948 1972 2016
1881,CC(=O)Nc1ccnc(-c2ccc(I)cc2)n1,30 41 102 168 198 245 315 378 440 503 542 555 559 581 598 661 682 752 787 807 849 896 897 947 1017 1029 1057 1097 1099 1140 1150 1152 1153 1159 1160 1361 1385 1404 1419 1424 1452 1472 1494 1547 1594 1596 1611 1626 1664 1726 1728 1749 1750 1769 1777 1800 1806 1816 1838 1855 1866 1873 1881 1896 1917 1929 1946 1967 2019 2028
1882,CC(=O)Nc1ccc(C(F)(F)c2ccc(Cc3ccc(C)cc3)cn2)cc1,24 80 108 114 191 227 235 245 268 310 319 333 346 354 378 408 463 530 555 591 638 650 715 807 843 849 855 885 899 937 1017 1019 1057 1063 1077 1114 1123 1125 1152 1210 1220 1309 1351 1352 1380 1417 1430 1435 1452 1453 1476 1521 1523 1535 1603 1665 1686 1722 1744 1750 1754 1772 1778 1816 1823 1843 1858 1873 1917 1920 1928 1929 1931 1954 2041
1883,O=C(O)C1=Cc2cccc(c2)C=C1OC(=O)c1ccc(F)c(F)c1,18 53 84 144 145 174 202 212 216 238 250 251 271 299 301 389 404 414 433 456 469 477 531 563 590 605 650 695 699 725 738 807 808 875 939 976 987 1039 1051 1059 1088 1147 1214 1216 1255 1333 1360 1380 1385 1489 1539 1567 1590 1684 1697 1729 1750 1840 1873 1887 1894 1906 1917 1928 1938 2002
1884,CC1Oc2c(n3cccc3c3ccc(F)cc23)OCC1NS(=O)(=O)c1ccc2ccccc2c1,11 39 45 50 95 154 180 188 192 193 194 198 203 209 221 245 255 263 274 275 319 322 350 378 400 409 441 442 459 465 482 502 528 550 573 598 600 609 634 638 641 650 656 662 699 715 722 750 759 776 871 875 877 881 888 897 911 913 915 922 926 927 935 955 957 1004 1008 1019 1026 1057 1087 1088 1101 1103 1152 1199 1285 1291 1294 1309 1329 1357 1365 1380 1403 1410 1429 1457 1476 1480 1487 1579 1637 1641 1670 1733 1738 1750 1752 1786 1815 1821 1855 1873 1899 1921 1923 1928 1969 1998
1885,COc1ccc(C2=NN(C)C(=O)CN2CN2CCCC2)c(N(C#N)c2ccccc2F)n1,25 80 81 95 138 160 172 225 233 259 313 314 352 357 378 433 440 480 512 531 556 572 631 650 662 666 674 695 699 721 727 744 748 790 798 815 841 845 852 863 876 881 926 935 996 997 1010 1013 1028 1030 1032 1038 1057 1089 1111 1140 1145 1146 1150 1185 1199 1206 1212 1214 1226 1312 1333 1362 1380 1383 1384 1401 1422 1480 1493 1507 1518 1523 1534 1536 1544 1570 1578 1583 1595 1599 1619 1643 1675 1750 1791 1840 1842 1855 1864 1871 1873 1893 1896 1898 1906 1918 1928 1946 1953 1998 2018 2019
1886,COC1=CC2=NC=CC(=C1)N2CCCN1CCCCC1,2 15 80 84 87 116 139 203 212 236 321 323 378 398 462 488 493 547 588 648 653 667 694 695 766 791 804 841 926 935 1018 1024 1028 1043 1050 1057 1071 1136 1142 1145 1150 1180 1239 1258 1309 1324 1378 1380 1388 1422 1427 1470 1480 1482 1536 1559 1606 1609 1641 1659 1686 1695 1742 1746 1765 1791 1840 1873 1883 1894 1911 1938 1987 1998
1887,CC1(C)CCCc2ccc1c1cc(P(=O)=O)ccc21,45 65 74 84 107 110 157 198 213 253 258 280 282 312 326 341 426 444 526 530 556 627 635 636 650 676 678 747 782 819 858 875 926 953 989 1028 1057 1060 1089 1128 1132 1162 1226 1236 1274 1308 1311 1347 1349 1353 1357 1359 1377 1380 1418 1438 1477 1523 1548 1580 1586 1588 1597 1643 1733 1738 1743 1750 1805 1816 1839 1873 1874 1904 1917 1930 1977 1980 2015 2032
1888,CCOC(=O)c1ccccc1CC(C)(C)C,42 80 92 102 114 145 147 166 169 247 268 294 346 348 355 392 427 451 517 546 560 577 603 648 650 694 695 759 772 807 888 903 945 997 1000 1032 1057 1088 1090 1093 1199 1225 1234 1238 1318 1341 1347 1349 1372 1380 1447 1490 1517 1597 1648 1673 1691 1722 1750 1752 1761 1848 1870 1873 1917 1974 1991 2008 2039
1889,CCCCC(=O)N(CCCCC(C)(C)C)C(=O)c1cc2ccc1c1ccccc21,10 19 23 70 80 114 132 137 151 156 203 253 257 262 294 299 348 368 392 409 425 432 569 591 608 619 641 650 656 685 705 739 741 778 781 794 804 807 810 814 836 846 860 875 881 928 989 997 1014 1016 1020 1053 1057 1088 1099 1132 1199 1211 1213 1221 1238 1243 1308 1332 1337 1357 1362 1363 1380 1432 1433 1436 1438 1472 1545 1563 1564 1573 1648 1669 1733 1750 1764 1832 1855 1873 1911 1917 1951 1991 2002 2006
1890,O=C(Nc1ccc(O)cc1)c1ccc2sc3ccc(oc2c1)c(Cl)c3,162 191 202 253 340 366 435 464 486 526 542 560 561 563 650 656 675 693 704 745 760 771 789 807 828 843 856 872 875 885 928 1019 1044 1066 1077 1084 1131 1144 1152 1181 1183 1193 1245 1284 1313 1380 1385 1417 1429 1468 1470 1483 1593 1594 1602 1604 1622 1646 1683 1697 1750 1778 1808 1810 1816 1839 1873 1916 1917 1942 1952 1978 1995 2007 2035
1891,CCCN(C)S(=O)(=O)c1ccc(C(=O)N2CCCCC2)o1,2 17 80 81 162 163 183 184 197 213 253 261 288 294 305 310 322 350 369 412 505 630 638 650 656 659 794 807 815 868 881 921 926 928 935 942 965 978 1028 1030 1042 1057 1163 1187 1196 1312 1380 1429 1449 1453 1472 1474 1476 1480 1504 1532 1538 1548 1567 1604 1668 1676 1748 1750 1754 1761 1766 1799 1873 1875 1887 1889 1917 1951 1989 1995 1998 2009 2035
1892,COc1ccc2c3ncc(cc3-c3ccc(N4CCCCC4)cc3)c2n1,2 42 210 222 233 352 374 378 379 407 422 424 529 595 661 680 687 695 705 716 770 772 789 810 814 824 827 848 854 875 892 896 898 926 935 997 1000 1028 1057 1113 1150 1160 1172 1199 1268 1270 1296 1301 1343 1357 1380 1384 1405 1434 1437 1452 1466 1474 1480 1518 1521 1535 1536 1552 1570 1724 1733 1750 1759 1825 1852 1855 1873 1951 1978 1996 1998 2038
1893,CCCCCCCOC(=O)C(=CC=C(C(=O)OCC)C(=O)OCC)C(=O)[O-],8 13 80 81 119 147 152 154 155 159 197 233 257 294 402 419 519 564 591 650 665 674 687 689 694 695 715 724 794 807 883 887 974 1047 1051 1057 1106 1143 1174 1184 1220 1238 1249 1313 1319 1379 1409 1424 1435 1444 1472 1493 1548 1609 1621 1628 1694 1722 1726 1734 1759 1779 1786 1792 1811 1836 1839 1864 1866 1875 1911 1917 1953 1989 1991 1993 2008
1894,COCCCN(C)C(=O)N(C)c1nnc(Sc2cc3ccc2cc3F)s1,13 54 60 80 107 116 162 203 314 334 343 378 404 422 464 486 497 509 511 635 650 655 671 675 694 695 699 705 716 768 772 782 807 841 858 875 881 964 999 1005 1012 1025 1083 1117 1152 1163 1164 1321 1337 1360 1380 1391 1428 1448 1583 1587 1610 1615 1633 1646 1648 1652 1656 1691 1704 1730 1733 1745 1750 1780 1840 1844 1855 1873 1911 1917 1928 1950 1951 1971 1998
1895,O=C(c1cnc(N2CCOCC2)nn1)c1ccc[nH]ccc2ccccc12,9 26 51 80 103 110 152 163 175 210 234 238 267 276 306 337 357 378 407 418 507 517 523 650 655 656 664 704 774 791 792 801 807 822 855 913 926 932 935 950 977 1014 1020 1028 1041 1087 1088 1104 1114 1131 1145 1164 1177 1199 1252 1256 1274 1286 1337 1357 1380 1405 1433 1441 1444 1447 1452 1480 1489 1506 1508 1513 1526 1535 1536 1558 1573 1644 1668 1679 1750 1809 1855 1865 1873 1908 1916 1917 1973 1991
1896,O=C1CN(CC(=O)c2ccc(Cl)cc2)CCO1,74 80 128 155 170 216 295 305 310 314 440 441 466 552 561 622 643 650 652 656 683 742 745 807 809 816 835 926 930 935 950 970 1044 1064 1070 1127 1136 1148 1193 1210 1313 1330 1362 1380 1385 1476 1480 1494 1584 1618 1631 1683 1693 1697 1734 1750 1760 1765 1791 1849 1860 1873 1885 1889 1917 1935 1946 1968 2012 2021
1897,CCCCN1c2ccc(-c3cccc(Br)c3)cc2C2OC(=O)C1C2N(C)C,24 27 48 80 102 219 279 294 307 314 322 330 353 357 369 433 447 462 471 485 523 591 650 656 728 731 736 744 750 757 766 779 785 794 829 846 875 881 896 909 935 941 955 996 1001 1013 1019 1027 1039 1057 1088 1113 1116 1127 1145 1160 1163 1196 1205 1271 1278 1290 1295 1341 1344 1380 1390 1441 1456 1502 1547 1555 1563 1619 1631 1698 1750 1755 1775 1788 1796 1812 1837 1873 1882 1911 1915 1959 1980 1998
1898,O=C(c1cccc(F)c1)N(CCCOc1ccc2nc3[nH]c2c1S3)C1CCCC1,13 29 41 66 74 80 85 94 128 143 158 170 180 230 242 293 326 378 404 440 533 569 578 650 675 695 699 752 766 771 807 809 875 881 890 911 926 937 948 961 1019 1028 1039 1063 1088 1097 1104 1114 1146 1197 1217 1221 1223 1246 1250 1251 1262 1277 1325 1333 1334 1352 1380 1385 1452 1487 1491 1518 1519 1530 1583 1590 1610 1670 1696 1724 1730 1745 1750 1758 1855 1873 1890 1911 1915 1917 1928 1951 1970 1984 1985 2022 2030 2044
1899,COc1cccc(C(=O)NC(C)(C)CCN(C(=O)NC(=S)NC(=O)OC(C)=O)C(=O)NC(C)(C)C)c1,17 28 37 80 97 110 114 141 193 228 231 238 251 253 322 354 355 358 373 392 486 517 526 562 564 603 607 613 631 650 695 698 726 729 774 776 781 807 841 875 881 882 898 960 963 980 1017 1035 1039 1057 1069 1080 1088 1092 1119 1152 1197 1207 1254 1308 1335 1380 1384 1385 1391 1436 1488 1531 1532 1536 1538 1549 1579 1584 1648 1682 1750 1758 1788 1813 1826 1873 1884 1912 1917 1946 1972 1984 1985
1900,COc1ccc(CC2CCC(CN3CCN4CCCC4C3)CN2C)cc1,29 74 80 87 126 209 233 253 310 322 325 446 458 486 492 530 555 558 637 693 695 718 739 781 800 831 841 842 844 862 894 895 901 908 926 935 981 1019 1028 1033 1057 1134 1145 1181 1190 1216 1246 1270 1325 1339 1380 1422 1438 1456 1463 1480 1488 1524 1536 1552 1579 1617 1671 1684 1691 1692 1736 1750 1754 1780 1789 1791 1809 1854 1855 1865 1873 1910 1930 1993 2040
1901,COc1c(C#N)c2cc3c1c(c2)N(C(=O)N1CCC(CCC2CCCC2)C1=O)C=C3,5 29 53 55 80 90 114 213 230 262 276 287 314 324 333 358 366 394 400 409 484 530 547 578 586 588 600 623 674 695 706 742 778 784 786 790 794 807 813 832 841 852 855 881 890 926 935 970 973 1019 1028 1057 1064 1136 1251 1295 1325 1380 1384 1387 1396 1448 1455 1480 1536 1565 1599 1611 1642 1653 1717 1731 1758 1779 1798 1840 1855 1873 1882 1917 1931 1937 1984 2018 2038
1902,CC(CO)NC(=O)c1ccc(C=CC2=CC(=Cc3cccc(C#N)c3)OCC2)cc1,1 25 43 80 82 84 102 117 133 155 214 222 281 283 302 305 333 363 399 411 441 477 482 486 522 562 584 650 652 656 660 665 674 694 716 718 749 755 780 790 804 807 808 835 875 878 889 899 926 950 961 1039 1057 1088 1099 1102 1136 1152 1161 1248 1349 1353 1380 1382 1384 1385 1453 1482 1519 1556 1571 1577 1608 1613 1659 1660 1665 1681 1687 1697 1704 1718 1734 1738 1740 1750 1846 1849 1873 1883 1914 1917 1929 1930 1941 1947 1965 1975 1983 2018 2033
1903,CC(=O)OC1C2CC3OC1C(O2)[O+]3Oc1cccc(OCC(=O)O)ccc(C(=O)O)cc1C(=O)CC(=O)O,34 80 99 102 120 156 185 221 226 238 322 354 389 418 456 475 482 499 521 535 562 564 584 641 650 656 667 684 695 718 754 787 789 800 802 807 834 875 926 946 975 986 1017 1019 1033 1035 1039 1057 1065 1069 1076 1088 1126 1138 1152 1183 1190 1199 1249 1262 1292 1293 1313 1332 1340 1365 1380 1385 1396 1410 1417 1424 1438 1440 1452 1455 1484 1491 1515 1538 1543 1544 1617 1645 1688 1693 1697 1737 1750 1763 1819 1840 1873 1887 1917 1921 1926 1950 1959 1970 1991 2004 2032
1904,CCCN1CCn2c3c4c(c2cn4C1=O)=CC=c1c2c(nc4c-3cc(F)cc14)C=C(Cl)C=2,7 19 34 57 80 84 92 110 140 193 219 241 288 289 295 314 332 344 347 352 371 378 381 388 393 400 408 464 557 561 564 566 649 650 699 767 794 820 822 831 861 875 880 883 905 926 935 950 970 1008 1057 1076 1089 1097 1118 1131 1145 1190 1218 1248 1249 1252 1288 1314 1324 1357 1380 1433 1440 1480 1496 1505 1517 1518 1530 1536 1625 1670 1683 1687 1709 1724 1773 1793 1827 1855 1870 1872 1873 1874 1928 1990 2007 2012
1905,Cc1ncc2c(=O)n1C=C2C(=O)NC1CCCCC1,2 11 45 78 97 119 203 269 321 352 378 387 410 414 423 428 486 504 506 525 649 650 667 709 743 794 807 868 890 891 917 926 935 965 1019 1025 1028 1030 1057 1110 1127 1152 1256 1325 1353 1380 1452 1535 1550 1557 1594 1634 1655 1669 1721 1722 1737 1743 1748 1791 1825 1873 1906 1917 1936 1985 1992 1998 1999 2031
1906,CCCCCCCCCCCOP1(=O)OC=C(C(=O)N2CCCCC2)C(=O)O1,2 13 48 80 102 115 140 166 180 247 294 297 301 314 369 414 456 460 516 523 528 529 547 591 608 650 656 674 695 775 794 807 810 815 868 917 926 935 942 966 1005 1008 1024 1028 1042 1057 1087 1088 1103 1105 1121 1122 1126 1143 1183 1195 1205 1228 1235 1249 1255 1271 1342 1351 1359 1364 1380 1410 1418 1444 1480 1504 1588 1683 1764 1873 1904 1911 1917 1955 1988 1998 2009
1907,COc1cc(F)cc(N(C#N)c2nc3ccc(OC)cc3c3ccccc23)c1,19 60 74 86 123 137 152 161 163 172 195 197 253 259 322 378 389 399 426 430 432 493 550 566 635 674 695 699 718 741 746 767 781 790 817 841 875 881 892 907 961 985 999 1057 1080 1088 1096 1097 1199 1218 1234 1257 1267 1272 1330 1357 1368 1380 1384 1387 1395 1444 1493 1524 1536 1566 1573 1595 1612 1653 1670 1705 1729 1745 1791 1793 1823 1832 1855 1873 1899 1928 1972 1975 2014
1908,CCCN(CCOc1ccc(Cl)cc1)C(=O)c1cc(Nc2ccc(S(=O)(=O)Nc3ccccc3)cc2C)n[nH]1,4 13 28 51 53 58 74 80 84 102 114 143 167 185 191 198 207 216 232 268 294 319 322 350 378 386 389 427 428 487 491 502 522 526 537 543 547 557 561 606 650 673 695 703 715 718 719 729 743 789 794 807 816 838 874 875 881 887 896 912 969 978 1014 1034 1057 1070 1088 1099 1105 1114 1140 1152 1173 1199 1221 1224 1242 1270 1288 1296 1324 1339 1340 1359 1380 1391 1402 1414 1427 1442 1452 1476 1503 1542 1614 1632 1649 1674 1683 1685 1703 1722 1750 1761 1809 1819 1839 1840 1856 1873 1914 1917 1920 1951 1978 1982 2004 2015
1909,O=C(Cn1c(=O)[nH]c2c(oc3cccnc32)c1=O)NC1C(=O)N2CCC1CC2,5 41 80 81 111 126 131 133 159 160 191 216 233 277 314 335 356 378 387 407 416 442 448 482 501 504 509 546 585 598 613 618 650 656 691 738 758 802 807 892 903 921 926 935 952 971 1001 1003 1016 1019 1043 1066 1085 1088 1099 1114 1128 1131 1141 1150 1152 1153 1180 1221 1242 1312 1315 1319 1325 1380 1396 1403 1452 1480 1511 1520 1530 1536 1604 1646 1648 1696 1724 1745 1747 1750 1758 1774 1808 1816 1817 1828 1866 1873 1887 1917 1939 2044
1910,CC(=O)n1cccc(OCc2ccc(Oc3ccccc3C)cc2)c1=O,5 58 59 68 80 87 95 98 107 117 167 193 240 275 306 310 314 322 325 350 437 441 491 496 504 538 600 631 649 650 668 695 718 745 787 807 823 865 917 922 935 937 948 1017 1057 1077 1088 1101 1134 1155 1190 1199 1204 1226 1233 1261 1293 1300 1315 1355 1356 1380 1391 1410 1430 1452 1500 1508 1576 1597 1599 1617 1722 1737 1750 1754 1788 1795 1873 1879 1917 1947 1970 1999 2042
1911,COc1ccc(CN(CCc2ccccc2)C(=O)c2ccc3c(c2)oc2ccccc23)cc1,40 80 101 166 279 310 317 322 323 357 368 377 389 393 406 461 478 479 507 520 587 650 655 656 670 674 686 695 718 722 781 807 828 831 841 856 875 881 945 949 978 980 1003 1030 1045 1057 1058 1066 1088 1114 1128 1133 1147 1191 1199 1221 1243 1245 1263 1324 1357 1365 1380 1385 1512 1536 1573 1604 1658 1674 1697 1733 1750 1754 1765 1781 1804 1808 1813 1822 1836 1860 1873 1917 1926 1951 1984 2001
1912,CCCCCCCCC(=O)c1ccc(C(=O)OCC)cc1,64 80 88 89 125 145 147 194 216 235 255 276 294 392 440 462 474 524 589 591 593 606 644 650 693 695 759 794 807 808 826 871 916 952 969 992 1011 1013 1022 1051 1057 1058 1141 1143 1218 1238 1257 1267 1293 1343 1380 1385 1444 1451 1455 1516 1557 1564 1618 1693 1697 1722 1742 1750 1773 1842 1849 1853 1856 1861 1873 1911 1917 1949 2003 2046
1913,CNS(=O)(=O)c1cccc(Nc2cc(Cl)ccc2Br)n1,78 99 165 166 216 267 276 293 315 350 362 378 413 469 491 502 553 561 565 575 576 583 608 650 659 674 728 755 765 771 816 833 841 872 875 950 978 993 1026 1032 1039 1057 1083 1088 1099 1128 1152 1186 1189 1196 1224 1225 1230 1232 1238 1242 1252 1286 1320 1323 1347 1348 1357 1380 1391 1392 1430 1476 1499 1525 1554 1567 1601 1631 1632 1654 1678 1683 1720 1750 1768 1771 1843 1855 1873 1915 1924
1914,CNS(=O)(=O)c1ccc(NC(=O)Nc2n[nH]c3cc(NS(=O)(=O)c4ccc(F)cc4F)ccc23)cc1,54 56 74 85 119 185 191 198 256 308 319 328 348 350 378 392 502 565 640 650 658 699 708 715 743 744 754 807 812 826 843 875 883 889 911 913 990 1000 1027 1040 1057 1077 1081 1083 1101 1114 1130 1141 1152 1189 1216 1270 1357 1380 1410 1430 1476 1487 1527 1545 1581 1592 1618 1623 1670 1693 1729 1733 1750 1760 1790 1792 1813 1816 1833 1840 1873 1916 1917 1928 1960 1989 1990 2000 2004 2045
1915,C=c1c2ccc(Oc3ccc(S(=O)(=O)N(CC)CCN(CC)C(=O)C(C)C)cc3)c1c2,1 26 35 49 69 80 94 97 168 193 203 229 235 240 277 282 283 288 294 319 322 323 350 369 412 460 607 650 695 715 718 781 805 807 815 833 853 859 875 881 927 932 935 982 1001 1008 1072 1198 1254 1328 1349 1352 1357 1366 1380 1389 1442 1444 1476 1497 1550 1617 1636 1665 1677 1693 1732 1734 1750 1768 1769 1771 1832 1855 1873 1914 1915 1917 1946 1951 1970 1980 2019 2023 2036
1916,C=CC1=CC(=Cc2ccccc2)N(C(=O)c2cc3ccc2c(C(F)(F)F)c3)C(c2cccc(OC)c2)=N1,30 84 85 92 95 114 141 179 217 227 249 251 254 262 281 302 307 316 322 378 389 419 461 482 486 514 522 540 547 562 570 579 600 642 645 650 671 672 694 695 736 771 781 807 809 817 841 844 862 875 881 889 895 927 935 937 940 968 995 1057 1088 1150 1160 1176 1179 1180 1199 1228 1294 1315 1326 1353 1357 1358 1366 1380 1404 1453 1494 1504 1536 1645 1650 1669 1678 1705 1727 1732 1733 1750 1762 1773 1777 1822 1873 1928 1935 1947 1950 1967 1972 1973 1980 1991 2016 2033
1917,N#Cc1ccc(C(F)(F)Oc2ccccc2C(=O)N2C=C=C(C(=O)N3CCCCC3)CC2)cc1,2 34 74 75 102 114 142 226 251 298 305 309 360 362 369 415 451 529 537 548 576 626 650 674 691 695 742 763 790 797 807 824 839 869 901 926 935 942 963 977 984 989 1001 1023 1028 1032 1045 1057 1076 1088 1089 1090 1126 1136 1163 1164 1199 1212 1227 1288 1337 1380 1384 1389 1417 1445 1447 1453 1480 1504 1547 1556 1559 1566 1570 1613 1665 1732 1738 1744 1750 1820 1821 1861 1868 1873 1893 1917 1924 1928 1938 1954 1970 1991 1998 2009 2021 2047
1918,CCCNC(=O)C(C)S(=O)(=O)c1ccc(C(=O)c2cccc(C(F)(F)F)c2)cc1,1 9 33 41 58 80 99 105 114 127 135 189 197 283 294 319 350 385 425 518 521 533 573 583 589 594 650 667 715 730 744 751 793 794 807 809 814 841 853 859 875 898 940 959 977 1039 1057 1088 1105 1133 1152 1163 1189 1204 1228 1249 1260 1301 1350 1380 1385 1394 1397 1417 1420 1440 1453 1476 1478 1522 1576 1598 1640 1649 1684 1688 1697 1719 1750 1766 1775 1819 1830 1843 1873 1893 1917 1928 1985 2007 2017
1919,CCCN1CCN(c2cccc3ccccc23)CC1,5 14 42 74 80 90 132 135 168 178 189 218 231 241 284 293 294 392 407 622 654 669 679 727 740 779 794 820 900 924 926 935 939 965 1017 1039 1057 1070 1087 1088 1104 1145 1162 1199 1295 1301 1312 1322 1353 1357 1380 1462 1480 1482 1508 1509 1530 1541 1573 1647 1655 1689 1694 1721 1750 1774 1778 1791 1794 1827 1843 1855 1860 1873 1876 1877 1938 2006
1920,CCCCn1c(=O)n(CCC)c(=O)c(-c2ccc3nc2-3)cc(F)cc2ccccc21,9 40 42 45 77 80 95 100 161 265 294 314 323 352 360 371 373 377 378 416 455 488 490 504 561 581 587 591 639 650 680 699 762 767 771 781 794 802 820 826 866 875 935 980 1025 1057 1087 1088 1145 1183 1199 1213 1233 1285 1307 1314 1340 1348 1350 1380 1400 1463 1476 1512 1516 1565 1598 1615 1620 1670 1705 1750 1780 1855 1873 1882 1911 1914 1928 1997 1998 2047
1921,Cc1nc(N2CCCCC2)n(-c2cc(Cl)ccn2)n1,2 24 54 165 169 200 203 216 230 300 308 320 337 378 407 411 416 422 448 461 463 487 527 530 542 552 561 564 601 603 651 680 708 787 789 792 823 875 883 916 926 935 959 1028 1057 1078 1126 1146 1178 1229 1230 1251 1274 1276 1282 1365 1380 1406 1452 1480 1515 1539 1578 1600 1640 1664 1670 1683 1722 1750 1759 1782 1802 1847 1852 1855 1866 1873 1874 1947 1956 1998
1922,C=C(C)c1ccc(C(=O)Nc2ccc(C)cc2)cc1C(C)(C)C,67 88 114 144 161 167 191 235 298 350 385 392 419 450 476 486 509 526 571 601 639 650 776 788 792 805 807 837 843 875 948 980 995 1007 1017 1022 1038 1056 1057 1076 1077 1152 1161 1181 1212 1225 1313 1339 1366 1380 1383 1385 1415 1429 1440 1487 1502 1513 1586 1596 1636 1697 1722 1729 1742 1750 1768 1795 1803 1816 1823 1845 1873 1874 1884 1917 1920 1925 1978 1988 1991 2000
1923,COc1ccccc1-c1c(C)c2c3cc(S(=O)(=O)N4CCN5CCCC4C5)cc(n13)S2,1 45 65 88 90 133 232 249 252 289 303 314 319 326 350 352 354 363 392 398 403 406 421 446 467 505 511 534 548 600 604 634 650 675 677 695 699 710 729 739 740 752 800 841 860 861 875 914 926 935 984 1019 1021 1028 1043 1046 1057 1066 1068 1083 1088 1158 1176 1199 1305 1310 1311 1325 1330 1380 1410 1476 1480 1485 1536 1543 1573 1628 1722 1736 1750 1752 1754 1816 1820 1838 1873 1879 1910 1950 1970 2010 2014 2022 2044
1924,COc1cccc2c(cc([N+](=O)[O-])cc1)CCC1CCC(CC1)N(C)C2=O,27 97 130 141 191 206 245 314 315 316 322 338 352 395 411 421 532 555 562 618 621 630 650 672 695 713 715 718 719 753 781 795 831 841 846 875 878 879 926 935 944 982 984 1019 1039 1057 1080 1088 1145 1172 1173 1195 1209 1232 1236 1251 1274 1293 1325 1380 1410 1416 1446 1473 1536 1578 1671 1676 1681 1698 1738 1750 1809 1814 1834 1854 1873 1910 1963 1978 2017 2044
1925,CC(C)(NS(=O)(=O)c1ccc(Cl)c(Cl)c1)C(=O)N1CCCCC1,2 70 95 114 145 198 276 279 319 350 366 369 392 440 445 466 496 502 544 561 650 666 715 759 760 771 807 812 865 875 895 913 926 935 973 1028 1053 1057 1076 1083 1106 1152 1193 1195 1214 1269 1290 1333 1373 1380 1383 1387 1402 1414 1468 1476 1480 1481 1498 1554 1570 1572 1609 1643 1682 1683 1692 1750 1789 1796 1849 1873 1880 1883 1917 1939 1953 1965 1998 2004 2009
1926,CC1(C)CCN(CCCCCCOC(=O)c2cc3ncc2[nH]c3=O)C1=O,13 33 55 80 119 145 147 168 220 253 255 263 314 328 338 362 378 388 474 494 513 576 635 650 671 695 750 799 807 813 875 880 893 909 926 935 951 953 978 1046 1057 1060 1089 1091 1096 1097 1110 1114 1143 1145 1162 1195 1249 1262 1263 1264 1274 1291 1380 1381 1452 1480 1510 1513 1522 1535 1592 1608 1620 1673 1734 1745 1752 1769 1830 1854 1873 1911 1917 1935 1954 1991 1992
1927,CC1CCCC(n2c(=O)c(C(=O)N3CCCCCCC3)cc3ccccc32)O1,2 4 45 92 100 118 127 199 206 219 239 293 304 314 362 369 504 529 531 590 615 650 656 807 838 846 872 873 875 926 935 942 951 994 1019 1028 1057 1063 1087 1088 1113 1133 1169 1173 1199 1212 1245 1268 1269 1285 1298 1309 1325 1367 1380 1480 1497 1504 1541 1586 1597 1696 1703 1729 1741 1748 1750 1836 1855 1864 1871 1873 1874 1875 1896 1917 1921 1940 1991 1995 2009 2045
1928,COC(=O)C1=C(C(=O)N2CCCC2)c2ccccc2C1=O,1 8 16 95 138 145 164 262 265 280 287 299 304 306 314 352 362 369 383 422 429 498 510 527 649 650 695 696 702 723 724 790 801 807 833 841 857 906 915 924 926 935 942 974 984 988 1017 1028 1033 1057 1063 1088 1099 1111 1145 1152 1199 1354 1380 1391 1408 1476 1480 1504 1513 1515 1532 1558 1570 1614 1627 1668 1743 1748 1750 1788 1856 1873 1917 1994 1997 1998 2009 2029
1929,CC(C)(C)CCC1CC(=O)c2cc(C(C)(C)C)c(Cl)c(=O)n2C1,19 29 80 93 114 164 231 259 265 305 308 314 322 373 392 419 450 466 494 504 561 587 617 624 650 685 706 720 739 751 773 789 832 840 849 875 914 926 932 935 941 997 1011 1019 1045 1057 1062 1073 1234 1238 1266 1308 1322 1339 1380 1398 1415 1439 1451 1489 1496 1535 1546 1558 1565 1571 1577 1602 1605 1682 1683 1684 1688 1692 1695 1786 1806 1822 1823 1858 1873 1901 1965 1967
1930,Cc1noc2c1c(SCCN1CCN(C(C)C)CC1)nn2C,1 32 74 80 92 116 157 179 182 183 216 224 241 246 248 283 310 341 342 378 419 422 459 491 601 607 633 642 656 668 672 779 796 802 822 827 885 926 935 977 1057 1078 1105 1145 1179 1182 1265 1318 1380 1388 1406 1418 1480 1482 1542 1546 1549 1572 1589 1627 1637 1650 1722 1745 1785 1791 1797 1811 1942 1943 1956 1968 1984
1931,COc1cccc2ccc(C(=O)Nc3cccc(Nc4ncc(C#N)n4C)c3)cc12,5 30 31 86 105 149 157 184 191 201 203 210 249 329 345 355 378 390 427 486 488 491 526 562 564 577 598 650 664 674 678 682 695 703 762 790 798 799 807 841 875 891 935 945 962 1039 1046 1057 1087 1088 1104 1136 1145 1187 1209 1263 1269 1304 1352 1357 1380 1384 1385 1410 1413 1421 1452 1507 1519 1535 1536 1550 1556 1582 1632 1637 1650 1697 1716 1719 1750 1794 1795 1796 1816 1872 1873 1917 1935 1947 1957 1970 1976 1978 2000 2043 2046
1932,CC(=Cc1ccccc1O)N(C)c1ccccc1,54 107 133 140 178 288 369 389 427 441 487 493 642 665 728 736 747 783 807 881 900 931 961 992 1017 1056 1057 1088 1096 1112 1163 1175 1199 1262 1317 1380 1398 1423 1527 1589 1602 1606 1607 1636 1706 1746 1750 1756 1768 1816 1831 1858 1873 1904 1911 1919 1978 2013 2030 2032 2038
1933,O=C(Nc1ccccc1)N(CCCn1cccc1-c1nnc[nH]1)Cc1ccccc1,16 19 80 90 95 174 191 193 216 221 281 378 389 432 436 507 508 538 542 587 597 628 650 703 704 713 797 806 807 848 874 881 890 905 908 916 925 935 937 952 955 978 993 1066 1077 1088 1101 1114 1145 1147 1152 1164 1172 1267 1272 1356 1380 1418 1427 1455 1460 1513 1523 1572 1609 1640 1658 1692 1709 1750 1754 1816 1852 1867 1873 1889 1911 1917 1951 1969 1970 1990 2022 2034
1934,C#COc1ccc(OC(c2ccccc2)C(C)Cc2ccccc2C#N)cc1,0 1 38 71 79 80 81 124 239 242 254 283 297 315 322 361 389 408 409 497 533 565 608 622 640 664 667 674 695 702 718 790 795 824 847 855 899 915 968 974 977 986 1012 1040 1057 1062 1088 1117 1136 1189 1199 1232 1242 1266 1296 1301 1305 1310 1349 1365 1368 1377 1380 1384 1405 1411 1427 1536 1553 1555 1574 1581 1597 1608 1622 1681 1750 1785 1800 1802 1862 1873 1889 1890 1946 1953 1967 1976 1978 1984 1992 2003 2005 2013
1935,O=C(CN1CCOCC1)Nc1ccc(NC(=O)c2ccccc2)cc1,41 66 112 113 139 191 208 242 277 389 436 486 493 523 534 585 607 650 656 725 807 843 855 869 901 904 926 935 950 958 959 964 973 1077 1088 1152 1199 1209 1221 1284 1312 1335 1337 1358 1380 1385 1405 1422 1441 1451 1480 1500 1507 1665 1742 1750 1791 1795 1816 1821 1849 1873 1914 1916 1917 1920 1978 1985
1936,COc1ccc(S(=O)(=O)N2CCN(C(=O)N3CCCCC3)C2=O)cc1,2 81 92 117 158 186 274 289 314 319 322 346 350 368 369 374 418 422 480 484 530 567 574 607 618 650 653 665 683 695 715 717 718 777 781 800 803 807 831 841 846 853 862 865 925 926 935 962 1028 1044 1050 1051 1057 1074 1119 1210 1212 1229 1305 1340 1350 1380 1387 1444 1476 1480 1497 1536 1635 1664 1700 1701 1750 1841 1859 1862 1873 1917 1940 1998 2008 2009 2015 2038
1937,Cc1nc(N2CCC(NC(=O)c3ccc(C(F)(F)F)cc3)CC2=O)cnc1Cl,16 26 44 92 94 102 114 135 150 154 157 224 231 240 314 317 339 346 353 364 378 383 410 427 436 486 527 561 621 650 659 667 674 677 690 707 793 798 807 809 917 926 929 935 961 974 980 989 1010 1019 1037 1057 1078 1094 1137 1145 1152 1161 1168 1230 1260 1325 1332 1336 1350 1380 1385 1417 1435 1452 1453 1457 1480 1521 1535 1576 1589 1634 1665 1669 1683 1689 1697 1722 1734 1750 1756 1786 1793 1827 1855 1873 1898 1906 1910 1913 1917 1918 1928 1970 2019 2031 2043
1938,COc1ccc2c(C)ccc(C)c2c1C,3 43 94 142 240 249 252 264 276 299 397 422 472 513 517 541 695 718 841 922 952 954 1025 1049 1057 1118 1248 1290 1357 1361 1369 1380 1391 1424 1447 1528 1536 1556 1576 1653 1691 1722 1733 1742 1750 1866 1873 1923 1970 1976 1984
1939,Cc1ccccc1C(=O)NC(C)c1ccc(-n2c(C)cc3csnc32)cc1,1 30 46 58 81 102 117 122 140 233 275 277 280 283 312 360 378 380 399 412 432 451 457 465 486 507 548 552 585 604 650 675 805 807 830 856 875 878 883 896 906 927 935 974 988 1057 1077 1083 1088 1139 1152 1199 1207 1213 1235 1299 1365 1380 1391 1447 1461 1627 1695 1696 1701 1722 1727 1731 1750 1773 1789 1825 1832 1853 1855 1873 1917 1929 1991 1993 1999 2008 2029
1940,CCOC(=O)OCOC1=C(Br)C(Br)=C(Br)C(Br)C1(OC)OC,3 21 80 147 155 158 217 233 245 272 288 294 301 312 328 342 347 367 401 512 530 595 623 626 631 650 665 695 726 728 730 799 807 841 867 886 912 932 947 960 1016 1019 1057 1060 1141 1175 1182 1188 1192 1209 1219 1320 1380 1406 1426 1452 1524 1528 1568 1578 1631 1652 1722 1758 1782 1793 1803 1854 1884 1885 1892 1900 1917 1918 1956 1968 2026 2039
1941,O=C1CN2CCCC(C2)N1CCCCOc1ccc(Cl)cc1,13 58 63 80 101 102 113 133 161 170 180 216 233 306 314 322 362 363 378 381 398 446 463 535 559 561 650 689 692 695 718 731 739 757 793 794 798 816 853 857 887 893 926 935 966 988 1019 1020 1028 1034 1070 1141 1145 1172 1183 1240 1243 1247 1249 1253 1304 1310 1337 1380 1452 1480 1554 1573 1575 1599 1608 1638 1657 1683 1696 1750 1753 1775 1783 1873 1911 1924 1946 1993
1942,CC(C#N)=CC=C1C(=O)NC(=O)c2ccc(C=Cc3ccc4c(c3)=CC=CC=CC=4)cc21,20 25 55 73 105 147 178 187 220 228 282 293 295 303 314 333 352 359 360 444 461 484 543 584 608 626 632 634 644 650 674 680 694 727 731 772 789 790 803 807 835 862 872 875 882 890 895 914 924 933 936 947 1017 1030 1037 1057 1060 1114 1120 1243 1249 1256 1259 1267 1289 1319 1349 1380 1384 1407 1412 1418 1459 1498 1657 1702 1726 1750 1777 1858 1873 1986 1997 2022 2023 2033 2041
1943,NC(=O)NC1=C(C(=O)N2CCCCC2)SC(c2ccc3ccccc3c2)=CS1,2 55 140 190 203 204 224 229 322 337 369 382 406 421 443 460 469 513 518 543 562 598 606 623 650 659 675 689 704 708 724 756 772 807 815 816 863 875 879 886 896 926 935 942 944 947 989 1017 1028 1032 1057 1087 1088 1095 1152 1160 1162 1171 1199 1217 1240 1305 1325 1380 1391 1433 1441 1457 1480 1504 1526 1623 1648 1691 1692 1737 1742 1750 1767 1770 1777 1781 1800 1811 1814 1816 1855 1873 1917 1967 1977 1998 2009 2041 2044
1944,CCCC1CC(OC(=O)c2cccc3ccc(C(=O)OC)cc23)C(=O)O1,12 74 80 102 110 145 167 177 203 272 294 298 314 346 355 380 404 414 458 469 493 511 570 603 650 656 684 695 701 719 750 753 768 784 794 802 805 807 832 841 875 906 926 941 949 970 972 996 1019 1020 1034 1039 1057 1087 1088 1126 1132 1152 1171 1225 1280 1285 1292 1294 1321 1357 1380 1385 1391 1447 1449 1472 1497 1540 1569 1616 1654 1658 1667 1697 1715 1721 1735 1750 1757 1770 1785 1792 1855 1872 1873 1917 1923 1966 1981 1991
1945,O=C(CN1CC1)NC(=O)N1CCC(NC(=O)c2ccccc2)C1,14 41 74 79 80 83 94 187 218 257 277 290 294 339 387 389 431 433 443 468 486 505 558 620 650 652 663 667 693 738 739 779 807 814 844 849 908 924 926 935 943 985 1009 1019 1088 1110 1119 1152 1168 1194 1199 1211 1235 1264 1294 1312 1325 1339 1355 1362 1380 1385 1426 1435 1454 1462 1477 1480 1499 1584 1617 1634 1640 1665 1687 1750 1791 1801 1844 1857 1873 1914 1917 1920 1972 1982 1985 2009
1946,CC(C)(C)C1OC(=O)C(O)C1OC(=O)C1=NN1,2 17 105 108 113 114 118 133 145 161 164 235 283 314 318 333 338 378 387 392 397 453 522 554 601 604 641 650 656 695 721 750 758 795 807 899 903 941 961 996 1019 1035 1047 1057 1066 1068 1087 1107 1114 1122 1126 1128 1130 1181 1205 1243 1256 1257 1267 1296 1380 1403 1438 1502 1523 1607 1609 1614 1618 1624 1631 1634 1659 1678 1701 1706 1798 1845 1870 1881 1899 1917 1950 1995 2037 2039
1947,Cn1cc(N2CCCN(C(=O)c3ccccc3)C2=O)c2cc(F)ccc21,16 17 45 55 92 140 155 157 159 171 193 215 217 266 279 282 297 314 358 389 414 458 464 511 519 604 642 650 699 734 745 807 823 926 935 948 1028 1052 1057 1083 1084 1088 1094 1122 1129 1145 1199 1200 1215 1251 1271 1275 1295 1315 1321 1357 1380 1384 1385 1387 1409 1410 1457 1466 1480 1487 1500 1504 1511 1539 1576 1580 1641 1670 1687 1713 1745 1750 1787 1801 1807 1873 1891 1900 1917 1924 1928 1955 1985 2004 2021
1948,O=C1C(=C(Cl)c2ccccc2)OC2NC(=O)N(c3cccc(F)c3)C2N1Cc1ccccc1,52 66 79 80 123 133 137 146 198 206 215 230 281 301 314 375 383 389 395 399 427 447 513 585 602 650 687 699 729 734 742 745 750 797 807 832 854 868 873 875 878 879 890 914 920 935 965 982 985 1019 1039 1045 1049 1066 1088 1113 1114 1155 1175 1199 1204 1210 1256 1292 1366 1380 1540 1597 1598 1599 1668 1670 1683 1737 1750 1754 1765 1775 1783 1825 1857 1868 1873 1922 1928 1979 1985 1994 2034
1949,COc1ccccc1S(=O)(=O)NC(=O)CSc1nc2c(Cl)cc(C)cc2c(=O)o1,38 41 80 100 116 131 138 244 249 307 314 316 341 350 366 378 384 392 410 460 463 502 519 541 558 561 587 600 650 656 690 692 695 711 781 782 802 807 821 841 851 875 886 894 909 946 968 971 992 1048 1057 1088 1137 1147 1152 1199 1247 1296 1310 1356 1357 1359 1362 1380 1384 1408 1409 1410 1461 1468 1476 1536 1583 1604 1654 1676 1683 1691 1722 1724 1750 1768 1812 1823 1851 1855 1866 1873 1875 1884 1917 1940 1953 1959 1964 1970 1993 2002 2036
1950,O=c1[nH]nc(-c2cccc3ccccc23)[nH]1,8 28 74 117 163 235 246 265 275 314 319 352 355 378 468 564 571 589 644 650 850 868 933 943 950 984 1029 1033 1039 1063 1087 1088 1104 1106 1114 1148 1199 1316 1357 1380 1398 1437 1475 1495 1498 1562 1573 1583 1607 1609 1626 1699 1745 1750 1792 1826 1829 1855 1867 1873 1967 2004 2022
1951,O=C1CN2CCN1CCC(C(=O)N1CCCCC1)(C(F)(F)F)CC2,2 17 60 88 90 113 114 223 250 265 289 306 314 316 338 355 369 407 439 500 552 558 560 593 638 650 653 681 688 781 797 798 807 814 926 935 953 1060 1094 1137 1153 1162 1208 1210 1257 1296 1330 1354 1382 1423 1445 1447 1451 1453 1480 1508 1520 1530 1536 1541 1573 1624 1625 1638 1656 1696 1753 1786 1917 1928 1939 1946 1969 1998 2000 2009 2044
1952,COc1cc(-c2ccccc2)nc2nc(NC(C)=O)nc(NC(=O)Nc3ccc(Cl)cc3)c12,9 56 63 89 216 219 245 249 259 268 310 316 325 332 378 389 402 452 485 529 561 600 608 611 626 630 633 650 694 695 708 719 736 768 770 781 807 816 820 825 841 843 848 849 853 875 889 916 938 980 1003 1017 1057 1058 1070 1077 1081 1088 1130 1147 1152 1159 1160 1199 1229 1251 1275 1301 1313 1323 1366 1380 1402 1473 1499 1536 1581 1582 1594 1605 1633 1641 1660 1683 1689 1701 1750 1789 1816 1842 1855 1872 1873 1874 1917 1965 1970 1971 1984 1989 1990 1999 2013
1953,CCN1CC(O)C(N2CCCN(CCn3cccc3)C2=O)C1,28 34 80 92 180 229 234 243 279 292 294 314 353 371 384 398 421 435 483 487 510 578 634 650 655 678 684 739 793 807 849 854 857 865 884 926 935 942 1019 1028 1030 1057 1079 1083 1088 1089 1101 1105 1123 1134 1145 1188 1214 1257 1263 1280 1318 1333 1358 1373 1380 1480 1489 1491 1526 1548 1563 1586 1689 1791 1841 1873 1881 1937 1959 1990 2029 2035 2038
1954,CCSC(=Nc1ccccc1C)c1cc(OC)ccc1NS(C)(=O)=O,0 18 29 33 79 80 116 135 155 158 165 233 234 238 262 286 289 294 322 329 350 363 404 409 415 543 549 563 634 650 661 667 692 695 718 725 743 771 781 791 807 832 841 852 863 871 875 910 953 1012 1057 1088 1102 1137 1152 1168 1199 1224 1244 1254 1270 1284 1353 1376 1378 1391 1407 1419 1420 1476 1481 1517 1536 1613 1657 1675 1719 1722 1750 1758 1856 1873 1897 1928 1930 1972 1991 1999 2021
1955,CCCCCn1nnc2cc3sc1nc3c1ccccc21,7 15 16 72 76 80 158 162 174 214 286 294 318 378 452 533 546 591 617 658 674 675 694 745 773 794 795 825 875 885 893 935 1016 1057 1088 1097 1145 1164 1199 1224 1336 1350 1357 1371 1380 1444 1470 1573 1601 1614 1655 1703 1724 1750 1775 1783 1784 1814 1819 1847 1855 1862 1873 1903 1911 1917 1966 2016 2040
1956,O=C(OCCC1CCCCC1)C1CCCC2(C(=O)[O-])CCCCC12,2 10 13 29 49 80 91 97 104 114 120 147 209 219 307 380 412 440 484 519 534 559 570 578 633 643 650 695 698 715 737 807 824 831 832 845 890 926 927 1019 1027 1028 1060 1069 1109 1143 1144 1162 1179 1192 1200 1210 1216 1226 1227 1325 1351 1495 1501 1521 1589 1624 1638 1648 1708 1771 1772 1788 1799 1848 1852 1869 1872 1882 1907 1917 1976
1957,c1ccc(CCc2ccc(-c3ccccc3[S+]3CCCC3)cc2)cc1,57 80 100 107 197 202 222 231 266 310 352 373 389 436 442 447 460 499 546 639 650 699 745 777 860 872 896 903 926 939 978 984 1005 1022 1028 1045 1066 1088 1106 1116 1160 1184 1199 1238 1243 1321 1376 1380 1441 1454 1472 1485 1559 1566 1682 1743 1747 1750 1754 1813 1873 1948 1952 1961 1992
1958,CCCN(C(=O)NC)c1n[nH]cc1C(=Nc1cccc(F)c1)OC,0 46 77 80 82 94 147 193 200 217 230 259 272 288 294 298 345 355 378 560 599 650 675 695 698 699 725 736 761 764 783 791 794 807 810 841 850 863 875 881 889 893 907 926 1009 1039 1057 1081 1086 1088 1102 1114 1152 1160 1174 1194 1202 1237 1268 1303 1348 1374 1380 1384 1426 1430 1442 1487 1501 1574 1613 1614 1637 1670 1672 1701 1726 1744 1750 1761 1781 1854 1869 1873 1879 1886 1917 1928 1938 1951 1955 1991 2004 2030
1959,CC(C)C(=O)N(CC(=O)N(C)C)C(=O)n1c(S(N)(=O)=O)cc2c3ccc(F)cc3ccc21,0 1 33 45 80 107 121 141 149 161 169 203 223 239 283 324 336 350 381 460 470 485 486 567 592 605 641 650 699 710 713 767 768 807 833 836 875 876 881 935 986 1006 1012 1013 1026 1042 1057 1109 1145 1147 1161 1163 1171 1190 1229 1238 1282 1290 1326 1349 1357 1358 1380 1410 1425 1476 1487 1501 1517 1519 1522 1607 1640 1648 1653 1654 1670 1699 1733 1750 1771 1791 1811 1855 1873 1888 1917 1918 1928 1947 1957 1997 2009 2011 2021 2023
1960,CCCCCC(C)(OC(=O)c1ccc(C(=O)C2CCCCC2)cc1)C(C)(C)C,2 26 80 114 144 145 214 231 279 294 323 384 389 392 446 492 517 534 591 606 650 692 695 719 735 740 751 753 794 801 807 811 860 890 926 964 974 1019 1028 1036 1043 1057 1121 1160 1216 1217 1234 1278 1308 1325 1374 1380 1385 1419 1425 1444 1469 1478 1500 1530 1597 1603 1697 1715 1750 1753 1759 1761 1778 1779 1815 1829 1853 1855 1862 1870 1873 1876 1904 1911 1917 2037
1961,Cc1cccc(-c2ccc(CCCCCCCCCN3CCCCC3)cc2)n1,2 5 11 47 80 115 192 249 260 310 368 378 394 402 431 436 472 590 623 643 644 653 699 778 854 893 896 918 926 935 936 937 974 978 980 1028 1038 1039 1045 1057 1140 1143 1145 1160 1184 1203 1243 1267 1273 1314 1346 1380 1422 1479 1480 1482 1713 1722 1731 1750 1754 1791 1806 1838 1851 1855 1864 1873 1911 1969 1971 1993 1998 2005 2036
1962,CCOC(=O)C(OC)C(OC)C(=O)OCC,1 48 80 103 147 155 173 258 294 630 635 636 650 695 807 841 1030 1057 1060 1086 1238 1241 1277 1287 1312 1351 1416 1587 1702 1711 1722 1818 1849 1854 1917 1984 2000 2017
1963,CCOC(=O)C1(C)CCCC1C(=O)Oc1ccc(OC)cc1OC(C)=O,26 55 63 80 94 109 120 147 148 180 223 294 322 332 342 343 353 448 449 490 507 534 579 589 627 633 635 643 650 661 695 698 709 718 724 746 755 763 781 801 807 833 841 857 874 875 879 926 934 938 985 1019 1028 1035 1057 1060 1079 1096 1162 1216 1238 1267 1274 1319 1325 1380 1396 1398 1417 1431 1442 1468 1536 1542 1558 1569 1597 1627 1663 1722 1729 1750 1775 1824 1848 1857 1873 1878 1917 1926 1970 1972 1982 1984
1964,Cc1ccc(-n2c(C=Cc3ccccc3)c(-c3cccc(Cl)c3)n(C)c2=O)cc1,11 58 59 104 165 213 229 233 235 249 277 290 292 311 314 331 389 476 561 564 584 592 607 627 650 677 724 736 758 771 785 810 835 875 878 903 935 1006 1020 1039 1088 1110 1124 1139 1145 1160 1161 1181 1188 1193 1199 1210 1217 1227 1292 1309 1323 1350 1353 1359 1367 1380 1383 1390 1443 1444 1466 1473 1494 1644 1683 1722 1750 1777 1815 1823 1825 1873 1876 1920 1978 1989 1993 2013 2033
1965,CCCCN1CCN(S(=O)(=O)c2ccc3c(c2)oc2c(Cl)c(F)ccc23)CC1,3 7 56 74 80 103 133 197 216 268 287 294 319 350 366 406 448 511 549 561 571 580 585 591 618 642 650 653 656 660 699 715 738 757 778 794 800 826 875 899 914 926 935 937 966 996 1011 1057 1083 1101 1106 1133 1145 1191 1200 1247 1345 1357 1395 1429 1449 1462 1476 1480 1482 1543 1571 1604 1683 1729 1733 1750 1791 1808 1840 1854 1873 1882 1911 1928 1949 1974 2010 2014
1966,C=C(c1cc(OC)c(OC(F)(F)F)c(C)n1)c1nc(N)c(C(=O)N2CCCC2)s1,63 92 93 102 114 115 150 162 195 222 249 309 333 369 378 400 434 548 602 610 650 660 668 675 690 695 702 708 781 807 826 841 855 875 926 935 940 942 947 976 986 1022 1028 1034 1057 1078 1122 1137 1149 1171 1227 1307 1322 1341 1366 1380 1395 1396 1409 1435 1444 1453 1457 1459 1465 1480 1493 1504 1516 1536 1611 1619 1668 1693 1694 1705 1722 1840 1855 1873 1892 1910 1917 1921 1928 1932 1970 1972 1999 2002 2009 2028
1967,O=C1C2C(O)CCCN2CCN1Cc1[nH]c2c3cccc2n(C(=O)c2ccccc2)c13,5 24 45 80 98 141 193 248 264 314 335 345 359 371 389 415 446 448 467 478 527 551 632 646 650 668 678 718 751 776 807 849 868 877 926 935 960 1002 1019 1028 1039 1041 1088 1089 1114 1199 1228 1257 1282 1285 1302 1315 1325 1357 1380 1385 1438 1440 1444 1466 1480 1498 1501 1504 1511 1524 1530 1548 1559 1573 1602 1626 1698 1709 1732 1736 1745 1750 1757 1765 1777 1792 1834 1854 1873 1874 1884 1917 1933 1977 1980 1985 1990 2030 2047
1968,N#Cc1ccc(CC(O)C(O)c2ccccc2)cc1,1 34 79 80 102 135 208 220 227 287 301 305 310 334 339 389 397 401 411 427 550 571 674 715 733 750 751 763 781 787 790 807 812 823 857 888 961 1027 1088 1118 1126 1136 1164 1199 1223 1346 1365 1367 1380 1384 1388 1485 1508 1569 1581 1620 1633 1750 1754 1873 1954 1970
1969,CN1CCc2c(sc3ccccc23)C1,1 15 42 46 64 73 83 107 162 207 242 297 361 383 461 532 615 654 675 719 726 740 811 832 852 853 874 885 920 926 935 971 1009 1057 1088 1115 1145 1176 1199 1244 1257 1299 1303 1355 1357 1380 1421 1480 1489 1573 1581 1587 1666 1680 1694 1738 1744 1750 1752 1807 1860 1862 1864 1869 1873 1883 1946 1970
1970,c1ccc2c(c1)SC1=NN3CN(CCN1C3)CCn1cccc1-2,43 83 90 95 98 138 147 156 194 240 352 378 379 397 398 407 420 429 458 462 476 499 500 517 540 583 604 618 654 660 664 675 702 707 726 768 787 799 836 844 856 899 926 935 948 949 984 998 1005 1016 1088 1101 1163 1164 1170 1172 1199 1268 1291 1305 1380 1413 1419 1428 1450 1479 1480 1502 1507 1508 1518 1541 1573 1591 1645 1687 1692 1716 1732 1750 1768 1769 1785 1814 1837 1864 1873 1889 1918 1953 1964 1965 1977 1995 1998 2011 2038 2044
1971,CC1(C)C(O)CCC1OC1=CC=C1,38 102 205 249 345 347 403 457 507 524 547 549 559 631 633 645 666 670 725 760 784 807 814 846 862 922 926 927 942 979 1019 1022 1024 1030 1051 1055 1057 1059 1060 1063 1176 1185 1220 1242 1249 1257 1274 1323 1325 1380 1385 1431 1564 1580 1599 1715 1779 1790 1867 1873 1911 1984 1996
1972,CCN1CCCC1Cn1c(C#N)cn2c(=O)[nH]c(C(=O)N3CCC3)c12,25 34 38 80 147 157 181 223 259 294 314 369 390 407 436 446 464 475 479 491 527 570 597 602 650 674 682 688 692 758 790 802 807 848 908 923 926 935 1019 1057 1067 1083 1114 1136 1161 1253 1282 1306 1325 1340 1360 1367 1384 1430 1480 1504 1514 1552 1569 1692 1700 1714 1745 1819 1835 1847 1869 1873 1886 1903 1917 1969 1983 1991 2009 2022
1973,COC(=O)N1CCCCCCCCCC1(C)C,2 97 139 161 171 282 369 376 391 424 463 473 543 558 594 648 650 655 695 734 749 807 841 926 935 949 1011 1028 1057 1060 1065 1083 1152 1162 1219 1224 1235 1247 1274 1350 1387 1403 1423 1443 1447 1480 1493 1514 1602 1607 1638 1693 1723 1801 1820 1881 1917 1994 1998
1974,CCCCCCCC(C)(CC)c1cc(C2=CC(=O)NC2=O)sc1C,13 62 80 84 114 162 197 218 253 284 294 295 313 314 368 392 394 419 445 479 489 501 510 514 556 572 591 595 650 675 697 711 714 723 749 763 794 813 860 875 895 896 925 941 996 1032 1039 1057 1060 1093 1114 1143 1167 1170 1266 1305 1308 1356 1380 1386 1397 1408 1444 1463 1529 1562 1626 1657 1709 1797 1873 1879 1886 1911 1921 1931 1956 1986 1989 2000 2007
1975,COc1ccc2n1CCN(C(=S)NC(=O)N(Cc1ccccc1)c1ccccc1)C2=O,71 80 83 86 97 110 163 193 259 288 314 349 372 384 389 434 489 507 549 582 602 626 627 631 650 651 653 695 706 727 741 757 772 783 807 821 841 849 881 891 921 925 926 935 967 989 1053 1057 1066 1088 1096 1119 1123 1147 1152 1166 1199 1225 1315 1325 1376 1380 1387 1400 1419 1441 1480 1484 1496 1531 1536 1572 1635 1643 1653 1667 1687 1692 1697 1714 1742 1744 1750 1754 1776 1793 1810 1816 1821 1843 1873 1917 1990 1996
1976,O=C(NCCCN1Cc2csc1n2)c1ccc(O)cc1,8 49 80 125 131 161 197 200 265 273 378 391 398 405 465 486 529 542 544 548 550 552 556 586 613 650 659 667 675 745 807 870 878 886 904 926 935 951 970 980 1000 1001 1068 1089 1145 1152 1197 1206 1241 1280 1295 1313 1328 1374 1380 1385 1465 1496 1527 1567 1574 1577 1601 1602 1647 1663 1665 1697 1750 1778 1819 1820 1825 1845 1846 1855 1873 1876 1911 1917 1946 2003 2009
1977,O=C(O)Nc1nc2ccc(ccccc(-c3ccco3)cs1)o2,3 62 99 117 121 171 192 214 260 378 385 389 390 407 418 474 520 552 650 656 675 679 700 736 787 807 904 910 917 924 967 970 974 975 1023 1029 1063 1088 1091 1095 1115 1152 1160 1199 1214 1232 1233 1305 1333 1372 1380 1397 1406 1415 1432 1462 1490 1545 1567 1582 1604 1614 1621 1656 1718 1722 1740 1743 1750 1777 1799 1805 1816 1847 1873 1917 1924 1926 1959 1974 2003 2043
1978,O=C(Oc1ccccc1)c1ccc(C(=O)N2CCN3CCC2C3=O)cc1,5 31 38 83 98 145 204 212 223 242 314 322 335 341 389 407 411 421 441 453 496 562 589 606 621 640 649 650 695 771 785 795 807 865 866 869 872 925 926 935 1019 1062 1075 1088 1116 1162 1171 1184 1199 1212 1229 1230 1231 1312 1315 1325 1385 1446 1480 1504 1508 1511 1553 1568 1601 1685 1695 1697 1698 1708 1729 1735 1750 1754 1768 1830 1834 1873 1899 1901 1917 1985 2022 2040
1979,CC1=C(CC(=O)N(C)CCCCNC(=O)c2ccccc2)C(=O)N1,8 28 41 54 80 85 140 197 207 264 265 314 325 334 389 392 399 452 486 493 530 531 592 650 667 770 807 820 884 903 918 985 1049 1057 1060 1088 1114 1143 1152 1163 1199 1204 1237 1238 1272 1344 1380 1385 1407 1475 1497 1511 1522 1591 1622 1646 1651 1652 1657 1669 1694 1708 1722 1734 1750 1758 1795 1849 1868 1873 1876 1892 1911 1912 1917 1934 1951 1985 2005 2007 2008 2028
1980,N#Cc1ccccc1-c1nccnc1NCC1CCCN(Cc2ccccc2)C1,9 29 40 80 92 157 257 278 323 352 361 378 389 397 404 446 453 465 484 485 494 571 674 708 768 781 790 791 876 892 906 926 935 944 984 999 1019 1028 1062 1066 1071 1088 1105 1132 1134 1136 1190 1199 1205 1253 1322 1325 1380 1384 1416 1422 1452 1480 1489 1573 1604 1678 1683 1698 1745 1750 1754 1765 1771 1785 1791 1862 1866 1873 1904 1936 1952 1966 1967 1980
1981,CN1C(=O)NC(C(O)C2C(=O)N3CCCN2CC3)C(=O)N(C)C1=O,1 5 26 29 68 92 156 157 175 201 214 224 227 275 314 358 372 403 407 436 437 445 466 470 482 527 547 551 552 555 563 585 620 650 661 680 752 806 807 822 873 921 926 928 935 971 973 987 1001 1005 1019 1028 1035 1047 1057 1083 1114 1118 1121 1140 1145 1155 1164 1219 1287 1380 1404 1480 1505 1506 1508 1524 1579 1670 1671 1721 1736 1781 1797 1840 1854 1870 1998 2011
1982,COC(OC)(C(F)(F)F)C(F)(F)F,9 11 28 29 59 114 133 138 144 197 202 210 273 390 392 413 438 491 635 695 750 773 780 841 854 957 970 1022 1057 1085 1175 1186 1223 1360 1388 1424 1453 1461 1504 1508 1509 1519 1562 1569 1592 1622 1641 1720 1830 1898 1928 1937 1958 1967 2000
1983,CCCNC(=O)OCCN(CCCOc1ccccc1)C(=O)Nc1ccc2sccc2c1,13 14 80 81 102 136 142 147 184 191 192 193 197 198 292 294 315 322 343 373 389 398 407 543 554 562 601 627 650 666 667 675 692 695 794 807 814 843 855 875 879 881 885 899 921 928 946 978 999 1027 1034 1057 1088 1133 1152 1181 1199 1227 1271 1272 1280 1321 1324 1380 1419 1427 1452 1482 1500 1512 1523 1529 1553 1567 1583 1614 1668 1700 1750 1758 1771 1777 1816 1841 1855 1873 1882 1911 1917 1951 2020 2039
1984,CCCCCCCC1C(=O)N2CCCCC2C(C(=O)C=CC2=CC2)C(CCC)C1C,5 31 80 94 139 142 143 153 172 234 237 243 261 294 298 302 314 334 335 346 399 453 469 508 591 595 601 634 650 684 694 745 794 807 832 835 856 890 908 926 935 938 946 977 1019 1023 1028 1057 1116 1143 1178 1193 1209 1245 1309 1325 1328 1380 1412 1421 1444 1477 1585 1587 1670 1689 1781 1795 1830 1844 1873 1885 1904 1911 1917 1927 1937 1998 2034 2039 2043
1985,Cc1ccc(OCCCN2C(=O)N3CCCCCN(C3)C2=O)cc1,2 13 14 20 79 80 92 102 196 206 208 227 235 282 314 322 345 407 482 498 588 601 606 630 650 680 695 718 748 752 795 809 825 892 916 926 935 1028 1034 1055 1057 1067 1093 1119 1145 1171 1207 1243 1291 1296 1308 1322 1339 1352 1361 1380 1401 1411 1418 1429 1452 1470 1479 1480 1499 1552 1628 1712 1717 1722 1750 1753 1754 1773 1779 1823 1873 1911 1920 1964 1998
1986,C=CC=Cc1ncnnc1NC(=O)c1cccc(Cl)c1,43 85 88 165 192 213 216 250 281 296 334 345 378 392 432 439 485 486 489 506 526 547 561 582 592 650 655 694 708 784 807 830 835 841 847 856 875 935 952 971 999 1032 1039 1088 1136 1152 1164 1167 1215 1278 1287 1327 1337 1366 1372 1416 1440 1448 1452 1463 1561 1597 1643 1683 1684 1750 1795 1816 1824 1841 1847 1858 1873 1884 1917 1955 1979 1985 2008
1987,BrC1=Cc2c3nc(N4CCCCC4)nc2C(=N3)N1CCN1CCCCC1,2 4 80 84 95 180 239 268 274 317 323 377 378 381 403 407 469 525 588 658 680 694 699 728 792 851 908 926 927 935 983 988 1001 1145 1164 1185 1186 1256 1272 1302 1318 1363 1380 1386 1422 1441 1482 1507 1600 1624 1626 1631 1640 1658 1667 1668 1673 1681 1704 1732 1791 1836 1841 1843 1855 1873 1876 1885 1890 1893 1915 1998 2031
1988,c1cc2c3c[nH]c2nc1N=C(N1CCCCCCCC1)SCCCC3,2 37 65 75 85 102 157 224 272 310 334 346 378 387 407 517 554 556 580 666 675 680 690 753 758 789 795 806 854 883 884 926 927 935 958 963 1003 1028 1046 1055 1070 1114 1142 1144 1145 1152 1206 1236 1251 1280 1281 1290 1293 1318 1357 1380 1419 1441 1480 1491 1504 1519 1589 1631 1656 1667 1676 1691 1738 1750 1801 1803 1812 1855 1873 1875 1879 1880 1911 1914 1998 2007 2023 2034
1989,NS(=O)(=O)Nc1cccc(C2=CN(c3ccccc3)CCC2)c1,186 191 211 218 259 275 287 293 296 323 350 389 423 430 439 561 639 650 697 703 728 736 740 744 771 845 850 855 856 875 878 892 923 926 935 970 997 1028 1039 1043 1049 1088 1112 1138 1140 1152 1160 1171 1185 1187 1199 1270 1303 1346 1371 1380 1387 1394 1413 1450 1476 1480 1582 1592 1603 1607 1612 1619 1691 1735 1738 1750 1776 1781 1825 1845 1846 1848 1873 1881 2027 2045
1990,COc1ccc(C2CCCC(=O)O2)cc2oc(=O)c(c1)cc2CC(=O)O,80 121 202 257 305 314 322 325 331 343 360 377 380 389 409 440 473 480 485 490 504 563 564 566 573 575 650 656 663 695 713 718 750 756 781 793 807 813 818 819 835 841 875 881 912 914 926 950 955 966 970 1004 1010 1019 1028 1057 1070 1081 1161 1182 1231 1279 1325 1343 1349 1357 1380 1397 1425 1468 1514 1533 1536 1544 1600 1604 1674 1684 1737 1738 1750 1777 1783 1803 1808 1855 1858 1873 1885 1912 1917 1935 1943 1957 1972 2011 2015 2035 2037
1991,CC(C)(C)c1ccc(CC(=O)Nc2nc3nn2CC3=O)cc1,33 41 59 80 114 157 204 289 310 314 325 378 392 412 446 477 478 531 566 602 606 650 730 751 767 799 807 808 811 913 926 935 968 1027 1057 1091 1096 1113 1152 1172 1216 1222 1335 1339 1369 1380 1385 1417 1422 1480 1556 1600 1605 1650 1665 1750 1754 1756 1816 1842 1844 1855 1873 1892 1899 1917 1946 1950 1956 1984 1992 2027
1992,COC(=O)c1ccccc1OC(C)=Cc1cn2c(n1)NC(=O)Nc1ccccc1-2,0 71 76 143 145 170 287 314 378 382 441 448 464 519 533 535 547 564 576 585 604 609 630 646 650 694 695 723 732 804 807 817 841 863 906 909 929 935 936 984 1006 1014 1017 1057 1060 1068 1076 1088 1094 1114 1152 1199 1239 1251 1260 1295 1329 1344 1355 1380 1391 1410 1447 1454 1464 1470 1508 1556 1592 1597 1598 1632 1647 1649 1729 1742 1746 1750 1775 1821 1855 1873 1917 1925 1933 1935 1943 1960 1970 1974 1982 1991 2001
1993,CC1(C)CCCCCCN=C2NC(=O)N(C1)C(=O)N2,2 27 38 79 84 94 106 108 145 219 313 314 341 378 438 445 492 538 572 578 602 612 650 651 665 747 767 823 881 887 909 921 926 935 1028 1057 1060 1114 1158 1162 1205 1334 1380 1400 1457 1465 1487 1526 1536 1593 1618 1625 1632 1638 1680 1720 1724 1779 1801 1823 1889 1891 1896 1917 1955 1986 1989 2009
1994,COc1ccc2c(c1)C(=O)C(=NNCCCOc1ccc(F)cc1)C=C2,13 18 21 24 80 87 90 102 105 148 177 314 322 343 352 369 380 399 437 460 490 547 560 564 582 650 667 695 699 718 725 770 780 781 841 875 900 914 915 979 996 1034 1037 1057 1109 1136 1152 1185 1190 1196 1304 1380 1410 1448 1452 1476 1477 1536 1606 1670 1746 1750 1771 1777 1828 1860 1873 1911 1928 1953 1972 1998
1995,N=C(N)NC(N)=S,16 38 69 71 97 105 110 140 236 404 476 488 504 568 598 623 723 805 807 840 848 919 941 982 1008 1104 1119 1152 1171 1193 1285 1289 1372 1401 1451 1497 1561 1598 1621 1628 1729 1783 1849 1868 1880 1952 2020 2043
1996,CCN(C)Cc1nc(-c2cc(CNc3nc4c[nH]cc4[nH]3)ccc2OC)c(SC#N)n1C,1 14 80 94 108 116 119 170 178 186 249 255 256 264 269 277 294 296 299 310 318 322 323 352 378 396 419 432 443 477 493 494 507 541 564 575 649 664 674 684 695 697 710 734 775 787 790 808 830 841 845 860 872 875 881 900 914 928 932 935 971 1028 1057 1090 1097 1114 1145 1152 1163 1185 1194 1206 1236 1242 1255 1316 1380 1384 1416 1453 1533 1536 1550 1578 1585 1586 1606 1629 1646 1650 1655 1678 1679 1731 1745 1750 1754 1777 1779 1790 1855 1873 1877 1879 1909 1916 1917 1919 1970 1981 1998 2004 2035
1997,COC1=CC(C)=CCCCN(CC2(C)CCN3CCCCC3C2C)C1=O,0 27 37 40 42 77 79 80 84 117 200 223 233 246 248 276 314 329 352 374 453 458 459 461 476 525 533 608 636 638 641 650 695 725 731 738 778 791 841 879 890 926 935 959 985 1019 1028 1057 1060 1089 1112 1123 1147 1162 1170 1274 1309 1325 1362 1380 1388 1411 1433 1456 1464 1470 1480 1491 1502 1524 1534 1536 1601 1619 1672 1689 1695 1697 1709 1722 1763 1770 1777 1781 1804 1818 1822 1827 1848 1854 1873 1935 1942 1970 1998 2017 2037 2038
1998,O=C(Nc1ccc(Cl)c(C(F)(F)F)c1)Oc1ccccc1C(=O)O,26 30 114 115 117 140 173 184 191 234 262 292 321 366 377 389 401 419 429 434 456 494 501 561 607 645 650 666 680 687 695 757 792 807 809 843 875 909 951 1033 1047 1051 1088 1152 1194 1199 1266 1284 1289 1335 1380 1386 1410 1423 1447 1453 1455 1495 1547 1616 1683 1729 1753 1757 1758 1764 1816 1818 1824 1873 1886 1893 1910 1917 1928 1935 1936 1970 1991 1996 2005 2028 2043
1999,CC(C)(CCN1CCCC1)CC(C#N)=CC=C1CCn2c1cccc2=O,41 80 114 129 238 244 263 281 284 314 319 324 350 351 361 392 395 434 467 566 571 583 587 630 650 674 694 717 758 783 790 803 807 871 890 907 923 926 935 1028 1039 1057 1061 1070 1088 1109 1141 1145 1172 1176 1218 1223 1252 1262 1264 1274 1276 1291 1308 1319 1373 1380 1384 1409 1416 1422 1480 1482 1485 1496 1505 1516 1521 1582 1612 1619 1633 1657 1664 1692 1709 1733 1738 1750 1771 1791 1810 1819 1838 1873 1939 1977 1986 1998
2000,COC(C=C1N=C2c3cc(Cl)ccc3C(C)(C)C(=O)N2C1=O)=C(Cl)c1ccccc1,1 39 66 84 95 106 141 165 173 195 216 255 277 288 307 314 337 352 374 378 389 390 411 412 549 561 585 605 650 657 684 694 695 707 738 752 801 807 816 841 843 875 879 909 927 935 959 986 1057 1060 1076 1088 1089 1095 1117 1152 1182 1199 1222 1229 1272 1274 1292 1323 1361 1380 1385 1407 1429 1462 1479 1521 1523 1529 1538 1543 1586 1683 1686 1707 1750 1796 1804 1820 1827 1862 1873 1880 1962 1985 2000
