id,SMILES_input,fingerprints_input_ECFP4,SMILES_output_ECFP4
1,C C 1 = C ( C = C C ( = C 1 ) C ( C ) ( C ) C ) O C [C@H] ( C [NH2+] C C C O C ) O,1 13 33 94 114 118 283 351 392 404 486 644 655 658 695 807 875 1005 1057 1153 1229 1339 1353 1380 1391 1417 1452 1536 1663 1665 1722 1724 1750 1873 1911 2007 2012 2038,CC1=C(C=CC(=C1)C(C)(C)C)OCC(C)[Si]CCCOC
2,C ( C ( F ) ( F ) F ) ( C ( F ) ( F ) [18F] ) F,1 114 136 561 1050 1453 1928,C(C(C(C(F)(F)F)F)(F)F)(C(C(F)(F)F)F)C(C(C(F)(F)F)F)(C(F)(F)F)F
3,C C 1 = C C = C C = C 1 C ( C ( = O ) N C 2 C C C C 2 ) N ( C 3 = C C = C ( C = C 3 ) C ( = O ) O C ) C ( = O ) C C 4 = C C = C S 4,14 80 145 196 237 325 330 383 573 606 610 650 656 675 807 841 881 890 960 1019 1057 1088 1096 1102 1152 1199 1238 1259 1325 1380 1385 1391 1567 1634 1661 1697 1715 1722 1750 1802 1917 1985 1999,CC1=CC=CC=C1C(C(=O)NC)N(C2=CC=C(C=C2)C(=O)OC)C(=O)CC3=CC=CS3
4,C C O C ( = O ) C 1 = C C = C ( C = C 1 ) N C ( = O ) C N 2 C 3 = C ( C ( C 4 C 5 C C ( C 4 S 3 ) C 6 C 5 C ( = O ) N ( C 6 = O ) C 7 = C C = C ( C = C 7 ) C ) C 8 = C C = C ( C = C 8 ) Cl ) S C 2 = O,5 41 63 80 89 121 145 147 162 191 216 219 233 235 294 314 555 606 622 650 670 675 695 759 802 807 816 843 901 924 926 935 994 1019 1039 1057 1070 1077 1152 1157 1176 1238 1279 1284 1292 1312 1337 1357 1362 1443 1453 1464 1522 1683 1686 1697 1722 1750 1788 1803 1816 1817 1823 1825 1920 1935,CCOC(=O)C1=CC=C(C=C1)N2C(=O)C3C4CC(C3C2=O)C5C4C(C6=C(S5)N(C(=O)S6)CC(=O)NC7=CC=C(C=C7)C)C8=CC=C(C=C8)Cl
5,C 1 [C@H] ( C N ( C 1 = O ) C C 2 = C C = C C = C 2 Cl ) C ( = O ) N C C C 3 = C C = C C = N 3,80 93 101 172 197 221 231 295 311 314 366 378 448 561 650 667 689 724 739 775 798 807 828 926 935 974 1089 1137 1152 1153 1155 1199 1344 1349 1380 1452 1597 1683 1750 1819 1866 1873 1984 1990,C1C(CN(C1=O)CC2=CC=CC=C2Cl)C(=O)NCCC3=CC=CC=N3
6,C 1 = C C = C 2 C ( = C 1 ) C = C C = C 2 N C 3 = C ( C = C ( C = N 3 ) C ( = O ) O ) Cl,324 347 366 378 456 491 561 563 650 708 807 875 1039 1087 1088 1104 1138 1152 1207 1224 1357 1380 1385 1452 1535 1573 1683 1696 1750 1768 1855 1917 1990 2008,C1=CC2=C(C=CC=C2NC3=C(C=C(C=N3)C(=O)O)Cl)C(=C1)Cl
7,C O / N = C \ C ( / C = C / C 1 = C C = C C = C 1 ) S ( = O ) ( = O ) C 2 = C C = C C = C 2,319 350 389 575 650 694 695 725 835 841 878 940 977 1088 1115 1199 1353 1380 1390 1422 1476 1624 1723 1750 1857 1858 1873 2033,C1=CC=C(C=C1)/C=C/C(=N/OC)/S(=O)(=O)C2=CC=CC=C2
8,C 1 = C C ( = O ) C 2 = C 1 C ( = O ) C = C 2,37 112 314 650 1680 1750 1873 1944 1963 2029,C1=CC(=O)C2=C1C(=O)C=C2
9,C C 1 = C C ( = N O 1 ) C N ( C ) C 2 = C ( C = C 3 C C C ( = O ) N C 3 = C 2 ) N,80 248 314 319 378 507 534 569 584 650 684 724 875 881 910 926 939 1000 1064 1101 1114 1163 1184 1236 1380 1398 1457 1542 1575 1665 1689 1722 1738 1982 2018,C1CC2=CC(=C(C=C2NC1=O)N(C)CC3=NOC(=C3)N(C)CC4=NOC(=C4)N(C)CC5=NOC(=C5)N(C)CC6=NOC(=C6)CCC(=O)N7)N(C)CC8=O
10,C [N+] 1 = C N ( C 2 = C C = C C = C 2 1 ) C [C@@H] ( C O C [C@@H] 3 C C C = C C 3 ) O,1 29 45 75 80 118 223 227 313 328 463 522 564 582 597 598 673 687 695 870 914 923 926 971 983 1057 1088 1136 1199 1285 1325 1455 1475 1605 1750 1873 1971 1992 2038,C[N+]1=CN(C2=CC=CC=C21)COCC(COCC3CCC=CC3)O
11,C C C C 1 = C ( C ( = C ( C ( = C 1 C C C ) O ) O ) [N+] ( = O ) [O-] ) C C C,39 80 81 202 294 599 612 650 753 794 807 838 873 1057 1195 1243 1380 1602 1626 1726 1781 1888 2037,CCCC1=C(C(=C(C(=C1[N+](=O)[O-])O)[N+](=O)[O-])O)[N+](=O)[O-]
12,C C 1 = C C ( = C ( C ( = C 1 ) Cl ) O C C O C 2 = C C = C ( C = C 2 ) C C ( C N ) C ( = O ) N 3 C C C C 4 = C 3 C = C C ( = C 4 ) F ) Cl,1 13 78 79 80 108 258 265 322 366 377 537 556 676 695 699 718 807 857 875 909 935 981 1028 1034 1057 1171 1236 1295 1352 1380 1384 1387 1410 1438 1452 1480 1487 1670 1683 1738 1750 1754 1823 1873 1877 1909 1915 1917 1928 1953 2045,CC1=CC(=CC(=C1)OCCOC2=CC=C(C=C2)CC(CN)C(=O)N3CCCC4=C3C=CC(=C4)F)CC(CN)C(=O)N5CCCC6=C5C=CC(=C6)F
13,C [C@H] ( C ( = O ) N C 1 = C C = C C = C 1 ) O C ( = O ) / C = C / C 2 = C C = C C = C 2 Br,1 31 57 69 191 283 441 472 573 650 694 728 807 833 835 961 1055 1057 1073 1088 1117 1144 1152 1269 1358 1380 1631 1750 1873,C[C@H](C(=O)NBr)OC(=O)/C=C/C1=CC=CC=C1Br
14,C C 1 ( C N ( C 1 ) N C ( = O ) N S ( = O ) ( = O ) C 2 = C C = C ( C = C 2 ) C C N C ( = O ) C 3 = C ( C = C C ( = C 3 ) Br ) O C ) C,15 80 94 166 197 235 307 310 319 324 331 486 602 650 667 715 728 807 828 836 841 883 926 935 1045 1060 1152 1157 1217 1274 1317 1476 1487 1507 1536 1606 1631 1754 1762 1796 1808 1873 1917 1970 1989 1991,C1C(CN(C1(C)C)NC(=O)NS(=O)(=O)C2=CC=C(C=C2)CCNC(=O)C3=C(C=CC(=C3)Br)OC)(C)C
15,C C 1 = N C = C ( C 2 = C 1 O C ( = O ) C ( = C 2 ) C 3 = N C ( = N O 3 ) C 4 = C C = C ( C = C 4 ) Br ) C O,40 80 92 156 168 222 248 352 378 426 520 650 656 677 728 807 837 875 896 1002 1047 1057 1157 1289 1345 1349 1357 1380 1385 1452 1468 1542 1631 1700 1722 1750 1855 1873 1910 2013,CC1=C(C=C2C(=NOC2=N1)C)C3=NC(=NO3)C4=CC=C(C=C4)C5=NOC(=N5)C6=C(N=C(C(=C6)CO)C)Br
16,C O C 1 = C ( C ( = C ( C = C 1 ) C C N C C C C C C N C C C 2 = C C = C C = C 2 ) C C C 3 = C C ( = C C = C 3 ) O C ) O C,80 104 218 249 322 327 333 499 516 559 562 592 613 667 695 771 781 841 1039 1045 1057 1066 1088 1152 1179 1199 1243 1322 1349 1380 1536 1599 1741 1750 1754 1873 1970 2008 2034,COC1=CC=CC(=C1)CCC2=C(C=CC(=C2OC)OC)CCNCCC3=CC=CC=C3P
17,C C ( C ) ( C ) C C ( C ) ( C C C C ( = O ) N O C ) C 1 = C ( C = C ( C ( = C 1 ) O ) C ( C ) ( C ) C ) O,80 114 419 630 650 697 778 789 841 875 1152 1308 1339 1380 1415 1561 1564 1602 1607 1655 1706 1718 1911 1917 1929 1950 2014,C1=C(C(=CC(=C1O)C(CCCC(=O)C(=O)OC)(CC(CC(CCCC(=O)O)(C2=CC(=C(C=C2O)O)C(C)(C)C)C(C)(C)C)(C(C)(C)C)C(=O)OC)C(C)(C)C)O)O
18,C C O C ( = O ) / C = C / [C@@H] ( C C C = C ) O,1 31 80 227 294 301 401 403 650 694 739 782 807 815 1057 1064 1073 1238 1366 1564 1588 1624 1645 1722 1917,CCOC(=O)/C=C/C(CCC=C)O
19,C C 1 = C ( S C = C 1 ) C ( C 2 = C ( C = C ( C = C 2 ) O C ) Cl ) N C,14 173 322 554 675 695 703 718 781 841 875 1055 1191 1192 1363 1380 1391 1430 1454 1462 1536 1567 1643 1683 1722 1873 1907 1949 1972,C1=CSC(=C1C)C(C2=C(C=C(C=C2)OC)C)C3=C(C=CS3)C
20,C C 1 = C C ( = C C = C 1 ) N ( C C 2 = C C = C ( C = C 2 ) C ( = O ) N C [C@H] 3 C C C O 3 ) S ( = O ) ( = O ) C,121 197 214 239 248 265 288 310 350 361 486 507 521 650 692 802 821 875 881 950 994 1013 1019 1028 1039 1055 1057 1088 1147 1152 1241 1325 1380 1391 1468 1476 1604 1665 1684 1695 1697 1750 1823 1917,CC1=CC(=CC=C1)N(CC2=CC=C(C=C2)C(=O)NCC3CCCO3)S(=O)(=O)C
21,C C ( C ) C C ( = O ) N C 1 = C C = C ( C = C 1 ) N C ( = O ) C C 2 = C C ( = C ( C ( = C 2 ) O C ) O C ) O C,1 41 80 115 249 311 333 684 695 730 807 841 875 901 1057 1077 1152 1380 1536 1599 1750 1754 1756 1816 1847 1873 1917 1970,COC1=CC(=CC(=C1OC)OC)CC(=O)NC2=CC=C(C=C2)NC(=O)CC(=O)NC3=CC(=C(C(=C3)OC)OC)OC
22,C N 1 C 2 = C ( C ( = O ) N ( C 1 = O ) C ) [C@@] ( C ( = O ) N 2 ) ( C ( F ) ( F ) F ) N S ( = O ) ( = O ) C 3 = C C = C ( C = C 3 ) Cl,113 114 216 314 328 404 502 561 564 566 617 650 713 715 771 816 883 982 1039 1057 1060 1070 1114 1163 1257 1258 1380 1405 1453 1476 1633 1683 1688 1750 1873 1874 1912 1928,C1=CC(=CC=C1S(=O)(=O)C2(C3=C(NC2=O)NC(=O)C3(C(F)(F)F)Cl)C(F)(F)F)Cl
23,C 1 C 2 C C 3 C C 1 C C ( C 2 ) ( O 3 ) C ( = O ) N,261 504 543 650 656 807 926 1057 1060 1070 1171 1292 1536 1544 1602 1697 1917,C[Si]C(=O)C12C(O1)(O2)C(=O)C34C(O3)(O4)C(=O)[Si]C
24,C C 1 = C C ( = C ( C 2 = C 1 C ( = O ) / C ( = C / C 3 = C C ( = C ( C = C 3 ) O C ) O C ) / O 2 ) C [NH+] 4 C C [NH+] ( C C 4 ) C ) O,25 48 94 104 118 140 221 249 281 314 547 650 656 694 695 807 820 875 881 926 969 1183 1205 1245 1294 1380 1382 1391 1476 1536 1602 1607 1667 1690 1722 1729 1750 1828 1949 1970 2003 2033 2034,C1C[NH+](CC[NH+]1CC2=C(C=C(C=C2C)/C=C\3/C(=O)/C(=C/C4=CC(=C(C=C4)OC)OC)/OO3)O)CC5=C(C=C(C=C5C)/C=C/6\C(=C/C7=CC(=C(C=C7)OC)OC)O)C
25,C C ( = O ) C 1 = C C = C C = C 1 O C C S C 2 = N N C ( = N 2 ) C 3 C C C C 3,12 13 74 80 116 339 341 378 385 405 427 660 890 926 1019 1028 1057 1086 1088 1114 1182 1199 1217 1325 1380 1447 1515 1518 1561 1614 1749 1750 1820 1855 1873 1917 1943 1970 1978 1991 2000 2004,C[Si](C)(C)C1=CC=CC=C1OCCSC2=NNC(=N2)C3CCCC3
26,C O C 1 = N C = C ( C = C 1 ) S ( = O ) ( = O ) C,311 319 350 378 413 650 692 695 1057 1276 1380 1452 1518 1535 1536 1667 2007,CS(=O)(=O)C1=CN=C(N=C1)O[Si]OC2=NC=C(C=N2)S(=O)(=O)C
27,O 1 [C@@] 2 3 [C@] ( C ( O C ( = O ) C 3 ) c 3 c o c c 3 ) ( C C C ( [C@@] 3 ( C 1 C C ( O ) C ( C 3 C C ( = O ) O C ) ( C ) C ) C ) C 2 = C ) C,35 80 141 145 188 195 226 227 297 314 384 396 477 549 555 650 695 699 706 783 787 797 807 841 940 958 967 970 1003 1004 1006 1019 1057 1060 1070 1162 1249 1257 1279 1288 1327 1366 1380 1386 1436 1656 1750 1840 1843 1866 1873 1902 1917 1950 1959 2034,C[C@]12CC[C@H]3C(=C)[C@@]14CC(=O)[C@@]2([C@@H](C([C@@H]4CC(=O)OC)(C)C)O)[C@@H](O3)C5=COC=C5
28,C C 1 C C C 2 = C ( C 1 ) S C 3 = C 2 C ( = O ) N C ( = N 3 ) C O C ( = O ) C 4 = C ( C = C C = C 4 O C ) O C,42 54 80 83 145 146 147 162 231 249 314 361 373 378 427 444 586 617 639 675 695 703 745 750 891 926 997 1019 1039 1057 1088 1114 1309 1325 1380 1410 1430 1482 1536 1687 1738 1750 1825 1855 1873 1876 1917 1970,CC1CCC2=C(C1)SC(=C2C(=O)OCC3=NC(=C(C(=O)N3)C(=O)OCC4=NC(=CC=C4)OC)C)COC(=O)C5=C(C=CC=C5OC)OC
29,C c 1 c c ( C N C ( = O ) N C ( C ) ( C O ) C 2 C C 2 ) c ( C ) s 1,80 103 115 162 197 222 255 286 313 392 650 675 721 807 875 926 989 1019 1057 1096 1152 1349 1380 1393 1419 1508 1669 1722 1789 1873 1917 1923 1989 2008,CC1=CC(=C(S1)C)CNC(=O)NCO
30,C 1 [C@@H] 2 C C ( C [C@H] 1 C C ( C 2 ) O C ( = O ) C 3 = C C = C C 4 = C C = C C = C 4 3 ) C O C ( = O ) C 5 = C C = C C 6 = C C = C C = C 6 5,12 80 119 145 147 177 272 428 650 695 729 801 807 1005 1019 1039 1071 1087 1104 1126 1136 1302 1310 1357 1446 1447 1573 1673 1683 1750 1855 1873 1917 1976,C1C2CC3CC1CC(C2)OC(=O)C(=C(Cl)Cl)OOC(=O)C4=CC=CC5=CC=CC=C54
31,C C ( C ) C ( C ( = O ) O ) S C 1 = N C = C S 1,1 14 281 283 378 389 531 554 650 675 732 807 999 1057 1193 1218 1232 1380 1507 1567 1844 1866 1873 1917 1929 1951,CC(C1=NC=CS1)C(C(=O)O)C(=O)O
32,C C ( C ) ( C ) O C ( = O ) N [C@@H] ( C C 1 = C C = C ( C = C 1 ) O C C 2 = C C = C C = C 2 ) C ( = O ) N 3 C C C [C@H] 3 C # C,1 79 80 102 107 108 114 117 193 231 242 310 322 383 650 654 695 718 736 745 752 926 974 1019 1028 1040 1057 1066 1152 1199 1325 1380 1433 1435 1452 1480 1524 1539 1574 1750 1754 1758 1859 1888 1917 1977 2006 2042,COC(=O)N[C@@H](CC1=CC=C(C=C1)OCC2=CC=CC=C2)C(=O)N3CCCC3OC4(CCC4)C5CCC5
33,C C C 1 = C ( C ( = O ) C = C ( N 1 C C 2 = C C = C ( C = C 2 ) O C ) C ) C ( = O ) N 3 C C N ( C C 3 ) C 4 = C C ( = C C = C 4 ) O C,49 80 85 204 294 310 314 322 335 407 496 562 586 610 650 687 718 781 802 807 831 833 875 883 1039 1049 1057 1088 1096 1132 1504 1536 1683 1722 1750 1754 1799 1825 1873 1917 1944 1972 2003,CCC1=C(C(=O)C=C(N1CC2=CC=C(C=C2)OC)C)C(=O)N3C(=CC(=O)C(=C3CC)C(=O)N4C(=CC(=O)C(=C4CC)C(=O)N5C(=CC(=O)C(=C5)C)C)C)C
34,C C ( C ) C O C ( = O ) N ( C C O ) C 1 C C 1,1 40 80 118 147 222 254 308 401 404 473 650 807 881 926 1019 1104 1263 1325 1448 1847 1917 1951,C1CC1N(CCO)C(=O)OCC(C)C
35,C O C C C N C ( = O ) C 1 = C N = C ( C = C 1 ) C ( F ) ( F ) F,8 114 197 265 319 378 404 426 486 490 650 667 715 807 841 1005 1057 1125 1152 1385 1434 1452 1453 1535 1697 1768 1876 1911 1928,COCCCNC(=O)C1=CN=C(C=C1)C(F)(F)F
36,C [C@@] 1 2 C S C C N 1 C ( = O ) [C@@H] ( [C@H] ( [C@@H] 2 O C ( = O ) C ( C ) ( C ) C ) O C ( = O ) C ( C ) ( C ) C ) O C ( = O ) C ( C ) ( C ) C,5 7 68 70 101 114 181 232 270 314 392 436 604 617 675 695 715 737 789 807 926 935 1019 1060 1063 1126 1274 1380 1441 1480 1835 1869 1899 1917 1950,C1CSC23N1C(=O)C(C(C2OC(=O)C(C)(C)C)OC(=O)C(C)(C)C)OC(=O)C(C)(C)C
37,C C O [C@@H] ( C ) [C@@H] ( C ( = O ) O ) N,57 80 210 316 695 727 739 786 807 1057 1139 1171 1238 1241 1595 1844,COC[Se]CCC(N)[Se]CCC(N)[Se]CC
38,C C C 1 = C ( [C@H] ( N C ( = S ) N 1 C 2 = C C 3 = C ( C = C 2 ) O C C O 3 ) C 4 = C C = C C = C 4 F ) C ( = O ) O C,19 97 145 233 265 301 364 371 398 441 650 656 699 738 807 812 841 875 926 950 1000 1019 1032 1035 1057 1152 1167 1199 1427 1430 1479 1497 1529 1633 1686 1717 1750 1799 1825 1840 1873 1874 1905 1917 1928,CN[Si](C1=CC=CC=C1F)C(=O)N2C(=S)C(C(=S)N(C2=S)C3=CC4=C(C=C3)OCCO4)C5=CC=CC=C5F
39,C C 1 = C C 2 = C ( C = C 1 C ) O C 3 = C ( C 2 = O ) C ( N ( C 3 = O ) C 4 = N N = C ( S 4 ) C ) C 5 = C C = C ( C = C 5 ) O C,162 305 314 322 343 351 378 406 417 525 656 665 675 695 718 781 819 831 838 841 875 879 897 935 989 1019 1057 1218 1273 1279 1357 1380 1391 1427 1438 1510 1536 1601 1604 1634 1648 1722 1750 1808 1865 1922 2028,CC1=CC2=C(C=C1C)OC3=C(C2=O)C(N(C3=O)C4=NN=C(S4)C)C5=CC=C(C=C5)OC
40,C C 1 = C 2 C ( = C C = C 1 ) S C ( = N 2 ) N,162 378 461 675 885 1057 1123 1166 1171 1264 1301 1391 1457 1605 1722 1724 1750 1855 1873 1999,CC1=C2C(=CC=C1)SC(=N2)N
41,O = c 1 n ( c 2 c c 3 c ( c c 2 ) c c c c 3 ) c ( n c 2 c 1 c c c c 2 ) C C,80 107 233 243 289 294 314 318 322 389 515 598 650 875 935 1087 1097 1380 1445 1446 1573 1602 1750 1781 1799 1825 1855 1873 1993,CCC1=NC2=CC3=C(C=C2N1C4=CC5=CC=CC=C5C=C4)C=CC(=C3)N6C(=NC7=CC8=CC=CC=C8C=C7C6=O)CC
42,C [Si] ( C ) ( C ) C 1 = C O C = C 1 C 2 = C C = C C = C 2,222 261 347 389 656 736 1057 1088 1160 1199 1380 1562 1750 1800 1873 1976,C[Si](C)(C)[C]1[C]([C]([C]([C]1C2=CC=CC=C2)C3=CC=CC=C3)C4=CC=CC=C4)C5=CC=CC=C5
43,C 1 = C C = C 2 C ( = C 1 ) N = C ( C ( = N 2 ) N S ( = O ) ( = O ) C 3 = C C = C ( C = C 3 ) Cl ) N C 4 = C C = C ( C = C 4 ) C 5 = C C = C ( C = C 5 ) [N+] ( = O ) [O-],4 191 216 289 350 378 491 502 561 641 650 708 715 753 769 816 838 843 883 888 1070 1088 1097 1195 1199 1270 1274 1380 1476 1524 1683 1742 1750 1921 1963 1964,C1=CC=C2C(=C1)N=C(C(=N2)NS(=O)(=O)C3=CC=C(C=C3)Cl)NC4=CC=C(C=C4)[N+](=O)[O-]
44,C C C 1 = C C = C ( C = C 1 ) N C ( = O ) C O C ( = O ) [C@@H] ( C ) N 2 C ( = O ) [C@@H] 3 [C@H] 4 C C [C@@H] ( C 4 ) [C@@H] 3 C 2 = O,1 5 125 145 147 167 191 214 283 294 310 314 463 585 650 695 708 755 761 807 901 926 929 935 1057 1077 1152 1155 1292 1380 1457 1499 1750 1754 1816 1873 1917 1965 2007 2047,C[C@@H](C(=O)OC(=O)[C@H](C)N1C(=O)[C@@H]2[C@@H]3C[C@H](C3)[C@@H]2C1=O)N4C(=O)[C@@H]5[C@@H]6C[C@H](C6)[C@@H]5C4=O
45,C 1 = C C = C ( C ( = C 1 ) C S C 2 = N N = C ( S 2 ) N 3 C ( C ( = C ( C 3 = O ) O ) C ( = O ) C 4 = C C = C S 4 ) C 5 = C C = C ( C = C 5 ) Cl ) F,9 14 19 79 80 116 162 171 216 314 341 378 383 419 444 613 650 675 699 762 797 816 819 879 915 935 999 1019 1032 1068 1070 1164 1199 1380 1389 1414 1427 1493 1521 1549 1567 1601 1683 1750 1803 1840 1873 1917 1922,C1=CC=C(C(=C1)CSC2=NN=C(S2)N3C(C(=C(C3=O)O)C(=O)C4=CC=CS4)C5=CC=C(C=C5)Cl)F
46,C C 1 = C ( C ( = O ) N ( N 1 C ) C 2 = C C = C C = C 2 ) N C ( = O ) C ( C ) O C ( = O ) C C 3 = C ( C = C C = C 3 Cl ) F,69 75 80 314 325 327 366 381 389 430 504 561 573 650 695 699 807 813 861 974 1032 1039 1049 1057 1088 1117 1144 1145 1152 1199 1235 1269 1380 1766 1816 1825 1840 1873 1917 1928 1977 2003 2034,CN1C(=C(C(=O)N1C2=CC=CC=C2)NC(=O)C(C)OC(=O)CC3=C(C=CC=C3Cl)F)C(=O)NC4=C(C=CC=C4Cl)F
47,C C 1 = C C ( = C ( C = C 1 ) N C 2 = C ( C ( = N C = N 2 ) N C 3 = C ( C = C C ( = C 3 ) C ) O C ) N ) C,94 204 235 249 378 433 489 491 695 708 725 841 875 1013 1057 1152 1171 1224 1367 1442 1452 1457 1542 1722 1750 1823,CC1=CC(=C(C=C1)OC)NC2=NC=NC(=C2NC3=C(C=CC(=C3)C)OC)N
48,C / C = C / [C@@H] ( C ) [C@H] 1 [C@@H] ( [C@@H] ( O C 1 = O ) [C@H] ( C ) I ) C,1 26 208 283 314 501 656 661 694 750 823 844 1057 1141 1296 1309 1312 1380 1403 1624 1713 1885 2044,C/C=C/[C@H](C)[C@@H]1[C@@H]([C@@H](OC(=O)O1)[C@H](C)I)C
49,C C ( C C ( = O ) N C 1 = C C = C ( C = C 1 ) C 2 = C S C ( = N 2 ) N C 3 = C C = C C = C 3 Cl ) C C ( C ) ( C ) C,0 1 80 114 191 283 311 366 378 385 392 491 517 552 561 650 675 702 807 825 843 901 974 980 997 1055 1077 1152 1160 1264 1266 1290 1380 1485 1575 1683 1696 1787 1816 1855 1873 1917 1971,CC(CC(C)(C)C)C(=O)NC1=CC=C(C=C1)C2=CSC(=N2)NC3=CC=C(S3)Cl
50,C 1 C N ( C C C 1 C ( = O ) N C 2 = C C ( = C C = C 2 ) F ) C ( = O ) C 3 = C C = C C = C 3 Cl,184 263 366 561 650 652 699 703 785 807 849 875 942 974 1019 1039 1151 1152 1199 1218 1275 1325 1447 1487 1750 1837 1873 1917 1928 1991 2009,C1CC1C(=O)N2CCC(CC2)C(=O)NNC3=CC(=CC=C3)F
51,C 1 C [C@H] ( C ( = O ) C 1 ) O C ( = O ) C 2 = C C = C C = C 2 O C C ( = O ) N C 3 = C C = C C ( = C 3 ) C ( F ) ( F ) F,12 41 80 114 145 167 184 191 192 314 370 473 650 695 809 825 875 901 926 972 990 1019 1028 1039 1075 1088 1126 1152 1187 1199 1260 1325 1380 1410 1417 1447 1452 1453 1522 1635 1738 1750 1816 1917 1928 1991 2004 2017,C1CC(C(=O)C1)OC(=O)C2=CC=CC=C2OCC(=O)NC3=CC=CC(=C3)C(F)(F)F
52,C O C 1 = C C ( = C C ( = C 1 O C ) O C ) C ( = O ) N C C ( = O ) O C C ( = O ) C 2 = C C = C ( C = C 2 ) C 3 C C C C C 3,2 80 93 114 147 249 264 265 282 650 695 797 807 841 875 890 926 1019 1028 1038 1057 1152 1158 1279 1325 1364 1380 1385 1386 1536 1548 1563 1599 1618 1693 1697 1750 1803 1873 1892 1917 1943 1970 2000 2004,COC1=CC(=CC(=C1OC)OC)C(=O)COC(=O)CC(=O)C2=CC=C(C=C2)C3CCCCC3
53,C S ( = O ) ( = O ) N ( C C 1 = C C = C ( C = C 1 ) F ) C 2 = C C = C ( C = C 2 ) C ( = O ) N C 3 = C C = C C = C 3 C ( = O ) N 4 C C C C C C 4,2 66 81 90 214 310 350 362 369 486 507 521 650 692 745 881 926 942 947 960 1028 1057 1088 1096 1147 1152 1199 1224 1380 1385 1410 1476 1480 1504 1665 1670 1684 1696 1697 1750 1795 1816 1873 1917 1928 1991 1998 2009,CS(=O)(=O)N(CC1=CC=C(C=C1)F)C2=CC=C(C=C2)C(=O)NC3=CC=CC=C3C(=O)N4CCCCC4
54,C 1 C ( C C ( C C 1 F ) Cl ) O,32 590 775 807 926 955 1019 1203 1292 1917 1928 1960,C1C(CC(CC1F)Cl)C(=O)F
55,C C C C N 1 C ( = O ) C 2 = C C = C C = C 2 N C 1 = S,80 97 119 294 504 557 650 759 794 935 1033 1057 1088 1114 1145 1157 1199 1380 1717 1745 1750 1783 1801 1882 1911,CCCCN1C(=S)NC2=CC=CC=C2NC1=S
56,C [C@@H] 1 [C@@H] ( O [C@@H] ( O [C@@H] 1 C 2 = C C = C ( C = C 2 ) C O ) C 3 = C C = C ( C = C 3 ) C 4 = C C = C C ( = C 4 ) C N C ( = O ) O C C = C ) C N 5 C = N C ( = C 5 Cl ) Cl,58 97 147 197 254 255 339 378 485 557 561 610 619 656 694 695 732 746 785 837 875 896 908 931 932 935 940 1019 1039 1048 1057 1064 1073 1088 1152 1160 1279 1309 1338 1366 1375 1380 1452 1455 1573 1640 1645 1683 1758 1779 1803 1825 1873 1885 1921 1955 1964 1978 1983 2007 2020,C[C@H]1[C@H](O[C@H](O[C@H]1C2=CC=C(C=C2)C3=CC=CC(=C3)CNC(=O)OCC=C)C4=CC=C(C=C4)C5=CC(=CC=C5)CNC(=O)OCC=C)CN6C=NC(=C6Cl)Cl
57,C C 1 C C N ( C C 1 ) C 2 = C ( C ( = O ) N 3 C = C C = C C 3 = N 2 ) C = N N C 4 = C C = C C = C 4,3 40 130 191 314 335 350 378 384 389 407 433 504 513 600 650 694 703 725 819 926 935 945 973 1019 1057 1088 1101 1148 1152 1199 1221 1325 1380 1472 1480 1581 1688 1750 1779 1795 1855 1873,C1CN(CCC1NC2=CC=CC=C2)C3=C(C(=O)N4C=CC=CC4=N3)/C=N/NC5=CC=CC=C5
58,[N+] 1 ( = [N+] ( c 2 c ( c c ( c c 2 ) O C ) C C c 2 c 1 c c c ( c 2 ) O C ) [O-] ) [O-],262 322 463 665 695 715 718 781 841 875 926 1057 1314 1380 1476 1665 1738 1750 1873 1972 2038,COC1=CC2=[N+](CCC2=[N+](C=C1)[O-])[O-]
59,C S C 1 = C ( C = C 2 C ( = C 1 ) C C N 2 C ( = O ) N C 3 = C N = C C = C 3 ) I,116 191 218 229 378 394 437 582 650 661 682 703 793 807 875 926 935 947 981 1023 1025 1043 1057 1064 1088 1152 1236 1295 1380 1384 1387 1399 1401 1535 1586 1603 1683 1738 1750 1816 1866 1873 1884 1888 1917,CSC1=C(C=C2C(=C1)CCN2C(=O)NC3=CN=CC=C3)I
60,C O C 1 = C C = C C = C 1 N 2 C C N ( C C 2 ) C ( = O ) C [C@H] 3 C [C@H] 4 C C [C@@H] 3 C 4,5 80 115 130 226 231 249 280 373 407 585 650 695 760 807 926 935 1004 1009 1019 1057 1199 1295 1325 1330 1380 1410 1446 1480 1536 1568 1589 1750 1804 1939 1970 2009 2047,COC1=CC=CC=C1N2CCN(CC2)C(=O)CC3CC4CCC3C4
61,C C 1 = C C ( = C C ( = C 1 ) [Se] ) C,236 519 875 888 1014 1057 1380 1722 1823 1873,CC1=CC(=CC(=C1)[Se])C
62,C O C 1 = C C = C ( C = C 1 ) O C C C N C C C O C 2 = C C = C ( C = C 2 ) O C,13 80 322 667 695 718 771 781 831 841 1004 1034 1152 1322 1380 1452 1536 1750 1873,C1=CC(=CC=C1OC)OCCNCCOC2=CC=C(C=C2)OC
63,C = C C N 1 C C C 2 = C 1 C = C ( C = C 2 ) [N+] ( = O ) [O-],80 177 650 652 715 716 838 875 926 935 940 1054 1089 1195 1236 1295 1380 1480 1645 1738 1750 1809 1814 1820 1888 1961 1963 1980,C1CN(C2=C1C=CC(=C2)[N+](=O)[O-])CN3CCC4=C3C=C(C=C4)[N+](=O)[O-]
64,C 1 C C 2 = C C = C C = C 2 N ( C 1 ) C ( = O ) C O C ( = O ) C 3 = C ( C = C C ( = C 3 ) Br ) F,80 147 159 177 216 275 556 626 650 699 766 807 875 887 909 926 934 935 1009 1028 1088 1138 1157 1198 1215 1295 1387 1480 1631 1673 1708 1738 1808 1840 1873 1991 1997 2004,C1CC2=CC=CC=C2N(C1)C(=O)COC(=O)C3=C(C=CC(=C3)Br)F
65,C O C 1 = C C = C ( C = C 1 ) C 2 = N C ( = N O 2 ) C 3 = C C ( = C C = C 3 ) N,248 322 378 496 647 695 720 736 781 831 841 875 888 896 1047 1057 1088 1160 1171 1245 1289 1380 1385 1457 1536 1542 1631 1750 1855 1873 1910 2013,COC1=CC=C(C=C1)C2=NC(=NO2)C3=CC(=CC=C3)N
66,C C C 1 = C ( C = C C ( = N 1 ) C ( C ) C ) C 2 = C ( N = C 3 C ( = N 2 ) C ( = C N 3 [C@@H] ( C ) C C O ) C ) C C,1 80 222 225 249 283 294 323 352 361 394 424 473 501 541 567 598 606 680 738 805 807 925 935 1034 1057 1141 1162 1615 1644 1696 1722 1724 1750 1799 1800 1855 1897,CCC1=C(C=CC(=N1)C(C)C)C2=C(N=C3C(=N2)C=CC(=O)N3C(C)CCO)CC
67,C 1 C N ( C C N 1 C C 2 = N C ( = C S 2 ) C 3 = C C = C S 3 ) C C ( = O ) N 4 C C N ( C C 4 ) C 5 = C C = C C = C 5,14 59 62 72 74 80 241 277 378 383 389 552 568 650 675 687 760 784 807 926 935 980 1049 1056 1088 1199 1264 1342 1380 1405 1427 1480 1508 1567 1578 1589 1750 1765 1791 1810 1825 1855 2009,C1CN(CCN1CC2=NC(=CS2)C3=CC=CS3)C(=O)N4CCN(CC4)C5=CC=CC=C5
68,C C O C ( = O ) C 1 = C ( S C ( = C 1 C ) C ( = O ) O C C ) N C ( = S ) N 2 C C N ( C C 2 ) C C 3 = C C = C C 4 = C C = C C = C 4 3,50 54 74 80 97 110 145 147 162 164 189 294 310 586 649 650 675 695 759 781 807 837 913 926 935 1057 1087 1088 1104 1118 1152 1199 1238 1304 1349 1357 1380 1573 1597 1667 1722 1750 1765 1792 1816 1855 1873 2009,CCOC(=O)C1=C(SC(=C1C(=O)OCC)C(=O)OCC)NC(=S)N2CN(C2)CC3=CC=CC4=CC=CC=C43
69,C C 1 = C C ( = C C = C 1 ) N C ( = O ) N C C C N 2 C C C C 2 = O,80 184 197 312 425 703 798 807 875 926 935 951 1028 1055 1057 1088 1089 1123 1138 1145 1152 1182 1374 1480 1738 1750 1752 1816 1873 1876 1911 1917 1989 1990,C1CC(=O)N(C1)CCCNC(=O)NC2=CC(=CC=C2)NC(=O)NCCCN3CCCC3=O
70,C = C 1 C = C C 2 C 1 C C 2,35 448 455 484 632 848 926 1019 1026 1218 1325 1380 1861 1873,C1CC2C3CCC2C4=CC=C=CC41
71,C [C@H] 1 [C@H] ( [C@H] ( C [C@@H] ( O 1 ) O [C@H] 2 C [C@@] ( C C 3 = C 2 C ( = C 4 C ( = C 3 O ) C ( = O ) C 5 = C ( C 4 = O ) C ( = C C = C 5 ) O C ) O ) ( C ( = O ) C O ) O ) N 6 C C O C [C@@H] 6 C N ) O,5 33 34 80 121 202 249 283 298 352 361 422 495 550 563 587 650 656 679 687 722 751 807 841 842 852 895 926 935 940 950 973 981 984 1019 1039 1051 1057 1060 1070 1154 1171 1204 1257 1410 1441 1480 1487 1509 1536 1552 1583 1612 1628 1689 1721 1747 1750 1789 1815 1917 1921 1923 1970 1988,CC1C(C(CC(O1)(C(=O)C2(CC(N3CCOCC3CN)CN)O)O)N4CC(OC5C4O5)CN)O
72,C 1 = C C ( = C C = C 1 C C C 2 = C C ( = N C ( = C 2 ) C 3 = C C ( = C C ( = N 3 ) C O ) C C C 4 = C C = C ( C = C 4 ) [N+] ( = O ) [O-] ) C O ) [N+] ( = O ) [O-],80 204 222 310 378 650 715 724 753 769 837 875 980 1004 1195 1243 1274 1380 1513 1750 1754 1809 1814 1855 1873 1963 1983,C1=CC(=CC=C1CCC2=CC(=NC(=C2)CO)CO)[N+](=O)[O-]
73,C N ( C ) O C 1 = C C = C C = C 1 C = O,116 271 441 650 694 862 881 961 1004 1057 1063 1088 1130 1163 1199 1318 1380 1410 1580 1729 1750 1873 1970,CN(C)SN(C)C
74,O = C 1 N 2 [C@] ( c 3 [nH] c 4 c ( c 3 C C 2 ) c c c c 4 ) ( [C@H] ( C C 1 C C ( = O ) N C c 1 c c ( O C ) c ( O C ) c c 1 ) C ( = O ) N 1 C C O C C 1 ) C C C 1 C C C C 1,5 11 38 41 80 83 94 114 119 120 137 140 197 246 249 255 333 352 361 484 523 591 596 695 713 807 825 841 875 890 926 935 950 978 1019 1027 1028 1060 1088 1089 1115 1152 1199 1206 1292 1299 1325 1357 1380 1405 1441 1480 1536 1611 1738 1746 1750 1754 1779 1863 1873 1917 1962 1970 2009,C1CCC(C1)OC2=C3CCN4C3=C(C=C2)C(CC4C(=O)N5CCOCC5)CNC(=O)CN6CCOCC6
75,C C O C 1 = C ( C = C C ( = C 1 ) / C = C / 2 \ C ( = O ) O C ( = N 2 ) C 3 = C C = C ( C = C 3 ) Cl ) O C,80 94 140 216 249 260 281 294 309 314 327 425 650 656 694 707 747 816 841 848 875 896 927 1057 1070 1088 1238 1380 1382 1448 1452 1536 1617 1750 1810 1828 1860 1873 1970 2033,CCOC1=C(C=CC(=C1)/C=C\2/C(=O)OC(=N2)C3=CC=C(C=C3)Cl)OC
76,C [C@H] ( C C C C / C = C \ C O ) C C # C,80 222 228 283 401 599 674 694 739 761 775 807 915 971 974 1057 1142 1161 1283 1356 1440 1599 1755 1851 1911,CC(CCCC/C=C/CO)CC/C=C/CO
77,C 1 C C C N ( C C 1 ) C C 2 = C ( C = C C ( = C 2 ) C 3 = N C = C C = N 3 ) O C C ( = O ) N C C 4 = C C ( = C C = C 4 ) F,2 80 192 197 219 230 255 333 378 448 650 695 720 807 875 896 935 944 1028 1039 1066 1088 1152 1160 1187 1245 1349 1380 1385 1422 1480 1487 1573 1670 1750 1754 1765 1779 1791 1792 1866 1873 1917 1970 1998 2004,C1CCN(CC1)CC2=C(C=CC(=C2)C3=NC=CC=N3)OCC(=O)NCC4=CC(=CC=C4)F
78,C C ( = C ) [C@@H] 1 C C [C@] 2 ( [C@H] 1 [C@H] 3 C C C 4 [C@] 5 ( C C [C@@H] ( C ( [C@@H] 5 C C [C@] 4 ( [C@@] 3 ( C C 2 ) C ) C ) ( C ) C ) O ) C ) C ( = O ) O C C C C C C C C C C C ( = O ) O,13 80 89 147 267 527 549 552 555 575 610 695 712 715 760 807 833 889 904 926 1009 1017 1019 1022 1055 1057 1060 1103 1143 1162 1179 1249 1257 1267 1274 1287 1325 1341 1391 1436 1468 1477 1564 1734 1737 1812 1815 1889 1911 1917 1951 1987,CC(=C)[C@@H]1[C@@H]2[C@H]3CC[C@@H]4[C@]5(CC[C@@H](C([C@@H]5CC[C@]4([C@@]3(CC[C@]2(CC[C@]1(C)C(=O)OCCCCCCCCCCC(=O)O)C)C)C)(C)C)O)C
79,C [N+] 1 = C ( S C 2 = C C = C C = C 2 1 ) C ( F ) ( F ) F,114 162 280 461 463 609 673 675 809 885 983 1057 1084 1346 1380 1453 1574 1750 1863 1873 1928 1988,C[N+]1=C(SC2=C1C=CC(=[N+]2C)C(F)(F)F)C(F)(F)F
80,C C ( = O ) C 1 = C C = C ( C = C 1 ) N 2 C C N ( C C 2 ) C ( = O ) C 3 = C S C ( = N 3 ) C 4 = C ( C ( = C C = C 4 ) O C ) O C,233 249 333 352 378 407 518 552 613 617 650 657 675 687 695 807 841 855 926 935 942 984 1039 1071 1088 1380 1385 1405 1410 1480 1504 1508 1536 1567 1589 1630 1750 1825 1841 1855 1917 1970 2004 2021,C1CN(CCN1C2=CC=C(C=C2)N3CCN(CC3)C(=O)C4=CSC(=N4)C5=C(C(=CC=C5)OC)OC)C(=O)C6=CSC(=N6)C7=C(C(=CC=C7)OC)OC
81,C [N+] 1 = C ( N ( C 2 = C C ( = C ( C = C 2 1 ) Cl ) Cl ) C C C C C C ( = O ) N C C N ) / C = C / C 3 = C C = C ( C = C 3 ) N ( C 4 = C C = C C = C 4 ) C 5 = C C = C C = C 5,25 41 45 170 197 288 294 343 366 389 463 561 584 597 612 650 667 673 694 802 807 827 835 875 878 881 893 927 935 948 960 981 1057 1096 1145 1152 1169 1171 1199 1267 1333 1380 1554 1564 1589 1683 1718 1750 1760 1790 1840 1873 1911 1917 2032 2033,C[N+]1=C(N(C2=CC(=C(C=C21)Cl)Cl)CCCCC(=O)NCCN)/C=C/C3=CC=C(C=C3)N(C4=CC=CC=C4)C5=CC=CC=C5
82,C N 1 C C N ( C C 1 ) c 1 c c c c ( c 1 ) c 1 n n c ( o 1 ) c 1 c c c c ( O C C ( = O ) N C c 2 c c c ( c c 2 ) C ( F ) ( F ) F ) c 1,14 41 80 114 192 197 207 219 238 310 322 333 378 383 407 496 638 650 656 687 695 736 807 875 926 935 1039 1047 1049 1057 1088 1145 1152 1164 1236 1380 1417 1452 1453 1480 1501 1508 1573 1604 1665 1750 1754 1825 1835 1873 1887 1917 1928 2004 2041,CN1CCN(CC1)C2=CC(=CC=C2)OCC(=O)NCC3=CC=C(C=C3)C(F)(F)F
83,C [C@H] ( C N 1 C = C C ( = N 1 ) C ( F ) ( F ) F ) [NH3+],1 51 80 90 114 283 319 378 397 658 734 738 747 808 809 935 1057 1273 1380 1387 1434 1437 1453 1750 1922 1928 1956,CC(CN1C=CC(=N1)C(F)(F)F)N2C=CC(=N2)C(F)(F)F
84,C C 1 C C N ( C C 1 ) C C 2 = C C = C ( C = C 2 ) C N C ( = O ) C 3 C C C N ( C 3 ) C C 4 = N C ( = N O 4 ) C 5 = C C = C ( C = C 5 ) O C,80 93 168 197 248 255 322 378 638 650 656 695 718 739 781 841 917 926 935 945 1013 1019 1028 1121 1148 1152 1160 1205 1261 1380 1422 1480 1542 1573 1616 1626 1683 1750 1754 1765 1771 1791 1873 1917 1975 2013 2045,C1CN(CC(C1)C(=O)NCC2=CC=C(C=C2)OC)CC3=NC(=NO3)C4=CC=C(C=C4)CN5CCC(C5)[Si](C)(C)C
85,C C O C ( = O ) C 1 = C N = C ( N C 1 = O ) N 2 C ( = O ) C = C ( N 2 ) C ( F ) ( F ) F,80 114 145 147 167 205 260 294 314 360 378 390 443 650 695 750 759 809 875 922 935 1057 1114 1141 1196 1238 1416 1452 1453 1465 1535 1538 1619 1667 1722 1745 1917 1928 1991,CCOC(=O)C1=CN=C(N(C1=O)OCC)C(F)(F)F
86,C C N ( C C ) C C C N C ( = O ) C ( = C C 1 = C C = C ( O 1 ) C 2 = C ( C = C C ( = C 2 ) C ( F ) ( F ) F ) Cl ) N C ( = O ) C 3 = C C = C ( C = C 3 ) C,80 114 235 251 270 294 412 473 561 620 650 667 807 809 875 930 932 960 1057 1119 1210 1260 1356 1380 1417 1453 1521 1604 1623 1665 1666 1683 1697 1722 1746 1750 1794 1823 1873 1876 1911 1917 1919 1920 1928 1951 1981 2022,CCN(CC)CCCN/C(=C/1\C=C(C=C1Cl)C(F)(F)F)/C(=O)C(=C2C=C(C=C2)C(F)(F)F)C3=CC=C(C=C3)C
87,C C ( = O ) N C C ( C C 1 = C C = C C = C 1 ) O,1 79 80 197 227 245 389 606 650 731 846 857 1017 1057 1066 1088 1152 1199 1380 1501 1750 1754 1873 1917 2038,CC(=O)NCC(CC1=CC=CC=C1)O
88,C [C@@H] ( C N ) N 1 C C C 2 = C C = C C = C 2 C 1,1 80 242 847 926 935 981 1088 1171 1199 1236 1265 1344 1357 1380 1527 1708 1738 1750 1829 1873 1909 1946,C1C2=CC=CC=C2CN1C(CN)CN
89,C C ( C ) O C 1 = C ( C = C ( C = C 1 ) C N C 2 = N C = N N 2 ) Br,1 58 65 74 80 94 126 283 310 489 504 555 664 695 721 728 833 875 1114 1152 1250 1255 1380 1416 1452 1570 1750 1754 1779 1806 1873 1967 1970 1978 1998 2004,C1=CC(=C(C=C1CNC2=NC=NN2)Br)OC(C)C
90,C C ( C ( C 1 = C C = C S 1 ) ( O C ) O C ) O,14 114 227 241 283 431 695 807 836 1057 1088 1258 1428 1838 1873,C[P+](C)(C)OC(C(O[P+](C)(C)C)(O[P+](C)(C)C)O[P+](C)(C)O)(O[P+](C)(C)O)O[P+](C)(C)O
91,C C 1 = C C = C ( C = C 1 ) S ( = O ) ( = O ) O [C@@H] 2 [C@H] 3 C C C 4 C 2 ( C ( = O ) C 3 = C ) [C@@] 5 ( [C@H] ( [C@H] 6 [C@@] 4 ( C O 5 ) C ( = O ) C C C 6 ( C ) C ) O ) O,48 67 72 186 210 242 258 290 310 314 350 366 386 402 455 500 650 656 695 715 733 791 796 807 918 926 1017 1057 1060 1083 1134 1154 1218 1232 1257 1274 1296 1325 1342 1366 1380 1496 1538 1546 1555 1645 1722 1750 1823 1833 1855 1873 1920 1951 1991,CC1=C(C2(C3C(C4(C(C5CCC(C5(C4(C2=O)O)O)(C)C)(OC36C1CCC6=O)O)O)(C)C)O)OS(=O)(=O)C=C
92,C C 1 C C C C N 1 C ( = O ) C S C 2 = N C 3 = C ( C ( = O ) N 2 C C ( C ) C 4 = C C = C C = C 4 ) S C 5 = C 3 C = C C = N 5,1 14 80 131 153 162 242 270 283 341 347 389 448 502 504 511 561 577 650 675 734 747 759 802 807 926 931 935 1009 1019 1028 1043 1057 1088 1199 1209 1269 1309 1325 1357 1365 1408 1452 1480 1569 1581 1655 1724 1855 1866 1873 1922 1959 1998 2036,CC1CCCCN1C(=O)N2CCC3=C(C4=C(S3)N=CC=C4)N=C2SCC(C)C5=CC=CC=C5
93,c 1 ( c ( c 2 [C@] 3 4 C [C@@H] ( [C@@H] ( C ( = C 3 [C@H] ( [C@@H] ( c 2 c c 1 ) O ) N C C 4 ) O C ) O ) O ) O ) O C,164 202 300 305 480 679 691 695 807 849 996 997 1019 1027 1039 1057 1060 1114 1162 1218 1238 1245 1331 1380 1438 1507 1536 1561 1602 1750 1873 1970 1971 2028,C[Si]OC1=C(C2=C(C=C1)C3CC24CCNC5C4=C3C67CCNC(C6)C8=C7C(=C(C=C8)O)O)O
94,C C ( C ) C N ( C C 1 = C C ( = N O 1 ) C ( = O ) N C C 2 = C C ( = C C = C 2 ) Cl ) C ( = O ) C 3 = C C = C ( C = C 3 ) F,1 29 80 90 192 216 248 255 283 339 378 486 507 587 592 650 656 699 725 807 813 828 855 875 877 881 978 1057 1066 1088 1152 1221 1380 1385 1410 1521 1542 1573 1642 1670 1683 1697 1750 1779 1847 1860 1873 1917 1928 2024 2044,CC(C)CN(CC1=CC(=NO1)C(=O)NP(=O)(NC(C)C)NCC2=CC(=NO2)C(=O)N(CC(C)C)CC(C)C)C(=O)C3=CC=C(C=C3)F
95,C 1 2 ( [C@] ( [C@@H] ( C C 1 C 1 C ( C 3 ( C ( = C C ( = O ) C C 3 ) [C@H] ( C 1 ) F ) C ) C ( C 2 ) O ) O ) ( C ( = O ) C O ) O ) C,26 32 80 84 222 242 314 360 445 479 519 540 622 650 679 753 807 841 849 897 937 1009 1019 1020 1057 1154 1162 1165 1257 1274 1285 1292 1380 1436 1459 1489 1561 1612 1664 1738 1794 1873 1884 1917 1928 1938,C[C@]12CCC(=O)C=C1[C@H]([C@@H]([C@@H]3[C@@H]2[C@@H](C[C@]4([C@H]3C[C@H]([C@@H]4C(=O)CO)O)C)O)F)F
96,C N 1 C 2 = C ( C ( = O ) N ( C 1 = O ) C ) N ( C ( = N 2 ) N N C ( = O ) C 3 = C C = C C = C 3 ) C / C = C / C 4 = C C = C C = C 4,25 157 304 314 378 389 400 501 504 564 650 694 745 802 835 935 1024 1057 1068 1088 1089 1112 1152 1199 1258 1307 1353 1356 1380 1440 1503 1642 1665 1696 1750 1873 1879 1985 2033,CN1C2=C(C(=O)N(C1=O)C)N(C(=N2)NNC(=O)C3=CC=CC=C3)C/C=C/C4=CC=CC=C4
97,C C O C ( = O ) C C C C C C ( = O ) N C 1 = C C 2 = C ( C = C 1 ) O [C@H] ( [C@H] ( C N ( C ( = O ) C 2 ) [C@H] ( C ) C O ) C ) C N ( C ) S ( = O ) ( = O ) C 3 = C C = C ( C = C 3 ) O C,1 41 80 184 213 222 249 294 314 317 319 322 482 602 650 656 677 695 715 718 739 781 798 807 815 831 834 841 843 875 881 901 926 935 998 1035 1057 1095 1116 1143 1152 1163 1209 1214 1236 1238 1309 1380 1382 1386 1399 1455 1476 1536 1585 1631 1716 1718 1722 1750 1816 1859 1907 1911 1918 1946,CCOC(=O)CCCCCC(CO)N1CC2=C(C=CC(=C2)NC(=O)CCCCCC(CO)N(C)S(=O)(=O)C3=CC=C(C=C3)OC)OC(C1=O)C
98,C C 1 = C C ( = C ( C = C 1 ) C ) C C 2 = C ( N = C ( N = C 2 N 3 C C N ( C C 3 ) C ( = O ) / C = C / C 4 = C C = C C = C 4 ) C 5 = C C = C C = C 5 ) C,31 80 138 168 235 407 517 571 650 676 736 807 861 875 878 1013 1057 1088 1160 1193 1302 1308 1353 1370 1380 1385 1430 1472 1480 1508 1576 1589 1661 1688 1691 1722 1750 1751 1823 1855 1873 1912 1917 2009 2033,CC1=CC(=C(C=C1)C)CC2=NC(=NC(=N2)C3=CC=CC=C3)N4CCN(CC4)C(=O)/C=C/C5=CC=CC=C5
99,C C O P ( = O ) ( / C = C ( / C ( F ) ( F ) F ) \ F ) O C C,80 114 192 294 299 486 490 496 549 650 694 695 807 1057 1203 1218 1237 1453 1716 1928 2044,CCOP(=O)(/C=C(\C(F)(F)F)/F)OCC
100,C C 1 = C ( C = C ( C = C 1 ) N C ( = O ) C O C 2 = C C = C ( C = C 2 ) F ) Br,25 41 80 90 102 167 184 191 192 650 695 699 718 728 807 833 843 875 901 1152 1380 1391 1410 1631 1655 1670 1722 1750 1873 1887 1917 1928 2004,C1=CC(=C(C=C1Br)C)NC(=O)COC2=CC=C(C=C2)F
101,C N 1 C ( = N N = C 1 [S-] ) C 2 = C C = C C = C 2 Cl,34 366 378 561 564 893 935 974 984 1057 1088 1092 1145 1164 1182 1199 1356 1380 1403 1428 1508 1683 1722 1750 1873,CN1C(=NN=C1[S-])C2=CC=CC=C2Cl
102,C [C@@H] ( N C ( = O ) c 1 c c c c c 1 c 1 c c c ( c ( F ) c 1 ) c 1 c n c ( N ) c n 1 ) C ( F ) ( F ) F,1 46 106 114 117 225 283 310 352 378 699 773 807 875 896 980 1057 1088 1107 1152 1160 1171 1199 1347 1357 1380 1447 1452 1453 1457 1636 1649 1682 1750 1842 1873 1917 1936 1991,CC(C(C1=CC=CC=C1C(=O)NC(C)C(C)(C)C(C)NC(=O)C2=C3C=CC(=NC=C3C4=CC(=C(C=C4)C5=CC(=NC=N5)N)N)N)(F)F)NC(=N)N
103,C O C 1 = C C ( C = C ( C 1 ) O C ) ( C C ( = O ) O C ) C ( = O ) O C,28 80 253 255 306 644 650 807 833 841 926 985 1057 1060 1126 1380 1386 1536 1541 1564 1617 1792 1841 1873 1917,COC1=CC(C=C(C1)OC)(C(=O)OC)C(=O)OC
104,C C 1 = N C ( = N C = C 1 C ( = O ) N 2 C C N ( C C 2 ) C 3 = C C = C ( C = C 3 ) F ) N C C 4 = C C = C C = C 4 O C,75 80 90 92 138 233 249 378 407 522 544 687 695 699 807 841 894 935 1057 1088 1106 1306 1349 1380 1416 1452 1481 1508 1535 1536 1582 1597 1670 1722 1750 1825 1855 1873 1917 1970 1991 2009,CC1=NC(=NC=C1C(=O)N2CCN(CC2)C3=CC=C(C=C3)F)NCC4=CC=CC=C4C[Si](C)(C)C
105,C 1 C [NH2+] C C C 1 [C@@H] ( C 2 = C C = C C = C 2 ) O C 3 = C C ( = C C = C 3 ) F,1 265 322 389 464 527 695 699 875 926 1019 1039 1088 1199 1365 1380 1487 1581 1670 1685 1724 1750 1765 1873 1908 1917 1945 1946,C1C(C[NH2+]1)C(C2=CC=CC=C2)OC3=CC(=CC=C3)F
106,C N 1 C ( = C N = C 1 S C C ( = O ) N ( C ) C 2 = C ( N ( C ( = O ) N C 2 = O ) C C 3 = C C = C C = C 3 ) N ) C 4 = C C = C C = C 4,54 116 314 327 335 378 389 407 476 495 531 564 650 736 750 758 809 881 935 955 1057 1066 1088 1114 1145 1160 1163 1189 1199 1238 1380 1446 1452 1457 1469 1596 1683 1692 1739 1745 1750 1754 1765 1873 1959 1975,CN1C(=C(C(=O)NC1=O)N(C)C(=O)CSN2C=NC(=O)N2CC3=CC=CC=C3)N
107,C 1 C C C ( C C 1 ) C ( = O ) N N C ( = O ) C ( = O ) N C C 2 = C C = C O 2,80 197 255 456 474 650 656 758 787 807 890 926 974 977 1019 1088 1152 1167 1210 1233 1275 1380 1431 1466 1679 1750 1873 1926 1934,C1C(C1)C(=C2CC2)C(=O)NCC3=CC=CO3
108,C C ( C ) ( C ) O C ( = O ) N [C@@H] ( C C 1 = C C = C C = C 1 ) [C@H] ( C [C@H] ( C C 2 = C C = C ( C = C 2 ) C O ) C ( = O ) N [C@@H] 3 [C@@H] ( C C 4 = C C = C C = C 3 4 ) O ) O,1 79 80 114 208 227 258 284 310 371 389 392 440 558 573 650 695 752 807 837 849 857 888 1019 1027 1040 1066 1073 1088 1152 1199 1236 1257 1380 1399 1513 1574 1609 1630 1708 1750 1754 1755 1758 1771 1859 1873 1877 1917,C1=CC=C(C=C1)C[C@@H]([C@H](CC2=CC=C(C=C2)C[C@@H](CC3=CC=CC=C3)C(=O)NNC4[C@@H](CC5=CC=CC=C45)O)O)NC(=O)OC(C)(C)C
109,C 1 = C C = C 2 C ( = C 1 ) C ( = O ) N ( C ( = N 2 ) S C C ( = O ) N C 3 = C C = C C = C 3 C ( F ) ( F ) F ) C 4 = C C = C ( C = C 4 ) Cl,58 80 107 114 116 197 216 233 262 289 314 341 378 384 504 514 561 650 682 747 807 809 915 935 1070 1088 1097 1152 1224 1357 1380 1455 1573 1597 1602 1683 1696 1750 1816 1825 1855 1873 1917 1928 1948 1993,C1=CC=C2C(=C1)C(=O)N(C(=N2)SCNC(=O)NC3=CC=CC=C3C(F)(F)F)C4=CC=C(C=C4)Cl
110,C O C 1 = C C ( = C ( C = C 1 ) O C ) C N C ( C C C ( = O ) O ) C ( = O ) O,1 4 80 249 255 389 650 718 736 739 781 782 807 841 859 865 875 955 1057 1226 1287 1349 1380 1536 1564 1661 1703 1737 1844 1873 1917 1959 1970,COC1=CC(=C(C=C1CNC(CCC(=O)O)C(=O)O)OC)CNC(CCC(=O)O)C(=O)O
111,C C O C ( = O ) C 1 = C ( C 2 = C ( C = C C = C 2 S 1 ) F ) C N 3 C C N ( C C 3 ) C 4 = C C = C ( C = C 4 ) O,74 80 145 147 162 233 294 407 461 480 675 695 699 745 759 781 784 807 837 885 926 931 935 1011 1032 1039 1194 1238 1313 1380 1405 1447 1480 1508 1602 1722 1750 1765 1778 1791 1813 1887 1928 1984,CCOC(=O)C1=C(C2=C(C=CC=C2S1)F)CN3CCN(CC3)C4=CC=C(C=C4)O
112,O ( c 1 c 2 c 3 c ( N ( C C c 3 c c 1 O C ) C ) c ( c 1 c 2 c c ( O C ) c ( O C ) c 1 ) C ) C,146 211 252 268 333 372 564 571 695 718 841 875 926 935 1057 1145 1168 1236 1357 1380 1480 1536 1599 1648 1673 1693 1722 1738 1873 1888 1892 1957 1970,CC1=C2C=C3CCN(C3=C(C2=CC(=C1OC)OC)N(C)C)C
113,C 1 = C C = C 2 C ( = C 1 ) C 3 = C ( N 2 ) S C = C 3,14 119 545 554 664 675 909 963 1085 1088 1114 1199 1299 1380 1567 1573 1615 1745 1750 1783 1873,C1=CC=C2C(=C1)C3=C(N2)SC=C3
114,C 1 O C 2 = C ( O 1 ) C = C ( C = C 2 ) C 3 = N C ( = N C = C 3 ) N C 4 = C C 5 = C ( C = C 4 ) O C O 5,127 160 191 329 378 441 458 491 787 806 896 926 980 1035 1085 1152 1160 1349 1380 1452 1586 1647 1750 1800 1863 1866 1905 2036,C1OC2=C(O1)C=C(C=C2)C3=NC=CC(=C3)NC4=NC=CC(=N4)C5=CC6=C(C=C5)OCO6
115,C C 1 = C C 2 = C ( C = C 1 Cl ) C ( = C C ( = O ) O 2 ) C O C ( = O ) C 3 = C C ( = C C = C 3 ) [N+] ( = O ) [O-],80 93 145 147 248 314 366 406 423 469 482 531 561 650 656 715 745 753 838 852 875 1039 1057 1088 1195 1274 1297 1357 1380 1385 1391 1522 1604 1610 1685 1722 1750 1774 1808 1827 1873 1876 1917 1940 1963,CC1=CC2=C(C=C1Cl)C(=CC(=O)O2)COC(=O)C3=CC(=CC=C3)[N+](=O)[O-]
116,C O C 1 = C C ( = C ( C = C 1 ) O C ) N C ( = O ) C O C 2 = C C = C ( C = C 2 ) C ( = O ) N C 3 = C C ( = C ( C = C 3 ) O C ) Cl,41 80 94 102 167 184 191 249 366 441 486 560 561 650 695 718 781 807 843 1058 1110 1152 1224 1380 1385 1536 1581 1683 1697 1750 1795 1816 1887 1917 1948 1970 1972 2004,C1=CC(=CC=C1C(=O)NC2=CC(=C(C=C2)OC)Cl)OCC(=O)NC3=CC(=C(C=C3)OC)Cl
117,C C ( C ) C ( C ( = O ) N C ( C C 1 = C N C 2 = C C = C C = C 2 1 ) C ( = O ) N C ( C ( C ) O ) C ( = O ) O ) N C ( = O ) C ( C C C ( = O ) O ) N,1 80 117 119 328 364 389 573 620 648 736 739 786 806 807 890 900 1015 1018 1057 1088 1110 1114 1118 1152 1171 1199 1287 1343 1349 1357 1380 1530 1573 1607 1737 1750 1773 1783 1849 1873 1917 1937 1970,CC(C)C(C(=O)NC(C(C)C)C(=O)NC(CC1=CNC2=CC=CC=C21)C(=O)NC(CCC(=O)O)C(=O)O)NC(=O)C(CCC(=O)O)N
118,C O C 1 = C C = C C = C 1 O C 2 = C C = C ( C = C 2 ) N 3 C ( = O ) C C C 3 4 C ( = O ) N C ( = O ) N C 4 = O,193 207 233 240 249 322 470 650 695 713 798 808 887 1057 1060 1066 1088 1162 1199 1267 1307 1380 1410 1464 1536 1617 1738 1750 1873 1970 1974 2026,COC1=CC=CC=C1OC2=CC=C(C=C2)OC3=C4CCC45CC3
119,C S ( = O ) ( = O ) C 1 = C C = C C = C 1 C ( = O ) N C C C 2 3 C C 4 C C ( C 2 ) C C ( C 4 ) C 3,8 80 197 328 350 486 650 667 692 795 807 926 992 1019 1057 1088 1152 1193 1276 1292 1317 1380 1447 1476 1512 1699 1750 1818 1854 1873 1917 1976 1991,CS(=O)(=O)C1=CC=CC=C1C(=O)NCCC23CC4CC(C2)CC(C4)C3
120,C 1 C 2 C C 3 C 4 C C 5 C C ( C 1 C 3 ( C 5 ) C ( = O ) O ) C 4 ( C 2 ) C ( = O ) O,184 389 535 650 679 807 984 1019 1060 1446 1635 1699 1812 1917 1966,C1C2CC3CC(C2)(CC1C3(C(=O)O)C(=O)O)C(=O)O
121,C [C@@H] ( C ( C = C ) ( C = C ) O [Si] ( C ) ( C ) C ( C ) ( C ) C ) O C C = C,1 80 114 156 277 283 378 392 465 520 656 694 695 717 931 940 1057 1064 1485 1566 1578 1645 1933 1939 1944,CC(C(C)(C=C)O[Si](C)(C)C(C)(C)C)C(C)(C=C)C(C)(C)O[Si](C)(C)C(C)(C)C
122,C C 1 C C C 2 = C ( C 1 ) S C ( = C 2 C ( = O ) N C 3 C C S ( = O ) ( = O ) C 3 ) N C ( = O ) C O C 4 = C C = C C = C 4 Cl,14 41 42 50 148 162 167 207 216 231 361 366 387 469 486 561 586 675 695 807 920 926 936 974 997 1014 1019 1057 1148 1152 1187 1199 1309 1325 1362 1380 1410 1452 1482 1622 1634 1638 1687 1738 1750 1816 1852 1917 1970,CC1CCC2=C(C1)SC(=C2C(=O)NC3CCS(=O)(=O)CC3)NC(=O)C4=C(SC5=C4CCC(C5)C)NC(=O)COC6=CC=CC=C6Cl
123,C C O C 1 = C C = C ( C = C 1 ) C 2 = N N ( C ( = O ) C = C 2 ) C C N S ( = O ) ( = O ) C 3 = C C 4 = C ( C C C C 4 ) C = C 3,80 102 198 237 242 294 314 319 322 350 378 556 650 667 672 695 715 718 732 875 925 926 980 1006 1025 1057 1141 1145 1152 1236 1238 1327 1380 1452 1476 1479 1626 1738 1750 1883 1956 1980,CCOC1=CC=C(C=C1)OCCNS(=O)(=O)C2=CC3=C(CC3)C=C2
124,C C O C ( C ) O C 1 = C C ( = C ( C ( = C 1 ) O C ( C ) O C C ) P C ( = O ) C 2 = C ( C = C C = C 2 Cl ) Cl ) O C ( C ) O C C,1 57 80 188 283 310 316 366 466 475 558 561 586 635 650 664 695 807 875 974 977 1006 1057 1238 1241 1300 1405 1683 1750 1873 1917 1954 1970 1980 2046,CC(OCC)PC1=CC(=C(C=C1OC(C(OCC)OCC)OCC)OC(C(OCC)OCC)OCC)OC(=O)C2=C(C=CC=C2Cl)Cl
125,[C@H] 1 ( [C@H] ( C 2 C = C C 1 C C 2 ) C ( = O ) O ) N c 1 n c ( c 2 c 3 c c ( c n c 3 [nH] c 2 ) F ) n c 2 c 1 s c c 2 C,60 87 90 204 320 323 335 352 378 389 503 552 675 699 708 731 806 848 875 926 949 1017 1019 1057 1083 1114 1152 1179 1325 1357 1363 1380 1389 1391 1403 1431 1452 1463 1465 1485 1526 1535 1567 1589 1614 1670 1697 1722 1724 1855 1871 1873 1879 1880 1928 1968 1990 1993,CC1=CSC(=C1N[C@@H]2[C@H]([C@@H]3CC[C@H]2C=C3)C(=O)O)C4=CNC5=C4C=C(C=N5)F
126,C C 1 = C C = C C = C 1 O C C 2 = C C = C ( O 2 ) C ( = O ) N C 3 = C ( S C 4 = C 3 C ( = C C ( = N 4 ) C ( F ) ( F ) F ) C 5 = C C = C C = C 5 ) C ( = O ) N,52 80 105 162 186 222 250 309 310 319 352 378 382 486 511 562 580 650 656 695 736 745 781 807 809 875 948 1041 1057 1062 1088 1152 1160 1171 1199 1226 1291 1302 1332 1380 1391 1410 1430 1434 1452 1453 1561 1722 1750 1754 1816 1842 1855 1873 1885 1893 1928 1934 1970 1984 1999 2012,CC1=CC=CC=C1OCC2=CC=C(O2)C(=O)NC3=C(C4=C(S3)N=C(C=C4C5=CC=CC=C5)C(F)(F)F)C(=O)NO
127,C 1 C C 1 C ( = O ) N C C C Br,80 93 197 221 251 495 650 667 689 728 807 898 974 1152 1275 1325 1399 1911 1917,C1CC(CCC1C(=O)NCCCBr)C(=O)NCCBr
128,C C ( C ) ( C ) O C C ( C N ( C C 1 = C S C = C 1 ) C 2 C C 2 ) O,80 114 118 392 507 508 675 712 794 807 809 926 987 1019 1057 1115 1154 1192 1325 1340 1390 1492 1750 1754 1760 1769 1873 1892 2038,CC(C)(C1CC1)C(C)(C)[Si](CC2=CSC=C2)(C3CC3)C4CC4
129,C [C@@H] ( C O ) [C@H] ( [C@@H] ( C ) C O C C 1 = C C = C ( C = C 1 ) O C ) O [Si] ( C C C ( C ( C ( C ( C ( C ( F ) ( F ) F ) ( F ) F ) ( F ) F ) ( F ) F ) ( F ) F ) ( F ) F ) ( C ( C ) C ) C ( C ) C,1 32 80 114 163 195 222 283 310 322 378 482 488 535 695 718 745 781 807 831 841 850 886 916 972 1057 1111 1129 1174 1202 1263 1308 1380 1398 1453 1536 1632 1754 1785 1794 1873 1887 1902 1928 1960 1992 2042,C[C@H](CO)[C@H]([C@@H](C)COCC1=CC=C(C=C1)OC)O[Si](C(C)C)(C(C)C)O[C@H](C)C(C(C(C(C(C(C(F)(F)F)(F)F)(F)F)(F)F)(F)F)(F)F)(F)F
130,C O C 1 = C C = C ( C = C 1 ) C ( = C 2 C ( N ( C ( = O ) C 2 = O ) C C C [NH+] 3 C C O C C 3 ) C 4 = C C = C S 4 ) [O-],14 18 80 93 134 177 241 254 314 322 383 415 523 649 650 656 675 677 695 715 718 731 781 783 807 831 841 879 935 1003 1019 1057 1088 1130 1145 1183 1226 1380 1385 1405 1420 1427 1431 1536 1690 1697 1729 1733 1750 1775 1839 1873 1911 2010,COC1=CC=C(C=C1)C(=C2[C@H](N(C(=O)C2=O)CCC[NH+]3CCOCC3)C4=CC=CS4)[O-]
131,C 1 = C C ( = C ( C = C 1 C O ) F ) N C 2 = C ( O C 3 = C 2 C = N C = C 3 ) C ( = O ) N O C C O,58 80 104 154 178 190 222 310 368 378 381 473 491 542 650 656 695 699 701 768 807 837 853 875 1054 1152 1171 1208 1224 1357 1369 1489 1535 1586 1603 1604 1750 1754 1808 1840 1866 1873 1917 1928 1942,C1=CC2=C(C=C1CO)C(=C(O2)C(=O)O)NC3=C(C=CN=C3)F
132,C C S C 1 = N N = C ( S 1 ) N C ( = O ) C 2 ( C C C C 2 ) S ( = O ) ( = O ) C 3 = C C ( = C ( C = C 3 ) C ) C,80 116 162 294 310 319 341 350 378 382 385 503 649 650 675 697 797 807 875 999 1028 1056 1057 1060 1152 1160 1162 1164 1296 1380 1391 1414 1623 1638 1691 1707 1722 1750 1816 1873 1917,CCSC1=NN=C(S1)NC(=O)C2(CCCC2)C3=NN=C(C=C3)C
133,C [C@@H] ( C ( = O ) N C 1 = C C ( = C C = C 1 ) Cl ) O N 2 C 3 = C ( C = C C ( = C 3 ) C ( = O ) O C ) N = N 2,1 45 145 165 191 216 283 356 378 429 561 573 579 592 650 695 807 841 875 906 935 961 1039 1057 1088 1097 1112 1128 1144 1152 1164 1380 1385 1516 1655 1664 1683 1697 1750 1783 1816 1917,CC(C(=O)NC1=CC(=CC=C1)Cl)N2C3=C(C=CC(=C3)C(=O)OC)N=N2
134,C C 1 = C ( C 2 = C C = C C = C 2 N = C 1 C 3 = C C ( = C C = C 3 ) Cl ) C ( = O ) O C ( C ) C ( = O ) C 4 = C C = C ( C = C 4 ) F,1 69 90 110 145 216 252 283 289 323 378 386 389 561 586 592 650 695 732 736 807 875 1039 1056 1057 1088 1097 1160 1199 1269 1279 1281 1357 1380 1385 1410 1428 1443 1573 1670 1683 1722 1730 1855 1928,CC1=C(C2=CC=CC=C2N=C1C3=CC(=CC=C3)Cl)C(=O)OC(C)C(=O)C4=CC=C(C=C4)F
135,C O C 1 = C ( C = C C ( = C 1 ) C 2 N C C S 2 ) O,3 217 227 305 568 601 614 675 695 789 807 926 998 1019 1057 1114 1123 1168 1279 1380 1475 1507 1536 1602 1607 1750 1803 1873 1957 1970,C1CSC(N1)C2=CC(=C(C=C2)O)OSC3=C(C=CC(=C3)C4NCCS4)O
136,C 1 = C C = C ( C = C 1 ) C 2 = N N ( C ( = O ) C = C 2 ) C C N S ( = O ) ( = O ) C 3 = C C = C C = C 3 C ( F ) ( F ) F,42 80 158 262 314 350 389 392 419 502 667 672 732 809 893 915 925 935 980 992 1006 1025 1145 1152 1158 1160 1162 1199 1380 1453 1873 1928 1956 1971,C1=CC=C(C=C1)C2=NN(C(=O)N=C2)CCNS(=O)(=O)C3=CC=CC=C3C(F)(F)F
137,C ( C C ( = O ) N ) C ( C ( = O ) O ) N C ( = O ) C N C ( = O ) C N C ( = O ) C S,1 80 117 140 203 229 302 545 650 736 807 849 995 1107 1152 1171 1422 1440 1624 1844 1898 1917 1959,C(C(=O)N)NC(=O)C(CC(=O)N)NC(=O)CNC(=O)C(C(=O)O)NC(=O)CNC(=O)CNC(=O)C(C(=O)O)NC(=O)CS
138,C C 1 = C C = C C = C 1 C N 2 C = N C ( = N 2 ) N S ( = O ) ( = O ) C 3 = C C = C S 3,80 241 308 350 378 383 449 502 628 735 747 932 935 967 1057 1125 1152 1199 1270 1349 1380 1384 1391 1452 1476 1485 1521 1567 1582 1597 1750 1765 1815 1865 1873 1931 1999,CC1=CC=CC=C1CN2C=NC(=N2)NS(=O)(=O)C3=CC=CS3
139,C ( C C C ( = O ) O ) C C N S ( = O ) [O-],389 427 592 650 667 715 737 807 1110 1143 1152 1265 1267 1287 1350 1419 1737 1911 1933 1975 2005,C(CCCNS(=O)[O-])CCC(=O)O
140,C [C@@H] 1 C C [C@H] 2 [C@@H] 1 C C C O 2,361 622 656 802 926 937 1019 1057 1309 1325 1468 1811 1819 1836 1859 2006,C[C@H]1CC[C@@H]2[C@H]1CC[C@H]3[C@H](CCO3)[C@H](CCO2)C
141,C C ( = O ) C 1 = C C 2 = C ( C = C 1 ) O C C ( = O ) N 2 C C ( = O ) N 3 C C N ( C C 3 ) C / C = C / C 4 = C C = C C = C 4,74 80 287 314 389 422 437 441 588 609 617 650 656 694 728 760 798 835 875 876 878 926 935 1009 1017 1035 1057 1088 1089 1199 1273 1295 1304 1312 1313 1356 1380 1385 1430 1480 1589 1697 1750 1791 1820 1846 1873 1905 1917 2024 2033,CC(=O)C1=CC2=C(C=C1)OCC(=O)N2CC(=O)N3CCN(CC3)C/C=C/C4=CC=CC=C4
142,c 1 ( n c ( c 2 c ( n 1 ) c c ( c ( c 2 ) O C ) O C ) N ) N 1 C C N ( C ( = O ) C O c 2 c c c c c 2 ) C C 1,80 102 222 249 335 378 389 407 562 650 695 760 780 807 875 926 1009 1097 1106 1171 1199 1236 1245 1256 1261 1357 1452 1457 1493 1508 1536 1589 1648 1668 1800 1855 1873 1915 1917 1970 2004 2009,C1CN(CCN1C2=NC(=NC3=CC(=C(C=C32)OC)OC)N)C(=O)COC4=CC=CC=C4
143,C 1 ( = N C ( = O ) N C ( = O ) O 1 ) N,105 274 314 378 383 533 650 656 972 1016 1062 1114 1380 1457 1460 1604 1745 1855 1932,C1(=NC(=O)NC(=O)O1)N2C(=O)NC(=NC2=O)N
144,c 1 ( c c c 2 c ( c 1 ) C ( = O ) C ( = O ) N 2 C c 1 c c c ( c ( c 1 ) Cl ) Cl ) N C ( = O ) C C C,41 80 184 294 310 314 321 352 475 561 588 650 744 794 807 843 875 879 899 901 935 950 1057 1152 1295 1327 1380 1476 1554 1683 1750 1754 1765 1797 1816 1873 1917 1991,CCC(=O)NC1=CC2=C(C=C1)N(C(=O)C2=O)CC3=CC=C(C=C3)CN4C5=CC(=C(C=C5C(=O)C4=O)Cl)Cl
145,C C C C 1 = C C = C ( C = C 1 ) C 2 = N N 3 C ( = N N = C 3 S 2 ) C 4 = C C ( = C C ( = C 4 ) C ) C,80 109 122 162 294 310 347 412 624 783 875 888 1045 1057 1160 1164 1243 1380 1407 1426 1508 1722 1726 1750 1823 1873 1934 1953,CC[P+](CC)(CC)C1=CC=C(C=C1)CCC2=NN=C(S2)C3=CC(=CC(=C3)C)C
146,C C C O C ( = O ) C 1 = C C = C ( C = C 1 ) N C ( = O ) [C@@H] ( C C ) O C 2 = C C = C C = C 2,1 13 147 167 191 294 322 389 440 562 573 597 606 650 664 780 794 806 843 870 968 1057 1077 1088 1139 1152 1199 1380 1385 1664 1697 1750 1816 1873 1917,CCCOC(=O)C1=CC=C(C=C1)NC(=O)C(CC)OC2=CC=CC=C2
147,C 1 = C C = N C ( = C 1 ) C ( = N ) N ( C C 2 = C C = C S 2 ) C # N,14 80 122 196 241 383 448 507 529 552 623 649 656 674 807 855 881 1062 1088 1104 1346 1380 1384 1493 1503 1567 1604 1750 1873,C1=CSC(=C1)CN(C#N)C(=N)C2=CSC(=N2)N(CC3=CC=CS3)C#N
148,C 1 C 2 = C N = C N 2 C S 1,219 378 474 675 719 812 859 926 935 1380 1526 1535 1550 1563 1603 1803 1873,C1C2=CN=CN2CS1
149,C 1 = C C = C ( C ( = C 1 ) C N 2 C = N C ( = N 2 ) N C ( = O ) C 3 = C C ( = N N 3 ) C 4 = C C = C ( C = C 4 ) O C ( F ) F ) F,1 74 143 308 322 378 386 486 599 650 664 695 699 718 723 747 807 875 896 932 935 968 1032 1050 1088 1114 1152 1160 1199 1349 1392 1452 1456 1485 1582 1597 1666 1677 1815 1816 1840 1873 1917 1928 1956 1971 2004,C1=CC=C(C(=C1)CN2C=NC(=N2)NC(=O)C3=CC(=NN3)C4=CC=C(C=C4)OC(F)F)F
150,C C 1 = C C 2 = C ( C = C 1 ) C = C ( C ( = O ) N 2 ) C N ( C 3 C C C C 3 ) [C@@H] ( C 4 = N N = N N 4 C C 5 = C C = C ( C = C 5 ) F ) C ( C ) C,1 80 90 119 122 186 203 235 257 310 314 378 383 403 650 664 685 699 750 761 809 811 881 890 926 935 1013 1019 1028 1057 1063 1107 1114 1120 1147 1164 1179 1325 1349 1380 1410 1670 1683 1690 1717 1722 1750 1754 1765 1773 1783 1848 1873 1928 1991 2034,CC1=NN=NN1C(C2=C(NN(C2=O)CC3=CC=C(C=C3)F)C4=NN=NN4CC5=CC=C(C=C5)F)N(C6CCCC6)C7CCCC7
151,C 1 C C N ( C C 1 ) C 2 = C ( C = C C ( = C 2 ) [N+] ( = O ) [O-] ) C 3 = C ( C = C ( C = C 3 ) [N+] ( = O ) [O-] ) Br,2 231 352 407 612 650 652 715 728 753 838 875 926 1195 1243 1274 1295 1380 1440 1480 1549 1631 1809 1814 1873 1882 1940 1963 1998,C1CCN(CC1)C2=C(C=C3C(=C2)C(=C3Br)Br)[N+](=O)[O-]
152,C C 1 = C 2 C C [C@@H] ( C 2 = C C = C 1 ) N,163 331 361 371 587 926 1019 1032 1039 1057 1171 1325 1391 1482 1738 1750 1832 1873,C1CC2=C(C1N)C=CC3=C2CCC3N
153,C 1 = C [C@H] 2 C 3 = C ( [C@@H] 1 O 2 ) C = C 4 C 5 C = C C ( C 4 = C 3 ) O 5,563 656 875 996 1019 1027 1083 1175 1295 1437 1873 1921,C1=CC2C3=CC4=C(C=C3C1O2)C5C=CC4O5
154,C C O C ( = O ) C S C 1 = N N = C ( O 1 ) C 2 = C ( C 3 = C ( N = C ( N = C 3 O 2 ) C 4 = C C = C C = C 4 ) C ) N,38 80 92 116 147 168 275 294 341 378 389 547 563 650 656 736 807 821 891 903 979 1047 1057 1085 1119 1164 1188 1199 1238 1302 1380 1384 1385 1386 1457 1604 1688 1722 1855 1873 1884 1917 1955 1959 1969 1984 2028 2033,CCOC(=O)CSC1=NN=C(O1)C2=NC(=C3C(=N2)OC(=C3N)C4=NN=C(O4)SCC(=O)OCC)C
155,C C N 1 C ( = N N ( C 1 = S ) C N ( C ) C C 2 = C C = C ( C = C 2 ) O C C ) C 3 = C C = C O 3,34 38 69 71 77 80 97 102 106 121 158 237 294 310 322 378 507 646 656 718 742 787 850 881 914 935 985 1057 1088 1147 1163 1233 1236 1347 1380 1452 1722 1754 1764 1777 1805 1873 1926 1956,CCN1C(=NN(C1=S)CN(C)CC2=CC=C(C=C2)OCC)C3=CC=CO3
156,C C ( = O ) N 1 C C ( C 2 = C 1 C = C ( C = C 2 ) N ) ( C ) C,84 311 602 650 807 875 888 953 1017 1057 1060 1168 1171 1295 1300 1360 1380 1387 1434 1457 1553 1750 1873 1875 1917 1968,CC(=O)[N-]C1=CC(=CC(=C1)N)N
157,C = C C N 1 [C@H] ( C ( = O ) N ( [C@H] ( C 1 = O ) C O C C 2 = C C = C C = C 2 ) C C 3 = C N ( N = N 3 ) [C@@H] ( C C 4 = C C = C C = C 4 ) C O ) C C 5 = C C = C ( C = C 5 ) Br,1 5 23 79 80 222 310 314 360 378 389 458 464 482 488 526 593 650 694 695 724 728 745 803 807 857 909 934 935 1066 1088 1118 1136 1157 1164 1173 1182 1199 1356 1366 1380 1488 1503 1561 1605 1631 1645 1649 1750 1754 1765 1767 1783 1873 1925 1992,C=CC/C=C/CN1C=C(N=N1)COC[C@@H](CC2=CC=C(C=C2)Br)N3C=C(N=N3)COCC4=CN(N=N4)[C@@H](CC5=CC=CC=C5)CO
158,C C ( C ) N ( C C ( = O ) N 1 C C C C C 1 C 2 = N C ( = N O 2 ) C 3 = C C ( = C C = C 3 ) Cl ) C ( = O ) C 4 = C C = C ( C = C 4 ) C ( C ) ( C ) C,1 80 114 149 165 193 216 242 283 365 373 378 392 408 561 587 592 650 656 659 736 807 819 875 881 890 926 935 1009 1019 1028 1057 1088 1160 1190 1245 1312 1325 1339 1385 1417 1443 1476 1480 1502 1542 1556 1669 1683 1697 1750 1855 1861 1873 1910 1917 1998 2013,CC(C)N(CC(=O)N1CCCCC1C2=NC(=NO2)C3=CC(=CC=C3)Cl)C(=O)C4=CC=C(C=C4)C(C)(C)C
159,C [C@@] 1 ( C [C@H] ( N ( C 1 ) C ( = O ) C N C 2 C C N ( C C 2 ) C [C@@H] 3 [C@@H] ( [C@@H] 4 [C@H] ( O 3 ) O C ( O 4 ) ( C ) C ) O ) C # N ) F,80 105 221 242 251 340 472 525 602 610 650 656 674 679 790 892 903 908 926 935 950 1009 1019 1057 1070 1120 1147 1152 1169 1217 1257 1261 1274 1298 1325 1384 1440 1480 1487 1556 1569 1586 1616 1642 1695 1696 1791 1912 1917 1928,CC1(O[C@@H]2[C@H](O[C@H]([C@@H]([C@@H]2O1)O)CN3CCC(CC3)NCC(=O)N4CC(C[C@H]4C#N)(F)F)CN5CCC(CC5)C#N)C
160,C 1 C [C@@] ( N C 1 = O ) ( C C C ( = O ) N C C N 2 C = C C 3 = C C = C C = C 3 2 ) C C 4 = C C 5 = C C = C C = C 5 C = C 4,45 197 203 310 314 322 586 598 650 667 679 742 759 781 795 875 884 926 935 944 1060 1087 1088 1101 1114 1145 1152 1162 1199 1274 1285 1296 1380 1387 1411 1455 1465 1564 1575 1589 1614 1679 1734 1737 1738 1754 1785 1820 1855 1873 1917,C1CC(NC1=O)(CC2=CC3=CC=CC=C3C=C2)C(=O)NCCN4C=CC5=CC=CC=C54
161,C 1 C C C ( C C 1 ) N C ( = O ) N C ( = O ) C O C ( = O ) [C@H] 2 C C 3 = C ( C = C C ( = C 3 ) Cl ) O C 2,2 41 80 104 147 165 216 264 387 428 534 561 695 718 784 788 807 816 831 875 890 926 974 1019 1035 1058 1119 1236 1262 1325 1380 1499 1634 1655 1683 1873 1917 1923 1963 1989 2004 2009,C1CCC(CC1)NC(=O)NC(=O)COC(=O)C2CC[N+](=C3C=CC(=CC3=[N+](C2)C4CC4)Cl)C5CCCCC5
162,C S ( = O ) ( = O ) N ( C C ( = O ) N 1 C C N ( C C 1 ) C 2 = C C = C ( C = C 2 ) F ) C 3 = C C = C C = C 3 F,80 81 233 350 407 521 650 687 692 699 760 807 881 926 935 1009 1032 1057 1088 1190 1199 1262 1362 1380 1405 1410 1476 1480 1508 1589 1670 1684 1734 1750 1755 1825 1840 1873 1893 1917 1928 2009 2018,CS(=O)(=O)N(CC(=O)N1CCN(CC1)C2=CC=C(C=C2)F)C3=CC=CC=C3F
163,C 1 C / C = C \ C C C ( C 1 ) O C C ( = O ) O,39 80 119 389 582 650 673 684 695 926 1019 1128 1147 1206 1222 1246 1325 1737 1768 1873,C1/C=C\CCC(CCC/C=C\C1)OOC2CCC(CC2)OC3CCC/C=C\CC3
164,C C 1 = C ( C = C C ( = C 1 C ) O C ) C N [C@@H] 2 C [C@H] ( N ( C 2 ) C ( C ) C ) C ( = O ) N C C C 3 = C C = C C = C 3 F,1 14 80 94 118 157 197 209 218 221 249 255 283 298 333 531 659 667 689 695 699 739 807 828 841 926 935 954 1032 1048 1057 1068 1088 1152 1199 1236 1380 1536 1569 1634 1659 1688 1722 1741 1750 1840 1856 1883 1917 1928 1970 2008,CC1=C(C=CC(=N1)OC)OCNC2CN(C(C2)C(=O)NCC3=CC=CC=C3F)C(C)C
165,C C [C@@H] ( C 1 = N N = N N 1 C C 2 = C C = C ( C = C 2 ) F ) N ( C C 3 = C C = C C = C 3 ) C C 4 = C C 5 = C ( C = C C ( = C 5 ) C ) N C 4 = O,1 80 90 119 158 186 235 257 294 298 310 314 378 389 507 585 650 664 681 699 750 875 881 935 944 1013 1057 1066 1088 1114 1120 1179 1199 1333 1349 1380 1410 1440 1544 1570 1670 1683 1722 1745 1750 1754 1765 1783 1799 1817 1823 1854 1855 1873 1895 1928 1939 1963 1991 2034,CCC(CC)N(CC1=CC2=C(C=CC(=C2)C)NC1=O)CC3=NN=NN3CC4=CC=C(C=C4)F
166,C C 1 = C ( C ( = C ( C ( = C 1 C ) C ( = C ) C C C ( C C ( = C ) C # C ) C # C ) C 2 ( C C C ( = C ) C 2 ) C # C ) C ) C,1 25 80 252 447 564 586 615 674 739 807 900 909 915 926 940 946 974 993 1022 1039 1057 1060 1110 1117 1152 1162 1272 1288 1290 1294 1366 1467 1523 1564 1601 1722 1738 1833 1949 1990 2006,CC1=C(C(=C(C(=C1C)C)C(=C)CCC(C#C)C23CCC(=C(C2)CC3)NN4CC4(C#C)C(CCC(=C)C5=C(C(=C(C(=C5C)C)C)C)C)C#C)C)C
167,C C ( C ) ( C ) O C ( = O ) N [C@@H] ( C C ( = O ) O C C 1 = C C = C C = C 1 ) C ( = O ) N 2 C C N ( C C 2 ) C 3 = C C = C C = N 3,1 61 80 108 114 117 378 389 392 407 448 527 530 650 695 736 745 752 807 879 935 1040 1066 1175 1199 1270 1290 1337 1370 1380 1386 1508 1574 1589 1665 1719 1750 1758 1859 1866 1873 1914 1917 1977 2009 2042,CC(C)(C)OC(=O)N[C@@H](CC(=O)OCC1=CC=CC=C1)C(=O)N2CCN(CC2)C3=NC=CC=N3
168,C 1 C N ( C 2 = N C 3 = C C = C C = C 3 C ( = C 2 1 ) N C ( = O ) C 4 = C ( C = C C = C 4 F ) C ( F ) ( F ) F ) C C 5 = C C = C C = C 5,43 80 130 152 262 289 293 361 381 389 419 486 580 586 650 699 716 755 807 915 926 935 951 1032 1048 1066 1088 1089 1152 1161 1357 1416 1453 1480 1573 1582 1604 1683 1738 1750 1754 1765 1816 1840 1855 1873 1917 1928,C1CN(C2=NC(=NC(=C21)NC(=O)C3=C(C=CC=C3F)F)NCNC4=C5CCN(C5=NC6=C4CCN6CC7=CC=CC=C7)CC8=CC=CC=C8)CC9=CC=CC=C9
169,C C 1 = C ( N = N N 1 C 2 = N O N = C 2 N ) C ( = O ) N N = C C 3 = C C = C ( C = C 3 ) F,25 90 130 144 241 256 270 309 318 378 486 490 650 656 694 699 725 738 807 864 924 935 1057 1106 1152 1164 1171 1238 1380 1410 1442 1457 1459 1542 1563 1668 1670 1722 1750 1766 1783 1852 1873 1894 1917 1928 2027 2033,CC1=C(N=NN1C2=NON=C2N)C(=O)N/N=C/C3=CC=C(C=C3)F
170,C C 1 ( C ( C 1 ( C ) C ) C ( = O ) N 2 C C C ( C C 2 ) C 3 = N C ( = C S 3 ) C ( = O ) N ( C ) C C ( = O ) O C ( C ) ( C ) C ) C,80 123 231 246 334 378 392 414 481 492 552 650 675 700 764 802 807 855 881 926 935 1019 1057 1060 1069 1163 1221 1274 1325 1380 1386 1447 1480 1574 1697 1834 1873 1917 2000 2009 2021 2036,CC1(C(C1(C)C)C(=O)N2CCC(CC2)C3=NC(=CS3)C(=O)N(C)CC(=O)OC4(CC4(C)C)C)C
171,N c 1 c ( Br ) c c ( Br ) c 2 n s n c 1 2,122 275 350 378 675 728 788 816 833 875 1080 1307 1380 1457 1631 1640 1708 1724 1873,C1=C(C2=NSN=C2C(=C1Br)N)Br
172,C C 1 = C C ( = C C ( = C 1 ) O [C@H] ( C ) C ( = O ) N 2 C C O C C 2 ) C,1 11 35 57 108 283 322 517 582 650 656 664 807 875 888 926 935 950 1057 1405 1480 1665 1823 1873 1917 2009,CC1=CC(=CC(=C1)OC(C)C(=O)N2CCOCC2)C
173,C 1 = C C ( = C C ( = C 1 ) Br ) N C ( = O ) C S C C 2 = C C = C S 2,14 19 80 116 184 196 241 383 485 636 650 656 703 728 762 766 807 875 953 1039 1070 1088 1152 1380 1455 1567 1631 1736 1750 1816 1917 1959,C1=CC(=CC(=C1)Br)NC(=O)CSCC2=CC=CS2
174,C C 1 = C ( C = C C = C 1 N C ( = O ) C 2 = C O C 3 = C 2 C = C ( C = C 3 ) [N+] ( = O ) [O-] ) C ( = O ) O,141 210 259 320 410 456 486 650 656 753 798 807 838 847 875 1039 1047 1057 1088 1152 1195 1224 1231 1357 1380 1696 1722 1750 1808 1809 1810 1814 1873 1917 1940 1963 1991,C[Si](C)(C)NC1=C2C=C(C=CC2=C(C=C1)NC(=O)C3=C(C=CC(=C3)[N+](=O)[O-])C(=O)N[Si](C)(C)C)[N+](=O)[O-]
175,C O C 1 = C ( C = C ( C = C 1 ) / C = N \ N 2 C = N C 3 = C ( C 2 = O ) N C 4 = C 3 C = C ( C = C 4 ) F ) C S C 5 = C C = C C = N 5,25 80 94 119 138 193 249 314 341 378 448 504 650 694 695 699 725 762 841 864 875 932 935 1057 1088 1089 1095 1114 1155 1182 1199 1299 1321 1349 1380 1410 1429 1452 1462 1501 1530 1536 1562 1661 1670 1724 1745 1750 1807 1839 1873 1928 1939 1970 2024 2033,COC1=C(C=C(C=C1)/C=N\N2C=NC3=C(C2=O)NC4=C3C=C(C=C4)F)CSC5=CC=CC=N5
176,C C O C 1 = C C = C ( C = C 1 ) / C = C \ 2 / C ( = O ) N ( C ( = S ) S 2 ) C C ( = O ) N 3 C C N ( C C 3 ) C ( = O ) O C C,25 69 80 97 102 147 215 237 273 281 287 294 322 342 576 675 694 695 718 760 863 926 935 947 1009 1027 1057 1065 1238 1312 1313 1380 1452 1480 1589 1722 1750 1873 1904 1917 1942 2009 2033 2044,CCOC1=CC=C(C=C1)/C=C\2/S/C(=C/C3=CC=C(C=C3)OCC)/S2
177,C C 1 = C C ( = C ( C = C 1 ) C ( C ) C ) O C C N 2 C ( = O ) / C ( = C / C 3 = C C = C ( C = C 3 ) O S ( = O ) ( = O ) C 4 = C C = C ( C = C 4 ) Cl ) / S C 2 = O,13 80 186 210 235 237 273 281 283 314 319 322 348 350 588 598 675 695 715 718 755 805 816 863 875 879 1003 1013 1027 1057 1070 1110 1115 1145 1380 1469 1476 1518 1683 1691 1722 1773 1823 1832 1873 1919 1964 2033 2044,CC1=CC(=C(C=C1)C(C)C)OCCN2C(=O)/C(=C/C3=CC=C(C=C3)OS(=O)(=O)C4=CC=C(C=C4)Cl)/SC2=O
178,C O C 1 = C ( C = C ( C = C 1 ) / C = N / N C ( = O ) C 2 = C C = C ( C = C 2 ) O C C 3 = C ( C = C C = C 3 Cl ) F ) C N 4 C = N C ( = N 4 ) [N+] ( = O ) [O-],80 94 246 309 318 561 650 654 695 715 718 725 745 753 820 838 841 861 864 908 924 932 935 944 1032 1039 1057 1152 1155 1195 1253 1349 1380 1410 1452 1487 1501 1536 1608 1661 1665 1667 1697 1750 1765 1815 1840 1873 1917 1928 1931 1956 1963 1970 1992,COC1=C(C=C(C=C1)OCC2=C(C=CC=C2F)F)CN3C=NC(=N3)[N+](=O)[O-]
179,c 1 c ( c ( c ( c c 1 ) O C ( = O ) c 1 c ( c c c c 1 O C ) O C ) O C ( = O ) c 1 c ( c c c c 1 O C ) O C ) O C ( = O ) c 1 c ( c c c c 1 O C ) O C,145 249 310 333 356 384 444 586 650 695 797 807 1088 1295 1380 1410 1750 1873 1917 1970,C1=CC(=C(C(=C1)OC)C(=O)O[NH2+]OC(=O)C2=C(C=CC=C2OC)OC)OC(=O)C3=C(C=CC=C3OC)OC
180,C 1 = C ( C = C ( C = C 1 F ) F ) C N N,80 255 699 767 875 1054 1152 1171 1355 1380 1489 1540 1579 1670 1754 1928,C1=C(C=C(C=C1F)F)CNN
181,c 1 ( c c c 2 c ( c 1 ) [nH] c ( = O ) c ( c 2 ) c 1 n c ( s c 1 ) c 1 c c n c c 1 ) C ( = O ) N ( C C ) C C N ( C ) C,26 64 80 119 175 280 294 314 349 352 378 383 518 552 586 650 652 693 750 807 875 881 917 932 978 980 997 1057 1114 1147 1160 1208 1221 1264 1272 1380 1385 1567 1603 1697 1745 1750 1854 1855 1873 1951 1984,CCN(CCN(C)C)C(=O)C1=CC2=C(C=C1)NC(=O)C(=C2)C3=CSC(=N3)C4=CC=NC=C4
182,n 1 ( c 2 c c 3 c ( n c c c 3 ) c c 2 ) c n c c 1,139 219 233 378 396 448 843 875 935 961 1087 1088 1096 1097 1101 1139 1446 1452 1637 1654 1750 1825 1855 1866 1872 1873 1884,C1=CN=C2C=CC(=CC2=C1)N3C=CN=C3
183,c 1 c ( c c c ( c 1 ) / C = C / C ( = O ) c 1 c c c ( c c 1 Cl ) Cl ) N ( C ) C,25 31 165 216 561 694 807 835 875 878 881 925 1057 1096 1147 1209 1308 1379 1380 1591 1667 1683 1750 1817 1917 1991 2033,C1=CC(=CC=C1/C=C/C(=O)C2=C(C=CC(=C2)Cl)Cl)/C=C/C(=O)C3=C(C=C(C=C3)Cl)C(=O)/C=C/C4=CC=C(C=C4)/C=C/C(=O)C5=C(C=C(C=C5)Cl)Cl
184,C C ( C ( = O ) N C 1 = C C ( = C C = C 1 ) Cl ) N 2 C ( = O ) C 3 = C C = C C = C 3 C 2 = O,1 165 216 314 352 561 573 592 650 703 708 879 929 935 1010 1039 1057 1088 1128 1152 1199 1411 1683 1750 1816 1843 1873 1917 1920,C1=CC=C2C(=C1)C(=O)N(C2=O)C(C(=O)NC3=CC(=CC=C3)Cl)C(=O)NC4=CC(=CC=C4)Cl
185,C C O C 1 = C C = C ( C = C 1 ) N C 2 = C / C ( = N \ S ( = O ) ( = O ) C 3 = C C = C ( C = C 3 ) C ) / C 4 = C C = C C = C 4 C 2 = O,1 69 80 84 88 102 191 235 294 314 322 350 352 491 495 564 650 695 715 718 725 795 984 993 1057 1088 1089 1169 1199 1200 1238 1246 1380 1452 1476 1524 1563 1717 1750 1823 1860 1920 1980,CCOC1=CC=C(C=C1)NC2=C/C(=N\S(=O)(=O)C3=CC=C(C=C3)C)/C4=CC=CC=C4C2=O
186,C C 1 ( C C 2 = C ( C ( C ( = C ( O 2 ) N ) C # N ) C 3 = C C = C C = C 3 O C C 4 = C ( C = C ( C = C 4 ) Cl ) Cl ) C ( = O ) C 1 ) C,46 56 80 149 165 217 239 312 314 346 366 371 410 561 599 650 674 745 790 816 875 926 940 965 1019 1027 1060 1088 1136 1171 1199 1226 1274 1301 1349 1380 1384 1410 1452 1487 1582 1683 1741 1750 1754 1810 1818 1881 1970,C1C(CC2=C(C1=O)C(C(=C(O2)N)C#N)C3=CC=CC=C3OCC4=C(C=C(C=C4)Cl)Cl)(C)C
187,C C 1 = C C = C ( C = C 1 ) [C@H] ( C N C ( = O ) C 2 = C ( C 3 = C C = C C = C 3 S 2 ) Cl ) N ( C ) C,80 128 162 197 461 480 561 606 650 781 807 881 885 955 1011 1088 1152 1163 1357 1365 1380 1573 1683 1722 1750 1823 1853 1873 1895 2014,C1=CC=C2SC(=C(C2=C1)Cl)/C(=C(/N(C)C)\NCN/C(=C(\N(C)C)/C3=C(C4=CC=CC=C4S3)Cl)/C5=C(C6=CC=CC=C6S5)Cl)/Cl
188,C [C@@H] ( C ( = O ) N C [C@H] 1 C C C O 1 ) N C ( = O ) [C@@H] 2 C C ( = O ) N ( C 2 ) C 3 = C C 4 = C ( C = C 3 ) O C O 4,1 117 197 231 233 239 248 283 314 334 361 441 514 573 656 738 739 798 807 821 935 952 974 1028 1057 1152 1325 1349 1380 1457 1468 1497 1559 1598 1604 1642 1647 1695 1750 1800 1873 1905 1917 1972,CC(C(=O)NCC1CCCO1)NC(=O)C2CC(=O)N(C2)C3=CC4=C(C=C3)OCO4
189,C 1 C 2 C C 3 C 1 C C 2 O C 3 = O,195 246 314 381 455 585 650 656 750 799 926 941 1019 1292 1380 1748 1819 1903,C1[C@@H]2C[C@@H]3[C@H]1C(=O)O[C@@H]2C[C@H]4[C@@H](C3)OC4=O
190,C 1 C C C ( C 1 ) N 2 C = C ( C 3 = C ( N = C N = C 3 2 ) N ) C 4 = N C 5 = C ( N 4 ) C = C ( C = C 5 ) N S ( = O ) ( = O ) C 6 = C C = C C ( = C 6 ) C 7 = C C = C C = C 7,119 180 191 198 209 343 352 373 378 389 464 502 573 575 577 650 726 736 743 744 780 826 843 890 926 934 935 961 1028 1088 1114 1152 1160 1171 1199 1270 1271 1320 1380 1452 1457 1459 1476 1572 1609 1696 1745 1750 1810 1812 1855 1910 1964 1984 1993,C1CCC(C1)N2C=C(C3=C(N=CN=C32)N)C4=NC5=C(N4)C=C(C=C5)NS(=O)(=O)C6=CC=CC(=C6)C7=CC=CC=C7
191,C O C 1 = C ( C ( = C 2 C ( = C 1 ) C = C ( N 2 ) C ( = O ) N 3 C C 4 C C 4 5 C 3 = C C ( = O ) C 6 = C 5 C = C S 6 ) O C ) O C,2 52 84 96 143 238 249 281 293 314 333 554 557 650 675 679 694 695 739 747 807 822 841 899 926 935 1019 1057 1114 1138 1240 1318 1326 1374 1380 1387 1415 1498 1530 1536 1567 1606 1730 1737 1745 1750 1855 1873 1892 1897 1917 1970 1980 2018,COC1=C(C(=C2C(=C1)C=C(N2)C(=O)N3CC(C=C3OC)/C=C\4/C=C(C5=C(C4=O)SC=C5)OC)OC)OC
192,C 1 C N ( C C N 1 S ( = O ) ( = O ) C 2 = C C ( = C C = C 2 ) Br ) S ( = O ) ( = O ) C 3 = C C = C ( S 3 ) Cl,319 350 366 485 561 575 576 585 650 675 728 757 766 800 826 875 898 909 926 935 1039 1088 1480 1521 1631 1652 1683 1729 1750 1873,C1CN(CCN1S(=O)(=O)C2=CC(=CC=C2)Br)S(=O)(=O)C3=CC(=CC=C3)Br
193,C C C C C C C C C C C C C C C C C O C ( = O ) C C C C C ( = O ) O C C C C C C C C C C C C C C C C C,13 80 147 650 677 695 807 1034 1057 1249 1267 1444 1564 1734 1911 1917,CCCCCC(=O)OCCCCOC(=O)CCCCC(=O)OCCCCC
194,C C O C 1 = C C = C ( C = C 1 ) N 2 C ( = O ) C ( = C ( C 2 = O ) Cl ) N C 3 = C C = C ( C = C 3 ) C ( = O ) N C 4 = N C ( = C S 4 ) C 5 = C C = C ( C = C 5 ) Cl,69 80 102 117 163 166 191 207 216 233 294 314 322 378 491 552 561 624 650 675 702 718 807 816 843 879 896 935 980 1057 1070 1152 1160 1214 1264 1266 1380 1385 1567 1683 1686 1697 1741 1750 1816 1855 1873 1917 1971,CCOC1=CC=C(C=C1)NC2=C(C(=O)N(C2=O)C3=NC(=CS3)C4=CC=C(C=C4)Cl)NC5=CC=C(C=C5)Cl
195,C C O C ( = O ) C 1 = C C = C ( C = C 1 ) N 2 C ( C 3 = C ( C 2 = O ) N N = C 3 C 4 = C C = C ( C = C 4 ) C ) C 5 = C N = C C = C 5,74 80 88 145 155 233 235 294 314 323 395 437 447 471 606 650 732 749 807 827 879 896 1019 1043 1057 1088 1114 1160 1385 1398 1438 1522 1535 1586 1603 1629 1648 1663 1697 1722 1750 1753 1823 1825 1873 1917 1920 1922,CC[Si](CC)(CC)C(=O)C1=CC=C(C=C1)N2C(C3=C(C2=O)NN=C3C4=CC=C(C=C4)C)C5=CN=CC=C5
196,C 1 = C C ( = C C = C 1 C 2 C ( = C ( C 3 = C C = N C = C 3 ) O ) C ( = O ) C ( = O ) N 2 C 4 = N C = C S 4 ) [N+] ( = O ) [O-],14 171 314 378 383 439 590 650 675 715 753 818 838 879 935 1019 1027 1195 1250 1274 1279 1380 1420 1427 1452 1561 1567 1603 1634 1750 1803 1809 1814 1866 1873 1922 1929 1963,C1=CC(=CC=C1C2/C(=C(/C3=CC=CS3)\O)/C(=O)C(=O)N2C4=NC=CS4)[N+](=O)[O-]
197,C C N 1 C C C 2 = C C ( = N C = C 2 C C 1 ) N,34 62 377 378 496 499 507 865 875 926 935 1057 1171 1236 1380 1452 1457 1480 1526 1535 1636 1738 1873 1888,CN1CCC2=CC(=NC=C2CC1)N
198,C C 1 = N C ( C ( = O ) N 1 N C ) ( C ) C,46 95 255 314 370 378 909 935 953 1057 1060 1063 1152 1274 1368 1380 1430 1593 1722 1871 1972,CC1=NC(C(=O)N1NC)(C)C2=NC(C(=O)N2NC)(C)C
199,C C 1 C ( = C ( C ( = C 1 [Si] ( C ) ( C ) [Si] ( C ) ( C ) Cl ) C ) C ) C,160 303 310 425 656 753 807 889 1019 1057 1067 1175 1309 1380 1473 1579 1683 1722,CC\1C(=C(C(/C1=C(\[Si](C)(C)Cl)/[Si](C)(C)Cl)C)C)C
200,C C 1 = C ( S C ( = C 1 [C@@H] ( C 2 = C C = C ( C = C 2 ) Cl ) N 3 C C O C C 3 ) N C ( = O ) C 4 = C C = C O 4 ) C,1 50 162 200 214 216 252 313 461 474 523 621 650 787 807 820 926 935 950 1041 1057 1066 1070 1088 1096 1129 1152 1183 1233 1265 1321 1364 1365 1380 1405 1407 1441 1626 1683 1722 1750 1754 1816 1853 1873 1917 1926 1932,CC1=C(SC(=C1C(C2=CC=C(C=C2)Cl)N3CCOCC3)NC(=O)C4=CC=CO4)C
201,C 1 = C N ( N = C 1 ) C 2 = N C = C C ( = C 2 ) C N C ( = O ) C C 3 = C C = C ( C = C 3 ) N S ( = O ) ( = O ) C 4 = C C = C ( C = C 4 ) F,4 41 43 75 77 80 90 191 197 255 310 319 325 333 350 493 502 527 530 540 557 639 650 699 715 730 743 787 807 843 875 883 913 1088 1270 1380 1410 1452 1455 1510 1670 1685 1750 1779 1866 1917 1928 1932,C1=CN(N=C1)C2=NC=CC(=C2)CNC(=O)CC3=CC=C(C=C3)NS(=O)(=O)C4=CC=C(C=C4)F
202,C C 1 = C ( C ( = N O 1 ) C ) C ( = O ) O C ( C ) C ( = O ) N C 2 = C C = C ( C = C 2 ) N 3 C C O C C 3,1 69 145 233 248 283 378 407 461 573 586 650 656 695 835 843 926 935 950 1014 1057 1077 1117 1144 1183 1269 1316 1380 1405 1441 1480 1540 1542 1637 1664 1722 1750 1816 1825 1873 1917,CC1=C(C(=NO1)C)C(=O)O[C@@H](C)C(=O)NC2=CC=C(C=C2)N3CCOCC3
203,C C 1 = C ( C ( = O ) N ( N 1 C ) C 2 = C C = C C = C 2 ) [C@H] 3 C [C@H] ( O C ( = C 3 ) C ( = O ) N C 4 C C 5 C C C 4 C 5 ) O C C N ( C C O ) S ( = O ) ( = O ) C 6 = C C = C ( C = C 6 ) O C,28 80 130 190 193 222 261 319 322 327 349 366 373 387 389 430 473 486 504 600 656 695 712 715 750 752 781 807 815 823 831 841 881 883 918 926 935 963 995 1019 1057 1085 1088 1145 1152 1161 1199 1253 1292 1325 1328 1363 1376 1380 1403 1446 1476 1509 1536 1568 1722 1750 1766 1873 1917 1946 1951 2047,CC1=C[C@@H](C[C@@H](O1)OCCN(CCO)S(=O)(=O)C2=CC=C(C=C2)OC)C3=CC=CC=C3
204,C C 1 = C ( C ( = N O 1 ) C ) S ( = O ) ( = O ) N C ( C ) ( C ) C O,80 114 219 222 248 350 378 461 631 650 656 807 835 856 1057 1152 1443 1476 1542 1637 1734 1796 1846,CC1=C(C(=NO1)C)S(=O)(=O)NC(C)(C)CS(=O)(=O)CO
205,C C C ( C ( = O ) C N 1 C ( = N N = N 1 ) S C 2 = C C = C ( C = C 2 ) O C ( F ) ( F ) F ) N C ( = O ) O C C 3 = C C = C C = C 3,114 116 145 147 158 183 237 257 294 317 322 371 378 389 528 548 549 552 650 685 695 736 745 747 807 811 874 935 1057 1066 1088 1149 1164 1199 1255 1262 1312 1380 1409 1453 1544 1750 1754 1758 1802 1873 1914 1917 1928 1977 2042,COC(=O)C(C(=O)O)(N1C(=NN=C1SC2=CC=C(C=C2)OC(F)(F)F)SC3=CC=C(C=C3)OC(F)(F)F)F
206,C O C ( = O ) C N 1 C ( C 2 = C ( C = C C ( = C 2 ) Br ) N = C 1 C 3 = C C = C C = C 3 Cl ) C 4 = C C = C C = C 4,80 95 261 352 389 440 500 561 592 650 695 710 728 766 806 807 841 875 909 927 935 952 974 984 1019 1027 1057 1088 1152 1157 1279 1356 1380 1386 1427 1483 1507 1663 1683 1750 1775 1873 1904,COC(=C1C2=CC=CC=C2C(=N1)CN3C(C4=C(C=CC(=C4)Br)N=C3Cl)C5=CC=CC=C5)OC
207,C C 1 = N N = C ( N 1 C 2 = C C = C ( C = C 2 ) O C ) S C C ( = O ) N C C 3 = C C = C C = C 3 F,58 80 116 233 255 322 333 337 378 650 695 699 718 747 781 831 841 917 1032 1057 1152 1164 1199 1349 1412 1449 1506 1536 1597 1750 1825 1832 1840 1873 1917 1928 1959,COC1=CC=C(C=C1)N2C(=NN=C2SCC(=O)NCC3=CC=CC=C3F)SCC(=O)NCC4=CC=CC=C4F
208,C C C ( = O ) N ( [C@H] 1 C C ( = O ) N ( C 1 = O ) C 2 = C C = C ( C = C 2 ) O C 3 = C C = C C = C 3 ) N C ( = O ) C C 4 = C C = C C = C 4,5 41 80 159 231 314 325 412 422 562 718 730 737 764 787 798 807 881 898 913 926 935 1019 1057 1088 1152 1238 1252 1380 1617 1629 1686 1723 1750 1754 1755 1825 1839 1873 1991,C1C(C(=O)N(C1=O)C2=CC=C(C=C2)CC(=O)NN(C3CC(=O)N(C3=O)C4=CC=C(C=C4)OC5=CC=C(C=C5)CC(=O)NN(C(=O)CC)C(=O)CC)C(=O)CC)N(C)C
209,C [C@H] ( C ( = O ) N C 1 = C C = C ( C = C 1 ) C # N ) [NH+] 2 C C N ( C C 2 ) S ( = O ) ( = O ) C 3 = C C = C C = C 3 F,1 34 102 191 283 309 314 350 366 392 507 550 573 585 650 674 699 790 800 807 843 926 935 1032 1057 1077 1088 1136 1182 1374 1380 1476 1690 1729 1750 1840 1873 1928 1954 2038,C[C@H](C(C)[NH+]1CCN(CC1)S(=O)(=O)C2=CC=C(C=C2F)F)[NH+]3CC[NH+](CC3)C4=CC=C(C=C4)C#N
210,C C ( C ( = O ) N C 1 = C C = C ( C = C 1 ) S ( = O ) ( = O ) N C 2 = C C ( = C ( C = C 2 ) Cl ) C ( F ) ( F ) F ) O C 3 = C C = C ( C = C 3 ) F,1 4 35 90 114 191 262 319 322 350 419 502 561 573 645 650 664 699 715 743 744 807 809 843 875 883 968 1033 1057 1077 1144 1152 1269 1270 1380 1410 1435 1476 1664 1670 1750 1917 1928 2043,CC(C(=O)NC1=CC=C(C=C1)S(=O)(=O)NC2=CC(=C(C=C2)NS(=O)(=O)C3=CC=C(C=C3)F)C(F)(F)F)OC4=CC=C(C=C4)F
211,C C 1 = C C = C ( C = C 1 ) C 2 = N N C ( = C 2 ) C ( = O ) N ( C ) C C 3 = C N ( N = C 3 ) C,43 74 80 143 235 279 281 327 334 378 464 557 599 650 807 875 881 896 926 935 976 1057 1145 1160 1163 1169 1221 1380 1535 1677 1722 1750 1754 1762 1823 1873 1917 1920 1971 1989 2004,CC1=CC=C(C=C1)C2=CC(=NN2)C(=O)N(C)CC3=CN(N=C3)C
212,C 1 = C C ( = C ( C = C 1 N C ( = O ) C O C ( = O ) / C = C / C 2 = C C = C ( O 2 ) Br ) Cl ) C # N,31 41 80 167 176 184 191 194 256 308 361 458 561 574 650 656 674 694 790 807 835 901 937 1073 1136 1152 1380 1499 1548 1604 1631 1750 1763 1794 1816 1862 1873 1917 2004,C1=CC(=C(C=C1NC(=O)COC(=O)/C=C/C2=CC=C(O2)Br)C#N)C#N
213,C 1 = C C = C ( C = C 1 ) [C@@] ( C S ( = O ) ( = O ) C 2 = C C = C ( C = C 2 ) F ) ( C ( = O ) N C 3 = C C ( = C ( C = C 3 ) C # N ) C ( F ) ( F ) F ) N,18 80 90 173 184 191 194 245 262 283 319 350 361 389 419 420 593 674 675 699 715 790 800 807 843 875 1088 1136 1171 1174 1199 1344 1409 1410 1417 1453 1476 1560 1670 1750 1816 1862 1873 1917 1955 2017 2043,C1=CC=C(C=C1)C(CS(=O)(=O)C2=CC=C(C=C2)F)(C(=O)NC3=CC(=C(C=C3)C#N)C(F)(F)F)N
214,C 1 = C C ( = C C = C 1 C ( = O ) C 2 = C S C ( = N 2 ) N ) N,150 235 675 845 855 888 1171 1180 1252 1264 1380 1385 1457 1567 1697 1775 1804 1873 1917 2021,C1=CC(=CC=C1/C(=C/2\C=CSC=C2N)/C3=CSC(=N3)N)N
215,C C C O C 1 = C C = C ( C = C 1 ) O C C ( = O ) N C 2 = C C ( = C C ( = C 2 ) C ( = O ) O C ) C ( = O ) O C,13 41 76 102 145 191 192 287 322 650 718 807 841 870 875 901 906 1057 1152 1327 1380 1385 1452 1715 1750 1816 1873 1917 2004,COC(=O)C1=CC(=CC(=C1)NC(=O)COC2=CC=C(C=C2)OCC(=O)NC3=CC(=CC(=C3)C(=O)OC)C(=O)OC)C(=O)OC
216,C C C C C C C ( C C ( Cl ) Cl ) Cl,80 232 294 511 591 680 739 794 914 1057 1143 1444 1508 1683 1911,CCCCCCCCCCCCCCCCCC[P+](CCCCCCCCCCCCCCCCC)(CCC)CC(CCC(Cl)Cl)Cl
217,C C 1 = C C = C ( C = C 1 ) N 2 C ( = N N = C 2 S C C 3 = C C = C ( C = C 3 ) C ( = O ) N C 4 = C C = C C = C 4 ) C 5 = C C = C C = C 5,80 341 352 389 486 490 650 703 747 762 807 1057 1077 1088 1152 1160 1164 1191 1283 1380 1449 1508 1509 1665 1697 1722 1750 1754 1795 1816 1823 1825 1873 1917 1978 1993,CC1=CC=C(C=C1)NC(=O)C2=CC=C(C=C2)C(=O)NC3=CC=C(C=C3)C4=NN=C(N4C5=CC=C(C=C5)C(=O)NC6=CC=CC=C6)SCC7=CC=CC=C7
218,C C C C ( C N 1 C C N ( C C 1 ) C 2 = C C ( = C C = C 2 ) O C ) N,1 74 80 294 322 407 496 739 781 786 841 875 926 935 1039 1049 1088 1127 1171 1380 1391 1423 1480 1489 1508 1536 1750 1791 1824 1825 1873 1972,C1CN(CCN1CC[P+](N)(N)N)C2=CC(=CC=C2)OC
219,S ( c 1 n ( c 2 c ( n 1 ) c c n c 2 ) C c 1 c ( c c c c 1 ) C ) C c 1 c c c ( C ( = O ) N 2 C C C C C 2 ) c c 1,45 80 116 310 330 357 369 378 463 473 497 517 650 762 802 807 818 967 1024 1028 1088 1097 1199 1208 1283 1349 1385 1391 1504 1511 1535 1540 1597 1603 1722 1750 1754 1765 1855 1866 1873 1917 1998,C1=CC=C(C(=C1)CN2C3=C(C=CC(=C3)CSSCC4=CC5=C(C=C4)N=C(N5CC6=CC=CC=C6C)C(=O)C7=CC=NC=C7)N=C2C(=O)C8=CC=NC=C8)C
220,C C S ( = O ) ( = O ) C C C 1 2 C C C ( C C 1 ) ( C C 2 ) C ( = O ) C,80 93 350 481 555 573 650 795 807 882 908 926 1060 1162 1193 1261 1374 1433 1476 1601 1850 1917,C1CC12CCC3(CC3)CCS(=O)(=O)CC(=O)C45CCC(CC4)(CC5)CCS(=O)(=O)CCC67CCC(CC6)(CC7)C(=O)C89CC8
221,C O C 1 = C ( C = C ( C = C 1 ) C C C N C ( = O ) C N ( C 2 = C C = C C = C 2 ) S ( = O ) ( = O ) C 3 = C C = C ( C = C 3 ) F ) O C,41 66 80 90 94 104 197 249 310 319 350 389 473 597 650 667 695 699 715 797 815 841 844 875 881 978 1027 1057 1088 1190 1199 1243 1245 1380 1476 1536 1670 1684 1750 1754 1873 1876 1917 1928,COC1=C(C=C(C=C1)CCCNC(=O)CN(C2=CC=CC=C2)S(=O)(=O)C3=CC=C(C=C3)F)OC
222,C C 1 = N C ( = C S 1 ) C N ( C ) C C 2 = C C = C ( C ( = O ) N 2 ) C ( = O ) N C C 3 = C C 4 = C ( C = C 3 ) N ( C C C 4 ) C,67 80 197 255 310 314 317 360 486 507 510 556 608 650 665 675 724 750 807 813 875 881 892 918 935 1028 1057 1087 1114 1138 1145 1152 1156 1163 1172 1236 1295 1317 1380 1480 1567 1573 1580 1693 1722 1738 1750 1754 1779 1869 1873 1917 1928 1972 1973 1991 2023,CC1=NC(=CS1)CN(C)CC2=CC(=C(C=C2)C(=O)NCC3=CC4=C(CCCN4C)C=C3)CN(C)CC5=CSC(=N5)C
223,C C C C O C C P 1 O C C 2 ( C O 1 ) C O P ( O C 2 ) C C O C C C C,80 294 298 591 656 691 695 718 794 926 931 1057 1060 1166 1224 1320 1325 1405 1476 1554 1911 1992 2008,CCCCOCCCP1OCC2(CO1)COP(OC2)OCCCC
224,C C ( C ) ( C ( = O ) N C ) N C C ( C O C 1 = C C = C C = C 1 O C ) O,1 80 114 118 213 248 249 345 392 411 430 650 686 695 807 841 944 1088 1129 1152 1193 1199 1344 1353 1380 1430 1452 1536 1750 1873 1917 1970 2038,CC(C)(C(=O)NC)NC(COC1=CC=CC=C1OC)COC2=CC=CC=C2OC
225,C 1 C N ( C C N 1 C ( = O ) C C C 2 = C C = C C = C 2 ) S ( = O ) ( = O ) C 3 = C ( C ( = C C = C 3 ) Cl ) Cl,80 268 314 350 366 389 392 561 585 650 753 800 807 926 935 974 992 996 1009 1011 1039 1045 1066 1088 1179 1199 1243 1269 1380 1416 1476 1480 1564 1589 1683 1873 2009,C1CN(CCN1C(=O)CCC2=CC=CC=C2)S(=O)(=O)C3=C(C(=CC=C3)Cl)Cl
226,C = C C N ( C C ( = O ) N ( C C 1 = C C = C ( C = C 1 ) F ) C C 2 = C C = C S 2 ) C ( = O ) C O C 3 = C C = C ( C = C 3 ) Cl,14 80 90 102 196 216 239 241 383 507 561 587 649 650 656 675 695 807 816 872 940 976 978 1070 1088 1147 1190 1256 1271 1329 1366 1410 1452 1557 1567 1645 1683 1750 1754 1843 1873 1887 1917 1928 1967 1973 2004,C=CCN(CC(=O)N(CC1=CC=C(C=C1)F)CC2=CC=CS2)C(=O)COC3=CC=C(C=C3)Cl
227,C 1 C N ( C C ( = O ) N 1 ) C C 2 = C C ( = C 3 N 2 N = C N = C 3 N ) C 4 = C C = C ( C = C 4 ) N C ( = O ) N C 5 = C ( C = C C ( = C 5 ) C ( F ) ( F ) F ) F,43 56 76 114 187 191 210 216 222 249 314 352 378 412 489 573 650 699 710 766 807 809 843 875 896 926 935 937 946 1077 1114 1160 1211 1224 1260 1308 1380 1415 1452 1453 1457 1459 1480 1522 1572 1575 1641 1665 1765 1791 1816 1840 1846 1866 1873 1917 1928 1946 1989 1990,C1C(=O)NCN1CC2=CC=NC3=C(C=C(N23)C(F)(F)F)C4=CC=C(C=C4)NC(=O)NC5=C(C=CC(=C5)C(F)(F)F)F
228,C C ( C ) ( C 1 = C C = C C = C 1 ) C 2 = C C = C ( C = C 2 ) C N ( C C 3 = C C = C ( C = C 3 ) C ( C ) ( C ) C 4 = C C = C C = C 4 ) O,8 389 392 507 679 881 960 1038 1057 1088 1139 1147 1199 1306 1380 1417 1665 1750 1754 1873 2017,CC(C)(C1=CC=CC=C1)C2=CC=C(C=C2)CN(CC3=CC=C(C=C3)C(C)(C)C4=CC=CC=C4)O
229,C C C ( C ) N ( C C ) C ( = O ) N C ( = O ) / C = C / C ( = O ) O,1 31 80 283 294 389 524 650 660 694 807 881 932 973 976 1057 1119 1152 1181 1216 1318 1532 1544 1579 1694 1861 1917 1967,CCC(C)N(CC)C(=O)NC(=O)/C=C/C(=O)O
230,N C 1 C C 1 c 1 c c c ( N C ( = O ) C ( C c 2 c [nH] c 3 c c c c c 2 3 ) N C ( = O ) C O c 2 c c c c c 2 ) c c 1,41 80 117 119 191 192 364 389 573 648 688 736 806 807 822 843 871 875 926 1019 1088 1152 1171 1196 1199 1250 1279 1296 1349 1357 1573 1607 1664 1750 1783 1803 1816 1832 1873 1879 1887 1917 1937 2004,C1=CC=C2C(=C1)C(=CN2)C[C@@H](C(=O)NC3=CC=C(C=C3)C4C(CC(C5=CC=C(C=C45)NC(=O)[C@H](CC6=CNC7=CC=CC=C76)NC(=O)CON)N)N)N
231,C = C C / C = C ( / C Cl ) \ Cl,80 479 600 694 807 940 1109 1292 1366 1382 1645 1683 1721 1777,C=CC/C=C(/C(=C/CCl)/Cl)\Cl
232,C C N ( C C ) S ( = O ) ( = O ) C 1 = C C = C ( C = C 1 ) C N C ( = O ) C N 2 C C C [C@H] 2 C 3 = C C 4 = C ( C = C 3 ) O C C O 4,41 80 160 197 231 282 294 310 319 333 350 441 446 552 650 656 715 724 738 805 807 815 875 881 926 932 950 1019 1028 1035 1057 1087 1152 1325 1328 1380 1476 1529 1573 1647 1714 1750 1803 1860 1905 1946,CCN(CC)S(=O)(=O)C1=CC=C(C=C1)S(=O)(=O)N(CC)CNC(=O)C[Hg]C2CCC2
233,C 1 = C C ( = C ( C = C 1 N ) S ( = O ) ( = O ) N C 2 = N C = C ( C = C 2 ) Br ) Cl,154 350 366 392 485 502 561 647 650 666 728 888 967 1060 1152 1157 1168 1171 1220 1270 1300 1452 1476 1527 1535 1536 1631 1675 1683 1750 1873,C1=CC(=C(C=C1N)S(=O)(=O)NC2=NC=C(C=C2)Br)Cl
234,C 1 = C ( C = C ( C = C 1 F ) Br ) C ( = O ) N C C ( = O ) O,80 265 293 294 339 389 390 486 650 699 728 807 875 909 1152 1380 1385 1440 1548 1563 1670 1737 1793 1873 1917 1928 1932,C1=C(C=C(C=C1F)Br)C(=O)NCC(=O)O
235,C C C ( C 1 = C C = C C = C 1 ) N C 2 = C ( C ( = O ) N N C 2 = O ) N C 3 = C C = C C ( = C 3 O ) C ( = O ) N ( C ) C,1 9 80 202 294 381 396 491 650 690 701 710 807 857 881 918 1039 1057 1088 1152 1199 1221 1224 1283 1363 1365 1447 1465 1602 1653 1696 1750 1917 1942,CCN(C(=O)C1=C(C(=CC=C1)NC2=CC=CC=C2NC(NC3=C(C(=CC=C3)NC(NC4=CC=CC(=C4O)C(=O)N(CC)CC)NCC)O)NCC)O)NCC
236,C C ( C ) [C@@] 1 ( C C [C@H] ( C 1 ) N 2 C C C ( C C 2 ) C 3 = C C ( = O ) N O 3 ) C ( = O ) N 4 C C 5 = C ( C = C C ( = C 5 ) C ( F ) ( F ) F ) O C 4,1 12 150 283 314 337 376 441 526 552 558 593 656 679 698 725 807 872 875 1001 1019 1035 1052 1060 1114 1152 1162 1236 1260 1294 1325 1380 1440 1453 1480 1522 1648 1664 1764 1814 1872 1873 1905 1910 1917 1928 1946 1969 2000 2009,C1CC1(C(C)C)C(=O)N2CC3=CC4=C5C(CCC(C4)(C5=C3OC2)C(=O)N6COC(=O)N6)NC7CCC(C7)(C(C)C)C(=O)N8COC(=O)N8
237,C C C N ( C C ( = O ) N C C ( = O ) N C 1 = C C = C C = C 1 ) C ( = O ) C 2 = C C = C ( C = C 2 ) C 3 = C C = C C = C 3,80 191 207 294 389 463 587 650 698 703 794 807 828 881 896 901 978 1057 1077 1088 1152 1160 1190 1199 1221 1380 1385 1440 1537 1761 1816 1873 1917 1964 1999,CCCN(CC(=O)NC1=CC=CC=C1)C(=O)C2=CC=C(C=C2)C3=CC=C(C=C3)C(=O)N(CC(=O)NC4=CC=CC=C4)CC(=O)NC5=CC=CC=C5
238,C C ( C C C C ( C ) N = C = S ) N = C = S,1 80 146 154 283 674 684 1057 1259 1632 1731 1938 1955,CC(C)[Si](C[Si](C(C)C)(C(C)C)C(C)C)(C(C)C)C(C)C[Si](C(C)C)(C(C)C)C(C)C[Si]C=C=C=C=C=C=C=C=[N-]
239,C C 1 ( N = C ( N = C ( N 1 C 2 = C C = C ( C = C 2 ) O C C 3 = C C ( = C C = C 3 ) C 4 = C C = C C = C 4 ) N ) N ) C,102 217 233 322 342 378 389 654 695 718 736 745 785 880 927 1039 1057 1060 1062 1066 1081 1088 1160 1171 1199 1274 1334 1380 1457 1545 1750 1825 1871 1873 1892 1964 2026,CC1(N=C(N=C(N1C2=CC=C(C=C2)OCC3=CC(=CC=C3)C4=CC=CC=C4)N)N)C
240,C = C C N C ( = O ) C 1 = C C ( = C ( C = C 1 ) Cl ) S ( = O ) ( = O ) N C C 2 = C C = C C = C 2,29 255 265 350 366 389 392 485 486 502 526 561 589 638 650 666 694 765 807 875 940 1066 1080 1152 1158 1199 1366 1380 1476 1626 1683 1697 1750 1766 1873,C=S(=O)(C1=C(C=CC(=C1)C(=O)NS(=O)(=O)NCC2=CC=CC=C2)Cl)NCC3=CC=CC=C3
241,C 1 C N 2 C C C 1 [C@H] ( C 2 ) N C 3 = N C = C ( C = C 3 ) C 4 = C C = N C 5 = C ( C ( = N N 4 5 ) C 6 = C C = N C = C 6 ) C 7 = C C ( = C C = C 7 ) O,65 141 190 191 323 381 383 412 515 531 585 660 729 736 739 745 775 787 807 875 896 926 967 1039 1060 1066 1088 1152 1160 1190 1208 1325 1380 1403 1452 1457 1473 1480 1535 1546 1573 1589 1603 1692 1696 1747 1750 1852 1866 1873 1917 1956 2021,C1CN2CCC1C(C2)NC3=CC=CC(=C3)C4=CC=NC5=C(C(=NN45)C6=CC(=CC=C6)O)C7=CC=NC=C7
242,C 1 C N C ( = O ) N ( C 1 = O ) C 2 = C C = C ( C = C 2 ) [N+] ( = O ) [O-],184 407 650 715 753 769 877 935 968 1150 1176 1195 1274 1380 1523 1686 1738 1809 1814 1825 1866 1873,C1=CC(=CC=C1N2C3=CC=C(C=C2N3C4=CC=C(C=C4)[N+](=O)[O-])[N+](=O)[O-])N5C6=CC=C(C=C5)[N+](=O)[O-]
243,C [C@H] ( C ( = O ) N C 1 = C C ( = C C = C 1 ) S ( = O ) ( = O ) N ( C ) C ) [NH+] 2 C C C [C@@H] 2 C 3 = C C = C N 3 C,1 95 112 122 136 191 243 283 350 510 531 550 573 576 686 703 763 785 815 875 881 894 935 1019 1028 1056 1057 1088 1101 1145 1152 1163 1178 1182 1325 1380 1409 1554 1664 1684 1729 1741 1750 1816 1860 1873 1917,CC(CN(C)S(=O)(=O)N(C)C)C(=O)NC1=CC(=CC=C1)N2C(CCCN2C)C3=CC=CN3C
244,O [C@H] ( [C@H] 1 [C@H] ( C 1 ) C ( = O ) N C C C C ) [C@@H] ( N C ( = O ) [C@@H] ( N C ( = O ) O C ( C ) ( C ) C ) C c 1 c c c c c 1 ) C O,1 79 81 114 117 197 209 221 227 294 389 392 482 573 591 650 657 666 667 675 695 736 752 807 857 895 926 1019 1066 1088 1110 1152 1199 1226 1292 1380 1399 1536 1563 1574 1754 1831 1873 1876 1911 1917 1933 1977 2006,C1[C@H]([C@@H]1C(=O)NCCCC)[C@@H]([C@H](CC2=CC=CC=C2)NC(=O)[C@H](CO)NC(=O)[C@H](CC3=CC=CC=C3)NC(=O)O)O
245,C C O C ( = O ) C N C ( = O ) N C 1 = C C = C C ( = C 1 ) [C@@H] 2 O [C@@H] ( C [C@@H] ( O 2 ) C 3 = C C = C ( C = C 3 ) C O ) C N ( C ) [C@H] ( C ) [C@H] ( C 4 = C C = C C = C 4 ) O,1 58 70 80 114 147 184 191 220 222 268 294 310 312 322 389 490 650 656 668 695 703 784 802 807 837 848 875 881 886 914 926 942 1019 1027 1038 1039 1057 1088 1152 1163 1199 1238 1279 1292 1338 1365 1380 1386 1391 1440 1534 1581 1663 1722 1750 1803 1873 1917 1921 1989 1990 2033 2035,CCOC(=O)CNC(=O)NC1=CC=CC(=C1)C2OC(CC(O2)C3=CC=C(C=C3)CO)C4=CC(=CC=C4)NC(=O)NCC(=O)OCC
246,C C C C C O C 1 = N C = C ( N = C 1 ) C 2 = C C = C ( C = C 2 ) F,13 90 266 293 294 311 378 591 695 699 711 773 896 980 1160 1249 1380 1410 1444 1452 1535 1570 1597 1670 1730 1750 1911 1971,C1=CC(=CC=C1C2=CN=C(C=N2)OCCCCC)C3=CN=C(C=N3)C4=CC=C(C=C4)F
247,C C C C N ( C ) C ( = O ) C 1 C C C ( C C 1 ) C N 2 C ( = O ) C 3 = C ( C = C S 3 ) N ( C 2 = O ) C C 4 = C C = C C = C 4 F,14 29 45 80 131 294 314 334 360 554 650 675 699 771 794 807 818 881 898 908 926 935 974 1019 1032 1049 1057 1068 1088 1163 1280 1293 1380 1567 1583 1597 1671 1679 1750 1765 1775 1840 1873 1898 1911 1917 1955,CCC(=O)N(C)CC1CCC(CC1)CN2C3=C(C(=CC=C3)F)SC=C2
248,C 1 = C C = C ( C = C 1 ) C C ( = O ) N C 2 = N C 3 = C C = C C = C 3 N 2,41 80 119 262 343 378 389 535 650 730 790 807 913 1088 1097 1152 1194 1199 1745 1750 1756 1783 1816 1855 1873 1917 1998 2035,C1=CC=C2C(=C1)NC(=N2)NC(=O)C[Se][Se]CC(=O)NC3=NC4=CC=CC=C4N3
249,C 1 = C ( C ( = O ) N S 1 ) C # N,84 314 361 552 581 650 674 675 727 750 790 1114 1136 1380 1384 1438 1862 1873 1948 1988,C1=C(C(=O)NS1)C#N
250,C C N 1 C 2 = N C = N C ( = C 2 N = N 1 ) N C 3 C C C C 3,34 80 158 176 209 294 378 428 489 563 795 926 935 1019 1032 1152 1164 1280 1325 1367 1452 1469 1589 1634 1724 1783 1810 1873,C1CC1NC2=NC=NC3=C2N=NN3CC
251,C C 1 = C C ( = C ( C = C 1 ) O C C ( = O ) N C 2 = C ( C = C C ( = C 2 ) Cl ) C ( = O ) [O-] ) C,88 165 192 204 216 235 561 650 695 715 807 875 1013 1057 1097 1152 1187 1224 1226 1391 1452 1568 1683 1722 1724 1750 1816 1823 1873 1948 1955 1970 1991 2004 2012,CC1=CC(=C(C=C1)OCC(=O)NC2=C(C=C(C=C2)Cl)C(=O)[O-])C
252,C 1 = C C = C 2 C = C 3 C 4 C 5 C ( C ( C 3 = C C 2 = C 1 ) C 6 = C C = C C = C 4 6 ) C 7 = C C = C C = C 7 C 5 = O,12 81 276 314 322 352 371 650 839 851 875 984 1019 1027 1087 1088 1199 1240 1449 1453 1457 1471 1750 1770 1855 1873,C1=CC=C2C=C3C4C5C(C(C3=CC2=C1)C6=CC=CC=C46)C(=O)C7=CC=CC=C7C5=O
253,C C N ( C C O ) C ( = O ) C 1 = C C = C ( O 1 ) I,28 97 222 243 473 586 650 656 661 807 921 922 978 1008 1221 1750 1754 1917 1951,C1=CC(=C(C(=C1CO)C(=O)N(CCO)CCO)C(=O)N(CCO)CCO)C(=O)N(CCO)I
254,C N ( C 1 = C C = C C = C 1 O C ) C 2 = C C 3 ( C ( C ( = O ) N 3 C 4 = C C = C C = C 4 N 2 C ( = O ) C O C ) O C ) C 5 = C C = C C = C 5,5 12 80 90 158 299 314 466 542 556 644 650 695 772 841 845 854 881 934 937 1019 1057 1060 1088 1103 1163 1199 1260 1295 1362 1380 1410 1467 1536 1592 1647 1764 1799 1873 1884 1970 2004 2018 2033,CN(C1=CC=CC=C1OC)N(C)C2=CC(C=C(C2OC)OC)(C3=CC=CC=C3)C4=CC=CC=C4
255,C [C@H] 1 [C@H] 2 C = C C ( = O ) N 2 C 3 = C ( [C@@H] 1 C C 4 = C C = C C = C 4 ) C = C ( C = C 3 ) O C,45 80 142 329 389 458 488 507 547 605 617 650 695 718 781 841 875 935 936 1019 1027 1057 1066 1083 1088 1243 1309 1380 1456 1536 1750 1754 1873 1897 1922 2025,COC1=CC2=C(C=C1)[C@H]3C=CC(=C(N3[C@@H]2CC4=CC=CC=C4)OC)OC
256,C = N / C ( = C ( / C 1 = C C = C C = C 1 ) \ N = O ) / C 2 = C C = C C = C 2,98 389 650 807 836 927 1380 1385 1750 1873 1928 1973 1985 1996,C1=CC(=CC=C1/C(=C/2\C=CC(=C(O)O)C=C2)/O)/C(=C\3/C=CC(=C(O)O)C=C3)/O
257,C C 1 = C C ( = C C = C 1 ) C ( = O ) N C 2 C C C C 2,387 486 526 650 667 807 837 875 890 926 1019 1028 1039 1055 1057 1088 1152 1249 1325 1380 1385 1634 1722 1750 1823 1873 1917 1985,CC1=CC(=CC=C1)C(=O)NC2CCCC2
258,C 1 C C ( N C 1 ) C O C 2 = C ( C = C C ( = C 2 ) N C ( = O ) C 3 = C ( N = C C = C 3 ) N C C 4 = C C = N C = C 4 ) C ( F ) ( F ) F,80 114 157 184 191 262 305 335 378 383 419 448 493 568 598 623 638 650 695 708 742 758 807 809 843 847 870 875 926 933 1028 1088 1114 1146 1208 1325 1361 1416 1447 1452 1453 1503 1603 1733 1754 1816 1866 1873 1912 1917 1970 1978 1991 2004,C1CC(NC1)C(OCC(=O)C(OCC2=CC=NC=C2)(OCC(=O)C(OCC3=CC=NC=C3)(F)F)OCC(=O)C4=C(N=CC=C4)NCC5=CC=NC=C5)(F)F
259,C C ( C ) O C ( = O ) C 1 C C C ( = O ) N 1,1 69 132 283 301 314 362 585 650 695 807 926 1019 1057 1114 1325 1360 1575 1685 1721 1738 1865 1917 1978,CC(C)OC(=O)[C@@H]1CCC(=O)N1
260,C C C ( = O ) N ( C 1 C C ( N ( C 2 = C C = C C = C 1 2 ) C ( = O ) C 3 = C C = C O 3 ) C ) C 4 = C C = C C = C 4,80 103 159 288 294 310 346 371 389 474 482 500 621 650 734 807 829 881 898 926 1019 1027 1051 1057 1066 1096 1126 1199 1233 1238 1295 1309 1380 1499 1504 1629 1647 1651 1750 1828 1873 1926,CCC(=O)N(C1CC(C2=CC=CC=C21)N(C3=CC=CC=C3)C(=O)C4=CC=CO4)C5=CC=CC=C5
261,C 1 C S C C C 1 N C C N ( C C C ( C 2 = C C = C C = C 2 ) C 3 = C C = C C = C 3 ) C ( = O ) N C 4 = N C 5 = C C = C C = C 5 S 4,1 75 80 162 193 289 317 378 385 389 407 557 650 667 719 733 739 789 807 881 890 897 926 978 980 1088 1097 1147 1152 1180 1199 1210 1249 1298 1325 1365 1423 1523 1569 1581 1634 1697 1750 1816 1855 1873 1879 1917 1951 1989,C1CSCCC1NCCN(CCC(C2=CC=CC=C2)C3=CC=CC=C3)C(=O)NC4=NC5=CC=CC=C5N=C(N4)NC(=O)N(CCNC6CCSCC6)C(=O)O
262,C [C@@H] 1 C N ( C [C@H] ( O 1 ) C ) C 2 = C ( N = C ( O 2 ) C 3 = C C = C ( C = C 3 ) C ) S ( = O ) ( = O ) C 4 = C C = C ( C = C 4 ) F,90 155 203 206 235 319 350 407 423 621 650 689 699 715 720 896 926 935 1019 1047 1057 1160 1309 1334 1380 1410 1476 1542 1571 1604 1670 1704 1722 1742 1750 1823 1855 1873 1920 1921 1928,CC1CN(C=C2N1C(=C(N=C2S(=O)(=O)C3=CC=C(C=C3)C)S(=O)(=O)C4=CC=C(C=C4)C)S(=O)(=O)C5=CC=C(C=C5)F)S(=O)(=O)C6=CC=C(C=C6)C
263,C 1 = C C = C ( C = C 1 ) C ( C C C Cl ) ( C # N ) F,80 114 389 537 710 774 790 1088 1109 1174 1366 1380 1384 1417 1452 1453 1456 1514 1683 1750 1873 1928 2017,C1=CC=C(C=C1)C(C#N)(C(CCl)(F)F)F
264,C 1 = C C ( = C C = C 1 C ( = O ) [O-] ) S ( = O ) ( = O ) N C C C C ( = O ) [O-],80 125 317 319 350 502 650 667 715 732 735 785 807 1128 1152 1226 1385 1476 1564 1568 1626 1750 1838 1873 1886 1911,C1=CC(=CC=C1S(=O)(=O)NCCCC(=O)[O-])S(=O)(=O)NCCCC(=O)[O-]
265,C S C 1 = C ( C = C ( C = C 1 ) C ( = O ) O C C 2 = C S C ( = N 2 ) C 3 = C C = C C = C 3 ) [N+] ( = O ) [O-],80 116 145 147 164 280 354 378 389 394 518 552 650 675 682 695 716 724 736 753 807 838 875 926 1025 1033 1088 1160 1195 1276 1380 1385 1522 1567 1584 1682 1697 1701 1723 1750 1754 1855 1873 1876 1917 1963,C1=CC=C(C=C1)C2=NC(=CS2)COC(=O)C3=CC(=C(C=C3)SC)[N+](=O)[O-]
266,C C 1 = C C = C ( C = C 1 ) [C@@] 2 ( N = C ( O C 3 = C C ( = C ( C = C 3 O 2 ) Cl ) Cl ) N C 4 = C C = C C = C 4 ) C ( F ) ( F ) F,44 191 218 235 366 378 389 407 484 491 556 561 656 703 875 958 1047 1057 1060 1068 1152 1226 1380 1422 1453 1554 1681 1683 1722 1750 1823 1871 1905 1920 1928,CC1=CC=C(C=C1)C2(N=C(ON2)NNC3=CC(=C(C=C3)Cl)Cl)C4=CC=C(C=C4)C
267,C / C ( = C \ C C = C ) / O C 1 C C C C C 1,2 80 119 120 600 694 695 807 890 926 940 1017 1028 1057 1126 1285 1325 1366 1410 1645 1721 1873,CC(=C(CC=C)OC1CCCCC1)C
268,C [C@@H] ( C ( = O ) N C 1 = C C = N C = C 1 ) O C 2 = C C = C ( C = C 2 ) O C,1 35 191 283 322 378 383 573 650 695 718 781 807 841 968 1144 1146 1152 1208 1435 1536 1603 1664 1750 1816 1866 1873 1917,C1=CC(=CC=C1OC)OC(C)C(=O)NC2=CC=NC=C2
269,C C ( C ( = O ) N C C 1 = C N = C ( C = C 1 ) N ( C ) C ) O C C 2 = C C ( = C C = C 2 ) O C,1 80 113 138 197 255 283 310 316 322 391 401 562 573 650 695 724 745 781 794 807 841 875 881 885 1057 1066 1088 1163 1269 1358 1380 1452 1536 1573 1700 1750 1754 1815 1873 1972,CC(/C(=C/1\C=CC(=C1)COC(C)C(=O)N(C)C)/OCC2=CC(=CC=C2)OC)OCC3=CC(=CC=C3)OC
270,C 1 C C 1 C ( C N ) O / N = C ( / C 2 = C S C ( = N 2 ) N ) \ C ( = O ) N C 3 C 4 N ( C 3 = O ) C ( = C ( C S 4 ) C S C 5 = N N = C S 5 ) C ( = O ) O,1 13 80 89 116 150 232 233 235 269 281 288 314 341 378 387 389 416 431 440 456 470 494 552 650 653 675 695 698 699 725 753 762 792 807 855 859 872 882 926 935 936 963 981 999 1074 1152 1171 1200 1210 1252 1264 1325 1380 1415 1418 1423 1441 1457 1508 1547 1567 1712 1811 1855 1917 1922 1978 2021,C1CC1C(C2CC2)O/N=C(/C3=CSC(=N3)N)\C(=O)N[C@H]4[C@@H]5N(C4=O)C(=C(CS5)CSC6=NC7=CSC(=N7)N)C(=O)O
271,C / C ( = N \ N C ( = O ) C N C 1 = C C = C ( C = C 1 ) O C ) / C 2 = C C 3 = C ( C = C 2 ) O C O 3,41 62 191 318 322 441 482 656 700 718 725 781 807 831 841 843 847 875 926 940 997 1035 1057 1152 1247 1380 1385 1416 1440 1536 1647 1697 1750 1755 1800 1873 1917 1921,C/C(=N/NC(=O)CNC1=CC=C(C=C1)OC)/C2=CC3=C(OCO3)C=C2
272,C C 1 = C C = C C = C 1 C 2 = N N = C ( O 2 ) S [C@H] ( C ) C ( = O ) N C 3 = C C 4 = C C = C C = C 4 C = C 3,1 116 184 191 192 196 203 283 317 352 573 598 650 696 843 875 891 984 1057 1087 1088 1152 1199 1411 1507 1530 1604 1664 1722 1750 1816 1832 1855 1884 1917 1999,CC1=CC=CC=C1C2=CC=CC=C2SC(C)C(=O)NC3=CC4=CC=CC=C4C=C3
273,C C ( C ) C N C 1 = N C ( = N C ( = N 1 ) Cl ) N C C ( C ) C,1 47 80 283 378 606 710 930 1057 1151 1152 1184 1380 1416 1582 1683 1855 1961,CC(CNC1=NC(=NC(=N1)NCC(C)C)NCC(C)C)NC2=NC(=NC(=N2)NCC(C)C)NCC(C)C
274,O 1 C 2 = C ( C ( C ( = C 1 N ) C # N ) C ( C C ) C ) C ( = O ) C C ( C 2 ) ( C ) C,1 42 46 80 149 151 217 239 283 294 312 391 410 599 650 656 674 751 790 907 926 932 1057 1060 1136 1171 1301 1348 1380 1384 1457 1487 1544 1582 1693 1760 1810,CCC(C)C1CC2=C(C(C(=C(O2)N)C#N)C(C)CC)C(=C1N)C#N
275,C C N C ( = S ) N ( C C 1 = C C = C ( C = C 1 ) O C ) C C 2 = C C 3 = C C = C C ( = C 3 N C 2 = O ) C,80 97 110 294 310 314 322 507 587 650 661 695 750 769 781 831 841 881 978 1039 1057 1087 1088 1114 1306 1349 1380 1391 1486 1530 1536 1624 1645 1690 1721 1722 1726 1745 1750 1855 1858 1873 1991 2034,CCN(CC1=CC=CC2=C1NC(=O)C(=C2)C)C(=S)NCC3=CC=C(C=C3)OC
276,C 1 C ( O 1 ) C 2 = C ( C ( = C C ( = C 2 Cl ) Cl ) Cl ) Cl,151 267 278 366 561 656 875 926 1011 1019 1362 1380 1648 1873 1888 2035,C1C(OO1)C2=C(C(=C(C=C2Cl)Cl)Cl)Cl
277,C C 1 = C C ( = C C ( = C 1 ) N C ( = O ) N 2 C C N ( C 2 C ( = O ) N C C N ) C ( = O ) C 3 = C C ( = C C = C 3 ) O C ) C,80 191 197 218 221 242 322 343 562 618 650 667 689 695 781 807 841 875 888 918 925 927 935 981 1019 1039 1057 1088 1152 1212 1221 1380 1384 1385 1399 1480 1536 1722 1750 1752 1816 1823 1840 1873 1917 1953 1972 1985,CC1=CC(=CC(=C1)NC(=O)N2CCN(C2C(=O)NCCNC(=O)C3=CC(=CC=C3)OC)C(=O)NC4=CC(=CC(=C4)C)C)C
278,C C C C C C C C C C C C C C C C N 1 C 2 = C C = C C = C 2 N = C 1 C C N C ( = O ) C 3 = C ( C = C ( C = C 3 ) C ) C,8 45 67 80 197 204 235 289 294 318 357 378 486 515 650 667 794 805 807 828 875 893 935 967 1013 1057 1088 1097 1145 1199 1243 1317 1380 1391 1620 1722 1750 1842 1855 1873 1911 1912 1991,CCCC1=NC2=CC=CC=C2N1CCCCN3C4=CC=CC=C4N=C3CCNC(=O)C5=C(C=C(C=C5)C)C
279,C 1 C C C 2 C C ( C 1 ) C C 3 = C C = C C = C 2 3,231 371 429 890 926 1028 1088 1145 1199 1236 1325 1380 1446 1455 1494 1708 1750 1755 1873 1943 2000,C1CCC2CC3=CC=CC=C3CC(C1)CC4=CC=CC=C4C2
280,[C@@H] 1 ( O [C@@H] ( C C 1 ) C [C@@H] ( C C C C C [C@H] ( C C 1 = C [C@@H] ( O C 1 = O ) C ) O ) O ) [C@H] ( C C [C@H] ( [C@@H] ( C C C C C C C C C C C C ) O ) O ) O,1 8 79 80 227 314 401 465 519 559 591 619 650 656 710 739 750 794 807 812 888 907 910 912 918 926 1019 1057 1130 1143 1205 1217 1283 1309 1310 1325 1380 1444 1485 1520 1545 1622 1718 1769 1830 1911 1921 1957 2038,CCCCCCCCCCCCCC(C(CC[C@@H]([C@@H]1CC[C@H](O1)C[C@@H](CCCCCCC[C@H](CC2=C[C@@H](OC2=O)C)O)O)O)O)O
281,C C C C C C ( C ) C C ( C ) C 1 = C C ( = C 2 C 3 = C ( C C N ( C 3 ) C C # C ) C ( O C 2 = C 1 ) ( C ) C ) C ( = O ) O C C N 4 C C C C C 4,1 5 13 32 79 80 147 253 283 294 324 334 370 449 502 533 550 591 599 650 674 680 695 794 807 808 875 911 915 926 935 974 1028 1057 1060 1142 1145 1180 1274 1282 1365 1368 1380 1422 1443 1444 1480 1526 1580 1592 1738 1747 1791 1846 1873 1905 1911 1917 1922 1946 2029,CCCCCOC(=O)C1=C2CCN(CC2=C3C1=C4CCN(CC4=C3)CC#C)CC(C)CC(C)CN5CCC6=C(C5)C(OC6(C)C)(C)C
282,C C 1 = N C 2 = C C = C C = C 2 C 1 = C C 3 = C ( N ( C ( = O ) S 3 ) C C ( = O ) N C 4 = C C ( = C ( C = C 4 ) O C ) Cl ) O,41 63 80 112 162 191 221 249 281 314 352 366 399 440 508 536 561 675 694 802 807 841 843 875 927 935 944 959 984 1014 1057 1088 1098 1110 1152 1199 1284 1312 1380 1393 1581 1602 1683 1722 1750 1816 1873 1947 1970 2028,CC1=NC2=CC=CC=C2C1=CC3=C(N(C(=O)S3)CC(=O)NC4=CC(=C(C=C4)Cl)OC)O
283,C 1 = C C ( C ( = C ( C 1 = O ) Br ) Br ) ( Br ) Br,191 314 533 547 728 787 867 1053 1058 1060 1376 1380 1695 1873 2023,C1=CC23C=CC(=C(C2=C(C1=C(C(=C4C35C=CC(=C4Br)Br)Br)Br)Br)Br)Br
284,C C 1 = C C = C ( S 1 ) C ( = O ) C S C 2 = N N = C S 2,116 281 371 378 419 623 650 807 894 936 999 1007 1057 1074 1164 1200 1415 1465 1567 1712 1722 1811 1873 1917 1941 1959,CC1=NN=CS1(C(=O)CSC2=NN=CS2)SC(=O)CSC3=NN=CS3
285,C C ( C ) C ( C ) N C 1 = C ( N = C C = C 1 ) Cl,1 22 283 348 378 448 561 641 690 787 1028 1043 1063 1088 1152 1380 1452 1750 1773 1873,C1=CC(=NC=C1)NC(C)C(C)C
286,C C 1 = C ( C = C C ( = C 1 ) Cl ) C 2 = C C = C C 3 = C 2 O C ( C 3 ) C N,80 138 165 184 231 333 352 533 561 656 680 816 875 896 926 981 984 1019 1039 1057 1088 1171 1236 1294 1350 1369 1380 1391 1683 1722 1772 1873 1895 1901,CC1=C(C=CC(=C1)Cl)C2=CC=CC3=C2OOC(C3)CN
287,C [C@H] ( C C C 1 = C C = C O 1 ) N C 2 = C ( C = C ( C = C 2 ) S ( = O ) ( = O ) N C ( C ) C ) [N+] ( = O ) [O-],1 10 80 198 283 319 350 354 466 474 502 542 650 656 687 690 715 716 739 1028 1057 1088 1195 1233 1249 1357 1380 1409 1439 1466 1476 1666 1856 1926 1934 1941 1963 2018,CC(C)NS(=O)(=O)C1=CC=C(C(=C1)[N+](=O)[O-])C(C)CCC(C)C2=CC=CO2
288,C C C C C 1 = C C = C ( C = C 1 ) C ( C ( C ) C ) N C ( = O ) C 2 = C C = C ( N C 2 = O ) C ( F ) ( F ) F,1 46 63 80 117 167 294 314 360 486 510 608 650 750 787 789 794 807 809 867 975 978 1006 1045 1114 1243 1365 1446 1453 1538 1745 1750 1754 1928 1991,CCCCC1=CC=C(C=C1)C(C(C2=CC=C(N2)C(F)(F)F)NC(=O)C3=CC=C(NC3=O)C(F)(F)F)NC(=O)C4=CC=C(NC4=O)C(F)(F)F
289,C C C ( C ) ( C ) O C C ( C O C 1 = C C = C C = C 1 C N ) O,80 114 118 227 294 295 336 392 448 636 695 807 981 1057 1088 1171 1202 1349 1353 1380 1390 1410 1597 1748 1750 1844 1873 1898 1970,CCC(C)(OCC)OCOC1=CC=CC=C1CN
290,C C ( C ) ( C ) C 1 = N N ( C ( = C 1 ) N C ( = O ) C 2 = C C = C ( C = C 2 ) [N+] ( = O ) [O-] ) C 3 C C S ( = O ) ( = O ) C 3,66 114 148 207 235 265 319 320 378 392 469 486 650 715 755 769 807 838 875 876 926 935 1019 1057 1152 1195 1274 1325 1339 1362 1380 1385 1561 1608 1638 1665 1668 1697 1795 1799 1816 1873 1910 1917 1918 1956 1963 1993,CC(C)(C)C1=NN(C(=C1)NC(=O)C2=CC=C(C=C2)[N+](=O)[O-])C3CCS(=O)(=O)C3
291,C C C C C C N C C ( C 1 = C C = C C = C 1 ) N 2 C C C C 2,1 80 294 389 557 570 573 591 592 667 771 794 926 935 1004 1088 1143 1152 1199 1265 1365 1380 1444 1480 1581 1666 1699 1750 1852 1873 1911 1998,C1CN(CCN1C(CNCCCCCC)c1ccccc1)C(c1ccccc1)CNCCCCCCCCCCCCCC
292,C C ( C ) C [C@@H] ( C ( = O ) N [C@@H] ( C C ( = O ) N ) C ( = O ) N [C@@H] ( C ( C ) C ) C ( = O ) O ) N C ( = O ) [C@H] ( C C 1 = C C = C ( C = C 1 ) O ) N C ( = O ) [C@H] ( C C 2 = C C = C ( C = C 2 ) O ) N,1 79 80 140 283 310 376 389 507 573 680 726 736 745 759 786 857 890 953 966 1017 1110 1152 1171 1287 1290 1313 1343 1482 1530 1616 1750 1754 1773 1778 1844 1847 1849 1898 1917 2016,CC(C)C[C@@H](C(=O)N[C@@H](CC(=O)N)C(=O)N[C@@H](C(C)C)C(=O)O)NC(=O)[C@H](CC(=O)N)NC(=O)[C@H](CC1=CC=C(C=C1)O)NC(=O)[C@H](CC2=CC=C(C=C2)O)N
293,C C N ( C C ) C ( = O ) C 1 = C C ( = C C = C 1 ) N C ( = O ) C 2 = C C = C ( C = C 2 ) S ( = O ) ( = O ) N C 3 = C C = C C = C 3 F,192 294 319 350 502 650 714 807 828 875 883 932 1008 1039 1088 1152 1199 1211 1221 1224 1270 1380 1385 1476 1665 1696 1790 1795 1816 1840 1873 1917 1928 1978 1984 1985,C1=CC=C(C(=C1)NC(=O)C2=CC=CC=C2)NS(=O)(=O)C3=CC=C(C=C3)C(=O)NS(=O)(=O)C4=CC=CC(=C4)C(=O)N5C=C5
294,C 1 = C C = C ( C = C 1 ) S C C S ( = S ) C C ( = O ) O,13 27 80 97 116 324 341 389 427 458 512 650 685 721 807 811 1088 1182 1227 1380 1434 1522 1737 1750 1821 1873,C1=CC=C(C=C1)SCCS(=S)CC(=O)O
295,c 1 ( c 2 C ( = O ) c 3 c ( C ( = O ) c 2 c ( c c 1 ) O ) c ( N C ( C C C N ( C C ) C C ) C ) c c c 3 N C ( C C C N ( C C ) C C ) C ) O,1 80 251 273 294 314 410 587 615 620 650 687 690 739 807 881 1057 1152 1224 1380 1581 1602 1607 1666 1747 1750 1790 1856 1873 1911 1981 2018,CCN(CC)CCCC(NC1=C2C(=C(C=C1)NC(CCCN(CC)CC)NC3=C4C(=C(C=C3)NC(CCCN(CC)CC)N(CC)CC)C(=O)C5=C(C4=O)C(=CC=C5O)O)C2=O)N(CC)CCC
296,C 1 C ( = O ) C = C 2 C ( = C 3 [C@@H] ( C C 2 ) [C@H] 2 [C@] ( C [C@@H] 3 c 3 c c c ( c c 3 ) N ( C ( = O ) N c 3 c c c ( c c 3 ) Cl ) C ) ( [C@] ( C C 2 ) ( O ) C # C C ) C ) C 1,54 84 99 191 193 242 253 296 314 351 455 561 621 654 679 690 709 807 815 816 841 843 881 888 926 960 1057 1060 1077 1086 1099 1152 1154 1162 1163 1165 1273 1274 1279 1325 1366 1380 1386 1388 1554 1683 1695 1706 1738 1750 1816 1973 1997,C[C@]1(CCC2=C3CCC(=O)C=C3CCC2=C1)N(C)C(=O)NC4=CC=C(C=C4)Cl
297,C 1 C C C ( C C 1 ) N C ( = O ) C 2 = C ( N = C ( C = C 2 ) N 3 C C C [C@H] ( C 3 ) C C ( = O ) O ) S C C C 4 = N C = C N = C 4,2 29 32 67 80 116 300 341 378 387 389 407 428 446 484 486 510 586 607 635 650 667 680 724 739 890 926 935 1004 1019 1028 1071 1119 1125 1152 1182 1243 1325 1380 1384 1480 1586 1603 1612 1634 1692 1750 1855 1856 1866 1873 1917 1991,C1CCC(CC1)CC(=O)N2CCCC(C2)NC(=O)C3=C(N=C(C=C3)C(=O)NC4CCCC4)SCCC5=NC=CN=C5
298,C C C 1 = C C ( = C C = C 1 ) N C ( = O ) N ( C C N 2 C C O C C 2 ) C C ( = O ) N ( C C 3 = C C = C ( C = C 3 ) F ) C C 4 = C C = C S 4,14 15 90 145 191 193 241 310 383 395 507 523 587 649 656 675 699 703 807 875 881 926 935 950 978 1039 1057 1066 1145 1147 1190 1238 1256 1368 1380 1405 1410 1427 1441 1475 1480 1482 1567 1670 1750 1754 1799 1816 1843 1849 1917 1928 1951 1973,CC1=CC(=CC=C1)NC(=O)N(CCN2CCOCC2)CC(=O)N(CC3=CC=C(C=C3)F)CC4=CC=CS4
299,C C [C@@H] ( C ( = O ) N C 1 = C ( C = C C ( = C 1 ) [N+] ( = O ) [O-] ) C ) O C 2 = C C = C C = C 2 O C,1 80 249 294 532 597 650 664 695 707 715 753 780 807 838 841 875 949 1057 1088 1139 1152 1195 1199 1224 1274 1380 1410 1544 1633 1691 1750 1809 1814 1816 1861 1873 1963,CCC(OC1=CC=CC=C1OC(CC)OC2=CC=CC=C2OC(CC)OC3=CC=CC=C3OC(CC)OC)OC4=C(C=CC(=C4)[N+](=O)[O-])NC(=O)OC
300,C C 1 = C ( O C ( = C 1 C ( = O ) N 2 C C C ( C C 2 ) C 3 = N C 4 = C C = C C = C 4 O 3 ) C ) C,149 212 252 289 296 378 464 467 602 632 650 652 802 803 807 826 835 926 935 942 1019 1088 1097 1128 1199 1325 1480 1604 1722 1750 1808 1855 1873 1917 2000 2034,C1CN(CCC1C2=NC3=CC=CC=C3O2)C(=O)N4C(=C(O4)C)C
301,C 1 = C C = C ( C = C 1 ) C 2 = N O C ( = C 2 ) C N 3 C ( = O ) C ( N C 3 = O ) ( C 4 = C C = C C = C 4 ) C 5 = C C = C C = C 5,80 248 287 314 358 378 425 556 588 606 650 656 736 770 875 884 961 980 1114 1160 1199 1322 1380 1542 1631 1740 1750 1765 1803 1873 1934 1971 2044,C1=CC=C(C=C1)C2=NOC(=C2)CN3C(=O)NOC(=O)N3
302,C C O C ( = O ) C 1 = C C = C C = C 1 N C ( = O ) C O C 2 = C C 3 = C ( C C C 3 ) C = C 2,41 80 147 167 192 242 322 556 650 695 745 759 807 875 892 926 1028 1057 1088 1199 1224 1236 1380 1447 1452 1476 1501 1696 1722 1738 1750 1887 1917 1948 1980 1991 2004,CC1=CC=CC=C1C(=O)OCC(=O)NC2=CC=CC=C2C(=O)OCC(=O)NC3=CC4=C(CCC4)C=C3
303,C C ( = O ) O C 1 = C ( C ( = C ( C = C 1 C 2 = C C ( = C ( C ( = C 2 ) O C ) O C ( = O ) C ) O C ) O C ) O C ( = O ) C ) O C,205 249 352 650 695 807 841 845 875 900 932 996 1017 1057 1380 1429 1536 1562 1599 1775 1820 1873 1892 1917 1970,CC(=O)C1=C(C(=C(C=C1C2=CC(=C(C=C2OC)C3=CC(=C(C(=C3OC)OC)OC)OC)OC)OC)OC)OC
304,C 1 C C C 2 = C ( C 1 ) C 3 = C ( N = C ( N = C 3 S 2 ) C C 4 = C C = C C = C 4 ) N 5 C C N ( C C 5 ) C ( = O ) N C 6 = C C = C C 7 = C C = C C = C 7 6,42 49 80 130 162 218 310 361 368 378 389 407 427 540 650 675 807 858 935 997 1028 1039 1063 1066 1087 1088 1104 1199 1224 1357 1380 1381 1387 1430 1468 1472 1527 1573 1589 1696 1738 1816 1817 1855 1873 1917 1942 1984 2009,C1CCC2=C(C1)C3=C(S2)N=C(N=C3N4CCN(CC4)C(=O)NC5=CC=CC6=CC=CC=C65)CC7=CC=CC=C7
305,C 1 = C C = C ( C ( = C 1 ) C ( = O ) O C C ( = O ) N ( C C C # N ) C 2 = C C = C ( C = C 2 ) F ) O,80 89 90 145 147 235 244 376 413 439 650 674 695 699 741 783 790 881 960 1088 1089 1096 1129 1199 1211 1238 1384 1394 1410 1447 1602 1607 1670 1673 1750 1831 1873 1917 1928 1951 1991 1997 2004,C1=CC=C(C(=C1)C(=O)OCC(=O)N(CCC#N)C2=CC=C(C=C2)F)O
306,C [C@@] 1 2 C C C ( = O ) N 1 [C@@H] ( C S 2 ) C ( = O ) N ( C ) C C 3 = C N ( N = C 3 C 4 = C C = C C = C 4 ) C 5 = C C = C C = C 5,80 314 323 334 378 389 464 470 471 507 531 590 675 732 736 798 861 881 889 926 1019 1049 1057 1074 1139 1160 1163 1199 1274 1323 1348 1349 1380 1455 1486 1501 1667 1750 1825 1828 1873 1917 1937 1956 1970 2014,CN(CC1=CN(N=C1C2=CC=CC=C2)C3=CC=CC=C3)C(=O)[C@@H]4CSC(=O)N4C5=CC=CC=C5
307,C N 1 C 2 = C ( C = C C ( = C 2 ) F ) N = C ( C 1 = O ) N C 3 = C C = C ( C = C 3 ) C ( = O ) N C C 4 = C C = C S 4,14 80 191 196 197 241 265 314 357 378 486 491 504 564 650 656 675 708 727 807 813 843 875 888 935 961 993 1088 1097 1145 1152 1256 1380 1385 1410 1487 1491 1524 1567 1697 1750 1855 1856 1873 1917 1921 1928,C1=CSC(=C1)CNC(=O)C2=CC3=C(C=C2)N=C(C(=O)N3C)NC4=CC=C(C=C4)C(=O)NCC5=CC=CS5
308,C C ( = O ) [C@@] 1 2 C C C C [C@@] 1 ( C [C@@H] 3 C C C C [C@@H] 3 C 2 ) O C O C C O C,13 80 276 278 325 486 585 679 695 807 841 893 926 979 1004 1017 1019 1028 1057 1060 1127 1252 1325 1484 1580 1638 1645 1649 1707 1802 1917 1956,CC(=O)C1(CC2CCCCC2C1)OCCOC3(CC4CCCCC4C3)OCOC
309,C O C 1 = C C = C ( C = C 1 ) S ( = O ) ( = O ) N ( C C O ) C C O [C@H] 2 C [C@H] ( C = C ( O 2 ) C ( = O ) N C 3 C C C C C 3 ) C 4 = C C 5 = C ( C = C 4 ) C 6 = C C = C C = C 6 C 5,2 13 55 80 193 222 282 319 322 349 350 352 428 473 486 656 667 680 718 750 752 781 807 823 831 841 875 881 883 890 918 963 984 1019 1028 1085 1088 1152 1161 1192 1217 1236 1279 1292 1376 1476 1483 1564 1614 1634 1655 1708 1793 1803 1946 1951 1980,C1CCC(CC1)NC(=O)C2=C[C@@H](C[C@@H](O2)C3=CC4=C(C=C3)C5=CC=CC=C5C4)C6=CC=C(C=C6)OCCN(CCO)S(=O)(=O)NCCO
310,C 1 = C C ( = C ( C 2 = C 1 C ( = O ) O C 2 = O ) Br ) Br,195 247 314 352 536 650 656 680 728 833 1088 1225 1380 1390 1458 1750 1810 1873 1956,C1=CC(=C(C2=C1C(=O)OC2=O)Br)Br
311,C C C C C C C 1 = C C = C ( C = C 1 ) C 2 ( C 3 = C C = C C = C 3 C 4 = N C C C N 4 2 ) O,80 95 294 310 313 352 378 484 556 591 747 794 807 820 881 926 935 978 984 1028 1045 1088 1143 1184 1199 1243 1380 1395 1441 1444 1480 1601 1750 1754 1873 1911 1938 1969 1980 2020,C1CN=c2n(C1)c(c1c2cccc1)c1ccc(cc1)CCCCCCCCCCCCCCCCCC
312,C C 1 C C C ( = C C 1 ) / C = N / O,287 343 598 694 703 807 926 1057 1064 1148 1309 1325 1378 1380 1525 1781 1873 1877 1886 1915,CC1CC=C(C(=CC1)/C=C/O)/C=C/O
313,C 1 C N ( C C C 1 O C 2 = C C = C ( C = C 2 ) N 3 C = C N = C 3 ) C ( = O ) N C C ( = O ) N O,41 80 119 197 233 378 650 652 695 774 807 843 878 888 926 932 935 955 1019 1101 1152 1231 1325 1380 1440 1480 1631 1654 1715 1750 1825 1873 1884 1917 1988 2009,C1CN(CCC1ON2C=CN(C=C2)C3=CC=C(C=C3)N4C=CN=C4)C(=O)NCC(=O)NO
314,C C c 1 o c ( C N ( C 2 C C N ( C C c 3 c c c s 3 ) C 2 ) C ( = O ) C ) n c 1,14 80 150 218 301 378 379 383 404 477 507 526 675 697 739 807 809 817 869 881 917 926 935 1017 1019 1057 1088 1145 1243 1256 1261 1325 1380 1452 1480 1535 1567 1588 1604 1750 1791 1799 1873 1912 1934 2027 2034 2043,CC(=O)N(CC1=CC=CS1)C2CCN(C2)CCC3=CN=C(O3)CN(C4CCN(C4)CCC5=CC=CS5)C(=O)C
315,C C O C 1 = C ( C = C C ( = C 1 ) C = C 2 C ( = O ) N 3 C ( C ( = C ( N = C 3 S 2 ) C 4 = C C = C C = C 4 ) C ( = O ) O C C ) C 5 = C C = C C = C 5 ) O C C 6 = C C = C C = C 6 Cl,25 80 94 237 294 295 314 366 378 389 411 425 504 561 650 675 694 736 745 747 759 844 875 927 935 974 1019 1057 1088 1118 1134 1140 1180 1186 1199 1226 1268 1269 1279 1349 1382 1452 1512 1597 1634 1681 1683 1722 1750 1793 1796 1873 1917 1970,CCOC1=C(C=CC(=C1)/C=C/2\C(=O)N3C(C(=N2)C)C(=CC)C(=O)N=C3C)OCC4=CC=CC=C4Cl
316,C O C C N ( C C 1 = C O C ( = N 1 ) C 2 = C C = C ( C = C 2 ) O C ) C 3 C C 3,13 80 267 320 322 378 384 475 507 530 656 695 718 720 724 758 781 809 831 841 881 896 926 1019 1077 1154 1160 1233 1325 1380 1536 1614 1750 1760 1855 1873 1997,o1c(nc(c1)CN(C1CC1)C1CC1)c1ccc(cc1)OC
317,C C 1 ( C 2 = C ( N = C C = C 2 ) N ( C 1 = O ) C 3 = C C = C ( C = C 3 ) S C ) C,116 130 233 255 314 337 378 394 426 448 616 650 811 935 959 1043 1057 1060 1088 1097 1176 1255 1274 1279 1460 1686 1707 1723 1750 1825 1873,CC1(C2=C(N=CC=C2)N(C1=O)C3=CC=C(C=C3)SC)C
318,C O C 1 = C C = C C 2 = C 1 O C ( = O ) C ( = C 2 ) C 3 = N C 4 = C ( C = C ( C = C 4 ) Cl ) C ( = N 3 ) C 5 = C C = C C = C 5 Cl,92 142 165 212 216 249 314 323 352 378 389 561 650 656 695 816 841 875 961 974 984 997 1016 1039 1057 1097 1122 1199 1235 1309 1345 1356 1357 1380 1385 1428 1468 1536 1604 1607 1683 1750 1793 1855 1873,COC1=NC2=C(C=C(C=C2)Cl)C(=N1)C3=CC4=C(N=C3C5=CC=CC=C5Cl)OC4=O
319,C C 1 ( C ( C ( = C ) O N 1 C ) C # N ) C,35 272 400 472 656 674 790 935 1019 1057 1060 1145 1274 1313 1366 1380 1769 2029,CC1(C(C(=C)ON1C)C#N)C
320,C C C C ( = O ) O C C ( = O ) N C 1 = C ( C ( = C S 1 ) C 2 = C C = C S 2 ) C ( = O ) O C C,14 41 50 54 62 147 167 241 264 383 450 552 675 677 759 794 807 1057 1088 1127 1152 1238 1322 1342 1357 1380 1386 1564 1567 1578 1666 1722 1750 1816 1873 1917 2004,CCCC(=O)OCC(=O)NC1=C(C(=CS1)C2=CC=CS2)C3=CC=CS3
321,C C C 1 = C C = C C = C 1 N S ( = O ) ( = O ) C 2 = C ( C = C C ( = C 2 ) N = N C 3 C ( = N N ( C 3 = O ) C 4 = C ( C = C C ( = C 4 ) S ( = O ) ( = O ) O ) Cl ) C ) C,5 80 191 200 202 209 294 314 319 340 350 366 378 392 409 548 561 592 626 650 666 715 807 875 1019 1057 1088 1144 1152 1199 1203 1224 1295 1349 1372 1391 1476 1480 1490 1506 1527 1528 1532 1683 1691 1712 1750 1790 1799 1854 1873 1945 1953,CCC1=CC=CC=C1S(=O)(=O)C2C(=NN(C2=O)C3=C(C=CC(=C3)S(=O)(=O)O)Cl)NCl
322,C C 1 = C ( C = C C ( = C 1 ) F ) C 2 = C C ( = N C = C 2 N ( C ) C ( = O ) C ( C ) ( C ) C 3 = C C ( = C C ( = C 3 ) C ( F ) ( F ) F ) C ( F ) ( F ) F ) N C C S ( = O ) ( = O ) C,54 80 81 114 138 182 314 350 352 378 392 481 532 680 807 809 825 845 875 881 1038 1057 1060 1152 1158 1163 1238 1248 1260 1380 1391 1410 1416 1452 1453 1457 1476 1487 1535 1722 1724 1901 1917 1928 2018 2046,CC1=CC(=C2C1=CC(=O)C=N2)N(C)C(=O)C(C)(C)C(=O)N(C)C3=CN=C(C=C3C)C(F)(F)F
323,C C O C C ( = O ) N C 1 = N O C ( = C 1 ) C,41 80 167 248 294 363 378 695 807 875 886 892 1057 1065 1099 1152 1184 1238 1380 1398 1528 1542 1722 1742 1816 1873 1917 1992 2004,CCOCC(=O)NC1=NOC(=C1)C
324,C C ( C ) / C = N / N C 1 = N C ( = C S 1 ) C 2 = C C = C ( C = C 2 ) Br,1 117 283 338 378 385 426 675 694 728 909 980 1152 1157 1248 1264 1266 1314 1380 1458 1567 1631 1649 1697 1750 1855 1867 1873,C1=CC(=CC=C1Br)C2=CSC(=N2)N/C=C/C(C)C
325,C N C [C@@H] ( C 1 = C C ( = C C = C 1 ) Br ) O,227 485 632 728 766 807 1039 1057 1152 1362 1365 1434 1581 1631 1750 1868 1873 1995,CNNC(C1=CC(=CC=C1)Br)O
326,C ( N ( C c 1 c c ( c c ( c 1 ) F ) F ) c 1 c c c 2 N ( C C ( O c 2 c 1 ) ( C ) C O c 1 c c c ( c c 1 ) C # N ) C ) C ( = O ) O C C,34 80 102 147 224 280 294 305 364 369 507 511 536 588 602 650 674 695 699 718 720 790 807 862 873 875 881 926 935 960 1057 1058 1060 1065 1096 1136 1145 1190 1229 1238 1274 1282 1295 1380 1384 1386 1452 1540 1670 1687 1693 1722 1725 1732 1750 1754 1905 1915 1917 1920 1928 2033,CCN1C2=C(C=C(C=C2)N(CC3=CC(=CC(=C3)F)C#N)CC(=O)OCC)N(CC(C)(COC4=CC=C(C=C4)C#N)C)C
327,C 1 C O C 2 = C ( C = C ( C ( = C 2 ) N C ( = O ) C N 3 C C N ( C C 3 ) C C 4 = C C = C ( S 4 ) Cl ) Cl ) O C 1,41 74 80 162 366 441 504 561 614 650 656 675 738 807 875 888 898 910 926 935 950 1028 1120 1152 1158 1224 1284 1312 1369 1480 1529 1683 1750 1765 1791 1816 1917 1920 1948,C1CN(CCN1CC2=CC=C(S2)Cl)CC(=O)NC3=CC4=C(C=C3Cl)OCCO4
328,C N 1 C C C N C ( C 1 ) C N ( C ) C,60 80 207 303 305 834 881 1019 1028 1114 1145 1163 1507 1733 1760 1912 1921,C1CNC(NC1)CN(C)N(C)CC2CN(CCCN2)C
329,N ( c 1 n c 2 c ( s 1 ) c c c c 2 ) c 1 n c 2 c ( s 1 ) c c ( c c 2 ) Cl,162 289 378 385 461 491 561 664 675 716 816 875 961 962 980 1088 1152 1180 1380 1726 1750 1855 1873,C1=CC2=CC3=CC=C(S3)N=C4C=CC(=CC5=NC(=CC(=N1)S2)C=C5)S4
330,C 1 C C O C ( C 1 ) O N C ( = O ) C 2 ( C C N ( C C 2 ) C ( = N ) C 3 = C C = C C = C 3 ) S ( = O ) ( = O ) N 4 C C C ( C C 4 ) O C 5 = C C = C ( C = C 5 ) C ( F ) ( F ) F,114 116 119 188 310 322 350 357 361 383 389 484 497 559 585 623 650 656 718 751 802 807 809 829 888 890 912 924 926 935 950 959 1019 1028 1060 1088 1104 1141 1152 1199 1249 1260 1298 1325 1385 1453 1476 1480 1503 1509 1665 1725 1750 1811 1903 1917 1985 1988 2009,C1CCOC(C1)ONC(=O)C2(C(C2(C3=CC=C(C=C3)C(F)(F)F)S(=O)(=O)N4CCC(CC4)OC(=N)C5=CC=CC=C5)C6OCCCCO6)SC(=N)C7=CC=CC=C7
331,C C O C C C N C ( = O ) C 1 = C C ( = N C = C 1 ) N 2 C = C N = C 2,8 13 80 197 219 265 294 378 396 486 490 526 527 650 667 787 807 875 922 932 935 1101 1187 1238 1325 1380 1385 1603 1654 1750 1799 1866 1872 1873 1876 1911 1917 1986 1992,C1=CN=CN1C2=NC=CC(=C2)C(=O)NCCCOCC
332,C C C 1 = C C = C ( C = C 1 ) O C 2 = N C = N C ( = C 2 N ) N ( C ) C,80 259 275 294 310 322 378 401 463 489 881 898 1057 1163 1171 1213 1452 1457 1617 1750 1810 1845 1873 1957 1978,CCC1=CC=C(C=C1)OC2=NC=NC(=C2N)N(C)N
333,C 1 C = C C [C@@H] ( [C@H] 1 C ( = O ) N C 2 = N C ( = C S 2 ) C 3 = C ( C = C C ( = C 3 ) Cl ) Cl ) C ( = O ) O,117 209 216 238 352 366 378 385 389 552 598 650 666 675 689 702 807 816 843 875 926 980 1128 1152 1214 1217 1272 1319 1356 1380 1567 1683 1750 1855 1873 1917 1983 2037,C1C=CCC(C1C(=O)NC2=NC(=CS2)C3=C(C=CC(=C3)Cl)Cl)C(=O)NC4=NC(=CS4)C5=C(C=CC(=C5)Cl)Cl
334,C C ( C ) C C ( = O ) N C ( C 1 = C C = C ( C = C 1 ) O ) [C@@H] ( C ( = O ) O C C 2 = C C = C C = C 2 ) N [C@H] 3 C C [C@] 4 ( C 5 C C 6 = C 7 C 4 ( [C@H] 3 O C 7 = C ( C = C 6 ) O ) C C N 5 C ) O C,25 27 41 80 115 117 126 147 211 231 283 311 353 497 499 506 568 582 583 602 608 613 650 656 695 745 750 787 807 926 935 960 1039 1057 1060 1066 1088 1118 1145 1152 1162 1174 1199 1236 1288 1294 1313 1325 1380 1403 1475 1480 1520 1602 1693 1732 1750 1754 1778 1808 1847 1873 1980 2009 2042,CN1CC[C@]23[C@@H]4[C@]5(C=C[C@]2(C1)CC6=C3C(=C(C=C6)O)O4)CN(C5)C(=O)OCC7=CC=CC=C7
335,C C C C C N 1 C ( = C ( C 2 = N C 3 = C C = C C = C 3 N = C 2 1 ) S ( = O ) ( = O ) C 4 = C C = C ( C = C 4 ) C ) N S ( = O ) ( = O ) C 5 = C C = C ( C = C 5 ) F,45 80 90 235 257 289 294 319 350 378 400 502 591 641 650 699 715 794 802 893 935 1021 1057 1088 1097 1152 1184 1199 1268 1270 1302 1444 1463 1476 1571 1620 1670 1696 1722 1724 1823 1855 1894 1911 1920 1928 1998 2042,CCCCCN1C(=C(C2=NC3=CC=CC=C3N=C21)S(=O)(=O)C4=CC=C(C=C4)C)NS(=O)(=O)C5=CC=C(C=C5)F
336,C C C C C C C C C = C C C C C C C C C ( = O ) C 1 = N C C N 1 C C O,52 294 313 333 378 410 473 650 694 775 807 881 926 935 1057 1089 1143 1145 1152 1356 1444 1480 1564 1755 1802 1911 2007,CN1CCN=C1C/C=C/CCCCCCC/C=C/CCN2CCN=C2/C(=C/C3=NCCN3CC/C=C/CCCCCCCC)/C4=NCCN4C
337,C C ( C ) ( C ) O C ( = O ) N C C C 1 ( C C C C C C C C C C C 1 = O ) [N+] ( = O ) [O-],2 114 197 231 310 392 396 650 667 695 715 795 807 926 1028 1040 1057 1060 1104 1152 1162 1280 1380 1638 1696 1738 1758 1855 1859 1963 1988 2010 2011,CC(C)(C)OC(=O)NCCC1(CCCCC1)[N+](=C2CCCCC2)[O-]
338,C O C 1 = C C = C C = C 1 C N C ( = O ) C O C ( = O ) / C = C / C 2 = C C = C ( C = C 2 ) F,25 31 37 41 80 90 147 197 219 255 333 694 699 841 878 1048 1057 1073 1088 1199 1308 1349 1380 1410 1499 1588 1670 1750 1873 1917 1928 1970 2033,COC1=CC=CC=C1CNC(=O)COC(=O)/C=C/C2=CC=C(C=C2)F
339,C C ( = O ) N C 1 = C C ( = C C ( = C 1 ) C ( = O ) N C 2 = C C ( = C C = C 2 ) O C C 3 C C C O 3 ) N C ( = O ) C,80 84 184 245 248 322 361 486 490 530 562 650 656 695 703 749 807 821 849 875 926 1017 1019 1039 1057 1136 1152 1380 1410 1452 1468 1501 1509 1563 1632 1750 1795 1816 1917 1936 1978,CC(=O)NC1=CC(=CC=C1)NC(=O)C2=CC(=CC=C2)NC(=O)C3=CC4=C(C3)OCC4COC5=CC=CC(=C5)NC(=O)C
340,C C C 1 = C C = C ( C = C 1 ) [C@@H] ( C ) N C ( = O ) C O C ( = O ) C 2 = C C = C C = C 2 O,80 117 147 283 294 552 650 688 807 1057 1088 1152 1211 1380 1447 1499 1602 1607 1627 1673 1695 1750 1754 1799 1831 1853 1917 1929 1991 1997,CCC1=CC=C(C=C1)[C@@H](C)NC(=O)COC(=O)C2=CC=CC=C2O
341,C 1 C C 1 2 C C 2 ( C ( = O ) O ) N,184 492 807 926 1060 1171 1440 1458 1686 1844 1863 1917 1989 2033,C1C2(C1(C(=O)O)N)CC23CC34CC4(C5(CC5(N)N)C(=O)O)C6(CC6(N)N)C(=O)O
342,C C ( C ) C 1 = C ( C ( = C ( N 1 C C [C@@H] 2 C [C@@H] ( O C ( O 2 ) ( C ) C ) C C ( = O ) O ) C 3 = C C = C ( C = C 3 ) F ) C 4 = C C = C C = C 4 ) C ( = O ) N C 5 = C C = C C = C 5,80 90 109 152 191 351 586 598 624 650 656 699 703 736 792 802 807 832 896 926 963 970 1004 1019 1053 1057 1060 1070 1133 1145 1152 1160 1199 1217 1292 1323 1380 1383 1410 1413 1670 1679 1701 1737 1746 1747 1750 1816 1856 1873 1917 1928 1978,C1[C@H](O[C@]2([C@@H]1O2)C(=O)NC3=CC=CC=C3)CC[C@@H]4C[C@H](OCO4)CC(=O)C5=C(C(=C(C(=C5C6=CC=C(C=C6)F)C7=CC=CC=C7)C8=CC=C(C=C8)F)C9=CC=CC=C9)C
343,C 1 = C C 2 = C ( C = C 1 Br ) C ( = O ) C = C N 2 C C # N,45 80 314 363 674 728 766 790 935 1089 1101 1157 1357 1384 1443 1455 1503 1506 1620 1679 1683 1750 1791 1944 2021,C1=CC2=C(C=CN2CC#N)C3=C1N(C=CC3=O)CC#N
344,C C O C ( = O ) C 1 = C ( S C ( = C 1 C 2 = C C = C C = C 2 ) C ) N C ( = O ) C 3 = C C = C ( C = C 3 ) O [C@H] ( C ) C ( = O ) N C 4 = C C = C ( C = C 4 ) C,1 35 50 80 145 147 162 191 216 235 294 310 322 389 486 573 586 624 650 664 695 718 736 759 807 843 968 1057 1088 1144 1160 1199 1238 1379 1385 1435 1665 1722 1750 1795 1816 1823 1873 1874 1917,CCOC(=O)C1=C(SC(=C1C(=O)OCC)NC(=O)C2=CC=C(C=C2)OC(C(=O)NC3=CC=C(C=C3)C)OC4=CC=C(C=C4)C)C5=CC=CC=C5
345,C C 1 = C ( C ( = C C = C 1 ) C ) N C ( = O ) C ( C 2 = C C ( = C ( C = C 2 ) O ) C ) N ( C ( C ) C C C ( C ) C ) C ( = O ) C ( C C 3 = C C = C ( C = C 3 ) O ) N C ( = O ) O C ( C ) ( C ) C,1 79 114 117 167 231 283 310 330 381 460 509 573 689 695 736 752 801 807 857 875 881 882 984 1019 1039 1057 1088 1313 1318 1365 1380 1485 1574 1602 1607 1700 1722 1750 1754 1758 1787 1790 1847 1853 1859 1860 1873 1917 1977 1999 2006,CC1=C(C(=CC=C1)C)N(C(C)CCC(C)C)C(=O)C(CC2=CC=C(C=C2)O)NC(=O)OC(C)(C)C
346,N C ( = O ) C 1 C C N ( C C 1 ) C ( = O ) C C c 1 c ( c 2 c ( o c 1 = O ) c c 1 c ( c 2 ) c ( c o 1 ) c 1 c c c ( c c 1 ) F ) C,80 90 111 222 252 304 305 314 352 406 465 591 650 652 699 722 760 807 875 896 935 974 1009 1019 1057 1160 1171 1233 1243 1357 1380 1410 1441 1468 1480 1564 1577 1604 1670 1722 1750 1837 1873 1898 1917 1928 2009 2034,CC1=C(C(=O)OC2=CC(=C(C=C12)C3=CC=C(C=C3)F)F)CCC(=O)N4CCC(CC4)C(=O)N
347,C 1 C ( C ( O C 1 = O ) C C ( = O ) O ) N C ( = O ) C N C ( = O ) C 2 = C C ( = C C ( = C 2 ) O ) N C 3 = N C C ( C N 3 ) O,41 80 191 197 231 261 265 314 387 389 486 491 520 542 590 591 610 745 747 749 750 770 807 970 1019 1030 1039 1062 1087 1152 1257 1280 1296 1380 1385 1395 1398 1440 1509 1548 1602 1737 1753 1765 1849 1866 1873 1882,C1C(CC(=O)C(=C1NC2=CC(=CC(=C2)C(=O)NCC(=O)O)C(=O)NCC(=O)NC3C(=O)C(=C(C(=O)C34C(=O)C(=O)C(=C4O)O)O)O)O)O
348,C C C C C C C C C C C C C C C C N C 1 = C ( C ( = N C = N 1 ) N 2 C C C ( C C 2 ) C C 3 = C C = C C = C 3 ) N,29 80 130 141 275 294 335 389 407 458 489 573 591 592 708 794 800 872 926 1019 1057 1066 1088 1143 1152 1171 1199 1260 1325 1380 1416 1439 1444 1452 1456 1457 1480 1750 1754 1810 1873 1911 1972,CCCCCCCCCCCCCCCCNC1=C(C(=NC=N1)N2CCC(CC2)CC3=CC=CC=C3)N
349,C N C C ( = O ) N 1 C C C C 2 = C C = C C = C 2 1,177 586 626 650 807 926 935 1009 1028 1057 1088 1138 1186 1199 1215 1236 1295 1380 1387 1440 1445 1480 1708 1738 1750 1873 1995,C1CC2=CC=CC=C2N(C1)C(=C(N3CCCC4=CC=CC=C43)N5CCCC6=CC=CC=C65)N7CCCC8=CC=CC=C87
350,C O C 1 = C ( C = C ( C = C 1 ) C 2 = N N ( N = N 2 ) C C ( = O ) N ( C C 3 C C C O 3 ) C ( C 4 = C C = C ( C = C 4 ) F ) C ( = O ) N C C 5 C C C O 5 ) O C,1 90 94 123 140 215 239 248 249 256 330 361 378 573 656 695 699 802 807 821 834 841 875 881 896 926 935 1019 1057 1152 1160 1164 1206 1236 1238 1245 1312 1325 1365 1380 1385 1391 1410 1440 1468 1604 1695 1750 1783 1861 1873 1881 1928 1956 1970,COC1=C(C=C(C=C1)C2=NN(N=N2)CC(=O)N(C[C@@H]3CCCO3)[C@@H](C4=CC=C(C=C4)F)C(=O)N[O-])OC
351,Cl C 1 ( Cl ) C ( C 1 ) C n 1 c 2 c ( n c 1 ) c c c c 2,39 45 80 113 661 665 679 908 932 935 1019 1060 1097 1237 1285 1362 1375 1380 1452 1683 1750 1864 1873,C1C(C1(Cl)Cl)CN2C=NC3=C2N(C=N3)CC4CC4(Cl)Cl
352,C C 1 = C ( C ( = C ( C ( = C 1 N = C ) C ) C ) N = C ) C,252 1052 1057 1206 1454 1665 1722 1804,CC1=C(C2=C(C(=C1C)C)C)C3=C(C(=C(C(=C3C)C)C)C)C4=C(C(=C(C(=C4C)C)C)C)C
353,C C O C ( = O ) C 1 = C ( S C 2 = C 1 C C C C 2 ) N C ( = O ) C ( C ) S C 3 = N N = C ( N 3 C ) C N C ( = O ) C 4 = C C ( = C ( C = C 4 ) O C ) O C,1 42 50 54 80 94 112 116 140 145 147 196 197 220 249 283 294 310 318 378 428 486 526 554 564 586 650 675 695 707 747 759 807 808 813 841 875 935 1028 1057 1121 1145 1152 1162 1164 1173 1238 1385 1391 1449 1507 1536 1622 1714 1722 1738 1750 1816 1817 1833 1873 1917 1980,CCOC(=O)C1=C(SC2=C1CCCC2)NC(=O)C3=CC(=C(C=C3)OC)C(=O)NCC4=NN=C(N4C)SC(C)C(=O)OCC
354,C 1 = C C ( = C C = C 1 C 2 = [N+] ( [N+] ( = C ( C 2 = O ) C 3 = C C = C ( C = C 3 ) Cl ) [O-] ) [O-] ) Cl,58 205 216 314 383 463 650 715 816 896 1070 1160 1305 1314 1380 1683 1728 1750 1873,C1=CC(=CC=C1C2=[N+](C(=O)[N+](=C2)[O-])[O-])Cl
355,C C 1 = C ( C ( C 2 = C ( N 1 ) C C C C 2 = O ) C 3 = C C 4 = C ( C = C 3 ) O C ( C C 4 ) ( C ) C ) C # N,239 256 257 259 314 349 394 599 650 656 674 751 790 871 892 1019 1028 1035 1057 1060 1114 1136 1162 1171 1215 1236 1274 1279 1380 1384 1387 1388 1429 1537 1574 1582 1651 1674 1722 1738 1750 1755 1793 1803 1852 1905,CC1=C([C@@H](C2=C(N1)CCCC2=O)C3=CC4=C(C=C3)OC(CC4)(C)C)C#N
356,C C ( C 1 = C ( C = C O 1 ) O C ) O,1 166 249 283 656 695 807 1233 1380 1536 1758 1796 1873 1950 1977,C1=COC(=C1OC)C(C)[Si]O
357,C 1 C C ( = N C 1 C 2 = C C = C ( C = C 2 ) C 3 = C C 4 = C ( C = C 3 ) O C ( O 4 ) ( F ) F ) C 5 = C C = C C = C 5 Cl,106 166 251 352 366 378 458 561 656 675 785 896 926 984 991 1019 1035 1060 1077 1088 1160 1199 1279 1324 1325 1356 1380 1395 1531 1570 1683 1711 1750 1769 1803 1905 1928,C1CC(N=C1C2=CC=CC=C2Cl)C3=CC=C(C=C3)C4=CC5=C(C=C4)OC(O5)(F)F
358,C N ( C ) C 1 = C C = C ( C = C 1 ) N C ( = O ) C ( C 2 C C C = C C 2 ) N ( C C 3 = N C ( = C S 3 ) C 4 = C C = C ( C = C 4 ) O C ) C ( = O ) C N 5 C 6 = C C = C C = C 6 C ( = O ) C 5 = O,1 80 256 314 321 328 378 507 552 582 588 650 675 695 704 737 781 801 807 831 843 879 881 896 926 935 941 980 982 1019 1057 1077 1088 1128 1152 1160 1163 1199 1238 1264 1295 1312 1325 1379 1427 1473 1509 1567 1578 1601 1631 1664 1671 1700 1750 1810 1816 1855 1861 1873 1944 1957 1971 1978 1991 2027,CN(C)C1=CC=C(C=C1)NC(=C2C(C(=O)N(C2=O)CC(=O)N(C)C)N(C)C)C3=NC(=CS3)C4=CC=C(C=C4)OC
359,C 1 C C N ( C C 1 ) C C ( = O ) N C 2 = C C ( = C C ( = C 2 ) N C 3 = C 4 C = C C ( = C C 4 = N C = C 3 ) Cl ) C O C ( = O ) N C C C N 5 C C N C C 5,2 76 80 84 103 147 197 216 277 395 491 561 650 653 673 695 745 787 807 819 875 901 926 935 975 1028 1097 1114 1145 1152 1262 1280 1308 1312 1374 1422 1452 1480 1482 1506 1632 1637 1683 1733 1750 1754 1758 1791 1816 1876 1911 1914 1917 1998 2008 2020,C1CCN(CC1)CCCNC(=O)OCC2=CC3=NC=CC(=CC3=C2)NC(=O)OCC4=CC(=NC=C4)Cl
360,C C ( C N 1 C C N ( C C 1 ) C 2 = C C = C C = C 2 ) N 3 C ( N C ( = O ) C 4 = C 3 C = C C ( = C 4 ) O ) C 5 = C C = C C = C 5,1 38 74 83 283 301 313 314 320 321 352 381 407 687 745 766 807 875 926 935 1049 1057 1088 1182 1199 1279 1295 1313 1380 1489 1508 1602 1657 1663 1750 1791 1812 1825 1873 1879 1915 1922,CC(CN1CCN(CC1)C2=CC=CC=C2)N3C4=C(C=C(C=C4)O)C(=O)N3[Si](C5=CC=CC=C5)C(C)C
361,c 1 ( [nH] n c ( c 1 Cl ) C ( = O ) N c 1 c ( c c ( c c 1 ) F ) Cl ) C ( F ) F,1 74 79 160 272 366 378 561 594 650 699 702 807 875 888 947 1025 1050 1114 1152 1224 1324 1380 1405 1410 1487 1670 1683 1816 1870 1873 1928 2004 2045,C1=CC(=C(C=C1F)Cl)NC(=C2C=C(NN2)C(F)F)F
362,C N ( C ) C 1 = N C = N C 2 = C 1 N = C ( N 2 C 3 = N N = C ( C = C 3 ) O C ) C 4 = C C ( = C C = C 4 ) F,158 209 230 259 465 489 527 635 641 695 736 788 875 881 935 997 1034 1039 1055 1057 1088 1160 1163 1164 1213 1299 1380 1452 1518 1536 1549 1554 1570 1670 1700 1724 1810 1855 1873 1928 1964 1990 1993,CN(C)C1=NC=NC2=C1N=C(N2C3=NN=C(C=C3)OC)C4=CC(=CC=C4)F
363,C C C 1 = C C = C C = C 1 C 2 = C ( C 3 = C C = C C = C 3 C = C 2 ) S,80 203 229 246 650 759 984 1057 1087 1088 1199 1349 1380 1573 1597 1756 1799 1855 1872 1873,CSC1=CC=CC=C1C2=CC=CC=C2CC3=CC=CC=C3CC
364,C C ( C ) ( C ) C 1 = C ( C ( = C C ( = C 1 ) Br ) Cl ) C Cl,80 114 392 419 728 875 1057 1109 1328 1380 1415 1432 1631 1725 1873 1876 1895 1932 2018 2034,CC(C)(C1=CC(=C(C(=C1CCl)CCl)CC(C)(C)Br)Br)Br
365,C C [Si] ( C C ) ( C C ) C 1 = C ( C = C ( C ( = C 1 ) C ( = O ) O ) C ( F ) ( F ) F ) C ( F ) ( F ) F,80 114 236 262 294 331 378 389 419 456 478 501 809 875 1047 1125 1380 1453 1567 1917 1928 1976 1991,CC[Si](CC)(CC)C1=C(C=C(C(=C1)C(=O)O)C(F)(F)F)C(F)(F)F
366,C 1 = C C = C ( C ( = C 1 ) C S C 2 = N N = C ( S 2 ) N C ( = O ) C C 3 = C C = C ( C = C 3 ) Cl ) Cl,41 80 116 162 216 295 325 341 366 385 561 650 675 730 762 807 816 913 974 999 1056 1070 1152 1164 1199 1349 1380 1567 1683 1707 1754 1756 1759 1917 2001 2024,C1=CC=C(C(=C1)CSC2=NN=C(S2)NC(=O)CC3=CC=C(C=C3)Cl)Cl
367,C S C 1 = C C = C C ( = C 1 ) N C ( = S ) N C C 2 = C C = C O 2,27 97 116 184 197 394 703 711 721 787 807 811 875 977 1039 1057 1152 1167 1233 1380 1436 1466 1513 1518 1723 1750 1816 1873 1926 1934 1960,CSC1=CC=CC(=C1)NC(=S)NCC2=CC=CO2
368,C C ( C ) ( C 1 = C C = C ( C = C 1 ) C ( C ) ( C ) C 2 = C C = C ( C = C 2 ) N C ( = O ) N C 3 = C C = C C = C 3 ) C 4 = C C = C ( C = C 4 ) N C ( = O ) N C 5 = C C = C C = C 5,8 56 114 191 389 392 650 679 703 807 1057 1077 1152 1199 1417 1665 1750 1816 1873 1917 1989 1990,CC(C)(C1=CC=C(C=C1)C(C)(C)C2=CC=C(C=C2)NC(=O)NC3=CC=CC=C3)C4=CC=C(C=C4)NC(=O)NC5=CC=CC=C5
369,C 1 C C N ( C C 1 ) C ( = O ) C N 2 C ( = O ) / C ( = C / C 3 = C C ( = C ( C = C 3 ) O C C 4 = C C = C ( C = C 4 ) Cl ) Br ) / S C 2 = O,2 25 58 80 94 107 216 273 281 287 310 314 369 588 650 675 694 726 728 816 833 875 879 1003 1009 1027 1028 1226 1312 1313 1382 1390 1452 1469 1480 1631 1691 1750 1754 1873 1917 1970 1998 2009 2033 2042 2044,C1CCN(CC1)C(=O)CN2C(=O)C(=CC3=CC(=C(C=C3)OCC4=CC=C(C=C4)Cl)Br)SC2=O
370,C O c 1 c c c c 2 c 3 n ( C 4 C C C C C 4 ) c ( = O ) n ( c ( = O ) c 3 c n c 1 2 ) c 1 c c c c ( Cl ) c 1,2 216 249 314 378 489 506 561 592 650 695 716 771 795 841 875 890 926 935 1019 1028 1049 1057 1088 1141 1325 1334 1357 1380 1440 1445 1452 1535 1536 1573 1602 1683 1686 1750 1825 1873 1910 1993 2046,COC1=CC(=O)N(C(=O)N1C2CCCCC2)C3=CC(=CN=C3)Cl
371,C [C@@H] ( C ( = O ) C 1 = C C = C ( C = C 1 ) Br ) O C ( = O ) C 2 = N N C ( = O ) C C 2,1 69 93 110 145 267 283 314 378 647 732 903 909 926 1057 1114 1157 1380 1385 1575 1631 1632 1649 1697 1738 1750 1798 1873 1878 1917,CC(C)[Si](C(C)C)(C(C)C)C(=O)C1=NNC(=O)CC1
372,C C 1 = C C ( = C ( C = C 1 ) C ) C ( = O ) O [C@H] ( C ) C ( = O ) N C 2 = C C ( = C C ( = C 2 ) Cl ) Cl,69 84 110 145 191 216 235 263 283 561 573 650 695 807 875 878 927 1013 1057 1117 1128 1144 1152 1235 1269 1391 1626 1691 1722 1816 1823 1873 1917,CC1=CC(=C(C=C1)C)C(=O)O[C@@H](C)C(=O)NC2=CC(=CC(=C2)Cl)Cl
373,C C 1 = C ( [C@@H] ( C 2 = C ( N 1 ) C [C@H] ( C C 2 = O ) C 3 = C C = C ( C = C 3 ) Cl ) C 4 = C C = C ( C = C 4 ) O C ) C ( = O ) O C C ( C ) C,1 80 118 211 216 256 257 283 300 314 322 401 561 674 695 718 751 781 807 816 831 926 1005 1057 1060 1070 1114 1158 1169 1171 1279 1321 1380 1419 1488 1536 1651 1683 1722 1750 1751 1847 1873 1917 2000 2034,CC1=C(C(C2=C(N1)CC(CC2=O)C3=CC=C(C=C3)OC)C4=CC=C(C=C4)Cl)C(=O)OOCC(C)C
374,C C 1 = C C ( = C ( C = C 1 C O C ( = O ) C 2 = C S C ( = N 2 ) C 3 = C C = C ( C = C 3 ) F ) O C ) O C,90 145 147 249 280 378 518 552 657 675 699 701 807 841 855 875 896 1057 1071 1297 1349 1380 1382 1410 1536 1567 1592 1670 1750 1855 1876 1917 1928 1934 1970 2021,COC1=CC(=C(C=C1COC(=O)C2=CSC(=N2)C3=CC=C(C=C3)F)OC)COC(=O)C4=CSC(=N4)C5=CC=C(C=C5)F
375,C O C 1 = C ( C = C C ( = C 1 ) [N+] ( = O ) [O-] ) N C ( = O ) C N 2 C C N ( C C 2 ) C C 3 = C C = C ( C = C 3 ) O C ( F ) ( F ) F,41 74 80 114 145 310 317 322 650 715 718 724 753 784 807 838 841 875 926 1019 1057 1195 1224 1274 1284 1312 1409 1453 1480 1536 1571 1683 1750 1754 1765 1771 1791 1809 1814 1816 1873 1917 1920 1928 1948 1970,COC1=CC(=C(C=C1NC(=O)CN2CCN(CC2)CC3=CC=C(C=C3)[N+](=O)[O-])O[Si]C(F)(F)F)NC(=O)CN4CCN(CC4)CC5=CC=C(C=C5)OC(F)(F)F
376,C C ( = O ) O C O C ( = O ) O C 1 = C C = C C ( = C 1 ) N ( C 2 = C C = C C = C 2 ) C 3 = C C = C C ( = C 3 ) N ( C 4 = C C = C C = C 4 ) C 5 = C C ( = C C = C 5 ) O C,147 161 170 245 288 294 389 555 562 626 650 695 781 807 841 846 875 881 1017 1035 1039 1057 1060 1088 1096 1211 1281 1380 1396 1729 1750 1873 1917 1956 1972 1975,CC(=O)OCOC(=O)OC1=CC=CC(=C1)N(C2=CC(=CC=C2)OC)C3=CC(=CC=C3)OC(=O)OCOC(=O)C
377,C [C@@H] 1 C = C [C@H] ( C [C@H] 1 C O ) O C ( = O ) C,40 80 202 222 482 521 650 695 796 926 1017 1019 1035 1083 1126 1292 1309 1353 1516 1575 1777 1873 1931,C1[C@H](C=C[C@H]([C@@H]1OC(=O)C)C)CO
378,C C C C ( C 1 = C C = C C = C 1 ) N C ( = O ) C 2 C C N ( C C 2 ) C 3 = N C = C ( C = C 3 ) C ( F ) ( F ) F,80 114 117 291 294 335 378 389 407 514 527 560 635 650 662 689 739 794 807 809 926 935 974 1046 1057 1088 1152 1175 1275 1314 1365 1417 1452 1453 1465 1480 1535 1581 1665 1736 1750 1824 1873 1928,CCCC(C1=CC=CC=C1)NC(=O)C2CCN(CC2)C3=NC=C(C=C3)C(F)(F)F
379,C N 1 C ( = O ) C S C 2 = C 1 C = C ( C = C 2 ) N C ( = O ) N C 3 = C ( C = C ( C = C 3 ) Br ) F,56 157 184 248 314 573 650 675 699 728 744 766 798 843 862 875 949 987 1057 1074 1145 1152 1157 1160 1224 1285 1295 1328 1380 1631 1734 1840 1856 1873 1876 1908 1915 1917 1928 1989,CN1C2=C(C=C(C=C2)NC(=O)NC3=C(C=C(C=C3)Br)F)SCC1=O
380,C C C ( C ) C ( = O ) C N ( C ) C 1 = C C = C C = C 1,1 80 183 283 288 294 389 556 650 881 987 1057 1088 1096 1101 1163 1190 1263 1544 1750 1760 1873 1917,CCC(C)C(=O)CN(C)C1=CC=CC=C1
381,C / C ( = C \ C 1 = C C = C O 1 ) / C = N / N C ( = O ) C 2 = C C ( = N N 2 ) C 3 = C C = C 4 C C C 5 = C 4 C 3 = C C = C 5,74 143 165 265 318 352 378 474 486 494 650 656 664 680 694 725 787 832 875 926 1017 1039 1057 1088 1114 1127 1152 1233 1236 1380 1419 1486 1665 1708 1742 1746 1750 1794 1867 1873 1917 1926 1930 1980 1984 2004 2023,C/C(=C\C1=CC=CO1)/C=N\NC(=O)C2=CC3=C4C(=CC=C5C4=C(C=C5)C6=C7C(=CC=C6)CC8=C7C(=CC=C8)C3)N2
382,C ( / C = C / C = C / C ( = O ) [O-] ) O [O-],31 80 432 636 638 650 694 695 715 807 812 823 1082 1226 1546 1617 1917 1923,C(C(=O)/C=C/C=C/C(=O)[O-])C=CC(=O)OO[O-]
383,C C C ( C ( = O ) N 1 C 2 = C C = C C = C 2 C 3 = C C = C C = C 3 1 ) S C 4 = C C = C ( C = C 4 ) N C ( = O ) / C ( = C / C 5 = C C ( = C C = C 5 ) Br ) / N C ( = O ) C 6 = C C = C C = C 6,1 45 80 108 116 147 191 239 294 485 486 609 650 694 728 766 807 811 843 875 909 930 1035 1057 1077 1088 1103 1119 1170 1199 1210 1255 1282 1285 1353 1357 1380 1544 1573 1631 1707 1746 1816 1873 1917 1985 2022 2033,CCC(CC)/C(=C\C1=CC(=CC=C1)Br)/C(=O)NC2=CC=C(C=C2)S/C=C/N3C4=CC=CC=C4C5=CC=CC=C53
384,C C C C N ( C C = C ) C ( = O ) C 1 C 2 3 [C@@H] ( [C@@H] ( [C@@H] ( S 2 ) C C 3 C ) C ( = O ) N ( C C = C ) C 4 = C C = C ( C = C 4 ) O C C ) C ( = O ) N 1 C C O,5 69 74 102 205 212 222 238 294 314 335 348 473 506 650 675 694 695 718 741 783 794 807 881 926 935 940 960 978 1019 1046 1089 1096 1101 1145 1158 1177 1181 1238 1267 1272 1292 1309 1329 1366 1380 1452 1526 1635 1645 1650 1697 1750 1775 1822 1873 1911 1917 2026 2043,CCOC1=CC=C(C=C1)N(CC=C)C(=O)[C@H]2[C@H]3CC(C(=O)N2CCO)S3
385,[N+] ( = O ) ( c 1 c c c ( C C ( = O ) N c 2 c ( c 3 c ( N C C C N ( C ) C ) c c c c 3 ) c c c c 2 ) c c 1 ) [O-],80 270 310 325 352 473 650 652 667 715 730 753 769 807 838 881 899 946 984 1152 1195 1199 1224 1274 1335 1380 1416 1602 1696 1750 1754 1756 1809 1814 1816 1911 1951 1963 1972,C1=CC=C(C(=C1)C2=CC=CC=C2NC(=O)CC3=CC=C(C=C3)[N+](=O)[O-])NCCCN(CCCNC4=CC=CC=C4C5=CC=CC=C5NC(=O)CC6=CC=C(C=C6)[N+](=O)[O-])C
386,C 1 C ( C ( C S 1 ( = O ) = O ) O ) N C C ( = O ) O,80 207 236 265 389 390 469 650 738 807 849 876 926 1019 1058 1077 1152 1257 1362 1403 1440 1569 1629 1737 1917,C1[C@@H]([C@H](CS1(=O)=O)O)NCC(=O)O
387,C N ( C 1 = N C ( = C C ( = N 1 ) C 2 = C C = C C = C 2 ) C 3 = C C = C C = C 3 ) / N = C \ C 4 = C C = C ( C = C 4 ) [N+] ( = O ) [O-],25 270 378 389 650 703 715 725 753 769 838 864 875 980 1057 1088 1163 1195 1199 1227 1274 1309 1588 1698 1750 1778 1809 1814 1855 1963 1971 1973 2033,CN(C1=NC2=CC(=NC2=N1)C3=NC(=NC(=N3)N(C)N=CC4=CC=C(C=C4)[N+](=O)[O-])N=CC5=CC=C(C=C5)[N+](=O)[O-])N=CC6=CC=CC=C6
388,C C C N ( C C C ( = O ) N C C N 1 C C O C C 1 ) C ( = O ) C 2 = C ( O C = C 2 ) C,41 80 166 197 294 397 434 523 586 597 650 656 667 714 756 787 794 807 881 926 935 950 1057 1145 1152 1219 1221 1233 1380 1387 1405 1427 1480 1564 1589 1632 1722 1750 1761 1791 1849 1991,CCCN(C(=O)C1=C(OC=C1)C)C(=O)CCNC(=O)CCN2CCOCC2
389,C 1 = C C = C 2 C = C ( C = C C 2 = C 1 ) N C ( = O ) C N 3 C 4 = C ( [C@@H] ( C 5 C ( S 4 ) C ( = O ) N ( C 5 = O ) C 6 = C C = C ( C = C 6 ) Br ) C 7 = C C ( = C C = C 7 ) Br ) S C 3 = O,5 41 63 80 162 184 192 203 233 259 322 461 485 598 620 650 728 748 766 802 807 843 875 901 909 924 935 994 1019 1039 1087 1088 1124 1152 1176 1199 1279 1284 1312 1337 1362 1380 1427 1443 1453 1457 1631 1649 1663 1686 1750 1816 1817 1824 1825 1855 1873 1917 1935 1989 2002,C1=CC=C2C=C(C=CC2=C1)NC(=O)CN3C4=C([C@H]([C@H]5[C@@H](S4)C(=O)N(C5=O)C6=CC=C(C=C6)Br)C7=CC(=CC=C7)Br)SC3=O
390,C C N ( C C ) C C N ( C 1 = N C 2 = C C = C C = C 2 S 1 ) C ( = O ) C 3 = C C = C ( C = C 3 ) S ( = O ) ( = O ) N ( C ) C 4 C C 4,38 119 162 294 319 350 378 506 554 557 587 620 650 675 715 783 807 815 849 881 926 964 980 1019 1088 1154 1163 1199 1380 1385 1476 1539 1573 1697 1706 1750 1855 1873 1917 1946 1981,C1=CC=C2C(=C1)SC(=N2)N(CN(C)C)C(=O)C3=CC=C(C=C3)S(=O)(=O)N(C)N(C)C
391,C C 1 = C ( S C 2 = C 1 C ( = O ) N ( C = N 2 ) C C ( = O ) O C C ( = O ) N C 3 = C C = C C = C 3 F ) C,41 80 147 162 167 179 224 313 314 378 504 511 650 675 699 807 820 857 932 1032 1057 1088 1146 1152 1211 1312 1375 1386 1452 1455 1499 1534 1696 1816 1840 1873 1917 1928 1984 2013,CC1=C(C2=C(S1)N=CN(C2=O)CC(=O)NC3=C(C=CC=C3F)F)C
392,C O C ( C N C 1 = N C = C 2 C ( = N 1 ) C ( = N C = N 2 ) N C 3 = C C ( = C ( C = C 3 ) F ) Cl ) O C,17 80 191 216 329 350 378 465 489 491 544 561 606 612 691 695 699 710 841 843 875 888 1057 1097 1152 1193 1226 1306 1351 1367 1416 1452 1513 1535 1581 1582 1724 1750 1810 1840 1855 1873 1928 2032,COS(CNC1=NC=C2C(=N1)C(=NC=N2)NC3=CC(=C(C=C3)F)F)(OC)OC
393,C [C@@H] 1 C C 2 = C ( N 1 C ) C ( = C C = C 2 ) C ( = O ) C 3 = C C = C C = C 3 F,9 146 231 586 624 650 699 734 790 807 878 934 949 1019 1032 1039 1088 1145 1199 1236 1309 1380 1447 1672 1679 1708 1750 1840 1873 1917 1928,C1C(N(C2=C1C=CC=C2C(=O)C3=CC=CC=C3F)C)C
394,C 1 2 ( C C C 1 ) C C C ( C N c 1 c ( c ( n c ( n 1 ) C # N ) O C 1 C C ( N C ( C 1 ) ( C ) C ) ( C ) C ) C ( = O ) N C ) C C 2,29 80 119 263 278 321 345 401 425 447 482 524 586 637 650 674 679 695 708 790 860 926 930 1019 1028 1057 1060 1114 1136 1152 1162 1191 1222 1232 1274 1339 1380 1384 1412 1416 1430 1547 1575 1604 1674 1688 1690 1716 1719 1745 1839 1855 1917 2028,CC1(CCCC(CC1)(C)CNC2=C(C(=NC(=N2)C#N)OC3CC(NC(C3)(C)C)(C)C)C(=O)NC)C
395,C C C 1 ( O C [C@H] ( O 1 ) [C@H] ( [C@@H] ( C ) C C ( = O ) C [C@H] ( C ) [C@@H] ( [C@@H] 2 C O C ( O 2 ) ( C C ) C C ) O C C 3 = C C = C ( C = C 3 ) O C ) O C C 4 = C C = C ( C = C 4 ) O C ) C C,1 80 142 188 310 316 322 391 595 600 650 656 679 695 718 745 772 781 790 807 812 830 831 841 926 1019 1057 1060 1070 1290 1351 1746 1750 1798 1853 1873 1917 1923 2042,COC1=CC=C(C=C1)C(C2COC(O2)(C(OC)OC)C(=O)OC)OCC3=CC=C(C=C3)OC
396,C C C ( C 1 = N C 2 = C C = C C = C 2 C ( = O ) N 1 C 3 = C C = C C = C 3 O C ) N ( C C C 4 = C C = C C = C 4 ) C ( = O ) N C 5 = C C = C ( C = C 5 ) [N+] ( = O ) [O-],80 107 191 249 251 289 294 378 389 504 585 604 650 695 715 753 807 838 841 843 881 935 1045 1057 1088 1097 1098 1152 1195 1243 1248 1274 1295 1359 1380 1427 1524 1536 1544 1573 1602 1603 1750 1814 1816 1861 1873 1895 1917 1939 1951 1963 1970 1993,COC1=CC=C(C=C1N2C(=O)C3=CC=CC=C3N=C2O)NC(=O)N(CCC4=NN=C(N4C5=C(C=CC(=C5)[N+](=O)[O-])OC)O)CCNC(=O)O
397,C C 1 = C C ( = C ( C = C 1 ) O P ( C 2 = C C = C ( C = C 2 ) C 3 = C C = C C = C 3 ) O C 4 = C ( C = C ( C = C 4 ) C ) C ) C,5 45 94 204 235 389 677 695 736 875 896 1013 1057 1088 1160 1365 1380 1391 1722 1743 1750 1752 1823 1964,CC1=CC(=C(C=C1)OP(OC2=C(C=C(C=C2)C)C)OC3=CC=C(C=C3)C4=CC=CC=C4)C
398,C C 1 = C C ( = C ( C ( = C 1 ) C ) O C C [N+] ( C ) ( C ) C ) C,13 39 204 315 319 414 628 695 875 913 1034 1057 1360 1380 1452 1722 1823 1952 1953,CC1=CC(=CC(=C1)OCC[N+](C)(C)C)C2=CC(=CC(=C2)C)OCC[N+](C)(C)C
399,C 1 = C C ( = C C = C 1 C 2 = C C ( = C ( C = C 2 C 3 = C C ( = C C ( = C 3 ) Cl ) Cl ) F ) F ) S ( = O ) ( = O ) N,350 352 425 495 561 650 699 715 833 875 896 1160 1197 1380 1443 1489 1539 1607 1683 1747 1750 1840 1873 1928,C1=CC(=CC=C1C2=CC(=CC(=C2C3=CC(=C(C=C3C4=CC(=C(C=C4)F)F)F)F)F)Cl)S(=O)(=O)N
400,C C 1 = C ( N C 2 = C 1 C ( = O ) C [C@H] ( C 2 ) C 3 = C C = C ( C = C 3 ) O C ) C ( = O ) O C C 4 = C C = C C = C 4,80 85 145 147 211 231 252 314 389 628 637 650 676 686 695 718 745 751 781 807 831 834 841 853 1088 1114 1158 1199 1279 1282 1380 1397 1419 1536 1652 1722 1745 1747 1750 1803 1873 1876 1914 1917 2000 2042,CC1=C(NC2=C1C(=O)C[C@H](C2)C3=CC=C(C=C3)OC)C(=O)OCC4=CC=CC=C4
401,C / C ( = N \ N C ( = O ) C 1 C O C 2 = C C = C C = C 2 O 1 ) / C 3 = C C = C ( C = C 3 ) Br,318 450 650 656 689 700 728 750 807 926 940 1017 1019 1057 1088 1152 1157 1199 1247 1385 1481 1612 1623 1631 1649 1750 1755 1839 1873 1884 1905 1923,C/C(=N/NC(=O)C1COC2=CC=CC=C2O1)/C3=CC=C(C=C3)Br
402,C 1 C = C [C@H] 2 [C@@H] 1 / C ( = N \ N C 3 = C ( C ( = C ( C ( = C 3 F ) F ) F ) F ) F ) / C 2,17 231 289 359 369 381 445 542 598 631 699 725 848 926 1083 1128 1152 1222 1280 1445 1622 1779,C1C=CC2C1C=CC(=NNC3=C(C(=C(C(=C3F)F)NN=C4CC5C=CCC5C=C4)F)F)C2
403,C 1 C C C ( C 1 ) N C ( = O ) C N 2 C ( = O ) N 3 C = C N = C ( C 3 = N 2 ) N 4 C C O C C 4,80 130 158 314 378 387 407 426 428 523 565 650 656 771 807 892 922 926 935 1014 1101 1110 1152 1309 1312 1380 1405 1441 1452 1472 1480 1617 1655 1696 1786 1866 1873 1956 1969,C1COCCN1C2=NC=CN3C2=NN(C3=O)CN4C(=O)N5C=CN=C(C5=N4)N6CCOCC6
404,C N 1 C ( = C N = C 1 C 2 = N C ( = C S 2 ) C Cl ) [N+] ( = O ) [O-],80 95 172 378 564 585 650 675 715 724 726 753 838 935 1057 1109 1145 1185 1271 1380 1452 1535 1682 1683 1722 1820 1855 1873 1934 1963,CN1C(=CN=C1C2=NC=C(N2C)[N+](=O)[O-])CCl
405,C [C@] ( C 1 = C C = C C = C 1 ) ( C ( = O ) [O-] ) N = C = S,97 114 293 389 392 650 674 715 807 915 1057 1087 1088 1199 1226 1259 1380 1394 1417 1635 1718 1750 1873 1917 1938 2017,CC(C1=CC=CC=C1)(C(=O)[O-])C(=O)[N+]=C=S
406,C 1 C C 2 = C ( C 1 ) S C 3 = N C ( = N C ( = C 2 3 ) N 4 C C N ( C C 4 ) C ( = O ) C 5 6 C C 7 C C ( C 5 ) C C ( C 7 ) C 6 ) C 8 = C N = C C = C 8,42 130 257 361 378 407 437 650 675 679 736 807 833 892 926 1028 1043 1088 1160 1240 1380 1385 1391 1430 1445 1446 1472 1480 1508 1527 1535 1589 1699 1723 1738 1855 1866 1873 1917 1984 2009 2028,C1CC2=C(C1)SN=C2N3CCN(CC3)C(=O)N4CCN(CC4)C5=NC(=NC6=C5C7=C(S6)CCC7)C8=CN=CC=C8
407,C C C C C 1 = C C 2 = C ( S 1 ) S C C ( = O ) N 2 C C ( = O ) N C C 3 = C C ( = C C = C 3 ) Br,3 41 80 157 162 197 255 294 314 505 532 588 591 622 656 762 794 798 807 847 859 875 909 926 935 975 1039 1057 1066 1152 1235 1243 1285 1295 1304 1380 1573 1615 1750 1754 1779 1824 1873 1890 1911,CCCCC1=CC2=C(O1)SCC(=O)N2NCC3=CC(=CC=C3)CNC(=O)CNN4C(=O)CS5=C4C=C(S5)CCCC
408,C C N ( C ) C 1 = C C ( = C ( C = C 1 C ) C ( = O ) C 2 = C C = C C = C 2 C ( = O ) O ) O,9 80 205 294 386 456 650 807 875 881 949 1047 1079 1088 1101 1163 1199 1292 1325 1342 1380 1391 1447 1602 1607 1647 1722 1750 1873 1913 1917 1991 2018,C1=CC(=C(C=C1N(C)CC)O)C(=O)C2=CC=CC=C2C(=O)C3=C(C=C(C(=C3)C)N(C)CC)O
409,c 1 c c c 2 c ( c 1 ) n c ( n 2 C c 1 c c c c c 1 ) N C c 1 c n c o 1,11 45 80 157 335 357 378 389 514 638 642 656 690 788 802 935 1066 1088 1097 1152 1175 1190 1199 1229 1233 1285 1380 1416 1535 1603 1611 1683 1750 1855 1873 1912 1934 2009,C1=CC=C2C(=C1)N=C(N2CC3=CN=CO3)NCC4=CN=CO4
410,C C ( C ) ( C ) O C ( = O ) N 1 C C C ( C C 1 ) N 2 C = N C ( = C 2 C 3 = N C ( = N C = C 3 ) O C 4 = C C = C C = C 4 ) C 5 = C C = C ( C = C 5 ) F,90 194 204 231 289 322 323 326 338 378 389 392 562 577 695 699 743 787 789 847 896 926 932 935 980 1019 1057 1065 1085 1088 1160 1199 1275 1325 1380 1410 1415 1452 1617 1712 1750 1855 1857 1859 1866 1910 1928 1972 2009,C1CC1N2C=NC(=C2C3=NC(=NC=C3)OC4=CC=CC=C4)C5=CC=C(C=C5)F
411,C C ( C 1 = C C = C C = C 1 ) N C ( = O ) C C 2 = C C = C ( C = C 2 ) N ( C C 3 = C C ( = C C = C 3 ) F ) C ( = O ) C 4 C C C C 4,14 41 80 117 230 283 310 325 389 507 552 561 626 650 720 730 741 874 875 881 890 913 926 960 974 1028 1039 1057 1066 1088 1096 1121 1199 1325 1348 1365 1487 1581 1627 1670 1695 1750 1754 1810 1873 1929,CC(C1=CC=CC=C1)N(C2=CC=C(C=C2)CC(=O)NC(C)C3=CC=CC=C3)C(=O)C4CCCC4
412,C C O C 1 = C C = C ( C = C 1 ) N S ( = O ) ( = O ) C 2 = C C = C ( C = C 2 ) O C C ( = O ) N C 3 = C C = C C ( = C 3 C ) C,41 69 80 102 167 191 192 237 294 319 322 350 410 502 650 695 715 718 843 883 1039 1088 1152 1224 1238 1270 1380 1389 1391 1452 1476 1614 1685 1750 1873 1917 1948 2004,C1=CC(=CC=C1NS(=O)(=O)C2=CC=C(C=C2)OCC)OCC(=O)NC3=C(C(=CC=C3)NS(=O)(=O)C4=CC=C(C=C4)OCC)NS(=O)(=O)C5=CC=C(C=C5)OCC
413,C O C 1 = C C 2 = C ( C = C 1 ) N = C ( N 2 ) S C C [NH+] 3 C C C C C 3,2 8 80 116 119 322 341 343 373 378 466 541 695 718 841 875 1028 1057 1097 1114 1182 1183 1205 1242 1310 1380 1690 1729 1745 1750 1873 1905 1972 1978,COC1=CC2=C(C=C1)N=C(N2)SCC[NH+]3CCCCC3
414,C C 1 = C N = C ( C ( = C 1 O C ) C ) C N 2 C = [N+] ( C 3 = C C = C C = C 3 2 ) [O-],45 80 252 329 333 343 378 463 695 715 752 798 841 935 944 983 1057 1074 1088 1145 1170 1314 1380 1455 1511 1535 1536 1599 1722 1746 1750 1765 1873 1897 1933,CC1=C(C(=CN=C1CN2C3=CC=CC=C3[N+](=C2C)[O-])CN4C5=CC=CC=C5[N+](=C4)[O-])OC
415,c 1 ( c ( c ( n ( c 1 C ( = O ) N C c 1 c c ( c c c 1 ) C ( = O ) N ) C ( C ) C ) C C [C@H] ( C [C@H] ( C C ( = O ) O ) O ) O ) c 1 c c c ( c c 1 ) F ) c 1 c c c c c 1,80 85 90 140 157 169 197 227 255 274 309 389 486 650 677 680 699 703 736 739 807 813 861 862 875 880 896 935 973 981 1016 1039 1057 1088 1141 1152 1160 1171 1199 1243 1285 1290 1354 1380 1410 1573 1670 1727 1737 1747 1750 1754 1771 1779 1873 1917 1928 1930 1952 1985 2004 2038,C1=CC=C(C=C1)C2=C(N(C(=C2C3=CC=C(C=C3)F)C(=O)NCC4=CC(=CC=C4)C(=O)N)[Ge](C)(C)C)CCC(CN)O
416,C C 1 = C [N+] ( = C C = C 1 ) C ( C 2 = C C = C C = C 2 ) C ( = O ) [O-],153 302 350 389 409 457 463 581 650 743 858 894 1003 1042 1055 1057 1088 1120 1226 1365 1380 1686 1722 1750 1823 1917,CC1=C[N+](=CC=C1)C(=O)[N+]2=CC=CC(=C2)[N-][N+]3=CC=CC(=C3)C
417,C C 1 = C ( C ( = C C = C 1 ) C ) O C ( C ) C ( = O ) N 2 C C N ( C C 2 ) C ( C 3 = C C = C C = C 3 ) C 4 = C C = C C = C 4,1 15 108 283 333 461 582 650 664 695 807 935 1265 1269 1321 1364 1365 1480 1563 1565 1581 1589 1665 1722 1750 1846 1873 1917 1999 2009,CC1=C(C(=CC=C1)C)OC(C)C(=O)N2CCN(CC2)C(=O)C(C)OC3=C(C=C(C=C3C)C(C4=CC=CC=C4)N5CCN(CC5)C(=O)C(C)C)C
418,C 1 = C C 2 = C ( C = C C ( = C 2 C ( = C 1 ) [N+] ( = O ) [O-] ) Br ) S ( = O ) ( = O ) N,164 290 354 392 640 650 691 715 716 728 753 761 838 1039 1088 1171 1188 1195 1225 1380 1573 1607 1631 1750 1873 1963 1984,C1=CC(=C2C(=CC=C(C2=C1)Br)[N+](=O)[O-])[N+](=O)[O-]
419,C C ( C ) ( C ) O C ( = O ) N 1 C O C [C@@H] 1 C C 2 = C C = C C = C 2,80 114 116 231 283 389 392 458 523 650 656 807 901 926 935 1019 1057 1066 1088 1199 1259 1275 1380 1456 1526 1552 1574 1593 1754 1823 1859 1917,CC(C)(C)OC(=O)SC1=C(C[C@H](N1C(=O)OC(C)(C)C)CC2=CC=CC=C2)SC(=O)OC(C)(C)C
420,C 1 ( = C ( C ( = C ( C ( = C 1 F ) F ) F ) F ) F ) C 2 = C ( C ( = C ( C ( = C 2 F ) F ) S ) F ) F,181 229 526 551 699 1380 1445 1747 1756 1807 1928,C1(=C(C(=C(C(=C1C2=C(C(=C(C(=C2S)F)F)F)F)F)F)F)F)C3=C(C(=C(C(=C3S)F)F)F)C4=C(C(=C(C(=C4F)F)F)F)F
421,C O C 1 = C C ( = C ( C = C 1 C 2 C ( C ( = C ) N C 3 = C 2 C ( = O ) C C C 3 ) C ( = O ) O C C 4 C C C O 4 ) O C ) O C,80 147 170 206 248 249 257 314 361 490 494 534 607 650 656 695 699 751 802 826 841 875 892 950 1019 1027 1028 1060 1114 1245 1325 1365 1387 1391 1453 1479 1536 1582 1642 1674 1738 1801 1873 1917 1970,C1CC(OC1)COC(=O)C2C(C3=C(CCCC3=O)NC4=C2C(=O)CCC4)C5=CC(=C(C=C5C6CCCO6)OC)OC
422,C C ( = O ) N C 1 = C C ( = C ( C = C 1 ) O C ) N C ( = O ) C O C ( = O ) C C ( C ) ( C ) C,41 94 114 147 167 184 191 249 264 392 530 538 541 695 807 841 849 875 878 903 997 1017 1057 1061 1152 1380 1499 1536 1750 1816 1873 1970 2004,CC(=C(CC(C)(C)C)NC(=O)COC(=O)NC1=CC(=C(C=C1)OC)OC)C
423,C ( C ( = O ) N C ) N C ( = O ) C N C ( = O ) c 1 c c c c ( n 2 n c ( c c 2 N C ( = O ) N c 2 c c c c 3 c 2 c c c c 3 ) C ( C ) ( C ) C ) c 1,18 56 114 197 235 277 319 345 368 378 392 486 526 540 573 650 755 875 935 998 1036 1039 1049 1055 1057 1088 1104 1107 1152 1199 1224 1285 1357 1380 1385 1387 1422 1430 1548 1573 1696 1750 1825 1852 1855 1873 1917 1956 1985 2013,CC(C)(C1=NN(C(=C1)NC(=O)NC2=CC=CC3=CC=CC=C32)C4=CC=CC(=C4)C(=O)NC)C5=NN(C(=C5)NC(=O)NC)C6=CC=CC(=C6)C(=O)NC
424,C 1 = C C ( = C C ( = C 1 ) Cl ) N C ( = O ) C N 2 C 3 = C ( C ( = O ) N ( C 2 = O ) C C 4 = C C = C ( C = C 4 ) C ( = O ) N C C 5 = C C = C O 5 ) S C = C 3,14 41 45 80 131 165 184 191 197 216 255 265 310 314 335 504 554 561 592 650 656 675 703 771 787 807 813 862 901 935 977 1039 1088 1128 1152 1167 1233 1251 1284 1293 1380 1466 1518 1567 1590 1683 1697 1750 1754 1765 1873 1898 1917 1926 1934,C1=CC(=CC(=C1)Cl)NC(=O)CN2C3=C(C(=O)N(C2=O)CC4=CC=C(C=C4)CN5C(=O)C6=C(C=CS6)N(C5=O)CC7=CC=CO7)SC=C3
425,C C 1 = C C 2 = C ( C = C 1 ) S C ( = C 2 C C ( = O ) N ) C,68 80 140 162 235 313 325 675 791 807 875 885 963 1013 1026 1148 1171 1181 1380 1722 1744 1823 1873 1876 1898 2034,C1=CC2=C(C=C1)SC(=C2CC(=O)N)C
426,C C C C S ( = O ) C C ( C O C 1 = C C = C ( C = C 1 ) Cl ) O C ( = O ) C S C 2 = C ( C ( = C C ( = N 2 ) C 3 = C C = C ( C = C 3 ) O C ) C 4 = C C = C C = C 4 ) C # N,1 32 69 80 102 116 125 208 213 216 222 271 322 341 352 358 378 387 389 427 458 547 674 695 736 780 794 807 916 980 1057 1070 1088 1094 1136 1160 1199 1240 1265 1342 1380 1384 1386 1445 1497 1619 1683 1750 1821 1855 1864 1873 1911 1917 1949 1959,CCCS(=O)CCCC(CS(=O)CCC)OC(=O)CSC1=C(C(=CC(=N1)C2=NC(=C(C(=C2)C3=CC=CC=C3)C#N)SCC(=O)O[As](Cl)Cl)C4=CC=CC=C4)C#N
427,C C ( C ) O C ( = N ) C 1 = C N = C ( C = C 1 ) Cl,69 180 283 298 355 378 561 623 695 807 1057 1238 1306 1380 1385 1535 1683 1750 1758 1768 1873 1978,COOC(=C(C1=CN=C(C=C1)Cl)OC(C)C)C2=CN=C(C=C2)Cl
428,C C C ( = O ) C 1 = C C = C ( C = C 1 ) O C C ( = O ) O C C ( = O ) C 2 = C ( N ( C ( = O ) N ( C 2 = O ) C C ( = O ) O C ) C C 3 = C C = C C = C 3 ) N,102 114 147 278 294 314 322 335 360 389 479 500 504 586 643 650 695 718 771 802 807 841 898 1066 1088 1152 1171 1199 1312 1364 1380 1452 1457 1460 1683 1688 1693 1697 1739 1750 1754 1765 1780 1796 1887 1917 1972 1996,CCC(=O)C1=C(N(C(=O)N(C1=O)CC(=O)OC(=O)OC)CC2=CC=CC=C2)N
429,C C 1 = C ( C = C C ( = C 1 ) C 2 = N N ( C ( = C 2 C ) C ( = O ) N C ( C ) C ) C ( C ) C ) C # N,1 117 157 194 252 283 323 361 378 459 486 674 748 790 807 828 861 896 904 935 1028 1056 1057 1136 1158 1380 1384 1391 1493 1568 1687 1722 1862 1917 1956,CC1=C(C=CC(=C1)C2=NN(C(=C2C)C(=O)NC(C)C)C(C)C)C#N
430,C C ( C ) ( C ) N C ( = O ) C S C 1 = N N = C ( N 1 C 2 = C ( C = C C ( = C 2 ) Cl ) O C ) C 3 = C C ( = C C = C 3 ) Cl,24 41 80 114 116 165 216 249 284 341 354 378 384 561 592 603 650 695 736 747 807 816 841 875 935 1039 1055 1057 1152 1160 1191 1295 1380 1443 1449 1506 1508 1536 1546 1559 1683 1722 1750 1873 1917 1939 1959 1970 1993 2018,CNC(C)(C)NC(=O)CSC1=NN=C(N1C2=C(C=CC(=C2)Cl)OC)C3=CC(=CC=C3)Cl
431,C C 1 = C C ( = O ) C C ( [C@] 1 ( / C = C / [C@@H] ( C O [C@H] 2 [C@@H] ( [C@H] ( [C@@H] ( [C@H] ( O 2 ) C O ) O ) O ) O ) O ) O ) ( C ) C,1 80 118 147 222 227 242 314 339 407 489 529 568 610 618 650 656 694 695 807 923 940 1037 1057 1060 1113 1145 1234 1257 1274 1320 1323 1487 1516 1564 1624 1722 1844 1873 1921 1926 1977 2040,CC1=CC(C(CC1=O)(C)C)(C)/C=C/C(CO[P+](O)(OC2[C@@H]([C@H]([C@@H]([C@H](O2)CO)O)O)O)OC3[C@@H]([C@H]([C@@H]([C@H](O3)CO)O)O)O)O
432,C 1 C [C@@H] ( N ( C ( = O ) C 1 ) C C C C 2 = C N = C ( S 2 ) C ( = O ) O ) / C = C / [C@@H] ( C C 3 = C C = C C = C 3 ) O,1 10 79 80 130 162 227 314 378 389 430 456 473 567 612 650 656 675 694 756 798 807 857 867 926 935 1019 1066 1088 1145 1182 1199 1243 1325 1380 1535 1564 1602 1624 1701 1705 1715 1738 1750 1754 1824 1835 1873 1911 1917,C1CC(=O)N(C1C(/C=C/C(CC2=CC=CC=C2)O)O)CCCC3=CN=C(S3)C(=O)O
433,C C ( C ) C 1 C ( = N C ( C ( = N 1 ) O C ) C ( C ( C ) C ) O ) O C,1 106 227 253 476 695 807 841 1019 1057 1289 1294 1316 1577 1678 1773 1825 1831,CO/C/1=C/[C@@H](/C(=C(\[C@H](C1C(C(C(C(C(C(C(C(C(C(C(C(C(C(C(C(C)C)O)O)O)O)O)O)O)O)O)O)O)O)O)O)O)C(C)C)/OC)/OC)C(C)C
434,C 1 C C N ( C 1 ) C ( = O ) C 2 C C C N 2 C ( = O ) C 3 = C S C ( = N 3 ) N C 4 = C C = C C ( = C 4 ) C ( F ) ( F ) F,114 140 191 193 246 369 378 385 446 491 531 552 675 686 703 807 809 926 935 990 1019 1028 1039 1152 1325 1417 1466 1480 1504 1535 1564 1567 1750 1792 1873 1917 1928 2009 2017 2021,C1CC(N(C1)C(=O)C2=CSC(=N2)NC3=CC=CC(=C3)C(F)(F)F)C(=O)N4CCC4
435,C C N \ 1 C 2 = C ( C = C C ( = C 2 ) Cl ) S / C 1 = C \ 3 / C ( = O ) N ( C ( = N C 4 = C ( C = C C ( = C 4 ) Cl ) O C ) S 3 ) C C,4 24 34 80 94 125 165 172 216 249 294 377 502 588 650 725 744 811 841 917 1057 1228 1380 1491 1536 1538 1574 1636 1640 1683 1750 1765 1870 1873 1970 2044,CCN\1C(=C2S/C(=C/3\SC(=C(S3)/C(=N/N=C/4\SC(=C(S4)C5=C(C=CC(=C5)Cl)OC)SCC)/SCC)C)/S2)S/C1=C/6\SC=CC(=C6)Cl
436,C C 1 ( C C 2 C 1 C C ( C 2 = C ) O ) C,56 455 679 903 983 1019 1057 1060 1098 1257 1292 1293 1330 1366 1380 1487,C=C1C2CC34C1=C(C(C2)C3=C)C5CC(C4=C=C)C6=C5C(CC6O)O
437,C C 1 = C C ( = C C = C 1 ) C ( = O ) N C 2 = C C = C ( C = C 2 ) S C C ( = O ) N C 3 = N O C ( = C 3 ) C,41 80 116 191 248 341 363 378 486 526 656 807 811 837 875 1013 1039 1055 1057 1077 1099 1227 1380 1385 1398 1455 1542 1722 1742 1750 1808 1816 1873 1917 1959 1978 1985,CC1=CC(=CC=C1)C(=O)NC2=CC=C(C=C2)SCC(=O)NC3=NOC(=C3)C
438,C N 1 C C N ( C C 1 ) C C 2 = C C = C ( O 2 ) C 3 = C C 4 = N C = C C ( = C 4 C = C 3 ) N C 5 = C C ( = C ( C = C 5 F ) Cl ) O,14 74 80 103 121 351 366 378 491 500 532 615 656 699 704 763 784 807 875 896 926 935 975 1057 1097 1122 1145 1152 1160 1380 1452 1480 1604 1607 1659 1683 1764 1765 1791 1840 1866 1873 1915 1928 1934 1937 2008,CN1CCN(CC1)CC2=CC=C(O2)C3=CC(=C(C=C3)F)NC4=NC=CN4C
439,C C ( C ( = O ) N C 1 = C C = C ( C = C 1 ) Cl ) S C 2 = C C = C C ( = C 2 ) N C ( = O ) / C ( = C \ C 3 = C ( C = C ( C = C 3 ) Cl ) Cl ) / N C ( = O ) C 4 = C C = C C = C 4,1 65 116 184 191 196 216 283 366 486 561 573 650 694 703 721 807 811 843 875 930 961 1035 1039 1057 1070 1077 1088 1097 1119 1152 1162 1173 1210 1347 1380 1385 1568 1664 1665 1746 1750 1873 1985 2009 2022,CC(C(=O)NC1=CC=C(C=C1)Cl)SC2=CC=CC(=C2)N/C(=C/C3=C(C=C(C=C3)NC(=O)C(C)SC4=CC=CC(=C4)NC(=O)C5=CC=CC=C5)Cl)/NC(=O)C6=CC=C6
440,C 1 C N ( C ( = O ) N 1 ) C C 2 = C C ( = C C = C 2 ) I,80 210 314 608 650 661 744 875 947 1066 1089 1114 1150 1380 1480 1529 1594 1750 1765 1802 1866 1873,C1=CC(=CC(=C1I)CN2CNC2=O)I
441,C 1 = C C = N C ( = C 1 ) C N C ( = O ) C 2 = C S C ( = N 2 ) C S C 3 = N N = C ( N 3 C 4 = C ( C = C ( C = C 4 ) Cl ) Cl ) C 5 = C C = C O 5,80 116 121 137 172 255 272 307 341 366 378 448 473 474 650 656 724 747 807 813 816 829 855 875 1088 1152 1153 1164 1199 1209 1233 1283 1295 1380 1508 1509 1567 1578 1683 1689 1722 1724 1750 1777 1810 1855 1866 1873 1915 1917 1926 1993 2021,C1=CC=NC(=C1)CNC(=O)C2=NC3=C(C=CC(=C3N=C2)N4C(=NN=C4SCC(=O)[NH+]=CC5=CC=CC=N5)C6=CC=CO6)N7C(=NN=C7SCC8=CC=CC=N8)C9=CC=CO9
442,C O C C N 1 C ( = O ) / C ( = C \ C 2 = C N ( C 3 = C C = C C = C 3 2 ) C C ( = O ) O ) / S C 1 = O,13 45 80 273 281 307 314 389 464 486 588 650 675 694 695 755 807 841 879 906 935 940 947 952 1003 1005 1055 1088 1145 1168 1285 1308 1357 1380 1573 1691 1737 1750 1873 1917 1919 2044,C1(=O)N(C(=O)S/C/1=C\c1cn(c2c1cccc2)C(=O)O)CCOC
443,C C 1 = N N 2 C ( = N ) C ( = C C 3 = C C = C ( O 3 ) C 4 = C C = C ( C = C 4 ) C ( = O ) O C ) C ( = O ) N = C 2 S 1,3 121 145 191 198 270 281 314 435 623 650 675 694 799 841 896 906 927 935 1057 1069 1120 1122 1152 1160 1236 1380 1385 1663 1691 1697 1715 1722 1750 1872 1917 1919 1922 1937 1953 1966 2044,CC1=NN2C(=N)/C(=C\C3=CC=C(S3)C4=CC=C(C=C4)C(=O)OC)/C(=O)N=C2S1
444,C O C 1 = C C 2 = C ( C = C 1 ) C ( C C C 2 ) N C ( = O ) C N ( C 3 = C C ( = C C = C 3 ) Br ) S ( = O ) ( = O ) C 4 = C C = C C = C 4,41 165 319 322 350 385 389 473 485 556 575 685 695 728 766 781 797 807 815 841 875 881 909 926 1019 1020 1027 1028 1039 1088 1199 1236 1241 1325 1380 1476 1536 1631 1684 1750 1946 1972,C1CC(C2=C(C1)C=C(C=C2)OC)N(S(=O)(=O)C3=CC=CC=C3)S(=O)(=O)C4=CC(=CC=C4)Br
445,C C 1 = C ( C ( = N O 1 ) C ) C C C ( = O ) N C ( C ( C ) O ) C ( = O ) O,1 41 80 117 227 283 378 389 461 620 650 656 804 835 895 1057 1118 1152 1193 1343 1517 1542 1564 1637 1678 1721 1722 1844 1857 1898 1917 2034,CC1=C(C(=NO1)C)CCC(=O)NC(C(C)O)C(=O)O
446,C # C / C = C \ C C C C ( / C = C \ C # C C # C C C C C # C C # C C ( C O ) O ) O,1 23 80 189 222 227 401 413 482 674 678 694 739 775 782 785 807 1020 1073 1095 1132 1169 1271 1335 1356 1380 1478 1501 1552 1564 1624 2004 2007 2009,C(CC#CC#C/C=C/C(CO)O)/C=C/C#CC#C/C=C/C(CO)O
447,C C 1 = C C = C C = C 1 O C C ( = O ) N C C N 2 C C N ( C C 2 ) C 3 = C C = C ( C = C 3 ) Cl,41 74 80 192 197 216 219 233 407 561 586 597 650 667 687 695 714 807 935 948 1057 1088 1152 1199 1380 1391 1410 1452 1480 1482 1683 1722 1750 1791 1825 1917 1970 1999 2004 2012,CC1=CC=CC=C1OCC(=O)NCCN2CCN(CC2)C3=CC=C(C=C3)Cl
448,C [C@H] ( C ( = O ) N [C@H] 1 C C S ( = O ) ( = O ) C 1 ) S C 2 = N N = C N 2 C,0 1 8 112 116 207 265 281 283 378 387 469 610 650 692 747 807 923 926 935 1014 1019 1129 1145 1152 1162 1164 1173 1380 1409 1505 1507 1634 1861 1873,C1C(CS1(=O)=O)NC(=O)C(C)SC2=NN=CN2C
449,C N 1 C ( = N N = N 1 ) S C C ( C O C 2 = C ( C = C C = C 2 Cl ) Cl ) O,80 118 186 227 333 341 366 378 561 647 658 695 737 747 935 974 983 1039 1057 1088 1093 1105 1145 1293 1318 1380 1452 1683 1750 1783 1873 1888 2017 2038,CN1C(=NN=N1)OCOC2=C(C=CC=C2Cl)Cl
450,C 1 C C 2 = C C 3 = C ( C = C C = C 3 Br ) N = C 2 O C 1,57 378 441 477 556 656 728 833 868 919 926 950 1000 1028 1050 1088 1097 1236 1357 1479 1631 1855 1873 1887,C1CC2=CC3=C(C=C2OC1)N=C4C(=C3)CCO4
451,c 1 c ( c c c ( c 1 ) O C C ( = O ) N c 1 c c 2 c ( c c 1 ) n c ( n c 2 C ) N 1 C C N ( C C 1 ) C ( = O ) C 1 C C C C 1 ) Cl,41 53 80 92 102 167 191 192 216 246 322 378 407 454 561 650 695 718 807 816 843 890 901 922 926 961 974 1019 1057 1070 1097 1121 1152 1256 1357 1452 1480 1490 1508 1535 1589 1668 1683 1722 1750 1816 1873 1887 1915 1917 2000 2004 2009,C(=O)(COc1ccc(cc1)Cl)Nc1cc2c(cc1)nc(nc2C)N1CCN(CC1)C(=O)C1CCCC1
452,C C 1 = C ( C = C ( C = C 1 ) N C ( = O ) C O C 2 = C ( C = C ( C = C 2 I ) / C = C \ 3 / C ( = O ) N ( C ( = O ) S 3 ) C C O C 4 = C C = C C 5 = C C = C C = C 5 4 ) O C ) Cl,13 41 80 167 184 191 192 249 281 314 333 366 531 561 582 588 650 661 669 675 695 755 807 843 863 875 901 935 1039 1057 1087 1088 1104 1112 1145 1152 1198 1199 1357 1380 1410 1435 1452 1469 1480 1518 1536 1581 1722 1816 1828 1832 1855 1873 1892 1906 1917 1919 1970 2004 2033 2044,CC1=C(C(=CC(=C1)/C=C\2/C(=O)N(C(=O)S2)CCOC3=CC=CC4=CC=CC=C43)I)OCC(=O)NC5=CC(=C(C=C5)I)Cl
453,C C ( = O ) N C 1 = C C = C C ( = C 1 ) C ( = O ) N ( C ) C C 2 = C C ( = C C = C 2 ) F,14 21 80 184 191 230 245 334 440 507 530 650 699 703 720 807 875 881 976 1017 1039 1057 1066 1088 1152 1163 1221 1380 1385 1487 1509 1670 1750 1816 1873 1917 1928 1984 1985,CC(=O)NC1=CC=CC(=C1)C(=O)N(C)CC2=CC(=CC=C2)F
454,C C N 1 C ( = O ) C 2 = C C = C C = C 2 C ( = N 1 ) C ( = O ) N / N = C ( / C ) \ C 3 = C C = C ( C = C 3 ) O C C ( C ) C,1 34 80 118 151 158 254 283 294 303 314 322 504 650 688 695 700 718 725 807 940 1017 1088 1119 1247 1357 1367 1380 1385 1445 1452 1469 1573 1578 1750 1755 1873 1917 1927 2027,CCN1C(=O)C2=CC=CC=C2C(=O)N1C(=O)/C(=N/N=C(/C)\C3=CC=C(C=C3)OCC(C)N4C(=O)C5=CC=CC=C5C(=O)N4CC)/C
455,C C ( = O ) C 1 = C C = C C = C 1 O C C O C 2 = C C = C ( C = C 2 ) N 3 C = N N = N 3,13 80 102 118 140 186 202 233 378 500 650 676 695 718 807 932 935 1017 1034 1057 1380 1385 1447 1452 1455 1518 1614 1750 1820 1833 1873 1917 1970 1978 1991 2014,CC(=O)C1=CC=C(C=C1)OCCOC2=CC=C(C=C2)N3C=NN=C3
456,C 1 C ( N C ( S 1 ) C 2 = C C = C C = C 2 O C ( F ) ( F ) F ) C ( = O ) O,114 197 217 362 371 389 553 650 675 695 807 998 1008 1019 1027 1088 1114 1149 1172 1199 1206 1380 1409 1410 1453 1603 1605 1750 1828 1873 1917 1928,C1=CC=C(C(=C1)C2NC(CS2)C(=O)O)OC(F)(F)F
457,C 1 = C C = C ( C = C 1 ) C 2 = C ( N C 3 = C 2 C = C C = C 3 [N+] ( = O ) [O-] ) C 4 = C C = C C = C 4,155 389 418 511 624 650 661 711 715 716 736 922 1039 1114 1160 1195 1199 1322 1357 1380 1573 1745 1747 1963,C1=CC=C(C=C1)C2=C(NC3=C(C4=CC=CC=C4C(=[N+]([O-])[O-])C3=C2C5=CC=CC=C5)C6=CC=CC=C6)C7=CC=CC=C7
458,n 1 c ( n c ( c 2 c 1 C ( = O ) N ( C 2 ) C ( C ) C ) N C C c 1 c c c ( c c 1 ) C ) N 1 C C N ( C C 1 ) C ( = O ) C,1 157 235 283 310 314 320 323 407 573 621 637 650 667 679 708 807 879 926 935 985 1045 1057 1137 1152 1243 1268 1380 1439 1480 1507 1508 1589 1722 1750 1754 1823 1824 1855 1873 1915 1917 1920 1946 2009 2042,CC1=CC=C(C=C1)CCNC(C)C(=O)N2CCN(CC2)C3=NC4=C(C(=O)N(CC4=O)C(C)C)C(=O)N3C(C)C
459,C C C C C C C C C C C C C C ( = O ) O C ( C ( C ( = O ) O ) O C ( = O ) C C C C C C C C C C C C C ) C ( = O ) O,1 80 180 389 591 650 695 807 1057 1143 1267 1386 1399 1441 1564 1844 1917 2000,C(CCCCCCCCCCCCCCCC(=O)OC(C(C(=O)O)C(=O)O)C(=O)O)CCCCCCCCCCCC(=O)OOC(=O)CCCCCCCCCCCCCC
460,C C C 1 = C C C ( = O ) N 1,35 80 237 294 314 451 469 650 772 853 926 1057 1060 1114 1380 1575 1728 1755 1799 1873,CCC1=C(NC(=O)C1)CC
461,c 1 ( c c c 2 c ( c 1 ) C ( O C C ( = O ) N 2 ) ( c 1 c c c c ( c 1 ) Cl ) c 1 c c ( c c c 1 ) Cl ) c 1 c c c ( n 1 C ) C # N,74 165 232 305 314 372 390 556 561 592 609 650 656 674 682 690 750 772 790 875 896 928 935 980 1017 1039 1057 1136 1145 1321 1380 1382 1384 1527 1575 1626 1646 1683 1692 1750 1947 1980,CN1C(=CC=C1C2=CC3=C(C(=O)ON3)N(O2)C4=CC(=CC=C4)Cl)C#N
462,C C ( C ( = O ) N C 1 = C C = C C = C 1 ) S C 2 = N N = C ( N 2 C ) C N C 3 = C C ( = C C = C 3 ) Cl,1 80 112 116 165 196 216 255 283 318 378 389 554 564 650 703 747 875 935 1039 1057 1077 1088 1121 1128 1152 1173 1199 1380 1416 1449 1507 1664 1683 1714 1750 1816 1873 1917 1980,CC(N1C(=NN=C1SC(C)C(=O)NC2=CC=CC=C2)CNC3=CC(=CC=C3)Cl)SC4=NN=C(N4C(=O)NC5=CC=CC=C5)CNC6=CC(=CC=C6)Cl
463,C C C C N 1 C ( C C ( C C 1 ( C ) C ) O C ( = O ) C ( C C 2 = C C = C C = C 2 ) ( C C 3 = C C = C C = C 3 ) C ( = O ) O C 4 C C ( N ( C ( C 4 ) ( C ) C ) C C C C ) ( C ) C ) ( C ) C,14 62 80 114 119 454 513 591 601 679 695 700 794 807 926 935 1019 1057 1060 1066 1083 1088 1126 1264 1274 1380 1671 1873 1882 1911 1917 1943,CCCC[P+](CCCC)(CCCC)C(=O)OC1CC(N(C(C1)(C)C)OC2CC(N(C(C2)(C)C)OC(=O)OC3CC(N(C(C3)(C)C)OCCCC)(C)C)(C)C)(C)C
464,C 1 C S C 2 = C ( C 1 N C 3 = C C = C ( C = C 3 ) C # N ) C = C ( C = C 2 ) Cl,4 74 102 157 165 191 225 266 305 561 674 675 744 789 790 843 875 926 931 949 1019 1027 1136 1152 1166 1324 1325 1380 1445 1589 1750 1873 1954 2000,C1CSC2=C(C1NC3=CC=C(C=C3)C#N)C=C(C=C2)C#N
465,C C N 1 C ( = O ) N ( C ( = O ) N ( C 1 = O ) C ( C 2 = C C = C C = C 2 ) C 3 = C C = C C = C 3 ) C C O C 4 = C C = C ( C = C 4 ) C ( = O ) O,13 34 80 102 106 226 294 300 314 322 360 389 456 650 695 802 807 850 862 935 1034 1057 1088 1138 1145 1199 1321 1365 1380 1385 1452 1581 1697 1750 1832 1854 1873 1917 1982,CCN1C(=O)N(N(C1=O)CCOC2=CC=C(C=C2)C(=O)O)C(C3=CC=CC=C3)C4=CC=CC=C4
466,C C 1 = C C = C C = C 1 O C C C C N 2 C 3 = C C = C C = C 3 N = C 2 C O C 4 = C ( C = C ( C = C 4 ) Cl ) Cl,13 45 80 289 318 515 561 695 745 802 816 935 948 991 1057 1088 1097 1110 1145 1199 1209 1226 1249 1274 1285 1380 1410 1452 1518 1615 1683 1722 1750 1855 1873 1970 1999,CC1=CC=CC=C1OCCN2C3=CC=CC=C3N=C2COC4=CC=CC=C4C
467,C [C@@H] ( C ( = O ) N C C ( = O ) [O-] ) [NH3+],1 90 197 283 397 573 604 650 715 785 807 1057 1095 1152 1226 1291 1437 1440 1575 1917,C[C@@H](C(=O)NCC(=O)[O-])[NH3+]
468,C 1 C C C 2 C N ( C C C 2 C 1 ) C 3 = C ( C = C C = N 3 ) C N,21 80 130 191 276 335 336 378 426 448 585 684 739 890 926 935 939 981 1019 1028 1325 1349 1396 1452 1480 1597 1637 1748 1750 1866 1881,C1CCC2CN(CCC2C1)C3=C(C=CC=N3)CN
469,C C O C ( = O ) C 1 = C C 2 = C ( C = C 1 ) C = C ( C = C 2 ) C # C C 3 = C ( C ( C C C 3 ( C ) C ) ( C ) C ) C,47 80 102 145 147 189 203 249 294 322 430 650 652 695 759 807 875 1025 1057 1060 1066 1238 1274 1358 1380 1385 1522 1697 1722 1750 1855 1873 1900 1917 1954,CCOC(=O)C1=CC2=C(C=C1)C=C(C=C2)C#CC3(C(C(C(C(C3(C)C#CC4=CC5=C(C=C4)C=C(C=C5)C(=O)OCC)(C)C)(C)C)(C)C)(C)C)C
470,C O C 1 = C C = C C ( = C 1 O ) / C = C \ 2 / C ( = O ) O C ( = N 2 ) Cl,61 249 281 293 309 314 441 481 650 695 807 841 931 996 1039 1057 1088 1380 1410 1448 1485 1536 1810 1873 1970,COC1=C(C(=CC=C1)OC)/C=C\2/C(=O)O/C(=C(\C3=C(C=CC=C3OC)OC)/OO)/C(=O)O2
471,C C O P ( = O ) ( C 1 = C C = C C = C 1 O ) C 2 = C C = C C = C 2 O,80 108 192 294 486 650 695 990 1057 1100 1199 1203 1238 1380 1490 1602 1607 1716 1831 1873,CCOP(=O)(C1=CC=CC=C1O)OCC
472,C 1 = C C = C ( C = C 1 ) [C@H] ( C 2 = N N = C ( O 2 ) C 3 = C C = C C = C 3 Cl ) N C 4 = C C = C ( C = C 4 ) Br,1 186 291 352 366 378 389 656 728 815 843 909 974 984 993 1047 1088 1152 1158 1164 1192 1199 1356 1365 1380 1390 1431 1581 1604 1631 1649 1683 1873 1878 1957,C1=CC=C(C=C1)C(C2=NN=C(O2)C3=CC=CC=C3Cl)NC(C4=CC=CC=C4)C5=NN=C(O5)C6=CC=C(C=C6)Br
473,C [C@H] ( C ( = O ) N 1 C C C C 1 ) N ( C ) C C ( = O ) N C 2 = C C ( = C C = C 2 ) F,1 41 80 184 230 268 517 624 650 699 703 779 875 901 926 935 1007 1039 1057 1151 1152 1163 1380 1480 1487 1665 1670 1750 1816 1873 1917 1928 2009,CN(CC(=O)NC1=CC(=CC=C1)F)[P+](N2CC2)(N3CC3)N4CC4
474,C C ( C 1 = N C 2 = C C = C C = C 2 S 1 ) N ( C ) C ( = O ) C 3 C C ( = O ) N ( C 3 ) C 4 = C C ( = C ( C = C 4 ) O C ) O C,1 94 101 140 141 231 233 283 289 314 378 461 557 650 675 695 739 798 807 813 841 875 881 885 896 926 935 974 980 1019 1088 1108 1137 1163 1199 1245 1380 1457 1626 1642 1750 1819 1825 1855 1873 1917 1970 1972 2019,CC(C1=NC2=CC=CC=C2S1)N(C)C(=O)C3CC(=O)N(C3)C4=CC(=C(C=C4)OC)OC
475,C C ( C ) C N 1 C 2 C ( C ( = O ) N ( C 1 = O ) C ) N C = N 2,275 283 368 378 463 625 650 715 930 935 987 1019 1057 1114 1145 1317 1539 1772 1775 1873 1922 1950 1978,CN1C2NC=N[N+]2=CNC1=[N+]3C(N=CN3)[O-]
476,c 1 2 c ( O [C@] 3 ( C ( [C@@] 4 ( C ( [C@] 5 ( [C@@H] ( O C ( O C 5 ) c 5 c c c c c 5 ) C C 4 ) C ) C [C@@H] 3 O ) C ) [C@H] 2 O ) C ) c c ( o c 1 = O ) c 1 c n c c c 1,121 122 164 240 245 257 314 378 389 397 437 514 601 650 656 706 725 733 736 760 802 807 913 1019 1043 1057 1060 1088 1160 1186 1201 1214 1224 1247 1274 1282 1325 1338 1380 1468 1477 1535 1586 1592 1603 1604 1606 1648 1663 1705 1750 1803 1825 1905 1921 1951,C[C@]12CC[C@H]3[C@]([C@@H]1[C@@H]4O[C@@H]2C5=C(O4)C=C(OC5=O)C6=CN=CC=C6)(CO[C@H](O3)C7=CN=CC=C7)C
477,C O C ( = O ) C S ( = O ) ( = O ) C 1 = C ( C = C ( C = C 1 ) C ( = O ) N ) [N+] ( = O ) [O-],80 140 173 195 309 311 350 354 392 640 650 695 715 716 753 807 838 841 875 1010 1057 1152 1171 1174 1195 1285 1339 1380 1385 1476 1697 1794 1873,COCS(=O)(=O)C1=C(C=C(C=C1)C(=O)N)[N+](=O)[O-]
478,C C 1 ( C ) [C@H] ( C C [C@] 2 ( [C@H] 1 C ( = O ) C [C@@] 1 ( [C@@H] 2 C [C@H] ( [C@H] 2 [C@] 1 ( C C [C@@H] 2 [C@] 1 ( C C C C ( C ) ( C ) O 1 ) C ) C ) O ) C ) C ) O C c 1 c c c c c 1,28 249 314 349 389 478 511 519 529 549 555 559 650 656 695 745 807 823 912 940 1009 1019 1055 1057 1060 1066 1088 1199 1257 1274 1292 1306 1325 1380 1436 1477 1502 1632 1730 1750 1753 1754 1873 1889 1913 1972 1991 2028,C[C@@]12CC[C@@H](C([C@H]1CC[C@]3([C@H]2C[C@@H]([C@@]4([C@@H]3CC(O4)(C)C)C)O)C)(C)C)OCC5=CC=CC=C5
479,C 1 C C C ( C 1 ) C ( = O ) N 2 C C ( = O ) N C 3 = C ( C 2 C 4 = C C = C S 4 ) C = C ( C = C 3 ) Cl,14 53 74 165 177 216 242 278 323 383 415 549 649 650 675 677 816 875 890 935 974 1019 1027 1028 1060 1088 1114 1121 1324 1325 1427 1491 1519 1535 1570 1575 1646 1750 1873 1946 1982,C1CCC(C1)C(=O)N2CC(=O)NC3=C(C2C4=CC=CS4)C=C(C=C3)Cl
480,C C ( = O ) C 1 = C C = C ( C = C 1 ) N 2 C C N ( C C 2 ) C ( = O ) C N 3 C C [C@H] ( C 3 ) C ( = O ) N C 4 = C C ( = C ( C = C 4 ) O ) C ( F ) ( F ) F,80 114 184 191 233 262 263 407 419 568 617 650 689 739 751 760 785 807 809 843 974 1009 1017 1019 1057 1071 1152 1208 1261 1312 1313 1325 1385 1405 1453 1480 1508 1589 1602 1607 1697 1750 1791 1816 1820 1825 1837 1917 1928 2043 2045,CC(=O)C1=CC=C(C=C1)N2CCN(CC2)C(=O)CN3CC[C@@H](C3)C(=O)NC4=CC(=C(C=C4)C(F)(F)F)C(F)(F)F
481,C 1 C C 2 C C 1 C C 2 ( C 3 = C C = C C = C 3 N ) O,130 320 432 494 528 679 742 787 807 910 926 1019 1060 1088 1154 1171 1199 1292 1325 1380 1460 1739 1750 1756 1898,C1CC2(C3CC1C4(C2(C3)C=C4)O)C5=CC=CC=C5N
482,C 1 C N ( C C N 1 C C 2 = C C 3 = C ( C = C 2 ) O C O 3 ) C 4 = C C ( = N C ( = N 4 ) S C C 5 = C C ( = C C = C 5 ) C ( = O ) N C C 6 = C N = C C = C 6 ) Cl,74 80 116 197 255 265 310 341 378 437 463 486 526 569 650 656 738 744 784 807 813 844 875 880 926 935 1035 1039 1043 1066 1086 1088 1152 1175 1294 1349 1380 1385 1480 1508 1514 1535 1561 1573 1603 1610 1647 1683 1750 1754 1762 1771 1855 1863 1866 1873 1876 1905 1917 1985,C1CN2CCN1C=[N+]2CSC3=NC(=NC(=N3)SCC4=CC(=CC=C4)C(=O)NCC5=CC6=C(C=C5)OO6)SCC7=CN=CC=C7
483,C O C 1 = C C ( = C ( C ( = C 1 ) Cl ) N C ( = O ) C ( = O ) O ) Cl,322 366 381 385 389 561 650 695 781 807 841 875 884 1057 1152 1210 1218 1380 1454 1549 1683 1816 1873 1875 1917,COC1=CC(=C(C(=C1)Cl)NC(=O)C(=O)O)Cl
484,C [C@@H] 1 C C C C O [C@H] ( [C@H] ( C N ( C ( = O ) C 2 = C ( O 1 ) C = C C ( = C 2 ) N C ( = O ) N C 3 = C C = C ( C = C 3 ) C ( F ) ( F ) F ) [C@H] ( C ) C O ) C ) C N ( C ) C C 4 C C C C C 4,29 80 114 184 191 192 245 249 283 314 352 361 383 395 475 482 484 490 610 650 656 679 739 750 769 802 807 809 834 843 879 881 890 926 998 1019 1028 1035 1077 1110 1163 1214 1236 1309 1325 1380 1417 1453 1526 1665 1716 1750 1797 1816 1859 1873 1905 1917 1928 1978 1989 1990,C1CC[C@H]([C@@H](CN(C(=O)C2=C(O1)C=CC(=C2)NC(=O)NC3=CC=C(C=C3)C(F)(F)F)[C@H](C)CN(C)CC4CCCC4)C)CN(C)CC5CCCC5
485,C 1 = C C = C ( C ( = C 1 ) / C = C ( \ C C ( = O ) O ) / C 2 = N C 3 = C C = C C = C 3 O 2 ) [N+] ( = O ) [O-],80 164 289 307 378 422 441 475 534 650 656 694 715 753 803 807 841 961 987 1097 1111 1128 1195 1353 1380 1601 1604 1696 1737 1746 1750 1808 1855 1873 1917 1963 1982,C1=CC(=C(C=C1[N+](=O)[O-])/C=C(\CC(=O)[N+](=O)[O-])/C2=NC3=CC=C(O2)[N+](=O)[O-])/C=C(\C4=NC5=CC=C(O4)[N+](=O)[O-])/C6=NC7=CC=C(O6)[N+](=O)[O-]
486,C C / C = C ( / [Si] ( C ) ( C ) C 1 = C C = C C = C 1 ) \ S,80 237 260 294 302 389 479 598 636 656 694 714 807 1036 1088 1199 1380 1454 1540 1750 1810 1873,CC/C=C(\C1=CC=C(O1)[Si](C2=CC=CC=C2)(C3=CC=CC=C3)C4=CC=CC=C4)/[Si](C5=CC=CC=C5)(C6=CC=CC=C6)C7=CC=CC=C7
487,C C ( C ) C N C ( = O ) C = C C 1 = C C = C ( C = C 1 ) Br,1 31 80 135 197 283 552 606 650 694 807 835 878 909 1057 1157 1380 1631 1649 1750 1847 1917 2033,CC(C)CC(=O)/C=C/C1=CC=C(C=C1)Br
488,C C C ( = C C C 1 = C C = C C = C 1 N ) C C,43 82 294 335 451 479 494 623 694 910 1076 1088 1199 1349 1380 1597 1750 1873,C1=CC=C(C(=C1)C=C=N)C=C=N
489,C C 1 C C C C C 1 N C ( = O ) C N 2 C = C ( N = C 2 ) [N+] ( = O ) [O-],41 80 130 261 308 378 650 715 747 753 807 838 890 892 926 932 935 961 1028 1057 1106 1152 1161 1195 1309 1312 1325 1373 1380 1403 1472 1737 1859 1873 1917 1963 2036,CC1CCCCC1NNC(=O)CN2C=C(N=C2)[N+](=O)[O-]
490,C C ( = O ) O C C [C@@] 1 2 C [C@] ( C [C@@] 1 ( C C [C@@H] 3 [C@@] 2 ( C C C C 3 ( C ) C ) C ) C ) ( C ) O,13 80 117 147 168 259 312 478 483 492 533 558 591 695 754 760 795 807 846 926 1017 1019 1028 1035 1057 1060 1096 1131 1154 1162 1232 1274 1300 1325 1358 1436 1531 1917 2028,CC(=O)OCC[C@@]1(CC[C@@H]2[C@]3(CCCC([C@@H]3CC[C@]2(C1)C)(C)C)C)O
491,C C 1 = C C ( = C ( C = C 1 ) F ) N C ( = O ) N C 2 = C C = C ( C = C 2 ) C 3 = C S C 4 = C 3 C ( = N C = C 4 C 5 = C S C = C 5 ) N,10 14 56 131 191 194 222 278 352 378 437 510 552 573 650 675 699 725 743 843 875 896 987 1152 1160 1171 1224 1338 1380 1403 1444 1452 1457 1459 1519 1535 1567 1722 1750 1769 1806 1816 1840 1873 1917 1928 1959 1984 1989 1990,C1=CC(=CC=C1C2=CN=C(C3=C2SC=C3F)N)NC(=O)NC4=CSC=C4
492,C C C C C C C C C C C C C C ( = O ) N / N = C \ C 1 = C C ( = C C = C 1 ) O C ( = O ) C 2 = C ( C = C ( C = C 2 ) Cl ) Cl,41 67 80 145 165 216 294 309 318 322 366 466 562 591 650 694 725 794 807 864 866 875 924 1057 1088 1143 1147 1152 1155 1267 1308 1380 1444 1564 1656 1718 1729 1750 1867 1873 1876 1911 1917 1991,CCCCCCCCCCCCCCCCCC(=O)N/N=C/C1=C(C=CC(=C1)Cl)C(=O)OC2=CC=CC=C2
493,C C 1 = C C ( = C C = C 1 ) N 2 C 3 = C ( C C N 3 ) C ( = N 2 ) C 4 C C C C C 4,2 49 277 305 361 378 503 812 875 890 926 935 1013 1019 1028 1039 1049 1055 1114 1129 1358 1380 1463 1722 1738 1750 1823 1852 1866 1873 1926 1943 1956,C1CCC(CC1)C2=NN(C3=C2CCN3)C4=CC=CC(=C4)C
494,C C C ( C ) ( C # C ) N C ( = O ) C = C C 1 = C C ( = C ( C ( = C 1 ) O C ) O C ) O C,31 80 114 239 282 294 295 327 333 354 466 650 674 695 807 835 841 843 875 883 915 974 1057 1152 1181 1183 1308 1380 1476 1536 1599 1828 1858 1873 1917 1970 2033,CCC(CC)(C#C)NC(=O)/C=C/C1=CC(=C(C(=C1)OC#C)OC)OC(CC)(CC)C#C
495,C C 1 = C ( C = C ( C = C 1 ) C ( = O ) N 2 C C C 3 = C C = C C = C 3 2 ) C,177 618 650 875 926 935 1057 1088 1199 1236 1295 1380 1385 1387 1391 1401 1504 1539 1697 1750 1873 1888 1895 1917,C1C2=C(N1C(=O)C3=CC4=C(C=C3)N(C4)C(=O)C5=CC6=C(C=C5)N(C6)C(=O)C7=CC8=C(CCN8C(=O)C9=CC1=CC=CC=C1C=C9)C=C7)C=C(C=C2)C(=O)O
496,C C N 1 C 2 = C C = C C = C 2 C ( = C ( C 1 = O ) [N+] ( = O ) [O-] ) N C 3 = C C = C ( C = C 3 ) C ( C ) C,1 34 45 80 81 191 283 294 314 389 465 491 504 526 598 650 715 838 1057 1088 1195 1239 1285 1365 1482 1524 1573 1750 1804 1853 1873 1963 2037,CCP(=O)(C1=CC=CC=C1)C2=C(C(=O)N(C3=CC=CC=C32)[S-])[N+](=O)[O-]
497,C C C C C N ( C C ( = O ) N C 1 = N O C ( = C 1 ) C ) C ( = O ) C 2 = C C ( = C ( C = C 2 ) C ) [N+] ( = O ) [O-],41 80 248 294 354 378 463 591 650 656 715 753 794 828 838 875 881 1057 1065 1184 1190 1195 1272 1331 1385 1391 1398 1444 1542 1669 1691 1722 1742 1750 1873 1917 1984 1999,CCCCCN(CC(=O)N[O-])[N+](=O)C1=C(C=CC(=C1)C)C
498,C C 1 = C C = C ( C = C 1 ) S ( = O ) ( = O ) O C 2 = C ( C 3 = C C = C C = C 3 C = C 2 ) C 4 = C ( C = C C 5 = C C = C C = C 5 4 ) O,94 186 203 210 235 319 322 348 350 440 516 650 695 715 807 1057 1087 1104 1199 1380 1471 1475 1476 1573 1602 1607 1722 1750 1823 1855 1873 1920,CC1=CC=C(C=C1)S(=O)(=O)OC2=C(C=CC3=CC=CC=C32)O
499,C C 1 = C ( [C@H] ( C 2 = C ( N 1 ) C [C@@H] ( C C 2 = O ) C 3 = C C = C ( C = C 3 ) Cl ) C 4 = C C ( = C C = C 4 ) O ) C ( = O ) O C C 5 = C C = C C = C 5,65 80 145 211 216 231 256 257 314 650 674 695 751 807 816 871 875 961 1019 1039 1057 1060 1114 1158 1169 1199 1279 1321 1380 1419 1454 1464 1488 1582 1602 1651 1683 1873 1876 1914 1917,CC1=C(C(C2=C(N1)CC(CC2=O)C3=CC(=CC(=C3)O)O)C4=CC(=CC(=C4)O)O)C(=O)OC#CO
500,C C N ( C C ) S ( = O ) ( = O ) N P ( = S ) ( N ) N,30 80 97 192 202 274 294 650 869 881 932 1057 1152 1171 1211 1328 1476 1729 1950 2033,CCN(CC)P(=S)(NP(=S)(N)N)NP(=S)(N)N
501,[nH] 1 c 2 c ( c ( c 1 ) / C = N / N C 1 = N C C C C C 1 ) c c c c 2,201 310 328 378 490 509 687 694 725 747 806 860 864 893 926 961 976 1028 1088 1114 1152 1199 1357 1455 1573 1706 1738 1750 1879 1937,C1CCC2=C(C1)NC=NN2N=CC3=CNC4=CC=CC=C43
502,C 1 = C C = C ( C = C 1 ) N C 2 = C ( C ( = N C = N 2 ) N C 3 = C C ( = C ( C = C 3 ) Cl ) Cl ) [N+] ( = O ) [O-],81 191 329 366 378 389 491 534 561 650 666 703 708 715 753 838 843 875 888 996 1088 1152 1195 1199 1367 1402 1452 1554 1581 1683 1750 1810 1873 2037,C1=CC=C(C=C1)NC2=C(C(=NC=N2)NC3=CC(=C(C=C3)Cl)Cl)[N+](=O)[O-]
503,C C C C O C ( = O ) C 1 = C C = C C = C 1 C ( = O ) O C ( C C ( C ) C ) C # C C C,1 13 23 69 80 145 151 263 283 294 515 564 591 650 674 695 718 759 794 807 823 935 1057 1088 1168 1199 1311 1447 1525 1592 1699 1734 1750 1847 1911 1917,CCCCOC(=O)C1=CC=CC=C1C(=O)OC(C#CCC)C#CCC(C)C
504,C C 1 = C ( C ( N 2 C ( = N N = N 2 ) N 1 ) C 3 = C ( C ( = C C = C 3 ) O C ) O C ) C ( = O ) O C C = C,71 80 145 186 257 613 650 694 695 807 816 841 931 940 1019 1039 1057 1060 1088 1114 1164 1237 1300 1321 1366 1380 1395 1410 1427 1437 1443 1464 1486 1536 1608 1645 1651 1722 1750 1783 1822 1917 1955 1970 1978,CC1=C(C(N2C(=NN=N2)N1)C3=C(C=CC=C3OC)OC)C(=O)OCC=C
505,C 1 C ( O C ( O C 1 C 2 = C C = C ( C = C 2 ) C O ) C 3 = C C ( = C C = C 3 ) N C ( = O ) C C C C C ( = O ) N O ) C S C 4 = C C = C ( C = C 4 ) C ( = O ) O,41 67 80 106 116 184 191 222 268 310 389 456 650 656 703 784 807 811 837 848 875 901 926 942 955 1019 1027 1039 1073 1083 1088 1138 1152 1255 1262 1267 1279 1292 1338 1380 1382 1385 1391 1534 1564 1631 1697 1718 1750 1816 1873 1911 1917 1921 2035,C1C(OC(OC1C2=CC=C(C=C2)C(=O)O)C3=CC(=CC=C3)NC(=O)CCCCC(=O)NC4=CC=CC(=C4)C5OC(CC(O5)C6=CC=C(C=C6)C(=O)O)CO)CO
506,C 1 C C ( C N ( C 1 ) C C ( = O ) O ) C C 2 = C N C 3 = C C = C C = C 3 2,29 80 307 364 389 446 458 484 687 739 807 926 935 1019 1028 1088 1114 1184 1199 1248 1325 1349 1380 1422 1480 1737 1750 1783 1791 1873 1879 1937,C1CC(CN(C1)CC(=O)O)CC2=CNC3=CC=CC=C32
507,C C O C ( = O ) C 1 = C ( C = C ( C = C 1 ) N C ( = O ) C ) O C C 2 = N C 3 = C C = C C = C 3 C = C 2,67 80 145 184 191 203 245 289 294 378 530 650 695 718 724 745 758 759 807 843 849 875 984 1088 1097 1152 1199 1226 1249 1374 1380 1468 1722 1750 1855 1873 1900 1970 1974 1991,C1=CC=C2C(=C1)C=CC(=N2)COC3=C(C=CC(=C3)NC(=O)O)C(=O)ONC4=CC5=C(C=C4)C=CC(=N5)COC6=C(C=CC(=C6)NC(=O)CC)C(=O)OCC
508,C [C@H] ( C = O ) [C@H] 1 C C [C@@H] 2 [C@@] 1 ( C C C [C@@H] 2 O C ( = O ) C ) C,1 8 243 283 508 519 537 562 650 694 695 798 807 926 978 1004 1017 1019 1028 1035 1057 1060 1162 1216 1240 1269 1274 1325 1477 1492 1555 1893 1917,CC(C=O)C1CCC2C1(CCCC2OC(=O)C)C
509,C 1 = C C = C 2 C ( = C 1 ) C = C C ( = C 2 S C 3 = C ( C = C C 4 = C C = C C = C 4 3 ) O ) O,116 203 807 1016 1087 1088 1104 1199 1380 1426 1475 1573 1602 1607 1750 1855 1873 1885,C1=CC=C2C(=C1)C=CC(=C2SC3=C(C=CC4=CC=CC=C43)O)O
510,C 1 = C C = C ( C = C 1 ) C = C C ( = O ) O C 2 = C C 3 = C ( C = C 2 ) C ( = O ) C ( = C C 4 = C C = C O 4 ) O 3,31 176 281 322 344 389 474 555 656 680 694 718 787 807 835 875 878 888 1010 1073 1088 1138 1199 1233 1252 1308 1353 1361 1380 1404 1476 1729 1750 1810 1905 1917 1926 1970 1978 2023 2033,C1=CC=C(C=C1)/C=C/C(=O)OC2=CC3=C(C=C2)/C(=C/C4=CC=CO4)/O3
511,C 1 C C 2 C C C ( = C 1 ) C C 2,414 636 926 1019 1147 1232 1325 1362 1380 1446 1616 1739 1781 1873,C1CC2CCC=C(C2)C#CC3CCC=C3C1
512,C [C@@H] ( C S C 1 = N C 2 = C ( C 3 = C ( S 2 ) C C C C C 3 ) C ( = O ) N 1 C 4 = C C = C C = C 4 ) C # N,1 2 42 80 162 193 220 310 314 341 378 389 427 504 511 514 674 675 682 747 790 1028 1049 1057 1088 1093 1199 1211 1302 1369 1380 1391 1430 1581 1715 1738 1750 1817 1825 1855 1873 1919 1984 1993,C1CCC2=C(CC1)SC3=C2C(=O)N(C(=N3)CC(C#N)C#N)C4=CC=CC=C4
513,C O C 1 = C C = C ( C = C 1 ) C 2 = C C ( = C O 2 ) C O,80 121 322 404 495 656 718 781 807 831 837 865 875 883 896 1057 1160 1254 1372 1380 1750 1754 1873,COC1=CC=C(C=C1)C2=CC(=CC(=C(O)O)O2)C[P+](O)(O)O
514,C C ( C ) ( C ) O C ( = O ) N 1 C C C [C@@H] ( C 1 ) C ( = S ) N,2 110 114 140 369 446 606 650 739 807 926 935 974 1019 1028 1033 1057 1065 1121 1171 1275 1325 1480 1574 1588 1859 1917,CC(C)(C)OC(=O)N1CCCC(C1)C(=O)N
515,C C 1 = C C ( = C C = C 1 ) / C = N \ N C ( = O ) N,140 309 318 650 694 725 807 875 924 959 1013 1055 1057 1088 1152 1155 1171 1244 1353 1380 1526 1750 1823 1867 1873 1917 2008 2033,CC1=CC(=CC=C1)/C=N/NC(=O)N
516,C C ( C ) ( C ) C 1 = C C ( = C C ( = C 1 O ) C ( C ) ( C ) C ) O C C ( = O ) [O-],80 114 202 322 392 628 650 695 715 785 1057 1226 1254 1339 1380 1415 1452 1602 1873 1887 1917,CC(C)(C)C1=CC(=CC(=C1O)C(C)(C)C)OCC(=O)[O-]
517,C C ( C ) C C C C ( C ) C 1 C C C 2 C 1 ( C C C 3 = C 4 C C C ( C C 4 ( C ( C C 2 3 ) O C ( = O ) C ) C ) O ) C,1 5 34 80 146 243 249 271 327 455 521 562 590 641 650 676 679 695 706 739 753 807 881 916 926 1017 1035 1057 1060 1126 1142 1162 1257 1325 1514 1555 1615 1693 1730 1738 1761 1821 1847 1860 1884 1911 1917,CC(=O)O[C@@H]1CCC2=C3CC[C@@H](C[C@]34CC[C@@H]([C@H]2CC[C@]1(C)[C@H](CCCC(C)C)CCCC(C)C)C4=C5CC[C@@H](CC56CC6)O)O
518,C C C C N 1 C = C ( C = N 1 ) C N ( C 2 = C N = C ( C = C 2 ) C ( C ) C ) C ( = O ) C 3 C C C C 4 = C 3 C = C C = C 4 O,1 43 80 279 283 294 361 371 374 378 473 501 626 650 652 747 783 794 807 881 926 935 960 999 1019 1027 1028 1039 1057 1098 1118 1145 1169 1221 1325 1348 1380 1391 1452 1464 1535 1602 1610 1644 1738 1750 1754 1810 1831 1873 1882 1911 1917,CCCCN1C(=CC=N1)C(=O)N(C2=CN=C(C=C2)C(C)C)C(=O)C3CCCC4=C3C=CC=C4O
519,C C 1 C ( C 2 = C C = C C = C 2 N 1 C ) ( C ) C,188 425 622 716 854 878 935 1019 1057 1060 1088 1145 1199 1274 1295 1309 1376 1380 1460 1873,CC1C(C2=CC=CC=C2N1C)(C)C
520,C C 1 = C ( C ( = O ) N C ( = C 1 C C C ( = O ) N C C 2 = C C = C C = C 2 C N ( C ) C ) C ) C # N,79 80 213 252 333 358 452 473 507 650 652 660 750 790 807 881 921 1048 1057 1088 1114 1136 1152 1163 1243 1349 1380 1384 1527 1538 1564 1589 1722 1750 1764 2043,CC1=C(C(=C(C(=C1C#N)C)C#N)CC/C(=C/2\C=CC(=C(C2=O)C#N)CN(C)C)/N(C)C)C#N
521,C 1 = C ( C = C ( C 2 = C ( N N = C 2 1 ) Br ) C ( = O ) O ) Br,74 378 389 650 690 740 807 875 909 966 1047 1097 1274 1380 1522 1618 1631 1725 1873 1917 1932 2004,C1=C(C=C(C2=CC(=NN21)C(=O)O)C(=O)O)Br
522,C O C C 1 C 2 C 1 C N C 2,80 197 470 622 695 841 873 926 945 1005 1019 1057 1308 1568 1625 2039,COCC1C2CNCC2C3C1C3COC
523,C C ( C ) N C ( = S ) N ( C C N 1 C C O C C 1 ) C C 2 = C N = C ( N 2 C C 3 C C C O 3 ) S ( = O ) ( = O ) C C 4 = C C = C C = C 4 F,5 15 80 91 97 110 117 145 174 248 283 350 361 378 459 507 523 605 650 802 807 821 881 895 908 926 935 950 978 1028 1032 1057 1068 1076 1088 1145 1152 1199 1263 1325 1349 1380 1391 1404 1405 1441 1452 1476 1482 1535 1597 1614 1650 1690 1750 1791 1840 1849 1873 1928 1951 2034,CC(C)NC(=S)N(CCN1CCOCC1)CC2=CN=C(N2CC3CCCO3)S(=O)(=O)CC4=CC=CC=C4F
524,C N 1 C ( = N N = N 1 ) S C 2 = N C ( = N C 3 = C C = C C = C 3 2 ) C 4 = C N = C C = C 4,32 116 257 289 389 437 464 552 736 747 823 833 853 935 1043 1057 1097 1105 1145 1160 1164 1199 1302 1380 1385 1535 1573 1603 1716 1750 1783 1855 1873 1889,CN1C(=NN=N1)SC2=NC(=NC3=CC=CC=C32)C4=CN=CC=C4
525,C 1 = C C = C ( C = C 1 ) C 2 = N N = C ( N 2 C 3 = C C = C ( C = C 3 ) Br ) S C C ( = O ) N N = C C 4 = C C ( = C ( C = C 4 ) Cl ) Cl,25 41 58 80 116 233 309 318 341 352 378 384 389 650 666 694 723 747 807 864 875 909 1152 1155 1157 1160 1164 1191 1199 1380 1402 1449 1506 1508 1509 1554 1577 1649 1683 1722 1873 1876 1917 1993 2033,C1=CC=C(C=C1)N2C(=NN=C2SCC(=O)N/N=C/C3=CC(=C(C=C3)Cl)Cl)C4=NN=C(N4C5=CC=C(C=C5)Br)SCC(=O)N/N=C/C6=CC(=C(C=C6)Cl)Cl
526,C C 1 = C C ( = C ( C = C 1 ) O C C ( = O ) N C 2 = C C = C C ( = C 2 ) C 3 = N N = C ( O 3 ) C 4 = C C = C C = C 4 ) C,80 94 184 191 192 204 378 389 656 695 703 720 736 875 901 1013 1039 1047 1057 1088 1160 1164 1187 1199 1380 1384 1391 1452 1604 1612 1722 1750 1816 1823 1835 1873 1917 1970 2004 2012 2041,CC1=CC(=C(C=C1)OCC(=O)NC2=CC=CC(=C2)C3=NN=C(O3)C4=CC=CC=C4)C
527,C C 1 = C C 2 = C ( C = C 1 ) N = C ( C = C 2 C ( = O ) N C 3 = C C ( = C ( C = C 3 O C ) Cl ) O C ) C 4 = C C 5 = C ( C = C 4 ) O C O 5,160 235 249 366 378 389 441 486 561 656 695 738 807 841 847 875 916 926 947 961 980 1013 1035 1057 1058 1097 1110 1142 1224 1349 1357 1380 1392 1403 1447 1536 1647 1677 1683 1722 1750 1809 1816 1823 1873 1905 1917 1970 1991,CC1=CC2=C(C=C1)N=C(C=C2C(=O)NC3=CC(=C(C=C3OC)Cl)OC)C4=NC5=C(C=C4)OCO5
528,C C 1 C C N ( C C 1 ) C C 2 = C C = C ( C = C 2 ) C ( = O ) N 3 C C N ( C C 3 ) C 4 = C C = C C ( = C 4 ) C ( F ) ( F ) F,114 310 407 496 650 687 784 807 809 875 926 935 942 973 1039 1049 1057 1088 1148 1261 1309 1317 1325 1380 1417 1453 1480 1504 1511 1522 1589 1683 1697 1750 1754 1791 1825 1873 1928 2009 2017,CC1CCN(CC1)CC2=CC=C(C=C2)C(=O)N3CCN(CC3)C4=CC=CC(=C4)C(F)(F)F
529,C C 1 = C C = C C = C 1 O C C ( = O ) N C C 2 = C C = C ( C = C 2 ) C ( = O ) N,41 80 140 192 219 255 309 310 333 432 638 650 695 807 948 1057 1171 1199 1380 1391 1410 1452 1573 1722 1750 1873 1917 1970 1999 2004 2012,CC1=CC=CC=C1OCC(=O)NCC2=C(C=C(C=C2)C(=O)N)C(=O)N
530,C C C C 1 = C ( N ( C ( = O ) N 1 C C 2 = C C = C ( C = C 2 ) C 3 = C C = C C = C 3 C ( = O ) O ) C ( = O ) C C C ) C,2 85 222 294 310 314 352 456 650 712 794 802 807 896 935 980 984 1009 1047 1057 1088 1109 1160 1199 1243 1244 1282 1380 1447 1722 1750 1754 1765 1766 1811 1867 1873 1917 1983 1991,CCCC1=C(N(C(=O)N1CC2=CC=C(C=C2)C3=CC=CC=C3C(=O)O)C(=O)CCC)C
531,C 1 N C C C N C C N C C C N ( C 1 ) C c 1 c c ( c 2 c c ( C N ( C c 3 n c c c c 3 ) C c 3 c c c c n 3 ) c c n 2 ) n c c 1,14 76 80 172 305 448 493 507 603 724 744 784 787 867 881 926 935 980 1028 1080 1088 1114 1153 1155 1199 1308 1380 1422 1452 1470 1480 1516 1554 1746 1750 1754 1771 1791 1866 1873 1921 1985 2020,C1CNCCNCCCN(CCNC1)CC2=CC(=NC=C2)C3=NC=CC(=C3)CN(CC4=CC=CC=N4)CC5=CC=CC=N5
532,C C O C ( = O ) C N 1 C = C ( N = C 1 Cl ) [N+] ( = O ) [O-],80 179 294 337 378 386 494 561 695 715 753 838 857 868 935 961 1057 1195 1238 1312 1380 1386 1402 1452 1455 1683 1722 1752 1855 1917 1963,CCOC(=O)CN1C=C(N=C1Cl)[N+](=O)[O-]
533,C C 1 = C ( C = C C = C 1 N C ( = O ) C 2 = C C = C ( C = C 2 ) C ( C ) ( C ) C ) C 3 = C N ( C ( = O ) C ( = C 3 ) N C 4 = N C = C ( C = C 4 ) C ( = O ) N 5 C C N ( C C 5 ) C ( = O ) C ) C,33 114 142 252 314 378 392 410 464 486 491 512 573 650 831 851 852 875 926 935 942 947 967 984 985 1017 1057 1060 1088 1099 1152 1160 1224 1300 1339 1380 1385 1409 1452 1480 1504 1535 1556 1589 1669 1696 1697 1722 1768 1795 1816 1947 1955 2009,CC1=C(C=CC=C1NC(=O)C2=CC=C(C=C2)C(C)(C)C)C3=CN(C(=O)N=C3)C(=O)N4CCN(CC4)C(=O)C
534,C 1 C C N ( C C 1 ) C 2 3 C ( S ( = O ) ( = O ) C 4 = C C = C C = C 4 2 ) S ( = O ) ( = O ) C 5 = C C = C C = C 3 5,2 43 193 226 368 469 650 784 884 926 935 1019 1060 1199 1310 1380 1428 1460 1480 1750 1879 1948 1980 1998,C1CCN(CC1)C2(C(S(=O)(=O)C3=CC=CC=C32)N4CCCCC4)N5CCCCC5
535,C 1 = C C = C ( C = C 1 ) / C ( = C / 2 \ C ( N ( C ( = O ) C 2 = O ) C 3 = C C = C ( C = C 3 ) O ) C 4 = C C ( = C C = C 4 ) [N+] ( = O ) [O-] ) / O,233 314 389 395 471 590 715 753 807 818 838 875 879 935 1003 1027 1039 1088 1199 1250 1274 1279 1380 1385 1420 1427 1476 1610 1629 1750 1778 1809 1825 1873 1922 1940 1963 1985 2011,C1=CC=C(C=C1)/C(=C\2/C(=O)C(=O)N(C2=O)C3=CC=C(C=C3)N4/C(=C(\C5=CC(=CC=C5)[N+](=O)[O-])/O)/C(=O)C4=O)/O
536,C C O C 1 = C C = C ( C = C 1 ) N C ( = O ) C ( C ) N 2 C = N C 3 = C ( C 2 = O ) C 4 = C ( S 3 ) C C C C 4,1 69 80 102 162 191 220 237 283 294 310 314 322 331 361 378 398 427 504 511 573 675 718 807 926 932 997 1028 1057 1077 1146 1152 1238 1380 1391 1411 1438 1452 1664 1738 1743 1750 1817 1873 1896 1917 1984,CCOC1=CC=C(C=C1)NC(=O)[C@H](C)N2C=NC3=C(C2=O)C4=C(S3)CCCC4
537,S C ( = N C C C O C C ) N C C C N c 1 n c 2 c ( c c 1 C # N ) c c c ( c 2 C ) C,13 80 144 197 229 378 475 571 667 674 695 708 714 725 790 807 875 945 1020 1057 1136 1187 1238 1272 1325 1380 1384 1416 1439 1519 1614 1691 1722 1724 1732 1744 1786 1855 1862 1873 1876 1911 1913 1992 2004,c12nc(c(cc2C#N)C#N)C
538,C = C 1 [C@H] ( [C@H] ( N 2 C ( = N C ( = N 2 ) S C C 3 = C C = C C = C 3 ) N 1 ) C 4 = C N = C C = C 4 ) C ( = O ) N,2 35 71 80 96 99 113 140 341 378 389 437 463 623 650 762 807 861 935 1019 1043 1060 1088 1114 1115 1171 1199 1380 1535 1586 1603 1608 1610 1624 1663 1750 1852 1855 1866 1873 1917 1956 1980,C1=CC=C(C=C1)[N+]2=C3NC4=NC(=NN4C(C(N3N=C2)C5=CN=CC=C5)C(=O)N)C6=CN=CC=C6
539,C C N ( C C ) C C C C C C C C C C N ( C ) C C 1 = C C 2 = C C = C C = C 2 O 1,80 251 294 507 620 814 863 875 932 983 1087 1088 1128 1143 1163 1199 1236 1380 1461 1581 1604 1669 1674 1750 1766 1808 1855 1873 1934 1951,CCN(CC)CCCCCCCCCCCCCCCCCCCCCCCCCCCCCCCCCCCCCCCCN(C)CC1=CC2=CC=CC=C2O1
540,C C ( C ) ( C C C ( C ) ( C ) O O C ( = O ) C 1 = C C = C C = C 1 C C 2 = C C = C C = C 2 ) O O C ( = O ) C 3 = C C = C C = C 3 C C 4 = C C = C C = C 4,80 99 114 145 169 389 392 650 711 789 807 1057 1066 1088 1116 1199 1302 1308 1346 1369 1447 1566 1597 1690 1754 1873 1917 1991 1999,CC(C)(CCC(C)(C)OOC(=O)C1=CC=CC=C1C(=O)OOC(C)(C)CC2=CC=CC=C2)OOC(=O)C3=CC=CC=C3C(=O)OOC(C)(C)CC4=CC=CC=C4
541,C C C ( = C ) [C@H] ( C ) [C@H] ( C 1 = C C = C C = C 1 ) O,80 144 227 283 294 507 807 846 886 1022 1057 1088 1092 1147 1365 1380 1581 1750 1832 1873,CC[S+]1C=CC=C1C(=C([S+](C)CC)O)[S+](C)C
542,O ( C ( = O ) [C@@H] ( N ( C c 1 c c c c c 1 ) C c 1 c c c c c 1 ) C ) C c 1 c c c c c 1,1 147 283 389 486 507 695 745 768 779 807 1048 1057 1066 1147 1199 1380 1570 1691 1750 1799 1914,CC(C(=O)OCC1=CC=CC=C1)P(CC2=CC=CC=C2)(C3=CC=CC=C3)(C4=CC=CC=C4)C(C)C(=O)OCC5=CC=CC=C5
543,C C ( C ( = O ) N C 1 = C ( C = C C ( = C 1 ) O C ) O C ) S C 2 = C C = C ( C = C 2 ) N C ( = O ) C 3 = C C ( = C C = C 3 ) Cl,1 94 116 165 191 249 283 322 441 486 561 573 650 695 718 781 807 841 843 875 1057 1058 1077 1152 1162 1380 1507 1536 1568 1707 1750 1795 1816 1858 1873 1917 1970 1972,CC(C(=O)NC1=CC=C(C=C1)OC)SC2=C(C=CC(=C2)OC)OC
544,C C ( C 1 = C ( C = C ( C = C 1 ) F ) F ) N C ( = O ) [C@H] ( C C 2 = C N C 3 = C C = C C = C 3 2 ) N C ( = O ) C 4 = C C = C S 4,1 14 80 117 119 220 237 241 283 302 328 364 383 486 573 648 650 675 699 736 754 805 806 807 875 915 1088 1110 1114 1152 1349 1380 1410 1435 1487 1567 1607 1616 1627 1670 1685 1783 1840 1873 1879 1917 1937 1970,C1=CSC(=C1)C(=O)N[C@@H](CC2=CNC3=CC=CC=C32)C(=O)N[C@@H](C)C4=C(C=C(C=C4)F)F
545,C [C@H] ( [C@@H] ( C ( = O ) O ) N C ( = O ) [C@@H] 1 C C C N 1 C ( = O ) [C@H] ( C C ( C ) C ) N C ( = O ) [C@H] ( C C 2 = C C = C ( C = C 2 ) O ) N C ( = O ) [C@H] ( C C 3 = C C = C ( C = C 3 ) N ) N ) O,1 79 117 143 193 227 242 283 310 354 389 488 573 620 680 689 736 745 759 786 807 857 888 890 926 966 1017 1019 1028 1057 1065 1110 1152 1171 1313 1325 1343 1380 1433 1457 1480 1482 1602 1616 1693 1750 1754 1778 1804 1847 1849 1873 2006 2016,C[C@H]([C@@H](NC(=O)[C@@H]1CCCC[C@H]1NC(=O)[C@H](CC2=CC=C(C=C2)O)NC(=O)[C@H](CC3=CC=C(C=C3)O)NC(=O)[C@H](CC4=CC=C(C=C4)N)N)O)O
546,C C 1 = C C ( = C C ( = C 1 ) O C ( = O ) C 2 = C C = C ( C = C 2 ) N C 3 = C ( C ( = O ) N ( C 3 = O ) C 4 = C C = C C = C 4 O C ) Cl ) C,145 163 166 191 207 212 314 322 373 379 499 606 650 695 807 841 843 866 875 888 1152 1199 1315 1380 1385 1524 1536 1580 1647 1683 1697 1729 1741 1750 1823 1917 1953,C1=CC(=CC(=C1)OC(=O)C2=CC=C(C=C2)NC3=C(C(=O)N(C3=O)Cl)OC)C
547,C C 1 = C ( S C ( = N 1 ) N 2 C ( = C C ( = N 2 ) C 3 = C C = C C = C 3 ) C 4 = C C = C C = C 4 ) C ( = O ) / C = C / C 5 = C C = C ( C = C 5 ) [N+] ( = O ) [O-],25 31 92 162 378 586 634 650 675 715 753 769 781 787 807 835 838 875 878 980 1057 1141 1160 1199 1271 1274 1338 1380 1446 1601 1667 1722 1750 1809 1814 1817 1852 1873 1917 1956 1963 2033 2034,CC1=C(SC(=N1)N2C(=CC(=N2)C3=NN(C(=C3)C)C(=O)/C=C/C4=CC=C(C=C4)[N+](=O)[O-])[N+](=O)[O-])C(=O)/C=C/C5=CC=C(C=C5)[N+](=O)[O-]
548,C C C 1 = C C = C ( C = C 1 ) [C@H] 2 N = C ( N C 3 = [N+] 2 C 4 = C C = C C = C 4 C ( = O ) N 3 ) N,24 80 106 145 254 294 310 314 343 378 463 536 650 711 750 751 851 878 983 1019 1057 1060 1088 1114 1171 1199 1279 1357 1380 1573 1644 1745 1750 1799 1803,CCC1=CC=C(C=C1)C2N=C(NC3=[N+]2C4=CC=CC=C4C(=O)N3)CC
549,C C ( C ) C C C ( C ) N ( C ( C 1 = C C = C ( C = C 1 ) O ) C ( = O ) N C ( C ) ( C ) C ) C ( = O ) C ( C C ( C ) C ) N C ( = O ) O C ( C ) ( C ) C,1 80 114 167 227 231 283 329 330 354 392 460 509 573 603 680 689 736 739 752 807 881 1019 1057 1152 1313 1318 1365 1380 1482 1491 1574 1602 1700 1750 1778 1859 1860 1873 1917 1977,CC(C)N(C(C1=CC=C(C=C1)O)C(=O)NC(C)(C)C)C(=O)C(CC(C)N(C(C)CCC(C)N(C(C)CCC(C)O)C(=O)OC(C)(C)C)C(C)(C)C)NC(C)(C)C
550,C [C@@H] ( C 1 = C C ( = C C = C 1 ) Cl ) N C ( = O ) C N ( C ) C C ( = O ) N C 2 = C C = C ( C = C 2 ) F,41 117 191 216 222 532 552 561 613 650 699 714 807 843 875 881 901 1039 1057 1077 1088 1152 1163 1190 1236 1365 1410 1549 1581 1627 1670 1683 1750 1816 1873 1917 1929,CN(CC(=O)NC1=CC=C(C=C1)F)CC(=O)N[C@@H](C)C2=CC(=CC=C2)Cl
551,C 1 C O C C N 1 C C N ( C 2 C C ( = O ) N ( C 2 = O ) C 3 = C C = C ( C = C 3 ) C # N ) C ( = O ) C 4 = C C ( = C ( C = C 4 ) Cl ) [N+] ( = O ) [O-],5 34 102 165 231 233 305 308 311 314 354 404 456 523 561 666 674 716 753 790 798 807 838 881 950 1019 1097 1136 1145 1176 1195 1221 1356 1380 1384 1385 1397 1405 1441 1480 1482 1616 1683 1686 1697 1723 1750 1791 1825 1849 1917 1951 1954 1984 1991,C1COCCN1CCN(C2CC(=O)N(C2=O)C3=CC=C(C=C3)C#N)C(=O)C4=CC(=C(C=C4)Cl)[N+](=O)[O-]
552,C 1 C C ( = O ) N ( C 1 ) C 2 = C C = C ( C = C 2 ) O C ( = O ) C C C 3 = C C 4 = C ( C = C 3 ) O C O 4,80 104 126 215 310 322 441 449 650 656 695 718 738 798 807 875 935 1028 1035 1038 1138 1243 1327 1349 1380 1446 1457 1480 1514 1647 1729 1738 1750 1754 1800 1825 1845 1863 1873 1905 1917,C1CC(=O)N(C1)C2=CC=C(C=C2)OC(=O)OC3=CC=C(C=C3)OC(=O)N4CCCC4=O
553,C C 1 = C C = C ( C = C 1 ) N C ( = O ) C 2 = C ( N ( N = C 2 C ( = O ) C 3 = C C = C C = C 3 ) C 4 = C C = C ( C = C 4 ) Cl ) C,9 184 191 229 233 235 378 389 486 586 650 807 816 843 935 1070 1077 1199 1385 1440 1643 1679 1683 1738 1750 1766 1775 1816 1823 1825 1852 1873 1917 1920 1951 1956 1985,C1=CC=C(C=C1)C(=O)C2=C(N(N=C2C(=O)NC3=CC=C(C=C3)Cl)C4=CC=C(C=C4)C)C(=O)NC5=CC=C(C=C5)Cl
554,C C N ( C C ( = O ) N C 1 = C C = C C = C 1 O C ) C C ( = O ) N 2 C C C C 2,41 249 294 369 499 650 695 760 807 841 881 926 932 935 1009 1028 1152 1190 1224 1380 1410 1536 1696 1734 1750 1816 1873 1917 1970 1998,C1CCN(C1)N(CC(=O)NC2=CC=CC=C2OC)CC(=O)NC3=CC=CC=C3OC
555,C S ( = O ) ( = O ) N C 1 = C C = C ( C = C 1 ) C ( = O ) C 2 C C N ( C C 2 ) C C ( = C ) C 3 = N C = N C = C 3,191 409 489 517 619 650 692 753 807 818 843 855 926 935 974 993 1019 1022 1057 1144 1152 1208 1261 1366 1380 1385 1452 1476 1480 1603 1685 1697 1750 1779 1791 1837 1866 1873 1917 1958 1980 2029,CS(=O)(=O)NN1CCC(CC1)C(=O)C2=CC=C(C=C2)NC(=C)C3=NC=NC=C3
556,C n 1 c c ( c n 1 ) c 1 n c c 2 C N ( C C 3 C C 3 ) C C c 2 c 1 C ( = O ) O,29 43 80 83 175 214 323 327 361 378 389 456 464 499 586 650 667 908 926 935 1019 1020 1057 1111 1145 1160 1236 1299 1325 1380 1406 1452 1480 1526 1535 1671 1762 1791 1809 1873 1876 1917 1946 2041,Cn1cc(cn1)c1ncc2CN(CC3CC3)CCc2c1C(=O)O
557,C C ( C ) ( C S ( = O ) ( = O ) C C O ) O,114 195 222 283 350 473 481 600 650 807 855 1476 1535 1654 1908,C(CS(=O)(=O)C(C(O)(O)O)(S(=O)(=O)CCO)S(=O)(=O)CCO)O
558,C C 1 C C C ( C C 1 ) O C ( = O ) C 2 = C ( N C ( = O ) N [C@@H] 2 C 3 = C C 4 = C ( C = C 3 ) O C O 4 ) C,119 145 163 301 314 441 484 656 695 784 816 875 926 1019 1035 1057 1060 1087 1114 1126 1148 1238 1279 1309 1325 1349 1380 1422 1464 1647 1651 1722 1800 1803 1873 1905 1917 1951,CC1C(=C(NC(=O)N1)C)C(=O)OC2CC2
559,C 1 C N 2 C 3 = C ( C N C C 3 ) C 4 = C 2 C ( = C C = C 4 ) S C 1,157 168 305 361 397 444 547 548 560 567 675 720 742 789 926 935 950 1028 1039 1114 1308 1357 1380 1422 1440 1480 1496 1573 1738 1750 1873 1919 1950,C1CN2C3=C(CNCC3)C4=C2C(=CC=C4)SC1
560,C C 1 = C C ( = C ( C = C 1 ) C 2 = N N = C ( S 2 ) Cl ) C,82 162 204 216 235 352 378 526 561 656 675 680 875 1013 1057 1164 1198 1380 1683 1695 1722 1750 1823 1934 2019,CC1=CC(=C(C=C1)C2=NN=C(S2)Cl)C3=NN=C(S3)Cl
561,C C ( C ) ( C ) C C ( = O ) N ( C C C O C ) C C ( = O ) N ( C C C 1 = C N C 2 = C C = C C = C 2 1 ) C C 3 = C C = C ( C = C 3 ) C ( C ) ( C ) C,13 114 119 227 273 310 328 404 465 476 486 510 587 650 695 806 841 872 878 881 945 978 997 1005 1057 1061 1096 1114 1147 1190 1199 1238 1243 1272 1339 1349 1357 1380 1573 1583 1665 1750 1754 1783 1843 1873 1879 1911 1917 1937 1951,COCCCN(CC(=O)N(CCC1=CNC2=CC=CC=C21)CC3=CC=C(C=C3)CN(CCCOC)C(=O)CC(C)(C)C)C(=O)CC(C)(C)C
562,C ( C O C C ( C ( C ( C ( C ( C ( C ( C ( F ) ( F ) F ) ( F ) F ) ( F ) F ) ( F ) F ) ( F ) F ) ( F ) F ) ( F ) F ) ( F ) F ) C S ( = O ) ( = O ) O,13 59 114 350 481 487 592 650 886 916 972 1052 1126 1263 1325 1398 1405 1453 1476 1672 1715 1911 1928 1992,C(COCC(C(C(C(C(C(C(C(C(C(C(F)(F)F)(F)F)(F)F)(F)F)(F)F)(F)F)(F)F)(F)F)(F)F)(F)F)(F)F)CS(=O)(=O)O
563,C 1 C ( N ( N = C 1 C 2 = C C = C C = C 2 ) C 3 = N C ( = O ) / C ( = C / C 4 = C C = C C = C 4 O ) / S 3 ) C 5 = C C = C ( C = C 5 ) Cl,21 132 133 138 216 231 273 281 378 389 422 441 561 650 694 731 736 743 807 816 894 935 961 991 1005 1019 1031 1055 1070 1088 1160 1199 1279 1351 1377 1419 1602 1607 1639 1683 1750 1803 1831 1872 1873,C1C(N(N=C1C2=CC=CC=C2)C3=NN(C(S3)C4=CC=C(C=C4)Cl)C5=N/C(=C/C6=CC=CC=C6O)/S5)C7=CC=C(C=C7)Cl
564,[C@] 1 ( c 2 c c ( O ) c c c 2 ) ( [C@@H] ( N ( C C C 1 ) C ) C ) C ( = O ) O C C,65 72 80 147 160 381 507 556 562 695 708 745 772 792 802 807 833 935 1019 1028 1039 1057 1060 1088 1145 1162 1238 1309 1376 1380 1398 1480 1663 1750 1873 1917,CC1C(CCCN1C)(C2=CC(=CC=C2)O)C(=O)OCC3(CCCN3C)C4=CC(=CC=C4)O
565,C C 1 = N N ( C ( = C 1 ) C ( = O ) N 2 C C N ( C C 2 ) C 3 = C ( C = C ( C = C 3 ) O C ) O C ) C 4 = C C = C ( C = C 4 ) O C,136 157 231 233 249 322 488 635 650 695 718 781 807 831 841 926 935 942 1057 1109 1295 1380 1440 1480 1504 1508 1518 1536 1589 1722 1731 1750 1804 1852 1873 1915 1917 1921 1956 1972 2009,CC1=NN(C(=C1)C(=O)N2CCN(CC2)C3=C(C=C(C=C3)OC)OC)C4=CC=C(C=C4)OC
566,C 1 C ( C = C S 1 ( = O ) = O ) C C ( = O ) O C 2 = C C = C C = C 2 Br,1 57 80 206 207 265 427 440 469 472 650 695 807 833 1004 1019 1044 1083 1088 1199 1213 1218 1386 1410 1631 1729 1750 1803 1851 1873 1917 1970,C1=CC=C(C(=C1)OC(=O)CC2CS(=O)(=O)C=C2)Br
567,C C C ( = O ) N C ( C C = C ) C = O,1 41 75 111 117 294 508 629 650 694 807 898 940 1004 1010 1057 1141 1152 1157 1187 1216 1267 1366 1645 1917,CCC(=O)NC(CC=C)C=O
568,C C 1 = C C = C ( C = C 1 ) S ( = O ) ( = O ) N 2 C [C@@H] ( C [C@H] 2 C ( C 3 = C C = C ( C = C 3 ) O C ) O ) O [Si] ( C ) ( C ) C ( C ) ( C ) C,1 31 114 119 227 322 350 354 374 378 392 656 695 715 718 781 800 831 841 892 1019 1064 1124 1126 1292 1305 1365 1380 1476 1536 1578 1642 1750 1766 1774 1873 1920 1959,CC(C)(C)[Si](C)(C)O[C@@H]1C[C@H](N(C1)S(=O)(=O)C2=CC=C(C=C2)OC)C(C3=CC=C(C=C3)OC)[Si](C)(C)C
569,C C O C ( = O ) N 1 C C C ( C C 1 ) N C ( = O ) C 2 C C 2 3 C C N ( C C 3 ) C C 4 = C C ( = C ( C = C 4 ) O C ) O C,80 94 147 249 294 310 342 499 517 576 650 652 656 689 695 744 750 784 807 875 935 1027 1060 1065 1152 1238 1245 1280 1325 1380 1480 1536 1634 1722 1750 1754 1765 1771 1791 1873 1917 2009 2040,C1CN(CCC1NC2(CCN(CC2)CC3=CC(=C(C=C3)OC)OC)CC4=CC(=C(C=C4)OC)OC)C(=O)OCC
570,C C 1 = C C ( = C ( O 1 ) C ) C = N C 2 = C C = C C ( = C 2 C ) C ( = O ) O,18 389 650 656 694 725 798 835 864 870 875 956 961 1039 1047 1057 1088 1350 1380 1447 1554 1604 1636 1722 1750 1793 1873 1882 1917 1991,CC1=C(C=C(O1)C)C=NC2=C(C=CC=C2C(=O)O)C(=O)C=NC3=C(OC(=C3)C)C
571,C C C C C C ( = O ) N ( C C ) C C ( = O ) N C 1 = C C ( = N N 1 C 2 = C C = C C = C 2 C ) C ( C ) ( C ) C,41 80 114 235 268 294 319 368 378 486 591 599 619 650 693 755 807 875 881 983 1008 1036 1057 1152 1199 1238 1339 1380 1451 1564 1647 1722 1750 1799 1816 1843 1852 1999,CCC1=NC(=CC(=N1)C(C2=CC(=NC(=C2)C(C)(C)C)C(C)(C)C)(N(C(=O)CCC(=O)N(CC)C(CC)(CC)CC)C(CC)(CC)CC)N(CC)CC)C
572,C C 1 = C C = C ( C = C 1 ) N C ( = O ) N C C ( C 2 = C C = C ( O 2 ) C ) N 3 C C O C C 3,80 197 235 258 312 442 570 650 843 935 950 1057 1077 1129 1152 1265 1380 1405 1480 1559 1654 1661 1708 1720 1722 1823 1852 1873 1917 1920 1989 1990,CC1=CC=C(C=C1)NC(=O)NCN2N(CCO2)NCNC(=O)NN3CCOCC3
573,C [C@H] ( [C@@H] 1 C C C O 1 ) N C ( = O ) C 2 C C N ( C C 2 ) C ( = O ) C,1 117 609 650 656 689 802 807 926 935 950 964 974 985 1017 1019 1186 1300 1325 1468 1480 1837 1952 1966 2009,C1CN(CCC1C(=O)N2CCC(CC2)C(=O)N3CCOC3C(C4CCN(CC4)C(=O)C)C5CCN(CC5)C(=O)C)C(=O)C
574,C O C 1 = C C = C ( C = C 1 ) C 2 = N C 3 = C ( C = C C ( = C 3 ) Cl ) C ( = N 2 ) N C 4 = C C = C ( C = C 4 ) O C,90 165 168 191 216 322 467 491 561 708 718 781 816 831 841 843 888 896 1057 1097 1106 1160 1302 1357 1380 1506 1524 1536 1683 1716 1733 1750 1855 1873,COC1=CC=C(C=C1)C2=NC3=C(C=CC(=C3)Cl)C(=N2)NC4=CC=C(C=C4)OC
575,C C ( = O ) [C@] 1 ( C C [C@@H] 2 [C@@] 1 ( C C [C@H] 3 [C@H] 2 [C@@H] ( C C 4 = C C ( = O ) C = C [C@] 3 4 C ) Br ) C ) O C ( = O ) C,84 155 165 231 314 504 519 529 547 555 565 626 695 718 807 943 1017 1019 1035 1057 1060 1153 1188 1235 1274 1279 1325 1378 1428 1436 1448 1721 1746 1831 1873 1901 1917 1971 1988 2021,CC(=O)O[C@]1(CC[C@@H]2[C@@]1(CC[C@H]3[C@H]2CC4=CC(=O)C=C[C@]34C)C)C
576,C C O C ( = O ) C 1 = N C 2 = N C ( = C C ( = O ) N 2 N 1 ) C S C 3 = N N = C ( S 3 ) N,80 98 116 145 162 314 341 378 473 650 671 675 695 704 724 759 762 807 875 935 999 1057 1093 1099 1114 1123 1141 1164 1171 1232 1238 1264 1380 1398 1414 1430 1457 1567 1855 1873 1876 1917 1928 1983 2042,CN1C(=O)C=C(N=C2N1NC=N2)CSC3=NN=C(S3)N
577,C C N 1 C ( = O ) / C ( = C / C 2 = C ( C ( = C C ( = C 2 ) Cl ) Cl ) O C C O C 3 = C C = C C = C 3 C ) / S C 1 = S,13 34 80 97 215 216 273 281 294 314 366 561 588 650 652 675 676 694 695 863 875 879 898 935 947 948 961 1055 1088 1199 1209 1352 1380 1391 1410 1442 1518 1574 1683 1722 1873 1904 1999 2012 2044,CCN1C(=O)/C(=C/C2=C(C=C(C=C2Cl)Cl)Cl)/SC1=O
578,C N ( c 1 c ( C ) n n ( C ) c 1 C ) S ( = O ) ( = O ) c 1 c ( Cl ) c c ( c c 1 Cl ) c 1 c c c c ( C N 2 C C N ( C ) C C 2 ) c 1,15 56 74 80 141 207 217 350 366 371 378 561 733 736 784 785 815 865 881 926 945 1021 1057 1066 1078 1088 1105 1131 1236 1293 1342 1380 1476 1480 1683 1750 1754 1765 1766 1771 1791 1853 1873 1956,CN1CCN(CC1)CC2=CC(=C(C(=C2)Cl)S(=O)(=O)N(C3=NCN=N3)S(=O)(=O)C4=C(C=CC(=C4S(=O)(=O)N5CCN(CC5)C)Cl)Cl)Cl
579,C C 1 = C ( S C = C 1 ) / C = C / C 2 = N C 3 = C C = C C = C 3 O 2,14 289 320 378 553 554 656 675 694 803 835 939 948 999 1057 1088 1097 1128 1199 1300 1380 1391 1567 1604 1607 1627 1750 1808 1855 1873,CC1=C(SC=C1)/C=C/C2=NC3=CC=CC=C3O2
580,C 1 C [C@@H] 2 [C@H] ( [C@@] 3 ( C O C 4 = C C = C C = C 4 C 3 = O ) [C@@] 5 ( N 2 C 1 ) C 6 = C C = C C = C 6 N C 5 = O ) C 7 = C C = C C = C 7,108 272 314 329 352 395 446 476 650 656 713 799 926 984 1019 1028 1060 1088 1114 1167 1181 1224 1227 1279 1288 1296 1325 1355 1380 1460 1466 1470 1481 1626 1663 1685 1689 1773 1862 1873 1905 1982,C1C[C@@H]2[C@H]([C@]3(C(=O)NC4=CC=CC=C4O3)[C@]5(CO2)C(=O)C6=CC=CC=C6OC5=O)C7=CC=CC=C7
581,C [C@H] ( C ( = O ) N 1 C C N ( C C 1 ) C 2 = C C = C ( C = C 2 ) C ( = O ) C ) O C 3 = C C = C C = C 3,1 35 108 283 322 389 407 517 562 582 617 650 687 695 807 968 1057 1071 1088 1199 1269 1380 1385 1405 1508 1665 1697 1750 1820 1825 1873 1917 2009,CC(C(=O)N1CCN(CC1)C2=CC=C(C=C2)C(=O)C)OOC3=CC=CC=C3
582,C C ( C ) N ( C C ( = O ) N C 1 = N C ( = C N 1 C 2 = C C ( = C ( C = C 2 ) O C ) O C ) C 3 = C C = C C = C 3 ) C ( = O ) C 4 = C C = C ( C = C 4 ) Cl,1 41 94 157 233 249 268 283 378 389 464 546 561 564 566 587 650 695 736 807 816 841 875 881 935 980 1057 1070 1108 1152 1190 1199 1221 1245 1312 1380 1385 1444 1476 1502 1536 1603 1683 1697 1750 1816 1825 1855 1861 1873 1917 1931 1970 1971,CC(C)N(CC(=O)NC1=NC(=CN1C2=CC(=C(C=C2)OC)OC)C3=CC=CC=C3)C(=O)C4=CC=C(C=C4)Cl
583,C 1 = C C = C ( C = C 1 ) C [NH2+] C C C 2 = C N C 3 = C C = C C = C 3 2,80 119 328 364 389 444 476 506 840 1088 1114 1180 1199 1349 1357 1362 1499 1536 1573 1750 1754 1783 1873 1879 1937,C1=CC=C(C=C1)C[NH2+]CC2=CNC3=CC=CC=C32
584,C O C 1 = C C = C ( C = C 1 ) C 2 = N N ( C ( = C 2 ) N C = O ) C 3 = N C ( = C S 3 ) C 4 = C C = C ( C = C 4 ) O C,132 145 260 322 378 552 675 694 695 718 831 841 875 896 935 980 1004 1057 1141 1152 1160 1264 1266 1300 1338 1384 1397 1536 1601 1845 1852 1855 1956 1971,COC1=CC=C(C=C1)C2=CSC(=N2)N3C(=CC(=N3)C4=CC=C(C=C4)OC)NC=O
585,C C ( = O ) C ( C / C = C / C = C ) C ( = O ) C,1 80 192 650 680 694 784 897 922 927 1017 1057 1356 1366 1534 1645 1917,CC(=O)C(CC(C(=O)C)C(=O)C=C)C(=O)C(CC(C(=O)C)C(=O)C=C)C(=O)C(=O)/C=C/C/C=C/C=C
586,C C C [C@@H] ( C ) N C 1 = C C = C C ( = C 1 ) C # N,1 80 102 191 283 305 674 687 690 703 794 798 875 895 1039 1057 1088 1136 1152 1255 1380 1384 1734 1824 1873 1975 2018,CC(CCC)NC1=CC=CC(=C1)C#N
587,C C ( C C C 1 = C C = C O 1 ) N C ( = O ) C C 2 = C N = C ( S 2 ) C 3 = C ( C = C C = C 3 Cl ) Cl,41 80 97 162 184 210 283 366 474 567 597 656 739 782 787 807 974 994 1004 1039 1057 1088 1152 1233 1243 1380 1409 1452 1466 1518 1535 1695 1747 1750 1926 2018,CC(CCC1=CC=CO1)NCCC2=CN=C(S2)C3=C(C=CC=C3Cl)Cl
588,C N 1 C = C ( C = N 1 ) C 2 = C C ( = N N 2 C C ( = O ) N C 3 C C 3 ) C 4 = C N ( N = C 4 ) C,9 41 46 80 158 327 378 387 464 590 650 807 875 922 935 980 1019 1057 1141 1160 1299 1535 1634 1642 1655 1858 1873 1917 1956,CN1C=C2C=C(C=N1)C2=NN3C=C(C=N3)C4=NN(C(=C4)C(=O)NC5CC5)CC(=O)NC6CC6
589,C C 1 = N N = C ( S 1 ) S C [C@H] 2 C [C@H] ( O [C@H] ( O 2 ) C 3 = C C = C ( C = C 3 ) C 4 = C C = C C = C 4 C N ) C 5 = C C = C ( C = C 5 ) C O,67 74 80 116 162 222 268 305 310 341 352 419 490 586 656 665 675 690 797 807 896 926 981 999 1027 1057 1083 1088 1160 1164 1171 1272 1292 1338 1391 1414 1534 1597 1722 1748 1750 1754 1803 1825 1873 1921 2035,CC1=NN=C(S1)SCC2CC(OC(O2)C3=CC=C(C=C3)C4=CC=C(C=C4)CN)C5=CC=C(C=C5)CN
590,C O C 1 = C 2 C ( = C C = C 1 ) S C ( = N 2 ) N ( C C 3 = C N = C C = C 3 ) C ( = O ) C 4 = C O C C O 4,80 119 162 249 261 378 437 441 461 506 507 626 645 650 656 675 695 712 747 783 807 841 881 883 885 930 950 964 1043 1057 1066 1088 1195 1221 1372 1410 1528 1535 1536 1575 1586 1589 1603 1724 1750 1855 1858 1860 1873 1877 1970,COC1=C2C(=CC=C1)SC(=N2)N(CC3=CN=CC=C3)C(=O)C4=COCCO4
591,C C 1 = C C = C C = C 1 N 2 C ( = N N = C 2 S C ( C ) C 3 = N C ( = N C ( = N 3 ) N ( C ) C ) N ) C 4 = C N = C C = C 4,1 57 63 116 257 378 437 701 736 747 881 920 935 1023 1043 1057 1088 1160 1163 1171 1191 1240 1295 1309 1380 1449 1457 1507 1508 1535 1586 1603 1647 1667 1700 1722 1724 1750 1814 1818 1848 1855 1866 1873 1999 2018,CN(C)C1=NC(=NC(=N1)N(C)C)C(SC2=NN=C(N2N(C)C)C3=CN=CC=C3)SC4=NN=C(N4N5C(=NC(=NC5=N)N(C)C)N)C6=CN=CC=C6
592,C C 1 = C C ( = C C = C 1 ) O C C ( = O ) N C C N 2 C 3 = C ( C = N 2 ) C ( = O ) N ( C = N 3 ) C C 4 = C C = C ( C = C 4 ) F,43 80 310 314 322 378 504 562 586 610 650 667 695 699 807 825 875 932 935 1013 1039 1055 1057 1088 1145 1152 1203 1357 1455 1479 1501 1670 1683 1696 1750 1754 1765 1823 1872 1873 1887 1917 1928 1990 2004 2025,CC1=CC(=CC=C1)OCC(=O)NCCN2C=NC3=C(C2=O)C=NN3CC4=CC=C(C=C4)F
593,C O C 1 = C C = C ( C = C 1 ) N ( [C@H] ( C 2 = C C = C ( C = C 2 ) F ) C ( = O ) N C 3 C C C C C 3 ) C ( = O ) C 4 = C ( C ( = N S 4 ) C ( = O ) N ) N,1 90 122 294 322 330 346 378 385 387 483 490 514 573 610 650 675 689 695 699 718 781 807 831 841 890 960 1096 1102 1152 1171 1298 1325 1369 1380 1410 1457 1536 1634 1655 1670 1750 1790 1853 1861 1917 1928 1985,C1CC1NC(=O)C(C2=CC=C(C=C2)OC)N(C3=CC=C(C=C3)F)C(=O)C4=NSC(=C4C(=O)NC5CC5)N
594,C C ( C ) ( C ) C 1 = C C = C ( C = C 1 ) C 2 C C 2 C ( = O ) N / N = C \ C 3 = C C = C ( C = C 3 ) O C ( = O ) C 4 = C C = C O 4,25 33 145 148 309 318 322 474 621 650 656 689 694 695 718 725 787 806 807 864 866 924 926 1019 1043 1057 1066 1088 1152 1233 1309 1339 1446 1556 1665 1729 1750 1754 1803 1867 1917 1926 2033,CC1C(=O)N/N=C/C2=CC=C(C=C2)OC(=O)C3=CC=CO3
595,C 1 = C C 2 = C ( C ( = C 1 ) [O-] ) N C ( = C C 2 = O ) C ( = O ) [O-],143 209 271 310 314 365 650 715 795 807 875 1039 1088 1114 1146 1226 1357 1380 1402 1530 1568 1617 1737 1745 1750 1873 1944 1994,C1=CC(=C2C(=C1)C(=O)C=C(N2)C(=O)[O-])[O-]
596,C C C N 1 C ( = N N = C 1 S C C ( = O ) N C 2 = C ( C ( = C ( S 2 ) C ( = O ) N ) C ) C ( = O ) O C ( C ) C ) C 3 = C S C 4 = C 3 C C C ( C 4 ) C,1 14 41 50 59 69 116 145 162 216 231 252 262 283 309 352 361 378 384 455 552 585 586 607 695 781 794 807 820 878 935 942 975 997 1019 1057 1140 1145 1148 1152 1164 1298 1304 1325 1380 1430 1449 1482 1506 1508 1527 1722 1738 1816 1825 1842 1959 1978,CC1CCC2=C(C1)C(=NN=C2SC3=NN=C(N3CCC)C4=C(C(=C(S4)C(=O)OC(C)C)C)C(=O)OC(C)C)C
597,C C C C C C N 1 C ( = O ) / C ( = C \ C 2 = C ( N = C 3 C ( = C C = C N 3 C 2 = O ) C ) N C C C C C ) / S C 1 = S,67 80 88 95 215 273 281 294 314 350 378 504 588 591 592 600 650 667 675 694 708 879 1057 1088 1143 1145 1152 1380 1423 1439 1442 1444 1470 1503 1696 1717 1750 1855 1858 1873 1904 1969 1971 1972 1999 2044,CCCCCCCCCCCNNC1=C(C(=O)N2C(=N1)C(=CC3=CC=CS3)SC2=O)C=C4C(=O)N(C(=O)S4)CCCCCCCCCC
598,C C O C 1 = C ( C = C ( C = C 1 ) C ( C ( C ) ( C ) C ) N ) O C C,1 80 114 237 241 255 294 392 425 743 747 786 875 1057 1171 1238 1365 1380 1452 1544 1750 1773 1853 1873 1970,CCOC1=C(C=C(C=C1)C(C(C)(C)C)N)OCC
599,C O C ( = O ) C 1 ( C C C C 1 ) C 2 = C C = C C = C 2,23 389 407 556 650 772 841 926 1126 1152 1162 1199 1380 1460 1560 1750 1873 1917,C1CC1(C2=CC=CC=C2)C(=O)OC
600,C C 1 = C N ( C ( = O ) C 2 = C C = C C = C 1 2 ) C C = C,80 314 338 464 484 650 694 901 935 940 1057 1088 1199 1357 1380 1391 1455 1573 1722 1750 1751 1820 1873,CC1=CN(C(=O)C2=CC=CC=C12)CC=O
601,C C O C 1 = C C = C ( C = C 1 ) N C ( = O ) C S C 2 = N C ( = O ) N 3 C = C C = C C 3 = N 2,3 41 69 80 102 116 191 237 314 322 341 378 384 600 650 682 695 718 807 843 862 935 1057 1077 1086 1088 1152 1238 1380 1422 1455 1506 1750 1855 1873 1887 1959 1969,COC1=CC=C(C=C1)NNC(=O)CSC2=NC(=O)N3C=CC=CC3=N2
602,C C 1 = C C ( = C ( C = C 1 ) O C ) [C@@H] ( C ) N C 2 = C 3 C = C S C 3 = N C = N 2,1 14 107 249 283 306 408 489 511 528 554 675 690 695 708 841 875 963 1013 1057 1146 1357 1367 1380 1452 1536 1567 1627 1644 1722 1810 1823 1843 1863 1970,CC1=CC(=C(C(=C1)OC)C(C)NC2=C3C=CSC3=NC=N2)OC
603,c 1 ( n c ( c s 1 ) c 1 c c c ( c c 1 ) O ) N C ( = O ) C ( = O ) O,117 378 385 389 446 501 552 650 675 702 745 896 1152 1160 1214 1264 1266 1313 1380 1567 1602 1750 1778 1855 1875 1917 1969 1971,C1=CC(=CC=C1C2=CSC(=N2)N/C(=C(/C(=O)O)\O)/C(=O)O)O
604,C C C C C C C N 1 C 2 = C C = C C = C 2 N = C 1 C N C ( = O ) C 3 = C C = C C = C 3 Cl,45 80 197 289 294 318 357 378 465 486 515 561 591 650 794 807 893 974 1057 1088 1097 1143 1145 1152 1199 1247 1285 1444 1447 1620 1683 1750 1855 1873 1911 1917,CCCCCCCCCCCCCCCCCN1C2=CC=CC=C2N=C1CNC(=O)C3=CC=CC=C3Cl
605,C [C@H] ( C 1 = C C = C C = C 1 Cl ) [NH2+] [C@H] ( C ) C ( = O ) N C 2 = C C = C ( C = C 2 ) S ( = O ) ( = O ) N,1 57 191 283 319 339 350 561 581 650 715 807 833 843 974 1007 1017 1077 1088 1136 1152 1197 1199 1338 1380 1412 1476 1487 1489 1553 1607 1664 1683 1750 1816 1917,C1=CC=C(C(=C1)C(C)[Se]/C(=C(\C)/NC2=CC=C(C=C2)S(=O)(=O)N)/C(=O)NC3=CC=C(C=C3)S(=O)(=O)N)Cl
606,C C 1 = C C ( = N N 1 ) C ( Cl ) ( Cl ) Cl,74 114 168 315 319 650 692 803 875 892 1057 1380 1493 1683 1722 1873 2004,CC1=CC(=NN1)C(C2=NNC(=C2)C)(Cl)Cl
607,C C C C C 1 = C C = C ( C = C 1 ) N C ( = O ) [C@@H] 2 C C ( = C ( C [C@@H] 2 C ( = O ) [O-] ) C ) C,80 128 191 209 231 238 294 332 373 445 650 689 715 794 926 975 978 1019 1045 1057 1077 1152 1226 1243 1380 1408 1484 1576 1754 1816 1911 1917,CCCCC1=CC=C(C=C1)NC(=O)[C@@H]2CC(=C(C[C@H]2C(=O)[O-])CCCC)CCCC
608,C C 1 = C ( C ( = N O 1 ) C ) C C ( = O ) N N C ( = O ) C 2 = C C ( = C C = C 2 ) S ( = O ) ( = O ) N C C 3 = C C = C C = C 3,29 41 80 92 198 209 248 281 304 319 325 378 389 461 526 575 638 650 656 745 807 835 875 942 992 1057 1066 1088 1199 1310 1385 1458 1542 1637 1678 1722 1750 1754 1873 1917 1985 2034,CC1=C(C(=NO1)C)CC(=O)NNC(=O)C2=CC(=CC=C2)C(=O)NNC(=O)CC3=CC=CC=C3
609,C C ( = O ) N C 1 = C C = C C ( = C 1 ) C 2 = C C 3 = C ( N C = C 3 C ( = O ) C 4 = C C = C C = C 4 F ) N = C 2,9 87 184 191 245 378 650 714 736 785 790 806 807 875 934 949 1017 1032 1039 1057 1114 1152 1160 1199 1339 1357 1380 1447 1452 1487 1501 1535 1612 1750 1816 1840 1873 1879 1917 1991 2010,CC(=O)NC1=CC=CC(=C1)C2=CC3=C(NC=C3C(=O)C4=CC=CC=C4F)N=C2
610,C C C ( C ) ( C ) C 1 = C C ( = C ( C = C 1 ) O C C C C ( = O ) N C 2 = C C 3 = C ( C = C 2 ) C ( = O ) N ( C 3 = O ) C ( C 4 = C C = C O 4 ) ( C ( = O ) N C 5 = C C = C C = C 5 ) Cl ) C ( C ) ( C ) C C,41 80 94 114 184 191 294 295 314 330 392 419 474 514 548 650 656 680 695 703 720 759 777 786 787 803 807 843 875 879 901 935 1057 1088 1112 1152 1160 1169 1233 1344 1382 1409 1417 1452 1518 1665 1683 1686 1718 1750 1797 1816 1873 1911 1917 1920 1926 1970 2045,CCC(C)(C1=CC(=C(C=C1)OCCCC(=O)NC2=CC3=C(C=C2)C(=O)N(C3=O)C(C)(C4=CC=CO4)Cl)C(C)(CC)CC)C5=CC=CO5
611,C 1 = C C = C 2 C ( = C 1 ) N C ( = O ) C ( O 2 ) C C ( = O ) O C C ( = O ) C 3 = C C = C ( C = C 3 ) F,7 27 80 90 110 147 252 264 314 635 650 656 695 750 787 1004 1019 1034 1060 1088 1114 1142 1199 1358 1380 1385 1386 1410 1470 1481 1618 1670 1693 1750 1873 1905 1917 1982 2004,C1=CC=C2C(=C1)NC(=O)[C@H](O2)CC(=O)OCC(=O)C3=CC=C(C=C3)F
612,C 1 C [C@H] ( C N ( C 1 ) C ( = O ) C S C 2 = N C = N N 2 ) C 3 = N C 4 = C C = C C = C 4 S 3,116 126 162 195 289 341 369 378 410 446 461 489 557 609 650 675 678 739 807 885 926 935 971 1009 1019 1028 1088 1114 1169 1310 1325 1345 1452 1480 1750 1834 1873 1917 1943 1969 2000 2009,C1CC(CN(C1)C(=O)CSC2=NC=NN2)C3=NC4=CC=CC=C4S3
613,C C 1 C C C 2 = C ( C 1 ) S C 3 = C 2 C ( = O ) N ( C ( = N 3 ) S C ( C ) C ( = O ) N C ) C C C 4 = C C = C C = C 4,1 80 112 116 162 191 314 345 361 378 389 504 573 675 703 747 802 807 926 935 997 1045 1066 1139 1145 1152 1173 1285 1309 1325 1393 1430 1507 1563 1624 1687 1715 1738 1750 1754 1798 1825 1855 1873 1984,C1CC2=C(C1)C3=C(S2)N=C(N(C3=O)CCC4=CC=CC=C4)SC(C(=O)NC)C(=O)NC
614,C 1 C C ( N ( C 1 ) C ( = O ) C 2 C C C ( N 2 ) C N C 3 = N C = C ( C = C 3 ) C # N ) C # N,102 305 362 378 383 392 446 451 471 489 555 650 674 790 807 897 926 935 967 1019 1028 1060 1099 1107 1114 1133 1152 1161 1291 1380 1416 1452 1480 1604 1750 1873 1912 1954 1979,C1CC(N(C1)C(=C=O)C2=C(NC(=C=C(N3CCCC(N3)C(=C=O)C4=CC=C(C=C4)C#N)C5=NC=NC=C5)N2)C6=NC=C(C=C6)C#N)C(=C=O)NC7=NC=C(C=C7)C#N
615,C C ( = O ) O C 1 = C C = C ( C = C 1 ) C ( = O ) C 2 C ( C ( C 3 N 2 C 4 = C C = C C = C 4 C = C 3 ) ( C # N ) C ( = O ) O C ) C 5 = C C = C ( C = C 5 ) O C,85 117 216 268 273 322 376 547 619 650 672 674 695 718 794 831 833 841 935 978 1017 1035 1057 1060 1083 1088 1150 1152 1181 1184 1199 1279 1295 1349 1384 1385 1440 1446 1448 1536 1647 1697 1729 1750 1779 1803 1917 1934,CC(=O)OC1=CC=C(C=C1)C(=O)C2C(C(C3N2C4=CC=CC=C4C=C3)(C#N)C(=O)OC5=CC=C(C=C5)OC)C6=CC=C(C=C6)OC
616,c 1 ( c c ( c 2 c c c ( c c 2 ) Cl ) c c ( c 1 ) F ) C ( C ( = O ) O ) C,1 201 216 283 389 519 699 706 807 816 875 896 900 921 945 1034 1070 1160 1257 1380 1683 1750 1844 1873 1928 1964,C1=CC(=CC=C1C2=CC(=CC(=C2)F)C3=CC=C(C=C3)Cl)C4=CC(=C(C(=C4)C(C)C(=O)O)F)C(C)C(=O)O
617,C ( / C = C ( / C Br ) \ Br ) Br,190 251 256 390 402 479 694 807 948 1105 1907,C(=C(/C(=C/C(=C/C(=C/C(=C/C(=C/C(=C/C(=C/C(=C/C(=C/C(=C/C(Br)(Br)Br)/Br)/Br)/Br)/Br)/Br)Br)/Br)Br)/Br)/Br)\Br)\C(Br)(Br)Br
618,C / C = C \ C = C ( \ C ) / C C C = C,80 101 401 432 618 632 694 807 844 1017 1057 1064 1465 1645 1675 1714 1969,C/C=C(\C)/C/C=C/C=C(\C)/C/C=C/C=C(\C)/CC/C=C(\C)/C/C=C/C=C(\C)/CC/C=C(\C)/C/C(=C/C)/C
619,N 1 ( C ( C C C C 1 ) C ( = O ) O ) C ( = O ) C C C S,193 242 354 526 531 650 652 807 935 1009 1019 1028 1107 1170 1325 1480 1583 1608 1719 1911 1917,C1C[C@H](N(C1)C(=O)CCCC(=O)N2CCC[C@H]2C(=O)N3CCC[C@H]3C(=O)N4CCC[C@H]4C(=O)N5CCC5)C(=O)N6CCC6
620,C 1 O C 2 = C ( O 1 ) C = C ( C = C 2 ) C ( = O ) N / N = C ( \ C C C ( = O ) O ) / C 3 = C C = C C = C 3,80 389 441 486 526 656 700 725 807 875 926 1088 1119 1152 1181 1256 1349 1391 1410 1632 1697 1737 1750 1800 1873 1917 1921,C1OC(=C(O1)C(=O)N/N=C(/C2=CC=C(C=C2)C(=O)N/N=C(/CC(=O)O)\C3=CC4=C(OCO4)C=C3)\CC(=O)O)C(=O)N/N=C(/CC(=O)O)\CC(=O)O
621,C C 1 = C C = C ( S 1 ) S ( = O ) ( = O ) N C C ( C C ( C ) C ) N,80 162 208 213 283 350 502 503 650 675 721 786 1057 1152 1171 1380 1476 1521 1561 1612 1618 1722 1733 1750 1847 1873,CC1=CC=C(S1)S(=O)(=O)NCC(C)C
622,S ( C c 1 n c ( n c ( n 1 ) N ) N c 1 c c c ( O C ) c c 1 ) C ( = S ) N 1 C C C ( C C 1 ) C,97 106 110 116 191 322 378 407 409 491 652 695 762 781 807 843 883 926 935 945 973 1057 1148 1168 1171 1240 1284 1309 1320 1325 1380 1480 1509 1524 1586 1617 1637 1750 1855 1910 2009,CC1CCN(CC1)C(=S)SCC2=NC(=NC(=N2)N)CSC(=S)N3CCC(CC3)C
623,C C ( C ) N S ( = O ) ( = O ) C 1 = C C ( = C ( C = C 1 ) O C ) N C ( = O ) C N ( C 2 = C C 3 = C ( C = C 2 ) O C C O 3 ) S ( = O ) ( = O ) C 4 = C C = C C = C 4,1 41 80 94 198 249 268 283 350 441 466 473 502 552 575 650 656 695 715 738 797 807 815 841 875 881 926 950 960 1035 1057 1088 1152 1190 1199 1224 1241 1476 1529 1536 1647 1661 1664 1684 1816 1860 1873 1905 1941 1946 1970 2030,CC(C)NS(=O)(=O)C1=CC(=C(C=C1)OC)NC(=O)CN(C2=CC3=C(C=C2)OCCO3)S(=O)(=O)C4=CC=CC=C4
624,C C C C N C ( = S ( = O ) = O ) N,80 140 197 294 427 591 650 670 763 794 807 895 1057 1147 1152 1171 1265 1431 1876 1911 1953,CCCCN/C(=C(/N)\S(=O)CC)/N
625,C 1 = C C ( = C C ( = C 1 ) O C C 2 = C N = C C = C 2 ) N C ( = O ) N C C 3 = C O C = C 3,5 80 107 148 184 191 255 312 322 378 384 396 437 562 645 656 695 703 745 787 807 1006 1039 1060 1088 1380 1410 1501 1535 1573 1586 1603 1750 1816 1866 1873 1917 1959 1989 1990,C1=CC(=CC(=C1)OCC2=COC=C2)NC(=O)NC3=CN=CC=C3
626,C C 1 = C ( O N = C 1 C ) C Br,80 92 196 217 226 248 251 252 656 728 1057 1380 1542 1637 1722 1880,CC1=C(ON=C1C)CBr
627,C C 1 = C C = C ( C = C 1 ) S ( = O ) ( = O ) N C ( = O ) N C C C O C ( = O ) N S ( = O ) ( = O ) C 2 = C C = C ( C = C 2 ) C,13 80 235 307 319 331 438 559 695 715 807 883 1152 1478 1482 1606 1722 1734 1758 1823 1873 1876 1911 1917 1989,C1=CC=C(C=C1)S(NC(=O)NNC(=O)OCCCONC(=O)NNC(=O)NS(=O)(=O)C2=CC=C(C=C2)C)(NC(=O)NS(=O)(=O)C3=CC=C(C=C3)C)OC=O
628,C [C@] 1 ( [C@H] 2 C C [C@H] ( O 2 ) C C ( = O ) O 1 ) C C C O C ( = O ) C Cl,13 80 147 231 250 314 587 650 656 667 763 795 807 889 906 926 970 1019 1034 1057 1089 1109 1325 1380 1386 1436 1683 1734 1889 1911 1921 1935 2001,C1CC2OC(C1O2)/C(=C(/CCl)\OCCCOC(=O)CCl)/CCl
629,c 1 ( C 2 = C C = C 3 [C@@] 2 ( C C [C@H] 2 [C@H] 3 C C [C@@H] 3 [C@@] 2 ( C C C ( = O ) N C 3 ) C ) C ) c c c n c 1,34 78 144 186 257 268 378 437 455 456 470 519 528 529 676 781 926 1019 1043 1057 1060 1088 1098 1112 1114 1160 1162 1229 1249 1325 1380 1477 1575 1586 1603 1709 1738 1806 1842 1854 1866 1873 1891 1980,C1C[C@]2(C(=CC=C3[C@H]2CC[C@H]2[C@]3(CCC(=O)NC2)C)N1)n1cccnc1
630,C C 1 = N C 2 = C C = C C = C 2 C ( = C 1 ) N C ( = O ) N C C N 3 C C C ( C C 3 ) N C ( = O ) C C 4 = C C = C ( C = C 4 ) N ( C ) C,197 289 310 312 325 387 389 425 586 650 664 667 714 737 807 875 881 902 926 935 1096 1097 1110 1145 1152 1163 1199 1224 1261 1325 1357 1379 1380 1480 1482 1520 1573 1634 1655 1750 1754 1791 1816 1855 1873 1917,C1CN(CCC1NC(=O)O)CCNC(=O)C2=C3C=CC=CC3=NC4=CC=CC=C42
631,C C O C ( = O ) C 1 = C ( N = C 2 N ( C 1 C 3 = C C = C ( C = C 3 ) Cl ) C ( = O ) C ( = C C 4 = C C ( = C ( C = C 4 ) O C C 5 = C C = C C = C 5 Cl ) O C ) S 2 ) C,25 80 94 125 145 147 162 216 281 295 314 366 411 504 596 650 660 675 745 759 875 927 935 1019 1057 1140 1186 1199 1226 1238 1245 1268 1321 1349 1380 1427 1452 1487 1512 1536 1581 1597 1681 1683 1750 1793 1803 1873 1917 1970 1998 2022 2033,COC1=C(C2C(=C(N=C3N2C(=O)/C(=C/C4=CC(=C(C=C4)OCC5=CC=CC=C5Cl)OC)/S3)C(=O)OCC)C(=O)OCC)C(=O)OCC
632,C C C C N ( C C C C ) C C O C 1 = C C = C ( C = C 1 ) C C 2 = C ( C = C C 3 = C 2 C = C C ( = C 3 ) O ) C 4 = C C = C ( C = C 4 ) O,13 80 203 222 251 286 294 310 322 348 352 381 718 745 794 807 875 881 896 954 955 1034 1057 1063 1160 1313 1357 1380 1430 1581 1681 1733 1750 1754 1778 1839 1911 1951 2034,CCCCN(CCCC)CCCOC1=CC=C(C=C1)CC2=C(C=C(C3=C2C=CC(=C3)O)C4=CC=C(C=C4)O)C5=CC=C(C=C5)O
633,C C 1 C C ( C ( C N 1 C ) C ) N C C 2 = C C = C ( C = C 2 ) C,43 56 80 235 310 486 638 734 902 922 926 935 1019 1057 1145 1152 1272 1292 1309 1380 1403 1722 1750 1754 1823 1857 1859 1873 1920,CC1CC(C(CN1C)C)NCC2=CC=C(C=C2)C
634,C C ( = N C ( = O ) C 1 = C C = C C ( = C 1 ) C ( = C ) C ) C,101 287 658 688 704 725 875 1017 1022 1039 1057 1226 1366 1380 1385 1438 1477 1622 1627 1873 1985,CC(=NC(=C)C1=CC(=CC=C1)C(=NC(=C)C)C)C
635,C C ( C ) C 1 = C C = C ( C = C 1 ) N ( C C C ( = O ) O ) C = O,1 80 124 256 283 389 561 598 650 694 807 960 1004 1057 1096 1122 1152 1255 1365 1380 1564 1737 1750 1804 1873 1917 1951,CC(C)C1=CC=C(C=C1)N(C=O)C2=CC=C(C=C2)C(C)C
636,C O C 1 = C C = C ( C = C 1 ) C O C ( = O ) C 2 = C C = C ( C = C 2 ) C 3 = C C = C ( C = C 3 ) O,80 145 310 322 606 650 695 718 745 781 807 831 841 896 1057 1160 1313 1380 1385 1522 1602 1697 1750 1873 1876 1917 1964 2042,COC1=CC=C(C=C1)C2=CC=C(C=C2)C(=O)OCC3=CC=C(C=C3)O
637,C C ( C ) ( C O ) [C@H] ( C ( = O ) N / C = C / C ( = O ) O C C ) O,1 31 80 114 115 147 222 227 294 358 392 423 523 543 573 675 694 695 815 1057 1073 1152 1238 1251 1327 1452 1588 1722 1768 1917 2003,CCOC(=O)/C=C/NC(=O)[C@H](C(C)(C)CO)O
638,C 1 = C C = C ( C ( = C 1 ) C 2 = N N = C ( N 2 N ) S C C C O C 3 = C C = C ( C = C 3 ) F ) F,13 90 102 322 352 378 379 393 451 654 686 695 718 747 765 935 984 1032 1034 1036 1164 1171 1182 1199 1331 1380 1410 1449 1452 1508 1670 1722 1750 1840 1911 1928,C1=CC=C(C(=C1)C2=NN=C(N2N)SCCCOC3=CC=C(C=C3)F)F
639,C 1 = C C ( = C C = C 1 C ( F ) ( F ) F ) S C ( F ) ( F ) F,57 114 116 383 809 811 1254 1255 1260 1380 1417 1453 1665 1750 1873 1906 1928,C1=CC(=CC=C1C(F)(F)F)SC2=CC=C(C=C2)SC(F)(F)F
640,C C C 1 = C ( N = C ( N ( C 1 = O ) C C ( = O ) N C ( C ) ( C ) C ) N 2 C ( = C C ( = N 2 ) C ) C ) C,41 80 92 114 235 294 354 378 392 491 504 603 650 765 883 935 936 1017 1018 1079 1109 1193 1312 1363 1380 1465 1559 1682 1731 1799 1817 1852 1855 1873 1917 1922 1956 2011,[B-]1(C(=C(N(N1C2=NC(=NN2C3=NC(=NN3CC(=O)NC(C)(C)C)C)C)C4=NC(=CN4CC(=O)NC(C)(C)C)C)CC(=O)NC(C)(C)C)CC)(CC)CC
641,C C 1 = C C ( = N N 1 C 2 = N N = C ( C = C 2 ) N C 3 = C C = C ( C = C 3 ) N C ( = O ) C 4 = C C ( = C ( C = C 4 ) O C ) O C ) C,3 94 140 191 211 249 378 486 491 526 527 635 695 807 841 935 967 1017 1057 1077 1109 1152 1164 1245 1363 1378 1380 1385 1510 1524 1536 1697 1722 1731 1750 1795 1852 1873 1956 1978 1986,CC1=NN(C(=C1)NC2=CC=C(C=C2)NC(=O)C3=CC(=C(C=C3)OC)OC)C4=NN=C(C=C4)N5C(=CC(=N5)C)NC6=CC=C(C=C6)NC(=O)C7=CC(=C(C=C7)OC)OC
642,C C 1 = C ( C ( = N O 1 ) C ) S ( = O ) ( = O ) N 2 C C C ( C C 2 ) C ( = O ) O [C@@H] ( C 3 = C C = C C = C 3 ) C ( = O ) N ( C ) C,1 69 92 248 350 378 389 460 495 585 650 656 692 695 729 800 807 835 867 935 974 1019 1021 1057 1088 1110 1163 1199 1295 1325 1380 1443 1476 1480 1542 1581 1611 1637 1653 1750 1837 1873 1903 1917 1968,CS(=O)(=O)C(C1=CC=CC=C1)OC(=O)C2CCN(CC2)S(=O)(=O)C3=C(ON=C3C)C(OC(=O)C4CCN(CC4)S(=O)(=O)C5=CC=CC=C5)S(=O)(=O)C
643,C S ( = O ) ( = O ) C C 1 = C C ( = C C = C 1 ) S C ( F ) ( F ) F,27 37 57 114 116 458 616 650 692 811 875 1039 1057 1066 1088 1254 1380 1453 1457 1476 1754 1873 1928,C1=CC(=CC(=C1)SC(F)(F)F)CSC(F)(F)F
644,C C C C C C C C 1 C C C ( C C 1 ) C C C 2 = C C 3 = C ( C = C 2 ) C ( = C ( C = C 3 ) C 4 = C C = C ( C = C 4 ) C ( F ) ( F ) F ) F,29 80 114 222 294 310 334 352 383 490 680 699 712 726 794 809 832 836 896 1019 1143 1160 1243 1325 1380 1387 1417 1421 1444 1453 1733 1750 1754 1855 1911,CCCCCCCC1CCC(CC1)CCC2=CC=C(C=C2)C3=C(N=C(C=C3)C(F)(F)F)C(F)(F)F
645,C C 1 C = C ( C ( = O ) O 1 ) C 2 = C C = C ( C = C 2 ) C,235 307 314 519 650 656 728 750 896 910 918 1019 1022 1057 1160 1167 1380 1707 1722 1823 1873 1920,CC1=CC=C(C=C1)C2=CC(OC2=O)C3C=C(C(=O)O3)C4=CC=C(C=C4)C
646,C C 1 C N ( C C ( O 1 ) C ) C ( C 2 = C C = C S 2 ) C 3 = C ( N 4 C ( = N C ( = N 4 ) C ) S 3 ) O,1 14 64 104 162 206 287 306 412 434 459 461 484 543 935 966 1019 1088 1159 1191 1265 1380 1442 1565 1567 1602 1722 1750 1855 1871 1873 1921 1956,C1=CSC(=C1)C(C2=CC=C(S2)C(C3=CC=CS3)N4C=C[CH][CH]4)N5N=C6N=C7N(N=C(S7)C8=CC=CS8)N=C6C=C5
647,C 1 = C C = C ( C = C 1 ) C C ( C O C 2 = N O C 3 = C C = C C = C 3 2 ) N,1 33 80 118 197 208 330 378 401 576 656 786 857 1066 1088 1115 1128 1171 1380 1452 1542 1573 1607 1618 1635 1750 1754 1808 1873,C1=CON=C1OCC(CC[Si](C)(CCC(C[Si](C)(C)C)N)CC2=CC=CC=C2)N
648,C 1 = C C ( = C ( C = C 1 N ) Cl ) N C ( = O ) C C C N ( C C # N ) C C # N,41 80 121 251 272 366 561 650 674 790 807 888 1089 1114 1152 1162 1168 1171 1317 1380 1382 1384 1457 1512 1564 1581 1683 1718 1750 1816 1856 1873 1896 1911 1917 1948 1951,C1=CC(=C(C=C1N)Cl)NC(=O)CCCN(CC#N)CC#N
649,C C O C 1 = C ( C = C C ( = C 1 ) / C = N / N C ( = O ) C 2 = C C = C ( C = C 2 ) C S C 3 = C C = C C = C 3 ) O C C = C,25 27 116 237 294 309 310 318 341 425 463 623 650 694 695 747 762 811 864 931 940 1088 1155 1168 1199 1227 1238 1347 1366 1380 1385 1410 1452 1539 1645 1665 1697 1750 1754 1828 1873 1917 1955 1992 2033,CCOC1=CC=CC=C1SCC2=CC=C(C=C2)C(=O)SCC3=CC=C(C=C3)/C=N/C4=CC=C(C=C4)CSC5=CC=CC=C5
650,C C O C C C N C ( = O ) / C = C / C 1 = C C = C ( C = C 1 ) O C,13 25 31 80 197 206 294 327 490 650 667 694 695 718 781 807 831 835 841 892 1152 1181 1308 1325 1380 1536 1750 1873 1876 1911 1917 1992 2033,C1=CC(=CC=C1/C=C/C(=O)NCCCOCC)OC
651,C 1 = C C = C ( C = C 1 ) C O C 2 = C C = C ( C = C 2 ) / C = C ( / C ( = O ) N C 3 = C C = C ( C = C 3 ) S C C ( = O ) N C 4 = C ( C = C ( C = C 4 ) Cl ) C ( F ) ( F ) F ) \ N C ( = O ) C 5 = C C = C C = C 5,41 80 102 107 116 165 191 197 211 216 262 271 322 341 376 419 486 561 650 654 694 695 745 780 807 809 843 875 960 1035 1066 1088 1103 1118 1119 1210 1224 1227 1255 1380 1385 1452 1453 1455 1506 1665 1683 1746 1750 1754 1816 1856 1917 1928 1948 1959 1985 2022 2042,C1=CC=C(C=C1)COC2=CC=C(C=C2)NC(=O)/C(=C/C3=CC=C(C=C3)Cl)/NC(=O)CSC4=CC=C(C=C4)Cl
652,C C ( C ) C 1 = N O C ( = C 1 ) N C ( = O ) C N 2 C C N ( C C 2 ) C C C 3 = C C = C C = C 3,41 74 117 248 250 283 378 389 650 656 807 875 926 935 1045 1057 1066 1088 1145 1152 1199 1243 1284 1312 1374 1380 1480 1482 1542 1644 1798 1816 1865 1917 1920,CN1CCN(CC1)CCC2=CC(=NO2)NC(=O)CN3CCN(CC3)CCC4=CC=CC=C4
653,O = C ( N C C [N+] 1 ( C C C C C 1 ) C ) C = N O,2 62 80 206 343 426 650 694 758 807 926 931 987 992 1027 1028 1049 1057 1061 1064 1152 1181 1415 1630 1917,C1CC[N+](CC1)(CC(=O)/C=N/O)NC(=O)/C=N/O
654,C 1 C C N ( C C 1 ) S ( = O ) ( = O ) C 2 = C C = C ( S 2 ) C C ( = O ) N C C C 3 = C C = C ( C = C 3 ) Cl,2 41 80 216 310 325 539 561 585 597 650 656 667 675 807 816 926 934 935 1028 1152 1243 1380 1476 1480 1507 1510 1521 1561 1572 1652 1683 1750 1754 1873 1917 1998,C1CCN(CC1)S(=O)(=O)C2=CC=C(S2)CC(=O)NCCC3=CC=C(C=C3)Cl
655,C N 1 C ( = O ) C C C ( = N 1 ) C ( = O ) / C = C \ 2 / C 3 = C C 4 = C ( C = C 3 C C N 2 ) O C O 4,27 53 160 267 305 314 352 378 441 549 628 650 656 666 694 695 738 798 807 920 968 1016 1132 1145 1219 1236 1349 1659 1863 1866 1873 1878 1905 1917 1953 1965,C1OC2=C(O1)C=C3C(=CC(=O)N4C(=NN(C4=O)C)C3=C2)OCOC(=O)C=C5C6=CC7=C(C=C6C(=O)O5)OCO7
656,C C 1 = C C = C ( C = C 1 ) N C ( = O ) C 2 = C N = C ( C = C 2 ) N 3 C C N ( C C 3 ) C C 4 = C C = C C = C 4,74 191 217 235 378 389 407 426 486 527 635 650 784 807 843 926 1066 1077 1088 1152 1199 1370 1385 1480 1508 1535 1683 1697 1750 1754 1765 1771 1816 1823 1873 1917 1978,C1CN(CCN1CC2=CC=CC=C2)C3=NC=C(C=C3)C(=O)NC4=CC=C(C=C4)N5CCN(CC5)CC6=CC=CC=C6
657,C C C [N+] ( C ) ( C ) C C,80 116 294 390 628 794 831 913 1057 1275,CCC[N+](C)(C)CS[N+](C)(C)CCC
658,C [C@H] 1 C N ( C ( = O ) C 2 = C ( C ( = C C = C 2 ) N C ( = O ) C 3 C C O C C 3 ) O [C@H] 1 C N ( C ) C C 4 = C C = C ( C = C 4 ) C 5 = C C = C C = C 5 ) [C@@H] ( C ) C O,1 34 80 222 283 314 352 389 507 523 610 646 650 656 679 689 716 736 739 750 769 785 807 834 879 881 896 935 950 984 998 1019 1039 1057 1088 1116 1147 1152 1160 1163 1199 1214 1224 1236 1275 1285 1294 1325 1380 1405 1538 1630 1631 1716 1731 1750 1754 1816 1859 1873 1917,C[C@H](CN(C)CC1=CC=C(C=C1)C2=CC=CC=C2)N3C[C@H]([C@@H](OC4=C(C3=O)C=CC=C4C5=CC=CC=C5)CN(C)CC6=CC=CC=C6)C
659,C C 1 = C C ( = C ( C = C 1 ) N C ( = O ) C ( C ( C ( F ) ( F ) F ) ( F ) F ) ( F ) F ) Br,59 114 235 348 728 741 807 833 875 886 1013 1057 1152 1224 1380 1453 1604 1631 1722 1750 1816 1823 1829 1856 1873 1886 1903 1917 1928,CC1=CC(=C(C=C1)NC(=O)C(C(F)(F)F)(F)F)Br
660,C [C@H] 1 C N ( C 2 = N C 3 = C ( N 2 C 1 ) C ( = O ) N ( C ( = O ) N 3 C ) C C 4 = C C = C C 5 = C C = C C = C 5 4 ) C 6 = C C = C ( C = C 6 ) C,80 235 314 378 501 504 509 649 650 771 802 820 913 1019 1024 1057 1087 1088 1104 1124 1145 1148 1199 1309 1322 1349 1357 1365 1440 1496 1541 1573 1597 1674 1696 1722 1750 1765 1823 1825 1845 1850 1873 1920,CC1N=NN2C3=C(N=N2)N(C(=O)N(C3=O)CC4=CC=CC=C4C)CC5=CC=CC=C5CN6C(=O)C7=CC=CC=C7C(=O)N(C6=O)C
661,C C 1 = C C ( = C C ( = C 1 Cl ) C ) O C C ( = O ) N C ( C ) C 2 C C C O 2,1 41 80 117 192 381 561 609 628 650 656 695 751 802 807 875 926 964 1011 1019 1028 1325 1380 1391 1452 1468 1683 1722 1887 2004,C1CC(OC1)COC(=O)COC2=CC(=C(C(=C2)C)Cl)C
662,C C C O C ( = O ) O C C,13 80 147 167 245 294 650 789 794 807 870 1057 1209 1238 1722 1917,CCCOC(=O)OCCOC(=O)OCC
663,C C 1 = C ( C = C C ( = C 1 ) O C 2 = C C = C ( C = C 2 ) C 3 C C C = C C 3 ) C ( = O ) C 4 = C ( C = C ( C = C 4 ) O C 5 = C C = C ( C = C 5 ) C 6 C C C = C C 6 ) C,9 193 328 582 598 650 695 718 751 807 875 888 926 949 1019 1128 1147 1158 1252 1279 1325 1363 1370 1391 1427 1617 1697 1722 1750 1803 1873 1918 2000 2006,C1CC(CC=C1)C2=CC=C(C=C2)OC3=CC(=C(C=C3)OC4=CC=C(C=C4)C5CCC=CC5)C
664,C 1 = C C ( = N C ( = C 1 ) C 2 = N N ( C = C 2 ) C 3 = C C = C C ( = N 3 ) C N ( C C ( = O ) O ) C C ( = O ) O ) C N ( C C ( = O ) O ) C C ( = O ) O,80 172 251 378 389 507 527 605 680 760 807 867 879 881 890 935 980 1039 1088 1101 1130 1190 1213 1380 1455 1679 1737 1750 1851 1852 1855 1873 1917 1956 1969,C1=CC(=NC(=C1)N2C=CC(=N2)C3=NN(C=C3)C4=CC=CC(=N4)N5C=CC(=N5)CN(CC(=O)O)CC(=O)O)C6=NN(C=C6)CN(CC(=O)O)CC(=O)O
665,C 1 ( = C ( C ( = C ( C ( = C 1 F ) F ) C 2 = C ( C ( = C ( C ( = C 2 F ) F ) F ) F ) F ) F ) F ) C 3 = C ( C ( = C ( C ( = C 3 F ) F ) C 4 = C ( C ( = C ( C ( = C 4 F ) F ) Br ) F ) F ) F ) F,429 526 551 728 1380 1445 1458 1631 1848 1928,C1(=C(C(=C(C(=C1F)Br)F)F)F)C2=C(C(=C(C(=C2Br)F)F)F)C3=C(C(=C(C(=C3Br)F)F)F)Br
666,C C ( = O ) O C 1 C C 2 ( C ( C C C 2 O ) C 3 = C 1 C 4 ( C ( O C ( = O ) / C ( = C \ N 5 C C C ( = O ) C C 5 ) / C 4 = C ( C 3 = O ) O ) C O C ) C ) C,53 54 204 206 274 292 314 429 512 521 650 656 678 679 695 723 750 760 841 926 931 935 992 1010 1017 1019 1035 1057 1060 1088 1126 1199 1217 1257 1274 1300 1325 1380 1389 1438 1476 1477 1480 1582 1602 1606 1611 1625 1655 1721 1853 1866 1911 1917 2026,CC(=O)N1CCC(C2=C1C(=O)C(=C3C2=O)O)OC(=O)C4=C5C(CC6(C(C5(CC4OC(=O)C)C)OC(=O)C6OC(=O)C)C)OC(=O)C
667,C C 1 = N C ( = N C = C 1 ) N 2 C C N ( C C 2 ) C N 3 C ( = S ) N ( C ( = N 3 ) C ( F ) ( F ) F ) / N = C / C 4 = C C = C C = C 4,74 80 82 97 114 160 250 270 346 378 389 394 407 460 630 649 694 717 787 803 926 935 948 960 1021 1057 1088 1107 1199 1372 1380 1452 1453 1480 1731 1750 1764 1791 1806 1855 1866 1873 1928 2028 2033,CC1=NC(=NC=C1)N2CCN(CC2)CN3C(=NC=C3)C(CC(C4=NC=CC(=N4)C)(F)F)(F)F
668,C ( C C S ( = O ) ( = O ) O ) C S S C C C C S ( = O ) ( = O ) O,80 210 350 481 517 592 807 975 1024 1097 1182 1295 1405 1476 1672 1911,C(CCS(=O)(=O)O)CS(=O)(=O)CCS(=O)(=O)CCS(=O)(=O)CCCCS(=O)(=O)CCCCS(=O)(=O)O
669,C C C C C C C C O C ( = O ) C 1 ( O C 2 = C ( O 1 ) C = C ( C = C 2 ) C C ( C ) N C C ( C 3 = C C ( = C C = C 3 ) Cl ) O ) C ( = O ) O C C C C C C C C,1 13 79 80 147 216 222 227 266 283 294 310 516 561 592 606 632 650 656 695 722 794 807 875 949 957 1035 1039 1060 1088 1143 1152 1249 1282 1324 1362 1365 1380 1468 1514 1581 1681 1683 1873 1905 1911 1917 1964 1990 2018,C1=CC(=CC(=C1)Cl)[C@H](CNOC(=O)C2(OC3=C(O2)C=C(C=C3)C[C@@H](C)NC[C@@H](C4=CC(=CC=C4)Cl)O)C(=O)NOCCCCCC)O
670,C C 1 = C ( C ( = O ) N ( N 1 C ) C 2 = C C = C C = C 2 ) N C ( = O ) C S C 3 = N C 4 = C ( S 3 ) C = C ( C = C 4 ) N C ( = O ) C 5 = C C = C ( C = C 5 ) Br,41 75 116 162 184 191 314 327 341 366 378 381 389 486 504 557 570 650 675 728 753 843 875 885 909 935 961 999 1007 1049 1057 1088 1145 1152 1157 1322 1380 1385 1455 1506 1631 1646 1649 1665 1669 1731 1736 1750 1766 1795 1816 1825 1855 1873 1917 1959 1978 2003,CN1C(=O)C(=C(C(=O)N1C2=CC=CC=C2)NC(=O)CSC3=NC4=C(S3)C=C(C=C4)NC(=O)C5=CC=C(C=C5)Br)NC(=O)C6=CC=C(C=C6)Br
671,C N 1 C ( = C C ( = C 1 Cl ) Cl ) C ( = O ) N C C C C ( = O ) O C,14 80 125 195 197 237 366 391 486 561 564 619 650 667 695 807 841 866 875 935 1057 1145 1152 1240 1380 1683 1873 1876 1911 1917,CN1C(=CC(=C1Cl)Cl)C(=O)NCCCC(=O)OC
672,C C 1 = C ( C = C ( C = C 1 ) Cl ) N C ( C ) C 2 = C C ( = C C = C 2 ) [N+] ( = O ) [O-],1 165 216 283 331 334 532 561 650 658 715 753 816 838 875 912 1039 1057 1152 1195 1224 1274 1365 1391 1549 1581 1610 1627 1722 1750 1809 1873 1940 1963,CC1=C(C=CC(=C1)Cl)NC(C)C2=CC(=CC=C2)[N+](=O)[O-]
673,C [C@@H] 1 C N ( C ( = O ) C 2 = C ( C = C C ( = C 2 ) N C ( = O ) N C 3 = C C = C ( C = C 3 ) O C ) O [C@H] 1 C N ( C ) C ( = O ) N C 4 = C C 5 = C ( C = C 4 ) O C O 5 ) [C@@H] ( C ) C O,1 80 127 184 192 193 222 245 283 314 322 352 395 482 602 610 650 656 679 695 738 739 750 769 781 831 834 840 875 881 926 935 1019 1035 1057 1077 1116 1152 1309 1380 1427 1436 1631 1670 1716 1797 1800 1859 1863 1873 1905 1917 1989 1990,C[C@H]1CN(C(=O)C2=CC3=C(C=C2O[C@H]1CN(C(=O)NC4=CC=C(C=C4)OC)C(=O)NC5=CC6=C(C=C5)OCO6)OCO3)[C@H](C)CO
674,C C C C C C C C C C C C N ( C 1 C C ( N C ( C 1 C ) ( C ) C C ) ( C ) C C ) C ( = O ) C 2 = C C = C C = C 2,1 41 294 395 560 587 601 650 665 679 794 807 998 1057 1060 1088 1114 1150 1221 1250 1274 1309 1334 1341 1351 1380 1385 1444 1669 1716 1873 1911 1917 1985 2014 2038,CCCCC[P+](CCCCC)(CCCCC)C1=CC=C(C=C1)C(=O)[P+](C2=CC=CC=C2)(C3=CC(NC(C3C)(C)CC)(C)CC)C4(C(NC(N4)(C)CC)(C)CC)C
675,C C ( C ) C [C@@] 1 ( C ( = O ) O C ( = N 1 ) C 2 = C C = C C = C 2 ) C C C ( = O ) O C,1 14 80 98 195 283 314 327 389 551 650 656 736 755 795 841 848 1057 1060 1088 1135 1160 1199 1479 1551 1650 1750 1810 1847 1871 1873 1883 1917 1973,CC(C)CC1(C(=O)OC(=N1)C2=CC=CC=C2)CCC3(C(=O)OC(=N3)C4=CC=CC=C4)CC(C)C
676,C C O C 1 = C C = C C = C 1 [C@@H] ( C ( = O ) N C 2 = C C = C ( C = C 2 ) F ) N ( C 3 = C C ( = C ( C = C 3 ) C ) C ) C ( = O ) C 4 = N C = C N = C 4,1 49 80 191 237 294 451 503 552 573 650 695 699 843 850 855 875 881 1057 1071 1088 1096 1199 1238 1273 1380 1391 1410 1452 1535 1603 1608 1664 1670 1691 1722 1750 1792 1816 1866 1873 1917 1928 1969 1970 1985,CCOC1=CC=CC=C1C(C(=O)NC2=CC(=C(C=C2)C)C)N(C3=CC(=C(C=C3)C)C)C(=O)C4=NC=CN=C4
677,C C 1 = C ( O N = C 1 C 2 = C C = C ( S 2 ) C ( = O ) N 3 C C N ( C C 3 ) C ) C ( F ) ( F ) F,50 62 114 162 207 244 248 252 323 361 378 419 519 561 623 633 656 675 727 807 809 926 935 942 1145 1184 1223 1380 1437 1453 1480 1589 1722 1725 1750 1873 1928 2009,C1CN(CCN1C(=C(C2=CC=C(S2)C3=NOC(=C3C)C(F)(F)F)N4CCN(CC4)C)N5CCN(CC5)C)C
678,C C C C C ( = O ) N N C C,41 80 294 591 650 745 794 807 892 1057 1168 1436 1488 1564 1718 1726 1748 1917,CCCCC(=O)NNNC(=O)NNC(=O)CCCC
679,C C 1 ( C C C 2 = C ( O 1 ) C = C ( C = C 2 ) O C ) C,301 656 695 718 726 841 1010 1057 1060 1215 1236 1274 1282 1380 1388 1536 1574 1738 1750 1873 1905 1972 1980,CC1(OC2=C(CCC3=C(O1)C=C(C=C3)OC)C=CC(=C2)OC)C
680,C N ( C ) C 1 C C N ( C 1 ) C 2 = C C = C ( C = C 2 ) C ( = O ) N,233 309 407 432 650 719 739 807 809 926 935 1019 1057 1163 1171 1325 1380 1385 1405 1480 1649 1697 1727 1825 1873,C1CN(CC1N(N)N)c1ccc(cc1)C(=O)N
681,C C 1 C 2 = C ( C C C C 2 ) C ( = O ) N 1 C C 3 C C N ( C C 3 ) C C C 4 = C C = C C = C 4,29 80 160 214 310 389 589 650 800 879 908 916 926 935 1019 1028 1045 1057 1066 1199 1243 1261 1309 1325 1380 1480 1738 1750 1754 1788 1791 1798 1873 1973,CC1C2=C(CCCC2)C3=C1CCCC3
682,C C 1 = C C = C C = C 1 N 2 C ( = O ) [C@@] 3 ( C 4 = C ( [C@@H] ( C N 3 C 2 = O ) C 5 = C C = C C = C 5 O C ) C 6 = C C = C C = C 6 N 4 ) C,92 134 184 249 255 274 314 371 566 599 644 650 654 661 695 739 841 864 926 1019 1027 1057 1060 1088 1114 1215 1220 1274 1295 1357 1361 1365 1368 1380 1410 1441 1573 1647 1648 1686 1722 1745 1750 1783 1904 1970 1999,CC1=C2C(CN(C(=O)N(C2=CC(=O)N1)C3=CC=CC4=C3NC(=O)NC4=O)C5=CC=CC=C5OC)C6=CC=CC=C6OC
683,C C O C 1 = C C = C C = C 1 N [C@@H] ( C ( = O ) C 2 = C C = C S 2 ) N C ( = O ) C 3 = C C = C C = C 3,1 14 79 80 117 237 241 294 383 386 389 419 486 650 675 690 695 766 807 915 1057 1102 1199 1224 1238 1312 1380 1385 1405 1410 1452 1551 1567 1665 1696 1750 1785 1873 1917 1970,CCOC1=CC=CC=C1NC(C(=O)C2=CC=CS2)NC(=O)C3=CC=CS3
684,C 1 C C ( C 1 ) C 2 = N N = C ( O 2 ) N,55 149 207 316 378 383 467 656 814 926 1019 1063 1164 1171 1325 1380 1457 1965 2000,C1CC1C2=NN=C(S23C(=NC(=N3)N)N)N
685,C C ( C ) O C 1 = C C = C ( C = C 1 ) C ( = O ) N C ( = S ) N C 2 = C C ( = C ( C = C 2 ) O C ) Cl,1 94 97 191 249 283 322 486 555 560 561 650 664 718 807 841 843 875 930 968 1057 1110 1152 1380 1385 1436 1536 1542 1581 1683 1697 1750 1816 1865 1873 1917 1978,CC(C)OC1=CC=C(C=C1)NC(=O)C2=CC(=C(C=C2)OC)Cl
686,c 1 ( c c c 2 c ( c 1 ) c ( c n 2 C c 1 c c ( c c c 1 ) C ( F ) ( F ) F ) C C ( = O ) N ) c 1 c c c ( c c 1 ) C,41 45 80 114 140 235 325 650 714 744 785 791 807 809 896 935 1039 1057 1066 1088 1156 1160 1171 1260 1349 1357 1368 1417 1453 1455 1479 1503 1678 1750 1754 1823 1849 1873 1898 1917 1928 1964 2017 2021,C(c1cc(CC(=O)N)c2cc(c3ccc(c4ccc(cc4)C)cc3)ccc2n1Cc1cc(ccc1)C(F)(F)F)(F)(F)F
687,C [C@H] 1 [C@@H] ( [C@H] ( O [C@@] 1 2 C 3 = C ( C = C C ( = C 3 ) N C ( = O ) C 4 = C C = C ( C = C 4 ) N ) N ( C 2 = O ) C C = C ) C C ( = O ) N 5 C C 6 = C C = C C = C 6 C [C@H] 5 C O ) [Si] ( C ) ( C ) F,51 80 90 184 191 242 255 297 314 336 346 378 459 588 610 628 656 694 807 873 875 888 919 926 935 940 973 1004 1009 1010 1019 1060 1070 1152 1171 1199 1236 1295 1309 1366 1380 1385 1427 1457 1503 1516 1527 1531 1552 1555 1645 1665 1697 1701 1708 1795 1804 1816 1820 1821 1873 1915 1917 1928 1946 1980 2038,C[C@H]1[C@@H]([C@H](O[C@@]12C3=C(C=CC(=C3)NC(=O)C4=CC=C(C=C4)N)N(C2=O)CC=C)CC(=O)N5CC6=CC=CC=C6C5)[Si](C)(C)F
688,C C O C 1 = C C = C ( C = C 1 ) C ( = C 2 C ( N ( C ( = O ) C 2 = O ) C 3 = N N = C ( S 3 ) S C C 4 = C C = C ( C = C 4 ) F ) C 5 = C C ( = C C = C 5 ) O C C C ( C ) C ) O,1 57 69 80 90 102 116 162 171 237 283 294 310 314 322 341 378 463 562 590 623 650 675 695 699 718 739 762 807 818 875 879 915 935 999 1003 1019 1034 1088 1164 1232 1250 1279 1380 1385 1410 1414 1427 1452 1476 1493 1501 1549 1561 1567 1728 1750 1754 1847 1860 1873 1922 1928,C1=CC(=CC=C1OCC)C2/C(=C(/C3=CC=[N+](C=C3)O)\O)/C(=O)C(=O)N2C4=NN=C(S4)SCC5=CC=C(C=C5)F
689,C 1 = C N ( C ( = O ) N = C 1 N ) [C@H] 2 [C@H] ( [C@@H] ( [C@H] ( [Se] 2 ) C O ) O ) F,62 80 153 222 314 333 378 424 441 485 569 577 606 653 807 935 1019 1073 1101 1257 1380 1487 1528 1612 1631 1695 1849 1855 1873 1887 2042,C1=CN(C(=O)N=C1[Se]CO)[C@H]2[C@@H]([C@@H]([C@H]([Se]2)CO)O)O
690,C C ( C ) C C 1 = C C ( = C ( C = C 1 ) O C C 2 = C C = C C = C 2 ) C ( = O ) O,94 107 283 310 389 456 500 650 695 807 875 955 1047 1066 1088 1199 1452 1754 1847 1873 1917 1970 1990 1991,C1=CC=C(C=C1)COC2=C(C=C(C=C2)COC3=C(C=C(C=C3)COC4=C(C=C(C=C4)COC5=C(C=C(C=C5)COC6=CC=CC=C6)C(=O)O)C(=O)O)C(=O)O)C(=O)O
691,C C 1 = C ( C = C ( C = C 1 ) C ( = O ) N C 2 = C ( C = C ( C = C 2 ) Br ) Br ) O C,249 254 428 486 526 695 766 798 807 841 875 947 948 1057 1152 1224 1380 1385 1391 1536 1631 1697 1722 1750 1795 1816 1856 1873 1917,CC1=C(C=CC(=C1)C(=O)NC2=C(C=C(C=C2)Br)OC)NC(=O)C3=CC(=C(C=C3)NC(=O)C4=CC(=C(C=C4)NC(=O)C5=CC(=C(C=C5)OC)C)OC)OC
692,C [C@@] 1 2 C [C@@H] ( C C ( C 1 ) ( C ) C ) N ( C 2 ) C [C@H] ( C O C 3 = C C = C C = C 3 F ) O,1 80 113 118 288 305 353 492 522 597 602 605 658 679 695 699 925 926 935 1019 1032 1057 1060 1081 1199 1200 1274 1380 1410 1487 1750 1840 1910 1928 1970 2022 2038,C[C@@]12C[C@@H](CC(C1)(C)C)N(C2)CC(COC3=CC=CC=C3F)N4C[C@@]5(C[C@H]4CC(C5)(C)C)C
693,C 1 = C C = C ( C = C 1 ) [C@@H] 2 C 3 = C C = C C = C 3 O C ( = C 2 C = N C C C 4 = C N C 5 = C C = C C = C 5 4 ) C 6 = C C = C C = C 6,14 119 144 328 335 364 371 656 736 806 808 864 976 1019 1027 1073 1088 1114 1128 1160 1199 1279 1329 1349 1357 1380 1481 1508 1569 1642 1663 1750 1783 1810 1873 1905 1937 1989 2034,C1=CC=C(C=C1)C2C3=CC=CC=C3OC4=CC=CC=C4C([Se]2)C5=CNC6=CC=CC=C65
694,C [C@@H] ( C ( = O ) N 1 C C N C 1 = O ) O C ( = O ) C 2 = C ( C = C C ( = C 2 ) S ( = O ) ( = O ) N C ) Cl,1 108 145 198 210 263 283 305 314 319 350 366 454 502 565 605 650 715 786 807 875 935 1057 1114 1150 1152 1189 1387 1430 1476 1480 1683 1746 1750 1873 1912 1917 1991 2030,CC(C(=O)N1CCNC1=O)S(=O)(=O)C2=CC(=C(C=C2)S(=O)(=O)NC)C(=O)N3CCNC3=O
695,C 1 [C@@H] ( [C@H] ( C 2 = C C = C C = C 2 1 ) N ) O,172 231 555 807 849 926 1019 1088 1171 1192 1199 1236 1380 1388 1708 1755 1832 1873 1962,C1C(C(C2=CC=CC=C21)N)O
696,C C ( C ) [C@@H] ( C ( = O ) N [C@H] ( C C 1 = C C = C C = C 1 ) C ( = O ) N 2 C C C [C@H] 2 C ( = O ) N [C@H] ( C C 3 = C C = C C = C 3 ) C ( = O ) N 4 C C C [C@H] 4 C ( = O ) O C ) O,1 42 79 80 106 108 117 143 193 227 242 283 354 389 446 488 531 534 573 624 650 689 695 736 807 837 841 857 914 926 1019 1057 1088 1199 1325 1380 1411 1433 1435 1480 1773 1871 1873 1945 2016,CC(C)C(C(=O)NC(CC1=CC=CC=C1)C(=O)N2CCC2C(=O)NC(CC3=CC=CC=C3)C(=O)N4CCC4C(=O)OC)O
697,C [Si] ( C ) ( N [Si] ( C 1 = C C = C C = C 1 ) ( C 2 = C C = C C = C 2 ) C 3 = C C = C C = C 3 ) N [Si] ( C 4 = C C = C C = C 4 ) ( C 5 = C C = C C = C 5 ) C 6 = C C = C C = C 6,159 192 260 378 389 463 467 636 656 1088 1199 1345 1380 1750 1849 1873,C1=CC=C(C=C1)[Si](C)(C2=CC=CC=C2)[Si](C)(C3=CC=CC=C3)[Si](C4=CC=CC=C4)(C5=CC=CC=C5)[Si](C)(C6=CC=CC=C6)C7=CC=CC=C7
698,C O C 1 = C ( C = C ( C ( = C 1 ) C O ) Cl ) O,40 165 222 249 366 561 695 837 875 965 1057 1349 1380 1536 1573 1602 1607 1642 1656 1683 1970,COC1=C(C=C(C(=C1)CO)Cl)O
699,C C ( = O ) O [C@H] 1 C [C@@H] ( O [C@@H] 1 C O C ( C 2 = C C = C C = C 2 ) ( C 3 = C C = C ( C = C 3 ) O C ) C 4 = C C = C ( C = C 4 ) O C ) N 5 C = C C ( = N C 5 = O ) S C O C ( = O ) C ( C ) ( C ) C,4 70 80 101 114 116 243 257 270 314 322 341 378 389 392 448 505 521 610 650 656 670 695 718 781 785 798 831 841 964 1017 1019 1035 1064 1088 1101 1126 1136 1140 1174 1199 1292 1380 1417 1463 1492 1536 1602 1665 1819 1851 1887 1919 1921 1949 2015 2017,C1[C@@H]([C@H](O[C@H]1N2C=CC(=NC2=O)SCOC(C3=CC=CC=C3)(C4=CC=C(C=C4)OC)C5=CC=C(C=C5)OC)COC(C6=CC=CC=C6)(C7=CC=C(C=C7)OC)C(C)(C)C)OC
700,c 1 c ( c c 2 c ( n 1 ) c c n 2 C C ( = O ) N ( C ) C ) c 1 c c c c ( c 1 ) C ( F ) ( F ) F,45 80 168 490 650 661 736 774 807 809 875 935 995 1039 1088 1097 1101 1160 1238 1260 1284 1312 1314 1373 1380 1452 1453 1487 1501 1522 1535 1653 1679 1750 1873 1917 1957 2017,C1=CC(=CC(=C1)C(F)(F)F)C2=CC3=C(C=CN3CC(=O)N4C=CC5=C4C=C(C=N5)C6=CC(=CC=C6)C(F)(F)F)N=C2
701,C / C ( = C ( / C 1 = C C ( = C C = C 1 ) Cl ) \ N ) / [N+] ( = O ) [O-],216 473 522 561 592 650 753 807 838 875 1017 1039 1057 1088 1171 1246 1351 1380 1683 1750 1858 1864 1873,C/C(=C/1\C=CC=C(C=C1Cl)Cl)/[N+](=O)C
702,C C 1 = C ( C = C ( C = C 1 ) S C C ( = O ) O C C ( = O ) N ( C C ( C ) C ) C 2 = C ( N ( C ( = O ) N C 2 = O ) C C 3 = C C = C C = C 3 ) N ) C,1 80 94 116 147 264 283 314 335 341 376 385 407 503 531 547 650 695 750 758 807 811 875 877 881 1057 1066 1088 1114 1161 1171 1188 1199 1238 1255 1273 1380 1386 1469 1683 1691 1722 1739 1745 1750 1754 1765 1808 1860 1873 1917 1959 1975 2026,CC1=C(C=C(C=C1)SCC(=O)OCC(=O)N(C2=C(NC(=O)NC2=O)C(C)C)C(C)C)C
703,C C O C ( C C 1 = C C = C ( C = C 1 ) O C C N ( C C C C O C C 2 = C C ( = C C ( = C 2 ) Cl ) Cl ) C ( = O ) O C 3 = C C = C C = C 3 O C ( F ) ( F ) F ) C ( = O ) O,1 13 79 80 102 114 187 191 197 216 294 310 316 322 389 488 548 561 632 650 695 718 725 745 781 806 875 881 934 1034 1057 1088 1199 1235 1238 1263 1272 1291 1325 1337 1380 1409 1410 1452 1453 1605 1614 1683 1729 1747 1750 1754 1839 1873 1911 1917 1928 1951 1970 1992,CCOC(CC1=CC=C(C=C1)OCCN(CCCOCC2=CC(=CC(=C2)Cl)Cl)C(=O)OC3=CC=CC=C3OC(F)(F)F)C(=O)OC4=CC=CC=C4OC(F)(F)F
704,C C 1 = C C ( = C ( C ( = C 1 ) Cl ) O C C O C 2 = C C = C ( C = C 2 ) C 3 = C ( [C@H] 4 C N ( C [C@@H] ( C 3 ) N 4 ) C ( = O ) C ) C ( = O ) N C 5 ( C ( C 5 Cl ) C ( F ) ( F ) F ) C C 6 = C C = C C = C 6 ) Cl,13 102 114 120 134 192 231 286 322 333 344 365 366 367 389 486 561 573 650 676 695 718 739 807 840 875 935 1019 1034 1060 1066 1088 1114 1152 1160 1280 1300 1352 1380 1420 1436 1452 1453 1511 1563 1642 1722 1734 1750 1754 1775 1822 1823 1873 1888 1928 1932 1938 1953 1960 1973 1984 1986,C1=CC(=CC=C1)CC2(C(CC(=C(N2)C(F)(F)F)C3=CC=C(C=C3)OCCOC4=C(C=C(C=C4Cl)C)Cl)Cl)NC(=O)O
705,C 1 C C C ( C 1 ) O C 2 = C C ( = C C ( = C 2 ) C Br ) Br,39 80 119 226 249 322 524 559 695 728 763 875 886 888 890 909 926 1019 1028 1235 1380 1754 1932 1966,C1CCC(C1)OC2=CC(=CC(=C2)CC(CC3=CC(=CC(=C3)Br)Br)(CC4=CC(=CC(=C4)Br)OC5CCCC5)CC6=CC(=CC(=C6)Br)Br)Br
706,C [C@] 1 2 C C [C@H] ( [C@H] 1 C ( = O ) C C [C@@H] 2 Br ) C O C C 3 = C C = C C = C 3,80 226 314 370 389 566 631 650 695 728 743 745 926 1057 1060 1066 1088 1162 1172 1188 1199 1236 1274 1325 1380 1462 1538 1653 1873 1992 2042,CC1(CCC(CC1=O)Br)COCC2=CC=CC=C2
707,C C 1 = C N 2 C = C ( N = C 2 C = C 1 ) C S C 3 = N C 4 = C C = C C = C 4 C ( = O ) N 3 C 5 = C C = C C = C 5 F,80 235 289 341 378 389 504 571 604 650 699 701 724 747 819 935 950 1057 1097 1150 1192 1199 1255 1275 1283 1319 1540 1573 1602 1647 1722 1750 1840 1855 1873 1928 1993,Cc1nc2ccccc2n1c1nc2ccccc2n1Cc1ccc2nc(O)nc(F)n2n1
708,C C ( O C ( = O ) C 1 2 C C 3 C C ( C 1 ) C C ( C 3 ) C 2 ) I,1 283 318 419 650 661 679 695 807 833 882 941 1019 1057 1060 1253 1292 1296 1446 1462 1699 1917 2028,CC(C(=O)OC(=O)C12CC3CC(C1)CC(C3)C2)I
709,C C ( C 1 = C ( C = C S 1 ) Br ) N C 2 = C C = C C ( = C 2 ) C N 3 C C C C 3,1 14 80 191 283 395 455 554 654 675 728 784 798 833 875 926 935 966 1028 1039 1057 1066 1152 1191 1363 1380 1422 1480 1567 1627 1631 1712 1750 1754 1765 1771 1791 1873 1998,CC(C1=C(C=CS1)Br)NC2=CC=CC(=C2)CN3CCCC3
710,C [C@H] 1 C S C ( = N C 2 = C C = C ( C = C 2 ) Cl ) N 1 C ( = S ) N C C C O C,13 80 93 110 197 202 404 490 554 561 666 667 675 725 734 807 816 841 850 870 926 935 1005 1019 1070 1128 1152 1309 1391 1418 1470 1590 1636 1667 1683 1828 1854 1873 1876 1911,C[C@H]1CSC(=NC2=CC=C(C=C2)Cl)N1C(=NC3=CC=C(C=C3)Cl)NCCCOC
711,C C O C 1 = C C = C ( C = C 1 ) C 2 = N C ( = C ( O 2 ) N 3 C C C ( C C 3 ) C ) S ( = O ) ( = O ) C 4 = C C = C C = C 4,69 80 102 155 237 294 319 321 322 335 350 378 389 407 575 650 656 689 695 896 926 935 945 973 1019 1047 1057 1088 1151 1160 1199 1238 1325 1334 1380 1452 1476 1480 1571 1604 1704 1742 1750 1855 1873 1998,CCOC1=CC=C(C=C1)C2=NC(=C(O2)N3CCC(CC3)S(=O)(=O)C4=CC=CC=C4)S(=O)(=O)C5=CC=CC=C5
712,C N ( C ) C 1 = C C = C C 2 = C 1 C = C C = C 2 S ( = O ) ( = O ) N C C C 3 = C C = C C = C 3 O S ( = O ) ( = O ) C 4 = C C = C C 5 = C 4 C = C C = C 5 N ( C ) C,58 80 186 288 350 392 440 466 502 580 650 667 695 732 881 967 992 1057 1158 1163 1184 1199 1243 1285 1319 1357 1380 1410 1476 1573 1597 1626 1700 1750 1873 2008 2018,CN(C)C1=CC=CC=C1S(=O)(=O)NCCNS(=O)(=O)C2=CC=CC=C2OS(=O)(=O)C3=CC=CC4=C3C=CC=C4N(C)C
713,C N 1 C ( = O ) C ( C ( = N C 1 = O ) O C ) ( C C = C ) C C = C,80 211 217 224 255 314 425 426 602 650 694 695 841 927 935 940 987 1057 1060 1064 1145 1366 1380 1455 1536 1645 1848,CN1C(=O)C(C(=C(N(C1=O)C)OC)OC)(CC=C)CC=C
714,C C C C O C 1 = C C = C ( C = C 1 ) C 2 = N N 3 C ( = O ) / C ( = C / C 4 = C N ( N = C 4 C 5 = C ( C = C ( C = C 5 ) O C C C ) C ) C 6 = C C = C C = C 6 ) / S C 3 = N 2,13 64 80 102 138 168 204 281 294 303 314 322 323 378 389 403 412 464 504 591 680 694 695 718 751 870 875 896 935 952 1034 1049 1088 1160 1199 1294 1380 1385 1391 1437 1452 1455 1458 1478 1486 1501 1527 1722 1750 1825 1855 1873 1911 1956 2014,CCCCOC1=CC=C(C=C1)C2=NN3C(=O)/C(=C/C4=CN(N=C4C5=C(C=C(C=C5)OCCCC)C)C6=CC=CC=C6)/C(=O)N3N2
715,C ( C O [N+] ( = O ) [O-] ) C C C O,80 222 473 541 692 715 753 807 838 1130 1143 1249 1608 1831 1911 1955 1963 2032,C(CCCCCCCCCCCCCCCCO[N+](=O)[O-])CCCCCCCCCCCCCCCCCCCCCCO
716,C C C C C C 1 = N N = C ( S 1 ) N C ( = O ) C C C ( = O ) N 2 C C C ( = N 2 ) C 3 = C C = C C = C 3,2 21 41 80 127 160 162 251 284 294 378 385 389 591 650 736 800 807 926 935 975 991 1056 1057 1088 1152 1160 1164 1184 1199 1243 1382 1444 1480 1560 1564 1738 1750 1759 1816 1856 1873 1911 1953,CCCCCC1=NN=C(S1)NC(=O)CCN2CCC(=N2)C3=CC=CC=C3
717,C 1 C N ( C C N 1 C [C@H] ( C O ) O ) C 2 = C C ( = C C = C 2 ) Cl,1 74 165 222 227 407 482 496 561 592 687 875 935 1039 1049 1088 1380 1497 1508 1627 1683 1791 1825 1873 1977,C1CN(CCN1C[P+](CO)(N2CCN(CC2)C3=CC(=CC=C3)Cl)O)C4=CC(=CC=C4)Cl
718,C [C@H] ( C C C C ( C ) C ) N 1 C ( = O ) C 2 = C C = C C = C 2 N = C 1 S C C ( = O ) N C,1 41 116 146 249 283 289 314 341 345 378 384 389 504 650 739 807 860 862 935 993 1057 1088 1097 1152 1199 1243 1357 1380 1506 1573 1595 1750 1847 1855 1860 2013,CC(C)CCC(C)N1C(=O)C2=CC=CC=C2N=C1SC(=O)NC
719,C C O C 1 = C C = C ( C = C 1 ) C 2 = C S C ( = C 2 C ( = O ) O C C ) N C ( = O ) C 3 = C C ( = C C = C 3 ) F,1 50 69 80 102 145 147 222 230 237 293 294 352 486 510 526 552 586 650 675 695 699 718 759 896 1039 1057 1088 1129 1160 1238 1322 1380 1452 1487 1567 1670 1722 1750 1795 1873 1917 1928 1985,CCOC1=CC=C(C=C1)C2=CSC(=C2C(=O)OCC)NC(=O)C3=CC(=CC=C3)F
720,O = C 1 N C ( = O ) c 2 c c ( F ) c ( F ) c c 1 2,314 352 425 650 699 875 1114 1498 1539 1657 1840 1858 1928,C1=C2C(=CC(=C1F)F)C(=O)NC(=O)C3=CC(=C(C=C3C(=O)NC2=O)F)F
721,C 1 C C C 2 = C ( C 1 ) C ( = O ) C ( = C N 2 ) C ( = O ) N C 3 = C C = C C = C 3,83 191 310 361 389 486 525 676 703 806 807 847 926 1028 1056 1072 1077 1114 1152 1199 1276 1380 1391 1534 1738 1750 1873 1879 1917 1991 2010,C1CCC2=C(C1)C(=CN2)C(=O)NC3=CC=CC=C3
722,C 1 C [C@@H] 2 [C@@H] 3 [C@@H] ( C C O C 3 = O ) C 4 ( [NH+] 2 C 1 ) C C [NH+] ( C C 4 ) C C 5 = C C = C C = C 5,80 118 203 314 389 402 413 441 504 519 567 606 656 680 926 941 950 1019 1028 1060 1066 1088 1183 1199 1325 1335 1380 1434 1457 1464 1467 1548 1554 1729 1750 1754 1777 1807 1926 2009,C1C[C@H]2[C@@H]3[C@H]([C@@]2(OC1)C[NH+]4CCCOC4=O)CCOC3=O
723,C [C@@H] 1 [C@@H] ( O C 2 = C C = C C = C 2 O 1 ) C ( = O ) O C C ( = O ) N ( C ) C,80 147 288 376 379 534 586 656 695 881 960 1163 1199 1238 1309 1380 1481 1560 1653 1750 1905 1917 1957 1963 2004,C1=CC=C2C(=C1)OOC(=O)OCC(=O)N(C)C
724,C C 1 = C C = C ( C = C 1 ) N ( C ( = O ) C 2 = C C ( = C C = C 2 ) F ) S ( = O ) ( = O ) C 3 = C C = C C = C 3,230 234 235 350 389 517 575 650 699 776 807 815 875 881 960 1039 1057 1088 1199 1221 1380 1385 1476 1487 1670 1722 1723 1750 1786 1873 1917 1928 1946 1984 1985,C1=CC=C(C=C1)S(=O)(=O)N(C(=O)C2=CC(=CC=C2)F)S(=O)(=O)C3=CC=CC=C3
725,C C 1 = N C C N ( C 1 = O ) C,75 83 314 378 552 650 879 926 973 1057 1153 1380 1480 1693 1722 1997 2007,CC1=NCCN2C(=C1N=C(C2=O)C)C
726,C O C C O C 1 = C ( C = C 2 C ( = C 1 ) N = C N = C 2 N C 3 = C C ( = O ) C ( = C C 3 = O ) O C 4 = C C = C ( C = C 4 ) C ( = O ) O C ) O C,13 80 84 145 193 225 249 314 322 378 489 491 606 650 661 673 676 718 725 747 780 840 841 893 999 1005 1057 1097 1152 1163 1200 1226 1245 1367 1380 1385 1452 1518 1536 1617 1648 1697 1715 1718 1865 1873 1917 1970,COCCOC1=C(C=C2C(=C1)N=CN=N2)OC3=CC=C(C=C3)C(=O)OI
727,C C N 1 C C C C 1 C N ( C C 2 = C C 3 = C ( C = C C ( = C 3 ) C ) N C 2 = O ) C ( = O ) N C 4 = C C = C ( C = C 4 ) F,34 80 90 110 119 191 193 235 294 314 446 507 750 807 834 843 875 978 1013 1019 1077 1114 1325 1333 1410 1427 1480 1481 1523 1552 1670 1676 1700 1714 1722 1745 1750 1823 1854 1855 1917 1928 1991 2022,CCN1CCC1CN(CC2=CC3=C(C=CC(=C3)C)NC2=O)C(=O)NC4=CC=C(C=C4)F
728,C [C@H] ( C ( = O ) N C 1 = C C ( = C C = C 1 ) Cl ) N C 2 = C C = C ( C = C 2 ) C ( = O ) N C 3 = C C = C ( C = C 3 ) O C,184 191 216 283 322 561 573 592 650 690 703 718 781 807 831 841 843 875 989 1039 1057 1077 1088 1128 1380 1385 1536 1664 1665 1680 1697 1795 1816 1873 1917 1957 1978,COC1=CC=C(C=C1)C(=O)NC2=CC=C(C=C2)NC(=O)C(=O)NC3=CC(=CC=C3)NC(=O)C4=CC=C(C=C4)NC(=O)C5=CC=C(C=C5)OC
729,C O C 1 = C C = C C ( = C 1 ) N 2 [C@@H] 3 C S ( = O ) ( = O ) C [C@H] 3 N = C 2 S C C C O C 4 = C C = C C = C 4,13 80 102 106 116 207 265 322 328 341 378 379 389 402 463 469 562 650 686 695 781 841 875 926 935 1034 1057 1088 1182 1199 1306 1380 1452 1453 1536 1629 1689 1750 1825 1911 1922 1972,COC1=CC=CC(=C1)N2[C@@H]3CS(=O)(=O)C[C@@H]3N=C2SCCCOC4=CC=CC=C4
730,O c 1 c ( / C ( = N \ C 2 C C C C C 2 ) / C ) c c c c 1,2 28 489 563 602 725 807 890 926 1017 1028 1057 1088 1211 1380 1447 1530 1558 1563 1602 1607 1755 1873 1991,CC(=NC1CCCCC1)C2=CC=CC=C2O
731,C C 1 ( C 2 C C C ( C 1 C 2 ) C N ( C C 3 ( C C C 4 C 3 ( C C C 5 C 4 6 C = C C 7 ( C 5 ( C C C ( C 7 ) O ) C ) C = C 6 C ( = O ) C 8 = C C 9 = C C = C C = C 9 S 8 ) C ) O ) S ( = O ) ( = O ) C ) C,9 11 55 80 81 162 195 226 267 284 337 350 419 461 478 517 528 549 555 556 644 650 651 679 692 706 757 768 787 807 834 836 875 885 955 996 1019 1060 1070 1087 1088 1129 1154 1173 1188 1199 1242 1257 1292 1324 1328 1380 1436 1476 1571 1581 1750 1762 1788 1855 1868 1873 1917 1954,C1[C@@H]2C[C@@H]3[C@]4(C=C[C@@]5([C@]3(C[C@H]2C([C@H]1C5)(C)C)C)C=C4C(=O)C6=CC7=CC=CC=C7S6)CC(CC8CC9CC8C9(C)C)(O)S(=O)(=O)C
732,[C@H] 1 ( [C@H] ( [C@@H] ( [C@H] ( [C@H] ( O 1 ) O P ( = O ) ( O P ( = O ) ( O P ( = O ) ( O P ( = O ) ( O C [C@@H] 1 [C@H] ( [C@H] ( [C@@H] ( O 1 ) n 1 c ( = O ) [nH] c ( = O ) c c 1 ) O ) O ) O ) O ) O ) O ) F ) O ) O ) C O,32 52 80 81 192 314 454 486 564 610 643 650 656 695 758 807 810 863 935 980 1020 1099 1114 1133 1162 1176 1234 1323 1379 1380 1487 1516 1612 1696 1732 1745 1750 1838 1844 1873 1878 1928 1977 2000,C1=C(N(C(=O)NC1=O)[C@H]2[C@@H]([C@@H]([C@H](O2)CP(=O)(O)OP(=O)(O)OP(=O)(O)O[C@@H]3[C@@H]([C@H]([C@@H](O3)CS)O)F)O)O)F
733,C C 1 = C ( C = C 2 C = C C ( = C C 2 = N 1 ) O C ) C ( = O ) N C 3 = N C ( = C S 3 ) C 4 = C ( C = C C ( = C 4 ) O C ) O C,92 94 203 249 322 352 385 486 624 650 675 695 702 710 718 781 807 846 847 875 980 1057 1096 1097 1185 1214 1264 1272 1336 1380 1420 1536 1567 1612 1750 1816 1855 1873 1917 1972 1991,COC1=CC2=NC(=C(C=C2C=C1)C(=O)NC3=NC(=CS3)C4=C(C=CC(=C4)OC)OC)C5=C(C=CC(=C5)OC)OC
734,C C 1 = C C ( = C C ( = C 1 C [C@@H] ( C ( = O ) N 2 C C C 3 = C C = C C = C 3 [C@H] 2 C ( = O ) N C ( C C ( = O ) O ) C 4 = N C 5 = C C = C C = C 5 N 4 ) N ) C ) O,1 79 108 117 167 171 242 269 289 343 371 378 389 403 570 630 650 651 689 745 767 786 807 831 875 887 926 935 1019 1027 1035 1057 1088 1114 1141 1152 1171 1199 1233 1236 1249 1360 1380 1391 1404 1480 1602 1708 1722 1737 1738 1745 1750 1849 1855 1888 1917 1938,CC1=CC(=CC(=C1C2=NC3=C(N2)C(N(CC3)C(=O)[C@H](CC4=C(C=C(N4)C5C6=CC=CC=C6CCN5C(=O)[C@H](CC7=C(C=C(C=C7C)O)C)N)C)N)C)C)O
735,C C ( C ( = O ) N ( C ) C C 1 = C C = C C = C 1 ) S C 2 = N N C ( = N 2 ) C 3 = C C = C C = C 3,1 74 116 283 304 334 351 389 427 507 650 654 736 807 881 976 1057 1066 1086 1088 1114 1147 1160 1199 1380 1507 1511 1609 1698 1750 1754 1855 1917 1942 2004,CC(C(=O)N(CC1=CC=CC=C1)CC2=CC=CC=C2)SC3=NNC(=N3)C4=CC=CC=C4
736,C 1 = C C = N C ( = C 1 ) C 2 = N N = C 3 N 2 N = C ( C = C 3 ) C 4 = C C ( = C C = C 4 ) N C ( = O ) C O C 5 = C C ( = C ( C = C 5 Cl ) Cl ) Cl,41 80 167 184 192 202 305 366 378 399 412 448 561 650 695 703 806 807 819 855 875 922 935 980 1025 1039 1048 1088 1110 1152 1155 1160 1164 1187 1199 1380 1447 1508 1554 1722 1815 1816 1851 1866 1873 1917 1956 2004,C1=CC=NC(=C1)C2=NN=C3N2N=C(C=C3)C4=CC(=C(C=C4)Cl)OCC(=O)NC5=CC(=C(C=C5)Cl)Cl
737,C 1 = C C = C ( C = C 1 ) C ( = O ) C C ( C 2 = C C ( = C C = C 2 ) Cl ) C 3 = C C = C N 3,80 165 216 267 301 346 389 517 561 650 806 807 875 1039 1114 1290 1365 1380 1385 1502 1506 1563 1581 1618 1683 1721 1750 1751 1873 1917 1985,C1=CC(=CC(=C1)Cl)/C(=C(/C2=CC=CN2)\C(=O)Cl)/O
738,C C ( C ) C C C 1 = N N C 2 = C 1 C N ( C C 2 ) C ( = O ) / C = C / C 3 = C N ( N = C 3 ) C,31 43 63 156 170 224 283 378 464 632 694 739 754 807 835 861 1057 1114 1145 1243 1251 1279 1308 1380 1393 1480 1535 1636 1762 1839 1847 1860 1873 1897 1912 1917 1941 1946 2004 2009 2033,CC(C)CCc1n[nH]cc1/C=C/C(=O)N1C=C(/C=C/c2cnn(C)c2)C=N1
739,C [C@@H] ( C ( = O ) O C ) S C 1 = N N 2 C = C C = N C 2 = N 1,54 75 116 117 147 283 378 406 439 448 611 633 650 807 935 1057 1086 1101 1123 1152 1162 1380 1452 1507 1511 1516 1550 1772 1866 1873 1917 1956,CC(C(=O)NN1C=CC=N1)SC2=NN3C=CC=NC3=N2
740,C C ( C ) C ( C ( = O ) N C C ( = O ) N C ( C C 1 = C N = C N 1 ) C ( = O ) O ) N C ( = O ) C ( C C C N = C ( N ) N ) N,80 117 140 144 188 283 351 412 507 573 713 725 736 739 786 798 806 849 851 875 892 963 973 978 1015 1114 1152 1171 1380 1530 1575 1624 1715 1744 1773 1849 1873 1911 1917 1926 1935 1942 2004,C1=C(NC=N1)CPNC(=O)C(C(C)C)NC(=O)C(CCCN=C(N)N)N
741,C C [N+] 1 ( C C N ( C C 1 ) C ( C 2 C C C C C C 2 ) C 3 = C C = C C = C 3 ) C,1 2 294 389 426 432 621 890 926 1019 1028 1049 1050 1057 1199 1265 1325 1365 1480 1540 1581 1599 1634 1745 1762 1873 1894 1957,C[N+]1(CCN(CC1)C(C2CCCCC2)C3=CC=CC=C3)C4CCCCC4
742,C [C@H] 1 C C C [C@@H] ( N 1 C ( = O ) C N 2 N = C ( N = N 2 ) C 3 = C C = C ( C = C 3 ) C ( C ) C ) C,1 15 80 168 206 215 283 522 561 598 650 807 896 935 1009 1019 1028 1057 1063 1075 1160 1164 1236 1309 1312 1325 1380 1385 1569 1715 1750 1783 1804 1853 1873 1881 1917,CC1CCCC(N1C(=O)CN2N=C(N=N2)C3=CC=C(C=C3)C(C)C)C
743,C C ( C ) ( C ) C ( = O ) N 1 C ( = N C ( = N 1 ) C 2 = C C = C O 2 ) N C C 3 = C C ( = C ( C = C 3 ) O C ) O C,80 94 114 121 145 157 249 310 378 392 424 474 538 650 695 787 807 841 875 935 1027 1057 1088 1233 1245 1265 1333 1380 1385 1483 1536 1754 1777 1779 1805 1855 1873 1915 1917 1926 1937 1956 1970 2004,CC(C)(C(=O)OC)N1C(=NC(=N1)C2=CC=CO2)NOC
744,C N 1 C = N N = C 1 S C C ( = O ) N C 2 = C C = C ( C = C 2 ) C ( = O ) N 3 C C C [C@H] ( C 3 ) C 4 = N C 5 = C C = C C = C 5 S 4,8 41 80 191 195 281 289 341 369 378 384 446 461 497 557 650 675 739 747 843 901 932 935 980 1019 1028 1057 1077 1088 1097 1129 1145 1164 1169 1199 1235 1325 1345 1380 1385 1455 1480 1504 1505 1506 1511 1697 1816 1834 1873 1917 1943 1959 2000,CN1C=NN=C1SCC(=O)NC2=CC=C(C=C2)C(=O)N3CCCC(C3)C4=NC5=CC=CC=C5N4
745,C [C@@H] 1 C C 2 = C ( O 1 ) C 3 = C ( C ( = C C ( = C 3 ) O C ) O C ) C ( = O ) C 2 = O,36 65 249 314 322 352 409 635 650 656 695 750 875 926 1019 1085 1185 1218 1309 1327 1380 1476 1485 1530 1536 1722 1747 1873,C1=C(C=C(C2=C1C(=O)C(=O)C3=C2OC(O3)OC4=CC5=C(C(=C4)OC)C(=O)C(=O)C6=C5C=C(C=C6OC)OC7OC8=C(O7)C(=O)C(=O)C(=O)C=C8O)OC)OC=O
746,C C ( C 1 = C C = N C = C 1 ) N C ( = O ) C C 2 = C C = C ( C = C 2 ) F,1 41 80 117 283 310 325 378 383 552 650 730 913 1057 1152 1208 1365 1380 1410 1627 1670 1692 1695 1754 1866 1873 1917 1928 1929,CC(C1=CC=NC=C1)NC(=O)CC2=CC=C(C=C2)F
747,C N 1 C = C 2 C = C C = C ( C 2 = N 1 ) N C ( = O ) / C = C / C 3 = C C ( = C ( C = C 3 ) O C ) O,25 31 40 94 327 378 464 650 695 716 807 835 841 875 1015 1057 1087 1088 1145 1180 1224 1308 1380 1387 1443 1536 1602 1696 1724 1735 1750 1762 1816 1853 1855 1873 1878 1917 1956 1970 2033 2041,c1(ccc(c(c1)OC)OC)/C=C/C(=O)Nc1cccc2c1nc(c(c2)OC)O
748,C C 1 = C ( C ( = C ( N = C 1 C 2 = C ( C = C ( C = C 2 ) Cl ) Cl ) N ) C # N ) C 3 = C ( C = C ( C = C 3 ) Cl ) Cl,115 165 213 252 323 352 358 366 378 561 680 790 816 875 1057 1136 1149 1209 1380 1457 1632 1683 1722 1750 1855 1873,CC1=C(C(=C(N=C1C2=C(C=C(C=C2)Cl)Cl)C3=C(C=C(C=C3)Cl)Cl)C#N)C
749,C C ( C ) ( C ) O C ( = O ) N C C C ( = O ) N = C 1 N ( [C@H] 2 C S ( = O ) ( = O ) C [C@H] 2 S 1 ) C 3 = C ( C = C ( C = C 3 ) O C ) O C,30 80 111 207 231 249 322 363 392 469 569 650 667 675 695 718 725 807 841 867 875 926 935 958 1019 1040 1057 1059 1148 1152 1158 1295 1362 1380 1443 1452 1536 1564 1574 1629 1636 1689 1691 1746 1750 1758 1763 1773 1850 1859 1873 1915 1917 1922 1970 1972,COC1=CC(=C(C=C1)N2C3CS(=O)(=O)CC3SC2=NC(=O)CCNC(=O)OC(C)(C)C)OC
750,C 1 C N C C N ( C 1 ) N ( C C C 2 C 3 = C C = C C = C 3 C C O 2 ) C ( = O ) C 4 = C C = C C = C 4,80 140 177 305 349 389 587 650 656 802 807 812 832 881 950 1005 1019 1027 1028 1088 1109 1114 1142 1199 1236 1283 1372 1380 1385 1480 1496 1523 1557 1702 1708 1750 1873 1921 1951 1985 1997 2020,C1CNOC(NC1)N(CCC2C3=CC=CC=C3CCO2)CCC4C5=CC=CC=C5CCO4
751,C C ( C ) ( C ) N 1 C ( = N N = N 1 ) [C@H] ( C 2 = C C 3 = C ( C = C C ( = C 3 ) O C ) N C 2 = O ) N 4 C C C ( C C 4 ) O,1 77 114 119 147 186 257 378 392 408 461 590 647 650 695 750 781 794 806 807 835 841 875 923 935 1019 1034 1057 1114 1164 1179 1257 1265 1319 1325 1359 1364 1377 1380 1480 1536 1565 1745 1817 1854 1855 1873 1939 1972,CC(C)(C)N1C(=NN=N1)C(C2=CC3=C(N2)C=C(NC3=O)OC)N4CCC(CC4)O
752,C C ( = O ) C C C 1 = C C = C ( C = C 1 ) O C C ( = O ) N C 2 = C C ( = C ( C = C 2 ) C # N ) Cl,41 80 102 167 184 191 192 194 310 361 561 650 674 718 768 790 807 843 875 901 1045 1057 1090 1136 1152 1243 1380 1384 1452 1530 1550 1581 1683 1750 1763 1816 1887 2004,C1=CC(=CC=C1CCC(=O)NC2=CC(=PC=C2)Cl)OCC(=O)NC3=CC=C(C=C3)C#N
753,C C 1 = C ( C ( C ( = C ( N 1 ) C ) C ( = O ) O C C C C 2 = C C = C ( C = C 2 ) O C C 3 C O C ( O 3 ) ( C ) C ) C 4 = C C ( = C C = C 4 ) [N+] ( = O ) [O-] ) C ( = O ) O C,13 72 102 145 147 310 322 650 656 715 718 749 753 807 838 841 875 878 906 926 978 1005 1017 1019 1039 1045 1057 1060 1070 1120 1136 1152 1167 1195 1243 1274 1338 1380 1391 1464 1508 1610 1734 1750 1754 1809 1856 1870 1873 1917 1923 1936 1963 2011,CC1(OCC(O1)COC2=CC=C(C=C2)CCOC(=O)C3(C(=C(C(O3)COC4=CC=C(C=C4)CCC5=CC(=CC(=C5)[N+](=O)[O-])[N+](=O)[O-])C(=O)OC)C(=O)OC)C)C
754,C C 1 = C C ( = C C ( = C 1 Cl ) C ) O C 2 = N C = N C ( = C 2 N ) N ( C C O C ) C C O C,13 24 80 163 259 270 275 322 378 381 401 415 466 486 489 637 695 751 788 841 875 881 898 1005 1011 1057 1171 1391 1452 1457 1617 1683 1687 1722 1845 1951 1957 1978,CC1=CC(=CC(=C1N)C)OC2=NC=NC(=C2N)N(CCOC)CCOC
755,C 1 = C C = C ( C = C 1 ) C N 2 C = C C ( = O ) N ( C 2 = O ) C C ( = O ) N C 3 = C C = C C ( = C 3 ) C ( F ) ( F ) F,41 80 114 146 184 191 314 389 650 703 771 802 807 809 875 901 935 990 1002 1039 1066 1101 1141 1152 1199 1260 1261 1312 1380 1417 1455 1479 1522 1681 1683 1750 1754 1816 1873 1917 1928 2017,C1=CC=C(C=C1)CN2C=CC(=O)N(C2=O)CC(=O)NC3=CC=CC(=C3)C(F)(F)F
756,C C 1 = C C ( = C ( S 1 ) C ) C ( = O ) C S C 2 = N N = C ( O 2 ) C 3 = C C ( = C C = C 3 ) S ( = O ) ( = O ) N 4 C C O C C 4,80 91 103 116 162 192 199 313 319 341 350 366 378 573 575 585 650 675 736 757 800 807 891 894 935 950 979 1039 1047 1057 1088 1127 1380 1384 1393 1405 1441 1476 1480 1604 1664 1693 1729 1750 1873 1884 1917 1959 2012,CC1=C(SC(=N1)SCC(=O)C2=CC(=C(S2)C)S(=O)(=O)N3CCOCC3)C
757,N 1 ( [C@@H] ( C C = C ( [C@@H] 1 c 1 c c c c ( c 1 ) Cl ) C ( = O ) O ) c 1 c c c ( c c 1 ) F ) S ( = O ) ( = O ) c 1 c c c ( c c 1 ) C,64 158 165 216 374 389 456 471 561 592 598 620 650 699 715 800 807 875 926 935 957 979 1019 1039 1057 1095 1279 1312 1377 1427 1434 1476 1529 1663 1670 1683 1920 1928 1992,N1([C@@H](CC/C(=C\2/[C@@H]1C(=C[C@H](N2S(=O)(=O)C3=CC=C(C=C3)F)C4=CC(=CC=C4)Cl)C(=O)O)/C(=O)O)C5=CC(=CC=C5)Cl)S(=O)(=O)F
758,C C 1 = C ( C = C C ( = C 1 ) C ( = C 2 [C@@H] ( N ( C ( = O ) C 2 = O ) C C C N ( C ) C ) C 3 = C C ( = C ( C = C 3 ) O C C = C ) O C ) O ) O C,57 80 94 227 249 389 411 471 590 650 652 693 694 695 731 807 841 875 881 935 940 946 1019 1057 1130 1145 1168 1245 1250 1279 1366 1380 1391 1420 1427 1440 1452 1539 1645 1697 1722 1724 1750 1775 1803 1951 1955 1970 1981,CC1=C(C=CC(=C1)C2/C(=C(/C(N2CCN(C)C)C3=CC(=C(C=C3)OCC=C)OC)\O)/C(=C/4\C(N(C(=C4)C)CCN(C)C)C5=CC(=C(C=C5)OC)C)/O)OC
759,C 1 = C O C ( = C 1 ) C [NH2+] [C@H] ( C ( Cl ) ( Cl ) Cl ) N C ( = O ) C 2 = C C = C O 2,1 58 80 114 175 309 486 505 621 650 656 787 797 807 1060 1066 1088 1152 1180 1183 1233 1380 1466 1518 1604 1683 1750 1754 1873 1904 1926 1934,C1=COC(=C1)CN[P+](NC(=O)C2=CC=CO2)(NC(=O)C3=CC=CO3)NC(C4=CC=CO4)(Cl)Cl
760,C C C ( C 1 = N C 2 = C C = C C = C 2 C ( = O ) N 1 C 3 = C C = C ( C = C 3 ) O C ) N ( C C C O C ) C ( = O ) C 4 = C C = C ( C = C 4 ) Br,1 13 58 80 151 233 294 314 322 378 389 404 486 504 587 650 695 718 728 781 807 841 881 909 935 1005 1088 1097 1098 1135 1157 1199 1221 1357 1359 1380 1502 1524 1536 1544 1573 1583 1602 1631 1649 1697 1750 1811 1855 1861 1873 1895 1911 1993,CCC(C1=NC2=CC=CC=C2C(=O)N1C3=CC=C(C=C3)Br)N(CCCOC)C(=O)C4=CC=C(C=C4)OC
761,C C 1 = C C ( = C ( N 1 C 2 = C C = C ( C = C 2 ) F ) C ) C ( = O ) C N 3 C ( = O ) C ( N C 3 = O ) ( C ) C,58 80 90 126 233 254 287 588 699 787 807 875 878 883 935 1001 1111 1147 1274 1312 1380 1410 1504 1527 1670 1693 1722 1750 1825 1873 1917 1928 1993 2019,C1=CC=C(C=C1)N2C(=CC=C2C(=O)CN3C(=CC=C3C(=O)CN4C(=CC=C4C)C)C)C
762,C 1 C O C C N 1 C 2 = N C = C ( C = C 2 ) C ( = O ) N C C N C 3 = C ( C = C ( C = N 3 ) Cl ) Cl,80 119 197 216 217 265 324 366 378 426 486 523 527 561 635 650 708 807 926 935 950 1014 1175 1256 1370 1380 1385 1405 1407 1439 1452 1480 1517 1535 1683 1697 1750 1873 1917 1990,C1COCCN1C2=NC=C(C=C2)C(=O)NCC3=C(C=C(C=N3)Cl)Cl
763,C 1 = C C = C ( C = C 1 ) C 2 = C ( C ( = O ) C 3 = C C = C C = C 3 S 2 ) C O,13 80 222 389 461 650 736 807 837 845 876 918 1088 1160 1199 1326 1357 1380 1573 1654 1744 1750 2034,C1=CC=C(C=C1)C2=C3C=CC=CC3=C(C4=CC=CC=C42)CO
764,C O [Si] ( C C [Si] ( C C [Si] ( O C ) O C ) C C [Si] ( O C ) O C ) O C,80 255 348 597 695 841 1034 1046 1188 1466 1731,C(C[Sn](OC)(OC)OC)[Sn](CC[Sn](OC)(OC)OC)(CC[Sn](OC)(OC)OC)O[Sn](OC)(OC)OC
765,C C 1 = C 2 C ( = C ( C = C 1 ) C ) S C ( = N 2 ) N ( C C N 3 C C O C C 3 ) C ( = O ) C 4 = C C = C ( C = C 4 ) S C,15 38 116 131 162 253 378 394 523 587 650 656 675 707 783 807 881 926 935 950 964 1057 1106 1145 1221 1255 1363 1381 1385 1405 1441 1480 1482 1624 1697 1706 1722 1723 1724 1750 1849 1855 1877 1917 1951,CSC1=CC=C(C=C1)C(=O)N(CCN2CCOCC2)C3=NC4=C(S3)C5=C(C6=C4SC(=N6)N(CCN7CCOCC7)C(=O)C8=CC=C(C=C8)SC)SC(=N5)C
766,C [C@@H] 1 [C@H] ( O 1 ) / C = C / C ( = O ) O C,31 200 225 468 583 650 694 722 807 841 1019 1057 1073 1149 1152 1228 1309 1450 1917 1921,C[C@H]1[C@@H](O1)/C=C/C(=O)OC
767,C C 1 = C C ( N ( C 2 = C 1 C = C ( C = C 2 ) O C ( = O ) C N 3 C ( = O ) [C@H] 4 C C C C [C@@H] 4 C 3 = O ) C ( = O ) C N 5 C ( = O ) [C@@H] 6 C C C C [C@@H] 6 C 5 = O ) ( C ) C,5 249 285 287 322 332 352 455 535 555 556 570 588 644 695 718 807 827 879 926 935 1009 1013 1019 1057 1060 1144 1185 1274 1312 1325 1380 1386 1388 1672 1722 1729 1750 1768 1823 1873 1915 1917 1948,CC1=CC(N(C2=C1C=C(C=C2)OC(=O)CN3C(=O)C4CCC4C3=O)C(=O)CN5C(=CC(C=C5C)(C)C)C)(C)C
768,C C 1 ( C ( = C ( C 1 = O ) C 2 = C C = C C = C 2 ) O C ) O,314 326 650 695 704 736 807 990 1057 1060 1199 1274 1296 1380 1536 1582 1594 1645 1750 1825 1873 1968,CC1(C(=C2C(=C(C(C2=O)(C)C)O[Si]O)C1=O)O[Si]O)C
769,C C C ( C ) C 1 = C C = C ( C = C 1 ) N C ( = O ) C N 2 C C N ( C C 2 ) C 3 = C C = C C = C 3 O,1 41 74 191 277 283 347 502 807 843 901 926 935 1057 1077 1088 1139 1152 1199 1284 1295 1312 1365 1380 1480 1508 1544 1607 1647 1791 1816 1831 1853 1873 1917 1920 2035,CC(CC)C1=CC=C(C=C1)NC(=O)CN2CCN(CC2)CC(=O)NN3C4=CC=CC=C4O
770,C C ( C ) ( C ) C 1 C ( N = C O 1 ) C 2 = C C = C C = C 2,114 145 378 386 392 462 603 656 1047 1088 1199 1380 1407 1573 1618 1750 1810 1873 2041,C1=CC=C2C(=C1)OC3=N[Se]C=N3
771,C C ( C ) C ( C ( = O ) N C ( C ) C ( = O ) O ) N C ( = O ) C ( C C C N = C ( N ) N ) N C ( = O ) C 1 C C C N 1,1 80 117 140 144 305 362 389 507 650 689 725 739 742 798 807 837 926 978 1014 1019 1028 1057 1064 1110 1114 1118 1170 1171 1246 1325 1393 1460 1530 1736 1744 1773 1844 1911 1912 1917 1926 2004,CC(C)C(C(=O)O)NC(=O)C(CCCN=C(N)N)NC(=O)C1CCCN1
772,C C O C 1 = C C 2 = C ( C = C 1 ) N = C ( S 2 ) N C ( = O ) C N 3 C ( = O ) C 4 C C C C C 4 C 3 = O,5 69 80 162 314 317 378 385 455 493 535 557 588 650 695 718 807 875 879 885 890 961 1019 1028 1057 1097 1152 1180 1238 1284 1380 1447 1452 1501 1615 1669 1750 1816 1855 1873 1886 1917,COC1=CC2=C(C=C1)N=C(S2)NC(=O)OI
773,C C O C C O P ( = O ) ( C ) O C C O C C,13 31 80 192 294 342 438 486 650 695 892 1057 1058 1187 1649 1716 1992,CCOCCOP(=O)(C)OCCOCC
774,C C C [C@@H] ( C ( = O ) S ) N C ( = O ) C,80 101 117 245 294 650 714 736 794 798 807 1152 1153 1824 1864 1898 1917,[B-](CCC)(CCC)(CCC)C(=O)NC(C(=O)N[P+](CCC)(CCC)CCC)NC(=O)O
775,C C 1 2 C C 3 C 1 C 2 ( C C 3 O ) C,393 622 733 802 807 849 926 952 1019 1057 1257 1274 1292,C1[C@@H]2[C@H](C[C@H]([C@@H]1O)O)[C@@H]3C[C@H]([C@@H](C[C@H]3O)O)[C@@H](C2)O
776,C C O C ( = O ) [C@@] ( C ( F ) ( F ) F ) ( N C ( = O ) N C 1 = C C ( = C C = C 1 ) F ) O C 2 = C C = C C = C 2,8 37 59 70 80 114 147 184 191 230 233 294 322 548 562 650 695 699 703 807 875 883 953 1039 1057 1088 1152 1199 1238 1380 1453 1487 1600 1670 1722 1750 1771 1816 1873 1928 1989 1990,CCOC(=O)C(C(F)(F)F)(OC1=CC(=CC=C1)F)F
777,C ( C C ( = O ) N [C@@H] ( C S C C ( F ) ( F ) F ) C ( = O ) N C C ( = O ) O ) [C@@H] ( C ( = O ) O ) N,1 48 80 114 116 173 174 197 213 339 389 390 457 650 736 786 875 895 953 1093 1152 1171 1213 1307 1427 1453 1524 1564 1575 1737 1791 1844 1849 1928,C([C@@H](C(=O)O)N)SC[C@@H](C(=[NH2+])NCC(=O)O)NSCC(F)(F)F
778,C C C ( C ( = O ) N / N = C / C 1 = C C ( = C C = C 1 ) O C ) N C 2 = C C = C ( C = C 2 ) Br,78 80 191 294 309 318 322 466 573 650 694 695 725 728 807 814 818 875 1037 1039 1057 1088 1157 1536 1631 1649 1750 1867 1917 1957 1972 2033,CC[Si]OC1=CC=CC(=C1)/C=N/NC(=O)OO
779,C 1 [C@H] ( [C@H] ( [C@@H] ( [C@H] ( [C@@H] 1 O C C 2 = C C = C C = C 2 ) O C C 3 = C C = C C = C 3 ) O C C 4 = C C = C C = C 4 ) O ) O C C 5 = C C = C C = C 5,53 80 389 487 695 798 823 980 1019 1066 1199 1257 1292 1380 1487 1629 1685 1754 1802 1873 1991 1992,C1[C@H]([C@@H]([C@H]([C@@H]([C@H]1OCC2=CC=CC=C2)[Hg]COCC3=CC=CC=C3)OCC4=CC=CC=C4)[Hg]CC5=CC=CC=C5)OCC6=CC=CC=C6
780,C C 1 = C C = C ( C = C 1 ) N C ( = O ) C N C ( = O ) C N ( C 2 C C 2 ) C ( = O ) C 3 C C C C C 3,2 41 80 191 197 235 404 650 698 807 843 881 890 901 926 974 1019 1028 1057 1077 1154 1325 1348 1380 1440 1504 1715 1722 1750 1816 1823 1873 1920 1922,CC1=CC=C(C=C1)NC(=O)CNC(=O)N(CC(=O)NC2=CC=C(C=C2)C)C(=O)C3CCCCC3
781,C = C 1 C = C ( C = C C 1 O ) C ( F ) ( F ) F,84 134 360 448 547 771 807 809 1008 1019 1083 1208 1257 1366 1396 1453 1873 1928,C1=CC(=CC2=C(C=CC(C21)O)C(F)(F)F)C(F)(F)F
782,C 1 C C ( = O ) N ( C 1 ) N 2 C = C C = C 2,314 650 682 798 926 1101 1138 1182 1380 1480 1576 1738 1873 1894 2003,C1CC(=O)N(C1=O)[S+]2CCC2=O
783,C C ( C ) ( C ) O C ( = O ) N C C C ( = O ) O C C ( = O ) N C 1 = C C ( = C ( C ( = C 1 ) O C ) O C ) O C,41 80 84 114 147 167 231 249 264 282 333 363 392 650 667 677 758 807 841 875 901 1040 1057 1152 1280 1380 1386 1499 1536 1574 1599 1758 1816 1859 1873 1917 1970 2004 2030,CC(C)(C)OC(=O)NCCC(=O)OCC(=O)NC1=CC(=C(C(=C1)OC)OC)OC
784,C C 1 C C C C N 1 C C N C ( = O ) C 2 = C C ( = C C = C 2 ) O C 3 C C N ( C C 3 ) C C ( C 4 = C C = C C = C 4 ) C 5 = C C = C C = C 5,1 8 39 75 80 119 197 265 322 389 524 526 562 595 650 667 695 734 807 875 888 890 926 935 959 1019 1028 1039 1057 1145 1199 1261 1309 1325 1365 1384 1385 1480 1489 1531 1569 1581 1714 1743 1750 1873 1917 1922 1985 1998 2022,CC1CCCCN1CCC(=O)C2=CC(=CC=C2)OC3CCN(CC3)CC(C4=CC=CC=C4)C5=CC=CC=C5
785,C C ( = C C ( C ( Cl ) ( Cl ) Cl ) O C ( = O ) C C ( = O ) C ) C,1 27 69 80 114 159 175 650 694 695 745 803 807 1017 1057 1257 1386 1550 1683 1733 1852 1909 1913 1917 1986,CC(=CC(C(Cl)(Cl)Cl)OC(=O)CC(=O)C)C
786,C C 1 = C C = C C = C 1 O C C ( = O ) O C C ( = O ) N 2 C ( C C ( = N 2 ) C 3 = C C = C S 3 ) C 4 = C C ( = C ( C = C 4 ) O C ) O C,14 62 80 94 140 147 227 249 264 275 320 383 643 650 675 695 724 743 807 841 875 926 991 1009 1019 1057 1088 1245 1279 1312 1342 1380 1391 1452 1536 1567 1578 1707 1873 1917 1953 1970 1996 1999,COC1=C(C=C(C=C1)[C@@H]2C(=C(COC(=O)C(=O)OC)C=C(C2)C3=CC=CS3)OC)OC
787,C C O C 1 = C C = C ( C = C 1 ) N C ( = O ) C S C 2 = N N = C ( N 2 C 3 = C C = C ( C = C 3 ) F ) C N C ( = O ) C 4 = C C ( = C ( C = C 4 ) C ) [N+] ( = O ) [O-],1 41 58 102 116 191 197 237 265 294 311 318 322 378 384 486 526 650 695 699 715 716 747 807 813 838 843 875 901 935 980 1121 1152 1195 1238 1331 1380 1385 1391 1410 1449 1452 1506 1509 1691 1697 1722 1750 1825 1924 1928 1993,CCOC1=CC=C(C=C1)N2C(=NN=C2SCNC(=O)C3=CC(=C(C=C3)C)[N+](=O)[O-])CNC(=O)C4=CC(=C(C=C4)C)[N+](=O)[O-]
788,C [Si] ( C ) ( C ) O [C@H] ( C 1 = C C = C C = C 1 ) C ( C 2 = C C = C C = C 2 ) ( C 3 = C C = C C = C 3 ) O,1 114 378 389 590 656 695 807 1057 1088 1097 1102 1199 1380 1417 1449 1581 1873 1898 1902 2000,C[Si](C)(C)OC(C(C1=CC=CC=C1)(C2=CC=CC=C2)C3=CC=CC=C3)C(C4=CC=CC=C4)(C5=CC=CC=C5)C(C6=CC=CC=C6)O[Si](C)(C)C
789,C 1 C N ( C C N 1 C 2 = N C = C C = N 2 ) [C@H] ( C 3 = C C = C C = C 3 ) [C@H] ( C ( = O ) C 4 = C N C 5 = C C = C C = C 5 4 ) O,227 308 378 389 448 460 473 650 727 743 806 807 926 935 1114 1256 1265 1357 1365 1380 1411 1452 1480 1508 1558 1573 1581 1605 1783 1798 1849 1866 1873 1879 1917 1937 1991 2010,C1CN(CCN1C2=NC=CC=N2)C(C3=C4C=CNC4=CN3)C(C(=O)O)O
790,C N = N N ( C ) N,471 564 662 725 881 1171 1232 1260 1381 1954,C1=CC(=CC=C1C#NN(N)N(N)N)N(N)N(N)/N=N/N(N)N(N)N(N)N(N)N
791,C C N 1 C ( = O ) [C@H] 2 C C = C 3 [C@H] ( [C@H] 2 C 1 = O ) C [C@H] 4 C ( = O ) N ( C ( = O ) [C@] 4 ( [C@H] 3 C 5 = C ( C = C C ( = C 5 ) O C ( F ) ( F ) F ) O ) C 6 = C C = C C = C 6 ) N C 7 = C C = C ( C = C 7 ) C,5 36 66 72 80 114 145 191 192 207 235 255 294 314 322 389 417 532 556 588 598 695 718 739 748 772 807 875 879 909 926 935 951 1019 1027 1060 1149 1152 1184 1199 1226 1272 1292 1306 1361 1380 1406 1409 1442 1453 1457 1475 1511 1527 1574 1599 1602 1607 1695 1722 1734 1750 1781 1823 1838 1928 1970,C1C=C2C(CC3C(=O)N(C(=O)C3(C2C4=C(C=CC(=C4)OC(F)(F)F)O)C5=CC=CC=C5)NC6=CC=C(C=C6)C)C7C1C(=O)N(C7=O)CC
792,n 1 ( c 2 c ( c 3 c 1 c c c ( O C ( = O ) N 1 C C N ( C C 1 ) C ) c 3 ) c c 1 c ( c 2 C ) c c n c 1 C ( = O ) N C C N ( C ) C ) C,8 22 45 59 60 80 156 178 197 207 322 486 490 576 650 652 693 704 718 787 807 875 881 899 926 1074 1152 1163 1236 1277 1350 1380 1452 1460 1480 1514 1589 1722 1726 1729 1750 1951 2009 2021 2030,C1CN(CCN1C(=C2C=CC(=C2)OCNN(C)C)N3CCN(CC3)C(=C4C=CN=C4C(=O)NCCN(C)C)N5CC5)N(C)C
793,C C # C C C C C ( = O ) N C 1 = C C ( = C C = C 1 ) O C,41 151 184 191 322 351 413 674 695 703 781 807 841 875 888 901 1057 1088 1152 1271 1410 1536 1561 1564 1642 1718 1911 1972,CC#CCCCC(=O)NC1=CC(=CC=C1)OC
794,C C 1 = C C ( = C 2 C ( = C 1 ) O C 3 = C ( C 2 = O ) C ( N ( C 3 = O ) C C C 4 = C C = C ( C = C 4 ) O C ) C 5 = C C ( = C ( C = C 5 ) O C C 6 = C C = C C = C 6 ) O C ) C,94 107 161 202 204 249 310 314 322 343 389 411 471 525 638 650 656 695 718 745 781 831 841 875 879 897 1019 1045 1066 1088 1130 1145 1199 1218 1226 1245 1302 1391 1427 1452 1604 1648 1706 1754 1775 1798 1803 1808 1823 1828 1873 1953 1984 2028 2042,C1=CC(=C2C(=C1)OC3=C(C2=O)C(N(C3=O)CCC4=CC=C(C=C4)OC)C5=CC(=C(C=C5)OCC6=CC=CC=C6)OC)C
795,C = C 1 C C 2 C C ( C 1 C 2 ) C Br,80 114 115 226 231 251 455 498 728 766 926 1019 1163 1245 1292 1323 1366 1380 1446 1608 1990,C1C2CC(C1CBr)C(=C3CC4CC(C3C4)CBr)C2
796,C N ( C 1 = C C = C C = C 1 C ( = O ) O C ) C 2 = N C = N C ( = C 2 [N+] ( = O ) [O-] ) N C 3 = C C = N C = C 3,81 145 191 259 310 378 383 489 491 695 708 715 753 788 807 817 841 881 888 904 906 936 1057 1088 1146 1152 1163 1181 1199 1208 1362 1367 1380 1524 1603 1719 1810 1873 1917 1946 1963 1991 2018 2037,CN(C1=CC=CC=C1C(=O)OC)C2=NC=NC(=C2[N+](=O)[O-])NC3=CC=NC=C3
797,C C 1 = C ( C ( N 2 C ( = O ) / C ( = C \ C 3 = C C ( = C ( C = C 3 ) Cl ) Cl ) / S C 2 = N 1 ) C 4 = C C = C S 4 ) C ( = O ) O C C 5 = C C = C C = C 5,14 25 125 145 147 162 177 241 281 366 378 383 389 415 504 561 649 660 666 675 694 723 745 807 844 927 935 1019 1088 1169 1199 1268 1321 1380 1402 1427 1487 1512 1554 1567 1581 1683 1730 1750 1796 1873 1876 1914 1917 2042,C1=CC=C(C=C1)COC(=O)C2=C(N=C3N(C2C4=CC=CS4)C(=CC5=CC(=C(C=C5)Cl)Cl)S3)C
798,C O C 1 = C C = C ( C = C 1 ) C ( = O ) N C 2 = C C = C ( C = C 2 ) N 3 C C C N ( C 3 = O ) C C 4 = C C = C ( C = C 4 ) F,80 90 92 191 215 310 314 322 374 541 650 695 699 718 781 841 843 926 935 1028 1077 1083 1123 1152 1380 1385 1395 1410 1457 1480 1536 1670 1697 1765 1795 1825 1845 1917 1978,C1CN(C(=O)N(C1)C2=CC=C(C=C2)C(=O)NC3=CC=C(C=C3)OC)CC4=CC=C(C=C4)F
799,C 1 C C 1 C ( = O ) N C 2 = N N 3 C = C C = C ( C 3 = N 2 ) C 4 = C C = C ( C = C 4 ) C C C # N,80 222 244 310 352 455 495 674 689 696 785 790 807 898 984 1019 1027 1045 1089 1101 1152 1160 1243 1275 1325 1380 1384 1418 1550 1582 1734 1754 1807 1816 1835 1855 1873 1917 1934 1956,C1CC2C(C1C3=C2C=CN4C3=NC(=N4)NC(=O)C5C6CCC5C7=C6C=CN(C=C7)CCC#N)C(=O)NC8=NN9C=CC2=CC=C(C=C2C=C8)CCC#N
800,C C 1 = C N 2 C ( = N C ( = C C 2 = O ) C O C ( = O ) C 3 = C N = C C = C 3 ) C = C 1,80 145 147 202 235 314 378 437 464 650 653 695 724 745 747 794 807 875 935 1043 1057 1141 1275 1276 1319 1380 1385 1522 1535 1603 1722 1750 1823 1855 1866 1873 1905 1917 1962 1969 1983 1985,CC1=CN2C(=O)C=C(N=C2C=C1)COC(=O)C3=CN=CC=C3
801,C C 1 = C C ( = N O 1 ) C [NH+] 2 C C N ( C C 2 ) S ( = O ) ( = O ) C 3 = C ( C = C C = C 3 F ) F,80 248 350 366 378 650 699 716 724 800 867 875 935 1021 1032 1039 1057 1064 1183 1184 1303 1380 1398 1458 1480 1542 1562 1690 1722 1729 1742 1750 1840 1873 1876 1926,CC1=CC(=NO1)C[NH+]2CCN(CC2)S(=O)(=O)C3=C(C=CC=C3F)F
802,C C C ( / C = C / C ) F,1 80 294 365 694 844 1023 1050 1057 1312 1494 1544 1624 1625 1928,CCC(/C=C/C(/C=C/C(CC)F)F)F
803,C 1 = C C ( = C ( C = C 1 Cl ) Cl ) / C ( = N / O ) / C [NH3+],17 80 165 209 216 343 366 397 441 807 875 1050 1069 1147 1209 1281 1380 1750 1873 1991,C1=CC(=C(C=C1Cl)Cl)/C(=C(/C[NH3+])\[NH3+])/C[NH3+]
804,C C C C C C C C C C C C [N+] 1 = C ( C = C ( C = C 1 C C C C C C C C C C ) C ) C,80 294 591 663 727 794 875 896 957 1057 1143 1184 1221 1243 1380 1417 1424 1444 1679 1722 1911 1912 2018,CCCCCCCCCCCCCCCCCCCCCCCCCCCCCCCCCCCCCCCCCCCCCCCCCCCCCCCCCCCCCCCCCCCCCC
805,C C 1 = C C ( = C 2 C ( = C 1 ) O / C ( = C / C 3 = C C = C ( C = C 3 ) O C ) / C 2 = O ) C,25 48 204 221 281 314 322 615 650 656 695 718 781 831 841 875 888 1127 1380 1391 1476 1503 1536 1722 1747 1750 1773 1810 1850 1873 1905 1949 2033,C1=CC(=CC=C1/C=C\2/C(=O)C3=C(O2)C=C(C=C3C)OC)OC
806,C C 1 = C C = C ( C = C 1 ) C 2 = C C = C ( O 2 ) C = C C ( = O ) C 3 = C C ( = C C = C 3 ) [N+] ( = O ) [O-],12 256 270 650 656 694 807 835 838 865 896 937 1039 1057 1088 1122 1160 1195 1380 1385 1604 1610 1667 1750 1794 1809 1817 1823 1873 1917 1919 1920 1937 1940 1963,C1=CC(=CC=C1)C2=CC=C(O2)/C=C/C(=O)C3=CC(=CC=C3)[N+](=O)[O-]
807,C 1 C C N ( C C 1 ) C 2 = N C 3 = C ( C = C C = C 3 [N+] ( = O ) [O-] ) C = C 2,61 134 164 203 378 407 449 527 635 650 680 715 716 753 926 935 1028 1087 1088 1175 1195 1380 1480 1604 1680 1724 1750 1855 1873 1998,C1CCN(C1)C2=NC3=C(C=CC4=C3N=C(C=C4)N5CCCC5)C=C2
808,C C ( C ) O C ( = O ) C 1 = C C ( = C C = C 1 ) O C ( = O ) C 2 = C C = C ( C = C 2 ) F,1 69 145 283 322 555 585 606 650 695 699 807 866 875 878 1057 1384 1385 1697 1729 1750 1845 1873 1917 1928 1978 1985,CC(C)OC(=O)C1=CC=C(C=C1)C(=O)OC2=CC(=CC(=C2)C(=O)OC3=CC=CC(=C3)C(=O)OC(C)C)C(=O)OC(C)C
809,C 1 C c 2 c ( C 3 N 1 C c 1 c ( C 3 ) c ( c c ( c 1 O C C C C C C C C ) O C ) / C = C ( / n 1 c ( n c ( c 1 ) [N+] ( = O ) [O-] ) C ) \ C # N ) c c 1 c ( c 2 ) O C O 1,13 80 231 249 307 333 361 378 431 441 464 494 591 634 650 656 691 695 715 753 794 807 838 917 926 935 961 1012 1019 1027 1057 1104 1132 1134 1143 1148 1195 1249 1293 1312 1349 1351 1352 1380 1384 1444 1452 1480 1502 1536 1550 1630 1722 1738 1746 1800 1809 1815 1855 1863 1873 1888 1892 1905 1946 1963,CCCCCCOC1=C(C=C(C2=C1CC3C4=CC5=C(C=C4CCN3C2)OCO5)OCCCCCC)OC
810,C C 1 = C C ( = C C = C 1 ) N 2 C ( = C ( N = N 2 ) C ( = O ) N C 3 = C C = C ( C = C 3 ) C ( = O ) C ) N,160 277 378 486 490 617 650 807 819 935 1013 1039 1057 1071 1077 1106 1164 1171 1357 1380 1385 1457 1468 1563 1697 1722 1739 1816 1820 1823 1852 1917,CC1=CN2C(=C(N=NC2=C1)C(=O)NC3=CC=C(C=C3)C(=O)C)N
811,C C O C ( = O ) C 1 = C ( O C ( = C ( [C@H] 1 C 2 = C C ( = C ( S 2 ) C ) Br ) C # N ) N ) C,46 80 105 112 145 147 177 207 217 239 249 346 599 656 674 675 695 759 790 807 833 875 931 1019 1057 1104 1136 1171 1238 1281 1302 1321 1384 1457 1485 1810 1873 1917,COOC(=O)C1=C(OC(=C(C1C2=CC(=C(C=C2SOCC)OC(=O)C3=C(OC(=C(C3C4=CC(=C(S4)N)C#N)C#N)N)N)C#N)C#N)N)N
812,C C 1 = C ( O C 2 = C 1 C = C ( C = C 2 ) O C ) C ( = O ) O C C 3 = C C = C C 4 = C C = C C = C 4 3,60 145 147 224 252 322 368 638 649 695 722 745 781 790 807 841 853 875 1039 1057 1087 1088 1104 1199 1357 1380 1536 1591 1597 1808 1810 1855 1873 1917 1972,COC1=CC2=C(C=C1)OC(=C2COC(=O)C3=CC=CC4=CC=CC=C43)C(=O)OCC5=CC=CC6=CC=CC=C65
813,C C 1 = C ( C 2 = C ( S 1 ) [C@@H] ( C ( = C ( O 2 ) N ) C # N ) C 3 = C C = C ( C = C 3 ) O C ) C ( = O ) O C,46 145 162 217 239 313 322 346 461 586 599 604 650 656 675 695 718 723 781 790 807 841 906 961 1019 1057 1136 1152 1171 1294 1384 1411 1457 1530 1722 1750 1810 1873,CC1=C(C2=C(S1)C(C(=C(O2)N)C#N)C3=C(C(=C(S3)C)C(=O)OC)C(=O)OC)C(=O)OC
814,C C C C C C C C C C C C C C C C C C O C ( = O ) C C C 1 = C C ( = C ( C ( = C 1 ) C ( C ) ( C ) C ) O P ( O ) O C ( C ( F ) ( F ) F ) ( F ) F ) C ( C ) ( C ) C,5 45 59 126 147 191 294 333 392 419 591 677 695 753 794 875 892 1034 1057 1090 1143 1213 1311 1339 1380 1382 1386 1444 1507 1559 1564 1697 1734 1754 1783 1873 1917 1928,CCCCCCCCCCCCCCCCCC(=O)OCCC1=CC(=C(C(=C1)C(C)(C)C)OP(O)OC2=C(C=C(C=C2C(C)(C)C)CCC(=O)OCCCC)C(C)(C)C)C(C)(C)C
815,C C 1 = C ( C = N N 1 C ) C N 2 C C C C ( C 2 ) C ( = O ) C 3 = C ( C = C ( C = C 3 ) O C ) O C,43 67 80 88 236 267 322 378 446 650 695 718 739 781 807 812 841 875 926 935 1019 1028 1057 1095 1105 1145 1205 1254 1325 1349 1380 1422 1480 1535 1536 1560 1722 1750 1765 1791 1792 1873 1972 1991 2045,CN1C(=C(C=N1)CN2CCCC(C2)OC)OC
816,C C ( C ( = O ) N C C O ) Br,1 33 80 190 197 222 248 473 573 650 667 728 807 1057 1112 1152 1167 1194,C(CO)NC(=O)C(C(=O)NCCO)Br
817,C C 1 C C C C ( C 1 ) N C ( = O ) C 2 C S C N 2,242 387 428 650 662 675 689 693 719 750 926 1019 1028 1057 1141 1148 1292 1309 1342 1507 1634 1736 1828 1883 1917,[B]C1CC(CCC1)C(=O)C2CSCS2
818,C [C@@H] ( C ( = O ) N ( C C C # N ) C 1 = C C = C C = C 1 ) S C 2 = N N = C ( O 2 ) C 3 = C C = C ( C = C 3 ) O C,1 80 89 192 288 317 322 378 413 460 650 656 674 696 718 741 783 787 790 807 841 868 881 891 896 1001 1047 1057 1089 1160 1162 1199 1394 1507 1536 1604 1750 1873 1884 1917 1951,COC1=CC=C(C=C1)C2=NN=C(O2)N(CCC#N)C(=O)C(C3=CN=C(O3)C4=CC=C(C=C4)OC)C(=O)N(CCC#N)C5=CC=CC=C5
819,C 1 C N ( C C C 1 C ( = O ) N C 2 = C C ( = C ( C = C 2 ) O C ( F ) F ) Cl ) C ( = O ) C 3 = C C = C S 3,1 14 191 241 263 366 419 650 652 664 675 695 723 785 807 843 875 915 926 942 974 1019 1050 1110 1137 1152 1154 1275 1325 1380 1456 1504 1581 1683 1725 1750 1816 1837 1917 1970,C1CC1C(=O)NC2=CC(=C(C=C2)OC(F)F)Cl
820,C N ( C ) C C C N S ( = O ) ( = O ) C 1 = C ( C = C C ( = C 1 ) N 2 C ( = O ) C C C C 2 = O ) O C,19 80 94 233 292 314 350 392 473 558 652 667 693 695 732 798 841 875 877 881 892 926 935 1028 1057 1152 1158 1163 1380 1476 1536 1626 1686 1738 1750 1825 1886 1911 1951 1953 1970,CN(C)CCCNS(=O)(=O)C1=C(C=CC(=C1)N2C(=O)CCCC2=O)OC
821,C C 1 = C ( C = C ( C = C 1 ) C ( = O ) O [C@H] ( C ) C ( = O ) N ) S ( = O ) ( = O ) N C 2 = C C = C ( C = C 2 ) F,1 69 90 110 191 350 392 469 502 650 695 699 743 807 843 875 1057 1171 1212 1270 1380 1385 1391 1410 1476 1490 1506 1527 1530 1670 1691 1697 1722 1750 1766 1917 1928,CC1=C(C=C(C=C1)C(=O)[P+](N)(NC2=CC=C(C=C2)F)OC(=O)C3=CC(=C(C=C3)C)S(=O)(=O)NC4=CC=C(C=C4)F)S(=O)(=O)NON
822,C C 1 = C ( C = C C ( = C 1 ) I ) N C = C [N+] ( = O ) [O-],28 48 174 650 661 880 947 1057 1146 1152 1257 1297 1380 1384 1442 1479 1494 1722 1750 1873,C[C]1[CH]C=C(C=C1)NC#N
823,C 1 [C@@H] ( C [C@H] 2 [C@H] ( C 1 ) [C@@] 1 ( [C@@H] ( C O C 1 = O ) [C@@H] 1 [C@H] 2 O 1 ) C ) C,221 239 314 441 452 519 542 562 622 656 837 926 1019 1044 1057 1060 1135 1148 1210 1274 1309 1325 1361 1380 1456 1508 1631 1818 1921,C[C@@H]1CC[C@@H]2[C@@H](C1)[C@@H]3O[C@@H]4[C@@H]5CC[C@H]([C@@]5(C(=O)OC4)C)[C@@H]([C@H]4O3)OC(=O)[C@@]2(C)C6CCC(CC6)C
824,C [C@] 1 2 C C = C 3 [C@H] ( [C@@H] 1 C C C 2 4 O C C O 4 ) C C = C 5 [C@@] 3 ( C C C 6 ( C 5 ) O C C O 6 ) C C S C ( F ) F,1 75 80 90 116 348 430 504 519 529 532 656 665 781 795 867 940 950 1017 1050 1060 1128 1153 1162 1182 1223 1274 1325 1346 1380 1472 1545 1594 1605 1645 1657 1686 1695 1718 1757 1873 1924 1928,C1CC2(CC3=C1C(C4(C3)OCCO4)(CCSC(F)F)C(F)F)OCCO2
825,C C 1 = C C = C ( C = C 1 ) C N C ( = O ) [C@@H] ( C ) S C 2 = N N = C ( N 2 N ) C 3 = C C ( = C C = C 3 ) F,1 112 116 197 230 233 235 240 255 257 283 310 378 573 638 650 736 747 807 935 1034 1036 1039 1055 1057 1088 1152 1162 1164 1171 1376 1449 1487 1507 1573 1670 1722 1750 1754 1823 1873 1920,CC1=CC=C(C=C1)CNC(=O)[C@@H](C)SC2=NN=C(N2N)C3=CC(=CC=C3)F
826,C C C C C ( N ) N 1 C C C C C 1,1 2 80 294 591 739 903 926 1028 1171 1249 1265 1324 1328 1339 1480,CCCCC(N1CCCCC1)N2CCN(CC2)C(N3CCCCC3)N4CCCCC4
827,C C O P ( = O ) ( C ( C ) C C ( = O ) N C ( C ) C 1 = C C = C C = C 1 ) O C C,1 80 117 192 283 294 304 353 389 552 650 695 734 807 1057 1088 1152 1199 1203 1238 1290 1380 1389 1527 1581 1627 1695 1750 1873 1917 1929 1995,CCOP(=O)(C(CC(=O)N[C@H](C)C1=CC=CC=C1)P(=O)(OCC)OCC)OCC
828,C 1 [C@H] ( N ( C ( = O ) O 1 ) C ( = O ) [C@] 2 ( C = C 2 C 3 = C C = C C = C 3 ) C 4 = C C = C C = C 4 ) C 5 = C C = C ( C = C 5 ) O,296 314 389 441 556 582 644 650 772 807 926 935 987 1002 1019 1055 1060 1088 1160 1279 1312 1313 1316 1377 1380 1458 1514 1602 1660 1750 1778 1803 1917 1923 2000,C1C(N(C(CO1)C2=CC=C(C=C2)O)C(=O)C3(C=C4C(=O)OCC(N4C3(C5=CC=CC=C5)C6=CC=CC=C6)C7=CC=C(C=C7)O)C8=CC=CC=C8)C9=CC=C(C=C9)O
829,C C C 1 = C C = C C = C 1 N C ( = O ) C 2 = C C = C C = C 2 S C C,80 116 165 294 341 377 403 486 610 650 847 947 1025 1057 1144 1152 1199 1224 1349 1379 1623 1696 1750 1873 1917 1991,CCSC1=CC=CC=C1NC(=O)C2=C(C=CC(=C2SCC)SCC)SCC
830,C O C 1 = C C 2 = C ( [C@H] ( C [NH2+] C 2 ) O ) C ( = C 1 ) O,56 219 251 322 658 695 781 807 841 875 926 1057 1218 1233 1236 1321 1333 1510 1536 1602 1607 1648 1685 1724 1873 1902,COC1=CC2=C(C[NH2+]C2)C(=C1)O
831,C C C [C@@H] ( C ( = O ) C ( = O ) N C 1 C C 1 ) N C ( = O ) [C@@H] 2 C [C@] 3 ( C C ( = N O 3 ) C 4 = C C 5 = C ( C = C 4 ) O C C O 5 ) C N 2 C ( = O ) [C@H] ( C ( C ) ( C ) C ) N C ( = O ) O [C@H] 6 C C O C 6,1 9 32 68 80 101 108 114 117 119 139 143 145 160 242 294 387 392 422 441 458 521 523 531 602 611 650 656 684 689 716 738 739 800 810 824 837 847 896 926 935 938 940 950 1019 1035 1057 1060 1117 1126 1135 1152 1160 1210 1234 1325 1330 1432 1482 1507 1529 1634 1655 1750 1758 1773 1860 1873 1905 1917 1984 2030,CC(C)(C)[C@@H](C(=O)N1CC2(C[C@H]1C(=O)N[C@@H](CCC(=O)CC)C(=O)C(=O)NC3CC3)CCOCCOC2)NC(=O)OC4CCOC4
832,C C C C C C C O C 1 = C ( C = C ( C = C 1 ) C 2 C 3 = C ( C = C ( C = C 3 ) O C ( = O ) C 4 = C C ( = C ( C ( = C 4 ) Cl ) O C ) Cl ) O C ( = C 2 C # N ) N ) O C,46 80 94 145 212 227 239 322 333 346 347 366 395 411 555 561 591 599 650 656 674 695 718 790 794 807 808 841 871 919 1010 1019 1027 1039 1057 1136 1171 1245 1249 1279 1327 1380 1384 1385 1444 1452 1457 1518 1536 1683 1729 1750 1803 1810 1873 1903 1905 1970 2045,CCCCCOC1=C(C=C(C=C1)C2C3=C(C=C(C=C3)OC(=O)C4=CC(=C(C(=C4)Cl)OC)Cl)OC(=C2C#N)N)OC
833,C C ( C ) C ( C ) O [Si] ( C ) ( C ) C,1 283 336 378 656 695 883 1057 1535 1773 1898 1902,CC(C)C(O[Si](C)(C)C)[Si](C)(C)OC(C(C)C)[Si](C)(C)C([Si](C)(C)C)[Si](C)(C)C
834,C [C@H] 1 [C@H] ( O [C@H] ( O [C@H] 1 C 2 = C C = C ( C = C 2 ) C O ) C 3 = C C = C ( C = C 3 ) C 4 = C C = C C ( = C 4 ) C N S ( = O ) ( = O ) C 5 = C C = C C = C 5 ) C N ( C ) C C 6 = C C = C C = C 6,29 58 80 97 217 222 255 310 317 319 350 389 502 507 575 610 646 656 785 807 834 875 881 896 957 1019 1039 1057 1066 1073 1080 1088 1147 1160 1199 1236 1309 1380 1476 1534 1538 1626 1640 1750 1754 1779 1803 1825 1873 1885 1921 1964 1978 1983 2007,CC1C(OC(OC1C2=CC=C(C=C2)CO)C3=CC=C(C=C3)C4=CC=CC(=C4)CNS(=O)(=O)C5=CC=CC=C5)CN(C)CC6=CC=CC=C6
835,C C ( C ) ( C ) C ( = O ) N 1 C C N ( C C 1 ) S ( = O ) ( = O ) C 2 = C ( C = C 3 C ( = C 2 ) O C C ( = O ) N 3 ) Cl,25 114 145 270 314 366 392 441 656 690 800 801 802 807 875 935 971 1057 1060 1114 1380 1476 1480 1575 1646 1683 1708 1774 1880 1905 1917 1937 2009,CC(C)(C)C(=O)N1CCN(CC1)C(=O)C(C)(C)C2=CC3=C(C=C2Cl)OCC(=O)N3
836,C C ( C ) C O C 1 = C C = C C = C 1 C ( = O ) N C 2 = C C = C ( C = C 2 ) N C ( = O ) C 3 = C C = C C = C 3 O C C ( C ) C,1 80 118 191 254 283 486 500 695 807 843 847 1077 1088 1152 1380 1400 1410 1447 1452 1750 1816 1847 1873 1917 1970 1978 1991,C1=CC=C(C(=C1)C(=O)NC2=CC=C(C=C2)NC(=O)C3=CC=CC=C3OCC(C)C)OCC(C)C
837,C C 1 = C C = C C = C 1 N C ( = O ) C O C ( = O ) C 2 = C C = C C = C 2 N C ( = O ) C 3 = C C = C O 3,41 58 80 145 147 167 486 621 650 656 658 695 745 787 807 947 1041 1057 1066 1199 1224 1233 1297 1380 1391 1447 1499 1696 1750 1754 1816 1873 1917 1926 1999 2004,CC1=CC=CC=C1NC(=O)COC(=O)C2=CC=CO2
838,C C C ( C ) C 1 = C C = C ( C = C 1 ) O C C ( = O ) N / N = C / C 2 = C C = C ( C = C 2 ) O C ( = O ) C 3 = C ( C = C ( C = C 3 ) Cl ) Cl,1 41 80 145 192 216 270 283 294 309 318 322 347 366 502 650 694 718 725 807 816 866 875 924 1057 1139 1147 1152 1209 1288 1308 1365 1446 1452 1544 1683 1729 1750 1853 1873 1876 1887 1917 2033,CCC(C)C1=CC=C(C=C1)OC(=O)C/C(=N/NC(=O)CC(=O)N/N=C/C2=C(C=C(C=C2)Cl)Cl)/Cl
839,C C 1 C N ( C C ( O 1 ) C ) S ( = O ) ( = O ) C 2 = C C = C ( C = C 2 ) C ( = O ) N ( C C N 3 C C O C C 3 ) C 4 = N C 5 = C ( S 4 ) C = C C = C 5 S ( = O ) ( = O ) C,38 80 119 162 206 253 319 350 374 378 392 585 587 650 656 675 715 739 757 783 800 807 881 885 935 950 964 1019 1039 1088 1106 1123 1145 1221 1276 1309 1380 1405 1441 1442 1476 1480 1482 1697 1706 1724 1750 1791 1849 1854 1855 1873 1877 1917,C1COCCN1CCN(C2=NC3=C(S2)C=CC=C3S(=O)(=O)C)C(=O)C4=CC=C(C=C4)S(=O)(=O)N5CC(OC(C5)C)C
840,C N 1 C ( = O ) C 2 ( C C 3 C 4 C ( C C = C 3 C ( C 2 ( C 1 = O ) Cl ) C 5 = C C ( = C ( C = C 5 ) O C ) O ) C ( = O ) N ( C 4 = O ) C C C C ( = O ) O ) Cl,5 40 80 129 192 249 255 314 316 389 455 520 522 532 588 650 679 695 741 748 772 841 875 879 926 935 1019 1057 1060 1145 1156 1287 1306 1380 1387 1406 1457 1470 1511 1564 1602 1607 1683 1695 1737 1750 1781 1803 1832 1873 1877 1917 1947 1970 2045,COC1=C(C=C(C(=C1)O)C2C3=CCC4C(C3CC5(C2(C(=O)N(C5=O)CCC(=O)O)Cl)Cl)C(=O)N(C4=O)CCC(=O)O)O
841,C C ( C N C ( = O ) C C C 1 = C C = C ( C = C 1 ) S ( = O ) ( = O ) N ) N 2 C C C 3 = C ( C 2 ) C = C S 3,1 41 42 80 117 197 283 350 481 585 650 715 807 842 847 926 1057 1090 1117 1152 1171 1197 1236 1265 1357 1380 1476 1477 1480 1489 1589 1607 1721 1750 1754 1873 1917,CC(NC(=O)CCS(=O)(=O)N)N1CCN(CC1)S(=O)(=O)N
842,C C ( C ) ( C ) C 1 = C C ( = C ( C ( = C 1 ) C ( C ) ( C ) C ) P = C ( C C 2 = C C = C C = C 2 ) C 3 = C C = C C = C 3 ) C ( C ) ( C ) C,33 80 114 283 325 389 392 419 658 689 807 875 913 1018 1066 1088 1165 1339 1385 1415 1417 1750 1754 1781 1923 1928 1947 1985,C1=CC=C(C=C1)C/C(=P/C2=C(C=C(C=C2C(C)(C)C)C(C)(C)C)C(C)(C)C)/C3=CC(=CC=C3)C(=PC4=C(C=C(C=C4C(C)(C)C)C(C)(C)C)C(C)(C)C)C
843,C C C C C 1 = C C = C ( C = C 1 ) C 2 = C C = C ( C = C 2 ) C C C 3 = C C = C ( C = C 3 ) O C ( F ) F,1 80 294 310 322 499 591 664 695 718 723 794 968 975 1045 1057 1160 1380 1456 1750 1911 1964,CCCCC1=CC=C(C=C1)C2=CC=C(C=C2)OC(OC3=CC=C(C=C3)CCC4=CC=C(C=C4)OC(OC5=CC=C(C=C5)CCCC)OC6=CC=C(C=C6)CCCC)OCCCC
844,C N ( C ) C N 1 C = C N = C 1 C 2 = C C = C ( C = C 2 ) N 3 C C C 4 = C ( C 3 ) N ( N = C 4 C ( F ) ( F ) F ) C 5 = C C = C ( C = C 5 ) O C,38 80 83 114 233 322 361 378 387 407 490 530 598 652 695 718 781 786 809 831 841 896 910 926 935 1034 1044 1070 1101 1160 1163 1218 1404 1405 1422 1440 1452 1453 1455 1480 1536 1722 1738 1750 1812 1825 1852 1866 1873 1892 1928 1956 1965 2000 2011,C1CN(CCC2=C1C(=NN2C3=CC=C(C=C3)OC)C(F)(F)F)C4=CC=C(C=C4)C5=NC=CN5CN(C)C
845,C C C C C C C C C C C C C ( C ( = O ) O ) C ( C C ( = O ) O ) ( C ( = O ) O ) O,1 114 202 294 389 591 650 710 733 739 794 807 1057 1061 1143 1283 1356 1419 1648 1737 1844 1917 1977,CCCCCCCCCCCCCCCCCCCCCCCCCCCCCCCCCC(C(=O)O)C(CC(=O)O)(C(=O)O)C(CC(=O)O)(C(=O)O)C(=O)O
846,C C C 1 = C C = C ( C = C 1 ) C 2 = N N = C ( C = C 2 ) N 3 C C N ( C C 3 ) C ( = O ) C O C 4 = C ( C = C C ( = C 4 ) C ) C ( C ) C,1 80 121 145 222 235 237 283 294 378 463 527 598 625 650 760 805 807 875 896 926 935 980 1009 1013 1018 1057 1110 1115 1160 1164 1187 1380 1480 1508 1589 1722 1754 1799 1823 1873 1917 1964 1970 1971 1986 2004 2009,CCC1=CC=C(C=C1)C2=NN=C(C=C2)C3=NN=C(C=C3C(C)C)C4=CC=C(C=C4)C5=CC=C(C=C5)CC
847,C C 1 = C C ( = C C ( = C 1 Br ) C ) O C ( = O ) C 2 = C C 3 = C ( S 2 ) N ( N = C 3 C 4 = C C = C ( C = C 4 ) Cl ) C,162 216 322 323 373 378 392 419 471 499 561 582 597 650 675 695 728 749 807 816 866 872 875 878 896 935 1049 1057 1070 1105 1123 1145 1160 1212 1391 1458 1631 1683 1722 1729 1750 1873 1917 1956 1988,CC1=C(SC(=C1)C(=O)OC2=CC(=C(C(=C2)C)Br)C)N3C(=C(C(=N3)C4=CC=C(C=C4)Cl)Br)Br
848,O c 1 c c ( c [nH] c 1 = O ) S C c 1 c n c c n 1,80 89 116 190 295 314 378 650 724 750 781 806 811 875 887 953 1071 1093 1114 1125 1153 1347 1380 1384 1452 1535 1586 1602 1603 1607 1706 1873 1879,C1=CN=CC(=N1)CSCC2=CNC(=O)C(=C2)O
849,C C 1 = C C = C ( C = C 1 ) C O C 2 = C ( C = C ( C = C 2 Br ) / C = C \ 3 / C ( = O ) O C ( = N 3 ) C 4 = C ( C ( = C C = C 4 ) [N+] ( = O ) [O-] ) C ) Br,80 107 164 235 281 309 310 314 328 333 352 378 420 650 656 694 695 707 715 716 728 753 833 838 848 927 984 1039 1057 1088 1132 1156 1195 1380 1441 1448 1452 1617 1631 1683 1722 1750 1754 1810 1823 1920 1963 2009 2033 2042,CC1=CC=C(C=C1)COC2=C(C=CC=C2[N+](=O)[O-])C3=N/C(=C\C4=CC(=C(C=C4)Br)Br)/C(=O)O3
850,C C 1 = N N ( C 2 = C 1 C = C ( S 2 ) C ( = O ) N C 3 = N C ( = C S 3 ) C 4 = C C = C S 4 ) C 5 = C C = C C = C 5,14 62 72 92 117 162 241 373 378 383 385 389 419 486 552 650 675 702 749 980 1049 1056 1057 1123 1152 1214 1339 1342 1357 1380 1422 1567 1722 1750 1816 1825 1830 1852 1855 1873 1932 1956,CC1=NN(C2=C1C=C(S2)C(=O)NC3=NC(=CS3)C4=CC=CS4)C5=CC=CC=C5
851,C C C 1 = C C ( = C C = C 1 ) N C 2 = N C ( = C ( C = C 2 ) [N+] ( = O ) [O-] ) O C,34 80 145 191 211 294 356 378 395 695 715 716 753 838 875 1039 1066 1099 1152 1195 1348 1368 1380 1536 1754 1799 1842 1849 1855 1873 1963,CCC1=CC(=CC=C1)NOC2=C(C=CC(=N2)NOC3=C(C=CC(=N3)NOC4=CC=CC(=C4)CC)[N+](=O)[O-])[N+](=O)[O-]
852,C C ( C C ( = O ) O ) N C ( = O ) C 1 = C ( C = C C ( = C 1 ) F ) F,1 46 80 117 216 283 389 486 650 807 839 875 1057 1141 1152 1290 1380 1395 1487 1670 1681 1750 1840 1873 1896 1917 1991 2018,CC(CC(=O)O)NC(=O)C1=C(C=CC(=C1)F)F
853,C C 1 = C C ( = C C = C 1 ) P ( = O ) ( C 2 = C ( N C 3 = C 2 C = C ( C = C 3 ) Cl ) C ( = O ) N ) O C,119 140 165 192 216 230 309 342 466 507 561 601 650 695 701 757 807 816 841 875 1013 1039 1050 1055 1088 1114 1171 1184 1245 1282 1299 1357 1380 1683 1722 1745 1750 1823 1873 1917 1939,C1=CC(=CC(=C1)P(=O)(C2=C(NC3=C2C=C(C=C3)Cl)C(=O)N)OC)C
854,C C ( C ) [C@] ( C ) ( C # N ) N C ( = O ) C N C 1 = C C = C C = C 1 N 2 C C C C C 2,2 41 80 114 162 231 283 354 392 482 642 650 674 680 790 807 848 935 985 1028 1057 1088 1152 1295 1317 1380 1384 1431 1440 1480 1647 1669 1696 1750 1778 1873 1998,CC(C)C(C)(C#N)NC(=O)CNN1CCCCC1
855,C C ( = O ) c 1 c c c ( Cl ) c ( Cl ) c 1 O C C ( = O ) N ( C ) C,67 398 650 666 695 807 881 1011 1017 1057 1163 1238 1380 1435 1452 1653 1683 1750 1820 1873 1917 1957 1967 1978 1991 2004,CC(=O)C1=C(C(=C(C=C1)C(=O)C)OCC(=O)N(C)C)OCC(=O)N(C)C
856,C 1 C C C ( C 1 ) [NH2+] [C@@H] 2 C C ( = O ) N ( C 2 = O ) C 3 = C C = C ( C = C 3 ) N 4 C ( = O ) C [C@@H] ( C 4 = O ) [NH2+] C 5 C C C C 5,5 233 314 444 603 650 798 890 926 935 1012 1019 1028 1065 1120 1176 1325 1380 1641 1652 1686 1723 1750 1825 2038,C1CCC(C1)[NH2+][C@@H]2C(=O)N(C2=O)C3=CC=C(C=C3)N4C(=O)CC(C4=O)[NH2+]C5CCCC5
857,C C ( C ) N 1 C C C C ( C 1 ) C 2 = C C = C C = C 2,1 157 283 796 926 935 1019 1028 1057 1158 1199 1265 1325 1380 1438 1663 1750 1873 1943 2000,CC(C)N1CN(C2=CC=CC=C21)C(C)C
858,C 1 C [C@@H] ( N ( C 1 ) C C ( = O ) N C 2 = C C = C ( C = C 2 ) Br ) C 3 = C C 4 = C ( C = C 3 ) O C C O 4,41 80 160 191 231 441 527 552 650 656 724 738 807 843 909 926 1019 1028 1035 1077 1087 1157 1279 1284 1312 1380 1529 1647 1649 1714 1750 1803 1816 1860 1873 1905 1917 2022,C1COC2=C(O1)C=CC(=C2)C3CC(=C(CN3CC(=O)NC4=CC=C(C=C4)Br)C(=O)NC5=CC=C(C=C5)Br)C(=O)NC6=CC=C(C=C6)Br
859,C C 1 = C C = C ( O 1 ) C ( C # C ) C 2 = C C = C ( C = C 2 ) C 3 = C C = C C = C 3,1 335 389 442 533 656 674 736 802 900 915 974 1057 1160 1199 1310 1365 1380 1654 1708 1722 1900 1964,C[C]1[C](O[P+](O1)(C(C#C)C2=CC=C(C=C2)C3=CC=CC=C3)C(C#C)C4=CC=C(C=C4)C5=CC=CC=C5)C6=CC=CC=C6
860,C C O C N 1 C 2 = C ( C = C C ( = C 2 ) F ) N 3 C 1 = C ( C ( = O ) C C 3 ) C ( = O ) N C 4 = C C = C ( S 4 ) C,49 80 252 294 314 532 541 588 650 675 695 699 751 773 807 852 875 892 935 1014 1057 1152 1218 1238 1293 1334 1380 1410 1451 1457 1480 1487 1514 1624 1670 1722 1733 1738 1750 1816 1873 1915 1992 1993 2040,CCOCN1C2=C(C=C(C=C2)F)N3C1=C(C(=O)CC3)C
861,C 1 C C 1 C 2 = C ( C ( = O ) N N 2 ) C 3 = N C 4 = C C = C C = C 4 C ( = C 3 ) Cl,49 289 314 328 378 380 389 561 612 640 658 721 750 875 927 980 1019 1021 1097 1114 1142 1199 1357 1380 1384 1573 1683 1747 1750 1873 1916 1995 2000 2016,C1=CC=C2C(=C1)C3=CC(=NC4=C3C(=O)NN4)C5=C(NNC5=O)Cl
862,C C 1 = C C ( = C ( C = C 1 ) C ) N C ( = O ) C N 2 C ( = O ) N 3 C = C N = C ( C 3 = N 2 ) S C 4 = C C = C C = C 4,32 41 80 116 158 177 314 387 552 579 636 650 658 771 807 811 875 922 935 1013 1088 1199 1224 1284 1312 1336 1380 1386 1391 1452 1617 1633 1691 1722 1750 1786 1802 1821 1823 1866 1873 1917 1948 1969,C1=CC=C(C=C1)SC2=NN(C(=O)N2SC3=CC=CC=C3)CC(=O)NC4=C(C=CC(=C4)C)C
863,C 1 = C N = C ( C = N 1 ) N C C N C ( = O ) C 2 = C C ( = C C ( = C 2 ) Br ) F,80 197 265 293 294 378 486 532 650 667 699 728 807 875 909 993 1071 1099 1125 1152 1179 1256 1380 1385 1452 1517 1535 1603 1631 1670 1866 1873 1928 1932 1972,C1=CN=C(C=N1)NCCNC(=O)C2=CC(=CC(=C2)Br)F
864,C [C@H] ( / C = C / C C ( = O ) N 1 C C 2 = C C = C C = C 2 C [C@H] 1 C O ) [C@@] 3 ( C 4 = C ( C = C C ( = C 4 ) Br ) N ( C 3 = O ) C C 5 = C C = C ( C = C 5 ) N C ( = O ) C 6 = C C = C ( C = C 6 ) N ) O,1 47 80 113 156 171 191 222 242 255 283 361 440 475 555 588 628 633 650 694 728 755 760 766 807 843 875 888 909 926 935 1009 1019 1020 1057 1077 1087 1088 1152 1168 1171 1199 1236 1295 1313 1352 1356 1374 1380 1385 1427 1457 1516 1527 1531 1552 1607 1624 1631 1665 1708 1750 1754 1804 1816 1873 1915 1946 1978 1980,C[C@@H](/C=C/CC(=O)N1CC2=CC=CC=C2C[C@H]1CO)[C@]3(C4=C(C=CC(=C4)Br)N(C3)C5=CC=C(C=C5)N)C
865,C C 1 = C ( C = C ( N 1 C 2 = C C = C C = C 2 F ) C 3 = C C ( = C C = C 3 ) O C ) C ( = O ) N 4 C C N ( C C 4 ) C ( = O ) C 5 = C C = C O 5,121 305 306 322 362 562 621 650 695 699 736 787 807 841 875 926 935 942 1039 1057 1066 1088 1160 1233 1239 1295 1380 1421 1429 1480 1504 1536 1647 1750 1754 1766 1777 1840 1873 1917 1926 1928 1972,COC1=CC=CC(=C1)C2=CC(=C(C=C2)N3CCN(CC3)C(=O)C4=CC=CO4)F
866,C 1 C N C C C 1 N 2 C ( = O ) C C C 3 = C 2 C = C C ( = C 3 ) Cl,49 165 216 314 561 798 816 926 1019 1114 1179 1219 1236 1269 1308 1325 1347 1358 1380 1516 1665 1683 1738 1750 1859 1873 1910 1922,C1CC(CN1)N2C(=O)CCC3=C2C=CC(=C3)Cl
867,C C C ( C S ( = O ) ( = O ) C 1 = C ( C = C ( C = C 1 ) C ) C ) N,1 80 204 294 350 420 640 650 786 875 973 1013 1171 1174 1248 1297 1380 1391 1476 1544 1618 1722 1750 1823 1873 1997,CCC(CS(=O)(=O)C1=C(C=C(C=C1)C)C)N
868,C C C C ( C ) ( C ) N 1 C C S C 1 = S,80 97 157 294 392 497 675 899 926 935 1057 1308 1409 1421 1480 1531 1664 1717 1892 1904,CC[P+](CC)(CC)N1CCN(C1=S)N2CSC2=S
869,C [C@H] ( C 1 = C C = C ( C = C 1 ) S ( = O ) ( = O ) N ) N ( C ) C ( = S ) N C C C S C,1 11 110 116 197 283 319 350 394 650 667 715 739 807 833 881 1057 1152 1163 1171 1182 1197 1365 1380 1476 1489 1531 1607 1690 1694 1706 1750 1819 1853 1859 1873 1876 1911 1942,CC(C1=CC=C(C=C1)S(=O)(=O)N)N(C)C(=O)NCCCSC
870,C C ( = O ) N [C@@H] 1 [C@H] ( [C@@H] ( [C@] ( O [C@H] 1 [C@@H] ( [C@@H] ( C O C ( = O ) C ) O C ( = O ) C ) O C ( = O ) C ) ( C ( = O ) O C ) O C ( = O ) C ) F ) O C ( = O ) C,32 69 80 118 147 213 245 378 422 520 564 650 656 695 833 839 846 1017 1019 1027 1035 1057 1060 1070 1126 1153 1158 1217 1257 1313 1365 1394 1582 1614 1707 1721 1731 1834 1917 1928 1950 2044,CC(=O)OC[C@@]1([C@H]([C@@H]([C@H]([C@@H](O1)F)OC(=O)C)OC(=O)C)O)OC(=O)[C@@]2([C@@H]([C@H]([C@@H]([C@H](O2)CF)OC(=O)C)OC(=O)C)O)OC(=O)C
871,C C ( O ) O C C N C,13 80 227 283 316 378 432 667 695 807 1152 1430 1995,C(CO[P+](O)(O)OCCNC)NC
872,C C [C@H] 1 [C@H] ( [C@@H] ( C 2 = C C = C C = C 2 N 1 C ( = O ) C 3 = C C = C ( C = C 3 ) C ( C ) ( C ) C ) N C 4 = C C = C C = C 4 ) C,24 33 80 114 191 233 308 371 392 477 650 666 1027 1057 1067 1088 1152 1309 1380 1385 1394 1417 1454 1504 1511 1556 1589 1647 1658 1665 1697 1750 1847 1873 1885 1917,CC1C(C2=CC=CC=C2C1NC3=CC=C(C=C3)C(C)(C)C)NC4=CC=C(C=C4)C(=O)N5C(C6=CC=CC=C6C5C7=CC=C(C=C7)C(C)(C)C)C
873,C C 1 ( C N ( C C [C@@] 1 ( C 2 = C C = C ( C = C 2 ) Cl ) O ) C ( = O ) [C@H] 3 C C C C [C@H] 3 N C ( = O ) N C C C ( = O ) O ) C,80 98 157 197 209 216 363 387 425 484 556 650 667 697 807 816 839 863 890 926 935 1019 1028 1057 1070 1108 1145 1154 1162 1225 1251 1274 1287 1325 1380 1403 1421 1480 1535 1564 1614 1683 1737 1750 1852 1873 1989 2009 2036,CN1CCN(N1C)C(=O)C2CCCCC2NC(=O)N3CCC(C3(C4=CC=C(C=C4)Cl)O)(C5=CC=C(C=C5)Cl)O
874,C C ( C ) C C 1 = C ( N = C ( S 1 ) N ) C ( = O ) O C,1 79 80 145 162 283 378 490 695 715 792 807 854 906 999 1057 1152 1171 1301 1338 1380 1457 1847 1855 1917,CC(C)CC1=NC(=C(N=C1C(=O)ONN)N)C(=O)ONOC(=O)C2=C(N=C(C(=N2)CC(C)C)C(=O)ONN)N
875,C C ( = O ) O C [C@@H] 1 [C@H] ( [C@@H] ( [C@H] ( [C@@H] ( O 1 ) C # N ) O C ( = O ) C ) O C ( = O ) C ) O C ( = O ) C,58 80 147 277 472 517 521 541 564 610 650 656 674 695 779 807 846 956 1019 1035 1057 1136 1177 1187 1384 1531 1816 1917 1921 1950,CC(=O)OC[C@@H]1[C@H]([C@@H]([C@H]([C@@H](O1)C#N)OC(=O)C)OC(=O)C)OC(=O)[C@@H]2[C@H]([C@@H]([C@H]([C@@H](O2)COC(=O)C)OC(=O)C)OC(=O)C)OC(=O)C
876,C C ( = C ) C [C@@H] ( [C@@H] 1 C C ( = O ) O 1 ) O C C 2 = C C = C C = C 2,1 80 231 316 389 391 411 591 650 656 695 745 750 807 812 921 926 970 978 1017 1022 1057 1088 1134 1199 1289 1290 1366 1367 1750 1754 1873,CC(=C)CC(C1CC(=O)O1)OCC2=CC=CC=C2
877,S ( C 1 ( C 2 C 3 C ( C 1 C C 3 ) C C 2 ) C ( = O ) O ) C,116 184 345 394 519 562 650 926 1000 1019 1057 1061 1275 1452 1653 1917,CSC1CC1=S=O
878,C 1 C C O / C ( = N \ S ( = O ) ( = O ) C ( F ) ( F ) F ) / C 1,110 310 350 441 525 616 656 670 725 926 950 1028 1216 1249 1380 1453 1476 1554 1738 1831 1928,C1CCO/C(=N\S(=O)(=O)C(F)(F)F)/C1
879,C C S C 1 = N C 2 = C ( C = N N 2 C C N C ( = O ) C C C Cl ) C ( = N 1 ) N 3 C C O C C 3,41 43 80 105 116 130 158 165 197 294 300 341 378 407 414 523 554 586 597 650 656 667 804 807 825 862 926 935 950 1014 1109 1138 1145 1152 1380 1405 1420 1452 1456 1472 1480 1521 1535 1564 1589 1623 1683 1696 1718 1855 1873 1911 1917 2025,C1COCCN1C2=NC3=C(N=C2N4CCOCC4)N(N=C3)CCNC(=O)CCCCl
880,C C C 1 = C C ( = C 2 C = C ( C = C ( C 2 = N 1 ) Cl ) C ) Cl,60 80 294 366 378 561 724 875 909 917 1025 1057 1100 1357 1362 1683 1722 1724 1823 1953 1964,CCC1=NC2=C(C=C(C=C2Cl)C)C(=C1)Cl
881,C C C N C ( = O ) O C 1 = C N = C 2 C ( = C C = C N 2 C 1 = O ) C,80 95 197 378 424 504 579 650 667 695 698 757 794 814 935 1101 1133 1152 1231 1380 1391 1452 1696 1729 1750 1758 1858 1917 1970 1999,C1=CC=CN2C1=NC=C2OC(=O)NCCC
882,C C 1 = C C ( = N N 1 C ) C N C ( = O ) C 2 = C C = C C ( = C 2 ) C N 3 C ( = C ( C ( = N 3 ) C ) Br ) C,15 92 158 197 255 265 307 378 486 526 650 724 744 797 807 813 822 875 880 883 935 1039 1066 1088 1120 1145 1152 1255 1268 1380 1425 1458 1631 1722 1754 1765 1766 1873 1917 1985,C1=CC(=CC(=C1)C(=O)NCC2=NN(C(=C2)C)C)CN3C(=CC(=N3)CN4C(=C(C(=N4)C)Br)C)C
883,O 1 / C ( = N / C C c 2 c 3 c ( [nH] c 2 ) c c c c 3 ) / [C@] 2 ( N ( C ( = C ( C 3 = C C [C@@H] 4 [C@H] ( [C@@H] 2 3 ) C ( = O ) N ( C 4 = O ) C C ) C C ) O C ( = O ) N ( C C ) C C ) C 1 = O ) C c 1 c c c c c 1,5 13 80 119 144 154 169 170 231 286 294 314 364 389 406 455 476 495 509 532 588 598 608 650 656 695 725 789 806 807 865 879 881 926 932 935 1008 1019 1057 1060 1066 1088 1089 1114 1136 1181 1184 1199 1243 1263 1349 1357 1380 1406 1471 1508 1554 1573 1606 1729 1734 1750 1781 1783 1799 1810 1811 1873 1879 1901 1917 1970 2013 2026,CCC1=C(N2C(=O)OC(=NCCC3=CNC4=CC=CC=C43)[C@@]2([C@H]5C1=CC[C@@H]6[C@H]5C(=O)N(C6=O)CC)CC7=CC=CC=C7)OC(=O)N(CC)CC
884,C C 1 = C ( C = C C ( = C 1 ) C 2 = N C 3 = C ( O 2 ) C = C C = N 3 ) N C ( = S ) N C ( = O ) C 4 = C C ( = C ( C = C 4 ) Cl ) Cl,97 110 160 347 366 372 378 448 526 600 656 666 691 807 875 930 1043 1047 1088 1119 1128 1160 1297 1380 1385 1391 1402 1436 1542 1554 1566 1604 1683 1697 1716 1722 1808 1835 1855 1856 1865 1866 1873,C1=CC2=C(N=C1)N=C(O2)C3=CC(=C(C(=C3)C)C(=S)NC(=S)NC(=S)C4=CC(=C(C=C4)Cl)Cl)C
885,C C 1 = C ( C ( = O ) N C ( = C 1 C C C ( = O ) N C 2 = C C = C ( C = C 2 ) C ( = O ) N C ) C ) C # N,191 252 255 314 345 358 452 473 486 557 650 660 674 692 750 790 807 843 901 1057 1077 1114 1136 1152 1243 1380 1382 1384 1385 1430 1527 1564 1665 1745 1750 1816 1873 1917,CNC(=O)C1=CC=C(C=C1)NC(=O)C2=C(C(=O)NC(=C2)C#N)C#N
886,C C O C ( = O ) [C@H] 1 [C@H] 2 C ( C C 3 ( [C@@H] 1 C ( = O ) N ( C 3 C ( = O ) N ( C C = C ) C C 4 = C C = C C = C 4 ) [C@H] ( C O ) C 5 = C C = C C = C 5 ) S 2 ) Br,80 147 294 382 389 400 482 506 507 534 556 587 616 650 673 675 677 694 695 728 807 881 926 935 940 976 978 1013 1057 1060 1088 1181 1199 1234 1235 1238 1329 1348 1365 1380 1381 1420 1435 1455 1581 1613 1635 1697 1722 1747 1750 1754 1873 1917 2033,CCOC(=O)[C@H]1[C@H]2C(CC3(S2)[C@@H]([C@@H](S3)C(=O)OCC)C(=O)N(CC=CC4=CC=CC=C4)CC5=CC=CC=C5)(S1)C(=O)OCC
887,C C O C 1 = C ( C ( = C C ( = C 1 ) C = C 2 C ( = O ) N N ( C 2 = O ) C 3 = C C = C C = C 3 ) Cl ) O C C 4 = C C ( = C C = C 4 ) C ( = O ) O,80 107 113 237 281 328 333 366 389 425 456 525 561 640 650 723 745 796 807 836 875 879 880 935 1028 1039 1049 1088 1120 1127 1132 1138 1199 1226 1238 1380 1385 1418 1452 1683 1750 1754 1825 1868 1873 1917 1975 1985 2045,C1=CC=C(C=C1)N2C(=O)C(=C(N2C3=CC=CC=C3)OCC4=CC(=C(C(=C4)Cl)OCC5=CC(=CC=C5)C(=O)O)OCC)C(=O)O
888,C C C 1 ( C ( = O ) N ( C ( = O ) N 1 ) C C ( = O ) N C 2 = C C = C ( C = C 2 ) C 3 = C N 4 C = C S C 4 = N 3 ) C 5 = C C = C C = C 5,16 37 80 191 194 254 287 294 378 464 556 571 588 650 675 730 807 810 843 901 980 1060 1061 1088 1152 1160 1284 1312 1367 1380 1444 1492 1529 1567 1750 1816 1855 1877 1971 2017 2040,C1=CSC2=NC(=CN21)C3=CC=C(C=C3)NC(=P4(=O)C(P(=C(NC5=CC=C(C=C5)NC(=P6(=O)CC)CC)NC7=CN8C=CSC8=N7)(CC)CC)(CC)CC)CC
889,[C@H] 1 ( [C@H] ( N ( [C@H] ( [C@H] 1 O C c 1 c c ( c n c 1 O C ) C ( F ) ( F ) F ) c 1 c c c c c 1 Cl ) C ( = O ) [C@@H] 1 C C C C O 1 ) C ( = O ) O ) C ( C ) ( C ) C,40 53 80 361 371 377 378 385 389 392 442 466 546 561 650 656 678 695 730 745 749 776 802 807 809 841 875 883 890 926 935 950 974 1019 1027 1028 1057 1066 1075 1088 1199 1201 1229 1249 1253 1260 1325 1380 1417 1431 1452 1453 1535 1536 1586 1618 1683 1693 1736 1750 1783 1822 1842 1873 1884 1917 1928 1950 1980 2005,COC1=C(C=C(C=N1)C(F)(F)F)[C@@H]2[C@H](N([C@H]2C(=O)O)C(=O)C3CCCCO3)C(=O)O
890,C = C 1 C N 1 C C C C O,80 90 222 473 541 548 893 926 935 951 1130 1145 1366 1380 1911 1946,C1C2=C(CN(N2CCCCO)CCCCO)CN(N1CCCCO)CCCCO
891,C 1 = C C = C ( C ( = C 1 ) [C@@H] 2 [C@H] 3 [C@@H] ( [C@@H] ( [NH2+] 2 ) C ( = O ) [O-] ) C ( = O ) N ( C 3 = O ) C 4 = C C ( = C C = C 4 ) F ) O,5 207 230 290 314 332 371 584 699 715 721 786 797 807 875 935 993 1009 1019 1027 1039 1049 1088 1199 1337 1362 1380 1457 1536 1539 1602 1607 1670 1685 1750 1825 1831 1873 1928 1996,C1=CC=C(C(=C1)[C@@H]2[C@@H]3[C@@H]([C@@H]([NH2+]2)C4=CC=CC=C4O)C(=O)N(C3=O)C5=CC(=CC=C5)F)O
892,C 1 = C C = C ( C = C 1 ) S C 2 = C ( C 3 = C C = C C = C 3 C ( = C 2 ) N S ( = O ) ( = O ) C 4 = C C = C C = C 4 ) O,4 20 27 116 185 193 202 319 350 389 492 502 552 575 650 807 811 1011 1092 1152 1199 1224 1270 1357 1380 1476 1573 1750 1790 1802,C1=CC=C(C=C1)SC2=C(C3=CC=CC=C3C(=C2)NS(=O)(=O)C4=CC=CC=C4)Cl
893,C O C 1 = C C = C C ( = C 1 ) N C 2 = C C = C ( C 3 = N O N = C 2 3 ) N,191 322 329 335 562 656 819 841 875 910 1057 1088 1152 1171 1238 1274 1380 1410 1457 1483 1536 1724 1750 1772 1856 1873 1972 2031,COC1=CC=CC(=C1)NOC
894,C C 1 = C C ( = C ( C ( = C 1 ) C ) S ( = O ) ( = O ) N [C@@H] ( C C C C N C ( = O ) O C C 2 = C C = C C = C 2 Cl ) / C = C / [C@@H] ( C ) C ( = O ) O C C 3 = C C = C C = C 3 ) C,1 2 16 80 147 197 204 295 350 366 375 389 502 561 592 636 650 694 695 739 745 768 807 875 974 1021 1057 1066 1088 1152 1199 1207 1262 1280 1283 1297 1323 1349 1380 1391 1476 1512 1574 1597 1624 1678 1681 1683 1722 1750 1754 1758 1788 1873 1876 1911 1917 1941 1953 2020 2042,CC1=CC(=C(C(=C1)C)S(=O)(=O)N[C@@H](/C=C/[C@H](CCCCNC(=O)OCC2=CC=CC=C2)C(=O)OCC3=CC=CC=C3)C(=O)OCC4=CC=CC=C4Cl)C
895,C O N = C C C ( = O ) O C 1 = C ( C = C ( C = C 1 ) Cl ) Cl,1 94 165 216 366 422 561 694 695 725 807 841 875 1057 1110 1209 1308 1380 1386 1402 1422 1545 1683 1750 1783 1873 1917 1970,CO/N=C/OC1=C(C=C(C=C1)Cl)Cl
896,C C 1 = C C = C C = C 1 C 2 = C C ( = N C = C 2 N ( C ) C ( = O ) C ( C ) ( C ) C 3 = C C ( = C C ( = C 3 ) C ( F ) ( F ) F ) C ( F ) ( F ) F ) N 4 C C S ( = O ) ( = O ) C C 4,54 81 114 125 217 352 378 392 396 469 527 650 774 786 807 809 875 881 903 935 984 1057 1088 1158 1175 1199 1248 1260 1362 1380 1417 1453 1530 1535 1638 1722 1724 1750 1873 1917 1920 1928 1999 2039 2046,CC(C)(C1=CC(=CC(=C1)C(F)(F)F)C(F)(F)F)C(=O)N(C(C)(C)C2=CC(=CC(=C2)C(F)(F)F)C(F)(F)F)N3C4=CN=C(C4=CN=C3)C
897,O 1 [C@@H] ( C N C C 1 ) [C@H] ( c 1 c ( c c c c 1 ) C ) O c 1 c c c ( c c 1 O C ) Cl,1 94 165 216 249 305 470 499 541 561 581 649 656 664 695 802 812 816 841 875 894 926 949 950 1019 1057 1096 1114 1199 1308 1380 1391 1683 1695 1750 1873 1945 1966 1970,COC1=C(C=C(C=C1)Cl)C(C2CNCCO2)OC3=C(C=C(C=C3)Cl)C(C4CNCCO4)OC5=C(C=C(C=C5)Cl)C6CNCCO6
898,C C 1 = N C 2 = N C = N N 2 C ( = C 1 ) N C 3 = C ( N ( N = C 3 C ) C 4 = C C = C C = C 4 ) C,4 43 92 99 378 389 405 412 489 491 875 935 1049 1057 1088 1129 1366 1440 1520 1540 1675 1722 1731 1750 1766 1800 1852 1855 1873 1883 1951 1956 1972,CC1=CC(=NC2=NC(=NN12)N3C(=NC=N3)C)C
899,C O C 1 = C C = C C ( = C 1 ) N C 2 = N N = C ( S 2 ) S C C ( = O ) N C ( = O ) C 3 = C C = C S 3,14 41 79 80 116 140 149 162 191 241 322 329 378 385 486 562 584 650 695 781 784 797 807 841 875 915 999 1007 1038 1039 1057 1119 1152 1164 1380 1410 1414 1506 1536 1567 1658 1685 1750 1873 1959 1972,COC1=CC=CC(=C1)NOSCC(=O)NC(=C2SC=C[CH]2)OC
900,C O C ( = O ) / C = C / N C ( = S ) N,31 39 97 110 200 543 695 785 807 841 941 978 1057 1073 1171 1768 1917 2003,COC(=S)C(=S)OOC(=S)OOC
901,C C N 1 C 2 = C C = C C = C 2 N = C 1 S C C ( = O ) N C 3 = C C = C ( C = C 3 ) Br,34 41 80 116 191 289 294 341 357 378 384 650 728 747 802 807 850 901 909 935 1077 1152 1157 1199 1310 1380 1455 1506 1540 1631 1649 1655 1750 1855 1873 1912 1917,CCN1C(=O)N=C1SCC(=O)NC2=CC=C(C=C2)Br
902,C C O C ( = O ) C 1 = N C 2 = C C = C C = C 2 C ( = O ) N 1 C 3 = C ( C = C ( C = C 3 ) C ) C,12 35 80 107 145 147 204 235 289 294 314 389 695 701 759 807 875 935 1013 1057 1088 1097 1113 1199 1238 1357 1380 1391 1573 1798 1823 1855 1873 1915 1917 1981 1993,CCOC(=O)C1=NC2=CC=CC=C2C(=O)N1C3=C(C=C(C=C3)C)C
903,C [C@H] ( C ( = O ) N C 1 = C C = C ( C = C 1 ) F ) O C ( = O ) C 2 = C C 3 = C ( C = C 2 ) C ( = O ) N ( C 3 = O ) C C = C,69 80 90 110 145 191 283 314 330 469 573 588 642 650 694 699 807 843 875 879 935 1057 1077 1144 1152 1286 1347 1366 1380 1385 1410 1645 1664 1670 1697 1750 1814 1816 1820 1845 1873 1920 1928,C[P+](C)(C)C1=CC2=C(C=C1)C(=O)N(C2=O)CN3C(=O)C(=C(NC4=CC=C(C=C4)F)NC5=CC=C(C=C5)F)C3=O
904,C C C ( = O ) N C 1 C [C@H] 2 [C@@H] 3 C C C ( = O ) [C@] 3 ( C C [C@@H] 2 [C@@] 4 ( C 1 = C C ( = O ) C = C 4 ) C ) C,7 41 61 80 84 121 239 294 314 385 387 397 519 529 547 606 622 650 672 758 781 787 898 926 967 1019 1057 1060 1152 1162 1274 1292 1325 1332 1339 1380 1831 1855 1873 1884 1917 1930 2000 2021,CCC(=O)N[C@H]1C[C@H]2[C@@H]3CC[C@@]4([C@@H]([C@H]3CC[C@@]2(C5=CC(=O)C=C[C@]15C)C)CCC4=O)C
905,C 1 C C ( = O ) N ( C 1 ) C 2 = C C = C C = C 2 N C ( = O ) C 3 = C C = C ( C = C 3 ) O C ( F ) F,215 314 650 695 807 926 935 947 968 1028 1138 1152 1182 1224 1295 1380 1385 1457 1480 1647 1665 1666 1696 1697 1738 1816 1873 1917 1928 2042,C1CC(=O)N(C1)C2=CC=C(C=C2NC(=O)C3=CC=C(C=C3)C(=O)NC4=CC=C5C(=C4N6CCCC6=O)CCCN5C(=O)C7=CC=C(C=C7)C(=O)ON)NC(=O)O
906,C 1 = C [C@H] 2 C 3 = C S C = C 3 [C@@H] 1 O 2,442 552 563 656 675 1019 1027 1083 1295 1380 1481 1769 1859 1873 1921,C1=CC2C3=CSC=C3C1O2
907,C C 1 = C C ( = O ) N 2 C ( = N 1 ) S C ( = N 2 ) C N 3 C C N ( C C 3 ) C C 4 = C C = C S 4,59 64 80 162 196 383 410 412 650 656 675 784 875 935 1003 1057 1088 1141 1186 1256 1380 1401 1480 1567 1578 1722 1731 1750 1759 1765 1791 1855 1873 1917 1956 2021,CC1=CC(=O)N2C(=N1)SC(=N2)CN3CCN(CC3)CC4=CC=CS4
908,C 1 = C C ( = C C = C 1 S ( = O ) ( = O ) N C 2 = C ( C ( = C ( C ( = C 2 Cl ) Cl ) N S ( = O ) ( = O ) C 3 = C C = C ( C = C 3 ) Br ) Cl ) Cl ) Br,4 128 319 350 381 502 561 650 715 728 883 909 1057 1152 1157 1270 1380 1476 1631 1649 1683 1750 1870 1873,C1=CC(=CC=C1S(=O)(=O)NC2=C(C(=C(C(=C2NS(=O)(=O)C3=CC=C(C=C3)Br)NS(=O)(=O)C4=CC=C(C=C4)Br)NS(=O)(=O)C5=CC=C(C=C5)Br)NS(=O)(=O)(=O)(=O
909,C 1 = C C ( = C C = C 1 / C ( = C / C ( = O ) C ( = O ) N C 2 = C C = C ( C = C 2 ) I ) / O ) F,300 503 548 650 661 699 807 843 947 1077 1152 1210 1380 1385 1410 1494 1594 1670 1697 1750 1816 1872 1873 1892 1917 1928 1942,C1=CC(=CC=C1/C(=C(/C2=CC=C(C=C2)F)\C(=O)NC3=CC=C(C=C3)I)/O)F
910,C C ( C ) O C 1 = C ( C = C 2 C C N 3 C ( = C C ( = C 3 C 2 = C 1 ) C 4 = C C = C S 4 ) C ( = O ) N 5 C C C N ( C C 5 ) C ( = O ) C ( C ( F ) ( F ) F ) O ) O C,1 14 27 108 114 136 227 283 352 369 383 488 504 515 551 555 650 664 675 695 841 875 907 926 935 942 992 1073 1128 1236 1245 1251 1342 1380 1409 1453 1480 1496 1504 1536 1567 1578 1589 1665 1666 1673 1697 1719 1738 1750 1873 1888 1917 1978 2009,CC(C)OC1=C(C=C2C(=C1)CCN3C2=CC=C3C(=O)N4CCN(CC4)C(=O)C(C(F)(F)F)C(F)(F)F)OC
911,C C 1 2 C C C C C 1 C ( C C 3 4 C 2 C C ( C ( = C 3 ) C ( C ) ( C ) O ) O O 4 ) ( C ) C ( = O ) O,38 48 55 114 149 184 241 266 310 389 392 486 492 543 650 746 889 890 926 1011 1019 1028 1069 1162 1261 1274 1292 1300 1325 1380 1474 1477 1525 1557 1638 1656 1677 1873 1908 1917 2035,C1CC[C@]23CCC(C[C@H]2C1)[N-]C(=O)C4=C3C(=O)NOC4(C)C(=O)O
912,C 1 C C N ( C C 1 ) C C O C 2 = C C = C ( C = C 2 ) C [C@@H] ( C ( = O ) O ) N C ( = O ) [C@@H] 3 C [C@@H] ( C N 3 S ( = O ) ( = O ) C 4 = C C ( = C C ( = C 4 ) Cl ) Cl ) N,1 2 13 79 80 102 117 143 216 310 319 350 354 363 389 561 650 689 695 708 718 736 739 749 837 851 857 875 926 935 1019 1027 1028 1034 1053 1145 1152 1156 1171 1275 1292 1380 1422 1452 1476 1480 1482 1624 1678 1683 1747 1750 1754 1791 1832 1844 1873 1998 2006,C1CCN(CC1)CCOC2=CC=C(C=C2)C[C@@H](C(=O)O)NC(=O)[C@@H]3C[C@@H](CN3S(=O)(=O)C4=CC(=CC(=C4)Cl)Cl)N
913,C O C 1 = C C ( = C C ( = C 1 O C ) O C ) C ( = O ) N C C C C 2 = N C 3 = C C = C C = C 3 N 2 C C C ( = O ) N 4 C C C C C C 4,2 8 45 80 197 265 282 289 318 333 357 369 378 428 465 486 510 650 667 760 802 807 875 926 935 994 1028 1057 1097 1145 1152 1199 1285 1380 1385 1480 1536 1599 1814 1842 1855 1892 1911 1917 1970 1998,COC1=CC(=CC(=C1OC)OC)C(=O)NCCN2C3=CC=CC=C3N=C2CCN4CCCCCC4
914,C C ( = O ) N C 1 = C C ( = C ( C = C 1 O C ) O C ) S ( = O ) ( = O ) N 2 C C O C C 2,199 245 249 314 350 366 392 523 585 650 656 695 800 841 875 935 950 1017 1019 1058 1152 1224 1380 1405 1441 1476 1480 1536 1577 1816 1851 1917 2027,CC(=O)NC1=CC(=C(C=C1OC)OC)S(=O)(=O)N2CCOCC2
915,C [C@H] ( C 1 = C C = C C 2 = C C = C C = C 2 1 ) N ( C ) C 3 = N [C@@] 3 ( C ) C C 4 = C C = C C = C 4,1 237 286 389 581 670 881 1030 1039 1066 1087 1145 1163 1199 1274 1357 1445 1573 1697 1750 1754 1819 1855 1871 1873 2003,C1=CC=C(C=C1)CN(C)C(C2=CC=CC3=CC=CC=C32)N(C)C(C4=CC=CC5=CC=CC=C54)C6=CC=CC7=CC=CC=C76
916,C 1 = C C = C 2 C ( = C 1 ) C 3 = N C 4 = C 5 C ( = C C = C ( C 5 = C ( N 4 ) N = C 6 C 7 = C C = C C ( = C 7 C ( = N C 8 = N C ( = N C 2 = N 3 ) C 9 = C C = C C ( = C 9 8 ) C N ) N 6 ) C N ) C N ) C N,34 76 80 336 349 352 378 436 475 618 637 701 721 981 984 1039 1088 1114 1152 1171 1309 1349 1357 1380 1385 1474 1530 1573 1597 1750 1769 1804 1855,C1=CC(=C2C=CC=C(C2=C1)C3=NC4=C5C=CC=C(C5=NC(=N3)C6=CC=CC7=C6NNN=C7CN)CN)CN
917,n 1 n c ( c c ( c 1 N C C N 1 C C O C C 1 ) C ) c 1 c c c ( N ) c c 1,57 58 80 523 625 656 708 714 888 896 926 950 980 1057 1145 1152 1160 1164 1168 1171 1391 1399 1405 1416 1439 1441 1457 1480 1482 1722 1750 1775 1804 1849 1971,CC1=CC(=NN=C1NCCN2CCOCC2)C3=CC=C(C=C3)N
918,C O C 1 = C C ( = N C 2 = C C = C C = C 2 1 ) C ( = O ) N 3 C C C 4 ( C 3 ) C C N ( C C 4 ) C ( = O ) C N C ( = O ) C 5 = C C = C O 5,80 180 197 249 289 338 378 486 650 662 695 751 760 763 787 841 855 868 875 935 1009 1025 1057 1060 1066 1088 1097 1152 1178 1183 1199 1233 1380 1480 1514 1548 1630 1701 1750 1754 1855 1873 1917 1926 1970 2009,COC1=CC(=NC2=CC=CC=C21)C(=O)NCC(=O)N3CCC(CC3)(C4=CC=CO4)C5=CC=CO5
919,c 1 ( n c ( c ( c ( c 1 Cl ) O C ( = O ) C ) Cl ) O C C ) C ( Cl ) ( Cl ) Cl,46 114 293 294 333 378 561 650 753 803 807 974 1011 1017 1035 1057 1104 1218 1238 1281 1380 1452 1562 1683 1729 1855 1917,CC(=O)OC1=C(C(=NC(=C1Cl)C(Cl)(Cl)Cl)C(Cl)(Cl)Cl)Cl
920,C C 1 = C C ( = C ( C = C 1 ) N C ( = O ) C 2 = N N = C ( C = C 2 ) N 3 C C C N C C 3 ) C ( = O ) N C 4 = N C = C ( C = C 4 ) Cl,216 235 305 407 486 527 635 650 680 705 804 807 816 819 847 875 878 926 935 947 967 1018 1028 1057 1060 1070 1099 1114 1152 1164 1175 1203 1224 1308 1312 1407 1452 1480 1516 1526 1535 1683 1722 1750 1816 1823 1856 1921 1986 1991 2020,CC1=CN=C(C=C1)NC(=O)C2=C(C=CC(=C2)Cl)NC(=O)C3=C(C=CC(=N3)N4CCCNCC4)NC(=O)C5=NC=C(C=C5)Cl
921,C C 1 = C C ( = N O 1 ) N C ( = O ) N C ( = O ) C C C C C ( = O ) O,41 248 363 378 382 389 656 718 807 946 1057 1099 1110 1119 1152 1184 1267 1287 1380 1398 1456 1528 1564 1718 1722 1737 1742 1816 1873 1911 1917 1989,CC1=CC(=NO1)NC(=O)NC(=O)CCCCC(=O)O
922,C C 1 = C ( C = C ( O 1 ) / C = C ( \ C # N ) / C ( = O ) C ( C ) ( C ) C ) C ( = O ) O C,179 270 330 392 448 512 635 650 656 674 695 790 803 807 835 900 906 1057 1079 1081 1152 1380 1384 1404 1604 1715 1722 1746 1794 1873 1917 1991,CC1=C(C=C(O1)C=C(C#N)C(=O)C(C)C)C(=O)C(=C(C#N)C(=O)C(=O)C(C)(C)C)C#N
923,C N ( C ) S ( = O ) ( = O ) C 1 = C C = C ( C = C 1 ) O C C S C 2 = N N = C ( N 2 C 3 C C 3 ) C 4 = C C = C C = C 4 F,13 80 102 116 319 322 338 341 350 352 378 385 451 650 654 686 695 699 715 718 763 765 815 881 926 935 984 1019 1032 1034 1057 1088 1134 1143 1163 1182 1268 1452 1476 1508 1749 1750 1840 1873 1910 2046,CN(C)S(=O)(=O)C1=CC=C(C=C1)OCCSC2=NCC(N2C3CC3)C4=CC=CC=C4C5=CC=CC=C5F
924,C C ( = O ) C 1 = C C = C ( C = C 1 ) N C ( = O ) C [NH+] ( C C 2 = C C = C ( C = C 2 ) O C ) C 3 C C 3,41 42 80 157 310 322 617 650 695 718 807 824 831 841 843 878 899 901 926 1017 1019 1057 1071 1077 1325 1359 1380 1385 1536 1697 1750 1754 1797 1816 1819 1820 1873 1917 2031,CC(=O)C1=CC=C(C=C1)NC(=O)C[NH+](CC2=CC=C(C=C2)OC)C3CC3
925,C N ( C C ( = O ) N 1 C C C C 1 ) S ( = O ) ( = O ) C 2 = C C 3 = C ( C = C 2 ) N ( N = N 3 ) C C O C,158 213 241 319 486 536 650 695 760 785 795 807 815 841 875 881 926 935 1005 1009 1022 1057 1097 1163 1164 1353 1380 1480 1655 1750 1783 1873 1917 1996 1998 2021 2027,CN(COC)S(=O)(=O)C1=CC2=C(C=C1)N(N=N2)C(=O)N(C)N3CCN(CC3)N(C)C(=O)CN4C(=CC(=N4)OC)OC
926,C O C 1 = C C = C ( C = C 1 ) C ( C 2 = C C = C C = C 2 ) ( C 3 = C C = C C = C 3 ) O [C@H] ( C = O ) [C@H] ( N 4 C = C C ( = O ) N C 4 = O ) O [C@H] ( C O ) C = O,1 80 81 114 135 216 222 314 322 389 406 427 487 508 650 670 694 695 718 755 757 758 781 807 841 906 935 938 987 1004 1057 1088 1174 1199 1380 1417 1533 1536 1611 1615 1665 1699 1745 1750 1873 1960 2017,COC1=CC=C(C=C1)C(C2=CC=CC=C2)(C3=CC=C(C=C3)OC)O[C@@H](C=O)[C@H](C=O)OC(C4=CC=CC=C4)(C5=CC=CC=C5)C6=CC=CC(=O)N6CO
927,C C O C 1 = C ( C = C ( C = C 1 ) C ( = O ) C ) C O C ( = O ) C 2 = C C ( = C ( N = C 2 ) Cl ) Cl,80 94 119 145 147 184 237 294 339 347 363 378 425 650 745 807 816 963 1017 1057 1238 1349 1380 1385 1452 1522 1535 1683 1697 1750 1768 1820 1873 1876 1898 1917 1970,CCOC1=C(C=C(C=C1)C(=O)C)COC(=O)C2=CN=C(C=C2)Cl
928,C C 1 = C C ( = C C = C 1 ) N 2 C ( = C ( C ( = N 2 ) C ( = O ) O C ) Cl ) C 3 = C C = C ( C = C 3 ) F,289 351 561 597 650 695 699 807 841 906 935 1013 1039 1049 1055 1057 1088 1380 1670 1679 1707 1722 1750 1823 1852 1873 1917 1928 1956,CC1=CC(=CC=C1)N2C(=CC(=N2)F)C(=O)OC
929,C 1 C ( = C ( N 2 [C@@H] ( S 1 = O ) C ( C 2 = O ) N C ( = O ) C C 3 = C C = C S 3 ) C ( = O ) O C ( C 4 = C C = C C = C 4 ) C 5 = C C = C C = C 5 ) C ( F ) F,1 5 14 41 174 233 240 241 387 389 415 438 470 656 675 695 807 847 869 911 935 1050 1085 1088 1199 1256 1365 1405 1508 1567 1572 1574 1581 1595 1609 1684 1837 1843 1852 1877 1917 1922 1928 1932,C1=CC=C(C=C1)C(C2=CC=CC=C2)O/C(=C\3/N(C4=C(S3=O)SC=C4)C(=O)C(C5=CC=CS5)F)/C6=C(N7C(S(=O)OC7=S(F)F)C(F)F)C(F)F
930,C 1 = C C = C ( C = C 1 ) N = N C 2 = C C = C C ( = C 2 ) N C ( = O ) C F,41 184 191 234 389 495 650 674 703 725 807 875 931 1039 1086 1088 1152 1199 1281 1380 1583 1680 1750 1816 1854 1917 1928,C1=CC=C(C=C1)N=NC2=CC=CC(=C2)NC(=O)CC(=O)NN=NC3=CC=CC=C3
931,C C C C C C O C 1 = C ( C = C ( C = C 1 ) C ( = O ) N N C ( = O ) C O C 2 = C C = C ( C = C 2 ) C ( = O ) O C C ) Br,13 41 58 80 94 102 145 147 281 294 304 526 591 650 695 718 728 745 759 794 807 833 875 1057 1143 1152 1249 1385 1390 1444 1518 1522 1631 1697 1722 1873 1895 1911 1917 1970 2004,CCCCCCOC1=C(C=C(C=C1)C(=O)OCC(=O)NNC(=O)COC(=O)C2=CC(=C(C=C2)OCCCC)Br)Br
932,C C 1 = N C 2 = C ( [C@@H] ( C 1 C ( = O ) O C 3 C C C C C 3 ) C 4 = C C ( = C ( C = C 4 ) O C ) O ) C ( = O ) C [C@H] ( C 2 ) C 5 = C C ( = C ( C = C 5 ) O C ) O C,2 40 94 119 140 211 227 231 249 273 650 695 751 807 875 890 926 1014 1019 1028 1057 1060 1107 1147 1169 1279 1311 1325 1380 1387 1410 1419 1453 1519 1582 1602 1607 1622 1652 1672 1699 1722 1750 1754 1803 1873 1917 1970 2000 2002,CC1=C(C(C2=C(C1)CC(CC2=O)C3=CC(=C(C=C3)OC)O)C4=CC(=C(C=C4)OC)O)C(=O)OC5CCCCC5
933,C 1 C C N ( C 1 ) S ( = O ) ( = O ) C 2 = C C = C C ( = C 2 ) N C ( = O ) C O C ( = O ) / C ( = C / C 3 = C C = C S 3 ) / C 4 = C C = C S 4,14 41 80 147 167 191 241 319 350 366 383 391 419 539 585 595 650 684 694 695 703 705 757 800 807 901 926 935 1028 1039 1088 1152 1235 1380 1476 1480 1499 1528 1567 1729 1746 1750 1816 1873 1921 1998,C1CCN(C1)S(=O)(=O)C2=CC=CC(=C2)NC(=O)C/C(=C/C3=CC=CS3)/C4=CC=CS4
934,C 1 C C 2 C ( C ( C 1 ) Cl ) C 3 = C C = C C = C 3 O 2,66 172 371 656 736 750 867 932 1027 1028 1088 1325 1380 1457 1481 1492 1683 1750 1821 1900 1905,[B-](C1=CC=CC=C1)(C2=CC=CC=C2O[Si](C3=CC=CC=C3)(C4=CC=CC=C4OC5=CC=CC=C5)C6=CC=CC=C6OC7=CC=CC=C7O6)(Cl)Cl
935,C O C 1 = C ( C = C ( C = C 1 ) N 2 C ( = N N = N 2 ) S C ) C N 3 C C 4 C C C N 4 C ( C 3 ) C ( C 5 = C C = C C = C 5 ) C 6 = C C = C C = C 6,1 80 94 249 257 262 277 283 323 345 369 378 389 446 530 647 721 739 747 761 841 935 1019 1028 1057 1077 1088 1111 1126 1188 1199 1211 1325 1349 1365 1480 1536 1581 1661 1723 1765 1783 1791 1825 1852 1873 1970 1993,COC1=C(C=C(C=C1)N2C(=NN=N2)C(C3=CC=CC=C3)C4=CC=CC=C4)CN5CC6CCCN6C(C5)C(C7=CC=CC=C7)C8=CC=CC=C8
936,C C ( C ( = O ) N C ) S C 1 = N N = C ( S 1 ) N,1 98 116 162 191 283 345 378 573 675 807 994 999 1057 1164 1171 1173 1380 1398 1414 1430 1456 1457 1507 1563 1917,C[C@H](C(=O)NC)SC1=NN=C(S1)N
937,C C 1 = C C ( = C ( C = C 1 ) N C 2 = N C = C C ( = O ) N 2 ) C,51 81 204 235 314 323 378 491 650 727 787 1013 1057 1391 1442 1542 1611 1722 1740 1750 1823 1856 1866 1873,CC1=CC(=C(C=C1)N2N=CC=C(C2=NC3=NC=CC(=O)N=C3C4=NC=CC(=C4)C)C)C
938,C 1 C C C 2 = C ( C 1 ) C 3 = C ( O 2 ) C ( = C C ( = C 3 ) C = O ) O,133 361 502 542 593 650 656 694 807 863 926 963 1004 1028 1063 1297 1380 1391 1602 1604 1607 1873 1997 2033,C1CCC2=C(C1)C3=C(C=C(C=C3O2)C=O)O
939,s 1 c 2 = N C ( = O ) / C ( = C / c 3 c ( n ( c ( c 3 ) C ) c 3 c c ( c c c 3 ) C ) C ) / C ( = N ) n 2 n c 1 C C C,3 80 160 191 281 314 378 650 675 696 703 794 799 819 849 875 927 961 1013 1039 1120 1314 1356 1419 1504 1522 1726 1757 1766 1823 1825 1872 1873 1953 1966 1993 2013 2044,C1=CC(=CC(=C1)N2C(=CC(=CC2=C3C(=O)N=C(S3)CCC)C)C=C4C(=O)N=C(S4)CCC)NC5=NC(=O)C(=C6SC7=NC(=O)C=CC7=N6)S5
940,C C 1 = C C ( = C ( C = C 1 ) N C C 2 = C C = C C = C 2 Cl ) [N+] ( = O ) [O-],255 295 354 366 542 650 716 753 838 877 1013 1057 1088 1134 1152 1195 1224 1349 1380 1416 1481 1597 1683 1722 1750 1873 1963 1990,CC1=CC=CC=C1CNC2=CC=C(C=C2[N+](=O)[O-])[N+](=O)[O-]
941,C S C 1 = N N C 2 = C 1 S C C 3 = C 2 S C = C 3,14 32 74 116 157 326 378 394 554 675 791 842 859 1114 1236 1326 1393 1421 1498 1546 1567 1580 1723 1750 1843 1873 1928 2004,C1Sc2c(c3c1ccs3)[nH]nc2SC
942,C 1 = C C = C ( C = C 1 ) C ( = O ) C 2 = C C = C ( O 2 ) C Br,9 80 226 250 251 310 389 558 650 656 728 807 1058 1062 1088 1199 1281 1380 1385 1604 1754 1775 1782 1873 1917 1934 1985,C1=CC=C(C=C1)C(=O)C2=CC=C(O2)CBr
943,C C 1 = C C = C ( C = C 1 ) N C ( = O ) C O C 2 = C ( C = C ( C = C 2 ) Br ) C N C C C 3 = C C = C C = C 3 F,41 80 94 167 191 235 255 695 699 718 728 766 807 875 909 1004 1032 1077 1088 1157 1169 1187 1199 1243 1349 1380 1452 1597 1631 1676 1703 1722 1750 1786 1816 1823 1840 1873 1898 1917 1920 1970 1990 2008,C1=CC=C(C=C1)NC(=O)COC2=C(C=C(C=C2)Br)CNCCC3=CC=CC=C3F
944,C C ( = O ) O [C@H] 1 C [C@] 2 ( [C@@H] ( C C [C@] 2 ( S ) S C ) [C@H] 3 C 1 ( [C@] 4 ( C = C C ( = O ) C = C 4 C C 3 ) C ) F ) C,66 116 134 182 229 249 314 403 460 504 521 679 687 695 746 748 858 926 1017 1019 1042 1057 1060 1077 1126 1162 1274 1275 1325 1380 1466 1738 1791 1873 2021 2039,CC(=C1CCC2C1(CC(CC2)SS)C)OC3CC3(C)SS
945,C N 1 C C C ( C C 1 ) C 2 = C ( C = C C ( = C 2 ) C C C N 3 C C [C@H] ( [C@H] ( C 3 ) O C ) N C ( = O ) C 4 = C C ( = C ( C = C 4 O C ) N ) Cl ) C ( = O ) O,50 67 80 104 126 190 207 249 272 310 366 387 389 430 456 486 543 547 642 650 653 695 798 869 875 910 926 935 937 978 993 1019 1027 1057 1145 1243 1254 1261 1304 1321 1328 1392 1403 1458 1480 1536 1667 1683 1750 1754 1791 1873 1911 1917 1991 2000,CN1CCC(CC1)C2=C(C=CC(=C2)CCCN3CCC(C(C3)OC)NC(=O)C4=C(C=C(C=C4)CCCN5CCN(CC5)C)OC)C(=O)O
946,C 1 = C C ( = C ( C = C 1 O C ( F ) ( F ) F ) F ) Cl,114 145 259 322 366 548 666 699 718 1093 1149 1380 1409 1453 1456 1683 1750 1873 1928,C1=CC(=C(C=C1OC(F)(F)F)F)Cl
947,O = c 1 [nH] c ( = O ) n ( c ( N ) c 1 N ( C ( = O ) C O C ( = O ) C 1 C N ( C ( = O ) C 1 ) C c 1 o c c c 1 ) C ) C c 1 c c c c c 1,54 80 147 231 264 311 314 335 376 407 531 534 650 656 739 750 758 775 787 798 802 807 869 881 926 935 1019 1057 1066 1088 1089 1114 1137 1163 1199 1233 1238 1380 1457 1469 1518 1635 1739 1754 1765 1873 1926 1963 1975 2004,CN(C1=C(N(C(=O)NC1=O)CC2=CC=CC=C2)N)C(=O)COC(=O)[C@@H]3CC(=O)N(C3)CC4=CC=CO4
948,[nH] 1 c ( = O ) n ( c c ( c 1 = O ) c 1 c c c s 1 ) C C C ( C O ) C O,1 14 16 62 80 165 222 314 352 383 464 482 633 675 750 758 807 852 917 935 1040 1088 1114 1145 1380 1420 1455 1499 1578 1666 1745 1750 1873,C1=CSC(=C1)C2=CN(C(=O)NC2=O)CCC(CO)CO
949,C 1 [C@@H] 2 C N ( C [C@@H] ( O 2 ) C N 1 ) C C 3 = C C ( = C ( C = C 3 ) Cl ) C ( = O ) N C C 4 5 C C 6 C C ( C 4 ) C C ( C 6 ) C 5,80 166 310 366 470 486 502 561 650 656 739 744 807 849 926 929 935 1019 1060 1077 1114 1152 1193 1292 1308 1317 1380 1391 1446 1512 1520 1577 1683 1699 1750 1759 1765 1771 1873 1917 1921 1976,C1C2CC3CC1CC(C2)(C3)CN4CC(OC4C(=O)NCl)CNC(=O)C56CC7CC(C5)CC(C7)C6
950,C C O C ( = O ) [C@@] 1 ( [C@@H] ( O C ( = N 1 ) C 2 = C C = C C = C 2 ) C ) C 3 = C C = C ( C = C 3 ) [N+] ( = O ) [O-],89 147 287 294 327 378 389 507 620 650 656 695 736 753 769 807 833 838 848 991 1019 1057 1060 1088 1195 1238 1274 1380 1554 1586 1722 1750 1764 1809 1871 1873 1917 1963,CCOC(=O)C1(C(OC(=N1)C2=CC=C(C=C2)[N+](=O)[O-])[Si](C)(C)O)C
951,c 1 c ( n c 2 n ( c 1 N C C N ( C ) C ) n c c 2 c 1 c c c ( c c 1 ) Cl ) C,43 59 80 216 222 352 383 412 561 652 755 816 875 896 935 1057 1070 1128 1152 1160 1163 1215 1380 1416 1520 1535 1589 1664 1696 1722 1731 1750 1855 1873 1929 1951,CC1=NC2=C(C=NN2C(=C1)NCN(C)C)C3=CC=C(C=C3)Cl
952,C O C C N C ( = O ) N C ( = O ) C O C 1 = C C = C ( C = C 1 ) C ( = O ) C 2 = C C = C ( C = C 2 ) Cl,9 13 41 80 102 192 197 216 322 561 667 695 718 807 816 841 1070 1119 1380 1385 1452 1683 1697 1775 1790 1873 1887 1917 1921 1989 2004,C1=CC(=CC=C1C(=O)C2=CC=C(C=C2)Cl)OCC(=O)NC(=O)NCCOOC
953,C C C N C ( C ) C 1 = C C = C C = C 1 O C 2 = C N = C C = C 2,1 80 199 237 283 378 581 695 794 814 1043 1057 1088 1197 1199 1586 1603 1617 1750 1756 1873 1945 1970,CC(C1=CC=CC=C1OC2=CN=CC=C2)[Si](CCC)(CCC)CCC
954,C ( = O ) ( N 1 C C C 2 ( c 3 c c ( c c c 3 C C 1 C 2 ) O C ( = O ) C ) c 1 c c c c c 1 ) O C C,80 147 231 242 294 322 389 555 556 561 608 650 695 718 772 807 875 926 1017 1019 1035 1057 1060 1065 1088 1162 1171 1199 1236 1238 1308 1326 1380 1480 1497 1561 1729 1750 1775 1910 1917 1962 1987,CCOC(=O)OCC1(CC1)C2CC3=C(C2)C=C(C=C3)OC(=O)C
955,c 1 c c ( c 2 c ( c 1 ) c c 1 c ( n 2 ) S C [C@H] 2 [C@@H] 1 c 1 c ( O C 2 ) n ( n c 1 C ) c 1 c c c ( c c 1 ) [N+] ( = O ) [O-] ) C,12 153 157 175 214 378 438 475 585 656 667 753 769 838 875 913 926 935 1019 1027 1039 1088 1166 1195 1238 1274 1306 1329 1380 1391 1453 1648 1738 1750 1754 1809 1873 1923 1956 1963 1999,C1C2CON3C(=C2C4=CC=C(C=C4C=C3[N+](=O)[O-])[N+](=O)[O-])O1
956,C 1 C C [NH+] ( C 1 ) C C C N C ( = O ) C O C 2 = C C = C ( C = C 2 ) C # N,18 34 41 80 102 197 219 322 575 597 650 667 674 718 807 832 926 1028 1136 1152 1183 1452 1690 1729 1750 1873 1876 1887 1911 1954 2010,C1CC[NH+](C1)CCCNC(=O)COC2=CC=C(C=C2)C#N
957,C C O C ( = O ) O C 1 = C ( C = C C ( = C 1 ) C # C C N 2 C C C ( C C 2 ) C C 3 = C C = C C = C 3 ) [N+] ( = O ) [O-],29 80 102 147 151 245 249 294 300 338 354 389 430 458 566 650 674 695 715 716 753 800 804 807 838 872 926 1019 1057 1060 1088 1135 1195 1199 1261 1348 1380 1443 1456 1480 1711 1722 1729 1750 1754 1844 1871 1873 1917 1954 1963,CC1=C(C=CC(=C1)C#CCOC(=O)OC2=C(C=CC(=C2)C#CCC3CCC(CC3)CC4=CC=CC=C4)[N+](=O)[O-])[N+](=O)[O-]
958,C C 1 = C C = C ( C = C 1 ) N 2 C ( C ( C C C 2 = O ) C ( = O ) N C 3 = C C ( = C C = C 3 ) [N+] ( = O ) [O-] ) C 4 = C C ( = C ( C = C 4 ) O C ) O C,49 94 184 191 209 227 235 238 263 650 689 695 703 753 798 841 875 901 926 1000 1039 1057 1088 1195 1245 1274 1279 1325 1380 1610 1629 1722 1738 1756 1803 1816 1820 1823 1917 1920 1922 1924 1940 1963 1970,CC1=CC=C(C=C1)C2C(CCC2=O)C(=O)NC3=CC(=C(C=C3)OOC)OC
959,C C C N 1 C 2 = C ( C = C ( C = C 2 ) N C ( = O ) N C 3 = C C = C C ( = C 3 ) C ) O C C ( C 1 = O ) ( C ) C,56 80 127 164 184 191 255 281 294 314 588 650 656 703 807 820 843 875 926 935 953 1013 1055 1057 1060 1088 1145 1152 1295 1722 1750 1823 1915 1917 1989 1990,CCN1C2=C(C=C(C=C2)NC(=O)NC3=CC=CC(=C3)C)N(C(=O)C(C1=O)(CC)CC)CCC
960,C C 1 ( C ) N C ( C C ( = O ) C 1 C c 1 c c c ( c c 1 ) O ) C C c 1 c c c ( c c 1 ) O,80 231 310 370 471 650 745 746 807 830 832 849 925 926 975 1006 1045 1057 1060 1114 1243 1261 1274 1491 1602 1717 1733 1750 1754 1778 1873,CC1(C(NC(C(N1)(C)C)(C)CCC2=CC=C(C=C2)O)CCC3=CC=C(C=C3)O)CCC4=CC=C(C=C4)O
961,C C 1 = C ( C = C C ( = C 1 ) C ( = O ) N C ( C C ( C ) C ) C ( = O ) O ) N C ( = O ) C 2 = C N = C ( C = C 2 ) Cl,80 117 283 298 355 378 426 486 561 650 680 736 759 807 875 1057 1102 1152 1224 1292 1297 1385 1391 1435 1442 1452 1535 1624 1697 1722 1758 1768 1816 1847 1873 2001,CC1=CC(=C(C=C1NC(=O)C(CC(C)C)NC(=O)C2=CN=C(C=C2)Cl)C)NC(=O)C(CC(C)C)NC(=O)C3=CN=C(C=C3)Cl
962,C C 1 = N C = C ( N 1 C [C@@H] ( C ) O ) [N+] ( = O ) [O-],1 80 172 227 506 650 715 753 802 807 913 917 935 1057 1231 1380 1452 1722 1820 1873 1922 1963 1973,CC1=NC=C(N1CC(O)O)[N+](=O)[O-]
963,C C N 1 C C C 2 = C ( C 1 ) S C ( = C 2 C ( = O ) O C ) N C ( = O ) C 3 = C C = C C = C 3 S C C,1 50 80 83 116 162 165 216 294 341 361 403 486 586 650 675 695 807 808 811 841 847 865 906 926 935 1025 1057 1152 1380 1411 1447 1480 1622 1710 1738 1750 1791 1797 1833 1873 1917 1946 1991,CCSC1=CC=C(C=C1)SCC
964,C C 1 = C C ( = C C = C 1 ) C ( = O ) N ( C 2 C C N ( C C 2 ) C C 3 = C C = C C = N 3 ) C 4 = C C ( = C ( C = C 4 ) O C ) O C,94 140 249 346 400 448 519 590 630 650 695 724 781 784 807 809 837 841 875 881 935 960 1013 1019 1039 1055 1057 1088 1096 1153 1155 1199 1221 1245 1261 1286 1325 1380 1385 1389 1452 1480 1722 1750 1765 1791 1823 1917 1970 1984 1985 2043,CC1=CC(=CC=C1)C(=O)N(C2CCN(CC2)CC3=CC=CC=N3)C4=CC(=C(C=C4)OC)OC
965,C O [C@H] ( / C = C / C ( = O ) N O ) [C@@H] ( C 1 = C C = C ( C = C 1 ) O C C O ) O C ( = O ) N C 2 = C C = C C 3 = C C = C C = C 3 2,13 31 69 80 102 114 124 222 233 322 464 473 540 650 694 695 718 807 841 878 1000 1013 1034 1057 1087 1088 1104 1141 1152 1154 1160 1199 1301 1351 1357 1365 1369 1380 1387 1452 1573 1615 1631 1750 1758 1853 1855 1873 1917,CO[C@@H](/C=C/C(=O)NO)[C@H](C1=CC=C(C=C1)OCCO)OC(=O)NO
966,C C [C@H] ( C ) N C ( = O ) N [C@@H] ( C ) C 1 = C C 2 = C ( C = C 1 ) O C O 2,1 80 117 158 283 294 441 456 532 596 650 656 738 807 875 926 1035 1057 1152 1349 1365 1544 1627 1647 1800 1863 1905 1917 1989 2018 2029,CCC(C)NC(=O)NC(C)C1=CC2=C(C=C1)OCO2
967,C N C ( = O ) C ( = C C 1 = C C 2 = C C = C C = C 2 O C 1 C 3 = C C = C C = C 3 ) C # N,84 179 345 389 421 650 656 674 694 750 790 1019 1057 1079 1088 1138 1152 1199 1210 1279 1380 1384 1416 1430 1446 1448 1481 1565 1663 1709 1740 1746 1750 1833 1917 1949 1957,CNC(=O)/C(=C/C1=CC(=C(OC1C2=CC=CC=C2)C3=CC=CC=C3)/C=C(\C#N)/C(=O)NC)/C#N
968,C C ( C ) N ( C ) C 1 = C ( C = C ( C = C 1 ) Br ) Br,46 234 254 728 833 875 909 1030 1057 1157 1163 1380 1631 1758 1873 1951 2018,CN(C1=C(C=C(C=C1)Br)Br)N(C)C2=C(C=C(C=C2)Br)Br
969,O = S ( = O ) ( N c 1 c ( n c c ( c 1 ) c 1 c c c 2 c ( c 1 ) n c ( c n 2 ) N C C 1 C C C C C 1 ) Cl ) c 1 c c c ( c c 1 ) F,2 4 22 29 80 90 339 342 350 377 378 451 484 502 561 583 650 785 875 883 890 896 926 961 1019 1030 1097 1099 1152 1160 1224 1294 1325 1410 1416 1452 1476 1478 1501 1535 1604 1628 1683 1719 1750 1790 1855 1873 1898 1928 1929,C1CCC(CC1)CNC2=CN=C3C=C(C=CC3=N2)C4=CC(=C(N=C4)Cl)NS(=O)(=O)C5CC5
970,C C 1 = N C 2 = C ( C 3 = N C 4 = C C = C C = C 4 N = C 3 N 2 C 5 = C ( C = C C ( = C 5 ) O C ) O C ) C ( = O ) N 1 C C 6 = C C = C C = C 6 Cl,37 80 94 314 322 366 378 429 516 534 549 561 641 695 781 792 841 917 935 974 995 1057 1088 1097 1184 1199 1349 1380 1519 1536 1597 1683 1696 1722 1724 1765 1855 1939 1972 1984 1993,CC1=NC2=C(C3=NC4=CC=CC=C4N=C3N2CC5=CC=CC=C5Cl)C(=O)N1C6=CC=CC=C6Cl
971,c 1 ( c ( c ( n c c 1 C / N = C ( / N c 1 c c c ( F ) c c 1 ) \ S ) C ) O ) C O,80 90 92 156 191 202 222 246 284 372 378 447 699 722 725 807 837 843 861 1057 1077 1104 1152 1183 1349 1380 1410 1452 1485 1602 1670 1722 1744 1750 1816 1873 1928 2034,CC1=C(C(=C(C(=N1)C)O)CN=C(NC2=CC=C(C=C2)F)NC3=CC=C(C=C3)F)CO
972,C C O C ( = O ) C ( = C 1 C 2 = C ( C = C C 3 = C C = C C = C 3 2 ) O C 4 = C 1 C ( = O ) N C ( = S ) N 4 ) C # N,4 46 80 97 203 241 294 314 620 623 650 656 674 689 695 790 807 1045 1057 1087 1116 1199 1357 1384 1493 1609 1610 1717 1722 1745 1747 1750 1783 1810 1815 1855 1873 1895 1905,CC/C(=C\1/C2=C(C=CC3=CC=CC=C32)OC(=O)N1)/OC#N
973,C C ( C ) O C ( = O ) C 1 = C ( N C ( = C C 1 C 2 = C C ( = C C = C 2 ) [N+] ( = O ) [O-] ) C ( O C ) O C ) C O C ( = O ) C,1 69 70 80 145 147 179 217 283 419 516 585 650 695 715 718 745 753 807 830 838 841 846 862 866 875 878 918 1017 1019 1035 1039 1057 1060 1088 1114 1182 1195 1204 1274 1279 1351 1380 1610 1750 1809 1873 1888 1933 1940 1963 1978 2011 2046,CC(C)OC(=O)C1=C(NC(=CC1C2=CC(=CC=C2)[N+](=O)[O-])C(OC)OC)COC(=O)C
974,C S C 1 = C C = C ( C = C 1 ) C 2 = C C 3 ( C C C 3 ) C = C 2 C 4 = C C = C ( C = C 4 ) S ( = O ) ( = O ) C,1 116 240 319 350 407 644 650 692 811 896 910 926 1028 1057 1060 1162 1167 1255 1276 1380 1476 1513 1624 1667 1723 1750 2028,CSC1=CC=C(C=C1)SC2=CC3(CCC3)C=C2C4=CC=C(C=C4)S(=O)(=O)C
975,C 1 C O C C N 1 S ( = O ) ( = O ) C 2 = C C ( = C ( C = C 2 ) O C 3 = C C = C C = C 3 ) N C ( = O ) C 4 = C C 5 = C C = C C = C 5 C = C 4,94 193 240 319 322 350 389 523 526 537 585 598 650 656 695 715 800 807 875 926 935 947 950 1087 1152 1199 1380 1385 1441 1480 1617 1661 1697 1750 1795 1855 1873 1950 1970,C1COCCN1S(=O)(=O)C2=CC(=C(C=C2)OC3=CC=CC=C3)OC4=CC=CC=C4
976,C 1 = C C = C ( C ( = C 1 ) N C 2 = C ( C ( = N C = N 2 ) N C 3 = C C = C C = C 3 O ) [N+] ( = O ) [O-] ) O,81 378 489 534 650 708 715 753 838 996 1088 1152 1195 1367 1380 1452 1750 1758 1810 1873 1963 1982 2037,C1=CC(=C(N=C1)N[N+](=O)[O-])N[N+](=O)[O-]
977,C C ( C ) N 1 C C N ( C C 1 ) C C 2 = C C ( = C ( C = C 2 ) O C 3 = C C = C ( C = C 3 ) S C ) C N,1 74 94 116 157 193 240 283 336 394 484 634 695 718 744 784 796 811 827 875 926 935 981 1057 1171 1255 1349 1480 1513 1617 1624 1627 1723 1748 1750 1791 1873 1970,CC(C)N1CCN(CC1)CC2=C(C=CC(=C2)SC)OC3=CC=C(C=C3)SC
978,C O C ( = O ) C 1 = C C = C ( C = C 1 ) / C = N / N 2 C C N ( C C 2 ) C 3 = C C = C C = [NH+] 3,25 145 147 195 270 286 328 407 590 606 636 650 694 695 707 807 841 864 926 935 1000 1057 1088 1118 1152 1199 1380 1385 1480 1508 1697 1715 1764 1873 1917 2033,COC(=O)C1=CC=C(C=C1)/C=N/N2CCN(CC2)C3=CC=CC=C3/C=N/N4CCN(CC4)/C=N/C5=CC=C(C=C5)C(=O)OC
979,C 1 C [C@H] ( N ( C 1 ) C ( = S ) S C C C # N ) C ( = O ) O,38 80 110 116 242 354 389 413 446 531 674 807 926 934 1019 1028 1089 1128 1168 1182 1325 1384 1431 1583 1608 1617 1803 1917,C1C[C@H](N(C1)C(=C(SCCC#N)SCCC#N)C(=O)O)C(=O)O
980,C O C ( = O ) C ( = O ) C 1 = C ( N C ( = S ) N [C@@H] 1 C 2 = C C ( = C ( C = C 2 ) F ) F ) C 3 = C C = C C = C 3 F,97 101 216 273 301 352 451 531 678 695 699 841 875 926 932 1019 1032 1057 1060 1088 1279 1316 1319 1352 1380 1422 1472 1539 1593 1750 1803 1824 1873 1905 1917 1928 2013 2024,CO[Si](C1=C(C(C(=C1)C2=C(C=CC(=C2)F)F)C3=CC(=C(C=C3)F)F)C(=O)C(=S)OC)OC
981,C C 1 = C C ( = C ( C = C 1 ) N 2 C ( = C ( C ( = N 2 ) C 3 = C ( C = C ( C = C 3 ) O C ) O C ) C 4 = C C = C ( C = C 4 ) N C ( = O ) C C ( C ) ( C ) C ) O C ( = O ) C ) C,41 114 191 204 235 249 322 323 374 392 565 624 680 781 807 825 896 901 935 971 997 1013 1017 1035 1057 1061 1077 1113 1152 1160 1246 1295 1348 1380 1391 1536 1653 1729 1747 1750 1775 1776 1795 1816 1823 1843 1852 1873 1915 1917 1956 1970,CC1=CC(=C(C=C1)N2C(=C(C(=N2)C3=C(C=C(C=C3)C)OC)C4=CC=C(C=C4)NC(=O)CC(C)(C)C)OC(=O)C)C
982,C C 1 C N 1 C 2 = C ( C ( = O ) C 3 = C ( C 2 = O ) N = C C = C 3 ) O C,314 352 378 413 448 571 684 695 734 739 743 841 926 935 984 1019 1043 1057 1093 1121 1309 1380 1452 1476 1536 1540 1677 1746 1750 1866 1873 2008,CC1CN1C2=C(C(=O)C3=C(C2=O)C=CC=N3)OC
983,C 1 C C ( N C 1 ) C 2 = N N = C ( O 2 ) N 3 C C C C 4 = C C = C C = C 4 3,149 200 215 221 316 378 656 840 935 974 1019 1028 1088 1114 1138 1150 1164 1199 1236 1325 1380 1457 1480 1523 1567 1604 1647 1708 1738 1746 1750 1873 1912,C1CC2=CC=CC=C2N(C1)C3=NN=C(O3)C4CC4
984,C 1 = C C ( = C C = C 1 C 2 = N C 3 = C C ( = N N 3 C ( = C 2 ) C ( C ( F ) ( F ) F ) ( F ) F ) C ( = O ) N C 4 = C N ( N = C 4 ) C C 5 = C ( C = C ( C = C 5 ) F ) Cl ) F,43 59 90 114 191 366 378 412 464 486 561 650 699 729 747 807 855 875 916 933 965 980 1172 1221 1349 1380 1408 1410 1428 1453 1487 1592 1670 1682 1741 1765 1815 1855 1873 1911 1917 1922 1971 1990 2017,C1=CC(=CC=C1C(C2=CC(=NC3=CN(N=C23)CC4=C(C=C(C=C4)F)Cl)C5=CN(N=C5)CC6=C(C=C(C=C6)F)Cl)(C(F)(F)F)C(F)(F)F)F
985,C 1 C O C ( = O ) [C@H] 1 N C ( = O ) C C 2 = C C = C ( C = C 2 ) C # N,34 41 80 102 203 305 310 314 325 385 441 535 650 656 730 807 913 926 941 1019 1154 1325 1380 1384 1464 1750 1754 1873 1917 1918 1954 2000,C1CC(C(=O)O1)C(=O)NI
986,C [C@] 1 2 C C C ( = O ) C = C 1 C C [C@@H] 3 [C@@H] 2 [C@H] ( C [C@] 4 ( [C@H] 3 C C [C@@] 4 ( C 5 = N C 6 = C C = C C = C 6 N = C 5 ) O ) C ) O,34 51 84 88 168 182 242 289 377 378 408 479 504 519 529 622 641 650 679 697 807 841 849 897 924 926 1009 1019 1040 1057 1060 1088 1097 1154 1162 1199 1219 1257 1274 1286 1296 1325 1345 1380 1436 1452 1489 1531 1535 1738 1750 1793 1797 1855 1873 1884 1938,C[C@]12CCC(=O)C=C1CC[C@@H]3[C@@H]2[C@H](C[C@]4([C@H]3CC[C@@]4(C5=NC6=CC=CC=C6N=C5)O)C)O
987,C [Si] ( C ) ( C ) C ( C ( C Cl ) Cl ) O,1 80 208 378 656 807 914 920 1057 1109 1194 1525 1950,C[Si](C)(C)C(CCl)C([Si](C)(C)C)[Si](C)(C)C([Si](C)(C)C)[Si](C)(C)C([Si](C)(C)C)[Si](C)(C)C
988,n 1 c ( c 2 c ( c n ( n 2 ) c 2 c c c ( c c 2 ) C ) c 2 c 1 c c c c 2 ) N C ( = O ) N C c 1 c c c c c 1,72 80 197 233 235 255 289 312 378 389 464 638 807 935 1057 1060 1081 1088 1097 1152 1199 1246 1380 1455 1501 1518 1722 1724 1750 1754 1816 1823 1825 1855 1917 1920 1951 1956 1989 2035,CC1=CC=C(C=C1)N2C=C3C(=N2)C4=CC=CC=C4N=C3NC(=O)NCC5=CC=CC=C5
989,C 1 = C C ( = C ( C ( = C 1 C ( = O ) O ) N ) N ) C ( = O ) O,67 243 275 456 650 819 1047 1380 1457 1750 1873 1917 1991,C1=CC(=C2C(=CC=C(C2=C1C(=O)O)C(=O)O)C(=O)O)C(=O)O
990,C O C 1 = C C = C C ( = C 1 ) / C = C ( / C ( = O ) N C 2 = C C ( = C C = C 2 ) S C ( C 3 = C C = C C = C 3 ) C ( = O ) N C 4 = N C 5 = C C = C C = C 5 S 4 ) \ N C ( = O ) C 6 = C C = C C = C 6,1 27 103 116 162 184 191 270 271 317 318 324 378 385 389 461 466 486 557 573 609 650 695 703 716 721 781 807 811 841 875 885 980 1035 1039 1097 1103 1118 1119 1152 1180 1210 1353 1385 1507 1516 1523 1536 1581 1746 1750 1816 1855 1873 1917 1972 1985 2022 2033,C1=CC(=CC(=C1)/C=C(\C(=O)NC2=CC(=CC=C2)SC(C(=O)NC3=NC4=CC=CC=C4S3)C(=O)NC5=NC6=CC=CC=C6S5)/NC(=O)C7=CC=CC=C7)OC
991,C C ( C ) [C@H] ( C O ) N 1 [C@H] ( [C@] 2 3 C C [C@H] ( O 2 ) [C@H] ( [C@@H] 3 C 1 = O ) C ( = O ) O [C@H] ( C N C ( = O ) C C C = C ) C 4 = C C = C C = C 4 ) C ( = O ) N ( C C = C ) C 5 = C C = C C = C 5 Cl,1 5 41 80 110 144 182 197 198 222 366 389 401 430 481 494 534 561 606 650 651 656 668 673 680 685 694 695 783 807 887 935 940 974 976 1019 1057 1058 1060 1152 1162 1181 1199 1325 1329 1348 1362 1366 1380 1391 1412 1564 1589 1645 1683 1735 1750 1757 1772 1773 1804 1819 1846 1873 1917 1951 2018,CC(C)[C@H](CNC(=O)CCC=C)N1C(C23CC[C@@H](O2)[C@@H]([C@H]3C1=O)C(=O)ONC4=CC=CC=C4Cl)C(=O)NCC=C
992,C 1 = C C = C ( C = C 1 ) C C 2 = N C ( = C [Se] 2 ) C 3 = C C = C ( C = C 3 ) [N+] ( = O ) [O-],80 378 389 436 521 650 715 753 769 838 896 980 1063 1066 1073 1195 1274 1380 1412 1430 1635 1707 1750 1754 1809 1814 1855 1873 1921 1971 2006,C1=CC=C(C=C1)CC2=NC(=C[Se]2)C3=CC=C(C=C3)[N+](=O)[O-]
993,C C ( C 1 N = C 2 C = C C = C C 2 = N 1 ) N C C 3 = C C = C ( C = C 3 ) C 4 = C ( C = C 5 C ( = N 4 ) C = C N C 5 = O ) C 6 = C C = C C = C 6,1 113 196 222 226 255 283 310 314 323 352 365 378 380 389 638 650 683 736 750 774 782 806 875 896 1016 1088 1097 1114 1137 1160 1186 1357 1506 1561 1601 1730 1750 1754 1855 1873 1892,C1=CC=C(C=C1)C2=C(N=C3C(=C2)C(=O)NC=C3)C4=CC=C(C=C4)CN[P+](C)(C(C)C)C(C)C
994,C O C 1 = C C = C C ( = C 1 ) N C ( = O ) C 2 = C C = C N ( C 2 = O ) C C 3 = C C = C C = C 3 Cl,80 90 95 184 314 322 366 486 494 504 561 622 650 695 703 781 807 841 847 875 935 974 1039 1057 1088 1101 1152 1199 1349 1380 1410 1536 1597 1683 1750 1765 1873 1917 1962 1972 1991,COC1=CC=CN(C1=O)CC2=CC=CC=C2Cl
995,C 1 C C 2 C ( = N O C 2 3 C S [C@@H] 4 [C@@H] ( C ( = O ) N 4 [C@H] 3 C ( = O ) O C ( C 5 = C C = C C = C 5 ) C 6 = C C = C C = C 6 ) N C ( = O ) C C 7 = C C = C C = C 7 ) C 1,1 5 12 41 80 233 314 376 387 389 396 534 639 650 673 675 753 773 807 913 926 935 998 1019 1028 1060 1066 1085 1088 1150 1152 1199 1205 1279 1325 1365 1380 1391 1456 1538 1541 1581 1609 1615 1738 1750 1754 1873 1899 1917 1932 1943 1950,C1CC2=C3CCCC3(CS[C@@H]2N4[C@@H]1[C@@H](C4=O)NC(=O)CC5=CC=CC=C5)C(C6=CC=CC=C6)C7=CC=CC=C7
996,C C ( C ) C 1 = C C ( = N O 1 ) C ( = O ) N C 2 C C 2,1 9 283 387 598 656 667 807 855 875 926 1019 1032 1057 1152 1325 1380 1444 1542 1634 1655 1873 1978,CC(C)C1=CC(=NO1)C(=O)NC2CC2
997,C N 1 C ( = O ) C 2 = C ( N = C 1 N C C N ) S C 3 = C 2 C C C 3,42 80 157 220 314 378 427 459 504 564 650 667 675 752 892 926 935 981 997 1019 1028 1057 1145 1152 1171 1380 1391 1416 1738 1760 1804 1831 1840 1962 1984,CN1C(=O)C2=C(CCC2)SC1=NCCN
998,C 1 C C N ( C C 1 ) C C 2 = C C = C ( O 2 ) C ( = O ) N ( C 3 = C C 4 = C C = C C = C 4 N = C 3 ) C ( C 5 = C C = C ( C = C 5 ) O ) C ( = O ) N C C 6 = C C = C C = C 6,1 2 80 168 197 243 250 255 289 294 310 330 378 389 607 638 650 656 700 745 784 807 875 881 926 935 1028 1039 1066 1087 1088 1096 1097 1139 1152 1199 1221 1313 1365 1380 1422 1452 1480 1518 1535 1573 1604 1750 1754 1765 1853 1855 1861 1917 1934 1985 1998,C1CCN(CC1)CC2=CC=C(O2)C(=O)N(C3=CC4=CC=CC=C4N=C3)C(C5=CC=C(C=C5)CNC(=O)O)C(=O)NCC6=CC=CC=C6
999,C 1 C N ( C C N 1 ) C 2 = N C ( = N C 3 = C 2 C = C C ( = C 3 ) Cl ) C 4 = C C = C C = C 4 Cl,130 165 305 352 366 378 407 561 804 816 875 926 935 984 1088 1097 1106 1114 1138 1199 1308 1332 1356 1357 1380 1472 1480 1506 1516 1576 1678 1683 1716 1733 1750 1855 1873 2020,C1CN(CCN1)C2=NC3=C(C=CC(=C3)Cl)C(=C2)C4=CC=CC=C4Cl
1000,C C ( = O ) O C 1 C ( O C ( C ( C 1 O C ( = O ) C ) O C ( = O ) C ) S C 2 C = C [C@H] 3 [C@H] 4 C C 5 = C 6 [C@] 3 ( [C@H] 2 O C 6 = C ( C = C 5 ) O C ) C C N 4 C ) C O,67 80 94 116 211 222 231 249 295 296 311 354 455 486 497 521 541 554 564 580 610 650 656 695 705 734 750 807 873 926 940 956 1017 1035 1039 1057 1060 1145 1162 1171 1236 1246 1294 1372 1380 1420 1516 1536 1622 1689 1750 1764 1860 1873 1917 1921 1950 1970 2022,CC(=O)O[C@@H]1[C@H](O[C@H]([C@@H]([C@H]1OC(=O)C)OC(=O)C)SC2CC3=C4C25CCC(C4=C(C=C3)OC)(C6=C5C(=C(C=C6)OC)O6)SC7[C@@H]([C@H]([C@@H]([C@H](O7)CO)OC(=O)C)OC(=O)C)C)O)C
1001,C C ( = O ) N C 1 = C S C 2 = C 1 C 3 = N N C ( = O ) C C 3 C C 2,42 122 179 231 245 314 378 516 552 650 675 728 762 843 849 926 928 948 1017 1019 1057 1114 1152 1224 1248 1298 1575 1577 1747 1798 1816 1873 1907 2000,CC(=O)NC1=CSC2=C1C3=NNC(=O)CC3C2
1002,C 1 = C C ( = C N = C 1 ) C ( = O ) O C C ( C O C ( = O ) C 2 = C N = C C = C 2 ) O,1 118 145 147 227 378 437 523 650 695 807 1043 1088 1380 1522 1535 1603 1750 1751 1866 1873 1905 1917 1962 1985 2038,C1=CC(=CN=C1)C(=O)OCC(COC(=O)C2=CN=CC=C2)O
1003,C C 1 = N N ( C ( = S ) N 1 C 2 = C C = C C = C 2 ) C N 3 C C C [C@@H] 4 [C@@H] 3 C C C C 4,80 97 160 276 378 389 446 585 605 890 926 935 960 989 1019 1028 1049 1057 1088 1199 1325 1329 1380 1689 1714 1717 1750 1764 1819 1825 1873 1956 1986 1993 2022 2037,C1CC[C@H]2[C@H](C1)CCCN2CN3C(=S)N(C(=N3)N4C(=S)N(N=C4CN5CCC[C@@H]6[C@@H]5CCCC6)C7=CC=CC=C7)C8=CC=CC=C8
1004,C C 1 = N C 2 = C C = C C = C 2 C ( = C 1 ) C ( = O ) O [C@H] ( C 3 = C C = C ( C = C 3 ) F ) C ( = O ) N,140 145 263 289 378 434 495 650 692 695 699 807 902 970 1057 1088 1199 1212 1357 1365 1380 1520 1670 1722 1731 1750 1801 1855 1873 1917 1928,CC1=CC(=C2C=CC=CC2=N1)F
1005,C N C ( C 1 = C C = C S 1 ) C 2 = C ( C = C C ( = C 2 ) F ) Br,173 237 241 287 383 459 526 543 604 675 699 728 802 833 875 1057 1088 1152 1185 1192 1225 1380 1430 1487 1567 1631 1670 1750 1907 1928,CNC(C1=CC=CS1)C2=C(C=CC(=C2)F)Br
1006,C N ( C ) C C N C ( = O ) C 1 2 C C C 3 C [C@H] ( C 1 ) C [C@H] ( C 3 ) C 2,0 59 80 197 310 373 400 600 650 667 693 807 856 882 1019 1060 1152 1162 1163 1277 1292 1325 1699 1917 1976 2028,C1CC2(CCC1C2)C(=O)NCCNC(=O)C34CC5CC(C3)CC(C5)C4
1007,c 1 c ( c c c ( c 1 ) c 1 c c ( c c c 1 ) Cl ) C N ( C c 1 c c c c n 1 ) S ( = O ) ( = O ) c 1 c c c ( c c 1 ) Cl,80 165 172 216 282 310 319 350 378 448 507 561 650 715 724 785 847 875 881 983 1039 1070 1088 1147 1153 1155 1160 1199 1380 1452 1476 1683 1737 1754 1866 1873 1946 1964,C1=CC=NC(=C1)CN(CC2=CC=C(C=C2)Cl)S(=O)(=O)C3=CC=C(C=C3)C4=CC(=CC=C4)Cl
1008,C 1 = C C = C 2 C ( = C 1 ) C ( = O ) C 3 = C C 4 = N S N = C 4 C = C 3 C 2 = O,1 314 352 378 636 650 675 875 1088 1199 1374 1380 1476 1640 1708 1750 1891 1925,C1=CC=C2C(=C1)C(=O)C3=C(C2=O)C=C4C(=C3)C(=O)C5=C(C4=O)C=C6C(=C5)C(=O)N=S=NS6
1009,C O C 1 = C 2 C 3 = C C = C C = C 3 N C 2 = C ( C = C 1 ) C ( C 4 = C 5 C ( = C ( C = C 4 ) O C ) C 6 = C C = C C = C 6 N 5 ) O,1 94 119 159 223 237 249 396 629 695 805 807 1057 1088 1114 1199 1299 1357 1380 1530 1536 1573 1750 1767 1783 1873 1970 1984 1986,COC1=C2C(=C(C=C1)C(C3=C4C5=CC=CC=C5NC4=C(C=C3)OC)C6=C7C8=CC=CC=C8NC7=C(C=C6)OC)C9=CC=CC=C9N2
1010,C 1 = C C = C ( C = C 1 ) C ( = O ) N C C N C ( = O ) C 2 = C C = C ( C = C 2 ) N S ( = O ) ( = O ) C 3 = C C ( = C ( C = C 3 ) F ) Cl,4 191 197 216 265 279 319 350 366 389 465 486 502 650 667 715 743 807 843 875 1088 1152 1199 1256 1270 1380 1476 1488 1697 1750 1840 1873 1917 1928 1985,C1=CC=C(C=C1)C(=O)NCCNC(=O)C2=CC=C(C=C2)NS(=O)(=O)C3=CC(=C(C=C3)F)F
1011,C C 1 = N C 2 = C C = C C = C 2 C ( = O ) N 1 O C ( = O ) C 3 = C C ( = C C = C 3 ) O C,64 107 145 289 290 314 378 469 485 504 562 625 650 751 781 807 841 875 917 935 950 1039 1057 1088 1097 1199 1357 1371 1380 1384 1385 1573 1634 1722 1750 1855 1873 1917 1985,CC1=NC2=CC=CC=C2C(=O)N1N3C(=NC4=CC=CC=C4C3=O)C
1012,C N 1 C 2 = C C = C C = C 2 S C 1 = C 3 C ( = O ) N C ( = O ) N C 3 = O,125 314 377 397 549 650 675 771 819 917 935 974 987 1057 1060 1088 1114 1145 1199 1295 1380 1464 1488 1594 1647 1657 1750 1873 1974 2044,CN1C2=CC=CC=C2SC1=C3C(=O)NC(=O)NC3=O
1013,C O C 1 = C ( C = C C ( = C 1 C / C = C / C 2 = C C = C C = C 2 ) O ) C / C = C / C 3 = C C = C C = C 3,80 333 623 694 695 786 807 835 841 859 878 988 1057 1088 1089 1109 1199 1349 1353 1380 1475 1556 1599 1602 1607 1741 1750 1833 1873 2033 2034,COC1=C(C=CC(=C1C/C=C/C2=CC=CC=C2)O)C/C=C/C3=CC=CC=C3
1014,C C 1 = C C C 2 C ( C C C C 2 ( C 1 C C C ( = C C C C ( C ) O C ( = O ) C ) C ) C ) ( C ) C,1 69 80 95 171 190 237 283 285 385 401 478 479 556 598 650 694 695 739 777 832 883 925 926 1019 1028 1035 1056 1057 1060 1096 1232 1274 1325 1380 1394 1424 1477 1531 1564 1628 1646 1656 1714 1722 1781 1873 1917 2005,CC1=CCC2C(CCCC2(C1CC/C(=C/CCC(C)OC(=O)C)/C)C)(C)C
1015,C O C 1 = C C = C ( C = C 1 ) C 2 = C C ( = N C ( = C 2 C # N ) S C C ( = O ) N C 3 = C C = C ( C = C 3 ) C ( = O ) O C ) C 4 = C C = C C = C 4,32 41 80 116 145 191 213 222 322 341 378 389 650 674 695 718 781 807 875 896 901 906 916 1057 1077 1088 1136 1152 1199 1380 1384 1385 1455 1506 1697 1715 1750 1816 1855 1864 1873 1917 1949 1959 1971,COC1=CC=C(C=C1)NC(=O)CSC2=C(C(=CC(=N2)SCC(=O)NC3=CC=CC=C3)C(=O)OC)C#N
1016,C [C@@H] ( C 1 = C ( C = C ( C = C 1 ) Cl ) Cl ) N C ( = O ) [C@H] ( C ) S C 2 = N N = C ( N 2 C ) C 3 = C C = C ( C = C 3 ) O C,1 8 112 117 157 165 216 220 237 283 302 366 378 469 490 561 564 573 650 695 718 747 781 805 816 841 875 896 1057 1152 1160 1162 1209 1380 1627 1683 1722 1873 1917 1929 1949,CC(C1=C(C=C(C=C1)Cl)Cl)NC(=O)C(C)C2=C3C=CC(=CC=C3)C4=NC(=NS4(=O)OC)C5=CC=C(C=C5)C6=NC=NO6
1017,C C 1 = C N = C 2 N 1 C 3 = C ( C = C ( S 3 ) C 4 = C C = C C = C 4 ) N = C 2 N C 5 C C N ( C C 5 ) C C 6 = C C = C C = C 6,80 296 372 378 383 389 548 637 708 736 777 784 875 883 892 926 935 1019 1032 1088 1097 1123 1143 1152 1160 1164 1168 1199 1231 1261 1262 1325 1380 1480 1589 1634 1683 1696 1722 1750 1765 1771 1791 1855 1873 1888 1921,C1CN(CCC1NC2=NC3=NN=C(N3C(=C2)C)C4=CC=CC=C4)CC5=CC=CC=C5
1018,C C 1 = C ( C = C ( C = C 1 ) Cl ) N 2 C C N ( C C 2 ) C ( = S ) N C 3 = C ( C = C C ( = C 3 ) C ( = O ) O C ) C ( = O ) O C,24 67 97 110 145 165 168 231 310 407 429 469 510 599 650 695 807 816 841 875 906 926 935 936 1057 1097 1224 1295 1380 1385 1391 1480 1508 1667 1683 1697 1715 1750 1816 1873 1917 1991,COC(=O)C1=CC(=C(C=C1)C(=O)OC)NC(=S)N2CCN(CC2)C3=C(C=CC(=C3)Cl)C(=O)OC
1019,C C 1 2 C C C ( = O ) N ( C 1 C C C 3 C 2 C C C 4 ( C 3 C C C 4 = O ) C ) C,7 34 105 212 239 519 522 529 622 630 716 758 798 878 926 935 1019 1060 1095 1134 1139 1145 1162 1274 1325 1477 1738 1855,C[C@]12CCC(=O)N([C@@H]1N(C3C2CC[C@]4(C3CCC5C4CC[C@]6(C5CCC7C6CC[C@]8(C7CCC9C8N(C1CC9)C)C)C)C)C)C
1020,C 1 = C C = C ( C ( = C 1 ) C 2 = N N = C ( O 2 ) S C C 3 = C C = C ( C = C 3 ) C # N ) Cl,34 80 102 116 305 310 341 352 366 378 463 561 623 656 660 674 696 762 790 815 974 984 1047 1088 1136 1158 1164 1199 1356 1380 1384 1604 1683 1754 1873 1884 1954,C1=CC=C(C(=C1)C2=NN=C(O2)SCC3=CC=C(C=C3)C#N)Cl
1021,C C C N 1 C 2 = C ( C = C ( C = C 2 ) C ) S C 1 = N C ( = O ) C C,30 45 162 235 294 455 650 681 725 794 802 820 875 898 935 974 1013 1057 1145 1380 1646 1715 1722 1749 1754 1765 1823 1873 1917 1930 2021 2028,CCCN1C2=C(C=C(C=C2)C)N(C1=NC(=O)C3CC3)CCC
1022,C 1 = C C = C ( C = C 1 ) C O C ( = O ) N C C 2 = C C = C ( C = C 2 ) C ( = O ) Cl,80 147 197 310 339 389 695 745 807 1066 1152 1199 1292 1380 1385 1573 1697 1754 1758 1873 1914 1917 1930 1941 2020 2026 2042,C1=CC=C(C=C1)COC(=O)NCNC(=O)C2=CC=C(C=C2)COC(=O)NCNC(=O)OCC3=CC=CC=C3
1023,[C@@H] 1 ( [C@@H] ( C C C 1 ) C 1 = N O C ( C 1 ) c 1 c c ( c c c 1 ) C ( = O ) O C ) C ( = O ) N C c 1 c c c ( c c 1 ) O C ( F ) ( F ) F,35 80 114 147 197 209 231 255 310 322 353 378 455 469 548 576 638 639 650 656 689 695 718 772 807 841 875 906 923 1028 1029 1039 1063 1088 1149 1152 1226 1325 1380 1385 1409 1447 1521 1573 1582 1634 1663 1715 1750 1754 1873 1917 1928 1957 1975 1985 2035,C1CC(C(C1)C(=O)NCC2=CC=C(C=C2)OC(F)(F)F)C3=NOC(C3)C4=CC(=CC=C4)C(=O)OC
1024,C O C 1 = C ( C = C ( C = C 1 ) C ( = O ) N 2 C C N ( C C 2 ) C 3 = C ( C = C ( C = C 3 ) F ) [N+] ( = O ) [O-] ) O C,94 140 231 246 249 354 407 428 497 650 695 715 716 753 807 838 841 875 926 935 942 1057 1195 1245 1295 1385 1410 1480 1487 1504 1536 1558 1589 1670 1750 1873 1915 1917 1928 1963 2009,COC1=C(C=C(C=C1)C(=O)N2CCN(CC2)C3=C(C=C(C=C3)F)[N+](=O)[O-])OC
1025,C 1 C S C 2 = N C ( = O ) C ( = C C 3 = C ( C = C C = C 3 Cl ) Cl ) N 2 1,157 281 314 350 366 659 675 681 789 799 926 927 935 974 1088 1113 1118 1161 1354 1449 1457 1480 1664 1683 1750 1872 1914,C1CSC2=NC(=O)/C(=C\3/C(=O)N=C4N3CCS4)/N21
1026,C C C 1 = N N 2 C ( = C ( S C 2 = N 1 ) [C@H] ( C 3 = C C ( = C C = C 3 ) F ) N 4 C C C ( C C 4 ) O ) O,77 80 162 193 201 221 294 305 306 378 412 444 461 590 675 693 699 738 806 807 875 883 926 935 1019 1039 1057 1088 1191 1257 1325 1364 1365 1380 1487 1565 1581 1602 1670 1750 1799 1855 1873 1881 1917 1928,CCC1=NC2=C(C(N1O)C3=CC(=CC=C3)F)SC(=C2)F
1027,C C O C 1 = N C 2 = C C = C C = C 2 C ( = C 1 ) N 3 C C C C 3,80 237 323 378 389 394 407 669 680 695 875 898 926 935 1028 1057 1088 1097 1199 1238 1273 1295 1380 1452 1480 1570 1573 1750 1855 1873 1998 2023,COC1=NC2=CC=CC=CC2=C1
1028,C C C ( C ) / C = C / C C C C C O,1 80 222 283 294 473 694 775 807 972 1057 1130 1356 1440 1544 1559 1624 1824 1991,CCC(C)/C=C/C(C)C/C=C/CCCO
1029,C C 1 C [C@@H] 2 [C@@H] ( [C@@H] 3 C 1 ( S 2 ) C ( N ( C 3 = O ) C C C C C C O ) C ( = O ) N ( C C = C ) C C 4 = C C = C C = C 4 ) C ( = O ) O C C = C,74 80 147 238 314 335 389 507 534 541 587 650 666 694 731 807 881 926 931 935 940 1019 1046 1057 1060 1066 1088 1130 1143 1145 1147 1158 1177 1181 1199 1292 1309 1329 1348 1366 1380 1526 1645 1650 1697 1747 1750 1775 1917 1946 1955 1967 1978 2026 2043,CC1CC(C2(C(C1C(=O)OCC=C)C(=O)N(CC=C)CC3=CC=CC=C3)C(N(C(=O)N2CCCN4C(CC(C5(C4C)C(C5)C(=O)OCC=C)C)C)CC=C)C)C
1030,C 1 ( = C ( C ( = O ) C ( = C ( C 1 = O ) N [C@H] ( C ( = O ) O C ) C ) Br ) N [C@H] ( C ( = O ) O C ) C ) Br,1 54 140 147 283 314 320 680 690 695 728 807 989 1010 1057 1380 1474 1476 1631 1741 1917,C[C@@H](C(=O)OC)NC1=C(C(=O)C(=C(C1=O)Br)N[C@@H](C)C(=O)OC)Br
1031,C 1 C C C 2 C O C 3 = C C = C C = C 3 C 2 C C 1,66 153 276 371 441 454 656 890 926 1019 1028 1199 1325 1380 1447 1688 1746 1750 1873 1905 1923,C1CCC2COC3=CC=CC=C3OCC(C1)O2
1032,C N C ( = O ) C C C C 1 C C N ( C C 1 ) C ( = O ) [C@H] ( C c 1 c c c c ( c 1 ) C ( = N ) N ) N S ( = O ) ( = O ) c 1 c c c c ( N C ( = O ) C 2 C N C 2 ) c 1,1 41 73 80 82 108 114 184 191 197 263 277 319 345 350 419 470 575 584 650 652 689 703 712 736 785 832 926 935 974 1019 1039 1057 1066 1088 1104 1114 1115 1152 1171 1270 1308 1385 1476 1480 1564 1664 1665 1750 1754 1760 1816 1873 1911 1941 1953 1990 2009 2013,C1CN(CN1)C(=O)[C@H](CNS(=O)(=O)C2=CC=CC(=C2)NC(=O)C3CNC3)NS(=O)(=O)N
1033,c 1 c c ( c c 2 c 1 c ( c c ( n 2 ) C ( = O ) N ) C ( = O ) N c 1 c ( n ( n c 1 C ( F ) ( F ) F ) C c 1 c c c ( c c 1 ) C ( C ) ( C ) C ) C ) F,80 114 140 158 309 310 318 378 381 392 486 549 650 699 807 809 847 855 863 875 935 1057 1079 1097 1106 1109 1120 1152 1171 1178 1339 1403 1410 1417 1556 1662 1665 1670 1683 1722 1733 1750 1765 1816 1830 1855 1873 1917 1928 1956 1989 1991,CC(C)(C)C1=CC=C(C=C1)CN2C(=NC(=N2)C(=O)N)CN3C(=CC(=N3)C(=O)N)C(=O)NC4=C(C=C(C=C4C(=O)N)F)C(=O)N
1034,C C C O C 1 = C ( C = C ( C = C 1 ) C 2 C N 3 C ( = O ) C N ( C ( = O ) C 3 ( C 4 = C 2 C 5 = C C = C C = C 5 N 4 ) C ) C C 6 = C C = C ( C = C 6 ) O C ) O C,13 76 80 178 184 227 249 255 274 294 303 310 314 322 374 411 650 654 660 661 695 739 781 870 875 926 935 1019 1057 1060 1089 1114 1119 1199 1245 1279 1299 1357 1368 1380 1441 1452 1518 1536 1573 1683 1745 1750 1765 1783 1803 1863 1873 1898 1946 1962 1970,CCCOC1=C(C=C(C=C1)C2CN3C(=O)CN(C(=O)C3(C4=C2NC5=CC=CC=C54)C6=C(C=C(C=C6)C7CN8C(=O)CN(C8=O)CC9=CC=CC=C9)OC)CC)OC
1035,C C 1 = C C = C C = C 1 [C@H] ( C 2 = C C = C C = C 2 ) S C 3 = N C = N C 4 = C 3 C = N N 4 C,1 32 43 116 179 209 237 267 378 389 489 569 581 649 738 804 935 1057 1105 1145 1157 1199 1357 1380 1391 1507 1535 1581 1646 1661 1696 1750 1810 1852 1873,CN1C2=C(C=N1)C(=NC=N2)SC(C3=CC=CC=C3C(C4=CC=CC=C4C(N5C6=C(C=N5)C(=NC=N6)SC(C7=CC=CC=C7)N8C=CC=N8)N9C=C9)SC1=CC=CC=N1
1036,C 1 = C C = C ( C = C 1 ) C ( = O ) N N ( C C 2 = C C = C ( C = C 2 ) F ) C 3 = C ( C = C ( C ( = C 3 ) C # N ) C # N ) [N+] ( = O ) [O-],80 94 164 310 354 361 389 486 507 640 650 674 699 715 716 737 790 807 838 854 881 1048 1088 1147 1152 1195 1199 1385 1410 1665 1670 1750 1850 1862 1917 1928 1963 1985 2018 2020,C1=CC=C(C=C1)C(=O)NN(CC2=CC=C(C=C2)F)C3=CC=CC=C3[N+](=O)[O-]
1037,C C C C ( = O ) N C C C 1 = C C 2 = C ( C = C 1 ) N ( C C C 2 ) C,41 80 197 294 310 556 597 650 667 794 807 899 926 935 1057 1138 1145 1152 1156 1236 1243 1295 1357 1380 1507 1564 1580 1589 1693 1738 1750 1754 1873 1915 2023,CCCC(=O)NCCC1=CC2=C(C=C1)N(CCC2)C
1038,C 1 C N ( C C 2 = C 1 N N = C 2 C C 3 = C C = C S 3 ) C C 4 = C N = C ( N = C 4 ) C 5 = C C = C O 5,14 35 74 121 196 241 326 383 417 474 592 596 656 675 676 754 787 885 926 1036 1088 1114 1233 1251 1256 1279 1385 1430 1452 1526 1567 1636 1738 1750 1754 1765 1771 1791 1805 1891 1915 1926 1941 1946 2004 2011,C1CN(CC2=C1NN=C2C3=CC=CO3)CC4=CN=C(N=C4)C5=CC=CS5
1039,C 1 C C C 2 = N C 3 = C C = C C = C 3 C ( = C 2 C 1 ) C ( = O ) O C C ( = O ) N C 4 = N C = C ( C = C 4 ) Br,145 147 154 289 310 361 389 650 695 712 807 909 926 967 1028 1060 1065 1088 1097 1099 1151 1152 1157 1199 1220 1304 1312 1357 1380 1391 1428 1452 1499 1535 1573 1631 1738 1816 1855 1873 1917 1948 1997 2004,C1CCC2=NC3=CC=CC=C3C(=C2C1)C(=O)OCC(=O)NC4=NC=C(C=C4)Br
1040,C [C@@H] ( C ( = O ) N C ) N S ( = O ) ( = O ) C 1 = C C 2 = C C = C C = C 2 C = C 1,1 79 191 192 198 203 283 345 350 598 650 715 771 807 875 989 1046 1057 1087 1088 1152 1199 1380 1430 1476 1750 1855 1873 1917,CC(C(=O)NC)NS(=O)(=O)C1=CC2=CC=CC=C2C=C1
1041,C C 1 = C C ( = C ( C = C 1 ) C ( = O ) O ) S C [C@@H] ( C ( = O ) O ) N,1 67 80 116 222 235 341 389 456 592 650 786 807 820 875 1013 1025 1047 1057 1093 1171 1380 1427 1722 1723 1730 1750 1849 1873 1991,CC1=CC(=C(C=C1)C(=O)O)SCC(CSC2=C(C=CC(=C2)SCC(CSC3=C(C=CC(=C3)C(=O)O)C(=O)O)N)C(=O)O)N
1042,C C ( = C ) C N C C N,80 807 978 981 1017 1057 1152 1171 1320 1366 1440 1911,C/C(=C(\C)/CNCN)/CNCN
1043,O ( C C 1 c 2 c ( c c c c 2 ) c 2 c 1 c c c c 2 ) C ( = O ) N [C@H] ( C ( = O ) N [C@H] ( C ( = O ) c 1 s c 2 c ( n 1 ) c c c c 2 ) C C C N C ( = N ) N ) C c 1 c c c c c 1,1 79 80 116 117 140 147 150 156 162 197 289 301 352 371 389 461 557 573 623 650 667 695 708 739 807 857 885 894 905 980 983 984 1027 1066 1088 1097 1104 1110 1152 1171 1199 1390 1393 1451 1616 1705 1750 1855 1876 1911 1917 1972 2006 2016,c1(nc2c(s1)cccc2)C(=O)N[C@H](C(=O)N[C@H](C(=O)OC(=O)C1c2c(c3c1cccc3)cccc2)CCCNC(=N)N)Cc1ccccc1
1044,C C ( C ) O C ( = O ) C C N 1 C C 1,1 74 123 283 585 695 873 926 935 1057 1441 1480 1482 1564 1791 1917 1978,CC(C)OC(=O)CCN1CCN(CC1)CCN2CCN(CC2)OC(C)C
1045,C C 1 = C ( C = C ( C = C 1 ) C ( = O ) N C 2 C C 2 ) C 3 = C C 4 = C ( C = C 3 ) C ( = O ) N ( C = C 4 ) C C 5 = C C = C ( C = C 5 ) C 6 = C C N ( C C 6 ) C ( = O ) O C ( C ) ( C ) C,9 114 162 204 231 296 314 338 352 387 392 494 504 526 650 807 836 875 896 926 935 1033 1057 1101 1152 1160 1249 1286 1325 1333 1347 1357 1380 1385 1391 1455 1479 1540 1545 1634 1655 1679 1683 1691 1722 1738 1750 1754 1765 1781 1785 1873 1917,CC1=C(C=C(C=C1)C2=CCN(CC2)C(C)(C)C)C3=CC4=C(C=C3)C=CN(C4=O)CC5=CC5
1046,C O C 1 = C C = C ( C = C 1 ) C 2 = N N = C 3 N 2 C ( = O ) C C ( S 3 ) C 4 = C C = C C = C 4,231 314 322 378 490 510 625 650 675 695 718 781 798 831 841 896 926 935 1019 1057 1088 1133 1160 1164 1191 1199 1279 1443 1508 1536 1663 1696 1722 1750 1873 1896 1933 1993,COC1=CC=C(C=C1)C2=NN=C3N2C(=O)CC(S3)C4=CC=CC=C4
1047,C C O C ( = O ) C 1 = C ( O C ( = N 1 ) / C = C / C 2 = C C = C C = C 2 Cl ) C,80 145 147 294 320 366 378 441 490 561 650 656 694 695 759 807 835 909 974 1088 1174 1195 1199 1238 1367 1380 1683 1688 1722 1855 1873 1917 1996,CCOC(=O)C1=C(OC(=N1)/C=C/C2=CC=CC=C2Cl)C(=O)OCC
1048,C C C 1 = N C 2 = C C = C C = C 2 C ( = C 1 C ( = O ) O C C 3 = N N = C ( O 3 ) C 4 = C ( O C ( = C 4 ) C ) C ) C,54 80 98 145 147 234 252 289 300 378 389 425 586 656 695 722 745 807 835 870 875 917 1057 1134 1158 1164 1165 1199 1357 1380 1384 1569 1573 1604 1679 1720 1722 1855 1873 1897 1917,CC1=C(C(=NC2=CC=CC=C12)COC(=O)C3=C(OC(=C3C)C)C)C(=O)OCC4=NN=C(O4)C
1049,C C ( C ) [C@H] 1 C O [C@] 2 ( N 1 C ( = O ) C = C 2 ) C,125 253 283 305 314 401 553 606 650 656 787 926 935 953 1017 1019 1057 1060 1074 1126 1224 1258 1274 1380 1692 1873 1885,CC1(COC2(C=C1)C=CC3(N(C2=O)C(=O)C(CO3)(C)C)C)C
1050,C 1 C N ( C C C 1 C C 2 = C C = C C = C 2 ) C C C N ( C 3 = C C ( = C ( C = C 3 ) Cl ) Cl ) C ( = O ) C 4 C C N ( C C 4 ) C ( = O ) C 5 = C C = C C = N 5,29 49 80 365 366 378 389 448 458 471 552 561 573 632 652 653 666 800 807 855 872 874 875 942 955 960 1066 1096 1145 1155 1199 1325 1348 1380 1402 1456 1480 1482 1504 1554 1630 1683 1754 1791 1837 1866 1896 1917 1951 2009,C1CN(CCC1CC2=CC=CC=C2)CCN3CCC(CC3)C(=O)N(C4=CC(=C(C=C4)Cl)Cl)C(=O)C5CCN(CC5)C(=O)C6=CC=CC=N6
1051,C ( C C # C C Br ) C C # N,1 80 112 151 244 251 413 790 1089 1150 1271 1321 1384 1911,C(CC#CCCC#CC(CCCC#N)CCC#N)CC#CCCCC#N
1052,C C C C C C ( C C 1 = C C = C ( C = C 1 ) / C ( = N / N = C / C 2 = C C = C C = C 2 C C ) / C 3 = C C = C C = C 3 ) F,1 19 79 80 294 310 369 389 440 441 524 629 694 725 739 794 857 864 961 1088 1199 1279 1283 1345 1380 1385 1444 1597 1619 1703 1754 1873 1878 1886 1911 1919 1928 1985,CCCCCC(CC1=CC=C(C=C1)CC(CCCCC)N=CC2=CC=CC=C2/C=N/N=C(C3=CC=CC=C3)C4=CC=CC=C4)N=C(C5=CC=CC=C5)C6=CC=CC=C6
1053,C C ( C ) ( C ) N C ( = O ) C O C 1 = C ( C = C ( C = C 1 Cl ) Cl ) C N C 2 = C ( C = C C ( = C 2 ) C ( = O ) O ) Cl,41 84 114 192 194 216 238 255 333 354 366 389 456 510 561 603 650 695 777 807 824 875 1057 1138 1152 1209 1224 1349 1385 1416 1435 1452 1481 1559 1683 1697 1750 1873 1917 2004 2045,CNC(C)(C)NC(=O)COC1=C(C=C(C=C1Cl)Cl)CNC2=C(C=CC(=C2)C(=O)O)Cl
1054,C C C C C C C C C C ( C ( [C@H] ( C ) C ( = O ) C C ) O ) [Se] C 1 = C C = C C = C 1,80 177 183 283 294 359 371 389 447 591 601 650 657 737 739 794 807 829 881 1057 1088 1092 1199 1283 1380 1498 1538 1750 1832 1873 1917,CCCC[As](CCC)N(C(=O)O)N(C(=O)O)N(C(=O)O)C(=O)O
1055,C C ( = O ) N C 1 = C C 2 = C ( C = C 1 ) N = C ( N 2 C ) C C N C ( = O ) C 3 = C C = C C = C 3,0 8 20 45 80 184 191 197 245 265 357 359 378 389 486 515 530 564 667 807 828 875 961 967 1057 1088 1097 1145 1152 1199 1385 1665 1750 1816 1855 1856 1917 1985,CN1C2=C(C=CC(=C2)NC(=O)C3=CC=CC=C3)N=C1CCNC(=O)C4=CC=CC=C4
1056,C 1 C C C ( C C 1 ) C 2 = C ( C = N C 3 = C ( C = N N 2 3 ) C ( = O ) N [C@@H] ( C C 4 = C N C 5 = C C = C C = C 5 4 ) C ( = O ) O ) C 6 = C C = C C = C 6,1 2 46 79 80 117 119 222 322 347 352 364 378 389 412 464 486 648 650 736 743 807 873 890 926 935 1019 1028 1088 1114 1150 1152 1160 1199 1325 1357 1435 1452 1535 1573 1589 1607 1624 1696 1750 1783 1844 1860 1873 1879 1887 1917 1937 1943 1970 2000,C1CCC(CC1)C2=C(C=NC3=C(C=NN23)C4=CC=CC=C4)C(=O)NC(CC5=CNC6=CC=CC=C65)C(=O)O
1057,C 1 C C C ( C C 1 ) N C ( = O ) N C ( = O ) C N 2 C C N ( C C 2 ) C ( = O ) N 3 C C O C C 3,2 41 74 80 277 387 428 523 650 656 807 890 926 950 1015 1019 1119 1152 1325 1405 1441 1589 1634 1655 1791 1917 1920 1940 1989 2038,C1CCC(CC1)NC(=O)NC(=O)CN2CCN(CC2)C(=O)N3CCOCC3
1058,C C 1 = C ( C 2 = C ( S 1 ) N = C N ( C 2 = O ) / N = C / C 3 = C C ( = C ( C ( = C 3 ) O C ) O C ) O C ) C 4 = C C = C C = C 4,138 162 174 249 313 314 328 333 378 389 397 504 511 624 650 675 694 695 725 736 818 841 864 875 932 1049 1182 1199 1379 1380 1438 1536 1599 1722 1747 1750 1792 1806 1828 1839 1873 1970 1984 2033,CC1=C(C2=C(S1)N=CN(C2=O)/N=C\C3=CC(=C(C(=C3)OC)OC)OC)C4=CC=CC=C4
1059,C 1 = C C = C ( C ( = C 1 ) N C C C N ) Br,57 80 208 667 728 833 899 981 993 1088 1152 1171 1199 1224 1380 1416 1517 1631 1696 1750 1840 1873 1911 1972,C1=CC=C(C(=C1)NCCCN)Br
1060,C C O C ( = O ) C 1 = N C = C 2 C = C S C 2 = C 1,14 80 145 147 294 554 650 701 759 770 807 855 875 876 1057 1238 1380 1417 1452 1529 1535 1722 1803 1855 1873 1895 1910 1917,CCOC(=O)C1=NC=C2C=NC(=CC2=C1)C(=O)OCC
1061,C C O C 1 = C C = C ( C = C 1 ) N C ( = S ) N 2 C C C C C [C@@H] 2 C 3 = C C = C N 3 C,2 80 95 102 110 136 193 231 242 294 322 323 510 695 718 843 890 926 1019 1028 1056 1057 1077 1088 1101 1145 1238 1312 1325 1380 1409 1452 1667 1738 1750 1873 1998,CCOC1=CC=C(C=C1)NOC2CCCCC2
1062,C 1 = C C = C ( C = C 1 ) C O C 2 = C C = C ( C = C 2 ) N C ( = O ) C O C 3 = C 4 C ( = C S C 4 = N C = N 3 ) C 5 = C C = C C = C 5,41 80 102 107 167 191 192 220 322 352 378 389 401 489 510 511 528 552 650 654 675 695 736 745 770 807 843 898 901 1015 1066 1077 1088 1152 1160 1199 1348 1370 1380 1452 1567 1750 1754 1810 1816 1873 1917 2004 2042,C1=CC=C(C=C1)COC2=CC=C(C=C2)NC(=O)COC3=C4C(=CSC4=NC=N3)C5=CC=CC=C5
1063,C C C 1 = C C = C C = C 1 C C 2 = N C C N 2,80 89 294 305 378 671 881 926 1013 1057 1088 1199 1349 1380 1531 1597 1750 1799 1860 1866 1873 1896 2041,CCC1=CC=CC=C1CC2=NCN2
1064,C [C@H] 1 [C@@H] ( [C@H] ( O [C@@] 1 2 C 3 = C ( C = C C ( = C 3 ) N 4 C ( = O ) C O C 5 = C C = C C = C 5 4 ) N ( C 2 = O ) C C = C ) C C N 6 C = C ( N = N 6 ) [C@@H] ( C 7 = C C = C C = C 7 ) O ) [Si] ( C ) ( C ) O,19 80 141 156 227 255 314 336 378 422 459 501 609 610 620 629 650 656 694 747 781 798 807 832 875 919 926 935 940 959 973 994 1010 1019 1057 1060 1070 1099 1141 1164 1227 1244 1295 1309 1347 1365 1366 1380 1393 1427 1480 1481 1503 1581 1623 1686 1708 1783 1801 1821 1825 1846 1905 1915 1980 2038 2044,C[C@H]1[C@@H]([C@H](O[C@@]12C3=C(C=CC(=C3)N4C(=O)COC5=C4C=CC(=C5)N6C(=O)CON(C6=O)CC=C)N(C2=O)CC=C)CCN7N=C(N=N7)C=C)[Si](C)(C)O
1065,C O C C C 1 = C C = C ( C = C 1 ) O C 2 C C C C C C C 2 N,2 13 80 102 310 322 486 524 708 718 798 841 926 1019 1028 1057 1078 1243 1250 1325 1380 1409 1750 1754 1832 1873 1893 1932 2023,C1CCC(C(CC1)N)OC2=CC=C(C=C2)CCOC3=CC=C(C=C3)CCOC4CCCCCC4N
1066,C 1 = C C = C ( C = C 1 ) C N 2 C ( = O ) / C ( = C / C 3 = C ( C = C C ( = C 3 ) I ) O ) / S C 2 = O,80 273 281 314 389 475 579 588 675 694 863 879 935 961 1003 1088 1146 1167 1199 1380 1469 1475 1494 1602 1607 1691 1754 1765 1873 2044,C1=CC=C(C=C1)CN2C(=O)/C(=C/C3=CC=CC=C3O)/SC2=O
1067,C C ( C ) C 1 = C C = C ( C = C 1 ) C ( = O ) N C ( = S ) N C 2 = C C = C ( C = C 2 ) C ( = O ) C,1 191 486 561 598 617 807 1017 1071 1077 1119 1152 1365 1380 1436 1542 1697 1804 1816 1820 1853 1865 1873 1960,CC(C)C1=CC=C(C=C1)N/C(=C(/C2=CC=C(C=C2)C(C)C)\NC(=O)C3=C(C=C(C=C3)C(=O)C)C(C)C)/NC(=O)NC4=CC=C(C=C4)C(=O)C
1068,C C 1 ( C ( = O ) N ( C ( = O ) N 1 ) C C C 2 = C C 3 = C ( C = C 2 ) N C ( = C 3 C C N ( C ) C ) C ( = O ) N C C 4 = C C ( = C ( C = C 4 ) Cl ) Cl ) C,80 104 255 287 310 314 366 475 559 561 580 588 650 652 666 693 807 813 881 884 950 1001 1060 1114 1145 1152 1163 1243 1274 1282 1299 1357 1380 1402 1423 1527 1539 1696 1754 1798 1873 1917 1939 1951 1961 2019 2024 2034,C1(C(=O)N(C(=O)N1)CCC2=CC3=C(C=C2)NC(C(=O)N3CCN(C)C)(C)C)(C)C
1069,c 1 c c c 2 c ( c 1 ) c 1 c ( c ( n 2 ) O C ) c 2 c ( C 1 = O ) c c ( c c 2 ) O C,249 322 378 389 401 636 650 680 702 718 732 781 875 973 1057 1063 1088 1097 1185 1199 1357 1476 1486 1536 1747 1750 1855 1873 1972,COC1=CC2=C(C=C1)N=C3C=C(C4=C(C3=C2C5=CC=CC=C5)C6=C(C=CC(=C6)OC)OC)OC
1070,C C C [Si] ( O C ( C ) C ) O C ( C ) C,1 80 283 294 301 597 603 661 695 794 955 1046 1057 1283,CCC[Si](OC(C)C)O[Si](CCC)OC(C)[Si](CCC)OC(C)[Si](CCC)O[Si](CCC)C(C)C
1071,C ( N ( C c 1 c c c ( c ( c 1 ) C ( = O ) O ) C ( = O ) O ) C c 1 c c c c c 1 Br ) C C ( = O ) O,14 57 67 310 351 389 507 650 694 701 728 807 875 881 892 1088 1120 1152 1225 1287 1349 1380 1564 1597 1603 1631 1647 1737 1750 1754 1873 1917 1951 1991,C1=CC(=C(C=C1CN(CCC(=O)O)/C=C(\C=C(\O)/C2=C(C=C(C=C2)CN(CCC(=O)O)/C=C(\O)/O)Br)/O)CN(CCC(=O)O)CCC(=O)O)Br
1072,C / C ( = N / N C ( = O ) C 1 = C C = C C = N 1 ) / C 2 = C C ( = C C = C 2 ) O C,318 322 378 448 471 552 650 700 725 841 847 875 1017 1039 1057 1088 1119 1152 1155 1192 1199 1247 1384 1385 1452 1536 1683 1755 1866 1917 1972,C/C(=N/NC(=O)C1=CC=CC=N1)/C2=CC(=CC=C2)OC
1073,C C 1 = C ( C = C C ( = C 1 O C O C ) O C ) N C ( = O ) C 2 = C C ( = C ( C ( = C 2 ) O C ) O C ) O C,80 94 249 282 410 428 613 650 695 841 875 947 1152 1224 1241 1380 1385 1452 1472 1517 1536 1599 1699 1750 1795 1816 1873 1917 1970,COC1=C(C=C(C=C1)OCOC2=CC(=C(C=C2OC)OC)NC(=O)OC)NC(=O)C3=CC(=C(C(=C3)OC)OC)OC
1074,C [C@H] ( C 1 = C C ( = C ( C = C 1 ) O C ) Br ) [NH2+] C C ( = O ) N C C C 2 = C C = C C = C 2,56 58 80 94 197 283 389 444 597 613 650 667 695 728 807 816 828 833 841 875 977 1045 1066 1121 1152 1155 1199 1243 1302 1380 1507 1536 1631 1750 1754 1853 1873 1916 1917 1970 2009,C1=CC=C(C=C1)CC[NH2+][C@@H](C)C2=CC(=C(C=C2)OC)Br
1075,C [C@] 1 ( C C C [C@@] 2 ( [C@@H] 1 C C [C@] 3 4 [C@H] 2 C C [C@@H] ( C 3 ) [C@@H] ( C 4 ) C ( = O ) O ) C ) C = O,209 262 285 313 503 585 650 679 694 757 768 807 889 926 1004 1019 1028 1057 1060 1154 1274 1325 1431 1477 1651 1656 1882 1917 1934 1994 2040 2047,CC12CC3CCC1C(CC3CCC2C45CC(C(C4)C(C5)C(=O)O)C6CC6)(C=O)O
1076,C C O C 1 = C C = C C = C 1 N 2 C ( = N N = C 2 S C C ( = O ) O C ) C 3 = C C = C O 3,80 116 121 195 237 272 294 341 378 384 425 474 547 650 656 695 747 787 935 1057 1152 1164 1199 1233 1248 1380 1386 1449 1452 1508 1509 1647 1722 1724 1750 1777 1805 1873 1917 1926 1959 1970 2018,CCOC1=CON2C1=NN=C2SCC(=O)OCC
1077,c 1 ( c ( n c ( c n 1 ) N ( C C C C O C C ( = O ) O ) C C = C ) c 1 c c c c c 1 ) c 1 c c c c c 1,13 59 185 323 378 471 650 684 694 695 807 865 925 940 976 978 1088 1160 1199 1275 1325 1329 1366 1380 1406 1579 1645 1669 1737 1855 1873 1911 1917 1964 2004,C=CC[P+](CCCCOOCC(=O)O)(C1=CC=CC=C1)C2=CC=C(C=C2)C3=CC=C(C=C3)C4=C(N=C(C(=N4)C5=CC=CC=C5)C6=CC=CC=C6)C7=CC=CC=C7
1078,C 1 C N C ( = N C 1 ) N C ( = O ) C C C 2 = C C = C ( S 2 ) C ( = O ) N C C ( C ( = O ) O ) N S ( = O ) ( = O ) C C ( F ) ( F ) F,1 41 80 114 162 169 197 213 278 283 305 313 378 389 419 486 496 504 606 623 650 656 702 736 747 800 807 826 879 961 1028 1114 1133 1152 1214 1280 1302 1432 1453 1494 1546 1564 1599 1624 1662 1721 1750 1866 1873 1917 1928 1941 2014,C1CNC(=NC1)NC(CNC(=O)C2=CC=C(S2)CCC(=O)NCC(F)(F)F)C(=O)O
1079,C 1 = C C = C ( C = C 1 ) C 2 = N C = C ( C 3 = C C = C C = C 3 2 ) N,323 378 904 910 1088 1160 1171 1199 1256 1380 1406 1452 1457 1535 1568 1750 1873,C1=CC2=C(C(=CN=C2C(=C1)N)N)C3=CC(=C(N=C3)C4=CN=C(C(=C4)N)C5=CC(=C(N=C5)C6=C(C=C(C=N6)C7=C(C=C(C=N7)N)N)N)N)N
1080,C C N ( C C ) C 1 = C C = C ( C = C 1 ) [C@@H] 2 C 3 = C ( C [C@H] ( C C 3 = O ) C 4 = C C = C ( C = C 4 ) Cl ) N C ( = C 2 C ( = O ) O C C ) C,80 145 180 211 231 256 257 294 300 314 561 650 674 695 751 759 807 816 881 932 960 961 1005 1019 1057 1060 1077 1096 1114 1169 1238 1279 1380 1488 1582 1651 1683 1687 1722 1750 1803 1873 1917 2000 2034 2047,CCN(CC)C1=CC=C(C=C1)[C@@H]2C3=C(C[C@@H](CC3=O)C4=C(NC(=C([C@H]4C5=CC=C(C=C5)Cl)C(=O)OCC)C)C)NC(=C2C(=O)OCC)C
1081,C C ( C C Br ) ( C C Br ) C C Br,80 114 251 328 392 495 525 1057 1308,CC(CCC(C)(CCBr)CCBr)(CCBr)CCBr
1082,C O C 1 = C C ( = C ( C = C 1 ) [C@H] ( C ( = O ) N C 2 C C C C 2 ) N ( C C 3 = C N = C C = C 3 ) C ( = O ) C C 4 = C C = C S 4 ) O C,1 14 80 196 237 249 322 325 330 335 378 383 387 428 437 464 521 573 610 635 645 650 675 695 718 781 875 881 890 911 926 1028 1057 1066 1088 1152 1153 1238 1325 1380 1535 1536 1586 1603 1634 1655 1691 1750 1754 1861 1866 1917 1924 1970 1972,COC1=CC(=C(C=C1)C(C(=O)NC2CCCC2)N(C(=O)CC3=CN=CC=C3)C(=O)CC4=CC=NC=C4)OC
1083,C C 1 = C ( C [C@H] ( [C@H] ( C 1 ) C ( = O ) N N C ( = O ) C 2 = C S C ( = C 2 ) C ) C ( = O ) O ) C,64 128 209 231 285 304 486 552 650 675 689 745 807 875 926 942 1019 1152 1385 1431 1512 1567 1576 1641 1713 1722 1861 1873 1917 1942,C1[C@@H]([C@H](CC(=C1C)C)C(=O)NNC(=O)C2=CSC(=C2)C)C(=O)NNC(=O)C3=CSC(=C3)C
1084,C C C C O C 1 = C C = C ( C = C 1 ) C = N N C ( = O ) C O C 2 = C C = C ( C = C 2 ) Cl,25 41 80 102 192 216 270 294 309 318 322 561 591 650 694 695 718 725 794 816 864 924 1034 1057 1152 1347 1380 1452 1867 1876 1911 1917 2004 2033,CCCCOC1=CC=C(C=C1)OCC(=O)N/N=C/C2=CC=C(C=C2)Cl
1085,C 1 = C N ( C = N 1 ) S ( = O ) N N 2 C = C ( C = C ( C 2 = N ) Br ) Br,29 135 169 254 348 378 427 464 623 650 724 833 843 875 884 909 935 997 1007 1100 1101 1152 1265 1271 1380 1403 1603 1631 1654 1691 1847 1866 1873,C1=CN(C=N1)NS(=O)NN2C=C(C=C(C2=N)Br)Br
1086,C C ( O ) C C ( C ) ( C ) C N S ( = O ) ( = O ) c 1 c c c c ( Cl ) c 1 C # N,80 213 244 350 366 392 561 587 650 734 807 825 910 913 974 992 1009 1057 1111 1136 1143 1158 1272 1380 1384 1476 1626 1683 1750 1794 1873,CS(=O)(=O)C1=CC=C(C(=C1C#N)S(=O)(=O)CC(C)(C)CNS(=O)(=O)C2=CC=C(C(=C2C#N)C#N)Cl)Cl
1087,C C / C = C ( \ C 1 = C ( C ( C C 1 = O ) ( C ) C ) C ( = O ) O C ) / N O C C,31 80 88 112 145 267 287 294 314 479 598 694 695 751 807 841 906 926 940 953 1057 1078 1152 1156 1171 1238 1274 1776 1827 1917 2009,CCO/C(=C\C/C=C(/C=C/C(=C\1/C(=O)CC(C1)(C)C)/C(=O)OC)\OC)/C=C/C(=C\2/C(=O)CC2(C)C)/OC
1088,C C 1 = C C ( = C C ( = C 1 O ) C / C = C ( \ C ) / C C C O C ( = O ) C ) O,80 147 202 312 420 425 479 623 650 695 777 822 1017 1035 1057 1077 1103 1349 1380 1391 1419 1564 1598 1602 1714 1722 1734 1873 1879 1911 1917,B1(C=C(C(=C1CC2=C(C(=CC(=C2O)C)C)O)CCC/C(=C/3\C(=C(C(=C3)C)O)C/C=C(\C)/CCCC(=O)OC(=O)C)/C)C)C
1089,C C 1 = C C ( = C C = C 1 ) C ( = O ) N 2 C C C 3 ( C C 2 ) N ( [C@H] ( C O 3 ) C ( = O ) O ) C ( = O ) C 4 = C C = C C = C 4 C,35 193 497 531 618 656 737 751 807 837 875 919 926 927 935 942 1017 1019 1039 1055 1057 1060 1088 1114 1199 1385 1391 1431 1447 1480 1504 1583 1686 1722 1750 1873 1917 1923 1985,CC1=CC=CC=C1C(=O)N2CCN(C23OCC(O3)CO)C(=O)C4=CC(=CC=C4)C(=O)N5C(COC56C(=CC=CC=C6C)C)C(=O)O
1090,C C N C ( = O ) N C ( = O ) [C@H] ( C 1 = C C = C C = C 1 ) O C ( = O ) C 2 = C ( C 3 = C C = C C = C 3 O 2 ) C O C,1 69 80 154 218 389 434 495 577 650 656 692 695 714 745 807 841 853 979 1005 1057 1088 1119 1128 1152 1357 1365 1380 1414 1573 1581 1604 1726 1750 1808 1873 1917 1921 1989 2011 2034,COCC1=C(OC2=CC=CC=C21)C(=O)O[C@H](C3=CC=CC=C3)C(=O)NC(=O)NC(=O)OC
1091,C O C 1 = C N = C ( N = C 1 N C 2 = C ( C = N C = C 2 ) C ( = O ) N C C ( C N ) O ) C 3 = C ( C = C C ( = C 3 ) Cl ) F,1 90 94 103 165 173 227 249 375 378 451 468 486 491 496 561 650 695 699 708 807 816 841 846 875 981 1053 1057 1152 1208 1224 1262 1275 1317 1380 1385 1452 1535 1536 1586 1603 1683 1750 1752 1840 1855 1866 1873 1891 1909 1917 1970 1991 2014,COC1=CN=C(N=C1NC2=C(C=NC=C2)C(=O)NC(O)O)C3=NC=C(C(=N3)NC4=C(C=C(C=C4)Cl)C(=O)N[O-])OC
1092,C C ( C ) N ( C ) C ( = O ) [C@@H] 1 C C C N ( C 1 ) C 2 C C N ( C C 2 ) C 3 = N C 4 = C C = C C = C 4 O 3,1 101 182 212 246 283 335 378 407 440 446 650 656 803 807 840 881 926 935 1019 1028 1057 1088 1121 1128 1163 1199 1267 1325 1348 1476 1480 1524 1750 1783 1873 1917,CC(C)N(C)C(=O)C1CCCN(CC1)C2=NC=CC=C2[Si](C)(C)C
1093,C 1 = C C ( = C ( N = C 1 ) C C 2 = C C = C ( C = C 2 ) F ) C ( = O ) N,80 90 140 309 310 378 429 448 650 807 1134 1213 1380 1430 1447 1452 1750 1873 1917 1928 1934 1991,C1=CC(=NC=C1C(=O)N)CC2=C(C=CC=N2)C(=O)N
1094,C C 1 = N N 2 C = C [N+] ( = C 2 C = C 1 ) C C 3 = C ( N 4 [C@@H] ( [C@@H] ( C 4 = O ) N C ( = O ) / C ( = N \ O C ) / C 5 = C S C ( = N 5 ) N ) S C 3 ) C ( = O ) O,5 26 80 104 146 150 179 197 232 233 235 335 378 387 389 431 440 456 463 547 552 653 672 675 695 698 725 753 792 807 855 859 872 882 926 935 963 998 1003 1027 1057 1063 1101 1152 1171 1252 1264 1279 1296 1380 1384 1422 1457 1547 1623 1643 1722 1750 1873 1893 1922 1956 2021,CC1=NN2C=C[N+](=C2C=C1)CC3=C(N4[C@@H]([C@@H](C4=O)N/C(=N\OC)/C5=CSC(=N5)N)SC3)C(=O)O
1095,C C C C C # C / C = C ( / C = C ( / C = C / [Si] ( C C ) ( C C ) C C ) \ [Si] ( C C ) ( C C ) C C ) \ [Si] ( C C ) ( C C ) C C,9 31 80 128 151 294 378 383 431 559 567 591 674 694 794 807 873 1057 1120 1140 1271 1421 1585 1604 1777 1911 1915 2007 2046,CCCCC#C/C=C(/C=C/[Si](C#CCCCC)(C#CCCCC)CCCC)\C=C([Si](C#CCCC)(CCCC)CCCC)[Si](CCCC)(CCCC)CCCC
1096,C C 1 = N C ( = N N 1 ) C 2 ( C C O C C 2 ) C 3 = C C = C ( C = C 3 ) C ( = O ) O C 4 = C C = C C = C 4 N,74 145 212 378 484 494 523 556 566 645 650 656 695 756 838 910 926 950 1057 1060 1088 1114 1137 1161 1162 1171 1199 1380 1385 1405 1410 1457 1561 1697 1722 1729 1733 1750 1831 1855 1882 1970 2004,CC1=NC(=NN1)C2(CC2)C3=CC=C(C=C3)C(=O)OC4=CC=CC=C4N
1097,C 1 C O C C N 1 C 2 = C C = C ( C = C 2 ) N C ( = O ) / C ( = C / C = C / C 3 = C C = C C = C 3 [N+] ( = O ) [O-] ) / C # N,159 164 179 191 407 432 523 650 674 687 694 715 716 753 774 790 803 807 838 926 935 950 961 1014 1077 1079 1088 1152 1178 1195 1199 1210 1319 1353 1384 1405 1441 1480 1609 1750 1816 1825 1873 1917 1963,C1COCCN1C2=CC=C(C=C2)NC(=O)/C(=C/C=C/C3=CC=CC=C3[N+](=O)[O-])/C#N
1098,C [C@H] 1 [C@H] ( [C@H] ( [C@@H] ( [C@@H] ( O 1 ) O [C@@H] 2 C C C C [C@H] 2 O C C C C C C ( C ( = O ) O ) C ( = O ) O ) O ) O ) O,1 80 83 389 489 550 656 695 722 739 798 807 869 890 1019 1037 1057 1097 1143 1242 1249 1257 1283 1309 1323 1325 1381 1457 1487 1534 1796 1805 1844 1911 1917 1930 1963,C[C@H]1[C@H]([C@H]([C@@H]([C@@H](O1)O[C@@H]2CC[C@@H]([C@H]2O)O[C@@H]3[C@@H]([C@H]([C@@H]([C@@H](O3)C)O)O)O)O)O)O
1099,C 1 = C C ( = N C ( = C 1 C ( = O ) O ) F ) F,67 189 281 378 456 581 650 699 807 894 1047 1174 1380 1750 1855 1873 1917 1991,C1=CC(=NC(=C1C(=O)O)F)F
1100,C C N 1 C ( = C ( C = N 1 ) Cl ) C N ( C ) C ( = O ) C 2 = N N ( C = C 2 ) C,34 80 85 105 139 158 179 294 334 366 378 440 507 561 587 650 657 855 881 1057 1084 1109 1145 1163 1221 1469 1535 1650 1683 1702 1750 1762 1873 1879 1917 1956,CCN1C(=C(C=N1)Cl)CN(C)C(=O)C2=NN(C=C2)C
1101,C / C ( = N / N C ( = O ) C S C 1 = N C 2 = C C = C C = C 2 C ( = O ) N 1 C 3 = C C = C ( C = C 3 ) Cl ) / C 4 = C C 5 = C C = C C = C 5 C = C 4,58 80 107 203 216 233 289 314 318 322 378 384 389 504 514 650 682 700 725 807 816 875 935 940 1017 1057 1070 1087 1097 1152 1199 1357 1380 1385 1540 1573 1577 1602 1697 1750 1755 1873 1917 1950 1993,C/C(=N\NC(=O)O)/C1=CC2=CC=CC=C2C=C1
1102,C C C 1 = C ( C ( = N C ( = N 1 ) C ) N 2 C C C N ( C C 2 ) C ( = O ) C 3 = C C = C ( C = C 3 ) C ( C ) ( C ) C ) C C 4 = C C ( = C C = C 4 ) F,33 80 130 230 294 378 392 394 407 497 525 541 650 699 720 798 854 875 926 935 942 944 1039 1057 1074 1083 1088 1321 1385 1417 1430 1472 1480 1487 1504 1511 1556 1589 1665 1670 1697 1722 1750 1754 1799 1855 1873 1897 1917 1928 2009 2034,CCC1=C(C(=NC(=N1)CC)N2CCN(CC2)C(=O)C3=CC=C(C=C3)C(C)(C)C)CC4=CC(=CC=C4)F
1103,O 1 c 2 c ( O C 1 ) c c c ( N C ( = O ) c 1 n n ( c ( = O ) c 3 c 1 c c c c 3 ) C C C ) c 2,80 127 151 158 184 191 294 314 486 650 656 738 807 820 843 926 935 1057 1088 1145 1349 1357 1367 1380 1578 1647 1800 1816 1863 1873 1875 1905 1927 1956,CCN1C(=O)C2=CC3=C(C=C2C(=N1)NC4=CC5=C(C=C4)OCO5)OCO3
1104,C C ( C ) ( C ) C 1 C C C ( = C C 1 ) C C C = O,80 114 118 255 387 392 401 598 650 763 926 1004 1019 1057 1241 1243 1256 1325 1380 1650 1711 1738 1781 1873 2028,CC(C)(C1CCC(=CC1)CC=O)C2CCC(=CC2)CC=O
1105,C 1 = C C = C ( C ( = C 1 ) C 2 = C C 3 = C ( N 2 C C 4 = N C ( = C C = C 4 ) N ) C = C ( C = C 3 ) O C C 5 = C C ( = C C = C 5 ) C ( F ) ( F ) F ) Cl,45 62 100 107 113 114 172 203 241 284 322 352 366 424 561 654 695 718 724 745 809 935 957 984 1039 1066 1088 1242 1260 1368 1380 1404 1417 1452 1453 1457 1493 1501 1522 1683 1692 1750 1754 1765 1785 1855 1873 1928 2017,C1=CC(=CC(=C1)C(F)(F)F)COC2=CC3=C(C=C2)C=C(N3CC4=NC(=CC=C4)N)C5=C(C=C(C=C5)OCC6=CC(=CC=C6)C(F)(F)F)Cl
1106,C 1 C C C C ( = C C C 1 ) O,2 98 310 637 926 953 1028 1380 1421 1602 1738 1781 1873 2003,C1CCC/C(=C\CC1)/C/2=C/CCCCC2
1107,C 1 [C@H] 2 [C@H] ( C [C@H] 2 O ) [C@H] ( [C@@H] 1 O ) Br,202 244 622 667 728 807 849 926 1019 1188 1292 1906,C1[C@@H](C[C@@H]2[C@H]1[C@@H](C[C@@H]2Br)Br)Br
1108,C C 1 ( C N = C ( N 1 ) N C ( = O ) O C ) C 2 = C C = C C = C 2,16 100 389 489 532 556 583 650 695 807 841 884 926 928 1057 1088 1114 1152 1199 1280 1380 1584 1758 1816 1836 1873,COC(=O)NC1=CC=C(NN1)C2=CC=CC=C2
1109,C 1 C N ( C C C 1 C O ) C 2 = C C = C C = C 2 N,29 32 80 222 231 335 407 494 800 807 910 926 935 936 1019 1088 1171 1325 1380 1516 1647 1759 1961,C1CN(CCC1CO)C2=C(CC(C2)CO)N
1110,C C C ( C ) N ( C ( C 1 = C C = C C ( = C 1 C ) C ) C ( = O ) N C C 2 = C C = C C = C 2 ) C ( = O ) C ( C S ) N C ( = O ) O C ( C ) ( C ) C,1 71 117 197 229 237 255 266 283 294 321 330 389 392 460 505 524 581 638 650 680 752 807 865 881 901 1019 1039 1040 1057 1066 1088 1110 1152 1199 1318 1365 1380 1391 1440 1459 1518 1544 1573 1574 1614 1722 1750 1754 1758 1859 1873 1917 1977,CCC(C)N(C(C1=CC=CC=C1C)C(=O)NCC2=CC=CC=C2)C(=O)C(CS)NC(=O)OC(C)(C)C
1111,C N ( C ) C 1 = C C = C ( C = C 1 ) C N ( C C 2 C C C O 2 ) C ( = O ) C C 3 = C C ( = C C = C 3 ) O C,80 248 325 361 507 559 562 656 695 737 802 807 821 841 875 881 926 978 1019 1028 1066 1147 1163 1238 1325 1380 1391 1437 1468 1536 1584 1700 1750 1754 1823 1917 1972,CN(C)C1=CC=C(C=C1)CN(CC2CCCO2)C(=O)CC3=CC(=CC(=C3)OC)OC
1112,C C 1 = C C ( = C ( N 1 ) C ) [C@@H] 2 N C 3 = C C = C C = C 3 C ( = O ) N 2 C C C 4 = C C = C ( C = C 4 ) O C,80 301 310 315 322 352 450 641 644 650 692 781 831 841 875 879 935 980 984 1019 1027 1045 1057 1088 1114 1145 1199 1243 1336 1380 1446 1491 1536 1722 1750 1754 1775 1873 1879 1998 2047,CC1=CC(=C(N1)C)C2NC(=O)C3=CC=CC=C3C(=O)N2CCC4=CC=C(C=C4)OC
1113,[C@] 1 2 ( [C@H] ( [C@H] 3 [C@@H] ( [C@@H] 4 C ( = C C 3 ) C = C ( C C 4 ) O [C@@H] 3 [C@@] 4 ( [C@H] ( [C@H] 5 [C@@H] ( c 6 c ( C C 5 ) c c ( c c 6 ) O C ( = O ) c 5 c c c c c 5 ) C C 4 ) C C 3 ) C ) C C 1 ) C C [C@H] 2 C ( = O ) C ) C,18 28 84 95 206 249 253 277 322 331 408 455 519 524 555 559 562 598 606 622 650 695 713 718 807 823 855 866 875 1027 1039 1057 1060 1073 1088 1206 1303 1313 1325 1380 1385 1401 1476 1477 1507 1634 1660 1729 1738 1743 1750 1781 1790 1826 1840 1873 1917 1951 1985 1999,C1CC2C3CCC4=CC(=CCC4C3CCC2=C1)OC5=CC=CC(=C5)C(=O)OC6=CC7=CCC8C(C7CC6)CCC9=C8C=CC(=C9)OC(=O)C1=CC(=CC=C1)OC(=O)C
1114,C C 1 = C C = C C = C 1 C C 2 ( C C C N ( C 2 ) C C 3 = C ( C = C C ( = C 3 ) O C ) O ) C O,4 59 80 195 222 322 475 517 547 602 695 718 781 807 841 935 1028 1057 1082 1162 1199 1360 1391 1413 1422 1475 1480 1607 1700 1722 1750 1765 1791 1873 1912 1955,CC1=C(C=C(C=C1)OC)CN2CCCC(C2)(CO)CO
1115,C C O C 1 = C ( C = C 2 C ( = C O C 2 = C 1 C ) C 3 = C ( C = C C ( = C 3 ) O C ) O C ) / C ( = C / C ( = O ) N C C N ( C ) C ) / C,59 80 94 133 145 197 206 237 249 294 322 333 352 384 469 535 652 656 693 718 759 781 834 841 860 875 881 1017 1086 1152 1163 1181 1185 1233 1238 1277 1357 1360 1380 1452 1536 1683 1722 1750 1784 1792 1873 1917 1951 1964 1970 1972 1991,CCOC1=C(C=C2C(=COC2=C1OCC)C3=C(C=CC(=C3)OC)OC)/C(=C/C(=O)NCCN(C)C)/C
1116,C C 1 = C ( S C ( = N 1 ) C ) C ( = O ) N C 2 = C N = C ( C = C 2 ) O C,162 191 311 378 486 487 665 675 695 781 807 841 843 997 1152 1380 1410 1452 1469 1518 1536 1570 1669 1722 1750 1816 1848 1855 1873 1917 1978 2007,C1=CC(=NC(=C1)OC)C(=O)NC2=CN=C(C=C2)OC
1117,C C ( C ) C C ( C ) O C C C 1 C C N C C 1,1 13 29 80 114 283 316 650 680 832 926 1019 1056 1057 1114 1179 1227 1516 1812 1847,CC(C)CC(C)OCCC1CCOC(C1)CCOC(C)CC(C)C
1118,C C C ( C ) S C ( C ) C ( = O ) N C 1 = C ( C = C ( C = C 1 ) N ) C,1 80 116 196 246 294 423 573 605 647 650 807 888 937 1057 1152 1162 1171 1193 1224 1297 1391 1442 1457 1538 1544 1722 1750 1752 1816 1856 1861 1873 1917,CCC(C(=O)NC1=C(C=C(C=C1)N)C)SC(CC)C(=O)NC2=C(C=C(C=C2)N)C
1119,C O C 1 = C C = C C = C 1 C 2 = N N C ( = S ) N 2 / N = C / C 3 = C C ( = C C = C 3 ) [N+] ( = O ) [O-],74 214 249 328 346 352 520 544 618 635 650 694 695 710 715 725 803 831 838 841 864 875 935 984 1039 1057 1088 1114 1195 1199 1274 1353 1410 1536 1610 1717 1722 1750 1806 1873 1940 1963 1970 2004,CC1=NNC(=N1/N=C\C2=CC(=CC=C2)[N+](=O)[O-])C3=CC=CC=C3OC
1120,C C ( C ) ( C ) O C ( = O ) N C ( C ) ( C ) C ( = O ) O C 1 = C C = C ( C 2 = C C = C C = C 2 1 ) N = C ( N ) N,11 18 70 94 114 126 140 231 271 351 392 493 598 650 674 695 715 725 807 1057 1088 1193 1199 1380 1573 1574 1613 1662 1724 1750 1758 1873 1917,CC(C)(C)OC(=O)C(C)(C)OC(=O)NC1=CC=C(C=C1N=C(N)N)[O-]
1121,C C 1 = C ( C = C O 1 ) C 2 = N N = C ( O 2 ) S C C # C C O,80 116 151 222 352 378 656 696 787 807 835 979 1047 1057 1158 1164 1189 1219 1233 1320 1380 1384 1539 1572 1722 1750 1764 1873 1884 2010,CC1=C(C=CO1)C2=NN=C(O2)SCO
1122,C C O P 1 O C ( = N O 1 ) C 2 = C C = C C = C 2,217 327 389 463 656 695 700 736 1006 1057 1088 1160 1199 1320 1380 1390 1493 1620 1750 1796 1873,CP1OC(=C(O1)C2=CC=CC=C2)C3=CC=CC=C3
1123,C [C@H] 1 C [C@@H] ( C ( = O ) O 1 ) O C ( = O ) C 2 = C C 3 = C ( S 2 ) N = C ( S 3 ) N C 4 = C C = C C = C 4,140 145 162 206 330 378 381 392 491 650 656 675 695 725 750 875 919 926 941 949 1019 1057 1071 1088 1103 1152 1172 1180 1292 1309 1380 1740 1855 1873,CC1CC(OC(=O)C(OC(=O)C(CC(OC(=O)C(CC(OC(=O)C(C(O1)C)NC2=NC3=C(S2)C=C(S3)NC4=C(OC(CC4OC(=O)OC(CC(OC4=O)C)C)C)C)C)C)C)C)C)C
1124,C O C 1 = C ( C ( = C ( C = C 1 ) Cl ) O C ) C ( = O ) N 2 C C C N 2 C ( = O ) C C C ( F ) ( F ) F,80 94 114 213 249 299 366 586 695 807 819 832 841 926 935 1009 1057 1083 1091 1308 1327 1328 1453 1504 1533 1536 1564 1599 1683 1717 1862 1873 1917 1928,COC1=C(C(=C(C=C1)OC)C(=O)N2C=CC=CN2C(=O)CCC(F)(F)F)C(=O)N3C=CC=CN3C(=O)CCC(F)(F)F
1125,C C ( C ) C 1 C N ( C C 1 C ( = O ) O ) C C 2 = C C = C C = C 2,1 80 81 253 283 285 389 650 718 739 807 868 926 935 1019 1057 1088 1199 1372 1380 1431 1683 1754 1765 1771 1791 1873,CC(C)[C@H]1CN(C[C@@H]1C(=O)O)CC2=CC=CC=C2
1126,C 1 C C 1 N C ( = O ) C N 2 C C N ( C C 2 ) C ( = O ) C O C 3 = C C ( = C ( C = C 3 Cl ) Cl ) Cl,9 41 74 80 222 366 387 561 650 695 760 807 875 892 926 935 1009 1019 1110 1152 1187 1312 1325 1362 1380 1452 1480 1589 1634 1655 1683 1791 1815 1873 1917 1920 1970 2004,C1CC1NC(=O)CN2CCN(CC2)CC(=O)NC3CC3
1127,C O C ( = O ) C 1 = C ( C 2 = C C = C C = C 2 C ( = C 1 C ( = O ) O C ) C 3 = C C = C C = C 3 ) C 4 = C C = C C = C 4,145 389 586 624 650 695 736 807 841 906 1057 1088 1152 1160 1199 1282 1357 1380 1411 1573 1747 1770 1873,COC(=O)C1=C(C2=CC=CC=C2C(=C1C(=O)OC)C3=CC=CC=C3)C4=CC=CC=C4
1128,C O C 1 = C ( C = C ( C = C 1 ) C ( C 2 = C ( N ( C ( = S ) N C 2 = O ) C 3 = C C ( = C C = C 3 ) Cl ) O ) C 4 = C ( N ( C ( = S ) N C 4 = O ) C 5 = C C ( = C C = C 5 ) Cl ) [O-] ) C [NH+] 6 C C O C C 6,1 80 94 97 118 165 216 221 249 314 368 460 523 561 592 650 656 662 715 750 807 820 841 875 883 896 926 935 950 994 1002 1036 1039 1049 1088 1114 1175 1180 1183 1349 1365 1380 1445 1536 1602 1626 1661 1683 1690 1717 1729 1745 1750 1754 1801 1839 1873 1926 1970,C1COCC[NH+]1CC2=C(C=CC(=C2)C(C3=C(N(C(=S)NC3=O)C[NH+]4CCOCC4)O)C5=C(N(C(=S)NC5=O)C[NH+]6CCOCC6)O)OC
1129,C C C ( C ( = O ) N C 1 = N C 2 = C ( S 1 ) C = C ( C = C 2 ) O C C ) S C 3 = C ( C ( = C C ( = N 3 ) C 4 = C C = C ( C = C 4 ) O C ) C 5 = C C = C ( C = C 5 ) C ) C # N,1 32 69 80 116 162 213 222 237 294 317 352 358 378 385 493 557 573 629 650 674 675 695 716 718 780 781 790 807 831 841 850 875 880 885 896 916 1057 1097 1136 1160 1180 1193 1238 1380 1384 1452 1501 1507 1574 1669 1823 1873 1917 1949,CCOC1=CC2=C(C=C1)N=C(S2)NC(=O)C(C(=O)NC3=NC4=C(S3)C=C(C(=C4)C5=CC=C(C=C5)OC)C6=CC=C(C=C6)OC)SC7=NC8=C(C=C(C=C8)OCC)C#N
1130,C O C 1 = C ( C = C C ( = C 1 ) C # N ) O C ( = O ) C 2 = C C = C C = C 2,94 102 145 249 305 310 389 606 650 674 695 790 841 875 934 1057 1088 1136 1199 1245 1384 1385 1536 1711 1729 1750 1873 1917 1954 1970 1975 1985,COC1=C(C=CC(=C1)C#N)OC(=O)C2=CC=CC=C2
1131,C C O C 1 = C C = C ( C = C 1 ) N 2 C ( = O ) C [C@@H] ( C 2 = O ) [NH2+] C C C 3 = C C = C C = C 3,5 48 69 80 102 231 233 237 293 389 603 695 718 798 1057 1066 1088 1097 1176 1199 1238 1243 1380 1452 1536 1652 1660 1723 1754 1825 1873 2038,COC1=CC=C(C=C1)N2C(=C(CC2O[Si]CC3=CC=CC=C3)O[Si]CC4=CC=CC=C4)OCC5=CC=CC=C5
1132,C C [S@] ( = O ) C 1 = C C = C C = C 1 C ( = O ) O C C ( = O ) N C 2 = C C = C ( C = C 2 ) O C 3 = C C = C C = C 3 Cl,41 80 145 147 182 191 193 240 294 307 322 366 427 695 718 721 843 901 1005 1057 1077 1088 1121 1152 1199 1265 1331 1380 1410 1447 1455 1499 1516 1617 1673 1683 1750 1816 1873 1917 1970,CCS(=O)C1=CC=CC=C1C(=O)OCC(=O)NC2=CC=C(C=C2)OC3=CC=CC=C3S(=O)CC
1133,C C 1 = C C ( = C 2 C = C C ( = C C 2 = N 1 ) F ) C ( = O ) N ( C ) C C 3 C C 3,80 360 378 650 699 807 875 881 902 926 970 1019 1057 1079 1097 1106 1163 1221 1325 1357 1380 1410 1487 1520 1541 1670 1671 1731 1750 1763 1822 1855 1873 1917 1928 1989 1991,CC1=CC(=C2C=C(C=CC2=N1)F)C(=O)N(C)C3CC3
1134,C C C C C C C C C C C C O C 1 = C ( C = C ( C = C 1 ) C C ( = O ) N C C 2 = C C = C C = [N+] 2 C C ) Cl,13 26 41 80 94 197 255 294 325 333 366 418 575 591 640 650 695 730 794 807 818 875 950 975 1003 1088 1143 1249 1380 1444 1452 1510 1518 1520 1750 1754 1776 1822 1873 1911 1912 1917 1943 1970,C1=CC=[N+](C=C1)CC(=O)NC2=CC(=C(C=C2)OCCCCCC)OCCCCCC
1135,C C C ( C ) C 1 = C C = C ( C = C 1 ) N 2 C ( = O ) / C ( = C \ C 3 = C C = C C = C 3 C ( = O ) O ) / S C 2 = S,1 80 97 215 273 281 294 314 347 389 441 502 650 675 694 807 863 879 935 961 1055 1057 1062 1088 1139 1180 1199 1288 1365 1380 1434 1447 1544 1686 1717 1750 1825 1853 1873 1904 1917 1991 2044,CCC(C)C1=CC=C(C=C1)C(=O)/C=C/2\C(=O)N(C(=S)S2)C3=CC=CC=C3/C=C/4\C(=O)N(C(=S)S4)C5=CC=C(C=C5)C(CC)CC
1136,C C C C C C C C C C C C # C C C # C C C ( = O ) O,34 80 138 151 294 389 413 417 591 674 794 797 807 820 1057 1271 1419 1444 1737 1753 1911 1917 1927,CCCCCC#CCC#CCC#CCC#CCC#CCC#CCC#CCC#CCC(=O)O
1137,C C C ( C C ) ( C C ) P 1 ( = N C ( C ) ( C ) C ) C ( = C 1 C 2 = C C = C C = C 2 ) C 3 = C C = C C = C 3,80 114 295 339 389 392 590 725 736 810 908 1057 1145 1160 1199 1380 1511 1602 1656 1750 1752 1873 1895,CC(C)(C)N=P1(=CP(=NC(C)(C)C)(C(=C1C2=CC=CC=C2)C3=CC=CC=C3)CC(C)(C)N=C(C)C4=CC=CC=C4)C5=CC=CC=C5
1138,C C C ( C 1 = C N = C ( C = C 1 ) C ) N,1 268 294 335 577 689 786 944 968 1043 1057 1171 1270 1365 1380 1544 1722 1853,CCC(C1=CC=C(C=C1)C(CC)N)N
1139,C O C ( = O ) C 1 = C C = C C = C 1 N C ( = O ) / C = C / C 2 = C C 3 = C ( C = C 2 ) C = C ( C = C 3 ) F,25 31 58 203 322 650 694 695 745 767 807 835 875 906 936 1046 1057 1152 1181 1308 1380 1410 1443 1447 1670 1816 1855 1917 1928 1991 2033 2041,C(=O)(/C=C/c1cc2c(cc(cc2)F)cc1)Nc1cc(cc(c1)F)ONC(=O)/C=C/c1cc2c(cc1)cc(cc2)F
1140,C C C 1 = N N ( C ( = C 1 ) C ( = O ) N C C 2 C C 3 = C ( O 2 ) C ( = C C ( = C 3 ) C 4 = C ( C = C C ( = C 4 ) O C ) O C ) Cl ) C,80 94 231 239 249 322 352 366 378 486 488 495 533 650 710 718 724 781 807 875 917 928 932 935 971 994 1019 1057 1099 1105 1145 1152 1160 1170 1185 1202 1236 1294 1380 1391 1536 1653 1683 1690 1750 1763 1799 1848 1853 1873 1956 1972 2037,CCC1=NN(C(=C1)C(=O)N[NH+]2C3CC4=C2C(=CC(=C4)C5=C(C=CC(=C5)OC)OC)C3)C
1141,C 1 = C ( N C ( = O ) N = C 1 ) N C ( = O ) C 2 = C ( C ( = C ( C ( = C 2 F ) F ) F ) F ) F,152 377 378 486 526 586 650 699 787 807 1021 1152 1294 1380 1382 1445 1452 1507 1683 1745 1750 1816 1873 1911 1928 1932 1959,C1=CON=C1NC(=O)C2=C(C(=C(C(=C2F)F)F)F)F
1142,C [C@@H] 1 C ( = O ) N [C@@H] ( C ( = O ) N [C@@H] ( C ( = O ) N [C@H] ( C ( = O ) N [C@@H] ( C ( = O ) N 2 C C C [C@@H] 2 C ( = O ) N 1 ) C C ( = O ) O ) [C@@H] ( C ) O ) C C ( = O ) O ) C 3 = C C = C C = C 3,1 19 27 47 80 101 115 231 250 283 301 314 435 446 634 650 687 891 926 935 977 998 1004 1019 1034 1052 1057 1068 1088 1199 1309 1312 1325 1380 1480 1506 1516 1527 1663 1689 1737 1739 1746 1750 1917 1937 2008,[B](C1=CC=CC=C1)N2CCC(N2CC(=O)C3C(=O)NC(C(=O)NC(C(=O)N3)CC(=O)N4CCC(N4C(C)C)C)C)C5=CC=CC=C5[B]C(C)C
1143,C C 1 = C ( C = C ( S 1 ) C ( = O ) O C ) C # N,313 392 419 523 650 674 679 807 841 1057 1136 1254 1380 1384 1722 1862 1873,CC1=C(C=C(C(=C(C#N)C#N)C=C1C#N)C#N)C#N
1144,C 1 = C C = C 2 C = C ( C = C C 2 = C 1 ) C C 3 = C C ( = C ( C = C 3 ) N ) C # N,80 203 310 322 361 598 674 790 875 910 944 1136 1190 1199 1380 1387 1430 1457 1625 1750 1843 1855 1862,C1=CC=C2C=C(C=CC2=C1)CC3=CC4=C(C=C3)C=C(C(=C4)C#N)C#N
1145,C 1 C [C@@H] 2 C [NH2+] C C [NH+] 2 C 1,237 372 412 658 891 926 1028 1060 1170 1204 1325 1373 1553 1724 1996,C1C[C@@H]2CC[NH2+]C[C@@]23C[NH2+]CC[C@@H]3C1
1146,C 1 C C ( = O ) N ( C 1 = O ) C 2 = C C = C ( C = C 2 ) C ( = O ) O C C ( = O ) N C C 3 = C C = C C = C 3 Cl,80 147 197 219 233 255 295 314 333 561 606 650 695 798 807 926 974 1048 1088 1152 1199 1314 1349 1385 1522 1597 1683 1686 1697 1738 1750 1825 1873 1917 1997 2004,C1CC(=O)N(C1=O)C2=CC=C(C=C2)C(=O)OCC(=O)NCC3=CC=CC=C3Cl
1147,C C 1 = C C ( = C ( C ( = C 1 ) C ) C ( = O ) C [N+] 2 = C S C ( = C 2 C ) C C O ) C,26 80 213 222 463 473 586 650 807 875 910 1027 1243 1328 1380 1391 1567 1608 1693 1722 1727 1772 1823 1828 1873 1891 1949 1953,C1=CC(=C(C(=C1)C)C(=O)C[N+]2=C(C(=C(C(=C2)C)C(=O)C[N+]3=C(C(=C(C(=C3)C)C(=O)C[N+]4=C(C(=C(C(=C4)C)CCO)C)C)C)C)CCO)C)C
1148,C C C ( C N 1 C = N C = N 1 ) C # N,1 43 112 294 378 489 548 584 651 747 790 932 935 1012 1024 1057 1291 1384 1544 1552 1603 1701 1873 2006,CCC(C(CC)N1C=NC=N1)N(C#N)C(CC)CC
1149,c 1 ( c n c c ( c 1 N N C ( = O ) C C c 1 c c c ( c c 1 ) O C ) Cl ) Cl,41 80 310 366 381 561 650 695 718 745 781 807 831 834 841 1057 1090 1094 1152 1168 1176 1185 1243 1380 1535 1536 1649 1683 1721 1873,COC1=CC=C(C=C1)ONNC(=O)CCC2=C(C=C(C=C2Cl)OC)Cl
1150,C 1 C C 1 N C ( = O ) C 2 = C C 3 = C ( C ( = C 2 ) Cl ) O C C O 3,9 261 366 387 441 486 561 650 656 667 854 875 926 944 950 971 1152 1294 1325 1385 1529 1563 1634 1655 1683 1860 1905 1921,C1CC1NC(=O)C2=CC3=C(C(=C2)Cl)OCCO3
1151,C 1 = C N C ( = C 1 ) C 2 = C C = C ( C = C 2 ) C C ( = O ) O,80 165 267 310 389 650 806 807 914 1053 1114 1160 1230 1324 1380 1400 1540 1563 1737 1754 1873 1917,C1=CC(=CC=C1CC(=O)O)C2=CC=CN2
1152,C N C 1 = N C ( = N C = C 1 C 2 = C C = C C = C 2 Cl ) S ( = O ) ( = O ) C,217 350 352 366 378 534 606 650 708 876 984 1007 1057 1088 1152 1199 1276 1356 1380 1452 1476 1498 1535 1683 1750 1849 1855 1873,CS(=O)(=O)NC1=NC(=NC=C1C2=CC=CC=C2C3=CN=C(N=C3NS(=O)(=O)C)S(=O)(=O)NC4=NC(=NC=C4C5=CC=CC=C56)S(=O)(=O)C)S(=O)(=O)C
1153,C 1 C O C C N 1 C 2 = C C = C ( C = C 2 ) C 3 = N C = C C ( = C 3 ) C 4 = C ( N N = C 4 ) C 5 = C C = C C = N 5,74 155 233 256 352 378 407 448 506 523 552 609 656 715 787 875 926 935 1088 1114 1120 1155 1199 1211 1347 1380 1405 1441 1452 1480 1535 1618 1750 1825 1851 1866 1971 1985,C1COCCN1C2=CC=C(C=C2)N3C(=C(C=N3)C4=C(NN=C4)C5=CC=CC=N5)C6=CC=CC=N6
1154,C C 1 = C C ( = C ( N ( C 1 = O ) C ) N C 2 = C ( C = C ( C = C 2 ) I ) F ) N S ( = O ) ( = O ) C 3 C C 3,165 314 350 459 491 504 564 650 661 692 699 826 926 955 1019 1145 1152 1270 1325 1380 1391 1405 1426 1438 1476 1480 1499 1594 1645 1722 1750 1840 1856 1873 1894 1913 1921 1928,C1CC1S(=O)(=O)NC2=CC=C(C(=O)N2C)NC3=C(C=CN3C)F
1155,C 1 C C 2 ( C ( N ( C C O 2 ) C C 3 = C C = C C = C 3 ) C 4 = C C = C C = C 4 ) O C 1 C 5 = C C = C C = C 5,80 99 265 389 545 570 656 848 863 935 950 1017 1019 1060 1066 1070 1088 1162 1199 1246 1273 1279 1325 1480 1500 1683 1686 1750 1754 1765 1785 1873 2022,C1CC2(C3C4=CC=CC=C4)OCCN(C1O2)CC5=CC=CC=C5
1156,C O C 1 = C ( C = C C ( = C 1 ) C N C C C O ) O,80 99 222 249 255 310 473 614 667 771 807 841 875 1004 1027 1057 1086 1152 1168 1380 1475 1536 1602 1607 1750 1779 1873 1911 1970,COC1=C(C=CC(=C1)CNCCCNCC2=CC(=C(C=C2)O)OC)O
1157,C 1 C ( C O C ( O 1 ) C 2 = C O C = C 2 ) N,252 384 396 727 787 802 926 1006 1019 1100 1171 1279 1338 1380 1750 1840 1873 1923 1952 1959,C1C(OCC(O1)C2=COC=C2)C3=COC=C3
1158,C [C@H] 1 C N ( C ( = O ) C 2 = C ( C ( = C C = C 2 ) N C ( = O ) C 3 = C C = C ( C = C 3 ) C 4 = N C = C S 4 ) O [C@@H] 1 C N ( C ) C C 5 C C C C C 5 ) [C@@H] ( C ) C O,1 2 14 29 34 80 222 314 352 378 395 482 484 486 610 650 656 675 679 750 769 807 834 879 881 890 926 935 947 984 998 1019 1028 1039 1057 1110 1116 1152 1160 1163 1214 1224 1236 1294 1309 1325 1380 1385 1452 1461 1630 1631 1665 1696 1697 1716 1731 1750 1754 1816 1859 1866 1917 1929 1978 2003 2010,C[C@H]1CO)C2=C(C=CC=C2NC(=O)C3=CC=C(C=C3)C(=O)NC4=CC=CC5=C4O[C@H]([C@@H](CN(C5=O)[C@H](C)CO)C)CN(C)CC6CCCCC6
1159,C C ( C ) [C@H] ( C ( = O ) N C ( = O ) N ) O C ( = O ) C C N 1 C ( = O ) C S C 2 = C C = C C = C 2 1,69 123 140 157 180 283 314 397 413 509 532 573 588 650 667 675 695 798 807 859 926 949 1119 1145 1152 1167 1171 1199 1225 1295 1328 1386 1441 1526 1564 1596 1647 1734 1750 1773 1917 2000,C1C(=O)N(C2=CC=CC=C2S1)CCC(=O)O[C@H](C(C)C)C(=O)NC(=O)N
1160,C [C@H] ( C [C@@H] ( [C@@H] 1 C ( O 1 ) ( C ) C ) O C ( = O ) C ) C 2 = C 3 C [C@H] 4 C 5 [C@@] ( [C@] 3 ( C C 2 ) C ) ( C C C ( [C@@] 5 ( C C ( = O ) O 4 ) C ) C ( C ) ( C ) C ( = O ) O C ) C,1 5 69 80 114 199 231 283 302 314 354 373 392 502 512 523 555 633 656 668 680 695 733 750 777 799 841 926 940 970 1035 1060 1070 1152 1162 1274 1278 1305 1325 1326 1380 1394 1418 1424 1436 1477 1554 1574 1741 1805 1819 1826 1917 1990 2034,C1C[C@]2([C@@H](CC(=O)O[C@@H]3[C@@H]2[C@](C1)(C)[C@@H](C3)C(C)([C@@H](C[C@@H](C1=C2C[C@@H]2OC([C@H]2[C@](C1)(C)[C@@H](CC(=O)O2)OC(=O)C)C)OC(=O)C)OC(=O)C)OC)OC(=O)C)C
1161,C C ( N C ( = S ) [S-] ) O C = C,1 9 97 110 283 501 641 694 807 866 1057 1135 1152 1366 1491 1645 1720 1844 2002,CC(C(=S)C(=S)C(=S)C(=S)C(=S)C(=S)C(=S)C(=S)C(=S)C(=S)C(=S)C(=S)C(=S)C(=S)C(=S)C(C(C=C)C=C)OC=C)OC=C
1162,C C ( C ( = O ) C 1 = C N C 2 = C C = C C = C 2 1 ) O C ( = O ) C 3 = C C 4 = C ( C = C 3 ) C ( = O ) N ( C 4 = O ) C C = C,1 80 110 119 145 283 330 469 473 588 650 680 694 695 806 807 875 879 940 1057 1088 1114 1199 1269 1281 1286 1357 1366 1380 1385 1573 1645 1697 1750 1798 1814 1820 1845 1873 1879 1920 1937 1991 2010,CC(C1=CNC2=CC=CC=C21)OC(=O)C3=CC4=C(C=C3)C(=CN4)C(=O)O[P+](C)(CC=C)CC=C
1163,C O C ( = O ) [C@H] ( C C 1 = C C = C ( C = C 1 ) C 2 = C C = C C = C 2 O C 3 = C C = C C = C 3 ) N C ( = O ) C 4 = C ( C = C C ( = C 4 ) Br ) O C C C C 5 = C C = N C = C 5,1 13 46 79 80 94 147 193 222 240 310 322 352 378 389 486 500 562 728 736 807 857 875 896 909 1019 1057 1088 1152 1157 1199 1208 1243 1281 1338 1380 1410 1435 1452 1458 1603 1617 1631 1754 1762 1808 1866 1873 1917 1970 1991,C1=CC=C(C=C1)OC2=C(C=C(C=C2)CC(C(=O)OCCC3=C(C=CN=C3)C4=CC=CC=C4)NC(=O)C5=C(C=CC(=C5)Br)OC6=CC=CC=C6)Br
1164,C C 1 = C ( N = C ( O 1 ) C 2 = C C = C C = C 2 C ( F ) ( F ) F ) N 3 C ( C C ( = N 3 ) C 4 = C C = C ( C = C 4 ) C 5 = C C = C O 5 ) N 6 C C C 7 = C C = C C = C 7 C 6,21 114 130 242 262 352 378 419 474 532 656 731 740 787 789 809 835 865 896 915 926 935 984 991 1019 1031 1047 1057 1088 1148 1160 1199 1233 1236 1304 1380 1453 1480 1523 1527 1604 1708 1722 1738 1743 1750 1757 1777 1805 1851 1854 1855 1873 1888 1926 1928 1946 1953 2041,CC1=C(N=C(O1)C2=CC=CC=C2C(F)(F)F)N3C(N(CC(=N3)C4=CC=C(C=C4)C5=CC=CO5)C6CCC7=CC=CC=C7C6)N8CCC9=CC=CC=C9C8
1165,C C ( C ) C C ( C ( = O ) N C ( C C C N = C ( N ) N ) C ( = O ) N C ( C C C ( = O ) O ) C ( = O ) N C ( C ( C ) C ) C ( = O ) O ) N,80 140 283 351 389 425 507 573 650 680 725 739 759 786 798 807 955 978 1057 1110 1118 1152 1171 1287 1343 1393 1547 1564 1618 1737 1744 1773 1776 1844 1847 1911 1917 2004 2016,CC(C)CC(C(=O)NC(CCCN=C(N)N)C(=O)NC(CCC(=O)O)C(=O)NC(C(C)C)C(=O)O)N
1166,s 1 c ( C ( = O ) N c 2 c c ( N 3 C C O C C 3 ) c c c 2 ) c c c 1,14 79 184 191 241 407 419 486 656 675 687 722 807 915 935 950 1014 1039 1049 1088 1152 1380 1405 1441 1480 1567 1619 1750 1816 1825 1873 1917,C1COCCN1C2=CC=CC(=C2)NC(=O)C3=CC=CS3
1167,C C 1 = N C ( = C ( C = C 1 ) S C 2 = C C = C ( C = C 2 ) O C ) Cl,116 322 335 378 552 561 695 718 781 811 831 841 944 1025 1033 1057 1092 1255 1348 1380 1536 1683 1722 1750 1834 1855 1873,COC1=CC=C(C=C1)SC2=C(N=C(C=C2)Cl)Cl
1168,C C 1 C N ( C C N 1 C 2 = C C = C C ( = C 2 ) C ) C ( = O ) N C 3 = C N ( C ( = O ) C 4 = C C = C C = C 4 3 ) C,20 25 218 278 314 504 650 684 732 734 739 807 819 849 852 926 929 935 1013 1019 1055 1057 1088 1145 1152 1224 1357 1367 1381 1409 1589 1637 1722 1750 1816 1823 1825 1873 1917 1938,CC1=CC(=CC=C1)N2CC2NC3=CC=C4C(=C3)C(=O)N(N(C4=O)C)C
1169,C 1 = C C = C ( C = C 1 ) C 2 ( C = C ( N N 2 ) C ( = O ) N N = C C 3 = C C = C ( C = C 3 ) O C ( = O ) C 4 = C C ( = C C = C 4 ) Br ) C 5 = C C = C C = C 5,25 52 145 153 190 212 294 309 318 322 389 469 556 644 694 695 725 728 766 772 807 864 866 909 924 1011 1039 1060 1088 1152 1368 1380 1385 1403 1446 1631 1668 1729 1750 1867 1873 1917 1983 1985 1992 2033,C1=CC(=CC(=C1)Br)C(=O)OC2=CC=C(C=C2)/C=N/NC(=CC3(C=C(C(=C3)Br)Br)C4=CC=CC=C4)O
1170,o 1 n c ( c c 1 C c 1 c c c c c 1 ) C ( = O ) N [C@@H] 1 C ( = O ) N ( c 2 c ( O C 1 ) c c c c 2 ) C 1 C C 1,5 29 66 80 248 314 338 339 369 378 387 389 422 441 486 656 689 807 855 875 926 976 1019 1022 1066 1088 1152 1199 1295 1325 1347 1380 1407 1430 1444 1481 1494 1746 1750 1754 1873 1905 1917 1922 1923 2000,C1C[C@@H](C(=O)N1)NC(=O)C2=NOC(=C2)CC3=CC=CC=C3
1171,C N 1 [C@@H] ( C C C 1 = O ) C 2 = C [N+] ( = C C = C 2 ) [C@H] 3 [C@@H] ( [C@H] ( [C@@H] ( [C@H] ( O 3 ) C ( = O ) [O-] ) O ) O ) O,156 165 212 254 314 332 350 463 542 598 648 656 715 807 878 926 935 960 1000 1003 1019 1037 1057 1088 1145 1226 1257 1279 1312 1380 1487 1528 1641 1661 1663 1686 1745 1750 1819 1917 1921 1963,CN1[C@H]2[C@H](C[N+](=CC=C2)[C@@H]3[C@H]([C@@H]([C@H]([C@@H](O3)C(=O)[O-])O)O)O)OC(C(C1=O)O)C(=O)[O-]
1172,C C N S ( = O ) ( = O ) C 1 = C C ( = C ( C = C 1 ) O C ) N C ( = O ) C 2 = C C = C C = C 2 C,80 94 198 249 258 294 317 319 350 486 502 650 695 715 807 847 927 947 1057 1058 1152 1199 1224 1380 1447 1476 1626 1722 1726 1735 1750 1816 1873 1970 1991 1999 2030,CCNS(=O)(=O)C1=CC(=C(C=C1)OC)NC(=O)C2=CC=CC=C2C
1173,C C ( C ) O C 1 = C ( C = C C = C 1 O C ) C 2 C 3 = C ( C C ( C C 3 = O ) C 4 = C C = C ( C = C 4 ) C ( C ) ( C ) C ) N C 5 = C C = C C = C 5 N 2,1 68 211 249 283 301 314 333 392 505 511 613 650 651 695 751 841 926 1019 1027 1057 1060 1088 1116 1158 1169 1199 1279 1339 1380 1410 1419 1470 1536 1556 1582 1632 1637 1665 1750 1803 1873 1970 1978 1982 2000,CC(C)O[Si](C1=CC=C(C=C1)C2C3=C(CC(CC3=O)C4=CC=C(C=C4)C(C)(C)C)NC5=CC=CC=C5N2)(C(C)C)OC(C)C
1174,C C O C ( = O ) C 1 2 C N ( C C ( = O ) N 1 C C 3 ( O 2 ) C C N ( C C 3 ) C 4 = C C = N C = C 4 ) S ( = O ) ( = O ) C 5 = C C 6 = C ( C = C 5 ) C = C ( C = C 6 ) Cl,165 192 203 216 294 314 319 322 338 350 378 383 407 561 602 611 650 656 660 687 695 744 767 776 798 807 816 833 875 935 988 1053 1057 1060 1096 1162 1208 1238 1380 1432 1441 1476 1480 1604 1683 1730 1750 1758 1825 1832 1855 1866 1873 1877 1897 1946,CCOS(=O)(=O)C1=NC(=CC(=C1)N2CCC3(CC2)CN4C(=O)CN(CC4(O3)S(=O)(=O)C5=CC6=C(C=C5)C=C(C=C6)Cl)C7=CC=NC=C7)Cl
1175,C 1 [C@H] 2 [C@@H] ( C S 1 ( = O ) = O ) O C ( = S ) N 2 C 3 = C C = C C = C 3,97 207 265 298 389 650 656 750 926 935 1019 1049 1083 1088 1178 1362 1380 1579 1689 1717 1750 1763 1773 1825 1922,C1[C@@H]2[C@H](CS1(OC2=S)C3=CC=CC=C3)N4C(=S)OC(C4=S)C5N(C(=S)O5)C6=CC=CC=C6
1176,C C 1 = C 2 C ( = C C = C 1 ) C ( = C C ( = N 2 ) C 3 = C C = C ( C = C 3 ) N 4 C ( = O ) C 5 C 6 C = C C ( C 5 C 4 = O ) C 7 C 6 C 7 ) C ( = O ) O C C ( = O ) C 8 = C C = C C = C 8 O,80 145 257 314 378 446 622 650 670 749 799 807 875 896 916 922 926 980 1019 1039 1056 1058 1083 1088 1160 1166 1176 1199 1211 1292 1357 1362 1364 1380 1391 1403 1457 1554 1693 1722 1724 1750 1825 1831 1855 1873 1917 1971 1999 2004,C1C2C1C3C=CC2C4C3C(=O)C5=CC(=NC6=C(C=CC=C56)C)C7=CC=C(C=C7)C8=NC(=O)C9C1C=CC9C8C7
1177,C O C 1 = C C = C C = C 1 C N C ( = O ) C C C ( = O ) N 2 C 3 = C ( C = C C ( = C 3 ) Cl ) C = N 2,23 41 43 80 165 197 203 216 249 255 378 390 522 561 650 695 816 840 841 935 1009 1048 1187 1199 1205 1349 1410 1535 1564 1589 1597 1683 1750 1792 1855 1873 1917 1922 1970 1999 2023,C1=CC=C(C(=C1)CNC(=O)CCC(=O)N2C3=C(C=CC(=C3)Cl)C=N2)OC
1178,C O C 1 = C C = C ( C = C 1 ) S ( = O ) ( = O ) / C = C / C ( = O ) C 2 = C C = C ( C = C 2 ) Cl,216 319 322 350 561 682 781 816 831 1057 1070 1234 1380 1385 1476 1667 1683 1697 1713 1873 1917,COC1=CC=C(C=C1)S(=O)(=O)/C(=C(/C2=CC=C(C=C2)Cl)\S(=O)(=O)C3=CC=C(C=C3)Cl)/C4=CC=C(C=C4)Cl
1179,C C N ( C C ) S ( = O ) ( = O ) C 1 = C C ( = C ( C = C 1 ) O C C ) N C ( = O ) C 2 = C C ( = C C = C 2 ) N 3 C ( = O ) C C C 3 = O,80 237 282 294 319 350 486 650 695 715 785 798 805 807 815 875 877 926 932 935 947 1039 1049 1057 1058 1088 1152 1219 1224 1238 1285 1328 1380 1452 1476 1661 1686 1738 1750 1785 1795 1809 1816 1825 1970,CCN(CC)S(=O)(=O)C1=CC(=C(C=C1)OCC)NC(=O)C2=CC(=CC=C2)N3C(=O)CCC3=O
1180,C C 1 = C C = C ( C = C 1 ) O C C 2 = N C ( = C S 2 ) C ( = O ) O C C ( = O ) N C 3 C C O C 4 = C C = C C = C 3 4,41 80 145 147 203 322 378 387 441 552 650 654 675 695 701 718 745 807 836 855 949 950 1019 1027 1057 1199 1325 1382 1452 1481 1499 1529 1567 1578 1642 1722 1746 1750 1810 1823 1833 1855 1873 1905 1917 1920 1997 2000 2004 2021,CC1=CC=C(C=C1)OCC2=NC(=CS2)C(=O)OCC(=O)N[C@H]3CCOC4=CC=CC=C34
1181,C [Si] 1 ( O [Si] ( O [Si] ( O [Si] ( O [Si] ( O 1 ) ( C ) C Cl ) ( C ) C Cl ) ( C ) C Cl ) ( C ) C Cl ) C Cl,80 656 1057 1078 1109 1179 1325 1506 1982 2010,C[Si]1(O[Si](O[Si](O[Si](O1)(C[Si]2(O[Si](O[Si](O[Si](O2)(C[Si]3(O[Si](O[Si](O[Si](O3)(C[Si]4(O[Si](O[Si](O4)(C)C)(C)C)C[Si](C)(C)C)C)C)C)(C)C)(C)C)(C)C)C)C)(C)C)(C)C)C)C
1182,C 1 = C C = C ( C = C 1 ) S C 2 = C 3 C ( = C ( C = C 2 ) S C 4 = C C = C ( C = C 4 ) O ) C ( = O ) C 5 = C ( C = C C ( = C 5 C 3 = O ) S C 6 = C C = C ( C = C 6 ) O ) S C 7 = C C = C C = C 7,27 116 314 389 552 587 745 807 811 1025 1092 1199 1250 1255 1380 1476 1602 1778 1802,C1=CC=C(C=C1)SC2=C(C(=O)C(=C(C2=O)SC3=CC=C(C=C3)O)SC4=CC=C(C=C4)O)SC5=CC=C(C=C5)O
1183,C 1 = C C = C ( C = C 1 ) C 2 = N / C ( = C / C 3 = C C = C C = C 3 S ) / C ( = O ) N 2 C ( = S ) C ( = S ) N 4 C ( = N / C ( = C \ C 5 = C C = C C = C 5 S ) / C 4 = O ) C 6 = C C = C C = C 6,4 95 229 281 314 349 389 441 461 525 579 694 707 807 809 927 935 955 961 1088 1160 1199 1429 1485 1750 1873,C1=CC=C(C=C1)C2=N/C(=C\C3=CC=CC=C(C3=O)/C=C\4/C(=O)C(=C(S)S)C=C4)/C5=CC=CC=C5
1184,C 1 = C C = C 2 C ( = C 1 ) C = C C = C 2 C C ( = O ) N C 3 = N N = C ( S 3 ) S C C ( = O ) N C 4 = C C ( = C C = C 4 ) [N+] ( = O ) [O-],41 80 116 162 191 255 325 341 378 385 459 584 649 650 703 715 753 797 807 875 901 999 1007 1056 1087 1088 1164 1199 1274 1349 1357 1380 1455 1506 1573 1597 1610 1750 1756 1759 1816 1855 1873 1940 1963,C1=CC=C2C(=C1)C=CC=C2CC(=O)NC3=NN=C(S3)SC[N+](=O)[O-]
1185,C C 1 = C ( [C@H] ( C 2 = C ( N 1 ) C C ( C C 2 = O ) ( C ) C ) C 3 = C C = C ( C = C 3 ) O C C 4 = C C = C C = C 4 ) C ( = O ) O C C C 5 = C C = C C = C 5,13 80 102 107 145 147 256 257 314 322 389 391 505 654 674 718 745 751 807 940 1005 1019 1045 1060 1066 1088 1171 1199 1274 1279 1301 1321 1380 1390 1452 1464 1487 1582 1592 1651 1750 1754 1803 1873 2034 2042,C1C(CC2=C(C(C(=C(N2)COC3=CC=C(C=C3)OCC4=CC=CC=C4)C(=O)OCC5=CC=CC=C5)C6=CC=C(C=C6)OCC7=CC=CC=C7)C(=O)C1)(C)C
1186,C C C 1 = C C = C C = C 1 N 2 C ( = O ) / C ( = C / C 3 = C C = C C = C 3 O C C 4 = C C = C ( C = C 4 ) C ( = O ) [O-] ) / C ( = O ) N C 2 = O,80 107 160 281 294 310 314 650 694 695 715 722 745 796 807 817 879 911 961 1019 1057 1088 1114 1128 1179 1226 1295 1349 1380 1385 1410 1412 1452 1518 1560 1568 1597 1647 1657 1686 1750 1754 1917 2042,CC1=CC=CC=C1N2C(=O)/C(=C\C3=CC=CC=C3OCC4=CC=C(C=C4)C(=O)[O-])/C(=O)NC2=O
1187,C 1 = C S C ( = C 1 ) C ( = O ) N C ( = S ) N C 2 = N C 3 = C ( S 2 ) C = C ( C = C 3 ) F,14 79 97 110 241 317 378 383 385 419 486 557 650 699 716 738 807 875 885 915 961 1038 1088 1097 1119 1152 1380 1410 1487 1542 1567 1669 1670 1685 1816 1855 1873 1917 1928,C1=CSC(=C1)C(=O)NC(=S)NC2=NC3=C(S2)C=C(C=C3)F
1188,C C ( C 1 = C C ( = C C = C 1 ) F ) N C 2 C C C C 2,1 29 201 230 283 532 699 875 890 958 1019 1028 1039 1057 1088 1325 1365 1380 1603 1627 1634 1670 1750 1873 1928 2009,CC(C1=CC(=CC=C1)F)NC2CCCC2
1189,C \ 1 ( = C \ c 2 c c n c c 2 ) / C ( = O ) c 2 c ( C C 1 ) c c c c 2,281 314 354 378 383 409 650 694 789 926 984 1038 1088 1183 1199 1208 1236 1380 1476 1565 1603 1665 1708 1738 1750 1873 1992,C1C/C(=C\C2=CC=NC=C2)/C(=O)C3=CC=CC=C31
1190,C C 1 = C C ( = C ( C = C 1 ) O C ) C N 2 C C N ( C C 2 ) C ( = O ) C 3 C C N ( C C 3 ) C 4 = N S ( = O ) ( = O ) C 5 = C C = C C = C 5 4,53 74 80 94 95 207 235 246 249 335 352 378 407 454 467 469 588 650 695 776 784 807 841 926 935 944 974 984 1013 1019 1057 1088 1175 1199 1325 1349 1370 1380 1394 1428 1480 1535 1536 1589 1607 1661 1722 1750 1765 1792 1823 1837 1873 1907 1917 1937 1948 2009,CC1=CC(=C(C=C1)OC)CN2CCN(CC2)C(=O)C3CCN(CC3)C4=NS(=O)(=O)C5=CC=CC=C54
1191,C C 1 = C [NH+] = C ( C = C 1 ) N [C@] 2 ( C ( = O ) N C ( = N 2 ) C 3 = C C = C C = C 3 ) C ( F ) ( F ) F,114 235 314 378 389 650 713 736 739 893 1021 1057 1060 1088 1114 1152 1160 1257 1292 1351 1374 1380 1386 1393 1435 1453 1722 1731 1750 1815 1823 1862 1871 1873 1898 1950,CC1=C[NH+]=C(C=C1)N[C@@]2(C(=O)NC(=N2)C3=CC=CC=C3)C(F)(F)F
1192,C C ( C ) C N C ( = O ) C 1 C C ( = O ) N ( C 1 ) C 2 = C C = C ( C = C 2 ) Br,1 80 93 94 197 231 233 283 314 606 689 739 798 807 909 926 935 974 1019 1057 1380 1457 1598 1642 1649 1750 1825 1845 1847 1873 1897 1972,[3H]C(CCC(C)C)([3H])C([3H])C1CC(=O)N(C1)C2=CC=C(C=C2)Br
1193,C C C C S C 1 = N C 2 = C ( C 3 = C ( C = C C ( = C 3 ) Br ) N C ( O 2 ) C 4 = C C ( = C ( C = C 4 ) O C ) C ) N = N 1,12 80 94 116 123 249 294 301 323 341 405 492 511 591 656 728 766 794 841 875 909 1019 1057 1086 1114 1157 1164 1182 1313 1380 1391 1491 1536 1568 1587 1631 1687 1722 1724 1750 1803 1855 1873 1911 1970 1982 2003,CCCCSC1=NC2=C(C3=C(N2)C=C(C=C3)Br)N=N1
1194,C C N 1 C 2 = C C = C C = C 2 N = C 1 S C C ( = O ) N / N = C / C 3 = C C = C ( C = C 3 ) Cl,34 41 116 270 289 294 309 318 341 357 378 384 561 694 725 747 802 816 850 864 935 1057 1070 1088 1097 1152 1199 1285 1310 1380 1506 1540 1577 1683 1750 1873 1912 1917 2033,CCN1C2=CC=CC=C2N=C1SCC(=O)N/N=C\C3=CC=C(C=C3)Cl
1195,C 1 C N ( C C 2 = C C = C C = C 2 1 ) C C 3 = C C = C ( C = C 3 ) C ( = O ) N C 4 5 C C 6 C C ( C 4 ) C C ( C 6 ) C 5,80 172 175 310 344 486 650 664 807 926 1019 1036 1060 1152 1267 1292 1380 1446 1480 1526 1683 1697 1699 1708 1750 1765 1771 1791 1831 1873 1888 1901 1917 1946 1976,C1C2CC3CC1CC(C2)(C3)NC(=O)C4=CC=C(C=C4)CN5CC6=CC=C(C=C6)C(=C5)C(=O)NC78CC9CC(C7)CC(C9)C8
1196,C C 1 = C ( O C 2 = C ( C = C C = C 2 C 1 = O ) C O C C N ( C ) C C C C ( C # N ) ( C 3 = C C ( = C ( C = C 3 ) O C ) O C ) C ( C ) C ) C 4 = C C = C C = C 4,1 73 80 94 114 133 140 214 231 249 283 359 380 524 525 632 642 650 674 677 695 736 745 790 841 858 875 881 1036 1039 1057 1088 1160 1163 1199 1201 1236 1245 1280 1339 1349 1366 1380 1417 1457 1530 1573 1597 1604 1668 1700 1750 1802 1873 1911 1951 1970 1997,CC(C)C(C#N)(C1=CC(=C(C=C1)OC)OC)OCC2=CC=CC=C2CO[Hg]OC3=C4C=C(C(=CC4=CC=C3)OC)OC
1197,C 1 C C 2 = C ( C 1 ) C = C ( C = C 2 ) N C ( = O ) C 3 = N C = C C ( = C 3 ) Cl,165 184 242 378 552 556 561 708 787 843 875 892 926 1028 1095 1152 1360 1380 1452 1683 1738 1750 1816 1873 1917,C1CC(=C(C1)NC2=NC=CC(=C2)Cl)Cl
1198,C C ( C ) ( C ) [Si] ( C 1 = C C = C C = C 1 ) ( C 2 = C C = C C = C 2 ) O C [C@@H] 3 C ( = O ) [C@H] ( C [C@H] ( O 3 ) O C ) O C ( = O ) C 4 = C C = C C = C 4,11 80 114 314 352 378 389 392 606 611 636 650 656 695 807 841 937 972 1019 1057 1088 1104 1126 1136 1142 1199 1274 1292 1385 1473 1509 1527 1538 1717 1721 1750 1796 1873 1917 1977 1985 2045,CC(C)(C)[Si](C1=CC=CC=C1)(C2=CC=CC=C2)O[C@@H]3C[C@H](OC(C3=O)CO[Si](C)(C)C)OC
1199,C C 1 = C 2 C ( = N C 3 = N O N = C 3 N 2 C ( = C 1 ) C 4 = C C = C C = C 4 ) C 5 = C C = C C = C 5,263 323 378 471 548 600 614 656 690 736 743 875 883 935 1088 1112 1160 1199 1238 1380 1391 1440 1446 1480 1542 1692 1722 1855 1873 1894 1939 2011,C1=CC(=C2C(=NC3=NON=C3N2C1=C4C=CC=CC4=C5C(=NC6=NON=C6N5)C7=CC=CC=C7)C8=CC=CC=C8)C
1200,C C ( = O ) C C ( C ) ( C ) N C 1 = C C = C C = C 1,114 191 389 392 475 631 650 701 703 807 1017 1057 1061 1065 1088 1152 1199 1299 1380 1550 1750 1917 1973,CC(=O)CC(C)(C)NC1=CC=CC=C1
1201,C C 1 = C C ( = C C ( = C 1 C ) S ( = O ) ( = O ) N C C 2 C C C C C 2 ) N,2 29 232 252 350 392 425 484 502 650 875 888 926 1028 1057 1152 1158 1193 1271 1325 1380 1391 1397 1416 1626 1719 1722 1873,CC1=CC(=CC(=C1C)S(=O)(=O)NCC2CCCCC2)N
1202,C C O C 1 = C ( C = C ( C = C 1 ) Br ) C ( C 2 = C C 3 = C C = C C = C 3 S 2 ) N 4 C C C ( C C 4 ) C ( = O ) O,1 94 162 237 294 298 389 461 650 674 675 728 738 807 851 885 909 926 928 935 974 1019 1057 1087 1088 1157 1199 1238 1242 1250 1265 1324 1325 1364 1380 1452 1480 1631 1750 1790 1837 1917 1918 1970,CCOC1=C(C=C(C=C1)Br)C(C2=C(C=CC(=C2)Br)OCC)N3CCC(CC3)C(=O)O
1203,C C 1 = C C = C ( C = C 1 ) C 2 = N C ( = N O 2 ) C 3 = C C = C ( C = C 3 ) F,90 168 248 378 656 699 720 896 1047 1385 1410 1542 1631 1670 1722 1750 1823 1873 1920 1928 2013,C1=CC(=CC=C1C2=NOC(=N2)C3=CC=C(C=C3)F)C4=NOC(=N4)C5=CC=C(C=C5)C
1204,C N 1 C ( = O ) C ( C ( = O ) N ( C 1 = O ) C ) ( C 2 = C C ( = C ( C = C 2 ) Cl ) C ( F ) ( F ) F ) C ( = O ) N,92 114 140 255 261 366 419 484 556 561 645 650 666 809 875 1033 1057 1060 1219 1329 1341 1380 1453 1545 1592 1671 1683 1713 1750 1799 1928,C1=CC(=C(C=C1C2(C(=C(C(=C2C(F)(F)F)C(F)(F)F)C(F)(F)F)C(F)(F)F)C(F)(F)F)C(F)(F)F)Cl
1205,C N ( C ) C = C C ( = O ) C 1 = C C 2 = C ( O N = C 2 C = C 1 ) C 3 = C C = C ( C = C 3 ) O C,12 234 236 248 378 650 656 667 695 718 781 807 831 841 844 875 881 961 1060 1097 1163 1201 1357 1380 1385 1536 1542 1713 1750 1847 1873 2028,C1=CC2=NOC(=C2C=C1N(C)[Se])C3=CC=C(C=C3)OC
1206,C C 1 = C ( S C ( = C 1 C ( = O ) O C ) N C ( = O ) C [NH2+] [C@H] ( C ) C 2 = C C ( = C ( C = C 2 ) F ) F ) C,1 50 80 122 145 162 214 216 313 444 531 613 650 675 695 807 816 820 841 875 977 1152 1155 1304 1340 1380 1411 1722 1750 1816 1840 1853 1873 1916 1928 2009,C1=CC(=C(C=C1C(C2=CC(=C(S2)C)F)[NH2+]C/C(=C(/NC3=C(C(=C(S3)C)C)C)\OC)/F)F)F
1207,C C = C C C ( C 1 = C C = C C = C 1 ) C ( = O ) C,80 186 208 389 403 650 694 746 803 807 844 1017 1057 1088 1157 1199 1356 1365 1380 1581 1625 1750 1917,C/C=C/CC(C1=CC=CC=C1)C(=O)C
1208,C C 1 = C ( N = C ( S 1 ) N ) C 2 = C C 3 = C ( C = C 2 ) N ( C C 3 ) C ( = O ) C ( C ) ( C ) C,89 145 162 270 313 334 392 626 650 807 896 1056 1057 1078 1160 1171 1236 1295 1301 1380 1384 1387 1457 1480 1515 1627 1722 1738 1750 1855 1873 1888 1915 1917 1937 1980,CC1=C(C=C(S1)C2=CC=C3CCN(C3=C2)C(=O)C(C)(C)C)N
1209,C C C O C 1 = C C = C ( C = C 1 ) C ( = C 2 C ( N ( C ( = O ) C 2 = O ) C C [NH+] ( C ) C ) C 3 = C C = C ( C = C 3 ) O C ) [O-],13 80 93 102 194 257 294 314 322 650 695 715 718 781 783 794 797 807 831 841 1003 1057 1075 1130 1145 1184 1226 1279 1420 1427 1431 1440 1452 1476 1634 1697 1750 1873 2031,CCCOC1=CC=C(C=C1)C(=C2[C@@H](C(=C(C3=CC=C(C=C3)OC)[O-])C[NH+](C)C)[NH+](C)C)[O-]
1210,C C C ( C C 1 = C C = C C = C 1 ) N C ( = O ) C C,75 79 80 117 294 389 551 807 857 898 1066 1152 1199 1515 1544 1633 1750 1754 1873,CC/C(=C(\CC)/NC(CC)CC1=CC=CC=C1)/N/C(=C(\CC)/NC(CC)CC2=CC=CC=C2)/CC
1211,C N 1 C ( = N N = C 1 S C C ( = O ) N C 2 = C C ( = C C = C 2 ) S C ) C 3 C C 3,80 184 191 341 378 380 383 384 394 564 650 703 711 721 747 811 875 901 926 935 1019 1057 1088 1164 1212 1325 1379 1380 1449 1513 1598 1602 1723 1750 1816 1873 1959 2000,CN1C(=NN=C1SCN2C(=NN=C2SC#C)C3CC3)C4CC4
1212,C O C 1 = C ( C ( = C ( C = C 1 ) N C ( = O ) C [C@@H] 2 C ( = O ) N C 3 = C C = C C = C 3 N 2 C C 4 = C C = C ( C = C 4 ) C 5 = C C = C C = C 5 C ( = O ) O C ) O C ) O C,7 41 80 145 222 310 314 333 352 363 525 613 650 695 807 841 896 899 906 935 936 980 984 1004 1019 1034 1060 1114 1118 1160 1224 1295 1329 1380 1447 1468 1470 1536 1599 1647 1750 1754 1765 1775 1777 1783 1816 1856 1873 1886 1917 1948 1970 1982 1991,C1=CC2=C(C=C1CN3C(C(=O)NC4=CC=C(C=C43)C5=C(C(=C(C=C5)C(=O)OC)OC)OC)CC(=O)NC6=C(C(=C(C=C6)OC)OC)OC)NC(=O)C(=O)O2
1213,C C 1 = C C ( = C ( C 2 = C 1 C ( = O ) / C ( = C / C 3 = C C = C C = C 3 O C ) / O 2 ) C [NH+] 4 C C [NH+] ( C C 4 ) C C O ) O,18 44 80 104 118 221 222 249 281 314 441 473 615 650 656 694 695 807 841 961 1057 1088 1091 1183 1194 1199 1205 1249 1324 1380 1391 1410 1476 1536 1602 1607 1667 1690 1722 1738 1747 1810 1873 1886 1926 1949 2003 2010 2034,CC1=CC(=C(C2=C1C(=O)/C(=C/C3=CC=CC=C3OC)/O2)C[NH+]4CCOC(=CC5=CC=CC=C5OC)C4)O
1214,C = C C N C ( = O ) C 1 = C C = C C = C 1 N C ( = O ) C O C 2 = C C = C ( C = C 2 ) O C 3 = C C = C C = C 3,41 102 167 192 193 322 486 562 694 695 718 745 807 1077 1088 1114 1152 1199 1224 1252 1317 1366 1380 1447 1452 1617 1645 1816 1887 1948 1991 2004,C=CNC(=O)C1=CC=CC=C1NC(=O)COC2=CC=C(C=C2)OC3=CC=CC=C3
1215,C O C 1 = C C = C C = C 1 C 2 ( C C O C C 2 ) C N C ( = O ) C 3 = C C ( = C C ( = C 3 ) O C ) O C,80 197 229 249 250 265 322 483 486 523 650 656 695 781 807 841 875 950 1031 1057 1060 1070 1088 1133 1152 1162 1199 1218 1380 1385 1410 1536 1563 1659 1727 1750 1824 1830 1873 1970 1980,COC1=CC=CC=C1C2(CCOCC2)CNC(=O)C3=CC(=CC(=C3)OC)OC
1216,C C ( C ) C 1 = N C ( = C S 1 ) C C ( = O ) N 2 C C C 3 = C ( C 2 ) C = C S 3,42 105 283 325 378 526 552 598 650 675 724 734 807 842 867 926 1009 1057 1091 1236 1380 1477 1480 1567 1682 1738 1750 1839 1917 1946 1988 2009,CC(C)C1=NC(=CS1)CC(=O)N2CCC3=C(C2)C=CS3
1217,C O C 1 = C C = C C = C 1 N 2 C ( = N N = C 2 S C C 3 = N C ( = C S 3 ) C ( = O ) N C C C ( C 4 = C C = C C = C 4 ) C 5 = C C = C C = C 5 ) C 6 = C C = N C = C 6,8 75 116 121 137 197 249 341 383 473 486 552 650 667 675 695 739 762 807 836 841 855 890 935 1057 1088 1152 1160 1164 1191 1199 1248 1283 1295 1380 1449 1508 1567 1578 1581 1603 1647 1689 1722 1750 1810 1855 1866 1917 1939 1952 1970 1993 2018,COC1=CC=CC=C1N2C(=NN=C2SCC3=NC(=CS3)C(=O)NCCC(C4=CC=CC=C4)C5=CC=CC=C5)C6=CC=NC=C6
1218,C C 1 = C C ( = C ( C = C 1 C O C ( = O ) [C@H] ( C ) O C 2 = C C = C ( C = C 2 ) C # N ) O C ) O C,1 34 35 80 102 147 249 305 322 422 650 664 674 718 731 745 790 807 968 1057 1071 1136 1245 1297 1349 1380 1384 1391 1536 1592 1656 1722 1954 1970,CC1=CC(=C(C=C1COC(=C(C(OC2=CC=C(C=C2)C#N)OC3=CC=C(C=C3)C#N)OC4=CC=C(C=C4C)C#N)C)OC)OC
1219,C C ( C ) ( C ) [Si] ( C ) ( C ) O C ( C ( C C 1 = C C = C C = C 1 ) N C ( = O ) C N 2 C = C ( C = C ( C 2 = O ) N C ( = O ) O C C 3 = C C = C C = C 3 ) C 4 = C C = C C = C 4 ) C ( F ) ( F ) F,1 41 79 117 136 242 314 378 389 392 465 504 540 650 656 695 745 807 857 935 1013 1039 1140 1160 1199 1224 1262 1312 1326 1380 1424 1453 1455 1578 1579 1749 1750 1754 1758 1771 1776 1816 1830 1845 1873 1902 1909 1914 1917 1964,C1=CC=C(C=C1)CC(C(C(C(C(C(C(C(C(C(C(F)(F)F)O[Si](C)(C)C(C)(C)C)O[Si](C)(C)C(C)(C)C)(C)C)O[Si](C)(C)C(C)(C)C)(C)C)O[Si](C)(C)C)(C)C)C)(C)C)C)C
1220,C C [C@H] 1 [C@H] ( C S C 1 = S ) C C 2 = C N = C N 2 C,80 97 135 157 165 209 226 294 354 378 458 636 675 685 926 932 935 1145 1380 1409 1449 1451 1454 1459 1523 1535 1550 1603 1810 1828 1873,C1SC(=S)S1=S
1221,C C 1 = N C ( = C O 1 ) C 2 = C C = C ( C = C 2 ) S ( = O ) ( = O ) N C 3 = C C ( = C C = C 3 ) F,4 319 350 378 384 404 502 650 669 703 715 875 896 980 1039 1057 1088 1151 1152 1160 1179 1233 1270 1280 1380 1429 1476 1487 1670 1722 1750 1855 1873 1928 1971,CC1=NC(=CO1)C2=CC=C(C=C2)S(=O)(=O)NC3=CC(=CC=C3)F
1222,C N ( C ) S ( = O ) ( = O ) C 1 = C C = C C = C 1 C N C ( = O ) C 2 = C C 3 = C ( S 2 ) C C C C C 3,2 80 162 197 255 310 350 371 392 419 486 556 650 675 807 813 881 992 1028 1048 1057 1088 1152 1163 1199 1214 1236 1339 1380 1476 1479 1493 1597 1738 1750 1762 1817 1873 1917 2028,CN(C)S(=O)(=O)C1=CC=CC=C1CNC(=O)C2=CC3=C(S2)CCCCC3
1223,C C O C 1 = C C 2 = C C ( = C ( N = C 2 C = C 1 ) Cl ) / C = N \ N C 3 = N C 4 = C ( C = C ( C = C 4 ) Cl ) C ( = N 3 ) C 5 = C C = C C = C 5,69 80 155 165 201 216 230 237 322 323 339 378 454 471 561 591 694 695 699 718 730 736 816 835 864 1008 1016 1088 1097 1152 1197 1238 1357 1380 1455 1501 1582 1683 1739 1750 1779 1855 1867 1891 1951,C1=CC(=CC=C1OCC)C2=NC(=NC3=C2C=C(C=C3)Cl)N/N=C/C4=C(N=C5C=CC(=CC5=N4)Cl)Cl
1224,C C O C ( = O ) [C@] ( C ) ( C C ( = O ) O C ) N C ( = O ) C,37 70 80 114 147 195 294 354 392 552 650 695 807 830 841 1017 1047 1057 1061 1152 1314 1386 1488 1524 1564 1722 1917,CC(=O)NC(C)(CC(=O)OC)C(=O)OCC
1225,C C N 1 C C N ( C C 1 ) C 2 = C ( C = C ( C = C 2 ) S ( = O ) ( = O ) N ( C C ) C C ) N C ( = O ) C C 3 = C C ( = C C = C 3 ) F,34 41 74 230 231 282 294 350 407 507 650 699 715 720 730 785 805 807 881 926 932 1057 1066 1088 1224 1295 1380 1476 1480 1487 1508 1661 1750 1754 1756 1778 1793 1809 1816 1915 1928 1948,CCN(CC)S(=O)(=O)C(=O)NC1=C(C=CC(=C1)F)N2CCN(CC2)S(=O)(=O)[N-]CC3=CC(=CC=C3)F
1226,C C ( C ) ( C ) C 1 = N N ( C ( = C 1 ) O C ( = O ) C 2 = C C = C C 3 = C C = C C = C 3 2 ) C 4 = C C ( = C C = C 4 ) F,114 145 235 378 392 650 695 699 741 797 807 875 1039 1049 1057 1088 1104 1194 1199 1339 1357 1380 1487 1586 1590 1656 1670 1729 1825 1852 1855 1928 1956 1991,CC(C)(C)C1=NN(C(=C1)OC(=O)C2=C(C=CC(=C2)F)C(=O)OC3=CC(=NN3C4=CC(=CC=C4)F)C(C)(C)C)C5=CC(=CC=C5)F
1227,C C 1 = N C 2 = C ( C 1 ( C ) C ) C = C ( C 3 = C C = C C = C 3 2 ) O,99 378 401 533 691 807 843 1057 1067 1088 1199 1274 1279 1357 1380 1503 1573 1607 1722 1873 1951 1980,CC1=NN=C(C2=CC=CC=C12)C(=C3C4=CC=CC=C4C(=C5C6=CC=CC=C6C(=N5)C)[Si]3(C)O)C
1228,C C C C C C 1 O C ( C C ( O 1 ) C C ( C C ( C ) O C ( = O ) C ) O ) C C,1 69 72 294 334 354 591 650 656 658 680 689 695 794 807 832 907 926 962 1017 1019 1056 1105 1391 1394 1433 1444 1454 1523 1646 1679 1718 1766 1917 1921 2038,CCCCCC1OC(CC(O1)CC)CC(CC(CC2OC(CC(O2)CC)CC)OC(=O)C)OC(=O)C
1229,C [C@@H] 1 C [C@@H] 1 N C 2 = C C = C C = C 2,12 74 191 389 703 926 1019 1042 1057 1088 1112 1152 1292 1309 1380 1403 1750 1873,C[C@@H]1C[C@@H]1NC2=CC=CC=C2
1230,C 1 = C C ( = C ( C = C 1 N C ( = O ) C 2 = C C = C ( S 2 ) Br ) Cl ) C # N,191 241 278 361 366 419 486 623 650 674 722 728 790 843 875 1152 1380 1384 1459 1530 1581 1623 1631 1683 1750 1816 1862 1873 1917 1978,C1=CC(=C(C=C1NC(=O)C2=C(C=C(C=C2)Br)C#N)Cl)C(=O)NC3=CC(=C(C=C3)C(=O)NC4=CC(=C(C=C4)C(=O)NC5=CC(=C(C=C5)C#N)C#N)Cl)C#N
1231,C C ( C ( C ) O C 1 = N O N = C 1 N ) O C 2 = N O N = C 2 N,1 32 110 283 324 378 401 480 656 695 738 950 1057 1459 1542 1894,CC(C)[P+](C(C)C)(C(C)C)OC1=NON=C1O[Si](C)(C)C2=NON=C2N
1232,C C N 1 C 2 = C ( C = C ( C ( = C 2 ) C ) C ) S C 1 = N C ( = O ) C C S C 3 = C C = C C = C 3,13 27 45 46 80 116 162 294 341 389 675 807 811 850 867 875 885 1057 1078 1088 1182 1199 1227 1249 1380 1391 1438 1564 1646 1749 1750 1765 1850 1873 1930 1990,CCP(CC)CCP(CC)C1=CC2=C(C=C1P(CC)CCSC3=CC=CC=C3)S/C(=C(\CCSC4=CC=CC=C4)/P(CC)CC)/S2
1233,C C 1 = C ( C = C C 2 = C C = C C = C 1 2 ) O C C 3 = N N = C ( N 3 C C = C ) S C C ( = O ) N C 4 = C C = C C = C 4 F,41 94 116 252 318 341 384 650 677 694 699 745 747 802 807 862 935 940 1032 1057 1087 1088 1104 1164 1199 1211 1224 1226 1357 1366 1452 1455 1468 1503 1506 1573 1645 1712 1722 1750 1816 1840 1855 1873 1917 1948 1959 1970 2026 2040,CC1=C(C=CC2=CC=CC=C12)OCC3=NN=C(N3CC=C)SCC(=O)NC4=CC=CC=C4F
1234,C 1 = C C ( = C 2 C ( = C 1 ) O C = N 2 ) C O C C O,11 13 80 222 378 473 594 632 641 656 695 745 807 848 1039 1069 1088 1232 1233 1380 1452 1597 1724 1750 1808 1873 1992 1999,C1=CC(=C2C(=C1)OC=N2)COCCO
1235,C C 1 = C C ( = C ( C = C 1 C ) C ( C ) N C ( C ) C 2 = C C ( = C C = C 2 ) Cl ) C,78 165 216 237 283 372 592 774 875 979 1039 1057 1088 1152 1273 1365 1380 1391 1520 1581 1627 1683 1692 1873,C[C@@H](C1=CC(=CC=C1)Cl)N[C@H](C)C2=C(C=C(C(=C2)C)C)C
1236,C C N 1 C = C ( C ( = O ) N ( C 1 = O ) C C ( = O ) C 2 = C ( C = C ( C = C 2 ) Cl ) Cl ) C # N,34 67 80 103 216 288 294 361 366 443 464 479 674 760 771 790 816 935 1002 1057 1147 1209 1380 1453 1455 1683 1693 1750 1853 1862 1873 1917 1991,CCN1C=C(C(=C1=O)C#N)C(=O)C#CCl
1237,O ( c 1 c ( / C = N / N C ( = O ) c 2 c n c c c 2 ) c c c c 1 ) C c 1 c c c c c 1,80 378 389 426 437 441 650 695 725 745 807 864 961 1043 1066 1088 1199 1226 1385 1410 1452 1518 1535 1586 1603 1754 1866 1867 1873 1890 1917 1962 1970 1992 2042,C1=CC=C(C=C1)COC2=CC=CC=C2/C=N/NC(=O)C3=CN=CC=C3
1238,C C C C C C ( C ) N C ( = O ) C C S C 1 = N C = C N 1 C,1 41 46 80 97 117 283 294 378 591 615 650 665 747 765 794 935 994 1101 1182 1283 1380 1409 1676 1873 1917 2018 2043,CCCCC(C)NC(=O)N1C=CN(N=N1)C(=O)NC(C)CCCC
1239,C C N ( C C ) C C N ( C 1 = N C 2 = C ( S 1 ) C = C C ( = C 2 C ) Cl ) C ( = O ) C C ( C 3 = C C = C C = C 3 ) C 4 = C C = C C = C 4,75 80 104 252 294 334 366 561 620 650 666 675 732 783 807 815 881 885 893 932 964 1057 1088 1123 1181 1199 1238 1290 1365 1380 1504 1539 1581 1683 1706 1722 1724 1750 1855 1877 1981,CCN(CC)N(C1=NC2=C(S1)C=CC(=C2C)Cl)C(=O)CC(C3=CC=CC=C3)C4=CC=CC=C4
1240,C C C N C 1 = C C 2 = C ( C = C 1 ) C = C C ( = C 2 ) S ( = O ) ( = O ) O,80 191 192 203 319 350 592 650 667 715 807 843 875 1057 1152 1205 1416 1476 1528 1629 1750 1855 1873 1928 1933,C1=CC(=CC2=C1C=CC(=C2)S(=O)(=O)O)NCCNC3=CC4=C(C=C3)C=C(C=C4)S(=O)(=O)O
1241,C C C C C C C C C C C C C C C C C C N C ( = O ) [C@H] ( C S S C C C C C ) N C ( = O ) C N C C C N C C C C N C C C N,1 33 80 116 197 210 591 592 650 667 736 771 807 849 875 935 975 981 1004 1020 1024 1057 1093 1152 1171 1182 1295 1320 1322 1366 1440 1444 1510 1517 1801 1840 1876 1911,C(CCCNCCCN)CNCCCNC(=O)CNCCCNCCCNCCCNCCCNCCCNCCCN
1242,C C ( C ( = O ) N C 1 = C C = C ( C = C 1 ) S ( = O ) ( = O ) N C 2 = N C = C C = N 2 ) S C 3 = C ( C ( = C ( C ( = N 3 ) N ) C # N ) C 4 = C C = C O 4 ) C # N,1 4 32 80 116 121 196 213 283 319 350 378 448 474 502 505 561 573 629 650 656 674 715 764 784 787 790 807 843 883 1057 1136 1152 1162 1171 1173 1233 1270 1335 1384 1452 1459 1476 1664 1740 1747 1750 1777 1805 1855 1873 1917 1926 1942,CC(C(=O)NSC1=C(C(=C(C(=N1)NS(=O)(=O)C2=CC=C(C=C2)NS(=O)(=O)C3=NC(=C(C(=C3C#N)C4=CC=CO4)C#N)SN)C#N)C5=CC=CO5)C#N)C
1243,C 1 C S ( = O ) ( = O ) C [C@@H] 1 C C ( = O ) N / N = C \ C 2 = C C ( = C ( C = C 2 ) Cl ) Cl,25 41 78 265 309 318 561 605 666 694 725 924 926 1004 1019 1152 1155 1260 1325 1362 1380 1402 1638 1683 1861 1873 1876 1909 2033,C1CC(CC1/C=N/NC(=O)C/C=N/NC=O)/C=N/NC(=O)N/N=C/C2=CC(=C(C=C2)Cl)Cl
1244,C N ( C ) N 1 C ( = O ) C [C@H] ( C 1 = O ) N C 2 = C C = C C = C 2,5 191 208 266 317 389 480 650 703 798 881 926 1024 1152 1163 1199 1232 1394 1589 1680 1750 2000,C1C(C(=O)N(N1C)N(C)C)NC2=CC=CC=C2
1245,C C N ( C C ) C C C 1 = N N = C 2 N 1 C 3 = C ( C = C ( C = C 3 ) S C ) C ( = N C 2 ) C 4 = C C = C C = C 4,26 80 135 251 294 318 352 378 421 620 624 711 724 825 871 875 881 935 982 1057 1088 1121 1160 1164 1199 1255 1288 1295 1380 1513 1534 1571 1747 1750 1785 1873 1951 1981 1993,CCN(CC)CCN1C2=CC3=C4C(=C2)N5C(=NN=C5CN=C4C6=CC7=C(C=C6)N8C(=NN=C8CN=C7C9=CC=CC=C9)CN=C31)CN=C4C1=CC=CC=C1
1246,C C N C ( = S ) N ( C C 1 = C C 2 = C ( C = C ( C ( = C 2 ) C ) C ) N C 1 = O ) C 3 C C C C C 3,2 74 110 119 294 404 650 807 809 875 881 890 926 1019 1028 1057 1114 1147 1152 1273 1306 1325 1333 1349 1380 1412 1532 1690 1722 1726 1745 1854 1855 1858 1873 1936 1991 2034,CCNN(C1CCCCC1)C(=O)N(CC2=CC3=C(C=C(C(=C3)C)C)NC2=C(NC4=C(C=C(C(=C4)C)C)C5CCCCC5)NCC)C6CCCCC6
1247,C C C N ( C C C ) C ( = O ) C 1 = C C ( = C C ( = C 1 ) C ( = O ) N C ( C C 2 = C C = C C = C 2 ) C ( C N ( C ) N C ( = O ) C C 3 = C C = C C = C 3 ) O ) C ( = O ) N,1 41 79 80 117 140 207 227 287 294 309 389 390 486 650 737 750 807 828 837 857 875 881 888 913 1057 1066 1088 1102 1152 1163 1199 1221 1399 1427 1441 1563 1618 1625 1727 1761 1771 1794 1860 1873 1917 1951,CCCN(CCC)NC(=O)C1=CC(=CC(=C1)C(=O)NC(CC2=CC=CC=C2)C(CN(C)NC(=O)CC(=O)NN(C)C)O)C(=O)N(C)NCC
1248,C C ( = O ) / C = C / C ( C C C C C C C = C ) O,31 80 189 227 401 650 694 739 782 940 1017 1057 1064 1143 1283 1366 1440 1624 1645 1650 1911 1917,CC(=O)/C=C/CCCCCCCCCCCCCCCCCCCCCCCCCCCCCCCCCCCCCCCCCC=C
1249,C [C@@] 1 2 C C C 3 [C@] ( O 3 ) ( [C@H] ( C C 4 [C@@H] ( [C@H] 1 O 2 ) O C ( = O ) C 4 = C ) O ) C,35 40 44 116 176 221 240 314 455 497 650 706 750 760 798 807 811 926 1019 1057 1070 1088 1162 1186 1257 1274 1292 1380 1468 1478 1529 1533 1586 1592 1701,C[C@@]12[C@H](O1)C[C@H]([C@]3([C@@H](O2)C[C@H]4[C@@H](O3)[C@@H]5[C@H](C4=CSS[C@@H]6C[C@@H]7[C@H](C[C@@H]6O)OC7=O)C(=O)O5)C)O
1250,C C 1 C C N ( C C 1 ) C ( = O ) C 2 = C C = C C = C 2 N 3 C C C ( C C 3 ) N C ( = O ) C 4 = C C = C C = C 4 F,272 335 362 407 486 650 652 667 699 807 926 935 973 1019 1032 1057 1088 1152 1168 1199 1309 1325 1380 1447 1504 1647 1655 1750 1762 1840 1873 1928 1991 2009 2033,CC1CCN(CCN1NC(=O)C2=CC=CC=C2F)C(=O)C3=CC=CC=C3F
1251,c 1 c c c ( c ( c 1 Cl ) C ( = O ) N C C C N ( C ) C ) Cl,80 197 366 419 473 486 558 561 650 652 667 693 807 881 946 974 1039 1057 1152 1380 1490 1683 1750 1873 1911 1951,CN(C)CCCNC(=O)C1=C(C=CC=C1Cl)Cl
1252,C C C 1 C = C C O 1,3 80 156 242 294 656 751 802 1057 1128 1767 1873,CC[Si](CC)(CC)C1OCC=CCO1
1253,C C 1 = C C = C C = C 1 N C ( = O ) C [NH+] 2 C C [NH+] ( C C 2 ) C C 3 = N O C ( = C 3 ) C,41 80 118 378 650 656 658 724 779 807 875 926 969 1064 1088 1183 1224 1297 1303 1380 1391 1398 1458 1481 1542 1690 1696 1715 1722 1729 1742 1750 1873 1926,C1C[NH+](CC[NH+]1CC2=NOC(=C2)C)CC3=NOC(=C3)C
1254,C C C C ( C ( = O ) O ) N C ( = O ) C C N C ( = O ) C 1 = C C = C S 1,1 8 14 41 79 80 101 117 197 241 294 389 419 486 650 667 675 736 739 875 895 1057 1088 1214 1564 1567 1624 1685 1750 1824 1844 1873 1917,CCC(C(=O)O)NC(=O)CCNC(=O)C1=CC=CS1
1255,C C C C C C C C 1 C C C C ( = O ) O 1,0 26 80 294 314 334 591 650 656 794 821 832 881 926 970 1028 1143 1325 1380 1444 1544 1738,CCCCCCCCCCCCCCCCCCCCCCCCCCCCCCCCCCCCCCCCCCCCCCCCCCC1CCC(=O)OO1
1256,C C C ( C ) N C ( = O ) C O C ( = O ) C 1 = C C = C C = C 1 C ( = O ) C 2 = C ( C = C C ( = C 2 ) C ) C,1 9 41 97 145 283 294 456 650 807 823 878 927 949 955 1013 1057 1088 1152 1199 1380 1499 1544 1673 1691 1722 1750 1823 1917 1953 1997 2004,CCC(C)C1=CC=CC=C1C(=O)C2=C(C=C(C=C2)C)C(=O)OCC(=O)NO
1257,C C O [C@H] 1 [C@H] ( [C@H] ( C = C ( O 1 ) C ( = O ) N ( C ) C ) C 2 = C C = C ( C = C 2 ) Br ) C C C O,80 84 85 222 473 626 656 695 728 750 807 832 883 909 918 1019 1057 1061 1130 1157 1163 1238 1279 1380 1545 1594 1631 1649 1653 1750 1793 1803 1821 1850 1873 1911 1917 1979 2039,CN(C)C(=O)C1=C[C@@H]([C@H]([C@@H](O1)C2=CC=C(C=C2)Br)CCCO)C3=CC=C(C=C3)Br
1258,C N 1 C C 2 = C C = C C = C 2 [C@@H] 3 [C@@H] 1 C C 4 = C N ( C 5 = C C = C C 3 = C 4 5 ) C,84 231 371 424 428 511 580 879 935 1027 1039 1057 1088 1145 1151 1199 1236 1285 1345 1380 1409 1420 1453 1656 1689 1698 1708 1873 1946 1984,CN1CC2=CC=CC=C2C3C1=CC4=C5C3=CC=CC5=C6C=C7C(C8=CC=CC=C8CN7C)C9=CC=CC1=C9C6=C4C=CC=C1
1259,C C ( C ) ( C ) O C ( = O ) N \ 1 C C C C / C 1 = C \ C = C \ C 2 = C C = C ( C = C 2 ) O C,25 114 231 322 432 575 633 650 694 695 718 762 781 807 831 841 890 926 935 1028 1057 1065 1100 1215 1275 1380 1387 1402 1480 1536 1574 1738 1859 1873 1917 1998 2029,COC1=CC=C(C=C1)/C=C/C=C/2\CCCCN2C(=O)OC(C)(C)C
1260,C [C@H] ( C 1 = C C = C ( C = C 1 ) S ( = O ) ( = O ) C ) N ( C ) S ( = O ) ( = O ) C 2 = C ( C = C ( C ( = C 2 ) O C ) O C ) Br,1 116 249 319 350 392 589 650 692 695 715 815 833 841 875 881 1057 1163 1188 1245 1264 1276 1380 1436 1476 1536 1631 1667 1819 1853 1917 1970,CN(C(C1=CC=C(C=C1)S(=O)(=O)C)N(C)S(=O)(=O)C2=C(C=C(C(=C2)OC)OC)Br)S(=O)(=O)C3=C(C=C(C(=C3)OC)OC)Br
1261,C N C 1 = C ( C = C ( C = N 1 ) Cl ) C 2 = C C = C ( C = C 2 ) [N+] ( = O ) [O-],119 167 216 378 561 650 708 715 753 769 838 843 875 896 1057 1152 1160 1195 1274 1380 1452 1498 1535 1683 1750 1809 1814 1963,C1=CC(=CC=C1C2=CC(=CN=C2NC3=C(C=C(C=N3)Cl)C4=CC=C(C=C4)[N+](=O)[O-])Cl)[N+](=O)[O-]
1262,C / C = C / C 1 = C C ( = C ( C = C 1 ) O C C C N 2 C 3 = C ( C = C ( C ( = C 3 ) C ) C ) N = C 2 C O ) O C,13 25 45 80 208 222 411 465 515 530 542 694 695 802 807 835 841 844 1018 1045 1057 1097 1145 1245 1273 1391 1394 1452 1518 1712 1722 1750 1773 1828 1855 1873 1911 1970 1990 2033 2041,C/C=C/C1=CC(=C(C=C1)OCCCN2C3=C(C=C(C(=C3)C)C)N=C2OCO)OC
1263,C C C C O C 1 = C C = C ( C = C 1 ) N C ( = O ) C S C C ( = O ) O C C ( = O ) C 2 = C C = C ( C = C 2 ) C 3 = C C = C C = C 3,13 19 41 80 93 102 116 147 191 264 294 322 389 592 650 718 736 794 807 843 896 901 953 1034 1057 1077 1088 1152 1160 1188 1199 1364 1380 1385 1386 1452 1618 1693 1697 1750 1873 1911 1917 1959 1964 2004,CCCOC1=CC=C(C=C1)NC(=O)CSCC(=O)OCC(=O)C2=CC=C(C=C2)C3=CC=CC=C3
1264,C C 1 C 2 C C 3 C 4 5 C O C ( C 4 C ( C ( = O ) O 3 ) O C ( = O ) C = C ( C ) C ( C ) C ) ( C ( C ( C 5 C 2 ( C = C ( C 1 = O ) O C 6 C ( C ( C ( C ( O 6 ) C O ) O ) O ) O ) C ) O ) O ) C ( = O ) O C,1 7 15 51 52 222 276 283 314 318 325 408 438 489 524 555 583 601 610 627 644 650 656 694 695 696 725 731 733 742 750 795 807 833 841 926 941 1019 1037 1073 1120 1152 1154 1222 1224 1234 1235 1251 1257 1323 1349 1353 1437 1487 1603 1710 1764 1773 1844 1873 1917 1921 1977 1999 2020,C1[C@@]23[C@@H]4[C@H](C(=O)O[C@@H]2[C@H](C(=O)O[C@@H]3[C@H](C(=O)O1)O/C(=C/C(=O)OC)/C(C)C)OC(=O)/C=C(/C(C)C)\OC)O/C(=C/C(=O)OC)/C(C)C
1265,C O C 1 = C C 2 = C ( C = C 1 ) C = C C \ 3 = C 2 C C C / C 3 = N / N C ( = O ) N,60 140 203 265 318 322 352 369 428 478 570 650 680 695 718 725 807 808 841 875 892 926 1028 1038 1052 1104 1152 1171 1357 1380 1391 1526 1536 1750 1855 1873 1917 1972,C1CC(=NNC(=O)N)C2=C(C1)C3=C(C=CC(=C3)OC)C=C2
1266,C C 1 = C C = C ( C = C 1 ) O C ( C ) C ( = O ) O C C ( = O ) N C 2 = N C = C ( C ( = C 2 Cl ) C ) Cl,1 35 41 80 125 147 235 252 283 322 378 650 695 701 718 721 731 1011 1057 1152 1380 1401 1452 1535 1683 1715 1750 1823 1873 1916 1917 1920 1990 2004,CC1=CC=C(C=C1)ONC(=O)COC(=O)C(C)Cl
1267,C 1 C C 1 ( C 2 = C C = C ( C = C 2 ) Cl ) C ( = O ) N 3 C C N ( C C 3 ) S ( = O ) ( = O ) C 4 = C C = C C = C 4 C # N,23 216 268 292 314 350 366 392 484 556 561 585 674 790 800 807 816 926 935 1060 1086 1088 1136 1162 1199 1380 1400 1445 1476 1589 1673 1683 1750 1862 1873 1917 2000 2009 2014,C1CC1(C2=CC=C(C=C2)Cl)C(=O)N3CCN(CC3)S(=O)(=O)C4=CC=CC=C4C#N
1268,C C C C C ( = O ) N C 1 ( C ( = C ( N C 1 = O ) C ) C # N ) C ( F ) ( F ) F,59 80 114 173 294 314 591 668 674 713 794 807 918 982 1057 1060 1114 1136 1152 1215 1380 1384 1453 1718 1722 1874 1911 1917 1928,CCCCC1(C(=C(NC1=O)C)C#N)C(C(F)(F)F)(F)F
1269,C 1 C [C@@H] ( C N ( C 1 ) C ( = O ) N 2 C C C 3 ( C C 2 ) C C ( = O ) N C 3 ) N C ( = O ) C 4 5 C C 6 C C ( C 4 ) C ( C ( C 6 ) C 5 ) O,63 310 314 342 369 428 446 447 490 650 697 739 751 807 814 821 913 935 940 1015 1019 1028 1060 1114 1152 1162 1257 1292 1380 1387 1480 1568 1575 1681 1699 1745 1793 1866 1871 1940 2009 2028 2038,C1CC2(CCN(CC2)C(=O)N3CCC4(CC3)CC(=O)NC4)CN(C1)C(=O)N5CCCC6(CC5)CC(=O)NC6
1270,C [C@@H] 1 C C C C [C@@H] 1 N C ( = O ) / C = C / C 2 = C C ( = C C 3 = C 2 O C O C 3 ) [N+] ( = O ) [O-],31 308 327 387 441 472 523 609 650 694 753 767 776 807 835 838 875 890 961 1152 1195 1199 1236 1274 1294 1309 1325 1349 1380 1388 1472 1685 1809 1813 1817 1859 1963 2010 2036,C1C2=C(C(=CC(=C2)[N+](=O)[O-])/C=C/C(=C/3\C(=CC=CC=C3/C=C/C(=C/4\COCC5=C4C(=CC(=C5)[N+](=O)[O-])CO1)/C=C/C6=CC(=CC7=C6OC7)[N+](=O)[O-])C)/C)/C)/[N+](=
1271,C O C 1 = C ( C = C ( C = C 1 ) S ( = O ) ( = O ) N C ( C 2 = C C = C C = C 2 ) C 3 = C C = C C = C 3 ) F,1 94 118 198 249 319 350 389 650 695 699 715 875 1057 1088 1152 1192 1199 1245 1365 1380 1390 1476 1581 1664 1750 1840 1873 1939 1941 1970,COC1=C(C=C(C=C1)S(=O)(=O)NC(C2=CC=CC=C2)C3=CC=CC=C3)OC
1272,C C ( C ) ( C ) O C ( = O ) C N 1 C 2 = C C = C C = C 2 S C C ( C 1 = O ) N C ( C C C C N 3 C ( = O ) C 4 = C C = C C = C 4 C 3 = O ) C # N,1 5 10 58 80 106 157 231 349 352 392 397 588 609 624 642 650 662 674 675 695 700 739 790 807 823 879 893 984 1019 1057 1088 1145 1167 1199 1295 1312 1328 1369 1380 1384 1470 1501 1516 1574 1647 1672 1828 1859 1873 1911 1917 1920 1949 2000 2009,CC(C)(C)OC(=O)C1CSC(=N1)C2CSC(=N2)C(CCCN3C(=O)C4=CC=CC=C4C3=O)C#N
1273,C C ( C ) S C C ( = O ) N 1 C C N ( C C 1 ) C 2 = N C 3 = C ( C 4 = C ( S 3 ) C C C C 4 ) C ( = O ) N 2 C,1 42 80 116 162 220 283 310 314 361 378 407 427 453 504 511 575 650 731 760 807 926 1019 1028 1057 1145 1350 1362 1365 1380 1391 1399 1490 1508 1589 1615 1715 1738 1817 1917,CC(C)SC[Si](C(=O)[Si](CSC(C)C)(C(=O)SC(C)C)C(=O)SC(C)C)(N1C(=O)C2=C(CCCC2)SC1=O)N3C(=O)C4=C(CCCC4)C3=O
1274,C C O C ( = O ) C N 1 C 2 = C C = C C = C 2 S C 1 = N C ( = O ) C S C C ( = O ) N C 3 = C ( C 4 = C ( S 3 ) C C ( C C 4 ) C ) C ( = O ) O C,19 30 41 42 45 50 80 116 145 147 162 216 231 294 361 461 650 675 695 703 725 802 808 841 857 885 906 935 953 992 997 1019 1057 1088 1148 1152 1199 1238 1285 1312 1325 1380 1386 1420 1455 1482 1646 1687 1715 1722 1738 1749 1750 1765 1780 1816 1825 1833 1863 1873 1917 1930 2032,CCOC(=O)CN1C2=CC=CC=C2SC1=NC(=O)CSCSCC(=O)NC3=C(C4=C(S3)CC(CC4)SCSCC)C(=O)OC
1275,C 1 C 2 C = C C 3 C 1 C ( = O ) C C 2 C 3 = O,231 237 314 370 455 595 611 615 650 866 915 1019 1042 1083 1103 1292 1380 1389 1397 1399 1594 1873,C1C2C=CC3C1C(=O)C4CC(=O)C(C4C3=O)C2=O
1276,C O C 1 = C ( C = C 2 C ( = C 1 ) C 3 = C C = C C = C 3 O 2 ) N C ( = O ) C O C ( = O ) C O C 4 = C C = C C = C 4 C # N,41 80 147 167 249 361 368 375 633 643 656 674 695 790 807 841 875 1019 1057 1088 1128 1152 1199 1224 1245 1357 1380 1384 1386 1410 1452 1499 1536 1573 1604 1750 1808 1816 1862 1917 1948 1970 1996 2004,COC1=C(C=C(C(=C1)C#N)NC(=O)COC(=O)COC2=CC=CC=C2OC)OC
1277,C C ( = O ) N C ( C C ( = O ) N C 1 = C C = C ( C = C 1 ) N C ( = O ) C 2 C C 2 ) C 3 = C C = C C = C 3,1 41 117 191 214 245 291 299 311 389 689 785 807 843 898 926 974 1017 1019 1057 1077 1088 1152 1325 1365 1380 1532 1581 1750 1816 1873,CC(=O)NC(C1=CC=CC=C1)C(=O)NC2=CC=C(C=C2)NC(=O)C3CC3
1278,C C 1 = C C ( = C C ( = C 1 ) O C C 2 = C C = C ( O 2 ) C ( = O ) N C 3 = C C = C ( C = C 3 ) S ( = O ) ( = O ) N C 4 = N C ( = C C ( = N 4 ) C ) C ) C,4 80 105 191 250 310 319 322 341 350 378 502 562 610 628 650 654 656 695 715 745 807 883 888 1041 1057 1062 1077 1152 1255 1270 1291 1380 1452 1520 1582 1604 1722 1754 1816 1823 1873 1917 1934 1953,CC1=CC(=CC(=C1)OCC2=CC=C(O2)C(=O)NC3=CC=C(C=C3)S(=O)(=O)NC4=NC(=CC(=N4)C)C)C
1279,C C 1 = C C ( = C C = C 1 ) C N 2 C ( = O ) / C ( = C / C 3 = C C ( = C ( C ( = C 3 ) Br ) O C C 4 = C C = C ( C = C 4 ) Br ) O C ) / S C 2 = O,80 249 273 281 314 333 470 475 588 650 675 694 695 728 744 745 833 835 841 863 875 879 909 935 947 1003 1013 1027 1039 1055 1057 1088 1132 1157 1167 1380 1452 1469 1473 1631 1649 1722 1750 1765 1873 1892 1970 2009 2033 2044,CC1=CC(=CC=C1)COC2=C(C=C(C=C2Br)/C=C\3/C(=O)N(C(=O)S3)CC4=CC=C(C=C4)Br)OC
1280,C C 1 2 C C C C ( O 1 ) ( C ( C 2 ) O ) C,176 480 675 679 760 807 926 1044 1055 1057 1060 1162 1164 1210 1257 1671 1730 2007 2028,C1CC23CCC45CC(C(O4)(CCC5(CC(C67CCC(O6)(CC7)C(CC1(O2)O)O)O)C(C3)O)C(=S)C)O
1281,C C O C ( = O ) C 1 = C [NH+] = C 2 C ( = C C ( = C C 2 = C 1 N C 3 = C C = C ( C = C 3 ) C ( = O ) O ) Cl ) C,80 106 145 147 184 191 195 216 230 381 389 456 491 650 739 759 807 843 1021 1057 1138 1152 1193 1238 1380 1385 1386 1482 1524 1570 1673 1697 1722 1747 1750 1873 1917 1929 1991 2047,CC1=[NH+]C=C(C(=C1NC2=CC=C(C=C2)C(=O)O)NC3=CC=C(C=C3)C(=O)O)C(=O)OCC
1282,C C C ( = C ( C ) O ) C ( = O ) C,294 389 636 650 745 807 809 898 1017 1057 1842 1917 2022,CC/C(=C(\C)/O)/C(=C(\C)/C(=O)C)/C(=O)C
1283,C C ( C ) ( C ) O C ( = O ) N [C@@H] ( C C 1 = C C = C C = C 1 ) [C@H] ( / C = C ( / C C 2 = C C = C C = C 2 ) \ C ( = O ) N [C@@H] 3 [C@@H] ( C C 4 = C C = C C = C 3 4 ) O ) O,1 79 80 114 117 208 231 233 284 325 389 392 491 495 571 650 695 745 752 807 849 887 913 926 995 1019 1027 1057 1088 1189 1199 1236 1257 1302 1380 1513 1576 1708 1754 1755 1758 1771 1859 1957,CC(C)(C)OOC(=O)NC(CC1=CC=CC=C1)C2C(CC3=CC=CC=C23)O
1284,C C 1 = C ( C ( = O ) N 2 C 3 = C C = C C = C 3 N = C 2 N 1 ) C C O,45 80 214 222 289 314 346 357 378 438 452 481 504 548 650 692 700 793 807 912 935 942 1057 1088 1114 1199 1243 1279 1285 1380 1722 1745 1750 1855 1873 2034,CC1=C(C(=O)N2C3=CC=CC=C3N=C2N1)CCC4=C(NC5=NC6=C(C(=O)N5C4=O)CCC7=C(NC8=NC9=CC=CC=C9N8C7=O)C)C
1285,C C ( C ) O C ( = O ) C [C@H] 1 C ( = O ) N C C N 1 C ( = S ) N C ( = O ) C 2 = C C = C ( O 2 ) Br,1 69 78 80 97 110 231 283 305 314 486 562 574 585 650 656 695 728 807 926 935 967 1004 1019 1034 1057 1114 1118 1119 1152 1351 1380 1386 1455 1526 1548 1604 1631 1667 1750 1754 1866 1873 1916 1917,CC(C)OC(=O)CC1C(=O)NCCN1C(=S)NC(=O)C2=CC=C(O2)Br
1286,C C 1 C C 1 C 2 = C C = C ( O 2 ) C N ( C ) S ( = O ) ( = O ) C 3 = C ( C = C C ( = C 3 ) Cl ) Cl,80 165 213 216 250 350 366 392 455 509 561 650 656 666 815 816 875 881 926 1019 1057 1065 1100 1163 1171 1187 1294 1300 1431 1476 1536 1604 1683 1750 1859 1914 1934,CN(CC1=CC=C(O1)C2C(C2)C3=CC=C(O3)CN(C)S(=O)(=O)C4=C(C=CC(=C4)Cl)Cl)S(=O)(=O)C5=C(C=CC(=C5)Cl)Cl
1287,C C ( C ) ( C ) C ( = O ) N [C@@H] 1 C C C [C@@] 1 2 C C C [C@H] 2 O C ( = O ) C = C 3 C C 3,78 114 132 249 250 270 300 305 347 362 387 392 549 650 694 695 762 926 938 978 1019 1028 1057 1060 1073 1126 1152 1162 1216 1276 1325 1380 1424 1875 1917,CC(C)(C)C(=O)/C=C/1\C2(CCCC2OC(=O)C(C)(C)C)CCCC1NC(=O)C(C)(C)C
1288,C [C@@] 1 ( [C@@H] ( O C ( C 1 O ) O P ( = O ) ( N C C ( = O ) O C C 2 = C C = C C = C 2 ) O C 3 = C C = C C = C 3 ) N 4 C = N C 5 = C 4 N = C N = C 5 N ( C ) N S ( = O ) ( = O ) C ) O,24 25 44 61 80 119 147 170 181 192 194 209 259 322 409 486 489 562 566 612 626 640 643 650 692 695 745 788 789 807 881 932 935 1038 1057 1060 1066 1088 1095 1119 1152 1154 1163 1229 1253 1257 1323 1342 1440 1452 1456 1476 1696 1724 1750 1754 1810 1830 1881 1897 1917 1921 2044,CN(C1=NC=NC2=C(N=CN=C21)COC(=O)NP(=O)(OC3=CC=CC=C3)OC4=CC=CC=C4)NP(=O)(OC5C(C(C(C(O5)O)(O)O)O)(O)O)OC6=CC=CC=C6
1289,C C C O C 1 = C C 2 = C ( C 3 = C 1 N = C C = C 3 ) N = C ( S 2 ) N C ( = O ) C O C 4 = C C = C ( C = C 4 ) Br,13 41 76 80 162 167 294 322 378 385 448 489 650 675 695 728 794 807 870 875 885 1043 1057 1152 1157 1180 1199 1336 1357 1380 1400 1452 1501 1518 1573 1631 1649 1724 1759 1816 1855 1873 1887 1917 1970,CCCOC1=CC2=C(C3=C1N=CC=C3)N=C(S2)NC(=O)CC(=O)NC4=NC5=C(S4)C=C(C6=C5C=CC=N6)OCCC
1290,C C ( = O ) C 1 = C ( C ( = O ) N ( C 1 C 2 = C C ( = C ( C = C 2 ) O C ) O C ) C 3 = C C = C ( C = C 3 ) O ) O,80 94 140 227 233 249 314 395 471 580 650 745 807 841 875 879 1019 1057 1245 1279 1313 1380 1389 1427 1521 1536 1602 1629 1778 1820 1873 1917,COC1=C(C=C(C=C1)C2C(=C(C(=O)N2C(=O)C3=CC=C(C=C3)O)O)C(=O)O)OC
1291,C N 1 C C N ( C C 1 ) C [C@@H] 2 [C@@H] ( C ( = O ) N 2 C 3 = C C = C ( C = C 3 ) O C ) O C 4 = C C = C ( C = C 4 ) F,5 7 14 74 80 132 207 233 314 322 524 571 650 695 699 718 827 831 841 926 935 1019 1145 1236 1380 1410 1480 1568 1586 1629 1750 1791 1825 1847 1873 1922 1928 1988 2036,C1CN(CCN1C[C@@H]2[C@H](C(=O)N2C3=CC=C(C=C3)OC)OC4=CC=C(C=C4)F)C
1292,C O C C 1 = C ( S C 2 = C C = C C ( = C 2 1 ) F ) C ( = O ) N C 3 = N C ( = C S 3 ) C 4 = C C 5 = C ( C = C 4 ) O C O 5,80 117 160 162 269 378 441 461 480 486 552 564 650 656 695 699 702 738 745 781 806 807 841 875 885 896 926 980 1005 1032 1035 1057 1088 1152 1160 1214 1264 1266 1349 1380 1567 1647 1658 1800 1816 1840 1863 1873 1905 1917 1928 1984 2007 2034,COCC1=C(SC2=CC=CC(=C21)F)C(=O)NC3=NC(=CS3)C4=CC5=C(C=C4)OCO5
1293,C C 1 = C ( C = C ( C = C 1 ) N C ( = O ) C [C@@H] 2 C S C 3 = N C 4 = C ( C = N N 4 C 5 = C C = C C = C 5 ) C ( = O ) N 2 3 ) C,12 41 43 80 157 184 191 194 314 378 389 503 504 650 675 843 875 1004 1019 1049 1062 1088 1135 1152 1157 1199 1237 1257 1268 1273 1311 1357 1380 1391 1440 1552 1578 1651 1691 1696 1722 1750 1816 1852 1873 1917 1920 1939 1990 1999,C1=CC=C(C=C1)N2C3=C(C=N2)C(=O)N4C(SC4=N3)CC(=O)NC5=CC(=C(C=C5)C)C
1294,C 1 [C@H] 2 C N ( C [C@@H] 1 C 3 = C C = C ( C ( = O ) N 3 C 2 ) C 4 = C C = C O 4 ) C C 5 = C C = C ( C = C 5 ) F,80 82 121 310 314 352 461 474 504 650 656 699 824 926 935 936 972 1019 1077 1088 1233 1285 1376 1380 1410 1446 1494 1496 1585 1670 1683 1754 1765 1771 1777 1791 1823 1873 1926 1928 2000,C1C2CN(CN1C3=C(C=C(C(=O)N3C2)C4=CC=CO4)C5=CC=CO5)CC6=CC=C(C=C6)F
1295,C [C@@H] ( C ( = O ) N C C ( = O ) O ) N C ( = O ) [C@H] ( C O ) N C ( = O ) [C@H] ( C O ) N C ( = O ) [C@H] ( C O ) N C ( = O ) C N C ( = O ) [C@H] ( C C 1 = C C = C C = C 1 ) N,1 79 80 81 117 151 197 222 389 390 482 573 650 684 719 786 807 849 857 875 966 989 1057 1066 1088 1110 1171 1199 1575 1691 1715 1737 1829 1849 1873 1917 2016,C(=O)(N[C@H](C(=O)NCC(=O)O)CO)[C@@H](NC(=O)[C@@H](NC(=O)[C@@H](N)Cc1ccccc1)C)CO
1296,C C ( C ) ( C ) O C ( = O ) N [C@H] 1 C N C [C@@H] 1 C 2 C C 2,114 190 197 231 387 392 470 585 807 873 926 1019 1057 1114 1308 1325 1403 1497 1758 1776 1859 1917 1974 2047,CC(C)(C)OC(=O)NC1CNCC1C2CC2
1297,C C 1 ( C ( = O ) N ( C ( = O ) N 1 ) C C ( = O ) C 2 = C C = C N 2 ) C 3 = C C = C C = C 3 Cl,8 80 126 143 160 254 255 267 287 314 329 366 378 431 435 438 561 588 650 806 884 935 974 1057 1060 1088 1114 1199 1380 1506 1563 1683 1693 1750 1824 1958,C1=CC=C(C(=C1)C2(C(=O)N(C(=O)N2)CN3C(=O)C(NC3=O)(C4=CC=CN4)C5=CC=CN5)C6=CC=CN6)Cl
1298,C O C 1 = C C = C ( C = C 1 ) C C 2 = C C ( = C C = C 2 ) C 3 C ( C ( C ( C ( O 3 ) C O ) O ) O ) O,80 222 322 443 610 656 670 695 718 781 807 831 841 858 875 944 1037 1039 1057 1063 1066 1088 1234 1279 1430 1536 1724 1750 1754 1764 1843 1873 1921,COC1=CC=C(C=C1)CC2=CC(=CC=C2)C3C(OC(C(O3)CO)C4=CC=CC(=C4)CC5=CC=C(C=C5)OC)CO
1299,C 1 = C C = C 2 C ( = C 1 ) C ( = O ) N C ( = O ) N C 2 = O,23 314 650 750 768 1088 1114 1199 1357 1380 1573 1745 1750 1873 1930 2004 2026,C1=CC=C2C(=C1)C(=O)NC(=O)NC2=O
1300,C C ( C ( = O ) N C C ( = O ) N ( C ) C ( C C 1 = C C = C C = C 1 ) C ( = O ) N C ( C C S ( = O ) C ) C O ) N C ( = O ) C ( C C 2 = C C = C ( C = C 2 ) O ) N,1 79 80 117 158 222 283 374 389 427 458 512 552 573 650 680 684 739 786 834 854 881 890 911 966 989 1057 1066 1152 1163 1171 1199 1238 1241 1265 1279 1313 1380 1413 1575 1691 1754 1829 1849 1864 1873 1921,C[C@@H](C(=O)N[C@@H](CCS(=O)N[C@@H](C)C(=O)N[C@@H](C)C(=O)N[C@@H](C)C(=O)N(C)[C@@H](CC1=CC=CC=C1)C[C@@H](C(=O)N[C@@H](C)C(=O)N)N)CC2=CC=CC=C2)N
1301,n 1 ( / N = C / c 2 c n c c c 2 ) c ( n n c 1 C ) C,346 400 599 725 803 864 917 935 1043 1056 1057 1088 1164 1262 1380 1586 1603 1722 1750 1806 1866 2033,CC1=NN=C(N1/N=C/C2=CN=CC=C2)C
1302,C C [C@] 1 ( C ( = O ) N ( C ( = O ) N 1 ) C C ( = O ) N C C C 2 = C N C 3 = C C = C C = C 3 2 ) C 4 = C C = C C = C 4,41 80 119 197 254 255 294 328 364 476 556 588 597 622 650 667 772 806 807 828 884 1060 1061 1088 1114 1199 1349 1357 1367 1380 1750 1783 1873 1879 1937 2040,C1=CC=C(C=C1)C2(C(=O)N(C(=O)N2)CCNC(=O)C(C3=CC=CC=C3)(C4=CC=CC=C4)C5=CC=CC=C5)C6=CC=CC=C6
1303,C C ( C ) ( C ) C 1 = C C ( = C C = C 1 ) N C ( = O ) C C C 2 = C C ( = C C = C 2 ) O C 3 = C C ( = N C = C 3 ) C ( = O ) N C 4 C C 4,9 33 41 104 114 184 191 322 378 387 392 445 486 552 559 562 619 650 655 667 695 703 787 807 875 901 926 990 1039 1057 1066 1088 1090 1152 1252 1339 1370 1380 1417 1444 1452 1564 1617 1655 1706 1721 1750 1754 1816 1873 1917,CC(C)(C)C1=CC(=NC=C1)OC2=CC=CC(=C2)NC(=O)CCC3=CC(=CC=C3)OC4=CC=CC(=C4)C(C)(C)C
1304,C N 1 C C C ( C C 1 ) N ( C ) C 2 = C ( C = C 3 C ( = C 2 ) C C C ( = O ) N 3 ) N,3 72 207 314 342 569 650 809 875 910 926 935 1019 1114 1145 1163 1171 1181 1236 1325 1380 1457 1480 1575 1665 1738 1873 1982 1997 2042 2043,C1CN(CCC1N(C)C2=C(C=C3C(=C2)CCC(=O)N3)N)C
1305,c 1 c c c c ( c 1 ) C 1 = N [C@@H] ( [C@@H] ( O 1 ) C ) C ( = O ) O,11 106 195 327 378 511 650 656 722 750 807 848 1019 1057 1088 1160 1199 1380 1431 1583 1667 1750 1873,C[Si](C)(C)C1=NC2C(O1)OC(=N2)C3=CC=CC=C3
1306,C N 1 C C C = C ( C 1 ) C C # C,80 207 242 550 593 674 713 763 804 868 915 935 974 1057 1145 1480 1657 1781 1873 1946,CN1CCC(=CC1)CC#C
1307,C 1 C O C C N 1 C 2 = N C ( = O ) C ( = C 3 C 4 = C C = C C = C 4 N ( C 3 = O ) C C ( = O ) N C 5 = C C = C ( C = C 5 ) F ) S 2,41 80 90 191 352 378 407 523 588 650 656 675 699 799 811 825 843 879 901 927 935 947 950 978 984 1014 1077 1088 1152 1272 1284 1295 1312 1380 1405 1410 1419 1441 1529 1601 1615 1670 1704 1872 1873 1918 1928 2044,C1COCCN1C2=N/C(=C/3\C4=CC=CC=C4N(C3=O)CC(=O)NC5=CC=C(C=C5)F)/S2
1308,C C 1 = C C = C ( C = C 1 ) N 2 C ( = C ( N = N 2 ) C 3 = N C ( = N O 3 ) C 4 = C C = C C = C 4 Cl ) C,84 161 233 235 248 304 323 352 366 378 561 563 935 974 984 1047 1057 1088 1164 1199 1289 1332 1356 1440 1542 1563 1683 1713 1722 1750 1766 1783 1823 1825 1852 1855 1873 1910 1920,CC1=CC=C(C=C1)N2C(=C(N=N2)C3=NC(=NO3)C4=CC=CC=C4Cl)C
1309,C N ( C ) C 1 = C C = C ( C = C 1 ) C = C ( C ( = O ) N N = C C 2 = C C = C C = C 2 O C ( = O ) C 3 = C C 4 = C ( C = C 3 ) O C O 4 ) N C ( = O ) C 5 = C C = C C = C 5,25 145 271 310 318 353 441 469 650 656 694 695 725 738 864 875 881 924 926 930 960 961 1035 1057 1088 1096 1118 1119 1152 1163 1199 1210 1349 1379 1380 1410 1647 1697 1729 1746 1800 1863 1867 1873 1905 1917 1921 1931 1970 1985 2022 2033,CN(C)C1=CC=C(C=C1)/C=C(\C(=O)N/N=C\C2=CC=CC=C2OC(=O)C3=CC4=C(C=C3)OCO4)/NC(=O)C5=CC6=C(C=C5)OCO6
1310,C O C 1 = C C = C C = C 1 C N / N = C / C 2 = C C ( = C ( C ( = C 2 ) Cl ) O C C # C ) O C,87 174 249 255 309 333 366 461 522 550 674 695 723 725 774 841 864 875 974 1057 1068 1127 1152 1199 1349 1380 1395 1410 1452 1536 1597 1623 1661 1683 1828 1867 1873 1892 1918 1970 2033 2034 2045,COC1=CC=CC=C1CN/N=C\C2=CC(=C(C(=C2)Cl)OCC#C)OC
1311,C [C@H] ( C ( = O ) N [C@@H] ( C C ( C ) C ) C ( = O ) O C ( C ) ( C ) C ) N C ( = O ) [C@@H] ( C C 1 = C C = C C = C 1 ) N C ( = O ) C O C 2 = C C = C C = C 2,1 79 80 102 114 117 147 192 231 283 389 392 465 562 573 650 680 688 695 736 759 807 857 875 989 1057 1066 1088 1152 1199 1380 1452 1482 1520 1574 1623 1691 1750 1754 1829 1847 1859 1873 1887 1917 2004 2006 2016,C[C@@H](C(=O)N[C@@H](CC1=CC=CC=C1)C(=O)OC(C)(C)C)NC(=O)[C@H](CC(C)C)NC(=O)COC2=CC=CC=C2
1312,C C 1 = C ( C = C ( O 1 ) C S C 2 = N N = C ( N 2 C C C 3 = C C = C C = C 3 ) C 4 = C C = C C = C 4 F ) C ( = O ) O C,80 145 262 352 378 389 451 555 650 654 656 659 695 699 747 762 802 807 835 841 875 900 906 935 975 984 1037 1045 1057 1066 1088 1145 1152 1164 1174 1199 1243 1380 1449 1508 1604 1722 1750 1754 1798 1840 1853 1873 1878 1917 1928 1991,CC1=C(C=C(O1)C(=O)OC)C2=NN=C(N2CCC3=CC=CC=C3)C4=CC=CC=C4F
1313,C C 1 = C C ( = C 2 C = C C = C ( C 2 = N 1 ) Br ) N 3 C C N C C 3,57 305 323 336 378 407 708 804 833 875 926 935 1039 1057 1088 1114 1295 1308 1357 1380 1480 1516 1525 1573 1590 1631 1722 1724 1731 1750 1765 1855,CC1=CC(=C2C=CC=C(C2=N1)Br)N3CCNCC3
1314,C 1 C C C ( C C 1 ) C 2 = C C O C 2 = O,2 137 242 283 314 441 650 656 926 1028 1088 1325 1380 1781 1873 1935 1943 2000,C1CCCCCC2CCCCCCCCCCCCCCCCCCCCCCCCCCCCCCCCCCCCCCCCCCCCCCCCCCCC(=O)OC/C=C\2/C(=O)OC1
1315,C C O C ( = O ) C 1 = C ( N C ( = C 1 ) C ( C C ( = O ) C 2 = C C = C ( C = C 2 ) Cl ) C ( = O ) O ) C,1 111 145 147 294 301 389 476 561 692 695 759 807 875 1070 1111 1114 1238 1290 1370 1380 1385 1618 1641 1673 1693 1697 1722 1750 1819 1844 1873 1991,CCOC(=O)C1=CC(=C(NC(=C1)C(CC(=O)C2=CC=C(C=C2)C(=C3C=C(C(=C(N3)C)C)C(=O)OCC)OCC)C(=O)O)C)C(=O)OCC
1316,N ( [C@H] ( C ( = O ) N [C@H] ( C ( = O ) N ) C C C C N C ( = O ) C ) C C C C N C ( = S ) N C C ( = O ) O ) C ( = O ) [C@@H] ( N C ( = O ) C ) C C C C N C ( = O ) C,1 80 97 117 140 245 339 389 573 592 650 731 739 798 807 962 966 1015 1017 1057 1152 1171 1212 1244 1393 1436 1618 1642 1737 1864 1876 1911 1917 2016 2031,CC(=O)N[C@@H](CCC[C@@H](C(=O)N)NC(=O)[C@H](CC(=O)O)NC(=O)C)C(=O)N[C@@H](CCCNS)C(=O)N
1317,N 1 ( C ( = O ) c 2 c ( C 1 = O ) c c c c 2 ) C N ( C C C # N ) C C C,38 80 89 244 251 286 294 314 352 413 588 642 650 785 790 794 879 881 935 984 1057 1088 1089 1380 1384 1750 1798 1873 1920 1951 1973,CCCN(CCC#N)CN1C(=O)C2=CC=CC=C2C1=O
1318,C O C 1 = C C ( = C C ( = C 1 O ) [C@@H] 2 [C@H] 3 [C@@H] ( C [C@@H] 4 C 2 = C C [C@H] 5 [C@@H] 4 C ( = O ) N ( C 5 = O ) C 6 = C C = C C ( = C 6 ) C ( = O ) O ) C ( = O ) N ( C 3 = O ) C 7 = C C = C C ( = C 7 ) C ( = O ) O ) Br,5 19 58 129 202 221 227 249 314 389 403 410 455 456 532 598 650 695 728 807 875 909 917 926 944 1019 1027 1039 1049 1057 1088 1138 1280 1285 1306 1362 1380 1385 1406 1453 1457 1536 1614 1686 1750 1781 1825 1873 1932 1970 2021,COC1=CC(=CC(=C1[C@@H]2[C@H]3[C@@H](CC=C2[C@@H]4[C@H]5[C@@H](CC=C4OC)C(=O)N(C5=O)C6=CC=CC(=C6)C(=O)O)C(=O)N(C3=O)C7=CC=CC(=C7)C(=O)O)OC)Br
1319,C C ( C N 1 C ( = O ) C ( = C C ( = N 1 ) C 2 = C C = N C = C 2 ) C ( = O ) N ) O,80 283 309 314 378 383 504 650 799 807 866 875 913 935 980 1057 1134 1141 1203 1208 1360 1380 1405 1603 1750 1866 1873 1917 1922 1956 1971 1991,CC(=O)N1C(=O)C(=CC(=N1)C2=CC=NC=C2)C(=O)N3C(=O)C=CC(=N3)C4=NN(C(=O)C(=C4)C(=O)N5C(=O)C=C(C(=N5)C6=CC=NC=C6)C(=O)C)C
1320,C C C C C C C C C C ( = O ) O C C ( C O [C@H] 1 [C@@H] ( [C@H] ( [C@H] ( [C@H] ( O 1 ) C O ) O ) O ) O ) O C ( = O ) C C C C C C C C C,69 118 125 170 489 570 591 610 650 656 677 695 729 794 823 991 1019 1037 1218 1234 1257 1267 1386 1444 1487 1516 1564 1619 1764 1917 1921 1977,C(=O)(CCCCC)O[C@H](CO[C@H]1[C@@H]([C@H]([C@@H]([C@H](O1)CO)O)O)O)[C@H]1O[C@@H]([C@H]([C@@H]([C@H]1O)O)O)CO[C@H]1[C@@H]([C@H]([C@@H]([C@H](O1)CO)O)O)O
1321,C N ( C 1 = N C 2 = C C = C C = C 2 S 1 ) C ( = O ) C 3 = C C 4 = C ( C = C 3 ) N ( C C C 4 ) S ( = O ) ( = O ) C,54 162 245 289 304 350 433 461 506 556 557 675 692 807 843 875 881 885 926 935 964 966 980 1051 1057 1088 1097 1138 1163 1199 1221 1236 1287 1295 1380 1384 1385 1476 1480 1689 1697 1738 1755 1855 1873 1915 1917 1984,CN(C1=NC2=CC=CC=C2S1)C(=O)C3=CC4=C(C=C3)N(CC4)S(=O)(=O)C
1322,C S C 1 = C C = C ( C = C 1 ) / C = C \ 2 / C ( = O ) O C ( = N 2 ) / C = C / C 3 = C ( C = C ( C = C 3 ) Cl ) Cl,25 50 65 116 121 165 216 281 314 561 650 694 707 811 835 875 927 961 1057 1088 1097 1209 1380 1420 1448 1513 1624 1683 1723 1750 1773 1810 1846 1992 1996,CSC1=CC=C(C=C1)/C=C\2/C(=O)OC(=N2)/C=C/C3=C(C=C(C=C3)Cl)/C=C/C4=C(C=C(C=C4)Cl)Cl
1323,C C C 1 = C C = C ( C = C 1 ) O C C N 2 C 3 = C C = C C = C 3 N = C 2 C C C N C ( = O ) C 4 C C C C C 4,13 45 80 93 102 145 197 221 289 294 310 318 322 357 378 463 465 510 515 689 718 802 807 844 890 935 1019 1028 1057 1097 1121 1145 1152 1199 1243 1275 1325 1380 1452 1750 1754 1799 1832 1842 1854 1855 1876 1911 1912 1917,CCC1=CC=C(C=C1)OCCN2C3=CC=CC=C3N=C2CCCNC(=O)C4CCCC4
1324,C C 1 = C C ( = C ( C = C 1 ) C ( C # N ) ( C ( = O ) C C O C 2 = N C = C ( C = C 2 ) C ( F ) ( F ) F ) O C 3 = C C = C C = C 3 [N+] ( = O ) [O-] ) Cl,13 80 114 164 235 311 338 378 419 548 623 650 674 695 715 716 790 807 809 816 838 875 909 1013 1057 1068 1088 1195 1199 1260 1366 1374 1380 1384 1410 1417 1452 1453 1503 1507 1535 1564 1570 1652 1660 1665 1703 1722 1726 1736 1750 1873 1928 1938 1963,CC1=CC(=C(C=C1)C(C#N)(C2=CC=CC=C2[N+](=O)[O-])OC3=NC=C(C=C3)C(F)(F)F)[N+](=O)[O-]
1325,c 1 c ( c c 2 c ( c 1 ) c ( c c n 2 ) N 1 C C N ( C C 1 ) C N 1 C ( = O ) C ( = O ) c 2 c 1 c c c c 2 Br ) C ( F ) ( F ) F,42 57 74 80 114 160 183 194 231 321 407 650 673 728 787 809 833 875 879 898 926 935 1039 1088 1097 1260 1295 1357 1380 1417 1452 1453 1476 1480 1506 1508 1522 1631 1637 1647 1665 1675 1720 1733 1747 1866 1873 1986,C1CN(CCN1CN2C3=C(C(=CC=C3)Br)C(=O)N2CN4C5=C(C=C(C=C5)C(F)(F)F)C(=O)N4)C6=C7C=CC(=CC7=NC=C6)C(F)(F)F
1326,C O C 1 = C C = C C ( = C 1 ) C 2 C C C N ( C 2 ) C ( = O ) C ( C 3 = C C = C C = C 3 ) O C,108 273 322 351 369 389 443 446 650 692 695 739 781 807 841 875 915 926 935 1019 1039 1057 1088 1279 1325 1351 1365 1380 1480 1581 1663 1821 1854 1873 1917 1943 2009,COC1=CC=CC(=C1)C2CCN(C2)C(=O)C(=O)O
1327,C C [C@H] ( C ) [C@H] ( C O ) N 1 C ( C 2 3 C C ( [C@@H] ( S 2 ) [C@@H] ( [C@H] 3 C 1 = O ) C ( = O ) N C 4 = C C = C ( C = C 4 ) O C C ) Br ) C ( = O ) N C 5 C C C C C 5,1 2 5 69 80 102 144 191 222 237 263 283 289 294 314 322 382 387 400 428 482 650 673 675 685 695 718 728 790 807 843 890 926 935 961 1019 1028 1057 1058 1060 1077 1152 1188 1218 1234 1235 1238 1325 1380 1420 1452 1459 1544 1613 1634 1635 1719 1735 1750 1785 1822 1873 1917 2033,CC[C@H](C)[C@H](CO)N1C(C23[C@H](C1=O)[C@H]([C@H](S2)C([C@H]3C(=O)NC4=CC=C(C=C4)OCC)Br)Br)C(=O)NC5CCCCC5
1328,C 1 = C C = C ( C = C 1 ) O C C C S C C O,26 80 102 116 222 322 336 360 389 473 562 686 695 807 953 1034 1182 1199 1380 1452 1750 1873 1911 1990,C1=CC=C(C=C1)OCCCSCCO
1329,C C N ( C C ) C C ( C 1 = C C 2 = C C = C C = C 2 C 3 = C C = C C = C 3 1 ) O,1 80 89 137 227 237 251 277 294 641 794 807 875 881 932 945 1057 1087 1362 1380 1721 1855 1873 1901 1981,CCN(CC)CC(C1=CC2=CC(=C(C=C2C=C1C(CN(CC)CC)O)C(CN(CC)CC)O)C(CN(CC)CC)O)O
1330,C 1 C N ( C 2 = C 1 C = C ( C = C 2 ) C ( = O ) O ) C ( = O ) C C C 3 = C C = C O 3,80 246 389 456 626 650 656 729 753 787 807 875 926 1009 1088 1138 1233 1243 1295 1380 1384 1385 1387 1401 1439 1466 1480 1518 1697 1738 1750 1873 1888 1915 1917 1926 1934,C1CN(C2=C1C=CC(=C2)C(=O)O)C(=O)CCC3=CC=CO3
1331,C C ( C ) ( C ) C 1 C C C ( C C 1 ) C ( = O ) O C C ( = O ) N C 2 = C C 3 = C ( C = C 2 ) O C C O 3,41 80 114 127 147 167 255 264 392 410 441 534 650 656 738 807 843 875 898 901 950 974 1019 1057 1096 1152 1325 1380 1499 1508 1529 1618 1750 1816 1860 1873 1905 1963 1968 2004,CC(C)(C)C1CCC(CC1)C(=O)OCC(=O)NC2=CC3=C(C=C2)OCCO3
1332,C C O [C@H] ( C C / C = C / C ( = O ) N O ) [C@@H] ( C 1 = C C ( = C ( C = C 1 ) O C ) O ) O C ( = O ) N C 2 = C C = C C = C 2,1 31 40 69 233 249 294 316 384 694 695 703 841 875 878 923 1057 1077 1088 1141 1152 1181 1199 1238 1241 1257 1271 1301 1356 1380 1387 1536 1602 1607 1631 1656 1750 1758 1784 1853 1917 1918 1970 1998,CCO[C@H](/C=C/C(=O)NO)[C@@H](C1=CC(=C(C=C1OC)O)OC)OC(=O)NC/C=C/C(=O)NC2=CC=CC=C2
1333,C C C C N ( C C ( = O ) N 1 C C C 2 = C ( C 1 C 3 = C C = C C = C 3 ) C = C S 2 ) C ( = O ) C 4 = C C = C ( C = C 4 ) Cl,42 189 216 242 294 348 389 402 463 554 561 587 651 675 794 807 816 828 846 881 919 926 935 978 1009 1019 1027 1057 1070 1088 1190 1221 1279 1380 1385 1427 1477 1480 1567 1634 1683 1697 1738 1750 1873 1917 1926 1951,CCCN(CC(=O)N1CCC2=C(C1C3=CC=CC=C3)C=CS2)C(=O)C4=CC=C(C=C4)Cl
1334,C 1 C N ( C C N 1 C 2 = C C = C ( C = C 2 ) [N+] ( = O ) [O-] ) C ( = S ) C ( = O ) N,97 110 140 233 650 687 753 769 838 926 935 1171 1195 1252 1329 1380 1405 1485 1508 1589 1750 1814 1825 1873 1917 1963 2009,C1CN(CCN1C2=CC=C(C=C2)[N+](=O)[O-])C(=S)N
1335,C 1 = C C 2 = C ( C = C C 3 = C 2 C ( = C 1 ) C ( = O ) N ( C 3 = O ) C 4 = C C = C ( C = C 4 ) [N+] ( = O ) [O-] ) [N+] ( = O ) [O-],47 233 245 314 321 352 354 650 680 715 716 753 769 838 879 984 1039 1088 1195 1348 1357 1380 1440 1573 1750 1755 1825 1846 1873 1963,C1=CC2=C(C=CC3=C2C(=C1)C(=O)N(C3=O)[N+](=O)[O-])[N+](=O)[O-]
1336,C 1 C [C@H] ( N ( C 1 ) C ( = O ) [C@H] ( C O ) N ) C ( = O ) N [C@@H] ( C C 2 = C N = C N 2 ) C ( = O ) N [C@@H] ( C C C C N ) C ( = O ) N [C@@H] ( C C 3 = C N = C N 3 ) C ( = O ) O,1 80 94 108 117 143 188 193 222 242 354 378 389 446 488 531 573 624 650 713 736 739 786 806 807 837 851 926 935 963 973 981 1028 1082 1114 1152 1268 1283 1325 1380 1393 1465 1480 1517 1535 1603 1618 1624 1840 1844 1849 1891 1911 1942 2016,C1CC(N(C1)C(=O)C(CN=CN2)N)C(=O)NC(CCCCN)C(=O)NC(CC3=CN=CN3)C(=O)O
1337,C C C ( = O ) C C [C@H] 1 [C@@H] 2 C C [C@H] ( [C@@] 2 ( C C ( C 1 = O ) C 3 = C C = C ( C = C 3 ) N ( C ) C ) C ) O [Si] ( C ) ( C ) C ( C ) ( C ) C,80 116 139 208 249 294 314 316 465 519 559 562 611 650 654 656 685 695 737 807 832 881 898 926 960 1019 1057 1060 1064 1096 1163 1251 1274 1279 1379 1380 1432 1477 1578 1635 1642 1678 1750 1766 1785 1790 1803 1819 1873 1917 2010,CCC(=O)C[C@H]1CC[C@@H]2[C@@]1(C(=O)[C@@H](C2=O)C3=CC=C(C=C3)N(C)C)C
1338,C 1 = C C = N C ( = C 1 ) C ( = O ) N N C ( = O ) C 2 = C C = C ( C = C 2 ) N C ( = O ) C 3 = C C = C ( O 3 ) Br,304 378 458 471 486 562 574 650 656 728 745 807 843 855 942 1041 1077 1088 1152 1199 1385 1452 1526 1548 1604 1631 1665 1683 1697 1750 1754 1816 1866 1917 1978,C1=CC=NC(=C1)C(=O)NNC(=O)C2=CC=C(C=C2)NC(=O)C3=CC=C(O3)Br
1339,C C N 1 C = C ( C = C 1 C ( = O ) N C 2 ( C C C C 2 ) C ( = O ) O ) Br,80 169 184 294 389 464 486 488 682 728 807 875 909 946 1028 1057 1060 1162 1239 1286 1380 1381 1449 1453 1560 1631 1638 1873 1917 2039,CC[As](CC)(CC)C1(CCCC1)C(=O)C2=CC(=CC(=C2)Br)Br
1340,S ( = O ) ( = O ) ( N 1 C C N ( C C 1 ) C C N C ( = O ) C ( = O ) N C ) c 1 c c 2 c ( c c 1 ) c c c c 2,74 80 192 203 268 319 322 350 366 412 421 585 586 598 650 667 714 715 757 800 807 875 926 935 1057 1087 1199 1210 1380 1430 1431 1476 1729 1750 1770 1791 1873 1917,C1CN(CCN1CC(=O)C(=O)CS(=O)(=O)N2CCN(CC2)S(=O)(=O)C3=CC4=CC=CC=C4C=C3)S(=O)(=O)C5=CC6=CC=CC=C6C=C5
1341,C 1 = C C = C ( C = C 1 ) C ( = O ) N C 2 = N N = C ( S 2 ) C ( = C C 3 = C C = C ( O 3 ) C 4 = C ( C = C ( C = C 4 ) [N+] ( = O ) [O-] ) Br ) C # N,73 121 270 352 378 385 389 483 486 612 624 650 675 680 715 728 803 807 833 875 1056 1063 1088 1152 1195 1199 1354 1380 1384 1385 1604 1631 1665 1666 1705 1707 1795 1809 1814 1816 1873 1882 1898 1917 1919 1937 1940 1963 1985,C1=CC=C(C=C1)C(=O)NC2=NN=C(S2)C(=O)NC3=CC=C(O3)C4=C(C=C(C=C4)[N+](=O)[O-])Br
1342,C 1 = C C ( = C ( C ( = C 1 ) Br ) O C C O ) Br,13 57 80 222 473 728 807 833 1039 1160 1352 1380 1452 1631 1683 1873 1892,C1=CC(=C(C(=C1Br)OCCO)Br)Br
1343,C C ( C ) ( C O ) S C 1 C C ( = O ) N 1,80 114 115 116 222 231 392 650 807 926 933 1019 1035 1057 1075 1380 1433 1501 1575 1622 1623,CC(C)(CO)SC1CC1=S=O
1344,C [C@H] 1 C C C C N 1 [C@H] 2 C C N ( C 2 ) C 3 = C C ( = C ( C = C 3 ) N 4 C C C 5 ( C 4 = O ) C C N ( C C 5 ) C ( = O ) C 6 C C C C 6 ) C ( F ) ( F ) F,5 20 53 150 233 246 255 262 314 335 369 407 462 650 734 739 807 809 847 875 890 926 935 974 1028 1057 1111 1121 1162 1295 1297 1325 1453 1457 1569 1750 1811 1825 1873 1910 1915 1917 1928 1972 1981 1998 2009,C1CCN(C(=O)C1)C2=CC(=C(C=C2)N3CC(C3)N4CCCC4C(=O)N5CCCC5)C(F)(F)F
1345,C O C C N ( C C 1 = N N = C ( O 1 ) C 2 = C C = C S 2 ) C C ( = O ) N 3 C C C C ( C 3 ) C 4 = N C 5 = C C = C C = C 5 S 4,13 62 80 162 195 239 251 274 289 369 383 446 461 466 507 650 675 739 772 807 841 881 885 890 926 935 980 1005 1028 1047 1057 1088 1097 1164 1169 1190 1196 1199 1318 1325 1342 1345 1480 1567 1578 1604 1679 1734 1750 1855 1873 1917 1943 1951 1953 2009,COCCN(CC1=NC2=CC=CC=C2S1)CC(=O)N3CCCC(C3)C4=NN=C(S4)C5=CC=CS5
1346,c 1 ( n c ( c c 2 c 1 c c n c 2 ) c 1 c c ( n c c 1 ) N C 1 C C C C C 1 ) N 1 C C N ( C 2 C C 2 ) C C 1,2 130 338 378 407 428 552 558 671 787 806 875 903 916 926 980 993 1012 1019 1099 1138 1152 1160 1208 1325 1357 1380 1452 1472 1480 1508 1535 1586 1589 1603 1634 1750 1757 1855 1864 1866 1873 1910 1983 2044,c1(nc(cc2c1ccnc2)c1cc(ncc1)NC1CC1)N1CCN(CC1)c1nccc2c1ccnc2
1347,C 1 C 2 ( C C 1 ( C 2 ) [N+] ( = O ) [O-] ) [N+] ( = O ) [O-],492 614 715 753 838 926 1060 1187 1963 2011,C1C2(CC3(CC1(CC(C2)(C3)[N+](=O)[O-])[N+](=O)[O-])[N+](=O)[O-])[N+](=O)[O-]
1348,C 1 = C C = C 2 C ( = C 1 ) N 3 C ( = C ( C ( = C 3 S 2 ) C = O ) C 4 = C C = C ( C = C 4 ) Cl ) C = O,45 162 350 472 548 561 624 639 650 675 694 816 885 896 897 935 970 1004 1063 1070 1088 1160 1285 1380 1457 1683 1747 1750 1873 1978 1989 2032,C1=CC(=CC=C1C2=C(N3C4=CC=C(C=C4SC3=C2C=O)Cl)C=O)Cl
1349,C 1 C C C ( C 1 ) N C ( = O ) / C = C \ C ( = O ) O,387 389 428 650 694 807 829 890 926 976 1019 1028 1152 1325 1532 1579 1694 1817 1917,C1CCC(C1)N/C(=C/C(=O)O)/N/C(=C/C(=O)O)/O
1350,C C 1 = C ( S C 2 = C 1 C ( = O ) N ( C = N 2 ) C C ( = O ) N C C C C ( = O ) N C C 3 = C C = C C = C 3 O C ) C,41 80 162 252 255 314 333 378 504 511 522 622 650 667 675 807 818 932 935 1048 1088 1146 1199 1312 1349 1375 1380 1410 1424 1438 1452 1455 1534 1589 1597 1661 1718 1722 1750 1841 1873 1876 1911 1917 1970 2013,C1=CC=C(C(=C1)CNC(=O)CN2C=NC3=C(C2=O)C(=C(S3)CCCNC(=O)CN4C=NC5=C(C4=O)C(=C(C(=O)N5CC(=O)NCC6=CC=CC=C6O5)C)C)C)OC
1351,C C O C 1 = C ( C = C ( C = C 1 ) C N 2 C = C ( C = N 2 ) N C ( = O ) C 3 = C 4 N = C ( C = C ( N 4 N = C 3 ) C ( F ) ( F ) F ) C 5 = C C = C ( C = C 5 ) O C ) O C C,43 80 94 114 191 237 285 294 310 322 411 412 425 486 695 718 729 744 809 841 847 875 896 935 980 1057 1152 1160 1210 1238 1380 1452 1453 1535 1536 1589 1682 1696 1750 1754 1778 1816 1860 1887 1909 1911 1917 1928 1950 1970 1971 1980 1991,CCOC1=CC=C(C=C1)C2=NC3=C(C=NN3C(=C2)C(F)(F)F)C(=O)NC4=CC(=C(C=C4)OCC)OCC
1352,C C C ( = O ) O C 1 C S C C 1 C ( = O ) O,60 80 209 285 294 386 389 633 650 675 693 719 798 807 839 898 926 1019 1057 1126 1386 1431 1828 1917,CCC(=O)OC1CSCC1C(=O)O
1353,C S C C C ( C 1 = N C 2 = C C = C C = C 2 N 1 ) N C ( = O ) C S C 3 = C C 4 = C ( C = C 3 ) O C C O 4,1 11 41 80 94 106 116 117 246 289 341 343 378 394 403 441 475 535 570 632 656 738 739 875 895 926 950 1035 1057 1088 1097 1114 1152 1182 1199 1255 1380 1506 1529 1558 1647 1745 1750 1783 1808 1873 1917 1942 2032,CSCCC(C1=NC2=CC=CC=C2N1)NC(=O)CCSC3=CC4=C(C=C3)OCCO4
1354,C C N ( C C 1 = C C = C ( S 1 ) Br ) C C ( C O C C 2 = C C ( = C ( C = C 2 ) O C ) O C ) O,80 94 127 140 162 227 249 251 294 488 507 535 656 695 701 745 794 807 841 870 875 881 932 943 966 1057 1245 1380 1536 1631 1750 1754 1860 1873 1970 1981 1992,CCN(CC1=CC=C(S1)COCC2=CC(=C(C=C2)OC)OC)CN(CC)CC3=CC(=C(C=C3)OC)OC
1355,C C O C ( = O ) C 1 C C N ( C C 1 ) C C 2 = C C = C ( C = C 2 ) [C@H] ( C 3 = C C = C ( C = C 3 ) Cl ) N 4 C C ( = C ( C 5 = C C ( = C C ( = C 5 ) F ) F ) S ( = O ) ( = O ) C ) C 4,15 80 147 293 310 350 416 435 534 560 561 650 677 692 699 767 784 807 816 926 935 974 1019 1021 1057 1114 1184 1238 1261 1265 1321 1365 1380 1385 1476 1480 1484 1670 1683 1722 1750 1754 1765 1771 1853 1873 1917 1928 1937 1946 1968,CS(=O)(=O)C(=C1CN(C1)C(C2=CC=C(C=C2)CN3CCC(CC3)C(=O)OCC)C4=CC=C(C=C4)Cl)C5=CC(=CC(=C5)F)F
1356,Br c 1 c c c ( N = N C 2 = C ( O C ( O C 2 = O ) ( C ) C ) O ) c c 1,202 314 368 432 593 656 725 807 909 931 1057 1060 1088 1120 1157 1274 1282 1294 1380 1602 1649 1680 1750 1854 1873 1887 1895,CC1(OC(=C(C(=O)O1)O)N=NC2=CC=C(C=C2)Br)C
1357,C O C 1 = C ( C = C C ( = C 1 ) F ) C C O,222 249 335 473 580 695 699 807 841 875 876 1059 1243 1349 1380 1410 1487 1536 1670 1891 1928 1970,COC1=C(C=C(C=C1)F)CCO
1358,C 1 C C 1 C N 2 C C [C@] 3 4 [C@@H] 5 C ( = O ) C C [C@@] 3 ( [C@H] 2 C C 6 = C 4 C ( = C ( C = C 6 ) O ) O 5 ) O,29 80 214 248 311 314 327 370 583 649 656 682 806 807 889 908 926 1019 1039 1060 1104 1117 1162 1174 1236 1288 1291 1294 1325 1380 1475 1480 1580 1602 1607 1656 1671 1738 1750 1760 1761 1808 1873 1980 2022,C1CC1CN2CC[C@]34[C@@H]5C(=O)CC[C@]3([C@H]2CC6=C4C(=C(C=C6)O)O5)O
1359,C C C ( C ) ( C ) C P ( C ( = C ( C ) C ) C ( = C ) C ) C ( = C ( C ) C ) C ( = C ) C,45 80 120 206 255 294 295 564 807 1017 1022 1057 1085 1140 1277 1366 1464 1484 1490 2005,CCP(CC)C(=C(C)C)C(=C(C)C)C(=C(C)C)P(C(=C(C)C)C(=C)C)C(=C(C)C)C(=C(C)C)C(=C)C(=C)C
1360,C 1 C N ( C C N 1 C C 2 = C C = C ( C = C 2 ) C ( = O ) N C C 3 = C C ( = C C = C 3 ) C ( F ) ( F ) F ) C 4 = C C = C C = C 4 F,74 80 197 255 265 407 650 699 784 807 809 813 875 926 935 1032 1039 1066 1088 1150 1152 1199 1260 1368 1380 1385 1453 1480 1508 1573 1647 1697 1750 1765 1771 1791 1840 1917 1928,C1CN(CCN1CC2=CC=C(C=C2)C(=O)NCC3=CC(=CC=C3)CN4CCN(CC4)C5=CC=CC=C5F)C6=CC=CC=C6F
1361,C [Si] ( C ) ( C ) C 1 = C ( C = C ( C = C 1 ) Br ) F,56 334 378 441 699 728 766 1057 1157 1499 1631 1840 1887 1928 1976,C[Si](C1=C(C=C(C=C1)Br)F)(C2=C(C=C(C=C2)Br)F)C3=C(C=C(C=C3)Br)F
1362,C C ( C ) C N 1 C ( = N N = N 1 ) S C C ( = O ) O C,1 80 116 158 186 283 341 378 384 543 547 647 650 664 692 695 747 807 841 935 1164 1380 1386 1496 1539 1783 1917 1959,C(C(=O)OC(C)C)SC1=NN=NN1CSC2=NN=NN2CSC(=O)OOC(C)C
1363,C 1 C N ( C C C 1 N 2 C C O C C 2 ) S ( = O ) ( = O ) C 3 = C N = C N 3,300 350 366 378 440 523 558 585 650 713 800 847 926 935 950 1018 1019 1114 1242 1270 1325 1380 1405 1476 1480 1535 1603 1854 1873 1903 1910 1942,C1CN(CCC1N2CCOCC2)S(=O)(=O)C3=CN=CN3
1364,C C O C C N 1 C 2 = C ( C = C ( C = C 2 ) O C ) S C 1 = N C ( = O ) C C C S C 3 = C C = C ( C = C 3 ) C,13 45 80 116 162 237 294 322 341 379 493 650 681 695 718 725 781 802 807 811 841 867 875 935 1057 1145 1182 1187 1227 1238 1255 1380 1536 1564 1646 1715 1722 1750 1765 1816 1850 1854 1873 1911 1917 1930 1992 2021,CCOCCN1C2=C(C=C(C=C2)OC)N(C1=NC(=O)CCCSC3=CC=C(C=C3)OC)CCOCC
1365,C 1 = C C ( = C C = C 1 C 2 = C C 3 = C ( N = C N = C 3 O 2 ) N C 4 = C ( C = C ( C = C 4 ) Cl ) F ) N,87 121 165 289 378 459 491 561 606 656 699 708 794 818 865 875 1085 1152 1160 1168 1224 1357 1367 1380 1452 1457 1604 1683 1803 1804 1810 1839 1840 1905 1915 1928,C1=C(C=CC(=C1)C2=CC3=C(N=CN=C3O2)NC4=C(C=C(C=C4)Cl)F)N
1366,C N ( C ) [C@@H] ( C C 1 = C C = C C = C 1 ) C N C ( = O ) C 2 = C C ( = C ( C = C 2 ) Cl ) N C ( = O ) C 3 = C C = C S 3,1 14 79 80 106 241 265 366 383 389 451 486 510 526 561 614 722 807 857 881 915 947 1057 1066 1088 1129 1152 1163 1199 1380 1385 1683 1697 1750 1754 1873 2014,CN(C(CC1=CC=CC=C1)CC2=CC=CC=C2)NC(=O)C3=CC(=C(C=C3)Cl)Cl
1367,C C 1 = C ( C 2 = C C = C C = C 2 C ( = C 1 ) Br ) N S ( = O ) ( = O ) C 3 = C C = C C = C 3,4 247 319 350 381 389 449 502 575 728 833 883 1088 1152 1199 1250 1270 1357 1380 1391 1476 1573 1631 1722 1849 1871 1873,C1=CC=C(C=C1)S(=O)(=O)NC2=C(C=C(C3=CC=CC=C32)Br)C
1368,C C 1 = C C = C ( C = C 1 ) N C 2 = N C ( = N C ( = N 2 ) N ) C O C ( = O ) C 3 = C C = C C ( = C 3 C ) C,80 106 145 147 191 235 252 378 409 491 650 695 807 843 883 1039 1088 1152 1171 1240 1254 1380 1391 1447 1457 1586 1614 1637 1673 1750 1823 1855 1873 1876 1929 1991 1999 2015,C1=CC=C(C(=C1)C(=O)OCC2=NC(=NC(=N2)N)N)NC3=CC=C(C=C3)C
1369,C N ( C 1 = C ( C = C ( C = C 1 ) [N+] ( = O ) [O-] ) [N+] ( = O ) [O-] ) N = C C 2 = C C = C C = C 2 O,46 133 199 271 354 441 640 694 703 715 716 725 753 807 838 864 875 881 961 1057 1088 1163 1195 1199 1227 1274 1602 1607 1609 1778 1809 1814 1830 1831 1873 1940 1963 2018,CN(C1=C(C=C(C=C1)[N+](=O)[O-])[N+](=O)[O-])N=CC2=CC=CC=C2O
1370,c 1 ( c 2 n ( c n 1 ) c 1 c ( C ( = N C 2 ) c 2 c ( Cl ) c c c c 2 ) c c c c 1 ) c 1 n c ( o n 1 ) C C C,124 135 248 294 323 352 378 431 561 564 624 656 704 724 794 815 881 917 932 935 974 984 1057 1088 1132 1199 1295 1356 1380 1385 1422 1452 1626 1647 1683 1726 1750 1855 1857 1873 1910 2004,CCCC1=NC(=NO1)C2=C3CN=C(C4=CC=CC=C4N3C=N2)Cl
1371,C C 1 = C ( C ( = C C = C 1 ) C ) O C C ( C N 2 C 3 = C C = C C = C 3 N = C 2 C 4 C C 4 ) O,45 80 118 281 289 333 378 403 658 695 737 802 911 926 1019 1039 1057 1088 1097 1199 1285 1380 1391 1452 1565 1598 1722 1750 1784 1855 1873 1922 1952 1999 2000,CC1=C(C(=CC=C1)C)OCN2C3=CC=CC=C3N=C2C4COC5=C(C=CC=C5C)C
1372,C C ( O C C C 1 = C C = C ( C = C 1 ) [N+] ( = O ) [O-] ) O [C@@H] 2 [C@@H] ( [C@H] ( O [C@H] 2 N 3 C = C C ( = N C 3 = O ) N ) C O C ( = O ) C ) O,1 13 57 58 62 75 80 119 147 234 283 314 316 378 443 485 488 577 606 610 656 715 753 769 807 838 846 935 1017 1035 1057 1136 1171 1176 1177 1195 1243 1257 1274 1380 1397 1505 1522 1593 1750 1809 1814 1857 1873 1874 1878 1887 1917 1921 1950 1963 2042,CC(OCCOC(=O)C)O[C@@H]1[C@H](O[C@H]([C@@H]1OC(C)OCCOC(C)OCCOC(=O)C)N2C(=O)N=NC2=O)COC(=O)C
1373,C 1 C N ( C C C 1 O ) C 2 = C C = C ( C = C 2 ) S ( = O ) ( = O ) C ( F ) ( F ) F,77 114 319 336 350 407 590 650 687 715 806 807 1019 1257 1325 1453 1476 1480 1613 1630 1750 1825 1831 1873 1897 1928,C1CN(CCC1O)C2=CC=C(C=C2)S(=O)(=O)C(F)(F)F
1374,C 1 C O C C N 1 C C 2 = C C ( = C ( S 2 ) Cl ) Br,80 162 384 440 523 561 656 675 728 784 875 935 950 1080 1321 1360 1369 1380 1405 1441 1480 1631 1683 1765 1849 1873,C1COCCN1CC2=CC(=C(S2)Cl)Br
1375,C N ( C C C 1 = C C = C C = N 1 ) [C@@H] 2 C C N ( C [C@H] 2 O ) C C 3 = C C = C ( O 3 ) C O C,80 378 448 560 607 656 695 704 724 739 807 841 849 881 893 926 934 935 978 1005 1019 1057 1088 1163 1199 1205 1257 1261 1291 1325 1344 1380 1452 1480 1528 1558 1658 1708 1741 1750 1765 1791 1873 1934 1951,COCc1ccc(CN2CC[C@H]([C@@H](O)C2)N(C)c2ccccc2OCOC)no1
1376,C O C O C ( C ( Cl ) ( Cl ) Cl ) O C,1 175 316 435 493 663 803 841 852 1005 1057 1472 1518 1956,COCOC(C(Cl)(Cl)Cl)C(C(Cl)(Cl)Cl)OCOC(C(C(Cl)(Cl)Cl)OCOC)OCOC
1377,C N ( C C c 1 n o c ( n 1 ) C 1 C C 1 ) C ( = O ) C N 1 C ( = O ) C O c 2 c c c c c 1 2,33 69 80 116 149 248 314 318 334 378 380 422 441 588 609 650 656 728 807 883 935 1019 1057 1088 1159 1163 1199 1237 1243 1295 1304 1312 1325 1400 1481 1611 1647 1671 1708 1735 1750 1846 1855 1873 1917 1951 2000,CN(CCC1=NOC(=N1)C2CC2)C(=O)CN3C4=CC=CC=C4OCC3=O
1378,C 1 C C C N ( C C C 1 ) C 2 C C C C 2,2 440 926 1019 1325 1480 1524 1854 1910 1993 1998,C1CC(CCN1C1CCN(CC1)C1CCN(CC1)C1CCCN(CC1)C1CCCCC1)N1CCCCC1
1379,C N ( C C C 1 = C C ( = C C ( = C 1 ) C ( F ) ( F ) F ) C ( F ) ( F ) F ) C ( = O ) C ( C 2 = C C = C C = C 2 ) N 3 C C N ( C C 3 ) C C N,1 69 74 80 114 389 623 807 809 875 881 903 926 928 981 1051 1057 1088 1145 1158 1163 1171 1199 1243 1265 1365 1368 1380 1395 1417 1433 1453 1480 1482 1581 1627 1687 1711 1750 1754 1786 1791 1840 1873 1928 1951,CN(CCC1=CC(=CC(=C1)C(F)(F)F)C(F)(F)F)C(C2=CC=CC=C2)N3CCN(CC3)CCN
1380,C C O C 1 = C C = C C = C 1 / C = N / N C ( = O ) C 2 = C C = C ( C = C 2 ) N 3 C = N N = N 3,80 118 140 186 201 202 237 281 294 318 425 441 486 650 695 725 807 864 924 932 935 961 1057 1152 1199 1238 1380 1385 1410 1452 1455 1750 1783 1825 1867 1873 1890 1970 1992 2014,CCOC1=CC=CC=C1/C=N/NC(=O)C2=CC(=CC(=C2)N3C=NN=N3)N4C=NN=N4
1381,C 1 = C C ( = C C ( = C 1 ) N C ( = O ) C O C 2 = C C = C ( C = C 2 ) [N+] ( = O ) [O-] ) C ( = O ) N C 3 = C C ( = C C = C 3 ) Cl,41 102 184 191 486 526 561 592 650 695 703 715 718 753 769 807 838 875 901 1039 1088 1128 1274 1380 1385 1452 1683 1750 1795 1809 1814 1816 1917 1963 1978 1985 2004,C1=CC(=CC(=C1)NC(=O)COC2=CC=C(C=C2)[N+](=O)[O-])C(=O)NC3=CC=CC(=C3)C(=O)NC4=CC=CC(=C4)C(=O)NC5=CC=C(C=C5)[N+](=O)[O-]
1382,C C C 1 = C C 2 = C ( C ( = C N = C 2 C = C 1 ) C ( = O ) O C C ) Br,80 138 145 147 168 294 310 374 378 629 650 695 728 759 807 875 961 1057 1097 1238 1368 1380 1452 1458 1539 1673 1722 1799 1873 1975 1991,CCC1=CC2=C(C(=CN=C2C=C1)C(=O)OCC)Br
1383,S ( = O ) ( = O ) ( N ( [C@@H] ( C ( = O ) N O ) C C C ( = O ) N 1 C C N ( c 2 n c c c c 2 ) C C 1 ) C c 1 c c 2 c ( O C O 2 ) c c 1 ) c 1 c c c ( c c 1 ) O C,14 80 130 310 319 350 355 378 407 411 441 448 495 530 552 573 645 650 695 715 718 738 760 781 807 831 841 875 878 879 881 926 935 996 1009 1035 1057 1088 1155 1175 1349 1380 1452 1480 1514 1536 1564 1589 1631 1647 1750 1754 1796 1800 1863 1866 1873 1896 1905 1917 1946 2009,COC1=CC=C(C=C1)S(C2=CC=CC=N2)(C3=CC=C(C=C3)OC)N(C4=CC5=C(C=C4)OCO5)C(=O)CCC(=O)N6CCN(CC6)C(=O)CCC(=O)NO
1384,C C 1 C C N ( C C 1 ) C 2 = C ( C = C ( C = C 2 ) N C ( = S ) N C ( = O ) / C = C / C 3 = C C = C ( O 3 ) C 4 = C C = C ( C = C 4 ) Cl ) Cl,31 97 110 121 184 191 216 256 270 327 335 366 407 650 656 694 807 816 835 843 865 896 926 935 937 945 947 973 1019 1070 1119 1148 1152 1160 1181 1295 1309 1325 1436 1459 1480 1581 1604 1683 1750 1816 1865 1873 1915 1917 1919 1937 1960,C1CN(CCC1C)C2=C(C=C(C=C2)NC(=S)NC(=O)/C=C/C3=CC=C(O3)C4=CC=C(C=C4)Cl)Cl
1385,C 1 = C C = C ( C = C 1 ) C 2 = N S ( = O ) ( = O ) C 3 = C ( N 2 ) C = C ( C = C 3 ) Br,98 116 207 213 378 389 467 469 650 728 736 766 816 875 909 1060 1088 1114 1157 1160 1175 1199 1380 1458 1750 1856 1873 1948 1982,C1=CC=C(C=C1)C2=NS(=O)(=O)C3=C(N2)C=C(C=C3)Br
1386,C 1 = C C ( = C C = C 1 C S ( = O ) ( = O ) O C 2 = C C 3 = C ( C = C 2 ) C ( = C C ( = O ) O 3 ) C ( F ) ( F ) F ) F,5 14 90 92 114 262 314 322 350 406 419 650 656 695 699 718 852 875 967 983 1085 1241 1279 1380 1410 1604 1670 1754 1781 1803 1808 1827 1873 2020,C1=CC(=CC=C1OS(=O)(=O)OC2=CC3=C(C=C2)OC(=O)C=C3C(C4=CC(=O)OC5=C4C=C(C=C5)OS(=O)(=O)CC6=CC=C(C=C6)F)(F)F)F
1387,C C 1 = C C ( = N C ( = N 1 ) N C ( = N C C C 2 = C C = C ( C = C 2 ) O C ( F ) ( F ) F ) N ) C,80 114 140 144 310 317 322 341 378 468 599 608 689 695 718 725 807 875 1025 1045 1057 1149 1152 1171 1243 1255 1336 1380 1453 1520 1722 1731 1754 1816 1873 1928,CC1=CC(=NC(=N1)NC(=NCCC2=CC=C(C=C2)OC(F)(F)F)N)C
1388,C [N+] 1 = C C = C C = C 1 C S,32 80 110 229 466 673 687 1003 1057 1088 1199 1380 1459 1688 1750 1873 1912,C[N-]C1=CC=CC=C1[As](CS)CS
1389,C C 1 C O C ( O C 1 C ) C Cl,80 180 361 656 658 660 722 741 756 802 926 1057 1109 1309 1550 1683 1859 1921 1923,CC1COC(OC1C)CCl
1390,C C N 1 C ( = C ( C ( = N 1 ) C ) C ( = O ) N C 2 = N N ( C = N 2 ) C C 3 = C C = C ( C = C 3 ) Cl ) C,34 80 92 158 216 294 308 310 378 449 486 561 586 629 631 650 747 790 807 932 935 1057 1070 1152 1380 1452 1469 1485 1577 1582 1683 1720 1750 1754 1765 1766 1778 1816 1873 1917 1931,CCN1C(=C(C(=N1)C)C(=O)NC2=NN(C=N2)CC3=CC=C(C=C3)Cl)C
1391,Cl [Si] ( c 1 c c c c c 1 ) ( c 1 c c c c c 1 ) C,260 378 389 500 636 656 1088 1101 1380 1579 1683 1750 1873 1922,C1=CC=C(C=C1)[Si](C)(C2=CC=CC=C2)[Si](C)(Cl)Cl
1392,C C O C ( = O ) C 1 = C ( N C ( = C 1 C 2 = C C = C ( C = C 2 ) C ) C ( = O ) C ( = O ) N 3 C [C@@H] ( C [C@@H] ( C 3 ) C ) C ) C,80 145 147 235 281 456 586 612 624 640 650 692 695 739 759 807 838 896 926 935 1004 1057 1110 1145 1160 1238 1282 1352 1380 1722 1745 1747 1750 1823 1920,CC1=CC=C(C=C1)C2=C(NC(=C2C(=O)C(=O)N3CN3C)C)C(=O)OCC
1393,C O C 1 = C C ( = C C ( = C 1 O C ) O C ) / C = N / N ( C 2 = N C 3 = C ( S 2 ) C = C ( C = C 3 ) F ) C ( = O ) C C 4 = C C = C C = C 4,80 119 174 249 282 325 333 389 506 557 568 650 675 694 695 699 725 807 864 875 885 959 961 1057 1066 1088 1097 1199 1227 1238 1380 1410 1487 1536 1599 1670 1750 1754 1828 1833 1855 1873 1892 1917 1928 1970 1973,C(=O)(/C(=N/Oc1c(cc(cc1OC)F)OC)/Cc1ccccc1)Cc1cc(c(c(c1)OC)OC)OC
1394,[C@@] ( C c 1 c c c c c 1 ) ( c 1 c c c ( c c 1 ) F ) ( c 1 c c ( c c ( c 1 ) C ( F ) ( F ) F ) F ) N C ( = O ) C ( C ( C ( F ) ( F ) F ) ( O ) C ( F ) ( F ) F ) N ( C ) C,1 44 59 80 90 103 114 185 195 261 347 354 389 392 573 699 767 807 809 875 881 903 972 1057 1066 1088 1158 1260 1380 1410 1417 1670 1671 1750 1754 1767 1878 1908 1917 1928 1984,CC(C1=CC(=CC(=C1)F)C(C)(C)N(C(C(C)(C2=CC=C(C=C2)F)O)N(C(C)(C)O)C(C)(C3=CC=C(C=C3)F)O)CC4=CC=CC=C4)(C(C)(C)O)O
1395,C C C C C C C C C C C C [C@@H] 1 [C@H] ( O S ( = O ) ( = O ) O 1 ) [C@H] ( C O C C 2 = C C = C C = C 2 ) N C ( = O ) O C C 3 = C C = C C = C 3,1 80 118 207 294 307 334 389 469 474 488 535 591 650 656 695 745 794 807 832 865 905 1003 1019 1057 1066 1088 1092 1143 1186 1199 1200 1262 1283 1380 1444 1574 1749 1750 1754 1758 1852 1911 1914 2044,CCCCCCCCCCCCCCCCCC1OS(=O)(=O)C(=C(O)OCC(C2OS(=O)(=O)O2)NOCC3=CC=CC=C3)S1(=O)=O
1396,C C C 1 = C C = C ( C = C 1 ) N = C 2 N ( C ( = O ) / C ( = C / C 3 = C C ( = C ( C = C 3 ) O C ) O C ) / S 2 ) C 4 = C C = C ( C = C 4 ) C C,25 80 94 140 233 249 273 281 294 310 463 650 675 694 725 841 870 875 879 935 1176 1180 1210 1217 1245 1380 1636 1686 1750 1754 1799 1825 1828 1854 1873 1900 2033 2044,CCC1=CC=C(C=C1)N2C(=O)/C(=C/C3=CC(=C(C=C3)OC)OC)/SC2=NC4=CC=C(C=C4)CC
1397,C C ( = O ) N [C@@H] ( C C 1 = C C ( = C ( C ( = C 1 ) O C ) O ) C 2 = C ( C ( = C C ( = C 2 ) C [C@@H] ( C ( = O ) O ) N C ( = O ) C ) O C ) O ) C ( = O ) O,1 80 245 249 389 575 650 695 798 807 851 875 1017 1027 1057 1130 1152 1380 1536 1564 1602 1624 1754 1844 1864 1873 1917 1970 2006,CC(=O)N[P+](CC1=CC(=C(C(=C1)OC)[P+](C2=C(C=C(C=C2OC)CC(C(=O)O)C(=O)O)OC)(NC(=O)C)NC(=O)C)OC)(NC(=O)C)NC(=O)C
1398,C C ( C ) [C@@H] ( C 1 = N N = N N 1 C ( C ) C ) [NH+] 2 C C N ( C C 2 ) C 3 = C C ( = C C = C 3 ) Cl,1 157 186 282 283 350 378 496 561 585 592 650 687 875 879 926 935 1039 1049 1057 1179 1237 1255 1359 1365 1380 1683 1690 1697 1729 1750 1773 1783 2029 2038,CC(C)[C@H](C1=NN=NN1C(C)C)[NH+]2CC[NH+](CC2)C(C)C3=CC(=CC=C3)[NH+]4CC[NH+](CC4)C(C)C
1399,C C 1 = C C = C ( N C 1 ) C,495 926 1114 1117 1222 1249 1380 1722 1866 1919,C1C2=CC=C(N1)C3=CC=C(NC3)C
1400,[C@H] 1 ( [C@H] ( N [C@H] ( C C 1 = O ) c 1 c c c ( c c 1 ) C ) c 1 c c c ( c c 1 ) C ) c 1 c c c c c 1,89 231 235 314 389 427 840 926 974 1019 1057 1088 1148 1172 1199 1279 1380 1453 1522 1633 1663 1722 1750 1803 1873 1893 1920 1946,CC1=C2CC(NC(C2C3=CC=CC=C3)C(C1)C4=CC=CC=C4)C5=CC=CC=C5
1401,C C 1 ( O C ( O 1 ) C 2 = C C = C ( C = C 2 ) C O ) C,58 80 222 310 656 807 1019 1057 1070 1073 1120 1217 1274 1279 1288 1380 1395 1754,CC1(O[C@H]2[C@@H](O1)[Se]C3=C([Se]2)C(O[C@H]3C4(O[C@H]5[C@@H](O4)[Se]C6=CC=C([Se]5)C7=CC=C(C=C7)CO)C)(C)C)C
1402,C C C C C N 1 C C = C [C@@] 2 3 [C@@H] ( [C@@H] 4 [C@H] ( O 2 ) / C = C \ C C C C O C 4 = O ) C ( = O ) N ( C 3 C 1 = O ) [C@H] ( C C 5 = C C = C C = C 5 ) C O,37 39 79 80 99 110 222 231 276 294 314 376 389 400 441 482 591 593 650 656 721 765 794 807 857 893 935 941 950 951 953 1019 1028 1047 1057 1066 1070 1083 1088 1128 1145 1147 1181 1182 1249 1333 1444 1457 1464 1499 1521 1614 1716 1750 1754 1767 1810 1832 1849 1873 1911 1961 2001,CCCCCN1CC=C[C@@]23[C@@H]([C@@H]4[C@H](O2)/C=C\CCCCOC4=O)C(=O)N(C3C1=O)[C@H](CO)CC5=CC=CC=C5
1403,C C C N ( C ( C 1 = C C ( = C C ( = C 1 ) C ) C ) C ( = O ) N C ( C ) ( C ) C ) C ( = O ) C ( C ( C ) C C ) N C ( = O ) O C ( C ) ( C ) C,1 80 117 227 231 283 294 330 345 354 392 460 571 573 603 650 695 752 807 881 1040 1057 1118 1206 1354 1365 1380 1491 1541 1544 1574 1682 1719 1758 1785 1823 1873 1951 1953 2037,CCC(C)C(C(=O)N(CCN(C(C1=CC(=CC(=C1)C)C)C(=O)NC(C(C)CC)C(=O)OC(C)(C)C)C(=O)C(C(C)CC)NC(=O)OC(C)(C)C)C(C)O)NC(=O)OC(C)(C
1404,C O C 1 = C C = C ( C = C 1 ) S ( = O ) ( = O ) N ( C C 2 C C C C 2 ) C [C@H] ( [C@H] ( C C 3 = C C = C C = C 3 ) N C ( = O ) O [C@@H] 4 C C N C 4 ) O,1 29 32 80 117 119 227 234 282 322 350 484 649 695 715 718 807 815 831 837 841 888 890 926 1028 1057 1088 1114 1126 1199 1308 1325 1328 1330 1380 1399 1461 1476 1598 1692 1750 1754 1758 1771 1860 1873 1946,COS(=O)(=O)N(CC1CCCC1)CC(C(C[As](O)OC2=CC=CC=C2)NC(=O)OC3CCCC3)O
1405,C C [N+] ( = C C ) [O-],80 294 315 694 702 715 838 844 981 1057 1071,CC/[N+](=C/C)/C(=C/C)/[N+](=C/C)/[O-]
1406,C C 1 = C C C [C@] 2 ( [C@H] 1 C C [C@@] 3 4 [C@@H] 2 C [C@@H] 5 C ( C 3 = O ) [C@] 5 ( C 4 = O ) C ) C,9 107 171 180 196 314 519 544 650 699 720 859 926 938 1019 1060 1147 1162 1181 1240 1274 1292 1325 1380 1477 1508 1539 1663 1714 1761 1781 1873 1920 1950 2033,C1C[C@@]2([C@@H]3C[C@H]4C5=CCC[C@@]4([C@@H]3C(=O)[C@@]67[C@@H]2C[C@H]6C7=O)C)C(=C1)[C@@H]5C7
1407,C C ( C ) ( C ) [Si] ( C ) ( C ) O C [C@@H] 1 [C@H] ( [C@H] ( [C@@H] ( O 1 ) N 2 C = N C 3 = C 2 C ( = C N = C 3 N ) I ) O [Si] ( C ) ( C ) C ( C ) ( C ) C ) O [Si] ( C ) ( C ) C ( C ) ( C ) C,80 114 194 378 392 442 465 475 577 582 609 656 661 932 935 947 962 1013 1019 1057 1064 1095 1136 1164 1171 1287 1380 1440 1452 1457 1459 1521 1535 1578 1642 1724 1766 1815 1857 1873 1950 1979 2043,CC(C)(C)[Si](C)(C)OC[C@@H]1[C@H]([C@H]([C@@H](N1C=NC2=C(N=CN=C2N)N)CO[Si](C)(C)C(C)(C)C)O[Si](C)(C)C(C)(C)C)O[Si](C)(C)C(C)(C)C
1408,C 1 = C C = C 2 C ( = C 1 ) N = C ( S 2 ) C 3 = C ( C = C ( C = C 3 ) N C ( = O ) C 4 = C C ( = C C = C 4 ) Cl ) O C C ( = O ) O,77 80 162 184 216 289 352 378 389 461 486 557 561 592 650 675 684 695 758 807 843 875 885 980 1039 1097 1138 1187 1199 1380 1385 1436 1440 1452 1683 1737 1750 1795 1816 1825 1855 1858 1873 1934 1970 1978 1985 2004,C1=CC=C(C=C1)C(=O)NC2=CC(=C(C=C2)C3=NC4=CC=CC=C4S3)OCC(=O)O
1409,C C 1 = C C ( = C ( C ( = C 1 C C ( C ) ( C ) C ) C ) C ( = O ) [O-] ) C,80 252 268 465 586 650 682 715 745 888 997 1057 1226 1353 1380 1391 1722 1828 1917 2012 2034,CC1=C(C(=C(C(=C1CC2=C(C(=C(C(=C2C)C(=O)[O-])C)C(=O)[O-])C)C)C(=O)[O-])C)C(=O)[O-]
1410,C C 1 = C N = C ( C = C 1 ) C Br,226 235 378 601 709 724 728 802 970 1057 1468 1535 1722 1772 1823 1873,CC1=CN=C(C=C1)C[Si](C2=NC=C(C=N2)C)(Br)Br
1411,C 1 C 2 = C ( C = C C ( = C 2 ) N C ( = O ) C N ) N C 1 = O,27 41 74 80 102 181 184 191 314 478 807 843 875 901 926 981 1060 1095 1114 1152 1236 1380 1394 1575 1646 1677 1750 1816 1873 1964 1982,C1C2=C(C=CC(=C2)NC(=O)CN)NC1=O
1412,c 1 c c ( c c ( c 1 ) C ( = O ) C ( N C ( C ) ( C ) C ) C ) O C,1 54 114 283 322 329 386 392 562 603 650 695 781 807 841 875 932 989 1039 1057 1088 1380 1384 1385 1536 1548 1623 1716 1750 1873 1917 1972,CC(C(=O)C1=CC(=CC=C1)OC)C(C)(C)C(C)C
1413,C 1 = C C = C ( C = C 1 ) / C = C / C 2 = N C 3 = C ( C = C C = C 3 Br ) C ( = O ) N 2 C C C 4 = C ( C = C C ( = C 4 ) O ) O,80 378 381 389 504 523 584 650 694 708 728 745 802 833 835 875 878 935 1039 1088 1199 1304 1313 1323 1349 1353 1357 1380 1573 1602 1607 1608 1696 1724 1737 1855 1873 1985 2033,C1=CC=C(C=C1)/C=C/C2=NC3=C(C=C(C=C3O)O)C(=O)N2CBr
1414,C C 1 = C C 2 = C ( C = C 1 ) N ( C C 2 ) C ( = O ) C 3 C 4 = C 5 C ( = C C = C 4 ) O C C N 5 C 3 = O,146 152 235 371 417 549 626 650 793 807 875 931 935 950 1013 1019 1027 1039 1057 1069 1088 1236 1295 1362 1384 1387 1401 1457 1480 1481 1529 1535 1722 1738 1750 1771 1888 1905 1915 1917 2023,CC1=CC2=C(C=C1)N(CC2)C(=O)C3C4=C5C(=CC=C4)OCCN5C6=C3C=C7CCN(C7=C6)C(=O)C8C9=C9C(=CC=C9)OCC8
1415,C C C ( = O ) N C 1 = C C ( = C C = C 1 ) N 2 C ( S ( = O ) ( = O ) C C 2 = O ) C 3 = C C = C ( C = C 3 ) O C,9 41 184 191 207 294 314 322 469 650 695 703 781 798 807 831 841 875 898 926 935 1039 1049 1057 1088 1152 1279 1343 1376 1380 1507 1536 1617 1619 1744 1796 1816 1825 1873 1917 1922,CCC(=O)NC1=CC(=CC=C1)N2C(=O)CS2(=O)=O
1416,C 1 = C C ( = C C = C 1 C 2 = C S C ( = C 2 ) C = O ) O C ( F ) ( F ) F,114 145 214 317 322 431 548 552 555 694 695 718 875 896 930 1004 1135 1160 1380 1453 1567 1750 1873 1928 1964,C1=CC(=CC=C1C2=CSC(=C2)C(F)(F)F)OC(F)(F)F
1417,C 1 = C C 2 = C ( C = C C 3 = C 2 C ( = C 1 ) O P ( = O ) ( O 3 ) O ) [N+] ( = O ) [O-],47 245 336 354 444 650 721 753 807 838 966 1035 1039 1088 1143 1195 1308 1357 1481 1750 1904 1905 1963 1984,C1=CC2=C3C(=C1)OS(C3=C(C4=C2C5=C(C=C4)OS(=O)(O5)O)[N+](=O)[O-])(O)O
1418,C C C N 1 C ( = C C = N 1 ) C ( = O ) N [C@H] ( C ) C 2 = C C = C ( C = C 2 ) O C,1 30 43 80 117 283 366 378 486 488 592 656 695 718 781 820 841 935 1057 1145 1152 1365 1380 1488 1536 1627 1695 1750 1853 1866 1873 1875 1917 1929 2000,CC(C1=CC=C(C=C1)OC)NC(=O)C2=CC=NN2CCN3C(=CC=N3)C(=O)NC(C)C4=CC=C(C=C4)C(C)NC(=O)C5=CC=NN5C
1419,C C ( = O ) [C@@H] 1 C C [C@H] 2 [C@H] 1 [C@H] 3 [C@@H] ( C [C@@H] 2 C = O ) O C ( = O ) C 3 = C,28 35 126 208 209 314 352 522 622 656 694 750 807 854 926 954 1004 1017 1019 1057 1088 1136 1163 1181 1203 1255 1366 1380 1426 1457 1586 1819 1828 1917 1994,CC(=O)[C@H]1C[C@@H]([C@@H]2[C@@H]1[C@@H]3C(=C)C(=O)O[C@H]3C2)C=O
1420,c 1 c ( c c 2 c ( c 1 ) n c ( s 2 ) N C ( = O ) N c 1 c c c c c 1 O ) O C ( F ) ( F ) F,56 114 145 162 317 322 378 385 493 548 557 573 650 675 695 718 807 885 961 1088 1097 1129 1149 1152 1224 1380 1400 1453 1456 1602 1607 1669 1696 1816 1831 1855 1873 1917 1928 1989,C1=CC=C(C(=C1)NC(=O)NC2=NC3=C(S2)C=C(C=C3)OC(F)(F)F)O
1421,C C 1 C C 2 = C ( C ( C ( = C ( N 2 ) C ) C ( = O ) O C C 3 = C C = C C = C 3 ) C 4 = C C = C S 4 ) C ( = O ) C 1 C ( = O ) O C,14 42 80 145 147 177 231 241 257 276 314 323 383 389 534 649 677 695 745 807 910 926 1005 1057 1060 1066 1088 1114 1152 1171 1199 1309 1321 1380 1391 1458 1488 1490 1582 1651 1722 1750 1754 1859 1873 1876 1914 1917 2042,C[C@H]1CC2=C([C@H](C(=C(N2)C)C(=O)OCC3=CC=CC=C3)C4=CC=CS4)C(=O)[C@@H]1C(=O)OC
1422,C C O C C N 1 C 2 = C C ( = C C ( = C 2 S C 1 = N C ( = O ) [C@@H] 3 C C C N 3 S ( = O ) ( = O ) C 4 = C C = C S 4 ) C ) C,14 30 31 45 80 131 204 241 294 350 354 383 446 531 626 653 668 675 715 725 802 807 811 813 875 892 935 1019 1058 1088 1125 1145 1187 1315 1325 1380 1391 1476 1480 1517 1567 1628 1646 1722 1749 1823 1854 1873 1992 2037,CCOCCN1C2=CC(=CC(=C2SC1=NC(=O)C3CCN3S(=O)(=O)C4=CC=CS4)C)C
1423,C C C N 1 C ( = C ( C ( = O ) N C 1 = O ) C ( = O ) C N 2 C C N C ( = O ) C 2 C 3 = C ( N ( N = C 3 C ) C 4 = C C = C C = C 4 ) C ) N,80 92 114 134 190 210 266 294 314 378 389 455 586 650 747 750 794 802 850 905 926 935 1019 1034 1049 1057 1066 1088 1145 1171 1199 1313 1351 1380 1385 1427 1440 1457 1469 1480 1693 1722 1739 1745 1750 1766 1794 1804 1852 1866 1873 1886 1917 1951 1956 1972 2022 2030,CCCN1CCN(C1C(=O)C2=C(N(C(=O)NC2=O)CCC)N)CC(=O)C3=C(N(N=C3C)C4=CC=CC=C4)C
1424,C O C 1 = C C = C ( C = C 1 ) C ( C ( O C ) O C ) C ( = O ) O C,54 147 322 504 601 650 689 695 718 781 831 1004 1057 1152 1351 1380 1750 1853 1917,COC1=CC=C(C=C1)ONCOC(=O)C(=O)OC2=CC=C(C=C2)OC
1425,C O [C@@H] 1 C C [C@] 2 ( [C@@H] 1 C C C 2 3 O C C O 3 ) C C O S ( = O ) ( = O ) C,13 25 75 80 350 443 519 529 650 656 692 695 795 798 841 867 926 937 950 1017 1019 1057 1060 1147 1162 1325 1392 1408 1504 1563 1657 1702 1730 1847 1952,CO[C@@H]1CC[C@]2([C@@H]1CCC23OCCO3)CCOS(=O)(=O)C
1426,C C N 1 C = C ( C ( = O ) C 2 = C C ( = C ( C ( = C 2 1 ) F ) F ) F ) C ( = O ) [O-],34 145 294 406 513 525 650 699 715 844 875 935 1057 1202 1226 1380 1440 1445 1453 1455 1568 1729 1840 1873 1874 1917 1991,CCN1C=C(C2=C(C(=C(C=C21)F)F)F)C(=O)[O-]
1427,C C ( C 1 = N N = C ( N 1 C ) S C C ( = O ) N C 2 = C C ( = C ( C = C 2 Cl ) Cl ) Cl ) O C 3 = C C = C ( C = C 3 ) F,41 80 116 125 283 322 341 378 384 530 561 564 568 614 650 663 664 695 718 747 807 813 875 888 935 968 1057 1152 1164 1224 1359 1362 1379 1380 1410 1449 1506 1554 1683 1750 1816 1873 1917 1928 1948 1959,CC(C1=NN=C(N1F)SCC(=O)NC2=CC(=C(C=C2Cl)Cl)Cl)OC3=CC=C(C=C3)OF
1428,C 1 = C C = C ( C = C 1 ) C ( C N S ( = O ) ( = O ) C 2 = C ( C = C ( C = C 2 ) Cl ) Cl ) Cl,1 80 165 216 278 350 366 389 392 502 561 640 816 914 1037 1158 1199 1239 1380 1453 1581 1592 1626 1672 1683 1750 1873,C1=CC=C(C=C1)C(C2=C(C=CC(=C2C(Cl)Cl)Cl)Cl)CS(C3=C(C=C(C=C3)Cl)Cl)(Cl)Cl
1429,[C@@H] ( N C ( = O ) C C c 1 c ( c ( O C ) c c c 1 ) O C ) ( C ( = O ) C Cl ) C c 1 c c c c c 1,41 80 249 333 389 569 613 650 667 695 736 807 895 1039 1066 1088 1109 1152 1199 1243 1277 1349 1380 1410 1502 1536 1564 1597 1599 1683 1704 1750 1754 1873 1917 1931 2006,C1=CC=C(C=C1)CCNOC2=C(C=CC=C2OC)CCC(=O)NCl
1430,C C O C 1 = C ( C = C ( C = C 1 ) S ( = O ) ( = O ) N C ( C C 2 = C C = C C = C 2 ) C ( = O ) O ) Cl,1 79 198 237 277 279 294 319 350 389 425 502 695 715 736 807 857 875 991 1019 1066 1088 1110 1152 1199 1238 1380 1452 1476 1624 1664 1683 1750 1754 1844 1873 1917 1941 1970 2006,C1=CC=C(C=C1)C[C@@H](C(=O)O)NS(=O)(=O)C2=CC(=C(C=C2)Cl)OCC
1431,C C ( C ) [C@H] ( C ( = O ) O ) N C ( = O ) [C@H] ( C S S C [C@@H] ( C ( = O ) N [C@H] ( C ( C ) C ) C ( = O ) O ) N C ( = O ) [C@@H] 1 C C C N 1 C ( = O ) C N ) N C ( = O ) [C@@H] 2 C C C N 2 C ( = O ) C N,1 27 80 116 117 143 193 242 283 354 389 446 507 531 624 650 689 736 807 837 926 981 1009 1019 1028 1057 1107 1110 1118 1152 1171 1213 1325 1343 1366 1470 1480 1510 1773 1776 1844,CC(C)[C@@H](C(=O)O)NC(=O)[C@@H]1CCCN1S/C(=C(\CN)/S[C@@H]2CCC[C@H]2C(=O)N[C@@H](C(C)C)C(=O)O)/CN
1432,C C C ( C C ) C ( = O ) N C 1 = N C ( = C S 1 ) C 2 = C C = C ( S 2 ) C 3 = C C = C ( C = C 3 ) F,1 62 72 80 90 117 294 378 385 552 573 650 675 699 702 717 896 942 980 1039 1057 1152 1160 1163 1259 1264 1410 1544 1567 1670 1750 1855 1873 1877 1917 1928 1936 1994,CCC(CC)C(=O)NC1=NC(=CS1)C2=CC=C(S2)C3=CC=C(C=C3)F
1433,C C 1 = C C ( = C ( C = C 1 C 2 ( C 3 = C C = C C = C 3 S ( = O ) ( = O ) O 2 ) C 4 = C C ( = C ( C = C 4 C ) O P ( = O ) ( [O-] ) [O-] ) C ( C ) C ) C ( C ) C ) O,1 24 121 165 192 207 237 283 374 399 422 469 563 598 655 695 706 715 875 1024 1057 1060 1088 1199 1213 1380 1391 1428 1460 1496 1528 1602 1607 1628 1665 1718 1722 1750 1873 1875 1886 1910 1948 1970 1980,CC1=CC(=C(C=C1OP(=C2C(C3=CC=CC=C3S2(=O)=O)(C4=CC=CC=C4S(=O)(=O)[O-])C5=CC(=C(C=C5C)O)C(C)C)([O-])[O-])C(C)C)O
1434,n 1 ( c ( n n c 1 c 1 c n c 2 c ( c c c c 2 c 1 O ) C ( F ) ( F ) F ) S ) C C O C,80 112 114 202 229 241 262 352 378 486 499 676 716 743 802 807 895 915 935 1005 1039 1057 1164 1357 1372 1380 1452 1508 1535 1573 1712 1724 1807 1854 1928,n1(c(nnc1S)c1cnc2c(C(F)(F)F)cccc2c1c1c(nc2)c(C(F)(F)F)ccc1)Cn1c(nnc1S)S
1435,C C 1 = C C = C ( C = C 1 ) C ( = O ) C N ( C ) C ( C ) C,1 80 235 283 400 583 650 807 881 1057 1163 1190 1380 1385 1618 1693 1697 1750 1823 1873 1920 2044,CC1=CC=C(C=C1)C(=O)CN(C)C(C)N(C)CC(=O)C2=CC=C(C=C2)C
1436,C 1 = C C ( = C C = C 1 C C [C@@H] ( C C ( = O ) C C C 2 = C C = C ( C = C 2 ) O ) O [C@H] 3 [C@@H] ( [C@H] ( [C@@H] ( [C@H] ( O 3 ) C O ) O ) O ) O ) O,22 40 80 125 148 222 310 489 610 625 650 656 695 739 745 1019 1037 1043 1045 1090 1234 1257 1290 1313 1380 1432 1505 1516 1564 1597 1602 1750 1764 1778 1873 1917 1977,C1=CC(=CC=C1CCC(=O)CCC(=O)COOC2C(OOC2OOCC3=CC=C(C=C3)O)CO)O
1437,N ( c 1 n c ( n c 2 c 1 n c ( n c 2 N ( C ) C ) N C C O ) N C C O ) ( C ) C,61 80 167 222 259 350 473 723 807 857 881 1057 1163 1213 1380 1690 1700 1724 1855 1961,CN(C)C1=NC2=C(C3=C1N=C4C(=N3)C(=NC5=C4N=C(N=C5N(C)C)N(C)C)N(C)C)N=C(N=C2N(C)C)N(C)CCO
1438,C C 1 = C ( C = C ( C = C 1 ) C ( = O ) N C 2 = C ( C ( = C C = C 2 ) Cl ) F ) C,277 366 478 486 650 699 875 947 1039 1057 1088 1152 1224 1273 1380 1385 1391 1445 1671 1683 1691 1697 1722 1750 1795 1917 1928,CC1=C(C=C(C=C1)C(=O)NC2=C(C(=CC=C2)NC(=O)C3=CC(=C(C=C3)C)C)F)C
1439,C O C 1 = C ( C = C ( C = C 1 ) Cl ) C 2 = N N = C 3 N 2 N = C ( S 3 ) C 4 = C C ( = C ( C = C 4 ) O C ) O C,94 109 140 162 165 249 352 378 384 561 624 675 695 710 748 816 833 841 843 845 875 1057 1160 1245 1508 1683 1750 1934 1956 1970,COC1=C(C=C(C=C1)Cl)C2=NN=C(S2)C3=CC(=C(C=C3)OC)C4=NN=C(S4)C5=CC(=C(C=C5)OC)OC
1440,C C 1 = C C ( = O ) O C 2 = C C 3 = C ( C = C 1 2 ) C 4 = C C = C C = C 4 C ( = O ) N 3,14 119 137 171 314 650 656 750 852 875 1057 1063 1074 1114 1199 1357 1380 1391 1573 1604 1649 1722 1744 1745 1750 1808 1827 1835 1854 2026,CC1=CC(=O)OC2=CC3=C(C=C12)C4=CC=CC=C4C(=O)N3
1441,C C ( C ( = O ) N C 1 = C C ( = C ( C = C 1 ) O ) C ( = O ) O ) S C 2 = C C = C C ( = C 2 ) N C ( = O ) / C ( = C \ C 3 = C ( C ( = C C = C 3 ) O C ) O C ) / N C ( = O ) C 4 = C C = C C = C 4,1 27 61 116 184 191 196 318 333 389 441 456 462 573 650 694 703 807 811 841 843 875 930 960 961 1039 1047 1057 1103 1118 1119 1152 1162 1199 1211 1295 1347 1380 1385 1410 1507 1536 1568 1599 1602 1607 1664 1746 1750 1816 1873 1917 1932 1970 1985 1991 2022,COC1=CC=CC=C1/C=C(\C(=O)O)/NC(=O)C(C(=O)NC2=CC(=C(C=C2)O)C(=O)O)SC3=CC=CC(=C3)NC(=O)/C(=C\C4=CC=CC=C4OC)/NC(=O)O
1442,C C 1 = C C 2 = N N = C ( N 2 C = C 1 ) C C C 3 = N N = C 4 N 3 C = C C ( = C 4 ) C,80 318 378 399 753 819 875 935 983 1013 1121 1153 1164 1243 1380 1463 1667 1722 1750 1753 1823 1873 1969,C1=CC2=NN=C(N2C=C1C)CCC3=NN=C4N3C=C(C=C4)C
1443,C C 1 = C C = C C = C 1 C O C 2 = C ( C = C ( C = C 2 ) / C = C / C ( = O ) N C 3 = N C ( = C S 3 ) C 4 = C C ( = C C = C 4 ) [N+] ( = O ) [O-] ) O C,25 31 80 94 117 249 327 411 596 650 656 675 694 695 702 715 736 745 753 807 841 980 1039 1057 1088 1152 1160 1181 1195 1199 1214 1226 1245 1264 1266 1274 1308 1349 1380 1391 1452 1536 1539 1567 1597 1610 1722 1750 1774 1809 1816 1828 1855 1917 1940 1963 1999 2033 2041,CC1=CC=CC=C1COC2=C(C=C(C=C2)/C=C/C(=O)NC3=NC(=CS3)C4=CC(=CC=C4)[N+](=O)[O-])OC
1444,C C C N C ( = O ) C 1 = C C = C C = C 1 N C ( = O ) C S C C ( = O ) N C 2 = C C = C C ( = C 2 ) C,8 19 41 80 116 184 191 197 429 486 650 667 703 745 807 814 1013 1039 1055 1114 1133 1152 1199 1224 1317 1380 1447 1455 1696 1722 1750 1816 1823 1917 1948,C1=CC(=CC=C1)NC(=O)SNC(=O)C2=CC=CC=C2NC(=O)CC(=O)NC3=CC=CC=C3C(=O)NCCC(=O)NC4=CC=CC(=C4)C
1445,C C ( = O ) N 1 [C@] ( O C ( = N 1 ) C 2 = C C ( = C C = C 2 ) [N+] ( = O ) [O-] ) ( C ) C 3 4 C C 5 C C ( C 3 ) C C ( C 5 ) C 4,56 80 132 378 489 656 679 715 807 838 848 875 926 935 1017 1039 1057 1060 1088 1195 1211 1274 1292 1300 1380 1429 1446 1539 1610 1699 1750 1809 1818 1863 1873 1917 1940 1997,CC(=O)N1C(O1)(C)C2=CC(=CC=C2)[N+](=O)[O-]
1446,C C ( C ) C [C@@H] 1 [C@@H] 2 [C@@H] ( C ( = O ) N ( C 2 = O ) C C 3 = C C = C C = C 3 ) [C@@] 4 ( N 1 ) C 5 = C C = C C = C 5 N ( C 4 = O ) C C 6 = C C = C C = C 6 F,1 5 6 62 80 192 220 255 283 314 389 445 468 475 555 588 650 699 836 935 992 1019 1032 1057 1060 1068 1114 1181 1199 1261 1271 1295 1380 1412 1460 1597 1637 1647 1683 1718 1750 1754 1840 1847 1928 1980 2026,CC(C)CC1C2C(=O)N(C2=O)C3(N1)C4=CC=CC=C4N(C3=O)CN5C6=CC=CC=C6C7(C5=O)C8=CC=CC=C8F
1447,C C ( C ) [C@@] 1 ( C C [C@H] ( C 1 ) N C C 2 = C C = C ( C = C 2 ) O C ) C ( = O ) N 3 C C C 4 = C ( C 3 ) C = C ( C = C 4 ) C ( F ) ( F ) F,1 42 80 114 150 194 242 255 283 310 322 376 492 638 650 679 695 718 725 781 807 809 831 841 875 926 935 1019 1057 1152 1162 1236 1260 1325 1380 1453 1480 1522 1536 1569 1665 1738 1750 1754 1764 1839 1873 1888 1917 1946 1980 2000 2009,CC(C)N1CCC(C2=C(C1)C=C(C=C2)C(F)(F)F)NCC3=CC=C(C=C3)OC
1448,C 1 = C C = C ( C = C 1 ) C ( C 2 = C C = C ( C = C 2 ) N ) O,1 227 389 629 807 888 946 1088 1168 1171 1199 1365 1457 1581 1750 1804 1853 1873 1965,C1=CC=C(C=C1)C(C2=CC=C(C=C2)N)O
1449,C C N ( C C ) C ( = O ) [C@] 1 ( C [C@H] 1 C N ) C 2 = C C = C ( S 2 ) Cl,80 139 162 294 527 561 650 654 675 679 779 807 881 895 898 932 970 974 981 1019 1057 1060 1158 1168 1171 1380 1454 1634 1683 1750 1834 1858 1873 1917 1957,CCN(CC)C1(CC1CN)C(=O)C2=CC=C(S2)Cl
1450,C 1 = C C 2 = N N ( N = C 2 C = C 1 ) S,229 289 330 378 935 1088 1097 1199 1379 1380 1750 1873 1956,C1=CC2=NN(N=C2C=C1)S
1451,C 1 = C ( C = C ( C = C 1 F ) Cl ) C ( F ) ( F ) F,114 162 216 261 699 767 809 1158 1242 1260 1380 1417 1453 1670 1747 1873 1928,C1=C(C=C(C=C1F)F)C(C2=CC=C(S2)F)(F)F
1452,C C N 1 C 2 = C ( C ( N C ( = O ) N 2 ) C 3 = C C = C ( C = C 3 ) F ) C ( = O ) N ( C 1 = O ) C C,27 80 90 294 301 314 360 531 650 699 802 816 841 850 926 935 1019 1060 1203 1380 1413 1512 1648 1670 1750 1803 1873 1951 1974,C1[Si](C2=CC=C(C=C2)F)C3=C(C4C1(C5=C4C(=O)N(C(=O)N5CC)CC)[Si](CC)CC)C(=O)N(C(=O)N3)CC
1453,C 1 C ( C N ( C 1 = O ) C 2 = C ( C = C C ( = C 2 ) Br ) F ) N,231 314 355 556 699 739 766 798 875 909 926 935 1019 1053 1150 1157 1171 1380 1445 1457 1491 1676 1750 1832 1840,C1C(CN(C1=O)N2CC(CC2=O)N)N
1454,C 1 = C C = C ( C ( = C 1 ) C ( = O ) N C 2 = C C = C ( C = C 2 ) N C C 3 = C C = C S 3 ) Cl,14 62 80 87 196 241 255 383 486 561 650 656 774 807 843 847 849 974 1088 1199 1256 1380 1447 1567 1599 1683 1816 1828 1917,C1=CC=C(C(=C1)C(=O)NC2=S(OC(=C2CC3=CC=CS3)Cl)CC4=CC=CS4)Cl
1455,C N 1 C 2 = C ( C = C C ( = C 2 ) O ) C ( = C 1 Cl ) C ( = O ) O,45 381 389 561 580 586 616 619 650 745 807 935 1014 1057 1145 1212 1319 1357 1380 1750 1873 1917,CN1C2=CC=C(C(=C2C=CN1C)C(=O)O)P(C(=O)O)C(=O)O
1456,C C 1 = N C ( = C S 1 ) C 2 = C C 3 = C ( C = C 2 ) N ( C C 3 ) C ( = O ) C 4 = C C = C ( C = C 4 ) C N 5 C ( = O ) C N C 5 = O,310 314 475 552 588 626 665 675 684 693 798 806 807 875 896 918 926 935 980 1057 1170 1264 1266 1318 1384 1385 1387 1401 1480 1504 1511 1533 1539 1567 1683 1693 1697 1709 1722 1738 1750 1754 1866 1873 1888 1915 1917 1919,CC1=NC(=CS1)C2=CC=C(C=C2)C(=O)N3CCC(=O)N(C3=O)CC4=CC=C(C=C4)C(=O)N5CCC(=O)N(C5=O)CC6=CSC(=C6)C
1457,C 1 C N ( C C N 1 C 2 = N C = C C = N 2 ) C ( = O ) N C C ( C 3 = C C = C S 3 ) C 4 = C N C 5 = C C = C C = C 5 4,1 14 80 119 197 210 237 241 287 328 378 383 389 407 448 459 460 473 650 687 806 807 867 926 1088 1114 1199 1231 1256 1332 1380 1480 1508 1567 1573 1668 1783 1849 1866 1873 1879 1894 1937 2009,C1CN(CCN1C2=NC=CC=N2)C(=C(C3=CC=CS3)C(C4=CNC5=CC=CC=C54)C6=CNC7=CC=CC=C76)N8CCN(CC8)C9=NC=CC=N9
1458,C 1 = C C = C ( C = C 1 ) P ( = N C 2 = C ( C = C ( C = C 2 [N+] ( = O ) [O-] ) Br ) [N+] ( = O ) [O-] ) ( C 3 = C C = C C = C 3 ) C 4 = C C = C C = C 4,192 389 507 516 686 715 716 725 728 753 838 843 868 874 875 909 1061 1088 1195 1199 1380 1462 1631 1811 1873 1932 1963,C1=CC=C(C=C1)P(=NC2=C(C=C(C=C2[N+](=O)[O-])Br)[N+](=O)[O-])(C3=CC=CC=C3)C4=CC=CC=C4
1459,C C ( C ) C C S C 1 = N N = C ( N 1 C C = C ) C O C,1 80 116 231 283 318 341 378 695 739 745 747 841 935 940 1005 1057 1121 1133 1164 1366 1380 1449 1503 1645 1658 1820 1847 1853 2026 2040,CC(C)CSC1=NN=C(N1CC=C)COC
1460,C C ( C ) ( C ) C 1 = C N = C ( O 1 ) C S C 2 = C N = C ( S 2 ) N C 3 = N C = C ( C = C 3 ) C N C C N ( C ) C,59 74 80 99 116 162 224 255 310 341 378 379 392 470 491 652 656 667 669 675 762 881 885 896 967 1004 1057 1060 1099 1112 1152 1163 1178 1336 1339 1380 1395 1604 1688 1692 1815 1873 1889 1990,CN(C)CNCC1=CSC(=CS1)NC2=NN=C(C=C2)SCN(C)C
1461,C [C@H] 1 [C@@H] ( C = C [C@@H] ( O 1 ) O C C # C ) O C C # C,80 270 550 656 695 722 823 915 974 996 1012 1057 1309 1395 1432 1623 1669 1764 1780 1812 1873 1921,CC1C(C(C#CC=C=CC=CC=CC=CC=CC=CC#C)OC(C(O1)C)C)OCC#C
1462,C C ( = O ) C 1 = C C 2 = C ( C = C 1 ) S C 3 = C C = C C = C 3 N 2 C ( = O ) C N 4 C ( = O ) C 5 = C C = C C = C 5 C 4 = O,64 80 184 314 352 390 397 461 588 597 617 642 650 675 744 807 879 935 949 984 1009 1016 1017 1088 1199 1295 1305 1380 1647 1697 1750 1820 1917,C1=CC=C2C(=C1)C(=O)N(S2)CC(=O)N3C4=CC=CC=C4SC5=CC=CC=C5C3=O
1463,C C 1 = C C 2 = C ( S 1 ) N = C ( N ( C 2 = O ) C ) C,103 162 314 426 511 650 675 721 789 875 917 935 1057 1142 1145 1357 1380 1538 1677 1722 1789 1873,CC1=CC2=C(S1)N(N(C2=O)C)C
1464,C C ( C 1 = N C = C N = C 1 ) C ( = O ) O C ( C ) ( C C / C = C ( \ C ) / C C C = C ( C ) C ) C = C,1 80 101 114 135 147 231 237 283 357 378 392 401 479 501 567 650 684 694 695 807 900 1017 1057 1180 1257 1308 1366 1380 1434 1485 1535 1564 1574 1582 1586 1714 1791 1851 1866 1873 1917 1929 1973,CC(C1=CN=CC=N1)C(=O)OC(C)(CC/C=C(\C)/CC/C=C(\C)/CCC=C(C)C)C=C
1465,C 1 C O [C@@H] ( C 2 = C C = C C = C 2 1 ) C N C ( = O ) C ( = O ) N C C O,80 197 222 349 371 473 650 656 667 723 802 807 926 950 1019 1027 1088 1142 1152 1194 1199 1210 1236 1283 1380 1445 1477 1604 1738 1750 1873 1917 1997 2026,C1COC(C2=CC=CC=C21)CNC(=O)C(=O)NCCO
1466,C C ( = O ) N C 1 = C C ( = C ( C = C 1 ) C ( = O ) C O C ( = O ) / C = C / C 2 = C C ( = C C = C 2 ) C ( F ) ( F ) F ) F,37 67 80 114 147 176 184 191 530 650 694 695 699 807 835 843 849 1017 1057 1152 1260 1308 1353 1364 1380 1403 1409 1417 1453 1522 1588 1678 1693 1750 1840 1873 1917 1928 1991 2004 2033 2041,CC(=O)NC1=CC(=C(C=C1)C(=O)COC(=O)/C=C/C2=CC(=CC=C2)C(F)(F)F)F
1467,C C C C C C C C C C C C ( = O ) O C 1 = C C ( = C C ( = C 1 ) N ( C C ( = O ) O ) C C ( = O ) O ) O C ( = O ) C C C C C C C C C C C,80 161 499 591 605 695 763 794 875 881 1013 1031 1038 1057 1096 1143 1175 1184 1267 1380 1386 1399 1444 1687 1729 1917,CCCCCCCCCCCCCCCCCC(=O)OC1=CC(=CC(=C1)N(CCCC)CCCCCCCCCCCCCCCC)OC(=O)CCCCCCCCCCCCCCC
1468,C ( = O ) ( [C@@H] ( N ) C c 1 c c c 2 c ( c 1 ) c c c c 2 ) N [C@@H] ( C C ( C ) C ) C ( = O ) O C,1 54 79 80 147 203 283 310 322 573 598 650 680 695 736 807 890 966 1017 1057 1088 1171 1199 1380 1387 1482 1520 1750 1754 1847 1849 1855 1873 1990 2016,CC(C)C[C@@H](/C(=C(\C)/OC#N)/C)CC1=CC2=CC=CC=C2C=C1
1469,C C [C@@H] ( C 1 = N N = N N 1 C C 2 = C C = C ( C = C 2 ) F ) N ( C C C 3 = C C = C C = C 3 ) C C 4 = C C 5 = C ( C ( = C ( C = C 5 ) C ) C ) N C 4 = O,1 80 90 158 186 203 252 294 298 310 314 353 378 389 507 585 629 650 661 664 699 750 811 881 935 1045 1057 1088 1114 1120 1164 1179 1349 1359 1380 1384 1391 1544 1570 1614 1670 1683 1691 1721 1722 1745 1754 1783 1836 1855 1873 1895 1928 1951 2034,CCC(C1=NN=NN1CC2=CC=C(C=C2)F)N(CCC3=CC=C(C=C3)F)CC4=CC5=C(C(=C(C=C5)C)C)NC4=O
1470,O 1 [C@H] ( c 2 c c c c c 2 ) C N C ( = O ) [C@@H] ( C C ( = O ) N ( C c 2 c c c c c 2 ) C C O ) C / C = C \ C [C@H] ( C 1 = O ) C C ( = O ) O C ( C ) ( C ) C,28 80 100 114 222 231 282 314 389 392 470 507 587 650 656 695 700 754 807 848 881 922 926 941 1004 1019 1057 1088 1096 1114 1128 1148 1199 1238 1342 1397 1412 1511 1574 1611 1663 1721 1754 1859 1872 1873 1917 1951 2019,CC(C)(C)OC(=O)N(CCN(CO)OC1CNOC1=O)N(CC2=CC=CC=C2)C(=O)CC3CNOC3=O
1471,C 1 C C 2 = [N+] ( C 1 ) N C ( = S ) C 2 O,38 97 457 570 610 612 713 926 1019 1257 1298 1380 1571 1643 1717 1719 1738,C1CC(=S)C(C1=[NH2+])C2=C(C(C(=S)CC2)C3=C(C(C(=S)CC3)C4=S)S)C5=[N+](CCC5=S)C6=C(CC6)C7C(=S)CCC7=S
1472,C C ( = O ) C C N 1 C C C ( = C 2 C 3 = C C = C C = C 3 C C C 4 = C 2 C = C ( C = C 4 ) C ( F ) ( F ) F ) C C 1,80 114 352 650 768 809 873 875 882 926 935 969 976 1017 1038 1088 1145 1199 1236 1260 1346 1380 1480 1522 1550 1594 1665 1738 1750 1791 1792 1803 1917 1928 1966 1980,C1CC2=C(C=C(C=C2)C(F)(F)F)C(=C3CCN(CC3)CCN4CCC(=C5C6=CC=CC=C6CCC7=C5C=C(C=C7)C(F)(F)F)CC4)C8=C1C=CC(=C8)F
1473,C C C C ( C 1 = C ( C = C C ( = C 1 ) Br ) O C C ) N,94 294 395 425 674 695 728 739 766 786 794 850 875 1057 1157 1171 1238 1270 1380 1413 1452 1631 1750 1873 1970,CCC[P+](C#COC1=C(C=C(C=C1)Br)OCC)(C2=C(C=CC(=C2)Br)OCC)N
1474,C 1 C O C 2 = C ( O 1 ) C = C C ( = C 2 ) C ( = C 3 C ( N ( C ( = O ) C 3 = O ) C C C [N+] 4 = C N C = C 4 ) C 5 = C C ( = C C = C 5 ) Br ) O,57 80 389 441 463 471 485 536 574 650 656 727 728 731 766 813 879 909 926 935 950 1003 1019 1029 1035 1098 1114 1130 1250 1279 1420 1427 1476 1506 1529 1631 1636 1647 1697 1750 1860 1873 1921 1981,C1COC2=C(O1)C=CC(=C2)/C(=C\3/C(N(C(=O)C3=O)O)C4=CC=[N+](C=C4)CC[N+]5=CNC=C5)/O
1475,C C C ( = O ) N ( C C C O C ) C ( C ) C 1 = N C 2 = C C = C C = C 2 C ( = O ) N 1 C C O C,1 80 241 283 289 314 389 404 486 504 578 640 650 695 802 807 841 881 898 935 1005 1088 1097 1135 1145 1199 1359 1380 1488 1573 1583 1629 1750 1819 1854 1855 1861 1873 1889 1951 1979,CC(C1=NC2=CC=CC=C2C(=O)N1CCOC)N(CCOC)C(=C3C(=O)N(C(=O)C(=C(O)O)C3=O)CCOC)O
1476,C N 1 C C C 2 = C C ( = C ( C = C 2 C C 1 C ( F ) ( F ) F ) O ) O,49 114 231 486 589 735 807 875 926 935 1019 1051 1145 1166 1236 1285 1327 1380 1453 1480 1602 1607 1630 1738 1873 1888 1928,C1CN(C(CC2=CC(=C(C=C21)O)O)C(F)(F)F)C
1477,C C ( C ) ( C ) C # C / C = C / C / C ( = C / C C C C O C 1 = C C = C C ( = C 1 ) C 2 = C S C = C 2 ) / C O S ( = O ) ( = O ) C,13 14 80 114 224 350 392 401 479 552 562 576 650 674 675 692 694 736 785 807 875 952 987 1034 1039 1057 1076 1087 1147 1160 1249 1258 1335 1356 1380 1440 1446 1452 1501 1643 1730 1744 1750 1769 1777 1799 1806 1873 1911 2004 2007 2010,CC(C)(C)C#C/C=C/C/C(=C/CCCCOC1=CC=CC(=C1)C2=CSC=C2)/C/C=C/C#CC(C)(C)C
1478,C [C@H] ( / C = C / C C N 1 C = C ( N = N 1 ) C C O ) [C@@] 2 ( C 3 = C ( C = C C ( = C 3 ) Br ) N ( C 2 = O ) C C 4 = C C = C ( C = C 4 ) N 5 C 6 = C C = C C 7 = C 6 C ( = C C = C 7 ) C 5 = O ) O,47 72 109 113 190 219 222 233 255 283 314 352 378 401 440 464 475 488 555 650 694 724 725 728 747 755 766 781 825 875 909 935 1039 1057 1060 1088 1141 1145 1154 1155 1157 1164 1243 1313 1356 1365 1380 1427 1440 1624 1631 1647 1683 1686 1750 1754 1783 1855 1873 1891 1915 1980 1984 1991,C[Si](C)(/C=C/CCN1C=C(N=N1)CCN2C3=C(C=C(C=C3)Br)C(C2=O)(Cl)Cl)C4=C5C(=CC=C4)N(C(=O)C5(Cl)Cl)C6=C(C=C(C=C6)Br)[Si](C)(C)Cl
1479,C C ( C ) ( C ( = O ) O ) C ( C ) ( C ) O O,114 130 389 392 695 807 979 1057 1073 1229 1901 1977,CC(C)(C(=O)O)C(C)(C(C)(C)C(=O)O)OOC(C)(C(C)(C)C(=O)O)C(C)(C)C(C)(C)C(C)(C)C(C)(C)C(C)(C)C(=O)O
1480,C C C C N 1 C ( = N N C 1 = S ) C O,80 97 171 214 222 294 318 525 542 547 591 802 837 935 1057 1145 1380 1620 1717 1801 1882 1911 2004,CCCCN1C(=C(N(C1=S)CCCC)CO)CO
1481,C C N ( C C C ( = O ) C ) C = O,68 294 506 650 694 781 807 865 881 932 1017 1057 1238 1550 1564 1917 1951,CCN(CCC(=O)N(CC)CCC(=O)C)/C=C/N(CC)CCC(=O)N(CC)CCC(=O)C
1482,C C 1 = C C ( = C C = C 1 ) C N ( C C ( = O ) O ) C 2 = C C = C C = C 2,14 80 280 288 369 389 507 605 650 763 807 835 875 1013 1055 1057 1066 1077 1088 1096 1190 1199 1380 1687 1722 1750 1754 1823 1873 1917,CC1=CC(=CC=C1)CN(CC(=O)O)C2=CC=CC=C2
1483,C C ( C ) C O C ( C ) C ( C ( = O ) O ) O C,1 118 283 389 648 650 807 822 841 1004 1026 1057 1351 1416 1844 1905 1917 2000,CC(C(C(C(=O)O)OC)C(=O)O)C(C(=O)O)OC(=O)C(C(C(=O)O)OC)OC
1484,c 1 ( c c c 2 c ( c 1 ) n ( c ( = O ) o 2 ) C C C C N 1 C C C C C C 1 ) Cl,2 45 80 129 165 216 314 390 561 569 653 656 802 816 840 875 926 1028 1145 1380 1422 1480 1604 1620 1683 1750 1873 1911 1998,C1CCN(CC1)P(CCCN2C3=C(C=CC(=C3)Cl)OC2=O)C4=CC=C(C=C4)Cl
1485,C [C@H] 1 C C C ( = O ) [C@@H] 2 [C@H] 1 C C = C [C@@H] 2 C,175 236 324 370 598 608 622 654 738 926 1019 1057 1083 1128 1172 1309 1325 1380 1549 1575 1738 1859 1873,C[C@@H]1CCC(=O)[C@H]2[C@H]1CC=C2
1486,[C-] # [N+] C C N 1 C 2 = C C = C C = C 2 N = C 1 C O,80 318 378 487 507 515 530 542 713 802 837 935 1088 1097 1100 1145 1199 1285 1320 1380 1419 1467 1498 1750 1855 1873 1912,[C-]#[N+]CCN1C2=CC=CC=C2N=C1C[N+]#[C-]
1487,C C 1 = C C = C ( C = C 1 ) O C C C ( = O ) N C 2 = C C = C ( C = C 2 ) N C ( = O ) C,13 80 102 139 191 235 322 650 695 718 807 849 901 1002 1017 1034 1057 1077 1152 1382 1452 1564 1722 1750 1816 1873 1917 1920,CC1=CC=C(C=C1)OCCC(=O)NC2=CC=C(C=C2)NC(=O)C
1488,C C 1 = C C ( = C C = C 1 ) C ( = O ) N C C C ( = O ) N C 2 = C C = C C = C 2 C ( = O ) N C C 3 C C C O 3,80 197 239 248 361 363 425 486 656 667 807 821 837 875 950 994 1013 1019 1028 1055 1057 1088 1114 1152 1199 1224 1317 1325 1382 1385 1391 1447 1468 1564 1604 1695 1696 1722 1816 1823 1873 1917 1985 1991,CC1=CC(=CC=C1)C(=O)NCCC(=O)NC2=CC=CC=C2C(=O)NCC3CCCO3
1489,C C C N 1 C = C C ( = N 1 ) C N C 2 = N N ( C ( = C 2 ) C ) C C,12 51 80 255 293 294 360 378 692 794 820 831 883 935 1057 1099 1123 1145 1152 1184 1380 1416 1469 1623 1722 1750 1873 1956,CCCN1C(=CC(=N1)NCC2=NN(C(=C2)C)CCC)C
1490,C O C ( = O ) / C = C ( / C 1 = C N ( C = N 1 ) C ( C 2 = C C = C C = C 2 ) ( C 3 = C C = C C = C 3 ) C 4 = C C = C C = C 4 ) \ N,93 368 378 389 453 464 477 690 694 695 807 815 841 932 935 1057 1088 1120 1171 1199 1380 1413 1417 1452 1659 1750 1843 1873 1917 2017,CO/C(=C\C(=O)OC)/C1=CN(C=N1)C(C2=CC=CC=C2)(C3=CC=CC=C3)C4=CC=CC=C4
1491,C N ( C ) C C N C ( = O ) C ( = O ) N C 1 = C C = C C = N 1,59 80 197 315 412 448 652 693 807 881 1057 1088 1099 1155 1163 1199 1210 1277 1431 1452 1750 1770 1866 1873 1917,CN(C)CCNC(=O)C(=O)NC1=CC=CC=N1
1492,C C ( C ( = O ) O ) O C 1 = C C = C C ( = C 1 ) / C = C / 2 \ C ( = O ) N C ( = S ) S 2,1 35 273 281 283 314 322 389 428 466 562 650 664 675 682 694 807 926 1027 1039 1057 1088 1114 1269 1353 1380 1382 1555 1657 1717 1844 1873 1937 2033 2044,CC(C(=O)O)OC1=CC=CC(=C1)/C=C\2/C(=O)NC(=O)S2
1493,C N ( C ) C C C N ( C 1 = N C 2 = C ( C = C ( C = C 2 S 1 ) F ) F ) C ( = O ) C 3 = C C ( = C ( C = C 3 ) F ) F,49 80 87 162 378 531 650 652 699 754 767 783 807 875 881 946 1057 1106 1163 1336 1360 1670 1697 1706 1724 1750 1840 1855 1873 1877 1911 1917 1928 1984,CN(C)CCCN(C1=NC2=C(C(=CC(=C2)F)F)C(=C1)F)C(=O)N(C)C
1494,C C C ( C ) N C ( C ) C 1 = C C ( = C C = C 1 ) F,1 78 80 201 230 283 294 456 532 699 875 911 979 1039 1088 1365 1487 1544 1581 1627 1670 1750 1873 1898 1928 2018,CC[C@H](C)N[C@H](C)C1=CC(=CC=C1)F
1495,C 1 C N ( C C C 1 O C 2 = C C = C ( C = C 2 ) O C 3 = C C = C ( C = C 3 ) C C ( = O ) N C 4 = C C = C C = C 4 C ( = O ) O ) C ( = O ) C 5 = C C ( = C ( C = C 5 ) Cl ) Cl,39 41 310 322 325 347 366 389 456 497 524 561 618 650 652 666 695 718 730 745 888 913 935 959 1019 1047 1088 1152 1199 1224 1252 1325 1380 1385 1402 1447 1480 1504 1554 1617 1683 1697 1750 1754 1756 1873 1906 1948 1988 1991 2009,C1CN(CCC1OC2=CC=C(C=C2)OC3=CC=C(C=C3)CC(=O)NC4=CC=CC=C4C(=O)O)C(=O)C5=CC(=C(C=C5)Cl)Cl
1496,C C N C ( = O ) N S C C C 1 = C N C 2 = C C = C C = C 2 1,116 119 197 294 328 364 445 476 709 806 807 866 1029 1057 1088 1114 1152 1199 1349 1357 1380 1607 1624 1750 1760 1783 1839 1873 1879 1917 1937,CC(=O)NSCC1=CNC2=CC=CC=C21
1497,C C C ( C ( = O ) N C 1 = C C = C ( C = C 1 ) S ( = O ) ( = O ) N ) O C ( = O ) C 2 = C C 3 = C ( C = C 2 ) N = C ( C ( = N 3 ) C 4 = C C = C ( C = C 4 ) O C ) C 5 = C C = C ( C = C 5 ) O C,1 40 69 80 145 191 294 319 322 323 342 378 469 573 650 715 718 781 806 807 831 833 841 843 875 896 961 978 1057 1077 1097 1139 1152 1160 1171 1197 1380 1476 1489 1536 1544 1607 1647 1663 1664 1697 1730 1855 1873,CCC(C(=O)NC1=CC=C(C=C1)S(=O)(=O)N)OC(=O)C2=CC3=C(C=C2)N=C(C(=N3)C4=CC=C(C=C4)OC)C5=CC=C(C=C5)OC
1498,C C C N C ( = O ) C ( = O ) N C C ( = O ) N C 1 = C C = C ( C = C 1 ) N 2 C C C C C C 2,2 80 191 233 294 407 412 650 680 687 698 814 843 901 926 935 1028 1057 1077 1152 1210 1380 1405 1431 1480 1715 1825 1873 1917,CC[NH+]=C(C(=O)NC1=CC=C(C=C1)N2CCCCC2)NN3CCCCC3
1499,C [C@] 1 2 C [C@@H] 3 [C@] 4 ( [C@] 5 6 [C@H] 1 C ( = O ) C ( O 5 ) ( [C@@H] 7 C C 8 C 9 ( O 8 ) C C = C C ( = O ) [C@@] 9 ( [C@H] 7 C C [C@] 6 ( C ( = O ) O 4 ) O ) C ) O C [C@H] 2 C ( = O ) O 3 ) C,61 196 228 279 362 366 375 402 412 484 519 529 531 547 555 650 667 679 706 723 750 759 764 926 933 938 940 941 964 1017 1019 1057 1060 1069 1079 1091 1108 1135 1162 1250 1282 1288 1292 1325 1345 1387 1477 1552 1600 1629 1647 1700 1873 1923 1950,C1=CC2=C3C45C1=CC(=O)C4(C(=O)O3)C6CCC7(C6CC5O2)C8CC9C7(C8)CCC1C92CC1C1(C2)CC1C1CC2C1CO2
1500,C C ( C ) ( C ) O C ( = O ) O [C@H] ( C = C ) [C@@H] ( [C@H] 1 C O 1 ) O,1 5 69 231 245 650 656 694 695 812 926 1015 1025 1057 1186 1336 1366 1574 1615 1624 1645 1831 1859 1917 1923,C[Si](C)(C)OC(=O)OC(/C=C/C(C(C=C)OC(=O)OC(C=C)C=C)OC(=O)OC(C=C)C(C=C)OC(=O)OC(C=C)C(C=C)OC(=O)OC(C=C)C=C)C=C
1501,C C 1 = C C ( = O ) N ( C ( = S ) N 1 ) C C O,80 97 205 266 287 314 473 650 802 807 875 935 1057 1141 1145 1380 1722 1745 1801 2047,CC1=CC(=O)N(C(=O)N1)CCO
1502,C O C 1 = C C ( = C C ( = C 1 O C ) O C ) C C C ( = O ) N C 2 = C C 3 = C ( C = C 2 ) O C C ( = O ) N 3,41 80 191 204 314 333 609 656 690 807 841 843 873 901 926 971 993 1027 1035 1057 1090 1114 1243 1380 1382 1536 1575 1646 1721 1754 1816 1892 1905 1917 1970 1982,COC1=CC(=CC(=C1OC)OC)CCC(=O)NC2=CC3=C(C=C2)OCC(=O)N3
1503,C O C 1 = C C ( = C C ( = C 1 ) C ( = O ) N C C ( = O ) N C 2 = C C ( = C ( C = C 2 ) F ) Cl ) O C,41 80 184 191 197 465 561 650 695 698 699 781 843 875 901 1031 1057 1152 1218 1380 1384 1385 1488 1536 1548 1563 1715 1816 1840 1873 1917,COC1=CC(=CC(=C1)C(=O)NCC(=O)NC2=CC(=C(C=C2)F)F)OC
1504,C 1 2 ( C O c 3 c 2 c c ( n c 3 ) O C ) c 2 c c c c c 2 N ( C 1 = O ) C C 1 O C C C C 1,47 80 248 311 314 361 378 427 433 441 454 588 605 650 802 821 841 875 890 926 935 950 997 1019 1028 1057 1060 1088 1104 1167 1224 1249 1295 1369 1380 1391 1427 1452 1460 1535 1536 1647 1750 1823 1873 1905 1980 2020,COC1=NC=C2C(=C1)C3(CO2)C4=CC=CC=C4N(C3=O)CC5CCCCO5
1505,C C C C C O C 1 = C C = C ( C = C 1 ) C ( = O ) N C ( = S ) N C 2 = C C = C C ( = C 2 ) C ( = O ) N C C,13 80 97 110 184 191 197 265 294 322 486 591 650 695 703 718 794 807 875 930 1034 1039 1057 1088 1119 1152 1249 1380 1385 1444 1452 1509 1624 1665 1726 1750 1816 1865 1911 1917 1960 1985,CCCCCOC1=CC=C(C=C1)C(=O)NC(=S)NC2=CC=CC(=C2)C(=O)NCC
1506,C O C 1 = C ( C ( = C ( C = C 1 ) C # N ) O ) O C,202 249 333 361 613 674 790 807 841 1026 1057 1191 1380 1384 1536 1599 1602 1750 1847 1862 1873 1970,COC1=C(C(=C(C=C1)C#N)O)OC
1507,C C [C@H] 1 C C C C N 1 C C ( = O ) N 2 C C C 3 = C ( C 2 ) C 4 = C ( N 3 ) C = C C ( = C 4 ) O C,1 27 48 60 119 294 322 361 475 650 676 695 718 781 841 867 875 890 926 935 1009 1019 1028 1057 1290 1299 1313 1325 1367 1380 1384 1393 1454 1480 1536 1552 1738 1745 1750 1839 1873 1939 1941 1972 1998 2009 2022,CCC1CCCCN1CC(=O)N2CCC3=C(CC2)C4=C(N3)C=CC(=C4)OC
1508,C C 1 = C ( C ( = C ( C ( = C 1 C ) C ) O N ) C ) C,86 252 333 380 695 1162 1171 1380,C1(=C(C(=C(C(=C1ON)C)ON)ON)C)ON
1509,C 1 = C C 2 = C ( C = C N = C 2 C = C 1 C ( = O ) N ) N,90 140 309 378 650 673 787 807 875 1171 1285 1357 1380 1385 1449 1452 1457 1541 1637 1663 1697 1727 1750 1866 1917,C1=CC2=NC=CC(=C2C=C1C(=O)N)N
1510,N C ( = O ) C 1 ( N C ( = O ) C c 2 c c c 3 c c c c c 3 c 2 ) C C 1,80 140 203 261 310 322 325 344 512 598 650 730 807 926 1088 1162 1171 1199 1297 1380 1387 1487 1560 1671 1750 1754 1804 1822 1855 1873 1917,C1CC1(C(=O)N)C(=O)CC2=CC3=CC=CC=C3C=C2
1511,C C 1 = C N = C ( S 1 ) N C ( = O ) C ( C ) N 2 C = C C ( = N 2 ) C ( F ) ( F ) F,114 162 283 378 385 573 586 609 650 675 721 734 772 807 935 1101 1151 1152 1221 1411 1434 1452 1453 1523 1722 1750 1782 1816 1873 1917 1928 1956 2028,C1=CN(N=C1C(F)(F)F)C(=O)NC2=NC=C(S2)C
1512,C [C@H] ( C 1 = C ( C = C C ( = C 1 ) O C ) O C ) N C ( = O ) C O C 2 = C C ( = C C ( = C 2 ) Cl ) Cl,1 41 80 94 117 216 249 283 302 322 561 581 628 688 695 718 781 807 841 875 1057 1152 1235 1261 1380 1500 1536 1627 1683 1747 1750 1843 1873 1917 1970 1972 2004,CC(C1=C(C=CC(=C1)OC)OC)NC(=O)COC2=CC(=CC(=C2)Cl)Cl
1513,C C 1 = C C = C ( C = C 1 ) C 2 = N N = C ( O 2 ) S C ( C ) C # N,1 66 192 235 246 283 378 656 674 790 896 1047 1164 1369 1384 1411 1507 1604 1722 1750 1823 1873 1920 1963,C1=CC=C(C=C1)C2=NN=C(O2)C3=NN=C(O3)C(C)C#N
1514,C C C N 1 C ( = O ) C 2 = C ( C = C ( C = C 2 ) Cl ) N = C 1 S C C ( = O ) C 3 = C C = C C = C 3,80 107 165 216 314 378 384 389 455 504 747 794 802 807 894 935 1057 1088 1097 1106 1145 1199 1357 1380 1385 1506 1540 1618 1624 1683 1693 1696 1733 1750 1873 1917 1959 1985,CN1C(=O)C2=C(C=C(C=C2)Cl)N=C1SCC(=O)C3=CC=CC=C3
1515,C C ( = O ) C 1 = C C = C ( C = C 1 ) N C C ( = O ) N C 2 = C C = C ( C = C 2 ) S ( = O ) ( = O ) C,41 62 350 482 617 650 652 692 698 715 807 901 1017 1057 1077 1152 1188 1276 1380 1385 1416 1440 1667 1697 1816 1820 1873,CC(=O)C1=CC=C(C=C1)NC(=O)CNC2=CC=C(C=C2)S(=O)(=O)C
1516,C C ( C ) C S C ( C ) ( C ) N C,1 80 116 283 674 688 845 880 1057 1148 1421 1430 1666 1847 1853,CC(C)CSC#CSC#CSC#CSCC(C)C
1517,C = C 1 [C@H] 2 C [C@@H] ( C 1 = C ) [C@H] ( C 2 ) O,35 431 455 769 807 844 849 926 1292 1366 1380 1426 1496 1503 1737 2000,C=C1C2CC3CC(C2)C(=C)C(=C(O)O)C4CC5CC(C4)C(=C)C5=C
1518,C C 1 ( C C ( = O ) C ( C ( = C 1 ) C 2 = C C = C ( C = C 2 ) O C ) ( C ) C C 3 = C C = C C = C 3 ) C,70 80 314 322 389 392 644 650 655 695 718 780 781 831 841 940 987 1057 1060 1088 1141 1160 1199 1274 1290 1380 1734 1750 1754 1855 1873 1888 1937 2000 2030,CC1(CC(=O)C(C(=C1)C2=CC=C(C=C2)OC)(C)CC3=CC=CC=C3)C
1519,C [C@H] ( C C 1 = C C = C C = C 1 F ) N 2 C C O C 3 = C ( C 2 ) C = C ( C = C 3 O C ) C 4 = C ( C ( = C C = C 4 ) O C ) O C,1 80 166 249 283 333 352 441 495 613 699 841 845 847 861 875 876 935 950 984 1032 1039 1057 1068 1088 1099 1129 1160 1170 1181 1192 1199 1236 1265 1294 1349 1362 1380 1399 1410 1480 1488 1536 1597 1599 1750 1840 1873 1928 1970,CC(CC1=CC=CC=C1F)N2CCOC3=C(C=C(C=C3OC)C4=C(C(=CC=C4)OC)OC)CC2
1520,C 1 [C@H] ( O [C@H] ( O [C@H] 1 C 2 = C C = C ( C = C 2 ) C O ) C 3 = C C = C ( C = C 3 ) C N C ( = O ) C C C C C C C ( = O ) O ) C S C 4 = N N = N N 4 C 5 = C C = C C = C 5,41 67 80 116 186 197 222 255 257 268 310 333 341 378 389 466 490 647 650 747 807 837 848 926 935 1019 1027 1073 1088 1110 1143 1152 1199 1279 1287 1292 1338 1391 1440 1534 1564 1573 1589 1718 1737 1750 1754 1783 1803 1825 1852 1873 1911 1921 1926 2035,C1[C@H](O[C@H](O[C@H]1C2=CC=C(C=C2)CO)C3=CC=C(C=C3)CNC(=O)CCCC(=O)O)CSC4=NN=NN4C5=CC=CC=C5
1521,C N 1 C 2 = C ( C C C 3 = C 2 C = C S 3 ) C ( = N 1 ) C ( = O ) N C C C 4 = C C = C C = C 4,8 14 42 289 323 352 361 378 389 486 554 650 667 675 777 828 1017 1045 1057 1066 1088 1105 1145 1152 1199 1377 1380 1456 1495 1507 1567 1574 1738 1754 1763 1956 1992,CN1C2=C(CCC3=C2C=CS3)C(=N1)C(=O)NCCC4=CC=CC=C4
1522,C C N ( C C ) C C O C 1 = C ( C = C C ( = C 1 ) C ) Cl,13 80 251 294 366 561 620 666 695 875 881 932 1013 1057 1110 1380 1452 1518 1683 1750 1815 1823 1873 1951 1970,CCN(CC)CCOC1=C(C=CC(=C1)C)Cl
1523,C O C 1 = C C = C ( C = C 1 ) S ( = O ) ( = O ) N 2 C C C C ( C 2 ) C ( = O ) N C 3 = C C = C ( C = C 3 ) S ( = O ) ( = O ) N C 4 = N C = C C = N 4,80 191 263 319 322 374 378 446 448 502 539 585 650 695 715 718 739 757 781 785 800 807 831 843 883 926 935 974 1019 1057 1077 1088 1152 1270 1325 1380 1476 1480 1536 1582 1749 1750 1816 1819 1866 1873 2025,COC1=CC=C(C=C1)S(=O)(=O)N2CCC(C2)C(=O)NC3=CC=C(C=C3)S(=O)(=O)NC4=NC=CC=N4
1524,C [C@H] 1 C C 2 = C C = C C = C 2 N 1 C ( = O ) [C@H] ( C ) S C 3 = N C 4 = C ( C 5 = C ( S 4 ) C C C 5 ) C ( = O ) N 3 C [C@@H] 6 C C C O 6,1 37 42 80 108 112 116 132 162 220 231 248 314 320 361 378 427 504 511 567 650 656 666 678 734 747 802 807 821 908 926 935 950 997 1019 1028 1088 1139 1162 1199 1236 1295 1309 1325 1391 1393 1430 1448 1498 1507 1647 1679 1715 1738 1750 1756 1817 1855 1873,C1CC2=CC=CC=C2N1C(=O)C(C(=O)N3C(CC4=CC=CC=C43)C)SC5=NC6=C(CCC7CCCO7)C(=O)N5CC8CCCO8
1525,C 1 = C C = C 2 C ( = C 1 ) C ( = C N 2 ) C C N C C C ( C N C ( = O ) N C 3 = C C ( = C C ( = C 3 ) C ( F ) ( F ) F ) C ( F ) ( F ) F ) C 4 = C C ( = C C = C 4 ) Cl,1 84 114 119 165 191 216 312 328 364 476 592 606 650 667 739 806 807 875 903 1004 1039 1088 1114 1152 1158 1169 1199 1260 1349 1365 1380 1417 1453 1573 1607 1661 1737 1750 1759 1783 1816 1879 1917 1928 1937 1989 1990 2008,C1=CC=C2C(=C1)C(=CN2)CCNCC(C3=CC(=CC=C3)Cl)C(=O)NC4=CC(=CC(=C4)C(F)(F)F)C(F)(F)F
1526,C C 1 = N N ( C = C 1 ) C C ( = O ) N C [C@@H] 2 C C 3 = C ( O 2 ) C ( = C C ( = C 3 ) C 4 = C C = C ( S 4 ) C ( = O ) C ) Cl,41 51 62 80 162 197 231 239 320 378 407 419 533 561 587 622 649 650 675 747 807 875 926 935 941 971 1017 1019 1046 1057 1101 1152 1160 1184 1259 1294 1312 1369 1380 1391 1397 1643 1683 1690 1722 1750 1820 1848 1853 1917 1994 2037,CC1=C2CC3C(C2C=C1)CC4C3CC4CNC(=O)CN5C=CC(=N5)C(=O)C
1527,C C 1 = C C = C ( C = C 1 ) C ( = O ) N / C ( = C \ C 2 = C C ( = C C = C 2 ) [N+] ( = O ) [O-] ) / C ( = O ) N C [C@@H] 3 C C C O 3,197 239 248 271 361 486 650 656 694 715 802 807 821 838 875 926 1019 1039 1057 1118 1119 1152 1195 1210 1325 1353 1380 1385 1391 1468 1477 1523 1623 1665 1695 1697 1722 1746 1823 1873 1917 1920 1940 1963 2033,CC1=CC=C(C=C1)C(=O)N/C(=C\C2=CC(=CC=C2)[N+](=O)[O-])/C(=O)NCC3CCCO3
1528,C C 1 = C C = C ( C = C 1 ) S ( = O ) ( = O ) O / C = C / C 2 = C ( N 3 C ( C ( C 3 = O ) N C ( = O ) C C 4 = C C = C S 4 ) S C 2 ) C ( = O ) O C ( C 5 = C C = C C = C 5 ) C 6 = C C = C C = C 6,1 5 14 28 41 69 145 186 196 210 233 235 241 314 325 350 383 387 389 430 470 627 650 656 675 698 715 753 807 835 859 908 911 926 935 1019 1057 1063 1088 1104 1160 1199 1256 1261 1279 1365 1476 1508 1567 1573 1581 1609 1722 1725 1750 1823 1873 1917 1922 1932 1974,CC1=CC=C(C=C1)S(=O)(=O)C2=C(N3[C@@H]([C@@H](C3=O)NC(=O)CC4=CC=CS4)S(=O)(=O)C2)C(=O)OC(C5=CC=CC=C5)C6=CC=CC=C6
1529,C C C C 1 = C ( N 2 [C@H] ( C O 1 ) [C@@H] ( C 2 = O ) N C ( = O ) [C@@H] ( C 3 = C C = C ( C = C 3 ) O ) N ) C ( = O ) O,1 5 80 172 233 251 294 387 389 441 445 456 470 573 650 656 745 786 807 926 936 1019 1057 1152 1225 1243 1298 1313 1365 1380 1508 1602 1609 1726 1733 1750 1778 1873 1917 1923 2015,CCN[P+](C1=C(OCC1NC(=O)C(C2COC(=C2C(=O)O)C(=O)O)C(=O)NC3COC(=C3C(=O)O)C(=O)O)C(=O)O)(O)O
1530,C N 1 C C C 2 = C C ( = C ( C = C 2 [C@@H] ( C 1 ) C 3 = C C = C C = C 3 ) O C ( = O ) C 4 = C C = C ( C = C 4 ) [N+] ( = O ) [O-] ) Cl,29 145 171 207 208 212 366 389 561 606 650 654 695 715 739 753 769 807 814 826 838 875 926 935 1019 1057 1090 1110 1145 1195 1236 1274 1279 1380 1385 1416 1480 1697 1713 1729 1738 1814 1873 1888 1963 1970,CN1CCC2=CC(=C(C=C2C(C1)C3=CC(=C(C=C3)OC(=O)C4=CC=C(C=C4)[N+](=O)[O-])Cl)OC(=O)C5=CC=C(C=C5)[N+](=O)[O-])Cl
1531,C 1 C C C 2 ( C C 1 ) C C 3 = C C = C C = C 3 C 4 = C 2 C ( = O ) N ( C ( = N 4 ) S C C ( = O ) N C 5 = C C = C ( C = C 5 ) Cl ) C C 6 = C C = C C = C 6,41 74 80 116 153 191 216 242 314 335 352 371 378 384 389 504 561 747 802 807 843 926 935 940 984 1028 1039 1060 1070 1077 1088 1152 1159 1199 1380 1455 1549 1638 1655 1683 1750 1754 1765 1816 1860 1873 1917 1935 1959 1981 2040,C1CCC2(C1)CC3=C2C(=O)N(C(=N3)SCC(=O)NC4=CC=C(C=C4)Cl)CC5=CC=CC=C5
1532,C 1 C C O N ( C 1 ) C ( = O ) C Cl,80 470 591 614 656 667 768 807 918 935 950 1028 1109 1186 1249 1378 1480 1683 1875 1917 1998,C1CCON(C1)C(=O)C(=O)CCl
1533,C O C ( = O ) C [NH+] = C C 1 = C N N C 1 = O,80 185 195 314 326 355 474 475 594 650 658 695 750 807 841 961 1055 1057 1114 1152 1175 1363 1380 1386 1476 1873 1879 2004,COC(=O)C[NH+]=C1C(=O)NNC1=O
1534,C C 1 = N C 2 = C ( C = C C ( = C 2 C = N 1 ) N C C ( C C 3 C C S C 4 = C C = C C = C 3 4 ) ( C ( F ) ( F ) F ) O ) F,4 59 114 157 214 216 234 358 378 397 560 613 663 675 699 746 762 807 840 926 935 949 1009 1019 1027 1057 1088 1126 1152 1199 1360 1380 1416 1452 1453 1535 1611 1722 1724 1729 1750 1840 1855 1856 1873 1911 1928 1971,CC1=NC=C2C(CSC2=N1)C(C(F)(F)F)(C(F)(F)F)N3CSC4=CC=CC=C43
1535,C O C 1 = C C = C C = C 1 N C ( = O ) C S C 2 = N N = C ( S 2 ) N 3 C 4 = C ( C ( C ( = C 3 N ) C # N ) C 5 = C C = C ( C = C 5 ) F ) C ( = O ) C C C 4,41 80 90 116 162 239 249 314 341 650 675 699 724 751 790 807 841 892 926 935 999 1007 1019 1028 1057 1080 1088 1136 1152 1171 1199 1279 1341 1344 1354 1384 1387 1410 1414 1455 1457 1493 1506 1582 1601 1670 1686 1696 1738 1750 1755 1803 1816 1873 1894 1917 1928 1948 1959 1970 2030,COC1=CC=CC=C1NC(=O)CSC2=NN3C(=C(C(C4=C3CCCC4=O)C5=CC=C(C=C5)F)C#N)S2
1536,C C ( C ) C 1 = C C ( = C ( C = C 1 ) O C ) S ( = O ) ( = O ) N C C 2 = C N = C C = C 2,1 29 80 249 255 350 378 392 437 502 558 645 650 695 841 875 1043 1057 1066 1088 1152 1365 1380 1535 1586 1603 1626 1666 1750 1804 1815 1853 1866 1873 1930 1953 1970,COC1=C(C=C(C=C1)C(NCC2=CN=CC=C2)NCC3=CN=CC=C3)S(=O)(=O)NCC4=CN=CC=C4
1537,C C ( C ) ( C ) N C ( = O ) C N C ( = O ) C 1 = C C 2 = C ( S 1 ) C = C C ( = C 2 ) F,41 63 80 114 162 197 354 392 419 486 556 603 650 699 767 875 885 1057 1152 1181 1214 1242 1274 1339 1410 1440 1487 1548 1559 1670 1682 1715 1750 1855 1873 1917 1928,CC(C)(C)NC(=O)CNC(=O)C1=CC2=C(S1)C=CC(=C2)F
1538,C C 1 = C C ( = C C ( = C 1 O ) C ( = O ) O C ) C # C,23 145 420 650 674 807 841 875 974 1057 1152 1173 1281 1380 1391 1602 1722 1873 1917,CC1=CC(=C(C=C1C)C)C#CC(=O)OC
1539,C C ( C ) ( C ) O C ( = O ) N ( [C@@H] ( C C 1 = C C = C C = C 1 ) C ( = O ) N C C 2 C C ( = N O 2 ) Br ) C ( = O ) C N,1 27 35 79 80 114 160 231 239 334 378 389 392 408 552 573 576 650 656 695 807 814 857 881 915 926 981 1019 1057 1088 1152 1171 1238 1286 1346 1372 1391 1574 1750 1754 1859 1861 1873 1917,CC(C)(C)OC(=O)[C@H](CC1=CC=C(C=C1)C[C@@H](C(=O)NOC(C)(C)C)N(C(=O)CN)C(=O)CN)N(C(=O)CN)C(=O)CN
1540,C [C@@] 1 2 [C@@H] ( [C@] 1 ( C ( = O ) O C ) Br ) C ( = O ) N ( C 2 = O ) C 3 = C C ( = C ( C = C 3 ) Cl ) Cl,5 10 19 233 255 421 559 561 593 650 666 712 723 728 807 833 841 875 899 935 1019 1055 1057 1060 1126 1152 1242 1274 1380 1497 1554 1683 1686 1699 1750 1825 1873,C[C@@]1([C@H]2[C@@]1(C(=O)N(C2=O)C3=CC(=C(C=C3)Cl)Cl)Br)C(=O)OC
1541,C C 1 = C C = C ( C = C 1 ) C C N C ( = O ) C 2 = C O C ( = N 2 ) C N C,8 80 197 230 235 255 310 378 384 486 580 588 650 765 807 828 851 855 917 1057 1243 1380 1430 1507 1617 1722 1750 1855 1873 1917 1920 1995,CC1=CC=C(C=C1)CC[Si](C)(C)C2=C(N=C(C=C2)C)CC3=C(N=C(N3)C)C
1542,C C ( C ) C ( C ( = O ) O C ) N S ( = O ) ( = O ) C 1 = C ( C ( = C ( C = C 1 ) F ) F ) F,1 54 136 145 147 216 283 350 392 502 507 621 640 650 695 699 807 841 855 1057 1152 1175 1256 1380 1445 1476 1750 1773 1840 1917 1928,CC(C)C(C(=O)OC)S(=O)(=O)C1=C(C(=C(C=C1)F)F)F
1543,C 1 C N ( C C N 1 C C 2 = C C ( = C 3 N 2 N = C N = C 3 N ) C 4 = C C = C ( C = C 4 ) N C ( = O ) N C 5 = C C = C C ( = N 5 ) C ( F ) ( F ) F ) C C ( F ) ( F ) F,56 74 80 114 187 191 213 222 249 315 352 378 405 412 449 489 575 650 710 784 809 843 875 895 896 926 935 937 946 1014 1039 1054 1077 1088 1099 1152 1160 1171 1415 1452 1453 1459 1480 1749 1750 1765 1791 1811 1816 1846 1855 1873 1917 1929 1974 1989 1990,C1CN(CCN1CC2=CC(=C(N2N)N)C3=CC=C(C=C3)NC(=O)NC4=NC(=CC=C4)NC(=O)NC5=CC=C(C=C5)C6=C(N=CN=C6N)N)CC(F)(F)F
1544,C C 1 ( O C [C@@H] 2 [C@@H] ( O 1 ) [C@H] 3 [C@@H] ( [C@@H] ( O 2 ) F ) O C ( O 3 ) ( C ) C ) C,32 221 340 402 417 446 471 656 990 1019 1043 1057 1060 1070 1120 1217 1274 1300 1509 1793 1819 1921 1923 1928,CC1(OC[C@@H]2[C@@H](O1)[C@@H]3[C@H]([C@@H](O2)F)OC(O3)(C)C)C
1545,B 1 ( C [C@@H] 2 [C@H] 3 [C@@H] ( C C ( = C 2 [C@H] ( O 1 ) C C / C ( = C / C 4 = C C ( = C ( C ( = C 4 ) C ) O ) C ) / C C C ) C ( C ) C ) C ( = O ) N ( C 3 = O ) C 5 C C C C C 5 ) O,1 2 5 80 231 283 294 314 400 455 557 564 598 650 656 682 685 694 758 794 807 825 832 875 890 926 1028 1041 1043 1057 1076 1100 1142 1165 1325 1332 1340 1347 1357 1391 1424 1457 1500 1564 1574 1611 1647 1669 1714 1746 1910 1914 1993 2003 2033 2045,B1(C[C@@H]2[C@H]3[C@@H](CC(=C2[C@H](O1)CC/C(=C/C4=CC5=C(C=C4)OB(O5)O)/CCC)C(C)C)C(=O)N(C3=O)C6CCCCC6)O
1546,C 1 C C 1 2 C C 2 C 3 = C C = C C = C 3 Cl,241 366 371 527 561 926 974 1027 1055 1088 1162 1199 1253 1380 1683 1770 1873 2040,C1CC12C3=CC=CC=C3[P+](C4=CC=CC=C42)(C5=CC=CC=C5Cl)C6=CC=CC=C6Cl
1547,C C C C C C C C O C 1 = C C = C ( C = C 1 ) C ( = O ) C C ( = O ) C 2 = C C = C ( C = C 2 ) O C C C C C C C C,102 294 322 591 650 695 718 794 807 1057 1143 1152 1249 1380 1385 1444 1618 1634 1693 1697 1750 1873 1911 1917,CCCCCCCCCCCCCCCCCCOC1=CC=C(C=C1)C(=O)CC(=O)C2=CC=C(C=C2)OCCCCCCCCCCCCCCCCCC
1548,C C C ( = O ) N C C C S C 1 = C C = C ( C = C 1 ) Br,13 41 116 197 294 379 597 650 667 898 909 1057 1152 1157 1182 1227 1255 1380 1531 1626 1631 1649 1750 1873 1876 1911,CCC(=C(CC)CC)NCCCSC1=CC=C(C=C1)Br
1549,C C O C ( = O ) C ( C ( F ) ( F ) F ) ( N C 1 = C C = C C = C 1 C ( F ) ( F ) F ) N C ( = O ) C Cl,41 59 70 80 114 125 147 294 419 555 584 650 695 701 703 807 915 1057 1088 1109 1199 1224 1238 1453 1597 1683 1696 1720 1722 1881 1928,CCOC(=O)C(C1=CC=CC=C1NC(C(=O)OCCl)(C(F)(F)F)C(F)(F)F)(C(F)(F)F)F
1550,C 1 = C C ( = C C ( = C 1 ) Br ) O C C N C ( = O ) N C C 2 = C C = C O 2,80 255 322 425 490 501 562 650 667 728 763 766 787 807 909 977 1039 1060 1088 1152 1167 1233 1452 1466 1501 1518 1631 1750 1790 1873 1917 1926 1934 1989,C1=CC(=CC(=C1)Br)OCCNC(=O)NCC2=CC=CO2
1551,C C [C@H] ( C 1 = N N = N N 1 C C 2 = C C = C ( C = C 2 ) O C ) N ( C C 3 = C C 4 = C ( C = C 3 ) O C O 4 ) C C 5 = C C 6 = C ( C = C ( C = C 6 N C 5 = O ) C ) C,1 14 119 158 186 204 257 294 298 310 314 322 378 507 585 650 656 681 695 718 738 811 831 841 881 926 935 944 1035 1057 1063 1066 1114 1120 1179 1357 1359 1380 1391 1514 1536 1544 1647 1683 1690 1722 1745 1750 1754 1765 1783 1799 1854 1873 1895 1905 1963 1991,CC[C@H](C1=NN=NN1CC2=CC=C(C=C2)OC)N(CC3=CC4=C(C=C3)OC(=O)N4)C56C[NH+]7C[NH+](C5)COC7=O
1552,C 1 = C C ( = C C ( = C 1 ) [N+] ( = O ) [O-] ) / C = C \ 2 / C ( = O ) N ( C ( = O ) S 2 ) C C 3 = C C = C ( C = C 3 ) C ( = O ) N C 4 = C C = C C ( = C 4 ) C ( F ) ( F ) F,80 114 184 273 314 475 486 588 618 650 694 703 715 807 838 863 875 879 935 947 990 1003 1027 1039 1088 1152 1167 1260 1274 1353 1380 1382 1385 1453 1469 1665 1683 1691 1697 1750 1754 1795 1816 1917 1928 1940 2017 2044,C1=CC(=CC(=C1)NC(=O)C2=CC=C(C=C2)C(=O)NC3=CC=CC(=C3)C(F)(F)F)/C=C\4/C(=O)N(C(=O)S4)CC(F)(F)F
1553,C O C 1 = C C ( = C C ( = C 1 O C ) O C ) / C = C / C ( = O ) C 2 = C ( C = C C ( = C 2 ) O C 3 C C C C O 3 ) O C 4 C C C C O 4,31 114 282 329 333 445 524 595 623 650 694 695 802 875 890 925 926 930 950 1019 1028 1057 1249 1325 1380 1420 1476 1509 1536 1599 1667 1750 1817 1828 1854 1873 1892 1917 1991 2033,C1CCOC(C1)OC2=C(C=C(C=C2C(=O)/C=C/C(=O)C3=CC(=C(C(=C3)OC)OC)OC)/C=C/C(=O)C4=CC(=C(C(=C4)OC)OC)OC)OC5CCCCO5
1554,C C C N 1 C ( = C ( C = N 1 ) C ) N C ( = O ) C N 2 C = C ( C = N 2 ) C 3 = C 4 C = C S C 4 = N C = N 3,41 43 80 107 158 294 299 323 378 402 464 528 554 650 675 747 794 820 941 963 1018 1057 1081 1109 1160 1221 1256 1284 1312 1380 1382 1391 1452 1567 1722 1750 1816 1875 1876 1894 1896 1897 1917,CCCN1C(=C(C=N1)C)NC(=O)CN2C=C(C=N2)C3=NN=CS3
1555,C C O C ( = O ) C 1 = C ( N C ( = C ( C 1 C 2 = C C = C C = C 2 / C = C / C ( = O ) O C ( C ) ( C ) C ) C ( = O ) O C C ) C N ) C,31 43 80 114 145 231 371 441 472 520 650 694 695 759 783 807 835 981 1005 1019 1027 1057 1060 1073 1088 1106 1114 1171 1199 1238 1267 1321 1345 1380 1452 1464 1651 1722 1748 1750 1769 1859,CC1=C(C(C(=C(N1)CN)C(=O)OCC)C2=CC=CC=C2/C=C/C(=O)OC(C)(C)C)C(=O)OCC
1556,C C C C ( C ) N ( C C = C ) C ( = O ) C 1 C 2 3 C C [C@] ( O 2 ) ( [C@H] ( [C@H] 3 C ( = O ) N 1 [C@H] ( C C ( C ) C ) C O ) C ( = O ) N ( C C = C ) C 4 = C C = C ( C = C 4 ) O C C ) C C,1 5 69 80 139 151 212 222 237 283 293 294 314 400 408 424 430 593 650 680 695 708 718 739 741 759 783 788 794 818 823 881 926 935 940 960 976 1058 1060 1089 1162 1181 1182 1318 1348 1351 1366 1602 1645 1730 1764 1824 1847 1861 1873,CCCC(C)N(CC=C)C(=O)C1C23CC[C@](O2)([C@H]([C@H]3C(=O)N1[C@H](CC(C)C)CC(C)C)C(=O)N(CC=C)C(C)CCC)CC
1557,C C 1 = C C = C ( C = C 1 ) O C C N C ( = O ) C C N 2 C ( = C ) C 3 = C C = C C = C 3 C 2 = O,35 41 80 102 197 235 314 322 336 352 490 588 597 642 650 667 695 807 819 879 935 984 1034 1075 1088 1152 1199 1366 1380 1452 1589 1722 1750 1790 1823 1873 1917 1978,C=C1C2=CC=CC=C2C(=O)N1CC(=O)NCCN3C(=C)C4=CC=CC=C4C3=O
1558,C C 1 = C ( C = C O 1 ) C ( = O ) N C 2 = N C ( = C S 2 ) C C ( = O ) N 3 C C C ( C C 3 ) ( C 4 = C C = C C = C 4 ) C ( = O ) O C,23 105 136 166 254 325 378 385 486 552 624 656 675 695 724 734 745 772 787 807 833 835 847 926 935 1009 1057 1088 1126 1152 1162 1199 1214 1219 1233 1343 1380 1387 1480 1560 1567 1682 1722 1855 1917 1991 2009,CC1=C(C=CO1)C(=O)NC2=NC(=CS2)CC(=O)N3CCC(CC3)(C(=O)OCC4=C(OC=C4)C)C(=O)OCC5=CSC(=N5)NC(=O)C6=C(OC=C6)C
1559,C 1 = C C ( = C ( C = C 1 O ) C 2 = C N C 3 = C 2 C = C ( C = C 3 ) Br ) O,38 119 381 678 728 745 766 806 807 875 909 1114 1157 1313 1343 1357 1380 1463 1475 1510 1602 1631 1730 1769 1937 1939,C1=CC2=C(C=C1O)C(=CN2)C3=C(C=CC(=C3)Br)O
1560,C C 1 = C C ( = C C = C 1 ) N C ( = O ) C 2 = C C = C C = C 2 N C ( = O ) / C = C / C 3 = C C ( = C ( C = C 3 ) O C ( F ) F ) O C,1 25 31 94 184 249 327 664 694 695 703 723 733 745 807 835 841 847 875 949 1013 1015 1039 1050 1055 1057 1088 1152 1181 1224 1245 1380 1443 1447 1456 1536 1696 1722 1750 1752 1816 1823 1828 1873 1917 1970 1978 2041,CC1=CC(=CC=C1)NC(=O)C2=CC=CC=C2NC(=O)/C=C/C3=CC(=C(C=C3)OC(F)F)OC
1561,C C 1 = C C ( = O ) C 2 = C ( C 3 = C ( C = C 2 O 1 ) O C ( [C@H] ( C 3 ) O ) ( C ) C ) O,202 231 240 308 314 361 391 518 552 650 701 760 807 875 926 1019 1055 1057 1257 1274 1282 1380 1424 1528 1577 1585 1602 1604 1636 1722 1808 1873 1905 1944,CC1=C(C(=O)C=C2C(=C1)CC(C3=C(C(=O)C=C(O3)O)O)O)O
1562,C C 1 = C C ( = C ( C = C 1 ) C 2 = C C = C ( S 2 ) [N+] ( = O ) [O-] ) C,62 138 164 204 235 352 561 650 675 680 715 753 838 875 876 957 1013 1026 1031 1057 1195 1391 1516 1722 1750 1823 1963 1994,CC1=CC(=C(C=C1)C2=C(C=C(C(=C2)C3=CC=C(S3)[N+](=O)[O-])C4=C(C=C(C=C4)C)C)C5=CC=C(S5)[N+](=O)[O-])C
1563,n 1 c ( n c ( n c 1 N / N = C / c 1 o c ( c c 1 ) c 1 c c c ( c ( c 1 ) [N+] ( = O ) [O-] ) Cl ) O C ) N 1 C C O C C 1,121 135 250 270 308 354 364 366 378 407 523 561 656 666 694 695 715 725 753 838 841 926 935 1014 1048 1057 1122 1152 1256 1380 1405 1415 1441 1536 1582 1604 1616 1636 1668 1683 1750 1779 1818 1826 1873 1891 1896 1915 1919 1937 1963 2012,COC1=NC(=NC(=N1)N2CCOCC2)N/N=C/[N+](=O)[O-]
1564,C C ( C N C C Cl ) Cl,80 283 606 667 914 1004 1109 1152 1224 1456 1683 1792 1828 1879,C(CCl)NCC(CNCCCl)Cl
1565,C 1 = C C = C ( C = C 1 ) / C = C \ C O C ( = O ) C 2 = C C = C ( C = C 2 ) C ( = O ) O C / C = C \ C 3 = C C = C C = C 3,80 145 147 389 606 650 695 807 1088 1089 1191 1199 1353 1356 1380 1750 1822 1917 1955 2033,C1=CC=C(C=C1)/C=C/COC(=O)C2=C(C(=O)OC/C=C/C3=CC=CC=C3)C(=O)OC/C=C/C4=CC=CC=C4
1566,C 1 = C C = C ( C = C 1 ) C 2 = C C 3 = C ( C = C 2 ) N = C N 3,119 378 564 713 736 785 806 896 1097 1114 1199 1375 1380 1452 1750 1873 1964,C1=CC(=CC=C1C2=CC3=C(C=C2)N=CN3)C4=CC5=C(C=C4)N=CN5
1567,C N C C O C 1 = C C = C C 2 = C 1 C = C N 2 S ( = O ) ( = O ) C 3 = C C = C C = C 3 S ( = O ) ( = O ) C,13 16 45 80 102 255 392 490 650 667 692 695 778 800 908 935 992 1039 1088 1101 1152 1276 1285 1303 1357 1380 1398 1410 1430 1452 1476 1518 1528 1750 1854 1873 1906 1945 1970 1995,C1=CC2=C(C=CN2S(=O)(=O)C3=CC=CC4=C3C=CN4NC)C(=C1)OCCNC
1568,C 1 = C S C ( = C 1 ) C C N C ( = O ) / C = C / C 2 = C C = C S 2,14 31 119 141 196 197 206 241 327 391 401 507 595 656 675 694 747 828 835 1152 1181 1380 1567 1750 1873,C1=CSC(=C1)/C=C/C(=O)NC/C=C/C2=CC=CS2
1569,C C 1 = C C = C ( C = C 1 ) / C ( = C \ 2 / C ( N ( C ( = O ) C 2 = O ) C 3 = C C = C C ( = C 3 ) C ( = O ) O ) C 4 = C C = C ( C = C 4 ) [N+] ( = O ) [O-] ) / O,57 235 314 389 395 456 590 650 715 753 769 838 875 879 935 982 1003 1019 1027 1039 1057 1088 1138 1195 1249 1250 1274 1285 1380 1385 1420 1561 1634 1697 1722 1750 1803 1809 1814 1823 1825 1917 1920 1922 1963 1985,CC1=CC=C(C=C1)C2/C(=C(/C3=CC=C(C=C3)[N+](=O)[O-])\O)/C(=O)C(=O)N2C4=CC=CC(=C4)C(=O)O
1570,C 1 C C C ( C C 1 ) C 2 = N N = C ( O 2 ) S C N 3 C ( = O ) C 4 = C C = C C = C 4 C 3 = O,80 116 207 314 316 352 378 467 583 588 642 656 807 879 890 891 926 935 949 979 984 1028 1088 1102 1164 1199 1325 1380 1604 1750 1884 1920 1943 2000,C1CCC(C1)C2=NN=C(O2)SCN3C(=O)C4=CC=CC=C4C3=O
1571,C C C O C 1 = C ( C = C ( C = C 1 ) Br ) C ( = O ) N C ( = S ) N C 2 = C C = C ( C = C 2 ) C ( = O ) N 3 C C C C C 3,2 13 76 80 94 97 110 185 191 369 486 497 650 695 728 766 794 843 870 909 926 935 1028 1057 1077 1119 1152 1380 1385 1436 1452 1480 1504 1511 1518 1631 1697 1750 1762 1808 1865 1960 1970 1998 2009,CCCOC1=C(C=C(C=C1)Br)C(=O)NC(=S)NC2=CC=C(C=C2)C(=O)N3CCCCC3
1572,C 1 C C C ( = O ) N ( C C 1 ) C C ( = O ) N N C ( = O ) C C S C 2 = C C = C ( C = C 2 ) Cl,2 13 41 46 80 191 216 236 281 314 341 454 561 650 745 796 798 807 811 816 926 935 1028 1070 1089 1123 1152 1168 1182 1227 1255 1312 1380 1480 1564 1683 1873 1917 1998 2043,C1CCC(=O)N(CC1)CC(=O)NNC(=O)CCSC2=CC=C(C=C2)Cl
1573,Cl c 1 c ( N C ( = O ) C C ( = O ) n 2 n c ( c ( / N = N / c 3 c ( O C ) c c c c 3 ) c 2 c 2 c c c c c 2 ) c 2 c c c c c 2 ) c c c c 1,18 41 80 84 172 197 249 272 289 323 332 351 366 618 650 695 725 807 935 937 1009 1057 1160 1266 1356 1380 1410 1536 1652 1665 1696 1750 1873 1917 1926 1948 1970 2023,COC1=CC=C(C=C1N=NCC(=O)N2C(=C3C(=CC(=C3C2=O)OC)OC)C4=CC=C(C=C4)N=NOC)OC
1574,c 1 ( o n c ( c 1 ) C C ) [C@H] 1 N ( C C C 1 ) C,231 248 294 330 446 486 604 656 875 917 935 1000 1019 1028 1057 1294 1312 1380 1392 1480 1542 1739 1799 1873 1953,CCC1=NOC(=C1)C2CCCN2C
1575,C C 1 = C ( C ( = C C = C 1 ) O [C@@H] ( C ) C ( = O ) N N C ( = O ) C 2 = C C ( = C N 2 ) C ( = O ) C ) C,1 143 252 283 440 573 617 650 664 695 733 745 806 875 887 931 942 1017 1039 1057 1088 1118 1152 1263 1269 1380 1385 1391 1410 1415 1614 1673 1722 1750 1820 1917 1970 1999 2027,CC1=C(C(=CC=C1)OC(C)C(=O)NNC(=O)C(C)OC2=CC(=CC(=C2C)C)C(=O)C)C
1576,C C ( C ) C C 1 = C ( O C ( = O ) N 1 C C C N 2 C C C C C 2 ) C 3 = C C = C C = C 3,2 79 80 85 283 314 650 653 656 736 802 854 926 935 1028 1057 1088 1145 1199 1201 1204 1301 1328 1380 1422 1480 1482 1570 1604 1610 1750 1847 1873 1911 1998 2028,[B-](CCCN1C(=C(OC1=O)C2=CC=CC=C2)CC(C)C)(C3=CC=CC=C3)(C4=CC=CC=C4)C5=CC=CC=C5
1577,C C 1 = C C ( = C ( C = C 1 ) N 2 C ( = N N = N 2 ) S [C@H] ( C ) C ( = O ) N C 3 = N O C ( = C 3 ) C ) C,1 112 116 186 196 204 235 242 248 257 378 573 647 650 656 747 807 935 1013 1057 1099 1113 1162 1164 1173 1295 1391 1542 1721 1722 1742 1750 1783 1816 1823 1843 1852 1873 1881 1917,CC1=CC(=C(C=C1)N2C(=NN=N2)SC(C(=O)NC3=NOC(=C3)C)C(=O)NC4=NOC(=C4)C)C
1578,C O C C ( = O ) N C 1 = C C ( = C ( C = C 1 Cl ) Cl ) O C [C@H] 2 C C [C@H] ( N 2 ) C ( = O ) N 3 C C C [C@H] 3 C # N,41 167 193 242 299 335 362 366 383 392 446 454 472 555 561 614 650 674 695 807 819 841 875 888 926 1005 1028 1057 1107 1110 1114 1133 1152 1161 1172 1224 1325 1362 1380 1384 1535 1677 1694 1733 1815 1873 1912 1917 1948 1970 1979 2004 2017,COCC(=O)NC1=CC(=C(C=C1Cl)Cl)ONC(=O)C2CCC(N2)C(=O)N3CCC[C@H]3C#N
1579,c 1 c ( c ( c c ( c 1 O C ) C C N C c 1 n c c c c 1 ) O C ) Br,52 58 80 172 249 255 352 378 448 667 695 724 728 833 841 875 876 1057 1088 1152 1153 1155 1169 1243 1349 1380 1452 1536 1631 1656 1750 1817 1866 1970 1990,COC1=CC(=C(C=C1CCNCC2=CC=CC=N2)OC)Br
1580,C C N ( C C 1 = C C 2 = C ( C = C 1 ) O C O 2 ) C ( = O ) C O C ( = O ) C 3 = C ( N = C C = C 3 ) S C,32 80 82 98 116 145 147 294 310 376 378 394 441 448 507 587 650 695 738 807 875 881 926 932 978 1008 1035 1043 1057 1088 1238 1271 1349 1357 1452 1514 1673 1750 1754 1800 1843 1863 1866 1991 1997 2004,CCN(CC1=CC2=C(C=C1)OCO2)C(=O)COC(=O)C3=C(N=CC=C3)SC
1581,C N ( C C ( = O ) N C C 1 = C C = N C = C 1 ) C 2 = C C ( = N C ( = N 2 ) N 3 C = C N = C 3 ) Cl,80 104 219 227 255 267 333 378 383 396 430 493 561 600 638 650 696 843 881 932 935 1057 1101 1152 1163 1190 1208 1256 1443 1537 1573 1603 1654 1683 1750 1754 1758 1855 1866 1872 1876 1917 1918,CN(CC(=O)N(C)NCC1=CC=NC=C1)C2=CC(=NC(=N2)N3C=CN=C3)Cl
1582,C C N ( C C ) C C 1 = C ( C = C C ( = C 1 ) Br ) O C C 2 = C C ( = C C = C 2 ) C ( = O ) O C,94 107 145 294 469 507 650 694 728 745 766 807 841 875 880 909 932 1039 1066 1088 1152 1226 1349 1385 1452 1631 1715 1750 1754 1786 1873 1898 1917 1970 1981 1985,C1=CC(=CC(=C1)C(=O)OC)COC2=C(C=C(C=C2)Br)CN(CC)CC
1583,C O C 1 = C C = C C ( = C 1 ) N 2 C C N ( C C 2 ) C ( = O ) C 3 = C C = C C = C 3 C 4 = N C ( = N O 4 ) C 5 = C C = C C = C 5,168 322 336 352 378 389 407 562 650 656 677 687 695 736 875 926 942 984 1039 1047 1049 1057 1199 1236 1289 1380 1385 1447 1480 1504 1536 1589 1855 1873 1910 1917 1972 1991 2009 2013,COC1=CC=CC(=C1)ON2CCN(CC2)C(=O)C3=CC=CC=C3C4=NC(=NO4)C5=CC=CC=C5
1584,C C N C ( = O ) C 1 = C O C ( = N 1 ) C O C 2 = C C 3 = C ( C C N ( C 3 C 4 = C C ( = C C = C 4 ) F ) C ( = O ) C ( C ) ( C ) C ) C = C 2,114 145 197 230 242 270 294 358 378 384 392 410 440 471 473 486 588 650 651 656 695 718 745 765 807 855 859 875 884 917 926 935 1019 1027 1039 1057 1064 1088 1236 1279 1359 1380 1427 1445 1452 1487 1501 1663 1670 1726 1734 1738 1750 1855 1873 1888 1917 1980,CC(C)(C)C(=O)N1CCC2=C(C1C3=CC(=CC=C3)F)C=C(C=C2)OCC4=NC(=CO4)C(=O)O[Si](C)(C)C(C)(C)C
1585,C C 1 = C C = C ( C = C 1 ) C ( C 2 = C C = N C = C 2 ) N C ( = O ) C 3 = C N ( C = C ( C 3 = O ) C ( = O ) N 4 C C C C C 4 ) C 5 C C C C 5,2 46 117 235 314 327 362 369 378 383 464 478 486 525 595 650 823 854 890 926 935 1019 1028 1057 1152 1192 1325 1365 1380 1390 1480 1504 1603 1639 1689 1692 1722 1750 1823 1853 1866 1873 1917 1920 1991 1993 1998 2045,CC1=CC=C(C=C1)C(C2=CC=NC=C2)NC(=O)C3=CN(C=C(C3=O)C(=O)N4CCCCCC4)C5CCCCC5
1586,C C C C C C C C C C C C C C C ( C ) C 1 = C C ( = C C ( = C 1 O ) C ( C ) C C C C C C C C C C C C C C ) C C C,1 77 80 202 204 237 283 294 502 591 700 783 794 807 875 1057 1143 1283 1307 1380 1444 1570 1602 1754 1845 1873 1911,CCCCCCCCCCCCCCCCCCCCCCCCCCCCCCCCCCCCCCCCCCCCCCCCCC(C)C1=CC(=C(C(=C1)C(C)CC)O)CC
1587,C C C 1 = C C = C C = C 1 C ( = O ) [S-],34 80 294 807 939 1057 1129 1199 1349 1407 1447 1597 1720 1750 1873 1991,CCC1=CC=CC=C1/C(=C(/C2=CC=CC=C2CC)\[S-])/[S-]
1588,C C ( = O ) O C C 1 = C ( C ( = C ( C ( = C 1 I ) N ) I ) C ( = O ) N C ( C O ) C ( C O ) O ) I,1 80 117 147 176 222 227 275 476 482 516 519 578 586 650 661 745 831 846 888 933 947 1017 1035 1152 1171 1252 1342 1380 1399 1594 1666 1794 1836 1917 1989 2005 2034,C(C1=C(C(=C(C(=C1I)N)I)C(=O)NC(CO)C(CO)O)I)OC(=O)C
1589,C C ( = O ) N C ( C ( = O ) O ) C ( = O ) O Cl,117 147 245 389 650 807 1057 1152 1219 1419 1532 1564 1683 1844 1864 1917 1939,C/C(=C(/C(=O)O)\N/C(=C(\NCl)/NCl)/Cl)/NCl
1590,C = C C O C ( = O ) O C = C,74 147 351 627 650 807 931 940 1366 1491 1645 1917 1955 1978 2039,C=CCOC(=O)C(=C(OCC=C)OCC=C)C(=O)OCC=C
1591,C [C@@H] ( C ( = O ) N C 1 = C ( C 2 = C ( S 1 ) C C C C C 2 ) C # N ) S C 3 = N N = C ( N 3 C ) C C 4 = C C = C C = C 4,2 42 50 96 112 116 162 196 213 220 283 310 318 358 389 554 573 593 650 674 675 707 747 807 935 1057 1063 1066 1088 1121 1136 1145 1152 1155 1162 1240 1380 1384 1391 1430 1507 1622 1668 1750 1754 1816 1817 1873 1917 1980,CC(C(=O)NC1=C(C2=C(S1)CCCCC2)C#N)SC3=NN(C(=N3C)CC4=CC=CC=C4)C
1592,C 1 C O C C N 1 C C 2 O C 3 C ( O 2 ) C 4 = C C = C C = C 4 O C 5 = C C = C C = C 3 5,80 153 371 523 581 656 658 677 908 926 935 1019 1024 1027 1199 1380 1441 1480 1481 1562 1586 1674 1750 1783 1791 1810 1873 1921,C1CN(CCO1)CC2OC3C4=CC=CC=C4OC5=CC=CC=C35
1593,C [C@] 1 2 C C ( C 3 C ( C 1 C C C 2 ( C ( = O ) C O C ( = O ) C C C ( = O ) N C C 4 = C C = C C = N 4 ) O ) C C C 5 = C C ( = O ) C = C [C@] 3 5 C ) O,41 51 80 84 147 172 255 264 373 408 448 504 519 529 547 622 639 650 675 695 724 787 807 829 840 849 926 967 1009 1019 1057 1060 1088 1102 1154 1155 1162 1223 1257 1274 1307 1380 1386 1423 1428 1436 1452 1489 1531 1544 1564 1589 1604 1738 1762 1831 1866 1873 1917 1938 2004 2021,C[C@]12CCC3C(C1CC[C@@]2(C(=O)COC(=O)CCC(=O)NCC4=CC=CC=N4)O)CCC5=CC(=O)C=C[C@]35C
1594,C C C C 1 = C C = C C = C 1 O O C ( = O ) C,80 96 294 580 650 794 807 981 1017 1057 1088 1243 1266 1349 1380 1410 1597 1750 1784 1873 1917,CCCC1=CC=CC=C1CCC2=CC=CC=C2CCC
1595,C N C C C C N C 1 = C 2 C = N N ( C 2 = N C = N 1 ) C,43 80 138 209 378 569 708 804 1152 1380 1416 1430 1439 1452 1535 1646 1696 1742 1873 1911 1972,C1=NN=C2C(=C1NCCCNC)C=NN2CCCNC3=C4C=NN(C4=NC=N3)NC
1596,C C C C C ( C C C ( C ) C # N ) C = O,1 80 133 283 423 508 591 650 674 678 694 739 790 1057 1211 1241 1302 1328 1384 1810 1911,CC(CCCC(C)/C=C/C#N)C(C)CCCC(C)CCCC(C)/C=C/C#N
1597,C C 1 = C C = C ( C = C 1 ) N 2 C ( = O ) C = C 3 C C C 4 = C ( C 3 = N 2 ) C = C ( S 4 ) C ( C ) O,42 136 162 219 227 233 235 283 287 314 323 352 378 650 675 807 829 837 926 1057 1141 1282 1348 1440 1495 1653 1665 1722 1750 1796 1823 1825 1873 1920,CC1=CC=C(C=C1)N2CSC3=C(C4=C(CS3)SC(=C4)C(C)O)N=N2
1598,c 1 c c c c ( c 1 ) N 1 N = C ( / C ( = N / N c 2 c ( c ( c ( s 2 ) C ( = O ) O C C ) C ) C ( = O ) O C C ) / C 1 = O ) N,50 54 73 80 145 147 189 191 215 235 252 294 314 369 378 586 607 650 759 807 837 935 942 1049 1057 1088 1152 1171 1199 1238 1304 1380 1508 1623 1722 1750 1779 1800 1825 1873 1917 1958 2001,CCOC(=O)C1=C(C(=C(C(=C1C)C(=O)OCC)C)C(=O)OCC)NN2C(=O)N=NN2C3=CC=CC=C3
1599,C C N N ( C = S ) C 1 = C C = C ( C = C 1 ) O C C 2 C O C ( O 2 ) ( C C C 3 = C C = C ( C = C 3 ) Cl ) C N 4 C = C N = C 4,37 72 80 97 102 182 216 294 310 322 378 480 494 561 656 679 694 695 706 718 749 795 843 881 926 932 935 960 986 987 1019 1045 1057 1060 1070 1076 1101 1136 1152 1243 1279 1347 1373 1380 1391 1452 1463 1603 1652 1654 1683 1708 1709 1726 1750 1754 1830 1866 1873 1923 1936 1975 1980,CCNN(CC)C1(OCC(O1)COC2=CC=C(C=C2)CCC3=CC=C(C=C3)Cl)CN4C=CN=C4
1600,C C 1 = N N ( C 2 = N C = C C ( = C 1 2 ) C 3 C C 3 ) C C ( = O ) N 4 C C N ( C C 4 ) C C 5 = C C = C S 5,14 74 80 92 158 196 241 378 380 383 428 650 656 675 760 787 807 926 935 1009 1019 1027 1057 1082 1088 1256 1312 1313 1321 1325 1328 1369 1401 1452 1546 1553 1696 1722 1750 1765 1791 1866 1917 1956 1984 2000 2002 2009,CC1=NN(C2=NC=CC(=C12)C3CC3)CC(=O)N4CCN(CC4)CC5=CC=CS5
1601,C C C ( C C C C ( C C ) O ) O,1 80 146 227 294 459 619 739 807 1057 1544 1911 1928 2038,CCC(CCCC(CCCC(CC)O)O)O
1602,C 1 = C C = C ( C = C 1 ) C ( = O ) O C [C@@H] 2 [C@H] ( [C@H] ( [C@@H] ( O 2 ) N 3 C = C ( C = C C 3 = O ) [N+] ( = O ) [O-] ) O C ( = O ) C 4 = C C = C C = C 4 ) O C ( = O ) C 5 = C C = C C = C 5,75 80 145 314 389 464 577 606 650 656 695 753 807 838 925 935 956 1019 1088 1126 1141 1176 1187 1189 1195 1199 1274 1380 1381 1385 1522 1678 1750 1809 1814 1857 1873 1917 1921 1950 1963 1985,C1=CC=C(C=C1)C(=O)O[C@@H]2[C@H]([C@@H](O[C@@H]2N3C=C(C=CC3=O)[N+](=O)[O-])N4C=C(C=CC4=O)[N+](=O)[O-])OC(=O)C5=CC=CC=C5
1603,C C 1 C C 2 = C ( C = C ( C ( = O ) N 2 ) C ( = O ) O C ) C ( = O ) C 1,231 314 352 360 639 695 750 751 807 875 906 936 1019 1057 1114 1148 1152 1309 1380 1663 1689 1873 1901 1917 1991,CC1CC2=C(C=C(C(=O)NO2)C(=O)ONC(=O)C3=CC4=C(C=C3C(=O)C1)C(=O)CC(CC4=O)C)C(=O)CC(CC4=O)C
1604,C 1 = C C ( = C C ( = C 1 ) F ) C C ( C 2 = C ( C = C C ( = C 2 ) Cl ) Cl ) N,1 79 80 165 216 230 304 366 561 666 699 720 786 816 1033 1039 1066 1088 1171 1222 1270 1380 1487 1670 1683 1750 1754 1857 1873 1928 1990,C1=CC(=CC(=C1)F)CC(C2=C(C=CC(=C2)Cl)Cl)N
1605,C C 1 = C C ( = C ( C = C 1 ) N C ( = O ) C S C 2 = N C 3 = C ( C 4 = C ( S 3 ) C C C C 4 ) C ( = O ) N 2 C C ( = C ) C ) C,37 41 42 80 116 204 220 235 314 361 378 427 504 511 650 675 747 802 807 920 926 935 978 997 1013 1017 1022 1028 1057 1152 1297 1312 1366 1380 1391 1393 1430 1442 1455 1506 1533 1715 1722 1738 1750 1817 1832 1855 1856 1873 1917 1948 1959 1984,CC1=CC=C(C=C1C)NC(=O)CSC2=NC3=C(C4=C(S3)CCCC4)C(=O)N2CC(=C)C
1606,C = C C N ( C ( C # N ) C 1 = C C = C ( C = C 1 ) Br ) C ( = O ) C ( F ) ( F ) F,1 80 151 226 364 490 650 674 694 728 790 807 881 909 940 1147 1157 1329 1365 1366 1380 1384 1453 1515 1527 1631 1645 1649 1750 1853 1861 1917 2011 2046,C=CCN(C(C1=CC=C(C=C1)Br)C(C2=CC=C(C=C2)Br)N(CC=C)C(=O)C(C3=CC=C(C=C3)Br)C(=O)N(CC=C)C(C#N)C#N)C(=O)C(C#N)C#N
1607,C C O C ( = O ) C 1 C ( = C ( C C N 1 C C 2 = C C = C C = C 2 ) I ) C,80 147 294 310 491 570 661 677 695 807 935 947 1009 1019 1057 1066 1088 1199 1238 1249 1380 1480 1631 1633 1683 1738 1750 1754 1765 1769 1835 1873 1917 2022,CCOC(=O)C1C(=CC=C(CCN1CC2=CC=C(C=C2)CN3CCC(=CC=C3I)I)I)I
1608,C 1 C N ( C C N 1 C C O C ( C 2 = C C = C C = C 2 ) C 3 = C C = C C = C 3 ) C C ( C C 4 = C C = C C 4 ) O,1 13 79 80 227 237 316 389 465 533 628 695 741 807 862 926 935 938 1088 1128 1145 1199 1249 1326 1480 1482 1524 1668 1750 1791 1873 1922 1932 2038,C1CN(CCN1CCOC(C2=CC=CC2)C3=CC=CC=C3)CC(CC4=CC=CC4)O
1609,C 1 C 2 = C C = C C = C 2 O C 3 = C 1 C ( = O ) N C ( = N 3 ) C 4 = C C ( = C C = C 4 ) Cl,101 165 216 272 407 567 592 650 656 736 750 760 875 926 1088 1114 1160 1236 1283 1443 1453 1454 1481 1560 1564 1609 1676 1683 1708 1745 1750 1855 1873 1889 1905,C1C2=CC=CC=C2OC3=C1NC(=N3)C4=CC(=CC=C4)Cl
1610,C O C 1 = C C ( = C C ( = C 1 O C C 2 = C C = C C = C 2 ) O C ) C 3 C 4 = C ( C ( = C ( C = C 4 C C N 3 C ( = O ) C 5 = C C = C ( C = C 5 ) F ) O C ) O C C 6 = C C = C C = C 6 ) O C,80 90 107 227 333 342 389 547 650 651 687 695 699 745 807 841 875 926 1057 1066 1088 1132 1199 1212 1236 1358 1385 1410 1427 1452 1480 1504 1511 1536 1599 1648 1670 1750 1873 1888 1892 1911 1928 1970 1994 2042,COC1=C(C2=C3C(N(CC2C=C1)C(=O)C4=CC=C(C=C4)F)C5=C(C(=C(C=C5CO3)OC)OCC6=CC=CC=C6)OC)OCC7=CC=CC=C7
1611,C C 1 = C C ( = C ( C = C 1 ) N C ( = O ) C S C 2 = N C ( = N C 3 = C 2 C ( = O ) N ( C ( = O ) N 3 C ) C ) C 4 = C C ( = C ( C = C 4 ) O C ) O C ) C,32 80 94 116 140 204 235 249 314 341 378 400 504 564 695 771 789 807 845 853 875 896 935 1013 1019 1024 1057 1145 1152 1160 1224 1245 1258 1297 1380 1385 1391 1442 1455 1653 1696 1722 1750 1816 1823 1855 1856 1864 1873 1917 1948 1959 1970 1984,CC1=CC(=C(C=C1)NC(=O)CSC2=NC(=NC3=C2C(=O)N(C(=O)N3C)C)C4=CC(=C(C=C4)OC)OC)C
1612,C C 1 = C C 2 = C ( C = C 1 ) N ( C ( = O ) C ( S C 2 C 3 = C ( C ( = C C = C 3 ) O C ) O C ) C C ( = O ) N 4 C C C ( C C 4 ) C ( = O ) O ) C C ( C ) ( C ) C,5 80 164 235 249 280 286 314 327 333 336 360 371 389 588 613 616 632 650 652 675 695 760 807 841 875 974 997 1004 1009 1013 1019 1027 1039 1041 1057 1088 1111 1214 1237 1250 1295 1325 1380 1410 1431 1480 1536 1572 1599 1644 1722 1738 1823 1837 1873 1917 2000 2009,CC1=CC2=C(C=C1)C(SC2CC(=O)N3CCC(CC3)C(=O)O)C4=C(C(=CC=C4)OC)OC
1613,C C C N ( C ) C ( = O ) C N 1 C 2 = C C = C C = C 2 N = C 1 C C 3 = C C = C C = C 3 F,32 45 80 128 289 294 318 334 357 378 515 650 699 802 807 868 881 935 1032 1057 1068 1088 1097 1145 1163 1237 1285 1349 1371 1380 1430 1597 1629 1750 1761 1855 1873 1912 1928,CCN(C)C(=O)N(C)CCN1C2=CC=CC=C2N=C1CC3=CC=CC=C3F
1614,C [C@H] ( / C = C / C C ( = O ) N 1 C C 2 = C C = C C = C 2 C [C@H] 1 C O ) [C@@] 3 ( C 4 = C ( C = C C ( = C 4 ) [N+] ( = O ) [O-] ) N ( C 3 = O ) C C 5 = C C ( = C C = C 5 ) N C ( = O ) [C@H] 6 C C C N 6 ) O,1 80 113 156 171 184 222 231 242 246 255 263 283 305 314 361 362 395 440 475 555 628 650 689 694 703 715 728 742 753 755 760 807 838 875 935 983 1009 1014 1019 1028 1039 1060 1066 1087 1088 1114 1152 1154 1170 1236 1274 1313 1325 1352 1356 1380 1427 1507 1527 1531 1552 1624 1708 1736 1750 1754 1765 1809 1814 1816 1912 1915 1917 1946 1980,C1C[C@H](NC1)C(=O)NC2=CC=CC(=C2)CN3CC4=C(C[C@H]3C/C=C/[C@@H](C)[Si](C)(C)O)C=C(C=C4)[N+](=O)[O-]
1615,C C N ( C C ) C ( = O ) C 1 = C ( C = C C ( = C 1 ) N C ( = O ) C 2 = C C = C C = C 2 ) N 3 C C C N ( C C 3 ) C ( = O ) C 4 C C C C 4,53 80 184 191 192 196 231 246 294 389 407 454 462 486 650 807 875 881 890 932 935 978 1008 1019 1057 1083 1088 1121 1152 1199 1221 1295 1380 1385 1480 1508 1535 1589 1665 1795 1816 1873 1915 1978 1985 1991 2009 2033,CCN(CC)C(=O)C1=C(C=CC(=C1)NC(=O)C2=CC=CC=C2)N3CCN(CC3)C(=O)C4CC4
1616,C C 1 = C ( C = C ( C = C 1 ) N C ( = O ) C O C 2 = C C = C C = C 2 F ) C ( F ) ( F ) F,80 167 184 191 353 419 650 699 807 809 843 875 925 1057 1088 1152 1187 1380 1391 1410 1452 1453 1691 1722 1750 1816 1840 1873 1917 1970 2004 2043,CC1=C(C=C(C=C1)NC(=O)COC2=CC=C(C=C2F)NC(=O)COC3=C(C=CC(=C3)NC(=O)COC4=C(C=CC(=C4)NC(=O)O)C)C)C(F)(F)F
1617,C 1 C C ( O C = C 1 ) O N,328 380 574 656 695 883 886 926 974 1019 1043 1128 1147 1171 1264 1325 1407 1473 1873,C1CC(OC=C1)ON
1618,C C ( C 1 = N C 2 = C C = C C = C 2 N 1 C C C N ( C ) C ) Cl,1 45 151 283 289 357 693 802 881 914 935 946 955 963 1038 1057 1088 1097 1163 1199 1285 1359 1380 1620 1634 1750 1855 1873 1911 1912 1951,CC(C1=NC2=CC=CC=C2N1CCCN(C)N(C)C)N3C4=CC=CC=C4N=C3C(C)N5C6=CC=CC=C6N=C5C(C)N(C)C
1619,C C 1 = C ( C ( = N C 2 = N C ( = N N 1 2 ) N ) C ) C C C ( = O ) O C C ( = O ) N C C 3 = C C ( = C C = C 3 ) O C,41 80 92 219 255 264 322 333 378 409 412 559 650 677 695 807 890 1039 1057 1066 1088 1104 1123 1152 1171 1193 1243 1380 1386 1407 1408 1457 1499 1519 1536 1564 1573 1750 1873 1898 2004,C1=CC(=CC=C1)CNOC(=O)CCC2=NNN=N2
1620,C [C@H] ( C ( = O ) N 1 C C C C 2 = C C = C C = C 2 1 ) O C ( = O ) C C C 3 = N C 4 = C ( N 3 C ) C = C C ( = C 4 ) S ( = O ) ( = O ) N ( C ) C,1 45 69 80 108 112 283 318 350 359 378 515 537 556 564 626 650 695 715 763 774 785 786 807 815 875 881 926 935 1022 1028 1057 1088 1097 1145 1163 1199 1236 1295 1380 1386 1387 1394 1441 1476 1480 1574 1647 1708 1738 1750 1855 1917 1977 2021,CC(C(=O)N1CCC2=CC=CC=C21)OC(=O)CC3=NC4=C(N3C)C=CC(=C4)S(=O)(=O)N(C)C
1621,C C ( C ) C 1 = C C ( = C ( C ( = C 1 ) C ( C ) C ) S ( = O ) ( = O ) N C 2 = C C = C C = C 2 C C ( = O ) N ( C ) C ( C N 3 C C C ( C 3 ) O ) C 4 = C C = C C = C 4 ) C ( C ) C,1 77 80 121 209 300 342 389 464 470 491 512 590 598 601 650 702 739 786 807 875 881 890 926 1019 1021 1067 1088 1130 1152 1183 1199 1238 1257 1261 1270 1325 1349 1365 1380 1476 1480 1581 1597 1750 1768 1790 1791 1873 1895 1917 1922,C1CN(C[C@H]1O)C[C@@H](C2=CC=CC=C2)N(C(C3=CC=CC=C3)C4=CC=CC=C4)C(=O)CN5CC[C@@H](C5)O
1622,C 1 = C C = C ( C = C 1 ) C C ( C ( = O ) N C ( C C 2 = C N = C N 2 ) C ( = O ) N C ( C C ( = O ) N ) C ( = O ) N C ( C C 3 = C C = C C = C 3 ) C ( = O ) O ) N,1 79 80 94 117 140 188 376 389 786 806 807 851 857 890 892 953 963 966 1017 1066 1088 1110 1114 1152 1171 1199 1287 1290 1380 1535 1616 1624 1750 1754 1849 1873 1891 1898 1917 1942 2016,C1=CC=C(C=C1)CC(C(=O)NC(CC2=CN=CN2)C(=O)NC(CC(=O)N)C(=O)NC(CC3=CC=CC=C3)C(=O)NC(CC4=CC=CC=C4)C(=O)N)N
1623,C C ( C C O ) C O C 1 = C 2 C ( = C ( C = C 1 ) O C C ( C N 3 C C N ( C C 3 ) C 4 = C C = C C = C 4 ) O ) C C C ( = O ) N 2,1 80 159 222 227 297 314 361 389 407 472 473 567 588 597 599 610 650 658 695 739 790 807 926 988 1057 1060 1088 1114 1199 1380 1405 1452 1489 1508 1575 1627 1750 1791 1825 1873 1922 1942 1970 1972 1997 2038,C1C2=C(C3=C(C(=C2NC1=O)NC(=O)C3)N4CCN(CC4)CC(CCO)O)OCC(CCO)O
1624,C C ( = O ) C C = C C = C,80 192 432 784 807 815 927 1017 1057 1356 1366 1550 1645,CC(=O)CP(=C(C)CC(=O)C)(C=C)C=C
1625,C 1 C O C C N 1 C C N C C 2 = C C = C ( C = C 2 ) C ( = O ) N C 3 = C ( C = C ( C = C 3 ) Br ) C ( = O ) N / N = C / C 4 = C C ( = C ( C = C 4 ) Cl ) C ( F ) ( F ) F,21 25 80 99 114 255 262 309 310 318 419 486 523 561 563 638 650 656 694 714 725 728 745 766 807 864 875 909 926 935 947 950 1004 1033 1145 1152 1157 1369 1380 1385 1408 1441 1453 1482 1665 1683 1750 1754 1791 1795 1808 1816 1849 1873 1917 1991 1992 2033,C1COCCN1CCN2C(=C(C=C(C=C2)Br)C(=O)N/N=C/C3=CC=C(C=C3)C(=O)NC4=C(C=C(C=C4)Br)C(=O)N/N=C/C5=CC=C(C=C5)CNCCN6CCOCC6)Cl
1626,C C ( C 1 = C C ( = C C ( = C 1 ) C ( F ) ( F ) F ) C ( F ) ( F ) F ) O C C 2 ( C C C ( C N 2 ) O C ( = O ) N 3 C C C C 3 ) C,80 119 125 154 194 199 283 369 470 576 661 685 695 752 807 809 875 903 926 1028 1050 1057 1060 1065 1114 1126 1145 1158 1162 1260 1274 1325 1365 1417 1418 1498 1829 1873 1917 1998 2009 2039,CC1(CCC(CN1)OC(=O)N2CCCC2)COC3CCC(NC3)(C)COC4CCC(NC4)(C)COC5CCC(NC5)(C)C
1627,C C 1 = C C 2 = C ( C = C 1 ) O C C ( = O ) N 2 C ( C ) C ( = O ) N C 3 = C C ( = C ( C = C 3 ) O C ) Cl,1 94 184 191 235 249 283 314 406 422 560 561 573 609 650 656 670 695 798 807 841 843 875 926 929 935 1013 1057 1110 1152 1411 1536 1657 1664 1708 1722 1750 1823 1846 1905 1917 1970,CC1=CC(=C(C=C1)OC)ON2C(=O)CON(C2=O)C(C)C(=O)NC3=CC(=C(C=C3)OC)OC
1628,C C 1 = C ( C = C ( C = C 1 ) N C ( = O ) C 2 = C C ( = C N 2 ) Cl ) Cl,143 184 191 366 486 735 806 807 843 875 1152 1380 1391 1415 1480 1553 1581 1665 1691 1722 1816 1879 1917 2026,C1=C(C=C(C=C1)NC(=O)C2=CC(=CN2)C(=O)NC3=CC(=C(C=C3)C)Cl)Cl
1629,C C O C ( = C 1 C C C C C 1 ) O [Si] ( C ) ( C ) C,147 294 310 378 425 494 656 695 731 759 807 926 1028 1057 1238 1295 1380 1484 1738 2000 2019,CCOC(=C1CCCC1)O[Si](C)(C)C
1630,C C 1 = C C ( = C ( S 1 ) C ) C ( C ) N C 2 C C C C N C 2 = O,1 103 162 237 283 305 313 325 482 675 721 749 773 875 890 1020 1028 1034 1114 1214 1302 1325 1380 1393 1627 1714 1722 1866 2009,C1CCNC(=O)C(C1)C(C)C2=C(SC(=C2)C)C
1631,C # C C 1 C C C C ( = O ) C 1,208 225 231 314 473 476 650 674 915 926 1028 1377 1539 1738 1789 1960 2005,C#C/C/1CCCC(=O)CC(CC(=O)CCC1)C#C
1632,C C O C ( = O ) C ( C C C 1 = C C = C ( C = C 1 ) O C ) N C 2 C C C ( = O ) N 3 C C C C ( N 3 C 2 = O ) C ( = O ) O C ( C ) ( C ) C,5 80 147 231 285 294 310 322 333 354 392 456 531 534 650 695 718 736 781 798 807 831 841 926 935 1000 1019 1028 1121 1137 1177 1238 1243 1266 1329 1362 1380 1446 1480 1536 1554 1574 1597 1722 1738 1754 1818 1859 1873 1880 1917 2000 2003 2009,CCOC(=O)C(CCC1=CC=C(C=C1)OC)N2CCC(=O)N3CCCN3C2C(=O)OC(C)(C)C
1633,C C C C C C C C ( = O ) N C ( C O C ( = O ) C C C C C C C ) C O C ( = O ) C C C C C C C,1 41 80 117 118 147 233 591 650 677 695 729 794 807 895 1057 1143 1152 1240 1267 1386 1399 1444 1564 1718 1911 1917 1944,CCCCCCCCCCCCCCCCC(=O)NC(COC(=O)CCCCCCCCCCCCCC)C(COC(=O)CCCCCCCCCCC)NC(=O)CCCCC
1634,C O C ( = O ) N C 1 C C C C C C 1 = O,2 16 194 314 387 566 650 695 807 841 890 1019 1028 1057 1075 1152 1325 1758 1782 1917 2000,COC(=O)NC1CCCCCCCCCCCCCCCCCCCCCCCCCCCCCCCCCCCCCCCCCCCCCCCCCCCCCCCCCCCCCCCCCCCC1=O
1635,C C 1 = C C = C C = C 1 / C = C / C ( = O ) N 2 C C N ( C C 2 ) C C 3 = N C 4 = C C = C C = C 4 S 3,31 59 74 80 162 289 378 461 472 650 675 694 784 807 861 885 926 935 961 973 1014 1057 1088 1199 1380 1570 1578 1589 1661 1722 1750 1765 1791 1855 1873 1912 1917 1945 1999 2009,CC1=NC(=C(S1)CN2CCN(CC2)C(=O)/C=C/C(=O)N3CCN(CC3)CC4=NC5=CC=CC=C5S4)C
1636,C 1 C C 2 = C ( C ( = O ) N 3 C ( = N 2 ) N = C N 3 ) S C 1,44 157 314 326 378 504 583 650 675 713 784 789 881 913 1071 1114 1123 1205 1304 1380 1452 1638 1718 1738 1855 1873 1948 2042,C1CSC2=C1N=C3N=CNN3C2=O
1637,C C C C C C C C C C O C ( = O ) / N = C ( / C 1 = C C = C ( C = C 1 ) C 2 = C C = C ( C = C 2 ) O C [C@@H] 3 C [C@H] ( C ( = O ) N 3 ) C C ( = O ) O C ) \ N,66 80 140 141 147 195 273 294 302 314 405 567 591 650 695 718 725 749 794 807 819 896 967 1004 1019 1034 1057 1114 1136 1143 1152 1160 1171 1178 1292 1380 1385 1386 1444 1452 1529 1570 1611 1627 1656 1697 1733 1734 1750 1873 1911 1964,CCCCCCCCOC(=O)/N=C(/C1=CC=C(C=C1)C2=CC=C(C=C2)OC[C@@H]3C[C@H](C(=O)NC3=O)CC(=O)OCCCCCCC)\N
1638,C C ( C ) ( C ) C 1 = C C ( = C ( C ( = C 1 ) N S ( = O ) ( = O ) C ) O C ) N C ( = O ) C 2 = C C 3 = C ( N 2 C ) C ( = C C = C 3 ) O C 4 = C C ( = N C = C 4 ) N 5 C C C N ( C C 5 ) C,14 33 114 207 240 321 322 333 378 391 392 407 409 488 527 530 541 564 619 667 680 695 743 807 834 841 875 878 919 926 935 1028 1057 1087 1145 1152 1222 1224 1270 1291 1370 1380 1410 1417 1440 1452 1476 1480 1508 1536 1553 1599 1742 1750 1781 1855 1866 1873 1920 1958 1970 2035,CC(C)(C1=CC(=C(C(=C1)NS(=O)(=O)C(C)(C)C2=CC3=C(N2C)C(=CC(=C3)C(C)(C)N4CCCN(CC4)C)OC)OC)NO)N5CCCN(CC5)C
1639,C 1 = C ( C = C ( N = C 1 C O ) C O ) I,80 378 383 807 837 875 947 1200 1302 1321 1594 1873 1983,C1=C(C=C(C=C1[Si](C[Si](C2=CC(=CC(=C2)I)I)(O)O)(C3=CC(=CC(=C3)I)I)C4=CC(=CC(=C4)I)I)I)CO
1640,C C 1 = C ( C ( = O ) N ( C 1 = O ) C 2 = C C ( = C ( C = C 2 ) C # N ) C ( F ) ( F ) F ) C C C C C C N 3 C C N ( C C 3 ) C ( = O ) N C 4 = C C = C C = C 4 C ( F ) ( F ) F,19 74 114 194 197 218 233 262 314 361 368 419 439 650 653 674 790 875 886 915 926 935 1037 1057 1070 1088 1093 1136 1145 1184 1199 1380 1381 1453 1468 1480 1482 1560 1589 1686 1696 1722 1734 1750 1755 1791 1816 1825 1862 1873 1911 1917 1928,CC1=C(C(=O)N(C1=O)C2=CC(=C(C=C2)C#N)C(F)(F)F)CCCN3CCN(CC3)C(=O)NC4=CC=CC=C4C(F)(F)F
1641,c 1 ( c ( c c c c 1 ) C C ( = O ) C n 1 c ( = O ) s c 2 c 1 c c c c 2 ) O C ( = O ) C n 1 c ( = O ) s c 2 c 1 c c c c 2,1 63 80 162 311 314 325 461 545 650 675 695 802 807 885 935 943 1285 1312 1349 1366 1386 1410 1597 1715 1750 1780 1873 1917 1970 2032,C1=CC(=C(C=C1)CC(=O)ON2C3=CC=CC=C3SC2=O)OC(=O)CN4C5=CC=CC=C5SC4=O
1642,C C ( C C N 1 C C C ( C C 1 ) N ( C C = C ) C ( = O ) O C C 2 = C C = C ( C = C 2 ) [N+] ( = O ) [O-] ) ( C N ( C ) C ( = O ) C 3 = C C = C C = C 3 ) C 4 = C C = C C = C 4,41 80 114 147 231 241 310 334 389 392 404 509 650 695 745 753 769 807 809 881 926 935 940 976 1019 1032 1057 1088 1104 1163 1195 1207 1212 1221 1261 1274 1308 1325 1329 1366 1380 1385 1417 1459 1482 1645 1750 1778 1781 1791 1809 1814 1873 1914 1917 1963 1985 2005 2017 2043,CC(CCN1CCC(CC1)N(CC=C)C(=O)C2=CC=CC=C2)(CN(C)C(=O)O)C3=CC=C(C=C3)[N+](=O)[O-]
1643,C C C C C O C 1 = C C = C ( C = C 1 ) C 2 / C ( = C ( \ C 3 = C C 4 = C ( C = C 3 ) O C ( C 4 ) C ) / O ) / C ( = O ) C ( = O ) N 2 C C C N ( C C ) C C,13 57 80 206 294 314 322 574 590 591 620 656 695 718 731 750 807 875 879 932 935 955 1003 1019 1034 1035 1078 1087 1130 1145 1236 1250 1262 1279 1309 1344 1380 1385 1420 1440 1444 1452 1476 1581 1634 1697 1750 1775 1803 1905 1911,C1=CC(=CC=C1C2/C(=C(/C3=CC=C(C=C3)OCCCC)\O)/C(=O)C(=O)N2CCCN4C(OC5=CC6=C(C=C5)OC(C6)C)C)OCCCC
1644,C C C C C C C ( = O ) / C = C / C 1 = C C = C ( C = C 1 ) N ( C ) C,25 41 80 127 294 524 591 694 737 794 807 835 878 881 960 1057 1143 1163 1308 1379 1444 1564 1700 1911 1917 2033,CCCCCCCCCCCCCCCCCC(=O)/C=C/C1=CC=C(C=C1)/C=C/C2=CC=C(C=C2)N(C)C
1645,C C O C 1 = C ( C ( = C C ( = C 1 ) C = O ) Br ) O C 2 = C ( C = C ( C = C 2 ) C ( F ) ( F ) F ) [N+] ( = O ) [O-],29 80 94 114 237 245 279 294 333 354 425 593 650 715 728 753 833 838 875 880 963 1057 1063 1195 1238 1260 1380 1417 1473 1522 1631 1665 1685 1868 1873 1963 1970 2033,CCOC1=C(C=C(C=C1)C(C2=CC(=C(C(=C2)Br)OCC)OCC)(C3=CC(=C(C(=C3)Br)OCC)OCC)C4=CC(=C(C(=C4)Br)OCC)OCC)[N+](=O)[O-]
1646,F c 1 c c ( O C ( C ) C ) c ( c 2 n [nH] c ( c 2 ) C ( = O ) N C c 2 c n c c c 2 ) c c 1,1 60 74 80 143 197 255 335 352 378 386 437 504 555 599 650 664 680 807 813 875 911 1043 1057 1066 1088 1114 1127 1152 1410 1487 1535 1564 1573 1586 1603 1754 1815 1866 1873 1928 1978 2025,C[Si](C)(C)C1=C(C=C(N1)C(=O)NCC2=CN=CC=C2)C3=C(N=CC(=C3)C(=O)NCC4=CN=CC=C4)F
1647,C / C = C \ C / C = C ( / C O C C C O C ( = O ) C C ( = O ) / C ( = C / C C C ( C ) C = C ) / C ) \ Cl,13 80 95 147 208 304 310 479 556 650 694 695 715 807 844 1034 1071 1135 1152 1167 1320 1325 1356 1366 1386 1427 1559 1564 1591 1645 1675 1683 1734 1777 1873 1917 1992,C=CC/C(=C/CC(=O)OCCC(=O)C(=O)C/C=C/C)/CCOC(=O)C/C(=C/CCl)/C(=O)C/C=C/C
1648,C C 1 = C ( C 2 ( C C N ( C C 2 ) C ( = O ) C ) O C 1 = O ) C ( = O ) N C C C 3 = C C ( = C ( C = C 3 ) O C ) O C,8 80 94 104 140 197 249 310 314 368 528 573 650 656 667 695 751 807 828 837 841 875 926 935 985 1017 1057 1060 1088 1093 1152 1162 1243 1245 1282 1300 1380 1480 1507 1533 1536 1659 1722 1750 1754 1775 1860 1873 1917 1970 2009,CC1=C(C2(CCN(CC2)C(=O)C)OC1=O)C(=O)NCCC3=CC(=C(C=C3)OC)OC
1649,C 1 C ( C ( = O ) N C 1 = O ) C C N,80 314 650 660 832 926 981 1019 1034 1060 1112 1114 1171 1380 1611 1840,C(CN)C1C(=O)NC(=O)NC1=O
1650,C O C 1 = C ( C ( = C ( C = C 1 ) / C = C / 2 \ C C N 3 C 2 = N C ( = O ) C 4 = C C = C C = C 4 3 ) O C ) O C,45 94 249 314 333 378 395 613 694 695 815 899 926 961 1046 1057 1088 1097 1134 1276 1285 1357 1380 1409 1480 1496 1529 1573 1704 1722 1738 1755 1873 1941 1970,CC1=C(/C(=C/C2=C(C(=C(C=C2)OC)OC)OP(OC3=C(C=CC(=C3O[Si](OC4=C(C=CC(=C4OC)OC)/C=C/5\C(=O)N=CC5)C)OC)OC)/C)/CC1)C
1651,C C O C 1 = C ( C = C C ( = C 1 ) / C = N / N C ( = O ) C ( = O ) N C 2 = C C ( = C ( C = C 2 ) F ) Cl ) O C C 3 = C C ( = C C = C 3 ) Cl,25 80 94 107 165 184 191 237 294 309 353 366 425 465 561 592 650 694 695 699 807 843 875 1039 1057 1066 1155 1210 1226 1452 1488 1581 1583 1683 1750 1754 1770 1828 1867 1917 1928 2033,CCOC1=C(C=CC(=C1)/C=N/NC(=O)C(=O)NC2=CC(=C(C=C2)F)Cl)OCC3=CC(=CC=C3)Cl
1652,C C ( C 1 = C C = C C = C 1 ) N 2 C ( = O ) C ( = O ) N ( C 2 = O ) C C # N,1 80 92 283 314 389 401 470 588 589 650 674 732 770 790 879 929 935 1088 1089 1199 1266 1365 1380 1384 1443 1506 1534 1581 1755 1873 1892,C1=CC=C(C=C1)[C@H](C)N2C(=O)C(=O)N(C2=O)CC#N
1653,C C 1 = C C ( = C C ( = C 1 O C ( = O ) N ( C ) C ) C ) Br,39 300 333 402 449 650 695 728 807 875 881 909 1057 1163 1263 1334 1380 1534 1653 1722 1729 1873 1917 1932,CN(C)C(=O)OC1=C(C=C(C=C1OC(=O)N(C)C)Br)OC(=O)N(C)C
1654,C C 1 C N ( C C ( O 1 ) C ) C 2 = N C ( = N C 3 = C 2 C N ( C C 3 ) C ( = O ) C 4 = C C = C C = C 4 Cl ) C 5 = C C = C C = C 5,130 203 206 276 361 362 366 378 389 561 650 656 739 807 849 926 935 1086 1159 1160 1199 1218 1309 1380 1385 1393 1447 1480 1504 1576 1677 1683 1691 1738 1750 1839 1855 1873 1917 1921 1946 1948 1961 1991 2009,C1CN(CC2=C1N=C(N=C2N3CC(O3)C)C4=CC=CC=C4Cl)C(=O)C5=CC=CC=C5Cl
1655,C O C 1 = C ( C ( = C C ( = C 1 ) / C = C / 2 \ C ( = O ) N ( C ( = O ) S 2 ) C C 3 = C C = C ( C = C 3 ) F ) Br ) O C C ( = O ) [O-],80 90 104 249 273 310 314 328 333 470 475 588 650 675 694 695 699 715 728 785 807 833 841 863 875 947 1027 1057 1167 1226 1410 1435 1452 1469 1631 1670 1683 1691 1750 1754 1765 1828 1868 1892 1917 1928 1970 2004 2033 2044,COC1=C(C(=CC(=C1)/C=C\2/C(=O)N(C(=O)S2)CC3=CC=C(C=C3)F)Br)OCC(=O)[O-]
1656,C 1 = C C = C ( C = C 1 ) C ( = O ) O C 2 = C C = C ( C = C 2 ) S S C 3 = C C = C ( C = C 3 ) O C ( = O ) C 4 = C C = C C = C 4,116 212 322 389 498 612 650 718 807 811 1199 1380 1729 1750 1873 1917 1989,C1=CC=C(C=C1)SSC(=O)O
1657,C C N 1 C ( = C C = N 1 ) C ( = O ) N C 2 = C ( N ( N = C 2 C ) C C 3 = C C = C C = C 3 Cl ) C,34 43 80 92 158 294 295 366 378 381 486 488 580 603 650 974 1057 1088 1220 1291 1349 1362 1469 1488 1597 1722 1766 1866 1873 1917 1956 1990,CCN1C(=CC=N1)C(=O)NC2=C(N(N=C2C)CC3=CC=CC=C3Cl)C
1658,C C O C ( = O ) C 1 = C ( S C 2 = C 1 C C C ( C 2 ) C ) N C ( = O ) C ( C ) O C ( = O ) C C 3 = C O C 4 = C 3 C = C C ( = C 4 ) O C,1 50 69 145 147 162 216 231 283 294 322 325 361 384 429 465 573 586 656 675 695 703 707 712 718 759 781 807 808 841 875 926 997 1019 1057 1117 1141 1144 1152 1233 1238 1269 1309 1349 1357 1380 1386 1482 1536 1580 1622 1687 1722 1733 1750 1816 1825 1833 1873 1917 1977 2041,CCOC(=O)C1=C(SC2=C1CC2C)NC(=O)C(C)OC(=O)CC3=COC4=C3C=CC(=C4)OC
1659,C C 1 = C C ( = C C = C 1 ) N C ( = S ) N C ( = O ) C 2 = C C = C C 3 = C 2 C = C C = C 3 Cl,97 110 184 185 191 299 303 366 486 561 703 875 974 1013 1039 1057 1088 1119 1152 1247 1357 1380 1436 1447 1542 1683 1722 1750 1752 1816 1823 1865 1873 1917 1960 1991,CC1=CC(=CC=C1)NC(=S)NC(=O)C2=C3C=CC=C(C3=CC=C2)Cl
1660,C C ( C 1 = C C 2 = C ( C = C 1 ) C = C ( C = C 2 ) O C ) C ( = O ) N C 3 = C ( C = C C = C 3 Cl ) Cl,1 203 283 322 366 381 561 573 650 695 718 781 807 835 841 875 884 900 974 1152 1365 1380 1407 1750 1816 1853 1855 1873 1906 1917 1972 2021 2026,C[C@@H](C1=CC2=C(C=C1)C=C(C=C2)OC)C(=O)NC3=C(C=CC(=C3NC(=O)[C@@H](C)C4=CC5=C(C=C4)C=C(C=C5)OC)Cl)Cl
1661,C C / C ( = C \ C ) / O [Si] ( C C ) ( C C ) C C,80 140 294 378 694 695 731 807 898 932 1057 1315 1416 1627,CC/C(=C\[Si](O/C(=C(\O[Si](O/C(=C\[Si](O/C(=C\[Si](CC)(CC)CC)/CC)(CC)CC)/CC)(CC)CC)/CC)/CC)(CC)CC)/O[Si](CC)(CC)CC
1662,C [C@@H] 1 C C [C@@H] 2 C C ( C C C 2 C 1 ) C 3 = C C 4 = C ( C = C 3 ) C = C ( C = C 4 ) Cl,118 165 203 216 273 322 377 380 400 561 585 744 816 847 875 926 1019 1057 1148 1279 1309 1325 1375 1380 1683 1750 1803 1818 1873 1883 2000 2047,CC1CCC2CC(CCC2C1)C3=CC4=C(C=C3)C=C(C=C4)Cl
1663,C [C@@H] ( [C@H] ( C C 1 = C C = C C = C 1 ) C N C ( = O ) O C ( C ) ( C ) C ) O,1 79 80 114 197 231 389 392 606 650 722 807 857 1040 1066 1152 1199 1380 1574 1693 1758 1859 1873 1906,CC(C)(C)OC(=O)NCC(CC1=CC=CC=C1)C(CC2=CC=CC=C2)CNC(=O)OC(C)(C)C
1664,C C 1 = C ( C ( = C ( N = C 1 C ) S C C ( = O ) N C 2 = C C = C ( C = C 2 ) N 3 C C C C C 3 ) C # N ) C,2 32 41 80 92 191 213 233 358 584 650 680 687 790 807 926 935 1028 1057 1094 1136 1152 1380 1384 1405 1455 1480 1722 1750 1816 1825 1864 1873 1906 1917 1959 1998,CC1=C(C(=C(C(=N1)C)C#N)NC(=O)C[As](N2CCCCC2)O)C#N
1665,C 1 C O C C N 1 C ( = O ) C 2 = C C ( = C C = C 2 ) S ( = O ) ( = O ) N C 3 = C C = C C = C 3 Cl,4 84 198 350 366 502 523 561 575 656 807 875 926 935 942 950 974 1039 1088 1152 1199 1270 1284 1310 1380 1385 1441 1476 1480 1504 1683 1696 1750 1873 1985,C1COCCN1NS(=O)(=O)C2=CC=CC(=C2)C(=S(=O)(=O)NC3=CC=CC=C3Cl)N4CCOCC4
1666,S ( = O ) ( = O ) ( N 1 C C C ( c 2 o c ( c ( n 2 ) C ( = O ) N C C C C ) c 2 c c c c c 2 ) C C 1 ) c 1 c ( F ) c c c c 1 F,8 149 197 294 350 366 378 389 467 486 490 585 591 650 656 667 736 794 802 807 867 895 926 935 1019 1039 1057 1152 1160 1199 1201 1325 1380 1476 1514 1562 1602 1604 1750 1761 1771 1840 1855 1873 1876 1903 1911 1917 2000 2028 2034,CCCCNC(=O)C1=C(OC(=N1)C2CCN(CC2)S(=O)(=O)N3CCC(CC3)C4=NC(=C(O4)C5=CC=CC=C5)C(=O)NCCCC)C6=CC=CC=C6
1667,C 1 = C C ( = C C ( = C 1 ) F ) C N 2 C = C ( C = N 2 ) N C ( = O ) C 3 = N N 4 C = C C = N C 4 = N 3,43 66 75 80 191 230 378 464 486 611 650 679 698 720 744 747 807 1027 1039 1066 1088 1101 1123 1152 1221 1380 1452 1487 1520 1670 1674 1682 1706 1750 1754 1765 1778 1816 1855 1866 1873 1911 1917 1928 1956 1978,C1=CC(=CC(=C1)F)CN2C=C(C=N2)NC(=O)C3=NN4C=CC=NC4=N3
1668,C C 1 = C ( N C ( = C 1 S ( = O ) ( = O ) C 2 = C C = C C = C 2 ) C ( = O ) N C C 3 = C 4 C = C C = C C 4 = N N 3 ) C ( = O ) N ( C ) C C 5 = C ( C = C ( C = C 5 ) Cl ) Cl,74 86 165 197 216 252 255 289 319 334 350 366 378 389 440 459 486 507 561 575 612 650 709 807 813 816 875 881 965 993 1021 1057 1088 1097 1114 1150 1152 1163 1208 1209 1221 1266 1282 1349 1357 1380 1571 1612 1618 1673 1683 1722 1745 1750 1777 1917 1998 2023 2042,CC1=C(NC(=C1S(=O)(=O)C2=CC=CC=C2)CNC(=O)C3=C(C(=C(N3)CN(C)C(=O)C4=C(C=C(N4)Cl)Cl)S(=O)(=O)C5=CC=CC=C5)C)C(=O)NCC6=C(C=C=C6)Cl
1669,c 1 c c c 2 c ( c 1 ) c ( c c ( = O ) o 2 ) O c 1 n c ( n c ( n 1 ) N 1 C C N ( C C 1 ) C ( C ) C ) N c 1 c c c c c 1,1 12 283 314 378 389 407 491 650 656 695 703 796 852 875 926 1057 1088 1128 1152 1199 1256 1265 1357 1478 1480 1508 1524 1573 1582 1586 1604 1617 1627 1668 1750 1808 1826 1827 1855 1873 1896 1915 2021,CC(C1=CC(=O)OC2=CC=CC=C21)N3CCN(CC3)C4=NC(=NC(=N4)NC5=CC=CC=C5)N6CCN(CC6)C7=CC(=O)OC8=CC=CC=C87
1670,C C C ( C ( = O ) N C 1 = C C ( = C ( C = C 1 ) C ) Cl ) S C 2 = N C 3 = C C = C C = C 3 C 4 = N C ( C ( = O ) N 4 2 ) C C 5 = C C = C C = C 5,80 95 101 191 294 352 378 440 449 458 463 531 561 642 650 681 843 850 875 927 935 944 955 984 1010 1057 1061 1088 1152 1193 1199 1338 1376 1391 1461 1480 1507 1544 1574 1664 1683 1686 1691 1722 1750 1754 1816 1873 1917,CCC(=O)[N+]1=C2C3=CC=CC=C3N=C(N2C(=O)NC4=CC(=C(C=C4)C)Cl)Cl
1671,C [C@@H] 1 C [NH+] ( C C [C@] 1 ( C ( = O ) C ) O ) C ( C ) ( C ) C,55 114 320 325 392 508 650 758 926 1003 1017 1019 1057 1060 1151 1162 1243 1309 1484 1510 1827 1917 1960 2026,CC1CCC1(C(C)(C)C2(CC2)C(=O)C)C(C)(C)C3(CCC(C3C)(C(=O)C)C(=O)C)C(=O)C
1672,C 1 = C C ( = C ( C ( = C 1 ) Cl ) Cl ) C C 2 = C C 3 = C ( C ( = C 2 ) F ) N ( C = C ( C 3 = O ) C ( = O ) O ) C C O,61 80 125 205 314 366 383 389 403 453 456 464 469 525 561 650 699 807 827 844 875 935 974 1011 1026 1039 1047 1061 1088 1145 1269 1349 1357 1430 1440 1539 1597 1683 1729 1750 1840 1865 1873 1991,C1=CC(=C(C(=C1)Cl)Cl)CC2=C3C(=CC(=C2)F)C(=O)C(=CN3CCN4C=C(C(=O)C5=CC(=C(C=C54)F)F)C(=O)O)C(=O)O
1673,C [C@@] 1 ( C C [C@] 2 ( C [C@@H] 1 Br ) [C@] 3 ( [C@H] ( O 3 ) [C@@H] 4 [C@] ( C 2 ( C ) C ) ( O 4 ) Br ) C ) Cl,113 406 463 497 561 617 650 699 721 728 738 1019 1055 1057 1060 1070 1079 1131 1162 1223 1683 1753 1780 2034,C1CC2(C(O2)C3(C1(C4(C(O4)(C5(C(O5)(Cl)Br)Cl)Cl)Br)Cl)Cl)C6(CCC(C6(Cl)Br)(Cl)Cl)C7(C3(Cl)Br)C(=C7Cl)Cl
1674,C 1 C ( N N = C 1 C 2 = C C ( = C C = C 2 ) [N+] ( = O ) [O-] ) C 3 = C C = C ( C = C 3 ) [N+] ( = O ) [O-],63 231 378 453 650 715 736 753 838 840 875 926 991 1019 1039 1088 1114 1117 1160 1195 1274 1279 1432 1585 1610 1750 1784 1798 1809 1814 1873 1940,C1C(NN=C1C2=CC(=CC=C2)[N+](=O)[O-])C3=NNC(C3)C4=CC(=CC=C4)[N+](=O)[O-]
1675,C C [NH+] 1 C C [NH+] ( C C 1 ) [C@H] ( C 2 = C ( C = C C ( = C 2 ) O C ) O C ) C 3 = C ( N 4 C ( = N C ( = N 4 ) C ) S 3 ) O,1 64 80 94 104 221 236 237 249 294 305 322 378 412 434 675 687 695 807 841 926 949 969 1057 1126 1183 1191 1223 1228 1380 1536 1565 1602 1629 1690 1722 1729 1750 1855 1871 1873 1917 1956 1970 1972 1992 2023 2038,CC[NH+]1CC[NH+](CC1)[C@@H](C2=C(N3C(=NC(=N3)C)C=C2)O)C4=C(C=CC(=C4)OC)OC
1676,C C C C C C C O C 1 = C ( C = C ( C = C 1 ) C 2 / C ( = C ( / C 3 = C C = C ( C = C 3 ) O C C C C ) \ O ) / C ( = O ) C ( = O ) N 2 C 4 = N N = C ( S 4 ) S C C 5 = C C = C C = C 5 F ) O C,13 19 57 80 94 102 116 162 171 227 249 294 341 378 389 411 471 590 591 695 699 718 762 794 797 807 841 875 879 999 1003 1019 1027 1032 1034 1057 1068 1088 1143 1164 1199 1245 1349 1414 1427 1444 1476 1493 1518 1536 1567 1597 1601 1750 1840 1922 1928 1970,CCCCCCCCCCCCOC1=CC(=C(C=C1)C2/C(=C(\C3=CC=C(C=C3)OCCCC)/O)/N2C4=NN=C(S4)SCC5=CC=CC=C5F)OC
1677,C 1 C C C ( = C = C ( C 2 = C C = C C = C 2 ) S ( = O ) C 3 = C C = C C = C 3 ) C C 1,2 213 292 329 389 609 650 674 727 807 926 943 1028 1130 1199 1265 1304 1380 1385 1463 1611 1690 1738 1873 1985,C1CCC(=C=C(C2=CC=CC=C2)C3=CC=CC=C3)CC1
1678,C 1 C C 1 N C ( = O ) [C@@H] ( C C 2 = C C = C C = C 2 ) N C ( = O ) C 3 = C ( C = C ( C = C 3 ) Cl ) Cl,1 9 46 67 79 117 165 216 387 389 486 561 573 610 736 807 816 857 875 1019 1088 1152 1209 1325 1380 1435 1616 1634 1655 1683 1750 1754 1828 1888 2006,C1CC1NC(=O)[C@H](CC2=CC=CC=C2)NC(=O)[C@H](CC3=CC=CC=C3)NC(=O)C4=C(C=C(C=C4)Cl)Cl
1679,C C 1 = C ( C ( = N O 1 ) C ( = O ) O C C O ) C ( = O ) N C 2 = C C = C ( C = C 2 ) C ( F ) ( F ) F,13 80 94 114 145 147 152 191 222 243 248 378 383 413 461 473 490 586 650 656 687 807 809 843 1057 1077 1152 1260 1316 1380 1417 1453 1542 1592 1665 1722 1816 1873 1917 1928 1978,CC1=C(C(=NO1)C(=O)OCCO)C(=O)NC2=CC=C(C=C2)C(F)(F)F
1680,C 1 = C C ( = C C = C 1 O ) O C ( = O ) C C C ( = O ) O,80 322 389 650 695 718 807 1013 1038 1287 1380 1423 1564 1602 1729 1737 1750 1778,C1=CC(=CC=C1O)O/C(=C(\CCC(=O)O)/O)/CCC(=O)O
1681,C [C@@H] ( C ( = O ) N C 1 = C ( C = C C ( = C 1 ) Cl ) Cl ) [NH+] ( C ) C C ( = O ) N C 2 = C C = C C = C 2 Cl,1 80 84 99 157 165 216 257 272 283 366 421 471 561 573 614 807 816 875 974 1009 1017 1152 1199 1206 1224 1380 1683 1696 1750 1816 1861 1917 1948 2031,C1=CC=C(C(=C1)NC(=O)[C@H](C)[NH+](C)CC(=O)NC2=C(C=CC(=C2)Cl)Cl)Cl
1682,c 1 ( c n ( c ( = O ) n c 1 N ) [C@@H] 1 O [C@@H] ( [C@H] ( [C@@H] ( [C@H] 1 O ) O ) O ) C O ) C # C c 1 c c c ( c c 1 ) C C C C C,75 80 102 189 222 310 314 430 464 577 591 606 610 650 656 674 770 807 935 978 1019 1037 1057 1171 1176 1184 1234 1243 1380 1413 1444 1457 1487 1516 1751 1754 1862 1873 1887 1911 1954,C(#Cc1cn(c(=O)nc1N)[C@@H]1O[C@@H]([C@H]([C@@H]([C@H]1O)O)O)CO)c1ccc(cc1)CCCCC
1683,O = C ( N C C 1 C C O C C 1 ) c 1 c c ( n [nH] 1 ) c 1 c c c 2 O C C c 2 c 1,29 60 74 80 140 143 180 197 378 394 441 486 523 599 650 656 716 806 807 875 896 911 950 980 994 1019 1114 1160 1170 1325 1380 1405 1529 1677 1704 1738 1873 1905 2004,C1COCCC1C[Si](CC2CCOCC2)(CC3CCOCC3)C4=CC(=NN4)C5=CC6=C(C=C5)OCC6
1684,C C ( C N S ( = O ) ( = O ) C 1 = C N ( C = N 1 ) C ) C N 2 C C O C C 2,80 102 283 378 464 523 599 656 926 932 935 962 1057 1083 1145 1152 1221 1380 1399 1405 1441 1452 1480 1489 1791 1794 1849 1873 1918 1922,CC(CN1CCOCC1)CNC2=CN(C=N2)C
1685,F C ( F ) ( F ) c 1 c c c ( c c 1 ) c 1 o c ( C ) c ( n 1 ) C n 1 c 2 c ( c c ( c c 2 ) C [C@@H] ( O C C C ) C ( = O ) O ) c c 1,13 45 79 80 114 155 173 220 294 310 316 378 383 457 650 695 707 720 807 835 870 875 1047 1101 1136 1291 1387 1417 1453 1455 1604 1619 1665 1679 1722 1750 1754 1757 1765 1785 1801 1844 1855 1897 1918 1928 1990 2021,C1=CC2=C(C=CN2CC3=C(OC(=N3)C4=CC=C(C=C4)C(F)(F)F)C)C=C1CC(C5=NC(=C(O5)C)CN6C=CC7=C6C=CC(=C7)C(F)(F)F)(F)F
1686,C C 1 = N C 2 = C C = C C = C 2 C ( = C 1 ) C O C 3 = C C = C ( C = C 3 ) C ( = O ) N C 4 ( C C N ( C C 4 ) C 5 = C C = C C = C 5 ) C C ( = O ) N O,41 80 102 289 321 322 344 389 407 486 596 654 687 695 718 735 745 807 875 878 926 935 955 1057 1060 1062 1097 1152 1162 1199 1349 1357 1380 1385 1452 1520 1573 1631 1665 1697 1722 1731 1750 1774 1825 1831 1855 1873 1917 1994,C1C(C1)(NC(=O)c1ccc(cc1)OCc1cc(nc2c1cccc2)C)CC(=O)NO
1687,C O C ( = O ) C 1 ( C 2 C ( C C 1 = C ) C ( = O ) O C 2 = O ) C ( = O ) O C,35 231 281 301 314 348 455 650 656 695 807 833 841 854 941 1057 1060 1126 1152 1181 1279 1380 1583 1751 1810 1917 1924,COC(=O)C1(C2C(=O)OC(=O)C2=C1[Si](C)O[Si](C)C)C(=O)OC
1688,C 1 = C C ( = C C ( = C 1 ) [N+] ( = O ) [O-] ) N 2 C ( = O ) C 3 = C ( C 2 = O ) C = C ( C = C 3 ) C ( = O ) C 4 = C C = C ( C = C 4 ) O C 5 = C C = C ( C = C 5 ) C ( = O ) O,9 19 106 193 314 330 352 389 456 594 650 695 718 807 838 875 879 935 1039 1049 1138 1274 1286 1385 1610 1686 1697 1750 1809 1825 1846 1873 1917 1920 1963,C1=CC(=CC(=C1)[N+](=O)[O-])N2C(=O)C3=C(C2=O)C=C(C=C3)C(=O)C4=CC5=C(C=C4)C(=O)N(C5=O)C6=CC=C(C=C6)C(=O)O
1689,C C 1 = C N C 2 = C 1 C = C C 3 = C C = C C = C 3 2,118 203 418 434 806 1084 1087 1088 1104 1114 1199 1203 1357 1380 1391 1530 1573 1722 1733 1750 1855 1873 1879,C1=CC=C2C(=C1)C=CC3=C2NC=C3C
1690,c 1 2 n n ( c ( = O ) n 1 c 1 c ( c c c c 1 ) n c 2 O c 1 c c c ( c c 1 ) C ) C C ( = O ) N c 1 c c c c ( C ( F ) ( F ) F ) c 1,41 45 80 114 158 184 193 235 289 314 357 378 401 518 548 565 640 695 703 718 732 875 901 922 935 942 990 1039 1057 1088 1097 1101 1152 1199 1284 1285 1312 1341 1380 1417 1453 1617 1696 1722 1816 1823 1855 1873 1920 1928 2017,CC1=CC=C(C=C1)OC2=NC3=CC=CC=C3N4C2=NN(C4=O)CC(=O)NC5=CC=CC(=C5)C(F)(F)F
1691,C C O C ( = O ) c 1 n c n c c 1 S C,80 94 116 147 294 302 378 489 490 682 695 749 759 807 941 1025 1057 1154 1238 1380 1452 1535 1603 1722 1873,CCOC(=S=C1C=NC=NC=C1SC2=CN=CN=C2C(=O)OCC)OCC
1692,C 1 C N ( C C C 1 C ( = O ) O C C ( = O ) N C C O C 2 = C C = C C = C 2 ) C 3 = N C 4 = C C = C C = C 4 O 3,13 41 80 102 147 182 197 212 219 246 264 289 322 335 389 490 534 562 597 650 656 667 695 803 807 926 935 974 1019 1034 1088 1097 1128 1199 1267 1325 1380 1452 1480 1604 1750 1790 1808 1823 1837 1855 1873 1917 1963 1968 2004,C1CN(CCC1C(=O)OCC(=O)NCCOC2=CC=CC=C2)C(=O)C3=NC4=CC=CC=C4O3
1693,C 1 = C C ( = C C ( = C 1 ) N C ( = O ) C S ( = O ) ( = O ) C C ( = O ) N C 2 = C ( C = C ( C = C 2 ) Cl ) C ( = O ) O ) C 3 = C C = C ( C = C 3 ) F,41 80 90 165 184 191 216 352 389 561 650 703 736 745 785 807 875 896 901 954 1003 1039 1047 1088 1152 1160 1224 1380 1395 1410 1476 1612 1670 1683 1750 1856 1917 1951 1964 1991,C1=CC(=CC(=C1)NC(=O)CC(=O)NC2=C(C=C(C=C2)Cl)C(=O)O)C3=CC=C(C=C3)F
1694,C N 1 C = C ( C = C 1 C ( = O ) C 2 = C C = C ( C = C 2 ) Cl ) C ( = O ) C 3 = C C = [N+] ( C = C 3 ) [O-],9 105 216 246 275 386 463 464 488 561 573 650 715 791 804 807 816 935 1003 1057 1089 1145 1182 1314 1321 1380 1385 1409 1660 1683 1697 1750 1775 1873 1917,CN1C=C(C=C1C(=O)C2=CC=C(C=C2)C(=O)C3=CC=[N+](C=C3)[O-])Cl
1695,C C C ( C ( = O ) N C 1 = C C 2 = C ( C = C 1 ) O C C O 2 ) S C 3 = C ( C = C 4 C C ( C C C 4 = N 3 ) C 5 = C C = C C = C 5 ) C # N,1 32 80 127 184 191 231 294 361 378 389 398 440 465 573 650 656 674 738 762 790 807 843 866 875 880 926 950 1035 1067 1088 1136 1152 1158 1199 1236 1325 1380 1384 1507 1544 1574 1647 1663 1664 1738 1767 1816 1849 1855 1860 1862 1873 1917 2000,C1CC2=C(CC1[Si](C3=CC=CC=C3)(C4=CC=CC=C4)C(CC)C(=O)NC5=CC6=C(C=C5)OCCO6)C=C(C(=N2)C#N)C#N
1696,C C 1 = C C = C N 2 C 1 = N C ( = O ) C C 2 ( C ) C ( = O ) N C C C 3 = C C = C ( C = C 3 ) Cl,56 80 95 197 216 313 378 382 448 561 603 604 617 650 667 807 816 828 856 926 927 935 940 1045 1225 1232 1243 1249 1274 1380 1507 1659 1683 1722 1768 1840 1873 1917 1977,C1N2C=CC=C(C2=NC(=N1)C(=O)[Si](CCC3=CC=C(C=C3)Cl)(C(=O)C4=NC(=CC=C4C)Cl)C(=O)C5=CC=C(C=C5)Cl)C
1697,Br c 1 c c c ( s 1 ) C ( = O ) C ( C # N ) c 1 n c 2 c c c c c 2 s 1,1 241 289 378 386 419 461 557 623 650 675 701 728 807 885 954 980 1013 1088 1091 1199 1369 1380 1459 1528 1623 1626 1631 1750 1873 1917,C1=CC=C2C(=C1)SC(=NS2)C(C(=O)C3=CC=C(S3)Br)C(=O)C4=CC=C(S4)Br
1698,C 1 C C [C@H] ( [C@@H] ( C 1 ) N C ( = O ) C 2 = C C ( = C C ( = C 2 ) [N+] ( = O ) [O-] ) [N+] ( = O ) [O-] ) N C ( = O ) C 3 = C C ( = C C ( = C 3 ) [N+] ( = O ) [O-] ) [N+] ( = O ) [O-],361 387 482 486 650 715 840 875 890 1019 1028 1152 1195 1249 1274 1325 1380 1388 1563 1809 1873 1917 2036,C1CCC(C1)NC(=O)C2=CC(=CC(=C2)[N+](=O)[O-])[N+](=O)[O-]
1699,C C ( = N N C ( = O ) C 1 = N N C ( = O ) C 1 ) C,314 318 334 378 416 650 700 725 728 807 1017 1114 1119 1152 1226 1353 1380 1564 1798 1878 2019,CC(=NNC(=NNC1=NNC(=O)N=C1C(=NNC(=O)C2=NNC(=O)N=C2C(=NNC(=O)NN=C(C)C)C)C3=NNC(=O)N=C3)C4=NNC(=O)N4)C
1700,C O C 1 = C C ( = C ( C = C 1 ) O C ) [C@H] ( C N C ( = O ) C 2 = C C = C N C 2 = O ) O,42 80 197 237 267 322 486 581 606 650 695 718 806 807 841 1088 1114 1152 1317 1362 1500 1506 1536 1601 1616 1750 1783 1873 1966 1972 2014,C1=CNC(=C1)C(=O)NC[P+](c1ccc(cc1)OC)(c1ccc[nH]1)c1ccc(cc1)OC
1701,C N ( C 1 C C C 2 = C C = C C = C 1 2 ) C ( = O ) C 3 = C C ( = C N 3 ) N,143 371 375 482 806 807 875 881 926 981 1019 1027 1057 1088 1114 1137 1163 1171 1199 1236 1325 1380 1445 1457 1487 1708 1719 1738 1750 1791 1873 1879 1917,CN(C1CCC2=CC=CC=C12)C(=O)C3=CC(=CN3)N
1702,C [C@H] 1 C C C C O [C@@H] ( [C@H] ( C N ( C ( = O ) C 2 = C ( O 1 ) C = C C ( = C 2 ) N C ( = O ) N C 3 = C ( O N = C 3 C ) C ) [C@H] ( C ) C O ) C ) C N ( C ) S ( = O ) ( = O ) C 4 = C C = C ( C = C 4 ) Cl,56 92 191 192 213 216 245 248 283 314 317 319 350 361 378 381 461 475 490 544 561 650 656 679 715 739 750 769 802 815 834 835 843 875 879 881 890 935 950 998 1015 1019 1028 1035 1152 1169 1214 1249 1309 1325 1380 1516 1542 1637 1683 1716 1722 1750 1797 1816 1873 1905 1917 1918 2027,C1CCO[C@H](C1)CN(C2=NOC(=C2)C)S(=O)(=O)C3=CC=C(C=C3)NC(=O)N4C(=O)C5=C(OC(C4)CN(C6=NOC(=C6)C)S(=O)(=O)C7=C(ON=C7C)C)C
1703,C C C O C ( = O ) C 1 = C ( N = C 2 C C C C ( = O ) [C@H] 2 [C@H] 1 C 3 = C C = N C = C 3 ) C,13 89 145 147 167 370 378 383 515 629 695 794 841 870 892 926 927 958 1019 1028 1055 1057 1075 1169 1208 1279 1321 1380 1453 1581 1592 1603 1634 1722 1750 1866 1873 2004 2045,CC1=C([C@H]([C@@H]2C(=N1)CCCC2=NC)C3=CC=NC=C3)C(=O)OCCC
1704,C C ( C ) ( C ) N ( C ( C 1 = C C = C C ( = C 1 ) C = C ) C ( = O ) N C ( C C 2 = C C = C C = C 2 ) C ( = O ) O C ( C ) ( C ) C ) C ( = O ) C ( C O ) N C ( = O ) O C ( C ) ( C ) C,1 79 114 117 151 156 222 227 231 392 426 460 465 482 573 650 694 695 736 752 846 857 875 881 1038 1040 1066 1088 1152 1199 1242 1353 1365 1366 1380 1453 1458 1485 1508 1581 1645 1687 1750 1758 1859 1902 1917 1977 2006 2016 2033,C=Cc1ccccc1C(C(=O)N[C@H](C(=O)N(C(C)(C)C)C(C)(C)C)Cc1ccccc1)C(=O)N[C@H](C(=O)OC(C)(C)C)CO
1705,C N 1 C C C C ( C 1 ) C O C 2 = C C = C ( C = C 2 ) C ( = O ) C 3 = C ( S C 4 = C 3 C = C C ( = C 4 ) O ) C 5 = C C = C ( C = C 5 ) O,9 29 80 102 162 207 322 381 446 484 586 650 675 695 739 749 834 841 845 875 876 885 896 935 1019 1028 1048 1057 1136 1145 1160 1313 1325 1326 1328 1357 1380 1449 1452 1480 1534 1602 1697 1733 1746 1873 1917,CN1CCCC(C1)COC2=CC=C(C=C2)C3=C(C4=C(S3)C=C(C=C4)O)C(=O)C5=C(SC6=C5C=CC(=C6)O)C7=CC=C(C=C7)OCC8CCCN(C8)C
1706,O ( / N = C ( \ N ) / C c 1 c 2 c ( c c c 1 ) c c c c 2 ) C ( = O ) c 1 c c c ( c c 1 ) C,140 145 325 431 459 489 606 650 660 695 807 1039 1057 1088 1092 1104 1171 1199 1349 1357 1380 1385 1573 1597 1717 1722 1750 1823 1855 1920 2025,CC1=CC=C(C=C1)C(=O)O/N=C(/CC2=CC=CC3=C(C=CC=C23)C/C(=N/OC(=O)C4=CC=C(C=C4)C)/N)\N
1707,C C C ( C C ) N 1 C 2 = C ( C ( = N C ( = C 2 ) C ) N C 3 = C ( C = C ( C = C 3 C ) C ) C ) N ( C 1 = O ) C,60 80 247 314 322 378 381 491 506 528 564 650 742 771 772 862 935 1030 1057 1122 1145 1152 1159 1182 1320 1380 1391 1440 1520 1579 1634 1722 1731 1823 1855 1873 1953,CC1=CC(=C(C(=C1)C)NC2=NC(=CC3=C2N(C(=O)N3C)CP4C=CC=N4)C)C
1708,C N ( C ) C C 1 = C C = C ( O 1 ) C C C C N C ( = O ) N C 2 = C C = C ( C = C 2 ) I,80 191 197 250 425 503 507 592 650 652 656 807 881 893 947 1070 1152 1163 1184 1243 1380 1494 1582 1604 1750 1764 1794 1816 1873 1876 1911 1917 1934,C1=C(OC(=C1)CCCCNC(=O)NC2=CC=C(O2)CN(C)C)CN(C)C
1709,C 1 = C C = C 2 C ( = C 1 ) O P ( O 2 ) N = [N+] = [N-],7 487 503 656 725 730 740 1088 1199 1285 1320 1380 1449 1481 1493 1541 1551 1750 1873 1905,C1=CC=C2C(=C1)OP(O2)N=[N+]=[N-]
1710,C C ( = C ( C C C C C C C C C C C C C C C C C C ( = O ) N ) C C C C C C C C C C C C C C C C C C ( = O ) N ) C,120 140 366 545 650 807 1057 1092 1143 1171 1267 1564 1645 1911 1917,C/C(=C(\CCCCCCCCCCCCCCCCCCCCCCCCCCCCCCCCCCCCCCCC(=O)N)/C(=O)N)/CCCCC(=O)N
1711,C C C 1 = C ( C = C ( C = C 1 O C ) [C@H] ( [C@@H] ( C C 2 C C 3 = C C = C C = C 3 C 2 ) C N 4 C = C C ( = C 4 ) C C ( = O ) O ) O ) O C,1 29 80 195 220 227 231 249 294 325 389 464 525 552 611 628 650 695 722 772 841 856 875 886 914 926 1019 1057 1088 1101 1181 1199 1230 1236 1365 1373 1414 1465 1536 1544 1627 1708 1718 1737 1750 1774 1844 1873 1917 1922 1970,COC1=CC(=CC(=C1)C(C(CC2CC3=CC=CC=C3C2)CN4C=CC(=C4)CC(=O)O)O)C(C(CC5CC6=CC=CC=C6C5)CC7CC8=CC=CC=C8C7)O
1712,C C O C 1 = C C = C C = C 1 N C ( = O ) C 2 = C ( C = C C ( = C 2 ) S ( = O ) ( = O ) N C C 3 = C C = C O 3 ) F,80 198 216 237 294 317 350 474 486 502 650 656 695 715 724 787 807 847 875 934 947 1057 1080 1167 1199 1224 1372 1380 1410 1466 1476 1518 1626 1696 1750 1785 1873 1896 1912 1917 1926 1928 1934 1970 1991,CCOC1=CC=CC=C1NC(=O)C2=CC(=C(C=C2C(=O)NC3=CC=CC=C3OCC)C(=O)NC4=CC=CC=C4OCC)S(=O)(=O)NCC5=CC=CO5
1713,C ( # N ) C 1 = C ( N = C ( N 1 ) [N+] # N ) C # N,147 243 285 290 674 790 853 1136 1290 1380 1384 1510 1616 1721 1745 1750 1855,C1=CC2=C(C1=C(C3=CC=C(C(=C3)C#N)C#N)C#N)C(=C4C=CC(=C(C#N)C#N)C=C4)C(=C2)C#N
1714,C C C C N 1 C ( = O ) C 2 C ( N ( C ( C 2 C 1 = O ) ( C 3 = C C = C ( C = C 3 ) C ( = N ) N ) C ( = O ) O ) C C C ( = O ) N ) C C 4 = C C = C C = C 4,5 153 184 294 314 338 389 458 578 588 591 621 623 794 935 991 1002 1019 1057 1066 1088 1104 1127 1145 1148 1171 1181 1380 1385 1456 1470 1564 1621 1659 1697 1750 1754 1800 1873 1882 1883 1898 1917 1947,CCCCN1C(=O)C(C(=O)N(C1=C(C2=CC=C(C=C2)C(=N)N)C(=N)C3=CC=C(C=C3)C(=N)N)CCCC)CC4=CC=CC=C4
1715,C C 1 ( C / C ( = N \ N ( C ) C ) / C C ( = O ) C 1 ) C,179 225 290 314 725 881 1057 1060 1082 1163 1274 1301 1330 1355 1380 1440 1487 1489 1564,CC1(C/C(=N\N(C)C)/CC(=O)C/C(=N\N(C)C)/CC(=O)C1)C
1716,[C@@H] 1 ( [C@@] ( C 1 ) ( C ( = O ) O ) C c 1 c c c c c 1 ) c 1 c c c c c 1,80 184 254 286 389 679 807 1019 1060 1066 1088 1115 1380 1663 1723 1734 1750 1754 1760 1838 1850 1873 1917 1950,C1=CC=C(C=C1)CC2(CC2C3=CC=CC=C3)C(=O)O
1717,C C N 1 C C C C 1 C N ( C C 2 = C N = C C = C 2 ) C C 3 = C C = C N 3 C 4 = C N = C C = C 4,34 95 166 294 378 437 446 507 563 645 834 881 926 930 935 1019 1028 1043 1049 1057 1066 1088 1101 1191 1225 1267 1325 1367 1380 1501 1535 1552 1586 1603 1644 1676 1700 1714 1750 1754 1777 1825 1866 1873 1991,CCN1C(CCCN1C2=CN=CC=C2)CN(CC3=CN=CC=C3)CC4=CC=CN4C5=CN=CC=C5
1718,C C ( C ) ( C ) S ( = O ) ( = O ) N C 1 C C C ( C C 1 ) C ( = O ) N C 2 = C C = C ( C = C 2 ) N 3 C C C ( C 3 ) N,9 20 32 114 171 191 197 233 335 350 407 650 689 739 785 807 843 898 911 926 935 974 1053 1057 1066 1078 1275 1325 1405 1476 1480 1630 1750 1816 1825 1832 1862 1917 1957,CC(C)(C)S(=O)(=O)N1CCN(CC1C(=O)NC2=CC=C(C=C2)N3CCC(C3)N)C4=CC=C(C=C4)NC(=O)C5CC5
1719,C C O C ( = O ) C C N C ( = O ) N C 1 = C C ( = C ( C ( = C 1 ) C ( C ) C ) O S ( = O ) ( = O ) N C ( = O ) C C 2 = C ( C = C ( C = C 2 C ( C ) C ) C ( C ) C ) C ( C ) C ) C ( C ) C,1 41 80 121 197 237 283 294 307 333 339 350 425 474 650 677 695 807 865 875 1057 1144 1152 1238 1331 1365 1371 1380 1386 1458 1476 1564 1695 1722 1804 1816 1873 1917 1989 1990 1998 2030 2033,CCOC1=CC(=CC(=C1OCC)C(C)S(=O)(=O)NC(=O)NCNC(=O)CCC(=O)OCC)C(C)S(=O)(=O)C(C)C
1720,C C 1 = C C ( = C ( C = C 1 ) C ( C ) C ) O C C ( = O ) N N C ( = O ) C O C 2 = C C = C ( C = C 2 ) C ( C ) ( C ) C C ( C ) ( C ) C,80 102 114 192 235 237 350 392 630 695 718 733 745 805 807 875 997 1013 1110 1115 1152 1187 1417 1452 1594 1665 1706 1713 1750 1823 1873 1917 1970 2004,C1=CC(=C(C=C1)C(C)(C)CC(C)(C)C)OCC(=O)NNC(=O)COC2=CC=C(C=C2)C(C)(C)CC(C)(C)C
1721,C ( C C C C ( = O ) O ) C C C ( = O ) N N,80 389 650 807 814 1110 1143 1152 1171 1229 1267 1287 1564 1701 1718 1737 1794 1911 1917,C(CCCCCC(=O)O)CCCCCC(=O)O
1722,C C 1 = C S C ( = N 1 ) [C@@H] ( C ) N ( C ) C ( = O ) C 2 = C C 3 = C ( C ( = C 2 ) N C ( = O ) C C O C ) N ( C ( = N 3 ) C 4 = C C = C C = C 4 ) C,1 13 41 127 283 315 378 389 486 490 510 512 552 564 612 650 695 736 750 807 813 841 875 880 881 935 1005 1091 1145 1152 1160 1163 1199 1221 1224 1380 1385 1440 1469 1564 1567 1588 1644 1663 1731 1750 1816 1819 1855 1873 1924 1948 2044,C1=CC=C(C=C1)C2=NC3=C(N2C)C(=CC(=C3)C(=O)N(C)C(C)C4=NC(=CS4)C)NC(=O)CCOC
1723,C C 1 = C C ( = C ( C = C 1 ) C ) O C C N 2 C ( = O ) / C ( = C / C 3 = C C ( = C ( C = C 3 ) O C C 4 = C C = C ( C = C 4 ) Br ) O C ) / S C 2 = O,13 25 94 235 249 273 310 314 411 588 650 675 694 695 728 745 755 790 875 879 909 935 947 948 1027 1057 1110 1145 1245 1380 1391 1452 1469 1518 1631 1649 1691 1750 1754 1823 1832 1970 2033 2044,CC1=CC(=C(C=C1)C)OCCN2C(=O)/C(=C/C3=CC=C(C=C3)Br)/SC2=O
1724,C N 1 C = C C 2 = C C 3 = C ( C C N 3 ) C = C 2 C 1 = O,53 107 305 314 477 650 732 836 875 926 935 1057 1062 1101 1114 1145 1181 1236 1357 1380 1409 1479 1617 1738 1785 1846 1855 1982,CN1C=CC2=CC3=C(C=C2C1=O)NCC3
1725,C C 1 = C C ( = C ( C = C 1 ) N C ( = O ) [C@@H] ( C ) O C ( = O ) C 2 = C C ( = C C ( = C 2 ) N C ( = O ) C ) N C ( = O ) C ) C,1 69 84 110 145 191 204 235 245 283 530 573 650 695 849 875 1013 1017 1057 1117 1269 1297 1327 1380 1385 1391 1442 1509 1632 1722 1750 1816 1823 1845 1861 1873 1917,CC1=CC(=C(C=C1)NC(=O)C(C)OC(=O)C2=CC(=CC(=C2)NC(=O)C)NC(=O)C)C
1726,C C O C 1 = C C = C C = C 1 C ( = O ) N C 2 = C C = C C = C 2 C ( = O ) N C 3 = C C ( = C C ( = C 3 ) C ( = O ) O ) C ( = O ) O,80 84 143 191 237 287 294 389 425 456 486 500 650 745 847 875 947 1088 1114 1138 1199 1224 1238 1380 1385 1410 1447 1509 1696 1750 1873 1917 1970 1978 1991,CCOC1=CC=CC=C1C(=O)NC2=CC=CC=C2C(=O)NC3=CC(=CC(=C3)C(=O)O)C(=O)O
1727,C N ( C ) C 1 = C C = C ( C = C 1 ) N = N C 2 = C C = C ( C = C 2 ) N 3 C ( = O ) C 4 C C = C 5 C ( C 4 C 3 = O ) C C 6 ( C ( = O ) N ( C ( = O ) C 6 ( C 5 C 7 = C ( C = C C ( = C 7 ) O C ) O ) Cl ) C Br ) Cl,5 80 113 129 202 207 221 233 251 255 314 322 361 455 509 522 588 598 650 679 695 718 728 748 781 807 841 875 881 926 935 954 960 998 1019 1060 1096 1156 1163 1176 1277 1337 1379 1380 1457 1475 1511 1527 1536 1583 1602 1607 1667 1680 1683 1695 1700 1734 1750 1781 1825 1832 1873,C1C=C2[C@@H](C[C@]3(C(=O)N(C(=O)[C@]3([C@H]2C4=C(C=CC(=C4)N(C)C)O)Cl)CBr)Cl)[C@@H]5[C@H]1C(=O)N(C5=O)C6=CC=C(C=C6)OC
1728,C 1 C C C ( C 1 ) ( N C ( = O ) c 1 s c 2 c c c c c 2 c 1 ) C ( = O ) N [C@@H] ( C ( = O ) N C C C ( = O ) N 1 C C N ( C C 1 ) C 1 C C O C C 1 ) C c 1 c c c c c 1,79 117 162 173 197 237 310 344 389 440 486 523 558 573 609 650 656 667 675 736 760 807 857 885 926 935 996 1009 1019 1028 1060 1087 1088 1152 1162 1199 1242 1274 1324 1339 1380 1405 1480 1560 1564 1568 1589 1616 1638 1736 1775 1854 1855 1873 1910 1917 2021 2030 2039,C1CCC(C1)(C(=O)N[C@H](CCC(=O)N2CCN(CC2)C3CCOCC3)C(=O)NCCC(=O)N4CCN(CC4)C5CCOCC5)NC(=O)C6=CC7=CC=CC=C7S6
1729,C N ( C ) C 1 = C C ( = C ( C = C 1 ) [N+] ( = O ) [O-] ) C ( = O ) O C,145 354 695 715 716 820 838 841 875 881 906 936 1152 1163 1195 1348 1379 1380 1652 1700 1750 1873 1917 1963,CN(C)C1=CC(=C(C=C1)[N+](=O)[O-])C(=O)OC
1730,C 1 C O C 2 = C ( O 1 ) C = C ( C ( = C 2 ) Br ) C ( C 3 = C C = C C = C 3 I ) N,1 5 441 505 582 806 875 888 926 947 950 1088 1171 1199 1237 1380 1505 1619 1668 1750 1860 1873 1905 1937,C1COC2=C(O1)C=C(C=C2I)[P+](C3=CC=CC=C3I)(C4=CC=CC=C4I)C5=CC=CC=C5I
1731,C O C 1 = C C = C ( C = C 1 ) / C = C / 2 \ C O N = C 2 C 3 = C C = C C = C 3,274 322 348 378 389 395 421 576 609 656 694 695 718 724 736 781 831 841 1057 1088 1160 1199 1380 1503 1523 1571 1673 1773 1873 2033,COC1=CC=C(C=C1)/C=C/2\CON=C2C3=CC=CC=C3
1732,C C 1 = C ( O C 2 = C 1 C = C ( C = C 2 ) O C ) C ( = O ) N [C@@H] ( C ) C ( C ) C,1 60 117 224 252 283 322 348 368 486 650 695 718 722 741 781 807 841 853 875 887 1057 1152 1357 1380 1604 1722 1750 1773 1808 1810 1873 1917 1972 1987,CC1=C(OC2=C1C=C(C=C2)OC)C(=O)NC(C)C(C)C
1733,C C 1 = N N ( C ( = C 1 C = C C ( = O ) N 2 C C C N 2 C ( = O ) C S C C ( = O ) N C 3 = C C = C C = N 3 ) Cl ) C,19 31 41 80 92 116 126 181 350 378 429 448 561 619 650 676 694 706 807 835 926 935 953 991 1009 1028 1057 1065 1083 1088 1099 1105 1152 1155 1199 1236 1243 1312 1328 1342 1380 1455 1480 1683 1816 1827 1866 1873 1912 1917 1956 1959,CN1C(=C(C(=N1)C)/C=C/C(=O)N2CCC2)Cl
1734,C C ( C ) N ( C C ( = O ) N ) C C ( = O ) N C 1 = C C 2 = C ( C = C 1 ) O C 3 = C C = C C = C 3 2,1 41 80 140 184 191 268 283 368 650 656 807 845 875 881 901 904 907 1057 1088 1128 1133 1152 1171 1190 1199 1245 1357 1380 1570 1573 1604 1693 1808 1810 1816 1818 1873 1883 1898 1917,CC(N(CC(=O)N)CC(=O)NC1=CC2=C(C=C1)OC3=CC=CC=C32)N(CC(=O)N)CC(=O)N
1735,C [C@H] 1 [C@H] ( N C C [C@@H] 1 O ) C,163 305 807 849 921 1019 1057 1114 1240 1257 1309 1325 1507,C[C@H]1[C@@H](CCN[C@H]([C@@H](CCN1)O)C)O
1736,C C 1 = C C ( = C C ( = C 1 ) N 2 C ( = O ) C 3 = C C = C C = C 3 N = C 2 S [C@H] ( C ) C ( = O ) N ( C ) C ) C,1 112 116 158 199 289 314 378 389 410 460 504 682 747 787 807 819 875 881 888 935 1088 1097 1162 1163 1199 1295 1357 1507 1540 1602 1653 1722 1750 1823 1825 1873 1917 1953 1993,C1=CC(=CC(=C1)N2C(=O)C3=CC=CC=C3N=C2S[C@H](C)C(=O)N(C)C)C
1737,C C C [C@@H] ( C ) [C@@H] 1 C 2 = C ( C = C ( C = C 2 ) N ) O C ( = C 1 C # N ) N,1 46 49 186 217 239 283 432 599 647 656 674 739 790 794 875 888 907 919 932 1019 1039 1057 1168 1171 1283 1380 1384 1457 1693 1810 1824 1873 1905,CCCC(C)C1C(=C(OC2=C1C=CC(=C2)N)N)C#N
1738,S ( = O ) ( = O ) ( N = C ( N c 1 c c c ( c c 1 ) C ) C S C ( = O ) N ) c 1 c c c c c 1,140 191 198 319 350 364 575 650 725 993 1057 1077 1089 1152 1171 1199 1268 1380 1476 1542 1722 1750 1794 1816 1873 1917 1920 1959 2015,CC1=CC=C(C=C1)N/C(=N/S(=O)(=O)C2=CC=CC=C2)/NC(=O)N=S(=O)(C3=CC=CC=C3)N
1739,C c 1 c c c ( C ( = O ) N 2 C C O C [C@H] 2 C c 2 c c c c ( c 2 ) c 2 n o c n 2 ) c ( c 1 ) n 1 n c c n 1,11 43 67 80 192 217 235 242 250 378 431 459 464 523 650 656 736 786 807 860 875 879 901 926 935 941 950 1004 1013 1057 1066 1088 1160 1288 1295 1380 1385 1441 1452 1480 1504 1521 1540 1552 1558 1599 1722 1750 1823 1825 1866 1873 1909 1917 1923 1991,Cc1ccc(C(=O)N2CCOC[C@H]2Cn2nccn2)c(c1)n1nccn1
1740,C ( [C@H] 1 [C@@H] ( [C@H] ( [C@H] ( [C@@H] ( O 1 ) O ) O ) O ) O ) O,80 158 222 432 576 610 807 1019 1037 1234 1487 1764 1844 1921,C([C@@H]1[C@H]([C@@H]([C@H]([C@@H](O1)[C@H]2[C@@H]([C@H]([C@@H]([C@H](O2)CO)O)O)O)O)O)O)[C@@H]3[C@@H]([C@H]([C@@H]([C@H](O3)CO)O)O)O
1741,C 1 C O C C C 1 ( C N C ( = O ) C = C C 2 = C C = C ( C = C 2 ) F ) C 3 = C C = C C = C 3,31 80 89 90 141 197 327 389 483 523 694 699 772 807 835 878 926 933 950 1060 1088 1152 1162 1186 1199 1308 1380 1405 1410 1727 1824 1830 1873 1917 1928,C1COCCC1(CNC(=O)/C=C/C2=CC=C(C=C2)F)C3=CC=CC=C3
1742,C C C C N ( C C C C ) C ( C ) C ( C C ) N,1 80 166 283 294 348 510 668 786 794 881 980 1057 1171 1544 1570 1854 1911,CCC(C(C)N(CCCC)C(C)C(C)N(CC(C(C)N)N)C(C)C(CC)N)N
1743,C C C 1 = N C ( = C C = C 1 ) C ( = O ) O C C,80 145 147 172 294 361 378 471 650 695 701 724 855 917 1039 1088 1238 1380 1496 1568 1722 1750 1799 1855 1873 1917,CCC1=NC(=CC=C1)C(=O)OCC
1744,C C 1 = N C ( = C ( S 1 ) C 2 = C C = C C = C 2 ) C ( = O ) N ( C C 3 = C C = C O 3 ) C 4 = C C ( = C C = C 4 ) Cl,127 162 165 216 378 474 490 543 547 569 592 624 656 675 783 787 807 875 876 881 913 1088 1114 1160 1199 1221 1323 1326 1380 1438 1518 1683 1722 1750 1855 1873 1896 1917 1926 1934,C1=CON=C1N(C2=CC=CO2)C(=O)C3=C(SC(=N3)C4=CC(=CC=C4)Cl)C5=CC=C(C=C5)Cl
1745,C 1 = C C = C ( C ( = C 1 ) C N 2 C = C ( C 3 = C C = C C = C 3 2 ) / C = N \ N C ( = O ) C 4 = C C 5 = C ( S 4 ) C = C C ( = C 5 ) [N+] ( = O ) [O-] ) C # N,45 63 80 162 201 318 361 419 464 486 556 650 675 694 702 715 725 807 838 860 885 906 924 935 952 961 1088 1152 1156 1181 1195 1199 1242 1274 1285 1339 1349 1357 1380 1384 1454 1455 1499 1503 1573 1597 1750 1809 1814 1855 1862 1867 1917 1940 1963 1992,C1=CC=C(C(=C1)CN2C=C(C3=CC=CC=C32)/C=N\NC(=O)C4=CC5=C(S4)C=CC(=C5)[N+](=O)[O-])CN6C=C(C7=CC=CC=C76)/C=N\NC(=O)C8=CC9=C(S8)C=C=C9)[O-]
1746,C O C 1 = C ( C = C 2 C ( = O ) C [C@H] ( C 2 = C 1 ) N ) O C,249 314 352 587 650 751 826 841 926 1019 1027 1057 1076 1171 1245 1380 1429 1459 1536 1663 1832 1873 1970,COC1=C(C=C2C(=O)CC(C2=C1)N)OC
1747,C C O C 1 = C ( C = C ( C = C 1 ) S ( = O ) ( = O ) N ( C C 2 = C C = C C = C 2 ) C C ( = O ) N [C@H] ( C ) C 3 = C C ( = C ( C = C 3 ) O C ) O C ) C,80 94 117 208 237 249 283 294 319 350 389 425 507 532 650 695 715 785 807 815 841 847 875 881 1057 1152 1190 1199 1238 1296 1328 1365 1380 1391 1452 1536 1544 1627 1722 1724 1754 1853 1873 1929 1970 2012,CCOC1=C(C=C(C=C1)S(=O)(=O)N(CC2=CC(=C(C=C2)OC)C)C/C(=C/3\C=CC=CC=C3)/N[C@@H](C)C4=CC(=C(C=C4)OC)C)C
1748,C 1 C [C@@H] ( C N ( C 1 ) C C 2 = C ( C = C C ( = C 2 ) F ) F ) N,216 249 446 739 875 926 1019 1068 1171 1325 1349 1410 1422 1487 1666 1670 1764 1791 1792 1832 1840 1862 1873 1928,C1CC(CN(CC1N)CC2=C(C=CC(=C2)F)F)N
1749,C C 1 = C ( C = C ( C = C 1 ) F ) N C ( = O ) C N 2 C = N C 3 = C 2 N ( C ( = O ) N ( C 3 = O ) C ) C,41 74 400 519 564 583 658 699 771 807 875 932 935 1057 1095 1145 1152 1224 1258 1284 1298 1312 1375 1380 1391 1410 1452 1455 1487 1633 1691 1722 1750 1805 1816 1819 1873 1928,CC1=C(C=C(C=C1)F)NC(=O)CN2C=NC3=C2N(C(=O)N3C)C
1750,C C = C = C C ( C ) ( C ) C,114 392 674 997 1057 1076 1414 1491 1561 1894 1925,CC(C)(C)C=C=C=C=C=C=C=C=C=CC(C)(C)C
1751,C C ( C 1 = C ( C = C C ( = C 1 ) F ) O C 2 = C C = C C = C 2 C ( = O ) N ) O,94 140 227 237 283 309 411 695 699 794 807 875 1057 1134 1199 1380 1410 1447 1468 1487 1617 1670 1750 1873 1928 1991 2001,COOC1=C(C=C(C=C1)F)OC2=CC=CC=C2C(=O)N
1752,C C ( C ) N ( C C ( = O ) N ) C ( = O ) c 1 c n c ( s 1 ) c 1 c c c 2 O C O c 2 c 1,1 80 140 160 184 325 378 419 441 546 650 656 675 702 738 800 875 881 926 1035 1057 1160 1190 1221 1254 1366 1380 1452 1535 1647 1769 1800 1861 1863 1873 1898 1905 1917,C=[Si](C)(C)CN(C(=O)C1=CC2=C(C=N1)OCO2)C(=O)C3=CC4=C(C=N3)OCO4
1753,C C 1 = C ( C ( = N N 1 C 2 = C C = C C = C 2 ) C ) C [NH+] ( C ) [C@@H] ( C ) C ( = O ) N ( C ) C,1 53 80 92 257 283 378 389 460 471 518 650 704 807 881 935 1049 1057 1064 1163 1182 1199 1295 1380 1440 1653 1703 1722 1750 1766 1825 1832 1873 1917 1951 1956 1972 2031,CC1=NN(N=C1C)C2=CC=CC=C2[NH+](C)[C@@H](C)C(=O)N(C)C
1754,C O C 1 = C C = C C ( = C 1 O C ) / C = C / C ( = O ) O C C ( = O ) N 2 C C C C [C@@H] 2 C ( = O ) N,31 80 140 147 176 193 242 333 354 472 695 807 835 841 890 926 935 961 1009 1019 1028 1039 1057 1073 1088 1107 1171 1295 1325 1380 1410 1425 1429 1480 1536 1563 1588 1599 1750 1873 1917 1970 1998 2004 2029,COC1=C(C(=CC=C1)OC)OC)/C=C/C(=O)OCC(=O)N2CCCCC2C(=O)N
1755,C [C@H] ( C 1 = C C = C ( C = C 1 ) Cl ) [NH2+] [C@H] ( C ) C ( = O ) N C ( = O ) N,1 57 216 283 509 561 573 650 755 807 816 941 1007 1017 1152 1171 1338 1365 1380 1526 1680 1683 1750 1853 1873 1917,C1=CC(=CC=C1C(C)[Se]NC(=O)C(C)C(=O)NO)Cl
1756,C C 1 = C N = C ( C = C 1 ) N C ( = S ) N C ( = O ) C 2 = C C = C C = C 2 Br,57 97 110 185 235 378 601 650 723 728 742 807 833 860 967 1057 1088 1099 1119 1152 1199 1312 1380 1436 1447 1452 1535 1542 1631 1722 1750 1816 1865 1873 1917 1991,CC1=CN=C(C=N1)NC(=S)NC(=O)C2=CC=CC=C2Br
1757,C 1 = C C = N C ( = C 1 ) C ( = O ) N N = C C 2 = C C = C ( O 2 ) [N+] ( = O ) [O-],255 270 318 364 471 486 552 650 656 694 715 725 753 807 838 855 864 924 1035 1056 1088 1152 1192 1195 1199 1216 1380 1452 1604 1655 1683 1750 1794 1866 1867 1873 1917 1963 1992,C1=CC=C(C(=C1)C(=O)N/N=C/C2=CC=C(O2)[N+](=O)[O-])C(=O)N/N=C/C3=CC=C(O3)[N+](=O)[O-]
1758,C C 1 = C ( C ( C 2 = C ( N 1 ) C C ( C C 2 = O ) ( C ) C ) C 3 = C C = C ( C = C 3 ) O C ) C ( = O ) N C 4 = N C 5 = C ( S 4 ) C = C C ( = C 5 ) Br,149 162 256 257 265 317 322 378 385 486 505 570 624 650 674 675 695 716 781 807 831 841 875 885 926 961 966 1019 1057 1060 1079 1097 1114 1152 1180 1181 1274 1279 1301 1380 1390 1464 1487 1536 1651 1750 1803 1816 1855 1873 1917 2034,CC1(C)CC(C)(C)C(=C(C(=O)Nc2sc3ccc4sc(nc4c3n2)NC(=O)C2=C(C)NC(=C(C2c2ccc(cc2)OC)C(=O)Nc2nc3c(s2)ccc(c3)OC)C)C1)C
1759,C 1 = C C = C ( C ( = C 1 ) O C C O C 2 = C C = C C ( = C 2 ) O ) Br,57 65 392 562 676 707 728 745 807 875 1034 1039 1088 1199 1380 1390 1452 1501 1518 1602 1631 1750 1873 1970,C1=CC=C(C(=C1)OC#CC2=CC=CC(=C2)O)Br
1760,c 1 c c ( c c c 1 n 1 c ( c c ( n 1 ) C ( C ) ( C ) C ) N C ( = O ) N c 1 c c c ( c 2 c 1 c c c c 2 ) c 1 c c c ( c c 1 ) C N 1 C C O C C 1 ) C,20 56 80 114 222 233 235 310 319 352 368 378 573 594 650 656 680 755 784 807 875 896 926 935 950 1036 1055 1088 1152 1224 1339 1357 1380 1387 1405 1440 1441 1480 1573 1683 1750 1754 1765 1771 1791 1799 1816 1823 1825 1852 1856 1873 1917 1920 1956 1989,C1COCCN1CC2=CC=C(C=C2)C3=CC=C(C4=CC=CC=C43)NC(=O)NC5=CC(=NN5C6=CC=C(C=C6)C)C(C)(C)C
1761,C 1 = C C = C ( C = C 1 ) C 2 C 3 = C ( C 4 = C ( C = C C = N 4 ) C = C 3 ) O C 5 = C 2 C ( = O ) N C = N 5,40 203 378 389 448 449 528 650 656 713 750 802 806 819 899 1019 1027 1039 1043 1087 1088 1171 1199 1279 1294 1380 1385 1452 1453 1663 1704 1724 1750 1866 1873 1939 1964 1965 2034,C1=CC=C(C=C1)C2C3=C(C4=C(C=CC=N4)C=C3)OC5=C2C=CC6=C5N=CC=C6
1762,C C ( = O ) N 1 C ( = O ) N ( [C@] 2 ( [C@@] 1 ( N ( C ( = O ) N 2 C ( = O ) C ) C ) C ) C ) C,92 275 285 314 650 935 970 1017 1057 1195 1255 1274 1300 1363 1380 1560 1576,C/C(=C/1\C(=O)N(C(=O)N1C(=O)C)N2C(=O)N(N(C2=O)C(=O)C)C(=O)C)/C
1763,C O C 1 = C C ( = C C ( = C 1 O C ) O C ) C ( = O ) N C C ( = O ) N = N C 2 = C ( N ( C 3 = C C = C C = C 3 2 ) C C ( = O ) O C ) O,45 80 112 197 221 265 333 394 428 438 486 500 521 725 802 807 841 875 931 935 1057 1088 1152 1199 1285 1312 1357 1380 1385 1386 1440 1536 1548 1562 1563 1599 1602 1629 1665 1733 1750 1850 1873 1892 1917 1970 1992,COC1=CC(=CC(=C1OC)OC)C(=O)NCC(=O)N=NC2=C(N(C3=CC=CC=C32)CC(=O)N=NC4=C(N(C5=CC=CC=C54)CC(=O)N=NC6=C(C(=C(C(=C6)OC)OC)OC)OC)OC)O)O)
1764,C C C N C 1 C C C 2 C 1 ( C C C 3 C 2 C C C 4 C 3 ( C C = C C 4 ( C ) C ) C ) C,34 61 80 310 422 423 457 478 519 522 529 562 602 622 661 667 787 794 926 939 1019 1057 1060 1128 1152 1325 1424 1477 1569 1570 1859 1873 1951,C1=CCC23C(C1)C1C(CC2)C2C(CC1)C(CC2)NCCC
1765,C 1 C 2 C N ( C C 1 C 3 = C C = C C ( = O ) N 3 C 2 ) C ( = O ) C C C 4 = C C = C ( O 4 ) C 5 = C C = C ( C = C 5 ) F,80 82 90 121 246 250 314 510 532 650 656 699 701 717 739 824 865 894 896 926 935 936 996 1009 1019 1028 1039 1088 1141 1160 1243 1292 1380 1446 1494 1496 1564 1604 1670 1750 1794 1873 1912 1917 1928 2000 2009,C1C2CN(CC1C3=CC=CC(=O)N3C2)C(=O)CCC4=CC=C(O4)C5=CC=C(C=C5)F
1766,C C ( C 1 = C ( C ( = N N ( N 1 ) F ) F ) S ) O,1 95 227 283 370 378 563 640 699 743 807 892 935 1057 1114 1156 1167 1220 1380 1403 1451 1473 1796 1807 1847 1928 1953,CC(C1=C(NN(N1)N2C(=NN(C(=N2)F)F)C(C)O)F)O
1767,C [C@H] 1 C ( = N [C@@H] ( C ( = N 1 ) O C ) C ( C ) C ) O C,1 106 253 317 378 476 551 695 841 978 1057 1380 1480 1536 1577 1620 1825,COC1=NC(C(=N1)OC)C([Si]OC)[Si]O[Si]OC
1768,P ( = O ) ( C C ( N ) C c 1 c c c c c 1 ) ( O ) O,1 79 80 117 192 208 389 650 786 807 857 1066 1088 1171 1199 1380 1618 1629 1638 1750 1754 1806 1838 1873 1934,C1=CC=C(C=C1)CC(CP(=O)(C(CC2=CC=CC=C2)N)O)N
1769,C / C = C \ [C@H] ( C ) / C = C ( \ C ) / C O,1 80 222 283 295 584 625 745 807 857 1017 1057 1312 1624 1664 1714,CC(/C=C(\C)/CO)/C=C(\C)/CN(CO)/C(=C(\C)/CO)/C
1770,C 1 C N ( C C N 1 C C ( = O ) N 2 C C O C C 2 ) C ( = O ) C [C@H] ( C 3 = C C = C C = C 3 ) N C ( = O ) C 4 = C C = C C = C 4,1 11 80 117 277 291 389 486 523 568 650 656 760 926 935 950 1009 1054 1088 1102 1152 1199 1290 1312 1385 1405 1441 1465 1532 1665 1750 1873 1917 1985 2006 2009,C1COCCN1C(=O)CC(C(=O)N2CCOCC2)NC(=O)C3=CC=CC=C3
1771,C 1 C C C 2 = C ( C C 1 ) S C C 2 C 3 = C C = C C = C 3,2 137 157 208 310 389 400 558 654 675 916 926 942 1019 1028 1088 1144 1199 1279 1380 1520 1663 1672 1738 1750 1828 1873,C1CCC2=C(CC1)SCC2C3=CC=CC=C3
1772,C = C C O C ( = O ) [C@@H] 1 C [C@H] ( C N 1 C C 2 = C C = C C = C 2 ) O C 3 = C C = C C ( = C 3 ) C ( = N ) N,80 82 119 140 147 322 338 389 531 534 562 570 595 623 694 695 739 807 850 875 926 931 935 940 1019 1039 1066 1104 1171 1199 1292 1339 1385 1512 1645 1750 1754 1760 1839 1873 1917 1946 1985 2022,C=CCC1=CC=CC=C1COC(=O)[C@@H]2C[C@H](CN2CC3=CC=CC=C3)OC4=CC=CC(=C4)C(=N)N
1773,C C ( C ) ( C O ) N C C 1 = C ( C = C C ( = C 1 ) Br ) F,80 89 114 115 222 255 301 631 687 728 807 875 1057 1068 1137 1152 1157 1349 1380 1631 1750 1778 1786,C1=CC(=C(C=C1Br)CNC(C)(C)CO)Br
1774,C ( = N \ O ) ( / c 1 c c ( c ( c ( c 1 ) O C ) O C ) O C ) \ c 1 o n c ( n 1 ) c 1 c s c c 1,14 91 248 249 282 333 343 378 428 509 552 656 675 695 725 740 807 875 987 1057 1160 1326 1338 1380 1385 1536 1542 1561 1599 1639 1750 1769 1806 1855 1873 1878 1892 1910,c1(c(c(cc(c1)/C(=N/O)/c1onc(n1)c1cscc1)OC)OC)OC
1775,C O C 1 = C ( C = C ( C 2 = C C = C C = C 2 1 ) Br ) C ( = O ) N C C N 3 C C N ( C C 3 ) C 4 = C ( C = C ( C = C 4 ) F ) F,8 74 164 231 333 379 407 449 486 586 650 653 667 695 699 714 728 754 807 841 905 926 935 1057 1088 1125 1145 1152 1199 1295 1317 1357 1410 1480 1482 1487 1536 1573 1599 1670 1750 1791 1840 1868 1873 1917 1928 1991,COC1=C(C=C(C2=CC=CC=C21)F)C(=O)NCCN3CCN(CC3)C4=C(C=C(C=C4)F)F
1776,C C 1 = C C = C ( O 1 ) / C = C / C ( = O ) N ( C 2 C C C C C 2 ) C 3 C C C C C 3,2 31 256 297 442 656 694 807 809 926 932 937 1019 1028 1063 1380 1604 1654 1722 1749 1782 1794 1873 1917,C1CCC(CC1)[Si](C2CCCCC2)(C3CCCCC3)C4=CC=C(O4)/C=C/C(=O)/C=C/C5=CC=C(O5)/C=C/C(=O)/C=C/C(=O)/C=C/C6=CC=C(O6)C7CCCCC7
1777,C C 1 = C C = C ( C = C 1 ) C 2 = N N = C ( O 2 ) N C ( = O ) C 3 C C C N 3 S ( = O ) ( = O ) C,180 187 192 235 350 354 378 446 531 650 656 688 689 692 720 780 807 896 926 966 1019 1028 1057 1152 1160 1164 1288 1325 1384 1417 1443 1476 1486 1604 1692 1722 1750 1816 1823 1873 1883 1917 1920,CC1=CC=C(C=C1)C2=NN=C(O2)NC(=O)C3CCCN3S(=O)(=O)C
1778,C C 1 = C C ( = C C = C 1 ) O C C 2 = N N = C ( O 2 ) S [C@@H] ( C ) C ( = O ) N C C = C,1 80 116 197 283 292 317 373 378 544 562 573 610 650 654 658 694 695 722 745 875 891 917 1013 1039 1055 1057 1077 1088 1152 1173 1366 1380 1411 1452 1604 1645 1722 1750 1823 1873 1884 1917 1951,CC1=CC(=CC=C1)OCC2=NN=C(O2)SC(C)C(=O)NCC=C
1779,C C 1 = C ( C = C C ( = C 1 ) N C ( = O ) C C 2 = C C ( = C ( C = C 2 ) O C ) F ) Br,80 94 118 191 249 310 325 555 650 695 699 728 730 782 807 833 843 875 901 1057 1152 1225 1380 1391 1631 1722 1750 1756 1816 1840 1873 1917 1945 1970,CC1=C(C=CC(=C1)NC(=O)CC2=CC(=C(C=C2)OC)F)Br
1780,C 1 = C C = C ( C ( = C 1 ) C ( = O ) N C C C 2 = C C = C ( C = C 2 ) F ) S C C ( = O ) N C C 3 = C C = C O 3,8 41 80 90 116 197 255 310 337 377 474 486 650 656 667 699 787 807 828 864 977 1025 1088 1152 1167 1233 1243 1317 1380 1410 1466 1506 1507 1670 1710 1750 1754 1873 1917 1928 1934 1991,C1=COC(=C1)CNC(=O)C2=CC=C(C=C2SC3=CC=C(C=C3C(=O)NCCC4=CC=CO4)F)F
1781,C C 1 = C N = C ( C ( = N 1 ) N 2 C C N ( C C 2 ) C C 3 C C 4 C C 3 C = C 4 ) C,58 74 80 90 130 156 226 234 273 378 407 605 848 890 908 926 935 1019 1057 1083 1205 1292 1379 1452 1472 1480 1508 1586 1722 1731 1791 1825 1847 1855 1873,CC1=CN=C(C(=N1)N2CCN(CC2)CC3CC4CC3C=C4)N5CCN(CC5)CC6CC7CC6C=C7
1782,C 1 C C N C ( C 1 ) C C N S ( = O ) ( = O ) C 2 = C C = C C = C 2 F,207 305 325 350 392 502 507 667 699 705 832 890 926 992 1019 1028 1032 1088 1114 1146 1152 1158 1325 1380 1476 1507 1626 1733 1750 1791 1813 1840 1873 1912 1928,C1CCNC(C1)CCNS(=O)(=O)C2=CC=CC=C2F
1783,C C 1 = C C = C ( C = C 1 ) S ( = O ) ( = O ) N C C C ( = O ) N C ( C 2 = C C = C C = C 2 ) C 3 = C C = C C = C 3,1 41 117 235 317 319 350 389 425 502 650 732 807 883 895 1057 1088 1152 1192 1199 1365 1390 1476 1581 1626 1690 1722 1823 1846 1873 1917 1920 2045,CC1=CC=C(C=C1)S(=O)(=O)NCC(=O)NC(C2=CC=CC=C2)C3=CC=CC=C3C(C4=CC=CC=C4)NC(=O)CC(=O)NC(C5=CC=CC=C5)C6=CC=CC=C6
1784,C C ( C C 1 = N N ( C = C 1 / C = C \ 2 / C ( = O ) / C ( = C / C 3 = C N ( N = C 3 C C ( C ) C ) C 4 = C C = C C = C 4 ) / C C C 2 ) C 5 = C C = C C = C 5 ) C,79 80 281 314 354 378 389 395 464 650 694 762 854 892 919 935 952 961 1049 1057 1088 1109 1199 1380 1476 1578 1738 1750 1825 1847 1873 1897 1941 1956 2014,C1=CC=C(C=C1)N2C=C(C(=N2)CC(C)C)/C=C\3/C(=O)/C(=C/C4=CN(N=C4CC(C)C)C5=CC=CC=C5)/CC3
1785,C C O C ( = O ) C 1 = C ( S C 2 = C 1 C C C C 2 ) N C ( = O ) C N 3 C ( = O ) C S [C@H] ( C 3 = O ) C,5 22 41 42 50 54 80 83 145 147 162 168 188 216 220 294 310 314 361 430 532 588 650 675 695 759 807 808 859 935 998 1019 1028 1152 1238 1309 1312 1380 1391 1615 1622 1722 1738 1816 1817 1917,C1CCC2=C(C1)C(=C(S2)NC(=O)CN3C(=O)C(SCC3=O)C)C(=O)OCC
1786,C O C 1 = C C = C ( C = C 1 ) C ( = O ) N ( C C 2 = C C 3 = C ( C = C 2 ) O C O 3 ) C C ( = O ) N 4 C C N ( C C 4 ) C 5 = N N = C ( C = C 5 ) C 6 = C C = C C = C 6 Cl,80 112 310 322 352 366 378 407 441 507 527 561 587 625 635 650 695 738 807 828 841 875 881 926 974 978 980 984 1009 1018 1035 1057 1088 1104 1164 1175 1190 1221 1334 1349 1356 1380 1514 1536 1589 1647 1683 1697 1734 1750 1754 1800 1863 1873 1905 1917 1986 2009,COC1=NN=C(C=C1)N2CCN(CC2)C(=O)CN(CC3=CC4=C(C=C3)OCO4)C(=O)C5=CC6=C(C=C5)OCO6
1787,C C 1 = C C = C ( C = C 1 ) N 2 C 3 = C ( C = N 2 ) [C@H] ( C C ( C 3 ) ( C ) C ) N C ( = O ) C C N 4 C = N C 5 = C C = C C = C 5 4,41 43 45 80 151 233 235 378 385 650 661 735 783 807 926 932 940 1000 1019 1027 1060 1097 1152 1199 1274 1375 1380 1422 1433 1452 1455 1467 1487 1535 1564 1646 1750 1823 1825 1852 1887 1917 1920 1930 1978 2000,C1C2=C(C=NN2C3=CC=C(C=C3)C)C(C1)NNC(=O)CCN4C=NC5=C4C=C(C=C5)C
1788,C 1 C C C ( C C 1 ) C O C 2 = C C = C ( C = C 2 ) C ( = N ) N,2 80 82 102 322 338 484 621 695 718 890 1019 1028 1136 1171 1325 1380 1385 1449 1452 1750 1873,C1CCC(CC1)COC2=CC=C(C=C2)OCC3CCCCC3
1789,C C O C ( = O ) C 1 = C N = C ( C = C 1 ) C # C,80 147 294 330 378 650 657 674 695 759 807 915 974 1057 1380 1385 1452 1522 1535 1629 1697 1701 1722 1750 1768 1800 1905 1917,CCOC(=O)C1=CN=C(C=C1)C#C
1790,C 1 = C ( N C ( = O ) N C 1 = O ) N N,71 81 171 314 585 650 768 875 1114 1115 1152 1171 1380 1425 1683 1701 1742 1745 1873,C1=C(NC(=O)NC1=O)NN
1791,C N 1 C ( = C C = N 1 ) C ( = O ) O C,43 145 378 488 656 807 835 906 935 1057 1105 1145 1232 1380 1488 1582 1750 1866 1873 1917 2006,CN1C(=CC=N1)C(=O)C2=CC=NN2C
1792,C 1 = C C 2 = C ( N = C ( C = C 2 ) / C = N / N C ( = O ) C 3 = C C = C ( C = C 3 ) Cl ) C 4 = C 1 C = C C ( = N 4 ) / C = N / N C ( = O ) C 5 = C C = C ( C = C 5 ) Cl,185 203 318 449 486 561 650 694 725 807 816 924 1070 1152 1223 1385 1410 1665 1683 1724 1750 1832 1855 1867 1873 1874 1917 1992 2001,C1=CC2=C(C3=C1C=CC(=N3)/C=N/NC(=O)C4=CC=C(C=C4)Cl)N=C(C=C2)/C=N/NC(=O)C5=CC=C(C=C5)Cl
1793,C 1 C O C C N 1 C C N C ( = O ) C 2 = C ( C 3 = C ( C = C C ( = C 3 ) Cl ) N = N 2 ) N,8 80 165 167 216 230 486 490 523 561 586 589 650 656 667 714 807 816 875 901 926 950 961 1097 1152 1171 1357 1380 1405 1482 1514 1621 1683 1791 1849 1894 1917,C1COCCN1CCNNC(=O)C2=NC3=C(C=C(C=C3)Cl)C4=C2C=CC(=C4)Cl
1794,C C ( C ) C S ( = O ) ( = O ) C C C C ( = O ) N C 1 = C C = C C ( = C 1 ) N,41 80 184 203 350 420 496 647 650 703 807 875 888 901 908 1039 1057 1088 1152 1222 1325 1380 1381 1457 1476 1718 1750 1816 1847 1873 1911 1917,C1=CC(=CC(=C1)NC(=O)CS(=O)(=O)CS(=O)(=O)CC(=O)NC2=CC=CC(=C2)N)N
1795,C O C ( = O ) C 1 = C ( C ( = C ( C = C 1 ) Cl ) C C = O ) Cl,67 80 145 246 366 504 561 623 650 666 694 695 841 906 936 989 1004 1011 1122 1152 1256 1380 1750 1873 1917 2034,COC(=O)C1=C(C(=C(C=C1)Cl)CC=O)Cl
1796,C [C@@H] 1 C C C [C@H] ( N 1 C ( = O ) C [NH+] 2 C C C ( C C 2 ) C 3 = N C 4 = C ( N 3 ) C = C ( C ( = C 4 ) C ) C ) C,15 74 80 373 378 650 734 875 926 935 1009 1018 1019 1063 1075 1097 1183 1238 1273 1284 1309 1317 1325 1380 1462 1569 1690 1729 1745 1855 1873 1896 1917 1940 1971 2000,C1C[NH+](CCC1C2=NC3=CC4=C(C=C3N2)N=C5C=C6C(=CC5=N4)N=C7C8CC[NH+](CC8)CC(=O)N9[C@@H](CC[C@@H]9C)C)CC(=O)N1[C@@H](CC[C@H]1C)C
1797,C 1 C N ( C C 1 O ) C C 2 = C 3 C ( = C C = C 2 ) C 4 = C ( S 3 ) C 5 = C C = C C = C 5 C ( = O ) N 4,71 131 277 295 314 590 650 675 731 739 807 926 935 1019 1039 1088 1114 1183 1199 1205 1257 1261 1325 1349 1380 1530 1573 1597 1721 1745 1750 1765 1768 1791 1792 1808 1873 1914 1930 2045,C1CN(CC1O)CC2=C3C(=CC=C2)NC(=O)N(S3)CC4=CC=CC=C4CN5CC(CC5)O
1798,C C 1 = C ( S C ( = C 1 F ) O C 2 = C C = C C = C 2 ) N S ( = O ) ( = O ) C,50 162 193 217 252 284 322 389 520 562 650 675 692 695 699 1057 1088 1152 1270 1380 1445 1476 1482 1722 1750 1873 1928 1958,CC1=C(SC(=C1F)NS(=O)(=O)C)OOC2=CC=CC=C2
1799,C O C ( C C C C C C C C C ( = O ) O C ) C [Hg] I,1 14 80 109 125 195 282 537 650 661 695 739 807 841 976 1057 1152 1283 1351 1386 1399 1550 1564 1697 1802 2026,COC(CCCCC(C[Hg]I)OC)CCC(=O)OC
1800,C 1 C N ( C C N 1 C 2 = C ( C = C C = N 2 ) C ( = O ) N C C 3 = C C 4 = C ( C = C 3 ) O C O 4 ) C ( = O ) C 5 = C C = C C ( = C 5 ) C # N,13 130 197 255 305 310 378 426 441 448 486 497 618 650 656 674 738 790 807 813 875 926 935 942 1035 1039 1043 1088 1136 1152 1317 1349 1380 1384 1385 1447 1452 1472 1480 1508 1514 1573 1589 1647 1734 1750 1779 1800 1863 1873 1905 1917 1975 1985 1991,C1CN(CCN1C2=C(C=CC=N2)C(=O)NCC3=CC4=C(C=C3)OCO4)C5=C(C=CC=N5)C(=O)NCC6=CC7=C(C=C6)OCO7
1801,C 1 [C@] 2 ( O 1 ) [C@@H] 1 [C@@H] ( [C@@] 3 4 [C@H] ( [C@H] ( C ( = C ) [C@H] ( [C@@H] ( [C@@H] ( [C@] 1 ( [C@H] ( C [C@H] 2 O C ( = O ) C C ( C ) C ) O C ( = O ) C ) C ) O C ( = O ) C ) O C ( = O ) C ) O 4 ) Cl ) O C ( = O ) [C@@H] 3 C ) O C ( = O ) C,1 35 36 48 80 115 147 249 278 283 300 314 316 429 477 497 527 551 564 634 656 695 733 750 807 811 838 858 907 926 1017 1019 1029 1035 1057 1070 1088 1126 1197 1205 1224 1274 1290 1292 1309 1380 1386 1391 1440 1544 1573 1683 1690 1831 1847 1937 1950 1960 1991,C[C@H]1[C@@]2([C@@H](C[C@H]([C@@]3([C@@H]2[C@@H]([C@@H](/C(=C/4\[C@@H](O4)[C@@H](C1)Cl)/C(=O)O3)[C@@H](C)C(=O)OC(C)C)OC(=O)C)C)OC(=O)C)OC(=O)C)O[N+](=O)[O-]
1802,C C 1 = C ( C ( = N N 1 C C C # N ) C ) C C C ( = O ) N C C C N 2 C C N ( C C 2 ) C C 3 = C C = C C = C 3,41 48 74 80 92 115 197 244 378 389 413 591 597 650 653 667 674 784 790 807 827 926 935 1057 1066 1199 1243 1374 1384 1408 1480 1482 1564 1577 1589 1683 1703 1721 1722 1750 1754 1766 1771 1791 1873 1876 1911 1956,CC1=C(C(=NN1C#N)C)CCC(=O)NCCCN2CCN(CC2)CCC#N
1803,C C C 1 = N C = C ( S 1 ) C ( = O ) N C 2 = N C ( = C S 2 ) C 3 = C C = C C = N 3,80 117 294 321 378 385 419 448 486 552 624 626 650 675 722 798 807 828 980 1057 1088 1152 1155 1199 1214 1325 1370 1380 1495 1535 1578 1799 1816 1851 1866 1873 1985,CCC1=NC=C(S1)C(=O)NC2=NC=C(S2)C3=CC=CC=N3
1804,C [N+] 1 = C C = C C ( = C 1 ) C 2 = N S N = C 2 O C C O C C O C C O C C O C C O C C O C 3 = N S N = C 3 C 4 = C [N+] ( = C C = C 4 ) C,13 80 122 201 350 378 463 470 485 505 646 675 676 691 695 736 1003 1057 1160 1259 1447 1452 1640 1649 1708 1717 1750 1992,C1=C[N+](=CC=C1C2=NSN=C2OCCOCCOCCOC3=NSN=C3[N+]4=CC=C(C=C4)C5=NSN=C5OCCOCCOC6=NSN=C6[N+]7=CC=C(C=C7)C
1805,C C O C 1 = C ( C = C ( C = C 1 ) C ( = O ) N ( C C N 2 C C O C C 2 ) C 3 = N C 4 = C ( C = C C ( = C 4 S 3 ) O C ) O C ) O C C,15 38 80 131 162 237 249 294 378 411 417 425 428 523 650 656 675 695 747 783 807 841 875 881 935 950 1145 1221 1238 1380 1385 1405 1441 1452 1687 1697 1706 1724 1750 1791 1849 1855 1873 1877 1951 1970 1984,CCOC1=C(C=C(C=C1)C(=O)N(CCN2CCOCC2)C3=NC4=C(S3)C(=CC(=C4OCC)OCC)OC)OCC
1806,C C 1 = N N = C ( S 1 ) N C ( = O ) C N 2 C 3 = C C = C C = C 3 N = C 2 C ( F ) ( F ) F,9 41 45 114 162 305 357 378 385 566 649 650 665 675 802 807 809 935 1056 1057 1088 1152 1164 1199 1284 1285 1312 1380 1453 1616 1707 1750 1759 1816 1873 1912 1928,C1=CC=C2C(=C1)N(C(=N2)C(F)(F)F)CC(=O)NC3=NN=C(S3)C(F)(F)F
1807,C C O C 1 = C ( C = C ( C = C 1 ) C = C 2 C ( = O ) N ( C ( = N 2 ) C 3 = C C = C C = C 3 ) C 4 = C C = C ( C = C 4 ) C ( = O ) O C ) O C C,25 80 94 95 145 233 237 281 294 314 349 378 389 411 606 650 694 695 707 736 747 807 841 875 906 927 1057 1088 1152 1160 1176 1210 1238 1340 1380 1382 1452 1686 1715 1750 1825 1828 1873 1917 1970,CCOC1=C(C=C(C=C1)/C=C\2/C(=O)N(C(=N2)C3=CC=CC=C3)C4=CC=C(C=C4)C(=O)OC)OCC
1808,C 1 C ( N ( C C 2 = C ( N 1 C C 3 = C N = C N 3 ) C = C C ( = C 2 ) Br ) S ( = O ) ( = O ) C ( F ) ( F ) F ) C C 4 = C C = C C = C 4,89 94 114 131 146 211 350 378 389 458 468 650 713 739 761 766 806 875 892 901 908 909 925 926 935 936 973 1019 1066 1088 1089 1114 1128 1157 1199 1236 1380 1453 1456 1476 1552 1603 1631 1666 1750 1754 1765 1831 1873 1891 1915 1942 1946,C1C(N(CC2=C(N1CC3=CN=CN3)C=CC(=C2)Br)S(=O)(=O)C(F)(F)F)CC4=CC=CC=C4
1809,C 1 C N ( C C N 1 C 2 = C C = C ( C = C 2 ) Cl ) C 3 = C C ( = N C ( = N 3 ) S C C 4 = C C = C ( C = C 4 ) C ( = O ) N ( C C C 5 = C C = C C = C 5 ) C C 6 = C C = C C = C 6 ) Cl,80 116 233 310 341 389 407 463 507 527 561 569 587 687 762 807 816 828 844 862 881 926 935 945 949 978 1066 1070 1088 1147 1175 1199 1221 1243 1380 1405 1508 1561 1610 1683 1697 1750 1754 1825 1836 1855 1876 1917 1951,C1CN(CCN1C2=CC=C(C=C2)Cl)C3=CC=C(C=C3)CSC4=NC(=CC(=N4)N(CCC5=CC=CC=C5)CC6=CC=CC=C6)N7CC7
1810,C C C ( = O ) N 1 C ( C = C ( N 1 ) C 2 = C C ( = C C = C 2 ) N S ( = O ) ( = O ) C C ) C 3 = C C = C C = C 3,80 168 169 191 218 294 350 389 634 640 703 736 744 770 807 875 898 935 1009 1019 1039 1088 1114 1152 1160 1199 1200 1279 1319 1484 1573 1612 1663 1734 1762 1848 1873 1917,CCC(=O)N1[C@@H](N(NC(=C1)C2=CC=CC=C2)C(=O)NC3=CC=CC(=C3)C4=CC=CC=C4)C5=CC=CC=C5
1811,C O C 1 = C C = C C 2 = C 1 O C ( = C 2 ) C ( = O ) N ( C C C 3 = C C ( = C C = C 3 ) F ) C 4 C C ( = C C ( C 4 O ) O C 5 = C C = C C = C 5 I ) C ( = O ) N C C O,80 100 104 133 197 212 222 231 236 249 269 486 524 560 582 606 642 656 661 667 695 720 723 806 914 926 947 996 998 1019 1039 1066 1087 1088 1152 1194 1199 1221 1235 1243 1257 1380 1395 1410 1487 1536 1601 1604 1607 1670 1689 1750 1754 1764 1780 1823 1836 1855 1873 1917 1928 1951 1970,C1C(C(C(C=C1C(=O)NCCC2=CC(=CC=C2)F)OC3=CC=CC=C3I)O)OC4=CC=CC5=C4OC(=C5)C(=O)NCCO
1812,C C 1 C C N ( C C 1 ) C [C@@H] ( C O C 2 = C C = C ( C = C 2 ) C ( = O ) C 3 = C C = C ( C = C 3 ) Cl ) O,1 9 80 102 105 118 216 322 561 597 650 658 718 807 816 926 935 945 1019 1057 1148 1261 1309 1380 1445 1452 1480 1627 1683 1697 1750 1775 1791 1873 1917 1922,CC1CCN(CC1)CC(COC2=CC=C(C=C2)C(=O)C3=CC=C(C=C3)Cl)COC4=CC=C(C=C4)C(=O)C5=CC=C(C=C5)Cl
1813,C C O C ( = O ) C O C 1 = C C = C ( C = C 1 ) / C = C / 2 \ C ( = O ) N ( C ( = S ) S 2 ) C C ( = O ) O,25 80 97 102 147 215 273 281 294 307 314 322 389 588 643 650 675 694 807 863 879 947 1027 1312 1386 1442 1717 1722 1737 1750 1873 1917 1959 1996 2033 2044,C1=CC(=CC=C1/C=C\2/C(=O)N(C(=S)S2)CC(=O)O)/C=C\3/C(=O)N(C(=S)S3)CC(=O)OCC
1814,C C 1 = C C 2 = C ( C = C 1 ) N = C ( O 2 ) N = C ( N ) N,11 212 235 378 725 807 875 909 916 961 1013 1057 1171 1302 1380 1604 1613 1619 1722 1750 1808 1823 1855,CC1=CC(=C(C=C1)N=C(C2=NC(=NC(=N2)N=C(C3=NC4=C(O3)C=C(C=C4)C)N)N=C(C5=NC6=C(O5)C=C(C=C6)C)N)N)C
1815,C C 1 = C ( C = C C ( = C 1 ) S C # N ) N S ( = O ) ( = O ) C 2 = C C = C C ( = C 2 ) C # N,4 102 116 198 252 305 319 350 385 575 650 674 790 811 875 1057 1088 1127 1136 1152 1242 1255 1270 1380 1384 1391 1442 1476 1678 1722 1734 1856 1873 1975,CC1=C(C=CC(=C1)SC#N)NS(=O)(=O)C2=CC=CC(=C2)C#N
1816,C C ( C 1 = C C = C ( C = C 1 ) C ( = O ) C 2 = C C = C S 2 ) Cl,1 9 14 79 283 383 419 444 734 807 914 915 1057 1088 1380 1385 1567 1634 1683 1697 1750 1775 1853 1917 1957,CC(C1=CC=C(C=C1)C(=O)C2=CC=CS2)Cl
1817,C C 1 ( C C 2 = C ( C O 1 ) S C ( = C 2 C ( = O ) [O-] ) N C ( = O ) C 3 = C C = C ( C = C 3 ) F ) C,1 42 50 59 90 216 349 361 486 586 650 656 675 699 715 807 903 926 940 1017 1060 1152 1226 1380 1385 1410 1568 1665 1750 1785 1795 1816 1852 1873 1928 1953 2012,C1C2=C(CC13CC4=C(C3)SC(=C4C(=O)[O-])NC(=O)C5=CC=C(C=C5)F)SC(=C2C(=O)[O-])NC(=O)C6=CC=C(C=C6)F
1818,C 1 C ( C C 2 = C C = C C = C 2 1 ) N N C ( = O ) [C@@] 3 ( [C@@H] ( O C ( = N 3 ) C 4 = C C = C ( C = C 4 ) O C C C O ) C 5 = C ( C = C ( C = C 5 ) Cl ) Cl ) C C 6 = C C = C C = C 6 Br,13 57 102 135 165 216 222 243 310 322 327 366 372 378 389 399 473 561 566 628 650 656 695 718 728 745 750 807 816 833 875 892 1002 1027 1034 1039 1047 1054 1060 1088 1130 1133 1152 1199 1209 1236 1349 1380 1430 1554 1597 1634 1656 1683 1708 1734 1839 1871 1873 1911 1917 2023,C1=CC=C(C=C1)NNC(=O)[C@@]2([C@@H](OC(=N2)OCCCO)C3=C(C=C(C=C3)Cl)Cl)CC4=CC=CC=C4Br
1819,C C ( C ) C ( C ( = O ) N C 1 = C ( C = C C ( = C 1 ) Cl ) C # N ) Br,1 30 99 165 194 247 283 561 573 650 674 728 790 807 816 875 969 1057 1136 1380 1384 1400 1683 1750 1862 1873 1917,CC(C(=O)C#N)Br
1820,C C [C@@H] ( C ) C 1 = C C = C ( C = C 1 ) N C ( = O ) C O C ( = O ) C C C N 2 C ( = O ) C N ( C 2 = O ) C,1 80 92 147 167 191 264 283 294 347 502 650 695 714 743 798 807 843 901 926 935 1077 1139 1145 1152 1288 1365 1380 1399 1470 1499 1544 1564 1693 1750 1873 1911 2045,CC[C@H](C)C1=CC=C(C=C1)NOC(=O)C(C)CCCC(=C2CC(=O)N(C(=O)N2C)C)OC(=O)[C@H](C)CC
1821,C [C@H] ( [C@@] 1 ( C [C@@H] 2 [C@H] ( C C = C C 2 = O ) [C@@H] 3 [C@H] 1 O C ( O 3 ) ( C ) C ) O [Si] ( C ) ( C ) C ) O C,114 221 283 314 318 340 455 497 547 574 598 622 650 656 679 695 841 926 1019 1057 1060 1070 1114 1120 1128 1148 1217 1262 1274 1351 1540 1738 1788 1808 1873 1878 1919 1924 1960 1981 2000,CC1(O[C@H]2[C@@H]3CC=CC(=O)[C@H]3C[C@@]2(O1)[C@@H]4[C@H](OC(O4)(C)C)[C@H]5CC=CC5=O)C
1822,C [C@H] ( C ( = O ) N C 1 = C C = C C = C 1 C ( = O ) O C ) O C 2 = C ( C = C C ( = C 2 ) Cl ) Cl,1 58 165 182 216 283 366 541 561 573 650 664 666 695 745 807 816 841 875 906 931 936 1057 1088 1144 1152 1199 1224 1269 1380 1447 1683 1696 1816 1861 1873 1917 1991 2043,CC(C(=O)NC1=CC=CC=C1C(=O)OC)OC2=C(C=CC(=C2)Cl)Cl
1823,C C 1 = C ( O C 2 = C 1 / C ( = N / N C ( = O ) C 3 = C C = C C = C 3 Br ) / C C C 2 ) C ( = O ) N C 4 = C C = C ( C = C 4 ) N = N C 5 = C C = C C = C 5,57 131 191 202 318 369 389 428 486 650 723 725 807 808 824 833 853 892 926 1028 1038 1077 1086 1088 1142 1152 1302 1353 1380 1418 1583 1604 1631 1638 1680 1722 1738 1750 1816 1873 1917 1978 1991,C1CC2=C(C1)OC(=C2C(=O)NC3=CC=CC=C3)C(=O)N/N=C/4\CCCC4=N/NC(=O)O
1824,C C ( = O ) C 1 = C C = C ( C = C 1 ) N C ( = O ) C S C 2 = N C ( = N C 3 = C 2 C ( = O ) N ( C ( = O ) N 3 C ) C ) C 4 = C C = C ( C = C 4 ) O C,32 41 170 191 314 322 341 400 504 564 617 650 695 718 771 781 807 831 843 853 896 935 1017 1024 1057 1071 1077 1145 1160 1258 1302 1385 1455 1506 1536 1697 1750 1816 1820 1864 1873 1917 1959 1984,CC(=O)C1=CC=C(C=C1)NC(=O)CSC2=NC(=NC3=C2C(=O)N(C(=O)N3C)C)C4=CC=C(C=C4)OC
1825,C C N ( C C ( = O ) N C C 1 = C C = C ( C = C 1 ) Cl ) C ( = O ) C 2 = C C ( = C C = C 2 ) N C ( = O ) C,41 80 184 191 197 216 245 255 294 310 333 530 561 703 807 816 828 849 875 881 932 1008 1017 1039 1070 1152 1190 1221 1380 1385 1509 1537 1573 1683 1750 1754 1873 1917 1985 1999,CCN(CC(=O)NCC1=CC=C(C=C1)Cl)C(=O)C2=CC(=CC=C2)NC(=O)C
1826,C ( C C C [Si] ( Cl ) ( Cl ) Cl ) C C N,378 552 1082 1143 1171 1321 1517 1579 1683 1840,C(CC[Si](N)(Cl)Cl)CC[Si](N)([Si](N)(Cl)Cl)[Si]([Si](N)(Cl)Cl)([Si](N)(Cl)Cl)[Si]([Si](N)(Cl)Cl)([Si](N)(Cl)Cl)[Si](N)(Cl)Cl
1827,C C O C ( = O ) C 1 = C C = C ( C = C 1 ) N = C 2 N ( C ( = O ) [C@@H] ( S 2 ) C C ( = O ) N C 3 = C C = C C = C 3 Cl ) C,41 80 84 93 145 147 202 272 294 366 489 606 650 675 685 725 870 887 888 935 987 1004 1019 1057 1088 1157 1199 1224 1238 1380 1385 1418 1522 1636 1683 1696 1697 1722 1750 1816 1854 1869 1917 1948 1987,CCOC(=O)C1=CC=C(C=C1)N=C2N(C(SS2)CC(=O)NC3=CC=CC=C3Cl)Cl
1828,C S ( = O ) ( = O ) O [C@H] 1 C C N 2 [C@H] 1 C C C 2 = O,221 314 350 673 695 887 926 1000 1019 1057 1134 1195 1325 1380 1466 1476 1480 1495 1730 1920,CS(=O)(=O)OC1CCC(C2=C(C1=O)C(=O)C(=CO2)OS(=O)(=O)C)OS(=O)(=O)OC3CCC(C4=C(C3=O)C(=O)C(=CO4)OS(=O)(=O)C)OS(=O)(=O)C
1829,C C C C C C C ( C ( F ) ( F ) F ) O C ( = O ) C 1 = C C = C ( C = C 1 ) O C ( = O ) C 2 = C C = C ( C = C 2 ) C 3 = C C = C ( C = C 3 ) C C 4 ( C O C 4 ) C,1 69 80 100 114 145 286 294 310 322 563 591 650 656 695 718 739 794 866 896 926 1060 1143 1160 1224 1273 1283 1380 1385 1444 1446 1511 1630 1697 1729 1734 1750 1754 1781 1832 1845 1873 1911 1917 1928 1930 1964,CCCCCCCCCC(C1(CO1)CC2=CC=C(C=C2)C(=O)OC3=CC=C(C=C3)C4=CC=C(C=C4)C(=O)OC(CCCCCCCC)CCCCCC)OC(=O)CCCCC
1830,C C 1 C C C N ( C 1 ) C 2 = C C = C ( C = C 2 ) C N C ( = O ) C 3 C C N ( C C 3 ) C C 4 = N C ( = N O 4 ) C 5 = C C = C ( C = C 5 ) Cl,11 20 93 168 197 216 233 255 407 446 561 650 656 680 739 784 807 896 917 926 935 1019 1028 1057 1070 1141 1148 1152 1261 1275 1309 1325 1349 1380 1385 1405 1480 1542 1616 1750 1754 1765 1825 1837 1855 1873 1910 1917 1975 2013,CC1CCCN(C1)C2=CC=C(C=C2)C3=NOC(=N3)CNC(=O)C4CCN(CC4)C5=CC=C(C=C5)Cl
1831,C C ( C ) C C ( C ( = O ) N C ( C C 1 = C N C 2 = C C = C C = C 2 1 ) C ( = O ) N C ( C C 3 = C C = C ( C = C 3 ) O ) C ( = O ) N C C ( = O ) O ) N,79 80 117 119 173 283 310 328 364 389 390 425 573 650 680 736 745 759 786 806 807 890 1057 1088 1114 1171 1313 1349 1357 1440 1547 1573 1575 1602 1737 1750 1754 1847 1849 1873 1879 1917 1937 1970 2016,CC(C)CC(C(=O)NC(CC1=CNC2=CC=CC=C21)C(=O)NCC(=O)O)N
1832,C 1 = C C 2 = N C = C ( N 2 C = C 1 ) C ( = O ) C ( = O ) O,3 68 378 389 446 488 546 600 650 807 935 1088 1092 1101 1199 1352 1380 1452 1564 1750 1873 1896 1917,C1=CC2=C(N=CN2C=C1)C(=O)C(=O)O
1833,C O C 1 = C C ( = N C ( = N 1 ) O C ( C C = C ) C ( = O ) O C ) O C,1 6 54 80 147 378 640 650 664 694 695 786 806 807 841 875 940 997 1057 1157 1265 1267 1380 1415 1536 1570 1616 1645 1737 1791 1855 1873 1917,COC1=CC(=NC(=N1)OC(CC=C)C(=O)OC)OC
1834,C N ( C ( = O ) O C C = C ) C ( = O ) Cl,80 147 154 255 314 650 688 694 807 881 931 940 1057 1163 1263 1292 1366 1683 1917 1955 1962,CN(C(=O)OCC=C)C(=O)Cl
1835,C C 1 ( O C C ( O 1 ) [C@@H] 2 [C@@H] ( [C@@H] 3 [C@H] ( O 2 ) O C ( O 3 ) ( C ) C ) O C C N 4 C ( = O ) C 5 = C C = C C = C 5 C 4 = O ) C,13 80 314 352 588 624 642 650 656 823 879 924 926 965 984 1017 1019 1057 1060 1070 1088 1145 1217 1264 1380 1441 1699 1750 1837 1873 1919 1921 1923 1950,C1[C@@H]2[C@]3(O1)[C@H]([C@@H]([C@H](O2)O3)OCCN4C(=O)C5=CC=CC=C5C4=O)OCCN6C(=O)C7=CC=CC=C7C6=O
1836,C C 1 = C C = C C = C 1 C 2 C C C N 2 C C ( = O ) N C 3 = C C = C C = C 3 C ( = O ) N,41 80 160 231 309 371 446 650 807 926 935 1019 1027 1028 1088 1171 1199 1224 1312 1325 1380 1391 1447 1480 1696 1816 1859 1873 1951 1991,C1CC(N(C1)N)C2=CC=CC=C2NC(=O)N3CCCC3C4=CC=CC=C4C(=O)NC5=CC=CC=C5C6CCCN6N7CCC7
1837,C O C ( = O ) [C@@H] 1 C O N 2 [C@H] 1 C 3 = C ( C C 2 ) C 4 = C C = C C = C 4 N 3,31 42 83 178 209 361 534 650 656 657 695 721 841 926 935 978 1019 1031 1114 1152 1199 1357 1380 1424 1480 1573 1711 1745 1750 1783 1815 1873 1875 1915 1917 1923 1980,C1CN2[C@H]([C@H](CO2)C(=O)OC)C3=C(CCN4[C@H]([C@H](CO4)C(=O)OC)C5=C(CCN6[C@H]([C@H](CO6)C(=O)OC)C7=C(CCN5O1)C8=CC=CC=C8N7)C(=O)OC)C9=CC=CC=C9N3
1838,c 1 ( c ( c c 2 c ( c 1 ) c ( c ( o 2 ) c 1 c c c ( c c 1 ) F ) C ( = O ) N C ) N ( S ( = O ) ( = O ) C ) C C O P ( = O ) ( O ) O ) C 1 C C 1,13 39 51 80 90 192 295 350 380 486 521 586 650 656 682 692 695 699 747 807 875 881 896 897 924 926 930 1019 1027 1052 1057 1138 1152 1201 1321 1325 1380 1410 1412 1430 1476 1641 1670 1684 1716 1732 1750 1819 1838 1873 1917 1951 2000 2018,CNS(=O)(=O)N(CCOP(=O)(O)OP(=O)(O)O)C1=C(C=C(C(=C1)C2CC2)C3CC3)C4CC4
1839,C 1 ( C C C C C 1 ) ( C N C ( = O ) c 1 n c 2 c ( c c c c 2 [nH] 1 ) c 1 c c c c c 1 ) C O,2 80 81 160 195 196 222 352 377 378 389 468 486 547 650 807 926 984 1028 1039 1060 1088 1114 1133 1160 1162 1199 1221 1232 1380 1413 1638 1724 1727 1745 1750 1855 1873,c1(nc2c([nH]1)cccc2c1ccccc1)C(=O)NCC1(CO)CCCCC1
1840,C 1 = C C = N C ( = C 1 ) [C@@H] ( C 2 = C C ( = C C = C 2 ) C ( F ) ( F ) F ) C 3 = C ( C 4 = C ( C = C C = N 4 ) C = C 3 ) O,1 114 202 203 237 378 448 449 567 752 805 807 809 845 875 994 1002 1039 1043 1087 1088 1199 1260 1361 1380 1417 1581 1724 1855 1866 1873 1910 1939 1948,C1=CC=C2C(=C1)C=CC(=C2)C(C3=C4C(=CC=C3)C=CC=N4)C5=C(C6=C(C=CC=N6)C=C5)O
1841,C C 1 ( C C 2 C 3 = C C C 4 C 5 ( C C C ( C ( C 5 C C C 4 ( C 3 ( C C C 2 ( C ( C 1 O ) O ) C ( = O ) O C ) C ) C ) ( C ) C ) O ) C ) C,10 409 418 549 555 598 610 679 760 807 833 857 889 904 926 960 1019 1055 1057 1110 1126 1152 1232 1257 1264 1348 1380 1436 1456 1477 1781 1812 1831 1839 1950 1951,C1C=C2C(CC=C3C2(CCC4(C3(CCC5C4(CCC6C5(CCC(C67CC7)O)C)C)C)C)C)C8(C1C(C(CC8)O)(C)C)NC
1842,C C ( C ( = O ) N C C 1 = C ( N = C C = C 1 ) N 2 C C O C C 2 ) O C 3 = C ( C ( = C C = C 3 ) Cl ) Cl,1 80 130 197 255 311 366 407 426 448 523 650 656 664 695 730 807 926 931 974 1011 1048 1057 1088 1152 1358 1380 1405 1410 1435 1441 1452 1472 1480 1597 1683 1917 1970 2036,C1COCCN1C2=C(C=CC=C2Cl)OC(C(=O)NCC3=C(N=CC=C3)N4CCOCC4)OC5=C(C(=CC=C5)Cl)N6CCOCC6
1843,C C C 1 = C C = C C = C 1 N C ( = O ) C S C 2 = N N = N N 2 C 3 = C C ( = C C ( = C 3 ) O C ) O C,41 116 257 294 341 378 384 650 695 747 807 841 875 897 1031 1057 1088 1144 1152 1164 1188 1199 1218 1224 1349 1380 1455 1505 1506 1536 1597 1696 1750 1783 1825 1852 1873 1917 1959,COC1=CC(=CC(=C1)N2C(=NN=N2)SCC(=O)NBr)N3C(=NN=N3)SCC(=O)NOC
1844,C C 1 = C C ( = C ( C = C 1 ) O C C ( = O ) N ( C C 2 = C C = C C = C 2 ) C C 3 = C C = C O 3 ) O C,80 235 249 389 411 507 569 587 695 787 807 841 875 881 978 1013 1066 1088 1110 1187 1199 1238 1245 1271 1380 1452 1466 1518 1536 1722 1750 1754 1917 1926 1970 1973 2004 2024,C1=CC=C(C=C1)CN(CC2=CC=CC=C2)C(=O)COC3=C(C=C(C=C3)C)OC
1845,C O C 1 C N ( C C ( C 1 C 2 = C C = C ( C = C 2 ) O C C C O C C 3 = C C = C C = C 3 ) O C C 4 = C C 5 = C C = C C = C 5 C = C 4 ) C ( = O ) [O-],13 80 102 310 322 418 488 598 621 632 650 739 745 807 823 841 875 926 935 937 1019 1034 1057 1066 1087 1088 1199 1226 1380 1392 1409 1452 1457 1750 1753 1754 1768 1803 1843 1855 1911 1992 1998 2002 2042,COC1CN2CC(C1C3=CC4=CC=CC=C4C=C32)OCCCOC5=CC=C(C=C5)COCCCOCC6=CC=CC=C6
1846,C C C ( C ( = O ) N C 1 = C C = C ( C = C 1 ) O C C ) N C 2 = C ( C ( = C C = C 2 ) S ( = O ) ( = O ) N C 3 = C C = C ( C = C 3 ) Cl ) C ( = O ) O,1 80 191 216 237 294 350 389 392 502 561 573 650 690 695 718 736 743 807 816 843 871 904 955 992 1039 1057 1059 1070 1088 1152 1238 1270 1380 1452 1476 1544 1685 1696 1750 1816 1873 1928,CC[C@@H](C(=O)NC1=CC=C(C=C1)Cl)NC2=C(C(=CC=C2)S(=O)(=O)NC3=CC=C(C=C3)Cl)OCC
1847,C 1 = C C = C 2 C ( = C 1 ) C ( = O ) N ( C 2 = O ) C 3 = C C = C ( C = C 3 ) S ( = O ) ( = O ) N C 4 = C C ( = C C = C 4 ) [N+] ( = O ) [O-],4 191 233 314 319 350 352 502 703 715 743 753 838 875 879 883 935 984 1039 1176 1195 1199 1270 1380 1610 1686 1750 1755 1809 1825 1846 1873 1920 1940 1963,C1=CC=C2C(=C1)C(=O)N(C2=O)C3=CC=C(C=C3)S(=O)(=O)NC4=CC(=CC=C4)[N+](=O)[O-]
1848,C C 1 = C C = C ( C = C 1 ) N 2 C ( = O ) / C ( = C \ C 3 = C C ( = C ( C = C 3 ) O C C # C ) O C ) / C ( = O ) N C 2 = O,25 80 94 233 235 249 281 314 411 550 650 674 695 796 817 841 875 879 915 935 974 1019 1057 1060 1114 1120 1176 1245 1380 1382 1395 1412 1452 1560 1572 1605 1657 1722 1750 1825 1828 1873 1918 1920 2033,CC1=CC=C(C=C1)N2C(=O)/C(=C/C3=CC(=C(C=C3)OCC#C)OC)/C(=O)NC2=O
1849,C C N ( C C ) S ( = O ) ( = O ) N 1 C C N ( C C 1 ) C C 2 = N C ( = N O 2 ) C 3 = C C = C ( C = C 3 ) O C,80 85 140 248 268 294 322 350 363 378 650 656 695 784 805 831 841 881 896 917 935 1013 1057 1160 1328 1349 1536 1542 1616 1626 1750 1765 1791 1855 1873,CCN(CC)S(=O)(=O)N1C(=NC(=N1)C2=CC=C(C=C2)OC)CN3C(=NC(=N3)C4=CC=C(C=C4)OC)C5=CC=C(C=C5)OC
1850,C 1 C N C ( = O ) C ( N 1 ) C C ( = O ) N N = C C 2 = C ( C ( = C C ( = C 2 ) Br ) Br ) O,115 143 202 254 290 305 314 318 650 657 694 725 807 864 868 875 909 926 947 961 1004 1065 1114 1152 1346 1507 1602 1631 1749 1782 1867 1873 1876 1909 1917 1932,C1CNC(=O)N1C(=O)NN=CC2=C(C(=CC(=C2)Br)C=NNC(=O)NN=CC3=C(C(=CC(=C3)Br)C=O)O)O
1851,C 1 C C N ( C C 1 ) C 2 = C C = C ( C = C 2 ) N C 3 = N C = C 4 C = C C ( = O ) N ( C 4 = N 3 ) C 5 C C C C = C 5,2 39 191 233 314 378 407 458 491 507 544 680 765 792 843 850 925 935 1028 1083 1141 1147 1152 1246 1405 1535 1582 1586 1855 1873 1922 1971,C1CCN(CC1)C2=CN=C(N=C2)NC3=CN=C(C=C3)N4C(=O)C=CC5=CC=CCC54
1852,C C N ( C C ) C ( = S ) S [C@H] ( C ) C ( = O ) N C 1 = C C = C ( C = C 1 ) N C ( = O ) C,80 97 110 116 160 191 280 294 530 573 639 681 807 843 849 881 1008 1017 1152 1162 1457 1664 1750 1816 1873 1917,C1=CC(=CC=C1NC(=O)C(SC(=S)C)SC(=S)C)NC(=O)C(SC(=S)C)SC(=S)C
1853,C 1 = C C = C ( C = C 1 ) C 2 = C C ( = N N 2 C 3 = C C = C ( C = C 3 ) / C = C ( \ C # N ) / C ( = O ) N C 4 = C C = C ( C = C 4 ) F ) C 5 = C C = C C = C 5,25 46 90 159 179 191 233 376 378 389 650 674 694 699 736 803 807 843 875 935 945 980 1079 1088 1103 1141 1152 1199 1210 1328 1338 1380 1384 1399 1410 1440 1446 1580 1692 1746 1750 1816 1852 1873 1917 1928 1956 1971 2033,C1=CC=C(C=C1)C2=CC(=NN2C3=CC=C(C=C3)/C=C(\C#N)/C(=O)NC4=CC=C(C=C4)F)C5=CC=CC=C5
1854,C C O C ( = O ) C 1 = N N ( C ( = N ) C ( = C 1 N ) C # N ) C 2 = C ( C 3 = C ( S 2 ) C ( = O ) C C ( C 3 ) ( C ) C ) C # N,69 80 94 145 147 149 162 213 275 294 314 358 378 469 490 527 650 674 695 759 790 877 926 940 1007 1171 1238 1274 1326 1380 1384 1457 1487 1562 1640 1665 1691 1722 1738 1852 1863 1917 1956,CCOC(=O)C1=NN(C(=C1N)N)C2=C(C(=C3CC(CC(=O)N3C2=N)(C)C)C#N)N
1855,C C ( C ( = O ) N C ( C 1 C C C C C 1 ) C ( = O ) N 2 C C C C 2 C 3 = C C ( = N C = C 3 ) C 4 = C C = C C = C 4 C ( F ) ( F ) F ) N C,2 108 114 117 193 231 242 262 352 378 384 446 573 615 650 724 787 809 841 875 890 915 926 935 944 1019 1028 1035 1057 1063 1075 1088 1152 1199 1279 1299 1312 1380 1430 1452 1453 1479 1480 1623 1634 1646 1750 1866 1868 1907 1917 1920 1928 1978 1985,CNC(C1CCCCC1)C(=O)N2CCCC2C3=CC(=NC=C3)CC4=CC=CC=C4C(F)(F)F
1856,C O C ( = O ) C 1 = C C ( = C C = C 1 ) N C ( = O ) N 2 C C 3 = C ( N 4 C = C C = C 4 C 2 C 5 = C C ( = C C = C 5 ) F ) S C 6 = C 3 C C C C 6,42 95 145 184 191 218 220 230 242 310 469 510 650 675 695 699 703 823 841 875 894 906 926 927 935 953 1028 1039 1057 1087 1088 1101 1152 1184 1279 1333 1359 1380 1385 1399 1427 1501 1509 1591 1663 1715 1738 1750 1817 1873 1917 1928 1946 1985,COC(=O)C1=CC(=CC=C1)NC(=O)N2CC3=C(CCCC3)N4C=CC=C4C2C5=CC(=CC=C5)F
1857,C C ( C C C 1 = C C = C C = C 1 ) N C ( = O ) C 2 = C C = C C = C 2 N 3 C ( = O ) [C@@H] 4 C C 5 = C ( C ( N 4 C 3 = O ) C 6 = C C = C ( C = C 6 ) O C ) N C 7 = C C = C C = C 5 7,1 5 46 117 119 283 314 322 389 392 486 638 650 695 718 721 739 781 807 831 935 994 1004 1013 1019 1045 1057 1066 1114 1150 1152 1157 1199 1243 1279 1294 1312 1357 1380 1427 1447 1536 1597 1630 1634 1639 1647 1671 1681 1686 1745 1754 1783 1803 1815 1873 1917 1991 2018,CC(CCC1=CC=CC=C1)NC(=O)C2=CC=CC=C2N3C(=O)[C@@H]4CC5=C(C(N4C3=O)C6=CC=C(C=C6)OC)NC7=CC=CC=C7N5
1858,C 1 C N ( C [C@H] 1 N C 2 C C C ( C C 2 ) ( C 3 = N C = C ( C = C 3 ) C 4 = N C = C C = N 4 ) O ) C ( = O ) C 5 C C N ( C C 5 ) C 6 = N C = C C ( = C 6 ) C ( F ) ( F ) F,42 53 114 260 335 378 407 448 454 527 530 595 652 712 739 787 809 814 860 875 896 914 926 935 974 1022 1060 1088 1152 1154 1156 1162 1168 1192 1260 1296 1325 1380 1385 1417 1452 1453 1487 1522 1598 1611 1634 1750 1802 1837 1866 1873 1920 1928 1952 1954 2009,C1CN(C[C@H]1NC2CCC(CC2)(C3=NC=CC(=C3)C(F)(F)F)O)C(=O)C4CCN(CC4)C5=NC=CC(=C5)C(F)(F)F
1859,C C 1 = C C = C ( C = C 1 ) N C ( = O ) C N ( C ) C ( = O ) / C = C / C 2 = C C ( = C ( C ( = C 2 ) O C ) O C ) O C,31 80 191 235 249 282 333 334 382 650 694 695 807 835 837 841 843 875 1057 1077 1118 1152 1163 1308 1476 1536 1599 1722 1750 1782 1816 1823 1873 1892 1917 1970 2033,CC1=CC=C(C=C1)NC(=O)N(C)CC(=O)/C=C/C2=CC(=C(C(=C2)OC)OC)OC
1860,C C O P ( = O ) ( [C@@H] ( C 1 = C C = C C = C 1 ) N C ( = O ) / C = C / C 2 = C C = C ( C = C 2 ) O C ) O C C,25 31 80 117 192 327 389 486 681 694 695 718 781 831 841 972 1057 1152 1199 1203 1238 1292 1308 1365 1380 1527 1581 1873 1917 2033,COC1=CC=C(C=C1)/C=C/C(=O)NP(=O)(C2=CC=CC=C2)COP(=O)(NC(=O)/C=C/C3=CC=C(C=C3)OC)NC(=O)/C=C/C4=CC=C(C=C4)OC
1861,C C ( C C ( C 1 = C C ( = C ( C = C 1 ) O C ) O C ) N ) C C ( C ) ( C ) C,80 94 114 140 249 392 503 596 599 680 695 719 786 841 997 1057 1171 1194 1245 1270 1365 1380 1544 1575 1750 1787 1970,CC(C)(C)C[P+](CC(C)(C)C)(CC(C)(C)C)C1=CC(=C(C=C1)OC)O[P+](CC(C)(C)C)(C2=CC(=C(C=C2)OC)OC)N
1862,C C 1 = C ( O C 2 = C ( C 1 = O ) C = C C = C 2 C ( = O ) C Br ) C 3 = C C = C C = C 3,80 133 252 314 389 642 650 656 728 736 807 1039 1057 1081 1088 1105 1160 1199 1280 1357 1380 1447 1457 1693 1700 1722 1750 1873 1951,CC1=C2C(=C(C3=C1OC(=O)C(=C3C)C4=CC=CC=C4)C)C=CC=C2C5=CC=CC=C5
1863,C 1 = C C ( = C [N+] ( = C 1 ) C C O C ( = O ) C 2 = C C ( = C N 2 ) Br ) C ( = O ) O,13 80 143 145 147 282 328 336 350 389 422 456 463 545 695 727 728 806 807 813 874 909 916 920 1003 1088 1114 1322 1363 1380 1385 1415 1592 1631 1686 1750 1873 1879 1917,C1=CC(=C[N+](=C1)CCOC(=O)C2=CC(=CN2)Br)C(=O)O
1864,C N ( C C 1 = C C = C C = C 1 N 2 C C C C 2 ) S ( = O ) ( = O ) C 3 = C C = C C ( = C 3 ) C ( = O ) O C,80 213 231 319 350 407 413 469 488 507 575 650 680 695 785 807 815 875 881 906 935 1028 1039 1057 1088 1152 1295 1310 1349 1476 1480 1536 1597 1647 1715 1917 1985 2027,C1CN(C1)C2=CC=CC=C2CN(CC3=CC=CC=C3N4CCC4)S(=O)(=O)C5=CC=CC(=C5)C(=O)ONC(=O)C6=CC(=CC=C6)S(=O)(=O)N7CCC7
1865,C [C@H] ( C ( = O ) N C 1 = C C = C ( C = C 1 ) Cl ) S C 2 = N C C N 2,1 89 116 191 196 283 305 313 378 561 573 650 807 827 843 881 1057 1077 1152 1162 1507 1544 1664 1683 1696 1750 1816 1860 1866 1917,CC(C(=O)NC1=CC=C(C=C1)NC(=O)C(C)SC2=NCCN2)SC3=NCCN=C3Cl
1866,C 1 C C [C@H] 2 [C@@H] ( C 1 ) C 3 = C C = C C = C 3 N 2,118 301 455 890 926 1019 1027 1088 1114 1147 1199 1325 1380 1470 1750 1799 1873 1982 1990 2035,C1CC2C1C3=CC=CC=C3N2
1867,C C ( C ) ( C ) C ( = O ) N C C 1 2 C = C C ( O 1 ) C 3 C 2 C ( = O ) N ( C 3 = O ) C 4 = C C = C ( C = C 4 ) [N+] ( = O ) [O-],5 29 114 233 392 464 650 656 706 715 753 769 787 838 918 935 938 985 1019 1083 1148 1152 1176 1181 1195 1274 1337 1344 1380 1390 1686 1700 1727 1750 1809 1814 1824 1825 1873 1919 1961 2001,C1=CC2C3C(C1ON2C(C)(C)C4=CC5C6C(C4C(=O)N(C6=O)C7=CC=C(C=C7)[N+](=O)[O-])ON5C(C)(C)C)C(=O)N(C3=O)C8=CC=C(C=C8)[N+](=O)[O-]
1868,C 1 = C C = C ( C = C 1 ) S ( = O ) ( = O ) N / 2 / C = C \ O / C = C \ O / C = C 2,67 319 350 369 374 389 574 575 650 656 689 696 807 929 935 1199 1380 1476 1750 1873,C1=CC=C(C=C1)S(=O)(=O)C(=C2C=COC=C2)S(=O)(=O)C3=CC=CC=C3
1869,c 1 2 c 3 c ( c ( = O ) c 4 c 2 c ( c c c 4 O ) O ) c ( c c c 3 n ( n 1 ) C C C N ( C ) C ) N C C N,117 158 223 314 410 459 587 650 652 654 667 693 717 807 881 899 935 946 949 955 981 1057 1118 1145 1163 1171 1224 1380 1416 1471 1475 1476 1602 1607 1750 1760 1840 1856 1873 1911 1923 1951 1956 1984 2016 2021,CN(C)CCCN1C2=C3C(=CC=C(C3=C(C=C2)NCCN)O)C(=O)C4=C(C=CC(=C4C1=O)O)O
1870,C C c 1 n n c ( [nH] 1 ) c 1 c c ( C ( = O ) N 2 C C C ( C C 2 ) c 2 c c c ( c c 2 ) C # N ) c ( C ) c c 1 C 1 C C ( F ) ( F ) C 1,34 80 83 102 251 283 294 307 352 362 364 451 492 674 679 694 771 790 802 926 935 942 981 1019 1027 1057 1060 1064 1114 1136 1158 1164 1279 1325 1380 1384 1391 1428 1459 1480 1504 1609 1745 1750 1799 1873 1917 1928 1954 1991 2000 2028,CCc1nnc([nH]1)C1(CC2(F)CC(C2)c2ccc(cc2)C#N)N2CCC(CC2)c2ccc(cc2)C#N
1871,C S C 1 = C ( C ( = C ( C = C 1 Cl ) Cl ) Cl ) Cl,116 151 366 561 834 875 1011 1057 1255 1364 1380 1683 1716 1723 1849 1873,C1=C(C(=C(C(=C1Cl)Cl)SCl)Cl)Cl
1872,C C ( C ( = O ) N C 1 = C C = C C = C 1 ) S C 2 = C C = C ( C = C 2 ) N C ( = O ) / C ( = C / C 3 = C ( C ( = C C = C 3 ) Cl ) Cl ) / N C ( = O ) C 4 = C C = C C = C 4,191 283 366 389 441 561 573 650 694 807 811 843 930 960 961 974 1011 1035 1039 1057 1077 1088 1103 1118 1119 1162 1173 1210 1269 1347 1380 1507 1568 1664 1665 1683 1707 1746 1816 1917 1985 2022,CC(C(=O)NC1=CC=C(C=C1)NC(=O)/C(=C/C2=C(C(=CC=C2)Cl)Cl)/NC(=O)O)SC3=CC=C(C=C3)NC(=O)/C(=C/C4=C(C(=CC=C4)Cl)Cl)/O
1873,C O C C ( C O C ) C 1 = C C = C ( C = C 1 ) N,1 13 80 118 682 695 841 888 1005 1057 1128 1168 1171 1189 1365 1380 1584 1750 1804 1853 1873,COCC(COC)C1=CC=C(C=C1)N
1874,C O C 1 = C C = C ( C = C 1 ) C ( = O ) N = C 2 N ( C 3 = C ( S 2 ) C = C ( C = C 3 ) C ( = O ) O C ) C C ( = O ) O C,30 45 145 195 322 469 500 650 675 681 718 725 781 802 807 831 841 875 885 906 935 1057 1152 1312 1380 1385 1386 1420 1432 1477 1521 1536 1595 1646 1715 1749 1750 1780 1917 1925 1930 2021,COC1=CC=C(C=C1)C(=O)N=C2N(C3=C(S2)C=C(C=C3)C(=O)OC)CC(=O)OC
1875,C O C 1 = C C = C C = C 1 / C = N \ N 2 C C N ( C C 2 ) C 3 = C C = C C = C 3 O C,231 249 328 407 441 590 694 695 707 725 841 864 926 935 961 1057 1088 1249 1295 1380 1400 1410 1480 1508 1536 1730 1750 1764 1873 1890 1939 1970,COC1=CC=CC=C1/C=N/N2CCN(CC2)C3=CC=C(C=C3OC)OC
1876,C C C C C ( C ( C ) C = C ) O,1 80 227 283 294 341 591 694 739 794 807 846 888 1057 1088 1328 1336 1366 1645 1769 1911,CCCC[C@H]([C@H](C=C)[C@@H](C)C=C)O
1877,C C 1 = C ( S C ( = C 1 C ( = O ) O ) N 2 C = C C = C 2 C N C C C N ( C ) C 3 = C C = C C = C 3 ) C,95 166 255 288 313 389 456 469 473 564 586 615 629 650 667 675 710 771 807 820 881 935 955 1057 1088 1096 1101 1152 1192 1199 1351 1380 1399 1501 1555 1722 1750 1807 1911 1917 1930 1990,CC1=C(C(=C(S1)N2C=CC=C2CNN(C3=CC=CC=C3)C4=CC=CC=C4)C(=O)O)C(=O)O
1878,C O C ( = O ) C 1 = C C = C ( C = C 1 ) [C@H] 2 C [C@H] ( O C ( = C 2 ) C ( = O ) N C 3 C C 4 C C C 3 C 4 ) O C C O C C O,13 55 80 145 190 324 373 387 473 486 585 600 606 650 691 695 712 750 752 823 841 883 938 963 995 1019 1069 1085 1152 1279 1292 1363 1376 1380 1385 1403 1446 1509 1606 1697 1715 1750 1803 1873 1917 1992 2047,C1C2CC3CC1C(C2)NC(=O)[C]4[C]3[CH][CH][C]4C(=O)NC5CC6CC5CC(C6)OCCOCCOC7CC8CC(C8)C7C9=CC=C(C=C9)C(=O)OC
1879,C O C 1 = C ( N = C ( C = C 1 ) N 2 C ( = O ) C 3 = C ( C = C ( S 3 ) C ( = O ) N C C 4 = C C = C ( C = C 4 ) O C ( F ) F ) N C 2 = O ) O C,1 80 112 119 131 221 249 255 265 310 314 322 378 419 486 504 527 529 635 638 650 664 675 723 758 772 807 813 875 935 968 987 1046 1050 1103 1114 1152 1339 1380 1536 1573 1666 1735 1741 1745 1750 1754 1842 1917 1928 1970 1976 1993,C1=CC(=CC=C1CNC(=O)C2=CC3=C(C(=O)N2C4=NSN=C(C=C4)N5C(=O)C6=C(C=C(C=C6OC)OC(F)F)NC5=O)SN3)OC(F)F
1880,C O C ( = O ) N C C ( = O ) N C 1 2 C C 3 C C ( C 1 ) C C ( C 3 ) C 2,16 41 80 172 197 260 344 618 650 666 679 695 807 841 1019 1057 1292 1446 1527 1715 1758 1901 1917 1976,COC(=O)NC[P+](CC(=O)N1C2CC3CC(C2)CC1C3)(CC4CC5CC(C4)CC(C5)C67CC8CC(C6)CC(C8)C7)OC
1881,C C 1 = C C = C ( C = C 1 ) C ( = O ) C ( = C = C ) C,461 724 807 1017 1092 1385 1633 1697 1722 1750 1823 1873 1920,C1=CC=C(C=C1)/C(=C(\C)/C(=C2C=CC(=C(C)C3=CC=C(C=C3)C)C=C2)C4=CC=C(C=C4)C)/C
1882,C C C N ( C ( C 1 = C C = C ( C = C 1 ) Cl ) C ( = O ) N C 2 C C C ( C C 2 ) C ) C ( = O ) C Cl,1 216 294 330 387 561 573 608 610 650 717 794 807 816 860 1019 1057 1070 1148 1152 1206 1238 1309 1325 1365 1634 1639 1683 1750 1818 1853 1861 1873 1917,CCOC(=O)C(C1=CC=C(C=C1)Cl)C(=O)NC2CCC(CC2)C
1883,C [C@@H] ( C ( = O ) N C 1 = C C = C ( C = C 1 ) N C ( = O ) C ) N 2 C = N C 3 = C C = C C = C 3 C 2 = O,1 107 191 245 283 289 314 331 378 427 504 530 573 629 650 708 779 807 843 932 935 1017 1057 1077 1088 1152 1199 1357 1380 1411 1452 1573 1743 1873 1896 1917,CC(C(=O)NC1=CC=C(C=C1)NC(=O)C)N2C=NC3=CC=CC=C3C2=O
1884,C O C ( = O ) C 1 C C ( C 1 ) ( O C ) O C,42 509 534 683 695 807 841 926 960 974 1019 1057 1060 1152 1158 1316 1415 1917,COC(=O)C1CC(C(C1)(OC)OC)(OC)OC2(CC(C2)C(=O)OC)OC
1885,C C C C 1 = N C 2 = C ( C ( = O ) C 3 = C C = C C = C 3 O 2 ) C 4 = N C 5 = C C = C C = C 5 N 1 4,45 80 289 357 368 378 405 525 548 600 650 794 841 935 941 942 1057 1085 1097 1128 1285 1357 1573 1604 1696 1711 1726 1750 1808 1855 1873 1970 1984,CCCC1=NC2=C(C3=CC=CC=C3O1)C4=NC5=CC=CC=C5N4C(=N2)CCC
1886,C 1 C C = C C ( C 1 ) O / N = C ( / C 2 = N S C ( = N 2 ) N ) \ C ( = O ) N C 3 [C@@H] 4 N ( C 3 = O ) C ( = C ( C S 4 ) C S C 5 = N N = N N 5 C C C N ) C ( = O ) O,5 39 40 80 89 122 158 186 232 257 293 314 329 367 378 387 431 440 456 460 514 647 653 664 675 698 720 747 753 762 765 792 807 859 872 926 935 958 981 1063 1083 1128 1145 1147 1152 1171 1186 1210 1246 1283 1325 1380 1441 1457 1496 1504 1520 1653 1754 1840 1855 1873 1902 1911 1917 1922 1955 2016,C1CC=CC(C1)NC(=O)/C(=C\2/N=C(SN2)N)/C3=NSC(=N3)N4C=CSC=C4C(=O)N5C=CSC=C5
1887,C C 1 = C ( C = C ( C = C 1 ) C ( = O ) N C ( = S ) N N C ( = O ) C O C 2 = C C = C ( C = C 2 ) C ( C ) C ) I,1 21 80 97 102 110 281 283 284 322 486 526 561 582 598 650 661 695 709 718 745 807 930 947 1057 1119 1152 1340 1365 1380 1385 1391 1395 1542 1691 1697 1722 1750 1804 1853 1873 1887,CC1=C(C=C(C=C1)C(=O)NC(=S)NNC(=S)OC2=CC=C(C=C2)C(C)C)I
1888,C 1 = C O N C 1 = S,13 97 466 656 768 787 1114 1380 1440 1506 1604 1717 1750 1873,C1=CNC(=S)OC1=S
1889,C C ( C ) C N C ( = O ) C N 1 / C ( = C / C ( = O ) C 2 = C C = C O 2 ) / S / C ( = C / C 3 = C S C = C 3 ) / C 1 = O,14 41 80 162 197 281 283 314 351 451 474 481 504 552 621 622 645 646 650 656 694 787 802 807 844 861 889 935 987 1066 1088 1116 1207 1233 1312 1380 1547 1559 1754 1769 1817 1847 1873 1892 1917 1926 1936 1998 2033,C1=COC(=C1)C(=O)CN2/C(=C/C3=CSC=C3)/C(=O)N(/C(=C/C4=CSC=C4)/C2=O)CC(=O)NCC5=CSC=C5
1890,C [C@@] 1 ( C C [C@@H] ( C [C@@H] 1 Br ) [C@] 2 ( C [C@H] ( C ( O C 2 = C ) ( C ) C ) Br ) O ) Cl,76 113 259 307 519 528 559 656 679 719 728 776 807 926 1019 1057 1060 1154 1162 1180 1188 1258 1274 1282 1292 1325 1366 1386 1424 1535 1683 1753 1898,CC1([C@@H]2CC[C@@]([C@@H](C2)Br)([C@@H](C[C@@H](O1)[C@@]3(CC[C@@H](C3)C4(CC[C@@H](C(O4)(C)C)Br)O)Cl)Br)O)C
1891,C 1 C N ( C C = C 1 C 2 = C N = C ( C ( = N 2 ) C 3 = N C 4 = C C = C C = C 4 N 3 ) N ) C C # N,47 80 119 180 194 289 296 323 343 535 637 674 773 790 926 935 980 989 1088 1089 1097 1171 1199 1304 1333 1384 1443 1457 1459 1480 1526 1535 1545 1609 1615 1658 1738 1745 1750 1781 1783 1791 1812 1823 1840 1855 1873 1943,C1CN(CC=C1C2=CN=C(C(=N2)C3=NC4=CC=CC=C4N3)N)CC#N
1892,C C 1 = C ( C ( C 2 = C ( N 1 ) C C ( C C 2 = O ) C 3 = C C = C S 3 ) C 4 = C C = C C = N 4 ) C ( = O ) N C 5 = C C ( = C C = C 5 ) F,14 177 191 230 231 256 257 265 300 314 378 383 428 448 486 649 650 674 675 677 699 703 807 875 926 968 980 1019 1039 1057 1079 1088 1110 1114 1151 1152 1155 1169 1199 1380 1452 1464 1487 1488 1567 1582 1670 1816 1873 1911 1917 1928 1948 1978 2000,C1C(CC2=C(C1C3=CC=CC=N3)C(=O)NC4=CC(=CC=C4)F)C5=CC=CS5
1893,C 1 C = C C C 2 C 1 C ( = O ) N ( C 2 = O ) C C ( = O ) N C 3 = C C = C ( C = C 3 ) O C 4 = C C = C C = C 4,5 80 191 314 359 389 455 562 588 598 650 695 718 879 926 935 1019 1077 1088 1152 1199 1252 1284 1312 1380 1428 1617 1750 1816 1873 1917,C1C2C1C(=O)N(C2=O)CC(=O)NC3=CC=C(C=C3)OC4=CC=CC=C4
1894,C C ( C ) C ( = O ) N C C 1 = C C = C ( C = C 1 ) C ( C ( = O ) N ( C C ( C 2 = C C ( = C ( C = C 2 ) Cl ) Cl ) O ) C ( C ) C ) N,1 80 214 227 255 310 366 460 539 546 561 573 607 638 650 666 786 842 853 875 1152 1171 1189 1349 1362 1365 1380 1402 1434 1476 1546 1554 1683 1733 1750 1754 1853 1860 1861 1873 1917 1989,C1=CC(=CC=C1CNNC(=O)C(C2=CC(=C(C=C2)Cl)Cl)N)CNNC(=O)NNC(=O)C(C3=CC(=C(C=C3)Cl)Cl)N
1895,C / C ( = N / N C ( = O ) C O C 1 = C C = C ( C = C 1 ) C ( C ) ( C ) C ) / C ( = O ) N C C 2 = N C ( = N O 2 ) C 3 = C C ( = C ( C = C 3 ) O C ) O C,33 41 80 94 102 114 192 197 248 249 255 322 378 392 656 695 700 718 725 807 827 845 875 896 917 1057 1108 1160 1245 1272 1339 1347 1349 1380 1385 1417 1536 1626 1750 1855 1873 1887 1910 1917 1970 1983 2004 2013,CC(C)(C)C1=CC(=CC(=C1)C2=NOC(=N2)CN=NC(=O)COC3=CC=C(C=C3)OCC(=O)NN=C(C4=CC(=C(C=C4)OC)OC)C(C)(C)C)OC
1896,C O C 1 = C C ( = C C ( = C 1 ) N C 2 = N C 3 = C C = C C = C 3 N = C 2 N S ( = O ) ( = O ) C 4 = C C = C ( C = C 4 ) C C C ( = O ) O C ) O C,4 80 126 191 195 271 289 310 319 322 350 378 491 502 641 650 695 708 781 807 841 875 883 888 1031 1045 1057 1088 1090 1097 1152 1199 1218 1243 1270 1380 1386 1410 1476 1536 1564 1742 1754 1855 1873 1917 1921,COC1=CC(=CC(=C1)NC2=NC3=CC=CC=C3N=C2NS(=O)(=O)C4=CC=C(C=C4)CCC(=O)OC)OC
1897,C C O C 1 = C C = C ( C = C 1 ) N ( [C@H] ( C ) C ( = O ) N C 2 = C C ( = C ( C = C 2 ) F ) Cl ) S ( = O ) ( = O ) C,1 69 81 102 184 216 237 283 294 313 322 352 366 561 609 695 699 718 779 843 881 960 1057 1096 1238 1380 1452 1476 1488 1581 1582 1683 1750 1816 1840 1873 1917 1928,CCOC1=CC=C(C=C1)N(C(C)C)C(=O)C(=O)NC2=CC(=C(C=C2)F)Cl
1898,C C N ( C C C ( = O ) N 1 C C C C 1 C ( = O ) O ) C C C ( = O ) N 2 C C C C 2 C ( = O ) O C ( C ) ( C ) C,80 114 193 231 251 294 354 392 446 496 531 534 552 650 695 807 881 926 932 935 1009 1019 1028 1120 1329 1431 1480 1564 1574 1608 1719 1859 1880 1917 1981,CCN(CC)CCC(=O)N1CCC[C@H]1C(=O)OC(C)(C)C
1899,C N 1 C ( = O ) C ( C ( = O ) N ( C 1 = S ) C ) ( C 2 C C C = C C = C 2 ) C 3 C C C = C C = C 3,97 124 255 314 328 336 650 862 926 987 1003 1057 1128 1147 1325 1406 1495 1549 1589 1859 1873 1917 1960 1970,C1CC(CCC=C1)C(=O)C2(C(=O)C2=S)C3CCC=CC=CC3
1900,C C 1 = C C ( = C C = C 1 ) C [C@@H] ( C ( = O ) N C ( C C O C 2 = C C = C C ( = C 2 ) C ( = O ) O ) C # N ) N C ( = O ) C ( C 3 = C C = C C = C 3 ) C 4 = C C = C C = C 4,1 10 13 79 80 117 209 322 456 562 573 609 674 695 736 739 757 807 835 875 954 1013 1034 1039 1055 1057 1066 1088 1092 1110 1138 1152 1199 1365 1369 1380 1452 1501 1581 1600 1647 1722 1728 1750 1823 1917 1985 1990 2006,CC1=CC(=CC=C1)CC(C#N)NC(=O)C(CCOC2=CC=CC(=C2)C)NC(=O)C(C3=CC=CC=C3)C4=CC=CC=C4
1901,C C ( C 1 = C C = C C = C 1 ) N C ( = S ) N 2 C C N ( C C 2 ) C 3 = C C = C ( C = C 3 ) Cl,1 97 117 164 216 233 237 283 389 561 807 816 935 1057 1070 1088 1152 1199 1380 1508 1589 1627 1667 1683 1695 1750 1810 1825 1873 1929 2009,CC(C1=CC=CC=C1)NC(=S)N2CCN(CC2)C3=CC=C(C=C3)Cl
1902,C C O C ( = O ) C S C 1 = C ( N = N S 1 ) C 2 = C C = C C = C 2,80 116 119 147 219 294 323 341 378 471 514 650 675 695 807 1057 1088 1160 1188 1199 1238 1380 1386 1435 1475 1588 1722 1917 2033,CCOC(=O)CSC1=C(N=NS1)C2=CC=CC=C2
1903,C C O C ( = O ) C 1 = C C = C ( C = C 1 ) N C ( = O ) C 2 = C C ( = C ( C = C 2 ) [N+] ( = O ) [O-] ) C,145 147 191 277 354 486 526 606 650 715 753 759 799 807 838 875 934 1057 1077 1152 1348 1380 1385 1522 1697 1722 1750 1795 1873 1917 1963,CC1=CC=C(C=C1)C(=O)NC2=CC=C(C=C2)C(=O)OC[N+](=O)[O-]
1904,C C 1 = C ( C = C ( C = C 1 ) Cl ) N C ( = O ) N 2 C C N ( C C 2 ) C 3 = C C = C C ( = C 3 ) C ( F ) ( F ) F,99 114 165 368 407 496 650 687 807 809 816 875 926 935 1039 1049 1152 1224 1260 1317 1380 1381 1391 1453 1480 1508 1522 1589 1816 1825 1873 2009,C1CN(CCN1C2=CC(=CC=C2)N3CCN(CC3)C(=O)NC4=C(C=CC(=C4)Cl)C(F)(F)F)C(=C(C(F)(F)F)NC5=C(C=CC(=C5)Cl)C(F)(F)F)NC6=C(C=CC(=C6)C(F)F)F)F
1905,C C C N / C = C / C C,80 118 294 694 814 897 1057 1134 1152 1356 1454 1460 1768 1944,CC/C=C/N/C=C/CC
1906,C 1 = C C = C ( C = C 1 ) O C 2 = C C = C ( C = C 2 ) S ( = O ) ( = O ) N ( C C 3 = C C ( = C ( C = C 3 ) Cl ) Cl ) C C 4 = C C ( = C ( C = C 4 ) C ( F ) ( F ) P ( = O ) ( O ) O ) Br,14 80 114 192 193 282 319 350 366 453 507 555 561 562 623 650 695 718 728 815 833 847 875 881 950 983 1060 1199 1250 1380 1402 1476 1617 1631 1683 1750 1838 1873 1898 1928 1946 2035,C1=CC(=CC=C1OC2=C(C=C(C=C2Br)S(=O)(=O)N(CC3=CC(=C(C=C3Br)Cl)Br)P(=O)(O)O)Cl)OC4=C(C=C(C=C4Br)S(=O)(=O)C(P(=O)(O)O)(Br)P(=O)(O)O)O)(=N
1907,C C C 1 C ( C C ( O C 1 ( C ) C ) ( C ) C ) C C ( = O ) O,34 50 80 294 389 449 656 657 679 738 926 1019 1057 1060 1274 1424 1454 1595 1730 1737 1746 1760 1778 1870 1917,CCC1C(C2(CC(C1(C)C)C(O2)(C)C)C)CC(=O)O
1908,C C C C ( C ) N C ( C C ) C 1 = C C = C ( C = C 1 ) F,1 90 225 283 291 294 474 699 739 794 979 1152 1363 1365 1410 1750 1824 1853 1928,CCCC(C1=CC=C(C=C1)F)NC(C)NC(CCC)C2=CC=C(C=C2)F
1909,C 1 C ( = O ) N ( [C@@H] ( S 1 ) C 2 = C C ( = C C = C 2 ) C ( F ) ( F ) F ) C [C@H] ( C 3 = C C = C C = C 3 ) O,1 92 114 188 263 310 314 378 389 412 650 675 787 807 809 875 935 998 1001 1039 1088 1199 1279 1362 1365 1380 1453 1469 1663 1750 1775 1873 1922 2017,C1=CC=C(C=C1)C2N(C(=O)N(S2)C(C3=CC(=CC=C3)C4N(C(=O)N(S4)C5=CC=CC=C5)PO)C6=CC=CC=C6)C7=CC(=CC=C7)PO
1910,C 1 C C C ( C C 1 ) N C 2 = C ( C ( = N C = N 2 ) N 3 C C N ( C C 3 ) C 4 = C C = C C = C 4 F ) [N+] ( = O ) [O-],2 130 149 175 231 378 407 438 489 699 708 715 753 769 838 890 926 935 1019 1028 1032 1143 1150 1195 1295 1325 1367 1452 1480 1634 1647 1840 1873 1928 1930 1963,C1CCC(CC1)NC2=C(C(=NC=N2)N3CCN(CC3)C4=CC=CC=C4F)[N+](=O)[O-]
1911,C C C C C 1 = C ( N ( C ( = O ) N 1 C C 2 = C C = C ( C = C 2 ) C 3 = C C = C C = C 3 C 4 = N N N = N 4 ) C 5 = C C = C C = C 5 ) C ( O C ) O C,1 58 222 310 314 352 378 389 591 695 701 771 792 794 802 841 896 935 942 975 984 1010 1049 1057 1078 1080 1088 1104 1114 1164 1199 1243 1244 1281 1351 1380 1385 1391 1474 1528 1585 1683 1750 1754 1765 1767 1873 1888 1897 1911 1993 2004,CCCCC1=C(N(C(=O)N1CC2=CC=C(C=C2)C3=CC=CC=C3C4=NNN=N4)C5=CC=CC=C5)C(OC)OC
1912,O = c 1 n c ( [nH] c ( N ) c 1 / N = N / c 1 c c c c c 1 ) N,21 134 314 334 347 378 380 389 618 650 697 725 733 931 1086 1088 1114 1171 1199 1316 1380 1457 1583 1665 1745 1854 1855 1873 1959,n1c([nH]c(c(c1=O)/N=N/c1ccccc1)N)N
1913,C 1 C 2 C 3 [C@H] ( C 4 = C ( N C ( = O ) S 4 ) S C 3 C 1 C 5 C 2 C ( = O ) N ( C 5 = O ) C C ( = O ) N C 6 = C C = C C ( = C 6 ) C ( F ) ( F ) F ) C 7 = C C = C ( C = C 7 ) Br,5 41 80 89 121 191 219 270 382 461 555 588 622 650 653 670 675 703 728 809 854 864 875 909 926 935 990 1019 1039 1088 1114 1152 1157 1260 1279 1284 1312 1357 1380 1417 1443 1451 1453 1457 1459 1522 1631 1649 1745 1803 1862 1873 1874 1886 1917 1928 2017,C1C2C3C(C1C4C2C(=O)N(C4=O)CC(=O)NC5=CC=CC(=C5)C(F)(F)F)SC6=C(C3C7=CC=C(C=C7)Br)SC(=O)N6
1914,C 1 = C C = C ( C ( = C 1 ) C N C ( = O ) C C 2 = C S C ( = N 2 ) C 3 = C ( C = C C = C 3 Cl ) Cl ) Cl,41 80 105 197 210 255 295 325 333 366 378 518 552 650 675 724 807 974 981 1039 1048 1088 1152 1349 1380 1510 1567 1597 1682 1683 1750 1855 1873 1917 1934 1990,C1=CC(=C(C(=C1)Cl)Cl)CNC(=O)CC2=CSC(=N2)C3=NC(=CS3)CC(=O)NCC4=CC=CC=C4Cl
1915,C C 1 = C C = C ( C = C 1 ) C N C 2 = N C ( = C ( C ( = N 2 ) N C [C@H] 3 C C C O 3 ) [N+] ( = O ) [O-] ) N,80 81 235 248 255 310 361 638 650 656 753 808 926 950 1019 1134 1152 1171 1380 1391 1416 1459 1468 1576 1586 1604 1695 1722 1750 1754 1823 1855 1873 1920 1961 1963 2004 2008 2037,C1OOC(C1)CNc1nc(c(c(n1)NCc1ccc(cc1)C)[N+](=O)[O-])NCc1ccc(cc1)C
1916,C C ( C ) N S ( = O ) ( = O ) C 1 = C C = C ( C = C 1 ) C ( = O ) N C C C 2 = C N = C C = C 2,1 8 80 197 283 319 350 466 502 645 650 667 828 883 1028 1043 1066 1152 1249 1380 1476 1507 1586 1603 1664 1665 1697 1740 1750 1754 1866 1873 1941,C1CCC(C1)NS(=O)(=O)C2=CC=C(C=C2)C(=O)NCCC3=CN=CC=C3
1917,C C 1 C N ( C C ( O 1 ) C ) C C ( C 2 = C C = C C = C 2 ) O,1 80 206 227 263 389 412 656 739 765 807 871 926 1057 1088 1159 1365 1380 1442 1581 1750 1791 1873 1884 1921 1922,CC1CN(CC(O1)C)CC(CCC(C2=CC=CC=C2)O)C3=CC=CC=C3
1918,C C O [Si] ( C ( C ) C C C O C C 1 C O 1 ) O C C,1 80 283 301 432 486 556 563 656 695 739 802 1019 1057 1124 1136 1325 1391 1523 1562 1651 1769 1790 1911 1923 1992,CC(CCCOCC1CO1)[Si](C(C)C)O[Si](C(C)CCCOCC2CO2)C(C)CCCC(C)[Si](C(C)C)C(C)CCCOCC3CO3
1919,C C 1 = C ( C = C ( C = C 1 ) Cl ) N C ( = O ) C N C 2 = C C ( = C C = C 2 ) S ( = O ) ( = O ) N ( C ) C,41 80 99 112 165 191 319 350 482 575 650 658 686 698 703 763 785 807 815 816 881 1039 1057 1088 1163 1205 1224 1380 1391 1416 1440 1476 1633 1750 1816 1873 1917 1948,CN(C)S(=O)(=O)C1=CC=CC(=C1)NCC(=O)NC2=C(C=CC(=C2)Cl)NC(=O)CNC3=CC(=CC=C3)S(=O)(=O)N(C)C
1920,C C C C C C C C C C C C C C C C ( = O ) C ( C C C C N ) ( C ( = O ) O ) N,53 80 114 294 389 583 591 650 675 794 807 860 981 1057 1082 1143 1171 1267 1356 1376 1444 1503 1517 1564 1840 1911 1917 1977,CCCCCCCCCCCCCCCCCC(=O)C(C(=O)CCCCCCCCCCCCCCN)(C(=O)O)C(C(=O)CCCCCN)(C(=O)O)N
1921,C C C 1 = C ( N = C 2 C = C C ( = C C 2 = C 1 ) O C ) S C C ( = O ) N C 3 = N C ( = C ( S 3 ) C ) C,41 80 92 155 162 214 313 317 322 341 378 385 493 513 675 695 718 781 807 841 875 961 996 1057 1097 1283 1349 1455 1506 1536 1750 1759 1799 1816 1855 1858 1917 1959 1972 1978,CCC1=C(SC(=N1)NC(=O)CSC2=NC3=C(C=C(C=C3)OC)C=C2CC)C
1922,C [C@H] 1 C ( = O ) N ( C C N 1 C ( = O ) C ( C C 2 = C N = C N 2 ) N C ( = O ) C ) C ( C ( C ) C ) C ( = O ) N,1 5 79 80 108 117 188 242 245 283 314 378 543 635 713 798 806 807 812 892 935 963 973 1017 1019 1057 1114 1152 1171 1172 1380 1433 1435 1513 1535 1603 1656 1773 1864 1873 1891 1917 1942,CC(C)[C@@H]([C@@H]1C(=O)N1C(=O)[C@H](CC2=CN=CN2)NC(=O)C)NC(=O)C
1923,C O C 1 = C ( C ( = C ( C ( = C 1 ) C ( = O ) N 2 C C C C 2 C O ) N C ( = O ) O C ( C ( Cl ) Cl ) Cl ) O C ) O C C 3 = C C = C C = C 3,1 69 107 142 144 167 193 242 249 333 389 600 650 695 745 807 841 860 875 914 926 928 935 1019 1028 1057 1066 1088 1154 1199 1325 1380 1452 1504 1516 1521 1529 1536 1552 1599 1683 1750 1754 1758 1801 1816 1873 1892 1917 1934 1964 1991 1994 2042,COC1=C(C(=C(C(=C1)C(=O)N2CCCC2C(OC(=O)N3CCCC3C(Cl)Cl)Cl)OC)OCC4=CC=CC=C4)OCC5=CC=CC=C5
1924,C C 1 = C C 2 = N C ( = C C ( = O ) N 2 O 1 ) C O C 3 = C C = C C = C 3 N C ( = O ) C 4 = C C = C O 4,80 201 314 318 378 474 604 621 650 656 695 703 742 745 787 812 875 947 1041 1057 1066 1088 1141 1152 1183 1199 1226 1233 1249 1275 1380 1410 1609 1722 1750 1754 1785 1816 1917 1926 1970 1983 1993,C[C]1oc(cc1=O)COc1ccccc1O[Si](C)(C)NC(=O)c1occc1
1925,C C ( C ) N c 1 c c ( n c c 1 C ( = O ) N C [C@@H] ( F ) C ( C ) O ) n 1 c c c 2 c c ( c n c 1 2 ) C # N,1 80 102 138 197 225 265 283 305 489 527 564 578 606 650 674 762 782 790 807 875 935 1007 1050 1057 1092 1101 1136 1152 1224 1231 1317 1384 1429 1452 1474 1535 1693 1696 1750 1763 1785 1855 1873 1917 1936 1991 2014,CC(CNC(=O)c1cnc(cc1NCC(C)CNC(=O)n1ccc2cc(cnc12)C#N)n1ccc2cc(cnc12)C#N)NCC(C)CNC(=O)C#N
1926,C O C 1 = C C = C ( C = C 1 ) N 2 C ( = O ) C C ( C 2 = O ) N ( C C 3 = C C = C O 3 ) C ( = S ) N C 4 = C C = C ( C = C 4 ) F,5 80 97 110 159 165 191 231 233 314 404 474 507 569 650 656 695 718 787 831 841 843 881 926 935 999 1019 1057 1077 1088 1097 1152 1176 1233 1356 1380 1410 1466 1514 1536 1686 1690 1723 1750 1816 1825 1857 1873 1934 1991,COC1=CC=C(C=C1)NC(=S)N(CC2=CC=CO2)[C@H]3CC(=O)N(C3=O)C4=CC=C(C=C4)OC
1927,C C 1 = C ( C ( = C C = C 1 ) N 2 C C N ( C C 2 ) C ( = O ) C C C N C ( = O ) C 3 = C C = C S 3 ) C,8 14 79 80 125 197 231 241 252 383 407 419 486 526 582 650 667 675 760 915 926 996 1009 1057 1088 1152 1214 1295 1312 1380 1391 1480 1564 1567 1589 1614 1647 1722 1750 1873 1876 1911 1917 1999 2009,CC1=C(C(=CC=C1)N2CCN(CC2)C(=O)CCCNC(=O)C3=CC=CS3)C
1928,C O C 1 = C ( C = C ( C = C 1 ) C ( = O ) N C ( = S ) N C 2 = C C = C C ( = C 2 ) C ( F ) ( F ) F ) Cl,94 110 114 191 249 347 366 486 695 703 807 809 841 990 1088 1110 1119 1260 1380 1385 1417 1436 1453 1536 1542 1683 1697 1750 1816 1873 1928 1960 2017,C1=CC(=CC(=C1)NC(=S)NC(=S)NC2=CC=CC(=C2)C(F)(F)F)C(F)(F)F
1929,C [C@@H] 1 C [C@H] ( O C ( = O ) C 1 ) [C@H] 2 [C@@H] ( C C ( O 2 ) ( [C@H] ( C ) C [C@H] ( C ) C N C ( = O ) O C ( C ) ( C ) C ) O C ) O C ( = O ) C 3 = C C = C C = C 3,1 7 97 114 145 191 197 231 283 299 302 314 352 389 392 420 591 599 650 656 679 680 695 726 727 746 750 798 807 841 850 892 926 941 960 1019 1040 1055 1057 1060 1070 1088 1148 1152 1199 1292 1309 1346 1380 1504 1574 1691 1750 1758 1846 1859 1867 1873 1917 1985,C[C@@H]1C[C@H]([C@@H]2C(=O)O[C@H](C[C@](O2)([C@H](C)C1)OC)[C@@H](C)CNC(=O)OC(C)(C)C)OC(=O)C3=CC=CC=C3
1930,C C C ( C ( = O ) N C 1 = N O C ( = C 1 ) C ) S C 2 = C ( C ( = C C ( = N 2 ) C 3 = C C = C ( C = C 3 ) Cl ) C 4 = C C ( = C C = C 4 ) F ) C # N,1 80 116 213 216 248 294 352 358 363 378 561 573 629 650 656 674 699 790 807 875 880 896 916 955 980 1034 1039 1057 1099 1160 1184 1193 1347 1380 1384 1487 1507 1525 1528 1542 1544 1574 1670 1721 1742 1750 1816 1855 1928 1949 1971,CCC(C(=O)NC1=NOC(=C1)C)SC2=CC=CC(=N2)C3=CC=C(C=C3)F
1931,C [C@H] 1 C N ( C ( = O ) C 2 = C ( C = C C ( = C 2 ) N S ( = O ) ( = O ) C 3 = C C = C ( C = C 3 ) O C ) O [C@H] 1 C N ( C ) C ( = O ) N C 4 = C C = C ( C = C 4 ) F ) [C@@H] ( C ) C O,1 4 80 90 191 192 193 245 249 283 314 319 322 350 352 395 482 602 610 650 656 679 695 699 715 718 739 743 750 769 807 831 834 840 841 843 875 881 883 998 1019 1035 1057 1077 1116 1270 1309 1380 1410 1436 1476 1536 1631 1716 1750 1797 1816 1859 1873 1905 1917 1928,C[C@H]1CN(C(=O)C2=C(C=CC(=C2)NS(=O)(=O)C3=CC=C(C=C3)F)O[C@H]1CN(C(C)C)C(=O)NC4=CC=C(C=C4)OC)[C@@H](C)C
1932,C C 1 = C C = C ( C = C 1 ) S ( = O ) ( = O ) N ( C C ( = O ) N 2 C C C C C 2 ) C 3 = C C ( = C ( C = C 3 ) Cl ) C ( F ) ( F ) F,80 235 319 350 366 419 448 473 561 645 650 715 815 875 881 926 935 960 1009 1033 1057 1096 1190 1241 1380 1476 1480 1683 1684 1722 1734 1823 1873 1893 1917 1928 1946 1998 2009,CC1=CC=C(C=C1)S(=O)(=O)N(CC(=O)N2CC2)C3=CC(=C(C=C3)Cl)Cl
1933,C C 1 = C ( S C 2 = C 1 C ( = O ) N ( C = N 2 ) C C 3 = C C = C ( C = C 3 ) C ( = O ) O C ( C ) C ) C ( = O ) N,1 59 140 145 162 252 283 309 310 314 378 382 504 511 585 606 650 675 695 781 807 878 932 935 1057 1146 1171 1375 1380 1438 1452 1455 1479 1683 1697 1750 1754 1765 1841 1842 1845 1872 1873 1917 1978 1984 2013,CC(C)OC(=O)C1=CC=C(C=C1)CN2C=NC3=C(C2=O)C(=C(S3)C(=O)N)C(=O)N
1934,C C N ( C C ) S ( = O ) ( = O ) C 1 = C C = C C ( = C 1 ) C ( = O ) N C 2 = C ( C = C ( C = C 2 ) C ) Br,80 235 282 319 350 486 526 575 650 728 785 805 807 815 833 875 881 932 947 1013 1057 1088 1152 1224 1328 1380 1385 1476 1750 1795 1809 1823 1856 1886 1903 1917 1985,CC1=CC(=C(C=C1)NC(=O)C2=CC(=CC=C2)S(=O)(=O)N(CC)CC)Br
1935,C 1 [C@@H] ( C ( [C@H] 2 [C@] 3 ( C 1 ) [C@] 1 ( [C@@H] ( C C 2 ) [C@] 2 ( [C@] ( C C 1 ) ( [C@@H] 1 [C@@H] ( [C@@H] 2 O ) O [C@H] ( C [C@H] 1 C ) [C@H] ( O C C ) C ( C ) ( C ) O ) C ) C ) C 3 ) ( C ) C ) O [C@@H] 1 O C C N ( C 1 ) C C ( = O ) N 1 C C C 1,1 22 114 137 153 221 242 254 294 316 478 492 537 549 551 650 656 686 695 712 717 739 802 804 807 812 849 926 933 935 950 974 1009 1011 1019 1044 1057 1060 1083 1090 1162 1208 1238 1241 1274 1292 1309 1312 1313 1325 1381 1423 1436 1480 1509 1544 1590 1620 1727 1753 1768 1791 1859 1908 1917 1925,C1[C@@H](C([C@H]2[C@]3(C1)[C@]1([C@@H](CC2)[C@]2([C@](CC1)([C@@H]1[C@@H]([C@@H]2O)OCCN1C(=O)CN1CC(OCC1)C(OCC)C(O)(C)C)C)C)C3)(C)C)OC1OCCN(C1)C
1936,C C 1 = C C ( = C ( C = C 1 ) O C ) N C ( = O ) N C C 2 C C N ( C C 2 ) C C 3 = C C = C C = C 3 Cl,29 80 94 197 235 249 295 366 561 573 650 695 701 784 800 807 841 875 926 935 1019 1057 1058 1088 1199 1325 1349 1380 1480 1499 1597 1683 1719 1722 1750 1765 1791 1792 1816 1823 1873 1970 1989 1990 2030,CC1=CC(=C(C=C1)OC)CN2CCC(CC2)C[Si](O)(OC)OC
1937,C 1 = C C = C 2 C ( = C 1 ) C ( = N C ( = N 2 ) C Cl ) C ( = O ) N,80 140 289 309 389 416 490 650 807 883 1088 1097 1109 1171 1199 1342 1369 1380 1385 1535 1573 1750 1855 1873 2024,C1=CC=C2C(=C1)N=C(C(=N2)C(=O)N)C[P+](C3=CC=CC=C3)(C4=CC=CC=C4)C5=CC=CC=C5
1938,C O C 1 = C C = C C 2 = C 1 C C C ( C 2 ) C C # C,29 41 80 249 361 550 611 713 841 915 926 976 1019 1039 1057 1088 1236 1287 1325 1380 1410 1482 1513 1536 1708 1738 1750 1873 1897 1970,COC1=CC=CC2=C1CCC(CC2)C[Si]OC
1939,C C O [C@H] 1 C N C ( = O ) C [C@H] ( [C@@] 1 2 C 3 = C ( C = C ( C = C 3 ) Cl ) N C 2 = O ) C 4 = C C ( = C C = C 4 ) Cl,80 84 165 231 249 281 282 294 314 361 413 561 592 650 713 816 823 824 848 926 957 974 1019 1057 1060 1088 1279 1380 1545 1575 1663 1781 1866 1873 1891 1950 1970 1982,CCOC1CC2=C(C=C3C14C(C3)C5=CC(=CC=C5)Cl)C=C(C=C4C2)Cl
1940,C [C@@H] 1 C N ( C ( = O ) C 2 = C ( C = C C ( = C 2 ) N C ( = O ) C C 3 = C C = C C = C 3 ) O [C@@H] 1 C N ( C ) S ( = O ) ( = O ) C 4 = C C = C ( C = C 4 ) C ) [C@H] ( C ) C O,80 184 191 213 222 235 245 283 317 319 325 350 352 389 395 482 602 610 650 656 679 715 750 834 843 875 881 901 913 926 935 998 1019 1057 1088 1116 1152 1163 1199 1214 1380 1476 1631 1716 1750 1754 1756 1797 1816 1823 1873 1905 1917 1920 1946,CC1=CC=C(C=C1)S(=O)(=O)N(C)C[C@@H]2[C@H](C3=C(O2)C=CC(=C3)NC(=O)CC4=CC=CC=C4)[C@H](C)CO
1941,C [C@@H] ( C ( = O ) N N C ( = O ) [C@H] ( C ) O C 1 = C C = C ( C = C 1 ) F ) O C 2 = C C = C ( C = C 2 ) O C,1 35 90 283 322 573 650 664 695 699 733 781 807 841 968 1057 1118 1152 1410 1435 1536 1750 1873 1928,CC(C(=O)NOC)OC1=CC=C(C=C1)F
1942,C C C 1 = C ( C ( = C ( C = C 1 O C C 2 = C C = C C = C 2 ) O C C 3 = C C = C C = C 3 ) C 4 = C C = C C = C 4 ) C C 5 = N N ( C ( = O ) O 5 ) C C O C,13 107 158 294 314 366 378 389 486 624 656 695 736 745 814 841 875 935 1031 1057 1066 1088 1114 1145 1160 1163 1199 1204 1226 1307 1380 1430 1452 1465 1534 1604 1649 1733 1750 1754 1799 1837 1956 2027 2034 2042,CCC1=C(N(N=C1C2=CC=CC=C2)CCOC3=NN(C(=O)O3)CCN4C(=O)OC(=N4)OCC5=CC=CC=C5)C6=CC=CC=C6
1943,C C C C N ( C 1 = C ( N ( C ( = O ) N C 1 = O ) C C C ) N ) C ( = O ) C N 2 C ( = O ) [C@H] 3 C C = C C [C@@H] 3 C 2 = O,3 5 80 294 348 359 366 407 455 531 588 591 598 750 758 783 807 879 881 926 935 1019 1057 1066 1114 1128 1145 1171 1238 1312 1380 1427 1428 1457 1671 1739 1794 1886 1951,CCCCN(C1=C(N(NC1=O)C)N)C(=O)CN2C(=O)C3CC=CCC3C2=O
1944,o 1 n c ( c ( c 2 n c ( N C c 3 c n c c c 3 ) c c n 2 ) c 1 C ) C,12 80 378 461 656 787 835 1057 1066 1088 1152 1366 1380 1385 1404 1416 1452 1505 1535 1542 1586 1596 1611 1747 1750 1754 1815 1866 1873 1959 2004,C[Si](C)(C)NC1=NC=CC2=CON=C21
1945,C 1 C N ( C C N 1 C C 2 = C C = C ( C = C 2 ) C 3 = C C = C ( C = C 3 ) C ( C ( F ) ( F ) F ) ( C ( F ) ( F ) F ) O ) C C 4 = C ( C ( = N C = C 4 ) Cl ) F,59 74 80 114 121 310 328 339 378 561 699 784 787 896 926 935 1063 1349 1417 1665 1683 1750 1754 1765 1791 1792 1873 1908 1928 1989 2019 2036,C1CN(CCN1CC2=C(N=C(C=C2)F)Cl)CC3=CC=C(C=C3)C(C4=CC=C(C=C4)CN5CC5)(C6=CC=C(C=C6)CN7CC7)O
1946,C 1 C ( N ( N = N 1 ) C 2 = C C = C ( C = C 2 ) Cl ) C 3 = C N = C C = C 3,56 132 216 233 378 463 542 561 749 917 926 927 935 1019 1043 1070 1088 1279 1312 1380 1586 1603 1663 1671 1679 1683 1750 1825 1873 1931,C1C(N(N=N1)C2=CC=C(C=C2)Cl)C3=CN=CC=C3
1947,C C ( C ) ( C ) C 1 = C C = C ( C = C 1 ) O C C ( = O ) N C 2 = C C = C C = C 2 C ( = O ) N C 3 = N C = C S 3,14 102 114 167 192 378 385 392 486 501 595 624 695 718 745 807 847 1057 1088 1152 1199 1224 1417 1447 1452 1665 1696 1750 1816 1866 1873 1887 1917 1948 1991,CC(C)(C1=CC=C(C=C1)OCOC2=CC=C(C=C2)C(C)(C)P(=O)(NC3=CC=CC=C3C(=O)NC4=NC=CC=N4)OC(C)(C)C)P(=O)(O)O
1948,C O C 1 = C ( C ( = C C ( = C 1 ) / C = N / O ) I ) O C C # N,80 174 249 333 343 473 582 694 695 725 774 790 807 841 864 875 947 1057 1064 1089 1127 1384 1452 1536 1774 1828 1892 1970 2033,COC1=C(C(=CC(=C1)/C=N/O)I)OCC#N
1949,C C 1 = C ( C = C ( C = C 1 ) S ( = O ) ( = O ) N C 2 = C C = C ( C = C 2 ) C ( = O ) O C ) [N+] ( = O ) [O-],158 191 198 319 354 502 606 650 695 716 807 838 841 843 875 1057 1152 1195 1270 1331 1385 1391 1476 1691 1697 1715 1750 1873 1917,COC(=O)C1=CC=C(C=C1)NS(=O)(=O)C2=CC(=C(C=C2)C)[N+](=O)[O-]
1950,C C S C ( = C ( C ( = O ) / C = C / C 1 = C N = C C = C 1 ) C ( = O ) C 2 = C C = C C = C 2 ) S C C,31 80 116 146 165 294 378 389 400 414 437 650 694 722 807 835 874 910 1043 1057 1088 1168 1199 1250 1269 1308 1352 1380 1385 1531 1535 1603 1653 1835 1866 1872 1873 1917 1985 2033,CCSC(=C(C(=O)/C=C/C1=CN=CC=C1)C(=O)C2=CC=CC=C2)SCC
1951,C 1 = C C = C 2 C ( = C 1 ) C = C C = C 2 / C = N \ N C 3 = C C = N C = C 3,11 40 191 378 383 441 694 725 864 961 1039 1087 1088 1104 1146 1152 1199 1357 1603 1750 1779 1797 1855 1866 1873,C1=CC=C2C(=C1)C=CC=C2/C=N/NC3=CC=NC=C3
1952,C [C@] ( C O C 1 = C C ( = C ( C = C 1 ) [N+] ( = O ) [O-] ) F ) ( C ( = O ) N C 2 = C C ( = C ( C = C 2 ) [N+] ( = O ) [O-] ) C ( F ) ( F ) F ) O,80 114 184 242 259 274 322 354 383 392 419 487 633 695 715 716 753 809 838 843 875 1152 1195 1344 1348 1380 1409 1452 1453 1501 1744 1750 1752 1816 1840 1873 1908 1955 1963,C1=CC(=C(C=C1NC(=O)C(C)(COC2=CC(=C(C=C2)[N+](=O)[O-])C(F)(F)F)O)C(F)(F)F)[N+](=O)[O-]
1953,C C 1 = C ( C ( = O ) O C 2 = C 1 C = C C 3 = C 2 C N ( C O 3 ) C C C N 4 C C O C C 4 ) C,80 314 326 361 441 523 531 650 653 656 689 752 926 935 939 950 1035 1195 1344 1357 1380 1441 1468 1480 1482 1603 1604 1722 1750 1791 1793 1849 1905 1911 1946 1969 2018,C1COCCN1CCCN2CC3=C(C=CC4=C3CN(CO4)CCCN5CCOCC5)OC2
1954,C C ( C ) N ( C C C 1 ( C C 2 C C C C N 2 C 1 = O ) C 3 = C C = C C = C 3 ) C ( C ) C,1 65 80 210 251 255 283 314 374 389 501 556 565 634 650 679 684 772 881 890 926 935 1028 1057 1060 1088 1199 1325 1476 1480 1537 1605 1712 1750 1873 1910 1951 1998,CC(C)N(CCN1CCCCC(C1=O)(C2=CC=CC=C2)C3=CC=CC=C3)C(C)C
1955,C [C@@H] ( C ( = O ) N C [C@@H] 1 C C C O 1 ) S C 2 = N N = C ( O 2 ) C 3 = C C ( = C C = C 3 ) S ( = O ) ( = O ) N 4 C C C C C 4,1 2 80 116 192 197 239 240 248 283 317 334 350 361 366 378 539 575 585 656 736 757 802 807 926 935 950 1019 1028 1039 1057 1160 1162 1173 1380 1384 1391 1411 1468 1476 1480 1507 1695 1729 1750 1835 1884 1998,CC(C(=S(=O)(=O)N1CCCCC1)[Si](C)(C)C)SC2=CC=CC(=C2)[Si](C)(C)CC3CCCO3
1956,C O C 1 = C C = C ( C = C 1 ) C 2 = N N = C ( N 2 C C = C ) S C C 3 = C C = C ( C = C 3 ) C 4 = C C = C C = C 4 C # N,222 310 322 341 352 361 463 490 623 674 694 695 718 747 762 781 790 841 896 935 940 984 1057 1062 1088 1111 1136 1151 1160 1164 1199 1283 1380 1384 1449 1503 1508 1536 1645 1745 1750 1754 1820 1853 1862 1873,COC1=CC=C(C=C1)C2=NN=C(N2CC=C)SCC3=CC=C(C=C3)C4=CC=CC=C4C#N
1957,C 1 = C C = N C ( = C 1 ) C 2 = N N = C 3 N 2 N = C ( S 3 ) C C C ( = O ) O,80 162 378 389 412 624 675 807 833 857 935 980 1003 1048 1155 1164 1199 1243 1287 1298 1380 1426 1452 1508 1564 1578 1722 1737 1750 1851 1866 1873 1895 1917 1985,C1=CC=NC(=C1)C2=NN=C3N2N=C(S3)CCC(=O)O
1958,C 1 = C C = C 2 C ( = C 1 ) C = C C ( = C 2 C = O ) C ( = O ) N,67 140 350 472 807 846 1004 1087 1088 1104 1134 1171 1199 1318 1357 1573 1855 1873 1917 1991,C1=CC=C2C(=C1)C=CC=C2C(=C(C3=CC=CC=C3C(=O)N)C(=O)N)C4=CC=CC5=CC=CC=C54
1959,C N ( C C 1 = C N ( N = C 1 C 2 = C C = C C = C 2 ) C 3 = C C = C C = C 3 ) C N 4 C ( = O ) C ( = O ) N ( C 4 = O ) C 5 = C C = C ( C = C 5 ) O C,38 92 106 157 314 322 378 389 464 470 471 507 588 630 650 695 718 736 745 781 879 881 935 940 1049 1057 1160 1163 1176 1199 1236 1310 1349 1380 1455 1486 1501 1534 1536 1686 1720 1750 1825 1873 1937 1956 2014,CN(CC1=CN(N=C1C2=CC=CC=C2)C3=CC=CC=C3)CN4C(=O)C(=O)N(C4=O)C5=CC=CC=C5
1960,C [C@H] 1 C N ( C C N 1 C 2 = C C = C C ( = C 2 ) C ) C C ( = O ) N C 3 = C ( N C 4 = C 3 C = C C ( = C 4 ) O C ) C ( = O ) O C,25 41 74 80 119 145 234 244 278 322 381 475 543 684 695 718 739 781 807 841 845 926 929 935 980 1019 1039 1049 1055 1057 1114 1152 1282 1284 1309 1312 1357 1480 1536 1649 1722 1733 1745 1750 1791 1816 1823 1825 1840 1873 1917 1920 1972,CC1CN(CCN1C2=CC=CC(=C2)C)CC(=O)NC3=C(NC4=C3C=CC(=C4)OC)C(=O)OC
1961,C C 1 = C ( C = C ( C = C 1 ) C ( C N Cl ) O ) Br,1 56 80 564 606 632 807 833 875 1057 1152 1380 1391 1434 1631 1655 1683 1691 1722 1750 1829 1853 1873,CC1=C(C=C(C=C1)C(CNCl)CNCl)Br
1962,C C C C C C C C C C C C C C C C C C O C 1 = C C = C ( C = C 1 ) C 2 = N C 3 = C ( N 2 C 4 = C C = C C ( = C 4 ) C ( = O ) O C ) C = C C ( = C 3 ) C ( = O ) O C,13 45 80 102 127 294 322 378 465 469 490 591 650 695 718 794 841 875 889 896 935 1049 1088 1097 1143 1160 1249 1380 1385 1394 1444 1452 1663 1697 1715 1750 1825 1855 1911 1985 1993 2021,CCCCCCCCOC1=CC=C(C=C1)C2=NC3=C(N2C4=CC=CC=C4)C=CC(=C3)C(=O)OC
1963,c 1 ( c ( c ( c c 2 c 1 C C O 2 ) C C = C ) O ) C,80 202 252 623 656 694 697 822 875 940 950 1015 1057 1249 1349 1380 1529 1602 1640 1645 1704 1738 1873 1905 1941 2045,C1COC2=C1C=C(C(=C2)CC=C)O
1964,C C 1 = C C ( = N C = C 1 ) N C ( = O ) C C N 2 C ( = C ( C ( = N 2 ) C ( F ) ( F ) F ) Br ) C,15 41 80 114 115 158 226 329 549 650 728 787 807 809 875 993 1013 1065 1145 1152 1218 1380 1382 1452 1453 1458 1628 1631 1662 1722 1816 1823 1866 1873 1956 1978,C1=CC(=NC=C1)NC(=O)CC[Hg]C2=C(C(=NC=C2)C(F)(F)F)Br
1965,C C ( C 1 = C C = C C = C 1 ) N C ( = O ) / C ( = C / 2 \ N ( C ( = O ) / C ( = C \ C 3 = C C = C ( O 3 ) C 4 = C C = C C = C 4 ) / S 2 ) C 5 = C C = C C = C 5 ) / C # N,1 58 117 121 267 281 283 314 389 504 650 656 675 736 803 807 814 844 865 935 1049 1057 1088 1100 1113 1122 1160 1210 1365 1581 1627 1695 1750 1794 1809 1815 1825 1873 1882 1917 1919 1929 1930 1937 1993 2022,CC(C1=CC=CC=C1)NC(=O)C(=C2N(C(=O)C(=CC3=CC=C(O3)C4=CC=CC=C4)S2)C5=CC=CC=C5)C6=CC=CC=C6
1966,C N 1 [C@@H] ( N C ( = O ) C 2 = C C = C C = C 2 1 ) C 3 = C ( N N = C 3 ) C 4 = C N = C C = C 4,74 144 155 191 257 275 301 313 320 352 382 437 650 715 736 878 935 1027 1043 1057 1088 1114 1120 1145 1160 1199 1295 1380 1535 1586 1603 1647 1657 1866 1873 2027,CN1C2=CC=CC=C2N(NC(=O)C3=C(C=CN31)C4=CN=CC=C4)[O-]
1967,C 1 C C ( C 1 ) C 2 = N C ( = N O 2 ) C N 3 C ( = O ) C O C 4 = C 3 C = C ( C = C 4 ) S ( = O ) ( = O ) N C 5 = C C ( = C ( C = C 5 ) F ) F,4 80 149 198 216 248 324 350 378 422 502 531 588 609 613 650 656 699 728 743 744 798 819 843 875 883 926 935 1019 1028 1029 1035 1152 1159 1270 1295 1325 1380 1400 1476 1678 1708 1712 1750 1765 1840 1846 1855 1873 1928 1943,C1CC(C1)C2=NC(=NO2)CN3C(=O)CON(C4=C3C=CC(=C4)NS(=O)(=O)C5=CC(=C(C=C5)F)F)CC6=NOC(=N6)C7CCC7
1968,C C C 1 = C C = C ( S 1 ) C = C 2 C ( = O ) N ( C ( = S ) N 2 C C ( = O ) O C ) C 3 = C C = C C = C 3,80 97 162 281 427 500 504 544 588 650 656 659 675 694 695 807 879 964 1037 1057 1088 1123 1176 1199 1219 1227 1308 1312 1380 1386 1439 1589 1672 1717 1750 1799 1825 1873 1917,C[Si](C)(C)OC(=O)CN1/C(=C\C2=CC=C(S2)CC)/C(=S)N(C1=S)CC(=O)O/C=C/3\C=CC=CS3
1969,c 1 c ( c c ( c ( c 1 ) Cl ) c 1 o c ( c c 1 ) C ( = O ) O ) [N+] ( = O ) [O-],121 352 366 389 561 650 656 666 715 753 807 838 841 875 1087 1274 1356 1380 1531 1604 1666 1671 1750 1754 1809 1814 1874 1937 1963,C1=CC(=C(C=C1[N+](=O)[O-])C2=CC=C(O2)/C(=C(/C3=CC=C(O3)C4=C(C=CC(=C4)[N+](=O)[O-])Cl)\O)/O)Cl
1970,C O C 1 = C C = C C = C 1 S C [C@H] 2 C [C@H] ( O [C@H] ( O 2 ) C 3 = C C = C C ( = C 3 ) C 4 = C C = C C ( = C 4 ) C N C ( = O ) C ( Cl ) ( Cl ) Cl ) C 5 = C C = C ( C = C 5 ) C O,58 67 80 114 116 197 217 222 249 310 341 349 377 466 490 650 656 736 748 785 803 837 841 848 875 942 1019 1025 1027 1039 1057 1066 1073 1083 1088 1152 1160 1199 1272 1292 1344 1380 1391 1410 1534 1536 1663 1673 1733 1750 1754 1779 1803 1873 1917,COC1=CC=CC=C1SC[C@H]2C[C@H](ON2)C3=CC=CC(=C3)C4=CC=CC(=C4)CO
1971,C 1 C C C 2 = C ( C 1 ) C = C [N+] ( = C 2 ) C C ( = O ) N C 3 = C C ( = C ( C = C 3 ) C # N ) Cl,41 80 184 242 350 361 458 463 556 561 650 674 790 807 813 875 901 910 926 1003 1028 1074 1096 1136 1143 1152 1236 1380 1384 1530 1537 1581 1683 1738 1750 1763 1816 1862 1873 1917,C1CCC2=C(C1)C=C[N+](=C2)CC(=O)NC3=CC(=C(C=C3C#N)C#N)C#N
1972,C [C@H] 1 [C@@H] ( [C@H] ( [C@H] ( [C@@H] ( O 1 ) O C [C@@H] 2 [C@H] ( [C@@H] ( [C@H] ( [C@@H] ( O 2 ) O C 3 = C C ( = C 4 C ( = C 3 ) O C ( = C C 4 = O ) C 5 = C C = C ( C = C 5 ) O ) O ) O ) O ) O ) O ) O C ( = O ) C ) O,80 198 314 322 427 501 521 524 550 564 610 630 650 656 695 696 722 745 807 819 823 865 875 992 1017 1019 1035 1057 1097 1136 1160 1257 1309 1313 1323 1604 1607 1690 1750 1756 1778 1806 1844 1873 1878 1917 1921 1937 1950 1977 1984,C[C@H]1[C@@H]([C@H]([C@H]([C@@H](O1)OC[C@@H]2[C@H]([C@@H]([C@H]([C@@H](O2)OC3=CC(=O)OC(=C3)C4=CC=C(C=C4)O)O)OC(=O)C)OC(=O)C)O)OC(=O)C)O
1973,C C N ( C C ) C C C N 1 C ( / C ( = C ( / C 2 = C C ( = C ( C = C 2 ) O C ) Cl ) \ O ) / C ( = O ) C 1 = O ) C 3 = C C = C ( C = C 3 ) C ( C ) ( C ) C,33 57 80 94 114 249 251 294 314 347 366 389 392 560 561 574 590 620 650 695 731 807 841 875 881 932 935 955 1019 1057 1110 1130 1145 1279 1339 1380 1385 1417 1427 1440 1476 1536 1556 1581 1634 1665 1683 1697 1750 1775 1911 1970 1981,CCN(CC)CCCN1C(/C(=C(/C2=CC(=C(C=C2)OC)Cl)\O)/C(=O)C1=O)C3=CC=C(C=C3)C(C)(C)C
1974,C O C 1 = C C = C C ( = C 1 ) / C = N / N 2 C = N N C 2 = S,74 328 378 466 562 609 694 695 725 781 841 864 875 921 935 1039 1057 1088 1114 1131 1155 1182 1217 1344 1353 1380 1536 1717 1750 1806 1839 1873 1959 1972 2033,COC1=CC=CC(=C1)/C=N/N2C=NNC2=N
1975,C O C ( = O ) C 1 = C [C@@H] 2 [C@] 1 ( [C@H] 3 [C@@H] 2 [C@] 4 ( [C@@] 3 ( [C@H] 5 [C@@H] 4 [C@] 6 ( [C@@] 5 ( [C@H] 7 [C@@H] 6 C ( = C 7 C ( = O ) O C ) C ( = O ) O C ) C ( = O ) O C ) C ( = O ) O C ) C ( = O ) O C ) C ( = O ) O C ) C ( = O ) O C,145 221 513 554 617 695 712 733 804 807 853 906 954 969 1009 1019 1033 1057 1126 1138 1152 1167 1181 1370 1380 1692 1917 1949 1985,C1=C(C2C3C4C5C2(C1C5C34C(=O)OC)C6C7C6(C(=C7C(=O)OC)C(=O)OC)C)C(=O)OC8C9C1C2C1(C2C1C8C2=C(C2C1C2=C(C2=C(C)C)C(=O)OC)C(=C)C)C
1976,C O C 1 = C C = C C = C 1 C 2 = C C = C C ( = C 2 ) C 3 = C C = C C = C 3,249 352 389 695 710 736 785 841 984 1019 1039 1088 1199 1347 1380 1536 1750 1873 1964 1970,COC1=CC=CC=C1C2=CC=CC(=C2)C3=CC=CC=C3
1977,C ( O ) P ( = O ) ( C O ) O,41 80 104 192 222 291 486 650 807 1698,C(O)P(=O)(CO)P(=O)(CO)COP(=O)(CO)CO
1978,C O C ( = O ) C 1 = C C = C ( O 1 ) C 2 = C C = C S 2,62 121 145 241 310 383 650 656 675 695 807 841 906 1057 1088 1342 1404 1498 1567 1578 1750 1754 1873 1917,COC(=O)C1=CC=C(S1)C2=CC=CS2
1979,C 1 = C C ( C = C 1 ) C = N C C S C C ( = C ( C S C C N = C C 2 C = C C = C 2 ) C S C C N = C C 3 C = C C = C 3 ) C S C C N = C C 4 C = C C = C 4,80 133 144 303 335 527 694 725 807 1019 1028 1083 1182 1208 1331 1564 1708 1787 1791 1855 1859 1873 1959,C1=CC(C=CC1C=NCCC(=C(CCN=CC2C=C2)CCN=CC3C=CC(C=C3)C=NCCN=CC4C=C4)CCN=CC5C=C5)C=NCCC(=C(CCN=CC6C=C6)CCN=CC7C=C7)CCCC
1980,C C O C ( = O ) C 1 = C ( S C 2 = C 1 C [C@H] ( C C 2 ) C ) N,42 54 84 122 145 147 162 231 361 436 586 650 675 703 759 778 807 926 1019 1057 1148 1171 1238 1309 1318 1325 1380 1536 1722 1738 1917,CC1CCC2=C(C1)C(=C(S2)C)C(=O)OCC
1981,C C C C C C C C C C C C C C C C O C C ( C O C C C C C C C C C C C C C C C C ) O C ( = O ) C Cl,1 13 80 125 294 591 650 667 794 807 1143 1218 1249 1386 1444 1619 1683 1911,CCCCCCCCCCCCCCCCCO[P+](C(=O)[P+](CCCCCCCCCCCCCCCCC)(CCCCCCCCCCCC)Cl)(Cl)Cl
1982,C C C C C C C C C C C C C C C C C C ( = O ) O C C N ( C C O C ( = O ) C C C C C C C C C C C C C C C C C ) O,13 80 147 179 294 591 604 650 677 695 794 807 881 1034 1057 1139 1143 1267 1386 1399 1444 1564 1668 1911 1917 1951,CCCCCCCCCCCCCCCCCC(=O)OCCN(CCOC(=O)CCCCCCCCCCCCCCCC)O
1983,C C ( C 1 = N C 2 = C C = C C = C 2 N 1 C C 3 = C C = C C = C 3 ) N C ( = O ) C C 4 = C C = C ( C = C 4 ) C 5 = C C = C C = C 5,41 45 80 117 289 310 322 325 335 357 378 389 552 650 676 730 802 807 913 935 1066 1097 1152 1160 1199 1285 1359 1380 1627 1750 1754 1765 1855 1873 1912 1917 1964 1985,C1=CC=C(C=C1)CC(=O)NC(C)C2=NC3=CC=CC=C3N2CC4=CC=C(C=C4)C5=CC=CC=C5
1984,C C [C@H] ( C 1 = C C = C ( C = C 1 ) C ) N C 2 = C ( C = C ( C = C 2 ) S ( = O ) ( = O ) N 3 C C N ( C C 3 ) C ) [N+] ( = O ) [O-],1 10 14 80 268 291 294 319 354 366 542 585 650 715 716 757 853 875 918 1057 1145 1195 1224 1236 1357 1363 1365 1380 1465 1476 1544 1722 1729 1823 1853 1856 1873 1920 1963,CCC(C1=CC=C(C=C1)C)[NH+]2C=C(C=C2C)S(=O)(=O)N3CC[NH+](CC3)C(CC)C4=CC=C(C=C4)C
1985,C C ( C ) ( C 1 = C ( C = C ( C = C 1 Cl ) N 2 C ( = O ) N C ( = O ) C = N 2 ) Cl ) C 3 = N C ( = C S 3 ) C 4 = C C = C C = C 4,8 43 48 81 314 366 378 392 552 561 564 650 675 736 758 824 875 897 899 935 980 1057 1058 1088 1114 1160 1199 1237 1264 1266 1380 1413 1535 1567 1683 1722 1739 1745 1750 1764 1825 1855 1873 1878,CC1=C(C=C(C=C1Cl)N2C(=O)NC(=O)C=N2)Cl
1986,C C 1 = C C ( = C ( C = C 1 ) C ) N C ( = O ) C N C ( = O ) C 2 = C C 3 = C ( C = C 2 ) O C O 3,41 80 197 235 265 441 486 526 650 656 658 698 807 875 926 1013 1035 1057 1152 1224 1349 1440 1548 1647 1691 1697 1715 1722 1750 1816 1823 1863 1917 1921 1948,CC1=CC(=C(C=C1)C)NC(=O)CNC(=O)C2=CC3=C(C=C2)OCO3
1987,C [C@@] 1 2 C C [C@H] ( C 1 ( C ) C ) C ( = O ) N ( C 2 = O ) C C # C,5 32 80 180 255 550 588 650 677 699 721 764 915 926 935 974 1162 1274 1321 1325 1380 1422 1443 1530 1841 1950,C#CCN1C2=C(C3CCC2(C3(C)C)C)N(C1=O)CC#C
1988,C [C@H] ( C 1 = C C = C C = C 1 ) N C ( = O ) C N C C ( = O ) N C,18 80 345 552 807 849 935 1004 1057 1088 1152 1199 1365 1430 1440 1581 1627 1873 1917 2013,CNC(=O)CNCC(=O)NCC(=O)NC
1989,C C ( C 1 = C C 2 = C ( C C C C 2 ) C = C 1 ) N C ( = O ) C C 3 = C C = C C = C 3 [N+] ( = O ) [O-],1 41 80 117 164 205 242 255 322 325 354 469 532 552 556 650 715 716 753 807 838 875 926 1028 1057 1195 1199 1236 1327 1365 1380 1597 1738 1750 1853 1866 1873 1917 1929 1963,C1CCC2=C(C1)C=CC(=C2)C(NC(=O)CC3=CC=CC=C3[N+](=O)[O-])NC(=O)CC4=CC=CC=C4[N+](=O)[O-]
1990,C C 1 = C C ( = C C = C 1 ) N C ( = O ) C 2 = C ( N C = N 2 ) C ( = O ) N C 3 = C C = C C = C 3 C,184 191 273 462 490 650 658 703 713 806 807 1013 1039 1057 1088 1114 1152 1199 1224 1282 1380 1452 1701 1722 1752 1816 1823 1873 1917 1978 1999,CC1=CC(=CC=C1)NC(=O)C2=C(N=CN2)C(=O)NC3=CC=CC=C3C
1991,c 1 c ( c c c ( c 1 ) C [C@@H] ( N C ( = O ) C C C C C C C C C C C C C C C ) C ( = O ) C P ( = O ) ( O ) O ) O C c 1 c c c c c 1,1 41 102 107 117 136 145 183 310 322 389 486 591 650 654 695 718 736 794 807 857 875 1088 1136 1143 1152 1199 1267 1380 1444 1452 1502 1564 1629 1718 1750 1754 1838 1873 1911 1917 2006 2042,C(C(=O)CCCCCCCCCCCCCCCCCCCCC)(NC(=O)CCCCCCCCCCCCCCCCC)CP(=O)(O)O
1992,C C 1 ( C C ( C C ( N 1 ) ( C ) C ) N C ( = O ) C ( = O ) N C 2 = C C = C ( C = C 2 ) C ( = O ) C 3 = N C = C N 3 C ) C,9 74 145 191 199 321 378 387 447 603 658 807 843 926 935 1019 1057 1060 1081 1101 1103 1114 1152 1210 1287 1380 1385 1398 1409 1634 1697 1716 1750 1770 1775 1816 1873 1917 1981,CN1C=CN=C1C(=O)C2=CC=C(C=C2)NC(=O)C(=O)NC3C4(NC(CN4)(C)C)NC3
1993,C C 1 = C ( C = C ( C = C 1 ) Cl ) N 2 C C N ( C C 2 ) C ( = O ) C ( C C 3 = C C = C C = C 3 ) N S ( = O ) ( = O ) C 4 = C C ( = C ( C = C 4 ) O C ) O C,1 79 80 94 108 140 198 216 231 277 319 350 389 429 695 715 736 857 875 926 935 1057 1066 1088 1152 1199 1245 1270 1380 1391 1476 1480 1508 1536 1664 1665 1683 1691 1722 1750 1873 1917 1941 1970 2006 2009,CC1=C(C=C(C=C1)S(=O)(=O)NC(CC2=CC=CC=C2)C(=O)N3CCN(CC3)Cl)OC
1994,C C 1 C C C N ( C 1 ) C C 2 = C S C ( = N 2 ) N C ( = O ) C 3 = C ( C = C C ( = C 3 ) F ) Br,11 117 254 378 385 446 552 587 624 650 675 699 724 728 739 742 807 833 847 875 926 935 1019 1028 1057 1141 1148 1152 1205 1214 1225 1325 1380 1389 1410 1422 1480 1567 1631 1670 1682 1750 1765 1791 1816 1855 1873 1917 1928,C1CC(CN(C1)CC2=CSC(=N2)NC(=O)C3=C(C=CC(=C3)F)Br)Br
1995,C N C 1 = N C ( = N C 2 = C 1 S C C C 2 ) N 3 C C N C C 3,37 157 167 305 326 378 407 708 789 804 881 926 1028 1114 1152 1256 1301 1480 1498 1516 1668 1718 1738 1855 1890 1915 1948 2020,C1CC2=C(C(=NC(=N2)N3CCNCC3)NC)SC1
1996,C C 1 C C C 2 = C ( C 1 ) S C 3 = C 2 C ( = O ) N ( C = N 3 ) C C ( = O ) N C 4 = C C = C ( C = C 4 ) O C 5 = C C = C C = C 5,41 80 162 191 193 224 314 322 361 378 389 427 504 511 562 650 675 695 718 807 843 926 932 935 997 1019 1057 1088 1146 1148 1252 1284 1312 1375 1380 1424 1438 1482 1617 1687 1715 1750 1825 1917 1984 2013,C1C2C3=CSC(C3=CSN2C(=O)CN4C=NC5=C(C4=O)C6=C(S5)N=CN(C6=O)CC(=O)N7C=NC8=C(C7=O)C9=CSC(C9=CS8)C9)C1=CC=CC=C1
1997,C C 1 [C@@H] ( [C@@H] ( C ( [C@@H] ( O 1 ) O C 2 = C C ( = C 3 C = C ( C ( = [O+] C 3 = C 2 ) C 4 = C C ( = C ( C = C 4 ) O ) O ) O [C@H] 5 C ( C ( [C@@H] ( C ( O 5 ) C O ) O ) O ) O ) O ) O ) O ) O,80 136 222 315 489 524 550 589 607 656 691 745 807 875 896 964 1037 1057 1097 1160 1189 1234 1257 1323 1357 1380 1421 1475 1487 1516 1602 1607 1750 1764 1844 1879 1966 1970 1977 2041,C1=CC(=C(C=C1C2=C(C=C3C(=C2)C(=CC4=C3C=C(C(=C4)O)O)O[C@H]5[C@@H]([C@H]([C@@H]([C@H](O5)CO)O)O)O)O[C@H]6[C@@H]([C@H]([C@@H]([C@H](O6)CO)O)O)O)O)O
1998,C N C 1 = N C ( = C S 1 ) C 2 = C N C 3 = C 2 C = C ( C = C 3 ) F,117 119 193 352 385 502 552 675 699 806 875 959 980 1057 1152 1264 1272 1343 1380 1410 1463 1487 1498 1567 1668 1670 1855 1873 1879 1937 1939,CNNC1=NC(=CS1)C2=C(SC=C2)NNC3=NC(=CS3)C4=C(SC=C4)NN5C6=C(C=CC(=C6)F)NC=C7C5=CSC(=N7)NNC8=NC(=CS8)C9=C(SC=C9)C
1999,C [C@H] 1 C = C ( C 2 = C C = C C = C 2 N ( [C@@H] 1 C ) C ) C,352 374 602 878 935 999 1019 1057 1088 1145 1199 1295 1309 1380 1434 1479 1647 1750 1768 1873,CC1C(N(C2=CC=CC=C2N1C)C)C
2000,C C C O C 1 = C ( C = C ( C = C 1 Br ) Br ) C N C C 2 = C C 3 = C ( C = C 2 ) O C O 3,76 80 99 254 255 294 310 333 656 728 738 784 824 833 870 875 909 926 1004 1035 1057 1152 1349 1380 1452 1473 1514 1557 1631 1676 1750 1754 1779 1786 1800 1863 1873 1905 1932,CC[Si](C)(C)COC1=C(C=C(C=C1Br)Br)CNCC2=CC3=C(C=C2)OCO3
