,MACCS,Avalon,RDK4,RDK4-L,HashAP,TT,HashTT,ECFP0,ECFP2,ECFP4,FCFP2,FCFP4,AEs,ECFP2*,ECFP4*,Avg_Tc,Invalid (%),String-exacts (%)
ECFP4,98.66286617563149,97.43856994242951,98.02739992437019,98.17898241941707,94.35155751117364,95.02583641030074,95.0313194487828,96.30369119316211,95.98243307723054,95.2614632335213,96.14879193215533,95.58289033069298,95.97771369894261,98.83968506964733,97.36049891245324,96.5449132853274,0.2,0.0
