,MACCS,Avalon,RDK4,RDK4-L,HashAP,TT,HashTT,ECFP0,ECFP2,ECFP4,FCFP2,FCFP4,AEs,ECFP2*,ECFP4*,Avg_Tc,Invalid (%),String-exacts (%)
ECFP4,98.46554044328023,97.24369280254466,97.83134512452145,97.98262445457824,94.16285439615129,94.83578473748014,94.84125680988524,96.11108381077578,95.79046821107607,95.07094030705426,95.95649434829102,95.3917245500316,95.78575827154472,98.64200569950803,97.16577791462832,96.35182345875673,0.2,0.0
