,MACCS,Avalon,RDK4,RDK4-L,HashAP,TT,HashTT,ECFP0,ECFP2,ECFP4,FCFP2,FCFP4,AEs,ECFP2*,ECFP4*,Avg_Tc,Invalid (%),String-exacts (%)
ECFP4,98.45478950545328,97.37665731447375,97.72295195197654,97.82679717847756,94.99827999144875,95.41706254009524,95.41926684117051,96.63930941078011,96.2839486093458,95.50541478865169,96.44984246325926,95.86524300871717,96.2796836593516,98.43458924196084,97.02449316028158,96.64655531102957,0.5499999999999999,0.0
