,MACCS,Avalon,RDK4,RDK4-L,HashAP,TT,HashTT,ECFP0,ECFP2,ECFP4,FCFP2,FCFP4,AEs,ECFP2*,ECFP4*,Avg_Tc,Invalid (%),String-exacts (%)
ECFP4,98.99928557612193,97.915190864227,98.26340065558225,98.36782018951992,95.52366012212042,95.94475871301684,95.94697520479689,97.17376511893426,96.81643902397768,96.03359958637677,96.98325034012998,96.39541780665377,96.81215048703027,98.97897359674293,97.56107909530576,97.18105109203576,0.5499999999999999,0.0
