id,SMILES_input,fingerprints_input_ECFP4
1,C C 1 = C ( C = C C ( = C 1 ) C ( C ) ( C ) C ) O C [C@H] ( C [NH2+] C C C O C ) O,1 13 33 51 80 94 114 118 204 227 238 283 351 392 394 404 422 444 486 518 534 594 644 646 655 658 682 695 740 743 765 774 796 807 810 811 825 840 841 875 997 1005 1044 1057 1100 1153 1157 1220 1229 1313 1322 1339 1353 1380 1391 1417 1452 1536 1567 1616 1663 1665 1722 1724 1750 1836 1873 1910 1911 1928 1948 1951 1970 2007 2012 2022 2038
2,C ( C ( F ) ( F ) F ) ( C ( F ) ( F ) [18F] ) F,1 59 70 114 125 136 184 208 218 240 306 321 322 404 456 545 561 676 678 695 719 741 869 894 934 1050 1059 1081 1086 1109 1131 1208 1327 1354 1385 1434 1443 1453 1475 1497 1528 1565 1589 1825 1864 1916 1928 1945 1976 2023 2031 2039
3,C C 1 = C C = C C = C 1 C ( C ( = O ) N C 2 C C C C 2 ) N ( C 3 = C C = C ( C = C 3 ) C ( = O ) O C ) C ( = O ) C C 4 = C C = C S 4,1 14 80 101 106 145 196 237 238 241 288 307 308 325 330 349 383 387 391 428 440 447 500 522 548 573 581 606 610 626 650 656 675 680 695 730 745 766 807 812 841 881 890 906 911 926 960 1019 1022 1028 1057 1088 1096 1102 1112 1149 1152 1197 1199 1238 1256 1259 1280 1325 1380 1385 1391 1424 1493 1522 1527 1567 1604 1608 1625 1634 1643 1655 1661 1674 1697 1700 1715 1722 1750 1758 1772 1773 1789 1790 1802 1848 1858 1864 1873 1917 1922 1934 1948 1954 1985 1999 2002 2018 2020 2025
4,C C O C ( = O ) C 1 = C C = C ( C = C 1 ) N C ( = O ) C N 2 C 3 = C ( C ( C 4 C 5 C C ( C 4 S 3 ) C 6 C 5 C ( = O ) N ( C 6 = O ) C 7 = C C = C ( C = C 7 ) C ) C 8 = C C = C ( C = C 8 ) Cl ) S C 2 = O,5 41 63 80 85 89 121 129 135 145 147 149 162 191 202 216 219 222 233 235 239 294 314 348 382 461 489 505 555 561 606 620 622 650 670 675 695 742 746 759 777 786 802 807 816 843 853 854 901 910 913 924 926 935 963 967 993 994 1006 1014 1019 1024 1039 1057 1070 1077 1152 1157 1176 1238 1279 1284 1292 1312 1318 1330 1337 1348 1357 1362 1380 1385 1402 1440 1443 1453 1457 1464 1495 1522 1541 1623 1683 1686 1697 1703 1722 1750 1788 1798 1803 1816 1817 1823 1825 1873 1917 1920 1931 1935 1938 1951 1960 1965 1968
5,C 1 [C@H] ( C N ( C 1 = O ) C C 2 = C C = C C = C 2 Cl ) C ( = O ) N C C C 3 = C C = C C = N 3,80 93 101 172 175 197 198 221 231 240 246 248 295 311 314 366 378 398 440 443 448 517 534 561 584 611 641 650 665 667 684 688 689 723 724 739 775 798 807 828 855 882 886 899 910 926 935 936 960 965 974 1012 1019 1028 1067 1088 1089 1133 1137 1152 1153 1155 1174 1193 1199 1243 1306 1307 1319 1344 1349 1380 1452 1478 1499 1521 1558 1597 1598 1606 1651 1669 1677 1683 1747 1750 1765 1781 1819 1820 1844 1866 1873 1917 1935 1971 1984 1990 2029 2030
6,C 1 = C C = C 2 C ( = C 1 ) C = C C = C 2 N C 3 = C ( C = C ( C = N 3 ) C ( = O ) O ) Cl,31 47 122 191 193 239 324 347 366 378 387 389 419 430 441 456 491 540 561 563 586 640 650 669 698 701 708 721 807 812 875 924 1039 1087 1088 1104 1138 1152 1199 1207 1224 1245 1262 1296 1347 1357 1380 1385 1429 1445 1452 1458 1483 1513 1535 1573 1667 1676 1683 1696 1712 1714 1750 1768 1855 1873 1905 1917 1972 1978 1990 2008 2011
7,C O / N = C \ C ( / C = C / C 1 = C C = C C = C 1 ) S ( = O ) ( = O ) C 2 = C C = C C = C 2,1 161 228 239 260 319 344 350 352 367 389 417 419 463 477 478 505 515 575 639 650 694 695 725 737 761 835 837 841 864 878 888 911 918 940 974 977 989 990 1010 1044 1057 1080 1088 1115 1163 1199 1205 1234 1279 1308 1353 1380 1390 1419 1422 1446 1476 1524 1552 1565 1568 1624 1681 1723 1726 1737 1750 1795 1857 1858 1873 1892 1909 1959 2027 2033
8,C 1 = C C ( = O ) C 2 = C 1 C ( = O ) C = C 2,37 54 106 112 132 180 202 225 283 286 314 436 484 515 550 570 632 635 650 666 753 781 845 906 935 949 953 1018 1020 1021 1107 1153 1188 1209 1233 1259 1268 1275 1276 1307 1364 1380 1393 1398 1443 1490 1545 1568 1569 1617 1642 1680 1689 1750 1805 1873 1884 1944 1948 1963 1972 2029
9,C C 1 = C C ( = N O 1 ) C N ( C ) C 2 = C ( C = C 3 C C C ( = O ) N C 3 = C 2 ) N,23 27 80 210 229 248 278 285 290 314 319 326 341 378 403 410 505 507 512 528 534 569 584 631 636 650 656 684 724 793 841 868 875 881 896 910 916 926 937 939 972 988 1000 1019 1045 1057 1060 1064 1070 1101 1114 1163 1171 1184 1192 1212 1236 1272 1281 1338 1349 1350 1362 1380 1398 1404 1443 1457 1523 1531 1542 1557 1575 1623 1646 1665 1684 1689 1703 1722 1738 1742 1772 1785 1789 1851 1873 1910 1938 1982 1997 2011 2018 2042
10,C [N+] 1 = C N ( C 2 = C C = C C = C 2 1 ) C [C@@H] ( C O C [C@@H] 3 C C C = C C 3 ) O,1 16 29 45 75 80 84 113 118 166 171 185 192 223 227 277 313 328 329 343 383 435 463 522 564 579 582 597 598 601 649 668 673 687 695 796 801 806 807 815 835 870 897 914 923 926 935 971 983 1019 1057 1088 1103 1105 1128 1132 1136 1147 1159 1177 1199 1280 1285 1324 1325 1338 1380 1417 1427 1439 1455 1458 1464 1475 1487 1500 1576 1605 1653 1717 1731 1750 1754 1766 1798 1873 1876 1922 1940 1961 1971 1992 2015 2019 2023 2038
11,C C C C 1 = C ( C ( = C ( C ( = C 1 C C C ) O ) O ) [N+] ( = O ) [O-] ) C C C,39 43 44 78 80 81 122 138 176 199 202 233 276 294 325 340 380 388 445 597 599 612 639 650 681 715 719 725 753 794 807 838 868 873 874 928 1045 1057 1067 1158 1182 1195 1237 1243 1294 1380 1389 1489 1493 1500 1523 1559 1602 1626 1725 1726 1781 1786 1888 1889 1963 1984 2034 2037
12,C C 1 = C C ( = C ( C ( = C 1 ) Cl ) O C C O C 2 = C C = C ( C = C 2 ) C C ( C N ) C ( = O ) N 3 C C C C 4 = C 3 C = C C ( = C 4 ) F ) Cl,1 13 18 34 61 78 79 80 102 108 164 258 265 283 309 310 312 322 333 366 368 372 377 499 500 523 537 556 561 604 626 650 674 676 693 695 699 705 718 807 857 875 909 926 935 965 981 992 999 1023 1028 1034 1036 1039 1057 1138 1148 1171 1213 1215 1236 1287 1295 1299 1300 1332 1352 1357 1380 1384 1387 1410 1438 1452 1480 1487 1528 1535 1548 1581 1595 1670 1683 1694 1722 1738 1750 1754 1764 1774 1823 1873 1877 1881 1888 1909 1915 1917 1925 1928 1953 1995 2014 2026 2045
13,C [C@H] ( C ( = O ) N C 1 = C C = C C = C 1 ) O C ( = O ) / C = C / C 2 = C C = C C = C 2 Br,1 6 17 31 37 57 61 69 174 176 180 191 283 389 441 447 472 517 558 573 614 650 694 695 703 725 728 785 807 811 812 833 835 873 917 961 1015 1055 1057 1073 1077 1088 1110 1117 1129 1144 1152 1199 1201 1267 1269 1276 1331 1358 1367 1380 1415 1417 1493 1600 1631 1653 1664 1684 1712 1750 1784 1816 1818 1852 1873 1917 1919 1930
14,C C 1 ( C N ( C 1 ) N C ( = O ) N S ( = O ) ( = O ) C 2 = C C = C ( C = C 2 ) C C N C ( = O ) C 3 = C ( C = C C ( = C 3 ) Br ) O C ) C,8 15 50 65 80 94 100 138 156 166 168 197 221 235 249 261 293 307 310 319 324 331 350 415 428 463 464 486 501 502 527 543 545 557 559 602 650 667 670 682 695 715 728 735 766 807 813 817 823 825 828 836 841 867 874 875 879 883 891 909 926 935 941 994 1012 1045 1057 1060 1111 1152 1157 1189 1192 1217 1235 1238 1243 1274 1276 1317 1380 1476 1487 1492 1507 1516 1519 1536 1606 1631 1646 1690 1712 1739 1750 1754 1762 1764 1773 1796 1806 1808 1838 1873 1891 1917 1922 1942 1952 1970 1984 1989 1991
15,C C 1 = N C = C ( C 2 = C 1 O C ( = O ) C ( = C 2 ) C 3 = N C ( = N O 3 ) C 4 = C C = C ( C = C 4 ) Br ) C O,14 15 40 80 92 118 133 156 168 222 248 260 284 285 308 314 352 378 384 389 426 482 517 520 528 610 640 650 656 659 677 728 807 809 821 825 837 875 891 896 907 909 923 1002 1009 1028 1047 1057 1078 1097 1157 1159 1160 1226 1282 1289 1324 1328 1345 1349 1357 1380 1385 1452 1458 1468 1516 1535 1542 1557 1573 1604 1631 1649 1700 1722 1744 1750 1793 1855 1873 1886 1910 1921 1952 1987 2013
16,C O C 1 = C ( C ( = C ( C = C 1 ) C C N C C C C C C N C C C 2 = C C = C C = C 2 ) C C C 3 = C C ( = C C = C 3 ) O C ) O C,80 94 104 109 218 239 249 259 322 327 333 381 389 418 427 470 491 499 516 559 562 592 613 660 667 695 699 709 738 740 771 781 800 815 837 841 875 894 992 1004 1039 1045 1057 1066 1088 1117 1143 1152 1164 1169 1175 1179 1190 1199 1215 1243 1249 1276 1322 1349 1354 1380 1413 1421 1507 1521 1536 1552 1599 1661 1689 1726 1735 1741 1743 1750 1754 1775 1873 1892 1911 1952 1970 1972 2008 2034
17,C C ( C ) ( C ) C C ( C ) ( C C C C ( = O ) N O C ) C 1 = C ( C = C ( C ( = C 1 ) O ) C ( C ) ( C ) C ) O,41 57 80 114 251 272 278 300 378 392 419 457 568 623 630 650 652 654 695 697 778 789 790 807 840 841 875 876 957 958 980 997 1023 1032 1057 1076 1124 1152 1168 1171 1172 1217 1249 1308 1339 1345 1380 1415 1429 1433 1459 1492 1561 1564 1602 1607 1655 1691 1706 1718 1827 1873 1897 1911 1917 1929 1950 1980 1983 2011 2014
18,C C O C ( = O ) / C = C / [C@@H] ( C C C = C ) O,1 31 45 80 87 121 147 214 227 294 301 401 403 460 461 531 539 558 579 650 688 694 695 702 739 754 778 782 789 807 815 840 940 947 1057 1060 1064 1073 1082 1232 1238 1366 1392 1430 1448 1460 1463 1508 1564 1588 1624 1645 1662 1683 1698 1722 1783 1806 1917 1945 1987
19,C C 1 = C ( S C = C 1 ) C ( C 2 = C ( C = C ( C = C 2 ) O C ) Cl ) N C,1 14 57 139 173 180 209 237 264 305 316 322 365 366 404 499 553 554 557 561 611 675 695 703 706 718 781 805 813 841 875 955 992 1055 1057 1100 1152 1191 1192 1267 1316 1358 1359 1363 1380 1391 1430 1443 1454 1462 1536 1548 1567 1592 1632 1639 1643 1668 1683 1715 1722 1750 1757 1766 1873 1907 1949 1951 1972 1981 2025
20,C C 1 = C C ( = C C = C 1 ) N ( C C 2 = C C = C ( C = C 2 ) C ( = O ) N C [C@H] 3 C C C O 3 ) S ( = O ) ( = O ) C,4 11 31 80 81 99 121 152 178 179 197 214 222 239 248 265 273 288 310 335 350 361 421 422 486 507 521 536 573 592 593 650 656 692 802 807 821 844 860 870 875 881 882 926 950 964 994 1013 1019 1028 1039 1055 1057 1083 1084 1088 1096 1147 1152 1158 1184 1189 1239 1240 1241 1272 1325 1380 1385 1391 1406 1430 1448 1468 1476 1493 1505 1552 1604 1637 1658 1665 1674 1684 1695 1697 1713 1722 1750 1754 1779 1823 1851 1871 1873 1917
21,C C ( C ) C C ( = O ) N C 1 = C C = C ( C = C 1 ) N C ( = O ) C C 2 = C C ( = C ( C ( = C 2 ) O C ) O C ) O C,1 41 80 90 114 115 140 191 203 213 249 282 283 295 296 311 325 333 335 336 411 445 471 572 613 617 635 650 684 692 695 730 732 792 807 841 843 854 875 901 953 1027 1057 1062 1077 1121 1135 1139 1152 1226 1258 1290 1317 1380 1381 1452 1485 1510 1522 1536 1585 1599 1656 1750 1754 1756 1777 1816 1847 1873 1892 1902 1917 1970 1977 1988 1990 2002
22,C N 1 C 2 = C ( C ( = O ) N ( C 1 = O ) C ) [C@@] ( C ( = O ) N 2 ) ( C ( F ) ( F ) F ) N S ( = O ) ( = O ) C 3 = C C = C ( C = C 3 ) Cl,33 50 70 113 114 121 216 314 319 328 350 380 400 404 429 437 447 488 502 504 535 540 542 548 561 564 566 576 617 621 650 687 700 713 715 726 761 771 779 791 816 825 882 883 919 935 943 982 1039 1045 1057 1060 1070 1114 1116 1145 1152 1163 1167 1205 1257 1258 1298 1309 1332 1344 1380 1405 1426 1431 1449 1453 1476 1481 1532 1590 1605 1633 1683 1688 1750 1762 1800 1806 1815 1825 1829 1838 1873 1874 1912 1928 1948 1966 1999 2028 2035
23,C 1 C 2 C C 3 C C 1 C C ( C 2 ) ( O 3 ) C ( = O ) N,68 75 127 140 178 190 191 195 199 261 308 379 412 420 504 543 569 634 650 656 659 679 741 807 841 846 849 926 1019 1057 1060 1070 1095 1097 1102 1134 1155 1171 1190 1241 1292 1355 1411 1424 1435 1446 1448 1491 1504 1524 1536 1544 1559 1602 1624 1642 1679 1697 1699 1704 1823 1830 1834 1839 1917 1976
24,C C 1 = C C ( = C ( C 2 = C 1 C ( = O ) / C ( = C / C 3 = C C ( = C ( C = C 3 ) O C ) O C ) / O 2 ) C [NH+] 4 C C [NH+] ( C C 4 ) C ) O,25 32 48 80 94 104 118 126 140 221 249 271 281 306 314 317 319 428 460 469 547 552 615 635 650 656 674 694 695 786 804 807 820 841 875 881 924 926 958 969 1009 1024 1026 1051 1057 1141 1157 1183 1205 1212 1245 1252 1267 1294 1345 1352 1380 1382 1391 1438 1446 1452 1476 1536 1595 1602 1607 1608 1667 1690 1700 1714 1722 1729 1738 1741 1747 1750 1810 1819 1828 1860 1872 1873 1885 1886 1899 1904 1912 1926 1949 1970 2003 2021 2033 2034
25,C C ( = O ) C 1 = C C = C C = C 1 O C C S C 2 = N N C ( = N 2 ) C 3 C C C C 3,12 13 22 68 74 80 100 116 138 154 171 228 233 286 336 339 341 378 385 405 427 436 472 500 520 591 650 660 695 713 807 827 861 890 926 934 946 1017 1019 1028 1032 1057 1086 1088 1089 1114 1182 1199 1217 1272 1325 1332 1347 1379 1380 1410 1447 1452 1484 1515 1518 1557 1561 1614 1620 1669 1677 1678 1680 1712 1721 1749 1750 1808 1815 1820 1855 1873 1882 1885 1902 1917 1933 1943 1970 1978 1989 1991 2000 2004
26,C O C 1 = N C = C ( C = C 1 ) S ( = O ) ( = O ) C,3 4 45 103 150 183 311 319 350 378 413 436 456 501 650 692 695 715 726 733 747 759 771 841 857 890 933 982 997 1030 1043 1057 1067 1106 1133 1276 1282 1316 1380 1385 1387 1389 1394 1416 1452 1476 1518 1535 1536 1570 1582 1599 1667 1677 1708 1730 1750 1777 1816 1851 1857 1873 1930 1961 2007 2029 2038
27,O 1 [C@@] 2 3 [C@] ( C ( O C ( = O ) C 3 ) c 3 c o c c 3 ) ( C C C ( [C@@] 3 ( C 1 C C ( O ) C ( C 3 C C ( = O ) O C ) ( C ) C ) C ) C 2 = C ) C,35 49 80 89 94 126 141 145 146 188 195 226 227 228 284 297 314 384 396 477 517 549 555 614 650 656 687 695 699 706 750 760 779 783 787 797 800 807 841 844 921 926 940 958 964 967 968 970 1003 1004 1006 1019 1057 1060 1070 1150 1152 1162 1249 1256 1257 1274 1279 1288 1292 1325 1327 1366 1380 1386 1436 1519 1582 1630 1656 1658 1724 1750 1758 1760 1807 1823 1840 1843 1866 1868 1873 1902 1917 1924 1950 1952 1959 1961 1966 1987 1994 2034
28,C C 1 C C C 2 = C ( C 1 ) S C 3 = C 2 C ( = O ) N C ( = N 3 ) C O C ( = O ) C 4 = C ( C = C C = C 4 O C ) O C,4 14 42 54 80 83 135 145 146 147 162 191 193 231 249 314 337 356 361 373 378 395 404 410 427 444 480 485 511 532 536 558 586 617 639 650 662 675 684 695 703 709 740 745 750 771 807 841 883 891 916 926 953 990 997 1001 1006 1019 1039 1040 1057 1088 1114 1148 1199 1217 1225 1239 1283 1309 1325 1380 1404 1410 1430 1449 1482 1536 1679 1682 1687 1709 1720 1723 1729 1738 1745 1750 1784 1825 1855 1873 1876 1917 1970 1984
29,C c 1 c c ( C N C ( = O ) N C ( C ) ( C O ) C 2 C C 2 ) c ( C ) s 1,8 80 103 114 115 160 162 197 222 234 255 274 286 313 345 354 389 392 450 455 457 500 544 545 642 649 650 675 709 721 740 761 775 795 807 820 821 870 875 907 926 928 953 989 993 1003 1019 1029 1048 1057 1060 1096 1150 1152 1154 1219 1240 1325 1349 1380 1393 1400 1419 1467 1508 1523 1530 1612 1625 1645 1669 1702 1722 1783 1789 1801 1821 1873 1881 1889 1917 1918 1923 1930 1989 2008
30,C 1 [C@@H] 2 C C ( C [C@H] 1 C C ( C 2 ) O C ( = O ) C 3 = C C = C C 4 = C C = C C = C 4 3 ) C O C ( = O ) C 5 = C C = C C 6 = C C = C C = C 6 5,12 29 80 119 139 145 147 177 233 272 377 381 406 428 433 500 650 653 655 695 729 757 801 807 838 926 946 1005 1006 1019 1039 1069 1071 1087 1088 1104 1126 1136 1181 1199 1203 1258 1280 1292 1301 1302 1310 1322 1357 1380 1427 1446 1447 1469 1555 1571 1573 1673 1683 1750 1764 1770 1793 1809 1855 1873 1891 1895 1900 1917 1921 1932 1943 1953 1976 1991 2000 2041
31,C C ( C ) C ( C ( = O ) O ) S C 1 = N C = C S 1,1 9 14 59 75 108 115 116 139 190 192 265 279 281 283 324 328 378 389 409 466 479 480 519 531 554 579 650 675 732 762 807 875 904 922 937 972 985 999 1057 1091 1100 1113 1119 1145 1193 1218 1232 1301 1361 1380 1452 1462 1477 1507 1546 1567 1727 1759 1773 1840 1844 1855 1866 1873 1917 1929 1951 1981 2003 2014 2019
32,C C ( C ) ( C ) O C ( = O ) N [C@@H] ( C C 1 = C C = C ( C = C 1 ) O C C 2 = C C = C C = C 2 ) C ( = O ) N 3 C C C [C@H] 3 C # C,1 12 25 53 79 80 102 104 107 108 113 114 117 188 193 231 242 263 283 285 291 310 322 383 389 392 446 454 494 525 566 581 613 615 650 654 674 695 718 736 745 752 786 807 857 915 926 935 937 974 1003 1019 1028 1039 1040 1057 1066 1069 1072 1076 1088 1152 1169 1199 1210 1224 1231 1240 1312 1325 1327 1358 1375 1380 1416 1433 1435 1452 1480 1518 1524 1530 1539 1555 1560 1574 1578 1592 1617 1624 1631 1693 1709 1745 1750 1754 1758 1774 1790 1817 1857 1859 1863 1864 1871 1873 1888 1890 1917 1922 1977 2005 2006 2042
33,C C C 1 = C ( C ( = O ) C = C ( N 1 C C 2 = C C = C ( C = C 2 ) O C ) C ) C ( = O ) N 3 C C N ( C C 3 ) C 4 = C C ( = C C = C 4 ) O C,2 21 34 49 51 80 82 85 204 243 253 294 310 314 322 335 345 349 354 407 414 430 449 467 496 525 545 562 586 610 623 650 687 695 718 750 779 781 802 807 831 833 841 865 875 883 902 918 926 929 935 942 1039 1049 1057 1088 1096 1116 1128 1129 1132 1148 1174 1204 1232 1236 1281 1313 1380 1420 1480 1494 1504 1508 1534 1536 1589 1665 1683 1722 1738 1750 1754 1765 1799 1825 1852 1873 1887 1917 1944 1972 1982 2003 2009 2024 2040
34,C C ( C ) C O C ( = O ) N ( C C O ) C 1 C C 1,1 13 28 40 77 80 118 147 222 254 265 283 308 314 337 401 404 434 435 473 504 548 582 611 643 650 695 734 750 772 796 807 809 827 833 881 926 942 1019 1025 1027 1057 1082 1104 1109 1115 1136 1154 1239 1263 1265 1268 1303 1325 1403 1448 1484 1527 1625 1665 1704 1768 1770 1790 1815 1831 1846 1847 1872 1883 1890 1917 1945 1951 1962 1966 1990 2043
35,C O C C C N C ( = O ) C 1 = C N = C ( C = C 1 ) C ( F ) ( F ) F,8 13 33 80 85 102 114 173 197 214 265 319 378 404 426 467 470 473 475 486 490 496 506 576 594 650 667 695 705 715 724 775 789 800 807 809 841 895 915 1005 1045 1057 1090 1125 1152 1171 1214 1240 1242 1251 1380 1385 1406 1434 1452 1453 1535 1599 1612 1637 1697 1705 1717 1750 1768 1796 1867 1873 1876 1881 1911 1917 1925 1928 1951 1974 1987 2028
36,C [C@@] 1 2 C S C C N 1 C ( = O ) [C@@H] ( [C@H] ( [C@@H] 2 O C ( = O ) C ( C ) ( C ) C ) O C ( = O ) C ( C ) ( C ) C ) O C ( = O ) C ( C ) ( C ) C,5 7 26 38 59 68 70 101 114 181 232 270 301 314 364 390 391 392 400 426 436 444 530 554 604 617 633 650 675 695 710 715 719 729 737 746 779 789 794 807 829 854 926 935 1018 1019 1057 1060 1063 1071 1073 1096 1126 1128 1169 1197 1245 1255 1274 1279 1380 1441 1451 1480 1515 1517 1537 1569 1627 1637 1676 1708 1806 1834 1835 1855 1869 1899 1917 1935 1950 1991 1993 2029
37,C C O [C@@H] ( C ) [C@@H] ( C ( = O ) O ) N,1 30 57 75 78 80 92 115 210 230 232 283 294 316 389 422 515 650 663 677 695 727 739 747 774 786 789 807 841 844 980 1057 1135 1139 1171 1238 1241 1252 1257 1328 1346 1402 1503 1517 1545 1587 1595 1660 1723 1748 1760 1844 1869 1876 1917
38,C C C 1 = C ( [C@H] ( N C ( = S ) N 1 C 2 = C C 3 = C ( C = C 2 ) O C C O 3 ) C 4 = C C = C C = C 4 F ) C ( = O ) O C,19 30 35 80 97 145 146 202 209 233 265 281 294 301 345 364 371 398 424 441 522 526 529 650 656 686 695 699 733 738 740 786 807 812 818 830 838 841 875 906 926 935 950 951 980 988 1000 1010 1019 1027 1032 1035 1037 1039 1057 1088 1114 1137 1152 1167 1199 1279 1315 1380 1427 1430 1479 1497 1529 1587 1611 1630 1633 1647 1660 1686 1702 1717 1749 1750 1757 1799 1824 1825 1840 1860 1867 1873 1874 1898 1905 1917 1928 1934 2003
39,C C 1 = C C 2 = C ( C = C 1 C ) O C 3 = C ( C 2 = O ) C ( N ( C 3 = O ) C 4 = N N = C ( S 4 ) C ) C 5 = C C = C ( C = C 5 ) O C,36 75 99 136 144 162 171 215 222 305 314 321 322 343 351 362 365 378 406 417 423 461 483 509 525 540 581 622 647 650 656 665 675 695 705 718 759 781 811 819 831 838 841 860 875 879 897 935 937 941 983 986 989 1019 1057 1061 1090 1104 1109 1114 1142 1164 1218 1223 1273 1279 1288 1335 1357 1363 1375 1380 1391 1401 1427 1438 1442 1452 1475 1488 1503 1510 1536 1542 1549 1581 1601 1604 1634 1648 1664 1719 1722 1750 1766 1803 1808 1865 1873 1876 1877 1922 1935 1981 2003 2020 2028
40,C C 1 = C 2 C ( = C C = C 1 ) S C ( = N 2 ) N,77 96 132 162 166 209 225 350 378 438 461 488 588 640 649 675 812 824 885 945 1039 1057 1066 1087 1088 1107 1123 1131 1166 1171 1264 1281 1285 1290 1301 1343 1380 1391 1402 1423 1457 1484 1499 1531 1555 1605 1653 1696 1722 1724 1731 1746 1750 1837 1838 1855 1873 1941 1958 1987 1999
41,O = c 1 n ( c 2 c c 3 c ( c c 2 ) c c c c 3 ) c ( n c 2 c 1 c c c c 2 ) C C,44 48 55 80 107 194 203 211 233 243 266 289 294 314 318 322 356 378 389 484 501 504 515 598 605 650 681 794 824 834 875 935 948 1001 1014 1057 1087 1088 1097 1199 1214 1341 1350 1357 1364 1380 1381 1421 1438 1445 1446 1492 1546 1573 1602 1619 1680 1722 1750 1781 1799 1808 1825 1835 1854 1855 1873 1894 1972 1979 1988 1993 2043
42,C [Si] ( C ) ( C ) C 1 = C O C = C 1 C 2 = C C = C C = C 2,40 63 76 81 89 100 102 123 140 222 261 334 347 352 366 378 384 389 470 530 572 585 587 589 647 650 656 686 703 708 736 739 740 797 812 944 1005 1045 1057 1088 1114 1160 1186 1199 1220 1337 1364 1380 1399 1411 1562 1598 1625 1629 1713 1724 1750 1762 1800 1864 1873 1887 1890 1959 1968 1976 2009 2044
43,C 1 = C C = C 2 C ( = C 1 ) N = C ( C ( = N 2 ) N S ( = O ) ( = O ) C 3 = C C = C ( C = C 3 ) Cl ) N C 4 = C C = C ( C = C 4 ) C 5 = C C = C ( C = C 5 ) [N+] ( = O ) [O-],4 20 69 83 111 191 193 216 230 271 289 307 319 350 378 399 403 461 486 491 502 560 561 587 599 600 602 641 650 708 715 753 769 816 825 838 843 854 866 872 883 888 896 905 932 959 981 996 1018 1052 1070 1088 1097 1152 1160 1170 1195 1199 1255 1266 1270 1274 1281 1285 1354 1360 1380 1476 1524 1526 1585 1658 1683 1730 1742 1750 1757 1809 1814 1855 1863 1873 1884 1921 1942 1962 1963 1964 2046
44,C C C 1 = C C = C ( C = C 1 ) N C ( = O ) C O C ( = O ) [C@@H] ( C ) N 2 C ( = O ) [C@@H] 3 [C@H] 4 C C [C@@H] ( C 4 ) [C@@H] 3 C 2 = O,1 5 37 41 80 86 120 125 145 147 167 191 214 236 280 283 294 305 310 314 349 401 463 548 584 585 608 647 650 694 695 708 710 755 761 807 843 887 892 899 901 916 926 929 935 979 1019 1057 1077 1090 1135 1144 1152 1155 1159 1172 1210 1221 1292 1325 1380 1457 1499 1556 1624 1690 1750 1754 1799 1816 1850 1861 1873 1882 1917 1927 1953 1965 1976 1984 1996 2004 2007 2047
45,C 1 = C C = C ( C ( = C 1 ) C S C 2 = N N = C ( S 2 ) N 3 C ( C ( = C ( C 3 = O ) O ) C ( = O ) C 4 = C C = C S 4 ) C 5 = C C = C ( C = C 5 ) Cl ) F,9 14 19 52 65 79 80 116 162 171 204 216 231 241 259 288 314 341 344 350 378 383 386 419 444 451 465 470 504 561 580 584 596 613 650 675 699 708 762 797 807 816 819 879 898 915 935 936 941 999 1019 1032 1068 1070 1088 1101 1114 1121 1164 1165 1199 1279 1349 1380 1389 1414 1427 1446 1493 1521 1524 1549 1567 1591 1597 1601 1602 1634 1651 1683 1743 1750 1752 1781 1803 1819 1833 1840 1843 1855 1867 1873 1917 1922 1928 1938 2024
46,C C 1 = C ( C ( = O ) N ( N 1 C ) C 2 = C C = C C = C 2 ) N C ( = O ) C ( C ) O C ( = O ) C C 3 = C ( C = C C = C 3 Cl ) F,1 69 75 80 93 128 131 173 246 283 291 314 325 327 366 381 385 389 430 504 506 561 567 570 573 602 611 641 643 650 660 674 695 699 705 712 740 758 759 773 803 807 813 852 861 882 935 974 1032 1039 1049 1057 1088 1117 1133 1144 1145 1152 1199 1235 1252 1253 1269 1332 1380 1386 1481 1514 1575 1660 1683 1710 1722 1734 1736 1750 1766 1816 1819 1825 1840 1873 1917 1928 1957 1967 1976 1977 2003 2032 2034
47,C C 1 = C C ( = C ( C = C 1 ) N C 2 = C ( C ( = N C = N 2 ) N C 3 = C ( C = C C ( = C 3 ) C ) O C ) N ) C,94 204 235 249 275 302 364 378 402 403 412 427 433 489 491 533 549 618 626 629 630 666 695 708 725 780 781 841 857 875 906 957 1013 1057 1105 1130 1146 1152 1171 1224 1245 1272 1367 1371 1380 1391 1426 1442 1445 1452 1457 1503 1536 1542 1628 1722 1750 1775 1810 1818 1823 1856 1873 1905 1970 2012 2018 2030 2037 2046
48,C / C = C / [C@@H] ( C ) [C@H] 1 [C@@H] ( [C@@H] ( O C 1 = O ) [C@H] ( C ) I ) C,1 10 23 26 58 108 143 163 192 208 231 283 303 314 435 442 501 523 532 556 600 650 656 661 694 750 763 770 823 834 835 844 941 962 1019 1045 1057 1065 1094 1123 1126 1141 1159 1177 1235 1240 1296 1309 1312 1380 1403 1486 1517 1558 1592 1595 1615 1619 1624 1689 1702 1713 1735 1763 1767 1885 2006 2020 2044
49,C C ( C C ( = O ) N C 1 = C C = C ( C = C 1 ) C 2 = C S C ( = N 2 ) N C 3 = C C = C C = C 3 Cl ) C C ( C ) ( C ) C,0 1 2 6 41 69 75 80 81 84 106 114 117 191 222 273 283 295 311 366 374 378 385 386 392 472 491 517 541 552 561 573 585 594 599 609 650 675 702 807 818 825 843 896 901 941 956 974 980 997 1055 1057 1058 1077 1080 1088 1152 1159 1160 1183 1199 1224 1264 1266 1290 1323 1353 1380 1418 1485 1486 1496 1567 1575 1636 1683 1696 1732 1750 1780 1787 1816 1855 1873 1917 1946 1954 1971
50,C 1 C N ( C C C 1 C ( = O ) N C 2 = C C ( = C C = C 2 ) F ) C ( = O ) C 3 = C C = C C = C 3 Cl,40 141 152 184 188 191 230 234 263 282 362 366 423 431 506 507 553 561 619 642 650 652 678 689 699 703 774 775 785 807 810 849 875 926 935 942 957 973 974 1019 1030 1038 1039 1066 1088 1151 1152 1199 1218 1275 1296 1325 1359 1380 1391 1423 1447 1452 1480 1482 1487 1504 1517 1525 1548 1557 1568 1579 1631 1670 1675 1683 1691 1726 1750 1773 1816 1837 1841 1873 1917 1928 1967 1990 1991 2009 2019 2029
51,C 1 C [C@H] ( C ( = O ) C 1 ) O C ( = O ) C 2 = C C = C C = C 2 O C C ( = O ) N C 3 = C C = C C ( = C 3 ) C ( F ) ( F ) F,12 30 41 80 96 114 121 132 133 145 167 184 191 192 258 260 270 292 314 315 361 368 370 371 420 461 467 473 500 650 664 695 703 713 728 734 807 809 825 867 875 893 901 902 926 934 972 974 984 990 1019 1028 1034 1039 1075 1088 1115 1126 1152 1187 1199 1260 1325 1380 1410 1417 1447 1452 1453 1475 1476 1495 1522 1610 1635 1692 1721 1738 1750 1756 1816 1871 1873 1917 1920 1928 1943 1970 1991 2004 2017
52,C O C 1 = C C ( = C C ( = C 1 O C ) O C ) C ( = O ) N C C ( = O ) O C C ( = O ) C 2 = C C = C ( C = C 2 ) C 3 C C C C C 3,2 47 80 93 114 147 154 197 201 215 249 264 265 282 333 340 406 428 449 486 507 625 650 695 727 745 782 795 797 807 841 852 862 875 890 926 936 983 1015 1019 1028 1038 1044 1057 1085 1152 1158 1263 1279 1285 1314 1325 1332 1364 1380 1385 1386 1399 1416 1440 1536 1548 1554 1556 1563 1577 1578 1593 1599 1608 1618 1647 1667 1693 1697 1710 1750 1779 1803 1856 1873 1892 1905 1917 1928 1943 1970 2000 2004 2014
53,C S ( = O ) ( = O ) N ( C C 1 = C C = C ( C = C 1 ) F ) C 2 = C C = C ( C = C 2 ) C ( = O ) N C 3 = C C = C C = C 3 C ( = O ) N 4 C C C C C C 4,2 30 31 62 66 80 81 89 90 98 121 202 214 310 350 362 367 369 383 486 494 507 517 521 560 599 648 649 650 692 699 745 775 781 807 873 881 891 926 935 942 947 960 973 1013 1019 1021 1028 1037 1057 1088 1091 1096 1147 1152 1199 1213 1224 1246 1279 1380 1385 1409 1410 1447 1476 1480 1491 1504 1665 1670 1684 1696 1697 1737 1749 1750 1754 1761 1782 1795 1816 1873 1917 1928 1941 1991 1998 2009 2035 2036 2044
54,C 1 C ( C C ( C C 1 F ) Cl ) O,28 32 97 109 192 244 307 310 316 370 378 403 409 442 590 628 653 703 768 769 775 790 807 831 833 892 908 926 937 955 1019 1029 1045 1113 1149 1167 1172 1193 1203 1257 1292 1303 1348 1429 1431 1456 1655 1683 1698 1753 1785 1834 1917 1928 1930 1960 1962 1975 2027
55,C C C C N 1 C ( = O ) C 2 = C C = C C = C 2 N C 1 = S,70 80 97 119 148 160 167 289 294 314 443 468 473 497 504 505 511 557 583 591 650 711 725 759 783 794 802 814 822 831 860 935 992 1033 1057 1079 1088 1114 1124 1145 1157 1166 1199 1237 1266 1295 1299 1357 1361 1380 1444 1461 1470 1472 1523 1573 1589 1619 1620 1622 1626 1637 1669 1696 1717 1725 1745 1750 1783 1801 1814 1852 1873 1882 1911 1917 1984
56,C [C@@H] 1 [C@@H] ( O [C@@H] ( O [C@@H] 1 C 2 = C C = C ( C = C 2 ) C O ) C 3 = C C = C ( C = C 3 ) C 4 = C C = C C ( = C 4 ) C N C ( = O ) O C C = C ) C N 5 C = N C ( = C 5 Cl ) Cl,3 17 58 80 90 97 99 147 197 217 222 229 254 255 310 339 378 443 485 533 536 537 557 561 577 586 591 610 619 646 650 656 694 695 715 722 732 736 746 760 766 785 806 807 837 875 896 908 912 931 932 934 935 940 955 967 978 986 988 1019 1021 1039 1041 1048 1057 1058 1064 1066 1069 1073 1088 1098 1152 1160 1216 1222 1224 1279 1309 1338 1363 1366 1375 1380 1439 1445 1452 1455 1474 1517 1534 1572 1573 1604 1640 1645 1660 1683 1687 1700 1702 1750 1754 1758 1779 1803 1810 1825 1849 1873 1885 1917 1921 1923 1955 1964 1978 1983 2007 2014 2020
57,C C 1 C C N ( C C 1 ) C 2 = C ( C ( = O ) N 3 C = C C = C C 3 = N 2 ) C = N N C 4 = C C = C C = C 4,3 40 63 72 108 130 189 191 264 292 314 331 335 350 378 384 389 407 426 432 433 488 504 505 513 520 579 600 650 671 676 694 703 725 743 819 864 926 935 945 960 973 1001 1019 1051 1057 1088 1101 1125 1133 1148 1152 1161 1199 1221 1233 1252 1300 1309 1313 1325 1380 1389 1407 1455 1472 1480 1517 1531 1566 1581 1615 1642 1656 1688 1696 1740 1750 1779 1795 1827 1836 1855 1867 1873 1914 1941 1968 1969 2007 2028 2041
58,[N+] 1 ( = [N+] ( c 2 c ( c c ( c c 2 ) O C ) C C c 2 c 1 c c c ( c 2 ) O C ) [O-] ) [O-],11 55 77 122 143 147 177 262 266 283 295 322 355 392 417 437 455 458 463 476 490 511 527 573 587 665 695 711 715 718 733 781 841 868 875 906 926 966 997 1004 1057 1219 1236 1245 1314 1328 1335 1374 1375 1380 1429 1440 1454 1476 1517 1536 1542 1586 1587 1612 1618 1665 1671 1674 1738 1750 1757 1847 1861 1873 1908 1922 1946 1972 1975 1982 2038
59,C S C 1 = C ( C = C 2 C ( = C 1 ) C C N 2 C ( = O ) N C 3 = C N = C C = C 3 ) I,15 55 75 116 153 191 218 223 229 245 289 314 320 322 378 394 431 437 442 578 582 598 599 607 611 641 650 655 659 661 669 682 689 703 716 761 793 807 841 845 858 866 875 887 897 926 935 947 954 981 1023 1025 1043 1057 1064 1088 1152 1195 1212 1236 1295 1380 1384 1387 1399 1401 1429 1434 1480 1486 1501 1506 1525 1535 1564 1586 1603 1610 1660 1683 1723 1738 1750 1773 1775 1816 1847 1866 1873 1884 1888 1917 1945 1955 1978 2009 2011 2012 2021
60,C O C 1 = C C = C C = C 1 N 2 C C N ( C C 2 ) C ( = O ) C [C@H] 3 C [C@H] 4 C C [C@@H] 3 C 4,5 55 74 78 80 87 109 115 130 142 182 187 204 219 226 231 237 249 280 344 373 407 452 462 488 510 512 536 585 634 650 695 724 760 785 807 841 904 926 935 941 1004 1009 1017 1019 1030 1057 1088 1133 1199 1221 1292 1295 1325 1330 1336 1380 1410 1446 1480 1508 1510 1536 1565 1568 1589 1601 1647 1654 1721 1727 1750 1804 1820 1833 1873 1903 1905 1917 1924 1932 1939 1957 1970 2009 2037 2047
61,C C 1 = C C ( = C C ( = C 1 ) [Se] ) C,16 19 63 210 236 364 395 436 446 458 509 519 540 575 616 617 688 739 812 875 888 1014 1057 1118 1138 1239 1250 1264 1278 1380 1388 1398 1417 1471 1545 1576 1588 1701 1722 1812 1823 1829 1873 1902 1921 1936 1953 2040
62,C O C 1 = C C = C ( C = C 1 ) O C C C N C C C O C 2 = C C = C ( C = C 2 ) O C,13 20 21 22 80 102 141 166 175 204 252 282 322 398 490 513 522 618 649 667 695 702 718 749 771 778 781 788 831 841 906 939 1004 1006 1034 1057 1103 1133 1152 1165 1189 1228 1322 1380 1452 1461 1521 1536 1584 1586 1750 1806 1865 1873 1911 1922 1993 2005 2010
63,C = C C N 1 C C C 2 = C 1 C = C ( C = C 2 ) [N+] ( = O ) [O-],65 75 80 104 106 166 177 218 220 234 350 352 393 394 403 487 609 634 650 652 671 694 707 715 716 728 742 753 773 838 875 926 935 940 968 1034 1054 1089 1125 1151 1195 1223 1236 1274 1295 1340 1366 1380 1409 1422 1436 1438 1471 1480 1493 1503 1521 1644 1645 1725 1738 1750 1778 1789 1799 1809 1814 1820 1829 1861 1865 1866 1873 1888 1901 1916 1935 1940 1948 1953 1955 1961 1963 1969 1980
64,C 1 C C 2 = C C = C C = C 2 N ( C 1 ) C ( = O ) C O C ( = O ) C 3 = C ( C = C C ( = C 3 ) Br ) F,80 85 145 147 159 173 177 216 252 275 400 426 556 588 626 650 695 699 707 728 766 807 822 830 849 864 875 887 909 926 934 935 989 1009 1028 1069 1088 1138 1157 1164 1165 1198 1199 1202 1215 1236 1293 1295 1380 1387 1414 1480 1490 1494 1527 1567 1606 1631 1647 1673 1708 1730 1738 1750 1786 1791 1808 1812 1840 1873 1915 1917 1928 1991 1997 2004 2047
65,C O C 1 = C C = C ( C = C 1 ) C 2 = N C ( = N O 2 ) C 3 = C C ( = C C = C 3 ) N,14 33 178 248 307 322 339 378 427 487 493 496 647 649 652 656 671 695 718 720 736 750 781 831 841 875 888 896 927 930 986 997 1020 1028 1039 1047 1057 1088 1114 1146 1160 1170 1171 1224 1238 1245 1289 1303 1335 1380 1385 1401 1457 1461 1536 1538 1542 1631 1655 1680 1722 1750 1855 1873 1910 1992 2013 2041 2044
66,C C C 1 = C ( C = C C ( = N 1 ) C ( C ) C ) C 2 = C ( N = C 3 C ( = N 2 ) C ( = C N 3 [C@@H] ( C ) C C O ) C ) C C,1 15 80 114 169 190 222 225 237 249 264 283 294 321 323 352 361 378 394 396 424 427 464 473 492 501 520 541 554 567 598 606 633 639 680 683 688 707 738 739 763 805 807 855 857 871 895 898 914 925 935 981 1033 1034 1053 1057 1141 1162 1168 1233 1306 1307 1364 1380 1391 1437 1439 1564 1615 1644 1650 1664 1671 1696 1711 1720 1722 1724 1750 1799 1800 1802 1831 1833 1837 1855 1872 1873 1897 1929 1998 2018 2019 2032
67,C 1 C N ( C C N 1 C C 2 = N C ( = C S 2 ) C 3 = C C = C S 3 ) C C ( = O ) N 4 C C N ( C C 4 ) C 5 = C C = C C = C 5,14 59 62 72 74 77 80 121 125 241 277 312 345 378 383 389 407 431 461 465 528 539 552 568 583 618 650 675 687 705 741 760 776 784 807 903 926 935 963 980 1009 1020 1049 1054 1056 1088 1142 1199 1202 1203 1215 1224 1254 1264 1310 1312 1313 1341 1342 1380 1390 1394 1401 1405 1427 1462 1480 1508 1567 1578 1589 1719 1731 1750 1765 1778 1791 1810 1825 1848 1855 1865 1866 1873 1917 1953 1966 2009
68,C C O C ( = O ) C 1 = C ( S C ( = C 1 C ) C ( = O ) O C C ) N C ( = S ) N 2 C C N ( C C 2 ) C C 3 = C C = C C 4 = C C = C C = C 4 3,50 54 74 80 97 110 137 145 147 162 164 189 216 252 259 278 294 310 374 377 386 391 428 586 607 649 650 662 675 695 706 759 773 781 784 807 837 899 913 926 935 942 944 956 1039 1057 1074 1087 1088 1104 1118 1152 1169 1190 1199 1201 1214 1238 1264 1304 1307 1324 1349 1357 1362 1380 1462 1480 1545 1573 1589 1597 1621 1651 1667 1682 1706 1722 1750 1765 1787 1791 1792 1816 1855 1873 1917 1955 1984 2009
69,C C 1 = C C ( = C C = C 1 ) N C ( = O ) N C C C N 2 C C C C 2 = O,80 126 155 176 184 191 197 246 256 282 299 312 314 320 379 393 425 438 488 594 596 650 652 667 685 703 709 736 756 798 807 875 926 935 936 951 1013 1028 1039 1055 1057 1088 1089 1123 1138 1145 1152 1153 1156 1177 1182 1219 1235 1354 1374 1380 1453 1480 1488 1499 1592 1635 1663 1712 1722 1738 1748 1750 1752 1798 1799 1803 1816 1823 1861 1873 1876 1911 1917 1924 1989 1990 2016
70,C = C 1 C = C C 2 C 1 C C 2,22 35 125 195 235 265 268 338 340 344 409 433 434 448 455 484 522 547 632 646 746 772 793 825 848 860 900 926 1017 1019 1026 1034 1047 1051 1083 1133 1163 1167 1218 1264 1276 1325 1339 1366 1380 1410 1484 1494 1498 1501 1545 1567 1656 1692 1744 1789 1794 1795 1796 1861 1873 1884 1898 1978 1996
71,C [C@H] 1 [C@H] ( [C@H] ( C [C@@H] ( O 1 ) O [C@H] 2 C [C@@] ( C C 3 = C 2 C ( = C 4 C ( = C 3 O ) C ( = O ) C 5 = C ( C 4 = O ) C ( = C C = C 5 ) O C ) O ) ( C ( = O ) C O ) O ) N 6 C C O C [C@@H] 6 C N ) O,5 33 34 80 121 139 192 202 222 244 249 283 298 314 352 361 382 413 422 495 505 513 523 526 550 563 574 587 600 603 621 626 650 656 679 687 695 722 751 799 803 807 821 826 841 842 852 895 904 926 935 940 950 973 981 984 987 1019 1025 1033 1039 1041 1051 1057 1060 1070 1085 1088 1154 1155 1171 1184 1204 1257 1292 1309 1380 1381 1410 1412 1441 1450 1470 1476 1478 1480 1487 1491 1509 1536 1552 1583 1597 1602 1612 1628 1648 1664 1672 1686 1689 1721 1747 1750 1789 1790 1815 1823 1856 1873 1881 1917 1921 1923 1942 1960 1970 1988 1997
72,C 1 = C C ( = C C = C 1 C C C 2 = C C ( = N C ( = C 2 ) C 3 = C C ( = C C ( = N 3 ) C O ) C C C 4 = C C = C ( C = C 4 ) [N+] ( = O ) [O-] ) C O ) [N+] ( = O ) [O-],31 80 86 119 172 185 194 204 222 244 272 286 310 341 378 440 499 522 525 638 645 650 661 673 694 715 724 729 753 769 798 807 824 837 838 875 918 980 1004 1027 1045 1057 1086 1099 1110 1195 1200 1204 1243 1263 1274 1283 1284 1380 1398 1406 1452 1471 1513 1516 1542 1553 1573 1578 1704 1750 1754 1809 1814 1855 1871 1873 1900 1920 1921 1956 1963 1983 2010
73,C N ( C ) O C 1 = C C = C C = C 1 C = O,34 116 120 160 184 218 245 271 375 437 441 442 448 570 650 659 672 694 695 706 735 782 811 862 878 881 961 975 1004 1057 1063 1088 1116 1130 1163 1172 1199 1299 1318 1380 1384 1388 1410 1417 1483 1505 1529 1561 1580 1608 1637 1645 1729 1750 1799 1868 1873 1927 1970 1988 2026
74,O = C 1 N 2 [C@] ( c 3 [nH] c 4 c ( c 3 C C 2 ) c c c c 4 ) ( [C@H] ( C C 1 C C ( = O ) N C c 1 c c ( O C ) c ( O C ) c c 1 ) C ( = O ) N 1 C C O C C 1 ) C C C 1 C C C C 1,5 11 29 38 41 42 68 77 80 83 94 114 119 120 135 137 140 187 197 246 249 255 310 314 333 352 361 416 484 513 523 591 593 596 625 650 656 678 695 703 713 775 791 795 807 825 832 841 859 875 890 926 935 950 978 1004 1019 1027 1028 1040 1057 1060 1088 1089 1097 1114 1115 1152 1162 1199 1206 1223 1245 1269 1280 1290 1292 1299 1325 1340 1357 1380 1394 1405 1424 1441 1480 1519 1535 1536 1573 1583 1584 1604 1611 1705 1706 1738 1745 1746 1750 1754 1779 1783 1845 1852 1861 1863 1873 1907 1917 1953 1962 1964 1967 1970 1971 2008 2009 2041
75,C C O C 1 = C ( C = C C ( = C 1 ) / C = C / 2 \ C ( = O ) O C ( = N 2 ) C 3 = C C = C ( C = C 3 ) Cl ) O C,23 25 49 50 80 94 104 140 163 203 216 232 237 249 260 263 278 279 281 294 296 309 314 327 378 425 493 561 595 603 650 656 664 694 695 707 735 739 747 789 801 816 825 841 848 854 873 875 896 912 927 948 955 957 967 993 995 1029 1033 1038 1044 1057 1060 1070 1088 1095 1110 1160 1238 1271 1353 1380 1382 1403 1448 1452 1490 1536 1617 1667 1683 1703 1745 1750 1781 1810 1825 1828 1855 1860 1863 1873 1970 2033
76,C [C@H] ( C C C C / C = C \ C O ) C C # C,1 26 61 80 90 152 182 222 228 246 283 310 379 399 401 431 550 599 620 639 640 667 674 694 721 734 739 758 761 775 792 797 804 807 827 906 915 971 974 994 1057 1111 1142 1161 1190 1280 1283 1326 1356 1394 1440 1458 1565 1580 1599 1654 1699 1755 1809 1819 1851 1853 1911 1988 2024
77,C 1 C C C N ( C C 1 ) C C 2 = C ( C = C C ( = C 2 ) C 3 = N C = C C = N 3 ) O C C ( = O ) N C C 4 = C C ( = C C = C 4 ) F,1 2 41 46 70 80 94 99 114 147 192 197 219 230 246 255 276 333 354 367 378 424 448 549 621 636 650 695 699 720 724 746 747 754 779 784 807 875 896 926 935 944 951 978 1028 1039 1066 1088 1089 1152 1160 1182 1187 1207 1218 1245 1253 1309 1349 1352 1380 1385 1414 1422 1452 1478 1480 1487 1513 1573 1598 1611 1615 1670 1750 1754 1765 1779 1791 1792 1821 1836 1859 1866 1873 1876 1888 1898 1917 1928 1946 1970 1981 1988 1998 2004 2039 2040
78,C C ( = C ) [C@@H] 1 C C [C@] 2 ( [C@H] 1 [C@H] 3 C C C 4 [C@] 5 ( C C [C@@H] ( C ( [C@@H] 5 C C [C@] 4 ( [C@@] 3 ( C C 2 ) C ) C ) ( C ) C ) O ) C ) C ( = O ) O C C C C C C C C C C C ( = O ) O,13 36 63 80 89 131 147 150 175 209 232 244 247 267 272 294 310 341 366 389 478 502 508 512 519 527 529 549 552 555 558 562 575 610 639 640 650 695 712 715 760 771 784 804 807 810 833 835 851 889 904 922 926 971 976 1009 1017 1019 1022 1030 1042 1055 1057 1060 1103 1110 1122 1142 1143 1162 1179 1186 1249 1257 1267 1274 1284 1287 1325 1341 1366 1391 1414 1436 1444 1468 1477 1484 1502 1531 1564 1588 1597 1628 1675 1734 1737 1776 1812 1815 1820 1847 1889 1908 1911 1917 1951 1987 2016
79,C [N+] 1 = C ( S C 2 = C C = C C = C 2 1 ) C ( F ) ( F ) F,52 114 162 214 224 280 334 343 351 440 461 462 463 500 514 609 673 675 683 692 723 809 885 913 983 1017 1057 1084 1088 1107 1144 1199 1279 1298 1346 1357 1369 1380 1382 1390 1392 1447 1453 1454 1493 1513 1526 1567 1570 1574 1631 1643 1644 1658 1697 1750 1763 1863 1873 1928 1988
80,C C ( = O ) C 1 = C C = C ( C = C 1 ) N 2 C C N ( C C 2 ) C ( = O ) C 3 = C S C ( = N 3 ) C 4 = C ( C ( = C C = C 4 ) O C ) O C,67 100 102 157 233 249 305 328 333 352 354 360 378 407 465 516 518 541 552 613 617 620 627 650 657 663 665 675 687 695 726 768 804 807 817 841 843 855 862 876 886 926 935 942 984 986 996 1017 1039 1057 1071 1088 1100 1116 1192 1195 1220 1239 1341 1379 1380 1385 1401 1405 1410 1436 1480 1504 1508 1536 1567 1589 1599 1630 1641 1658 1660 1662 1677 1697 1706 1717 1750 1777 1820 1825 1834 1838 1841 1855 1873 1882 1917 1934 1970 1984 2001 2004 2009 2021
81,C [N+] 1 = C ( N ( C 2 = C C ( = C ( C = C 2 1 ) Cl ) Cl ) C C C C C C ( = O ) N C C N ) / C = C / C 3 = C C = C ( C = C 3 ) N ( C 4 = C C = C C = C 4 ) C 5 = C C = C C = C 5,25 41 45 80 99 170 197 250 266 288 294 343 366 389 457 461 463 487 542 561 581 584 597 612 647 650 667 673 694 722 734 802 807 827 835 847 875 878 880 881 893 927 935 948 958 960 981 993 1051 1057 1072 1075 1084 1088 1096 1141 1143 1145 1152 1169 1171 1199 1205 1222 1227 1267 1333 1341 1380 1443 1473 1554 1558 1564 1580 1589 1620 1643 1645 1683 1713 1718 1750 1760 1790 1799 1801 1832 1838 1840 1873 1911 1917 2003 2010 2019 2032 2033
82,C N 1 C C N ( C C 1 ) c 1 c c c c ( c 1 ) c 1 n n c ( o 1 ) c 1 c c c c ( O C C ( = O ) N C c 2 c c c ( c c 2 ) C ( F ) ( F ) F ) c 1,14 31 41 53 80 90 103 114 115 150 165 192 197 207 214 219 237 238 240 255 278 310 322 326 333 335 338 378 383 407 437 452 496 526 562 587 638 650 656 674 679 687 695 736 738 751 756 807 809 858 875 882 926 929 935 939 958 1019 1039 1047 1049 1057 1088 1145 1152 1160 1164 1236 1238 1260 1269 1307 1380 1384 1417 1452 1453 1479 1480 1501 1508 1573 1590 1591 1604 1624 1665 1705 1709 1750 1754 1763 1777 1801 1825 1835 1873 1887 1917 1928 2001 2004 2034 2041
83,C [C@H] ( C N 1 C = C C ( = N 1 ) C ( F ) ( F ) F ) [NH3+],1 3 51 80 90 114 202 226 228 240 283 319 378 397 501 523 618 621 642 658 668 734 738 747 801 808 809 839 841 916 935 947 971 987 1026 1036 1054 1057 1087 1101 1176 1251 1273 1319 1338 1376 1380 1387 1394 1434 1436 1437 1448 1453 1471 1495 1552 1565 1630 1750 1757 1773 1796 1841 1855 1873 1912 1914 1918 1922 1928 1953 1956
84,C C 1 C C N ( C C 1 ) C C 2 = C C = C ( C = C 2 ) C N C ( = O ) C 3 C C C N ( C 3 ) C C 4 = N C ( = N O 4 ) C 5 = C C = C ( C = C 5 ) O C,49 57 80 92 93 168 197 210 229 243 248 255 279 310 322 368 378 392 446 539 621 622 638 646 650 656 689 695 699 709 718 735 739 781 784 800 807 831 841 879 896 908 917 926 935 939 945 973 974 992 1013 1018 1019 1020 1028 1055 1057 1081 1089 1094 1121 1148 1152 1160 1205 1261 1289 1309 1318 1325 1327 1342 1349 1361 1380 1385 1422 1455 1456 1480 1533 1536 1542 1559 1566 1573 1593 1616 1626 1679 1683 1717 1750 1754 1759 1765 1766 1771 1786 1791 1802 1815 1818 1855 1873 1910 1917 1927 1931 1936 1975 2013 2045 2046
85,C C O C ( = O ) C 1 = C N = C ( N C 1 = O ) N 2 C ( = O ) C = C ( N 2 ) C ( F ) ( F ) F,41 53 80 84 111 114 138 140 145 147 153 154 167 205 211 212 222 239 260 279 294 314 351 360 370 378 390 415 426 443 449 490 511 610 650 695 716 722 750 754 759 807 809 830 846 875 909 914 922 935 1004 1021 1057 1058 1068 1071 1114 1127 1141 1196 1203 1229 1238 1288 1334 1370 1380 1416 1437 1442 1452 1453 1465 1535 1538 1545 1583 1600 1619 1623 1667 1672 1673 1677 1701 1722 1745 1873 1917 1928 1939 1991 2026
86,C C N ( C C ) C C C N C ( = O ) C ( = C C 1 = C C = C ( O 1 ) C 2 = C ( C = C C ( = C 2 ) C ( F ) ( F ) F ) Cl ) N C ( = O ) C 3 = C C = C ( C = C 3 ) C,80 97 114 121 159 191 197 217 235 245 251 270 294 308 352 366 390 412 415 473 486 499 522 561 582 592 608 611 620 644 650 656 666 667 694 697 742 753 766 807 809 875 881 930 932 953 954 960 1001 1057 1087 1118 1119 1135 1152 1210 1240 1260 1271 1320 1337 1341 1356 1359 1361 1380 1385 1417 1453 1481 1502 1503 1514 1521 1522 1550 1580 1581 1584 1598 1604 1623 1665 1666 1679 1683 1693 1694 1697 1717 1722 1746 1750 1794 1803 1823 1873 1876 1887 1911 1917 1919 1920 1927 1928 1937 1951 1961 1966 1981 2020 2022 2042
87,C C ( = O ) N C C ( C C 1 = C C = C C = C 1 ) O,1 27 50 66 79 80 90 197 227 245 270 327 352 389 457 572 580 606 650 663 673 731 756 773 776 779 807 846 857 1002 1017 1028 1057 1066 1088 1090 1098 1102 1108 1111 1128 1138 1152 1199 1212 1239 1252 1258 1298 1356 1380 1400 1501 1538 1619 1635 1702 1725 1750 1754 1826 1873 1913 1917 2021 2035 2038
88,C [C@@H] ( C N ) N 1 C C C 2 = C C = C C = C 2 C 1,1 3 80 117 131 171 226 242 249 283 316 372 389 412 524 597 662 693 720 739 794 813 847 874 926 935 962 981 990 1057 1088 1126 1132 1171 1192 1199 1221 1236 1265 1273 1311 1314 1344 1357 1369 1380 1480 1527 1552 1596 1686 1693 1708 1738 1750 1780 1783 1829 1867 1873 1888 1890 1909 1946
89,C C ( C ) O C 1 = C ( C = C ( C = C 1 ) C N C 2 = N C = N N 2 ) Br,0 1 58 65 74 80 94 126 170 172 243 255 264 283 310 378 424 444 468 489 504 517 522 530 555 609 617 635 640 648 654 664 690 695 721 728 735 753 782 815 833 845 875 1007 1057 1114 1133 1146 1152 1158 1165 1212 1250 1255 1271 1303 1316 1380 1416 1452 1549 1570 1631 1650 1662 1718 1749 1750 1754 1779 1806 1829 1842 1850 1873 1967 1970 1978 1998 2004 2014
90,C C ( C ( C 1 = C C = C S 1 ) ( O C ) O C ) O,1 14 97 114 163 227 231 235 241 283 336 350 383 428 431 451 456 462 467 478 505 541 622 634 647 675 680 693 695 770 784 790 807 825 829 836 841 865 935 947 984 1005 1048 1057 1068 1078 1088 1102 1218 1258 1268 1296 1349 1380 1384 1398 1428 1509 1549 1567 1583 1601 1636 1668 1719 1750 1795 1838 1873 1881 1917 1952 1957 1979 1986 2017
91,C C 1 = C C = C ( C = C 1 ) S ( = O ) ( = O ) O [C@@H] 2 [C@H] 3 C C C 4 C 2 ( C ( = O ) C 3 = C ) [C@@] 5 ( [C@H] ( [C@H] 6 [C@@] 4 ( C O 5 ) C ( = O ) C C C 6 ( C ) C ) O ) O,35 48 51 67 72 113 172 186 210 235 242 258 267 288 290 310 314 319 350 366 386 398 402 455 470 478 500 513 619 645 650 656 695 706 715 733 791 796 807 817 828 901 918 926 1017 1019 1057 1060 1083 1092 1100 1134 1154 1162 1218 1224 1232 1257 1265 1274 1296 1321 1325 1342 1349 1359 1366 1380 1386 1397 1476 1484 1496 1510 1538 1546 1555 1645 1671 1703 1707 1722 1738 1750 1753 1808 1816 1823 1833 1855 1873 1920 1923 1942 1951 1956 1991 2007 2046
92,C C 1 C C C C N 1 C ( = O ) C S C 2 = N C 3 = C ( C ( = O ) N 2 C C ( C ) C 4 = C C = C C = C 4 ) S C 5 = C 3 C = C C = N 5,1 3 14 80 116 131 153 155 162 177 193 207 211 216 242 270 283 314 341 347 378 384 389 410 412 432 448 454 502 504 511 561 565 577 650 665 675 717 734 747 759 801 802 807 871 890 926 931 935 944 1009 1019 1028 1043 1057 1073 1088 1174 1199 1209 1215 1236 1240 1252 1269 1309 1325 1357 1365 1380 1388 1408 1450 1452 1480 1483 1488 1495 1522 1569 1573 1581 1607 1639 1655 1724 1728 1750 1762 1843 1855 1866 1873 1890 1898 1917 1922 1959 1978 1982 1998 2036
93,c 1 ( c ( c 2 [C@] 3 4 C [C@@H] ( [C@@H] ( C ( = C 3 [C@H] ( [C@@H] ( c 2 c c 1 ) O ) N C C 4 ) O C ) O ) O ) O ) O C,46 49 90 94 164 173 202 207 217 227 249 272 277 278 300 305 474 480 556 679 691 695 742 773 807 841 849 926 927 996 997 1019 1027 1031 1037 1039 1045 1054 1057 1060 1075 1081 1114 1159 1162 1218 1238 1245 1254 1257 1263 1294 1328 1331 1380 1438 1454 1460 1489 1507 1535 1536 1545 1561 1602 1666 1699 1714 1738 1750 1831 1847 1849 1873 1890 1893 1894 1970 1971 2021 2027 2028
94,C C ( C ) C N ( C C 1 = C C ( = N O 1 ) C ( = O ) N C C 2 = C C ( = C C = C 2 ) Cl ) C ( = O ) C 3 = C C = C ( C = C 3 ) F,1 29 53 73 80 86 90 109 165 192 197 216 248 255 283 339 378 412 429 436 442 473 486 507 509 527 561 567 587 592 634 650 656 675 682 697 699 716 723 725 788 801 807 813 828 855 875 877 881 978 1039 1057 1062 1066 1088 1152 1221 1226 1354 1372 1380 1385 1399 1407 1410 1448 1520 1521 1522 1529 1542 1551 1573 1642 1670 1683 1697 1750 1754 1779 1817 1819 1844 1847 1860 1873 1887 1917 1928 1934 2024 2044 2047
95,C 1 2 ( [C@] ( [C@@H] ( C C 1 C 1 C ( C 3 ( C ( = C C ( = O ) C C 3 ) [C@H] ( C 1 ) F ) C ) C ( C 2 ) O ) O ) ( C ( = O ) C O ) O ) C,26 32 80 84 87 88 111 170 211 222 226 242 280 289 304 314 338 360 372 403 445 479 518 519 520 540 550 563 616 622 650 679 753 760 764 781 805 807 841 849 880 897 921 926 932 937 1009 1019 1020 1049 1057 1060 1084 1115 1154 1162 1165 1169 1233 1257 1274 1285 1292 1358 1373 1380 1390 1432 1436 1458 1459 1489 1542 1545 1561 1571 1589 1601 1612 1614 1631 1642 1664 1738 1792 1794 1873 1884 1908 1917 1919 1928 1938 1995 1997 2040
96,C N 1 C 2 = C ( C ( = O ) N ( C 1 = O ) C ) N ( C ( = N 2 ) N N C ( = O ) C 3 = C C = C C = C 3 ) C / C = C / C 4 = C C = C C = C 4,25 80 146 157 166 261 297 303 304 314 315 378 389 400 486 501 504 564 650 668 694 707 708 716 725 745 771 799 802 807 835 840 865 878 935 1018 1024 1057 1068 1077 1088 1089 1112 1145 1152 1199 1232 1257 1258 1264 1307 1353 1356 1374 1380 1385 1440 1497 1503 1524 1565 1589 1595 1625 1636 1642 1665 1696 1750 1760 1775 1779 1797 1825 1855 1865 1873 1879 1896 1917 1937 1985 2024 2033
97,C C O C ( = O ) C C C C C C ( = O ) N C 1 = C C 2 = C ( C = C 1 ) O [C@H] ( [C@H] ( C N ( C ( = O ) C 2 ) [C@H] ( C ) C O ) C ) C N ( C ) S ( = O ) ( = O ) C 3 = C C = C ( C = C 3 ) O C,1 3 41 57 80 90 147 184 191 213 222 229 249 283 294 305 314 317 319 322 340 350 380 482 525 537 602 610 650 653 656 663 677 679 695 715 718 739 750 781 798 807 815 831 834 841 843 846 875 881 901 916 926 935 979 998 1019 1025 1035 1053 1057 1063 1082 1091 1095 1116 1143 1152 1163 1182 1209 1214 1236 1238 1252 1267 1309 1345 1368 1374 1380 1382 1386 1399 1405 1414 1455 1476 1536 1564 1585 1628 1631 1668 1675 1716 1718 1722 1750 1778 1783 1800 1816 1859 1873 1905 1907 1911 1917 1918 1946 1968 1982 2027 2033
98,C C 1 = C C ( = C ( C = C 1 ) C ) C C 2 = C ( N = C ( N = C 2 N 3 C C N ( C C 3 ) C ( = O ) / C = C / C 4 = C C = C C = C 4 ) C 5 = C C = C C = C 5 ) C,31 69 80 88 91 92 107 113 130 138 148 168 235 317 378 389 402 407 438 441 476 517 534 545 571 596 650 676 694 736 797 807 835 838 861 874 875 878 926 935 949 952 964 1013 1033 1037 1057 1088 1135 1160 1193 1199 1211 1219 1234 1302 1308 1321 1342 1349 1353 1367 1370 1380 1385 1391 1430 1472 1480 1493 1505 1506 1508 1509 1512 1576 1589 1606 1621 1628 1632 1657 1661 1688 1690 1691 1699 1722 1750 1751 1823 1826 1842 1855 1857 1873 1912 1917 1942 2009 2033 2034
99,C C O P ( = O ) ( / C = C ( / C ( F ) ( F ) F ) \ F ) O C C,75 80 94 114 125 155 184 192 203 291 294 299 333 381 386 484 486 490 496 549 550 594 650 694 695 736 793 798 807 837 847 922 940 1017 1057 1084 1086 1121 1122 1158 1173 1203 1218 1237 1238 1311 1365 1429 1447 1453 1523 1530 1541 1572 1629 1658 1716 1751 1835 1841 1922 1928 1969 1987 2030 2044
100,C C 1 = C ( C = C ( C = C 1 ) N C ( = O ) C O C 2 = C C = C ( C = C 2 ) F ) Br,7 25 41 45 80 90 102 166 167 184 191 192 227 281 322 356 369 383 450 521 650 672 681 692 695 699 703 718 728 745 769 778 807 833 843 845 875 893 901 938 1006 1019 1057 1110 1112 1152 1154 1233 1277 1284 1333 1380 1391 1410 1452 1510 1522 1599 1624 1631 1655 1660 1661 1670 1691 1716 1722 1750 1816 1846 1873 1885 1887 1891 1917 1928 1949 2004
101,C N 1 C ( = N N = C 1 [S-] ) C 2 = C C = C C = C 2 Cl,34 45 139 204 242 254 277 352 366 378 406 438 484 507 537 539 553 561 564 593 612 633 641 772 825 893 905 923 935 963 974 975 982 984 1041 1057 1084 1088 1092 1145 1164 1182 1199 1232 1234 1286 1334 1349 1354 1356 1369 1380 1403 1405 1428 1508 1683 1694 1706 1722 1727 1750 1873
102,C [C@@H] ( N C ( = O ) c 1 c c c c c 1 c 1 c c c ( c ( F ) c 1 ) c 1 c n c ( N ) c n 1 ) C ( F ) ( F ) F,1 24 45 46 62 103 104 106 114 117 136 225 266 283 310 352 378 417 446 486 588 650 654 680 699 773 807 842 844 873 875 896 980 984 1057 1088 1107 1152 1160 1171 1193 1199 1300 1331 1347 1357 1380 1416 1447 1452 1453 1457 1518 1535 1595 1636 1649 1682 1708 1747 1750 1760 1772 1800 1805 1809 1840 1842 1873 1917 1928 1936 1991
103,C O C 1 = C C ( C = C ( C 1 ) O C ) ( C C ( = O ) O C ) C ( = O ) O C,28 80 81 130 154 161 195 197 253 255 306 310 323 335 457 578 606 614 644 650 665 695 718 801 807 833 841 885 901 904 926 928 958 985 1027 1057 1060 1068 1082 1093 1126 1133 1152 1182 1247 1268 1297 1331 1353 1357 1367 1380 1386 1406 1536 1541 1561 1564 1577 1582 1617 1625 1669 1713 1792 1841 1873 1917 2028 2035
104,C C 1 = N C ( = N C = C 1 C ( = O ) N 2 C C N ( C C 2 ) C 3 = C C = C ( C = C 3 ) F ) N C C 4 = C C = C C = C 4 O C,36 38 45 58 75 80 90 92 98 117 138 233 241 249 255 264 277 338 344 362 378 395 407 429 462 522 537 543 544 563 575 650 687 695 699 807 841 848 876 894 926 935 942 964 1009 1057 1063 1088 1106 1116 1152 1177 1199 1293 1306 1349 1380 1405 1410 1416 1452 1472 1480 1481 1491 1499 1504 1507 1508 1535 1536 1562 1582 1589 1597 1615 1630 1661 1670 1714 1722 1723 1744 1750 1771 1825 1833 1855 1873 1913 1917 1921 1928 1949 1970 1986 1991 2002 2009 2022
105,C 1 C [NH2+] C C C 1 [C@@H] ( C 2 = C C = C C = C 2 ) O C 3 = C C ( = C C = C 3 ) F,1 5 51 134 192 198 201 230 265 310 322 354 389 427 464 499 511 527 562 664 673 695 697 699 742 776 792 796 866 875 891 926 991 1006 1019 1039 1043 1083 1085 1088 1106 1139 1151 1174 1199 1223 1272 1325 1365 1380 1487 1499 1512 1546 1547 1573 1580 1581 1670 1677 1685 1693 1722 1724 1747 1750 1765 1808 1815 1835 1852 1873 1908 1917 1928 1932 1945 1946 1970 1978 2000
106,C N 1 C ( = C N = C 1 S C C ( = O ) N ( C ) C 2 = C ( N ( C ( = O ) N C 2 = O ) C C 3 = C C = C C = C 3 ) N ) C 4 = C C = C C = C 4,54 62 80 116 119 133 170 172 203 243 314 327 335 341 364 378 384 389 407 423 476 495 517 531 564 573 590 650 736 747 750 758 802 807 809 811 827 838 865 881 935 955 1014 1042 1049 1057 1058 1066 1088 1114 1139 1145 1160 1162 1163 1171 1189 1199 1238 1296 1362 1380 1446 1452 1457 1468 1469 1511 1535 1578 1596 1608 1644 1675 1683 1691 1692 1739 1745 1750 1754 1765 1788 1827 1866 1873 1898 1904 1917 1956 1957 1959 1975
107,C 1 C C C ( C C 1 ) C ( = O ) N N C ( = O ) C ( = O ) N C C 2 = C C = C O 2,2 29 49 69 80 197 255 280 332 360 392 410 425 445 456 474 485 526 529 577 636 650 656 670 671 689 722 745 758 787 796 807 845 890 908 917 926 974 977 987 1019 1028 1088 1121 1152 1167 1210 1233 1261 1272 1275 1325 1361 1380 1431 1442 1466 1518 1587 1623 1679 1721 1750 1785 1873 1887 1917 1926 1927 1934 1940 1941 1946 1951
108,C C ( C ) ( C ) O C ( = O ) N [C@@H] ( C C 1 = C C = C C = C 1 ) [C@H] ( C [C@H] ( C C 2 = C C = C ( C = C 2 ) C O ) C ( = O ) N [C@@H] 3 [C@@H] ( C C 4 = C C = C C = C 3 4 ) O ) O,1 55 58 71 79 80 96 101 107 114 117 208 222 227 231 233 241 258 284 293 310 360 371 387 389 392 440 538 558 559 573 614 649 650 680 695 711 752 807 809 821 837 849 857 888 926 937 960 1018 1019 1027 1040 1047 1057 1066 1073 1087 1088 1098 1129 1135 1152 1155 1195 1199 1236 1257 1274 1294 1303 1361 1380 1388 1399 1409 1414 1469 1513 1574 1609 1624 1630 1672 1683 1708 1750 1754 1755 1758 1771 1774 1859 1873 1877 1912 1917 1957 1982 2024
109,C 1 = C C = C 2 C ( = C 1 ) C ( = O ) N ( C ( = N 2 ) S C C ( = O ) N C 3 = C C = C C = C 3 C ( F ) ( F ) F ) C 4 = C C = C ( C = C 4 ) Cl,38 41 58 80 95 107 114 116 146 176 197 216 233 253 262 289 314 333 341 378 384 389 414 419 463 493 503 504 514 560 561 583 615 627 650 682 698 709 738 747 764 805 807 808 809 816 859 883 907 909 915 933 935 1021 1047 1053 1070 1076 1078 1088 1097 1152 1171 1192 1193 1199 1224 1291 1309 1357 1380 1428 1453 1455 1502 1506 1527 1540 1573 1589 1597 1602 1637 1683 1687 1696 1750 1761 1816 1825 1855 1863 1873 1885 1917 1928 1948 1959 1993 1998 2015 2035
110,C O C 1 = C C ( = C ( C = C 1 ) O C ) C N C ( C C C ( = O ) O ) C ( = O ) O,0 1 4 53 80 94 218 249 255 272 281 309 322 389 438 463 643 650 667 695 710 718 736 739 781 782 807 818 819 841 859 865 875 923 955 999 1033 1057 1119 1152 1226 1287 1296 1300 1349 1380 1382 1504 1536 1564 1618 1624 1633 1651 1661 1703 1737 1750 1764 1800 1844 1855 1869 1873 1917 1959 1970 1972
111,C C O C ( = O ) C 1 = C ( C 2 = C ( C = C C = C 2 S 1 ) F ) C N 3 C C N ( C C 3 ) C 4 = C C = C ( C = C 4 ) O,14 74 80 145 147 162 164 213 214 232 233 294 354 380 407 436 461 480 501 650 675 687 695 699 725 741 745 759 781 784 807 811 818 819 837 857 885 909 926 931 935 944 1011 1032 1035 1039 1057 1088 1185 1194 1238 1301 1313 1348 1357 1373 1380 1404 1405 1447 1448 1465 1474 1480 1508 1550 1602 1674 1703 1722 1750 1762 1765 1778 1791 1801 1813 1825 1840 1849 1873 1887 1917 1928 1940 1979 1984 2017 2034
112,O ( c 1 c 2 c 3 c ( N ( C C c 3 c c 1 O C ) C ) c ( c 1 c 2 c c ( O C ) c ( O C ) c 1 ) C ) C,63 96 146 152 159 211 249 252 268 319 333 356 372 399 422 430 459 474 513 527 564 571 574 602 695 718 841 856 875 926 935 936 953 1040 1057 1098 1103 1134 1145 1168 1188 1203 1210 1236 1245 1280 1335 1345 1357 1380 1388 1392 1437 1480 1513 1536 1563 1583 1596 1599 1634 1648 1673 1693 1717 1722 1738 1745 1753 1803 1842 1858 1873 1884 1888 1892 1910 1918 1957 1962 1970 1981 1984
113,C 1 = C C = C 2 C ( = C 1 ) C 3 = C ( N 2 ) S C = C 3,14 19 41 49 108 119 182 217 278 285 304 346 406 474 517 545 554 663 664 675 731 732 909 912 957 963 973 1085 1088 1114 1164 1199 1298 1299 1354 1357 1380 1384 1399 1415 1498 1539 1556 1567 1573 1582 1615 1633 1645 1684 1738 1745 1750 1781 1783 1797 1811 1873 1884 1917
114,C 1 O C 2 = C ( O 1 ) C = C ( C = C 2 ) C 3 = N C ( = N C = C 3 ) N C 4 = C C 5 = C ( C = C 4 ) O C O 5,30 105 127 141 150 160 191 210 233 295 317 329 343 370 378 391 441 458 491 546 638 640 651 656 673 738 771 782 787 806 843 852 875 896 926 962 980 1003 1029 1035 1072 1085 1151 1152 1160 1244 1282 1349 1380 1402 1418 1423 1452 1504 1582 1586 1617 1644 1647 1688 1750 1800 1809 1819 1829 1855 1863 1864 1866 1873 1905 1947 1990 2036
115,C C 1 = C C 2 = C ( C = C 1 Cl ) C ( = C C ( = O ) O 2 ) C O C ( = O ) C 3 = C C ( = C C = C 3 ) [N+] ( = O ) [O-],14 16 29 30 75 80 93 110 145 147 186 191 208 215 248 314 366 406 413 423 469 482 508 531 532 534 546 561 647 650 651 656 695 715 717 745 748 753 778 807 821 838 839 852 859 875 955 1023 1039 1057 1088 1116 1149 1195 1206 1225 1274 1291 1297 1349 1354 1357 1375 1380 1382 1385 1391 1411 1522 1530 1534 1596 1604 1610 1675 1683 1685 1696 1722 1743 1750 1774 1776 1802 1808 1809 1827 1841 1862 1873 1876 1917 1919 1940 1963 1985 1986 2012 2032 2033
116,C O C 1 = C C ( = C ( C = C 1 ) O C ) N C ( = O ) C O C 2 = C C = C ( C = C 2 ) C ( = O ) N C 3 = C C ( = C ( C = C 3 ) O C ) Cl,41 80 94 102 115 167 173 184 191 192 199 235 249 269 294 322 332 345 366 384 441 454 464 469 486 560 561 650 695 718 770 781 804 807 828 831 841 843 875 892 912 915 940 997 1043 1057 1058 1110 1111 1117 1129 1136 1152 1197 1224 1232 1380 1385 1438 1452 1510 1536 1581 1595 1611 1664 1665 1678 1683 1685 1694 1697 1708 1750 1763 1795 1816 1873 1887 1917 1948 1970 1972 1978 2004 2030
117,C C ( C ) C ( C ( = O ) N C ( C C 1 = C N C 2 = C C = C C = C 2 1 ) C ( = O ) N C ( C ( C ) O ) C ( = O ) O ) N C ( = O ) C ( C C C ( = O ) O ) N,1 29 35 54 79 80 117 119 128 227 269 271 283 328 349 364 383 389 429 446 465 470 472 497 507 573 592 620 626 648 650 696 700 736 739 786 806 807 861 877 890 900 955 960 989 1006 1015 1018 1057 1062 1088 1108 1110 1114 1118 1152 1171 1175 1185 1199 1232 1242 1287 1299 1334 1343 1349 1357 1380 1460 1469 1493 1504 1530 1564 1573 1607 1616 1624 1650 1654 1688 1693 1737 1747 1750 1773 1783 1844 1849 1857 1873 1879 1917 1937 1970 2016
118,C O C 1 = C C = C C = C 1 O C 2 = C C = C ( C = C 2 ) N 3 C ( = O ) C C C 3 4 C ( = O ) N C ( = O ) N C 4 = O,39 52 89 106 112 116 127 140 163 182 184 193 200 207 233 237 240 249 255 260 264 279 281 314 322 328 362 399 406 408 435 447 455 470 500 536 650 681 695 713 718 746 798 808 841 887 912 926 931 935 955 1003 1015 1057 1060 1066 1088 1114 1139 1162 1199 1200 1204 1267 1299 1304 1307 1331 1380 1385 1387 1399 1410 1422 1437 1464 1494 1536 1555 1617 1654 1667 1668 1675 1738 1750 1771 1782 1824 1825 1873 1938 1955 1960 1970 1974 2009 2026
119,C S ( = O ) ( = O ) C 1 = C C = C C = C 1 C ( = O ) N C C C 2 3 C C 4 C C ( C 2 ) C C ( C 4 ) C 3,8 10 15 39 65 78 80 93 197 268 295 304 317 319 327 328 350 354 392 414 486 518 547 607 615 640 650 664 667 679 692 694 721 737 795 797 807 810 837 853 857 903 926 930 952 953 992 1019 1027 1052 1057 1060 1064 1088 1128 1130 1152 1168 1176 1193 1199 1220 1267 1276 1292 1317 1321 1380 1446 1447 1476 1512 1599 1609 1683 1699 1750 1818 1820 1833 1835 1854 1873 1917 1976 1991 1995 2024
120,C 1 C 2 C C 3 C 4 C C 5 C C ( C 1 C 3 ( C 5 ) C ( = O ) O ) C 4 ( C 2 ) C ( = O ) O,184 229 250 265 270 328 389 394 495 519 530 535 586 622 638 650 679 698 754 772 791 807 848 897 923 926 936 984 1019 1027 1051 1060 1095 1188 1190 1220 1284 1292 1313 1357 1375 1434 1446 1608 1635 1659 1691 1699 1700 1812 1828 1834 1838 1871 1914 1917 1966 1970
121,C [C@@H] ( C ( C = C ) ( C = C ) O [Si] ( C ) ( C ) C ( C ) ( C ) C ) O C C = C,1 57 80 114 156 161 167 188 232 263 277 283 316 318 378 392 455 465 492 515 520 531 649 656 694 695 717 719 723 844 888 929 931 934 940 1035 1057 1064 1146 1165 1171 1202 1281 1351 1366 1415 1451 1481 1485 1504 1548 1566 1578 1632 1645 1651 1750 1757 1764 1781 1810 1851 1883 1924 1933 1939 1944 1955 1975 2044
122,C C 1 C C C 2 = C ( C 1 ) S C ( = C 2 C ( = O ) N C 3 C C S ( = O ) ( = O ) C 3 ) N C ( = O ) C O C 4 = C C = C C = C 4 Cl,14 41 42 50 80 127 148 162 167 182 192 195 207 216 231 265 268 277 278 334 345 361 366 387 469 486 507 561 578 586 633 643 650 667 675 695 699 703 757 807 915 916 920 923 926 936 972 974 988 991 997 1014 1019 1057 1088 1109 1146 1148 1152 1187 1199 1201 1253 1272 1306 1309 1325 1362 1380 1410 1427 1452 1468 1482 1496 1533 1578 1622 1634 1638 1641 1680 1683 1687 1704 1738 1750 1815 1816 1825 1833 1834 1852 1857 1861 1873 1893 1917 1970 2004 2011 2014
123,C C O C 1 = C C = C ( C = C 1 ) C 2 = N N ( C ( = O ) C = C 2 ) C C N S ( = O ) ( = O ) C 3 = C C 4 = C ( C C C C 4 ) C = C 3,9 38 42 57 69 80 93 102 104 145 158 198 237 242 252 272 294 310 314 317 319 322 350 378 408 458 502 556 601 647 650 667 672 695 715 718 732 772 790 875 881 896 913 925 926 935 962 980 990 1006 1022 1025 1028 1057 1087 1141 1145 1150 1152 1160 1189 1223 1236 1238 1244 1268 1327 1380 1425 1452 1476 1479 1497 1626 1738 1750 1787 1822 1839 1846 1873 1881 1883 1893 1913 1956 1961 1971 1980 2025
124,C C O C ( C ) O C 1 = C C ( = C ( C ( = C 1 ) O C ( C ) O C C ) P C ( = O ) C 2 = C ( C = C C = C 2 Cl ) Cl ) O C ( C ) O C C,1 7 18 57 65 66 80 128 130 188 283 290 294 308 310 316 322 366 400 466 475 545 558 561 586 589 635 636 650 664 667 695 772 807 837 874 875 888 974 977 983 1006 1026 1034 1039 1057 1080 1088 1111 1147 1170 1238 1241 1252 1255 1300 1372 1380 1405 1409 1458 1460 1489 1593 1626 1683 1702 1729 1745 1750 1794 1873 1914 1917 1954 1957 1970 1980 2017 2035 2046
125,[C@H] 1 ( [C@H] ( C 2 C = C C 1 C C 2 ) C ( = O ) O ) N c 1 n c ( c 2 c 3 c c ( c n c 3 [nH] c 2 ) F ) n c 2 c 1 s c c 2 C,60 86 87 90 131 151 164 193 204 226 320 323 335 352 373 378 380 388 389 406 425 461 487 503 552 564 609 635 650 675 699 708 725 731 806 807 848 875 926 949 1017 1019 1057 1083 1114 1152 1167 1179 1188 1225 1269 1309 1325 1357 1359 1363 1380 1385 1387 1389 1391 1403 1422 1431 1452 1463 1465 1485 1526 1535 1567 1589 1594 1614 1639 1670 1693 1697 1722 1724 1827 1855 1871 1873 1879 1880 1907 1917 1928 1968 1990 1993
126,C C 1 = C C = C C = C 1 O C C 2 = C C = C ( O 2 ) C ( = O ) N C 3 = C ( S C 4 = C 3 C ( = C C ( = N 4 ) C ( F ) ( F ) F ) C 5 = C C = C C = C 5 ) C ( = O ) N,52 80 105 114 119 140 162 186 222 250 309 310 319 320 352 378 380 381 382 383 389 422 478 486 501 511 518 562 580 603 612 650 656 675 695 698 736 745 781 807 809 875 904 906 934 948 1041 1057 1062 1088 1132 1152 1153 1160 1171 1199 1226 1249 1265 1272 1275 1287 1291 1302 1303 1332 1340 1380 1391 1410 1430 1434 1452 1453 1560 1561 1580 1582 1604 1631 1636 1669 1722 1750 1754 1767 1816 1834 1842 1855 1873 1885 1893 1895 1917 1928 1934 1970 1979 1984 1998 1999 2012 2026
127,C 1 C C 1 C ( = O ) N C C C Br,80 93 96 97 164 197 221 251 449 482 495 550 650 667 689 710 728 792 807 834 836 891 898 926 939 944 974 985 1019 1020 1021 1056 1099 1152 1216 1275 1325 1346 1350 1399 1414 1435 1471 1529 1556 1565 1620 1643 1768 1826 1842 1866 1876 1911 1917 1974 2030
128,C C ( C ) ( C ) O C C ( C N ( C C 1 = C S C = C 1 ) C 2 C C 2 ) O,1 12 14 21 80 114 115 118 227 246 263 268 310 371 392 393 422 446 448 483 507 508 545 552 558 577 588 648 675 692 695 703 712 727 755 778 782 794 801 807 809 881 898 914 926 932 987 995 1019 1057 1115 1140 1154 1172 1192 1250 1284 1325 1326 1340 1356 1380 1382 1390 1392 1423 1473 1475 1492 1497 1560 1561 1657 1750 1754 1756 1760 1769 1773 1828 1859 1860 1873 1887 1890 1892 1912 1986 1997 2037 2038
129,C [C@@H] ( C O ) [C@H] ( [C@@H] ( C ) C O C C 1 = C C = C ( C = C 1 ) O C ) O [Si] ( C C C ( C ( C ( C ( C ( C ( F ) ( F ) F ) ( F ) F ) ( F ) F ) ( F ) F ) ( F ) F ) ( F ) F ) ( C ( C ) C ) C ( C ) C,1 32 59 80 86 114 118 127 163 195 197 199 222 248 275 283 310 322 350 378 404 471 482 488 495 501 512 524 535 601 639 656 695 718 720 745 763 764 781 807 831 841 850 886 916 954 972 1012 1052 1057 1100 1111 1129 1137 1163 1165 1174 1202 1204 1263 1308 1314 1325 1355 1380 1398 1427 1439 1453 1517 1536 1560 1621 1632 1650 1659 1702 1750 1754 1785 1791 1794 1873 1879 1887 1902 1928 1960 1979 1992 2042
130,C O C 1 = C C = C ( C = C 1 ) C ( = C 2 C ( N ( C ( = O ) C 2 = O ) C C C [NH+] 3 C C O C C 3 ) C 4 = C C = C S 4 ) [O-],14 18 80 93 134 177 208 214 217 241 245 254 271 314 322 383 401 415 460 514 515 523 526 601 606 626 649 650 656 675 677 694 695 715 718 731 740 781 783 807 831 832 841 844 879 895 908 926 935 950 1003 1008 1019 1051 1057 1064 1067 1081 1088 1130 1145 1163 1183 1222 1226 1380 1385 1405 1420 1427 1431 1440 1476 1523 1536 1567 1605 1660 1668 1690 1697 1729 1733 1750 1751 1775 1839 1842 1854 1873 1911 1940 1979 2010 2025
131,C 1 = C C ( = C ( C = C 1 C O ) F ) N C 2 = C ( O C 3 = C 2 C = N C = C 3 ) C ( = O ) N O C C O,1 13 52 58 74 80 93 104 134 154 160 178 189 190 222 226 241 310 368 378 379 381 399 408 459 473 486 491 509 513 542 609 650 656 686 695 699 701 732 738 768 807 811 824 827 836 837 853 865 875 888 914 933 994 1054 1058 1065 1152 1169 1171 1208 1224 1248 1261 1338 1344 1357 1369 1380 1489 1516 1535 1577 1586 1603 1604 1605 1609 1654 1747 1750 1754 1798 1808 1840 1856 1866 1873 1886 1910 1915 1917 1928 1942 1983
132,C C S C 1 = N N = C ( S 1 ) N C ( = O ) C 2 ( C C C C 2 ) S ( = O ) ( = O ) C 3 = C C ( = C ( C = C 3 ) C ) C,2 62 80 116 162 165 263 294 310 316 319 336 341 349 350 375 378 379 382 385 437 471 503 507 584 649 650 675 679 697 713 715 747 749 797 807 827 831 860 875 912 924 926 999 1028 1048 1056 1057 1060 1120 1134 1152 1160 1162 1164 1273 1296 1344 1374 1380 1391 1414 1434 1476 1490 1545 1613 1623 1638 1642 1691 1707 1709 1722 1750 1816 1873 1917 1948
133,C [C@@H] ( C ( = O ) N C 1 = C C ( = C C = C 1 ) Cl ) O N 2 C 3 = C ( C = C C ( = C 3 ) C ( = O ) O C ) N = N 2,1 9 45 69 96 128 145 165 184 191 199 216 255 283 353 356 378 386 427 429 469 488 504 561 573 579 590 592 650 681 685 695 703 775 801 807 841 842 856 867 875 878 881 906 929 935 961 1039 1057 1065 1086 1088 1093 1097 1112 1122 1128 1144 1145 1152 1164 1166 1192 1212 1269 1287 1315 1380 1385 1447 1495 1516 1582 1616 1655 1661 1664 1683 1697 1715 1750 1754 1783 1816 1848 1873 1891 1915 1917 1938
134,C C 1 = C ( C 2 = C C = C C = C 2 N = C 1 C 3 = C C ( = C C = C 3 ) Cl ) C ( = O ) O C ( C ) C ( = O ) C 4 = C C = C ( C = C 4 ) F,1 44 69 79 85 90 95 110 122 135 145 165 193 216 249 252 283 289 300 323 332 378 386 389 414 477 549 561 581 586 592 647 650 685 695 697 699 732 736 768 788 807 863 875 901 912 923 997 1012 1018 1037 1039 1056 1057 1080 1086 1088 1097 1114 1160 1187 1199 1269 1279 1281 1323 1357 1367 1380 1385 1409 1410 1428 1430 1443 1456 1463 1470 1476 1477 1482 1573 1663 1670 1683 1697 1722 1730 1750 1855 1862 1873 1875 1897 1906 1917 1923 1928 1942 1954
135,C O C 1 = C ( C = C C ( = C 1 ) C 2 N C C S 2 ) O,3 44 61 67 110 133 167 217 227 249 305 319 361 371 387 473 490 503 557 568 596 601 609 613 614 672 675 695 725 731 789 807 841 875 881 926 959 993 998 1019 1027 1032 1057 1065 1114 1119 1123 1168 1198 1214 1218 1240 1272 1279 1293 1380 1475 1507 1536 1602 1606 1607 1635 1652 1750 1775 1784 1803 1820 1840 1846 1873 1914 1919 1922 1957 1970
136,C 1 = C C = C ( C = C 1 ) C 2 = N N ( C ( = O ) C = C 2 ) C C N S ( = O ) ( = O ) C 3 = C C = C C = C 3 C ( F ) ( F ) F,11 42 53 80 93 99 113 114 142 158 262 314 350 355 378 389 392 419 472 481 502 518 522 650 667 672 704 705 722 729 731 732 736 745 781 809 852 893 915 920 925 927 935 948 963 980 992 1001 1006 1025 1034 1053 1058 1088 1123 1141 1145 1152 1158 1160 1162 1199 1244 1308 1326 1380 1392 1453 1464 1476 1626 1655 1659 1700 1750 1755 1839 1873 1883 1886 1910 1928 1956 1971 1981 2015 2025
137,C ( C C ( = O ) N ) C ( C ( = O ) O ) N C ( = O ) C N C ( = O ) C N C ( = O ) C S,1 13 41 57 67 80 117 140 197 203 206 229 302 343 389 412 447 480 500 510 545 579 596 598 622 650 736 739 795 807 849 851 875 971 980 995 1009 1079 1107 1152 1171 1195 1201 1270 1321 1377 1389 1409 1419 1422 1423 1440 1459 1494 1537 1564 1624 1625 1651 1682 1715 1752 1774 1844 1849 1852 1898 1917 1924 1929 1959 2035
138,C C 1 = C C = C C = C 1 C N 2 C = N C ( = N 2 ) N S ( = O ) ( = O ) C 3 = C C = C S 3,14 23 25 80 107 124 146 167 178 181 189 241 308 345 350 378 383 400 433 439 449 488 502 517 534 547 592 628 650 662 675 703 714 735 747 847 857 862 897 925 930 932 935 955 967 983 1008 1024 1057 1084 1088 1125 1129 1138 1152 1199 1242 1270 1340 1349 1380 1384 1391 1404 1411 1440 1452 1476 1485 1521 1567 1582 1585 1597 1606 1619 1701 1722 1746 1750 1754 1759 1765 1774 1814 1815 1865 1873 1892 1916 1931 1932 1943 1949 1956 1999 2013 2020 2046
139,C ( C C C ( = O ) O ) C C N S ( = O ) [O-],80 195 351 389 391 419 427 519 536 592 613 650 667 678 696 715 721 737 757 807 869 877 994 1083 1086 1096 1110 1143 1152 1194 1222 1235 1265 1267 1287 1296 1303 1350 1419 1504 1546 1562 1564 1570 1691 1706 1735 1737 1791 1874 1911 1917 1933 1948 1975 2005 2011 2033
140,C [C@@H] 1 C C [C@H] 2 [C@@H] 1 C C C O 2,28 158 189 232 236 242 268 283 308 361 415 476 489 507 514 528 564 586 622 656 673 686 703 743 802 810 926 937 950 982 1019 1028 1057 1063 1153 1168 1175 1189 1280 1295 1309 1325 1344 1369 1417 1450 1468 1531 1591 1632 1645 1666 1733 1785 1811 1819 1825 1836 1859 1958 2006 2025
141,C C ( = O ) C 1 = C C 2 = C ( C = C 1 ) O C C ( = O ) N 2 C C ( = O ) N 3 C C N ( C C 3 ) C / C = C / C 4 = C C = C C = C 4,30 63 74 79 80 184 203 229 263 287 299 314 347 389 422 437 441 449 453 505 573 574 588 609 617 633 650 656 673 694 700 702 724 728 760 790 798 807 835 875 876 878 885 926 935 975 1009 1017 1035 1057 1088 1089 1173 1184 1199 1225 1273 1295 1304 1306 1312 1313 1353 1356 1380 1384 1385 1404 1424 1430 1440 1480 1503 1507 1541 1544 1546 1555 1557 1558 1571 1589 1602 1622 1623 1679 1697 1707 1708 1710 1750 1791 1820 1824 1846 1870 1872 1873 1886 1890 1905 1917 1938 1947 2009 2024 2033 2046
142,c 1 ( n c ( c 2 c ( n 1 ) c c ( c ( c 2 ) O C ) O C ) N ) N 1 C C N ( C ( = O ) C O c 2 c c c c c 2 ) C C 1,17 30 72 80 87 97 102 222 249 271 287 322 335 339 358 363 378 389 407 544 562 650 684 695 760 780 807 841 872 875 926 935 959 961 969 995 997 1009 1057 1088 1094 1097 1106 1171 1199 1236 1245 1256 1261 1262 1335 1343 1357 1375 1380 1391 1452 1457 1459 1480 1493 1508 1534 1536 1589 1593 1632 1648 1668 1750 1766 1790 1800 1855 1873 1883 1887 1915 1917 1949 1970 1986 2004 2009
143,C 1 ( = N C ( = O ) N C ( = O ) O 1 ) N,3 68 93 105 274 282 314 347 368 378 383 388 436 511 518 533 555 609 641 649 650 656 664 678 706 771 844 854 878 938 972 1016 1062 1114 1157 1166 1171 1232 1271 1380 1411 1457 1460 1463 1474 1475 1525 1534 1586 1604 1630 1637 1644 1650 1667 1745 1855 1900 1932 2000 2027
144,c 1 ( c c c 2 c ( c 1 ) C ( = O ) C ( = O ) N 2 C c 1 c c c ( c ( c 1 ) Cl ) Cl ) N C ( = O ) C C C,1 20 41 55 80 184 191 287 294 310 314 321 352 366 387 440 475 502 515 523 561 572 588 628 650 666 710 725 744 794 807 821 839 843 875 879 899 901 931 935 950 961 1018 1034 1057 1085 1088 1152 1166 1169 1263 1295 1303 1305 1327 1357 1380 1382 1388 1402 1450 1473 1476 1554 1564 1589 1606 1610 1683 1734 1750 1754 1764 1765 1766 1784 1797 1816 1873 1887 1908 1915 1917 1963 1991
145,C C C C 1 = C C = C ( C = C 1 ) C 2 = N N 3 C ( = N N = C 3 S 2 ) C 4 = C C ( = C C ( = C 4 ) C ) C,24 71 80 109 122 129 148 151 162 166 218 236 294 310 319 347 378 384 412 498 553 588 603 624 675 714 733 783 794 808 830 833 875 888 896 914 928 935 1045 1047 1057 1061 1160 1164 1221 1243 1318 1380 1407 1426 1508 1528 1531 1581 1603 1722 1726 1750 1754 1767 1777 1823 1857 1873 1899 1900 1914 1917 1934 1953 1956 2003
146,C C C O C ( = O ) C 1 = C C = C ( C = C 1 ) N C ( = O ) [C@@H] ( C C ) O C 2 = C C = C C = C 2,1 4 13 80 105 145 147 167 191 263 294 322 358 389 432 440 562 573 587 597 606 628 630 650 651 664 695 702 780 794 806 807 831 843 870 943 957 964 968 989 1036 1057 1077 1088 1119 1125 1139 1152 1156 1158 1199 1219 1286 1295 1380 1385 1389 1457 1474 1487 1522 1532 1544 1592 1644 1664 1697 1750 1771 1791 1816 1873 1917 1991
147,C 1 = C C = N C ( = C 1 ) C ( = N ) N ( C C 2 = C C = C S 2 ) C # N,11 14 70 78 80 122 196 241 297 331 378 383 436 448 471 507 529 552 580 623 631 649 656 660 671 674 675 682 721 745 762 790 807 826 835 848 853 855 881 887 970 988 1057 1062 1064 1088 1101 1104 1155 1199 1256 1275 1280 1346 1352 1380 1384 1410 1426 1452 1460 1493 1503 1567 1604 1729 1750 1799 1807 1866 1873 1877 2029
148,C 1 C 2 = C N = C N 2 C S 1,43 55 86 129 142 186 200 219 246 257 336 378 474 490 500 520 529 650 651 675 688 719 739 764 772 793 806 812 859 926 932 935 961 966 1015 1055 1064 1136 1137 1182 1285 1338 1366 1380 1394 1526 1535 1536 1538 1542 1550 1563 1603 1696 1803 1834 1847 1873 1957 1961 2016 2027
149,C 1 = C C = C ( C ( = C 1 ) C N 2 C = N C ( = N 2 ) N C ( = O ) C 3 = C C ( = N N 3 ) C 4 = C C = C ( C = C 4 ) O C ( F ) F ) F,1 15 74 80 143 168 250 308 321 322 378 386 407 414 432 449 483 486 513 542 544 563 599 626 627 650 664 683 695 699 718 723 747 750 771 796 807 875 888 895 896 911 932 935 968 980 1026 1032 1050 1064 1068 1088 1090 1114 1144 1152 1160 1199 1255 1349 1358 1380 1392 1412 1452 1456 1485 1505 1534 1535 1557 1567 1582 1593 1597 1619 1624 1654 1665 1666 1677 1688 1713 1750 1765 1782 1809 1815 1816 1840 1873 1917 1928 1931 1956 1971 2004
150,C C 1 = C C 2 = C ( C = C 1 ) C = C ( C ( = O ) N 2 ) C N ( C 3 C C C C 3 ) [C@@H] ( C 4 = N N = N N 4 C C 5 = C C = C ( C = C 5 ) F ) C ( C ) C,1 26 27 80 90 119 122 158 186 203 235 257 283 310 314 316 378 383 403 507 541 628 650 664 681 685 699 750 761 809 811 825 857 872 875 881 890 902 914 926 935 942 951 968 989 997 1013 1019 1028 1032 1053 1057 1063 1107 1114 1120 1131 1147 1164 1179 1234 1244 1325 1349 1359 1380 1403 1410 1456 1457 1516 1644 1670 1683 1690 1712 1717 1722 1745 1750 1754 1765 1773 1783 1814 1823 1848 1854 1855 1858 1864 1873 1879 1928 1988 1991 2034
151,C 1 C C N ( C C 1 ) C 2 = C ( C = C C ( = C 2 ) [N+] ( = O ) [O-] ) C 3 = C ( C = C ( C = C 3 ) [N+] ( = O ) [O-] ) Br,2 82 87 118 231 342 348 352 356 407 461 521 575 612 617 625 650 652 656 671 680 709 715 728 753 787 798 801 805 833 838 851 875 886 900 912 913 926 935 942 951 952 959 1028 1041 1071 1082 1127 1176 1195 1243 1274 1295 1316 1343 1380 1402 1440 1480 1483 1510 1549 1565 1590 1594 1631 1641 1652 1700 1750 1809 1814 1873 1882 1940 1963 1998 1999 2040
152,C C 1 = C 2 C C [C@@H] ( C 2 = C C = C 1 ) N,67 125 159 163 210 225 279 288 331 340 361 371 390 411 445 579 587 625 659 744 796 899 926 928 988 1019 1027 1032 1039 1057 1081 1088 1171 1247 1291 1325 1337 1355 1377 1380 1391 1475 1482 1502 1521 1722 1738 1743 1750 1776 1794 1797 1832 1851 1873 1904 1910 1925 1999 2007 2037
153,C 1 = C [C@H] 2 C 3 = C ( [C@@H] 1 O 2 ) C = C 4 C 5 C = C C ( C 4 = C 3 ) O 5,45 166 188 290 354 442 456 463 563 579 624 656 680 685 734 798 843 875 886 915 948 991 996 1019 1027 1029 1036 1065 1083 1085 1175 1268 1272 1295 1330 1380 1388 1435 1437 1511 1514 1524 1572 1601 1724 1829 1865 1873 1921 1960 1972 2000 2014
154,C C O C ( = O ) C S C 1 = N N = C ( O 1 ) C 2 = C ( C 3 = C ( N = C ( N = C 3 O 2 ) C 4 = C C = C C = C 4 ) C ) N,2 38 43 80 92 116 140 147 168 235 275 294 341 378 381 389 423 476 496 519 547 562 563 604 607 650 656 683 695 696 736 769 807 821 850 880 891 903 960 966 979 1007 1025 1047 1057 1085 1088 1103 1119 1160 1164 1171 1188 1199 1222 1229 1238 1249 1272 1302 1334 1350 1380 1384 1385 1386 1401 1436 1457 1467 1492 1493 1527 1575 1604 1669 1688 1705 1711 1722 1745 1750 1855 1873 1875 1876 1884 1885 1893 1917 1955 1959 1969 1984 2028 2033
155,C C N 1 C ( = N N ( C 1 = S ) C N ( C ) C C 2 = C C = C ( C = C 2 ) O C C ) C 3 = C C = C O 3,34 38 40 60 69 71 77 80 97 102 106 117 121 158 211 229 237 274 279 294 303 307 310 322 378 394 436 471 474 507 515 518 603 616 641 646 656 695 718 723 741 742 786 787 802 813 822 850 881 891 914 915 935 939 977 985 1027 1057 1065 1082 1088 1108 1112 1147 1163 1198 1203 1209 1233 1236 1238 1295 1347 1376 1380 1389 1452 1453 1524 1579 1587 1618 1626 1681 1714 1717 1721 1722 1750 1754 1764 1777 1795 1805 1870 1873 1926 1955 1956 1970 1989
156,C C ( = O ) N 1 C C ( C 2 = C 1 C = C ( C = C 2 ) N ) ( C ) C,7 84 151 179 311 351 355 575 598 602 647 650 741 749 781 805 807 875 888 915 926 935 953 954 960 1017 1018 1022 1026 1057 1060 1072 1168 1171 1195 1238 1274 1295 1300 1339 1360 1366 1367 1373 1380 1387 1412 1434 1457 1458 1469 1499 1534 1553 1629 1651 1732 1747 1750 1815 1839 1861 1873 1875 1885 1917 1957 1968 1969 1980 2005 2010
157,C = C C N 1 [C@H] ( C ( = O ) N ( [C@H] ( C 1 = O ) C O C C 2 = C C = C C = C 2 ) C C 3 = C N ( N = N 3 ) [C@@H] ( C C 4 = C C = C C = C 4 ) C O ) C C 5 = C C = C ( C = C 5 ) Br,1 5 6 23 56 59 60 66 79 80 84 113 181 204 222 255 281 310 314 339 360 372 378 388 389 458 464 482 488 507 522 526 552 593 598 601 618 642 650 688 694 695 724 728 745 758 803 807 844 857 909 934 935 940 962 978 979 1019 1063 1066 1088 1115 1118 1136 1157 1164 1173 1182 1199 1200 1227 1238 1336 1354 1356 1366 1380 1385 1401 1432 1456 1460 1485 1488 1503 1524 1561 1605 1608 1631 1645 1649 1705 1714 1728 1746 1750 1754 1755 1765 1767 1775 1783 1800 1820 1873 1904 1925 1948 1992 1996 2042
158,C C ( C ) N ( C C ( = O ) N 1 C C C C C 1 C 2 = N C ( = N O 2 ) C 3 = C C ( = C C = C 3 ) Cl ) C ( = O ) C 4 = C C = C ( C = C 4 ) C ( C ) ( C ) C,1 27 33 57 80 105 114 119 122 146 149 165 193 216 231 242 248 253 264 283 314 318 321 333 365 373 378 392 396 408 546 548 561 569 587 592 650 656 659 673 717 736 783 807 814 819 839 846 863 875 881 890 900 915 926 928 935 1009 1018 1019 1028 1039 1055 1057 1070 1088 1112 1160 1190 1221 1245 1312 1325 1339 1372 1380 1385 1390 1417 1443 1452 1457 1476 1480 1502 1532 1539 1542 1556 1603 1654 1663 1665 1669 1681 1683 1697 1721 1735 1750 1790 1855 1857 1861 1873 1892 1910 1913 1917 1919 1952 1964 1995 1998 2013
159,C [C@@] 1 ( C [C@H] ( N ( C 1 ) C ( = O ) C N C 2 C C N ( C C 2 ) C [C@@H] 3 [C@@H] ( [C@@H] 4 [C@H] ( O 3 ) O C ( O 4 ) ( C ) C ) O ) C # N ) F,53 79 80 105 117 166 221 242 251 275 340 358 382 383 420 472 478 525 540 599 602 610 631 650 656 674 679 692 701 717 731 735 790 797 807 892 903 908 921 924 926 935 950 960 982 1009 1019 1050 1057 1060 1070 1120 1147 1149 1152 1168 1169 1177 1202 1217 1257 1261 1274 1298 1325 1347 1350 1384 1395 1440 1445 1449 1473 1480 1487 1511 1556 1569 1586 1589 1612 1616 1634 1642 1643 1695 1696 1791 1837 1859 1902 1912 1917 1921 1928 1975 1992 2008 2017
160,C 1 C [C@@] ( N C 1 = O ) ( C C C ( = O ) N C C N 2 C = C C 3 = C C = C C = C 3 2 ) C C 4 = C C 5 = C C = C C = C 5 C = C 4,41 45 80 197 203 268 310 314 322 390 525 578 586 595 597 598 632 650 667 679 742 759 771 772 781 795 807 837 875 884 926 935 944 980 989 1012 1027 1054 1060 1062 1087 1088 1101 1114 1145 1152 1162 1199 1274 1285 1296 1320 1343 1380 1387 1411 1428 1455 1456 1465 1508 1564 1575 1589 1614 1639 1679 1697 1698 1734 1737 1738 1750 1754 1785 1820 1842 1845 1855 1872 1873 1917 2013 2026
161,C 1 C C C ( C C 1 ) N C ( = O ) N C ( = O ) C O C ( = O ) [C@H] 2 C C 3 = C ( C = C C ( = C 3 ) Cl ) O C 2,2 5 23 41 57 66 80 104 147 161 165 194 200 213 216 230 231 233 264 278 286 387 410 414 428 441 460 534 553 561 615 650 656 664 695 718 784 788 807 816 831 868 873 875 890 901 926 943 959 960 974 1001 1018 1019 1028 1035 1058 1071 1088 1092 1105 1119 1152 1175 1236 1239 1262 1266 1292 1317 1325 1367 1380 1432 1468 1499 1501 1587 1634 1654 1655 1683 1729 1740 1750 1854 1873 1905 1917 1923 1934 1954 1963 1973 1986 1989 2004 2009 2012 2023
162,C S ( = O ) ( = O ) N ( C C ( = O ) N 1 C C N ( C C 1 ) C 2 = C C = C ( C = C 2 ) F ) C 3 = C C = C C = C 3 F,1 26 80 81 85 90 152 170 207 233 349 350 391 395 407 443 460 480 493 521 552 650 687 692 699 716 760 807 845 850 881 925 926 935 960 972 999 1009 1032 1057 1088 1114 1129 1145 1190 1197 1199 1262 1287 1329 1362 1380 1383 1405 1410 1448 1476 1480 1508 1575 1577 1589 1622 1670 1684 1691 1734 1750 1755 1801 1808 1825 1829 1840 1848 1873 1876 1893 1917 1928 2009 2018 2019
163,C 1 C / C = C \ C C C ( C 1 ) O C C ( = O ) O,39 80 103 119 138 159 204 289 328 333 389 419 436 495 496 515 526 530 569 582 620 625 633 650 673 684 695 763 772 789 807 823 842 864 926 939 949 957 1002 1019 1028 1082 1128 1142 1147 1187 1189 1194 1206 1222 1224 1246 1290 1308 1325 1364 1376 1407 1426 1470 1552 1599 1686 1722 1729 1737 1768 1873 1917 1966 2004
164,C C 1 = C ( C = C C ( = C 1 C ) O C ) C N [C@@H] 2 C [C@H] ( N ( C 2 ) C ( C ) C ) C ( = O ) N C C C 3 = C C = C C = C 3 F,1 14 33 71 80 94 113 118 157 178 197 209 214 218 221 228 249 252 255 283 298 312 318 333 348 366 395 482 531 537 564 568 619 650 659 667 689 695 699 718 720 729 737 739 748 764 807 810 828 841 898 910 926 935 954 961 1019 1032 1048 1057 1068 1088 1103 1152 1199 1236 1243 1292 1345 1349 1380 1426 1443 1536 1569 1597 1634 1659 1688 1722 1741 1750 1770 1776 1840 1856 1873 1883 1916 1917 1928 1970 2008 2044
165,C C [C@@H] ( C 1 = N N = N N 1 C C 2 = C C = C ( C = C 2 ) F ) N ( C C 3 = C C = C C = C 3 ) C C 4 = C C 5 = C ( C = C C ( = C 5 ) C ) N C 4 = O,1 2 80 90 119 158 186 204 235 246 257 260 269 294 298 310 314 372 378 389 411 414 453 465 507 556 585 605 650 664 667 679 681 699 750 811 875 881 911 935 944 951 983 996 1000 1013 1057 1066 1077 1079 1088 1114 1120 1147 1164 1179 1199 1224 1333 1349 1359 1360 1380 1410 1440 1475 1521 1524 1544 1568 1570 1588 1607 1611 1620 1670 1683 1714 1722 1745 1750 1754 1765 1783 1799 1817 1823 1854 1855 1858 1873 1895 1911 1913 1916 1928 1939 1963 1991 2034
166,C C 1 = C ( C ( = C ( C ( = C 1 C ) C ( = C ) C C C ( C C ( = C ) C # C ) C # C ) C 2 ( C C C ( = C ) C 2 ) C # C ) C ) C,1 6 25 34 35 39 80 154 179 249 252 305 328 356 370 391 447 466 564 586 615 652 660 674 677 694 706 739 754 782 794 796 807 826 900 909 915 926 934 940 946 958 974 982 993 1018 1022 1039 1057 1060 1110 1117 1135 1152 1162 1163 1166 1203 1270 1272 1288 1290 1294 1298 1313 1366 1380 1402 1467 1480 1518 1523 1564 1601 1664 1686 1722 1733 1738 1792 1818 1833 1940 1949 1990 2006
167,C C ( C ) ( C ) O C ( = O ) N [C@@H] ( C C ( = O ) O C C 1 = C C = C C = C 1 ) C ( = O ) N 2 C C N ( C C 2 ) C 3 = C C = C C = N 3,1 51 61 80 108 114 117 147 177 193 231 244 271 272 332 378 389 392 407 448 475 527 530 558 596 624 650 657 664 695 733 736 745 752 807 879 915 926 935 1035 1040 1057 1066 1088 1151 1152 1155 1175 1177 1199 1270 1276 1290 1337 1347 1370 1374 1380 1386 1414 1452 1480 1492 1508 1520 1574 1589 1639 1649 1650 1658 1665 1719 1735 1750 1754 1758 1805 1838 1859 1865 1866 1872 1873 1914 1917 1939 1977 1987 1995 2009 2042
168,C 1 C N ( C 2 = N C 3 = C C = C C = C 3 C ( = C 2 1 ) N C ( = O ) C 4 = C ( C = C C = C 4 F ) C ( F ) ( F ) F ) C C 5 = C C = C C = C 5,18 43 53 80 83 87 98 114 130 152 165 219 262 263 265 266 289 293 321 339 348 361 374 378 381 384 387 389 419 433 459 482 486 507 580 586 650 655 691 699 716 749 755 807 809 848 915 926 935 951 973 1000 1032 1039 1048 1066 1070 1088 1089 1097 1134 1152 1161 1199 1228 1357 1365 1380 1386 1411 1416 1453 1467 1478 1480 1481 1541 1545 1573 1582 1604 1683 1738 1750 1754 1765 1816 1840 1855 1873 1917 1928 2001 2031
169,C C 1 = C ( N = N N 1 C 2 = N O N = C 2 N ) C ( = O ) N N = C C 3 = C C = C ( C = C 3 ) F,25 35 90 116 129 130 144 184 241 256 259 270 300 309 318 365 378 415 458 486 490 650 656 694 699 725 738 807 864 924 928 935 936 976 1000 1047 1057 1106 1115 1152 1154 1164 1171 1181 1203 1237 1238 1380 1410 1442 1457 1459 1482 1494 1511 1542 1563 1575 1578 1594 1636 1662 1668 1670 1722 1750 1766 1783 1835 1852 1867 1872 1873 1889 1894 1917 1928 1953 1978 1981 1992 2002 2008 2027 2033
170,C C 1 ( C ( C 1 ( C ) C ) C ( = O ) N 2 C C C ( C C 2 ) C 3 = N C ( = C S 3 ) C ( = O ) N ( C ) C C ( = O ) O C ( C ) ( C ) C ) C,27 38 80 114 123 148 172 219 231 246 272 281 334 378 388 392 395 399 414 415 422 456 481 492 507 530 533 552 562 566 567 572 592 624 638 646 650 652 674 675 695 700 764 781 802 807 855 881 926 935 978 995 1019 1057 1060 1069 1117 1163 1176 1190 1204 1221 1265 1274 1305 1325 1339 1380 1386 1396 1423 1447 1480 1535 1563 1566 1567 1574 1593 1629 1645 1653 1654 1666 1692 1697 1702 1834 1835 1851 1855 1858 1859 1871 1873 1882 1907 1917 2000 2009 2021 2036
171,N c 1 c ( Br ) c c ( Br ) c 2 n s n c 1 2,32 81 122 195 275 350 378 393 539 633 639 675 718 728 732 788 798 816 831 833 875 904 943 949 965 969 1080 1107 1133 1171 1194 1307 1325 1352 1380 1387 1388 1457 1468 1524 1546 1631 1640 1646 1653 1708 1724 1745 1789 1836 1873 1878 1915 1920 1934
172,C C 1 = C C ( = C C ( = C 1 ) O [C@H] ( C ) C ( = O ) N 2 C C O C C 2 ) C,1 11 35 36 45 57 108 129 174 223 247 283 319 322 389 432 466 490 517 518 523 535 582 593 595 609 610 650 656 664 695 734 752 807 829 875 888 926 935 950 1057 1117 1146 1258 1269 1297 1371 1380 1405 1441 1466 1480 1538 1586 1617 1665 1722 1777 1823 1837 1873 1917 1924 1939 1953 1995 2009
173,C 1 = C C ( = C C ( = C 1 ) Br ) N C ( = O ) C S C C 2 = C C = C S 2,14 19 41 60 80 106 116 126 184 185 191 196 241 341 383 471 485 487 557 564 572 612 622 636 650 656 675 703 712 728 762 766 771 777 807 875 878 901 909 953 1039 1056 1070 1088 1152 1256 1330 1357 1380 1386 1388 1420 1430 1455 1567 1576 1602 1606 1628 1631 1656 1730 1736 1750 1816 1834 1860 1873 1917 1945 1959 1985 2025
174,C C 1 = C ( C = C C = C 1 N C ( = O ) C 2 = C O C 3 = C 2 C = C ( C = C 3 ) [N+] ( = O ) [O-] ) C ( = O ) O,29 68 75 141 146 173 187 198 210 231 252 259 320 326 384 387 389 398 410 440 456 465 478 486 496 596 623 624 650 656 676 687 715 753 798 807 838 847 858 875 905 947 1039 1047 1057 1088 1093 1129 1152 1155 1195 1224 1227 1231 1233 1237 1274 1312 1357 1376 1380 1386 1447 1460 1486 1492 1578 1623 1655 1667 1696 1722 1727 1728 1733 1750 1800 1803 1808 1809 1810 1814 1816 1866 1873 1877 1894 1907 1917 1940 1963 1985 1991 1998 2030 2031
175,C O C 1 = C ( C = C ( C = C 1 ) / C = N \ N 2 C = N C 3 = C ( C 2 = O ) N C 4 = C 3 C = C ( C = C 4 ) F ) C S C 5 = C C = C C = N 5,25 80 92 93 94 106 116 119 127 138 155 158 193 223 249 270 314 328 334 341 354 378 429 448 451 504 573 588 615 623 645 650 665 673 694 695 699 717 725 762 828 841 855 864 875 906 932 935 951 1049 1057 1088 1089 1095 1107 1114 1123 1155 1182 1199 1243 1277 1290 1299 1301 1321 1325 1349 1352 1357 1380 1387 1401 1410 1417 1429 1432 1452 1462 1487 1501 1510 1523 1530 1536 1562 1661 1670 1685 1724 1745 1750 1757 1802 1806 1807 1814 1839 1866 1873 1928 1939 1948 1949 1957 1969 1970 2024 2033
176,C C O C 1 = C C = C ( C = C 1 ) / C = C \ 2 / C ( = O ) N ( C ( = S ) S 2 ) C C ( = O ) N 3 C C N ( C C 3 ) C ( = O ) O C C,25 69 80 97 102 132 147 215 232 237 240 273 281 287 294 307 314 322 331 342 425 450 573 576 588 609 650 675 694 695 700 718 729 741 757 760 767 774 807 863 873 879 914 926 935 946 947 1009 1015 1027 1042 1057 1065 1204 1238 1249 1277 1309 1312 1313 1380 1442 1452 1458 1480 1515 1560 1589 1648 1693 1717 1722 1750 1773 1782 1873 1881 1883 1900 1904 1917 1942 2009 2010 2033 2044
177,C C 1 = C C ( = C ( C = C 1 ) C ( C ) C ) O C C N 2 C ( = O ) / C ( = C / C 3 = C C = C ( C = C 3 ) O S ( = O ) ( = O ) C 4 = C C = C ( C = C 4 ) Cl ) / S C 2 = O,1 13 25 80 96 98 121 141 186 188 190 210 216 235 237 238 273 281 283 314 319 322 341 348 350 354 370 391 548 551 561 588 589 598 617 620 650 675 693 694 695 715 718 744 755 789 805 816 852 863 875 879 935 947 967 1003 1013 1027 1042 1044 1057 1070 1104 1110 1113 1115 1143 1145 1171 1172 1307 1374 1380 1452 1469 1476 1518 1577 1627 1628 1635 1675 1683 1691 1718 1722 1750 1773 1823 1825 1832 1834 1861 1873 1919 1964 1970 2033 2044
178,C O C 1 = C ( C = C ( C = C 1 ) / C = N / N C ( = O ) C 2 = C C = C ( C = C 2 ) O C C 3 = C ( C = C C = C 3 Cl ) F ) C N 4 C = N C ( = N 4 ) [N+] ( = O ) [O-],1 25 80 94 102 161 207 224 230 232 246 249 262 308 309 318 322 350 366 378 388 452 459 486 561 650 654 655 694 695 699 715 718 725 745 747 753 766 807 820 838 841 848 855 861 864 867 875 905 906 908 924 926 932 935 944 974 1005 1032 1039 1057 1088 1149 1152 1155 1187 1195 1203 1253 1256 1330 1349 1371 1380 1385 1386 1410 1452 1453 1481 1487 1501 1536 1608 1650 1661 1664 1665 1667 1683 1697 1701 1728 1750 1765 1767 1772 1807 1815 1818 1819 1840 1845 1864 1867 1873 1914 1917 1928 1931 1953 1956 1963 1970 1982 1992 1995 2033 2034
179,c 1 c ( c ( c ( c c 1 ) O C ( = O ) c 1 c ( c c c c 1 O C ) O C ) O C ( = O ) c 1 c ( c c c c 1 O C ) O C ) O C ( = O ) c 1 c ( c c c c 1 O C ) O C,8 61 145 183 205 249 310 320 333 356 371 384 440 444 527 548 562 576 586 601 628 650 695 696 791 797 807 809 841 864 881 960 986 1016 1020 1039 1057 1088 1097 1162 1181 1295 1312 1335 1344 1378 1380 1384 1410 1411 1440 1452 1468 1536 1546 1641 1650 1698 1729 1750 1768 1873 1917 1970 2035 2041 2046
180,C 1 = C ( C = C ( C = C 1 F ) F ) C N N,41 80 129 162 255 278 284 285 298 438 481 554 563 596 647 699 720 767 768 875 1023 1045 1054 1092 1096 1124 1152 1171 1246 1252 1315 1355 1380 1382 1461 1489 1502 1540 1549 1571 1579 1604 1637 1669 1670 1696 1701 1747 1750 1754 1785 1798 1819 1834 1873 1918 1928 1936
181,c 1 ( c c c 2 c ( c 1 ) [nH] c ( = O ) c ( c 2 ) c 1 n c ( s c 1 ) c 1 c c n c c 1 ) C ( = O ) N ( C C ) C C N ( C ) C,0 16 26 64 80 85 119 171 175 196 203 219 227 231 280 294 314 343 349 352 353 378 383 409 430 447 518 545 552 567 586 650 652 661 675 693 750 807 828 875 881 917 930 932 968 978 980 997 998 1000 1008 1014 1036 1057 1080 1094 1114 1122 1147 1160 1163 1198 1208 1221 1229 1245 1264 1272 1353 1380 1385 1392 1446 1456 1487 1522 1533 1567 1593 1603 1697 1698 1700 1703 1726 1728 1745 1750 1754 1774 1805 1849 1854 1855 1858 1866 1873 1917 1934 1949 1951 1984 2010 2026
182,n 1 ( c 2 c c 3 c ( n c c c 3 ) c c 2 ) c n c c 1,4 6 23 26 50 52 80 90 139 190 219 233 238 312 320 342 378 396 408 448 546 701 742 830 833 838 843 875 932 935 948 952 961 967 1013 1043 1078 1087 1088 1096 1097 1101 1139 1226 1289 1317 1380 1395 1414 1446 1452 1497 1553 1571 1573 1603 1619 1621 1637 1654 1750 1825 1843 1854 1855 1866 1872 1873 1884 1965 1967
183,c 1 c ( c c c ( c 1 ) / C = C / C ( = O ) c 1 c c c ( c c 1 Cl ) Cl ) N ( C ) C,25 31 66 67 78 108 118 165 216 229 273 291 324 332 354 366 368 392 427 430 561 621 650 658 664 667 694 737 781 807 816 835 875 878 881 925 960 1002 1009 1039 1057 1058 1096 1116 1135 1138 1147 1163 1166 1209 1267 1308 1364 1379 1380 1389 1437 1449 1481 1516 1542 1591 1593 1603 1635 1667 1675 1683 1700 1741 1750 1812 1817 1873 1900 1917 1923 1937 1958 1964 1991 2033
184,C C ( C ( = O ) N C 1 = C C ( = C C = C 1 ) Cl ) N 2 C ( = O ) C 3 = C C = C C = C 3 C 2 = O,1 20 28 121 163 165 184 191 216 220 283 295 312 314 346 350 352 375 446 500 561 573 592 615 621 646 650 670 703 708 765 776 807 854 875 879 929 935 938 984 1010 1039 1053 1057 1088 1128 1139 1145 1152 1199 1220 1319 1380 1389 1411 1530 1615 1664 1683 1685 1687 1728 1750 1759 1769 1786 1816 1818 1841 1843 1873 1917 1920 1960 2007
185,C C O C 1 = C C = C ( C = C 1 ) N C 2 = C / C ( = N \ S ( = O ) ( = O ) C 3 = C C = C ( C = C 3 ) C ) / C 4 = C C = C C = C 4 C 2 = O,1 58 59 63 69 80 84 88 102 117 153 165 191 235 237 262 267 294 295 314 318 319 322 332 350 352 381 491 493 495 564 591 650 652 695 715 718 725 779 789 795 813 831 837 843 899 912 942 971 984 993 1057 1088 1089 1134 1152 1159 1169 1199 1200 1238 1246 1311 1357 1380 1452 1469 1476 1524 1563 1717 1722 1750 1780 1823 1836 1860 1873 1920 1951 1980
186,C C 1 ( C C 2 = C ( C ( C ( = C ( O 2 ) N ) C # N ) C 3 = C C = C C = C 3 O C C 4 = C ( C = C ( C = C 4 ) Cl ) Cl ) C ( = O ) C 1 ) C,46 48 56 71 77 80 106 126 139 149 165 177 202 216 217 227 239 312 314 343 346 366 371 391 410 449 481 535 555 557 561 596 599 650 656 674 678 690 695 717 745 751 756 780 790 810 816 847 875 888 900 926 940 965 966 987 1019 1027 1040 1054 1057 1060 1071 1088 1106 1136 1171 1172 1199 1209 1226 1236 1257 1274 1301 1349 1366 1380 1384 1395 1410 1414 1427 1448 1452 1457 1463 1487 1507 1522 1582 1653 1681 1683 1686 1741 1748 1750 1754 1760 1772 1774 1808 1810 1818 1828 1873 1881 1968 1970 1997
187,C C 1 = C C = C ( C = C 1 ) [C@H] ( C N C ( = O ) C 2 = C ( C 3 = C C = C C = C 3 S 2 ) Cl ) N ( C ) C,1 4 50 51 80 128 162 188 197 235 402 461 480 486 491 561 577 599 606 635 650 671 675 679 756 781 807 830 881 882 885 954 955 1011 1057 1063 1088 1152 1160 1163 1199 1207 1252 1290 1357 1365 1380 1446 1449 1496 1549 1573 1659 1660 1683 1722 1744 1750 1823 1834 1841 1853 1859 1873 1895 1916 1917 1920 2014
188,C [C@@H] ( C ( = O ) N C [C@H] 1 C C C O 1 ) N C ( = O ) [C@@H] 2 C C ( = O ) N ( C 2 ) C 3 = C C 4 = C ( C = C 3 ) O C O 4,1 35 42 80 94 114 117 143 149 181 197 231 233 239 248 283 297 314 334 361 437 441 501 514 573 580 598 650 656 684 689 709 738 739 798 802 807 821 840 859 875 926 935 950 952 974 989 1019 1028 1035 1057 1128 1137 1152 1182 1261 1325 1329 1349 1380 1391 1448 1457 1468 1497 1515 1559 1566 1598 1604 1642 1647 1660 1695 1720 1750 1757 1800 1825 1829 1863 1867 1873 1881 1905 1917 1950 1967 1969 1972 2000 2027
189,C 1 C 2 C C 3 C 1 C C 2 O C 3 = O,22 25 32 104 152 167 177 195 233 246 283 286 314 325 353 381 416 455 511 579 585 593 650 655 656 675 729 750 755 770 799 826 845 848 865 885 893 913 926 941 946 1019 1213 1239 1266 1276 1287 1292 1313 1356 1358 1380 1413 1486 1493 1588 1642 1643 1689 1748 1819 1845 1890 1903 1920 1987 2002 2010 2029 2039
190,C 1 C C C ( C 1 ) N 2 C = C ( C 3 = C ( N = C N = C 3 2 ) N ) C 4 = N C 5 = C ( N 4 ) C = C ( C = C 5 ) N S ( = O ) ( = O ) C 6 = C C = C C ( = C 6 ) C 7 = C C = C C = C 7,4 37 109 119 136 180 183 191 198 209 226 265 270 319 326 329 340 343 350 352 373 378 383 389 464 489 502 573 575 577 584 650 708 726 736 743 744 780 785 813 826 843 875 890 926 934 935 958 961 1001 1009 1019 1028 1039 1088 1097 1114 1141 1152 1160 1171 1199 1216 1231 1270 1271 1302 1318 1320 1325 1330 1380 1403 1452 1457 1459 1476 1498 1513 1520 1549 1572 1597 1603 1609 1649 1666 1676 1696 1745 1750 1763 1810 1812 1855 1873 1893 1910 1954 1964 1984 1993
191,C O C 1 = C ( C ( = C 2 C ( = C 1 ) C = C ( N 2 ) C ( = O ) N 3 C C 4 C C 4 5 C 3 = C C ( = O ) C 6 = C 5 C = C S 6 ) O C ) O C,2 14 52 75 84 96 143 179 209 236 238 249 258 281 293 314 333 339 341 346 389 462 528 554 557 619 650 675 679 694 695 712 739 747 749 807 809 822 824 835 841 859 867 870 875 899 907 926 935 985 1019 1054 1057 1060 1071 1085 1114 1125 1138 1142 1167 1224 1240 1242 1245 1299 1318 1326 1371 1374 1380 1387 1415 1452 1498 1504 1508 1530 1536 1567 1589 1599 1606 1614 1644 1721 1730 1737 1745 1749 1750 1762 1768 1855 1857 1873 1892 1897 1917 1950 1970 1980 2016 2018 2022 2036
192,C 1 C N ( C C N 1 S ( = O ) ( = O ) C 2 = C C ( = C C = C 2 ) Br ) S ( = O ) ( = O ) C 3 = C C = C ( S 3 ) Cl,1 48 95 130 162 200 266 268 319 350 366 396 485 514 527 560 561 574 575 576 585 650 668 675 703 728 757 765 766 774 784 785 800 819 826 858 875 898 909 916 926 934 935 942 1024 1039 1043 1066 1088 1134 1143 1158 1192 1207 1219 1225 1257 1272 1282 1380 1387 1399 1450 1476 1480 1521 1558 1561 1573 1599 1624 1631 1652 1654 1664 1683 1729 1750 1793 1808 1866 1873 1952 1961 1973 1992 2037 2039
193,C C C C C C C C C C C C C C C C C O C ( = O ) C C C C C ( = O ) O C C C C C C C C C C C C C C C C C,10 13 80 147 181 294 301 303 326 448 463 464 499 534 545 546 573 575 578 591 613 631 632 650 677 685 695 707 758 794 807 810 824 878 944 953 973 1034 1057 1143 1153 1197 1249 1267 1317 1318 1386 1387 1399 1444 1449 1481 1496 1527 1553 1563 1564 1591 1638 1658 1661 1666 1714 1734 1820 1911 1917 1987 2016 2032
194,C C O C 1 = C C = C ( C = C 1 ) N 2 C ( = O ) C ( = C ( C 2 = O ) Cl ) N C 3 = C C = C ( C = C 3 ) C ( = O ) N C 4 = N C ( = C S 4 ) C 5 = C C = C ( C = C 5 ) Cl,43 58 67 69 80 92 99 102 117 123 126 138 163 166 191 207 213 216 233 237 249 294 300 314 318 322 378 379 385 402 486 491 528 552 561 624 650 675 680 695 702 706 710 718 798 807 816 820 838 843 879 896 931 935 980 1014 1031 1032 1057 1070 1089 1095 1096 1106 1152 1160 1176 1194 1198 1202 1214 1238 1264 1266 1308 1319 1380 1385 1424 1452 1500 1517 1524 1541 1567 1580 1600 1617 1627 1665 1683 1686 1697 1741 1750 1755 1795 1816 1825 1841 1855 1873 1917 1951 1971 1980 2029
195,C C O C ( = O ) C 1 = C C = C ( C = C 1 ) N 2 C ( C 3 = C ( C 2 = O ) N N = C 3 C 4 = C C = C ( C = C 4 ) C ) C 5 = C N = C C = C 5,74 80 88 123 135 145 147 155 233 235 294 304 314 323 349 374 378 395 396 437 447 471 493 495 549 601 606 610 615 619 650 695 732 749 759 793 807 827 833 879 896 935 989 1019 1029 1043 1057 1062 1071 1085 1088 1099 1114 1140 1160 1238 1279 1289 1338 1380 1385 1398 1425 1427 1438 1462 1495 1522 1534 1535 1583 1586 1603 1605 1624 1629 1648 1663 1685 1697 1703 1719 1722 1750 1753 1773 1823 1825 1866 1873 1917 1920 1922 1943 1973 2004
196,C 1 = C C ( = C C = C 1 C 2 C ( = C ( C 3 = C C = N C = C 3 ) O ) C ( = O ) C ( = O ) N 2 C 4 = N C = C S 4 ) [N+] ( = O ) [O-],14 25 47 57 107 171 227 270 282 314 330 378 383 385 389 409 439 495 497 536 538 554 576 590 650 675 698 715 722 734 753 763 769 774 781 782 807 818 831 838 877 879 935 985 1002 1003 1019 1027 1077 1157 1195 1208 1235 1246 1250 1274 1279 1304 1324 1339 1364 1380 1385 1406 1411 1420 1427 1431 1452 1458 1476 1560 1561 1567 1601 1603 1616 1627 1634 1722 1749 1750 1791 1803 1809 1814 1819 1866 1873 1909 1922 1928 1929 1963
197,C C N 1 C C C 2 = C C ( = N C = C 2 C C 1 ) N,34 62 80 104 136 216 227 279 294 377 378 446 496 499 507 549 755 756 789 799 814 838 865 875 898 924 926 935 957 981 1052 1057 1171 1236 1298 1310 1327 1361 1374 1380 1395 1452 1457 1477 1480 1514 1526 1535 1587 1594 1612 1636 1653 1716 1738 1762 1781 1791 1806 1812 1873 1888 1900 1905 1950 2027
198,C C 1 = N C ( C ( = O ) N 1 N C ) ( C ) C,3 46 49 72 95 101 126 204 223 255 311 314 319 370 376 378 384 459 582 648 650 687 713 729 782 797 835 841 885 899 909 935 937 949 953 1027 1057 1060 1063 1152 1155 1173 1274 1301 1364 1368 1380 1384 1424 1430 1486 1512 1593 1675 1701 1722 1753 1871 1915 1972
199,C C 1 C ( = C ( C ( = C 1 [Si] ( C ) ( C ) [Si] ( C ) ( C ) Cl ) C ) C ) C,20 45 47 131 143 160 278 290 303 310 350 378 425 427 430 432 513 531 565 603 616 635 647 656 726 753 762 807 821 849 889 891 961 1019 1021 1044 1057 1067 1093 1095 1108 1113 1175 1230 1242 1250 1300 1309 1312 1313 1380 1473 1475 1547 1579 1683 1722 1794 1853 1903 1920 1941 1947 2011 2039
200,C C 1 = C ( S C ( = C 1 [C@@H] ( C 2 = C C = C ( C = C 2 ) Cl ) N 3 C C O C C 3 ) N C ( = O ) C 4 = C C = C O 4 ) C,1 6 50 122 123 162 185 200 214 216 242 252 313 354 369 387 433 442 461 474 486 515 522 523 545 551 561 590 599 617 621 642 650 656 658 675 728 739 787 807 816 820 856 926 935 950 954 1041 1057 1066 1070 1088 1096 1111 1125 1129 1151 1152 1183 1185 1211 1233 1241 1245 1262 1265 1321 1364 1365 1380 1405 1407 1441 1442 1480 1520 1549 1626 1658 1683 1714 1722 1750 1754 1786 1806 1814 1816 1818 1853 1873 1886 1907 1917 1926 1932 1958 1993
201,C 1 = C N ( N = C 1 ) C 2 = N C = C C ( = C 2 ) C N C ( = O ) C C 3 = C C = C ( C = C 3 ) N S ( = O ) ( = O ) C 4 = C C = C ( C = C 4 ) F,4 41 43 75 77 80 90 191 197 255 300 310 315 317 319 325 333 350 378 422 450 493 502 507 527 530 540 557 639 650 676 699 715 730 743 767 787 807 843 875 883 892 913 935 1016 1052 1057 1088 1092 1101 1152 1215 1270 1303 1363 1380 1410 1429 1452 1455 1473 1476 1498 1510 1515 1519 1539 1573 1610 1670 1680 1685 1737 1745 1750 1754 1779 1780 1866 1873 1917 1928 1932 1942 1962 1987 2001
202,C C 1 = C ( C ( = N O 1 ) C ) C ( = O ) O C ( C ) C ( = O ) N C 2 = C C = C ( C = C 2 ) N 3 C C O C C 3,1 33 34 69 92 110 145 186 191 192 197 206 222 233 234 235 248 279 283 306 354 368 378 380 390 407 461 481 482 498 504 514 523 536 551 565 573 586 593 611 645 650 656 687 688 693 695 757 807 835 843 878 926 935 950 967 1002 1004 1014 1057 1077 1117 1144 1152 1183 1189 1241 1269 1316 1366 1380 1405 1430 1441 1462 1480 1510 1518 1540 1542 1549 1552 1589 1637 1664 1672 1685 1693 1722 1735 1750 1774 1816 1825 1861 1873 1883 1911 1917 1928 1973 1987 2037
203,C C 1 = C ( C ( = O ) N ( N 1 C ) C 2 = C C = C C = C 2 ) [C@H] 3 C [C@H] ( O C ( = C 3 ) C ( = O ) N C 4 C C 5 C C C 4 C 5 ) O C C N ( C C O ) S ( = O ) ( = O ) C 6 = C C = C ( C = C 6 ) O C,13 17 22 28 55 75 80 130 141 147 176 179 190 193 222 261 267 282 314 319 322 327 337 349 350 366 373 387 389 430 473 474 486 488 504 570 580 585 590 600 650 656 695 712 715 718 732 739 750 752 781 807 815 823 831 840 841 881 883 918 926 935 938 962 963 995 1019 1049 1057 1085 1088 1145 1149 1152 1158 1161 1192 1199 1235 1253 1273 1282 1292 1325 1328 1363 1376 1380 1403 1446 1449 1476 1502 1509 1525 1536 1568 1629 1640 1648 1722 1750 1766 1803 1814 1818 1825 1844 1873 1908 1917 1946 1951 1975 2021 2026 2047
204,C C 1 = C ( C ( = N O 1 ) C ) S ( = O ) ( = O ) N C ( C ) ( C ) C O,25 35 56 80 92 114 115 122 202 219 222 224 248 259 350 378 392 409 460 461 502 566 580 600 625 631 650 656 699 702 766 807 835 846 852 854 856 906 948 959 1021 1057 1132 1152 1153 1161 1202 1234 1260 1300 1330 1380 1397 1443 1466 1476 1515 1527 1536 1542 1604 1618 1620 1622 1637 1658 1722 1734 1737 1778 1796 1805 1846 1947 1986 2015
205,C C C ( C ( = O ) C N 1 C ( = N N = N 1 ) S C 2 = C C = C ( C = C 2 ) O C ( F ) ( F ) F ) N C ( = O ) O C C 3 = C C = C C = C 3,1 38 80 90 114 116 117 140 145 147 152 158 183 186 229 237 257 281 294 317 322 325 337 371 378 389 477 478 497 513 525 528 538 548 549 552 585 597 647 650 664 685 695 718 725 736 745 747 756 787 807 811 813 818 829 844 874 905 909 922 932 935 1057 1066 1077 1088 1149 1152 1164 1190 1199 1232 1255 1260 1262 1283 1312 1319 1327 1369 1380 1409 1453 1464 1485 1544 1545 1551 1570 1637 1750 1754 1758 1783 1802 1873 1914 1917 1928 1949 1977 2042
206,C O C ( = O ) C N 1 C ( C 2 = C ( C = C C ( = C 2 ) Br ) N = C 1 C 3 = C C = C C = C 3 Cl ) C 4 = C C = C C = C 4,12 21 32 72 80 95 195 261 291 352 366 378 379 382 389 393 406 440 487 500 512 561 564 575 592 632 650 684 695 710 728 766 806 807 841 860 875 906 909 927 935 952 956 974 975 984 1012 1019 1027 1057 1062 1088 1152 1157 1174 1181 1199 1242 1279 1312 1356 1380 1386 1404 1415 1427 1433 1459 1461 1483 1497 1507 1513 1577 1586 1616 1626 1631 1634 1663 1683 1750 1775 1854 1873 1903 1904 1917 1928 1964 2023
207,C C 1 = N N = C ( N 1 C 2 = C C = C ( C = C 2 ) O C ) S C C ( = O ) N C C 3 = C C = C C = C 3 F,41 58 69 71 80 116 120 168 186 197 233 240 255 322 333 337 341 378 384 411 484 636 650 671 686 695 699 718 747 781 807 831 841 852 861 875 917 935 965 996 1032 1042 1048 1056 1057 1062 1068 1070 1082 1088 1149 1152 1164 1176 1199 1264 1327 1349 1370 1380 1412 1416 1449 1477 1506 1509 1536 1537 1542 1575 1576 1582 1583 1597 1617 1700 1722 1726 1728 1750 1806 1825 1832 1840 1873 1889 1917 1928 1935 1959 1985 1993 2006
208,C C C ( = O ) N ( [C@H] 1 C C ( = O ) N ( C 1 = O ) C 2 = C C = C ( C = C 2 ) O C 3 = C C = C C = C 3 ) N C ( = O ) C C 4 = C C = C C = C 4,5 41 49 80 102 136 159 185 193 226 231 233 294 308 314 322 325 389 412 422 455 473 480 543 562 644 650 658 673 695 718 730 737 764 787 798 807 812 881 898 913 926 935 1019 1042 1057 1066 1082 1088 1097 1128 1152 1174 1176 1197 1199 1204 1238 1252 1304 1356 1361 1380 1424 1440 1507 1541 1617 1629 1669 1686 1687 1723 1732 1743 1750 1754 1755 1825 1836 1839 1873 1906 1917 1982 1991 2016
209,C [C@H] ( C ( = O ) N C 1 = C C = C ( C = C 1 ) C # N ) [NH+] 2 C C N ( C C 2 ) S ( = O ) ( = O ) C 3 = C C = C C = C 3 F,1 9 34 37 64 87 102 120 121 127 150 191 266 283 305 309 314 323 350 353 366 392 466 472 507 515 550 573 576 585 650 660 672 674 683 699 710 717 790 800 807 817 833 843 920 926 935 943 960 992 1020 1032 1057 1077 1088 1097 1136 1152 1173 1182 1199 1210 1281 1289 1335 1374 1380 1384 1425 1476 1480 1520 1521 1528 1576 1664 1680 1690 1729 1750 1816 1840 1873 1908 1917 1928 1948 1954 1965 1998 2038
210,C C ( C ( = O ) N C 1 = C C = C ( C = C 1 ) S ( = O ) ( = O ) N C 2 = C C ( = C ( C = C 2 ) Cl ) C ( F ) ( F ) F ) O C 3 = C C = C ( C = C 3 ) F,1 4 30 35 38 45 90 114 191 204 211 241 262 283 285 291 315 319 322 333 345 348 350 366 419 434 499 502 561 573 645 650 660 664 666 670 695 699 715 718 738 743 744 757 807 809 843 875 883 887 912 928 949 950 968 979 1033 1042 1057 1077 1121 1144 1147 1152 1169 1192 1197 1210 1227 1269 1270 1279 1380 1410 1430 1435 1453 1461 1476 1519 1520 1523 1528 1537 1664 1670 1683 1741 1750 1754 1756 1764 1772 1784 1810 1816 1873 1917 1928 1957 1987 2043
211,C C 1 = C C = C ( C = C 1 ) C 2 = N N C ( = C 2 ) C ( = O ) N ( C ) C C 3 = C N ( N = C 3 ) C,43 74 80 91 143 235 279 281 291 327 334 341 348 378 386 387 423 440 464 483 507 523 557 599 650 679 756 798 801 805 807 809 865 875 881 896 899 911 926 935 976 980 1057 1113 1114 1145 1160 1163 1169 1221 1252 1277 1288 1349 1355 1371 1380 1409 1476 1535 1538 1627 1677 1700 1722 1750 1754 1762 1823 1873 1888 1891 1917 1920 1955 1961 1967 1971 1979 1989 2004
212,C 1 = C C ( = C ( C = C 1 N C ( = O ) C O C ( = O ) / C = C / C 2 = C C = C ( O 2 ) Br ) Cl ) C # N,31 37 41 80 147 167 176 184 190 191 194 222 256 270 299 308 361 366 377 393 415 452 458 538 561 574 650 655 656 674 694 695 728 733 741 790 807 835 843 875 901 902 903 927 937 944 1056 1073 1136 1152 1229 1242 1270 1271 1380 1384 1446 1499 1530 1548 1581 1588 1604 1607 1631 1652 1659 1663 1669 1683 1740 1746 1750 1763 1794 1810 1813 1816 1833 1835 1843 1862 1867 1873 1917 1946 1954 1984 2004
213,C 1 = C C = C ( C = C 1 ) [C@@] ( C S ( = O ) ( = O ) C 2 = C C = C ( C = C 2 ) F ) ( C ( = O ) N C 3 = C C ( = C ( C = C 3 ) C # N ) C ( F ) ( F ) F ) N,18 80 90 92 114 173 184 191 194 245 247 249 262 270 283 319 337 350 361 389 390 419 420 464 506 531 593 603 650 674 675 699 715 721 790 800 807 809 817 835 843 875 927 942 995 1037 1064 1086 1088 1098 1131 1136 1152 1171 1174 1179 1199 1214 1231 1312 1322 1344 1380 1384 1409 1410 1414 1417 1431 1453 1456 1472 1476 1560 1647 1670 1679 1750 1764 1795 1816 1862 1873 1917 1920 1928 1955 1976 2001 2005 2007 2017 2031 2043
214,C 1 = C C ( = C C = C 1 C ( = O ) C 2 = C S C ( = N 2 ) N ) N,9 19 32 90 129 140 150 186 199 235 248 257 259 266 268 280 378 386 396 472 517 552 602 643 650 675 684 687 719 791 795 807 845 855 888 917 931 957 1008 1010 1094 1168 1171 1180 1208 1225 1252 1264 1310 1325 1369 1380 1385 1409 1423 1434 1457 1470 1513 1534 1567 1588 1614 1697 1736 1750 1755 1775 1779 1804 1820 1831 1835 1855 1873 1906 1917 1927 1931 2020 2021
215,C C C O C 1 = C C = C ( C = C 1 ) O C C ( = O ) N C 2 = C C ( = C C ( = C 2 ) C ( = O ) O C ) C ( = O ) O C,13 27 29 41 54 64 67 76 80 84 90 102 104 108 145 162 167 191 192 209 237 254 287 294 322 330 354 386 529 608 626 650 695 712 718 739 768 794 807 840 841 870 875 891 901 906 1022 1034 1041 1057 1108 1152 1166 1216 1223 1256 1274 1327 1353 1380 1385 1452 1509 1675 1686 1715 1750 1816 1873 1886 1887 1917 2004
216,C C C C C C C ( C C ( Cl ) Cl ) Cl,1 20 33 38 48 68 80 149 182 229 232 247 280 294 304 367 416 483 511 541 551 560 571 591 607 639 659 680 690 696 710 739 744 769 786 794 882 914 938 1037 1057 1143 1235 1283 1288 1302 1307 1355 1385 1415 1444 1468 1508 1549 1551 1552 1674 1683 1751 1755 1879 1911 1949 2001 2030
217,C C 1 = C C = C ( C = C 1 ) N 2 C ( = N N = C 2 S C C 3 = C C = C ( C = C 3 ) C ( = O ) N C 4 = C C = C C = C 4 ) C 5 = C C = C C = C 5,4 58 80 116 132 167 172 191 213 233 235 237 310 312 341 352 378 380 389 463 486 490 492 556 623 650 693 700 703 736 747 751 754 762 807 840 857 935 962 1029 1042 1050 1057 1077 1088 1139 1152 1160 1162 1163 1164 1185 1191 1199 1228 1283 1314 1335 1380 1385 1415 1449 1454 1459 1479 1487 1508 1509 1537 1579 1645 1665 1697 1722 1734 1737 1750 1754 1764 1774 1795 1816 1823 1824 1825 1873 1881 1917 1920 1929 1975 1978 1979 1993 2010 2019
218,C C C C ( C N 1 C C N ( C C 1 ) C 2 = C C ( = C C = C 2 ) O C ) N,1 74 80 100 106 112 144 167 213 230 294 314 322 345 407 492 494 496 527 548 562 581 606 687 695 739 744 781 786 794 814 828 841 875 886 902 926 935 981 1016 1019 1039 1048 1049 1057 1088 1127 1171 1277 1318 1323 1358 1372 1380 1381 1391 1404 1423 1452 1480 1489 1503 1508 1536 1581 1618 1640 1652 1750 1791 1797 1824 1825 1829 1832 1873 1905 1914 1922 1970 1972 2047
219,S ( c 1 n ( c 2 c ( n 1 ) c c n c 2 ) C c 1 c ( c c c c 1 ) C ) C c 1 c c c ( C ( = O ) N 2 C C C C C 2 ) c c 1,2 12 45 52 55 80 82 116 118 125 150 169 204 212 304 310 325 330 340 341 357 369 378 381 391 443 463 473 489 497 517 543 547 556 600 623 650 747 752 762 779 782 787 794 795 797 802 807 818 829 837 926 935 942 955 962 967 973 1024 1028 1057 1062 1088 1097 1113 1126 1130 1143 1146 1199 1208 1242 1283 1284 1320 1349 1378 1380 1385 1391 1420 1480 1494 1497 1501 1504 1511 1535 1536 1538 1540 1567 1586 1597 1603 1655 1657 1697 1701 1722 1750 1754 1765 1839 1855 1866 1873 1917 1965 1966 1976 1998 1999 2009 2015 2022 2037
220,C C S ( = O ) ( = O ) C C C 1 2 C C C ( C C 1 ) ( C C 2 ) C ( = O ) C,80 93 109 150 202 229 231 235 294 303 327 350 388 443 481 487 493 527 555 573 613 650 725 761 795 807 882 903 908 918 926 934 965 977 1017 1031 1034 1049 1057 1060 1145 1162 1193 1236 1241 1260 1261 1289 1358 1369 1374 1382 1433 1476 1484 1577 1592 1598 1601 1603 1664 1716 1850 1917 1933
221,C O C 1 = C ( C = C ( C = C 1 ) C C C N C ( = O ) C N ( C 2 = C C = C C = C 2 ) S ( = O ) ( = O ) C 3 = C C = C ( C = C 3 ) F ) O C,41 66 80 83 90 94 99 104 134 140 197 249 288 310 314 319 349 350 363 366 382 389 446 473 478 544 552 562 581 597 650 667 695 699 715 716 731 752 755 764 797 807 815 841 844 863 875 881 943 978 986 1015 1027 1051 1057 1088 1096 1110 1152 1155 1174 1190 1199 1243 1245 1269 1277 1289 1361 1380 1410 1422 1464 1476 1513 1536 1537 1568 1603 1670 1676 1684 1737 1750 1754 1762 1783 1873 1876 1884 1911 1917 1928 1946 1970 1999
222,C C 1 = N C ( = C S 1 ) C N ( C ) C C 2 = C C = C ( C ( = O ) N 2 ) C ( = O ) N C C 3 = C C 4 = C ( C = C 3 ) N ( C C C 4 ) C,27 67 70 80 89 93 124 128 131 196 197 255 259 310 314 317 340 360 378 391 416 453 486 507 508 510 514 515 552 556 578 604 608 650 655 665 675 685 694 724 750 801 807 813 817 823 845 875 881 892 901 918 926 935 947 975 1028 1042 1057 1069 1077 1087 1114 1118 1138 1145 1148 1152 1156 1163 1172 1197 1206 1236 1277 1295 1317 1380 1384 1447 1480 1496 1567 1573 1580 1587 1678 1682 1693 1722 1738 1745 1750 1754 1779 1841 1855 1869 1872 1873 1883 1915 1917 1922 1928 1960 1972 1973 1977 1991 2015 2023 2026
223,C C C C O C C P 1 O C C 2 ( C O 1 ) C O P ( O C 2 ) C C O C C C C,7 13 80 184 248 294 298 442 532 540 542 591 656 675 691 695 707 718 776 794 800 872 926 931 955 986 1041 1057 1060 1061 1126 1166 1181 1200 1224 1242 1270 1309 1320 1325 1356 1405 1410 1434 1437 1468 1476 1554 1556 1599 1704 1720 1745 1749 1804 1818 1911 1925 1992 2008 2033 2047
224,C C ( C ) ( C ( = O ) N C ) N C C ( C O C 1 = C C = C C = C 1 O C ) O,1 15 37 47 54 74 80 89 114 118 138 140 156 198 209 213 224 227 248 249 261 272 337 340 345 392 400 411 430 478 509 520 606 619 650 656 658 686 695 724 740 807 834 841 851 865 902 925 944 1057 1060 1081 1088 1129 1152 1175 1193 1199 1213 1344 1353 1380 1410 1430 1452 1479 1491 1506 1511 1536 1565 1607 1650 1742 1750 1763 1782 1846 1863 1873 1914 1917 1919 1970 1984 2031 2038 2039
225,C 1 C N ( C C N 1 C ( = O ) C C C 2 = C C = C C = C 2 ) S ( = O ) ( = O ) C 3 = C ( C ( = C C = C 3 ) Cl ) Cl,25 80 131 142 193 268 314 328 350 355 365 366 372 389 392 434 438 543 561 585 629 650 689 753 760 800 807 808 842 873 899 926 935 957 974 992 996 1008 1009 1011 1025 1039 1045 1062 1066 1088 1090 1101 1109 1172 1179 1199 1237 1243 1269 1272 1273 1291 1337 1353 1380 1416 1473 1476 1480 1499 1525 1564 1589 1657 1683 1695 1709 1717 1738 1750 1754 1757 1811 1812 1845 1873 1895 1917 2009 2032 2033 2043
226,C = C C N ( C C ( = O ) N ( C C 1 = C C = C ( C = C 1 ) F ) C C 2 = C C = C S 2 ) C ( = O ) C O C 3 = C C = C ( C = C 3 ) Cl,14 25 80 90 102 110 117 151 160 179 196 216 239 241 283 288 310 313 322 368 383 437 506 507 545 561 576 587 594 614 641 649 650 656 675 679 683 694 695 698 699 718 735 807 813 816 872 881 930 940 956 974 976 977 978 982 1032 1070 1088 1135 1143 1147 1157 1190 1221 1223 1238 1256 1271 1313 1329 1366 1380 1392 1410 1452 1486 1509 1534 1557 1567 1621 1645 1662 1670 1683 1730 1750 1754 1786 1800 1814 1843 1873 1887 1889 1891 1917 1923 1928 1936 1967 1973 2004 2017 2018 2044
227,C 1 C N ( C C ( = O ) N 1 ) C C 2 = C C ( = C 3 N 2 N = C N = C 3 N ) C 4 = C C = C ( C = C 4 ) N C ( = O ) N C 5 = C ( C = C C ( = C 5 ) C ( F ) ( F ) F ) F,43 52 56 71 76 80 88 114 158 187 191 210 216 222 223 229 249 253 277 305 314 352 377 378 405 412 439 452 489 497 522 542 568 573 598 602 630 650 658 695 699 710 734 752 766 807 809 843 852 875 895 896 909 926 935 937 945 946 948 955 1005 1014 1036 1077 1092 1114 1140 1152 1156 1160 1171 1211 1222 1224 1238 1252 1260 1296 1308 1380 1400 1415 1417 1440 1444 1449 1452 1453 1457 1459 1480 1491 1512 1522 1554 1562 1572 1575 1576 1582 1606 1617 1641 1643 1665 1750 1765 1770 1791 1796 1816 1840 1846 1866 1873 1917 1928 1945 1946 1974 1989 1990
228,C C ( C ) ( C 1 = C C = C C = C 1 ) C 2 = C C = C ( C = C 2 ) C N ( C C 3 = C C = C ( C = C 3 ) C ( C ) ( C ) C 4 = C C = C C = C 4 ) O,8 45 80 94 100 114 249 250 310 334 353 360 389 392 393 412 465 507 570 627 679 706 795 807 829 842 855 881 960 1006 1038 1042 1050 1057 1076 1088 1117 1119 1139 1147 1157 1199 1205 1211 1219 1291 1306 1327 1355 1380 1417 1462 1525 1555 1617 1665 1673 1750 1754 1778 1825 1841 1873 1913 2017 2043
229,C C C ( C ) N ( C C ) C ( = O ) N C ( = O ) / C = C / C ( = O ) O,1 31 51 71 77 80 97 112 125 171 193 227 247 277 283 294 389 462 524 525 580 592 620 650 660 694 717 749 760 807 850 881 908 932 948 973 976 1011 1057 1085 1093 1119 1132 1152 1181 1189 1216 1233 1242 1292 1300 1318 1386 1410 1451 1532 1542 1544 1561 1579 1614 1641 1665 1694 1728 1839 1841 1861 1917 1946 1967 2016
230,N C 1 C C 1 c 1 c c c ( N C ( = O ) C ( C c 2 c [nH] c 3 c c c c c 2 3 ) N C ( = O ) C O c 2 c c c c c 2 ) c c 1,1 33 41 79 80 102 117 119 164 191 192 209 232 322 328 364 389 416 418 437 455 468 539 562 573 605 619 648 650 688 695 701 736 746 763 806 807 822 843 850 871 875 885 926 934 940 943 947 957 1019 1077 1088 1114 1152 1165 1170 1171 1196 1199 1228 1250 1279 1292 1296 1330 1349 1357 1380 1407 1420 1452 1498 1546 1573 1607 1616 1649 1664 1750 1756 1757 1783 1803 1816 1832 1873 1879 1887 1908 1917 1937 1953 1970 1995 1996 2004 2025
231,C = C C / C = C ( / C Cl ) \ Cl,50 80 100 141 142 193 285 310 318 442 479 531 568 600 667 694 700 727 741 745 807 831 838 940 948 959 1008 1100 1105 1109 1189 1217 1276 1292 1366 1372 1382 1439 1645 1651 1683 1721 1758 1777 1837 1873 1880 1909
232,C C N ( C C ) S ( = O ) ( = O ) C 1 = C C = C ( C = C 1 ) C N C ( = O ) C N 2 C C C [C@H] 2 C 3 = C C 4 = C ( C = C 3 ) O C C O 4,5 23 41 64 80 89 160 175 197 229 231 255 264 282 294 310 319 333 350 416 434 441 446 459 492 527 552 567 583 602 608 622 625 638 650 656 672 715 724 738 748 771 782 805 807 815 843 875 881 888 889 916 926 932 935 950 1002 1008 1019 1028 1035 1057 1064 1087 1103 1152 1217 1226 1279 1312 1325 1328 1335 1380 1476 1480 1522 1529 1573 1630 1647 1697 1707 1714 1750 1754 1772 1775 1780 1803 1809 1860 1869 1873 1905 1917 1946 1962 1967 1996 2002 2022
233,C 1 = C C ( = C ( C = C 1 N ) S ( = O ) ( = O ) N C 2 = N C = C ( C = C 2 ) Br ) Cl,15 108 140 154 164 215 233 274 350 366 377 378 387 392 410 435 468 485 494 502 549 561 572 643 647 650 651 666 728 805 871 875 888 909 916 967 1003 1060 1071 1099 1152 1157 1168 1171 1185 1220 1261 1270 1271 1300 1321 1380 1452 1457 1476 1527 1535 1536 1631 1649 1651 1675 1683 1750 1756 1783 1841 1873 1921 2001 2019 2023 2041
234,C 1 = C ( C = C ( C = C 1 F ) Br ) C ( = O ) N C C ( = O ) O,8 73 78 80 197 265 279 293 294 322 339 389 390 486 563 593 650 677 697 699 714 724 728 767 807 875 909 921 1007 1068 1130 1152 1175 1185 1193 1232 1293 1319 1380 1385 1395 1414 1440 1456 1478 1487 1531 1546 1548 1563 1598 1631 1669 1670 1682 1690 1711 1727 1735 1737 1781 1793 1873 1882 1887 1894 1917 1928 1932 1936 2001 2009 2022
235,C C C ( C 1 = C C = C C = C 1 ) N C 2 = C ( C ( = O ) N N C 2 = O ) N C 3 = C C = C C ( = C 3 O ) C ( = O ) N ( C ) C,1 9 80 132 180 202 291 294 314 320 381 389 396 432 436 478 491 523 558 650 658 690 698 701 710 718 720 749 750 807 857 876 881 890 905 918 1009 1013 1039 1042 1057 1061 1088 1114 1152 1158 1163 1199 1221 1224 1283 1290 1358 1363 1365 1380 1447 1465 1493 1512 1544 1557 1581 1602 1611 1643 1653 1679 1696 1750 1821 1873 1916 1917 1930 1942 1991 1996 2019
236,C C ( C ) [C@@] 1 ( C C [C@H] ( C 1 ) N 2 C C C ( C C 2 ) C 3 = C C ( = O ) N O 3 ) C ( = O ) N 4 C C 5 = C ( C = C C ( = C 5 ) C ( F ) ( F ) F ) O C 4,1 12 63 81 114 129 137 142 150 169 197 220 283 304 314 337 376 380 382 400 401 420 441 453 481 482 526 552 558 593 615 622 650 654 656 679 694 698 699 725 773 798 802 807 809 842 851 854 872 875 887 912 926 935 969 978 1001 1019 1035 1052 1057 1060 1114 1130 1152 1162 1236 1260 1294 1307 1325 1329 1334 1339 1343 1380 1388 1407 1417 1440 1453 1480 1483 1522 1550 1622 1648 1664 1665 1682 1686 1725 1750 1764 1776 1784 1787 1814 1854 1872 1873 1905 1910 1917 1928 1946 1969 1998 2000 2009 2046
237,C C C N ( C C ( = O ) N C C ( = O ) N C 1 = C C = C C = C 1 ) C ( = O ) C 2 = C C = C ( C = C 2 ) C 3 = C C = C C = C 3,41 45 80 191 197 207 215 236 247 294 303 354 366 389 463 497 502 560 587 650 689 694 698 702 703 721 736 738 794 803 807 828 844 881 896 897 901 978 981 990 1001 1057 1077 1088 1101 1107 1115 1134 1152 1160 1190 1199 1221 1284 1290 1308 1328 1380 1385 1440 1507 1521 1537 1635 1663 1697 1715 1750 1761 1816 1873 1903 1917 1934 1951 1964 1999
238,C C ( C C C C ( C ) N = C = S ) N = C = S,1 25 58 80 86 97 112 117 134 146 154 164 169 281 283 324 373 422 429 487 489 501 528 530 539 674 684 725 739 749 828 901 904 910 932 994 1048 1054 1057 1120 1222 1232 1248 1259 1275 1320 1370 1449 1453 1573 1607 1632 1666 1731 1732 1795 1844 1911 1938 1955 1975 2002 2038
239,C C 1 ( N = C ( N = C ( N 1 C 2 = C C = C ( C = C 2 ) O C C 3 = C C ( = C C = C 3 ) C 4 = C C = C C = C 4 ) N ) N ) C,80 102 106 107 113 175 210 217 233 277 322 342 378 389 390 404 420 430 459 545 654 695 704 718 736 743 745 759 784 785 815 831 863 875 880 927 935 943 1019 1036 1039 1054 1057 1060 1062 1066 1081 1088 1095 1107 1160 1171 1182 1199 1274 1293 1307 1320 1332 1334 1380 1414 1450 1452 1457 1545 1656 1750 1754 1825 1843 1871 1873 1874 1885 1892 1921 1940 1964 2001 2026
240,C = C C N C ( = O ) C 1 = C C ( = C ( C = C 1 ) Cl ) S ( = O ) ( = O ) N C C 2 = C C = C C = C 2,23 27 29 32 42 80 85 154 197 255 258 265 301 305 329 350 360 366 386 389 392 430 482 485 486 502 526 529 561 589 609 638 650 666 694 698 707 715 726 765 807 814 875 940 982 1019 1022 1036 1066 1077 1080 1088 1101 1137 1146 1152 1158 1159 1199 1201 1291 1300 1366 1380 1385 1476 1493 1551 1555 1626 1645 1683 1697 1725 1750 1754 1766 1873 1907 1917 1919 1928 1938 1941 1951 1964 2037
241,C 1 C N 2 C C C 1 [C@H] ( C 2 ) N C 3 = N C = C ( C = C 3 ) C 4 = C C = N C 5 = C ( C ( = N N 4 5 ) C 6 = C C = N C = C 6 ) C 7 = C C ( = C C = C 7 ) O,54 65 66 79 103 112 141 143 148 180 190 191 280 323 378 381 383 384 412 469 471 491 515 523 524 531 552 585 660 693 701 715 729 736 739 745 775 787 807 875 896 899 926 935 967 1019 1025 1032 1039 1052 1060 1061 1063 1066 1069 1088 1099 1127 1152 1153 1160 1164 1190 1200 1208 1297 1298 1306 1325 1380 1401 1403 1452 1457 1473 1480 1487 1520 1533 1535 1546 1557 1572 1573 1587 1589 1602 1603 1607 1661 1692 1695 1696 1698 1747 1750 1799 1823 1852 1866 1873 1894 1917 1952 1956 2006 2011 2021
242,C 1 C N C ( = O ) N ( C 1 = O ) C 2 = C C = C ( C = C 2 ) [N+] ( = O ) [O-],0 18 50 112 184 186 233 265 268 305 314 407 425 478 506 556 557 612 627 650 715 736 753 769 798 805 838 864 877 879 880 926 935 968 994 1008 1066 1075 1087 1114 1119 1150 1176 1195 1211 1231 1238 1274 1293 1312 1380 1432 1445 1448 1464 1470 1494 1523 1554 1560 1568 1639 1659 1684 1686 1688 1738 1749 1750 1767 1782 1809 1814 1825 1842 1866 1873 1874 1916 1922 1963 1985
243,C [C@H] ( C ( = O ) N C 1 = C C ( = C C = C 1 ) S ( = O ) ( = O ) N ( C ) C ) [NH+] 2 C C C [C@@H] 2 C 3 = C C = C N 3 C,1 95 112 122 136 157 171 184 191 243 283 319 350 377 395 402 461 504 510 531 550 573 575 576 581 650 668 686 693 703 732 763 785 807 815 829 875 881 894 895 926 935 1019 1028 1039 1056 1057 1088 1101 1118 1133 1139 1145 1152 1163 1178 1182 1211 1217 1235 1276 1325 1352 1355 1368 1380 1409 1415 1476 1478 1531 1554 1606 1663 1664 1684 1690 1693 1729 1737 1741 1750 1816 1860 1873 1917 1955 2002 2006
244,O [C@H] ( [C@H] 1 [C@H] ( C 1 ) C ( = O ) N C C C C ) [C@@H] ( N C ( = O ) [C@@H] ( N C ( = O ) O C ( C ) ( C ) C ) C c 1 c c c c c 1 ) C O,1 37 79 80 81 114 117 197 209 221 222 227 231 246 264 280 294 297 369 389 392 482 532 551 573 578 591 631 650 657 666 667 675 689 695 736 737 752 761 794 807 849 851 857 895 900 926 1019 1040 1057 1066 1088 1110 1126 1149 1152 1189 1199 1226 1232 1292 1321 1331 1342 1352 1366 1380 1391 1399 1458 1476 1536 1555 1563 1574 1598 1616 1620 1645 1669 1750 1754 1758 1800 1820 1831 1859 1873 1876 1911 1914 1917 1922 1933 1964 1965 1967 1977 2006
245,C C O C ( = O ) C N C ( = O ) N C 1 = C C = C C ( = C 1 ) [C@@H] 2 O [C@@H] ( C [C@@H] ( O 2 ) C 3 = C C = C ( C = C 3 ) C O ) C N ( C ) [C@H] ( C ) [C@H] ( C 4 = C C = C C = C 4 ) O,1 13 20 44 58 70 80 114 147 162 184 191 197 220 222 227 245 263 268 283 294 310 312 322 389 439 490 497 508 569 578 583 600 650 656 668 695 703 762 769 776 784 802 807 834 837 848 875 881 886 891 903 914 926 942 1014 1019 1027 1038 1039 1057 1073 1083 1088 1152 1163 1179 1199 1224 1238 1279 1292 1338 1353 1365 1376 1380 1385 1386 1391 1440 1455 1527 1534 1555 1581 1586 1615 1663 1722 1750 1752 1754 1803 1816 1860 1873 1917 1921 1927 1966 1989 1990 2033 2035
246,C C C C C O C 1 = N C = C ( N = C 1 ) C 2 = C C = C ( C = C 2 ) F,13 80 90 131 148 229 266 293 294 311 327 332 378 591 604 638 643 695 699 711 728 738 757 773 794 823 843 847 862 883 889 896 911 917 980 1040 1057 1067 1072 1144 1145 1160 1249 1274 1293 1295 1298 1332 1380 1389 1410 1414 1430 1444 1452 1478 1490 1520 1535 1560 1570 1597 1670 1730 1750 1815 1865 1873 1875 1911 1928 1932 1933 1971 2002
247,C C C C N ( C ) C ( = O ) C 1 C C C ( C C 1 ) C N 2 C ( = O ) C 3 = C ( C = C S 3 ) N ( C 2 = O ) C C 4 = C C = C C = C 4 F,14 17 21 29 45 80 107 122 131 175 214 259 294 314 334 335 348 355 360 378 415 461 482 500 504 549 554 591 650 675 699 734 753 771 794 802 807 818 822 874 881 898 904 908 919 926 935 969 974 982 1019 1032 1049 1057 1068 1083 1088 1139 1163 1170 1183 1199 1251 1262 1280 1293 1305 1317 1323 1325 1334 1348 1349 1376 1380 1396 1412 1430 1432 1451 1474 1478 1487 1504 1546 1556 1567 1583 1597 1652 1671 1679 1750 1765 1775 1780 1798 1802 1840 1873 1875 1898 1911 1917 1928 1933 1951 1953 1955 1968
248,C 1 = C C = C ( C = C 1 ) C C ( = O ) N C 2 = N C 3 = C C = C C = C 3 N 2,41 80 119 262 281 289 325 343 361 378 381 389 412 446 512 535 541 569 570 650 676 693 730 790 807 813 849 906 913 930 982 986 988 1008 1030 1034 1066 1073 1088 1097 1105 1108 1114 1152 1194 1199 1219 1380 1388 1612 1663 1712 1745 1750 1752 1754 1756 1773 1779 1783 1811 1812 1816 1854 1855 1862 1873 1884 1917 1935 1977 1998 2015 2035
249,C 1 = C ( C ( = O ) N S 1 ) C # N,73 84 174 190 206 314 323 361 412 481 552 581 593 632 650 674 675 686 727 750 790 892 967 1041 1072 1082 1114 1136 1140 1222 1235 1236 1280 1295 1379 1380 1384 1400 1438 1468 1483 1494 1505 1511 1812 1824 1862 1873 1897 1902 1906 1948 1979 1984 1988 2014 2032
250,C C N 1 C 2 = N C = N C ( = C 2 N = N 1 ) N C 3 C C C C 3,12 34 71 80 85 158 176 199 209 221 247 261 294 378 398 415 428 448 489 496 512 563 567 572 576 587 594 607 638 660 708 795 851 881 887 890 919 926 935 967 1014 1019 1028 1032 1035 1045 1057 1059 1109 1143 1152 1164 1192 1280 1282 1309 1317 1319 1325 1344 1367 1380 1384 1396 1430 1452 1455 1469 1486 1514 1533 1556 1581 1589 1619 1634 1696 1724 1745 1783 1810 1871 1873 1890 2014
251,C C 1 = C C ( = C ( C = C 1 ) O C C ( = O ) N C 2 = C ( C = C C ( = C 2 ) Cl ) C ( = O ) [O-] ) C,20 38 41 67 80 88 94 99 102 149 165 167 192 204 216 235 245 328 394 440 482 540 561 650 695 715 790 807 816 860 861 875 879 935 993 1013 1041 1057 1059 1068 1071 1097 1121 1129 1152 1187 1191 1196 1203 1215 1224 1226 1244 1278 1312 1347 1380 1391 1442 1452 1479 1521 1566 1568 1578 1637 1665 1680 1683 1690 1722 1724 1735 1742 1745 1750 1798 1816 1819 1823 1840 1873 1917 1920 1948 1955 1970 1991 2004 2012 2045 2046
252,C 1 = C C = C 2 C = C 3 C 4 C 5 C ( C ( C 3 = C C 2 = C 1 ) C 6 = C C = C C = C 4 6 ) C 7 = C C = C C = C 7 C 5 = O,1 12 27 44 53 76 81 106 168 223 242 266 276 281 314 322 330 352 357 369 371 560 562 569 645 650 792 839 848 851 853 857 875 950 964 975 977 984 1016 1019 1027 1065 1087 1088 1110 1137 1175 1199 1240 1282 1363 1370 1372 1380 1424 1449 1453 1457 1471 1533 1625 1652 1661 1731 1750 1755 1770 1781 1828 1855 1873 1878 1964 2000 2011
253,C C N ( C C O ) C ( = O ) C 1 = C C = C ( O 1 ) I,28 40 48 80 97 128 184 222 243 245 252 285 294 296 310 321 425 463 473 528 586 637 650 656 661 665 704 773 797 807 827 848 881 889 890 894 921 922 932 947 978 1002 1007 1008 1048 1057 1132 1144 1221 1358 1380 1400 1422 1433 1489 1516 1543 1572 1604 1641 1701 1750 1754 1805 1831 1873 1917 1936 1951 1961 1986 1999 2036
254,C N ( C 1 = C C = C C = C 1 O C ) C 2 = C C 3 ( C ( C ( = O ) N 3 C 4 = C C = C C = C 4 N 2 C ( = O ) C O C ) O C ) C 5 = C C = C C = C 5,5 12 80 90 110 158 182 243 249 289 299 304 308 314 320 347 386 389 417 418 459 461 466 468 476 482 484 542 556 644 650 695 737 772 776 785 807 841 845 854 856 881 934 935 937 959 1002 1005 1009 1019 1036 1037 1057 1060 1088 1103 1141 1163 1185 1199 1260 1293 1295 1362 1380 1387 1410 1467 1519 1536 1583 1592 1647 1710 1719 1720 1750 1764 1776 1784 1799 1803 1844 1873 1884 1892 1917 1923 1937 1938 1946 1970 1982 1986 2004 2018 2026 2028 2033
255,C [C@H] 1 [C@H] 2 C = C C ( = O ) N 2 C 3 = C ( [C@@H] 1 C C 4 = C C = C C = C 4 ) C = C ( C = C 3 ) O C,45 80 126 142 152 203 229 233 314 322 329 337 344 389 399 427 458 488 507 513 547 560 565 588 605 609 617 619 638 650 665 695 718 781 841 875 935 936 961 962 985 1019 1027 1057 1066 1074 1083 1088 1094 1167 1199 1212 1243 1258 1295 1309 1343 1380 1399 1456 1482 1507 1527 1536 1637 1734 1735 1750 1754 1873 1883 1885 1892 1897 1915 1922 1942 1972 1992 2000 2025 2034
256,C = N / C ( = C ( / C 1 = C C = C C = C 1 ) \ N = O ) / C 2 = C C = C C = C 2,75 98 180 213 232 235 389 439 462 514 558 563 588 628 650 725 752 807 836 838 870 893 896 927 979 1027 1067 1088 1141 1143 1157 1199 1210 1301 1307 1335 1366 1380 1385 1454 1465 1533 1612 1671 1686 1703 1718 1744 1748 1750 1767 1873 1874 1928 1973 1985 1996 2036
257,C C 1 = C C ( = C C = C 1 ) C ( = O ) N C 2 C C C C 2,66 161 171 172 215 298 322 338 387 404 428 486 504 521 526 584 612 629 650 667 722 807 837 875 890 918 926 1013 1019 1020 1028 1036 1039 1055 1057 1077 1085 1088 1106 1123 1152 1158 1175 1200 1249 1281 1325 1369 1380 1385 1421 1450 1454 1473 1485 1518 1634 1645 1655 1662 1670 1717 1722 1750 1804 1823 1873 1917 1922 1985 2013 2047
258,C 1 C C ( N C 1 ) C O C 2 = C ( C = C C ( = C 2 ) N C ( = O ) C 3 = C ( N = C C = C 3 ) N C C 4 = C C = N C = C 4 ) C ( F ) ( F ) F,9 80 114 157 184 191 226 242 245 255 262 274 305 322 335 345 378 383 395 402 419 440 448 481 486 493 495 568 575 598 620 623 632 638 650 695 708 742 758 761 785 807 809 819 843 847 870 875 893 896 926 932 933 967 985 992 1019 1028 1043 1061 1063 1080 1088 1114 1136 1146 1152 1154 1208 1264 1274 1303 1325 1331 1350 1361 1380 1416 1447 1452 1453 1495 1503 1507 1526 1603 1676 1733 1750 1754 1792 1812 1816 1837 1866 1867 1869 1873 1880 1912 1917 1928 1934 1969 1970 1972 1978 1991 2004 2008
259,C C ( C ) O C ( = O ) C 1 C C C ( = O ) N 1,1 21 22 69 112 113 132 146 168 187 219 283 294 301 314 362 420 497 534 579 585 606 650 695 779 803 807 843 881 891 913 926 1019 1021 1057 1083 1109 1114 1152 1181 1255 1318 1325 1351 1357 1360 1380 1381 1386 1467 1575 1685 1721 1738 1749 1819 1826 1865 1906 1917 1978
260,C C C ( = O ) N ( C 1 C C ( N ( C 2 = C C = C C = C 1 2 ) C ( = O ) C 3 = C C = C O 3 ) C ) C 4 = C C = C C = C 4,64 80 96 103 154 159 288 294 310 346 371 380 389 397 424 450 474 482 500 516 520 548 569 621 650 656 666 719 732 734 774 783 787 807 829 844 881 882 898 926 935 952 1019 1027 1044 1048 1051 1057 1066 1088 1096 1115 1126 1138 1152 1199 1228 1233 1238 1243 1292 1294 1295 1309 1380 1391 1422 1424 1428 1463 1499 1504 1509 1536 1538 1591 1629 1631 1647 1651 1661 1696 1750 1754 1811 1828 1873 1899 1907 1917 1926 1950 1981 1997
261,C 1 C S C C C 1 N C C N ( C C C ( C 2 = C C = C C = C 2 ) C 3 = C C = C C = C 3 ) C ( = O ) N C 4 = N C 5 = C C = C C = C 5 S 4,1 24 27 42 75 80 104 108 126 142 162 193 262 268 289 317 339 353 378 385 389 397 407 441 461 473 475 517 557 561 650 653 667 675 716 719 733 739 765 789 806 807 881 885 890 892 897 926 933 968 978 980 984 988 1019 1021 1034 1038 1067 1088 1097 1113 1147 1152 1158 1180 1199 1210 1222 1249 1293 1298 1325 1342 1365 1380 1423 1458 1495 1523 1569 1581 1634 1675 1697 1701 1730 1750 1809 1816 1826 1855 1860 1873 1879 1894 1917 1951 1989 1997 2034 2047
262,C [C@@H] 1 C N ( C [C@H] ( O 1 ) C ) C 2 = C ( N = C ( O 2 ) C 3 = C C = C ( C = C 3 ) C ) S ( = O ) ( = O ) C 4 = C C = C ( C = C 4 ) F,73 78 90 102 117 155 203 206 235 260 311 317 319 350 356 373 378 407 411 423 426 553 621 650 656 689 690 699 715 720 739 761 764 779 810 896 912 914 918 926 935 972 985 994 1015 1019 1047 1055 1057 1151 1159 1160 1267 1309 1320 1334 1380 1410 1432 1435 1442 1476 1537 1542 1545 1571 1587 1598 1604 1670 1704 1716 1722 1742 1750 1781 1823 1855 1873 1920 1921 1923 1928 1929 1998
263,C 1 = C C = C ( C = C 1 ) C ( C C C Cl ) ( C # N ) F,34 54 80 114 331 389 391 537 586 616 674 710 774 785 790 842 908 913 983 1000 1088 1094 1109 1116 1174 1188 1199 1205 1305 1308 1342 1345 1366 1380 1384 1392 1417 1420 1452 1453 1455 1456 1514 1518 1557 1592 1594 1623 1645 1683 1687 1706 1739 1750 1873 1890 1911 1928 1953 1959 1969 2017
264,C 1 = C C ( = C C = C 1 C ( = O ) [O-] ) S ( = O ) ( = O ) N C C C C ( = O ) [O-],20 80 96 125 136 151 234 235 266 281 317 319 350 360 374 376 443 496 500 502 560 593 603 620 650 667 689 715 732 735 779 785 807 871 883 913 944 950 997 1014 1077 1105 1125 1128 1130 1152 1176 1179 1226 1230 1276 1330 1380 1385 1468 1476 1505 1521 1564 1568 1626 1697 1735 1750 1797 1838 1872 1873 1886 1888 1911 1917 1936 2000 2012
265,C S C 1 = C ( C = C ( C = C 1 ) C ( = O ) O C C 2 = C S C ( = N 2 ) C 3 = C C = C C = C 3 ) [N+] ( = O ) [O-],31 49 80 100 109 116 145 147 163 164 176 280 311 322 354 378 389 394 469 518 552 622 641 650 675 682 695 715 716 724 735 736 745 749 753 807 828 838 875 926 960 1021 1025 1033 1057 1088 1098 1111 1131 1160 1195 1199 1276 1331 1347 1378 1380 1385 1419 1423 1485 1522 1567 1578 1584 1599 1652 1682 1697 1701 1723 1736 1750 1754 1758 1778 1815 1824 1855 1873 1876 1911 1912 1915 1917 1934 1963
266,C C 1 = C C = C ( C = C 1 ) [C@@] 2 ( N = C ( O C 3 = C C ( = C ( C = C 3 O 2 ) Cl ) Cl ) N C 4 = C C = C C = C 4 ) C ( F ) ( F ) F,44 59 98 114 148 189 191 218 235 252 338 366 378 389 407 462 484 491 498 537 542 556 561 640 654 656 702 703 731 745 789 875 880 910 958 992 1047 1057 1060 1068 1088 1152 1156 1199 1226 1247 1257 1268 1282 1288 1360 1377 1380 1384 1422 1453 1456 1486 1511 1524 1554 1590 1681 1683 1722 1747 1750 1789 1810 1823 1827 1845 1871 1873 1905 1912 1920 1928 1947 1968
267,C / C ( = C \ C C = C ) / O C 1 C C C C C 1,2 39 80 104 113 119 120 145 163 172 190 215 248 290 292 316 376 378 407 467 479 507 517 543 565 586 600 648 658 676 694 695 705 707 718 807 814 860 890 926 929 940 1017 1019 1028 1036 1038 1057 1088 1115 1126 1138 1147 1198 1265 1272 1285 1317 1325 1363 1366 1391 1402 1410 1427 1509 1518 1550 1645 1717 1721 1864 1873 1893 1950 1953 1982 1999
268,C [C@@H] ( C ( = O ) N C 1 = C C = N C = C 1 ) O C 2 = C C = C ( C = C 2 ) O C,1 25 33 35 37 167 191 199 283 322 378 383 430 433 460 497 573 650 664 682 695 718 738 781 791 807 831 835 841 935 954 968 1044 1057 1076 1077 1123 1125 1133 1144 1146 1152 1169 1184 1208 1269 1272 1380 1435 1443 1507 1515 1536 1603 1607 1664 1750 1785 1816 1821 1866 1873 1917 1941 1964 1998
269,C C ( C ( = O ) N C C 1 = C N = C ( C = C 1 ) N ( C ) C ) O C C 2 = C C ( = C C = C 2 ) O C,1 71 80 101 113 138 193 197 209 229 255 283 286 292 310 316 322 378 391 401 402 445 489 559 562 566 573 608 650 695 724 745 778 781 794 807 840 841 875 881 882 885 900 932 991 994 1030 1039 1057 1066 1088 1103 1152 1163 1171 1236 1252 1269 1289 1328 1331 1355 1358 1380 1452 1518 1525 1535 1536 1573 1583 1596 1617 1667 1698 1700 1730 1741 1750 1754 1758 1764 1805 1815 1823 1830 1873 1917 1918 1964 1972 2030 2036
270,C 1 C C 1 C ( C N ) O / N = C ( / C 2 = C S C ( = N 2 ) N ) \ C ( = O ) N C 3 C 4 N ( C 3 = O ) C ( = C ( C S 4 ) C S C 5 = N N = C S 5 ) C ( = O ) O,1 5 13 66 80 89 116 121 150 228 232 233 235 256 269 281 288 314 329 341 360 362 371 378 386 387 389 416 429 431 440 456 466 470 494 523 539 552 555 650 653 675 695 698 699 725 731 740 753 762 792 807 855 859 870 872 882 894 911 926 935 936 963 981 998 999 1019 1041 1063 1071 1074 1097 1117 1152 1164 1171 1200 1201 1210 1252 1264 1279 1325 1351 1380 1415 1418 1423 1441 1450 1457 1508 1547 1567 1584 1654 1678 1697 1698 1712 1727 1743 1753 1811 1844 1851 1855 1873 1886 1903 1909 1915 1917 1922 1938 1950 1978 1990 2021
271,C / C ( = N \ N C ( = O ) C N C 1 = C C = C ( C = C 1 ) O C ) / C 2 = C C 3 = C ( C = C 2 ) O C O 3,29 41 62 80 178 191 258 284 318 322 354 371 391 431 441 450 464 482 605 650 652 656 658 689 695 699 700 704 718 725 738 765 781 807 824 831 834 841 843 844 847 874 875 922 926 940 954 997 1017 1035 1057 1115 1136 1152 1182 1247 1267 1275 1295 1349 1373 1380 1385 1397 1406 1411 1416 1440 1443 1493 1505 1525 1536 1576 1647 1687 1697 1747 1750 1755 1759 1800 1863 1873 1886 1905 1917 1921 1966
272,C C 1 = C C = C C = C 1 C 2 = N N = C ( O 2 ) S [C@H] ( C ) C ( = O ) N C 3 = C C 4 = C C = C C = C 4 C = C 3,1 43 84 112 116 138 157 170 184 191 192 196 201 203 217 224 254 283 317 322 331 352 378 518 553 573 581 598 650 656 660 678 696 739 780 792 807 843 875 891 984 1047 1057 1087 1088 1139 1152 1158 1162 1164 1173 1195 1199 1262 1290 1346 1360 1380 1383 1384 1391 1411 1446 1468 1504 1507 1530 1595 1604 1636 1664 1665 1672 1674 1720 1722 1745 1750 1770 1808 1816 1832 1855 1873 1884 1917 1920 1992 1999 2001
273,C C ( C ) C N C 1 = N C ( = N C ( = N 1 ) Cl ) N C C ( C ) C,1 2 10 36 47 69 78 80 97 129 167 283 378 427 531 552 561 568 606 623 655 691 710 717 753 763 798 822 872 900 930 948 1014 1057 1151 1152 1162 1164 1184 1238 1240 1251 1254 1255 1269 1337 1380 1383 1416 1447 1454 1462 1553 1570 1582 1611 1657 1683 1847 1855 1861 1878 1881 1888 1928 1943 1961 1974
274,O 1 C 2 = C ( C ( C ( = C 1 N ) C # N ) C ( C C ) C ) C ( = O ) C C ( C 2 ) ( C ) C,1 42 46 80 141 149 151 182 217 239 265 283 285 291 294 312 314 376 391 410 420 452 467 480 501 529 587 599 610 628 638 650 656 658 660 674 733 751 790 824 834 849 877 904 907 926 932 940 998 1013 1019 1057 1060 1061 1086 1136 1166 1171 1213 1259 1268 1274 1301 1305 1337 1348 1380 1384 1457 1487 1544 1545 1567 1582 1603 1668 1693 1722 1735 1754 1760 1810 1883 1899 1924 1966 1971
275,C C N C ( = S ) N ( C C 1 = C C = C ( C = C 1 ) O C ) C C 2 = C C 3 = C C = C C ( = C 3 N C 2 = O ) C,1 80 97 110 112 113 197 226 243 266 294 305 310 314 322 323 332 383 391 444 473 507 579 580 587 597 599 638 650 661 670 695 718 750 766 769 770 781 807 815 831 841 875 880 881 953 978 1016 1039 1057 1087 1088 1114 1118 1147 1152 1223 1224 1254 1306 1309 1318 1349 1380 1391 1422 1468 1486 1530 1536 1541 1624 1631 1645 1652 1690 1721 1722 1726 1745 1750 1754 1855 1858 1873 1876 1903 1931 1979 1991 1999 2018 2034 2038
276,C 1 C ( O 1 ) C 2 = C ( C ( = C C ( = C 2 Cl ) Cl ) Cl ) Cl,62 151 267 278 298 317 319 366 405 429 505 561 594 614 656 693 748 766 802 810 821 875 897 906 926 1011 1019 1067 1077 1136 1208 1262 1362 1380 1424 1434 1517 1524 1526 1565 1581 1648 1650 1658 1683 1742 1744 1851 1863 1868 1873 1874 1888 1923 1932 1967 2030 2035
277,C C 1 = C C ( = C C ( = C 1 ) N C ( = O ) N 2 C C N ( C 2 C ( = O ) N C C N ) C ( = O ) C 3 = C C ( = C C = C 3 ) O C ) C,13 80 84 121 191 197 218 221 242 251 322 343 345 377 562 599 618 645 650 651 667 686 689 695 781 786 807 811 822 841 869 875 888 907 918 923 925 926 927 935 981 1019 1039 1044 1057 1064 1069 1088 1091 1118 1139 1152 1171 1212 1221 1239 1291 1295 1301 1316 1374 1380 1384 1385 1399 1438 1480 1504 1536 1545 1548 1587 1612 1707 1722 1731 1750 1752 1760 1792 1816 1823 1840 1871 1873 1895 1897 1900 1908 1917 1924 1941 1947 1953 1972 1985
278,C C C C C C C C C C C C C C C C N 1 C 2 = C C = C C = C 2 N = C 1 C C N C ( = O ) C 3 = C ( C = C ( C = C 3 ) C ) C,8 45 47 67 80 176 177 197 204 235 246 264 289 293 294 318 344 357 378 418 465 469 481 486 515 522 591 631 650 667 670 718 734 749 792 794 802 805 807 828 868 875 893 935 967 977 996 1013 1057 1088 1097 1143 1145 1152 1156 1186 1199 1230 1243 1285 1317 1322 1343 1380 1391 1406 1444 1550 1590 1592 1620 1697 1722 1750 1783 1823 1842 1855 1873 1911 1912 1917 1938 1942 1991 1995 2003
279,C 1 C C C 2 C C ( C 1 ) C C 3 = C C = C C = C 2 3,6 139 185 231 262 292 371 395 429 436 475 480 521 632 645 704 716 790 822 830 857 890 916 924 926 939 950 958 968 996 1002 1019 1027 1028 1037 1088 1126 1145 1190 1194 1199 1236 1244 1257 1273 1292 1294 1325 1351 1364 1380 1408 1446 1455 1494 1501 1708 1730 1750 1755 1781 1838 1873 1923 1943 1973 2000 2019 2027
280,[C@@H] 1 ( O [C@@H] ( C C 1 ) C [C@@H] ( C C C C C [C@H] ( C C 1 = C [C@@H] ( O C 1 = O ) C ) O ) O ) [C@H] ( C C [C@H] ( [C@@H] ( C C C C C C C C C C C C ) O ) O ) O,1 8 59 70 79 80 94 202 227 238 244 294 314 401 413 447 452 464 465 501 519 539 559 568 591 619 627 650 656 710 739 750 755 761 794 807 812 857 888 897 904 907 910 912 918 926 939 947 971 1019 1022 1028 1057 1088 1130 1143 1184 1205 1217 1246 1283 1300 1309 1310 1322 1325 1343 1380 1391 1444 1463 1478 1485 1520 1545 1622 1644 1648 1677 1695 1718 1758 1769 1830 1838 1873 1911 1921 1957 2038
281,C C C C C C ( C ) C C ( C ) C 1 = C C ( = C 2 C 3 = C ( C C N ( C 3 ) C C # C ) C ( O C 2 = C 1 ) ( C ) C ) C ( = O ) O C C N 4 C C C C C 4,1 2 5 13 32 53 79 80 83 145 147 148 186 241 253 255 260 283 294 324 334 370 411 449 457 458 475 500 502 527 533 550 583 591 599 623 650 656 674 679 680 685 695 724 728 739 774 784 794 807 808 839 848 858 875 885 887 911 915 926 935 974 1004 1028 1057 1060 1065 1080 1095 1142 1145 1155 1180 1194 1253 1274 1282 1283 1343 1349 1365 1368 1380 1422 1437 1443 1444 1467 1480 1482 1496 1526 1563 1580 1592 1602 1658 1673 1737 1738 1747 1754 1763 1767 1791 1799 1811 1828 1846 1862 1873 1892 1905 1911 1917 1922 1946 1957 1963 1968 1973 1978 1991 1998 2029 2040
282,C C 1 = N C 2 = C C = C C = C 2 C 1 = C C 3 = C ( N ( C ( = O ) S 3 ) C C ( = O ) N C 4 = C C ( = C ( C = C 4 ) O C ) Cl ) O,13 41 60 63 80 83 94 112 146 162 184 187 188 189 191 195 221 249 280 281 296 314 339 352 366 378 399 440 508 530 536 560 561 591 648 650 669 675 694 695 802 807 841 843 875 901 923 927 935 943 944 959 961 984 997 1014 1030 1051 1052 1057 1058 1071 1076 1088 1093 1098 1110 1120 1152 1199 1216 1234 1254 1284 1309 1312 1323 1334 1344 1369 1380 1393 1440 1520 1536 1551 1581 1602 1662 1683 1722 1750 1797 1810 1816 1817 1873 1917 1930 1947 1970 2003 2028 2037
283,C 1 = C C ( C ( = C ( C 1 = O ) Br ) Br ) ( Br ) Br,0 47 94 98 110 160 191 195 208 314 400 464 508 525 533 547 584 650 670 728 734 747 787 867 895 1024 1053 1055 1058 1060 1070 1079 1088 1138 1170 1268 1307 1317 1326 1376 1380 1471 1564 1580 1603 1631 1695 1721 1747 1793 1873 1923 2023
284,C C 1 = C C = C ( S 1 ) C ( = O ) C S C 2 = N N = C S 2,80 84 104 108 116 162 272 281 290 341 366 371 378 405 415 419 483 520 585 590 600 623 650 655 675 710 721 764 770 791 807 838 843 860 894 936 999 1007 1008 1057 1074 1090 1097 1133 1136 1164 1172 1200 1201 1281 1380 1384 1415 1436 1465 1487 1488 1493 1559 1567 1590 1644 1681 1693 1698 1712 1722 1733 1750 1768 1779 1785 1811 1850 1854 1872 1873 1917 1941 1959 1992
285,C C ( C ) C ( C ) N C 1 = C ( N = C C = C 1 ) Cl,1 9 17 22 266 283 303 332 339 348 378 448 508 509 556 561 607 641 688 690 741 787 791 889 906 911 989 1028 1043 1057 1063 1088 1104 1152 1217 1224 1287 1303 1322 1337 1380 1391 1422 1452 1478 1484 1498 1510 1518 1591 1619 1683 1696 1746 1750 1773 1788 1811 1866 1873 1952 1990 1995
286,C C 1 = C ( C = C C ( = C 1 ) Cl ) C 2 = C C = C C 3 = C 2 O C ( C 3 ) C N,12 80 87 138 165 181 184 216 219 231 255 333 342 352 370 416 533 561 656 664 680 750 816 875 895 896 917 926 934 981 984 1019 1039 1057 1076 1088 1102 1107 1156 1171 1188 1216 1217 1236 1294 1350 1369 1376 1380 1386 1391 1401 1426 1503 1521 1527 1528 1558 1588 1647 1665 1683 1691 1708 1714 1722 1724 1736 1750 1772 1821 1829 1873 1895 1901 1917 1955 1962 1972 1975
287,C [C@H] ( C C C 1 = C C = C O 1 ) N C 2 = C ( C = C ( C = C 2 ) S ( = O ) ( = O ) N C ( C ) C ) [N+] ( = O ) [O-],1 10 80 198 212 218 283 291 303 319 350 354 396 466 473 474 502 520 541 542 590 620 634 650 656 664 683 687 690 697 715 716 739 753 787 838 875 1004 1005 1028 1057 1088 1099 1125 1152 1153 1158 1174 1195 1218 1224 1226 1229 1233 1243 1249 1258 1340 1357 1380 1409 1425 1431 1439 1446 1455 1466 1476 1518 1571 1664 1666 1750 1799 1801 1814 1839 1846 1851 1856 1871 1873 1926 1930 1934 1941 1963 2018
288,C C C C C 1 = C C = C ( C = C 1 ) C ( C ( C ) C ) N C ( = O ) C 2 = C C = C ( N C 2 = O ) C ( F ) ( F ) F,1 46 58 63 67 80 114 117 147 154 161 167 230 283 294 297 310 314 331 351 360 390 438 475 486 510 520 591 608 650 655 693 750 763 787 789 794 807 809 822 846 867 875 946 960 965 972 975 978 985 1006 1045 1057 1114 1127 1152 1167 1176 1243 1291 1341 1348 1365 1380 1407 1414 1427 1444 1446 1453 1538 1602 1663 1683 1693 1745 1750 1754 1773 1787 1809 1853 1873 1876 1911 1917 1925 1928 1991 2032
289,C C C ( C ) ( C ) O C C ( C O C 1 = C C = C C = C 1 C N ) O,1 10 19 80 99 101 105 114 118 140 176 227 252 256 294 295 296 336 367 392 430 448 469 502 546 559 564 623 636 658 680 695 807 819 821 829 839 869 888 969 981 1034 1057 1074 1088 1122 1124 1139 1171 1199 1202 1207 1209 1248 1249 1276 1349 1353 1380 1390 1410 1430 1447 1452 1510 1583 1590 1597 1614 1657 1716 1748 1750 1782 1844 1873 1898 1935 1970 1980 2038
290,C C ( C ) ( C ) C 1 = N N ( C ( = C 1 ) N C ( = O ) C 2 = C C = C ( C = C 2 ) [N+] ( = O ) [O-] ) C 3 C C S ( = O ) ( = O ) C 3,51 66 114 122 148 161 167 182 207 228 235 265 305 316 317 319 320 342 364 378 392 469 486 530 546 550 552 650 657 693 715 723 753 755 769 774 807 838 848 875 876 926 935 1005 1012 1019 1057 1152 1167 1195 1199 1247 1255 1257 1274 1325 1339 1341 1342 1343 1362 1380 1385 1484 1561 1592 1608 1638 1650 1665 1668 1697 1750 1776 1787 1795 1799 1809 1814 1816 1832 1840 1861 1873 1902 1910 1917 1918 1956 1958 1963 1993 2012
291,C C C C C C N C C ( C 1 = C C = C C = C 1 ) N 2 C C C C 2,1 80 105 116 172 221 294 313 389 421 442 548 557 558 570 573 591 592 596 606 607 612 616 667 731 771 794 803 834 903 916 926 929 935 995 1004 1012 1028 1057 1061 1069 1083 1088 1143 1152 1199 1224 1255 1265 1365 1380 1401 1404 1440 1444 1480 1522 1551 1561 1581 1645 1666 1699 1702 1730 1750 1823 1852 1861 1873 1882 1911 1949 1991 1998 2017 2033
292,C C ( C ) C [C@@H] ( C ( = O ) N [C@@H] ( C C ( = O ) N ) C ( = O ) N [C@@H] ( C ( C ) C ) C ( = O ) O ) N C ( = O ) [C@H] ( C C 1 = C C = C ( C = C 1 ) O ) N C ( = O ) [C@H] ( C C 2 = C C = C ( C = C 2 ) O ) N,1 4 41 49 79 80 117 140 216 222 251 260 283 310 376 389 421 432 507 541 573 650 664 680 726 736 741 745 759 786 807 810 857 883 890 953 966 1017 1045 1057 1110 1118 1152 1171 1255 1280 1287 1290 1313 1343 1380 1426 1436 1442 1482 1516 1524 1530 1539 1600 1602 1616 1642 1671 1693 1731 1750 1754 1759 1773 1776 1778 1790 1811 1844 1847 1849 1873 1876 1898 1917 2000 2006 2016
293,C C N ( C C ) C ( = O ) C 1 = C C ( = C C = C 1 ) N C ( = O ) C 2 = C C = C ( C = C 2 ) S ( = O ) ( = O ) N C 3 = C C = C C = C 3 F,4 62 71 80 107 171 184 191 192 294 319 350 386 457 486 489 502 546 573 591 616 650 699 703 713 714 715 807 820 828 875 881 883 932 938 969 978 985 1002 1008 1019 1032 1039 1057 1088 1092 1110 1152 1181 1199 1202 1211 1221 1224 1270 1356 1380 1385 1464 1476 1486 1506 1509 1563 1665 1696 1697 1726 1750 1790 1795 1802 1816 1840 1841 1863 1873 1908 1917 1928 1978 1984 1985 2038
294,C 1 = C C = C ( C = C 1 ) S C C S ( = S ) C C ( = O ) O,4 13 27 80 97 116 255 323 324 341 389 427 458 512 558 606 650 681 685 721 755 756 776 807 811 813 876 945 1002 1025 1066 1088 1182 1199 1227 1239 1269 1354 1380 1434 1472 1522 1627 1640 1737 1750 1757 1760 1783 1821 1858 1873 1917 1929 2042
295,c 1 ( c 2 C ( = O ) c 3 c ( C ( = O ) c 2 c ( c c 1 ) O ) c ( N C ( C C C N ( C C ) C C ) C ) c c c 3 N C ( C C C N ( C C ) C C ) C ) O,1 80 112 176 189 251 273 275 283 294 314 410 433 439 504 568 587 606 615 619 620 626 641 650 672 687 690 712 739 748 751 795 807 881 910 923 932 949 954 955 957 1025 1029 1057 1152 1191 1206 1224 1230 1237 1254 1268 1316 1372 1380 1465 1471 1475 1476 1566 1581 1602 1607 1666 1680 1730 1747 1750 1776 1790 1849 1856 1865 1873 1911 1951 1971 1981 2003 2018 2021
296,C 1 C ( = O ) C = C 2 C ( = C 3 [C@@H] ( C C 2 ) [C@H] 2 [C@] ( C [C@@H] 3 c 3 c c c ( c c 3 ) N ( C ( = O ) N c 3 c c c ( c c 3 ) Cl ) C ) ( [C@] ( C C 2 ) ( O ) C # C C ) C ) C 1,22 53 54 55 56 84 99 127 140 189 191 193 208 211 216 242 253 280 286 296 313 314 324 351 412 429 455 515 519 529 531 561 581 593 621 633 646 650 654 674 679 690 709 730 751 763 805 807 815 816 841 843 874 881 888 926 960 1019 1057 1060 1064 1067 1070 1077 1086 1096 1099 1152 1154 1162 1163 1165 1186 1254 1273 1274 1279 1325 1366 1375 1380 1386 1388 1427 1434 1436 1450 1490 1507 1554 1567 1597 1659 1683 1695 1706 1734 1738 1750 1802 1803 1816 1861 1873 1917 1949 1964 1973 1997 2015 2027
297,C 1 C C C ( C C 1 ) N C ( = O ) C 2 = C ( N = C ( C = C 2 ) N 3 C C C [C@H] ( C 3 ) C C ( = O ) O ) S C C C 4 = N C = C N = C 4,2 29 32 55 61 67 80 116 119 132 207 218 246 272 274 300 341 378 387 389 392 407 428 446 448 484 486 510 519 527 586 602 607 634 635 650 667 680 710 724 739 794 807 890 926 927 935 973 1004 1019 1028 1054 1064 1071 1093 1097 1119 1125 1152 1153 1179 1180 1182 1243 1252 1288 1325 1374 1380 1384 1390 1452 1480 1509 1522 1528 1535 1543 1573 1586 1603 1612 1634 1655 1672 1692 1737 1746 1750 1762 1846 1848 1855 1856 1866 1873 1901 1917 1968 1991
298,C C C 1 = C C ( = C C = C 1 ) N C ( = O ) N ( C C N 2 C C O C C 2 ) C C ( = O ) N ( C C 3 = C C = C ( C = C 3 ) F ) C C 4 = C C = C S 4,14 15 48 71 80 90 144 145 184 191 193 196 201 202 209 216 223 241 283 294 310 325 346 383 395 478 479 507 523 587 645 649 650 656 675 680 693 699 703 806 807 838 872 875 881 899 916 926 935 950 966 976 978 980 988 1021 1039 1057 1066 1076 1088 1145 1147 1152 1190 1238 1256 1291 1335 1367 1368 1374 1380 1405 1410 1427 1441 1468 1475 1480 1482 1497 1523 1557 1567 1670 1713 1750 1754 1791 1799 1816 1843 1849 1873 1909 1917 1928 1951 1973 2003 2031 2036
299,C C [C@@H] ( C ( = O ) N C 1 = C ( C = C C ( = C 1 ) [N+] ( = O ) [O-] ) C ) O C 2 = C C = C C = C 2 O C,1 4 27 68 80 106 107 140 160 161 184 249 261 294 299 339 463 501 523 532 560 573 597 644 650 658 664 695 707 715 753 765 780 806 807 836 838 841 851 875 913 949 965 979 1009 1057 1067 1088 1139 1148 1152 1195 1199 1224 1231 1247 1256 1261 1274 1284 1331 1346 1354 1357 1359 1373 1380 1391 1398 1402 1406 1410 1536 1544 1553 1607 1633 1644 1691 1718 1722 1750 1751 1787 1809 1814 1816 1822 1824 1825 1847 1861 1873 1874 1901 1917 1940 1952 1963 1970 1992
300,C C 1 = C ( O C ( = C 1 C ( = O ) N 2 C C C ( C C 2 ) C 3 = N C 4 = C C = C C = C 4 O 3 ) C ) C,20 56 141 149 180 199 212 219 243 252 289 296 321 333 378 452 458 464 467 478 481 562 586 602 631 632 649 650 652 656 735 802 803 807 826 833 835 926 935 942 957 1015 1019 1052 1053 1056 1057 1088 1097 1112 1113 1128 1149 1153 1162 1198 1199 1325 1329 1380 1382 1419 1423 1480 1484 1504 1516 1555 1580 1604 1636 1697 1722 1750 1760 1773 1808 1812 1852 1855 1873 1917 1973 2000 2009 2034
301,C 1 = C C = C ( C = C 1 ) C 2 = N O C ( = C 2 ) C N 3 C ( = O ) C ( N C 3 = O ) ( C 4 = C C = C C = C 4 ) C 5 = C C = C C = C 5,22 80 103 190 247 248 255 287 314 346 358 378 389 425 508 556 588 606 610 623 624 650 652 656 713 736 770 772 818 834 875 884 888 917 935 936 961 980 1019 1034 1060 1079 1088 1114 1115 1137 1160 1165 1178 1199 1241 1248 1263 1283 1322 1380 1403 1527 1539 1542 1589 1631 1640 1669 1725 1740 1750 1765 1798 1803 1842 1873 1932 1934 1971 2030 2044
302,C C O C ( = O ) C 1 = C C = C C = C 1 N C ( = O ) C O C 2 = C C 3 = C ( C C C 3 ) C = C 2,36 41 58 80 81 145 147 162 165 167 176 186 192 204 242 294 306 322 409 473 524 556 569 650 695 718 721 745 759 807 842 875 889 892 926 1028 1057 1088 1129 1130 1152 1199 1213 1222 1224 1236 1238 1327 1380 1447 1452 1473 1476 1498 1501 1541 1542 1545 1548 1621 1673 1687 1696 1701 1722 1738 1742 1749 1750 1783 1793 1803 1816 1824 1873 1887 1904 1905 1917 1928 1948 1959 1980 1991 2004 2040
303,C C ( = O ) O C 1 = C ( C ( = C ( C = C 1 C 2 = C C ( = C ( C ( = C 2 ) O C ) O C ( = O ) C ) O C ) O C ) O C ( = O ) C ) O C,4 19 27 39 147 156 170 190 205 249 333 350 352 495 506 528 555 575 579 613 650 651 676 695 719 720 807 841 845 875 900 903 932 996 1017 1035 1039 1057 1077 1160 1193 1198 1215 1232 1293 1330 1360 1380 1429 1536 1562 1590 1599 1689 1729 1764 1775 1798 1820 1871 1873 1892 1898 1900 1906 1917 1940 1958 1970
304,C 1 C C C 2 = C ( C 1 ) C 3 = C ( N = C ( N = C 3 S 2 ) C C 4 = C C = C C = C 4 ) N 5 C C N ( C C 5 ) C ( = O ) N C 6 = C C = C C 7 = C C = C C = C 7 6,42 49 80 110 127 130 162 218 220 226 270 310 336 361 368 378 389 407 427 479 500 511 540 544 650 675 769 807 844 848 858 883 926 932 935 980 997 1028 1039 1063 1065 1066 1087 1088 1104 1151 1152 1186 1199 1224 1357 1380 1381 1387 1391 1405 1417 1430 1468 1472 1480 1505 1508 1527 1573 1589 1680 1696 1738 1739 1750 1754 1816 1817 1822 1855 1873 1917 1942 1964 1966 1984 2009
305,C 1 = C C = C ( C ( = C 1 ) C ( = O ) O C C ( = O ) N ( C C C # N ) C 2 = C C = C ( C = C 2 ) F ) O,77 80 89 90 105 129 135 145 147 160 235 242 244 376 413 423 439 478 532 545 629 640 650 674 689 695 699 741 783 790 807 849 881 929 960 1039 1088 1089 1096 1129 1183 1199 1211 1238 1335 1349 1380 1384 1385 1394 1410 1447 1551 1602 1607 1648 1670 1673 1676 1707 1750 1831 1835 1847 1873 1886 1898 1917 1928 1940 1951 1991 1997 2004
306,C [C@@] 1 2 C C C ( = O ) N 1 [C@@H] ( C S 2 ) C ( = O ) N ( C ) C C 3 = C N ( N = C 3 C 4 = C C = C C = C 4 ) C 5 = C C = C C = C 5,30 47 68 80 192 197 314 323 334 378 389 402 430 440 459 464 468 470 471 487 507 528 531 559 590 637 650 651 659 675 692 732 736 777 785 786 798 807 843 859 861 881 889 893 910 912 926 929 935 1019 1049 1057 1060 1074 1088 1111 1119 1139 1160 1162 1163 1197 1199 1231 1245 1264 1274 1323 1348 1349 1380 1439 1447 1455 1477 1486 1492 1501 1531 1534 1554 1558 1597 1629 1637 1667 1738 1750 1779 1825 1828 1873 1876 1883 1894 1917 1937 1956 1970 1972 1992 2014 2016
307,C N 1 C 2 = C ( C = C C ( = C 2 ) F ) N = C ( C 1 = O ) N C 3 = C C = C ( C = C 3 ) C ( = O ) N C C 4 = C C = C S 4,14 45 80 113 174 191 196 197 241 255 265 303 314 329 357 360 378 383 421 486 491 504 530 564 573 619 642 650 656 675 693 699 706 708 716 727 807 813 815 843 846 875 888 932 935 959 961 993 1031 1037 1057 1088 1093 1097 1110 1120 1145 1152 1174 1230 1256 1269 1293 1326 1372 1380 1385 1410 1417 1453 1487 1491 1524 1529 1535 1567 1570 1599 1614 1665 1670 1697 1698 1750 1751 1791 1801 1855 1856 1873 1874 1917 1920 1921 1928
308,C C ( = O ) [C@@] 1 2 C C C C [C@@] 1 ( C [C@@H] 3 C C C C [C@@H] 3 C 2 ) O C O C C O C,13 16 20 26 80 173 228 269 276 278 288 315 316 325 343 364 375 423 486 547 552 585 646 650 679 695 712 798 807 811 841 890 893 912 919 926 979 1004 1005 1017 1019 1027 1028 1052 1057 1060 1092 1110 1119 1127 1162 1169 1187 1202 1216 1252 1301 1325 1339 1414 1484 1580 1593 1638 1645 1649 1679 1707 1802 1833 1857 1858 1867 1917 1956 1992 1996
309,C O C 1 = C C = C ( C = C 1 ) S ( = O ) ( = O ) N ( C C O ) C C O [C@H] 2 C [C@H] ( C = C ( O 2 ) C ( = O ) N C 3 C C C C C 3 ) C 4 = C C 5 = C ( C = C 4 ) C 6 = C C = C C = C 6 C 5,2 12 13 28 55 80 143 193 197 211 222 247 248 252 265 282 319 322 336 349 350 352 383 387 390 396 399 428 433 473 486 520 529 573 597 600 620 650 656 667 669 680 692 695 715 718 750 752 781 795 807 815 823 831 841 875 881 883 890 918 926 938 963 984 996 1019 1028 1057 1085 1088 1152 1161 1192 1199 1217 1228 1236 1279 1291 1292 1301 1306 1325 1328 1340 1363 1376 1380 1435 1448 1476 1483 1509 1536 1564 1614 1634 1655 1701 1708 1744 1749 1750 1756 1793 1800 1803 1871 1873 1917 1946 1951 1958 1980
310,C 1 = C C ( = C ( C 2 = C 1 C ( = O ) O C 2 = O ) Br ) Br,1 195 247 314 321 352 380 422 477 535 536 596 650 656 679 680 711 718 728 784 833 835 863 906 950 1028 1088 1107 1117 1210 1225 1260 1308 1318 1335 1373 1380 1390 1411 1421 1458 1507 1528 1551 1631 1683 1743 1747 1750 1810 1873 1955 1956 1975
311,C C C C C C C 1 = C C = C ( C = C 1 ) C 2 ( C 3 = C C = C C = C 3 C 4 = N C C C N 4 2 ) O,52 80 95 247 281 282 294 310 313 352 355 378 400 461 484 527 541 548 556 591 592 719 747 785 794 807 814 820 881 926 935 940 958 978 984 993 1028 1035 1045 1048 1056 1057 1060 1088 1107 1130 1143 1154 1184 1199 1223 1233 1243 1351 1380 1395 1441 1444 1460 1468 1480 1524 1525 1601 1627 1749 1750 1754 1755 1771 1775 1873 1911 1938 1969 1980 1984 2020
312,C C 1 C C C ( = C C 1 ) / C = N / O,44 89 133 150 240 287 343 399 406 490 500 525 532 554 583 598 663 694 703 725 739 807 828 864 890 918 926 938 949 1000 1002 1019 1022 1057 1064 1068 1082 1148 1187 1212 1229 1247 1270 1273 1292 1309 1325 1378 1380 1489 1506 1508 1516 1525 1549 1558 1573 1601 1664 1689 1738 1781 1806 1823 1826 1871 1873 1877 1886 1887 1903 1915 1955 1970 2006
313,C 1 C N ( C C C 1 O C 2 = C C = C ( C = C 2 ) N 3 C = C N = C 3 ) C ( = O ) N C C ( = O ) N O,17 37 39 41 59 80 85 119 197 218 219 233 235 319 322 335 378 396 413 453 507 524 583 607 644 649 650 652 677 695 718 764 768 774 790 807 843 878 883 888 926 932 935 955 959 981 1005 1019 1031 1101 1120 1152 1231 1253 1325 1343 1380 1440 1468 1480 1499 1516 1518 1551 1603 1631 1654 1675 1692 1701 1715 1750 1762 1825 1848 1866 1870 1872 1873 1884 1917 1964 1988 2009 2013
314,C C c 1 o c ( C N ( C 2 C C N ( C C c 3 c c c s 3 ) C 2 ) C ( = O ) C ) n c 1,14 75 80 131 150 159 196 218 225 241 258 263 294 301 303 319 332 378 379 383 404 477 490 495 507 526 550 575 649 650 654 656 675 697 725 739 804 807 809 817 862 869 880 881 917 918 926 930 935 948 1017 1019 1057 1058 1088 1101 1145 1161 1192 1243 1256 1261 1325 1339 1372 1380 1396 1400 1438 1452 1480 1535 1567 1588 1604 1624 1626 1628 1710 1750 1791 1799 1845 1873 1912 1917 1934 1951 2027 2034 2043
315,C C O C 1 = C ( C = C C ( = C 1 ) C = C 2 C ( = O ) N 3 C ( C ( = C ( N = C 3 S 2 ) C 4 = C C = C C = C 4 ) C ( = O ) O C C ) C 5 = C C = C C = C 5 ) O C C 6 = C C = C C = C 6 Cl,7 9 19 25 64 80 94 112 122 125 145 147 162 165 173 188 196 237 242 274 281 294 295 314 326 342 366 378 389 411 425 451 504 507 560 561 573 596 648 650 657 675 694 695 696 701 736 745 747 759 807 813 839 844 875 902 919 927 935 938 940 952 974 1019 1057 1088 1118 1124 1134 1140 1160 1180 1186 1199 1226 1238 1268 1269 1279 1280 1321 1349 1380 1382 1389 1416 1427 1452 1512 1597 1610 1629 1634 1643 1663 1681 1683 1722 1742 1750 1793 1796 1813 1819 1828 1873 1888 1895 1917 1930 1944 1970 1998 2022 2033 2036 2040
316,C O C C N ( C C 1 = C O C ( = N 1 ) C 2 = C C = C ( C = C 2 ) O C ) C 3 C C 3,13 20 36 80 115 149 267 320 322 378 384 466 475 486 496 507 530 546 596 656 662 694 695 713 715 718 720 724 737 758 781 784 809 831 841 860 870 881 896 926 987 1005 1019 1042 1047 1048 1057 1077 1154 1160 1209 1212 1233 1314 1318 1325 1326 1332 1380 1408 1454 1473 1475 1484 1536 1560 1614 1736 1750 1760 1790 1849 1855 1873 1929 1951 1970 1978 1985 1997 2047
317,C C 1 ( C 2 = C ( N = C C = C 2 ) N ( C 1 = O ) C 3 = C C = C ( C = C 3 ) S C ) C,23 31 107 116 126 130 138 223 233 255 281 314 329 337 378 394 416 426 448 504 516 590 616 628 650 661 671 694 701 735 790 811 844 876 935 958 959 961 976 1043 1057 1060 1063 1087 1088 1097 1127 1132 1167 1176 1194 1198 1255 1274 1279 1380 1384 1452 1460 1513 1558 1603 1617 1624 1641 1652 1686 1702 1707 1719 1723 1732 1750 1825 1855 1866 1873 1929 1976 1980 2000
318,C O C 1 = C C = C C 2 = C 1 O C ( = O ) C ( = C 2 ) C 3 = N C 4 = C ( C = C ( C = C 4 ) Cl ) C ( = N 3 ) C 5 = C C = C C = C 5 Cl,92 133 142 155 165 196 203 212 216 230 249 314 323 352 366 378 389 396 412 468 478 540 542 554 561 617 618 623 626 632 650 656 665 695 771 775 816 841 847 850 875 910 949 961 974 984 997 1016 1031 1039 1057 1087 1088 1097 1122 1129 1164 1199 1203 1204 1223 1235 1309 1345 1356 1357 1380 1385 1410 1428 1432 1442 1460 1468 1483 1489 1536 1546 1569 1592 1604 1607 1613 1619 1683 1716 1750 1784 1793 1829 1855 1873 1954 1970
319,C C 1 ( C ( C ( = C ) O N 1 C ) C # N ) C,35 144 214 216 226 270 272 323 327 336 340 357 381 400 472 482 483 494 512 567 631 656 674 683 730 790 799 841 935 939 993 1018 1019 1057 1060 1112 1119 1145 1162 1179 1202 1241 1242 1270 1274 1281 1283 1294 1313 1362 1366 1371 1380 1384 1395 1396 1480 1521 1537 1606 1629 1651 1698 1700 1752 1769 1881 1927 2029 2046
320,C C C C ( = O ) O C C ( = O ) N C 1 = C ( C ( = C S 1 ) C 2 = C C = C S 2 ) C ( = O ) O C C,14 41 50 54 62 80 82 145 147 155 167 241 264 294 352 383 393 402 450 477 487 510 540 552 586 650 675 677 695 755 759 766 775 794 807 842 866 887 891 899 992 1032 1048 1057 1064 1076 1088 1100 1127 1129 1135 1152 1209 1220 1238 1264 1282 1322 1342 1357 1360 1380 1386 1450 1474 1499 1518 1535 1550 1564 1567 1578 1596 1666 1722 1729 1746 1750 1800 1801 1816 1873 1878 1902 1913 1917 2004 2019
321,C C C 1 = C C = C C = C 1 N S ( = O ) ( = O ) C 2 = C ( C = C C ( = C 2 ) N = N C 3 C ( = N N ( C 3 = O ) C 4 = C ( C = C C ( = C 4 ) S ( = O ) ( = O ) O ) Cl ) C ) C,0 5 28 80 85 191 200 202 209 262 294 314 319 327 340 350 366 370 378 386 392 397 409 452 484 502 548 561 568 577 592 626 650 666 674 704 715 716 718 725 742 755 758 762 807 840 875 903 916 931 935 1012 1019 1039 1057 1088 1105 1111 1122 1144 1152 1183 1198 1199 1203 1223 1224 1270 1295 1321 1349 1372 1380 1391 1415 1476 1479 1480 1490 1506 1511 1527 1528 1532 1580 1586 1597 1683 1691 1696 1712 1722 1732 1750 1790 1799 1833 1854 1860 1873 1875 1945 1953 2011
322,C C 1 = C ( C = C C ( = C 1 ) F ) C 2 = C C ( = N C = C 2 N ( C ) C ( = O ) C ( C ) ( C ) C 3 = C C ( = C C ( = C 3 ) C ( F ) ( F ) F ) C ( F ) ( F ) F ) N C C S ( = O ) ( = O ) C,54 80 81 86 87 90 114 125 138 180 182 189 191 303 307 314 321 326 347 350 352 367 378 392 413 449 464 481 502 509 532 596 650 667 680 682 692 699 706 751 786 795 807 809 810 825 845 875 881 900 903 906 1035 1038 1057 1060 1099 1113 1128 1152 1158 1163 1238 1248 1260 1352 1355 1364 1380 1384 1391 1410 1412 1416 1417 1431 1452 1453 1457 1469 1476 1487 1535 1545 1562 1596 1623 1643 1660 1670 1722 1724 1750 1873 1875 1894 1901 1917 1923 1928 1945 1954 2018 2046
323,C C O C C ( = O ) N C 1 = N O C ( = C 1 ) C,9 12 41 80 116 167 248 269 272 294 332 363 378 415 512 556 576 597 631 650 656 689 695 728 745 750 792 807 859 875 886 892 904 907 922 1011 1057 1065 1099 1152 1184 1238 1250 1259 1267 1280 1322 1366 1374 1376 1380 1398 1457 1508 1515 1528 1542 1629 1695 1704 1722 1742 1752 1758 1816 1873 1875 1917 1950 1992 2004 2018 2033
324,C C ( C ) / C = N / N C 1 = N C ( = C S 1 ) C 2 = C C = C ( C = C 2 ) Br,1 17 32 117 165 206 283 285 338 347 363 378 382 385 404 421 426 440 472 530 546 552 675 694 702 723 725 728 755 768 775 780 866 896 909 980 1017 1057 1152 1157 1160 1220 1248 1264 1266 1297 1314 1327 1380 1417 1454 1458 1493 1554 1567 1599 1631 1649 1697 1723 1726 1750 1775 1779 1819 1824 1855 1864 1867 1873 1875 1884 1971 1997
325,C N C [C@@H] ( C 1 = C C ( = C C = C 1 ) Br ) O,1 3 26 73 80 107 191 227 285 388 485 492 494 606 632 664 728 766 782 786 807 875 884 895 909 932 959 986 1000 1002 1039 1057 1088 1152 1205 1227 1309 1312 1349 1362 1365 1367 1380 1414 1424 1430 1434 1581 1596 1621 1631 1720 1738 1750 1763 1812 1868 1873 1893 1948 1995 2012 2032 2042
326,C ( N ( C c 1 c c ( c c ( c 1 ) F ) F ) c 1 c c c 2 N ( C C ( O c 2 c 1 ) ( C ) C O c 1 c c c ( c c 1 ) C # N ) C ) C ( = O ) O C C,26 34 80 92 102 147 184 216 223 224 274 280 294 298 305 322 340 351 363 364 369 507 511 512 536 541 580 588 602 630 650 656 674 681 695 699 711 718 720 744 767 790 807 816 837 862 873 875 881 926 935 956 960 970 981 1057 1058 1060 1065 1067 1096 1136 1145 1149 1190 1229 1238 1239 1274 1282 1295 1304 1364 1380 1384 1386 1452 1473 1521 1540 1670 1687 1693 1708 1715 1722 1725 1732 1750 1754 1852 1873 1905 1915 1917 1920 1928 1929 1954 1964 1973 2033 2037
327,C 1 C O C 2 = C ( C = C ( C ( = C 2 ) N C ( = O ) C N 3 C C N ( C C 3 ) C C 4 = C C = C ( S 4 ) Cl ) Cl ) O C 1,41 74 80 110 126 137 162 277 282 305 314 366 374 411 430 434 441 504 527 544 555 561 593 614 618 635 650 656 675 738 763 774 784 807 810 817 875 883 888 898 910 926 935 950 1020 1028 1083 1120 1128 1152 1158 1224 1284 1312 1369 1380 1462 1480 1529 1534 1537 1557 1621 1626 1632 1652 1683 1716 1750 1765 1791 1816 1865 1873 1905 1917 1920 1924 1948 1994 1995 2036
328,C N 1 C C C N C ( C 1 ) C N ( C ) C,29 60 67 70 80 207 233 270 303 305 373 398 450 456 550 608 622 624 637 652 718 734 739 768 828 829 834 842 859 881 885 911 926 935 964 1005 1019 1028 1057 1102 1114 1144 1145 1146 1163 1185 1247 1295 1344 1359 1425 1480 1507 1586 1631 1701 1733 1760 1904 1912 1921 1967
329,N ( c 1 n c 2 c ( s 1 ) c c c c 2 ) c 1 n c 2 c ( s 1 ) c c ( c c 2 ) Cl,77 162 165 181 216 224 233 289 291 314 376 378 385 461 470 471 491 557 559 561 570 580 634 650 664 675 682 683 716 744 808 816 870 872 875 885 944 961 962 977 980 1005 1071 1088 1097 1152 1180 1195 1199 1215 1380 1389 1490 1493 1584 1604 1669 1683 1687 1713 1724 1726 1750 1855 1873 2006 2043
330,C 1 C C O C ( C 1 ) O N C ( = O ) C 2 ( C C N ( C C 2 ) C ( = N ) C 3 = C C = C C = C 3 ) S ( = O ) ( = O ) N 4 C C C ( C C 4 ) O C 5 = C C = C ( C = C 5 ) C ( F ) ( F ) F,6 39 65 114 116 119 167 188 199 310 322 349 350 357 361 383 389 423 450 469 484 497 524 559 585 609 618 623 649 650 656 670 695 718 751 755 802 807 809 829 835 881 887 888 890 912 924 926 935 950 959 992 993 1014 1019 1028 1043 1047 1060 1071 1074 1075 1088 1104 1141 1152 1155 1162 1171 1173 1182 1199 1249 1260 1278 1289 1298 1325 1380 1385 1417 1453 1476 1480 1503 1509 1547 1556 1572 1620 1630 1665 1725 1750 1782 1793 1811 1854 1873 1881 1903 1917 1928 1946 1985 1988 2009 2034
331,C C O C C C N C ( = O ) C 1 = C C ( = N C = C 1 ) N 2 C = C N = C 2,8 13 45 80 99 164 173 179 197 219 265 294 300 366 378 396 413 486 490 497 525 526 527 530 571 650 667 695 787 807 808 820 837 843 875 892 922 932 933 935 957 973 1054 1057 1086 1101 1150 1152 1187 1208 1238 1309 1325 1367 1379 1380 1385 1452 1455 1491 1499 1512 1513 1577 1603 1654 1662 1750 1755 1799 1866 1872 1873 1876 1911 1917 1938 1973 1986 1992 2038 2046
332,C C C 1 = C C = C ( C = C 1 ) O C 2 = N C = N C ( = C 2 N ) N ( C ) C,1 32 80 145 157 185 190 193 204 249 259 275 294 310 322 350 368 378 401 463 475 489 518 534 595 643 666 668 678 684 695 718 728 788 881 898 953 1001 1003 1057 1063 1123 1156 1163 1171 1184 1201 1213 1229 1302 1366 1380 1401 1452 1457 1566 1617 1641 1666 1700 1732 1750 1754 1773 1785 1791 1799 1804 1810 1830 1845 1848 1873 1897 1925 1957 1978 1985
333,C 1 C = C C [C@@H] ( [C@H] 1 C ( = O ) N C 2 = N C ( = C S 2 ) C 3 = C ( C = C C ( = C 3 ) Cl ) Cl ) C ( = O ) O,76 117 165 209 216 238 259 272 285 312 352 366 370 378 385 389 466 552 561 598 605 650 666 675 689 702 746 807 812 816 843 875 926 972 980 1019 1088 1102 1123 1128 1150 1152 1214 1217 1223 1237 1251 1264 1271 1272 1280 1319 1356 1365 1380 1408 1427 1431 1451 1473 1527 1540 1567 1683 1700 1750 1763 1764 1816 1855 1873 1917 1983 2037
334,C C ( C ) C C ( = O ) N C ( C 1 = C C = C ( C = C 1 ) O ) [C@@H] ( C ( = O ) O C C 2 = C C = C C = C 2 ) N [C@H] 3 C C [C@] 4 ( C 5 C C 6 = C 7 C 4 ( [C@H] 3 O C 7 = C ( C = C 6 ) O ) C C N 5 C ) O C,1 21 22 25 27 41 80 106 112 115 117 126 147 211 231 283 311 353 386 389 399 486 489 497 499 506 540 568 582 583 602 608 613 649 650 656 661 695 701 745 750 751 763 768 787 807 820 841 843 889 926 935 940 960 982 983 1018 1019 1022 1037 1039 1057 1060 1066 1088 1118 1145 1152 1162 1174 1199 1236 1247 1288 1290 1294 1313 1325 1327 1365 1370 1380 1389 1403 1470 1475 1480 1502 1520 1591 1596 1602 1607 1628 1642 1693 1713 1716 1730 1732 1741 1750 1754 1760 1778 1795 1808 1810 1847 1853 1873 1882 1914 1917 1980 2009 2033 2042
335,C C C C C N 1 C ( = C ( C 2 = N C 3 = C C = C C = C 3 N = C 2 1 ) S ( = O ) ( = O ) C 4 = C C = C ( C = C 4 ) C ) N S ( = O ) ( = O ) C 5 = C C = C ( C = C 5 ) F,4 40 41 45 80 90 222 235 249 257 270 289 294 295 319 350 378 400 405 502 579 591 625 641 650 699 706 715 724 732 767 794 802 813 835 883 891 893 935 955 1005 1021 1057 1088 1097 1100 1123 1145 1146 1152 1184 1199 1268 1270 1302 1316 1368 1380 1410 1424 1429 1444 1463 1476 1571 1601 1620 1637 1670 1696 1722 1724 1725 1750 1780 1823 1855 1873 1894 1911 1920 1928 1950 1998 2005 2028 2042
336,C C C C C C C C C = C C C C C C C C C ( = O ) C 1 = N C C N 1 C C O,8 29 44 52 80 172 205 222 262 294 313 318 326 333 369 378 382 383 401 410 425 431 456 473 486 520 551 591 650 667 675 694 751 775 790 794 798 807 881 926 935 977 1057 1058 1080 1089 1143 1145 1152 1217 1244 1263 1267 1292 1316 1356 1380 1382 1406 1440 1444 1480 1516 1534 1564 1636 1642 1665 1680 1693 1720 1735 1755 1790 1802 1834 1836 1885 1908 1911 1917 2007
337,C C ( C ) ( C ) O C ( = O ) N C C C 1 ( C C C C C C C C C C C 1 = O ) [N+] ( = O ) [O-],2 42 80 98 114 197 226 231 291 310 314 325 376 392 396 496 556 650 667 695 715 753 795 807 824 838 898 926 985 1019 1028 1030 1040 1056 1057 1060 1097 1104 1118 1123 1128 1152 1162 1208 1280 1346 1380 1405 1426 1450 1485 1574 1625 1638 1662 1689 1691 1693 1696 1738 1758 1825 1854 1855 1859 1917 1918 1925 1963 1988 2000 2010 2011 2013
338,C O C 1 = C C = C C = C 1 C N C ( = O ) C O C ( = O ) / C = C / C 2 = C C = C ( C = C 2 ) F,25 31 37 41 77 80 90 147 149 165 176 189 197 219 239 248 249 255 266 274 325 333 359 364 446 491 522 549 590 650 691 694 695 699 704 714 807 835 841 878 894 1048 1057 1064 1073 1088 1152 1199 1275 1290 1308 1313 1327 1339 1349 1379 1380 1392 1410 1499 1525 1528 1536 1580 1585 1588 1595 1597 1613 1661 1670 1709 1725 1729 1748 1750 1780 1827 1858 1868 1873 1917 1928 1970 2004 2014 2015 2033 2041
339,C C ( = O ) N C 1 = C C ( = C C ( = C 1 ) C ( = O ) N C 2 = C C ( = C C = C 2 ) O C C 3 C C C O 3 ) N C ( = O ) C,32 80 84 103 106 184 191 224 245 248 289 315 322 361 382 422 475 486 490 530 540 562 591 650 652 656 657 673 695 703 719 722 749 802 807 811 821 849 875 926 950 992 1004 1017 1019 1028 1039 1056 1057 1064 1088 1107 1136 1152 1205 1245 1264 1298 1318 1325 1370 1380 1385 1391 1410 1452 1468 1501 1509 1563 1629 1632 1685 1750 1754 1790 1795 1816 1825 1873 1917 1936 1978
340,C C C 1 = C C = C ( C = C 1 ) [C@@H] ( C ) N C ( = O ) C O C ( = O ) C 2 = C C = C C = C 2 O,1 10 41 80 81 117 145 147 206 283 294 298 310 320 323 381 385 439 463 504 552 635 650 688 695 724 807 1013 1039 1041 1057 1088 1144 1150 1152 1170 1192 1199 1211 1321 1365 1380 1393 1395 1435 1447 1488 1499 1504 1562 1577 1595 1602 1603 1607 1627 1663 1673 1695 1750 1754 1757 1799 1831 1853 1873 1917 1929 1948 1975 1991 1997 2004
341,C 1 C C 1 2 C C 2 ( C ( = O ) O ) N,5 96 182 184 189 192 223 272 286 350 389 492 545 601 604 636 650 655 675 693 703 807 822 837 888 899 926 1015 1044 1060 1147 1162 1171 1224 1231 1256 1261 1270 1374 1440 1458 1501 1507 1520 1548 1556 1616 1618 1675 1686 1691 1748 1790 1814 1844 1863 1864 1878 1911 1917 1979 1981 1989 2015 2033 2036
342,C C ( C ) C 1 = C ( C ( = C ( N 1 C C [C@@H] 2 C [C@@H] ( O C ( O 2 ) ( C ) C ) C C ( = O ) O ) C 3 = C C = C ( C = C 3 ) F ) C 4 = C C = C C = C 4 ) C ( = O ) N C 5 = C C = C C = C 5,1 80 90 94 104 109 111 137 152 157 191 283 289 351 389 456 484 486 530 586 598 607 624 625 650 656 699 703 712 713 736 756 765 787 792 802 804 807 822 830 832 835 846 896 904 926 935 963 970 975 1004 1019 1039 1053 1057 1060 1070 1077 1078 1088 1103 1120 1133 1145 1152 1160 1184 1198 1199 1217 1243 1245 1274 1277 1292 1323 1380 1383 1391 1410 1413 1414 1459 1662 1670 1679 1682 1701 1728 1733 1737 1746 1747 1750 1786 1816 1852 1856 1873 1917 1928 1978 1995
343,C 1 = C C 2 = C ( C = C 1 Br ) C ( = O ) C = C N 2 C C # N,28 45 75 80 222 273 305 314 331 342 363 379 462 538 555 557 633 634 650 674 728 763 766 790 791 875 909 935 963 1089 1101 1157 1196 1200 1220 1288 1338 1357 1380 1384 1434 1443 1455 1457 1498 1503 1506 1620 1631 1679 1683 1730 1750 1770 1791 1854 1858 1865 1873 1902 1926 1944 1956 2021 2044
344,C C O C ( = O ) C 1 = C ( S C ( = C 1 C 2 = C C = C C = C 2 ) C ) N C ( = O ) C 3 = C C = C ( C = C 3 ) O [C@H] ( C ) C ( = O ) N C 4 = C C = C ( C = C 4 ) C,1 35 50 54 80 109 145 147 162 178 191 214 216 235 278 283 294 297 306 310 313 322 331 348 389 463 486 556 573 586 624 650 664 675 693 695 708 718 736 759 770 807 843 860 895 935 968 1002 1057 1077 1088 1096 1144 1151 1152 1160 1175 1199 1238 1269 1337 1351 1379 1380 1385 1407 1411 1414 1435 1440 1607 1627 1664 1665 1697 1705 1719 1722 1747 1750 1770 1795 1816 1823 1873 1874 1901 1912 1917 1920 1994
345,C C 1 = C ( C ( = C C = C 1 ) C ) N C ( = O ) C ( C 2 = C C ( = C ( C = C 2 ) O ) C ) N ( C ( C ) C C C ( C ) C ) C ( = O ) C ( C C 3 = C C = C ( C = C 3 ) O ) N C ( = O ) O C ( C ) ( C ) C,1 60 63 79 80 101 114 117 167 172 227 231 269 273 283 310 330 356 359 364 381 392 414 417 432 460 465 473 509 528 573 595 650 679 680 689 695 736 739 745 752 775 801 807 844 848 857 865 875 881 882 913 960 977 984 985 1017 1019 1039 1040 1045 1057 1061 1076 1088 1112 1128 1152 1173 1179 1218 1248 1313 1318 1334 1365 1380 1391 1468 1475 1485 1515 1548 1574 1602 1607 1619 1625 1637 1652 1698 1700 1719 1722 1750 1754 1758 1778 1783 1787 1790 1816 1834 1847 1853 1859 1860 1873 1917 1929 1946 1952 1977 1999 2006 2008
346,N C ( = O ) C 1 C C N ( C C 1 ) C ( = O ) C C c 1 c ( c 2 c ( o c 1 = O ) c c 1 c ( c 2 ) c ( c o 1 ) c 1 c c c ( c c 1 ) F ) C,75 80 89 90 94 111 140 216 222 226 252 267 285 304 305 314 352 384 406 464 465 524 536 576 591 615 635 650 652 656 683 699 722 753 760 807 830 831 866 875 896 926 935 974 996 1009 1019 1057 1074 1110 1118 1160 1171 1212 1230 1233 1242 1243 1325 1332 1357 1380 1386 1410 1423 1438 1441 1455 1461 1468 1470 1480 1564 1567 1577 1580 1604 1624 1630 1670 1693 1722 1750 1782 1808 1837 1873 1883 1897 1898 1905 1917 1928 1947 1957 1969 2009 2012 2018 2034 2041
347,C 1 C ( C ( O C 1 = O ) C C ( = O ) O ) N C ( = O ) C N C ( = O ) C 2 = C C ( = C C ( = C 2 ) O ) N C 3 = N C C ( C N 3 ) O,39 41 80 107 121 149 167 191 196 197 206 212 229 231 248 261 265 302 314 317 331 378 380 387 389 390 470 486 491 493 520 542 590 591 610 650 656 745 747 749 750 755 770 807 831 875 881 898 915 926 970 984 1003 1004 1005 1019 1030 1039 1062 1065 1087 1114 1152 1257 1280 1296 1356 1366 1380 1385 1395 1398 1403 1425 1440 1452 1470 1509 1548 1563 1569 1601 1602 1619 1662 1669 1676 1715 1737 1746 1753 1765 1786 1796 1849 1852 1866 1873 1882 1913 1917 1926 1976 1981 2010 2037
348,C C C C C C C C C C C C C C C C N C 1 = C ( C ( = N C = N 1 ) N 2 C C C ( C C 2 ) C C 3 = C C = C C = C 3 ) N,29 38 80 83 130 141 149 156 168 275 294 335 340 378 389 407 408 422 458 460 489 495 534 573 591 592 667 691 708 736 777 794 800 805 872 877 910 925 926 935 991 1004 1019 1057 1066 1088 1125 1135 1143 1152 1171 1199 1201 1260 1325 1367 1380 1407 1416 1439 1443 1444 1452 1456 1457 1471 1472 1480 1505 1551 1574 1599 1716 1750 1754 1810 1873 1877 1911 1942 1972 1980 1993 2011
349,C N C C ( = O ) N 1 C C C C 2 = C C = C C = C 2 1,7 51 80 95 177 203 205 289 370 498 503 525 537 556 557 586 613 626 650 681 731 787 807 815 884 897 926 935 961 984 990 1009 1011 1028 1047 1051 1057 1061 1088 1108 1117 1138 1152 1186 1198 1199 1215 1235 1236 1279 1295 1346 1348 1371 1380 1387 1410 1415 1430 1438 1440 1445 1463 1480 1647 1671 1696 1708 1735 1738 1750 1799 1824 1873 1904 1917 1942 1995 1997 2010 2024
350,C O C 1 = C ( C = C ( C = C 1 ) C 2 = N N ( N = N 2 ) C C ( = O ) N ( C C 3 C C C O 3 ) C ( C 4 = C C = C ( C = C 4 ) F ) C ( = O ) N C C 5 C C C O 5 ) O C,1 9 63 80 90 94 123 132 140 148 197 202 206 215 239 242 248 249 256 277 295 330 334 361 378 388 450 474 484 522 573 580 607 640 650 656 695 699 736 769 795 802 807 821 834 841 845 856 875 881 886 895 896 926 935 950 951 959 970 1019 1026 1028 1034 1047 1052 1056 1057 1076 1152 1160 1164 1206 1211 1236 1238 1244 1245 1259 1272 1282 1297 1312 1325 1331 1338 1365 1380 1385 1391 1410 1437 1440 1449 1468 1516 1536 1558 1578 1584 1594 1602 1604 1670 1695 1706 1750 1753 1783 1823 1853 1861 1873 1881 1884 1893 1909 1917 1928 1930 1956 1970 2034 2045
351,Cl C 1 ( Cl ) C ( C 1 ) C n 1 c 2 c ( n c 1 ) c c c c 2,39 45 80 113 116 127 139 161 177 288 289 292 317 362 372 375 377 378 383 390 392 460 486 609 661 665 679 684 731 752 797 831 844 888 908 926 932 935 958 969 971 1000 1017 1019 1039 1060 1073 1079 1088 1097 1100 1119 1199 1237 1285 1362 1375 1380 1404 1429 1449 1452 1455 1457 1486 1490 1514 1564 1599 1605 1632 1663 1672 1683 1689 1750 1783 1791 1864 1873 1934 1963 1978 2041
352,C C 1 = C ( C ( = C ( C ( = C 1 N = C ) C ) C ) N = C ) C,13 27 65 95 115 136 168 196 202 223 232 248 252 332 395 489 602 688 725 781 827 876 909 910 956 974 999 1012 1045 1052 1057 1089 1124 1148 1154 1160 1206 1248 1262 1366 1367 1379 1380 1413 1454 1462 1574 1612 1665 1673 1722 1804 1821 1904 1915 1951 1998
353,C C O C ( = O ) C 1 = C ( S C 2 = C 1 C C C C 2 ) N C ( = O ) C ( C ) S C 3 = N N = C ( N 3 C ) C N C ( = O ) C 4 = C C ( = C ( C = C 4 ) O C ) O C,1 8 26 42 50 54 59 80 94 112 116 140 145 147 154 162 187 196 197 200 211 216 220 249 255 265 275 283 294 305 310 318 333 351 361 378 428 432 460 465 486 526 531 547 553 554 557 564 573 586 596 612 650 666 675 695 699 700 707 720 729 747 759 796 807 808 813 841 875 880 898 921 926 935 966 977 1010 1028 1057 1083 1113 1121 1145 1147 1152 1162 1164 1173 1209 1238 1245 1343 1345 1360 1380 1385 1391 1449 1500 1507 1536 1596 1612 1622 1639 1678 1697 1714 1720 1722 1738 1750 1783 1816 1817 1833 1873 1917 1940 1970 1980
354,C 1 = C C ( = C C = C 1 C 2 = [N+] ( [N+] ( = C ( C 2 = O ) C 3 = C C = C ( C = C 3 ) Cl ) [O-] ) [O-] ) Cl,58 81 109 122 141 193 205 216 274 282 297 306 314 332 383 436 456 462 463 467 502 549 561 650 715 743 816 846 868 896 907 1070 1112 1118 1142 1160 1278 1305 1314 1344 1380 1445 1446 1476 1536 1600 1652 1683 1728 1744 1748 1750 1873 1879 1926 1937 1941
355,C C 1 = C ( C ( C 2 = C ( N 1 ) C C C C 2 = O ) C 3 = C C 4 = C ( C = C 3 ) O C ( C C 4 ) ( C ) C ) C # N,123 140 166 211 239 250 256 257 259 296 314 349 378 394 450 557 599 629 650 656 674 726 744 751 790 871 875 892 912 926 938 1019 1028 1035 1057 1060 1114 1136 1141 1162 1171 1173 1175 1194 1201 1208 1211 1215 1222 1236 1274 1277 1279 1282 1369 1380 1384 1387 1388 1429 1484 1498 1537 1574 1582 1632 1651 1656 1672 1674 1684 1687 1707 1722 1738 1750 1755 1772 1793 1803 1826 1852 1873 1887 1905 1917 1932 1983
356,C C ( C 1 = C ( C = C O 1 ) O C ) O,1 7 18 77 138 140 149 166 225 227 249 265 283 297 420 574 645 656 688 695 728 738 745 787 807 818 841 862 905 958 978 1030 1057 1097 1161 1171 1181 1233 1294 1321 1358 1380 1465 1473 1478 1507 1536 1713 1750 1758 1791 1796 1836 1860 1873 1924 1946 1950 1952 1956 1970 1977 2029
357,C 1 C C ( = N C 1 C 2 = C C = C ( C = C 2 ) C 3 = C C 4 = C ( C = C 3 ) O C ( O 4 ) ( F ) F ) C 5 = C C = C C = C 5 Cl,35 51 64 66 68 75 106 160 166 191 208 214 222 227 251 255 309 342 352 360 366 373 378 458 499 542 548 561 641 656 675 689 691 785 821 860 861 867 875 896 910 926 965 974 984 991 1019 1035 1060 1077 1084 1088 1125 1160 1199 1250 1279 1282 1324 1325 1329 1335 1356 1380 1395 1531 1567 1570 1615 1675 1681 1683 1694 1702 1711 1738 1750 1764 1769 1803 1869 1873 1890 1891 1905 1928 1931 1941 1964 2032
358,C N ( C ) C 1 = C C = C ( C = C 1 ) N C ( = O ) C ( C 2 C C C = C C 2 ) N ( C C 3 = N C ( = C S 3 ) C 4 = C C = C ( C = C 4 ) O C ) C ( = O ) C N 5 C 6 = C C = C C = C 6 C ( = O ) C 5 = O,1 16 72 80 126 191 208 256 272 314 321 322 328 332 352 378 396 507 518 533 552 573 582 588 598 629 650 652 675 678 679 695 704 718 737 774 781 800 801 807 831 841 843 879 881 896 926 935 941 946 960 980 982 984 1000 1019 1057 1060 1077 1088 1096 1128 1147 1152 1160 1163 1179 1186 1199 1209 1218 1225 1238 1255 1264 1265 1266 1272 1295 1312 1325 1360 1376 1379 1380 1382 1427 1473 1476 1509 1536 1567 1578 1579 1598 1601 1606 1609 1610 1611 1614 1628 1631 1645 1647 1664 1671 1685 1692 1700 1716 1721 1750 1754 1770 1797 1810 1816 1855 1861 1873 1917 1941 1944 1952 1957 1971 1978 1991 2010 2027 2032
359,C 1 C C N ( C C 1 ) C C ( = O ) N C 2 = C C ( = C C ( = C 2 ) N C 3 = C 4 C = C C ( = C C 4 = N C = C 3 ) Cl ) C O C ( = O ) N C C C N 5 C C N C C 5,2 8 15 27 41 76 80 84 103 132 147 165 191 197 216 253 277 300 305 362 378 383 395 410 491 538 561 584 607 622 650 653 667 673 695 745 749 787 807 816 819 825 842 875 901 910 926 935 975 1003 1028 1097 1114 1145 1146 1152 1164 1224 1262 1280 1284 1308 1312 1332 1336 1357 1374 1380 1422 1452 1480 1482 1506 1516 1566 1632 1637 1644 1666 1667 1683 1694 1733 1750 1754 1755 1758 1791 1816 1866 1873 1876 1895 1910 1911 1914 1916 1917 1920 1922 1928 1984 1998 2008 2020
360,C C ( C N 1 C C N ( C C 1 ) C 2 = C C = C C = C 2 ) N 3 C ( N C ( = O ) C 4 = C 3 C = C C ( = C 4 ) O ) C 5 = C C = C C = C 5,1 2 10 38 74 80 83 121 172 249 283 301 313 314 320 321 352 381 389 400 407 411 428 442 472 476 529 534 605 622 650 677 687 694 730 745 763 766 807 875 889 909 911 926 935 956 963 970 992 1019 1049 1057 1088 1114 1182 1196 1199 1277 1279 1295 1313 1380 1401 1405 1409 1425 1469 1480 1489 1508 1602 1608 1657 1663 1672 1750 1782 1791 1798 1799 1812 1825 1868 1873 1879 1882 1907 1915 1922 1965 2033
361,c 1 ( [nH] n c ( c 1 Cl ) C ( = O ) N c 1 c ( c c ( c c 1 ) F ) Cl ) C ( F ) F,1 42 74 79 160 205 221 234 272 314 366 378 406 459 486 490 531 561 594 650 694 699 702 708 747 756 807 854 860 875 879 888 895 928 947 998 1011 1015 1025 1050 1091 1114 1125 1152 1188 1212 1224 1278 1305 1324 1335 1340 1368 1380 1405 1410 1447 1487 1576 1624 1670 1683 1750 1793 1816 1856 1870 1873 1915 1917 1928 1990 1991 2004 2041 2045
362,C N ( C ) C 1 = N C = N C 2 = C 1 N = C ( N 2 C 3 = N N = C ( C = C 3 ) O C ) C 4 = C C ( = C C = C 4 ) F,32 88 92 133 158 207 209 217 230 259 341 378 379 427 465 474 475 487 489 508 527 635 641 695 699 736 739 766 788 841 846 875 876 881 897 935 993 997 1003 1034 1039 1055 1057 1066 1088 1160 1163 1164 1180 1194 1213 1215 1259 1285 1299 1336 1380 1394 1445 1452 1487 1518 1536 1549 1554 1570 1602 1607 1608 1670 1696 1698 1700 1722 1724 1750 1801 1810 1816 1826 1846 1855 1873 1882 1922 1928 1935 1964 1986 1990 1993
363,C C C 1 = C C = C C = C 1 C 2 = C ( C 3 = C C = C C = C 3 C = C 2 ) S,5 42 80 130 203 229 246 294 311 324 335 348 352 389 425 468 537 571 650 680 759 984 1057 1069 1087 1088 1097 1098 1104 1108 1199 1280 1349 1357 1380 1385 1399 1453 1528 1545 1573 1595 1597 1615 1750 1756 1759 1795 1799 1804 1807 1808 1851 1855 1872 1873 1977 1983 2014
364,C C ( C ) ( C ) C 1 = C ( C ( = C C ( = C 1 ) Br ) Cl ) C Cl,80 90 105 114 115 156 191 207 237 288 366 392 419 468 561 562 638 728 757 800 835 875 893 909 930 963 986 1012 1057 1059 1109 1130 1174 1315 1328 1339 1380 1405 1415 1432 1487 1508 1558 1565 1631 1676 1677 1683 1725 1736 1829 1830 1865 1873 1876 1895 1932 1968 2018 2034
365,C C [Si] ( C C ) ( C C ) C 1 = C ( C = C ( C ( = C 1 ) C ( = O ) O ) C ( F ) ( F ) F ) C ( F ) ( F ) F,80 114 154 165 227 236 249 258 262 294 300 331 378 389 397 419 456 478 501 558 570 641 650 714 726 755 794 807 809 841 875 887 915 994 1007 1035 1036 1047 1057 1066 1111 1125 1126 1145 1257 1271 1272 1304 1337 1380 1387 1403 1436 1438 1453 1567 1572 1575 1659 1747 1814 1873 1917 1928 1933 1947 1965 1976 1991 1998 2024
366,C 1 = C C = C ( C ( = C 1 ) C S C 2 = N N = C ( S 2 ) N C ( = O ) C C 3 = C C = C ( C = C 3 ) Cl ) Cl,41 70 80 116 124 155 162 216 243 295 298 310 318 321 325 326 341 366 378 381 385 438 512 524 541 543 561 584 605 650 675 684 730 762 797 807 816 913 922 935 959 974 999 1007 1056 1065 1070 1074 1088 1137 1152 1164 1173 1199 1215 1319 1349 1380 1414 1420 1567 1597 1603 1666 1683 1689 1707 1740 1750 1754 1756 1759 1807 1816 1821 1829 1839 1873 1889 1905 1917 1933 1940 2001 2024 2036
367,C S C 1 = C C = C C ( = C 1 ) N C ( = S ) N C C 2 = C C = C O 2,27 80 87 97 110 116 164 184 189 191 197 216 255 291 388 394 474 475 542 545 574 643 656 673 674 679 703 711 721 730 787 807 811 824 853 875 878 904 909 911 942 977 1039 1057 1060 1088 1152 1167 1186 1197 1233 1241 1271 1309 1318 1370 1380 1387 1436 1466 1497 1513 1518 1519 1531 1535 1580 1719 1723 1734 1750 1762 1787 1815 1816 1845 1859 1873 1926 1932 1934 1960
368,C C ( C ) ( C 1 = C C = C ( C = C 1 ) C ( C ) ( C ) C 2 = C C = C ( C = C 2 ) N C ( = O ) N C 3 = C C = C C = C 3 ) C 4 = C C = C ( C = C 4 ) N C ( = O ) N C 5 = C C = C C = C 5,8 45 56 114 191 200 294 322 346 376 389 392 485 487 497 594 650 679 689 703 757 790 807 843 850 870 884 886 937 960 984 1027 1056 1057 1076 1077 1084 1088 1097 1152 1155 1164 1179 1199 1318 1380 1417 1457 1461 1556 1665 1695 1750 1775 1807 1816 1832 1873 1906 1910 1917 1927 1956 1989 1990 1998
369,C 1 C C N ( C C 1 ) C ( = O ) C N 2 C ( = O ) / C ( = C / C 3 = C C ( = C ( C = C 3 ) O C C 4 = C C = C ( C = C 4 ) Cl ) Br ) / S C 2 = O,2 21 25 58 80 94 107 190 199 216 219 227 273 281 287 304 310 314 347 369 438 561 588 650 658 675 676 679 694 695 717 725 726 728 745 752 760 807 811 816 833 862 863 875 879 899 918 926 935 947 955 982 1003 1009 1027 1028 1041 1070 1084 1119 1188 1208 1226 1279 1288 1298 1299 1312 1313 1328 1380 1382 1390 1396 1404 1452 1469 1480 1490 1496 1531 1537 1549 1550 1551 1572 1595 1601 1631 1683 1691 1745 1750 1754 1756 1786 1820 1831 1868 1873 1917 1970 1998 1999 2009 2033 2035 2042 2044
370,C O c 1 c c c c 2 c 3 n ( C 4 C C C C C 4 ) c ( = O ) n ( c ( = O ) c 3 c n c 1 2 ) c 1 c c c c ( Cl ) c 1,2 53 62 165 213 214 216 220 249 260 314 344 377 378 424 435 454 463 489 504 506 543 561 592 629 650 695 716 771 795 841 847 875 890 925 926 935 1019 1028 1029 1039 1049 1057 1088 1141 1172 1262 1268 1288 1325 1331 1334 1350 1357 1367 1380 1408 1410 1440 1445 1452 1502 1535 1536 1573 1602 1683 1684 1686 1724 1750 1776 1787 1825 1857 1873 1910 1915 1970 1984 1993 2025 2030 2031 2046
371,C [C@@H] ( C ( = O ) C 1 = C C = C ( C = C 1 ) Br ) O C ( = O ) C 2 = N N C ( = O ) C C 2,1 69 93 95 110 145 160 260 267 268 283 298 300 314 322 323 329 375 378 386 454 475 555 647 650 659 695 722 728 732 771 807 808 903 906 909 926 936 970 975 981 988 1027 1057 1114 1157 1214 1269 1281 1353 1380 1385 1406 1468 1476 1492 1561 1569 1575 1631 1632 1649 1685 1697 1702 1729 1738 1750 1781 1798 1806 1873 1878 1917 1967 2016 2024 2025
372,C C 1 = C C ( = C ( C = C 1 ) C ) C ( = O ) O [C@H] ( C ) C ( = O ) N C 2 = C C ( = C C ( = C 2 ) Cl ) Cl,1 11 30 33 48 61 69 84 110 145 181 191 200 216 235 250 258 263 283 331 351 493 512 537 561 573 630 650 664 667 695 737 786 807 822 848 853 856 875 878 916 927 980 1000 1013 1034 1040 1057 1117 1128 1132 1144 1152 1159 1235 1237 1265 1269 1340 1380 1391 1458 1626 1634 1664 1683 1691 1722 1743 1747 1750 1753 1771 1814 1816 1823 1872 1873 1885 1917 1948 1991 2019 2032 2045 2047
373,C C 1 = C ( [C@@H] ( C 2 = C ( N 1 ) C [C@H] ( C C 2 = O ) C 3 = C C = C ( C = C 3 ) Cl ) C 4 = C C = C ( C = C 4 ) O C ) C ( = O ) O C C ( C ) C,1 21 25 26 41 73 80 103 118 125 145 147 211 216 231 244 254 256 257 266 270 283 294 300 314 322 329 330 401 409 415 489 561 569 573 598 646 650 661 672 674 695 696 705 718 725 751 762 763 781 807 816 822 831 841 871 920 926 961 1005 1019 1033 1057 1060 1070 1114 1129 1134 1136 1158 1169 1171 1181 1237 1241 1267 1279 1321 1352 1380 1393 1419 1445 1464 1479 1485 1488 1536 1556 1575 1582 1609 1620 1625 1640 1651 1653 1683 1687 1722 1750 1751 1803 1826 1847 1873 1887 1897 1913 1917 1951 2000 2034
374,C C 1 = C C ( = C ( C = C 1 C O C ( = O ) C 2 = C S C ( = N 2 ) C 3 = C C = C ( C = C 3 ) F ) O C ) O C,9 22 56 80 90 143 145 147 175 202 249 280 326 344 364 366 378 422 518 525 542 552 595 611 650 657 675 695 699 701 730 745 807 841 851 855 861 875 879 886 896 962 974 1057 1071 1084 1110 1160 1162 1233 1245 1264 1289 1297 1349 1366 1380 1382 1391 1410 1413 1478 1536 1567 1592 1597 1656 1670 1722 1728 1737 1750 1754 1793 1855 1873 1876 1889 1898 1917 1928 1934 1970 2007 2021 2030
375,C O C 1 = C ( C = C C ( = C 1 ) [N+] ( = O ) [O-] ) N C ( = O ) C N 2 C C N ( C C 2 ) C C 3 = C C = C ( C = C 3 ) O C ( F ) ( F ) F,16 41 74 80 114 115 130 145 164 237 249 266 277 283 310 317 322 469 535 548 581 622 628 650 676 695 711 715 718 724 753 777 784 804 807 833 838 841 869 875 880 926 935 1003 1019 1057 1074 1091 1112 1141 1149 1152 1159 1171 1195 1196 1206 1213 1224 1266 1274 1284 1312 1315 1380 1409 1453 1480 1497 1536 1560 1571 1613 1683 1723 1750 1754 1765 1771 1779 1789 1791 1809 1814 1816 1843 1856 1873 1898 1917 1920 1924 1928 1940 1948 1960 1963 1970
376,C C ( = O ) O C O C ( = O ) O C 1 = C C = C C ( = C 1 ) N ( C 2 = C C = C C = C 2 ) C 3 = C C = C C ( = C 3 ) N ( C 4 = C C = C C = C 4 ) C 5 = C C ( = C C = C 5 ) O C,34 73 80 147 161 170 194 244 245 284 288 294 303 322 389 420 452 466 469 505 513 555 562 600 626 633 650 695 781 803 807 841 846 852 875 881 892 895 918 1017 1022 1026 1035 1039 1054 1057 1060 1088 1096 1104 1154 1199 1204 1211 1281 1376 1380 1384 1389 1396 1397 1415 1487 1503 1536 1622 1644 1687 1729 1750 1873 1888 1900 1912 1917 1956 1972 1974 1975 2010 2032
377,C [C@@H] 1 C = C [C@H] ( C [C@H] 1 C O ) O C ( = O ) C,8 40 80 118 159 194 198 199 202 222 226 349 469 474 475 482 485 519 521 650 676 688 695 796 807 862 926 1017 1019 1031 1035 1057 1083 1111 1124 1126 1135 1148 1181 1196 1251 1278 1292 1309 1340 1353 1373 1407 1425 1516 1575 1639 1644 1651 1658 1720 1769 1777 1795 1873 1900 1917 1931 2001 2044
378,C C C C ( C 1 = C C = C C = C 1 ) N C ( = O ) C 2 C C N ( C C 2 ) C 3 = N C = C ( C = C 3 ) C ( F ) ( F ) F,1 43 70 80 114 117 172 192 217 252 278 291 294 306 335 345 378 389 407 488 514 527 560 564 635 650 662 689 703 738 739 765 767 769 794 804 807 809 914 926 935 972 973 974 1018 1019 1046 1057 1088 1104 1120 1152 1175 1199 1260 1270 1274 1275 1298 1314 1325 1349 1365 1370 1380 1388 1417 1450 1452 1453 1456 1465 1480 1535 1581 1589 1665 1678 1736 1750 1787 1824 1837 1858 1873 1908 1917 1928 1991 2046
379,C N 1 C ( = O ) C S C 2 = C 1 C = C ( C = C 2 ) N C ( = O ) N C 3 = C ( C = C ( C = C 3 ) Br ) F,1 56 81 106 129 157 178 184 191 206 236 248 259 280 302 314 361 449 466 573 587 630 650 654 669 675 681 699 728 744 766 798 807 812 843 859 862 875 882 909 926 935 949 987 1026 1043 1057 1064 1074 1084 1124 1139 1145 1152 1157 1160 1184 1224 1285 1295 1328 1380 1421 1465 1484 1525 1631 1636 1650 1653 1734 1750 1816 1840 1856 1873 1876 1908 1910 1911 1915 1917 1928 1967 1973 1989 1990 2041
380,C C C ( C ) C ( = O ) C N ( C ) C 1 = C C = C C = C 1,1 80 183 202 213 283 288 294 343 389 423 434 539 556 647 650 717 807 833 837 864 871 881 946 958 964 973 987 993 1001 1010 1057 1088 1096 1097 1099 1101 1163 1166 1190 1199 1205 1239 1252 1263 1289 1347 1358 1373 1380 1415 1443 1447 1479 1494 1496 1536 1544 1550 1555 1572 1574 1655 1668 1702 1739 1750 1753 1760 1780 1873 1898 1917 1948 2027 2041
381,C / C ( = C \ C 1 = C C = C O 1 ) / C = N / N C ( = O ) C 2 = C C ( = N N 2 ) C 3 = C C = C 4 C C C 5 = C 4 C 3 = C C = C 5,2 62 74 88 104 134 143 165 218 265 318 352 357 378 386 448 464 474 482 486 494 502 599 617 639 650 656 664 680 694 712 725 780 787 807 832 875 911 926 970 980 1017 1024 1039 1057 1088 1114 1116 1127 1138 1152 1223 1233 1236 1238 1259 1305 1328 1349 1357 1371 1380 1419 1432 1479 1486 1509 1573 1579 1594 1645 1660 1665 1679 1701 1708 1738 1742 1744 1746 1747 1750 1758 1768 1789 1790 1794 1832 1867 1873 1903 1908 1910 1917 1926 1930 1959 1974 1980 1984 1992 2004 2023
382,C ( / C = C / C = C / C ( = O ) [O-] ) O [O-],4 19 31 36 80 132 133 155 234 258 296 298 367 399 432 478 488 490 553 633 635 636 638 650 694 695 715 807 812 823 825 833 946 955 973 1026 1082 1102 1109 1116 1133 1226 1317 1324 1356 1384 1393 1460 1510 1545 1546 1608 1617 1655 1662 1692 1747 1855 1856 1861 1917 1923 1953 1955 1985 2012
383,C C C ( C ( = O ) N 1 C 2 = C C = C C = C 2 C 3 = C C = C C = C 3 1 ) S C 4 = C C = C ( C = C 4 ) N C ( = O ) / C ( = C / C 5 = C C ( = C C = C 5 ) Br ) / N C ( = O ) C 6 = C C = C C = C 6,1 45 80 81 101 108 116 125 139 147 163 183 191 239 244 251 271 276 283 290 294 315 389 477 485 486 576 609 611 625 650 694 728 733 737 754 766 772 807 811 822 843 875 891 909 930 935 955 960 964 1027 1035 1039 1057 1069 1077 1088 1090 1103 1116 1118 1119 1143 1152 1170 1193 1199 1210 1214 1217 1218 1225 1227 1240 1246 1255 1272 1282 1285 1336 1353 1357 1380 1385 1393 1412 1481 1507 1523 1544 1573 1627 1631 1662 1665 1707 1746 1750 1816 1856 1873 1912 1917 1941 1948 1954 1966 1985 2022 2033 2047
384,C C C C N ( C C = C ) C ( = O ) C 1 C 2 3 [C@@H] ( [C@@H] ( [C@@H] ( S 2 ) C C 3 C ) C ( = O ) N ( C C = C ) C 4 = C C = C ( C = C 4 ) O C C ) C ( = O ) N 1 C C O,5 53 69 74 75 80 102 120 205 208 212 217 222 237 238 294 309 314 322 335 348 398 456 473 505 506 521 591 636 644 650 662 666 673 675 694 695 718 741 754 783 792 794 797 798 807 881 883 926 935 940 960 976 977 978 995 1019 1036 1046 1057 1060 1089 1096 1099 1101 1105 1145 1158 1163 1177 1181 1238 1267 1272 1292 1309 1329 1348 1356 1366 1380 1452 1520 1526 1558 1573 1594 1624 1635 1645 1650 1697 1748 1750 1758 1775 1814 1822 1838 1873 1877 1896 1911 1917 1948 1951 2026 2043 2044
385,[N+] ( = O ) ( c 1 c c c ( C C ( = O ) N c 2 c ( c 3 c ( N C C C N ( C ) C ) c c c c 3 ) c c c c 2 ) c c 1 ) [O-],29 41 66 80 84 100 117 167 183 212 245 257 270 310 325 350 352 412 416 456 470 473 506 539 557 616 640 650 652 667 693 715 730 753 769 773 775 780 807 814 823 838 877 881 899 910 913 946 958 966 984 1010 1057 1088 1152 1163 1176 1191 1195 1199 1201 1224 1263 1274 1335 1339 1380 1382 1406 1416 1434 1479 1522 1588 1602 1622 1669 1696 1750 1754 1756 1766 1776 1809 1814 1816 1817 1834 1864 1873 1911 1917 1944 1946 1948 1951 1961 1962 1963 1972 2014
386,C 1 C ( C ( C S 1 ( = O ) = O ) O ) N C C ( = O ) O,60 80 83 85 104 199 207 212 234 236 243 248 265 298 328 389 390 440 445 461 469 521 563 615 617 635 650 682 686 738 807 843 849 876 924 926 996 1019 1058 1077 1090 1117 1152 1204 1240 1257 1309 1323 1362 1403 1440 1466 1470 1569 1629 1633 1665 1702 1737 1753 1776 1798 1868 1869 1875 1909 1917 1974 1979 1995
387,C N ( C 1 = N C ( = C C ( = N 1 ) C 2 = C C = C C = C 2 ) C 3 = C C = C C = C 3 ) / N = C \ C 4 = C C = C ( C = C 4 ) [N+] ( = O ) [O-],6 25 30 45 48 53 94 105 126 157 215 269 270 378 380 389 403 650 654 667 674 694 703 715 725 726 736 753 769 790 795 831 838 864 875 881 916 937 980 1029 1057 1088 1091 1160 1163 1195 1199 1209 1227 1243 1261 1274 1309 1370 1373 1380 1385 1448 1506 1557 1574 1582 1588 1677 1698 1750 1778 1809 1814 1855 1873 1907 1963 1971 1973 1984 2022 2033
388,C C C N ( C C C ( = O ) N C C N 1 C C O C C 1 ) C ( = O ) C 2 = C ( O C = C 2 ) C,41 62 75 80 122 140 163 166 188 197 200 207 231 294 304 330 355 397 434 523 586 597 641 642 650 656 667 680 689 699 714 728 756 764 787 791 794 807 835 881 894 926 935 950 973 978 1018 1057 1072 1076 1098 1129 1145 1152 1206 1219 1221 1233 1236 1258 1267 1380 1387 1405 1427 1433 1441 1469 1480 1482 1487 1564 1571 1583 1589 1632 1722 1750 1760 1761 1776 1791 1843 1849 1853 1873 1902 1905 1917 1920 1924 1926 1951 1965 1991
389,C 1 = C C = C 2 C = C ( C = C C 2 = C 1 ) N C ( = O ) C N 3 C 4 = C ( [C@@H] ( C 5 C ( S 4 ) C ( = O ) N ( C 5 = O ) C 6 = C C = C ( C = C 6 ) Br ) C 7 = C C ( = C C = C 7 ) Br ) S C 3 = O,4 5 12 41 63 80 83 162 163 184 189 191 192 203 233 259 294 314 322 361 378 379 382 455 461 485 568 598 620 631 650 675 695 723 728 748 766 801 802 807 843 851 867 875 884 901 909 924 935 966 975 985 994 1014 1019 1039 1087 1088 1098 1102 1124 1152 1157 1176 1184 1199 1246 1273 1279 1284 1286 1312 1337 1362 1380 1427 1440 1443 1453 1457 1476 1524 1581 1592 1605 1631 1633 1641 1649 1658 1663 1682 1686 1721 1745 1750 1788 1816 1817 1824 1825 1855 1873 1917 1934 1935 1939 1989 2002
390,C C N ( C C ) C C N ( C 1 = N C 2 = C C = C C = C 2 S 1 ) C ( = O ) C 3 = C C = C ( C = C 3 ) S ( = O ) ( = O ) N ( C ) C 4 C C 4,38 40 80 119 162 209 251 289 294 319 342 350 360 363 364 378 461 491 500 506 554 557 587 620 634 650 675 687 703 715 727 754 766 783 807 809 815 818 849 881 885 926 930 932 964 980 1019 1057 1079 1088 1097 1106 1115 1154 1163 1199 1221 1251 1268 1275 1310 1325 1380 1385 1417 1422 1429 1461 1468 1476 1500 1511 1539 1573 1589 1594 1597 1604 1637 1697 1706 1727 1750 1755 1855 1873 1887 1917 1946 1951 1963 1981 2034
391,C C 1 = C ( S C 2 = C 1 C ( = O ) N ( C = N 2 ) C C ( = O ) O C C ( = O ) N C 3 = C C = C C = C 3 F ) C,41 80 106 127 147 150 162 167 179 223 224 225 244 252 264 313 314 335 378 435 465 504 511 541 558 582 650 656 675 683 695 699 717 728 748 783 788 807 817 818 820 857 862 932 935 944 1003 1025 1032 1046 1057 1076 1088 1146 1152 1199 1211 1224 1234 1302 1312 1375 1376 1380 1386 1395 1431 1438 1452 1455 1499 1534 1551 1584 1696 1722 1724 1739 1750 1816 1840 1841 1847 1850 1873 1917 1928 1948 1984 2004 2013 2032
392,C O C ( C N C 1 = N C = C 2 C ( = N 1 ) C ( = N C = N 2 ) N C 3 = C C ( = C ( C = C 3 ) F ) Cl ) O C,1 17 41 61 64 80 92 101 132 140 170 191 198 216 239 246 296 302 329 337 346 350 361 366 378 395 422 465 489 491 544 561 567 606 612 643 647 648 657 691 695 699 708 710 810 824 835 841 843 875 884 888 906 971 1032 1057 1085 1097 1127 1152 1193 1219 1226 1283 1306 1343 1351 1367 1380 1416 1439 1452 1488 1500 1513 1522 1535 1581 1582 1646 1683 1715 1724 1750 1810 1840 1855 1873 1917 1928 2001 2032 2033
393,C [C@@H] 1 C C 2 = C ( N 1 C ) C ( = C C = C 2 ) C ( = O ) C 3 = C C = C C = C 3 F,9 60 79 129 146 182 184 205 217 229 231 311 343 352 382 522 569 586 621 622 624 650 666 699 734 790 807 843 878 926 934 935 949 967 971 1019 1022 1032 1039 1050 1057 1088 1090 1091 1113 1145 1182 1191 1199 1236 1309 1367 1380 1414 1421 1447 1533 1648 1672 1679 1708 1750 1793 1840 1873 1908 1917 1928 1951 1991 1992 2006
394,C 1 2 ( C C C 1 ) C C C ( C N c 1 c ( c ( n c ( n 1 ) C # N ) O C 1 C C ( N C ( C 1 ) ( C ) C ) ( C ) C ) C ( = O ) N C ) C C 2,29 80 119 169 225 244 263 278 321 345 378 380 401 425 447 482 486 524 571 586 615 618 637 641 650 659 674 679 695 708 790 807 860 885 900 926 930 959 996 1010 1019 1028 1057 1060 1067 1092 1114 1134 1136 1152 1162 1191 1202 1210 1212 1222 1231 1232 1274 1312 1325 1339 1380 1384 1409 1412 1416 1422 1430 1518 1547 1575 1604 1605 1674 1688 1690 1716 1719 1735 1745 1759 1784 1833 1834 1839 1851 1855 1917 1945 1975 1988 2021 2028
395,C C C 1 ( O C [C@H] ( O 1 ) [C@H] ( [C@@H] ( C ) C C ( = O ) C [C@H] ( C ) [C@@H] ( [C@@H] 2 C O C ( O 2 ) ( C C ) C C ) O C C 3 = C C = C ( C = C 3 ) O C ) O C C 4 = C C = C ( C = C 4 ) O C ) C C,1 61 80 101 142 188 214 244 283 294 296 310 316 318 322 343 381 391 418 482 501 520 522 578 595 600 650 655 656 674 679 695 715 718 743 745 752 772 781 790 807 812 830 831 841 888 926 956 963 1017 1019 1033 1057 1060 1070 1098 1103 1123 1136 1258 1290 1318 1333 1351 1380 1413 1432 1500 1506 1536 1597 1720 1731 1746 1750 1754 1785 1798 1853 1873 1917 1923 1934 1980 2005 2042
396,C C C ( C 1 = N C 2 = C C = C C = C 2 C ( = O ) N 1 C 3 = C C = C C = C 3 O C ) N ( C C C 4 = C C = C C = C 4 ) C ( = O ) N C 5 = C C = C ( C = C 5 ) [N+] ( = O ) [O-],1 2 46 80 107 151 171 191 193 206 232 249 251 287 289 294 309 314 332 346 378 389 421 446 483 504 513 569 585 592 604 647 650 695 703 715 753 769 791 807 814 838 841 843 881 935 950 1045 1057 1066 1071 1077 1088 1097 1098 1122 1142 1152 1195 1197 1199 1243 1248 1256 1274 1286 1295 1296 1327 1357 1359 1380 1410 1419 1427 1428 1434 1467 1479 1497 1524 1536 1544 1566 1573 1601 1602 1603 1647 1659 1661 1677 1750 1754 1809 1814 1816 1836 1850 1855 1861 1873 1895 1917 1939 1951 1963 1970 1982 1993 2009
397,C C 1 = C C ( = C ( C = C 1 ) O P ( C 2 = C C = C ( C = C 2 ) C 3 = C C = C C = C 3 ) O C 4 = C ( C = C ( C = C 4 ) C ) C ) C,5 45 73 94 150 204 214 235 268 270 389 423 482 517 567 677 689 695 736 796 818 875 878 896 953 1013 1057 1088 1091 1117 1160 1199 1347 1365 1380 1391 1400 1514 1545 1601 1640 1661 1676 1722 1723 1724 1743 1750 1752 1753 1803 1823 1865 1873 1964 1967 1970 1997 2009
398,C C 1 = C C ( = C ( C ( = C 1 ) C ) O C C [N+] ( C ) ( C ) C ) C,13 26 39 79 80 104 113 180 184 204 233 305 315 319 320 332 333 353 414 419 452 514 558 588 628 695 760 837 843 875 913 974 1034 1035 1057 1134 1179 1286 1314 1352 1360 1380 1391 1442 1452 1463 1485 1603 1658 1701 1704 1722 1726 1823 1873 1876 1938 1950 1952 1953 1981 2044
399,C 1 = C C ( = C C = C 1 C 2 = C C ( = C ( C = C 2 C 3 = C C ( = C C ( = C 3 ) Cl ) Cl ) F ) F ) S ( = O ) ( = O ) N,39 42 56 148 175 215 216 222 267 271 319 350 352 365 395 409 425 428 446 467 495 561 618 650 675 699 715 747 784 833 875 896 935 988 1078 1081 1084 1160 1171 1175 1197 1235 1250 1380 1443 1476 1489 1539 1572 1607 1614 1683 1703 1706 1733 1747 1750 1762 1840 1849 1873 1921 1928 1958 2026
400,C C 1 = C ( N C 2 = C 1 C ( = O ) C [C@H] ( C 2 ) C 3 = C C = C ( C = C 3 ) O C ) C ( = O ) O C C 4 = C C = C C = C 4,80 85 145 147 164 200 201 211 217 231 237 252 314 322 323 364 384 389 404 413 437 452 461 466 469 628 637 650 676 686 695 718 739 743 745 751 781 784 807 831 834 840 841 853 862 899 924 926 979 1019 1041 1057 1066 1088 1114 1130 1158 1166 1183 1199 1279 1282 1380 1392 1397 1419 1432 1508 1536 1566 1587 1652 1685 1721 1722 1745 1747 1750 1754 1777 1803 1868 1873 1876 1884 1888 1896 1901 1914 1917 1930 1957 2000 2026 2042 2043
401,C / C ( = N \ N C ( = O ) C 1 C O C 2 = C C = C C = C 2 O 1 ) / C 3 = C C = C ( C = C 3 ) Br,66 86 111 252 318 352 441 450 560 566 608 650 656 674 689 700 725 728 750 807 895 909 926 933 940 957 977 1017 1019 1052 1054 1057 1088 1105 1152 1157 1199 1219 1247 1295 1316 1372 1380 1385 1392 1474 1481 1566 1572 1584 1612 1623 1624 1631 1647 1649 1697 1699 1702 1727 1744 1750 1755 1802 1839 1846 1864 1873 1884 1901 1905 1917 1923 1975 1984 2004 2037
402,C 1 C = C [C@H] 2 [C@@H] 1 / C ( = N \ N C 3 = C ( C ( = C ( C ( = C 3 F ) F ) F ) F ) F ) / C 2,17 140 141 143 151 163 213 231 278 284 289 359 369 381 419 445 455 480 481 526 542 563 573 578 598 623 631 666 699 725 741 848 898 926 1019 1083 1106 1111 1128 1152 1163 1198 1222 1264 1280 1380 1400 1414 1416 1445 1481 1489 1500 1512 1544 1555 1566 1622 1631 1680 1779 1789 1873 1891 1918 1928 1980 1993 1999 2001 2003 2037
403,C 1 C C C ( C 1 ) N C ( = O ) C N 2 C ( = O ) N 3 C = C N = C ( C 3 = N 2 ) N 4 C C O C C 4,29 41 46 59 80 115 129 130 144 158 314 365 378 387 407 426 428 446 460 523 565 579 650 656 676 705 750 771 801 807 846 877 890 892 909 922 926 930 935 950 1013 1014 1019 1028 1101 1110 1124 1152 1242 1309 1312 1325 1331 1336 1380 1405 1430 1437 1441 1452 1472 1480 1529 1565 1617 1634 1655 1696 1707 1778 1786 1815 1866 1873 1879 1917 1938 1946 1956 1969
404,C N 1 C ( = C N = C 1 C 2 = N C ( = C S 2 ) C Cl ) [N+] ( = O ) [O-],5 80 95 135 172 297 322 341 354 378 457 483 502 518 552 564 585 629 650 675 687 715 724 726 737 746 750 753 756 769 819 832 838 855 863 926 935 963 1057 1109 1118 1145 1185 1195 1211 1218 1227 1271 1380 1387 1390 1430 1452 1466 1480 1508 1521 1535 1567 1605 1641 1682 1683 1707 1722 1820 1848 1855 1873 1876 1925 1934 1963 1973 1974 2016 2017
405,C [C@] ( C 1 = C C = C C = C 1 ) ( C ( = O ) [O-] ) N = C = S,3 8 19 24 38 82 85 89 97 114 293 389 392 406 434 473 539 600 650 663 674 700 715 725 807 861 915 938 997 1022 1040 1057 1059 1087 1088 1092 1199 1202 1226 1259 1297 1373 1380 1394 1417 1429 1430 1438 1635 1658 1718 1750 1775 1787 1873 1917 1932 1938 2017
406,C 1 C C 2 = C ( C 1 ) S C 3 = N C ( = N C ( = C 2 3 ) N 4 C C N ( C C 4 ) C ( = O ) C 5 6 C C 7 C C ( C 5 ) C C ( C 7 ) C 6 ) C 8 = C N = C C = C 8,42 49 72 129 130 162 220 228 257 361 378 393 407 427 436 437 463 511 561 567 625 650 675 679 721 736 768 770 778 807 833 882 889 892 899 907 925 926 935 939 997 1019 1028 1043 1060 1088 1155 1160 1178 1187 1202 1240 1291 1292 1302 1307 1315 1380 1385 1391 1430 1445 1446 1448 1455 1472 1480 1508 1518 1527 1535 1576 1586 1589 1603 1653 1661 1699 1717 1723 1738 1750 1786 1817 1820 1855 1866 1873 1908 1917 1929 1976 1984 1987 2000 2009 2028
407,C C C C C 1 = C C 2 = C ( S 1 ) S C C ( = O ) N 2 C C ( = O ) N C C 3 = C C ( = C C = C 3 ) Br,3 41 45 49 70 80 157 162 197 215 223 255 294 314 323 328 333 485 505 532 550 588 591 615 622 650 656 675 682 728 749 762 766 794 798 806 807 818 843 847 859 875 909 926 927 935 939 975 982 1039 1057 1066 1083 1088 1152 1235 1243 1244 1285 1295 1304 1312 1380 1394 1399 1425 1475 1502 1521 1556 1557 1564 1572 1573 1581 1609 1615 1631 1657 1712 1740 1750 1754 1777 1779 1786 1809 1818 1824 1825 1858 1873 1890 1911 1917 1976 1984 2014
408,C C N ( C ) C 1 = C C ( = C ( C = C 1 C ) C ( = O ) C 2 = C C = C C = C 2 C ( = O ) O ) O,9 52 54 80 133 205 294 386 389 395 456 649 650 665 742 772 807 820 831 870 875 881 919 928 932 949 955 984 1047 1057 1079 1088 1101 1163 1165 1199 1214 1282 1292 1325 1342 1362 1380 1391 1442 1447 1456 1553 1570 1580 1602 1607 1619 1620 1638 1647 1722 1728 1750 1817 1822 1827 1872 1873 1885 1893 1907 1913 1917 1936 1967 1991 2018
409,c 1 c c c 2 c ( c 1 ) n c ( n 2 C c 1 c c c c c 1 ) N C c 1 c n c o 1,11 45 80 99 155 157 167 209 225 255 289 293 320 323 335 357 376 378 389 506 514 555 638 642 656 685 690 753 780 788 802 807 849 868 935 1009 1046 1065 1066 1088 1097 1152 1175 1190 1199 1227 1229 1232 1233 1285 1361 1380 1416 1422 1535 1603 1606 1611 1647 1683 1690 1750 1754 1765 1855 1873 1879 1910 1912 1934 1946 1976 1982 2009 2044
410,C C ( C ) ( C ) O C ( = O ) N 1 C C C ( C C 1 ) N 2 C = N C ( = C 2 C 3 = N C ( = N C = C 3 ) O C 4 = C C = C C = C 4 ) C 5 = C C = C ( C = C 5 ) F,22 86 90 106 114 175 193 194 200 204 212 229 231 239 289 297 322 323 326 338 369 378 382 389 392 461 471 526 562 576 577 583 620 650 652 695 699 721 743 787 789 807 847 887 896 899 926 932 935 954 980 1004 1019 1033 1042 1057 1065 1085 1088 1093 1125 1160 1189 1199 1275 1324 1325 1361 1380 1410 1413 1415 1431 1452 1480 1487 1574 1609 1617 1653 1658 1665 1670 1712 1750 1855 1857 1859 1866 1873 1893 1910 1917 1928 1944 1972 2009 2027
411,C C ( C 1 = C C = C C = C 1 ) N C ( = O ) C C 2 = C C = C ( C = C 2 ) N ( C C 3 = C C ( = C C = C 3 ) F ) C ( = O ) C 4 C C C C 4,1 10 14 41 80 117 122 218 227 230 233 283 310 322 325 389 413 418 450 457 466 507 534 552 561 626 644 650 651 670 699 720 730 741 774 782 783 798 807 808 857 874 875 881 890 913 926 960 974 1019 1023 1024 1028 1039 1044 1053 1057 1066 1088 1096 1100 1121 1145 1152 1199 1218 1243 1257 1297 1300 1325 1348 1365 1380 1399 1405 1468 1472 1487 1581 1621 1623 1627 1670 1695 1712 1722 1737 1750 1752 1754 1763 1764 1775 1806 1810 1866 1873 1875 1917 1928 1929 1939 1944
412,C C O C 1 = C C = C ( C = C 1 ) N S ( = O ) ( = O ) C 2 = C C = C ( C = C 2 ) O C C ( = O ) N C 3 = C C = C C ( = C 3 C ) C,4 12 29 41 69 80 97 102 167 191 192 211 225 237 241 252 294 319 322 343 349 350 408 410 502 504 520 526 633 642 650 693 695 715 718 743 759 760 807 843 883 896 911 980 983 1007 1039 1057 1088 1152 1224 1238 1265 1270 1291 1321 1336 1380 1389 1391 1451 1452 1464 1476 1571 1600 1601 1607 1614 1685 1696 1711 1715 1722 1750 1767 1816 1821 1823 1844 1861 1863 1873 1887 1917 1943 1948 1956 1981 1987 1999 2004 2028 2041
413,C O C 1 = C C 2 = C ( C = C 1 ) N = C ( N 2 ) S C C [NH+] 3 C C C C C 3,2 8 18 80 85 116 119 122 215 263 268 280 322 341 343 373 376 378 394 439 466 482 541 612 621 624 652 695 696 718 781 790 800 841 871 875 926 961 963 1028 1057 1078 1085 1091 1097 1101 1102 1110 1114 1117 1168 1182 1183 1205 1242 1310 1342 1380 1441 1460 1489 1536 1601 1617 1657 1676 1690 1692 1693 1727 1729 1745 1750 1773 1855 1873 1905 1911 1916 1931 1972 1975 1978 2010
414,C C 1 = C N = C ( C ( = C 1 O C ) C ) C N 2 C = [N+] ( C 3 = C C = C C = C 3 2 ) [O-],45 69 80 82 139 148 215 252 289 290 310 329 333 343 364 378 463 468 660 692 695 703 707 715 752 798 813 841 935 944 976 983 1057 1074 1088 1093 1100 1104 1122 1145 1161 1163 1170 1184 1194 1199 1226 1261 1285 1314 1328 1380 1391 1414 1452 1455 1466 1475 1505 1511 1535 1536 1570 1599 1610 1722 1746 1750 1765 1828 1858 1873 1891 1897 1917 1933 1966 1982 2029 2044
415,c 1 ( c ( c ( n ( c 1 C ( = O ) N C c 1 c c ( c c c 1 ) C ( = O ) N ) C ( C ) C ) C C [C@H] ( C [C@H] ( C C ( = O ) O ) O ) O ) c 1 c c c ( c c 1 ) F ) c 1 c c c c c 1,1 80 85 90 131 140 157 169 197 227 255 274 275 283 290 309 389 405 456 486 596 608 624 641 650 677 680 682 699 703 736 739 777 798 806 807 813 861 862 875 880 894 896 913 935 944 946 973 981 993 1016 1039 1057 1058 1066 1088 1126 1141 1152 1160 1171 1182 1192 1199 1223 1243 1285 1290 1304 1324 1354 1380 1385 1410 1437 1463 1501 1508 1544 1563 1573 1596 1613 1670 1727 1737 1747 1750 1754 1771 1779 1799 1838 1861 1873 1917 1928 1930 1952 1983 1985 2004 2038
416,C C 1 = C [N+] ( = C C = C 1 ) C ( C 2 = C C = C C = C 2 ) C ( = O ) [O-],1 74 87 153 179 229 248 251 283 302 341 350 389 409 421 457 463 466 510 556 581 608 630 650 715 723 730 743 782 793 807 858 883 894 913 916 945 1003 1010 1028 1042 1055 1057 1088 1091 1107 1120 1124 1199 1226 1365 1380 1427 1581 1686 1722 1750 1823 1873 1875 1917 1925 1958 1992
417,C C 1 = C ( C ( = C C = C 1 ) C ) O C ( C ) C ( = O ) N 2 C C N ( C C 2 ) C ( C 3 = C C = C C = C 3 ) C 4 = C C = C C = C 4,1 15 80 108 142 169 189 208 222 283 310 333 360 378 389 409 461 496 517 577 582 605 650 664 679 688 695 724 748 807 848 899 916 926 935 1005 1039 1054 1057 1072 1088 1137 1160 1171 1199 1265 1269 1313 1321 1355 1364 1365 1380 1391 1398 1410 1463 1480 1492 1510 1525 1552 1563 1565 1568 1581 1589 1600 1602 1608 1627 1665 1722 1750 1771 1778 1846 1873 1917 1978 1999 2001 2009 2023
418,C 1 = C C 2 = C ( C = C C ( = C 2 C ( = C 1 ) [N+] ( = O ) [O-] ) Br ) S ( = O ) ( = O ) N,98 164 215 277 290 313 314 328 350 354 374 392 405 631 640 647 650 665 675 691 695 709 715 716 728 753 761 765 788 808 833 838 843 868 872 966 991 1002 1039 1088 1171 1188 1195 1207 1220 1222 1225 1242 1260 1275 1301 1357 1380 1476 1477 1491 1573 1600 1607 1631 1697 1750 1757 1774 1873 1963 1984 2009 2038
419,C C ( C ) ( C ) O C ( = O ) N 1 C O C [C@@H] 1 C C 2 = C C = C C = C 2,1 45 80 106 114 116 152 157 231 237 242 283 286 341 369 382 384 389 392 458 482 515 523 592 650 656 660 695 764 795 807 851 865 892 901 926 935 1019 1055 1057 1065 1066 1072 1088 1089 1152 1182 1195 1199 1226 1259 1275 1380 1401 1449 1456 1479 1494 1526 1552 1574 1593 1607 1657 1670 1731 1750 1754 1785 1797 1804 1823 1847 1859 1867 1873 1917 1922 1923
420,C 1 ( = C ( C ( = C ( C ( = C 1 F ) F ) F ) F ) F ) C 2 = C ( C ( = C ( C ( = C 2 F ) F ) S ) F ) F,39 44 57 65 86 158 160 181 227 229 292 303 343 350 408 479 488 501 506 526 551 589 603 611 699 1073 1225 1238 1239 1249 1278 1281 1367 1380 1384 1428 1445 1451 1460 1511 1516 1528 1628 1649 1747 1756 1765 1807 1848 1907 1928
421,C O C 1 = C C ( = C ( C = C 1 C 2 C ( C ( = C ) N C 3 = C 2 C ( = O ) C C C 3 ) C ( = O ) O C C 4 C C C O 4 ) O C ) O C,31 35 80 91 96 113 147 170 206 216 240 248 249 257 314 338 361 395 490 494 527 534 578 607 643 650 653 656 695 699 729 751 802 807 821 825 826 841 857 867 875 876 892 926 946 950 1019 1027 1028 1044 1057 1060 1114 1136 1245 1246 1258 1267 1269 1292 1325 1358 1364 1365 1366 1380 1387 1391 1414 1453 1468 1479 1536 1537 1582 1621 1630 1642 1674 1685 1721 1738 1755 1761 1801 1873 1895 1907 1917 1970 2027 2029
422,C C ( = O ) N C 1 = C C ( = C ( C = C 1 ) O C ) N C ( = O ) C O C ( = O ) C C ( C ) ( C ) C,41 80 94 102 114 147 167 184 191 221 235 245 249 264 360 392 530 536 538 541 634 649 650 695 700 718 724 729 773 778 807 814 816 831 841 843 849 875 878 903 918 971 997 1017 1057 1058 1061 1073 1081 1103 1152 1155 1166 1192 1208 1224 1293 1338 1349 1380 1386 1391 1403 1499 1536 1544 1546 1552 1560 1561 1608 1628 1675 1708 1749 1750 1785 1789 1791 1816 1824 1827 1873 1900 1917 1948 1956 1970 1987 2004 2030 2042
423,C ( C ( = O ) N C ) N C ( = O ) C N C ( = O ) c 1 c c c c ( n 2 n c ( c c 2 N C ( = O ) N c 2 c c c c 3 c 2 c c c c 3 ) C ( C ) ( C ) C ) c 1,9 18 41 56 80 90 113 114 142 159 162 197 235 244 265 277 319 345 368 378 392 403 450 486 526 540 573 595 650 653 693 755 780 807 861 875 889 909 935 971 979 998 1007 1036 1039 1049 1055 1057 1087 1088 1104 1107 1134 1152 1162 1199 1224 1238 1285 1339 1357 1380 1385 1387 1422 1430 1440 1501 1548 1573 1618 1692 1696 1715 1750 1799 1816 1824 1825 1844 1852 1855 1873 1911 1917 1956 1975 1982 1985 1989 2012 2013 2035 2041
424,C 1 = C C ( = C C ( = C 1 ) Cl ) N C ( = O ) C N 2 C 3 = C ( C ( = O ) N ( C 2 = O ) C C 4 = C C = C ( C = C 4 ) C ( = O ) N C C 5 = C C = C O 5 ) S C = C 3,14 41 45 80 131 165 184 191 197 214 216 255 265 310 314 335 360 386 474 486 504 554 561 592 599 650 656 675 703 726 771 778 787 802 807 813 862 875 901 922 935 938 939 942 977 1039 1049 1076 1088 1125 1128 1134 1152 1167 1233 1251 1276 1284 1293 1295 1312 1342 1375 1380 1385 1464 1466 1481 1484 1518 1567 1590 1651 1665 1683 1697 1750 1754 1765 1775 1792 1816 1817 1819 1865 1871 1873 1898 1917 1926 1934 2039 2046
425,C C 1 = C C 2 = C ( C = C 1 ) S C ( = C 2 C C ( = O ) N ) C,68 80 118 140 162 221 224 235 278 298 309 313 325 462 517 530 562 568 612 639 647 650 675 729 768 791 807 860 874 875 884 885 934 963 967 970 1013 1026 1057 1148 1153 1171 1181 1189 1247 1281 1288 1316 1330 1352 1353 1357 1362 1380 1383 1428 1462 1481 1512 1522 1722 1744 1750 1751 1805 1823 1873 1876 1898 1917 1918 1945 1961 2018 2029 2034
426,C C C C S ( = O ) C C ( C O C 1 = C C = C ( C = C 1 ) Cl ) O C ( = O ) C S C 2 = C ( C ( = C C ( = N 2 ) C 3 = C C = C ( C = C 3 ) O C ) C 4 = C C = C C = C 4 ) C # N,1 17 32 33 69 80 102 116 118 125 203 208 213 216 222 271 293 294 306 322 341 352 358 365 378 387 389 405 427 458 468 495 547 561 591 598 614 650 674 676 695 718 736 744 780 781 790 793 794 807 816 831 833 834 841 875 896 902 916 949 979 980 1008 1044 1057 1070 1081 1088 1094 1097 1115 1121 1136 1160 1199 1240 1257 1260 1265 1288 1341 1342 1380 1384 1386 1412 1445 1452 1471 1475 1477 1497 1522 1525 1536 1619 1643 1683 1718 1729 1750 1821 1855 1861 1864 1873 1911 1917 1932 1933 1949 1959 1971
427,C C ( C ) O C ( = N ) C 1 = C N = C ( C = C 1 ) Cl,1 2 19 69 102 105 153 180 186 275 283 298 355 369 378 508 561 585 596 599 614 623 695 717 770 807 811 823 857 953 1016 1057 1071 1104 1114 1125 1222 1238 1240 1248 1253 1268 1292 1306 1380 1385 1413 1418 1423 1452 1502 1509 1513 1533 1535 1581 1639 1640 1663 1683 1697 1710 1750 1758 1768 1784 1793 1853 1873 1888 1898 1952 1965 1978
428,C C C ( = O ) C 1 = C C = C ( C = C 1 ) O C C ( = O ) O C C ( = O ) C 2 = C ( N ( C ( = O ) N ( C 2 = O ) C C ( = O ) O C ) C C 3 = C C = C C = C 3 ) N,80 82 86 102 114 139 147 163 183 195 264 278 294 314 322 330 335 336 360 389 433 435 479 500 504 579 586 617 628 643 650 695 718 725 735 751 771 799 802 807 816 841 898 921 926 935 961 969 1048 1057 1066 1088 1124 1152 1157 1171 1199 1251 1284 1305 1310 1312 1318 1364 1380 1385 1386 1391 1426 1452 1454 1457 1460 1550 1597 1618 1664 1672 1683 1688 1693 1697 1710 1739 1742 1750 1754 1765 1780 1796 1873 1887 1917 1930 1972 1996 2004 2040
429,C C 1 = C ( C = C C ( = C 1 ) C 2 = N N ( C ( = C 2 C ) C ( = O ) N C ( C ) C ) C ( C ) C ) C # N,1 24 117 124 157 158 159 174 194 252 283 291 323 361 378 459 475 486 488 509 529 650 662 674 678 695 748 759 761 790 807 828 851 861 875 896 904 922 926 935 1028 1029 1056 1057 1073 1112 1136 1152 1158 1160 1199 1255 1313 1315 1349 1353 1360 1380 1384 1391 1404 1493 1568 1575 1687 1710 1722 1750 1774 1793 1862 1873 1885 1889 1917 1956 1991 2004 2013 2029
430,C C ( C ) ( C ) N C ( = O ) C S C 1 = N N = C ( N 1 C 2 = C ( C = C C ( = C 2 ) Cl ) O C ) C 3 = C C ( = C C = C 3 ) Cl,24 41 75 80 94 114 116 165 193 216 249 284 341 354 378 384 389 392 418 451 514 561 592 603 650 694 695 710 736 746 747 784 807 816 841 875 901 935 964 1004 1039 1042 1055 1057 1061 1069 1088 1152 1160 1164 1191 1196 1221 1267 1277 1283 1295 1311 1339 1380 1443 1449 1472 1506 1508 1509 1512 1523 1532 1536 1546 1559 1599 1609 1619 1620 1643 1662 1682 1683 1722 1750 1825 1873 1876 1917 1939 1949 1959 1970 1978 1993 2018 2034
431,C C 1 = C C ( = O ) C C ( [C@] 1 ( / C = C / [C@@H] ( C O [C@H] 2 [C@@H] ( [C@H] ( [C@@H] ( [C@H] ( O 2 ) C O ) O ) O ) O ) O ) O ) ( C ) C,1 47 65 69 80 84 118 124 137 147 157 170 198 222 227 242 293 297 314 335 339 344 376 407 489 490 529 568 582 610 618 633 650 656 676 694 695 740 798 807 823 859 869 881 923 926 940 973 987 1019 1029 1037 1053 1056 1057 1059 1060 1113 1115 1124 1145 1154 1190 1234 1246 1257 1274 1287 1296 1320 1323 1341 1380 1487 1513 1514 1516 1564 1624 1640 1697 1722 1734 1764 1790 1803 1817 1842 1844 1873 1886 1921 1926 1977 1988 2023 2040
432,C 1 C [C@@H] ( N ( C ( = O ) C 1 ) C C C C 2 = C N = C ( S 2 ) C ( = O ) O ) / C = C / [C@@H] ( C C 3 = C C = C C = C 3 ) O,1 10 20 78 79 80 108 124 130 162 192 202 227 314 319 335 378 389 422 430 456 473 542 554 567 578 591 612 639 650 656 675 683 684 694 731 756 798 806 807 810 853 857 867 926 935 951 963 1013 1019 1028 1066 1088 1145 1146 1165 1172 1182 1199 1204 1222 1228 1230 1243 1244 1293 1323 1325 1361 1374 1380 1383 1450 1452 1508 1535 1564 1602 1604 1624 1669 1671 1682 1701 1705 1715 1732 1738 1746 1750 1754 1775 1777 1824 1835 1864 1873 1911 1914 1917 1951 1961 2019 2023 2047
433,C C ( C ) C 1 C ( = N C ( C ( = N 1 ) O C ) C ( C ( C ) C ) O ) O C,1 30 50 106 133 197 227 252 253 254 260 275 283 317 368 378 379 457 476 520 521 556 575 587 607 652 665 695 709 756 807 815 841 842 860 879 890 973 978 988 995 1019 1056 1057 1108 1117 1228 1247 1289 1294 1304 1316 1347 1377 1380 1483 1528 1536 1577 1678 1724 1773 1825 1831 1841 1883 2002 2013 2015 2033
434,C 1 C C N ( C 1 ) C ( = O ) C 2 C C C N 2 C ( = O ) C 3 = C S C ( = N 3 ) N C 4 = C C = C C ( = C 4 ) C ( F ) ( F ) F,7 16 114 117 140 191 193 224 232 242 246 329 354 369 376 378 385 436 446 470 491 531 533 537 552 595 622 624 650 675 686 694 699 703 756 807 809 855 875 926 935 960 990 1004 1019 1028 1039 1055 1085 1088 1128 1143 1152 1187 1193 1255 1260 1289 1325 1380 1417 1453 1466 1480 1504 1522 1535 1539 1544 1564 1567 1589 1599 1630 1677 1750 1760 1792 1823 1841 1855 1873 1908 1917 1928 1960 1967 1976 1979 1998 2009 2017 2021
435,C C N \ 1 C 2 = C ( C = C C ( = C 2 ) Cl ) S / C 1 = C \ 3 / C ( = O ) N ( C ( = N C 4 = C ( C = C C ( = C 4 ) Cl ) O C ) S 3 ) C C,4 18 24 29 34 80 94 102 125 155 165 172 209 216 249 294 314 322 345 377 383 422 428 456 502 561 579 588 639 650 675 681 688 695 725 744 757 761 806 811 816 830 831 841 864 875 879 917 919 935 949 977 986 999 1052 1057 1188 1228 1295 1327 1347 1355 1380 1418 1465 1491 1494 1536 1538 1539 1542 1574 1589 1596 1615 1636 1637 1640 1658 1677 1683 1750 1765 1870 1873 1888 1970 2011 2044
436,C C 1 ( C C 2 C 1 C C ( C 2 = C ) O ) C,3 6 35 56 59 72 134 168 179 221 328 439 442 455 481 519 594 623 637 650 662 679 697 707 800 804 807 873 894 903 926 983 984 1019 1040 1057 1060 1066 1071 1095 1098 1104 1113 1219 1232 1257 1259 1274 1292 1293 1294 1309 1330 1366 1380 1487 1493 1514 1602 1640 1712 1720 1732 1754 1768 1775 1798 1831 1936 1960 1966
437,C C 1 = C C ( = C C = C 1 ) C ( = O ) N C 2 = C C = C ( C = C 2 ) S C C ( = O ) N C 3 = N O C ( = C 3 ) C,3 9 41 80 107 109 116 127 139 149 161 191 218 248 313 341 353 363 378 414 479 486 520 526 583 650 656 657 704 716 754 772 774 807 811 815 821 834 837 843 847 875 879 890 896 1004 1013 1028 1039 1055 1057 1065 1077 1079 1088 1099 1119 1126 1144 1152 1184 1227 1255 1295 1325 1358 1380 1385 1398 1449 1455 1500 1506 1516 1528 1542 1654 1664 1671 1716 1718 1722 1742 1750 1779 1784 1795 1808 1816 1823 1873 1917 1959 1978 1985 2047
438,C N 1 C C N ( C C 1 ) C C 2 = C C = C ( O 2 ) C 3 = C C 4 = N C = C C ( = C 4 C = C 3 ) N C 5 = C C ( = C ( C = C 5 F ) Cl ) O,14 19 74 80 103 121 184 207 212 227 250 289 306 324 351 361 366 368 378 462 491 500 532 561 578 607 615 656 665 673 699 704 724 726 732 763 784 787 807 828 875 884 896 910 911 916 926 935 966 975 988 1022 1042 1054 1057 1097 1122 1145 1152 1160 1170 1172 1224 1236 1312 1318 1344 1357 1369 1380 1424 1426 1452 1478 1480 1483 1581 1602 1604 1607 1637 1659 1667 1683 1733 1739 1750 1756 1764 1765 1789 1791 1792 1807 1818 1840 1866 1869 1873 1915 1917 1928 1934 1937 1941 2001 2008 2039
439,C C ( C ( = O ) N C 1 = C C = C ( C = C 1 ) Cl ) S C 2 = C C = C C ( = C 2 ) N C ( = O ) / C ( = C \ C 3 = C ( C = C ( C = C 3 ) Cl ) Cl ) / N C ( = O ) C 4 = C C = C C = C 4,1 27 65 80 100 116 118 152 162 165 184 189 191 196 216 283 318 352 366 376 389 486 503 561 573 596 618 628 633 650 678 690 694 703 721 748 807 811 816 843 875 901 930 960 961 1035 1039 1057 1070 1077 1088 1097 1103 1117 1118 1119 1152 1162 1168 1173 1199 1209 1210 1213 1347 1380 1385 1507 1568 1590 1613 1635 1664 1665 1683 1745 1746 1750 1770 1814 1816 1835 1844 1873 1882 1907 1917 1926 1932 1985 2009 2022
440,C 1 C N ( C ( = O ) N 1 ) C C 2 = C C ( = C C = C 2 ) I,48 80 96 112 179 190 208 210 220 305 314 342 374 442 451 459 469 472 485 520 532 608 618 619 650 661 744 827 875 880 926 935 947 1018 1027 1038 1039 1057 1066 1083 1088 1089 1090 1114 1146 1150 1166 1238 1239 1250 1350 1380 1397 1480 1529 1554 1590 1594 1675 1682 1697 1750 1754 1765 1768 1792 1802 1857 1866 1873 1966 2020 2032
441,C 1 = C C = N C ( = C 1 ) C N C ( = O ) C 2 = C S C ( = N 2 ) C S C 3 = N N = C ( N 3 C 4 = C ( C = C ( C = C 4 ) Cl ) Cl ) C 5 = C C = C O 5,25 80 102 116 121 137 165 172 197 216 221 239 255 272 306 307 318 341 345 358 366 367 378 404 448 473 474 486 538 541 552 561 605 615 617 636 650 656 675 680 691 715 724 725 747 762 787 793 807 813 816 826 829 836 855 872 875 935 940 947 1088 1152 1153 1155 1164 1197 1199 1209 1233 1259 1283 1285 1295 1310 1380 1394 1449 1452 1508 1509 1567 1578 1683 1689 1722 1724 1746 1750 1777 1805 1810 1855 1866 1873 1915 1917 1920 1926 1936 1949 1962 1993 1999 2018 2021 2043
442,C O C C N 1 C ( = O ) / C ( = C \ C 2 = C N ( C 3 = C C = C C = C 3 2 ) C C ( = O ) O ) / S C 1 = O,5 13 25 45 80 106 117 126 162 197 241 247 273 281 307 310 314 338 353 389 408 417 464 486 538 588 626 650 675 694 695 755 807 841 863 879 906 911 935 940 945 947 952 961 968 1003 1005 1010 1055 1057 1086 1088 1109 1145 1165 1167 1168 1199 1231 1232 1274 1285 1308 1312 1357 1380 1425 1449 1455 1469 1503 1573 1638 1644 1655 1691 1713 1737 1750 1756 1777 1838 1873 1881 1905 1917 1919 1953 1963 2009 2034 2044
443,C C 1 = N N 2 C ( = N ) C ( = C C 3 = C C = C ( O 3 ) C 4 = C C = C ( C = C 4 ) C ( = O ) O C ) C ( = O ) N = C 2 S 1,3 84 87 121 126 144 145 153 191 198 221 270 281 295 314 363 378 435 484 505 584 606 623 650 654 656 675 694 695 724 799 807 840 841 849 859 865 896 902 906 927 935 947 1027 1057 1069 1120 1122 1147 1152 1156 1160 1169 1208 1236 1251 1257 1274 1294 1319 1320 1326 1380 1385 1413 1418 1419 1577 1604 1605 1651 1653 1663 1691 1697 1715 1722 1750 1757 1762 1794 1825 1835 1872 1873 1913 1917 1919 1922 1937 1943 1953 1966 1976 2044
444,C O C 1 = C C 2 = C ( C = C 1 ) C ( C C C 2 ) N C ( = O ) C N ( C 3 = C C ( = C C = C 3 ) Br ) S ( = O ) ( = O ) C 4 = C C = C C = C 4,41 80 90 123 125 138 165 181 206 233 244 274 288 304 319 322 350 385 387 389 473 485 488 552 556 575 618 650 685 695 718 728 766 781 796 797 807 815 820 841 852 875 881 909 926 947 949 984 1019 1020 1027 1028 1039 1057 1088 1096 1116 1152 1187 1190 1199 1230 1236 1239 1241 1320 1325 1363 1380 1411 1476 1514 1536 1587 1603 1631 1660 1684 1692 1705 1730 1738 1750 1753 1788 1836 1873 1880 1910 1914 1916 1917 1946 1952 1972 1984 2000 2001 2008 2009
445,C C 1 = C ( C ( = N O 1 ) C ) C C C ( = O ) N C ( C ( C ) O ) C ( = O ) O,1 41 68 80 92 117 128 144 164 206 227 248 263 275 283 344 378 389 402 406 407 444 461 466 573 599 620 650 656 658 718 758 796 804 807 835 851 895 968 1057 1118 1152 1188 1193 1208 1227 1243 1263 1296 1316 1343 1351 1379 1380 1393 1517 1536 1542 1560 1564 1580 1596 1637 1676 1678 1679 1688 1693 1721 1722 1779 1795 1844 1857 1865 1898 1906 1917 1999 2007 2026 2034
446,C # C / C = C \ C C C C ( / C = C \ C # C C # C C C C C # C C # C C ( C O ) O ) O,1 23 80 87 150 151 185 189 210 222 227 269 300 318 401 413 426 456 469 482 519 545 560 584 625 674 678 694 733 739 769 775 782 785 807 816 845 877 915 954 974 1020 1030 1073 1095 1105 1118 1132 1154 1169 1228 1263 1271 1283 1286 1332 1335 1356 1380 1441 1478 1482 1501 1510 1525 1552 1564 1567 1594 1605 1617 1624 1634 1680 1735 1765 1810 1838 1894 1911 1913 1929 1941 1999 2004 2007 2009
447,C C 1 = C C = C C = C 1 O C C ( = O ) N C C N 2 C C N ( C C 2 ) C 3 = C C = C ( C = C 3 ) Cl,41 49 74 80 103 148 192 194 197 216 219 233 236 378 407 432 538 561 566 586 597 626 650 667 687 695 713 714 739 749 807 816 835 910 926 935 948 999 1024 1057 1070 1074 1088 1093 1145 1152 1187 1194 1199 1223 1268 1380 1391 1405 1410 1452 1453 1454 1476 1480 1482 1504 1508 1580 1586 1683 1722 1750 1766 1791 1794 1825 1856 1873 1917 1970 1999 2004 2012 2023
448,C [C@H] ( C ( = O ) N [C@H] 1 C C S ( = O ) ( = O ) C 1 ) S C 2 = N N = C N 2 C,0 1 8 14 88 112 114 116 148 152 165 186 203 207 216 265 281 283 360 378 387 422 433 469 494 507 509 564 573 610 640 650 692 721 733 747 780 807 835 920 923 926 932 935 966 1014 1019 1055 1057 1076 1077 1098 1105 1129 1141 1145 1152 1162 1164 1173 1325 1351 1362 1380 1409 1485 1494 1502 1505 1507 1511 1533 1634 1638 1655 1779 1797 1833 1841 1861 1873 1882 1905 1917 1929 1993 2023
449,C N 1 C ( = N N = N 1 ) S C C ( C O C 2 = C ( C = C C = C 2 Cl ) Cl ) O,1 61 73 77 80 100 109 116 118 126 131 183 186 227 250 257 277 318 333 341 366 378 452 464 469 561 647 658 666 669 695 737 747 781 788 791 807 810 835 837 840 935 974 983 1007 1020 1039 1057 1080 1088 1093 1105 1145 1146 1154 1164 1220 1293 1318 1327 1380 1423 1442 1452 1547 1621 1629 1635 1683 1708 1750 1783 1828 1873 1888 1890 1903 1980 1981 2017 2020 2038
450,C 1 C C 2 = C C 3 = C ( C = C C = C 3 Br ) N = C 2 O C 1,56 57 80 110 185 186 197 289 355 378 387 389 433 441 443 468 477 504 506 556 656 683 700 705 724 728 730 763 790 799 817 833 856 868 875 899 919 926 950 976 986 991 1000 1016 1028 1039 1050 1076 1088 1097 1207 1236 1305 1319 1357 1362 1380 1453 1479 1512 1567 1631 1693 1708 1714 1718 1733 1738 1750 1772 1837 1855 1873 1887 1911 1913 1926 1929 1950
451,c 1 c ( c c c ( c 1 ) O C C ( = O ) N c 1 c c 2 c ( c c 1 ) n c ( n c 2 C ) N 1 C C N ( C C 1 ) C ( = O ) C 1 C C C C 1 ) Cl,7 39 41 53 64 78 80 92 99 102 151 159 162 167 177 184 191 192 216 246 266 322 335 378 389 407 454 505 559 561 591 650 671 679 695 718 729 807 816 843 875 890 901 922 926 935 961 974 993 1019 1028 1057 1070 1097 1121 1152 1153 1178 1256 1261 1266 1279 1288 1325 1343 1357 1380 1383 1436 1452 1480 1490 1508 1535 1575 1589 1668 1683 1692 1722 1743 1750 1773 1816 1852 1855 1873 1887 1915 1917 2000 2004 2009 2025
452,C C 1 = C ( C = C ( C = C 1 ) N C ( = O ) C O C 2 = C ( C = C ( C = C 2 I ) / C = C \ 3 / C ( = O ) N ( C ( = O ) S 3 ) C C O C 4 = C C = C C 5 = C C = C C = C 5 4 ) O C ) Cl,13 32 41 69 80 92 128 167 168 175 184 191 192 200 249 273 277 281 290 314 328 333 366 370 372 404 407 451 473 515 517 531 545 561 582 588 650 661 669 675 694 695 697 722 753 755 766 807 824 841 843 863 875 879 901 912 935 945 947 1003 1027 1039 1057 1065 1087 1088 1104 1108 1112 1127 1145 1152 1169 1179 1198 1199 1216 1357 1367 1380 1391 1392 1410 1435 1452 1469 1480 1486 1518 1536 1573 1581 1587 1589 1654 1683 1688 1691 1722 1750 1774 1814 1816 1828 1832 1853 1855 1858 1873 1892 1906 1917 1919 1970 1985 2004 2033 2044
453,C C ( = O ) N C 1 = C C = C C ( = C 1 ) C ( = O ) N ( C ) C C 2 = C C ( = C C = C 2 ) F,14 21 80 118 145 184 187 191 230 245 252 287 334 379 398 440 507 510 513 530 546 574 611 626 650 670 678 699 703 709 720 739 794 807 825 829 849 875 881 893 899 920 976 1004 1017 1019 1039 1057 1062 1066 1088 1132 1152 1163 1174 1202 1221 1235 1276 1317 1333 1380 1385 1399 1476 1477 1487 1509 1531 1573 1670 1714 1716 1724 1732 1750 1754 1802 1816 1818 1821 1873 1917 1928 1969 1984 1985
454,C C N 1 C ( = O ) C 2 = C C = C C = C 2 C ( = N 1 ) C ( = O ) N / N = C ( / C ) \ C 3 = C C = C ( C = C 3 ) O C C ( C ) C,1 34 54 56 80 102 118 134 149 151 158 175 232 254 283 294 302 303 311 314 318 322 378 486 490 499 504 529 534 547 572 650 663 666 688 695 699 700 718 725 770 807 817 897 928 935 940 946 999 1017 1018 1024 1042 1057 1088 1119 1152 1199 1225 1247 1357 1367 1380 1385 1445 1452 1469 1495 1572 1573 1578 1607 1649 1685 1697 1706 1750 1753 1755 1791 1794 1847 1873 1879 1917 1927 1956 1968 1984 2027 2036
455,C C ( = O ) C 1 = C C = C C = C 1 O C C O C 2 = C C = C ( C = C 2 ) N 3 C = N N = N 3,13 19 80 102 105 118 140 186 202 233 281 282 322 378 384 401 411 456 483 500 539 574 650 661 675 676 690 695 711 718 727 740 794 807 931 932 935 1017 1024 1028 1034 1057 1061 1070 1088 1100 1108 1117 1199 1213 1255 1276 1359 1371 1373 1380 1385 1410 1439 1447 1452 1455 1488 1518 1544 1593 1614 1670 1750 1783 1820 1825 1833 1845 1849 1865 1873 1915 1917 1928 1947 1956 1968 1970 1978 1991 2014
456,C 1 C ( N C ( S 1 ) C 2 = C C = C C = C 2 O C ( F ) ( F ) F ) C ( = O ) O,112 114 172 189 197 217 250 258 290 319 332 359 362 371 389 539 548 553 650 675 686 695 782 796 807 820 849 926 972 998 1008 1019 1027 1064 1065 1081 1082 1088 1114 1138 1149 1160 1172 1174 1193 1199 1206 1266 1278 1280 1338 1350 1376 1380 1409 1410 1431 1433 1453 1472 1517 1522 1603 1605 1662 1732 1750 1755 1788 1793 1802 1828 1852 1873 1917 1928 1945 1958 1970 2005 2015
457,C 1 = C C = C ( C = C 1 ) C 2 = C ( N C 3 = C 2 C = C C = C 3 [N+] ( = O ) [O-] ) C 4 = C C = C C = C 4,8 42 93 108 141 155 164 253 261 269 317 354 357 382 389 394 418 445 488 502 511 518 541 624 643 650 661 664 711 715 716 718 736 753 778 780 806 838 843 922 953 1038 1039 1044 1055 1056 1088 1113 1114 1128 1133 1160 1195 1199 1219 1238 1280 1310 1322 1357 1365 1380 1442 1514 1530 1573 1602 1668 1725 1745 1747 1750 1817 1873 1890 1905 1918 1945 1963 2003 2024
458,n 1 c ( n c ( c 2 c 1 C ( = O ) N ( C 2 ) C ( C ) C ) N C C c 1 c c c ( c c 1 ) C ) N 1 C C N ( C C 1 ) C ( = O ) C,1 69 80 104 157 227 235 283 310 314 320 323 361 378 389 391 393 407 413 501 532 573 609 621 637 650 667 672 679 708 764 807 866 879 924 926 935 953 985 987 1000 1017 1045 1057 1059 1070 1121 1137 1152 1174 1243 1246 1256 1268 1300 1331 1335 1344 1380 1416 1430 1439 1472 1480 1507 1508 1523 1527 1530 1535 1589 1668 1722 1750 1754 1793 1823 1824 1855 1861 1873 1900 1915 1917 1920 1946 2002 2009 2019 2042
459,C C C C C C C C C C C C C C ( = O ) O C ( C ( C ( = O ) O ) O C ( = O ) C C C C C C C C C C C C C ) C ( = O ) O,1 5 69 80 180 209 211 294 301 303 306 377 389 421 470 522 567 591 650 695 784 794 797 807 825 942 945 953 1004 1057 1092 1134 1143 1267 1305 1386 1399 1402 1441 1444 1564 1569 1600 1627 1653 1665 1811 1827 1844 1907 1911 1917 1927 1954 1955 1962 2000 2002 2034
460,C C C 1 = C C C ( = O ) N 1,3 33 35 80 88 132 204 233 237 267 276 294 314 328 433 451 469 511 570 586 602 650 658 670 763 772 787 823 853 871 893 900 926 1010 1025 1036 1057 1060 1096 1106 1114 1204 1225 1252 1277 1308 1309 1339 1380 1405 1461 1467 1571 1575 1580 1603 1615 1644 1698 1728 1755 1781 1799 1814 1855 1873
461,c 1 ( c c c 2 c ( c 1 ) C ( O C C ( = O ) N 2 ) ( c 1 c c c c ( c 1 ) Cl ) c 1 c c ( c c c 1 ) Cl ) c 1 c c c ( n 1 C ) C # N,15 34 74 90 95 126 158 165 201 216 219 232 245 281 295 305 314 326 329 372 376 390 401 452 462 504 547 556 561 564 592 598 609 650 656 674 675 682 690 719 750 772 790 813 875 896 926 928 934 935 937 958 965 980 1017 1035 1039 1057 1060 1077 1088 1114 1136 1145 1160 1188 1234 1297 1321 1380 1382 1384 1411 1525 1527 1575 1626 1636 1646 1683 1687 1692 1719 1750 1755 1783 1841 1868 1873 1942 1947 1948 1980 1982 1987 1994 2011
462,C C ( C ( = O ) N C 1 = C C = C C = C 1 ) S C 2 = N N = C ( N 2 C ) C N C 3 = C C ( = C C = C 3 ) Cl,1 42 79 80 86 87 93 112 116 158 165 191 196 209 216 255 272 283 304 318 327 360 378 386 389 454 493 534 554 561 564 573 581 592 599 633 640 643 650 703 709 712 747 807 810 875 935 1001 1039 1057 1077 1088 1121 1128 1145 1152 1162 1164 1173 1199 1205 1240 1380 1416 1417 1436 1449 1507 1511 1552 1562 1598 1604 1664 1683 1692 1714 1725 1734 1736 1744 1750 1795 1816 1854 1873 1882 1905 1917 1966 1975 1980
463,C C C C N 1 C ( C C ( C C 1 ( C ) C ) O C ( = O ) C ( C C 2 = C C = C C = C 2 ) ( C C 3 = C C = C C = C 3 ) C ( = O ) O C 4 C C ( N ( C ( C 4 ) ( C ) C ) C C C C ) ( C ) C ) ( C ) C,2 14 62 70 80 114 119 175 192 209 232 234 235 241 257 288 294 344 354 389 451 454 478 513 545 591 601 634 650 679 681 687 694 695 700 794 807 821 855 862 866 888 926 935 1019 1057 1060 1066 1083 1088 1126 1145 1173 1192 1199 1218 1245 1264 1274 1328 1331 1340 1380 1397 1454 1560 1629 1630 1671 1750 1754 1825 1842 1873 1882 1883 1886 1911 1917 1932 1937 1941 1943 1951 2001
464,C 1 C S C 2 = C ( C 1 N C 3 = C C = C ( C = C 3 ) C # N ) C = C ( C = C 2 ) Cl,4 34 74 91 102 157 165 191 216 225 266 305 401 453 457 459 511 560 561 619 640 674 675 685 730 744 766 789 790 816 841 843 875 926 931 949 972 1011 1019 1026 1027 1076 1103 1136 1152 1166 1245 1251 1266 1308 1324 1325 1380 1384 1424 1445 1466 1481 1522 1557 1589 1676 1683 1702 1750 1790 1814 1873 1895 1954 2000
465,C C N 1 C ( = O ) N ( C ( = O ) N ( C 1 = O ) C ( C 2 = C C = C C = C 2 ) C 3 = C C = C C = C 3 ) C C O C 4 = C C = C ( C = C 4 ) C ( = O ) O,1 13 31 34 62 80 102 106 113 129 137 190 205 226 294 300 314 322 360 389 419 428 451 456 457 461 541 623 650 654 695 718 771 784 785 802 807 816 850 859 862 878 900 916 935 1030 1034 1057 1071 1078 1085 1088 1138 1145 1199 1206 1209 1296 1321 1365 1376 1380 1385 1387 1403 1421 1452 1467 1483 1493 1555 1579 1581 1639 1650 1697 1721 1750 1776 1787 1832 1845 1854 1873 1917 1932 1982
466,C C 1 = C C = C C = C 1 O C C C C N 2 C 3 = C C = C C = C 3 N = C 2 C O C 4 = C ( C = C ( C = C 4 ) Cl ) Cl,13 45 80 94 163 165 170 171 181 216 289 318 357 365 366 378 380 465 515 561 562 655 664 680 689 695 745 766 786 802 804 816 854 858 875 893 910 935 948 961 975 991 1057 1071 1088 1097 1110 1145 1199 1205 1209 1212 1222 1226 1249 1274 1285 1380 1391 1410 1452 1518 1615 1617 1620 1652 1683 1722 1726 1742 1750 1855 1858 1873 1911 1912 1915 1970 1999 2012 2035
467,C [C@@H] ( C ( = O ) N C C ( = O ) [O-] ) [NH3+],1 80 90 135 176 197 276 277 283 321 327 330 336 397 423 481 505 565 568 573 577 594 604 605 621 650 656 682 715 751 785 789 807 862 870 919 958 967 976 1007 1057 1095 1097 1101 1143 1152 1171 1220 1226 1291 1348 1394 1403 1420 1424 1437 1440 1445 1451 1475 1525 1563 1575 1586 1597 1724 1815 1876 1902 1917 1944 2032 2038
468,C 1 C C C 2 C N ( C C C 2 C 1 ) C 3 = C ( C = C C = N 3 ) C N,21 78 80 104 130 191 245 257 276 279 335 336 378 395 396 407 426 448 503 585 618 677 681 684 689 704 719 739 782 857 870 888 890 900 926 935 939 949 979 981 1019 1028 1032 1043 1058 1088 1099 1147 1171 1325 1330 1349 1364 1380 1396 1452 1480 1553 1597 1613 1637 1649 1674 1689 1748 1750 1803 1815 1866 1873 1881 1941 1958 2036 2041
469,C C O C ( = O ) C 1 = C C 2 = C ( C = C 1 ) C = C ( C = C 2 ) C # C C 3 = C ( C ( C C C 3 ( C ) C ) ( C ) C ) C,47 80 102 117 130 145 147 172 178 189 203 233 249 294 322 337 383 394 422 430 469 477 530 542 599 636 650 652 662 668 674 695 721 722 733 759 774 807 875 917 920 926 953 1006 1025 1057 1060 1066 1085 1144 1162 1216 1228 1238 1274 1293 1343 1358 1380 1385 1395 1428 1488 1501 1520 1521 1522 1524 1598 1611 1625 1639 1677 1697 1714 1720 1722 1728 1737 1750 1759 1839 1842 1848 1855 1873 1889 1900 1917 1950 1954 2016 2021 2026
470,C O C 1 = C C = C C ( = C 1 O ) / C = C \ 2 / C ( = O ) O C ( = N 2 ) Cl,25 47 61 79 153 184 202 217 249 281 293 309 314 322 378 429 439 441 473 478 481 561 576 597 637 650 656 673 686 694 695 707 807 811 834 841 904 927 931 961 996 1022 1024 1039 1057 1088 1130 1187 1222 1239 1249 1278 1324 1352 1360 1365 1380 1410 1412 1436 1448 1470 1482 1485 1518 1536 1547 1579 1602 1619 1681 1683 1689 1732 1735 1750 1754 1775 1799 1810 1832 1835 1840 1860 1873 1970 2002
471,C C O P ( = O ) ( C 1 = C C = C C = C 1 O ) C 2 = C C = C C = C 2 O,59 80 86 108 138 192 271 294 318 355 367 401 420 475 486 557 600 650 681 695 703 748 768 807 849 877 937 942 979 982 990 1035 1057 1088 1095 1100 1199 1203 1227 1238 1253 1258 1293 1324 1380 1413 1481 1490 1519 1549 1569 1575 1602 1607 1643 1657 1681 1716 1748 1750 1754 1766 1780 1784 1831 1855 1873 1940 1952 1982
472,C 1 = C C = C ( C = C 1 ) [C@H] ( C 2 = N N = C ( O 2 ) C 3 = C C = C C = C 3 Cl ) N C 4 = C C = C ( C = C 4 ) Br,1 19 39 53 179 186 191 291 332 349 352 355 366 378 389 438 469 505 528 543 561 613 633 656 680 690 695 712 728 730 750 815 842 843 874 909 974 984 993 998 1013 1047 1056 1062 1088 1095 1119 1152 1157 1158 1164 1192 1199 1237 1264 1300 1306 1310 1356 1363 1365 1377 1380 1384 1390 1431 1441 1458 1520 1536 1581 1604 1631 1649 1670 1683 1725 1750 1760 1776 1819 1873 1878 1912 1957
473,C [C@H] ( C ( = O ) N 1 C C C C 1 ) N ( C ) C C ( = O ) N C 2 = C C ( = C C = C 2 ) F,1 39 41 61 80 108 115 125 129 138 184 191 230 262 268 274 283 321 369 379 425 465 481 489 517 533 583 587 624 650 669 699 703 705 710 723 763 779 807 818 849 875 881 901 906 926 935 952 1007 1028 1039 1057 1075 1088 1093 1098 1151 1152 1163 1190 1213 1228 1234 1280 1281 1300 1339 1365 1372 1380 1480 1487 1640 1654 1665 1670 1736 1745 1750 1769 1816 1855 1866 1873 1895 1917 1928 1988 1998 2009
474,C C ( C 1 = N C 2 = C C = C C = C 2 S 1 ) N ( C ) C ( = O ) C 3 C C ( = O ) N ( C 3 ) C 4 = C C ( = C ( C = C 4 ) O C ) O C,1 54 64 94 101 122 140 141 162 231 233 249 283 289 314 374 378 432 461 464 471 474 512 557 558 632 650 668 675 695 739 798 807 813 841 858 875 881 885 896 923 926 930 935 942 952 974 980 1019 1020 1023 1057 1059 1088 1091 1097 1108 1137 1147 1163 1199 1233 1245 1259 1286 1315 1348 1366 1380 1407 1408 1410 1455 1457 1536 1621 1626 1642 1656 1743 1750 1753 1819 1825 1855 1873 1880 1900 1917 1924 1970 1972 2019 2046
475,C C ( C ) C N 1 C 2 C ( C ( = O ) N ( C 1 = O ) C ) N C = N 2,1 5 73 80 92 221 232 271 275 283 314 329 339 368 378 423 463 480 483 496 539 544 549 620 625 650 657 715 789 827 833 835 892 900 901 930 934 935 987 1019 1020 1026 1057 1080 1109 1114 1145 1255 1302 1317 1349 1357 1380 1394 1468 1523 1539 1560 1661 1665 1681 1704 1718 1760 1772 1775 1815 1847 1873 1893 1922 1939 1942 1950 1961 1978 2000 2030 2041
476,c 1 2 c ( O [C@] 3 ( C ( [C@@] 4 ( C ( [C@] 5 ( [C@@H] ( O C ( O C 5 ) c 5 c c c c c 5 ) C C 4 ) C ) C [C@@H] 3 O ) C ) [C@H] 2 O ) C ) c c ( o c 1 = O ) c 1 c n c c c 1,26 121 122 133 164 234 240 245 257 262 271 292 310 314 353 378 381 389 397 420 437 478 512 514 532 568 601 605 614 623 650 655 656 675 701 706 725 730 733 736 760 766 788 802 807 822 829 830 875 913 926 989 1019 1022 1043 1050 1057 1060 1077 1088 1160 1162 1186 1199 1201 1214 1224 1237 1240 1247 1257 1274 1279 1282 1292 1306 1325 1338 1380 1385 1444 1454 1468 1477 1482 1535 1586 1592 1603 1604 1606 1648 1663 1705 1750 1751 1767 1776 1803 1809 1825 1854 1866 1873 1905 1921 1951 2028
477,C O C ( = O ) C S ( = O ) ( = O ) C 1 = C ( C = C ( C = C 1 ) C ( = O ) N ) [N+] ( = O ) [O-],80 140 173 182 195 309 311 350 354 375 392 478 495 517 525 534 625 640 650 661 695 706 714 715 716 753 807 838 841 862 875 879 943 950 958 1005 1010 1057 1085 1103 1151 1152 1155 1171 1174 1195 1238 1266 1285 1339 1375 1380 1385 1386 1476 1506 1545 1551 1598 1641 1697 1727 1750 1794 1798 1842 1873 1882 1894 1917 1932 1934 1963 2006 2031
478,C C 1 ( C ) [C@H] ( C C [C@] 2 ( [C@H] 1 C ( = O ) C [C@@] 1 ( [C@@H] 2 C [C@H] ( [C@H] 2 [C@] 1 ( C C [C@@H] 2 [C@] 1 ( C C C C ( C ) ( C ) O 1 ) C ) C ) O ) C ) C ) O C c 1 c c c c c 1,28 80 131 176 224 245 249 250 269 287 314 322 323 343 349 370 389 394 413 457 464 478 484 494 506 511 519 529 549 555 559 641 650 656 667 695 705 745 757 807 823 841 849 870 912 926 936 940 973 1007 1009 1012 1019 1028 1037 1055 1057 1060 1066 1079 1088 1154 1156 1162 1192 1199 1230 1257 1265 1270 1274 1292 1306 1325 1354 1376 1380 1436 1438 1477 1502 1533 1550 1581 1632 1655 1730 1750 1753 1754 1804 1836 1849 1856 1873 1881 1889 1897 1913 1951 1972 1982 1991 2016 2028 2042
479,C 1 C C C ( C 1 ) C ( = O ) N 2 C C ( = O ) N C 3 = C ( C 2 C 4 = C C = C S 4 ) C = C ( C = C 3 ) Cl,14 33 53 74 159 165 166 177 178 216 241 242 278 285 307 314 317 323 383 403 415 457 549 561 567 570 649 650 675 677 709 775 807 816 875 890 926 935 974 989 1019 1021 1022 1027 1028 1060 1088 1104 1114 1121 1122 1130 1215 1324 1325 1330 1380 1427 1443 1483 1491 1519 1535 1541 1567 1570 1575 1584 1597 1621 1632 1646 1683 1723 1725 1750 1835 1870 1873 1879 1917 1946 1979 1982
480,C C ( = O ) C 1 = C C = C ( C = C 1 ) N 2 C C N ( C C 2 ) C ( = O ) C N 3 C C [C@H] ( C 3 ) C ( = O ) N C 4 = C C ( = C ( C = C 4 ) O ) C ( F ) ( F ) F,80 87 114 171 172 184 191 233 245 262 263 271 369 407 419 450 456 499 555 568 572 577 595 615 617 650 668 678 687 689 700 706 715 722 739 751 760 765 785 800 807 809 843 875 926 935 966 974 977 1009 1015 1017 1019 1057 1071 1090 1152 1161 1200 1208 1249 1257 1261 1305 1312 1313 1315 1325 1380 1385 1404 1405 1427 1453 1467 1475 1480 1508 1589 1602 1607 1633 1678 1682 1697 1750 1775 1791 1816 1819 1820 1825 1826 1828 1837 1857 1873 1886 1917 1928 2009 2032 2038 2043 2045
481,C 1 C C 2 C C 1 C C 2 ( C 3 = C C = C C = C 3 N ) O,130 222 229 320 355 356 392 432 450 494 528 594 595 607 633 646 679 742 763 787 793 807 910 926 968 1019 1024 1060 1088 1154 1171 1199 1258 1292 1296 1325 1337 1342 1380 1412 1414 1431 1439 1446 1456 1457 1460 1535 1545 1575 1600 1643 1654 1739 1750 1751 1756 1772 1804 1819 1839 1858 1873 1898 1934 1965 1967 1980
482,C 1 C N ( C C N 1 C C 2 = C C 3 = C ( C = C 2 ) O C O 3 ) C 4 = C C ( = N C ( = N 4 ) S C C 5 = C C ( = C C = C 5 ) C ( = O ) N C C 6 = C N = C C = C 6 ) Cl,51 69 74 79 80 116 197 246 255 265 300 310 321 341 362 365 375 378 381 398 407 420 424 437 441 460 463 486 521 525 526 527 546 560 561 569 638 645 650 656 719 738 744 752 762 783 784 807 813 844 862 875 880 885 913 926 935 1019 1035 1039 1043 1065 1066 1076 1086 1088 1117 1120 1134 1152 1175 1200 1227 1278 1294 1349 1355 1380 1385 1416 1431 1480 1508 1514 1535 1544 1547 1561 1571 1573 1575 1586 1593 1603 1610 1647 1648 1653 1672 1683 1710 1750 1754 1758 1762 1765 1771 1791 1797 1800 1815 1836 1854 1855 1863 1866 1873 1876 1905 1913 1917 1927 1985
483,C O C 1 = C C ( = C ( C ( = C 1 ) Cl ) N C ( = O ) C ( = O ) O ) Cl,18 77 155 199 280 322 366 381 385 389 406 442 446 489 513 516 561 574 605 650 695 735 781 807 841 848 875 876 884 905 925 942 1057 1146 1152 1187 1210 1218 1222 1223 1229 1290 1364 1380 1403 1406 1423 1450 1454 1524 1536 1549 1582 1620 1625 1683 1763 1778 1816 1851 1862 1873 1875 1917 1927 1969
484,C [C@@H] 1 C C C C O [C@H] ( [C@H] ( C N ( C ( = O ) C 2 = C ( O 1 ) C = C C ( = C 2 ) N C ( = O ) N C 3 = C C = C ( C = C 3 ) C ( F ) ( F ) F ) [C@H] ( C ) C O ) C ) C N ( C ) C C 4 C C C C C 4,1 2 6 10 11 29 32 56 57 80 106 114 136 184 191 192 206 216 218 222 245 249 283 314 324 352 361 369 383 393 395 399 475 482 484 490 610 650 656 679 739 750 768 769 802 807 809 834 843 875 879 881 890 926 935 942 950 998 1013 1015 1019 1028 1035 1057 1062 1077 1078 1110 1116 1119 1126 1152 1163 1169 1214 1222 1233 1236 1248 1249 1259 1260 1274 1309 1325 1335 1365 1380 1417 1429 1453 1461 1486 1487 1519 1526 1536 1665 1696 1716 1731 1750 1751 1757 1797 1816 1833 1859 1873 1905 1916 1917 1928 1956 1978 1989 1990
485,C 1 = C C = C ( C ( = C 1 ) / C = C ( \ C C ( = O ) O ) / C 2 = N C 3 = C C = C C = C 3 O 2 ) [N+] ( = O ) [O-],51 80 155 164 212 247 289 307 309 354 378 389 391 392 422 441 475 500 504 524 534 544 571 583 614 650 656 694 702 715 716 753 795 803 807 811 832 838 841 860 867 960 961 987 995 1002 1053 1088 1097 1111 1128 1132 1144 1152 1195 1199 1300 1305 1343 1353 1368 1380 1498 1601 1604 1642 1652 1667 1696 1737 1746 1750 1779 1808 1838 1855 1873 1898 1917 1963 1977 1982 2025 2036
486,C C / C = C ( / [Si] ( C ) ( C ) C 1 = C C = C C = C 1 ) \ S,60 80 197 229 237 241 246 260 265 268 270 294 302 378 389 401 452 479 519 528 568 598 599 636 656 694 709 710 714 768 807 818 915 936 1021 1036 1057 1066 1088 1124 1171 1199 1252 1268 1351 1368 1380 1385 1420 1454 1465 1517 1540 1581 1590 1605 1624 1670 1734 1750 1778 1797 1810 1848 1873 1947
487,C C ( C ) C N C ( = O ) C = C C 1 = C C = C ( C = C 1 ) Br,1 25 28 31 56 80 96 135 141 155 197 259 283 285 327 330 378 452 465 492 516 552 556 557 606 636 650 651 694 700 728 740 744 807 835 867 878 909 923 973 976 978 979 1035 1057 1152 1157 1181 1308 1324 1325 1338 1380 1405 1425 1454 1468 1547 1598 1631 1649 1702 1727 1750 1823 1847 1848 1873 1917 1919 1944 1956 1979 2033 2038 2042
488,C C C ( = C C C 1 = C C = C C = C 1 N ) C C,21 43 80 82 94 97 148 189 294 335 338 339 397 406 451 458 479 494 511 527 623 639 688 689 694 700 744 807 821 898 910 955 1057 1070 1076 1084 1088 1134 1171 1199 1349 1362 1380 1444 1457 1483 1539 1580 1597 1598 1648 1677 1682 1750 1864 1873 1877 1895 1932 1938 1961 1988 2045
489,C C 1 C C C C C 1 N C ( = O ) C N 2 C = C ( N = C 2 ) [N+] ( = O ) [O-],41 46 80 86 130 181 192 216 254 261 308 320 337 340 352 373 378 387 407 417 464 468 490 495 583 600 611 650 715 736 739 745 747 753 755 807 818 823 838 851 866 880 890 892 898 906 926 932 935 961 1019 1028 1044 1057 1106 1119 1124 1152 1161 1189 1195 1208 1216 1309 1312 1325 1335 1362 1367 1373 1380 1403 1452 1472 1536 1652 1671 1737 1796 1799 1813 1859 1873 1905 1917 1947 1954 1963 2001 2008 2024 2036
490,C C ( = O ) O C C [C@@] 1 2 C [C@] ( C [C@@] 1 ( C C [C@@H] 3 [C@@] 2 ( C C C C 3 ( C ) C ) C ) C ) ( C ) O,13 14 80 113 117 119 147 168 191 241 259 267 291 312 411 415 447 478 483 492 507 533 558 591 616 650 681 695 754 760 789 795 807 834 840 846 926 1017 1019 1024 1028 1035 1057 1060 1069 1096 1131 1154 1157 1162 1232 1274 1277 1300 1325 1358 1373 1407 1419 1425 1433 1436 1454 1500 1510 1513 1531 1626 1708 1716 1718 1731 1859 1877 1917 2022 2028
491,C C 1 = C C ( = C ( C = C 1 ) F ) N C ( = O ) N C 2 = C C = C ( C = C 2 ) C 3 = C S C 4 = C 3 C ( = N C = C 4 C 5 = C S C = C 5 ) N,10 14 51 56 60 68 128 131 191 194 216 222 235 244 278 291 295 305 316 331 352 378 421 437 474 510 552 556 573 650 659 675 690 699 725 726 743 781 807 843 861 875 887 896 941 987 1013 1030 1047 1057 1077 1122 1152 1157 1160 1171 1173 1210 1211 1224 1260 1285 1338 1359 1380 1393 1403 1422 1429 1444 1452 1457 1459 1480 1519 1535 1546 1557 1567 1616 1656 1704 1722 1750 1769 1771 1804 1806 1807 1816 1823 1840 1873 1892 1897 1917 1924 1928 1930 1946 1959 1984 1989 1990 2003 2036
492,C C C C C C C C C C C C C C ( = O ) N / N = C \ C 1 = C C ( = C C = C 1 ) O C ( = O ) C 2 = C ( C = C ( C = C 2 ) Cl ) Cl,5 18 38 41 67 80 145 165 216 221 265 267 294 309 318 322 332 366 385 460 466 468 495 539 555 561 562 572 582 591 629 650 694 695 725 794 807 816 862 864 866 871 875 896 924 1001 1033 1039 1057 1077 1088 1143 1147 1152 1155 1188 1197 1203 1204 1209 1267 1293 1306 1308 1353 1371 1380 1418 1431 1444 1461 1528 1559 1564 1597 1609 1628 1646 1656 1683 1718 1729 1750 1775 1782 1797 1807 1814 1867 1873 1876 1881 1902 1911 1917 1957 1990 1991 2033
493,C C 1 = C C ( = C C = C 1 ) N 2 C 3 = C ( C C N 3 ) C ( = N 2 ) C 4 C C C C C 4,2 49 103 108 161 202 277 298 305 341 350 361 365 377 378 395 404 490 498 503 536 646 648 657 707 720 740 761 812 819 875 890 915 926 935 947 968 1006 1013 1019 1028 1039 1049 1055 1057 1088 1093 1109 1114 1127 1129 1216 1325 1358 1380 1387 1463 1482 1490 1505 1596 1687 1703 1722 1738 1741 1750 1794 1799 1823 1825 1852 1866 1873 1881 1926 1943 1956 1999 2000
494,C C C ( C ) ( C # C ) N C ( = O ) C = C C 1 = C C ( = C ( C ( = C 1 ) O C ) O C ) O C,31 50 80 101 114 128 144 148 212 239 249 262 282 290 294 295 299 314 327 333 348 354 371 392 410 414 466 496 617 650 658 674 694 695 741 792 807 812 820 835 841 843 851 875 883 908 915 959 974 1002 1057 1106 1118 1152 1177 1181 1183 1308 1315 1318 1375 1380 1417 1476 1480 1536 1599 1608 1676 1693 1710 1769 1792 1828 1845 1858 1861 1873 1892 1911 1914 1917 1963 1970 2013 2033 2044
495,C C 1 = C ( C = C ( C = C 1 ) C ( = O ) N 2 C C C 3 = C C = C C = C 3 2 ) C,24 39 168 177 194 246 263 277 471 479 503 515 537 568 583 618 626 630 648 650 675 691 704 727 780 785 807 875 878 884 901 926 927 932 933 935 1004 1027 1057 1087 1088 1128 1199 1236 1273 1295 1370 1377 1380 1385 1387 1391 1401 1405 1445 1450 1462 1480 1504 1539 1580 1587 1647 1673 1691 1697 1705 1708 1715 1722 1738 1750 1766 1808 1828 1873 1886 1888 1895 1917 1954 1960 1973 2035
496,C C N 1 C 2 = C C = C C = C 2 C ( = C ( C 1 = O ) [N+] ( = O ) [O-] ) N C 3 = C C = C ( C = C 3 ) C ( C ) C,1 31 34 40 45 80 81 159 175 191 218 223 263 268 283 294 314 320 370 381 382 389 449 465 471 480 491 504 519 526 561 598 601 634 636 650 708 715 753 759 762 784 802 838 839 843 850 935 950 1057 1088 1152 1176 1195 1199 1200 1239 1253 1285 1357 1365 1380 1384 1441 1482 1501 1508 1524 1559 1573 1586 1596 1600 1635 1649 1735 1750 1764 1804 1853 1873 1902 1905 1936 1953 1963 2037
497,C C C C C N ( C C ( = O ) N C 1 = N O C ( = C 1 ) C ) C ( = O ) C 2 = C C ( = C ( C = C 2 ) C ) [N+] ( = O ) [O-],15 23 41 71 80 95 135 138 158 203 248 268 294 311 319 340 346 349 354 363 378 404 423 428 463 504 525 529 567 591 643 650 651 656 680 702 715 716 753 794 805 807 828 838 875 881 959 960 978 1037 1057 1065 1079 1090 1098 1099 1152 1158 1184 1190 1195 1197 1221 1229 1262 1272 1285 1331 1357 1380 1385 1391 1393 1398 1411 1444 1473 1517 1528 1542 1579 1600 1669 1680 1691 1697 1722 1742 1750 1764 1774 1816 1855 1861 1873 1911 1917 1951 1961 1963 1984 1999 2002
498,C C 1 = C C = C ( C = C 1 ) S ( = O ) ( = O ) O C 2 = C ( C 3 = C C = C C = C 3 C = C 2 ) C 4 = C ( C = C C 5 = C C = C C = C 5 4 ) O,54 56 94 116 186 203 208 210 233 235 308 319 322 340 348 350 440 457 516 561 595 619 650 695 715 764 803 807 850 941 967 1051 1057 1087 1088 1104 1124 1133 1141 1199 1236 1265 1279 1289 1291 1305 1357 1363 1380 1471 1475 1476 1548 1569 1573 1602 1607 1651 1692 1722 1747 1750 1764 1774 1823 1855 1873 1920 1939 1944 1952 1954 1970
499,C C 1 = C ( [C@H] ( C 2 = C ( N 1 ) C [C@@H] ( C C 2 = O ) C 3 = C C = C ( C = C 3 ) Cl ) C 4 = C C ( = C C = C 4 ) O ) C ( = O ) O C C 5 = C C = C C = C 5,65 80 96 120 145 147 184 188 195 211 216 231 256 257 300 314 366 381 389 482 500 508 555 559 561 566 636 650 651 656 657 663 674 684 695 717 736 745 751 807 816 849 871 875 914 921 926 952 961 964 982 1005 1019 1039 1057 1060 1066 1069 1070 1077 1087 1088 1108 1114 1120 1158 1169 1171 1195 1199 1279 1291 1298 1321 1358 1380 1419 1426 1454 1464 1483 1488 1517 1582 1594 1602 1605 1651 1663 1683 1722 1750 1754 1765 1803 1873 1876 1914 1917 1965 2000 2042
500,C C N ( C C ) S ( = O ) ( = O ) N P ( = S ) ( N ) N,18 30 35 80 97 126 171 192 202 218 228 274 289 292 294 318 324 331 350 410 416 423 485 557 650 717 753 756 778 782 805 869 881 883 932 944 1057 1060 1152 1171 1197 1211 1305 1306 1328 1365 1398 1411 1476 1546 1631 1702 1729 1744 1820 1918 1936 1950 2033
501,[nH] 1 c 2 c ( c ( c 1 ) / C = N / N C 1 = N C C C C C 1 ) c c c c 2,2 68 99 119 127 201 310 313 328 378 389 455 490 509 597 622 623 631 640 687 694 708 725 747 767 798 806 838 860 864 866 881 893 926 941 961 976 1019 1028 1069 1088 1114 1152 1199 1205 1208 1322 1357 1363 1380 1415 1418 1455 1464 1481 1484 1517 1559 1571 1573 1631 1700 1706 1738 1750 1779 1783 1858 1864 1867 1873 1879 1935 1937 2003 2013 2016 2045
502,C 1 = C C = C ( C = C 1 ) N C 2 = C ( C ( = N C = N 2 ) N C 3 = C C ( = C ( C = C 3 ) Cl ) Cl ) [N+] ( = O ) [O-],22 28 35 58 71 81 111 191 329 335 339 366 378 389 414 489 491 503 534 545 561 582 650 666 703 708 715 729 745 753 794 802 838 843 852 868 875 888 909 923 968 984 996 1014 1020 1086 1088 1150 1152 1164 1193 1195 1199 1367 1380 1392 1393 1398 1402 1407 1452 1513 1524 1554 1581 1618 1622 1638 1655 1672 1674 1683 1692 1711 1750 1751 1803 1810 1873 1963 2019 2037 2041
503,C C C C O C ( = O ) C 1 = C C = C C = C 1 C ( = O ) O C ( C C ( C ) C ) C # C C C,1 8 13 23 29 69 80 104 110 145 146 147 151 160 172 252 263 270 283 294 295 310 346 361 404 515 558 564 584 591 650 674 680 695 718 759 794 807 823 829 837 838 935 973 981 1009 1032 1057 1088 1168 1199 1211 1281 1311 1319 1336 1339 1380 1399 1447 1485 1525 1570 1592 1626 1665 1673 1699 1734 1750 1847 1851 1860 1873 1885 1911 1917 1920 1971 1991
504,C C 1 = C ( C ( N 2 C ( = N N = N 2 ) N 1 ) C 3 = C ( C ( = C C = C 3 ) O C ) O C ) C ( = O ) O C C = C,7 12 22 71 80 124 145 147 152 186 199 249 257 333 352 371 377 378 433 451 455 456 465 466 495 511 549 588 613 650 694 695 699 732 736 789 801 806 807 816 841 931 935 940 955 977 980 997 1019 1021 1027 1039 1057 1060 1088 1114 1124 1129 1164 1180 1235 1237 1300 1321 1326 1366 1380 1395 1410 1427 1437 1443 1464 1465 1468 1486 1519 1536 1599 1602 1608 1620 1645 1651 1722 1750 1769 1783 1822 1858 1866 1873 1883 1893 1917 1955 1962 1970 1978 1985 1989 2024
505,C 1 C ( O C ( O C 1 C 2 = C C = C ( C = C 2 ) C O ) C 3 = C C ( = C C = C 3 ) N C ( = O ) C C C C C ( = O ) N O ) C S C 4 = C C = C ( C = C 4 ) C ( = O ) O,27 41 58 67 80 88 106 116 143 157 161 184 187 191 198 222 241 268 310 341 354 385 389 456 460 466 490 583 595 650 656 688 699 702 703 720 754 784 807 811 819 837 848 853 854 875 878 901 926 942 955 971 991 1019 1021 1027 1039 1071 1073 1083 1088 1138 1141 1152 1163 1220 1226 1227 1242 1255 1262 1267 1272 1279 1292 1338 1380 1382 1385 1391 1429 1534 1558 1564 1570 1571 1595 1599 1618 1631 1650 1663 1697 1718 1734 1750 1754 1759 1773 1792 1803 1816 1856 1862 1873 1911 1917 1921 1985 2006 2020 2021 2024 2035
506,C 1 C C ( C N ( C 1 ) C C ( = O ) O ) C C 2 = C N C 3 = C C = C C = C 3 2,29 42 61 72 79 80 119 164 196 239 307 328 362 364 389 408 413 439 446 458 484 607 618 650 683 687 704 705 739 806 807 811 849 886 906 926 935 963 970 985 1012 1019 1028 1088 1114 1184 1199 1208 1248 1312 1325 1335 1343 1349 1357 1380 1422 1441 1447 1469 1480 1573 1585 1607 1659 1700 1737 1750 1783 1791 1870 1873 1879 1917 1929 1937 1963 1996 2001 2003 2022 2030
507,C C O C ( = O ) C 1 = C ( C = C ( C = C 1 ) N C ( = O ) C ) O C C 2 = N C 3 = C C = C C = C 3 C = C 2,25 50 67 80 85 132 145 147 184 191 203 207 245 273 289 294 311 336 360 377 378 530 634 646 650 684 695 718 724 734 745 758 759 801 806 807 843 849 875 903 931 964 984 1017 1053 1057 1069 1087 1088 1097 1115 1152 1193 1199 1203 1226 1238 1249 1262 1287 1298 1303 1343 1360 1374 1380 1416 1429 1452 1460 1468 1502 1609 1650 1666 1673 1722 1743 1750 1769 1816 1855 1873 1900 1917 1949 1951 1970 1974 1991 1992
508,C [C@H] ( C = O ) [C@H] 1 C C [C@@H] 2 [C@@] 1 ( C C C [C@@H] 2 O C ( = O ) C ) C,1 8 10 87 92 127 133 243 281 283 488 491 508 511 519 521 537 551 562 580 622 638 650 694 695 798 807 926 973 978 1004 1005 1017 1019 1028 1035 1057 1060 1092 1096 1100 1126 1162 1199 1208 1216 1240 1269 1274 1278 1325 1448 1477 1492 1555 1567 1581 1595 1596 1656 1701 1744 1893 1912 1917 1922 1929 1960 1985 1995 2017 2021 2034
509,C 1 = C C = C 2 C ( = C 1 ) C = C C ( = C 2 S C 3 = C ( C = C C 4 = C C = C C = C 4 3 ) O ) O,6 11 55 102 116 158 203 334 341 389 426 430 494 511 535 552 608 756 782 794 807 852 871 886 941 1016 1071 1087 1088 1104 1108 1126 1154 1161 1175 1199 1357 1380 1395 1413 1426 1475 1501 1512 1515 1541 1573 1602 1607 1688 1716 1732 1740 1750 1823 1855 1867 1873 1885 1970 2016
510,C 1 = C C = C ( C = C 1 ) C = C C ( = O ) O C 2 = C C 3 = C ( C = C 2 ) C ( = O ) C ( = C C 4 = C C = C O 4 ) O 3,13 31 40 65 79 86 105 150 167 176 188 200 202 221 264 267 273 281 296 314 322 344 352 365 369 389 419 424 474 487 515 550 555 605 643 650 656 680 694 695 718 787 807 835 875 878 888 938 986 988 1010 1046 1052 1073 1088 1138 1158 1196 1199 1233 1252 1308 1320 1353 1361 1379 1380 1404 1465 1476 1523 1661 1729 1750 1752 1786 1792 1794 1810 1820 1835 1860 1873 1886 1892 1905 1917 1926 1970 1978 2023 2033 2045 2047
511,C 1 C C 2 C C C ( = C 1 ) C C 2,7 87 154 206 274 393 414 415 449 474 500 524 591 609 636 640 847 895 920 926 939 995 1005 1019 1028 1121 1140 1147 1187 1232 1252 1268 1298 1314 1325 1362 1380 1397 1446 1474 1513 1608 1616 1636 1644 1645 1738 1739 1742 1744 1774 1781 1857 1873 1916 2003 2021
512,C [C@@H] ( C S C 1 = N C 2 = C ( C 3 = C ( S 2 ) C C C C C 3 ) C ( = O ) N 1 C 4 = C C = C C = C 4 ) C # N,1 2 42 58 80 89 91 116 117 162 179 193 220 223 242 257 263 276 283 310 314 331 341 361 378 389 421 427 449 504 511 514 519 522 536 637 650 662 674 675 682 718 734 747 790 792 921 926 935 979 997 1014 1023 1028 1049 1057 1088 1093 1115 1199 1200 1211 1302 1318 1369 1380 1384 1391 1393 1430 1476 1481 1581 1582 1598 1624 1661 1670 1679 1715 1722 1738 1750 1783 1817 1822 1825 1855 1873 1878 1905 1919 1954 1971 1984 1993 1995 1996 2006 2012
513,C O C 1 = C C = C ( C = C 1 ) C 2 = C C ( = C O 2 ) C O,29 31 58 68 74 80 121 123 153 222 259 272 310 322 330 384 404 433 442 495 497 499 562 590 635 644 645 652 656 695 718 741 781 786 806 807 831 837 841 865 875 878 883 896 964 965 974 1057 1083 1157 1160 1233 1254 1257 1369 1372 1377 1380 1536 1668 1677 1705 1709 1750 1754 1789 1853 1863 1873 1879 1904 1915 1924
514,C C ( C ) ( C ) O C ( = O ) N 1 C C C [C@@H] ( C 1 ) C ( = S ) N,2 70 93 97 110 114 140 168 220 231 369 392 436 446 487 490 559 601 602 606 626 650 695 739 752 799 807 811 832 926 935 963 974 1019 1025 1028 1033 1057 1065 1068 1070 1102 1121 1158 1167 1171 1203 1236 1275 1305 1314 1325 1349 1438 1463 1480 1574 1588 1679 1695 1760 1785 1834 1838 1840 1859 1873 1917 2009 2010 2011 2015 2020 2034
515,C C 1 = C C ( = C C = C 1 ) / C = N \ N C ( = O ) N,40 65 132 140 171 256 289 309 318 323 402 592 650 687 694 713 719 725 733 758 772 807 809 833 860 864 875 895 918 924 959 977 1013 1039 1055 1057 1088 1105 1114 1121 1152 1155 1169 1171 1217 1222 1244 1303 1353 1380 1381 1403 1488 1497 1505 1526 1600 1665 1688 1722 1727 1728 1750 1823 1824 1854 1867 1873 1874 1899 1917 1922 1946 1968 1982 2008 2033 2035
516,C C ( C ) ( C ) C 1 = C C ( = C C ( = C 1 O ) C ( C ) ( C ) C ) O C C ( = O ) [O-],14 80 104 113 114 139 163 202 287 311 319 322 326 380 392 416 418 419 490 532 570 574 628 650 695 713 715 764 775 785 807 875 948 995 1057 1152 1199 1226 1250 1254 1339 1380 1415 1452 1492 1529 1534 1537 1602 1614 1640 1655 1705 1735 1768 1852 1868 1873 1887 1917 1944 2004 2015 2030
517,C C ( C ) C C C C ( C ) C 1 C C C 2 C 1 ( C C C 3 = C 4 C C C ( C C 4 ( C ( C C 2 3 ) O C ( = O ) C ) C ) O ) C,1 5 8 34 80 146 150 243 249 271 283 312 318 327 342 406 455 508 519 521 527 562 578 583 590 594 611 641 650 676 679 681 695 706 739 741 744 753 807 826 854 858 881 902 916 926 974 1017 1018 1019 1035 1057 1060 1076 1126 1135 1142 1162 1189 1224 1257 1274 1288 1292 1309 1325 1336 1341 1354 1380 1468 1477 1514 1555 1615 1654 1664 1666 1693 1704 1710 1730 1737 1738 1761 1808 1821 1847 1858 1860 1884 1911 1917 1926 1996 2025
518,C C C C N 1 C = C ( C = N 1 ) C N ( C 2 = C N = C ( C = C 2 ) C ( C ) C ) C ( = O ) C 3 C C C C 4 = C 3 C = C C = C 4 O,1 2 18 43 80 115 130 137 161 197 235 261 276 279 283 294 336 360 361 371 374 378 382 387 396 417 443 447 464 472 473 501 507 541 542 549 582 591 594 598 605 626 650 652 696 747 751 783 794 807 881 926 935 940 960 968 984 999 1019 1027 1028 1039 1057 1074 1088 1091 1096 1098 1118 1140 1145 1161 1164 1169 1221 1325 1348 1365 1380 1391 1400 1452 1464 1472 1483 1492 1505 1513 1527 1535 1580 1602 1607 1610 1644 1689 1721 1724 1738 1750 1754 1787 1788 1810 1831 1873 1877 1882 1895 1911 1917 1937 2009
519,C C 1 C ( C 2 = C C = C C = C 2 N 1 C ) ( C ) C,44 92 106 187 188 212 257 260 280 283 312 354 408 425 546 570 600 611 618 622 716 758 789 815 854 876 878 933 935 973 1003 1019 1057 1060 1088 1109 1116 1122 1145 1162 1199 1215 1230 1263 1274 1295 1296 1298 1299 1309 1376 1380 1429 1457 1460 1472 1510 1514 1543 1601 1616 1631 1647 1659 1670 1700 1727 1748 1750 1808 1873 1954 1980
520,C C 1 = C ( C ( = O ) N C ( = C 1 C C C ( = O ) N C C 2 = C C = C C = C 2 C N ( C ) C ) C ) C # N,41 57 79 80 142 157 197 213 252 255 288 293 314 333 338 358 419 452 473 507 533 543 602 634 650 652 660 674 690 692 723 750 763 776 790 807 881 921 983 996 1007 1013 1037 1048 1057 1075 1088 1114 1136 1152 1154 1163 1187 1199 1233 1243 1302 1314 1337 1349 1380 1384 1527 1532 1538 1559 1564 1565 1566 1589 1597 1665 1677 1721 1722 1727 1745 1750 1764 1873 1898 1917 1938 2006 2034 2043
521,C 1 = C ( C = C ( C 2 = C ( N N = C 2 1 ) Br ) C ( = O ) O ) Br,34 74 92 189 242 260 278 283 378 389 404 456 470 591 631 639 650 690 728 740 807 827 875 879 909 966 1019 1039 1047 1097 1104 1114 1127 1142 1188 1220 1274 1323 1380 1408 1522 1556 1618 1619 1631 1658 1687 1701 1725 1775 1797 1808 1844 1873 1917 1932 1984 1991 2004
522,C O C C 1 C 2 C 1 C N C 2,18 46 66 78 80 197 344 466 470 545 554 576 592 622 661 695 768 822 839 841 845 864 873 879 915 917 921 926 927 945 1005 1019 1057 1097 1114 1136 1163 1208 1238 1308 1435 1518 1568 1625 1653 1696 1705 1810 1891 1929 1946 2027 2028 2034 2039
523,C C ( C ) N C ( = S ) N ( C C N 1 C C O C C 1 ) C C 2 = C N = C ( N 2 C C 3 C C C O 3 ) S ( = O ) ( = O ) C C 4 = C C = C C = C 4 F,1 5 15 34 80 91 97 104 110 117 145 174 238 248 283 335 340 350 361 371 372 378 379 442 443 448 459 460 504 507 520 523 552 575 605 606 650 656 687 699 710 730 738 797 802 807 821 859 881 887 891 895 907 908 926 935 950 966 978 1019 1028 1032 1042 1044 1057 1068 1076 1088 1108 1145 1152 1174 1199 1237 1263 1281 1325 1328 1349 1351 1380 1391 1404 1405 1419 1441 1452 1453 1468 1476 1480 1482 1535 1585 1597 1598 1602 1614 1642 1646 1650 1652 1690 1750 1762 1789 1791 1836 1840 1849 1853 1873 1901 1911 1918 1928 1929 1951 2034
524,C N 1 C ( = N N = N 1 ) S C 2 = N C ( = N C 3 = C C = C C = C 3 2 ) C 4 = C N = C C = C 4,14 32 116 186 257 289 290 352 370 378 389 437 442 464 508 519 552 647 736 741 747 773 798 799 823 833 848 853 935 966 983 984 995 996 1043 1050 1057 1088 1094 1097 1105 1145 1160 1164 1199 1302 1322 1357 1364 1380 1385 1400 1422 1472 1473 1535 1573 1586 1603 1716 1740 1750 1765 1779 1783 1800 1840 1855 1866 1873 1889
525,C 1 = C C = C ( C = C 1 ) C 2 = N N = C ( N 2 C 3 = C C = C ( C = C 3 ) Br ) S C C ( = O ) N N = C C 4 = C C ( = C ( C = C 4 ) Cl ) Cl,25 34 41 51 58 75 80 116 152 233 278 309 318 341 352 366 378 384 389 402 433 483 490 523 561 650 654 666 685 694 723 725 728 734 736 742 747 807 864 875 902 909 924 930 935 940 941 954 1088 1090 1152 1155 1157 1160 1164 1191 1199 1253 1260 1261 1268 1288 1380 1383 1402 1449 1506 1508 1509 1535 1554 1569 1570 1577 1622 1631 1649 1683 1707 1722 1729 1737 1750 1825 1867 1873 1876 1890 1911 1917 1959 1983 1993 2020 2033
526,C C 1 = C C ( = C ( C = C 1 ) O C C ( = O ) N C 2 = C C = C C ( = C 2 ) C 3 = N N = C ( O 3 ) C 4 = C C = C C = C 4 ) C,41 79 80 94 167 168 184 189 191 192 196 204 235 265 297 303 378 389 596 647 650 656 665 695 703 720 721 730 736 756 767 807 816 834 875 901 957 989 992 1013 1039 1047 1057 1088 1103 1143 1152 1160 1162 1164 1187 1199 1227 1274 1349 1380 1384 1391 1452 1457 1503 1541 1551 1604 1612 1693 1722 1724 1735 1750 1816 1823 1835 1873 1917 1970 2002 2004 2012 2041
527,C C 1 = C C 2 = C ( C = C 1 ) N = C ( C = C 2 C ( = O ) N C 3 = C C ( = C ( C = C 3 O C ) Cl ) O C ) C 4 = C C 5 = C ( C = C 4 ) O C O 5,3 97 113 160 176 182 235 249 283 307 319 322 345 353 366 378 389 393 441 486 561 580 650 656 682 695 702 738 799 806 807 841 847 869 875 877 896 911 916 926 928 947 961 980 1013 1019 1035 1057 1058 1089 1097 1110 1142 1152 1160 1201 1224 1233 1251 1259 1349 1355 1357 1362 1364 1378 1380 1392 1403 1447 1536 1647 1674 1677 1683 1715 1722 1729 1750 1752 1776 1791 1800 1809 1816 1823 1855 1863 1873 1891 1898 1905 1917 1970 1977 1991 2040
528,C C 1 C C N ( C C 1 ) C C 2 = C C = C ( C = C 2 ) C ( = O ) N 3 C C N ( C C 3 ) C 4 = C C = C C ( = C 4 ) C ( F ) ( F ) F,46 80 111 114 115 138 151 155 310 407 421 433 435 476 496 497 554 604 610 617 648 650 687 690 699 784 807 809 875 913 926 935 942 945 973 986 1006 1019 1039 1049 1057 1085 1088 1105 1128 1148 1179 1260 1261 1309 1312 1317 1321 1325 1348 1380 1385 1411 1417 1453 1462 1480 1504 1508 1511 1522 1526 1549 1563 1584 1589 1615 1650 1657 1660 1683 1697 1750 1754 1765 1771 1791 1799 1825 1849 1870 1873 1898 1917 1928 1960 1965 2009 2011 2017
529,C C 1 = C C = C C = C 1 O C C ( = O ) N C C 2 = C C = C ( C = C 2 ) C ( = O ) N,21 41 68 80 107 140 192 197 202 207 219 255 309 310 315 333 387 404 425 432 439 486 496 542 589 633 638 650 695 770 793 807 851 892 896 921 948 970 998 1019 1052 1057 1088 1121 1134 1152 1171 1187 1191 1197 1199 1216 1232 1313 1321 1358 1380 1385 1391 1396 1410 1452 1458 1523 1572 1573 1576 1611 1638 1644 1696 1697 1718 1722 1723 1727 1750 1754 1827 1844 1859 1873 1917 1970 1988 1999 2004 2012
530,C C C C 1 = C ( N ( C ( = O ) N 1 C C 2 = C C = C ( C = C 2 ) C 3 = C C = C C = C 3 C ( = O ) O ) C ( = O ) C C C ) C,2 9 11 80 85 120 138 141 172 201 222 257 294 309 310 314 335 350 352 355 389 412 456 466 634 646 650 654 712 771 783 793 794 802 807 850 874 896 908 909 935 980 984 988 1009 1045 1047 1057 1075 1080 1088 1104 1105 1109 1113 1119 1126 1160 1199 1243 1244 1251 1277 1282 1357 1380 1447 1547 1564 1630 1683 1722 1726 1750 1754 1765 1766 1811 1821 1822 1867 1873 1917 1936 1983 1991 2021
531,C 1 N C C C N C C N C C C N ( C 1 ) C c 1 c c ( c 2 c c ( C N ( C c 3 n c c c c 3 ) C c 3 c c c c n 3 ) c c n 2 ) n c c 1,14 76 80 171 172 181 205 213 225 242 251 267 302 305 378 390 393 448 493 507 541 551 603 720 722 724 744 784 787 867 869 875 881 893 926 935 980 998 1004 1028 1033 1044 1080 1085 1086 1088 1114 1128 1153 1155 1199 1203 1225 1308 1332 1372 1380 1422 1442 1452 1470 1480 1516 1554 1556 1703 1746 1750 1754 1765 1771 1773 1791 1793 1866 1873 1921 1929 1985 2020 2038
532,C C O C ( = O ) C N 1 C = C ( N = C 1 Cl ) [N+] ( = O ) [O-],3 34 80 98 147 152 179 191 247 294 337 358 378 386 464 494 561 582 595 620 650 654 665 695 711 715 753 781 807 838 857 868 926 935 961 981 1004 1057 1123 1170 1195 1238 1273 1276 1288 1312 1322 1380 1386 1395 1402 1417 1435 1441 1452 1455 1463 1483 1484 1499 1510 1553 1629 1683 1704 1722 1724 1752 1834 1835 1855 1860 1873 1917 1963 2033
533,C C 1 = C ( C = C C = C 1 N C ( = O ) C 2 = C C = C ( C = C 2 ) C ( C ) ( C ) C ) C 3 = C N ( C ( = O ) C ( = C 3 ) N C 4 = N C = C ( C = C 4 ) C ( = O ) N 5 C C N ( C C 5 ) C ( = O ) C ) C,33 36 75 114 133 142 154 157 161 171 205 214 216 252 256 265 286 311 314 319 352 378 392 410 442 460 464 486 491 497 502 504 512 531 573 574 579 583 596 632 650 683 691 695 807 831 851 852 875 910 914 925 926 935 942 947 963 967 984 985 997 1017 1039 1057 1060 1081 1088 1099 1145 1152 1160 1167 1224 1242 1300 1339 1380 1385 1387 1409 1417 1452 1458 1480 1491 1504 1535 1556 1583 1585 1587 1589 1665 1669 1696 1697 1698 1711 1722 1725 1750 1768 1783 1795 1816 1834 1842 1873 1917 1947 1955 1972 2009 2018
534,C 1 C C N ( C C 1 ) C 2 3 C ( S ( = O ) ( = O ) C 4 = C C = C C = C 4 2 ) S ( = O ) ( = O ) C 5 = C C = C C = C 3 5,2 5 33 43 89 154 193 207 226 295 303 306 368 390 449 469 477 484 499 514 522 532 557 650 728 784 788 798 845 861 884 926 935 952 1019 1028 1029 1059 1060 1080 1088 1089 1117 1172 1199 1308 1310 1380 1428 1459 1460 1480 1497 1510 1581 1593 1679 1690 1750 1751 1761 1844 1873 1879 1897 1948 1967 1980 1984 1998 2013 2030
535,C 1 = C C = C ( C = C 1 ) / C ( = C / 2 \ C ( N ( C ( = O ) C 2 = O ) C 3 = C C = C ( C = C 3 ) O ) C 4 = C C ( = C C = C 4 ) [N+] ( = O ) [O-] ) / O,52 57 75 117 175 225 233 289 313 314 381 389 395 471 507 535 590 602 633 634 646 650 715 727 743 745 753 807 814 818 838 875 879 891 932 935 1003 1019 1027 1039 1088 1152 1176 1195 1199 1219 1250 1273 1274 1279 1313 1373 1380 1384 1385 1399 1420 1427 1443 1476 1479 1504 1532 1561 1595 1602 1610 1629 1641 1663 1686 1750 1764 1778 1805 1809 1812 1815 1825 1873 1922 1940 1963 1985 1988 2007 2011
536,C C O C 1 = C C = C ( C = C 1 ) N C ( = O ) C ( C ) N 2 C = N C 3 = C ( C 2 = O ) C 4 = C ( S 3 ) C C C C 4,1 42 69 80 102 143 154 159 162 191 220 227 237 267 275 283 294 310 314 322 331 361 369 378 388 398 427 430 504 511 561 573 579 585 598 650 675 683 695 708 718 735 796 807 837 843 875 890 902 926 932 935 942 954 968 997 1028 1056 1057 1077 1142 1146 1152 1164 1211 1215 1238 1247 1277 1293 1323 1329 1380 1391 1411 1435 1438 1452 1457 1529 1604 1660 1664 1669 1715 1738 1743 1750 1799 1816 1817 1819 1873 1874 1875 1886 1896 1917 1935 1956 1970 1975 1984 2026 2043
537,S C ( = N C C C O C C ) N C C C N c 1 n c 2 c ( c c 1 C # N ) c c c ( c 2 C ) C,13 80 121 124 144 161 188 197 203 224 229 237 252 294 321 361 378 405 425 475 485 539 552 571 579 656 657 667 674 695 708 714 725 747 790 795 807 844 875 892 942 945 1002 1020 1057 1063 1112 1136 1152 1187 1238 1272 1298 1301 1325 1344 1372 1377 1380 1384 1391 1416 1439 1458 1485 1519 1588 1614 1627 1684 1691 1692 1718 1722 1724 1732 1744 1749 1750 1786 1836 1855 1862 1872 1873 1876 1911 1913 1931 1944 1961 1969 1972 1992 2004 2020
538,C = C 1 [C@H] ( [C@H] ( N 2 C ( = N C ( = N 2 ) S C C 3 = C C = C C = C 3 ) N 1 ) C 4 = C N = C C = C 4 ) C ( = O ) N,2 35 71 80 96 99 113 116 140 170 201 202 206 229 286 303 341 346 378 389 437 463 495 525 537 575 623 650 749 762 767 779 789 803 807 821 861 899 908 935 1019 1033 1043 1060 1066 1086 1088 1097 1114 1115 1156 1171 1179 1199 1279 1319 1366 1380 1437 1453 1535 1537 1539 1586 1603 1608 1610 1624 1663 1667 1694 1726 1750 1754 1825 1833 1852 1855 1863 1866 1873 1895 1900 1917 1956 1980 1991 1996 2014
539,C C N ( C C ) C C C C C C C C C C N ( C ) C C 1 = C C 2 = C C = C C = C 2 O 1,24 48 80 104 220 236 241 242 251 253 262 277 280 294 348 445 507 541 566 620 656 690 696 814 836 863 875 881 898 932 943 961 983 1050 1057 1087 1088 1123 1128 1143 1163 1168 1178 1199 1229 1236 1281 1304 1380 1395 1427 1461 1484 1530 1537 1581 1592 1604 1657 1669 1674 1704 1711 1750 1766 1808 1810 1855 1873 1911 1912 1934 1951 1981 1990 2005 2012
540,C C ( C ) ( C C C ( C ) ( C ) O O C ( = O ) C 1 = C C = C C = C 1 C C 2 = C C = C C = C 2 ) O O C ( = O ) C 3 = C C = C C = C 3 C C 4 = C C = C C = C 4,73 80 99 104 114 145 158 169 174 204 231 268 285 289 304 310 328 389 392 474 546 600 624 650 695 711 775 789 807 841 993 1043 1057 1063 1066 1088 1116 1173 1199 1232 1283 1288 1302 1308 1324 1329 1346 1349 1369 1380 1396 1430 1447 1494 1536 1547 1566 1597 1648 1690 1750 1754 1782 1825 1850 1852 1854 1873 1917 1991 1999 2030
541,C C C ( = C ) [C@H] ( C ) [C@H] ( C 1 = C C = C C = C 1 ) O,1 45 80 91 144 198 220 227 283 294 300 345 348 389 503 507 518 614 641 708 714 790 807 815 846 886 898 1022 1026 1032 1057 1088 1092 1096 1120 1147 1199 1343 1365 1366 1380 1481 1575 1581 1744 1750 1832 1873 1875 1958
542,O ( C ( = O ) [C@@H] ( N ( C c 1 c c c c c 1 ) C c 1 c c c c c 1 ) C ) C c 1 c c c c c 1,1 80 114 118 128 142 147 159 206 217 256 283 295 376 389 486 507 547 650 695 696 708 723 745 768 779 807 879 881 941 958 968 1048 1057 1066 1088 1132 1147 1199 1224 1237 1253 1273 1285 1313 1329 1360 1361 1380 1396 1420 1526 1570 1578 1605 1607 1691 1750 1751 1754 1799 1873 1877 1914 1917 1989 1991 2000 2042
543,C C ( C ( = O ) N C 1 = C ( C = C C ( = C 1 ) O C ) O C ) S C 2 = C C = C ( C = C 2 ) N C ( = O ) C 3 = C C ( = C C = C 3 ) Cl,1 56 64 94 116 165 191 196 200 216 249 283 301 322 346 388 441 457 486 526 532 561 573 592 619 650 653 695 718 755 781 807 811 841 843 875 910 962 1039 1057 1058 1077 1088 1120 1133 1142 1152 1162 1173 1207 1224 1255 1322 1356 1380 1385 1454 1457 1507 1518 1532 1536 1540 1568 1683 1701 1702 1707 1709 1734 1736 1738 1750 1783 1795 1816 1849 1858 1861 1873 1917 1925 1970 1972 1978 1985 2030 2040
544,C C ( C 1 = C ( C = C ( C = C 1 ) F ) F ) N C ( = O ) [C@H] ( C C 2 = C N C 3 = C C = C C = C 3 2 ) N C ( = O ) C 4 = C C = C S 4,1 14 23 64 75 79 80 95 117 119 191 220 237 241 251 269 283 289 302 320 328 329 335 341 364 383 419 486 532 562 573 590 648 650 675 699 709 731 736 754 794 805 806 807 826 842 875 915 934 943 987 1013 1057 1088 1107 1110 1114 1115 1152 1171 1199 1218 1246 1292 1323 1324 1349 1357 1380 1410 1435 1440 1487 1522 1567 1573 1607 1616 1617 1624 1627 1633 1638 1670 1685 1711 1746 1750 1780 1783 1796 1831 1840 1845 1852 1873 1879 1888 1917 1923 1928 1934 1937 1968 1970
545,C [C@H] ( [C@@H] ( C ( = O ) O ) N C ( = O ) [C@@H] 1 C C C N 1 C ( = O ) [C@H] ( C C ( C ) C ) N C ( = O ) [C@H] ( C C 2 = C C = C ( C = C 2 ) O ) N C ( = O ) [C@H] ( C C 3 = C C = C ( C = C 3 ) N ) N ) O,0 1 7 26 56 77 79 80 108 117 139 143 144 158 171 175 193 199 227 237 242 250 280 283 310 354 378 389 404 446 472 488 531 546 555 573 583 620 622 623 624 650 657 680 689 736 745 759 779 786 807 812 813 841 857 888 890 926 935 956 966 985 1017 1019 1028 1030 1047 1057 1060 1065 1066 1097 1110 1118 1134 1138 1145 1152 1168 1171 1313 1325 1343 1351 1380 1423 1426 1433 1457 1480 1482 1501 1504 1602 1616 1637 1644 1693 1735 1750 1754 1778 1785 1794 1804 1844 1847 1849 1857 1873 1887 1888 1904 1907 1917 2006 2016
546,C C 1 = C C ( = C C ( = C 1 ) O C ( = O ) C 2 = C C = C ( C = C 2 ) N C 3 = C ( C ( = O ) N ( C 3 = O ) C 4 = C C = C C = C 4 O C ) Cl ) C,63 145 163 164 166 187 191 207 212 249 314 322 327 336 373 379 491 499 516 561 606 610 650 695 713 743 767 782 805 807 825 841 843 860 866 871 875 879 888 935 1011 1057 1088 1152 1155 1164 1182 1199 1217 1237 1265 1290 1295 1315 1333 1347 1380 1385 1410 1414 1432 1489 1495 1521 1524 1536 1568 1580 1647 1683 1686 1697 1722 1729 1734 1741 1750 1823 1852 1870 1873 1906 1915 1917 1926 1939 1953 1970 2001
547,C C 1 = C ( S C ( = N 1 ) N 2 C ( = C C ( = N 2 ) C 3 = C C = C C = C 3 ) C 4 = C C = C C = C 4 ) C ( = O ) / C = C / C 5 = C C = C ( C = C 5 ) [N+] ( = O ) [O-],25 31 41 46 53 92 162 208 283 349 378 389 400 430 522 586 618 634 650 655 675 677 694 715 736 753 769 772 781 787 807 809 815 820 835 838 875 876 878 935 980 1033 1057 1088 1118 1141 1160 1195 1199 1207 1271 1274 1286 1308 1328 1334 1338 1380 1435 1446 1560 1601 1667 1686 1692 1694 1722 1738 1750 1776 1809 1814 1817 1830 1839 1852 1855 1857 1873 1874 1917 1933 1952 1956 1963 1971 2029 2033 2034 2035 2045
548,C C C 1 = C C = C ( C = C 1 ) [C@H] 2 N = C ( N C 3 = [N+] 2 C 4 = C C = C C = C 4 C ( = O ) N 3 ) N,1 9 24 80 106 130 134 145 205 251 254 294 303 310 314 343 353 378 398 410 427 442 443 463 471 487 495 503 530 536 586 592 640 650 664 711 743 750 751 753 782 786 793 851 878 928 983 1006 1019 1057 1060 1061 1071 1088 1102 1114 1133 1171 1194 1195 1199 1259 1261 1279 1309 1327 1357 1369 1380 1433 1445 1457 1542 1573 1588 1644 1662 1737 1745 1750 1754 1797 1799 1803 1826 1829 1836 1849 1865 1873 1897 1933 2026
549,C C ( C ) C C C ( C ) N ( C ( C 1 = C C = C ( C = C 1 ) O ) C ( = O ) N C ( C ) ( C ) C ) C ( = O ) C ( C C ( C ) C ) N C ( = O ) O C ( C ) ( C ) C,1 12 45 80 110 114 117 141 167 227 231 283 309 318 329 330 354 392 442 460 465 497 509 519 557 564 573 603 610 650 680 689 695 701 736 739 745 752 759 784 807 822 881 967 1019 1040 1057 1152 1167 1251 1292 1313 1318 1319 1365 1380 1385 1423 1454 1482 1491 1574 1577 1602 1682 1690 1700 1712 1750 1755 1758 1772 1778 1803 1809 1825 1847 1853 1859 1860 1861 1873 1917 1977 1985
550,C [C@@H] ( C 1 = C C ( = C C = C 1 ) Cl ) N C ( = O ) C N ( C ) C C ( = O ) N C 2 = C C = C ( C = C 2 ) F,1 9 41 42 80 90 117 120 165 191 209 216 221 222 225 266 268 283 464 532 552 555 561 592 613 650 699 711 714 736 740 765 807 821 832 843 875 881 901 941 1001 1039 1057 1077 1088 1115 1128 1149 1152 1163 1190 1194 1196 1236 1247 1271 1281 1302 1312 1318 1365 1380 1410 1504 1532 1549 1581 1615 1627 1656 1670 1682 1683 1689 1737 1750 1790 1800 1816 1831 1837 1868 1873 1917 1922 1928 1929 1955 2001
551,C 1 C O C C N 1 C C N ( C 2 C C ( = O ) N ( C 2 = O ) C 3 = C C = C ( C = C 3 ) C # N ) C ( = O ) C 4 = C C ( = C ( C = C 4 ) Cl ) [N+] ( = O ) [O-],5 15 34 41 80 94 102 148 158 159 165 231 233 305 308 311 314 354 364 366 374 376 404 456 501 523 529 561 621 624 650 656 666 671 674 678 696 699 715 716 717 727 753 763 785 790 798 807 838 869 875 881 926 935 950 980 1019 1032 1073 1081 1088 1097 1136 1145 1176 1191 1195 1210 1221 1240 1337 1353 1356 1380 1384 1385 1397 1405 1416 1441 1456 1480 1482 1516 1573 1611 1612 1616 1654 1656 1683 1685 1686 1697 1709 1710 1723 1750 1755 1758 1759 1786 1791 1825 1833 1845 1849 1873 1900 1914 1917 1951 1954 1963 1970 1983 1984 1991 2014 2033 2047
552,C 1 C C ( = O ) N ( C 1 ) C 2 = C C = C ( C = C 2 ) O C ( = O ) C C C 3 = C C 4 = C ( C = C 3 ) O C O 4,80 104 126 185 188 215 233 261 267 294 300 310 311 314 322 344 349 378 411 425 441 449 455 464 481 505 598 602 650 656 695 718 738 747 796 798 807 836 875 926 935 1011 1013 1028 1035 1038 1071 1090 1123 1138 1153 1166 1171 1182 1199 1242 1243 1327 1349 1355 1380 1382 1386 1415 1445 1446 1457 1480 1514 1540 1558 1564 1566 1608 1647 1729 1738 1750 1754 1800 1825 1845 1849 1863 1873 1905 1917 1964 2029
553,C C 1 = C C = C ( C = C 1 ) N C ( = O ) C 2 = C ( N ( N = C 2 C ( = O ) C 3 = C C = C C = C 3 ) C 4 = C C = C ( C = C 4 ) Cl ) C,9 112 135 152 175 184 191 216 229 233 235 378 389 422 441 486 490 533 553 561 571 586 650 658 671 700 775 794 807 816 843 864 913 935 954 1015 1016 1021 1057 1060 1070 1077 1084 1088 1139 1152 1181 1199 1209 1233 1324 1330 1380 1385 1440 1459 1542 1557 1643 1645 1664 1679 1683 1722 1738 1750 1766 1775 1816 1823 1825 1852 1859 1873 1890 1917 1920 1938 1951 1956 1973 1978 1985 2009
554,C C N ( C C ( = O ) N C 1 = C C = C C = C 1 O C ) C C ( = O ) N 2 C C C C 2,41 80 148 188 222 226 249 251 268 274 294 298 369 389 411 429 450 497 499 531 542 569 595 650 684 695 724 760 777 799 807 815 841 851 881 884 926 932 935 945 1003 1009 1025 1028 1037 1057 1084 1088 1102 1108 1118 1122 1140 1152 1190 1193 1199 1224 1362 1380 1389 1396 1410 1478 1480 1498 1516 1536 1600 1604 1634 1657 1683 1696 1715 1721 1729 1734 1750 1771 1777 1809 1816 1864 1873 1917 1948 1970 1981 1998 2009 2029 2030 2035
555,C S ( = O ) ( = O ) N C 1 = C C = C ( C = C 1 ) C ( = O ) C 2 C C N ( C C 2 ) C C ( = C ) C 3 = N C = N C = C 3,60 80 126 185 191 260 264 277 350 359 378 409 420 442 464 466 473 489 499 516 517 533 574 619 628 650 692 694 753 795 807 818 843 855 926 935 963 974 993 999 1007 1019 1022 1057 1072 1101 1144 1152 1154 1208 1245 1249 1252 1257 1261 1264 1270 1278 1284 1312 1325 1328 1359 1366 1380 1384 1385 1436 1452 1476 1480 1506 1603 1640 1641 1644 1655 1681 1685 1697 1750 1779 1791 1832 1837 1866 1873 1917 1956 1958 1980 2013 2029
556,C n 1 c c ( c n 1 ) c 1 n c c 2 C N ( C C 3 C C 3 ) C C c 2 c 1 C ( = O ) O,6 29 43 77 80 83 168 175 176 214 248 323 327 361 378 389 440 456 464 495 499 500 550 586 622 650 667 675 702 742 768 807 811 908 913 926 935 955 976 982 1019 1020 1057 1111 1122 1128 1145 1155 1160 1179 1185 1192 1216 1236 1299 1300 1324 1325 1334 1380 1386 1406 1409 1452 1480 1526 1531 1535 1550 1570 1625 1627 1662 1671 1738 1762 1763 1791 1809 1810 1831 1833 1873 1876 1879 1886 1897 1917 1946 1983 2008 2041
557,C C ( C ) ( C S ( = O ) ( = O ) C C O ) O,53 79 80 81 114 195 213 222 259 283 316 327 350 382 392 473 481 515 530 600 650 663 667 807 821 855 908 928 945 960 963 1019 1024 1036 1057 1091 1171 1257 1294 1371 1408 1411 1438 1476 1503 1535 1571 1619 1654 1657 1724 1838 1882 1908 1912
558,C C 1 C C C ( C C 1 ) O C ( = O ) C 2 = C ( N C ( = O ) N [C@@H] 2 C 3 = C C 4 = C ( C = C 3 ) O C O 4 ) C,76 104 113 119 145 163 183 185 230 301 314 327 441 484 592 616 642 650 656 695 715 738 764 784 791 807 816 825 875 906 926 973 1019 1035 1056 1057 1060 1069 1071 1087 1114 1126 1142 1148 1151 1238 1279 1303 1309 1325 1349 1356 1376 1380 1410 1422 1452 1464 1557 1568 1647 1651 1663 1716 1722 1724 1750 1800 1803 1818 1834 1851 1860 1863 1873 1885 1905 1917 1924 1951 1974 1995
559,C 1 C N 2 C 3 = C ( C N C C 3 ) C 4 = C 2 C ( = C C = C 4 ) S C 1,37 91 136 148 157 168 269 286 305 318 361 374 397 430 440 444 466 498 503 516 547 548 560 567 638 675 720 742 784 789 821 881 882 926 935 949 950 962 987 1016 1028 1039 1065 1088 1114 1144 1173 1199 1232 1270 1308 1321 1350 1357 1361 1378 1380 1411 1422 1440 1445 1469 1480 1496 1517 1546 1573 1576 1617 1638 1650 1680 1704 1715 1738 1747 1750 1770 1873 1919 1950 1982 1998
560,C C 1 = C C ( = C ( C = C 1 ) C 2 = N N = C ( S 2 ) Cl ) C,0 7 82 138 162 200 204 206 216 235 352 378 380 491 526 539 561 621 656 673 675 678 680 709 780 784 829 853 875 922 1013 1057 1121 1123 1164 1198 1208 1344 1353 1369 1380 1384 1391 1436 1461 1500 1577 1620 1638 1677 1683 1695 1713 1722 1750 1780 1823 1873 1891 1934 1962 2019
561,C C ( C ) ( C ) C C ( = O ) N ( C C C O C ) C C ( = O ) N ( C C C 1 = C N C 2 = C C = C C = C 2 1 ) C C 3 = C C = C ( C = C 3 ) C ( C ) ( C ) C,13 23 33 80 114 119 227 260 263 273 310 321 328 364 392 404 410 453 465 476 486 507 510 587 604 624 650 695 770 789 804 806 807 830 841 872 878 881 885 921 945 960 978 986 991 997 1005 1057 1061 1088 1096 1114 1123 1139 1147 1156 1190 1199 1212 1238 1243 1272 1339 1349 1357 1372 1380 1417 1435 1439 1521 1555 1556 1573 1583 1607 1665 1724 1734 1750 1754 1756 1783 1839 1843 1873 1879 1911 1917 1937 1951
562,C ( C O C C ( C ( C ( C ( C ( C ( C ( C ( F ) ( F ) F ) ( F ) F ) ( F ) F ) ( F ) F ) ( F ) F ) ( F ) F ) ( F ) F ) ( F ) F ) C S ( = O ) ( = O ) O,13 22 59 73 80 114 121 219 347 350 481 487 539 567 582 592 632 650 654 676 695 772 780 790 807 865 882 886 916 934 969 972 977 1044 1047 1052 1077 1081 1097 1126 1131 1138 1204 1215 1253 1263 1288 1321 1325 1398 1405 1409 1432 1440 1453 1476 1517 1562 1580 1630 1650 1672 1687 1692 1715 1716 1795 1815 1839 1911 1925 1928 1934 1966 1992 2035
563,C 1 C ( N ( N = C 1 C 2 = C C = C C = C 2 ) C 3 = N C ( = O ) / C ( = C / C 4 = C C = C C = C 4 O ) / S 3 ) C 5 = C C = C ( C = C 5 ) Cl,21 132 133 138 158 198 216 231 273 275 278 281 314 356 375 378 389 422 440 441 561 644 650 675 687 694 731 736 743 799 801 807 816 857 894 911 926 927 935 961 991 1005 1019 1031 1055 1070 1088 1160 1162 1199 1254 1268 1279 1309 1312 1314 1317 1324 1325 1337 1346 1351 1377 1380 1394 1397 1419 1425 1459 1602 1607 1639 1683 1716 1750 1762 1770 1803 1823 1831 1851 1852 1872 1873 1893 1903 1953 2044
564,[C@] 1 ( c 2 c c ( O ) c c c 2 ) ( [C@@H] ( N ( C C C 1 ) C ) C ) C ( = O ) O C C,65 72 80 88 147 160 193 199 224 255 294 380 381 486 507 527 556 562 577 591 611 650 695 708 745 772 790 792 802 805 807 816 831 833 875 926 931 935 970 998 1005 1009 1019 1028 1039 1057 1060 1088 1145 1162 1191 1210 1219 1238 1249 1280 1309 1354 1376 1380 1398 1454 1480 1527 1550 1593 1602 1616 1626 1648 1654 1663 1722 1739 1750 1767 1873 1894 1917 1920 1977
565,C C 1 = N N ( C ( = C 1 ) C ( = O ) N 2 C C N ( C C 2 ) C 3 = C ( C = C ( C = C 3 ) O C ) O C ) C 4 = C C = C ( C = C 4 ) O C,136 149 157 163 183 229 231 233 237 249 318 322 357 378 407 426 437 488 552 587 635 650 669 695 718 738 781 807 821 831 841 875 915 926 935 942 943 958 997 1004 1057 1109 1163 1244 1248 1249 1262 1268 1295 1319 1363 1369 1380 1383 1440 1449 1480 1504 1508 1518 1523 1536 1569 1589 1651 1698 1722 1731 1750 1804 1825 1852 1873 1889 1915 1917 1921 1956 1970 1972 2005 2009
566,C 1 C ( C = C S 1 ( = O ) = O ) C C ( = O ) O C 2 = C C = C C = C 2 Br,1 30 34 57 76 80 96 131 154 206 207 265 336 354 391 427 440 460 469 472 483 505 525 591 619 641 650 666 695 707 725 728 795 806 807 833 855 903 905 926 931 949 964 1004 1015 1019 1044 1083 1088 1091 1188 1199 1213 1218 1264 1360 1380 1386 1406 1410 1426 1429 1485 1519 1590 1606 1614 1631 1639 1729 1750 1803 1851 1873 1913 1917 1970 2007 2034
567,C C C ( = O ) N C ( C C = C ) C = O,1 6 41 75 80 83 111 117 128 158 178 294 329 351 369 480 483 508 522 531 578 629 650 691 694 731 764 790 807 832 848 898 901 940 941 1004 1010 1057 1094 1116 1141 1152 1157 1187 1216 1241 1267 1327 1330 1366 1370 1408 1429 1477 1511 1567 1627 1645 1651 1694 1761 1804 1898 1903 1917 1980 2041
568,C C 1 = C C = C ( C = C 1 ) S ( = O ) ( = O ) N 2 C [C@@H] ( C [C@H] 2 C ( C 3 = C C = C ( C = C 3 ) O C ) O ) O [Si] ( C ) ( C ) C ( C ) ( C ) C,1 31 114 119 177 226 227 235 271 319 322 350 354 366 374 376 378 380 386 392 465 496 580 584 650 656 695 715 718 719 735 739 751 781 795 796 800 807 831 841 892 926 935 949 992 993 1008 1019 1057 1064 1124 1126 1220 1234 1292 1305 1320 1365 1380 1424 1454 1457 1472 1476 1523 1536 1539 1578 1617 1633 1641 1642 1681 1722 1750 1760 1766 1774 1782 1787 1823 1853 1855 1873 1920 1946 1959 1965 2008 2045
569,C C O C ( = O ) N 1 C C C ( C C 1 ) N C ( = O ) C 2 C C 2 3 C C N ( C C 3 ) C C 4 = C C ( = C ( C = C 4 ) O C ) O C,28 53 80 81 91 94 120 140 145 147 155 182 247 249 253 294 310 335 342 385 387 499 517 576 578 630 650 652 656 679 689 695 732 744 750 753 784 807 841 848 856 875 881 926 935 959 1019 1027 1029 1049 1057 1060 1065 1134 1143 1152 1162 1168 1238 1245 1261 1280 1325 1337 1358 1380 1403 1480 1482 1536 1615 1634 1650 1655 1682 1689 1722 1750 1754 1765 1771 1791 1799 1804 1834 1842 1873 1917 1956 1970 1992 2009 2034 2040
570,C C 1 = C C ( = C ( O 1 ) C ) C = N C 2 = C C = C C ( = C 2 C ) C ( = O ) O,13 18 47 56 66 91 166 171 252 272 313 345 360 379 389 456 475 500 525 597 650 656 694 725 733 766 767 787 798 807 835 864 870 872 875 945 954 956 961 974 996 1039 1047 1057 1088 1143 1156 1176 1185 1350 1378 1380 1393 1434 1447 1491 1536 1554 1559 1587 1604 1636 1711 1722 1740 1741 1742 1750 1784 1793 1826 1873 1881 1882 1917 1920 1991 2017 2031
571,C C C C C C ( = O ) N ( C C ) C C ( = O ) N C 1 = C C ( = N N 1 C 2 = C C = C C = C 2 C ) C ( C ) ( C ) C,22 41 80 100 114 164 174 187 235 268 294 309 319 334 355 368 378 392 408 473 486 504 516 591 593 597 599 619 641 650 652 675 689 693 697 755 794 803 807 834 838 875 881 932 935 978 981 983 1008 1036 1055 1057 1088 1104 1152 1157 1186 1187 1190 1199 1209 1232 1238 1247 1267 1295 1299 1315 1316 1339 1345 1346 1380 1391 1444 1448 1451 1469 1532 1564 1580 1620 1624 1647 1710 1722 1750 1766 1778 1799 1816 1817 1843 1852 1873 1894 1911 1917 1942 1956 1999
572,C C 1 = C C = C ( C = C 1 ) N C ( = O ) N C C ( C 2 = C C = C ( O 2 ) C ) N 3 C C O C C 3,1 73 76 80 143 159 191 197 200 207 235 252 258 264 268 312 433 442 523 538 570 606 618 650 653 656 669 715 807 843 873 880 905 916 925 926 935 938 950 975 989 1057 1060 1077 1106 1112 1129 1152 1205 1246 1261 1265 1310 1324 1370 1380 1405 1441 1480 1498 1501 1559 1565 1570 1604 1654 1661 1679 1708 1720 1722 1727 1742 1750 1803 1806 1816 1823 1828 1837 1852 1873 1890 1917 1920 1931 1974 1975 1989 1990 2011 2030
573,C [C@H] ( [C@@H] 1 C C C O 1 ) N C ( = O ) C 2 C C N ( C C 2 ) C ( = O ) C,1 117 137 174 193 207 280 283 294 361 405 446 462 514 571 573 579 598 609 639 640 650 652 656 673 689 802 804 807 808 812 830 869 872 873 883 884 916 926 935 950 951 957 964 974 985 1017 1019 1028 1057 1068 1152 1163 1174 1186 1218 1222 1275 1300 1325 1392 1422 1462 1468 1476 1480 1587 1592 1595 1631 1644 1661 1681 1693 1751 1761 1765 1779 1822 1837 1917 1942 1952 1955 1966 1976 2002 2009
574,C O C 1 = C C = C ( C = C 1 ) C 2 = N C 3 = C ( C = C C ( = C 3 ) Cl ) C ( = N 2 ) N C 4 = C C = C ( C = C 4 ) O C,40 90 155 165 168 188 191 216 262 287 310 313 318 322 378 381 395 422 449 467 491 549 561 636 674 695 708 714 718 738 745 752 781 795 816 831 841 843 848 875 888 896 905 913 920 949 1031 1057 1097 1106 1107 1152 1160 1188 1302 1323 1357 1362 1380 1384 1385 1441 1443 1463 1506 1517 1524 1536 1617 1634 1666 1670 1678 1683 1687 1716 1733 1750 1767 1782 1791 1828 1833 1843 1855 1873 2032
575,C C ( = O ) [C@] 1 ( C C [C@@H] 2 [C@@] 1 ( C C [C@H] 3 [C@H] 2 [C@@H] ( C C 4 = C C ( = O ) C = C [C@] 3 4 C ) Br ) C ) O C ( = O ) C,73 84 155 165 231 232 240 259 314 357 372 495 498 504 519 529 547 555 562 565 573 626 649 650 682 695 718 728 757 780 787 807 821 850 854 909 926 943 961 967 969 1017 1019 1035 1045 1057 1060 1082 1119 1153 1157 1162 1188 1235 1274 1279 1325 1332 1378 1380 1428 1436 1448 1484 1514 1561 1701 1721 1746 1815 1824 1831 1873 1887 1901 1917 1971 1988 2021 2044
576,C C O C ( = O ) C 1 = N C 2 = N C ( = C C ( = O ) N 2 N 1 ) C S C 3 = N N = C ( S 3 ) N,22 39 54 75 80 97 98 116 145 147 162 241 267 294 314 341 377 378 396 473 632 650 665 671 675 682 695 704 708 724 759 762 797 807 875 886 935 999 1016 1033 1057 1093 1099 1114 1123 1141 1161 1162 1164 1171 1232 1238 1249 1264 1269 1326 1334 1380 1389 1398 1414 1430 1437 1457 1567 1590 1612 1626 1684 1713 1722 1726 1738 1780 1828 1855 1873 1876 1906 1917 1928 1931 1945 1983 2007 2042
577,C C N 1 C ( = O ) / C ( = C / C 2 = C ( C ( = C C ( = C 2 ) Cl ) Cl ) O C C O C 3 = C C = C C = C 3 C ) / S C 1 = S,13 16 34 54 80 97 133 215 216 273 281 294 314 327 333 341 366 423 448 481 515 561 573 588 604 606 623 625 650 652 672 673 675 676 685 694 695 708 718 724 763 778 807 863 875 879 898 935 947 948 961 1055 1057 1088 1140 1199 1209 1223 1251 1253 1261 1352 1369 1380 1386 1391 1402 1410 1441 1442 1452 1518 1574 1628 1683 1717 1722 1747 1750 1798 1816 1857 1873 1891 1904 1970 1989 1999 2012 2044 2045
578,C N ( c 1 c ( C ) n n ( C ) c 1 C ) S ( = O ) ( = O ) c 1 c ( Cl ) c c ( c c 1 Cl ) c 1 c c c c ( C N 2 C C N ( C ) C C 2 ) c 1,14 15 19 54 56 74 80 90 92 138 141 179 207 213 217 220 239 248 294 320 335 343 349 350 354 366 371 378 407 421 484 561 583 650 733 736 744 771 784 785 815 834 865 875 881 926 930 935 945 956 994 1012 1021 1039 1044 1057 1066 1078 1088 1105 1131 1145 1160 1163 1186 1234 1236 1248 1293 1342 1379 1380 1476 1480 1561 1593 1597 1665 1683 1722 1750 1754 1765 1766 1771 1791 1833 1853 1873 1884 1914 1915 1956 1962 1981 2000
579,C C 1 = C ( S C = C 1 ) / C = C / C 2 = N C 3 = C C = C C = C 3 O 2,14 53 120 181 196 212 242 289 320 378 383 410 458 524 527 542 553 554 564 615 628 656 675 694 727 764 803 835 838 845 874 893 939 948 953 959 979 999 1034 1057 1088 1097 1116 1128 1174 1199 1227 1233 1278 1300 1326 1351 1380 1384 1391 1414 1442 1464 1466 1488 1500 1501 1567 1604 1607 1622 1627 1679 1681 1719 1722 1750 1808 1855 1857 1872 1873 1889 1945 1947 1956 2036
580,C 1 C [C@@H] 2 [C@H] ( [C@@] 3 ( C O C 4 = C C = C C = C 4 C 3 = O ) [C@@] 5 ( N 2 C 1 ) C 6 = C C = C C = C 6 N C 5 = O ) C 7 = C C = C C = C 7,13 65 106 108 132 216 249 272 314 329 352 382 389 395 441 446 476 494 502 525 532 538 556 557 649 650 656 663 677 696 699 713 765 799 834 857 926 935 936 965 978 984 1019 1028 1051 1058 1060 1073 1088 1093 1096 1114 1149 1152 1167 1181 1199 1224 1227 1242 1279 1288 1296 1301 1318 1325 1355 1380 1414 1431 1460 1466 1470 1480 1481 1507 1590 1626 1659 1663 1685 1689 1750 1773 1820 1862 1869 1873 1886 1888 1905 1911 1930 1942 1963 1980 1982 2025 2037
581,C [C@H] ( C ( = O ) N 1 C C N ( C C 1 ) C 2 = C C = C ( C = C 2 ) C ( = O ) C ) O C 3 = C C = C C = C 3,1 35 102 108 142 207 233 283 316 322 349 351 379 389 407 517 562 582 617 619 650 664 681 687 695 707 764 807 846 926 935 968 1017 1057 1071 1088 1131 1176 1185 1199 1235 1245 1256 1269 1380 1385 1405 1480 1491 1502 1508 1522 1530 1589 1624 1634 1665 1674 1697 1750 1800 1820 1825 1848 1865 1873 1917 1979 1991 1997 2009 2024
582,C C ( C ) N ( C C ( = O ) N C 1 = N C ( = C N 1 C 2 = C C ( = C ( C = C 2 ) O C ) O C ) C 3 = C C = C C = C 3 ) C ( = O ) C 4 = C C = C ( C = C 4 ) Cl,1 29 41 67 80 81 83 94 97 140 155 157 201 216 233 248 249 268 283 297 307 317 378 389 464 491 539 546 549 561 564 565 566 572 587 597 650 695 705 736 779 802 807 816 824 841 849 875 881 894 935 943 980 984 986 1057 1070 1088 1092 1108 1152 1160 1189 1190 1199 1221 1245 1271 1312 1380 1385 1432 1444 1476 1502 1527 1536 1546 1603 1639 1667 1683 1697 1750 1785 1795 1816 1825 1855 1858 1861 1873 1917 1931 1938 1970 1971
583,C 1 = C C = C ( C = C 1 ) C [NH2+] C C C 2 = C N C 3 = C C = C C = C 3 2,1 17 80 119 193 214 231 285 328 364 372 389 420 439 444 476 506 569 676 806 840 857 868 872 896 948 964 1066 1088 1114 1143 1180 1199 1229 1243 1246 1271 1273 1338 1349 1357 1362 1379 1380 1384 1425 1426 1499 1536 1551 1573 1607 1648 1657 1676 1711 1737 1750 1754 1782 1783 1788 1873 1879 1880 1919 1925 1937
584,C O C 1 = C C = C ( C = C 1 ) C 2 = N N ( C ( = C 2 ) N C = O ) C 3 = N C ( = C S 3 ) C 4 = C C = C ( C = C 4 ) O C,79 132 145 260 290 321 322 327 350 375 378 525 552 613 623 650 675 694 695 710 718 755 781 803 831 841 842 875 896 920 935 950 952 959 980 1004 1048 1057 1071 1139 1141 1152 1160 1193 1228 1234 1240 1264 1266 1300 1338 1340 1380 1384 1386 1397 1455 1465 1470 1487 1510 1536 1549 1567 1570 1601 1607 1662 1750 1791 1845 1852 1855 1873 1942 1956 1971 2018 2035 2038
585,C C ( = O ) C ( C / C = C / C = C ) C ( = O ) C,1 55 80 86 106 148 176 177 192 258 331 342 353 354 361 403 408 432 534 639 642 650 671 680 694 730 784 807 847 849 871 884 897 922 927 1017 1057 1092 1157 1299 1311 1324 1356 1359 1366 1381 1440 1449 1485 1534 1539 1542 1551 1636 1645 1648 1688 1697 1746 1917 1919 1965 1989 2009 2026
586,C C C [C@@H] ( C ) N C 1 = C C = C C ( = C 1 ) C # N,1 18 41 70 76 80 102 143 191 226 283 294 305 404 454 503 561 572 577 674 685 687 690 703 739 754 757 790 794 798 836 856 875 882 895 949 979 1002 1039 1040 1049 1057 1088 1102 1136 1148 1152 1164 1243 1244 1255 1327 1328 1350 1380 1384 1450 1458 1564 1627 1701 1705 1724 1734 1739 1750 1807 1824 1873 1925 1975 2018 2027
587,C C ( C C C 1 = C C = C O 1 ) N C ( = O ) C C 2 = C N = C ( S 2 ) C 3 = C ( C = C C = C 3 Cl ) Cl,1 41 80 97 117 144 156 162 184 189 210 239 283 322 325 366 378 432 442 474 527 536 561 567 573 597 650 656 674 675 691 714 739 782 787 807 842 897 974 994 1004 1005 1039 1057 1088 1109 1112 1152 1190 1226 1233 1243 1259 1263 1266 1291 1322 1372 1380 1409 1428 1439 1440 1452 1466 1470 1471 1477 1518 1535 1572 1580 1658 1683 1695 1733 1747 1750 1764 1841 1846 1873 1886 1917 1926 1934 2016 2018
588,C N 1 C = C ( C = N 1 ) C 2 = C C ( = N N 2 C C ( = O ) N C 3 C C 3 ) C 4 = C N ( N = C 4 ) C,9 34 41 43 46 80 94 96 120 124 158 159 190 198 203 217 220 223 262 298 327 378 387 391 398 450 464 531 590 650 672 680 686 773 807 875 892 902 922 926 935 980 1019 1033 1044 1053 1057 1109 1110 1141 1143 1145 1152 1160 1202 1212 1299 1312 1321 1325 1380 1405 1452 1499 1535 1620 1634 1642 1655 1692 1699 1733 1754 1762 1835 1858 1873 1897 1917 1928 1946 1956 1994 2039
589,C C 1 = N N = C ( S 1 ) S C [C@H] 2 C [C@H] ( O [C@H] ( O 2 ) C 3 = C C = C ( C = C 3 ) C 4 = C C = C C = C 4 C N ) C 5 = C C = C ( C = C 5 ) C O,47 58 67 74 80 100 116 162 171 175 222 259 268 282 305 310 336 341 352 378 409 419 454 466 490 515 586 631 656 665 675 690 723 758 794 796 797 807 837 848 860 896 926 963 981 984 999 1019 1027 1046 1057 1073 1082 1083 1088 1147 1160 1164 1171 1188 1199 1253 1272 1279 1292 1317 1338 1349 1350 1379 1380 1391 1414 1420 1510 1514 1534 1567 1597 1625 1640 1719 1722 1727 1748 1750 1754 1763 1787 1803 1825 1873 1877 1903 1921 1947 1950 1993 2035
590,C O C 1 = C 2 C ( = C C = C 1 ) S C ( = N 2 ) N ( C C 3 = C N = C C = C 3 ) C ( = O ) C 4 = C O C C O 4,47 80 104 117 119 162 185 230 249 261 323 342 347 378 437 441 443 461 463 506 507 621 626 645 650 656 665 675 695 712 726 728 731 738 747 783 807 841 865 881 883 885 895 926 930 946 950 964 1039 1043 1057 1066 1088 1123 1190 1195 1196 1203 1211 1221 1227 1347 1350 1363 1372 1380 1410 1459 1528 1535 1536 1575 1580 1586 1589 1603 1647 1654 1706 1724 1750 1754 1794 1811 1847 1855 1858 1860 1866 1869 1873 1877 1887 1917 1970 1991
591,C C 1 = C C = C C = C 1 N 2 C ( = N N = C 2 S C ( C ) C 3 = N C ( = N C ( = N 3 ) N ( C ) C ) N ) C 4 = C N = C C = C 4,1 57 63 77 87 93 116 257 277 283 328 329 339 376 378 380 409 414 434 437 503 599 638 701 722 729 736 744 747 748 789 802 865 881 920 935 965 1007 1023 1024 1043 1057 1088 1153 1160 1163 1164 1169 1171 1181 1191 1199 1240 1256 1273 1286 1295 1305 1309 1334 1361 1372 1380 1391 1398 1422 1449 1457 1469 1477 1507 1508 1529 1535 1586 1603 1618 1647 1659 1667 1673 1700 1705 1722 1724 1741 1750 1810 1814 1818 1848 1855 1858 1866 1873 1880 1911 1955 1993 1999 2005 2012 2018
592,C C 1 = C C ( = C C = C 1 ) O C C ( = O ) N C C N 2 C 3 = C ( C = N 2 ) C ( = O ) N ( C = N 3 ) C C 4 = C C = C ( C = C 4 ) F,41 43 46 80 81 90 158 192 197 219 297 310 311 314 322 338 378 385 466 504 506 514 541 558 562 586 597 610 628 648 650 667 669 683 695 699 803 804 807 825 836 875 932 935 968 969 1013 1039 1055 1057 1082 1088 1097 1109 1145 1152 1164 1165 1177 1203 1284 1321 1357 1371 1375 1380 1389 1410 1452 1455 1479 1501 1519 1534 1535 1600 1651 1666 1670 1683 1696 1722 1750 1754 1765 1780 1823 1829 1853 1872 1873 1887 1917 1928 1957 1990 2004 2025
593,C O C 1 = C C = C ( C = C 1 ) N ( [C@H] ( C 2 = C C = C ( C = C 2 ) F ) C ( = O ) N C 3 C C C C C 3 ) C ( = O ) C 4 = C ( C ( = N S 4 ) C ( = O ) N ) N,1 2 43 90 122 140 161 196 233 240 275 294 309 322 330 346 378 385 387 424 428 438 440 475 483 490 514 525 573 603 610 650 675 689 695 696 697 699 718 757 781 807 831 841 881 890 925 926 960 969 1019 1028 1057 1096 1102 1121 1152 1171 1221 1287 1298 1325 1349 1365 1369 1371 1380 1400 1402 1409 1410 1416 1457 1462 1507 1531 1536 1557 1565 1575 1634 1655 1670 1745 1750 1790 1846 1853 1861 1868 1873 1917 1928 1951 1985 2042
594,C C ( C ) ( C ) C 1 = C C = C ( C = C 1 ) C 2 C C 2 C ( = O ) N / N = C \ C 3 = C C = C ( C = C 3 ) O C ( = O ) C 4 = C C = C O 4,25 33 34 40 82 94 114 120 124 145 148 173 204 209 230 270 279 309 318 322 372 392 455 474 490 541 542 550 621 622 640 650 656 689 694 695 718 725 742 766 787 789 806 807 820 837 856 858 864 866 924 926 1019 1041 1043 1057 1066 1088 1152 1164 1233 1279 1292 1293 1296 1309 1339 1341 1368 1380 1409 1417 1446 1450 1487 1556 1665 1671 1729 1750 1754 1803 1828 1830 1867 1873 1883 1905 1917 1926 1940 2014 2033 2035
595,C 1 = C C 2 = C ( C ( = C 1 ) [O-] ) N C ( = C C 2 = O ) C ( = O ) [O-],45 53 55 85 86 143 209 222 259 271 307 310 314 365 388 389 526 571 650 715 750 753 763 771 778 795 802 807 875 1039 1088 1094 1101 1114 1146 1226 1236 1281 1314 1341 1357 1380 1397 1402 1419 1477 1508 1530 1561 1563 1568 1573 1604 1617 1628 1710 1737 1745 1750 1753 1779 1873 1917 1944 1994 2044
596,C C C N 1 C ( = N N = C 1 S C C ( = O ) N C 2 = C ( C ( = C ( S 2 ) C ( = O ) N ) C ) C ( = O ) O C ( C ) C ) C 3 = C S C 4 = C 3 C C C ( C 4 ) C,1 14 18 41 42 50 51 59 69 80 83 114 116 140 145 162 216 218 231 252 257 262 270 283 294 309 341 352 361 378 384 426 455 510 552 585 586 607 650 662 675 695 703 706 728 747 781 786 794 802 807 820 878 908 913 926 935 940 942 975 997 1019 1039 1057 1110 1112 1139 1140 1145 1148 1152 1164 1171 1191 1233 1258 1298 1304 1309 1325 1344 1349 1380 1430 1434 1449 1455 1482 1506 1508 1527 1567 1611 1722 1738 1751 1815 1816 1825 1830 1842 1853 1873 1916 1917 1928 1950 1954 1959 1970 1978 2032
597,C C C C C C N 1 C ( = O ) / C ( = C \ C 2 = C ( N = C 3 C ( = C C = C N 3 C 2 = O ) C ) N C C C C C ) / S C 1 = S,19 32 50 67 80 83 88 95 97 147 163 184 204 215 236 246 273 281 294 314 350 378 418 440 454 464 480 504 540 579 588 591 592 599 600 615 635 650 658 667 675 678 694 708 721 761 792 794 863 879 893 935 947 965 1025 1057 1088 1101 1134 1138 1143 1145 1152 1187 1210 1342 1376 1380 1391 1416 1423 1424 1439 1442 1444 1453 1470 1499 1503 1517 1531 1549 1576 1608 1613 1636 1696 1717 1722 1750 1760 1772 1792 1794 1795 1850 1855 1858 1864 1873 1904 1911 1914 1925 1969 1971 1972 1999 2002 2016 2018 2044
598,C C O C 1 = C ( C = C ( C = C 1 ) C ( C ( C ) ( C ) C ) N ) O C C,1 6 54 80 94 114 208 237 241 255 294 316 370 378 379 392 411 425 426 560 602 637 648 657 695 743 744 747 783 786 842 862 875 899 905 948 993 994 1001 1011 1033 1057 1171 1176 1187 1220 1238 1261 1292 1365 1380 1430 1452 1495 1537 1544 1660 1686 1709 1750 1773 1816 1853 1873 1970
599,C O C ( = O ) C 1 ( C C C C 1 ) C 2 = C C = C C = C 2,17 23 35 164 204 224 251 292 360 389 407 477 485 487 520 556 604 650 652 695 723 772 807 833 841 843 872 926 993 1028 1032 1050 1057 1060 1061 1088 1092 1096 1099 1126 1152 1162 1199 1234 1236 1241 1292 1293 1339 1362 1377 1380 1392 1397 1460 1466 1538 1560 1599 1609 1638 1750 1778 1786 1873 1885 1917 1994 1998
600,C C 1 = C N ( C ( = O ) C 2 = C C = C C = C 1 2 ) C C = C,80 149 287 314 338 348 368 370 427 432 464 479 484 504 558 560 622 636 650 694 876 901 922 935 940 1016 1019 1029 1057 1084 1088 1091 1133 1147 1181 1184 1199 1231 1271 1314 1357 1366 1367 1377 1380 1383 1391 1409 1455 1478 1503 1508 1573 1603 1643 1645 1649 1722 1750 1751 1782 1790 1820 1833 1873 1966 1989 2005
601,C C O C 1 = C C = C ( C = C 1 ) N C ( = O ) C S C 2 = N C ( = O ) N 3 C = C C = C C 3 = N 2,3 41 63 68 69 80 102 116 191 229 237 242 243 294 314 322 341 352 378 384 490 502 537 561 600 617 628 642 650 682 695 718 735 798 807 819 829 843 862 895 901 935 984 1057 1077 1086 1088 1101 1102 1152 1165 1177 1199 1206 1238 1287 1331 1332 1380 1410 1422 1452 1455 1478 1506 1522 1524 1541 1543 1720 1750 1765 1785 1811 1814 1816 1826 1841 1855 1873 1887 1908 1917 1920 1922 1959 1969 1977 1980 1987 2019
602,C C 1 = C C ( = C ( C = C 1 ) O C ) [C@@H] ( C ) N C 2 = C 3 C = C S C 3 = N C = N 2,1 14 41 94 105 107 143 156 162 197 205 231 235 237 249 257 283 306 378 388 389 408 480 487 489 511 528 547 551 554 560 581 607 635 641 675 680 690 695 708 764 765 780 795 839 841 875 924 963 975 976 986 1006 1009 1013 1057 1077 1146 1152 1182 1253 1326 1348 1351 1357 1367 1378 1380 1411 1432 1438 1452 1510 1536 1560 1567 1627 1628 1644 1663 1722 1740 1750 1784 1810 1817 1823 1843 1850 1863 1873 1882 1930 1970 2015 2023 2028 2043
603,c 1 ( n c ( c s 1 ) c 1 c c c ( c c 1 ) O ) N C ( = O ) C ( = O ) O,15 18 65 99 116 117 119 246 323 378 385 389 396 446 465 501 542 552 617 618 650 675 679 702 721 745 807 838 893 896 958 980 1125 1152 1154 1160 1210 1214 1264 1266 1313 1363 1380 1398 1399 1411 1436 1514 1528 1544 1567 1602 1624 1695 1708 1717 1750 1778 1816 1830 1855 1873 1875 1908 1917 1969 1971 1974 1992 1993
604,C C C C C C C N 1 C 2 = C C = C C = C 2 N = C 1 C N C ( = O ) C 3 = C C = C C = C 3 Cl,1 26 45 69 80 109 119 136 144 162 197 255 263 289 294 308 318 357 358 366 378 444 465 486 515 561 591 650 698 719 733 752 757 778 794 802 807 809 813 832 849 889 893 932 935 951 974 1013 1057 1084 1088 1095 1097 1120 1143 1145 1152 1199 1210 1247 1285 1287 1317 1373 1380 1388 1444 1447 1528 1529 1549 1561 1562 1620 1649 1683 1705 1750 1828 1834 1849 1855 1864 1873 1894 1911 1912 1917 1923 1991 2005 2019 2029
605,C [C@H] ( C 1 = C C = C C = C 1 Cl ) [NH2+] [C@H] ( C ) C ( = O ) N C 2 = C C = C ( C = C 2 ) S ( = O ) ( = O ) N,1 57 113 139 161 191 237 283 319 339 346 350 366 371 444 470 519 561 573 581 608 624 647 650 715 723 736 807 833 843 850 930 974 1007 1017 1020 1057 1063 1077 1088 1136 1152 1171 1197 1199 1224 1233 1264 1266 1338 1380 1412 1476 1487 1489 1503 1553 1565 1580 1607 1664 1683 1746 1750 1762 1816 1843 1846 1873 1899 1917 1965
606,C C 1 = C C ( = N N 1 ) C ( Cl ) ( Cl ) Cl,32 74 89 114 150 168 171 208 267 315 319 354 378 382 405 461 485 487 489 516 606 616 624 649 650 669 692 756 803 855 875 876 880 892 974 975 1057 1108 1114 1132 1171 1176 1209 1260 1294 1317 1380 1390 1420 1431 1493 1495 1525 1532 1589 1602 1678 1683 1707 1722 1873 1922 1959 2004 2016 2037
607,C C C C C 1 = C C = C ( C = C 1 ) N C ( = O ) [C@@H] 2 C C ( = C ( C [C@@H] 2 C ( = O ) [O-] ) C ) C,23 54 80 83 128 129 152 188 191 209 231 236 238 257 263 294 310 332 349 373 404 445 591 650 689 706 711 715 720 794 807 843 926 949 975 978 989 1019 1045 1057 1077 1096 1152 1181 1202 1226 1243 1272 1279 1308 1380 1408 1473 1484 1576 1592 1626 1668 1680 1698 1718 1722 1750 1754 1816 1821 1873 1911 1917 1961 1964 2021 2033 2047
608,C C 1 = C ( C ( = N O 1 ) C ) C C ( = O ) N N C ( = O ) C 2 = C C ( = C C = C 2 ) S ( = O ) ( = O ) N C C 3 = C C = C C = C 3,9 12 29 41 46 63 80 92 141 155 198 209 220 248 251 255 273 281 304 317 319 325 339 350 378 389 390 461 486 502 503 526 575 578 584 638 641 650 656 745 760 773 807 835 875 942 956 966 992 1039 1051 1057 1066 1067 1078 1080 1088 1152 1193 1199 1229 1242 1253 1310 1380 1385 1387 1419 1432 1434 1458 1476 1494 1542 1549 1594 1606 1607 1626 1637 1678 1703 1722 1741 1750 1754 1760 1836 1856 1860 1873 1883 1917 1985 1988 2030 2034
609,C C ( = O ) N C 1 = C C = C C ( = C 1 ) C 2 = C C 3 = C ( N C = C 3 C ( = O ) C 4 = C C = C C = C 4 F ) N = C 2,5 9 26 87 117 136 147 184 191 245 302 323 378 406 503 530 561 613 650 699 703 704 714 724 736 748 785 790 806 807 849 875 932 934 949 953 1017 1032 1039 1057 1074 1088 1105 1114 1152 1160 1199 1324 1339 1357 1380 1447 1452 1487 1501 1531 1535 1593 1597 1612 1655 1677 1700 1704 1750 1783 1814 1816 1840 1862 1873 1879 1880 1917 1928 1929 1977 1991 2010 2041
610,C C C ( C ) ( C ) C 1 = C C ( = C ( C = C 1 ) O C C C C ( = O ) N C 2 = C C 3 = C ( C = C 2 ) C ( = O ) N ( C 3 = O ) C ( C 4 = C C = C O 4 ) ( C ( = O ) N C 5 = C C = C C = C 5 ) Cl ) C ( C ) ( C ) C C,5 13 41 49 68 80 87 94 114 170 184 191 192 294 295 314 330 352 389 392 396 419 474 514 548 556 650 656 680 689 695 703 711 720 759 777 786 787 795 803 807 832 843 875 879 887 901 904 935 976 979 1051 1057 1077 1088 1112 1113 1145 1152 1160 1169 1172 1173 1189 1199 1209 1233 1247 1264 1277 1299 1344 1380 1382 1405 1409 1417 1452 1518 1564 1594 1649 1665 1683 1686 1702 1710 1718 1750 1754 1797 1816 1848 1869 1873 1911 1913 1917 1920 1926 1970 2045
611,C 1 = C C = C 2 C ( = C 1 ) N C ( = O ) C ( O 2 ) C C ( = O ) O C C ( = O ) C 3 = C C = C ( C = C 3 ) F,7 24 27 36 52 80 90 93 110 116 147 150 175 252 254 257 264 310 314 514 530 551 585 635 650 656 663 695 699 750 752 757 787 807 828 911 994 1004 1019 1034 1060 1079 1088 1114 1142 1199 1265 1358 1364 1380 1385 1386 1410 1414 1426 1450 1470 1481 1517 1547 1618 1639 1670 1687 1693 1697 1750 1759 1768 1815 1873 1886 1905 1917 1928 1951 1982 2004 2033
612,C 1 C [C@H] ( C N ( C 1 ) C ( = O ) C S C 2 = N C = N N 2 ) C 3 = N C 4 = C C = C C = C 4 S 3,21 62 68 74 80 94 116 124 126 145 162 195 239 242 264 275 289 341 367 369 378 382 396 410 446 461 479 489 557 609 638 650 675 678 739 807 809 866 885 905 922 926 928 935 971 980 983 1009 1019 1028 1083 1088 1097 1106 1114 1129 1169 1199 1264 1287 1290 1299 1310 1325 1345 1350 1361 1364 1380 1398 1452 1458 1480 1496 1519 1617 1637 1655 1679 1714 1723 1750 1760 1776 1834 1855 1873 1893 1917 1943 1959 1962 1967 1969 1997 2000 2009 2019 2024
613,C C 1 C C C 2 = C ( C 1 ) S C 3 = C 2 C ( = O ) N ( C ( = N 3 ) S C ( C ) C ( = O ) N C ) C C C 4 = C C = C C = C 4,1 37 42 47 80 88 112 116 162 176 191 231 283 314 332 345 351 355 361 378 389 427 437 492 504 511 552 573 603 650 671 675 703 747 753 802 807 857 899 903 916 926 935 997 1019 1036 1045 1057 1066 1082 1088 1139 1145 1148 1152 1162 1173 1199 1243 1285 1297 1309 1316 1325 1336 1340 1377 1380 1393 1415 1420 1430 1482 1507 1512 1563 1568 1621 1624 1666 1687 1715 1738 1750 1754 1798 1825 1855 1873 1906 1907 1917 1972 1984 1994
614,C 1 C C ( N ( C 1 ) C ( = O ) C 2 C C C ( N 2 ) C N C 3 = N C = C ( C = C 3 ) C # N ) C # N,19 46 51 60 62 80 102 107 156 157 167 184 193 242 254 274 276 285 305 362 378 383 392 446 451 454 471 472 489 555 650 674 678 716 786 790 798 807 832 849 897 913 926 935 967 1019 1028 1060 1099 1107 1110 1114 1133 1136 1152 1161 1172 1235 1291 1325 1380 1384 1391 1416 1449 1452 1480 1535 1604 1662 1698 1733 1750 1834 1873 1912 1917 1926 1937 1954 1968 1979 1984 2038 2044
615,C C ( = O ) O C 1 = C C = C ( C = C 1 ) C ( = O ) C 2 C ( C ( C 3 N 2 C 4 = C C = C C = C 4 C = C 3 ) ( C # N ) C ( = O ) O C ) C 5 = C C = C ( C = C 5 ) O C,1 28 36 62 85 93 94 103 117 128 216 268 273 309 311 322 360 365 376 450 478 497 523 547 558 587 615 619 631 650 672 674 695 716 718 746 776 781 790 794 807 831 833 841 848 906 935 978 1017 1019 1035 1057 1060 1066 1083 1088 1095 1126 1150 1152 1163 1165 1181 1184 1199 1279 1292 1295 1313 1316 1349 1379 1380 1384 1385 1397 1439 1440 1446 1448 1472 1503 1526 1536 1580 1585 1602 1631 1647 1667 1681 1690 1697 1702 1729 1750 1753 1775 1779 1803 1841 1851 1867 1873 1917 1920 1934 1967
616,c 1 ( c c ( c 2 c c c ( c c 2 ) Cl ) c c ( c 1 ) F ) C ( C ( = O ) O ) C,1 14 36 78 84 134 160 188 201 216 261 283 286 293 334 383 386 389 410 421 452 519 535 561 596 650 680 683 699 706 767 801 807 816 862 875 882 896 900 921 945 957 1034 1057 1070 1110 1160 1200 1257 1289 1329 1356 1365 1380 1402 1429 1451 1468 1474 1478 1487 1585 1646 1670 1683 1727 1746 1750 1753 1761 1769 1844 1848 1849 1854 1873 1905 1917 1928 1964 1970 2003 2036
617,C ( / C = C ( / C Br ) \ Br ) Br,11 20 43 80 108 140 144 169 190 246 251 256 373 390 402 466 479 486 544 561 665 670 681 694 728 746 747 757 807 840 939 948 981 1079 1080 1105 1186 1244 1260 1305 1361 1530 1598 1723 1744 1755 1772 1841 1851 1887 1907 1936 1947 1966 1967 1981 1998
618,C / C = C \ C = C ( \ C ) / C C C = C,26 47 80 101 104 105 119 185 208 257 294 401 432 462 493 530 532 542 555 618 632 633 640 648 694 772 807 844 883 919 940 945 971 1017 1035 1057 1062 1064 1077 1089 1194 1211 1319 1366 1369 1421 1465 1477 1564 1590 1642 1645 1651 1675 1702 1714 1769 1811 1815 1932 1969 1995 2010
619,N 1 ( C ( C C C C 1 ) C ( = O ) O ) C ( = O ) C C C S,20 56 80 193 224 229 242 262 338 354 368 389 410 526 531 532 619 649 650 652 685 735 738 807 867 890 896 926 935 945 953 994 1009 1019 1028 1107 1170 1194 1247 1259 1325 1340 1422 1431 1459 1480 1564 1583 1595 1608 1681 1688 1719 1732 1753 1758 1806 1911 1917 1938 1946 1998 2014
620,C 1 O C 2 = C ( O 1 ) C = C ( C = C 2 ) C ( = O ) N / N = C ( \ C C C ( = O ) O ) / C 3 = C C = C C = C 3,80 133 160 318 389 405 441 486 504 526 553 582 650 656 700 725 738 753 759 807 875 899 926 979 1035 1047 1078 1088 1099 1103 1119 1152 1158 1181 1194 1197 1199 1256 1275 1287 1349 1380 1385 1391 1410 1478 1564 1632 1647 1683 1697 1737 1750 1791 1800 1843 1863 1873 1905 1917 1921 1930 1952 1978 1985 2023
621,C C 1 = C C = C ( S 1 ) S ( = O ) ( = O ) N C C ( C C ( C ) C ) N,1 46 70 80 151 162 171 185 193 204 208 213 260 283 292 300 350 387 393 409 480 494 500 502 503 606 650 675 680 699 721 743 749 756 759 786 837 931 936 946 969 979 990 1057 1125 1150 1152 1156 1171 1175 1328 1338 1359 1369 1380 1387 1465 1473 1476 1483 1503 1521 1561 1612 1618 1626 1633 1639 1651 1652 1662 1683 1722 1733 1750 1788 1847 1873 1911 1912 1922 1928 1946 2027 2028 2040
622,S ( C c 1 n c ( n c ( n 1 ) N ) N c 1 c c c ( O C ) c c 1 ) C ( = S ) N 1 C C C ( C C 1 ) C,78 80 96 97 106 109 110 116 187 191 195 232 242 254 258 261 306 313 322 378 407 409 491 651 652 659 675 678 695 718 762 779 781 790 807 831 834 841 842 843 871 883 926 935 945 973 977 991 1019 1057 1076 1135 1148 1152 1168 1171 1176 1240 1284 1295 1304 1309 1313 1320 1325 1331 1380 1457 1475 1480 1509 1524 1536 1582 1586 1608 1617 1631 1637 1677 1697 1734 1750 1819 1855 1873 1884 1910 2009
623,C C ( C ) N S ( = O ) ( = O ) C 1 = C C ( = C ( C = C 1 ) O C ) N C ( = O ) C N ( C 2 = C C 3 = C ( C = C 2 ) O C C O 3 ) S ( = O ) ( = O ) C 4 = C C = C C = C 4,1 33 41 80 94 129 164 198 224 249 262 268 282 283 319 336 350 358 389 415 441 466 473 502 508 548 552 575 634 650 656 695 699 706 715 738 742 767 797 807 815 841 875 881 892 926 950 960 1018 1028 1035 1057 1058 1088 1096 1101 1143 1152 1153 1190 1199 1224 1241 1249 1254 1273 1380 1396 1444 1476 1509 1529 1536 1545 1647 1661 1664 1684 1718 1750 1816 1857 1860 1873 1886 1902 1905 1917 1923 1941 1946 1948 1970 1983 2017 2030 2038
624,C C C C N C ( = S ( = O ) = O ) N,47 80 140 197 251 257 291 294 342 372 397 427 455 462 519 536 591 650 662 667 670 697 705 717 739 763 779 794 802 807 895 905 938 987 1024 1049 1057 1081 1091 1118 1139 1147 1152 1169 1171 1265 1285 1334 1342 1421 1431 1463 1478 1578 1593 1628 1632 1639 1670 1711 1722 1763 1779 1800 1843 1876 1906 1911 1912 1926 1953 1963 1979 2014
625,C 1 = C C ( = C C ( = C 1 ) O C C 2 = C N = C C = C 2 ) N C ( = O ) N C C 3 = C O C = C 3,5 46 60 80 107 109 120 126 148 153 154 184 191 197 255 299 300 308 312 322 347 378 384 396 407 411 431 437 466 519 548 562 577 645 650 654 656 669 674 695 703 709 733 734 745 771 787 807 838 851 871 875 936 943 1006 1039 1043 1060 1066 1088 1150 1152 1182 1207 1288 1309 1380 1410 1435 1452 1497 1501 1535 1573 1576 1586 1603 1645 1667 1683 1704 1748 1750 1754 1780 1816 1866 1873 1909 1917 1957 1959 1989 1990 1999
626,C C 1 = C ( O N = C 1 C ) C Br,36 38 80 92 130 164 196 217 226 246 247 248 251 252 266 324 378 383 389 424 515 576 589 639 653 656 660 728 828 831 866 998 1057 1068 1145 1193 1277 1283 1306 1380 1428 1509 1542 1629 1637 1655 1658 1722 1764 1773 1788 1830 1880 1958 1967 1983 2001 2013
627,C C 1 = C C = C ( C = C 1 ) S ( = O ) ( = O ) N C ( = O ) N C C C O C ( = O ) N S ( = O ) ( = O ) C 2 = C C = C ( C = C 2 ) C,13 73 80 82 121 147 197 235 307 314 319 331 350 425 435 438 441 461 462 490 502 509 545 546 559 567 638 650 660 667 685 695 715 762 801 807 824 837 851 855 883 1017 1057 1138 1152 1193 1194 1209 1276 1298 1313 1335 1380 1396 1397 1476 1477 1478 1482 1500 1566 1573 1606 1636 1722 1732 1734 1750 1758 1823 1851 1873 1876 1911 1917 1920 1926 1940 1977 1989 1997 2004
628,C [C@] 1 ( [C@H] 2 C C [C@H] ( O 2 ) C C ( = O ) O 1 ) C C C O C ( = O ) C Cl,13 70 76 80 87 92 126 147 157 178 214 231 232 250 292 308 314 410 429 485 587 623 627 650 656 667 695 706 763 775 793 795 803 807 828 840 889 906 926 934 967 970 1019 1024 1034 1041 1055 1057 1060 1088 1089 1109 1140 1179 1218 1274 1282 1287 1325 1332 1380 1386 1391 1394 1417 1421 1422 1436 1518 1520 1600 1618 1631 1635 1683 1716 1734 1755 1759 1817 1857 1889 1911 1917 1921 1935 1963 1978 1990 1998 2001 2006 2007
629,c 1 ( C 2 = C C = C 3 [C@@] 2 ( C C [C@H] 2 [C@H] 3 C C [C@@H] 3 [C@@] 2 ( C C C ( = O ) N C 3 ) C ) C ) c c c n c 1,34 78 90 118 144 186 229 257 268 314 324 357 375 378 437 455 456 470 513 519 528 529 554 600 650 662 675 676 736 750 757 767 781 888 926 937 987 1019 1038 1042 1043 1057 1060 1088 1098 1112 1114 1118 1120 1160 1162 1218 1229 1244 1249 1274 1283 1292 1325 1380 1421 1454 1477 1514 1535 1572 1575 1586 1603 1651 1674 1694 1708 1709 1729 1738 1740 1750 1806 1842 1854 1859 1866 1870 1872 1873 1891 1980 2036
630,C C 1 = N C 2 = C C = C C = C 2 C ( = C 1 ) N C ( = O ) N C C N 3 C C C ( C C 3 ) N C ( = O ) C C 4 = C C = C ( C = C 4 ) N ( C ) C,41 80 94 172 186 197 256 289 294 310 312 325 366 378 387 389 399 425 441 464 573 586 594 602 605 627 650 664 667 688 714 730 737 762 776 805 807 821 875 881 902 913 926 935 946 953 960 975 1019 1057 1088 1096 1097 1110 1124 1145 1152 1163 1168 1171 1192 1199 1224 1237 1261 1290 1325 1357 1379 1380 1404 1476 1480 1482 1488 1520 1573 1614 1634 1637 1655 1659 1675 1700 1703 1722 1731 1750 1754 1791 1816 1855 1873 1917 1948 1968 1989 1995 1998 2022 2034
631,C C O C ( = O ) C 1 = C ( N = C 2 N ( C 1 C 3 = C C = C ( C = C 3 ) Cl ) C ( = O ) C ( = C C 4 = C C ( = C ( C = C 4 ) O C C 5 = C C = C C = C 5 Cl ) O C ) S 2 ) C,25 56 77 80 94 125 131 145 147 162 214 216 246 249 281 294 295 314 366 378 389 411 429 444 486 495 504 561 596 601 650 660 675 678 693 694 695 708 731 745 759 807 816 841 844 875 927 935 959 974 1001 1019 1057 1070 1088 1120 1140 1169 1186 1190 1199 1224 1226 1236 1238 1245 1252 1268 1279 1321 1349 1380 1382 1427 1452 1487 1501 1512 1516 1536 1540 1581 1597 1634 1639 1681 1683 1685 1688 1704 1722 1750 1793 1796 1803 1809 1828 1873 1917 1958 1970 1981 1985 1998 2022 2033
632,C C C C N ( C C C C ) C C O C 1 = C C = C ( C = C 1 ) C C 2 = C ( C = C C 3 = C 2 C = C C ( = C 3 ) O ) C 4 = C C = C ( C = C 4 ) O,13 59 79 80 102 173 203 220 222 251 256 262 272 286 294 310 322 348 352 371 381 392 429 433 466 552 591 620 680 685 695 718 736 745 771 784 792 794 807 836 875 881 896 950 954 955 957 982 1002 1034 1057 1063 1160 1164 1172 1196 1234 1313 1357 1369 1380 1430 1432 1452 1534 1581 1602 1625 1670 1681 1696 1730 1733 1750 1754 1778 1785 1834 1839 1849 1855 1873 1911 1934 1951 1991 2009 2034
633,C C 1 C C ( C ( C N 1 C ) C ) N C C 2 = C C = C ( C = C 2 ) C,0 7 24 36 43 56 80 89 108 225 235 245 255 289 310 312 344 351 352 390 393 407 464 478 482 486 504 638 672 725 734 739 771 777 813 844 889 902 922 926 928 935 984 1019 1057 1108 1145 1152 1204 1218 1229 1272 1292 1294 1300 1309 1340 1380 1385 1388 1392 1403 1415 1569 1582 1699 1722 1745 1750 1754 1793 1808 1823 1857 1859 1873 1908 1920 1929 1940 2001
634,C C ( = N C ( = O ) C 1 = C C = C C ( = C 1 ) C ( = C ) C ) C,5 88 101 110 115 127 137 138 157 170 173 174 287 329 376 404 410 441 567 585 596 650 658 675 688 704 724 725 738 807 823 875 878 1017 1022 1029 1039 1057 1060 1075 1088 1153 1171 1179 1226 1284 1366 1380 1385 1424 1438 1477 1610 1622 1627 1725 1750 1769 1873 1917 1985 2026
635,C C ( C ) C 1 = C C = C ( C = C 1 ) N ( C C C ( = O ) O ) C = O,1 80 94 124 201 215 256 281 283 294 364 367 389 478 551 561 598 611 630 650 656 694 708 756 767 774 807 866 876 881 939 949 960 998 1004 1010 1057 1096 1097 1119 1122 1152 1169 1183 1187 1215 1229 1255 1287 1365 1368 1369 1380 1442 1474 1514 1564 1598 1737 1750 1768 1781 1804 1847 1853 1855 1873 1917 1931 1951 1962 2037
636,C O C 1 = C C = C ( C = C 1 ) C O C ( = O ) C 2 = C C = C ( C = C 2 ) C 3 = C C = C ( C = C 3 ) O,80 102 107 111 119 145 147 159 180 212 295 310 322 373 382 525 532 566 606 625 650 695 699 712 718 729 745 781 786 797 801 807 831 841 856 896 1057 1062 1081 1100 1111 1138 1140 1160 1164 1199 1205 1211 1313 1332 1370 1380 1385 1393 1397 1486 1522 1536 1602 1646 1697 1719 1750 1754 1778 1873 1876 1881 1886 1887 1914 1917 1952 1953 1961 1963 1964 2019 2024 2042
637,C C ( C ) ( C O ) [C@H] ( C ( = O ) N / C = C / C ( = O ) O C C ) O,1 31 80 94 111 114 115 147 168 191 222 227 294 298 307 329 358 392 423 484 515 523 543 567 573 574 650 660 675 694 695 739 799 807 815 820 838 978 1024 1057 1058 1061 1073 1076 1133 1152 1201 1238 1251 1267 1279 1304 1327 1348 1381 1399 1452 1500 1504 1555 1588 1604 1608 1611 1640 1658 1695 1722 1734 1764 1768 1812 1843 1917 2003
638,C 1 = C C = C ( C ( = C 1 ) C 2 = N N = C ( N 2 N ) S C C C O C 3 = C C = C ( C = C 3 ) F ) F,13 25 36 80 86 90 102 116 168 205 227 257 320 322 341 352 378 379 393 420 451 491 627 654 686 695 699 706 718 746 747 763 765 914 935 984 993 1032 1034 1036 1088 1164 1171 1182 1199 1331 1350 1380 1410 1434 1440 1443 1449 1452 1508 1606 1619 1630 1670 1722 1723 1750 1840 1873 1911 1928 1969 2021 2028
639,C 1 = C C ( = C C = C 1 C ( F ) ( F ) F ) S C ( F ) ( F ) F,26 37 54 57 90 114 116 174 249 383 394 486 510 532 569 570 574 613 617 690 723 778 781 793 809 811 828 837 925 972 1102 1147 1156 1249 1254 1255 1260 1339 1354 1370 1380 1406 1415 1417 1448 1453 1455 1461 1597 1599 1622 1636 1665 1750 1774 1873 1906 1928 1994 2041
640,C C C 1 = C ( N = C ( N ( C 1 = O ) C C ( = O ) N C ( C ) ( C ) C ) N 2 C ( = C C ( = N 2 ) C ) C ) C,37 41 80 87 92 114 162 168 171 235 294 314 354 378 392 406 434 491 504 579 593 603 627 636 650 671 712 742 765 802 807 875 883 918 935 936 960 1017 1018 1057 1079 1085 1095 1109 1139 1152 1184 1193 1196 1243 1253 1312 1363 1365 1380 1395 1465 1559 1612 1645 1682 1722 1731 1781 1799 1812 1817 1852 1855 1873 1917 1922 1936 1946 1956 2006 2011 2013 2016 2034
641,C C 1 = C C ( = N N 1 C 2 = N N = C ( C = C 2 ) N C 3 = C C = C ( C = C 3 ) N C ( = O ) C 4 = C C ( = C ( C = C 4 ) O C ) O C ) C,3 94 96 140 149 191 205 211 249 270 355 378 428 456 486 488 491 499 526 527 558 604 635 644 650 695 701 715 725 789 807 812 841 843 861 875 883 893 935 944 967 1017 1057 1066 1077 1099 1109 1122 1146 1152 1164 1245 1248 1277 1350 1363 1378 1380 1385 1428 1477 1501 1510 1524 1535 1536 1545 1552 1593 1632 1665 1697 1722 1731 1750 1787 1788 1795 1816 1833 1845 1852 1853 1873 1893 1917 1956 1970 1978 1986 2006
642,C C 1 = C ( C ( = N O 1 ) C ) S ( = O ) ( = O ) N 2 C C C ( C C 2 ) C ( = O ) O [C@@H] ( C 3 = C C = C C = C 3 ) C ( = O ) N ( C ) C,1 26 36 65 69 91 92 111 155 217 229 248 256 283 284 298 332 350 366 378 389 421 441 442 456 460 461 495 508 534 585 617 632 639 650 656 692 695 729 777 800 806 807 815 823 835 848 856 867 881 889 926 935 974 977 983 1019 1021 1034 1057 1088 1110 1151 1163 1181 1198 1199 1201 1289 1295 1325 1359 1365 1380 1397 1443 1476 1477 1480 1542 1570 1581 1586 1611 1637 1653 1673 1675 1722 1750 1812 1837 1873 1903 1917 1927 1968 1997
643,C S ( = O ) ( = O ) C C 1 = C C ( = C C = C 1 ) S C ( F ) ( F ) F,5 27 37 57 80 114 116 148 163 198 302 350 430 437 458 531 591 616 626 650 666 692 785 811 875 920 960 1016 1020 1039 1057 1066 1088 1148 1163 1166 1176 1241 1254 1373 1380 1383 1403 1416 1420 1453 1457 1476 1560 1590 1684 1716 1733 1750 1754 1802 1869 1873 1880 1900 1906 1928 1936 1983 1993
644,C C C C C C C C 1 C C C ( C C 1 ) C C C 2 = C C 3 = C ( C = C 2 ) C ( = C ( C = C 3 ) C 4 = C C = C ( C = C 4 ) C ( F ) ( F ) F ) F,29 49 78 80 104 114 120 203 222 294 310 334 352 383 401 408 420 424 436 440 456 458 490 579 591 635 651 663 680 699 712 726 794 809 832 836 849 851 875 896 901 926 927 973 1019 1047 1057 1059 1143 1151 1160 1168 1243 1260 1302 1325 1339 1357 1380 1387 1389 1417 1421 1434 1444 1445 1447 1453 1459 1483 1521 1586 1602 1645 1665 1671 1691 1697 1717 1733 1750 1754 1770 1855 1873 1886 1911 1928 1976 1988 2026
645,C C 1 C = C ( C ( = O ) O 1 ) C 2 = C C = C ( C = C 2 ) C,4 39 72 128 220 235 268 277 307 308 314 385 451 469 519 650 656 662 694 725 728 750 776 788 815 888 896 909 910 915 918 937 970 1019 1022 1057 1073 1088 1094 1160 1167 1207 1225 1309 1335 1380 1390 1391 1421 1510 1545 1549 1562 1569 1625 1630 1687 1707 1709 1722 1750 1767 1800 1823 1873 1919 1920 2014 2033
646,C C 1 C N ( C C ( O 1 ) C ) C ( C 2 = C C = C S 2 ) C 3 = C ( N 4 C ( = N C ( = N 4 ) C ) S 3 ) O,1 6 14 26 64 80 95 104 162 173 182 206 221 241 275 287 305 306 327 373 378 383 412 425 434 459 461 470 477 484 522 543 620 656 674 675 739 772 805 807 875 897 926 932 935 966 991 1019 1026 1029 1033 1048 1049 1057 1067 1074 1088 1126 1159 1167 1191 1210 1237 1265 1309 1347 1380 1399 1402 1406 1409 1433 1442 1443 1457 1551 1565 1567 1602 1629 1641 1722 1750 1802 1839 1854 1855 1871 1873 1879 1882 1895 1917 1921 1956 2002
647,C 1 = C C = C ( C = C 1 ) C C ( C O C 2 = N O C 3 = C C = C C = C 3 2 ) N,1 33 79 80 118 197 208 243 248 330 378 381 389 401 408 424 534 576 581 613 656 682 695 758 786 857 968 1066 1088 1115 1119 1128 1171 1184 1199 1205 1260 1291 1336 1357 1380 1411 1424 1452 1511 1537 1542 1543 1561 1573 1607 1618 1635 1638 1642 1695 1702 1706 1750 1754 1808 1855 1864 1873 1880 1933 1955 1975 1995 2001 2028
648,C 1 = C C ( = C ( C = C 1 N ) Cl ) N C ( = O ) C C C N ( C C # N ) C C # N,41 67 80 121 197 245 251 259 272 285 297 342 343 366 399 476 494 513 552 561 619 647 650 668 674 735 784 790 807 814 822 824 846 875 881 888 913 942 1042 1089 1114 1152 1162 1168 1171 1213 1224 1227 1231 1281 1317 1366 1368 1380 1382 1384 1457 1463 1512 1532 1564 1581 1672 1683 1718 1724 1731 1739 1750 1816 1836 1856 1873 1896 1911 1917 1928 1935 1948 1951 1960
649,C C O C 1 = C ( C = C C ( = C 1 ) / C = N / N C ( = O ) C 2 = C C = C ( C = C 2 ) C S C 3 = C C = C C = C 3 ) O C C = C,25 27 66 80 92 94 116 165 185 237 294 296 309 310 318 332 341 389 403 411 425 463 486 544 555 592 623 650 694 695 700 707 725 747 762 764 797 807 811 864 875 924 931 936 940 966 1000 1008 1035 1053 1057 1088 1090 1135 1152 1155 1168 1172 1199 1227 1238 1347 1366 1373 1375 1380 1385 1410 1452 1494 1539 1581 1622 1645 1665 1697 1717 1725 1750 1754 1828 1849 1867 1873 1886 1890 1904 1917 1920 1955 1963 1970 1992 1995 2026 2033 2037
650,C C O C C C N C ( = O ) / C = C / C 1 = C C = C ( C = C 1 ) O C,9 13 25 31 77 80 93 116 134 141 197 206 234 288 294 322 327 356 398 490 515 580 629 643 650 667 669 673 694 695 718 761 781 805 807 831 835 841 846 866 878 892 942 946 968 1057 1066 1124 1152 1181 1184 1187 1198 1199 1238 1248 1308 1325 1349 1379 1380 1429 1432 1451 1452 1485 1511 1536 1600 1626 1659 1750 1873 1876 1911 1917 1936 1992 2033
651,C 1 = C C = C ( C = C 1 ) C O C 2 = C C = C ( C = C 2 ) / C = C ( / C ( = O ) N C 3 = C C = C ( C = C 3 ) S C C ( = O ) N C 4 = C ( C = C ( C = C 4 ) Cl ) C ( F ) ( F ) F ) \ N C ( = O ) C 5 = C C = C C = C 5,25 41 80 102 107 114 116 165 191 197 210 211 216 262 269 271 316 322 341 351 376 389 419 455 486 514 557 561 640 650 654 656 681 686 694 695 718 745 778 780 807 809 811 816 825 829 843 858 875 893 930 953 960 1035 1066 1077 1078 1088 1103 1118 1119 1152 1173 1196 1199 1207 1210 1215 1224 1227 1255 1380 1385 1420 1449 1452 1453 1455 1506 1528 1589 1665 1683 1744 1746 1750 1754 1808 1814 1816 1856 1873 1883 1917 1927 1928 1948 1959 1985 2003 2022 2033 2042
652,C C ( C ) C 1 = N O C ( = C 1 ) N C ( = O ) C N 2 C C N ( C C 2 ) C C C 3 = C C = C C = C 3,1 41 71 74 80 90 104 108 117 131 164 211 218 240 248 250 253 269 277 280 283 320 378 389 404 434 465 475 484 501 518 598 611 641 650 656 693 709 807 810 839 875 919 923 926 935 995 1014 1045 1057 1066 1088 1145 1152 1172 1199 1220 1234 1243 1246 1265 1284 1312 1316 1322 1349 1374 1380 1385 1419 1434 1464 1477 1480 1482 1489 1530 1542 1617 1630 1635 1644 1666 1694 1750 1754 1791 1798 1816 1865 1873 1876 1893 1917 1919 1920 1957 1997 2003
653,O = C ( N C C [N+] 1 ( C C C C C 1 ) C ) C = N O,2 23 62 76 80 183 197 206 296 343 426 545 586 650 667 694 704 725 727 746 758 797 807 832 889 909 913 926 931 987 992 1017 1027 1028 1041 1049 1057 1061 1064 1078 1121 1152 1181 1184 1257 1280 1376 1415 1428 1445 1484 1497 1505 1524 1599 1617 1625 1630 1670 1703 1737 1745 1781 1845 1917 1937
654,C 1 C C N ( C C 1 ) S ( = O ) ( = O ) C 2 = C C = C ( S 2 ) C C ( = O ) N C C C 3 = C C = C ( C = C 3 ) Cl,2 41 80 92 111 162 197 200 201 216 260 303 310 325 350 362 366 468 486 495 499 504 539 549 561 585 590 597 638 650 656 667 675 683 708 734 800 807 815 816 817 828 840 842 875 917 922 926 934 935 982 1014 1028 1045 1059 1070 1072 1110 1127 1152 1243 1282 1300 1380 1396 1470 1476 1480 1507 1508 1510 1516 1521 1542 1561 1572 1606 1617 1640 1652 1683 1693 1746 1750 1754 1755 1816 1847 1860 1873 1897 1905 1917 1954 1968 1982 1998 2034 2039
655,C N 1 C ( = O ) C C C ( = N 1 ) C ( = O ) / C = C \ 2 / C 3 = C C 4 = C ( C = C 3 C C N 2 ) O C O 4,18 27 46 48 53 61 81 145 160 161 227 267 302 305 314 352 373 378 441 523 549 556 602 618 628 650 656 659 666 667 694 695 709 720 738 791 798 807 875 920 926 935 968 992 1016 1020 1046 1054 1057 1085 1114 1132 1145 1161 1184 1199 1216 1217 1219 1228 1236 1307 1349 1380 1414 1460 1516 1530 1534 1604 1659 1667 1686 1722 1738 1752 1796 1800 1818 1821 1863 1866 1873 1878 1905 1910 1917 1925 1953 1965 2029
656,C C 1 = C C = C ( C = C 1 ) N C ( = O ) C 2 = C N = C ( C = C 2 ) N 3 C C N ( C C 3 ) C C 4 = C C = C C = C 4,74 80 103 160 181 191 205 217 228 235 275 343 362 378 389 407 426 461 486 527 551 609 635 650 661 708 784 796 807 843 926 935 942 955 1057 1066 1067 1077 1086 1088 1152 1166 1175 1199 1223 1262 1306 1361 1370 1380 1385 1435 1452 1459 1474 1480 1503 1508 1516 1532 1535 1570 1573 1590 1591 1598 1679 1683 1697 1722 1750 1754 1765 1768 1770 1771 1791 1795 1816 1823 1860 1873 1897 1909 1917 1920 1952 1956 1963 1978 2046
657,C C C [N+] ( C ) ( C ) C C,8 71 74 80 105 116 185 231 242 291 294 301 368 390 394 409 414 494 507 628 656 672 794 818 831 841 845 913 948 995 1007 1041 1057 1077 1181 1203 1207 1244 1275 1295 1319 1385 1414 1426 1549 1584 1605 1659 1753 1757 1816 1827 1879 1982 2022 2038
658,C [C@H] 1 C N ( C ( = O ) C 2 = C ( C ( = C C = C 2 ) N C ( = O ) C 3 C C O C C 3 ) O [C@H] 1 C N ( C ) C C 4 = C C = C ( C = C 4 ) C 5 = C C = C C = C 5 ) [C@@H] ( C ) C O,1 9 14 34 59 80 109 127 222 230 248 249 283 310 314 349 352 389 395 471 482 507 516 523 541 546 571 581 610 634 646 650 656 679 689 716 736 739 744 750 769 785 807 831 834 879 881 896 905 925 926 935 950 974 984 998 1007 1019 1039 1052 1057 1059 1088 1116 1117 1147 1152 1158 1160 1163 1199 1214 1224 1236 1275 1285 1294 1309 1325 1380 1384 1405 1458 1511 1515 1527 1533 1538 1542 1544 1598 1630 1631 1664 1669 1678 1696 1716 1731 1735 1742 1750 1754 1805 1816 1837 1859 1873 1917 1961 1964 1978 2008 2014 2015 2034 2038
659,C C 1 = C C ( = C ( C = C 1 ) N C ( = O ) C ( C ( C ( F ) ( F ) F ) ( F ) F ) ( F ) F ) Br,30 59 74 93 104 114 154 186 235 284 307 332 348 350 400 459 502 523 578 647 650 657 682 728 741 758 807 833 875 886 943 972 1001 1013 1057 1074 1084 1108 1127 1138 1152 1218 1224 1238 1280 1344 1380 1398 1453 1503 1532 1604 1631 1653 1658 1691 1716 1722 1731 1750 1778 1786 1800 1816 1823 1829 1846 1856 1873 1886 1903 1917 1928 1929 1964 1981 1988 2019
660,C [C@H] 1 C N ( C 2 = N C 3 = C ( N 2 C 1 ) C ( = O ) N ( C ( = O ) N 3 C ) C C 4 = C C = C C 5 = C C = C C = C 5 4 ) C 6 = C C = C ( C = C 6 ) C,80 84 93 130 169 233 235 289 314 342 357 378 475 501 504 509 564 621 637 649 650 734 739 771 795 802 818 820 828 862 865 894 913 926 935 1019 1024 1039 1057 1066 1087 1088 1090 1104 1124 1145 1148 1199 1214 1246 1263 1309 1322 1330 1349 1357 1365 1380 1390 1394 1404 1412 1440 1457 1458 1478 1496 1507 1541 1573 1597 1674 1681 1696 1706 1722 1750 1765 1779 1823 1825 1845 1850 1855 1873 1897 1906 1920 1931 1933 1991
661,C C 1 = C C ( = C C ( = C 1 Cl ) C ) O C C ( = O ) N C ( C ) C 2 C C C O 2,1 41 80 94 104 109 117 122 163 192 230 232 271 283 286 288 302 303 322 330 347 361 381 425 500 503 561 609 613 628 630 650 656 661 686 688 695 708 728 751 752 759 802 805 807 812 835 875 916 926 933 950 964 1002 1011 1015 1019 1028 1049 1057 1059 1080 1128 1152 1156 1172 1186 1218 1325 1380 1391 1424 1452 1468 1581 1594 1683 1722 1798 1813 1862 1873 1887 1912 1917 1952 1966 1971 2004 2037
662,C C C O C ( = O ) O C C,8 13 23 55 80 147 167 182 245 294 305 308 429 477 538 594 641 650 661 695 758 789 794 807 870 1036 1037 1057 1139 1160 1167 1183 1204 1209 1238 1250 1261 1281 1306 1320 1326 1417 1455 1576 1694 1722 1724 1730 1775 1785 1856 1875 1884 1917 1981
663,C C 1 = C ( C = C C ( = C 1 ) O C 2 = C C = C ( C = C 2 ) C 3 C C C = C C 3 ) C ( = O ) C 4 = C ( C = C ( C = C 4 ) O C 5 = C C = C ( C = C 5 ) C 6 C C C = C C 6 ) C,9 49 58 67 193 194 217 223 279 287 299 322 328 404 471 561 582 598 644 650 695 718 722 751 784 798 807 875 881 888 926 937 949 964 1019 1031 1057 1066 1089 1102 1114 1115 1128 1135 1137 1147 1153 1157 1158 1168 1207 1230 1252 1279 1286 1287 1299 1325 1346 1363 1370 1375 1380 1390 1391 1427 1439 1499 1547 1617 1697 1722 1736 1740 1750 1758 1803 1806 1841 1857 1873 1883 1917 1918 1991 1997 2000 2006
664,C 1 = C C ( = N C ( = C 1 ) C 2 = N N ( C = C 2 ) C 3 = C C = C C ( = N 3 ) C N ( C C ( = O ) O ) C C ( = O ) O ) C N ( C C ( = O ) O ) C C ( = O ) O,36 80 172 173 179 251 284 294 315 358 377 378 388 389 401 423 427 507 523 527 605 611 616 632 650 674 680 720 724 726 742 760 786 807 814 867 879 881 889 890 935 961 980 1039 1073 1084 1088 1101 1103 1124 1130 1190 1213 1225 1236 1274 1283 1323 1334 1352 1380 1430 1447 1455 1487 1513 1561 1573 1594 1679 1737 1745 1750 1851 1852 1855 1866 1873 1915 1917 1956 1969
665,C 1 ( = C ( C ( = C ( C ( = C 1 F ) F ) C 2 = C ( C ( = C ( C ( = C 2 F ) F ) F ) F ) F ) F ) F ) C 3 = C ( C ( = C ( C ( = C 3 F ) F ) C 4 = C ( C ( = C ( C ( = C 4 F ) F ) Br ) F ) F ) F ) F,97 166 173 190 297 338 384 386 387 429 511 524 526 543 546 551 566 599 622 634 654 699 728 751 822 863 1074 1235 1287 1298 1316 1366 1380 1445 1458 1476 1631 1712 1747 1758 1767 1773 1800 1801 1825 1836 1840 1848 1928 1957
666,C C ( = O ) O C 1 C C 2 ( C ( C C C 2 O ) C 3 = C 1 C 4 ( C ( O C ( = O ) / C ( = C \ N 5 C C C ( = O ) C C 5 ) / C 4 = C ( C 3 = O ) O ) C O C ) C ) C,12 37 53 54 67 80 109 150 204 206 225 233 237 262 274 292 314 354 366 380 397 429 445 447 512 519 521 604 629 650 656 678 679 681 694 695 706 709 713 721 723 725 750 759 760 807 841 899 901 926 931 935 947 951 992 1005 1010 1017 1019 1023 1035 1047 1057 1060 1088 1118 1120 1126 1136 1199 1217 1252 1253 1257 1274 1294 1300 1325 1380 1388 1389 1406 1438 1476 1477 1480 1582 1589 1602 1606 1611 1625 1635 1655 1721 1738 1770 1776 1832 1853 1866 1870 1911 1917 1941 1950 1951 1964 1978 2019 2026 2043
667,C C 1 = N C ( = N C = C 1 ) N 2 C C N ( C C 2 ) C N 3 C ( = S ) N ( C ( = N 3 ) C ( F ) ( F ) F ) / N = C / C 4 = C C = C C = C 4,13 34 74 80 82 91 97 114 142 158 160 199 245 250 260 270 279 328 346 370 378 389 394 398 407 440 451 460 461 472 482 520 598 601 630 649 694 717 725 776 787 803 809 846 864 907 926 935 948 960 1021 1057 1073 1088 1107 1112 1134 1167 1186 1199 1222 1256 1301 1313 1318 1353 1372 1380 1450 1452 1453 1480 1508 1512 1516 1541 1544 1648 1668 1675 1709 1717 1722 1731 1732 1750 1763 1764 1791 1806 1855 1866 1873 1892 1921 1928 1956 2028 2033
668,C ( C C S ( = O ) ( = O ) O ) C S S C C C C S ( = O ) ( = O ) O,50 80 100 116 210 248 289 320 350 374 481 507 517 592 650 723 731 807 947 974 975 1013 1015 1019 1024 1030 1069 1097 1118 1123 1144 1182 1230 1265 1295 1405 1413 1463 1476 1507 1532 1588 1672 1783 1812 1837 1862 1865 1887 1911 1925 1950 1953 2005 2016
669,C C C C C C C C O C ( = O ) C 1 ( O C 2 = C ( O 1 ) C = C ( C = C 2 ) C C ( C ) N C C ( C 3 = C C ( = C C = C 3 ) Cl ) O ) C ( = O ) O C C C C C C C C,1 8 13 48 79 80 147 165 178 187 194 216 222 224 227 251 266 283 294 307 310 324 428 432 516 522 524 561 581 591 592 606 632 650 656 695 721 722 746 782 794 807 833 875 946 949 957 1035 1039 1057 1060 1069 1073 1088 1139 1143 1152 1202 1220 1249 1282 1321 1324 1327 1347 1362 1365 1380 1434 1437 1439 1444 1468 1511 1514 1521 1529 1530 1545 1581 1587 1598 1616 1633 1658 1681 1683 1687 1710 1711 1728 1734 1750 1754 1766 1806 1864 1873 1888 1905 1911 1917 1964 1969 1990 2018 2027 2031 2038
670,C C 1 = C ( C ( = O ) N ( N 1 C ) C 2 = C C = C C = C 2 ) N C ( = O ) C S C 3 = N C 4 = C ( S 3 ) C = C ( C = C 4 ) N C ( = O ) C 5 = C C = C ( C = C 5 ) Br,3 23 41 75 80 116 144 159 162 181 184 191 201 218 240 314 327 341 343 366 378 381 389 394 430 458 464 486 488 503 504 557 570 650 675 728 753 771 807 818 843 875 885 909 935 961 979 981 997 999 1007 1038 1049 1057 1072 1088 1097 1119 1145 1152 1157 1199 1226 1235 1322 1380 1385 1401 1406 1425 1455 1467 1469 1496 1506 1510 1517 1538 1542 1566 1604 1620 1631 1636 1646 1649 1665 1669 1697 1722 1731 1732 1736 1750 1766 1772 1795 1798 1805 1816 1825 1855 1873 1876 1917 1921 1959 1978 2003
671,C N 1 C ( = C C ( = C 1 Cl ) Cl ) C ( = O ) N C C C C ( = O ) O C,8 10 14 80 100 125 152 170 195 197 220 237 342 346 358 366 391 484 486 488 561 564 572 579 606 619 650 667 692 695 707 767 807 840 841 866 868 875 893 935 953 1057 1085 1099 1145 1152 1174 1233 1240 1250 1276 1311 1358 1380 1386 1399 1530 1564 1590 1607 1609 1683 1709 1710 1849 1873 1876 1911 1917 1947 1966 2005
672,C C 1 = C ( C = C ( C = C 1 ) Cl ) N C ( C ) C 2 = C C ( = C C = C 2 ) [N+] ( = O ) [O-],1 99 165 188 216 283 331 334 343 344 462 494 509 532 561 650 658 690 715 753 792 810 816 838 874 875 912 922 938 963 1034 1039 1056 1057 1069 1080 1088 1152 1155 1172 1195 1212 1224 1274 1302 1333 1344 1365 1372 1380 1391 1470 1496 1541 1549 1581 1610 1627 1652 1683 1691 1713 1722 1750 1795 1809 1819 1843 1873 1940 1956 1963 1984
673,C [C@@H] 1 C N ( C ( = O ) C 2 = C ( C = C C ( = C 2 ) N C ( = O ) N C 3 = C C = C ( C = C 3 ) O C ) O [C@H] 1 C N ( C ) C ( = O ) N C 4 = C C 5 = C ( C = C 4 ) O C O 5 ) [C@@H] ( C ) C O,1 39 56 80 127 180 184 191 192 193 202 222 245 249 263 283 296 303 314 322 334 342 352 354 385 395 441 482 520 602 610 650 651 656 664 667 673 679 691 695 718 738 739 750 769 781 807 831 834 835 840 841 843 853 870 875 879 881 891 893 899 926 935 998 1019 1023 1035 1057 1077 1092 1099 1116 1128 1152 1153 1163 1214 1217 1231 1244 1308 1309 1349 1359 1375 1380 1427 1436 1448 1536 1559 1631 1636 1647 1670 1673 1702 1713 1716 1719 1750 1797 1800 1816 1859 1863 1873 1905 1911 1917 1918 1957 1989 1990
674,C C C C C C C C C C C C N ( C 1 C C ( N C ( C 1 C ) ( C ) C C ) ( C ) C C ) C ( = O ) C 2 = C C = C C = C 2,1 9 30 31 41 59 77 80 100 137 168 211 227 294 357 362 376 384 389 395 398 402 404 469 508 514 521 538 560 587 591 598 601 650 665 679 681 794 807 817 881 919 926 996 998 1019 1057 1058 1060 1066 1086 1088 1095 1112 1114 1133 1143 1150 1168 1199 1221 1250 1267 1273 1274 1309 1334 1341 1351 1380 1385 1393 1413 1440 1444 1476 1478 1506 1528 1547 1557 1608 1645 1669 1716 1727 1730 1736 1750 1820 1873 1889 1900 1911 1917 1935 1951 1965 1985 2014 2038
675,C C ( C ) C [C@@] 1 ( C ( = O ) O C ( = N 1 ) C 2 = C C = C C = C 2 ) C C C ( = O ) O C,1 14 17 23 53 77 80 90 98 107 129 133 195 215 271 283 314 327 355 367 378 381 389 404 458 485 536 551 574 650 656 669 677 695 736 755 795 807 841 845 848 985 1019 1057 1060 1088 1135 1140 1152 1153 1160 1165 1199 1281 1333 1334 1380 1386 1405 1456 1469 1474 1479 1551 1564 1571 1588 1650 1659 1683 1724 1750 1806 1810 1814 1847 1871 1873 1883 1917 1933 1973 1983
676,C C O C 1 = C C = C C = C 1 [C@@H] ( C ( = O ) N C 2 = C C = C ( C = C 2 ) F ) N ( C 3 = C C ( = C ( C = C 3 ) C ) C ) C ( = O ) C 4 = N C = C N = C 4,1 10 49 56 80 87 90 164 191 237 253 257 261 294 321 330 335 378 425 451 503 525 552 573 581 604 636 650 695 699 707 723 729 807 841 843 850 855 875 881 960 1057 1071 1077 1088 1092 1096 1125 1152 1199 1221 1238 1273 1327 1380 1388 1391 1395 1410 1420 1452 1535 1561 1581 1586 1603 1608 1651 1652 1664 1670 1673 1675 1691 1702 1708 1722 1750 1763 1786 1792 1816 1833 1837 1866 1873 1883 1899 1917 1928 1939 1949 1969 1970 1985 2024
677,C C 1 = C ( O N = C 1 C 2 = C C = C ( S 2 ) C ( = O ) N 3 C C N ( C C 3 ) C ) C ( F ) ( F ) F,14 50 53 62 76 114 115 141 162 207 212 244 248 252 323 361 378 393 419 424 470 487 519 534 537 561 610 623 633 650 656 675 676 727 735 760 806 807 809 855 926 935 942 1014 1041 1057 1119 1133 1138 1145 1184 1187 1206 1223 1236 1380 1396 1411 1437 1453 1480 1504 1534 1542 1589 1638 1653 1718 1722 1725 1745 1750 1844 1870 1873 1908 1916 1917 1926 1928 1958 1994 2009
678,C C C C C ( = O ) N N C C,36 41 64 80 86 99 113 115 144 216 217 278 293 294 388 410 518 591 650 714 731 742 745 794 807 808 881 892 903 993 995 1057 1105 1119 1126 1152 1168 1180 1221 1312 1341 1357 1436 1477 1488 1496 1521 1525 1527 1546 1551 1556 1564 1641 1666 1691 1702 1703 1718 1726 1748 1822 1886 1911 1912 1917 1993 2012
679,C C 1 ( C C C 2 = C ( O 1 ) C = C ( C = C 2 ) O C ) C,9 37 55 264 266 301 322 323 349 354 375 461 471 487 561 564 567 571 585 629 656 695 705 718 721 726 727 744 781 841 864 875 884 926 962 991 1010 1057 1060 1083 1162 1169 1195 1215 1236 1271 1274 1282 1301 1345 1350 1380 1388 1426 1439 1480 1486 1488 1536 1574 1602 1606 1727 1738 1750 1793 1795 1842 1873 1905 1922 1933 1935 1972 1975 1980 2007 2021 2029
680,C N ( C ) C 1 C C N ( C 1 ) C 2 = C C = C ( C = C 2 ) C ( = O ) N,20 140 149 163 233 263 309 324 335 362 371 407 412 432 474 507 529 543 557 579 631 648 650 719 739 756 784 795 807 809 881 892 926 935 942 990 1004 1019 1057 1058 1156 1163 1171 1199 1252 1260 1289 1325 1341 1380 1385 1405 1439 1472 1480 1484 1529 1616 1620 1649 1697 1727 1750 1813 1822 1825 1873 1896 1902 1917 1929 2026 2039 2043
681,C C 1 C 2 = C ( C C C C 2 ) C ( = O ) N 1 C C 3 C C N ( C C 3 ) C C C 4 = C C = C C = C 4,0 29 77 80 88 112 160 214 218 274 310 314 356 384 389 400 439 446 455 476 515 572 589 650 664 666 667 740 800 825 845 879 908 916 926 935 978 1019 1028 1045 1050 1057 1060 1066 1088 1126 1128 1145 1153 1199 1242 1243 1261 1300 1309 1325 1380 1402 1480 1482 1597 1646 1717 1738 1741 1750 1754 1775 1788 1790 1791 1796 1798 1850 1873 1886 1887 1893 1917 1925 1929 1930 1949 1973 2017 2031
682,C C 1 = C C = C C = C 1 N 2 C ( = O ) [C@@] 3 ( C 4 = C ( [C@@H] ( C N 3 C 2 = O ) C 5 = C C = C C = C 5 O C ) C 6 = C C = C C = C 6 N 4 ) C,18 65 92 119 134 155 184 205 249 255 274 299 314 322 371 388 394 424 443 445 510 557 566 599 644 649 650 654 661 666 695 697 739 807 841 864 871 887 926 931 935 968 1003 1004 1019 1027 1057 1060 1088 1114 1163 1184 1193 1199 1215 1220 1242 1274 1294 1295 1299 1332 1347 1357 1361 1365 1368 1369 1380 1391 1394 1401 1410 1420 1441 1511 1515 1536 1573 1599 1647 1648 1649 1686 1720 1722 1726 1743 1745 1750 1767 1783 1807 1850 1863 1873 1904 1918 1923 1962 1970 1999 2005 2008 2015
683,C C O C 1 = C C = C C = C 1 N [C@@H] ( C ( = O ) C 2 = C C = C S 2 ) N C ( = O ) C 3 = C C = C C = C 3,1 14 56 66 79 80 85 108 117 125 152 153 159 233 237 241 243 261 294 306 311 330 332 334 368 383 386 389 419 425 486 499 518 530 546 565 650 675 690 695 766 807 915 1052 1057 1078 1088 1102 1104 1143 1152 1183 1199 1224 1238 1240 1297 1312 1325 1335 1350 1380 1385 1405 1410 1445 1448 1452 1468 1551 1567 1612 1665 1696 1746 1750 1785 1787 1800 1873 1889 1894 1917 1970 1985
684,C 1 C C ( C 1 ) C 2 = N N = C ( O 2 ) N,15 55 79 149 162 199 202 207 214 259 265 273 316 378 383 394 404 458 467 469 551 569 577 619 630 632 656 702 723 814 875 926 938 997 1015 1019 1028 1052 1063 1077 1164 1166 1171 1261 1270 1325 1355 1374 1380 1457 1604 1681 1744 1817 1827 1888 1890 1943 1947 1965 1967 1973 2000 2008
685,C C ( C ) O C 1 = C C = C ( C = C 1 ) C ( = O ) N C ( = S ) N C 2 = C C ( = C ( C = C 2 ) O C ) Cl,1 61 62 94 97 110 141 155 184 191 249 283 291 322 366 439 461 486 513 555 560 561 571 601 650 663 664 689 695 718 745 807 823 827 841 843 875 896 930 968 1052 1057 1072 1081 1109 1110 1119 1126 1141 1152 1196 1247 1274 1352 1369 1377 1380 1385 1436 1488 1519 1536 1542 1581 1590 1665 1683 1685 1697 1702 1750 1816 1840 1865 1873 1874 1901 1917 1937 1940 1953 1960 1967 1970 1978 2002
686,c 1 ( c c c 2 c ( c 1 ) c ( c n 2 C c 1 c c ( c c c 1 ) C ( F ) ( F ) F ) C C ( = O ) N ) c 1 c c c ( c c 1 ) C,41 45 77 80 98 102 114 140 223 235 325 348 388 392 462 464 478 551 645 650 714 740 744 785 791 807 809 842 852 875 896 910 935 1036 1039 1057 1066 1088 1100 1156 1160 1171 1260 1269 1283 1323 1337 1349 1357 1368 1375 1380 1411 1415 1417 1453 1455 1462 1479 1500 1503 1508 1516 1522 1663 1678 1685 1722 1737 1750 1754 1765 1775 1823 1849 1870 1873 1879 1898 1917 1920 1928 1964 1993 2017 2021 2026
687,C [C@H] 1 [C@@H] ( [C@H] ( O [C@@] 1 2 C 3 = C ( C = C C ( = C 3 ) N C ( = O ) C 4 = C C = C ( C = C 4 ) N ) N ( C 2 = O ) C C = C ) C C ( = O ) N 5 C C 6 = C C = C C = C 6 C [C@H] 5 C O ) [Si] ( C ) ( C ) F,8 51 80 90 120 134 147 148 156 173 184 191 222 231 233 242 246 255 265 297 314 323 336 346 351 378 415 459 469 485 486 529 588 610 614 628 633 646 648 650 656 672 687 694 767 807 833 838 843 873 875 888 900 919 926 935 940 973 979 1004 1009 1010 1019 1037 1057 1060 1070 1088 1152 1168 1171 1199 1236 1283 1295 1298 1309 1318 1347 1352 1364 1366 1374 1380 1385 1427 1457 1480 1495 1503 1516 1527 1531 1552 1555 1645 1665 1697 1701 1708 1750 1795 1804 1816 1820 1821 1844 1873 1915 1917 1921 1928 1946 1952 1961 1978 1980 2037 2038 2046
688,C C O C 1 = C C = C ( C = C 1 ) C ( = C 2 C ( N ( C ( = O ) C 2 = O ) C 3 = N N = C ( S 3 ) S C C 4 = C C = C ( C = C 4 ) F ) C 5 = C C ( = C C = C 5 ) O C C C ( C ) C ) O,1 12 13 27 31 57 69 80 90 102 116 162 171 175 184 237 278 283 294 300 310 312 314 322 341 378 381 389 463 471 494 506 562 590 605 623 650 675 695 699 718 739 762 773 797 807 818 819 829 875 879 880 895 915 932 935 985 999 1003 1019 1027 1034 1039 1057 1088 1097 1132 1164 1189 1215 1232 1238 1250 1279 1331 1351 1380 1385 1410 1414 1420 1427 1452 1476 1493 1501 1549 1561 1567 1586 1601 1629 1659 1663 1670 1697 1699 1712 1728 1750 1754 1762 1815 1822 1847 1860 1873 1881 1906 1922 1928 1954 1983 1989 2025 2043
689,C 1 = C N ( C ( = O ) N = C 1 N ) [C@H] 2 [C@H] ( [C@@H] ( [C@H] ( [Se] 2 ) C O ) O ) F,32 52 62 80 83 135 153 192 216 218 222 243 314 321 333 360 378 424 441 485 516 521 555 569 577 606 650 652 653 667 749 782 793 807 811 925 935 941 959 1019 1028 1073 1093 1101 1110 1133 1171 1257 1361 1380 1447 1456 1457 1462 1487 1499 1504 1516 1522 1527 1528 1557 1573 1576 1602 1612 1615 1631 1674 1694 1695 1700 1750 1769 1830 1849 1855 1873 1887 1912 1916 1918 1928 2009 2042
690,C C ( C ) C C 1 = C C ( = C ( C = C 1 ) O C C 2 = C C = C C = C 2 ) C ( = O ) O,1 79 80 94 107 146 168 251 283 310 325 326 328 360 389 400 423 456 497 500 543 558 643 650 673 695 728 740 745 779 807 839 843 854 875 885 910 929 952 955 1034 1047 1057 1059 1066 1071 1088 1140 1199 1213 1226 1271 1336 1380 1385 1399 1427 1452 1457 1463 1672 1680 1743 1750 1754 1759 1847 1873 1880 1893 1912 1917 1970 1990 1991 2022 2026 2036 2042
691,C C 1 = C ( C = C ( C = C 1 ) C ( = O ) N C 2 = C ( C = C ( C = C 2 ) Br ) Br ) O C,36 38 51 106 139 249 254 263 338 348 357 362 377 403 428 464 486 489 526 612 650 663 695 728 746 766 795 798 806 807 819 833 841 844 849 875 893 909 947 948 969 1012 1026 1029 1057 1152 1157 1176 1206 1224 1289 1380 1385 1391 1479 1499 1501 1536 1566 1589 1614 1631 1648 1661 1691 1697 1722 1750 1761 1795 1816 1852 1856 1867 1873 1903 1917 1970 1998 2010 2019 2035 2037 2041
692,C [C@@] 1 2 C [C@@H] ( C C ( C 1 ) ( C ) C ) N ( C 2 ) C [C@H] ( C O C 3 = C C = C C = C 3 F ) O,1 10 57 80 81 113 118 178 206 218 227 288 305 344 353 356 377 492 522 590 597 602 605 629 657 658 672 679 686 695 699 745 801 807 850 925 926 935 1019 1025 1032 1051 1057 1060 1081 1088 1193 1199 1200 1274 1289 1313 1334 1353 1360 1380 1398 1399 1410 1432 1452 1468 1487 1536 1537 1544 1554 1584 1667 1718 1750 1840 1849 1873 1910 1922 1928 1934 1970 2006 2017 2022 2038
693,C 1 = C C = C ( C = C 1 ) [C@@H] 2 C 3 = C C = C C = C 3 O C ( = C 2 C = N C C C 4 = C N C 5 = C C = C C = C 5 4 ) C 6 = C C = C C = C 6,14 22 36 58 80 86 87 119 144 190 230 315 328 335 358 364 365 371 386 389 462 476 488 496 499 540 558 639 656 667 677 694 725 730 736 769 786 795 806 808 813 864 901 923 929 976 1019 1024 1027 1073 1082 1088 1114 1128 1142 1160 1171 1199 1242 1243 1258 1279 1297 1329 1349 1357 1379 1380 1399 1430 1481 1508 1525 1548 1569 1573 1607 1642 1653 1663 1669 1722 1723 1750 1783 1810 1814 1865 1873 1879 1905 1937 1989 2034
694,C [C@@H] ( C ( = O ) N 1 C C N C 1 = O ) O C ( = O ) C 2 = C ( C = C C ( = C 2 ) S ( = O ) ( = O ) N C ) Cl,1 33 69 108 110 145 198 210 218 236 263 283 305 314 316 318 319 332 348 350 353 366 392 405 442 454 483 502 561 565 600 605 608 639 650 663 666 695 715 774 786 807 821 846 849 875 926 930 935 962 1013 1057 1063 1114 1150 1152 1168 1189 1198 1226 1269 1302 1324 1362 1380 1387 1430 1442 1476 1480 1508 1595 1675 1683 1746 1750 1835 1866 1873 1902 1912 1917 1991 2002 2030
695,C 1 [C@@H] ( [C@H] ( C 2 = C C = C C = C 2 1 ) N ) O,75 121 123 131 172 198 231 371 431 503 555 662 679 790 804 807 849 869 876 900 910 926 974 979 985 1019 1027 1035 1054 1061 1064 1088 1127 1130 1144 1145 1155 1171 1192 1199 1236 1257 1284 1380 1388 1395 1402 1505 1509 1519 1581 1605 1683 1708 1750 1755 1832 1848 1865 1873 1962 1967 2029
696,C C ( C ) [C@@H] ( C ( = O ) N [C@H] ( C C 1 = C C = C C = C 1 ) C ( = O ) N 2 C C C [C@H] 2 C ( = O ) N [C@H] ( C C 3 = C C = C C = C 3 ) C ( = O ) N 4 C C C [C@H] 4 C ( = O ) O C ) O,1 10 39 42 79 80 106 108 117 121 143 181 193 224 227 242 276 283 347 354 389 446 470 488 531 534 552 568 573 624 650 672 689 695 721 736 742 758 807 837 841 857 861 914 924 926 935 973 999 1019 1028 1057 1066 1085 1088 1100 1129 1134 1152 1153 1170 1199 1205 1210 1240 1299 1325 1380 1411 1417 1433 1435 1480 1483 1500 1505 1575 1632 1707 1729 1750 1754 1773 1799 1813 1871 1873 1917 1945 1967 2006 2016 2042
697,C [Si] ( C ) ( N [Si] ( C 1 = C C = C C = C 1 ) ( C 2 = C C = C C = C 2 ) C 3 = C C = C C = C 3 ) N [Si] ( C 4 = C C = C C = C 4 ) ( C 5 = C C = C C = C 5 ) C 6 = C C = C C = C 6,77 150 159 192 259 260 261 272 293 304 317 361 378 389 431 460 463 467 546 573 636 656 730 732 739 751 791 856 877 932 945 1038 1057 1064 1088 1152 1199 1286 1287 1343 1345 1354 1355 1375 1380 1429 1432 1682 1711 1742 1750 1849 1865 1873 1899 1917 1921 1923 1964 1976 1992
698,C O C 1 = C ( C = C ( C ( = C 1 ) C O ) Cl ) O,40 75 80 103 149 165 222 249 263 311 366 436 503 561 581 612 614 695 696 807 815 837 841 875 914 965 999 1054 1057 1074 1076 1138 1242 1349 1361 1377 1380 1402 1403 1465 1472 1536 1573 1588 1602 1607 1618 1642 1656 1683 1771 1873 1964 1970 1971
699,C C ( = O ) O [C@H] 1 C [C@@H] ( O [C@@H] 1 C O C ( C 2 = C C = C C = C 2 ) ( C 3 = C C = C ( C = C 3 ) O C ) C 4 = C C = C ( C = C 4 ) O C ) N 5 C = C C ( = N C 5 = O ) S C O C ( = O ) C ( C ) ( C ) C,4 31 47 50 70 80 101 114 116 129 147 152 188 243 252 257 270 297 314 322 332 341 351 378 389 392 401 408 448 470 505 517 521 539 577 591 606 610 650 656 670 695 718 725 781 785 798 807 831 841 843 885 899 926 935 937 964 1003 1017 1019 1035 1041 1052 1057 1064 1088 1101 1126 1136 1138 1140 1151 1153 1174 1199 1238 1292 1328 1377 1380 1409 1413 1417 1463 1492 1522 1536 1583 1602 1619 1665 1708 1718 1744 1750 1789 1812 1819 1838 1851 1855 1858 1873 1887 1917 1919 1921 1949 2015 2017
700,c 1 c ( c c 2 c ( n 1 ) c c n 2 C C ( = O ) N ( C ) C ) c 1 c c c c ( c 1 ) C ( F ) ( F ) F,6 25 45 46 66 80 114 164 168 378 399 448 470 490 504 512 552 589 650 661 673 695 736 774 785 803 807 809 819 875 881 935 962 965 995 997 1039 1057 1088 1097 1098 1101 1129 1160 1163 1180 1197 1238 1260 1263 1284 1306 1312 1314 1339 1348 1359 1373 1380 1382 1404 1416 1417 1452 1453 1455 1487 1501 1522 1525 1535 1571 1591 1653 1654 1679 1686 1703 1708 1711 1723 1750 1768 1781 1798 1831 1836 1870 1873 1917 1918 1928 1957 2001 2015 2017 2046
701,C / C ( = C ( / C 1 = C C ( = C C = C 1 ) Cl ) \ N ) / [N+] ( = O ) [O-],29 65 69 135 140 146 165 216 292 314 457 473 476 522 561 589 592 631 650 676 688 715 753 771 778 779 807 838 849 875 936 1017 1028 1033 1039 1057 1088 1095 1103 1167 1171 1183 1220 1246 1351 1380 1385 1588 1605 1668 1683 1714 1741 1750 1854 1858 1864 1873 1904 1934 1963 1977 1985 1987 2021 2046
702,C C 1 = C ( C = C ( C = C 1 ) S C C ( = O ) O C C ( = O ) N ( C C ( C ) C ) C 2 = C ( N ( C ( = O ) N C 2 = O ) C C 3 = C C = C C = C 3 ) N ) C,1 24 57 80 94 116 123 143 147 189 191 212 223 264 275 283 314 335 341 365 376 381 385 389 407 410 437 447 469 491 503 531 547 603 630 650 653 658 695 700 750 755 758 765 783 786 797 802 807 811 830 862 875 877 881 888 918 935 957 963 1025 1057 1066 1088 1114 1124 1129 1136 1161 1171 1188 1197 1199 1238 1255 1256 1273 1274 1356 1365 1380 1386 1391 1457 1465 1469 1510 1554 1590 1612 1683 1690 1691 1722 1739 1745 1750 1754 1765 1777 1787 1808 1809 1847 1860 1873 1880 1917 1939 1942 1954 1959 1962 1968 1975 2004 2009 2026 2028
703,C C O C ( C C 1 = C C = C ( C = C 1 ) O C C N ( C C C C O C C 2 = C C ( = C C ( = C 2 ) Cl ) Cl ) C ( = O ) O C 3 = C C = C C = C 3 O C ( F ) ( F ) F ) C ( = O ) O,1 13 20 60 79 80 102 114 167 187 191 197 205 216 294 310 316 322 389 399 457 480 481 488 501 548 561 572 610 632 650 692 695 706 718 725 745 749 781 806 807 820 831 857 872 875 881 890 899 904 934 978 986 1034 1041 1057 1088 1098 1131 1143 1149 1152 1178 1179 1197 1199 1212 1232 1233 1235 1238 1241 1249 1263 1267 1272 1291 1325 1337 1358 1380 1409 1410 1452 1453 1605 1614 1624 1646 1659 1669 1683 1727 1729 1741 1747 1750 1754 1776 1839 1844 1861 1873 1911 1917 1928 1951 1970 1992 2002 2029 2034 2036
704,C C 1 = C C ( = C ( C ( = C 1 ) Cl ) O C C O C 2 = C C = C ( C = C 2 ) C 3 = C ( [C@H] 4 C N ( C [C@@H] ( C 3 ) N 4 ) C ( = O ) C ) C ( = O ) N C 5 ( C ( C 5 Cl ) C ( F ) ( F ) F ) C C 6 = C C = C C = C 6 ) Cl,13 50 59 80 102 114 120 134 140 189 192 195 231 239 286 296 320 322 333 344 365 366 367 389 443 486 545 560 561 573 622 650 658 676 695 718 733 735 739 746 803 807 840 857 870 875 896 909 926 935 936 952 986 1017 1019 1034 1057 1060 1066 1088 1095 1114 1152 1160 1166 1172 1198 1199 1231 1280 1284 1300 1352 1360 1368 1380 1404 1407 1420 1436 1452 1453 1482 1497 1511 1563 1642 1647 1683 1722 1734 1750 1754 1757 1764 1775 1822 1823 1870 1873 1888 1917 1928 1932 1938 1953 1960 1973 1984 1986 2009 2045
705,C 1 C C C ( C 1 ) O C 2 = C C ( = C C ( = C 2 ) C Br ) Br,30 39 52 80 119 133 140 166 226 248 249 251 285 311 322 344 356 380 381 492 498 524 528 559 580 581 606 695 728 745 763 875 886 888 890 909 926 952 975 987 993 1001 1012 1019 1028 1034 1110 1147 1153 1235 1278 1281 1302 1321 1325 1338 1380 1493 1545 1597 1602 1631 1709 1754 1760 1785 1788 1806 1834 1839 1873 1932 1966
706,C [C@] 1 2 C C [C@H] ( [C@H] 1 C ( = O ) C C [C@@H] 2 Br ) C O C C 3 = C C = C C = C 3,64 80 219 226 228 240 279 310 314 358 370 389 405 410 411 413 423 434 455 465 488 531 549 566 628 631 650 660 695 697 728 737 743 745 892 926 1012 1015 1019 1034 1057 1060 1066 1088 1136 1162 1172 1181 1188 1199 1236 1274 1317 1325 1380 1462 1477 1484 1495 1506 1517 1523 1534 1536 1538 1553 1555 1561 1571 1628 1653 1693 1738 1750 1751 1754 1783 1873 1951 1968 1992 2042
707,C C 1 = C N 2 C = C ( N = C 2 C = C 1 ) C S C 3 = N C 4 = C C = C C = C 4 C ( = O ) N 3 C 5 = C C = C C = C 5 F,80 92 98 107 116 144 202 227 235 243 251 257 274 277 281 289 293 314 341 355 370 378 389 404 431 441 453 464 504 514 566 571 604 650 670 699 701 724 747 762 775 817 819 873 877 904 910 935 950 984 994 1004 1032 1057 1064 1088 1093 1097 1150 1192 1199 1255 1275 1283 1295 1319 1357 1380 1481 1502 1540 1549 1571 1573 1602 1633 1647 1656 1722 1743 1746 1750 1815 1823 1840 1855 1856 1866 1873 1877 1903 1928 1993 2013 2014 2025
708,C C ( O C ( = O ) C 1 2 C C 3 C C ( C 1 ) C C ( C 3 ) C 2 ) I,1 69 106 130 234 254 283 289 306 314 318 419 485 514 528 566 587 650 661 679 695 724 754 807 833 882 901 926 941 1019 1057 1060 1170 1253 1256 1292 1296 1298 1316 1374 1391 1411 1446 1462 1517 1532 1547 1699 1712 1723 1725 1811 1827 1829 1887 1917 1976 2024 2028
709,C C ( C 1 = C ( C = C S 1 ) Br ) N C 2 = C C = C C ( = C 2 ) C N 3 C C C C 3,1 14 80 131 167 191 257 275 283 286 294 331 387 395 397 418 436 455 480 554 599 611 654 675 690 703 714 723 728 741 744 784 798 802 823 833 866 875 895 926 935 966 997 1001 1002 1028 1039 1057 1066 1088 1102 1112 1152 1153 1154 1191 1244 1295 1356 1363 1380 1420 1422 1468 1480 1483 1567 1627 1631 1709 1712 1750 1754 1765 1771 1791 1847 1873 1948 1956 1958 1998
710,C [C@H] 1 C S C ( = N C 2 = C C = C ( C = C 2 ) Cl ) N 1 C ( = S ) N C C C O C,11 13 18 45 72 80 89 93 97 110 131 157 197 202 216 230 233 269 272 334 398 404 405 417 486 490 554 558 561 652 666 667 675 678 695 725 727 734 761 807 816 820 841 850 870 880 881 926 935 963 990 1005 1019 1057 1070 1128 1152 1162 1176 1205 1222 1287 1288 1297 1309 1336 1380 1391 1418 1455 1470 1484 1494 1500 1548 1586 1590 1636 1662 1667 1683 1696 1750 1751 1784 1791 1827 1828 1854 1870 1873 1876 1902 1911 1977 2007
711,C C O C 1 = C C = C ( C = C 1 ) C 2 = N C ( = C ( O 2 ) N 3 C C C ( C C 3 ) C ) S ( = O ) ( = O ) C 4 = C C = C C = C 4,69 80 102 112 155 203 237 264 272 294 311 319 321 322 335 350 356 372 378 389 407 423 476 509 521 575 621 640 650 656 657 689 695 710 718 720 896 901 915 926 935 945 973 987 995 1000 1019 1047 1055 1057 1063 1088 1092 1107 1130 1148 1151 1160 1190 1191 1199 1238 1243 1247 1304 1309 1325 1334 1379 1380 1389 1429 1447 1452 1476 1480 1528 1571 1578 1604 1622 1675 1704 1726 1733 1742 1748 1750 1806 1855 1873 1916 1944 1955 1956 1998
712,C N ( C ) C 1 = C C = C C 2 = C 1 C = C C = C 2 S ( = O ) ( = O ) N C C C 3 = C C = C C = C 3 O S ( = O ) ( = O ) C 4 = C C = C C 5 = C 4 C = C C = C 5 N ( C ) C,58 80 149 186 192 279 288 310 344 350 356 392 412 414 424 440 449 466 491 502 503 555 580 582 650 667 684 695 732 740 762 801 865 881 914 958 967 992 1004 1019 1037 1039 1057 1060 1088 1103 1151 1152 1158 1163 1184 1199 1200 1216 1243 1274 1280 1285 1296 1319 1349 1354 1357 1362 1380 1410 1471 1476 1499 1573 1597 1603 1626 1639 1671 1676 1700 1721 1750 1762 1766 1829 1860 1862 1873 1877 1885 1901 1970 2002 2007 2008 2018 2033
713,C N 1 C ( = O ) C ( C ( = N C 1 = O ) O C ) ( C C = C ) C C = C,40 48 70 80 117 138 169 211 217 224 255 314 371 378 387 401 424 425 426 507 602 603 633 645 650 694 695 765 775 776 806 841 868 876 927 935 940 987 1023 1024 1057 1060 1064 1145 1197 1346 1366 1380 1445 1455 1480 1535 1536 1637 1645 1659 1674 1700 1705 1716 1754 1800 1838 1848 1909 1937 1951 1976 2002 2031
714,C C C C O C 1 = C C = C ( C = C 1 ) C 2 = N N 3 C ( = O ) / C ( = C / C 4 = C N ( N = C 4 C 5 = C ( C = C ( C = C 5 ) O C C C ) C ) C 6 = C C = C C = C 6 ) / S C 3 = N 2,13 64 68 76 80 102 127 138 162 168 204 249 261 277 281 288 294 303 314 322 323 351 352 373 378 389 395 398 403 412 435 464 504 511 528 591 597 650 675 680 694 695 696 718 729 744 751 791 794 844 860 870 875 896 935 952 961 966 984 1017 1028 1034 1049 1057 1079 1088 1160 1170 1178 1199 1203 1212 1216 1241 1294 1322 1327 1380 1385 1391 1397 1398 1437 1438 1452 1455 1458 1478 1486 1501 1517 1527 1549 1557 1627 1638 1721 1722 1750 1768 1825 1855 1873 1874 1895 1911 1917 1945 1956 2014 2022
715,C ( C O [N+] ( = O ) [O-] ) C C C O,13 16 80 88 135 222 338 429 473 483 541 595 629 650 692 695 715 723 753 761 807 838 843 857 948 995 1112 1123 1130 1133 1143 1152 1163 1228 1234 1249 1280 1374 1422 1490 1538 1591 1608 1671 1732 1784 1831 1857 1911 1914 1955 1963 1976 2012 2032
716,C C C C C C 1 = N N = C ( S 1 ) N C ( = O ) C C C ( = O ) N 2 C C C ( = N 2 ) C 3 = C C = C C = C 3,2 21 41 80 127 137 147 160 162 174 250 251 269 284 286 294 307 378 385 389 442 464 465 495 499 591 629 650 675 707 716 736 794 800 802 807 840 873 926 935 975 991 1009 1044 1056 1057 1088 1111 1117 1129 1152 1160 1164 1172 1184 1199 1242 1243 1265 1380 1382 1444 1461 1480 1513 1518 1530 1560 1564 1578 1707 1738 1750 1759 1792 1816 1856 1873 1874 1888 1911 1917 1934 1953 1973 1998 2026 2044
717,C 1 C N ( C C N 1 C [C@H] ( C O ) O ) C 2 = C C ( = C C = C 2 ) Cl,1 4 35 69 74 80 130 139 165 190 216 222 227 252 271 308 360 386 407 413 418 420 432 462 482 496 519 538 560 561 592 603 624 648 650 687 744 775 782 807 821 846 861 875 881 926 934 935 995 1039 1049 1088 1380 1395 1409 1480 1489 1497 1508 1558 1613 1619 1627 1683 1709 1739 1750 1774 1791 1801 1825 1833 1873 1882 1922 1977 1990 2038 2047
718,C [C@H] ( C C C C ( C ) C ) N 1 C ( = O ) C 2 = C C = C C = C 2 N = C 1 S C C ( = O ) N C,1 41 72 80 107 116 123 145 146 151 249 283 289 314 341 345 378 384 389 406 456 504 597 600 623 650 694 739 747 786 791 796 807 838 843 860 862 864 935 954 993 1010 1057 1083 1088 1097 1122 1152 1179 1180 1199 1220 1240 1243 1256 1302 1307 1341 1357 1380 1419 1430 1442 1467 1506 1540 1542 1573 1590 1595 1610 1618 1637 1640 1750 1756 1781 1840 1847 1855 1860 1873 1911 1917 1959 2013 2028
719,C C O C 1 = C C = C ( C = C 1 ) C 2 = C S C ( = C 2 C ( = O ) O C C ) N C ( = O ) C 3 = C C ( = C C = C 3 ) F,1 50 54 58 69 80 102 124 145 147 175 190 222 230 237 286 293 294 322 340 352 357 406 425 465 486 509 510 526 532 537 552 556 586 590 619 650 675 693 695 699 702 705 718 759 766 767 807 868 875 886 896 911 989 1039 1057 1088 1129 1152 1160 1235 1238 1256 1274 1276 1292 1322 1329 1366 1380 1385 1445 1452 1466 1487 1533 1567 1584 1626 1670 1722 1740 1750 1761 1795 1816 1820 1823 1846 1855 1873 1901 1917 1928 1985
720,O = C 1 N C ( = O ) c 2 c c ( F ) c ( F ) c c 1 2,13 26 116 233 246 256 260 314 352 393 425 456 472 491 521 526 546 562 585 650 693 699 762 875 877 923 928 956 1060 1066 1093 1114 1171 1188 1300 1303 1380 1423 1454 1458 1476 1498 1509 1539 1544 1549 1615 1657 1700 1714 1733 1840 1858 1873 1928
721,C 1 C C C 2 = C ( C 1 ) C ( = O ) C ( = C N 2 ) C ( = O ) N C 3 = C C = C C = C 3,83 85 164 172 191 223 238 277 308 310 314 361 383 389 486 523 525 530 533 650 676 703 799 806 807 838 847 867 926 960 977 997 1028 1051 1056 1072 1077 1088 1114 1152 1197 1199 1201 1276 1370 1380 1391 1462 1478 1491 1515 1534 1669 1734 1738 1750 1816 1873 1879 1917 1944 1978 1991 2010
722,C 1 C [C@@H] 2 [C@@H] 3 [C@@H] ( C C O C 3 = O ) C 4 ( [NH+] 2 C 1 ) C C [NH+] ( C C 4 ) C C 5 = C C = C C = C 5,23 80 118 141 150 167 194 203 248 303 314 389 402 413 441 504 519 527 567 580 594 600 606 650 656 680 718 719 733 926 941 950 1001 1019 1028 1031 1033 1060 1066 1088 1096 1113 1162 1183 1199 1227 1230 1249 1325 1335 1380 1434 1436 1439 1457 1464 1467 1471 1499 1548 1554 1607 1614 1690 1729 1750 1754 1767 1770 1777 1786 1807 1812 1869 1873 1904 1925 1926 1942 1954 2009 2026
723,C [C@@H] 1 [C@@H] ( O C 2 = C C = C C = C 2 O 1 ) C ( = O ) O C C ( = O ) N ( C ) C,20 42 58 61 80 82 89 126 147 288 339 376 379 387 391 405 438 534 543 586 650 656 660 671 686 695 700 709 712 722 750 795 807 829 848 881 897 936 957 960 1000 1019 1036 1037 1057 1088 1152 1163 1199 1224 1238 1258 1293 1303 1309 1311 1324 1329 1352 1380 1417 1443 1450 1481 1494 1560 1581 1612 1625 1653 1659 1692 1750 1761 1789 1810 1822 1856 1873 1875 1883 1900 1905 1910 1917 1943 1957 1963 1971 1985 2004 2010
724,C C 1 = C C = C ( C = C 1 ) N ( C ( = O ) C 2 = C C ( = C C = C 2 ) F ) S ( = O ) ( = O ) C 3 = C C = C C = C 3,39 49 52 111 135 226 230 234 235 279 293 319 344 350 383 389 397 420 445 462 506 511 514 517 524 543 575 582 588 606 650 664 689 699 749 759 776 807 815 840 875 881 926 933 960 1013 1039 1057 1088 1096 1130 1137 1187 1199 1210 1221 1309 1380 1385 1428 1475 1476 1487 1515 1607 1612 1638 1670 1722 1723 1744 1750 1785 1786 1796 1811 1823 1873 1917 1920 1928 1946 1984 1985 1996 2014 2020 2039
725,C C 1 = N C C N ( C 1 = O ) C,5 14 47 75 77 83 125 136 262 270 278 290 313 314 315 333 378 384 391 462 496 525 552 607 619 650 735 769 825 879 881 904 926 935 973 981 1033 1057 1084 1091 1104 1113 1145 1153 1180 1193 1280 1338 1343 1380 1417 1480 1526 1543 1560 1570 1574 1598 1639 1659 1660 1671 1692 1693 1722 1736 1755 1852 1909 1929 1968 1997 2004 2007 2030
726,C O C C O C 1 = C ( C = C 2 C ( = C 1 ) N = C N = C 2 N C 3 = C C ( = O ) C ( = C C 3 = O ) O C 4 = C C = C ( C = C 4 ) C ( = O ) O C ) O C,13 25 80 84 91 145 193 200 225 249 253 314 322 346 378 415 483 486 488 489 491 555 571 577 578 606 628 650 661 663 673 676 690 695 708 718 725 727 747 780 794 807 840 841 875 893 900 906 939 999 1000 1005 1048 1057 1067 1097 1110 1118 1152 1157 1163 1200 1205 1226 1240 1245 1275 1357 1367 1379 1380 1385 1394 1452 1478 1490 1518 1536 1537 1564 1565 1587 1617 1648 1657 1697 1715 1718 1750 1767 1778 1810 1814 1834 1865 1873 1917 1956 1970 1984
727,C C N 1 C C C C 1 C N ( C C 2 = C C 3 = C ( C = C C ( = C 3 ) C ) N C 2 = O ) C ( = O ) N C 4 = C C = C ( C = C 4 ) F,7 12 34 80 86 90 99 110 119 173 181 190 191 193 234 235 294 309 314 417 446 492 507 527 547 557 641 650 699 718 750 781 804 807 808 834 843 875 881 913 919 926 930 935 975 978 980 1013 1019 1028 1038 1057 1076 1077 1107 1114 1152 1213 1214 1236 1289 1325 1333 1349 1351 1358 1367 1380 1410 1427 1440 1441 1449 1480 1481 1485 1512 1515 1523 1552 1566 1582 1606 1670 1676 1700 1714 1722 1725 1745 1750 1816 1817 1823 1854 1855 1858 1863 1873 1898 1909 1917 1928 1939 1991 2022 2034
728,C [C@H] ( C ( = O ) N C 1 = C C ( = C C = C 1 ) Cl ) N C 2 = C C = C ( C = C 2 ) C ( = O ) N C 3 = C C = C ( C = C 3 ) O C,1 37 42 56 144 165 184 191 216 221 283 322 378 399 467 486 557 561 573 592 614 624 634 650 690 695 703 718 751 756 781 782 807 831 841 843 875 951 980 988 989 1039 1052 1057 1077 1088 1128 1132 1152 1213 1221 1234 1243 1283 1380 1385 1386 1419 1430 1436 1437 1531 1532 1536 1662 1664 1665 1680 1683 1697 1750 1795 1816 1849 1873 1892 1917 1957 1978 2000
729,C O C 1 = C C = C C ( = C 1 ) N 2 [C@@H] 3 C S ( = O ) ( = O ) C [C@H] 3 N = C 2 S C C C O C 4 = C C = C C = C 4,13 17 38 80 102 106 116 145 164 207 221 265 315 322 328 341 346 347 374 378 379 389 393 402 428 432 463 469 541 562 575 609 610 646 650 677 686 695 696 724 751 780 781 835 841 854 875 926 935 982 1000 1019 1029 1034 1039 1049 1057 1088 1100 1148 1173 1181 1182 1187 1192 1199 1220 1257 1306 1362 1380 1418 1452 1453 1510 1515 1536 1629 1689 1721 1738 1748 1750 1773 1791 1825 1873 1899 1911 1922 1972 2003
730,O c 1 c ( / C ( = N \ C 2 C C C C C 2 ) / C ) c c c c 1,2 28 29 71 122 139 226 266 272 308 414 443 468 474 489 543 553 563 588 599 602 653 696 725 728 800 807 835 890 926 1012 1017 1019 1028 1032 1057 1058 1079 1088 1123 1199 1211 1239 1302 1325 1380 1394 1447 1530 1558 1559 1563 1589 1595 1602 1607 1638 1653 1707 1716 1750 1755 1777 1831 1865 1873 1948 1970 1991
731,C C 1 ( C 2 C C C ( C 1 C 2 ) C N ( C C 3 ( C C C 4 C 3 ( C C C 5 C 4 6 C = C C 7 ( C 5 ( C C C ( C 7 ) O ) C ) C = C 6 C ( = O ) C 8 = C C 9 = C C = C C = C 9 S 8 ) C ) O ) S ( = O ) ( = O ) C ) C,0 9 11 55 61 80 81 128 151 162 183 195 226 227 240 267 284 311 337 342 350 358 361 419 444 461 478 517 519 528 530 549 555 556 557 590 596 621 629 644 650 651 675 679 692 706 756 757 768 775 787 796 807 813 814 818 827 833 834 836 852 875 878 881 885 900 915 921 926 955 996 997 1019 1057 1060 1063 1070 1081 1082 1087 1088 1129 1143 1146 1154 1162 1173 1188 1199 1216 1217 1242 1252 1257 1267 1274 1292 1324 1325 1328 1338 1340 1362 1380 1386 1436 1448 1476 1510 1554 1571 1581 1639 1667 1681 1689 1750 1762 1766 1771 1788 1850 1855 1868 1871 1873 1914 1917 1954 1955 1964 1980 2043
732,[C@H] 1 ( [C@H] ( [C@@H] ( [C@H] ( [C@H] ( O 1 ) O P ( = O ) ( O P ( = O ) ( O P ( = O ) ( O P ( = O ) ( O C [C@@H] 1 [C@H] ( [C@H] ( [C@@H] ( O 1 ) n 1 c ( = O ) [nH] c ( = O ) c c 1 ) O ) O ) O ) O ) O ) O ) F ) O ) O ) C O,21 22 32 52 75 80 81 109 169 172 173 179 192 222 224 273 308 314 352 393 428 439 454 471 486 516 564 577 610 643 650 656 695 704 706 758 807 810 863 908 935 943 951 980 1006 1019 1020 1025 1080 1099 1101 1114 1124 1133 1135 1136 1162 1176 1229 1234 1246 1257 1323 1370 1379 1380 1392 1401 1438 1487 1516 1517 1522 1535 1551 1571 1611 1612 1644 1696 1704 1716 1732 1745 1750 1764 1825 1838 1843 1844 1873 1878 1902 1921 1928 1929 1954 1977 2000 2039
733,C C 1 = C ( C = C 2 C = C C ( = C C 2 = N 1 ) O C ) C ( = O ) N C 3 = N C ( = C S 3 ) C 4 = C ( C = C C ( = C 4 ) O C ) O C,4 12 92 94 117 142 176 203 246 249 271 279 317 322 342 352 368 378 385 387 393 409 426 433 486 510 552 559 585 611 612 624 650 675 695 702 710 718 781 794 807 821 835 841 846 847 875 913 916 917 941 946 976 980 1042 1057 1096 1097 1102 1106 1136 1152 1185 1186 1214 1260 1264 1272 1298 1309 1336 1367 1380 1417 1420 1480 1536 1554 1567 1594 1604 1605 1612 1665 1696 1722 1739 1750 1779 1816 1817 1833 1855 1873 1917 1937 1965 1970 1972 1991
734,C C 1 = C C ( = C C ( = C 1 C [C@@H] ( C ( = O ) N 2 C C C 3 = C C = C C = C 3 [C@H] 2 C ( = O ) N C ( C C ( = O ) O ) C 4 = N C 5 = C C = C C = C 5 N 4 ) N ) C ) O,1 35 54 79 80 92 108 109 117 119 145 167 171 180 241 242 246 266 269 281 289 291 314 343 371 378 389 403 419 487 495 535 538 570 573 577 630 632 650 651 662 671 689 729 745 767 772 777 786 797 807 828 831 875 886 887 926 934 935 1019 1027 1035 1036 1057 1062 1066 1077 1086 1088 1097 1102 1114 1141 1152 1158 1171 1180 1194 1199 1233 1236 1249 1290 1293 1360 1380 1391 1403 1404 1408 1428 1429 1445 1451 1480 1543 1565 1602 1623 1627 1708 1722 1737 1738 1745 1750 1754 1778 1783 1835 1848 1849 1852 1855 1873 1888 1906 1915 1917 1938 2032 2034
735,C C ( C ( = O ) N ( C ) C C 1 = C C = C C = C 1 ) S C 2 = N N C ( = N 2 ) C 3 = C C = C C = C 3,1 62 74 80 116 124 143 146 237 266 283 304 310 323 334 351 378 389 404 427 451 460 465 499 507 568 623 650 654 679 723 736 739 787 802 807 881 882 976 979 1025 1057 1066 1086 1088 1114 1144 1147 1160 1162 1163 1199 1217 1267 1380 1382 1448 1507 1511 1520 1564 1609 1615 1629 1681 1686 1698 1743 1750 1754 1785 1791 1855 1857 1873 1917 1942 1943 2004 2005 2010
736,C 1 = C C = N C ( = C 1 ) C 2 = N N = C 3 N 2 N = C ( C = C 3 ) C 4 = C C ( = C C = C 4 ) N C ( = O ) C O C 5 = C C ( = C ( C = C 5 Cl ) Cl ) Cl,7 14 41 49 80 115 167 184 191 192 202 250 301 305 366 370 378 399 412 448 494 500 561 650 671 695 703 733 736 793 806 807 815 819 827 855 875 887 892 901 922 934 935 947 980 984 1025 1039 1048 1088 1110 1122 1152 1155 1160 1164 1187 1199 1279 1351 1362 1380 1447 1452 1464 1491 1508 1554 1612 1633 1645 1648 1683 1697 1722 1739 1750 1815 1816 1851 1863 1866 1873 1883 1896 1917 1951 1956 1961 1967 1970 1972 1985 2004 2015
737,C 1 = C C = C ( C = C 1 ) C ( = O ) C C ( C 2 = C C ( = C C = C 2 ) Cl ) C 3 = C C = C N 3,1 79 80 91 99 112 125 136 150 156 165 171 213 216 222 229 265 267 301 346 389 394 450 517 522 531 561 592 617 650 761 806 807 827 875 947 986 1039 1088 1101 1114 1174 1199 1250 1290 1293 1300 1365 1380 1385 1398 1402 1404 1427 1444 1446 1456 1487 1502 1503 1506 1563 1581 1589 1618 1636 1683 1693 1721 1750 1751 1752 1760 1795 1818 1830 1844 1873 1884 1917 1985 2008 2018
738,C C ( C ) C C C 1 = N N C 2 = C 1 C N ( C C 2 ) C ( = O ) / C = C / C 3 = C N ( N = C 3 ) C,1 31 43 55 58 63 74 80 90 105 142 156 170 224 247 254 257 283 327 345 361 367 378 406 441 458 464 516 632 650 676 694 719 739 754 783 807 816 835 861 872 894 926 935 1007 1057 1073 1085 1102 1114 1145 1194 1243 1251 1279 1308 1380 1393 1454 1467 1480 1481 1489 1535 1609 1636 1682 1699 1738 1762 1788 1830 1836 1839 1847 1860 1873 1881 1897 1912 1913 1914 1917 1941 1946 1963 2004 2009 2032 2033
739,C [C@@H] ( C ( = O ) O C ) S C 1 = N N 2 C = C C = N C 2 = N 1,1 54 62 75 116 117 147 187 229 252 269 283 316 378 406 436 439 448 477 500 547 558 603 611 619 633 650 657 695 728 796 807 816 817 841 861 903 935 1005 1019 1022 1027 1057 1086 1088 1101 1123 1152 1162 1331 1338 1358 1380 1434 1439 1452 1465 1507 1511 1516 1550 1571 1623 1772 1811 1855 1866 1873 1885 1899 1912 1917 1956 1973 1979 1994
740,C C ( C ) C ( C ( = O ) N C C ( = O ) N C ( C C 1 = C N = C N 1 ) C ( = O ) O ) N C ( = O ) C ( C C C N = C ( N ) N ) N,1 41 79 80 89 94 117 140 144 166 188 197 240 283 351 378 389 401 410 411 412 483 493 507 524 543 573 599 650 669 713 725 730 736 739 760 780 786 798 806 807 808 849 851 875 890 892 963 973 978 1015 1018 1026 1057 1088 1110 1114 1118 1152 1160 1171 1262 1351 1380 1417 1440 1444 1521 1530 1535 1540 1575 1603 1621 1624 1639 1715 1744 1773 1793 1844 1849 1865 1873 1891 1895 1911 1917 1925 1926 1935 1941 1942 1950 1951 2004
741,C C [N+] 1 ( C C N ( C C 1 ) C ( C 2 C C C C C C 2 ) C 3 = C C = C C = C 3 ) C,1 2 80 106 142 187 192 264 294 360 368 389 426 432 508 535 542 563 621 678 729 767 866 890 897 914 917 926 935 956 1000 1019 1028 1049 1050 1057 1088 1141 1186 1199 1265 1308 1325 1365 1380 1478 1480 1499 1540 1556 1564 1581 1599 1611 1634 1665 1745 1750 1762 1849 1873 1894 1916 1921 1946 1957 1974 1978 1985 1997 2003 2015
742,C [C@H] 1 C C C [C@@H] ( N 1 C ( = O ) C N 2 N = C ( N = N 2 ) C 3 = C C = C ( C = C 3 ) C ( C ) C ) C,1 15 18 80 83 168 206 215 247 283 305 316 347 378 421 438 493 501 522 558 561 565 590 598 600 614 636 650 698 699 734 741 752 790 807 808 813 896 903 926 935 969 1009 1010 1019 1028 1039 1057 1063 1075 1160 1164 1216 1236 1240 1267 1283 1284 1309 1312 1317 1325 1365 1380 1385 1416 1442 1569 1598 1715 1750 1783 1804 1813 1825 1849 1850 1853 1859 1873 1881 1917 1938 1956 1984 1995
743,C C ( C ) ( C ) C ( = O ) N 1 C ( = N C ( = N 1 ) C 2 = C C = C O 2 ) N C C 3 = C C ( = C ( C = C 3 ) O C ) O C,26 39 51 80 83 94 114 121 124 140 142 145 157 249 255 270 310 366 378 392 421 424 474 538 539 568 589 619 647 650 656 695 712 724 729 730 787 807 811 841 847 875 935 994 1009 1027 1057 1075 1088 1114 1120 1152 1193 1229 1233 1245 1251 1255 1265 1314 1322 1333 1348 1380 1385 1416 1448 1463 1483 1536 1555 1581 1598 1644 1649 1683 1688 1731 1750 1754 1777 1779 1805 1811 1851 1855 1865 1873 1900 1915 1917 1926 1937 1946 1956 1962 1970 1994 2001 2004 2011 2023
744,C N 1 C = N N = C 1 S C C ( = O ) N C 2 = C C = C ( C = C 2 ) C ( = O ) N 3 C C C [C@H] ( C 3 ) C 4 = N C 5 = C C = C C = C 5 S 4,8 41 60 80 82 116 162 174 191 195 198 204 239 241 281 289 336 341 369 378 384 444 446 451 461 493 497 531 557 574 650 675 692 729 739 747 778 784 807 842 843 850 853 885 899 901 924 926 932 935 941 980 992 1019 1028 1034 1057 1077 1079 1088 1097 1129 1145 1152 1164 1169 1197 1199 1235 1289 1313 1325 1334 1345 1380 1385 1409 1434 1455 1480 1504 1505 1506 1511 1579 1580 1589 1590 1613 1637 1643 1658 1684 1697 1712 1750 1771 1776 1816 1834 1835 1855 1859 1873 1917 1943 1959 1973 1988 2000 2009 2010 2025 2033
745,C [C@@H] 1 C C 2 = C ( O 1 ) C 3 = C ( C ( = C C ( = C 3 ) O C ) O C ) C ( = O ) C 2 = O,9 20 26 28 36 44 65 77 107 119 138 156 168 206 231 249 311 314 322 345 352 409 447 483 501 526 609 635 650 656 695 750 781 841 856 875 891 926 931 970 1019 1032 1057 1070 1072 1085 1098 1110 1153 1157 1185 1218 1219 1287 1309 1327 1344 1369 1380 1446 1454 1476 1485 1530 1536 1606 1686 1722 1747 1772 1789 1814 1869 1873 1970 1972 1973 1986 2002 2003 2018 2039
746,C C ( C 1 = C C = N C = C 1 ) N C ( = O ) C C 2 = C C = C ( C = C 2 ) F,1 7 27 41 62 68 80 90 95 117 255 258 283 296 310 322 325 356 378 382 383 389 391 400 552 561 650 691 699 730 733 744 807 846 862 882 913 919 928 934 952 1049 1057 1086 1113 1152 1206 1208 1209 1210 1355 1365 1380 1410 1463 1470 1477 1537 1582 1594 1603 1627 1640 1670 1674 1692 1695 1730 1750 1754 1791 1797 1860 1866 1873 1906 1917 1928 1929 1968
747,C N 1 C = C 2 C = C C = C ( C 2 = N 1 ) N C ( = O ) / C = C / C 3 = C C ( = C ( C = C 3 ) O C ) O,25 28 31 40 42 82 86 94 95 106 177 245 249 278 304 315 327 351 378 459 464 469 518 567 650 694 695 716 721 731 788 807 835 841 870 875 901 935 985 986 992 1002 1010 1015 1039 1057 1079 1081 1087 1088 1145 1152 1180 1181 1224 1257 1265 1268 1308 1316 1322 1346 1380 1387 1443 1510 1536 1537 1540 1566 1575 1602 1606 1607 1621 1639 1640 1657 1696 1724 1735 1740 1750 1751 1762 1763 1774 1815 1816 1846 1853 1855 1873 1878 1884 1904 1917 1921 1956 1970 2008 2033 2035 2041
748,C C 1 = C ( C ( = C ( N = C 1 C 2 = C ( C = C ( C = C 2 ) Cl ) Cl ) N ) C # N ) C 3 = C ( C = C ( C = C 3 ) Cl ) Cl,60 99 115 125 127 136 162 165 190 213 216 239 252 286 320 323 339 349 352 358 366 378 383 428 467 482 502 537 555 557 561 662 674 680 709 762 790 816 853 858 860 875 965 1033 1052 1056 1057 1136 1149 1171 1209 1229 1237 1239 1245 1260 1333 1378 1380 1384 1388 1419 1428 1457 1459 1470 1487 1597 1632 1640 1680 1683 1700 1709 1722 1727 1747 1750 1781 1828 1855 1873 1877 1890 1962 1982 1984 2022 2041
749,C C ( C ) ( C ) O C ( = O ) N C C C ( = O ) N = C 1 N ( [C@H] 2 C S ( = O ) ( = O ) C [C@H] 2 S 1 ) C 3 = C ( C = C ( C = C 3 ) O C ) O C,30 80 106 111 114 121 169 182 197 207 231 249 250 265 291 296 310 322 342 363 365 392 410 469 508 513 518 532 569 578 635 650 657 667 668 675 695 708 711 718 725 763 781 807 823 841 853 867 875 890 895 912 926 935 940 958 980 991 1019 1040 1057 1059 1133 1148 1152 1157 1158 1280 1295 1362 1380 1412 1427 1443 1452 1490 1506 1536 1540 1564 1574 1629 1636 1689 1691 1746 1750 1758 1763 1772 1773 1816 1850 1859 1873 1900 1915 1917 1922 1959 1970 1972 1997 2003 2031
750,C 1 C N C C N ( C 1 ) N ( C C C 2 C 3 = C C = C C = C 3 C C O 2 ) C ( = O ) C 4 = C C = C C = C 4,80 140 148 177 225 295 305 349 363 371 389 480 540 560 587 599 616 624 628 634 647 650 656 675 685 743 802 807 812 820 829 832 839 852 855 881 926 935 936 950 953 959 960 984 1005 1019 1022 1027 1028 1071 1072 1080 1081 1088 1095 1109 1112 1114 1131 1142 1199 1221 1234 1236 1245 1255 1283 1294 1304 1308 1372 1380 1385 1389 1404 1445 1452 1463 1480 1496 1516 1523 1547 1557 1698 1702 1708 1738 1750 1758 1766 1778 1780 1787 1873 1917 1921 1947 1951 1958 1985 1997 2020
751,C C ( C ) ( C ) N 1 C ( = N N = N 1 ) [C@H] ( C 2 = C C 3 = C ( C = C C ( = C 3 ) O C ) N C 2 = O ) N 4 C C C ( C C 4 ) O,1 74 77 114 119 147 164 186 237 257 266 279 285 314 322 378 392 408 456 461 488 511 539 590 598 629 631 647 650 695 700 709 716 718 738 750 781 794 806 807 835 841 863 875 923 926 935 988 1019 1034 1057 1063 1108 1114 1140 1144 1164 1174 1179 1182 1198 1201 1207 1227 1257 1265 1283 1319 1325 1333 1359 1364 1377 1380 1480 1500 1536 1540 1565 1628 1651 1695 1700 1745 1750 1756 1772 1783 1788 1790 1800 1812 1817 1854 1855 1873 1939 1972 2023
752,C C ( = O ) C C C 1 = C C = C ( C = C 1 ) O C C ( = O ) N C 2 = C C ( = C ( C = C 2 ) C # N ) Cl,11 41 80 102 167 176 184 191 192 194 226 236 239 310 314 322 361 366 524 561 650 656 674 682 695 718 758 764 768 790 799 807 843 850 859 875 901 931 1017 1045 1057 1074 1085 1090 1136 1152 1205 1242 1243 1261 1353 1370 1380 1384 1452 1457 1530 1542 1550 1564 1581 1612 1683 1711 1750 1754 1763 1816 1837 1843 1862 1873 1887 1888 1917 2004 2012 2024
753,C C 1 = C ( C ( C ( = C ( N 1 ) C ) C ( = O ) O C C C C 2 = C C = C ( C = C 2 ) O C C 3 C O C ( O 3 ) ( C ) C ) C 4 = C C ( = C C = C 4 ) [N+] ( = O ) [O-] ) C ( = O ) O C,13 39 42 72 80 102 145 147 162 171 198 202 292 310 320 322 359 436 444 497 503 573 578 650 656 695 711 715 718 749 753 807 838 841 861 871 875 878 885 906 912 920 926 965 970 978 998 1005 1017 1019 1039 1045 1057 1060 1070 1088 1113 1114 1120 1136 1152 1167 1171 1183 1195 1243 1274 1279 1300 1306 1321 1338 1351 1380 1391 1408 1422 1442 1452 1464 1487 1508 1509 1592 1610 1637 1639 1651 1663 1693 1697 1706 1722 1734 1750 1754 1778 1780 1809 1856 1857 1862 1870 1873 1909 1911 1917 1923 1936 1940 1963 2002 2011
754,C C 1 = C C ( = C C ( = C 1 Cl ) C ) O C 2 = N C = N C ( = C 2 N ) N ( C C O C ) C C O C,13 24 80 124 163 189 202 213 231 259 270 275 278 304 322 340 378 381 401 415 447 466 486 489 511 539 561 627 636 637 683 695 751 771 788 819 832 841 875 881 898 935 947 982 1000 1005 1011 1022 1057 1086 1102 1107 1171 1182 1225 1322 1380 1391 1402 1452 1454 1457 1526 1577 1579 1617 1683 1687 1693 1722 1786 1810 1845 1873 1932 1951 1957 1978 1994 2006 2013 2020
755,C 1 = C C = C ( C = C 1 ) C N 2 C = C C ( = O ) N ( C 2 = O ) C C ( = O ) N C 3 = C C = C C ( = C 3 ) C ( F ) ( F ) F,41 43 80 82 114 117 146 150 184 191 208 211 244 278 314 354 389 397 409 504 543 650 657 703 719 742 771 802 807 809 824 875 883 901 903 935 990 999 1002 1003 1039 1045 1066 1088 1091 1101 1141 1152 1199 1215 1228 1256 1260 1261 1284 1291 1307 1312 1317 1380 1385 1417 1436 1453 1455 1460 1479 1522 1538 1668 1679 1681 1683 1750 1754 1755 1765 1816 1817 1827 1831 1839 1841 1849 1851 1873 1917 1928 1945 1994 2017 2046
756,C C 1 = C C ( = C ( S 1 ) C ) C ( = O ) C S C 2 = N N = C ( O 2 ) C 3 = C C ( = C C = C 3 ) S ( = O ) ( = O ) N 4 C C O C C 4,54 65 80 81 82 91 103 113 116 130 159 162 181 192 199 205 215 252 313 319 332 341 343 350 366 375 378 383 396 403 415 449 523 550 561 573 575 585 602 650 656 675 680 696 717 721 736 752 757 792 800 807 814 816 821 842 860 875 891 894 908 926 935 950 979 1039 1042 1047 1057 1088 1127 1160 1164 1185 1193 1204 1205 1211 1380 1384 1393 1405 1412 1441 1450 1472 1476 1480 1553 1554 1604 1664 1693 1703 1722 1729 1750 1761 1814 1834 1835 1873 1881 1882 1884 1917 1939 1959 1991 1993 2012 2024
757,N 1 ( [C@@H] ( C C = C ( [C@@H] 1 c 1 c c c c ( c 1 ) Cl ) C ( = O ) O ) c 1 c c c ( c c 1 ) F ) S ( = O ) ( = O ) c 1 c c c ( c c 1 ) C,5 64 71 90 111 150 153 158 165 168 216 233 235 240 243 249 305 314 319 321 350 356 366 374 388 389 456 471 503 561 566 592 593 598 620 636 650 678 682 699 707 715 728 753 800 807 813 819 866 874 875 884 926 935 957 979 1019 1039 1057 1088 1095 1137 1153 1154 1158 1161 1196 1227 1252 1279 1285 1312 1343 1349 1377 1380 1410 1427 1434 1476 1498 1528 1529 1569 1663 1670 1683 1701 1702 1722 1727 1731 1740 1750 1781 1797 1803 1817 1823 1828 1873 1901 1917 1920 1928 1992
758,C C 1 = C ( C = C C ( = C 1 ) C ( = C 2 [C@@H] ( N ( C ( = O ) C 2 = O ) C C C N ( C ) C ) C 3 = C C ( = C ( C = C 3 ) O C C = C ) O C ) O ) O C,22 57 80 87 94 150 173 227 249 277 279 314 329 355 389 411 424 471 492 527 537 574 579 589 590 650 652 693 694 695 730 731 751 807 824 841 875 879 881 907 931 935 940 946 955 983 1001 1003 1019 1057 1130 1145 1163 1167 1168 1172 1245 1250 1262 1279 1355 1366 1380 1385 1391 1420 1427 1440 1452 1474 1476 1478 1481 1520 1536 1539 1587 1629 1645 1662 1697 1722 1724 1750 1775 1803 1809 1873 1874 1882 1893 1911 1924 1951 1955 1970 1977 1981 2040
759,C 1 = C O C ( = C 1 ) C [NH2+] [C@H] ( C ( Cl ) ( Cl ) Cl ) N C ( = O ) C 2 = C C = C O 2,1 58 61 62 80 114 117 132 175 178 189 214 282 290 309 316 321 333 413 444 456 463 474 480 485 486 505 580 614 615 621 650 656 691 698 725 752 763 785 787 797 803 807 816 1027 1060 1066 1088 1134 1152 1180 1183 1211 1233 1243 1260 1274 1368 1378 1380 1402 1466 1518 1601 1604 1606 1654 1683 1702 1719 1750 1754 1798 1866 1873 1904 1917 1926 1934
760,C C C ( C 1 = N C 2 = C C = C C = C 2 C ( = O ) N 1 C 3 = C C = C ( C = C 3 ) O C ) N ( C C C O C ) C ( = O ) C 4 = C C = C ( C = C 4 ) Br,1 11 13 25 27 58 70 80 107 117 127 143 145 148 151 191 213 219 231 233 250 289 294 314 322 333 340 378 389 404 486 487 504 538 554 585 587 614 620 624 650 695 718 728 731 734 781 807 831 840 841 881 909 935 966 969 1005 1018 1057 1062 1068 1088 1097 1098 1100 1110 1135 1157 1199 1221 1268 1331 1357 1359 1380 1385 1387 1438 1445 1474 1502 1524 1536 1544 1573 1577 1583 1602 1608 1631 1649 1697 1718 1750 1787 1788 1806 1811 1815 1825 1838 1855 1861 1873 1895 1911 1917 1949 1951 1993 2014
761,C C 1 = C C ( = C ( N 1 C 2 = C C = C ( C = C 2 ) F ) C ) C ( = O ) C N 3 C ( = O ) C ( N C 3 = O ) ( C ) C,58 80 87 90 98 101 123 126 233 254 255 257 273 274 287 314 350 387 437 581 588 650 699 787 795 807 840 867 875 878 883 884 886 935 1001 1007 1042 1057 1060 1078 1111 1114 1130 1147 1165 1193 1219 1239 1274 1308 1312 1380 1410 1504 1511 1527 1537 1587 1670 1693 1694 1722 1750 1766 1772 1825 1850 1873 1915 1917 1928 1942 1991 1993 2019 2031
762,C 1 C O C C N 1 C 2 = N C = C ( C = C 2 ) C ( = O ) N C C N C 3 = C ( C = C ( C = N 3 ) Cl ) Cl,8 44 70 80 119 160 184 187 197 216 217 265 267 281 288 324 337 342 366 370 373 378 392 407 426 475 486 523 527 546 561 568 615 624 635 649 650 656 667 708 784 807 808 844 875 926 935 950 1014 1016 1044 1048 1073 1152 1164 1175 1209 1214 1224 1243 1256 1259 1318 1322 1329 1370 1380 1385 1405 1407 1416 1439 1441 1452 1480 1517 1535 1593 1683 1690 1697 1717 1750 1768 1782 1784 1821 1828 1873 1890 1903 1917 1926 1990
763,C 1 = C C = C ( C = C 1 ) C 2 = C ( C ( = O ) C 3 = C C = C C = C 3 S 2 ) C O,13 29 80 131 162 181 222 296 302 307 314 322 338 348 389 418 461 464 487 490 525 572 650 670 675 722 736 754 769 807 808 837 845 876 885 900 918 948 992 1021 1048 1063 1066 1088 1092 1100 1129 1160 1199 1203 1279 1326 1346 1355 1357 1372 1380 1428 1441 1472 1573 1584 1594 1649 1651 1654 1708 1735 1744 1750 1752 1763 1769 1806 1873 1877 1891 1977 2034 2037
764,C O [Si] ( C C [Si] ( C C [Si] ( O C ) O C ) C C [Si] ( O C ) O C ) O C,37 80 96 133 137 254 255 301 331 348 370 391 395 446 493 497 527 538 564 597 598 625 638 650 695 713 807 841 861 928 946 1022 1034 1046 1057 1075 1106 1162 1188 1352 1370 1449 1466 1519 1557 1581 1611 1681 1714 1731 1788 1823 1989
765,C C 1 = C 2 C ( = C ( C = C 1 ) C ) S C ( = N 2 ) N ( C C N 3 C C O C C 3 ) C ( = O ) C 4 = C C = C ( C = C 4 ) S C,15 38 80 92 109 116 131 162 236 253 272 290 320 360 378 394 486 523 547 565 587 650 656 675 677 702 707 783 791 807 809 811 881 922 926 935 950 959 964 971 977 991 1010 1054 1057 1106 1145 1163 1166 1221 1255 1308 1344 1363 1376 1380 1381 1385 1391 1405 1441 1442 1480 1482 1485 1501 1513 1624 1639 1662 1691 1697 1706 1722 1723 1724 1750 1782 1791 1849 1855 1873 1877 1903 1917 1942 1951
766,C [C@@H] 1 [C@H] ( O 1 ) / C = C / C ( = O ) O C,31 43 153 200 217 225 230 365 468 470 498 506 539 542 568 583 619 650 656 683 690 694 695 722 755 773 807 841 886 907 949 956 979 983 1019 1052 1057 1073 1149 1152 1196 1198 1208 1228 1309 1344 1381 1387 1393 1396 1437 1445 1450 1487 1525 1596 1598 1601 1608 1638 1647 1689 1731 1736 1858 1877 1902 1903 1917 1921 2021
767,C C 1 = C C ( N ( C 2 = C 1 C = C ( C = C 2 ) O C ( = O ) C N 3 C ( = O ) [C@H] 4 C C C C [C@@H] 4 C 3 = O ) C ( = O ) C N 5 C ( = O ) [C@@H] 6 C C C C [C@@H] 6 C 5 = O ) ( C ) C,5 8 16 47 70 80 148 184 204 249 250 285 287 294 314 322 332 352 368 455 464 469 535 555 556 570 575 579 588 623 629 644 650 656 668 695 718 750 807 827 875 879 887 890 908 926 935 950 951 1009 1013 1019 1028 1057 1060 1120 1144 1176 1185 1228 1248 1273 1274 1295 1312 1325 1350 1380 1386 1388 1447 1502 1672 1722 1729 1750 1768 1823 1855 1861 1873 1886 1915 1917 1948 1963 1970 2014
768,C C 1 ( C ( = C ( C 1 = O ) C 2 = C C = C C = C 2 ) O C ) O,51 105 235 240 314 326 354 368 387 389 429 522 524 533 559 570 574 587 650 652 658 695 701 704 736 739 807 841 990 999 1032 1036 1057 1060 1088 1154 1160 1199 1243 1274 1296 1319 1365 1380 1408 1418 1419 1536 1567 1582 1594 1598 1599 1645 1665 1688 1744 1750 1825 1830 1852 1873 1892 1968 2031 2033
769,C C C ( C ) C 1 = C C = C ( C = C 1 ) N C ( = O ) C N 2 C C N ( C C 2 ) C 3 = C C = C C = C 3 O,1 41 74 80 111 158 191 231 237 260 277 283 294 297 347 369 372 403 407 416 497 502 514 570 623 650 666 708 714 718 807 809 824 843 898 901 926 935 981 1002 1057 1077 1088 1139 1152 1184 1192 1199 1280 1284 1288 1292 1295 1312 1365 1368 1380 1403 1419 1423 1480 1502 1508 1521 1544 1553 1562 1565 1591 1602 1607 1608 1647 1692 1693 1721 1730 1750 1752 1791 1816 1831 1853 1873 1917 1920 1974 2035
770,C C ( C ) ( C ) C 1 C ( N = C O 1 ) C 2 = C C = C C = C 2,1 10 34 62 82 114 145 183 221 224 241 378 386 389 392 411 422 440 441 462 521 536 603 621 656 687 706 773 795 808 817 860 881 901 917 931 996 1019 1036 1047 1057 1088 1199 1279 1300 1357 1380 1407 1450 1499 1573 1603 1614 1618 1663 1750 1810 1846 1873 1889 1951 1974 1989 2041
771,C C ( C ) C ( C ( = O ) N C ( C ) C ( = O ) O ) N C ( = O ) C ( C C C N = C ( N ) N ) N C ( = O ) C 1 C C C N 1,1 40 71 80 117 129 140 144 186 215 280 283 305 311 334 351 362 389 457 507 573 650 689 725 736 739 742 767 784 798 807 835 837 915 926 954 978 989 1014 1015 1019 1028 1057 1064 1110 1114 1118 1124 1143 1152 1170 1171 1220 1246 1299 1325 1330 1342 1393 1460 1507 1530 1531 1541 1571 1618 1626 1651 1691 1710 1736 1744 1773 1844 1895 1907 1911 1912 1917 1926 1973 2004
772,C C O C 1 = C C 2 = C ( C = C 1 ) N = C ( S 2 ) N C ( = O ) C N 3 C ( = O ) C 4 C C C C C 4 C 3 = O,5 7 15 41 69 80 103 138 162 228 237 294 314 317 322 378 385 406 434 455 459 478 493 535 537 557 588 617 636 637 650 665 675 695 716 718 740 754 802 807 841 875 879 885 890 926 935 961 1019 1028 1057 1083 1097 1104 1152 1156 1180 1238 1284 1294 1296 1306 1312 1325 1336 1349 1380 1393 1435 1439 1447 1452 1501 1508 1566 1615 1643 1666 1669 1750 1759 1766 1789 1816 1817 1855 1873 1886 1917 1969
773,C C O C C O P ( = O ) ( C ) O C C O C C,13 19 31 66 80 120 140 192 216 245 250 294 329 342 387 438 486 487 547 586 605 609 615 650 695 892 947 983 1018 1040 1057 1058 1095 1141 1161 1187 1238 1273 1274 1283 1336 1386 1512 1526 1594 1631 1649 1669 1716 1739 1763 1769 1773 1831 1840 1854 1858 1865 1970 1983 1992
774,C C C [C@@H] ( C ( = O ) S ) N C ( = O ) C,1 64 80 101 117 141 189 225 229 233 241 245 247 294 327 404 650 714 736 739 744 772 787 793 794 797 798 807 917 988 1004 1017 1056 1057 1152 1153 1178 1204 1230 1286 1287 1450 1468 1469 1585 1619 1644 1656 1700 1701 1725 1729 1781 1813 1814 1815 1824 1837 1862 1864 1889 1898 1917 1964 2022
775,C C 1 2 C C 3 C 1 C 2 ( C C 3 O ) C,7 56 72 80 94 218 274 280 352 357 372 393 408 425 464 622 633 679 684 733 765 802 807 808 849 861 880 894 926 951 952 1019 1025 1057 1060 1083 1138 1257 1274 1285 1292 1309 1333 1341 1365 1369 1427 1429 1436 1485 1534 1604 1777 1820 1827 1837 1938 1947 1950 1971 2000 2031
776,C C O C ( = O ) [C@@] ( C ( F ) ( F ) F ) ( N C ( = O ) N C 1 = C C ( = C C = C 1 ) F ) O C 2 = C C = C C = C 2,8 21 37 39 59 70 77 80 114 144 146 147 184 187 191 230 233 260 294 314 317 322 354 389 393 466 532 544 548 562 563 585 604 634 650 684 695 699 703 725 807 818 875 883 893 953 988 1008 1017 1039 1057 1070 1081 1088 1151 1152 1155 1189 1199 1209 1238 1312 1331 1380 1424 1453 1461 1487 1556 1561 1569 1600 1625 1670 1671 1681 1690 1722 1750 1753 1769 1771 1787 1809 1816 1873 1875 1885 1917 1928 1989 1990
777,C ( C C ( = O ) N [C@@H] ( C S C C ( F ) ( F ) F ) C ( = O ) N C C ( = O ) O ) [C@@H] ( C ( = O ) O ) N,1 32 41 48 65 75 80 114 116 117 173 174 180 197 199 213 225 235 268 287 289 321 339 351 356 371 383 389 390 457 463 553 573 599 604 650 714 736 739 756 786 807 875 895 900 953 1028 1030 1057 1093 1128 1152 1171 1180 1213 1291 1307 1358 1383 1406 1427 1440 1452 1453 1524 1538 1551 1564 1575 1737 1791 1844 1846 1849 1856 1888 1917 1928 1932
778,C C C ( C ( = O ) N / N = C / C 1 = C C ( = C C = C 1 ) O C ) N C 2 = C C = C ( C = C 2 ) Br,1 16 78 80 176 191 193 199 225 276 294 309 318 322 405 458 466 468 502 534 561 562 573 590 607 650 661 683 690 693 694 695 703 725 728 736 781 801 807 814 818 841 843 844 864 875 909 915 924 928 1037 1039 1057 1088 1089 1103 1152 1155 1157 1259 1353 1380 1411 1536 1544 1551 1589 1631 1649 1650 1682 1694 1750 1812 1832 1835 1837 1867 1873 1898 1917 1957 1967 1972 1985 1988 2001 2017 2033
779,C 1 [C@H] ( [C@H] ( [C@@H] ( [C@H] ( [C@@H] 1 O C C 2 = C C = C C = C 2 ) O C C 3 = C C = C C = C 3 ) O C C 4 = C C = C C = C 4 ) O ) O C C 5 = C C = C C = C 5,17 21 53 80 90 104 109 131 154 271 327 347 378 389 435 450 487 495 497 510 519 547 572 585 627 654 695 712 721 745 798 807 823 834 926 980 1018 1019 1022 1038 1066 1088 1132 1199 1257 1292 1368 1380 1387 1472 1487 1494 1496 1523 1540 1570 1589 1596 1629 1631 1646 1685 1750 1754 1791 1797 1802 1841 1873 1875 1881 1950 1971 1977 1991 1992 2042
780,C C 1 = C C = C ( C = C 1 ) N C ( = O ) C N C ( = O ) C N ( C 2 C C 2 ) C ( = O ) C 3 C C C C C 3,2 22 41 80 131 155 191 197 235 356 395 404 452 473 479 495 524 547 604 650 654 667 698 744 780 802 807 809 836 843 874 881 890 901 926 974 980 1019 1028 1029 1057 1059 1077 1087 1104 1107 1121 1128 1152 1154 1186 1190 1301 1312 1325 1348 1380 1432 1440 1481 1504 1508 1537 1598 1656 1659 1715 1722 1737 1750 1816 1823 1824 1873 1917 1920 1922 2013
781,C = C 1 C = C ( C = C C 1 O ) C ( F ) ( F ) F,1 2 35 84 91 114 134 190 224 257 273 293 296 327 353 360 386 392 421 447 448 513 547 548 598 664 680 704 771 778 807 809 814 922 931 944 959 961 1008 1019 1060 1083 1192 1195 1199 1202 1208 1257 1274 1312 1336 1365 1366 1380 1396 1446 1453 1460 1466 1605 1716 1728 1771 1779 1807 1818 1843 1849 1873 1883 1910 1928 1947 2010 2043
782,C 1 C C ( = O ) N ( C 1 ) N 2 C = C C = C 2,5 17 21 35 82 85 93 97 179 207 285 314 363 384 391 418 459 460 462 464 519 546 586 606 635 646 650 682 693 745 798 838 843 926 935 936 942 946 975 993 1028 1088 1101 1138 1177 1182 1269 1290 1373 1380 1433 1480 1483 1486 1576 1586 1650 1738 1873 1894 1928 1930 1953 1969 1974 2003 2018 2035 2041
783,C C ( C ) ( C ) O C ( = O ) N C C C ( = O ) O C C ( = O ) N C 1 = C C ( = C ( C ( = C 1 ) O C ) O C ) O C,40 41 58 70 80 84 114 119 134 147 167 191 197 209 231 244 249 264 282 333 363 381 392 462 563 584 650 667 670 677 695 702 715 756 758 776 778 793 807 841 865 873 875 901 944 1040 1041 1045 1057 1147 1152 1157 1182 1213 1245 1280 1333 1338 1370 1380 1386 1410 1431 1472 1499 1530 1536 1555 1564 1567 1574 1599 1647 1656 1691 1735 1741 1758 1816 1834 1858 1859 1873 1892 1917 1970 2004 2020 2030
784,C C 1 C C C C N 1 C C N C ( = O ) C 2 = C C ( = C C = C 2 ) O C 3 C C N ( C C 3 ) C C ( C 4 = C C = C C = C 4 ) C 5 = C C = C C = C 5,1 8 18 39 52 53 75 80 119 197 265 301 322 332 363 380 389 486 524 526 557 562 586 595 597 613 633 650 667 695 734 745 807 875 888 890 895 926 935 936 939 941 959 968 987 1019 1028 1039 1057 1088 1145 1152 1163 1199 1261 1309 1325 1365 1380 1384 1385 1386 1469 1480 1489 1504 1531 1549 1567 1569 1571 1581 1659 1714 1724 1743 1750 1791 1804 1873 1917 1920 1922 1933 1969 1985 1998 2022 2039
785,C C ( = C C ( C ( Cl ) ( Cl ) Cl ) O C ( = O ) C C ( = O ) C ) C,1 7 27 69 80 113 114 144 153 159 175 246 406 453 479 497 591 605 650 651 694 695 736 745 803 807 810 818 877 879 946 1017 1057 1097 1098 1110 1134 1152 1248 1252 1257 1272 1295 1299 1311 1348 1386 1418 1448 1493 1506 1550 1683 1708 1722 1733 1758 1764 1784 1852 1907 1909 1913 1917 1952 1986
786,C C 1 = C C = C C = C 1 O C C ( = O ) O C C ( = O ) N 2 C ( C C ( = N 2 ) C 3 = C C = C S 3 ) C 4 = C C ( = C ( C = C 4 ) O C ) O C,6 11 14 25 54 62 80 94 140 147 212 227 231 241 249 251 264 275 296 320 367 378 383 597 643 650 675 695 724 742 743 766 803 807 827 841 848 855 875 891 913 919 926 930 935 948 970 991 1009 1019 1041 1057 1088 1122 1183 1187 1199 1232 1233 1242 1245 1279 1281 1312 1342 1380 1386 1391 1410 1439 1445 1452 1461 1464 1536 1557 1567 1578 1707 1722 1750 1757 1758 1777 1779 1803 1819 1825 1871 1873 1917 1953 1970 1974 1976 1996 1999 2004 2008 2012 2013 2031 2038
787,C C O C 1 = C C = C ( C = C 1 ) N C ( = O ) C S C 2 = N N = C ( N 2 C 3 = C C = C ( C = C 3 ) F ) C N C ( = O ) C 4 = C C ( = C ( C = C 4 ) C ) [N+] ( = O ) [O-],1 10 41 58 69 74 80 90 102 116 122 158 187 191 197 233 237 255 265 279 294 311 318 322 335 341 343 354 378 384 402 486 498 526 584 640 650 695 699 715 716 718 747 753 794 799 807 813 838 843 875 901 935 944 980 1057 1077 1121 1152 1164 1170 1195 1202 1238 1323 1331 1364 1380 1385 1391 1410 1449 1451 1452 1455 1501 1502 1506 1509 1518 1541 1543 1645 1670 1685 1691 1697 1722 1737 1750 1767 1816 1823 1825 1847 1873 1917 1924 1928 1958 1959 1963 1964 1993
788,C [Si] ( C ) ( C ) O [C@H] ( C 1 = C C = C C = C 1 ) C ( C 2 = C C = C C = C 2 ) ( C 3 = C C = C C = C 3 ) O,1 13 59 114 155 184 211 228 242 260 299 332 378 389 411 418 497 553 590 630 656 695 709 725 743 772 797 807 897 945 1057 1075 1079 1088 1097 1102 1199 1247 1365 1366 1367 1380 1417 1449 1487 1543 1554 1576 1581 1615 1659 1704 1750 1781 1788 1852 1873 1898 1902 1908 1933 1945 1956 1975 1985 1993 2000 2017
789,C 1 C N ( C C N 1 C 2 = N C = C C = N 2 ) [C@H] ( C 3 = C C = C C = C 3 ) [C@H] ( C ( = O ) C 4 = C N C 5 = C C = C C = C 5 4 ) O,1 50 115 119 122 126 151 199 227 247 251 302 308 328 331 337 338 378 386 389 407 408 424 436 448 460 473 550 567 592 613 650 652 675 727 743 756 774 806 807 835 926 935 961 1017 1051 1059 1088 1109 1114 1199 1245 1256 1265 1333 1357 1365 1380 1411 1435 1443 1452 1480 1494 1508 1539 1558 1573 1581 1605 1610 1627 1668 1672 1750 1783 1798 1849 1866 1873 1879 1917 1937 1991 2010 2014
790,C N = N N ( C ) N,40 41 49 141 275 360 461 465 471 487 522 564 571 602 638 662 725 783 881 897 941 943 993 1001 1057 1067 1112 1163 1171 1232 1260 1281 1303 1352 1360 1381 1408 1411 1513 1544 1556 1695 1730 1772 1796 1903 1916 1954 2026 2033
791,C C N 1 C ( = O ) [C@H] 2 C C = C 3 [C@H] ( [C@H] 2 C 1 = O ) C [C@H] 4 C ( = O ) N ( C ( = O ) [C@] 4 ( [C@H] 3 C 5 = C ( C = C C ( = C 5 ) O C ( F ) ( F ) F ) O ) C 6 = C C = C C = C 6 ) N C 7 = C C = C ( C = C 7 ) C,5 34 36 66 72 80 114 129 145 156 179 191 192 194 207 235 255 273 294 314 315 322 389 390 417 454 455 468 473 482 525 531 532 548 556 588 598 604 650 655 675 686 687 695 718 739 748 772 793 807 842 843 875 876 879 909 917 926 935 951 968 970 972 1019 1027 1057 1060 1088 1096 1101 1149 1152 1171 1184 1199 1226 1272 1292 1299 1306 1361 1373 1380 1395 1406 1409 1442 1453 1456 1457 1475 1511 1527 1533 1557 1574 1599 1602 1603 1607 1625 1635 1665 1695 1712 1722 1730 1734 1750 1781 1823 1838 1873 1920 1928 1941 1942 1950 1954 1961 1970
792,n 1 ( c 2 c ( c 3 c 1 c c c ( O C ( = O ) N 1 C C N ( C C 1 ) C ) c 3 ) c c 1 c ( c 2 C ) c c n c 1 C ( = O ) N C C N ( C ) C ) C,8 14 22 33 45 59 60 80 156 178 190 197 207 212 252 308 322 378 407 416 486 490 513 555 564 576 598 613 615 632 650 652 661 667 688 693 695 704 718 787 807 850 865 875 881 899 901 926 931 935 1046 1050 1057 1065 1074 1145 1152 1163 1184 1236 1277 1309 1343 1350 1357 1380 1396 1440 1452 1460 1480 1514 1518 1554 1588 1589 1610 1722 1726 1729 1750 1783 1866 1873 1917 1949 1951 2009 2017 2021 2030 2044
793,C C # C C C C C ( = O ) N C 1 = C C ( = C C = C 1 ) O C,41 80 109 151 184 191 295 322 324 336 351 407 413 414 420 461 498 509 526 547 561 562 580 650 656 674 695 703 719 781 807 841 863 875 888 901 953 1039 1057 1088 1121 1152 1168 1172 1256 1271 1275 1277 1305 1347 1368 1380 1382 1391 1408 1410 1441 1444 1453 1457 1486 1536 1561 1564 1607 1642 1647 1660 1682 1718 1750 1805 1816 1831 1855 1857 1873 1879 1911 1917 1925 1929 1972 2020 2037
794,C C 1 = C C ( = C 2 C ( = C 1 ) O C 3 = C ( C 2 = O ) C ( N ( C 3 = O ) C C C 4 = C C = C ( C = C 4 ) O C ) C 5 = C C ( = C ( C = C 5 ) O C C 6 = C C = C C = C 6 ) O C ) C,53 74 80 94 107 161 172 190 202 204 218 227 249 290 310 314 322 343 366 367 389 405 411 471 501 514 525 556 603 638 639 650 656 657 665 695 718 734 745 779 781 831 841 875 879 897 932 935 962 975 983 1000 1010 1019 1044 1045 1048 1057 1065 1066 1079 1088 1125 1130 1140 1144 1145 1168 1199 1218 1226 1243 1245 1249 1254 1277 1279 1281 1302 1314 1380 1391 1427 1452 1536 1602 1604 1648 1669 1706 1707 1722 1745 1750 1754 1775 1798 1803 1808 1823 1828 1873 1938 1944 1953 1970 1984 2028 2042
795,C = C 1 C C 2 C C ( C 1 C 2 ) C Br,35 78 80 103 114 115 226 230 231 251 289 290 346 430 455 464 498 504 574 596 639 642 676 728 765 766 897 926 1019 1039 1085 1125 1163 1191 1197 1244 1245 1257 1292 1319 1323 1366 1380 1387 1391 1446 1539 1608 1663 1734 1761 1802 1836 1844 1863 1905 1919 1944 1990
796,C N ( C 1 = C C = C C = C 1 C ( = O ) O C ) C 2 = N C = N C ( = C 2 [N+] ( = O ) [O-] ) N C 3 = C C = N C = C 3,81 145 164 191 259 271 294 310 333 378 383 405 412 443 489 491 534 567 612 629 650 659 682 695 708 715 737 753 768 788 793 807 817 838 841 870 880 881 888 904 906 913 921 936 961 1057 1063 1088 1146 1152 1163 1181 1195 1199 1208 1254 1275 1286 1320 1362 1367 1379 1380 1447 1452 1524 1570 1581 1584 1585 1603 1643 1701 1711 1719 1750 1809 1810 1816 1866 1873 1897 1899 1907 1917 1946 1963 1991 1993 2018 2020 2037
797,C C 1 = C ( C ( N 2 C ( = O ) / C ( = C \ C 3 = C C ( = C ( C = C 3 ) Cl ) Cl ) / S C 2 = N 1 ) C 4 = C C = C S 4 ) C ( = O ) O C C 5 = C C = C C = C 5,14 25 62 80 109 118 125 145 147 150 162 166 177 241 250 275 280 281 314 366 378 383 389 415 479 504 561 631 649 650 660 666 675 677 694 695 720 723 736 741 745 799 807 844 856 867 875 927 935 944 946 953 990 996 1019 1033 1041 1057 1061 1066 1078 1088 1128 1148 1169 1172 1186 1199 1218 1225 1242 1268 1291 1307 1321 1380 1382 1397 1402 1427 1440 1469 1479 1487 1512 1551 1554 1567 1581 1623 1678 1683 1722 1730 1750 1754 1793 1796 1799 1873 1876 1914 1917 1922 1946 1972 1998 2015 2022 2033 2042
798,C O C 1 = C C = C ( C = C 1 ) C ( = O ) N C 2 = C C = C ( C = C 2 ) N 3 C C C N ( C 3 = O ) C C 4 = C C = C ( C = C 4 ) F,2 55 80 90 92 191 215 233 251 285 300 310 314 322 374 437 486 541 551 650 658 695 699 703 718 745 762 781 804 807 831 836 841 843 878 919 926 935 960 1019 1028 1030 1032 1057 1077 1083 1089 1109 1123 1143 1152 1206 1363 1365 1380 1385 1395 1410 1457 1480 1483 1536 1547 1654 1665 1670 1683 1697 1701 1750 1754 1765 1795 1816 1825 1845 1873 1878 1917 1928 1978 2018 2047
799,C 1 C C 1 C ( = O ) N C 2 = N N 3 C = C C = C ( C 3 = N 2 ) C 4 = C C = C ( C = C 4 ) C C C # N,26 80 95 116 222 244 310 352 378 413 428 455 495 507 546 554 564 650 674 689 696 705 774 785 790 807 886 896 898 908 911 914 926 935 974 984 1019 1027 1036 1038 1045 1061 1088 1089 1101 1108 1125 1126 1152 1160 1177 1216 1243 1275 1293 1318 1325 1342 1358 1380 1384 1418 1529 1539 1550 1582 1599 1643 1688 1696 1734 1750 1754 1807 1816 1835 1854 1855 1858 1873 1917 1934 1956 1992 2030
800,C C 1 = C N 2 C ( = N C ( = C C 2 = O ) C O C ( = O ) C 3 = C N = C C = C 3 ) C = C 1,63 73 80 138 144 145 147 185 202 235 290 314 378 396 415 437 464 496 497 505 574 615 650 653 662 695 724 745 747 794 800 807 819 875 932 935 946 1043 1057 1068 1085 1088 1107 1116 1141 1153 1168 1176 1275 1276 1311 1313 1319 1380 1385 1457 1522 1535 1557 1586 1603 1722 1733 1750 1759 1773 1792 1797 1812 1823 1830 1855 1866 1873 1876 1905 1917 1962 1969 1983 1985
801,C C 1 = C C ( = N O 1 ) C [NH+] 2 C C N ( C C 2 ) S ( = O ) ( = O ) C 3 = C ( C = C C = C 3 F ) F,80 94 116 118 214 233 248 287 350 366 378 396 404 544 573 582 585 586 650 656 658 674 697 699 716 724 736 800 806 832 858 867 875 885 923 924 926 935 937 939 971 1021 1028 1032 1039 1051 1056 1057 1064 1083 1088 1152 1157 1174 1183 1184 1211 1249 1251 1253 1256 1290 1303 1318 1329 1342 1344 1380 1390 1396 1398 1417 1434 1458 1476 1480 1496 1527 1542 1560 1562 1587 1601 1608 1630 1675 1690 1722 1729 1742 1750 1792 1803 1804 1840 1873 1876 1926 1928
802,C C C ( / C = C / C ) F,0 1 21 26 80 186 206 208 217 257 294 342 365 466 608 614 672 694 709 720 844 852 911 935 953 993 1023 1037 1050 1057 1088 1178 1223 1236 1312 1370 1376 1444 1449 1454 1466 1494 1544 1561 1624 1625 1678 1756 1872 1928 1955
803,C 1 = C C ( = C ( C = C 1 Cl ) Cl ) / C ( = N / O ) / C [NH3+],12 17 65 67 80 91 116 165 187 209 216 229 240 316 343 366 397 419 441 443 475 482 519 561 581 604 614 623 650 673 702 725 744 807 809 816 875 910 990 1005 1025 1030 1032 1048 1050 1069 1120 1125 1147 1183 1209 1216 1276 1281 1292 1344 1380 1409 1470 1570 1632 1683 1706 1750 1817 1833 1873 1991
804,C C C C C C C C C C C C [N+] 1 = C ( C = C ( C = C 1 C C C C C C C C C C ) C ) C,16 61 66 80 86 100 122 261 266 294 317 369 388 444 463 470 491 511 569 591 663 686 706 727 729 735 743 794 871 875 896 898 919 957 961 1012 1015 1016 1057 1097 1114 1143 1147 1167 1175 1184 1217 1221 1243 1305 1317 1380 1417 1420 1424 1444 1448 1482 1483 1497 1505 1517 1519 1592 1595 1618 1679 1710 1722 1789 1801 1811 1823 1871 1873 1911 1912 1923 1953 1981 2017 2018
805,C C 1 = C C ( = C 2 C ( = C 1 ) O / C ( = C / C 3 = C C = C ( C = C 3 ) O C ) / C 2 = O ) C,13 25 26 48 69 83 84 98 169 204 221 272 281 292 312 314 322 368 493 499 506 573 583 614 615 650 656 662 694 695 718 781 816 819 822 831 841 849 875 888 893 993 1000 1057 1069 1083 1087 1122 1127 1185 1206 1226 1230 1234 1239 1252 1324 1380 1391 1430 1476 1503 1520 1536 1551 1695 1722 1747 1750 1773 1810 1813 1817 1823 1848 1850 1873 1893 1905 1949 1953 1986 2033
806,C C 1 = C C = C ( C = C 1 ) C 2 = C C = C ( O 2 ) C = C C ( = O ) C 3 = C C ( = C C = C 3 ) [N+] ( = O ) [O-],12 31 121 185 186 205 235 238 256 270 358 374 428 431 436 481 482 579 581 650 655 656 658 687 694 715 753 807 835 838 847 862 865 875 879 896 937 946 949 1039 1057 1088 1122 1141 1160 1176 1195 1230 1232 1274 1320 1365 1380 1385 1449 1521 1540 1604 1610 1667 1682 1704 1713 1722 1728 1750 1794 1809 1817 1823 1836 1870 1873 1917 1919 1920 1937 1940 1963 1985 2013 2033
807,C 1 C C N ( C C 1 ) C 2 = N C 3 = C ( C = C C = C 3 [N+] ( = O ) [O-] ) C = C 2,2 57 61 65 75 109 134 164 194 203 239 305 354 378 407 427 449 527 537 547 553 588 635 650 660 680 694 700 715 716 746 753 838 855 881 926 935 937 972 979 1028 1039 1075 1080 1087 1088 1110 1175 1195 1202 1286 1302 1324 1331 1380 1447 1471 1480 1533 1540 1547 1569 1604 1612 1634 1678 1680 1724 1750 1855 1873 1932 1941 1963 1973 1998 2003 2018
808,C C ( C ) O C ( = O ) C 1 = C C ( = C C = C 1 ) O C ( = O ) C 2 = C C = C ( C = C 2 ) F,1 14 69 90 145 192 206 211 212 283 306 317 322 400 445 469 478 517 555 562 585 606 630 650 687 695 696 699 766 799 807 824 866 875 878 916 949 966 977 1039 1057 1081 1088 1092 1146 1248 1380 1384 1385 1410 1450 1480 1560 1644 1670 1682 1697 1710 1729 1750 1786 1808 1831 1840 1845 1873 1906 1917 1926 1928 1937 1957 1978 1985 2020
809,C 1 C c 2 c ( C 3 N 1 C c 1 c ( C 3 ) c ( c c ( c 1 O C C C C C C C C ) O C ) / C = C ( / n 1 c ( n c ( c 1 ) [N+] ( = O ) [O-] ) C ) \ C # N ) c c 1 c ( c 2 ) O C O 1,0 13 34 37 43 75 80 135 152 165 167 168 216 221 225 231 238 249 286 294 307 333 335 337 361 369 378 394 399 431 441 464 481 494 496 583 591 593 600 634 648 650 653 656 658 674 681 691 694 695 715 738 743 753 790 794 803 807 814 838 841 875 883 917 926 935 961 964 1012 1019 1027 1057 1086 1096 1104 1132 1134 1143 1148 1149 1195 1236 1249 1291 1293 1312 1328 1349 1351 1352 1380 1384 1405 1444 1452 1480 1502 1536 1550 1581 1587 1588 1590 1609 1611 1630 1660 1699 1720 1722 1738 1746 1793 1800 1809 1815 1827 1854 1855 1863 1873 1888 1892 1905 1911 1924 1941 1946 1963 1970 1995
810,C C 1 = C C ( = C C = C 1 ) N 2 C ( = C ( N = N 2 ) C ( = O ) N C 3 = C C = C ( C = C 3 ) C ( = O ) C ) N,25 95 140 160 191 277 308 348 378 426 432 486 490 528 564 617 626 650 653 654 686 698 729 774 786 807 819 843 875 935 941 971 1013 1017 1039 1049 1055 1057 1071 1077 1088 1106 1109 1152 1164 1171 1177 1182 1247 1329 1357 1380 1385 1394 1457 1468 1490 1563 1601 1602 1608 1621 1637 1697 1699 1722 1739 1750 1783 1816 1820 1823 1825 1833 1852 1871 1873 1877 1883 1914 1917 1978 2031
811,C C O C ( = O ) C 1 = C ( O C ( = C ( [C@H] 1 C 2 = C C ( = C ( S 2 ) C ) Br ) C # N ) N ) C,14 41 46 52 80 91 105 112 128 132 145 147 159 162 163 177 196 207 217 229 234 239 249 294 313 345 346 364 429 495 511 518 525 541 599 605 650 656 674 675 695 707 715 728 730 756 759 790 807 833 875 931 939 1004 1008 1019 1057 1104 1120 1136 1163 1171 1238 1249 1257 1263 1277 1281 1300 1302 1321 1348 1377 1380 1384 1420 1457 1485 1499 1621 1631 1649 1701 1706 1722 1751 1810 1835 1853 1867 1873 1908 1917 1920 1928 1946 1954 1968 2000 2006
812,C C 1 = C ( O C 2 = C 1 C = C ( C = C 2 ) O C ) C ( = O ) O C C 3 = C C = C C 4 = C C = C C = C 4 3,60 80 145 147 154 183 224 252 253 308 322 368 383 400 430 443 471 522 567 619 629 638 649 650 652 656 695 712 718 722 735 745 781 790 796 807 809 822 841 853 875 914 924 927 967 1039 1057 1087 1088 1104 1141 1199 1225 1243 1286 1297 1310 1349 1357 1380 1391 1402 1406 1452 1519 1536 1542 1573 1591 1597 1604 1618 1654 1719 1722 1750 1766 1808 1810 1855 1873 1876 1917 1955 1972 2046
813,C C 1 = C ( C 2 = C ( S 1 ) [C@@H] ( C ( = C ( O 2 ) N ) C # N ) C 3 = C C = C ( C = C 3 ) O C ) C ( = O ) O C,46 57 80 145 152 162 181 186 188 217 229 239 251 313 322 327 335 346 426 461 495 586 599 604 621 650 656 674 675 695 704 718 723 732 736 781 790 802 807 831 841 849 894 906 961 1006 1018 1019 1029 1038 1057 1136 1152 1171 1195 1224 1279 1294 1317 1339 1380 1384 1411 1419 1457 1530 1536 1640 1719 1722 1726 1747 1750 1803 1810 1851 1873 1874 1917 1948 2008 2034
814,C C C C C C C C C C C C C C C C C C O C ( = O ) C C C 1 = C C ( = C ( C ( = C 1 ) C ( C ) ( C ) C ) O P ( O ) O C ( C ( F ) ( F ) F ) ( F ) F ) C ( C ) ( C ) C,5 13 17 31 45 59 80 114 126 147 173 191 204 271 277 283 294 323 333 344 392 399 412 419 467 490 495 503 505 591 650 677 695 752 753 759 794 807 820 875 892 899 1010 1034 1057 1090 1143 1198 1213 1243 1248 1249 1311 1338 1339 1359 1380 1382 1386 1405 1415 1434 1443 1444 1453 1507 1523 1559 1564 1640 1647 1648 1697 1734 1754 1783 1831 1873 1911 1917 1928 1972 2035 2041
815,C C 1 = C ( C = N N 1 C ) C N 2 C C C C ( C 2 ) C ( = O ) C 3 = C ( C = C ( C = C 3 ) O C ) O C,19 43 67 80 81 88 127 136 197 236 248 249 267 322 346 353 378 446 463 517 525 535 559 589 608 619 621 635 650 663 695 705 718 739 758 773 779 781 791 807 812 841 875 877 921 926 927 935 946 974 1019 1028 1057 1095 1105 1115 1121 1145 1155 1181 1197 1198 1205 1238 1254 1296 1325 1349 1365 1380 1422 1430 1433 1480 1535 1536 1560 1639 1655 1722 1750 1765 1766 1791 1792 1873 1917 1970 1972 1973 1991 2002 2045
816,C C ( C ( = O ) N C C O ) Br,1 33 75 80 84 94 149 190 197 199 211 215 222 248 278 283 356 408 434 473 496 564 573 648 650 661 667 679 690 723 728 798 807 937 1057 1112 1144 1152 1167 1169 1176 1188 1194 1226 1231 1289 1291 1330 1361 1417 1442 1485 1567 1573 1583 1619 1712 1719 1836 1917 1938 1958 1991 2028 2032
817,C C 1 C C C C ( C 1 ) N C ( = O ) C 2 C S C N 2,17 62 95 140 227 232 242 301 343 360 362 387 428 454 510 530 547 554 557 574 583 600 622 628 650 662 675 676 683 689 693 719 734 750 807 822 926 965 1019 1022 1028 1057 1063 1114 1116 1141 1148 1152 1179 1208 1260 1292 1293 1309 1325 1342 1375 1377 1387 1498 1507 1560 1563 1565 1614 1634 1661 1686 1736 1737 1771 1828 1849 1883 1917 1983 1992 2011 2022
818,C [C@@H] ( C ( = O ) N ( C C C # N ) C 1 = C C = C C = C 1 ) S C 2 = N N = C ( O 2 ) C 3 = C C = C ( C = C 3 ) O C,1 76 80 89 116 192 216 244 257 280 283 288 291 317 322 362 378 389 391 403 413 460 487 493 542 547 602 623 650 656 674 695 696 702 718 720 741 781 783 787 790 807 809 831 841 868 881 891 896 938 967 974 982 1001 1009 1047 1057 1064 1088 1089 1096 1107 1160 1162 1164 1199 1218 1235 1310 1380 1384 1394 1411 1478 1507 1535 1536 1548 1556 1604 1617 1671 1689 1734 1750 1767 1772 1796 1820 1861 1870 1873 1884 1905 1917 1923 1951 1959 1979
819,C 1 C N ( C C C 1 C ( = O ) N C 2 = C C ( = C ( C = C 2 ) O C ( F ) F ) Cl ) C ( = O ) C 3 = C C = C S 3,1 14 45 66 79 94 136 143 184 191 208 238 241 257 263 301 311 312 366 383 392 418 419 487 536 543 557 561 582 650 652 664 675 689 695 723 733 748 785 807 811 831 839 843 858 875 896 915 926 935 942 956 974 1019 1037 1038 1050 1088 1110 1137 1152 1154 1155 1209 1240 1269 1275 1310 1323 1325 1338 1354 1380 1456 1480 1504 1567 1581 1653 1669 1672 1683 1725 1734 1738 1739 1750 1816 1837 1859 1873 1917 1928 1970 2009 2021
820,C N ( C ) C C C N S ( = O ) ( = O ) C 1 = C ( C = C C ( = C 1 ) N 2 C ( = O ) C C C C 2 = O ) O C,19 80 86 90 94 128 185 233 249 292 300 314 319 327 350 392 411 424 473 477 485 502 558 650 652 667 668 673 693 695 732 798 841 875 877 880 881 892 902 926 935 946 979 1001 1008 1028 1057 1065 1089 1107 1138 1152 1158 1163 1182 1234 1314 1366 1374 1380 1476 1506 1536 1545 1550 1574 1626 1686 1719 1738 1750 1752 1824 1825 1826 1834 1873 1886 1889 1897 1911 1921 1951 1953 1964 1970 2032
821,C C 1 = C ( C = C ( C = C 1 ) C ( = O ) O [C@H] ( C ) C ( = O ) N ) S ( = O ) ( = O ) N C 2 = C C = C ( C = C 2 ) F,1 14 45 46 69 90 108 110 140 145 191 220 224 251 283 301 350 367 392 403 407 424 459 469 482 502 534 585 603 634 650 695 699 743 780 794 800 807 826 838 843 875 895 920 958 983 1057 1103 1133 1152 1171 1181 1212 1218 1225 1269 1270 1282 1333 1343 1380 1385 1391 1403 1410 1472 1476 1490 1506 1527 1529 1530 1557 1578 1581 1661 1670 1680 1685 1691 1697 1719 1722 1724 1750 1766 1767 1845 1873 1885 1889 1903 1916 1917 1928 2003 2045
822,C C 1 = C ( C = C C ( = C 1 ) I ) N C = C [N+] ( = O ) [O-],26 28 47 48 62 73 174 257 280 340 496 522 524 611 650 661 692 694 712 715 753 838 844 866 872 875 880 907 923 947 1019 1057 1063 1146 1152 1198 1216 1224 1257 1280 1297 1380 1384 1388 1391 1431 1433 1442 1461 1479 1494 1523 1560 1594 1654 1660 1695 1707 1722 1750 1768 1785 1856 1873 1886 1956 1963 1967 1984 2029
823,C 1 [C@@H] ( C [C@H] 2 [C@H] ( C 1 ) [C@@] 1 ( [C@@H] ( C O C 1 = O ) [C@@H] 1 [C@H] 2 O 1 ) C ) C,18 27 38 40 63 127 169 189 221 239 285 292 314 375 412 441 452 519 542 562 572 622 650 656 704 837 874 926 936 1019 1044 1057 1060 1062 1083 1114 1127 1129 1135 1136 1148 1153 1192 1209 1210 1274 1292 1309 1325 1332 1361 1362 1380 1386 1404 1405 1456 1508 1559 1631 1636 1666 1726 1734 1818 1829 1883 1921 1923 1988 2032 2037
824,C [C@] 1 2 C C = C 3 [C@H] ( [C@@H] 1 C C C 2 4 O C C O 4 ) C C = C 5 [C@@] 3 ( C C C 6 ( C 5 ) O C C O 6 ) C C S C ( F ) F,1 16 38 61 72 75 80 90 116 144 152 204 243 311 348 380 430 441 455 467 485 486 499 504 519 529 532 598 616 656 665 683 702 781 795 867 926 940 950 954 1017 1019 1050 1057 1060 1079 1089 1128 1153 1162 1177 1182 1190 1213 1223 1246 1251 1266 1270 1274 1302 1325 1346 1376 1380 1420 1434 1436 1441 1468 1472 1484 1502 1545 1594 1605 1615 1645 1657 1667 1686 1695 1708 1718 1743 1757 1781 1790 1829 1847 1857 1873 1924 1928 1982 2028
825,C C 1 = C C = C ( C = C 1 ) C N C ( = O ) [C@@H] ( C ) S C 2 = N N = C ( N 2 N ) C 3 = C C ( = C C = C 3 ) F,1 11 42 74 80 112 116 197 206 227 230 233 235 240 255 257 283 310 335 378 380 392 531 573 596 638 639 650 663 699 711 736 747 766 771 779 797 807 818 875 877 919 935 1034 1036 1039 1055 1057 1088 1152 1160 1162 1164 1171 1173 1181 1204 1243 1367 1376 1380 1392 1449 1487 1507 1508 1514 1518 1546 1573 1586 1611 1670 1673 1706 1722 1726 1750 1754 1765 1766 1823 1873 1877 1917 1920 1928 1969 1980 1992 2023
826,C C C C C ( N ) N 1 C C C C C 1,1 2 80 86 89 118 129 256 294 349 363 533 591 630 685 718 739 786 794 807 903 917 926 935 1004 1019 1028 1057 1071 1117 1171 1249 1265 1324 1328 1339 1404 1436 1471 1480 1522 1562 1586 1594 1686 1729 1746 1752 1766 1805 1845 1865 1887 1911 1998 2026
827,C C O P ( = O ) ( C ( C ) C C ( = O ) N C ( C ) C 1 = C C = C C = C 1 ) O C C,1 21 41 80 117 157 180 192 214 225 275 283 294 304 353 366 368 389 440 472 486 495 503 510 552 579 650 654 695 697 734 753 807 837 877 989 992 1037 1057 1088 1152 1199 1203 1238 1290 1365 1380 1383 1389 1411 1516 1520 1527 1581 1606 1627 1662 1695 1716 1725 1750 1793 1827 1837 1845 1873 1876 1879 1884 1906 1908 1917 1929 1940 1995
828,C 1 [C@H] ( N ( C ( = O ) O 1 ) C ( = O ) [C@] 2 ( C = C 2 C 3 = C C = C C = C 3 ) C 4 = C C = C C = C 4 ) C 5 = C C = C ( C = C 5 ) O,19 127 167 197 229 282 296 314 331 342 389 441 450 488 525 556 582 608 644 650 656 666 679 736 745 772 807 926 935 987 1002 1019 1046 1055 1060 1088 1154 1160 1199 1279 1312 1313 1316 1327 1377 1379 1380 1383 1395 1403 1458 1492 1514 1532 1558 1571 1602 1656 1660 1662 1673 1750 1778 1789 1803 1859 1868 1869 1873 1917 1923 1929 1937 2000
829,C C C 1 = C C = C C = C 1 N C ( = O ) C 2 = C C = C C = C 2 S C C,30 57 59 67 80 116 165 259 279 291 294 341 349 377 379 403 420 486 530 546 565 592 594 602 604 610 650 656 734 776 778 783 786 804 807 816 838 847 917 947 1025 1057 1088 1144 1151 1152 1164 1199 1207 1224 1257 1285 1319 1349 1351 1379 1380 1381 1383 1389 1411 1424 1447 1488 1489 1545 1584 1597 1623 1696 1710 1729 1750 1799 1816 1827 1873 1905 1917 1920 1968 1991 2010
830,C O C 1 = C C 2 = C ( [C@H] ( C [NH2+] C 2 ) O ) C ( = C 1 ) O,8 23 56 79 134 219 222 251 298 307 322 352 360 475 476 582 588 658 665 686 695 745 760 761 777 781 807 841 875 914 926 957 971 1019 1036 1057 1072 1092 1183 1215 1218 1220 1233 1236 1257 1296 1321 1333 1371 1380 1383 1412 1476 1510 1536 1539 1602 1606 1607 1617 1648 1672 1676 1681 1685 1717 1724 1739 1748 1755 1817 1837 1846 1873 1897 1902 1905 1952 2002
831,C C C [C@@H] ( C ( = O ) C ( = O ) N C 1 C C 1 ) N C ( = O ) [C@@H] 2 C [C@] 3 ( C C ( = N O 3 ) C 4 = C C 5 = C ( C = C 4 ) O C C O 5 ) C N 2 C ( = O ) [C@H] ( C ( C ) ( C ) C ) N C ( = O ) O [C@H] 6 C C O C 6,1 9 32 42 68 73 80 97 101 108 114 117 119 139 143 145 155 160 191 242 253 294 340 378 382 387 392 422 441 458 487 509 521 523 531 537 555 576 602 611 644 650 656 679 684 689 695 716 736 738 739 794 800 801 807 810 814 824 837 847 874 875 896 926 935 938 940 950 965 968 991 1019 1030 1032 1035 1057 1060 1091 1105 1117 1126 1135 1152 1160 1167 1210 1213 1234 1265 1273 1282 1325 1330 1380 1391 1396 1432 1482 1507 1529 1565 1600 1634 1647 1651 1655 1680 1687 1696 1734 1740 1750 1758 1773 1824 1827 1860 1873 1890 1897 1905 1917 1923 1984 2023 2030
832,C C C C C C C O C 1 = C ( C = C ( C = C 1 ) C 2 C 3 = C ( C = C ( C = C 3 ) O C ( = O ) C 4 = C C ( = C ( C ( = C 4 ) Cl ) O C ) Cl ) O C ( = C 2 C # N ) N ) O C,13 16 31 46 80 94 110 145 181 212 217 227 239 249 259 294 322 333 346 347 349 365 366 395 411 480 509 555 561 591 599 624 644 650 656 674 695 703 718 781 790 794 807 808 834 841 866 869 871 875 919 994 1010 1019 1027 1039 1057 1125 1136 1143 1171 1234 1245 1249 1269 1279 1295 1297 1327 1379 1380 1384 1385 1417 1425 1444 1452 1457 1498 1518 1536 1582 1592 1599 1607 1621 1622 1669 1683 1692 1706 1729 1730 1750 1798 1803 1810 1819 1873 1885 1903 1905 1911 1917 1970 2045
833,C C ( C ) C ( C ) O [Si] ( C ) ( C ) C,1 7 165 187 210 257 262 283 336 378 384 517 594 614 643 656 670 695 701 760 770 777 883 1057 1109 1131 1156 1205 1210 1213 1254 1263 1321 1527 1535 1574 1609 1646 1651 1693 1735 1755 1757 1762 1773 1824 1858 1887 1898 1901 1902 1905 1954 1980 2000 2024
834,C [C@H] 1 [C@H] ( O [C@H] ( O [C@H] 1 C 2 = C C = C ( C = C 2 ) C O ) C 3 = C C = C ( C = C 3 ) C 4 = C C = C C ( = C 4 ) C N S ( = O ) ( = O ) C 5 = C C = C C = C 5 ) C N ( C ) C C 6 = C C = C C = C 6,6 29 58 80 97 99 217 222 231 255 275 310 317 319 334 350 375 389 392 477 502 507 553 575 588 610 646 650 656 694 732 736 785 789 807 821 834 837 859 875 881 883 896 918 943 957 961 999 1005 1013 1019 1039 1057 1064 1066 1073 1080 1081 1088 1147 1152 1160 1163 1199 1236 1260 1279 1309 1338 1357 1374 1380 1386 1413 1414 1427 1441 1456 1476 1534 1538 1551 1582 1599 1626 1630 1640 1675 1676 1695 1750 1754 1756 1761 1768 1779 1783 1803 1815 1825 1844 1873 1883 1885 1921 1964 1978 1983 2007 2043
835,C C ( C ) ( C ) C ( = O ) N 1 C C N ( C C 1 ) S ( = O ) ( = O ) C 2 = C ( C = C 3 C ( = C 2 ) O C C ( = O ) N 3 ) Cl,4 25 44 85 112 114 129 145 187 190 227 242 268 270 314 350 366 392 418 428 441 475 528 561 577 585 609 650 656 690 749 789 800 801 802 807 846 872 875 926 928 935 971 991 1057 1060 1064 1083 1095 1114 1183 1251 1259 1350 1380 1417 1459 1476 1480 1495 1575 1589 1592 1636 1646 1668 1683 1708 1774 1801 1861 1873 1875 1880 1905 1917 1937 1949 1973 1982 2009 2042
836,C C ( C ) C O C 1 = C C = C C = C 1 C ( = O ) N C 2 = C C = C ( C = C 2 ) N C ( = O ) C 3 = C C = C C = C 3 O C C ( C ) C,1 18 80 118 191 225 230 254 283 296 386 423 438 449 486 500 579 650 695 727 780 807 843 847 850 862 906 911 921 952 997 1057 1077 1088 1152 1199 1240 1283 1324 1353 1358 1360 1380 1391 1400 1410 1428 1447 1452 1468 1504 1522 1539 1661 1685 1688 1718 1750 1794 1816 1824 1843 1847 1873 1917 1961 1970 1978 1982 1991 1994
837,C C 1 = C C = C C = C 1 N C ( = O ) C O C ( = O ) C 2 = C C = C C = C 2 N C ( = O ) C 3 = C C = C O 3,41 58 80 145 147 167 179 193 431 435 474 486 544 580 621 645 650 651 656 658 695 706 715 739 745 787 807 842 864 880 923 947 994 1025 1041 1056 1057 1058 1059 1066 1080 1088 1117 1152 1183 1199 1218 1224 1233 1271 1297 1315 1380 1391 1447 1458 1483 1499 1560 1580 1609 1642 1653 1673 1696 1722 1750 1754 1816 1827 1873 1895 1906 1917 1926 1930 1931 1946 1948 1969 1991 1997 1999 2004 2045
838,C C C ( C ) C 1 = C C = C ( C = C 1 ) O C C ( = O ) N / N = C / C 2 = C C = C ( C = C 2 ) O C ( = O ) C 3 = C ( C = C ( C = C 3 ) Cl ) Cl,1 21 25 41 67 80 102 145 154 165 192 216 270 283 294 304 309 318 322 327 329 347 350 366 437 495 502 518 561 575 650 693 694 695 718 725 730 740 747 748 763 767 801 807 816 864 866 875 877 891 905 924 1057 1091 1116 1139 1147 1152 1209 1245 1257 1263 1288 1308 1342 1347 1365 1380 1399 1401 1446 1452 1493 1503 1542 1544 1650 1656 1683 1729 1750 1766 1780 1853 1867 1873 1876 1883 1887 1912 1915 1917 1991 2004 2033
839,C C 1 C N ( C C ( O 1 ) C ) S ( = O ) ( = O ) C 2 = C C = C ( C = C 2 ) C ( = O ) N ( C C N 3 C C O C C 3 ) C 4 = N C 5 = C ( S 4 ) C = C C = C 5 S ( = O ) ( = O ) C,15 29 38 80 119 160 162 166 178 206 253 288 306 319 350 374 378 392 420 436 438 445 459 461 523 526 534 544 585 587 596 608 650 656 675 692 714 715 739 757 780 783 800 807 843 875 881 885 923 926 927 935 950 956 964 985 992 1016 1019 1039 1057 1066 1084 1088 1106 1115 1123 1145 1159 1215 1221 1226 1234 1272 1276 1309 1380 1385 1405 1413 1441 1442 1449 1458 1476 1480 1482 1556 1616 1653 1697 1706 1724 1750 1770 1791 1802 1817 1847 1849 1854 1855 1873 1877 1917 1921 1951 1958 2004 2024 2040 2047
840,C N 1 C ( = O ) C 2 ( C C 3 C 4 C ( C C = C 3 C ( C 2 ( C 1 = O ) Cl ) C 5 = C C ( = C ( C = C 5 ) O C ) O ) C ( = O ) N ( C 4 = O ) C C C C ( = O ) O ) Cl,5 40 80 94 113 129 190 192 197 249 251 255 287 293 314 316 359 389 415 443 455 518 520 522 532 579 588 592 598 650 661 666 679 695 741 748 767 772 779 807 822 841 857 872 875 877 879 916 926 930 935 987 998 1019 1049 1057 1060 1063 1110 1112 1132 1137 1145 1156 1158 1180 1209 1212 1220 1279 1287 1306 1308 1380 1382 1387 1406 1457 1470 1511 1536 1548 1564 1602 1607 1617 1647 1667 1672 1683 1695 1700 1718 1737 1750 1781 1801 1803 1832 1835 1873 1877 1885 1896 1911 1917 1927 1947 1970 2045
841,C C ( C N C ( = O ) C C C 1 = C C = C ( C = C 1 ) S ( = O ) ( = O ) N ) N 2 C C C 3 = C ( C 2 ) C = C S 3,1 6 14 40 41 42 80 83 117 197 227 230 249 283 310 319 325 349 350 401 409 448 481 539 554 585 606 607 642 650 675 689 715 772 807 833 834 842 845 847 910 926 928 935 991 1045 1046 1057 1090 1117 1127 1128 1152 1171 1189 1192 1197 1209 1236 1243 1250 1265 1296 1357 1380 1391 1411 1476 1477 1480 1489 1490 1528 1534 1564 1567 1589 1607 1613 1621 1652 1721 1738 1750 1754 1840 1873 1898 1917 1919 1928 1946 1951 2027
842,C C ( C ) ( C ) C 1 = C C ( = C ( C ( = C 1 ) C ( C ) ( C ) C ) P = C ( C C 2 = C C = C C = C 2 ) C 3 = C C = C C = C 3 ) C ( C ) ( C ) C,21 33 80 81 101 104 111 114 253 283 313 325 389 392 399 400 419 431 487 580 581 657 658 671 689 714 763 782 807 826 875 912 913 1018 1057 1062 1066 1088 1127 1165 1199 1293 1299 1318 1339 1380 1385 1408 1415 1417 1418 1469 1503 1621 1632 1649 1671 1686 1734 1744 1750 1754 1762 1781 1793 1800 1815 1816 1873 1923 1927 1928 1943 1947 1960 1968 1985 2023
843,C C C C C 1 = C C = C ( C = C 1 ) C 2 = C C = C ( C = C 2 ) C C C 3 = C C = C ( C = C 3 ) O C ( F ) F,1 23 59 80 85 118 192 294 310 322 375 402 464 499 550 591 609 628 664 695 718 723 729 784 794 863 896 918 937 968 975 978 1034 1045 1050 1057 1117 1153 1160 1227 1243 1262 1267 1268 1380 1456 1476 1513 1524 1581 1584 1620 1632 1666 1692 1739 1750 1754 1826 1827 1857 1873 1901 1911 1923 1928 1960 1964 2017
844,C N ( C ) C N 1 C = C N = C 1 C 2 = C C = C ( C = C 2 ) N 3 C C C 4 = C ( C 3 ) N ( N = C 4 C ( F ) ( F ) F ) C 5 = C C = C ( C = C 5 ) O C,38 80 83 114 141 168 171 190 233 237 322 361 378 387 393 407 432 490 492 512 530 549 583 598 637 652 695 718 753 781 786 809 831 838 841 857 881 896 910 913 926 935 977 1011 1034 1044 1057 1070 1084 1101 1160 1163 1218 1264 1265 1349 1356 1365 1380 1404 1405 1422 1437 1440 1452 1453 1455 1469 1480 1536 1537 1586 1591 1626 1630 1669 1686 1722 1736 1738 1750 1767 1783 1812 1825 1835 1852 1866 1873 1877 1883 1892 1928 1946 1956 1965 1978 1985 2000 2011
845,C C C C C C C C C C C C C ( C ( = O ) O ) C ( C C ( = O ) O ) ( C ( = O ) O ) O,1 80 93 114 119 202 204 248 294 320 321 326 389 400 425 472 486 493 511 525 591 650 694 710 733 737 739 748 794 807 808 809 862 889 899 949 1057 1061 1083 1143 1194 1226 1283 1356 1397 1417 1419 1430 1444 1485 1577 1648 1665 1687 1690 1713 1737 1762 1793 1844 1859 1876 1908 1911 1917 1928 1977 1979 2045
846,C C C 1 = C C = C ( C = C 1 ) C 2 = N N = C ( C = C 2 ) N 3 C C N ( C C 3 ) C ( = O ) C O C 4 = C ( C = C C ( = C 4 ) C ) C ( C ) C,1 41 80 84 112 121 145 199 222 228 235 237 283 293 294 310 312 328 378 407 426 463 476 527 563 573 598 604 625 635 648 650 679 695 706 757 760 801 805 807 875 896 926 935 943 980 1006 1009 1013 1018 1025 1057 1083 1089 1095 1108 1110 1115 1122 1157 1160 1164 1175 1187 1196 1269 1297 1303 1380 1402 1409 1452 1460 1480 1505 1508 1531 1580 1588 1589 1606 1722 1750 1754 1799 1800 1804 1807 1823 1873 1900 1917 1964 1970 1971 1986 1991 2004 2009 2011 2019
847,C C 1 = C C ( = C C ( = C 1 Br ) C ) O C ( = O ) C 2 = C C 3 = C ( S 2 ) N ( N = C 3 C 4 = C C = C ( C = C 4 ) Cl ) C,57 97 115 120 145 150 162 196 216 322 323 373 378 392 419 421 471 499 561 582 585 597 600 616 626 647 650 675 681 689 695 728 749 751 807 816 866 872 875 878 896 935 943 955 996 999 1003 1025 1049 1057 1060 1070 1090 1105 1123 1145 1160 1183 1212 1223 1290 1330 1357 1380 1391 1400 1443 1458 1472 1498 1510 1543 1544 1631 1633 1683 1687 1707 1722 1729 1750 1807 1846 1873 1879 1917 1956 1988
848,O c 1 c c ( c [nH] c 1 = O ) S C c 1 c n c c n 1,80 89 116 190 200 216 236 295 314 325 341 378 381 457 461 528 542 650 695 724 750 762 781 806 807 811 850 875 887 907 953 958 1044 1053 1071 1093 1114 1123 1125 1139 1148 1153 1166 1205 1208 1209 1290 1347 1361 1380 1384 1436 1452 1535 1586 1602 1603 1607 1616 1677 1705 1706 1764 1815 1866 1873 1879 1887 1932 1957 1969 2046
849,C C 1 = C C = C ( C = C 1 ) C O C 2 = C ( C = C ( C = C 2 Br ) / C = C \ 3 / C ( = O ) O C ( = N 3 ) C 4 = C ( C ( = C C = C 4 ) [N+] ( = O ) [O-] ) C ) Br,77 80 82 107 127 164 235 252 260 272 281 286 303 309 310 314 317 328 333 345 352 354 378 396 420 458 467 502 548 650 656 661 666 694 695 700 707 715 716 728 742 745 753 801 815 833 838 848 854 875 877 923 927 984 999 1020 1039 1057 1088 1096 1132 1156 1195 1258 1325 1365 1380 1423 1441 1448 1452 1473 1500 1507 1563 1617 1631 1650 1683 1703 1707 1722 1750 1754 1782 1803 1810 1823 1860 1873 1916 1917 1920 1950 1963 1981 2009 2032 2033 2042
850,C C 1 = N N ( C 2 = C 1 C = C ( S 2 ) C ( = O ) N C 3 = N C ( = C S 3 ) C 4 = C C = C S 4 ) C 5 = C C = C C = C 5,14 28 62 72 86 92 117 120 138 150 162 241 246 294 300 308 343 355 364 373 378 383 385 389 390 419 441 451 486 542 552 561 624 650 655 675 695 702 722 749 768 781 807 875 893 900 935 980 1049 1056 1057 1063 1088 1123 1135 1152 1163 1170 1187 1199 1214 1264 1279 1294 1338 1339 1342 1357 1380 1422 1440 1457 1567 1578 1581 1589 1685 1722 1750 1816 1825 1830 1852 1855 1864 1873 1917 1931 1932 1933 1956 1958 1972
851,C C C 1 = C C ( = C C = C 1 ) N C 2 = N C ( = C ( C = C 2 ) [N+] ( = O ) [O-] ) O C,5 11 34 50 80 136 145 190 191 211 220 284 294 329 354 356 378 395 401 445 486 491 598 623 650 695 703 714 715 716 753 789 838 841 875 930 961 967 978 1039 1057 1065 1066 1077 1088 1099 1100 1127 1152 1195 1224 1348 1368 1380 1384 1445 1536 1559 1696 1710 1717 1738 1750 1754 1799 1840 1842 1849 1855 1873 1886 1905 1963 2024
852,C C ( C C ( = O ) O ) N C ( = O ) C 1 = C ( C = C C ( = C 1 ) F ) F,1 3 8 17 46 80 117 169 187 188 198 216 249 283 322 338 367 376 389 399 484 486 561 607 629 630 631 635 650 699 731 776 807 839 851 875 934 994 1034 1057 1140 1141 1152 1164 1284 1290 1380 1395 1410 1424 1440 1487 1553 1638 1644 1655 1670 1681 1695 1737 1744 1750 1802 1804 1812 1822 1840 1873 1879 1892 1896 1917 1928 1955 1973 1991 2018
853,C C 1 = C C ( = C C = C 1 ) P ( = O ) ( C 2 = C ( N C 3 = C 2 C = C ( C = C 3 ) Cl ) C ( = O ) N ) O C,85 119 122 140 159 165 192 205 206 216 230 296 309 328 342 415 456 457 466 475 486 507 542 561 601 602 608 643 650 695 701 703 724 757 807 816 841 843 875 990 1013 1039 1050 1055 1057 1088 1112 1114 1145 1147 1171 1184 1245 1265 1282 1299 1319 1343 1357 1380 1583 1603 1622 1636 1683 1719 1722 1745 1749 1750 1762 1773 1805 1810 1823 1873 1886 1917 1939 1958 1982 2012
854,C C ( C ) [C@] ( C ) ( C # N ) N C ( = O ) C N C 1 = C C = C C = C 1 N 2 C C C C C 2,1 2 10 25 41 45 80 114 124 162 211 218 231 245 283 329 354 392 407 426 431 480 482 497 550 553 575 630 642 650 674 680 709 742 790 807 828 848 881 883 926 935 946 985 1028 1048 1057 1088 1101 1130 1152 1199 1212 1224 1235 1260 1282 1284 1295 1317 1366 1380 1384 1396 1416 1421 1431 1440 1480 1519 1599 1616 1647 1669 1696 1702 1719 1720 1750 1775 1778 1786 1803 1848 1873 1886 1917 1988 1998
855,C C ( = O ) c 1 c c c ( Cl ) c ( Cl ) c 1 O C C ( = O ) N ( C ) C,6 67 80 111 161 260 333 366 368 398 412 438 527 529 561 580 594 634 650 666 695 798 807 877 881 1011 1017 1039 1057 1103 1144 1154 1163 1198 1223 1238 1269 1344 1380 1434 1435 1444 1452 1555 1653 1671 1683 1721 1734 1750 1752 1765 1786 1820 1873 1874 1917 1957 1967 1971 1978 1991 1996 2004
856,C 1 C C C ( C 1 ) [NH2+] [C@@H] 2 C C ( = O ) N ( C 2 = O ) C 3 = C C = C ( C = C 3 ) N 4 C ( = O ) C [C@@H] ( C 4 = O ) [NH2+] C 5 C C C C 5,5 7 49 54 117 161 231 233 241 314 366 399 419 434 444 448 580 603 650 785 798 859 888 890 926 935 1012 1019 1028 1048 1065 1097 1100 1120 1153 1176 1290 1302 1325 1380 1437 1460 1473 1497 1512 1577 1586 1594 1616 1641 1652 1653 1674 1686 1693 1723 1737 1750 1784 1800 1802 1825 1873 1900 1925 1997 2031 2038
857,C C ( C ) N 1 C C C C ( C 1 ) C 2 = C C = C C = C 2,1 157 194 197 283 339 348 351 367 389 406 446 448 522 527 565 633 667 696 711 722 739 742 752 785 796 903 926 935 1019 1028 1051 1055 1057 1088 1158 1182 1199 1265 1278 1279 1325 1380 1438 1448 1480 1504 1516 1620 1663 1750 1821 1853 1863 1873 1877 1884 1943 1975 1983 1989 2000 2040
858,C 1 C [C@@H] ( N ( C 1 ) C C ( = O ) N C 2 = C C = C ( C = C 2 ) Br ) C 3 = C C 4 = C ( C = C 3 ) O C C O 4,41 80 87 160 191 203 219 231 346 395 425 438 441 446 483 527 533 552 555 647 650 656 724 728 738 787 807 831 843 875 901 905 909 926 935 950 954 1019 1028 1035 1047 1077 1084 1087 1139 1152 1156 1157 1171 1240 1279 1284 1299 1312 1325 1374 1380 1404 1409 1420 1426 1448 1480 1481 1529 1596 1599 1631 1647 1649 1669 1714 1750 1777 1785 1803 1816 1818 1832 1860 1873 1902 1905 1917 1930 1957 2022
859,C C 1 = C C = C ( O 1 ) C ( C # C ) C 2 = C C = C ( C = C 2 ) C 3 = C C = C C = C 3,1 83 143 178 191 260 291 298 305 335 352 364 389 442 516 533 547 580 595 656 674 679 727 736 737 740 802 896 900 915 974 977 995 1039 1051 1057 1072 1088 1122 1131 1140 1146 1157 1160 1179 1199 1206 1310 1365 1375 1378 1380 1415 1519 1534 1604 1654 1708 1722 1742 1750 1783 1853 1856 1873 1900 1908 1961 1964 1975 1984
860,C C O C N 1 C 2 = C ( C = C C ( = C 2 ) F ) N 3 C 1 = C ( C ( = O ) C C 3 ) C ( = O ) N C 4 = C C = C ( S 4 ) C,1 3 49 75 76 80 135 143 162 202 219 226 249 252 294 314 326 383 448 486 525 532 541 588 650 675 695 699 721 736 751 755 773 774 779 807 826 836 852 875 892 926 935 945 1014 1025 1048 1049 1057 1090 1095 1152 1173 1181 1215 1218 1238 1293 1295 1334 1351 1380 1407 1410 1449 1451 1457 1465 1480 1487 1514 1615 1624 1630 1670 1722 1733 1738 1750 1792 1816 1829 1873 1915 1917 1928 1984 1990 1992 1993 2029 2040
861,C 1 C C 1 C 2 = C ( C ( = O ) N N 2 ) C 3 = N C 4 = C C = C C = C 4 C ( = C 3 ) Cl,49 108 193 272 289 314 328 358 362 366 371 378 380 389 392 401 476 518 561 612 640 650 658 721 729 750 799 875 881 926 927 980 1008 1019 1021 1048 1052 1084 1088 1097 1102 1104 1114 1142 1199 1265 1325 1357 1358 1380 1383 1384 1405 1437 1464 1465 1568 1573 1599 1683 1747 1750 1824 1855 1873 1916 1933 1995 2000 2016
862,C C 1 = C C ( = C ( C = C 1 ) C ) N C ( = O ) C N 2 C ( = O ) N 3 C = C N = C ( C 3 = N 2 ) S C 4 = C C = C C = C 4,1 7 27 32 41 80 116 132 141 158 177 195 206 228 235 239 267 314 326 378 387 389 411 420 456 552 565 579 580 590 636 641 650 658 664 685 705 717 725 771 786 792 807 811 875 922 935 1013 1027 1057 1088 1101 1108 1143 1152 1199 1224 1284 1312 1336 1380 1386 1391 1452 1468 1617 1620 1633 1691 1696 1722 1725 1747 1750 1773 1786 1802 1816 1821 1823 1866 1873 1890 1917 1948 1952 1956 1969 2010
863,C 1 = C N = C ( C = N 1 ) N C C N C ( = O ) C 2 = C C ( = C C ( = C 2 ) Br ) F,8 26 46 80 167 197 244 258 265 293 294 308 327 378 389 486 493 512 522 532 537 551 594 611 650 655 667 681 699 728 734 752 767 807 857 875 909 930 961 964 990 993 1054 1071 1091 1099 1100 1125 1152 1179 1216 1256 1319 1361 1378 1380 1385 1416 1452 1517 1520 1535 1563 1578 1586 1590 1603 1631 1670 1691 1749 1772 1786 1793 1846 1866 1868 1873 1900 1907 1917 1928 1932 1972 1989 2041
864,C [C@H] ( / C = C / C C ( = O ) N 1 C C 2 = C C = C C = C 2 C [C@H] 1 C O ) [C@@] 3 ( C 4 = C ( C = C C ( = C 4 ) Br ) N ( C 3 = O ) C C 5 = C C = C ( C = C 5 ) N C ( = O ) C 6 = C C = C ( C = C 6 ) N ) O,1 38 47 80 82 113 142 156 165 167 169 171 191 210 222 231 242 255 283 310 314 326 351 361 408 417 440 472 475 486 522 547 555 583 588 628 633 650 694 725 728 730 738 755 760 766 767 807 843 875 888 909 926 935 951 1009 1018 1019 1020 1035 1057 1060 1076 1077 1081 1082 1087 1088 1152 1154 1157 1168 1171 1176 1191 1199 1211 1224 1225 1236 1295 1313 1352 1356 1357 1374 1380 1381 1385 1427 1457 1462 1514 1516 1527 1531 1546 1552 1561 1607 1624 1631 1640 1649 1665 1683 1697 1708 1718 1750 1754 1765 1795 1804 1813 1816 1823 1826 1867 1873 1896 1915 1917 1946 1978 1979 1980
865,C C 1 = C ( C = C ( N 1 C 2 = C C = C C = C 2 F ) C 3 = C C ( = C C = C 3 ) O C ) C ( = O ) N 4 C C N ( C C 4 ) C ( = O ) C 5 = C C = C O 5,10 41 87 121 133 156 167 170 214 305 306 322 361 362 388 433 444 473 474 479 480 500 523 562 575 621 650 656 693 695 699 717 736 763 777 781 787 791 807 841 875 900 926 935 942 1010 1014 1032 1039 1048 1057 1066 1088 1090 1100 1150 1160 1199 1233 1239 1254 1295 1379 1380 1405 1410 1421 1429 1465 1480 1489 1504 1513 1536 1589 1647 1667 1692 1722 1748 1750 1754 1766 1772 1777 1786 1840 1856 1873 1875 1881 1917 1926 1928 1933 1939 1972 1991 1993 2009
866,C 1 C N C C C 1 N 2 C ( = O ) C C C 3 = C 2 C = C C ( = C 3 ) Cl,23 49 55 57 61 78 89 112 135 165 182 206 216 224 260 274 294 304 305 314 378 423 499 513 531 553 561 650 686 707 757 782 798 816 831 861 875 892 922 926 929 935 940 952 967 968 992 1007 1019 1058 1090 1114 1179 1199 1219 1236 1269 1282 1295 1308 1320 1325 1347 1358 1380 1384 1394 1406 1446 1485 1516 1529 1607 1665 1683 1686 1730 1738 1750 1859 1873 1909 1910 1914 1915 1922 1951 1965 1989 2037
867,C C C ( C S ( = O ) ( = O ) C 1 = C ( C = C ( C = C 1 ) C ) C ) N,1 37 56 80 123 180 204 226 235 294 306 350 392 420 490 525 640 650 773 786 803 871 875 973 1013 1057 1133 1171 1174 1245 1248 1297 1376 1380 1391 1476 1478 1537 1544 1611 1618 1659 1686 1694 1722 1750 1807 1823 1853 1856 1873 1883 1909 1937 1997
868,C C C C ( C ) ( C ) N 1 C C S C 1 = S,80 91 97 114 157 174 189 258 294 320 331 344 375 392 473 497 502 507 548 603 633 649 675 679 692 740 789 794 833 838 849 880 899 926 935 1026 1057 1076 1091 1118 1123 1144 1220 1237 1246 1280 1308 1341 1346 1361 1380 1409 1412 1421 1441 1443 1474 1480 1528 1531 1554 1611 1639 1664 1688 1717 1729 1790 1846 1874 1892 1904 1941 1950 1959 2017 2038 2041
869,C [C@H] ( C 1 = C C = C ( C = C 1 ) S ( = O ) ( = O ) N ) N ( C ) C ( = S ) N C C C S C,1 11 80 97 110 116 169 178 197 225 264 283 319 350 394 512 533 595 617 650 667 715 739 764 807 833 836 881 893 897 954 994 1057 1149 1152 1163 1171 1182 1197 1211 1220 1222 1292 1310 1316 1331 1365 1380 1443 1470 1476 1481 1489 1502 1531 1562 1566 1607 1611 1623 1667 1688 1690 1694 1697 1704 1706 1733 1745 1750 1779 1782 1815 1819 1853 1854 1859 1873 1876 1908 1911 1922 1940 1942 1947 1950 1978 2018
870,C C ( = O ) N [C@@H] 1 [C@H] ( [C@@H] ( [C@] ( O [C@H] 1 [C@@H] ( [C@@H] ( C O C ( = O ) C ) O C ( = O ) C ) O C ( = O ) C ) ( C ( = O ) O C ) O C ( = O ) C ) F ) O C ( = O ) C,1 6 32 69 80 118 131 147 149 188 213 235 245 348 378 387 422 468 472 520 521 564 576 613 643 650 656 695 724 807 833 839 841 846 901 911 939 993 1017 1019 1022 1027 1035 1057 1060 1070 1081 1093 1121 1126 1152 1153 1158 1217 1219 1257 1258 1313 1365 1368 1394 1424 1431 1582 1614 1618 1631 1667 1679 1684 1707 1708 1721 1728 1731 1788 1834 1867 1880 1906 1917 1928 1950 1962 1970 1971 1992 2044
871,C C ( O ) O C C N C,1 13 16 68 80 178 192 227 249 283 316 352 373 378 404 432 517 642 667 695 702 807 821 929 961 991 1014 1057 1067 1077 1088 1126 1152 1159 1229 1230 1313 1427 1430 1455 1656 1704 1742 1849 1854 1882 1979 1995 2006
872,C C [C@H] 1 [C@H] ( [C@@H] ( C 2 = C C = C C = C 2 N 1 C ( = O ) C 3 = C C = C ( C = C 3 ) C ( C ) ( C ) C ) N C 4 = C C = C C = C 4 ) C,24 33 38 43 60 74 80 103 114 166 183 191 233 236 241 272 292 294 308 313 320 371 389 392 410 477 478 592 650 666 668 681 703 791 807 826 848 871 926 935 955 1019 1027 1057 1065 1067 1088 1113 1127 1152 1188 1194 1199 1219 1247 1277 1282 1292 1295 1309 1339 1380 1385 1394 1417 1418 1435 1443 1454 1461 1501 1504 1511 1514 1556 1589 1601 1645 1647 1654 1658 1665 1680 1690 1697 1750 1775 1781 1803 1805 1847 1873 1885 1889 1917 1960 2004 2011 2015 2044
873,C C 1 ( C N ( C C [C@@] 1 ( C 2 = C C = C ( C = C 2 ) Cl ) O ) C ( = O ) [C@H] 3 C C C C [C@H] 3 N C ( = O ) N C C C ( = O ) O ) C,43 58 80 98 111 157 197 200 209 216 259 276 363 366 378 387 389 398 425 474 484 488 523 556 561 602 650 667 697 712 751 795 807 816 839 863 890 926 935 944 992 1000 1019 1026 1028 1035 1036 1057 1060 1070 1072 1078 1094 1108 1114 1125 1145 1152 1154 1162 1166 1196 1225 1251 1274 1287 1298 1325 1343 1380 1403 1421 1424 1446 1458 1480 1502 1515 1521 1535 1564 1614 1641 1668 1683 1698 1705 1727 1730 1737 1750 1852 1873 1917 1930 1949 1989 2009 2036
874,C C ( C ) C C 1 = C ( N = C ( S 1 ) N ) C ( = O ) O C,1 35 69 79 80 100 145 148 162 163 283 315 319 350 378 423 486 487 490 522 621 631 650 672 675 695 715 720 792 807 823 841 854 859 872 875 889 898 906 919 920 946 999 1003 1013 1057 1101 1103 1152 1163 1171 1175 1243 1264 1288 1301 1304 1310 1331 1332 1338 1380 1430 1457 1486 1577 1592 1658 1659 1693 1727 1730 1786 1847 1852 1855 1888 1890 1917 1985 2024 2032
875,C C ( = O ) O C [C@@H] 1 [C@H] ( [C@@H] ( [C@H] ( [C@@H] ( O 1 ) C # N ) O C ( = O ) C ) O C ( = O ) C ) O C ( = O ) C,49 58 80 142 147 186 241 277 335 336 348 382 392 407 447 449 452 472 517 521 523 541 552 564 565 604 610 642 650 656 659 674 695 717 742 762 767 771 779 787 790 807 838 846 860 889 895 944 951 956 988 1000 1017 1019 1035 1057 1079 1116 1126 1132 1136 1176 1177 1187 1204 1228 1325 1332 1366 1384 1423 1431 1454 1473 1500 1520 1531 1602 1639 1649 1667 1677 1682 1735 1763 1816 1905 1917 1921 1928 1937 1950 2025
876,C C ( = C ) C [C@@H] ( [C@@H] 1 C C ( = O ) O 1 ) O C C 2 = C C = C C = C 2,1 9 50 52 73 80 86 156 166 231 283 298 303 314 316 332 355 389 391 394 405 411 459 473 474 482 591 624 637 642 644 650 656 677 695 735 745 750 807 812 867 912 921 926 961 970 978 990 1017 1019 1022 1048 1057 1063 1066 1088 1134 1148 1163 1199 1256 1284 1289 1290 1329 1338 1355 1366 1367 1380 1408 1418 1419 1428 1447 1559 1562 1600 1638 1645 1659 1662 1688 1750 1751 1754 1778 1779 1812 1873 1900 1992 2023 2042
877,S ( C 1 ( C 2 C 3 C ( C 1 C C 3 ) C C 2 ) C ( = O ) O ) C,51 82 99 116 128 179 184 222 345 377 389 394 418 446 461 488 509 519 522 561 562 622 629 650 720 723 738 746 807 901 926 973 1000 1019 1057 1060 1061 1121 1136 1156 1174 1185 1243 1275 1325 1355 1369 1370 1380 1393 1452 1537 1581 1610 1625 1627 1653 1662 1736 1771 1785 1828 1875 1885 1917 1918 1931 1944 1949 1958 1962 1978
878,C 1 C C O / C ( = N \ S ( = O ) ( = O ) C ( F ) ( F ) F ) / C 1,0 4 54 67 78 98 110 114 176 200 245 280 310 347 350 395 398 412 441 463 525 526 542 555 616 646 650 656 667 670 684 725 759 777 781 783 792 801 904 926 950 955 984 1016 1028 1041 1148 1168 1205 1216 1244 1249 1380 1449 1453 1476 1481 1496 1554 1563 1617 1694 1700 1726 1738 1831 1856 1879 1928
879,C C S C 1 = N C 2 = C ( C = N N 2 C C N C ( = O ) C C C Cl ) C ( = N 1 ) N 3 C C O C C 3,23 41 43 48 80 105 116 130 156 158 165 174 176 179 197 205 212 229 283 294 300 309 340 341 378 407 414 427 432 501 523 538 541 554 586 597 650 656 667 706 804 807 823 825 862 870 890 926 935 945 950 1014 1057 1086 1109 1115 1121 1138 1145 1152 1192 1357 1378 1380 1405 1420 1441 1452 1456 1472 1480 1513 1521 1527 1535 1564 1589 1623 1660 1683 1696 1718 1837 1855 1868 1873 1880 1911 1917 1937 1944 2010 2025
880,C C C 1 = C C ( = C 2 C = C ( C = C ( C 2 = N 1 ) Cl ) C ) Cl,32 60 71 80 106 130 163 187 294 305 321 332 366 378 409 419 439 513 529 549 561 599 616 668 686 704 724 772 803 875 883 886 909 912 917 946 1021 1025 1057 1100 1102 1122 1143 1186 1271 1325 1356 1357 1362 1380 1403 1418 1431 1433 1529 1541 1603 1657 1659 1683 1722 1724 1743 1799 1802 1823 1855 1873 1933 1953 1964
881,C C C N C ( = O ) O C 1 = C N = C 2 C ( = C C = C N 2 C 1 = O ) C,79 80 95 112 131 136 173 196 197 273 284 294 314 337 340 368 378 424 466 483 504 572 579 600 605 650 667 687 695 698 709 757 794 807 811 814 847 902 903 924 935 955 1000 1013 1038 1057 1069 1088 1101 1109 1133 1138 1152 1180 1231 1259 1280 1380 1391 1404 1452 1458 1513 1514 1535 1539 1592 1595 1631 1688 1696 1714 1722 1729 1750 1754 1758 1858 1860 1873 1876 1917 1969 1970 1999
882,C C 1 = C C ( = N N 1 C ) C N C ( = O ) C 2 = C C = C C ( = C 2 ) C N 3 C ( = C ( C ( = N 3 ) C ) Br ) C,15 77 80 92 127 158 197 223 255 265 267 307 378 486 508 526 589 650 675 724 728 744 797 800 807 813 822 842 875 880 882 883 916 935 964 993 1039 1057 1066 1088 1105 1120 1145 1146 1152 1178 1232 1255 1268 1363 1380 1385 1425 1429 1458 1471 1512 1532 1577 1615 1626 1631 1637 1659 1705 1717 1722 1750 1754 1765 1766 1776 1855 1873 1874 1899 1917 1918 1946 1956 1985 2040
883,O 1 / C ( = N / C C c 2 c 3 c ( [nH] c 2 ) c c c c 3 ) / [C@] 2 ( N ( C ( = C ( C 3 = C C [C@@H] 4 [C@H] ( [C@@H] 2 3 ) C ( = O ) N ( C 4 = O ) C C ) C C ) O C ( = O ) N ( C C ) C C ) C 1 = O ) C c 1 c c c c c 1,5 10 13 34 80 119 144 154 169 170 192 231 232 241 286 294 303 314 328 338 343 357 364 375 384 389 406 413 455 457 476 495 509 532 556 588 598 608 623 650 656 695 725 758 781 789 806 807 865 879 881 891 906 926 932 935 940 978 1008 1019 1034 1038 1045 1057 1060 1066 1088 1089 1114 1136 1144 1176 1181 1184 1199 1243 1244 1263 1275 1294 1349 1357 1372 1380 1392 1406 1438 1457 1471 1472 1508 1533 1544 1553 1554 1573 1574 1575 1601 1606 1607 1612 1637 1647 1697 1729 1731 1732 1734 1750 1754 1781 1783 1793 1799 1810 1811 1839 1861 1864 1873 1879 1901 1917 1937 1949 1970 2013 2026 2032 2040
884,C C 1 = C ( C = C C ( = C 1 ) C 2 = N C 3 = C ( O 2 ) C = C C = N 3 ) N C ( = S ) N C ( = O ) C 4 = C C ( = C ( C = C 4 ) Cl ) Cl,0 17 64 83 97 110 137 154 155 160 210 339 347 366 369 372 378 394 395 424 448 486 526 561 600 637 650 656 666 691 730 782 797 807 828 853 875 896 929 930 989 1043 1047 1057 1088 1115 1117 1119 1128 1152 1160 1161 1224 1230 1261 1292 1297 1380 1385 1391 1402 1422 1430 1436 1442 1452 1485 1502 1541 1542 1554 1563 1566 1583 1604 1642 1669 1683 1697 1708 1716 1722 1728 1750 1808 1816 1818 1822 1835 1848 1855 1856 1857 1865 1866 1873 1884 1917 2022
885,C C 1 = C ( C ( = O ) N C ( = C 1 C C C ( = O ) N C 2 = C C = C ( C = C 2 ) C ( = O ) N C ) C ) C # N,36 41 42 79 80 81 183 191 213 252 255 314 326 345 354 358 363 376 392 406 452 473 486 501 557 607 650 660 674 692 694 728 750 756 769 790 807 837 840 843 870 873 880 901 930 961 1006 1048 1057 1075 1077 1114 1136 1152 1170 1243 1258 1272 1289 1303 1380 1382 1384 1385 1430 1434 1527 1538 1540 1564 1594 1606 1665 1697 1721 1722 1745 1750 1785 1816 1817 1873 1886 1890 1898 1917 1918 1965 2034
886,C C O C ( = O ) [C@H] 1 [C@H] 2 C ( C C 3 ( [C@@H] 1 C ( = O ) N ( C 3 C ( = O ) N ( C C = C ) C C 4 = C C = C C = C 4 ) [C@H] ( C O ) C 5 = C C = C C = C 5 ) S 2 ) Br,1 5 19 42 50 53 80 89 146 147 182 222 267 268 294 314 318 331 335 382 389 396 400 405 442 478 482 501 506 507 512 523 534 556 570 587 616 650 673 675 677 679 681 694 695 728 790 807 881 926 932 935 936 940 976 978 1013 1019 1037 1047 1057 1058 1060 1066 1086 1087 1088 1139 1147 1158 1181 1188 1198 1199 1203 1234 1235 1238 1329 1337 1348 1356 1365 1366 1374 1380 1381 1397 1417 1420 1435 1455 1468 1499 1509 1510 1581 1588 1613 1633 1635 1645 1666 1697 1703 1722 1747 1750 1754 1798 1819 1843 1871 1873 1917 1996 2033
887,C C O C 1 = C ( C ( = C C ( = C 1 ) C = C 2 C ( = O ) N N ( C 2 = O ) C 3 = C C = C C = C 3 ) Cl ) O C C 4 = C C ( = C C = C 4 ) C ( = O ) O,80 107 113 157 159 183 200 237 238 281 294 314 328 333 363 366 389 392 425 456 468 525 526 561 577 590 640 650 694 695 704 720 723 745 796 807 836 866 875 879 880 910 912 919 935 1028 1039 1049 1057 1066 1070 1074 1088 1109 1114 1120 1127 1132 1138 1199 1206 1226 1238 1249 1270 1280 1380 1385 1418 1452 1476 1540 1605 1657 1683 1722 1742 1750 1754 1825 1828 1868 1873 1917 1925 1970 1975 1984 1985 2033 2045
888,C C C 1 ( C ( = O ) N ( C ( = O ) N 1 ) C C ( = O ) N C 2 = C C = C ( C = C 2 ) C 3 = C N 4 C = C S C 4 = N 3 ) C 5 = C C = C C = C 5,14 16 32 37 41 80 88 132 139 171 191 194 254 255 256 266 269 287 294 314 342 378 389 418 464 550 556 564 571 588 650 655 675 730 751 772 807 810 813 843 873 884 896 901 935 980 1057 1060 1061 1067 1077 1088 1092 1101 1114 1140 1152 1160 1169 1199 1284 1312 1351 1367 1380 1396 1420 1422 1423 1425 1444 1492 1493 1529 1548 1567 1606 1615 1742 1750 1791 1811 1815 1816 1848 1855 1873 1877 1917 1971 2015 2017 2040
889,[C@H] 1 ( [C@H] ( N ( [C@H] ( [C@H] 1 O C c 1 c c ( c n c 1 O C ) C ( F ) ( F ) F ) c 1 c c c c c 1 Cl ) C ( = O ) [C@@H] 1 C C C C O 1 ) C ( = O ) O ) C ( C ) ( C ) C,35 40 47 53 80 81 114 173 279 329 332 334 361 362 366 371 377 378 385 389 392 401 424 436 442 466 536 542 546 561 582 611 650 656 678 695 730 731 745 749 754 776 802 807 809 821 823 830 841 875 883 890 926 935 937 950 974 977 986 1019 1027 1028 1057 1066 1075 1088 1097 1199 1201 1229 1249 1253 1258 1260 1325 1327 1334 1349 1359 1380 1404 1417 1431 1452 1453 1465 1472 1509 1535 1536 1552 1586 1596 1618 1661 1683 1693 1723 1730 1736 1750 1783 1815 1822 1832 1842 1856 1873 1884 1917 1928 1944 1950 1973 1980 1989 2005 2036
890,C = C 1 C N 1 C C C C O,35 79 80 90 174 178 222 302 313 347 473 507 541 548 556 602 638 639 641 807 842 882 893 896 926 927 935 951 983 984 1055 1089 1094 1130 1145 1174 1189 1203 1226 1235 1272 1299 1317 1318 1325 1342 1366 1378 1380 1442 1567 1609 1647 1662 1741 1761 1768 1795 1798 1810 1854 1868 1911 1919 1938 1946 2043
891,C 1 = C C = C ( C ( = C 1 ) [C@@H] 2 [C@H] 3 [C@@H] ( [C@@H] ( [NH2+] 2 ) C ( = O ) [O-] ) C ( = O ) N ( C 3 = O ) C 4 = C C ( = C C = C 4 ) F ) O,5 19 71 143 207 230 247 265 290 314 322 332 371 386 414 507 522 584 586 588 608 609 650 672 699 715 721 727 745 782 786 797 807 839 875 891 935 945 960 980 993 1009 1019 1027 1039 1049 1088 1153 1180 1198 1199 1201 1226 1247 1267 1334 1337 1362 1380 1451 1457 1474 1487 1536 1539 1589 1595 1601 1602 1607 1619 1665 1670 1685 1686 1693 1723 1731 1733 1750 1807 1825 1826 1831 1841 1873 1881 1917 1924 1928 1996 2039
892,C 1 = C C = C ( C = C 1 ) S C 2 = C ( C 3 = C C = C C = C 3 C ( = C 2 ) N S ( = O ) ( = O ) C 4 = C C = C C = C 4 ) O,4 20 27 30 51 62 63 116 130 162 168 185 193 202 261 319 350 389 419 476 492 502 548 552 575 613 614 650 807 811 814 838 875 883 887 972 1011 1024 1025 1088 1092 1112 1152 1153 1164 1175 1199 1224 1244 1252 1270 1309 1357 1380 1396 1411 1459 1467 1476 1573 1602 1657 1667 1750 1779 1790 1802 1809 1817 1819 1820 1873
893,C O C 1 = C C = C C ( = C 1 ) N C 2 = C C = C ( C 3 = N O N = C 2 3 ) N,46 106 139 146 160 191 203 219 252 319 322 329 335 378 440 467 491 533 562 656 695 703 711 781 786 819 841 875 910 956 975 1039 1057 1088 1131 1152 1171 1195 1196 1224 1238 1249 1251 1256 1274 1301 1310 1337 1357 1363 1371 1380 1385 1391 1410 1418 1457 1483 1514 1536 1542 1552 1559 1591 1595 1681 1724 1750 1772 1784 1856 1873 1889 1894 1972 1992 2024 2031 2038
894,C C 1 = C C ( = C ( C ( = C 1 ) C ) S ( = O ) ( = O ) N [C@@H] ( C C C C N C ( = O ) O C C 2 = C C = C C = C 2 Cl ) / C = C / [C@@H] ( C ) C ( = O ) O C C 3 = C C = C C = C 3 ) C,1 2 16 27 80 102 147 194 197 204 209 258 283 295 319 350 366 375 388 389 397 409 468 474 493 502 524 548 561 592 629 636 650 667 694 695 739 745 768 783 798 807 875 964 974 995 1008 1021 1057 1060 1066 1088 1152 1199 1202 1207 1262 1280 1283 1297 1323 1339 1349 1367 1372 1380 1391 1448 1476 1510 1512 1514 1518 1558 1564 1574 1584 1597 1624 1671 1678 1681 1683 1710 1722 1738 1744 1750 1754 1758 1788 1823 1838 1873 1876 1881 1911 1914 1917 1939 1941 1953 1994 2001 2020 2023 2042
895,C O N = C C C ( = O ) O C 1 = C ( C = C ( C = C 1 ) Cl ) Cl,1 13 20 65 80 94 165 211 216 366 368 395 401 422 460 475 507 561 597 650 655 667 684 694 695 725 803 807 816 841 875 904 988 989 1046 1057 1087 1096 1110 1172 1174 1209 1308 1309 1322 1325 1336 1353 1363 1380 1386 1402 1409 1422 1481 1545 1638 1653 1660 1663 1683 1689 1697 1700 1729 1750 1783 1849 1850 1873 1877 1917 1950 1955 1970 1975
896,C C 1 = C C = C C = C 1 C 2 = C C ( = N C = C 2 N ( C ) C ( = O ) C ( C ) ( C ) C 3 = C C ( = C C ( = C 3 ) C ( F ) ( F ) F ) C ( F ) ( F ) F ) N 4 C C S ( = O ) ( = O ) C C 4,18 54 81 113 114 125 141 158 207 217 239 303 352 358 378 392 396 407 463 467 469 509 527 593 598 622 650 712 774 786 789 807 809 825 829 845 849 875 881 903 922 926 935 960 969 984 1014 1051 1057 1088 1124 1158 1163 1166 1175 1199 1227 1234 1248 1260 1362 1380 1391 1417 1433 1438 1452 1453 1469 1480 1530 1535 1588 1611 1638 1700 1722 1724 1730 1750 1754 1757 1772 1798 1805 1868 1873 1883 1901 1907 1917 1920 1928 1999 2010 2018 2021 2039 2046
897,O 1 [C@@H] ( C N C C 1 ) [C@H] ( c 1 c ( c c c c 1 ) C ) O c 1 c c c ( c c 1 O C ) Cl,1 54 94 133 153 165 216 232 237 249 292 305 354 358 383 407 470 499 504 541 555 561 569 581 649 656 664 695 711 714 778 802 812 816 827 841 875 889 894 901 926 949 950 1002 1019 1057 1088 1096 1114 1120 1199 1238 1240 1245 1308 1380 1381 1391 1483 1506 1529 1536 1558 1562 1625 1661 1683 1695 1722 1750 1769 1811 1836 1869 1873 1922 1945 1961 1966 1970 1999 2014
898,C C 1 = N C 2 = N C = N N 2 C ( = C 1 ) N C 3 = C ( N ( N = C 3 C ) C 4 = C C = C C = C 4 ) C,4 43 92 99 239 264 305 333 334 340 349 369 378 381 389 391 405 412 426 439 489 491 499 534 574 577 580 670 699 712 727 749 755 758 764 776 784 797 811 843 875 884 916 935 940 996 1013 1014 1049 1057 1088 1123 1129 1152 1199 1289 1304 1366 1380 1432 1440 1452 1467 1494 1520 1533 1540 1574 1635 1664 1670 1675 1691 1710 1722 1729 1731 1750 1760 1766 1800 1825 1852 1855 1857 1873 1883 1951 1956 1972 2004 2024 2032
899,C O C 1 = C C = C C ( = C 1 ) N C 2 = N N = C ( S 2 ) S C C ( = O ) N C ( = O ) C 3 = C C = C S 3,14 41 79 80 91 116 140 149 162 179 191 197 219 228 231 241 263 322 323 329 332 341 378 381 383 385 419 486 491 526 543 562 584 650 655 675 695 700 703 763 773 781 784 795 797 799 807 833 841 842 857 875 915 999 1001 1003 1007 1038 1039 1056 1057 1088 1119 1152 1164 1205 1299 1316 1349 1380 1385 1410 1414 1472 1484 1506 1536 1567 1576 1577 1628 1654 1658 1685 1696 1713 1724 1750 1858 1873 1899 1917 1956 1959 1972 1996 2000
900,C O C ( = O ) / C = C / N C ( = S ) N,16 31 39 97 110 140 200 214 457 543 620 650 678 690 694 695 757 785 807 841 847 857 890 897 941 978 1010 1017 1057 1073 1077 1093 1129 1152 1171 1236 1289 1326 1332 1340 1489 1536 1562 1657 1703 1764 1767 1768 1917 1929 1977 2003 2004 2007 2026
901,C C N 1 C 2 = C C = C C = C 2 N = C 1 S C C ( = O ) N C 3 = C C = C ( C = C 3 ) Br,0 18 34 41 45 77 80 83 116 142 172 191 195 236 289 294 339 341 357 378 384 385 439 469 493 512 516 533 558 564 577 582 597 619 650 655 728 742 747 752 757 802 807 819 843 850 877 901 909 935 970 1001 1006 1047 1057 1077 1088 1097 1132 1152 1157 1171 1199 1217 1275 1285 1310 1349 1380 1450 1455 1478 1506 1540 1592 1631 1633 1649 1655 1659 1660 1729 1750 1794 1816 1855 1871 1873 1886 1912 1917 1938 1959 2044
902,C C O C ( = O ) C 1 = N C 2 = C C = C C = C 2 C ( = O ) N 1 C 3 = C ( C = C ( C = C 3 ) C ) C,12 15 31 35 64 80 107 123 145 147 148 204 205 235 275 289 294 314 333 351 378 389 397 452 466 504 547 577 583 650 695 701 725 753 759 800 807 822 869 875 935 936 1007 1013 1057 1077 1088 1091 1097 1113 1134 1168 1199 1238 1289 1292 1295 1315 1357 1375 1380 1391 1426 1464 1503 1514 1573 1593 1602 1722 1727 1750 1755 1796 1798 1813 1823 1843 1855 1873 1908 1915 1917 1981 1993 1994 2041
903,C [C@H] ( C ( = O ) N C 1 = C C = C ( C = C 1 ) F ) O C ( = O ) C 2 = C C 3 = C ( C = C 2 ) C ( = O ) N ( C 3 = O ) C C = C,1 5 36 69 80 90 110 145 191 218 283 310 314 330 352 376 404 417 421 469 550 573 588 595 612 642 650 657 665 680 694 695 699 722 807 843 871 875 879 935 940 958 975 1032 1057 1058 1073 1077 1117 1144 1152 1269 1286 1312 1347 1366 1380 1385 1410 1421 1437 1440 1464 1489 1501 1503 1543 1544 1560 1590 1625 1645 1664 1670 1697 1703 1717 1719 1731 1750 1778 1814 1816 1820 1845 1849 1873 1886 1895 1917 1920 1928 1985 1991
904,C C C ( = O ) N C 1 C [C@H] 2 [C@@H] 3 C C C ( = O ) [C@] 3 ( C C [C@@H] 2 [C@@] 4 ( C 1 = C C ( = O ) C = C 4 ) C ) C,7 41 61 80 84 94 111 121 130 239 240 294 309 314 385 387 397 475 496 519 529 547 564 585 606 611 617 622 650 672 758 776 781 787 799 807 890 898 909 926 960 967 994 1019 1020 1025 1057 1060 1101 1131 1132 1141 1152 1162 1200 1204 1209 1233 1274 1286 1290 1292 1325 1332 1339 1347 1380 1619 1623 1652 1679 1696 1697 1708 1738 1742 1780 1831 1855 1873 1884 1917 1927 1930 1978 2000 2021 2030
905,C 1 C C ( = O ) N ( C 1 ) C 2 = C C = C C = C 2 N C ( = O ) C 3 = C C = C ( C = C 3 ) O C ( F ) F,1 25 39 52 82 91 140 154 173 179 215 252 270 314 322 370 417 480 486 519 551 590 621 650 664 680 687 695 718 722 723 798 807 820 910 912 926 929 935 947 968 1016 1028 1037 1050 1075 1088 1138 1152 1182 1196 1199 1223 1224 1231 1279 1295 1327 1380 1385 1456 1457 1480 1509 1525 1594 1598 1601 1647 1664 1665 1666 1688 1696 1697 1738 1750 1782 1785 1795 1816 1864 1873 1912 1917 1928 2042 2045 2047
906,C 1 = C [C@H] 2 C 3 = C S C = C 3 [C@@H] 1 O 2,22 72 152 159 164 303 326 327 442 447 545 552 562 563 609 626 656 669 675 734 742 760 775 776 782 816 988 996 1008 1019 1027 1083 1111 1122 1295 1305 1325 1330 1339 1372 1380 1425 1443 1481 1512 1515 1648 1703 1716 1728 1741 1769 1815 1824 1845 1849 1859 1873 1891 1905 1915 1921 1989 2040
907,C C 1 = C C ( = O ) N 2 C ( = N 1 ) S C ( = N 2 ) C N 3 C C N ( C C 3 ) C C 4 = C C = C S 4,14 32 35 59 64 74 80 93 94 121 131 162 196 241 314 378 383 398 407 410 412 506 527 548 566 650 656 675 710 745 784 847 875 926 930 935 938 1003 1057 1088 1100 1139 1141 1157 1186 1238 1242 1256 1369 1380 1389 1401 1437 1448 1480 1520 1565 1567 1574 1578 1598 1638 1649 1713 1722 1731 1750 1759 1765 1766 1779 1791 1828 1831 1852 1855 1873 1912 1917 1956 2001 2014 2021 2029
908,C 1 = C C ( = C C = C 1 S ( = O ) ( = O ) N C 2 = C ( C ( = C ( C ( = C 2 Cl ) Cl ) N S ( = O ) ( = O ) C 3 = C C = C ( C = C 3 ) Br ) Cl ) Cl ) Br,4 128 146 194 199 211 266 267 283 319 330 350 381 471 472 489 502 514 531 561 614 650 663 695 715 728 883 899 909 991 1011 1057 1064 1126 1152 1157 1190 1222 1252 1260 1270 1272 1327 1380 1434 1476 1569 1590 1612 1620 1631 1648 1649 1660 1683 1701 1716 1750 1816 1870 1873 1915 1924 1960 1967
909,C 1 = C C ( = C C = C 1 / C ( = C / C ( = O ) C ( = O ) N C 2 = C C = C ( C = C 2 ) I ) / O ) F,27 33 43 90 104 126 191 206 273 300 304 326 389 454 503 529 548 647 650 661 694 699 742 791 807 843 848 921 947 983 986 991 1077 1094 1103 1120 1152 1175 1198 1210 1260 1333 1344 1351 1357 1380 1385 1410 1431 1458 1494 1594 1595 1605 1670 1675 1697 1750 1789 1793 1816 1838 1841 1872 1873 1892 1896 1917 1928 1942 1972
910,C C ( C ) O C 1 = C ( C = C 2 C C N 3 C ( = C C ( = C 3 C 2 = C 1 ) C 4 = C C = C S 4 ) C ( = O ) N 5 C C C N ( C C 5 ) C ( = O ) C ( C ( F ) ( F ) F ) O ) O C,1 14 27 62 88 98 108 114 124 136 192 227 241 249 283 289 319 320 352 369 383 394 398 432 488 492 495 504 515 529 538 546 551 555 596 614 650 664 675 680 695 729 755 807 841 875 907 914 926 934 935 942 978 992 1028 1037 1057 1062 1073 1074 1083 1088 1128 1155 1179 1217 1231 1236 1245 1251 1335 1341 1342 1380 1385 1392 1397 1409 1429 1453 1457 1473 1480 1494 1496 1504 1517 1536 1551 1559 1567 1578 1589 1665 1666 1668 1673 1690 1697 1700 1719 1738 1750 1800 1855 1873 1888 1917 1921 1928 1970 1978 2009 2044
911,C C 1 2 C C C C C 1 C ( C C 3 4 C 2 C C ( C ( = C 3 ) C ( C ) ( C ) O ) O O 4 ) ( C ) C ( = O ) O,38 48 55 77 79 86 110 114 149 161 184 241 266 295 310 389 392 464 478 482 484 486 492 510 518 543 548 576 594 644 650 656 695 699 746 780 807 836 839 841 852 889 890 905 926 967 994 1011 1019 1025 1028 1057 1060 1069 1116 1162 1212 1229 1261 1274 1292 1300 1325 1380 1417 1474 1477 1492 1509 1517 1525 1557 1638 1656 1677 1786 1854 1872 1873 1894 1908 1913 1917 2035
912,C 1 C C N ( C C 1 ) C C O C 2 = C C = C ( C = C 2 ) C [C@@H] ( C ( = O ) O ) N C ( = O ) [C@@H] 3 C [C@@H] ( C N 3 S ( = O ) ( = O ) C 4 = C C ( = C C ( = C 4 ) Cl ) Cl ) N,1 2 13 39 45 64 79 80 102 117 143 168 216 228 242 254 310 319 322 350 354 363 389 417 456 469 497 499 505 525 531 533 561 593 650 658 689 695 708 718 723 736 738 739 749 792 799 800 807 837 846 851 857 875 903 926 927 935 936 976 1007 1019 1027 1028 1034 1053 1141 1145 1148 1152 1156 1167 1171 1215 1235 1236 1245 1275 1292 1295 1305 1309 1362 1380 1381 1400 1422 1432 1435 1452 1469 1476 1480 1482 1506 1537 1624 1678 1683 1720 1747 1750 1754 1791 1803 1832 1844 1873 1878 1903 1917 1998 2006 2045
913,C O C 1 = C C ( = C C ( = C 1 O C ) O C ) C ( = O ) N C C C C 2 = N C 3 = C C = C C = C 3 N 2 C C C ( = O ) N 4 C C C C C C 4,2 8 25 45 80 111 128 197 241 249 265 282 289 305 318 333 334 357 363 369 378 385 428 455 464 465 486 494 510 515 623 650 651 654 660 667 695 725 740 747 758 760 764 770 802 807 841 844 854 875 926 931 935 951 994 996 1004 1009 1028 1046 1056 1057 1062 1064 1082 1088 1097 1112 1126 1145 1152 1199 1243 1285 1294 1335 1363 1369 1380 1385 1393 1417 1454 1468 1476 1479 1480 1484 1525 1536 1563 1564 1599 1652 1750 1789 1814 1842 1855 1873 1876 1892 1911 1912 1917 1945 1970 1998 2009
914,C C ( = O ) N C 1 = C C ( = C ( C = C 1 O C ) O C ) S ( = O ) ( = O ) N 2 C C O C C 2,5 24 40 65 136 154 177 199 235 245 249 300 314 350 366 387 392 415 523 553 585 607 650 654 656 695 703 800 807 841 843 849 875 926 929 935 950 1001 1003 1013 1017 1019 1057 1058 1063 1102 1152 1206 1224 1279 1373 1380 1396 1405 1441 1476 1480 1494 1536 1543 1556 1577 1627 1679 1693 1711 1746 1816 1845 1851 1865 1867 1873 1895 1917 1934 1970 1987 2024 2027
915,C [C@H] ( C 1 = C C = C C 2 = C C = C C = C 2 1 ) N ( C ) C 3 = N [C@@] 3 ( C ) C C 4 = C C = C C = C 4,0 1 13 45 54 80 94 146 159 182 219 237 283 286 378 381 389 412 456 581 605 620 626 670 676 802 803 848 881 917 941 1030 1039 1057 1060 1066 1087 1088 1104 1140 1145 1147 1163 1199 1214 1227 1236 1241 1242 1274 1357 1380 1445 1462 1533 1572 1573 1630 1660 1672 1683 1697 1734 1750 1754 1756 1774 1806 1819 1855 1868 1871 1873 1958 1974 1976 2003 2026
916,C 1 = C C = C 2 C ( = C 1 ) C 3 = N C 4 = C 5 C ( = C C = C ( C 5 = C ( N 4 ) N = C 6 C 7 = C C = C C ( = C 7 C ( = N C 8 = N C ( = N C 2 = N 3 ) C 9 = C C = C C ( = C 9 8 ) C N ) N 6 ) C N ) C N ) C N,34 73 76 80 257 299 313 336 349 352 378 394 436 475 509 526 545 550 618 637 673 679 683 685 701 721 788 848 903 929 963 973 981 984 1039 1042 1088 1092 1114 1152 1153 1171 1190 1199 1246 1269 1306 1309 1322 1349 1357 1377 1380 1385 1474 1530 1531 1555 1573 1597 1641 1673 1689 1703 1711 1741 1745 1747 1748 1750 1752 1769 1804 1855 1873 1915 1984 2025
917,n 1 n c ( c c ( c 1 N C C N 1 C C O C C 1 ) C ) c 1 c c c ( N ) c c 1,57 58 62 80 109 136 159 167 221 265 378 447 464 523 562 625 656 658 667 668 708 714 774 875 888 896 926 935 942 950 980 1026 1029 1055 1057 1064 1111 1145 1152 1160 1164 1168 1171 1254 1358 1380 1391 1399 1405 1416 1426 1439 1441 1457 1480 1482 1527 1579 1596 1674 1679 1722 1748 1750 1775 1791 1804 1841 1848 1849 1867 1873 1962 1971 2016 2041
918,C O C 1 = C C ( = N C 2 = C C = C C = C 2 1 ) C ( = O ) N 3 C C C 4 ( C 3 ) C C N ( C C 4 ) C ( = O ) C N C ( = O ) C 5 = C C = C O 5,1 41 62 80 163 171 180 194 197 201 249 288 289 338 378 389 437 469 474 486 490 588 602 621 650 656 660 662 682 695 751 760 763 787 806 807 841 844 855 868 875 887 891 894 922 926 928 935 956 978 1009 1025 1030 1057 1060 1066 1087 1088 1097 1122 1152 1162 1169 1178 1183 1199 1223 1228 1233 1245 1296 1332 1357 1380 1386 1440 1480 1504 1514 1536 1542 1548 1573 1630 1654 1693 1701 1710 1745 1750 1754 1800 1813 1855 1873 1906 1909 1917 1926 1970 2009
919,c 1 ( n c ( c ( c ( c 1 Cl ) O C ( = O ) C ) Cl ) O C C ) C ( Cl ) ( Cl ) Cl,46 49 80 112 114 221 224 237 263 293 294 333 342 363 378 390 401 434 460 470 490 550 561 625 650 677 695 720 753 758 761 803 807 851 920 963 968 974 1011 1017 1035 1055 1057 1104 1119 1200 1218 1238 1264 1272 1281 1288 1360 1380 1413 1443 1452 1474 1481 1562 1587 1599 1615 1627 1632 1673 1676 1683 1687 1716 1723 1725 1729 1732 1770 1775 1807 1829 1855 1860 1873 1900 1917 1926 1996
920,C C 1 = C C ( = C ( C = C 1 ) N C ( = O ) C 2 = N N = C ( C = C 2 ) N 3 C C C N C C 3 ) C ( = O ) N C 4 = N C = C ( C = C 4 ) Cl,73 108 119 120 166 216 235 305 306 310 378 407 468 486 505 525 527 561 635 650 673 680 693 694 705 708 721 745 774 792 804 807 810 816 819 847 849 855 874 875 878 896 919 926 935 947 967 1010 1011 1013 1018 1028 1029 1053 1055 1057 1060 1070 1074 1080 1099 1114 1123 1152 1161 1164 1175 1203 1224 1229 1257 1308 1309 1312 1380 1405 1407 1408 1427 1436 1452 1454 1478 1480 1516 1526 1535 1595 1605 1683 1706 1719 1722 1741 1750 1816 1823 1843 1856 1873 1917 1921 1940 1972 1975 1986 1991 1999 2020
921,C C 1 = C C ( = N O 1 ) N C ( = O ) N C ( = O ) C C C C C ( = O ) O,41 80 81 113 157 212 213 234 248 276 352 363 378 382 389 460 549 616 642 650 656 674 692 718 724 729 730 732 742 746 807 875 903 946 1057 1079 1099 1110 1119 1152 1168 1184 1254 1267 1287 1307 1308 1348 1380 1398 1407 1456 1462 1469 1477 1495 1510 1528 1542 1564 1602 1610 1618 1619 1687 1693 1718 1722 1737 1742 1800 1816 1819 1827 1858 1873 1888 1897 1911 1917 1989 2004
922,C C 1 = C ( C = C ( O 1 ) / C = C ( \ C # N ) / C ( = O ) C ( C ) ( C ) C ) C ( = O ) O C,31 32 98 114 118 135 145 179 270 330 392 422 448 478 490 512 527 549 582 635 650 656 674 694 695 790 803 807 835 841 875 900 906 936 970 992 1057 1076 1079 1081 1135 1137 1152 1172 1174 1294 1299 1376 1378 1380 1384 1388 1404 1419 1428 1492 1498 1512 1602 1604 1614 1666 1711 1712 1715 1722 1724 1746 1794 1837 1843 1873 1917 1936 1991
923,C N ( C ) S ( = O ) ( = O ) C 1 = C C = C ( C = C 1 ) O C C S C 2 = N N = C ( N 2 C 3 C C 3 ) C 4 = C C = C C = C 4 F,3 4 13 80 102 112 116 163 192 228 301 319 322 338 341 350 352 364 378 385 451 455 569 582 638 650 654 686 695 698 699 715 718 725 747 763 765 815 819 842 859 881 926 935 948 984 1015 1019 1032 1034 1057 1059 1088 1116 1134 1143 1163 1164 1173 1174 1182 1199 1208 1256 1268 1281 1325 1380 1423 1427 1449 1452 1457 1476 1508 1613 1722 1749 1750 1767 1823 1835 1840 1858 1862 1868 1873 1892 1910 1928 1936 1946 1996 2006 2046
924,C C ( = O ) C 1 = C C = C ( C = C 1 ) N C ( = O ) C [NH+] ( C C 2 = C C = C ( C = C 2 ) O C ) C 3 C C 3,7 8 41 42 79 80 82 99 106 126 143 156 157 191 240 252 310 322 427 474 562 586 592 617 643 650 668 670 695 718 765 781 807 813 824 831 841 843 861 878 899 901 926 1017 1019 1024 1040 1057 1071 1077 1079 1101 1152 1168 1178 1206 1224 1286 1325 1359 1379 1380 1385 1393 1394 1508 1536 1623 1697 1734 1750 1754 1767 1797 1816 1819 1820 1873 1917 1992 2011 2031
925,C N ( C C ( = O ) N 1 C C C C 1 ) S ( = O ) ( = O ) C 2 = C C 3 = C ( C = C 2 ) N ( N = N 3 ) C C O C,13 29 45 63 67 80 94 158 197 213 241 296 319 323 350 351 369 378 395 486 536 554 650 671 695 707 715 726 760 763 785 795 807 815 823 841 872 875 881 926 928 935 1005 1009 1022 1028 1031 1057 1097 1113 1145 1163 1164 1166 1190 1191 1257 1297 1327 1353 1380 1476 1480 1489 1556 1605 1648 1652 1655 1711 1720 1734 1750 1753 1773 1783 1822 1856 1873 1906 1917 1932 1960 1996 1998 2009 2021 2024 2027
926,C O C 1 = C C = C ( C = C 1 ) C ( C 2 = C C = C C = C 2 ) ( C 3 = C C = C C = C 3 ) O [C@H] ( C = O ) [C@H] ( N 4 C = C C ( = O ) N C 4 = O ) O [C@H] ( C O ) C = O,1 41 80 81 88 114 135 169 216 222 235 275 314 322 389 406 427 482 487 508 564 570 578 650 670 694 695 718 725 755 757 758 779 781 782 790 807 808 831 836 841 861 906 912 935 938 944 987 1004 1010 1057 1058 1069 1075 1088 1098 1101 1114 1134 1174 1199 1229 1294 1299 1345 1380 1407 1409 1417 1483 1520 1533 1536 1611 1615 1664 1665 1699 1719 1745 1750 1873 1885 1952 1960 1995 2000 2017 2018
927,C C O C 1 = C ( C = C ( C = C 1 ) C ( = O ) C ) C O C ( = O ) C 2 = C C ( = C ( N = C 2 ) Cl ) Cl,11 26 80 94 99 119 125 145 147 184 230 237 294 297 298 339 347 350 363 366 378 425 480 506 507 519 561 566 567 617 650 659 695 745 802 807 816 818 851 865 875 888 922 963 966 986 1017 1057 1141 1177 1238 1297 1299 1321 1337 1349 1380 1385 1440 1445 1452 1522 1535 1671 1683 1697 1706 1713 1750 1751 1768 1820 1822 1873 1876 1881 1898 1917 1935 1963 1970 2039
928,C C 1 = C C ( = C C = C 1 ) N 2 C ( = C ( C ( = N 2 ) C ( = O ) O C ) Cl ) C 3 = C C = C ( C = C 3 ) F,90 138 145 196 277 289 315 323 351 378 455 482 490 501 508 561 597 606 613 650 695 699 715 752 807 819 835 841 875 890 896 906 935 949 974 989 1011 1013 1021 1039 1049 1055 1057 1088 1152 1160 1204 1215 1220 1239 1380 1410 1475 1548 1612 1645 1649 1670 1679 1683 1707 1722 1738 1750 1823 1825 1852 1873 1896 1917 1928 1956 1976 1981
929,C 1 C ( = C ( N 2 [C@@H] ( S 1 = O ) C ( C 2 = O ) N C ( = O ) C C 3 = C C = C S 3 ) C ( = O ) O C ( C 4 = C C = C C = C 4 ) C 5 = C C = C C = C 5 ) C ( F ) F,1 5 14 19 41 69 80 110 117 118 145 152 169 173 174 196 217 233 240 241 275 314 325 383 387 389 415 438 442 470 601 650 656 675 695 807 847 869 870 911 926 933 935 987 1019 1031 1049 1050 1085 1088 1152 1156 1160 1177 1199 1256 1261 1296 1301 1334 1358 1365 1380 1405 1508 1567 1572 1574 1581 1595 1596 1609 1684 1717 1750 1814 1837 1843 1852 1873 1877 1917 1922 1928 1932 2006 2015
930,C 1 = C C = C ( C = C 1 ) N = N C 2 = C C = C C ( = C 2 ) N C ( = O ) C F,41 60 80 101 102 162 184 188 191 214 234 259 269 330 389 409 423 444 495 496 497 578 650 673 674 692 703 725 779 800 807 831 875 880 901 931 966 981 997 1039 1081 1086 1088 1152 1189 1198 1199 1218 1239 1255 1281 1380 1474 1495 1511 1583 1587 1599 1616 1620 1640 1645 1680 1750 1767 1811 1816 1845 1854 1873 1896 1917 1928 1937 1943 1946 1970 1984 1985 2012
931,C C C C C C O C 1 = C ( C = C ( C = C 1 ) C ( = O ) N N C ( = O ) C O C 2 = C C = C ( C = C 2 ) C ( = O ) O C C ) Br,13 26 37 38 41 58 64 80 82 94 99 102 145 147 190 192 274 281 294 304 317 322 355 403 455 465 486 526 581 585 591 606 650 651 683 695 718 728 745 749 759 794 807 815 833 850 873 875 896 942 944 945 981 1057 1098 1143 1152 1184 1216 1238 1249 1380 1385 1390 1441 1444 1452 1467 1518 1522 1538 1619 1622 1631 1647 1697 1708 1722 1729 1750 1873 1886 1887 1895 1911 1917 1928 1970 1988 2000 2004 2008 2009
932,C C 1 = N C 2 = C ( [C@@H] ( C 1 C ( = O ) O C 3 C C C C C 3 ) C 4 = C C ( = C ( C = C 4 ) O C ) O ) C ( = O ) C [C@H] ( C 2 ) C 5 = C C ( = C ( C = C 5 ) O C ) O C,2 40 94 119 140 211 227 231 249 253 255 273 277 285 309 314 344 368 378 458 460 494 534 537 584 608 613 632 650 694 695 737 751 807 841 875 890 926 927 1014 1017 1019 1028 1031 1046 1057 1060 1107 1125 1126 1137 1139 1147 1169 1245 1253 1279 1311 1321 1325 1337 1372 1379 1380 1387 1401 1410 1419 1453 1461 1515 1519 1536 1564 1582 1602 1607 1622 1652 1672 1699 1722 1729 1744 1750 1754 1773 1774 1795 1803 1804 1856 1858 1873 1917 1970 2000 2002 2009
933,C 1 C C N ( C 1 ) S ( = O ) ( = O ) C 2 = C C = C C ( = C 2 ) N C ( = O ) C O C ( = O ) / C ( = C / C 3 = C C = C S 3 ) / C 4 = C C = C S 4,14 35 41 51 53 54 75 79 80 119 147 167 184 191 241 243 283 319 350 353 360 366 380 383 391 419 449 454 468 539 575 576 585 593 595 616 650 675 684 694 695 703 705 706 757 800 807 836 875 897 901 915 916 926 935 956 958 992 998 1028 1039 1088 1152 1153 1178 1224 1235 1243 1312 1380 1416 1476 1480 1487 1499 1528 1541 1567 1568 1609 1690 1729 1746 1750 1816 1845 1848 1870 1873 1879 1888 1917 1921 1932 1983 1998 2002 2004 2015 2025
934,C 1 C C 2 C ( C ( C 1 ) Cl ) C 3 = C C = C C = C 3 O 2,66 71 113 120 172 209 213 221 266 318 339 371 581 595 656 736 740 746 750 780 867 885 921 926 932 1019 1027 1028 1063 1088 1100 1107 1110 1199 1317 1325 1336 1355 1380 1457 1481 1492 1573 1615 1647 1669 1683 1695 1702 1718 1750 1788 1819 1821 1833 1873 1900 1905 1934 1960 1982 1992 2002
935,C O C 1 = C ( C = C ( C = C 1 ) N 2 C ( = N N = N 2 ) S C ) C N 3 C C 4 C C C N 4 C ( C 3 ) C ( C 5 = C C = C C = C 5 ) C 6 = C C = C C = C 6,1 5 80 94 116 149 173 186 205 207 233 242 245 249 257 262 273 277 283 323 345 369 370 378 389 391 394 446 530 535 579 606 637 647 659 695 721 739 747 761 841 872 875 909 926 934 935 944 975 981 998 1019 1028 1034 1057 1077 1088 1099 1111 1126 1164 1185 1188 1199 1211 1266 1325 1349 1365 1380 1386 1467 1480 1536 1581 1605 1661 1666 1698 1721 1723 1750 1765 1783 1791 1792 1825 1852 1873 1910 1945 1949 1959 1970 1993
936,C C ( C ( = O ) N C ) S C 1 = N N = C ( S 1 ) N,1 25 98 116 123 162 185 191 272 283 345 376 378 411 473 544 573 606 612 650 675 681 807 814 831 864 871 925 940 954 994 999 1000 1040 1057 1078 1123 1152 1162 1164 1171 1173 1236 1264 1318 1327 1366 1380 1398 1414 1416 1430 1456 1457 1491 1504 1507 1511 1548 1563 1615 1740 1741 1867 1917 1991
937,C C 1 = C C ( = C ( C = C 1 ) N C 2 = N C = C C ( = O ) N 2 ) C,35 51 81 141 173 199 204 235 281 314 323 377 378 431 491 563 624 650 663 669 703 705 727 748 753 787 875 926 1013 1057 1114 1119 1136 1152 1201 1210 1212 1224 1249 1255 1311 1380 1391 1442 1452 1483 1485 1487 1521 1542 1562 1592 1611 1624 1646 1699 1709 1722 1737 1740 1745 1750 1762 1808 1823 1856 1866 1873 1881 1969 1971 1995 1998 2042
938,C 1 C C C 2 = C ( C 1 ) C 3 = C ( O 2 ) C ( = C C ( = C 3 ) C = O ) O,22 66 115 132 133 153 210 310 323 326 361 370 392 435 494 502 508 542 571 593 608 617 630 632 636 650 656 694 747 807 815 863 875 895 925 926 963 1001 1004 1028 1063 1067 1071 1142 1154 1202 1297 1331 1357 1362 1380 1391 1423 1437 1449 1477 1531 1537 1579 1602 1604 1607 1634 1660 1661 1735 1738 1755 1873 1997 2033 2034 2043
939,s 1 c 2 = N C ( = O ) / C ( = C / c 3 c ( n ( c ( c 3 ) C ) c 3 c c ( c c c 3 ) C ) C ) / C ( = N ) n 2 n c 1 C C C,3 80 160 169 191 252 281 294 314 341 350 378 390 424 623 650 675 694 696 703 720 746 765 794 799 819 840 849 875 878 883 901 920 927 935 938 957 961 1013 1032 1039 1047 1049 1055 1057 1085 1088 1114 1120 1139 1243 1247 1294 1314 1332 1339 1352 1356 1380 1384 1412 1419 1440 1445 1462 1504 1522 1527 1586 1605 1620 1623 1655 1679 1691 1710 1722 1726 1742 1750 1757 1766 1768 1801 1823 1825 1872 1873 1904 1908 1953 1966 1993 2000 2013 2044
940,C C 1 = C C ( = C ( C = C 1 ) N C C 2 = C C = C C = C 2 Cl ) [N+] ( = O ) [O-],78 80 87 91 111 126 131 233 235 239 244 255 262 295 354 366 417 432 434 473 486 497 542 561 588 604 608 650 715 716 727 746 747 753 838 875 877 893 894 903 911 923 974 1007 1013 1057 1088 1134 1152 1195 1199 1224 1314 1332 1349 1380 1416 1481 1495 1517 1518 1524 1549 1597 1619 1672 1683 1707 1722 1750 1772 1823 1856 1873 1898 1899 1908 1944 1963 1973 1990
941,C S C 1 = N N C 2 = C 1 S C C 3 = C 2 S C = C 3,14 25 32 74 116 155 157 192 195 256 266 271 326 331 378 394 482 554 580 609 616 640 675 676 732 791 842 859 926 1057 1114 1124 1146 1202 1236 1239 1241 1320 1326 1331 1380 1393 1394 1421 1434 1468 1491 1498 1546 1567 1580 1594 1682 1702 1723 1750 1773 1843 1873 1928 1942 1955 1982 1996 2002 2004 2017 2020 2032
942,C 1 = C C = C ( C = C 1 ) C ( = O ) C 2 = C C = C ( O 2 ) C Br,9 61 80 95 143 165 181 226 250 251 256 263 310 389 398 473 504 519 558 559 566 590 638 643 650 656 687 728 751 807 871 897 1028 1058 1062 1088 1170 1199 1252 1281 1306 1337 1344 1380 1385 1408 1502 1520 1590 1604 1636 1637 1664 1676 1702 1750 1754 1758 1775 1782 1792 1871 1872 1873 1882 1890 1917 1934 1946 1974 1985 2019
943,C C 1 = C C = C ( C = C 1 ) N C ( = O ) C O C 2 = C ( C = C ( C = C 2 ) Br ) C N C C C 3 = C C = C C = C 3 F,29 41 80 94 122 167 191 192 211 235 238 255 302 330 349 362 368 441 562 650 659 667 681 695 698 699 718 728 766 807 834 840 843 875 901 909 961 1004 1010 1032 1051 1057 1068 1077 1087 1088 1141 1152 1157 1169 1187 1199 1243 1267 1282 1349 1357 1376 1380 1403 1431 1452 1463 1492 1516 1564 1597 1631 1676 1688 1703 1722 1750 1752 1786 1816 1823 1834 1840 1841 1861 1873 1880 1892 1898 1911 1917 1920 1928 1970 1989 1990 2004 2008 2044
944,C C ( = O ) O [C@H] 1 C [C@] 2 ( [C@@H] ( C C [C@] 2 ( S ) S C ) [C@H] 3 C 1 ( [C@] 4 ( C = C C ( = O ) C = C 4 C C 3 ) C ) F ) C,16 61 63 66 71 84 116 134 182 214 229 239 244 249 251 314 394 403 460 463 474 486 504 519 521 529 542 547 641 650 679 682 687 695 699 746 748 783 787 807 812 814 833 858 888 926 967 984 1003 1011 1017 1018 1019 1035 1042 1053 1057 1060 1077 1126 1149 1162 1194 1195 1201 1212 1259 1274 1275 1325 1337 1380 1428 1436 1439 1458 1466 1495 1624 1650 1712 1727 1738 1748 1791 1795 1820 1844 1873 1894 1896 1917 1928 1956 1957 2002 2021 2039
945,C N 1 C C C ( C C 1 ) C 2 = C ( C = C C ( = C 2 ) C C C N 3 C C [C@H] ( [C@H] ( C 3 ) O C ) N C ( = O ) C 4 = C C ( = C ( C = C 4 O C ) N ) Cl ) C ( = O ) O,50 67 71 80 104 126 147 148 185 190 207 249 272 293 310 317 360 366 387 389 430 456 459 486 495 513 539 543 547 559 561 565 624 638 642 650 653 667 695 700 739 754 798 802 807 841 869 875 876 910 926 935 937 978 993 1019 1027 1043 1047 1057 1137 1145 1152 1171 1223 1236 1243 1254 1261 1302 1304 1321 1325 1328 1354 1380 1392 1403 1457 1458 1471 1480 1498 1499 1502 1515 1536 1667 1681 1683 1750 1754 1762 1777 1791 1806 1814 1849 1873 1911 1917 1970 1991 2000
946,C 1 = C C ( = C ( C = C 1 O C ( F ) ( F ) F ) F ) Cl,2 49 84 114 122 125 127 139 145 157 234 259 301 322 366 397 431 488 548 561 666 695 699 718 719 727 828 832 861 875 916 975 1052 1093 1106 1111 1149 1178 1244 1281 1322 1380 1381 1409 1437 1441 1453 1456 1486 1491 1516 1594 1599 1683 1750 1768 1840 1873 1884 1928 1971 2007
947,O = c 1 [nH] c ( = O ) n ( c ( N ) c 1 N ( C ( = O ) C O C ( = O ) C 1 C N ( C ( = O ) C 1 ) C c 1 o c c c 1 ) C ) C c 1 c c c c c 1,6 34 53 54 59 80 136 147 231 243 264 273 311 314 335 349 376 386 389 407 474 488 495 531 534 564 605 634 650 656 695 739 750 758 775 787 798 802 807 869 881 892 926 929 935 974 992 993 1019 1057 1066 1085 1088 1089 1101 1114 1117 1137 1140 1142 1163 1171 1199 1233 1234 1238 1261 1319 1380 1457 1466 1469 1518 1535 1635 1683 1739 1745 1750 1754 1765 1828 1872 1873 1881 1901 1917 1926 1934 1963 1975 1984 2004 2028 2039
948,[nH] 1 c ( = O ) n ( c c ( c 1 = O ) c 1 c c c s 1 ) C C C ( C O ) C O,1 14 16 53 62 63 80 96 126 154 158 163 165 222 236 241 280 314 328 341 352 370 383 425 449 464 482 540 575 597 633 649 650 675 695 739 748 750 758 772 807 852 872 873 880 895 917 935 960 992 998 1040 1088 1102 1105 1114 1138 1145 1218 1219 1244 1290 1342 1359 1367 1380 1420 1425 1455 1456 1468 1469 1478 1488 1499 1510 1567 1578 1666 1735 1738 1745 1750 1839 1843 1873 1897 1912 1946 1996 2008
949,C 1 [C@@H] 2 C N ( C [C@@H] ( O 2 ) C N 1 ) C C 3 = C C ( = C ( C = C 3 ) Cl ) C ( = O ) N C C 4 5 C C 6 C C ( C 4 ) C C ( C 6 ) C 5,80 136 166 197 271 282 283 306 308 310 366 397 401 470 486 502 505 561 565 596 598 642 650 656 666 671 676 679 713 739 744 754 807 808 842 849 875 883 926 929 935 947 978 979 984 1019 1060 1077 1093 1100 1114 1133 1151 1152 1193 1215 1221 1268 1292 1308 1315 1317 1324 1357 1380 1391 1446 1451 1477 1512 1520 1559 1560 1577 1584 1683 1684 1699 1727 1750 1754 1759 1765 1771 1790 1791 1795 1873 1917 1921 1976 1988 1991 2012
950,C C O C ( = O ) [C@@] 1 ( [C@@H] ( O C ( = N 1 ) C 2 = C C = C C = C 2 ) C ) C 3 = C C = C ( C = C 3 ) [N+] ( = O ) [O-],35 80 89 117 147 158 177 226 236 265 285 287 294 306 327 378 389 407 458 484 502 507 556 565 585 620 627 641 650 656 695 715 719 736 750 753 769 784 785 807 833 838 848 850 912 928 991 999 1019 1031 1057 1060 1088 1142 1155 1160 1195 1199 1214 1238 1268 1274 1279 1282 1309 1335 1350 1380 1420 1454 1483 1554 1579 1581 1586 1598 1722 1723 1750 1764 1798 1801 1809 1814 1818 1871 1872 1873 1906 1917 1963 2027
951,c 1 c ( n c 2 n ( c 1 N C C N ( C ) C ) n c c 2 c 1 c c c ( c c 1 ) Cl ) C,20 43 59 67 80 83 93 199 216 222 324 352 378 383 412 459 483 508 517 561 652 667 691 693 755 763 771 772 816 823 875 881 896 916 922 935 951 958 996 1028 1036 1040 1057 1070 1128 1152 1153 1160 1163 1194 1215 1256 1268 1279 1353 1371 1380 1416 1419 1469 1472 1482 1520 1535 1536 1550 1557 1589 1664 1675 1676 1683 1696 1722 1731 1734 1750 1774 1819 1855 1873 1878 1881 1884 1929 1951 1953 1966 1975 1986
952,C O C C N C ( = O ) N C ( = O ) C O C 1 = C C = C ( C = C 1 ) C ( = O ) C 2 = C C = C ( C = C 2 ) Cl,9 13 41 54 61 80 102 104 105 192 197 216 266 322 339 346 394 398 425 427 449 486 561 595 650 663 667 695 718 739 773 807 816 841 969 972 985 987 1005 1028 1049 1057 1070 1119 1128 1152 1191 1201 1277 1320 1380 1385 1419 1452 1481 1482 1506 1681 1683 1697 1750 1753 1763 1775 1790 1804 1823 1873 1876 1887 1917 1921 1989 2004
953,C C C N C ( C ) C 1 = C C = C C = C 1 O C 2 = C N = C C = C 2,1 58 80 195 199 222 237 240 283 294 322 328 348 369 378 386 402 437 461 467 477 490 506 507 529 562 581 602 647 667 695 704 744 780 782 785 792 794 806 814 826 911 1009 1043 1057 1088 1102 1122 1141 1152 1161 1162 1197 1199 1284 1295 1380 1402 1410 1468 1515 1535 1546 1566 1568 1586 1603 1617 1621 1627 1702 1750 1756 1786 1866 1873 1922 1945 1970 2014 2019
954,C ( = O ) ( N 1 C C C 2 ( c 3 c c ( c c c 3 C C 1 C 2 ) O C ( = O ) C ) c 1 c c c c c 1 ) O C C,6 75 80 121 147 164 179 183 231 242 294 298 322 389 461 477 490 550 554 555 556 561 608 641 650 679 683 695 718 742 754 765 772 807 856 858 875 926 935 958 1017 1019 1022 1030 1034 1035 1057 1060 1065 1088 1111 1136 1162 1171 1195 1199 1218 1236 1238 1299 1308 1315 1320 1326 1349 1355 1380 1399 1418 1427 1445 1480 1490 1497 1533 1545 1561 1593 1615 1638 1648 1722 1729 1748 1750 1775 1776 1799 1815 1842 1862 1873 1910 1917 1962 1980 1987 1999
955,c 1 c c ( c 2 c ( c 1 ) c c 1 c ( n 2 ) S C [C@H] 2 [C@@H] 1 c 1 c ( O C 2 ) n ( n c 1 C ) c 1 c c c ( c c 1 ) [N+] ( = O ) [O-] ) C,12 88 92 132 146 153 157 165 175 179 208 214 220 233 300 367 369 378 438 441 445 446 453 475 499 520 539 566 585 650 652 656 667 675 692 715 732 753 769 771 774 838 875 888 895 907 913 915 926 935 1019 1027 1039 1057 1071 1083 1087 1088 1134 1147 1151 1166 1195 1205 1212 1237 1238 1244 1274 1306 1313 1329 1345 1380 1391 1440 1453 1500 1518 1530 1595 1596 1638 1648 1688 1722 1724 1738 1750 1752 1754 1809 1814 1825 1828 1832 1852 1855 1873 1920 1923 1928 1946 1956 1963 1972 1999
956,C 1 C C [NH+] ( C 1 ) C C C N C ( = O ) C O C 2 = C C = C ( C = C 2 ) C # N,8 18 34 35 41 80 102 166 180 192 197 219 241 282 305 322 352 357 443 575 597 650 654 664 667 674 692 695 718 790 807 832 926 933 1028 1136 1147 1152 1183 1188 1380 1384 1427 1452 1463 1471 1536 1542 1579 1633 1690 1702 1704 1729 1750 1793 1816 1833 1873 1876 1887 1905 1911 1917 1942 1954 2004 2010
957,C C O C ( = O ) O C 1 = C ( C = C C ( = C 1 ) C # C C N 2 C C C ( C C 2 ) C C 3 = C C = C C = C 3 ) [N+] ( = O ) [O-],29 80 82 83 102 147 151 214 223 225 245 249 294 300 311 338 354 389 391 430 458 519 566 573 628 650 674 695 712 715 716 753 800 804 807 836 838 854 872 875 881 894 926 935 939 1007 1019 1027 1057 1060 1066 1088 1135 1141 1161 1177 1195 1199 1238 1261 1297 1325 1347 1348 1380 1443 1456 1480 1531 1545 1551 1605 1644 1711 1715 1722 1729 1738 1750 1754 1780 1791 1803 1841 1844 1871 1873 1884 1917 1954 1963 1970 2003 2007
958,C C 1 = C C = C ( C = C 1 ) N 2 C ( C ( C C C 2 = O ) C ( = O ) N C 3 = C C ( = C C = C 3 ) [N+] ( = O ) [O-] ) C 4 = C C ( = C ( C = C 4 ) O C ) O C,7 35 49 94 140 184 191 209 219 227 233 235 238 249 263 264 314 458 468 492 505 650 689 695 703 715 753 798 807 838 841 875 891 901 926 929 935 1000 1007 1019 1039 1057 1066 1069 1088 1152 1157 1184 1195 1210 1233 1245 1256 1274 1279 1306 1325 1342 1356 1380 1420 1425 1536 1582 1610 1612 1629 1705 1722 1723 1738 1748 1750 1756 1803 1806 1809 1814 1816 1820 1823 1825 1860 1873 1893 1909 1917 1920 1922 1924 1934 1940 1963 1970 1980 2010 2019 2028
959,C C C N 1 C 2 = C ( C = C ( C = C 2 ) N C ( = O ) N C 3 = C C = C C ( = C 3 ) C ) O C C ( C 1 = O ) ( C ) C,15 56 61 80 93 116 127 160 164 175 184 191 255 265 281 294 314 318 392 441 517 588 650 656 679 703 794 807 808 820 834 843 875 926 935 953 996 1013 1039 1055 1057 1060 1078 1088 1090 1145 1152 1160 1167 1188 1200 1224 1226 1255 1274 1295 1380 1416 1480 1487 1524 1567 1583 1699 1722 1748 1750 1752 1816 1823 1824 1864 1868 1873 1905 1915 1917 1921 1924 1989 1990
960,C C 1 ( C ) N C ( C C ( = O ) C 1 C c 1 c c c ( c c 1 ) O ) C C c 1 c c c ( c c 1 ) O,80 128 140 204 231 247 275 310 314 370 404 423 458 471 516 549 596 650 693 745 746 807 813 830 832 849 877 921 925 926 941 970 975 997 1006 1019 1024 1032 1045 1057 1060 1061 1065 1104 1114 1166 1183 1201 1216 1236 1243 1261 1274 1313 1380 1406 1456 1476 1491 1503 1530 1544 1602 1618 1628 1696 1697 1717 1733 1740 1750 1754 1762 1778 1870 1873 1899 1935 1957 2004 2006
961,C C 1 = C ( C = C C ( = C 1 ) C ( = O ) N C ( C C ( C ) C ) C ( = O ) O ) N C ( = O ) C 2 = C N = C ( C = C 2 ) Cl,1 32 46 80 81 91 117 140 161 230 277 283 298 355 378 389 419 423 426 458 471 486 502 526 541 551 561 588 634 650 680 736 759 807 812 823 829 875 929 947 972 973 990 1047 1057 1061 1102 1152 1164 1195 1209 1224 1251 1273 1292 1297 1303 1380 1385 1391 1433 1435 1438 1442 1452 1456 1482 1535 1543 1549 1552 1556 1624 1653 1683 1697 1722 1750 1758 1768 1789 1795 1816 1839 1844 1847 1856 1873 1903 1917 1968 1993 2001 2035
962,C C 1 = N C = C ( N 1 C [C@@H] ( C ) O ) [N+] ( = O ) [O-],1 35 80 92 133 138 172 200 227 232 262 283 309 378 452 483 488 506 628 631 633 650 712 715 753 779 802 807 835 838 872 891 913 917 935 936 1054 1057 1174 1195 1231 1276 1360 1380 1399 1405 1423 1452 1535 1575 1722 1772 1820 1873 1921 1922 1963 1973 2012
963,C C N 1 C C C 2 = C ( C 1 ) S C ( = C 2 C ( = O ) O C ) N C ( = O ) C 3 = C C = C C = C 3 S C C,1 4 26 32 34 42 50 55 80 83 116 137 145 159 162 165 216 294 341 347 361 369 377 403 436 486 508 538 543 586 610 650 675 695 725 751 807 808 811 834 841 847 865 879 906 926 935 945 953 1006 1025 1045 1057 1088 1125 1144 1152 1174 1199 1213 1223 1306 1336 1380 1390 1391 1411 1412 1447 1480 1526 1537 1601 1606 1617 1622 1623 1631 1663 1669 1675 1710 1738 1750 1777 1789 1791 1797 1806 1816 1833 1839 1873 1898 1917 1920 1942 1946 1966 1983 1984 1991
964,C C 1 = C C ( = C C = C 1 ) C ( = O ) N ( C 2 C C N ( C C 2 ) C C 3 = C C = C C = N 3 ) C 4 = C C ( = C ( C = C 4 ) O C ) O C,48 80 94 140 172 179 189 242 249 278 292 321 346 378 400 424 431 448 487 519 541 586 590 609 630 650 661 695 724 736 749 776 781 784 807 809 837 841 862 875 881 882 887 905 926 935 941 960 1013 1019 1033 1039 1052 1055 1057 1061 1088 1096 1153 1155 1162 1192 1199 1200 1221 1245 1250 1261 1286 1291 1325 1363 1368 1375 1380 1385 1388 1389 1393 1452 1466 1468 1480 1496 1503 1536 1545 1566 1567 1618 1619 1722 1750 1762 1765 1781 1791 1823 1866 1873 1909 1917 1924 1970 1984 1985 2041 2043
965,C O [C@H] ( / C = C / C ( = O ) N O ) [C@@H] ( C 1 = C C = C ( C = C 1 ) O C C O ) O C ( = O ) N C 2 = C C = C C 3 = C C = C C = C 3 2,0 1 3 13 31 69 74 80 82 84 97 102 114 124 158 222 233 242 251 276 288 322 324 372 404 417 464 473 493 540 565 650 694 695 700 718 732 779 807 841 876 878 934 1000 1013 1034 1039 1057 1087 1088 1089 1104 1116 1141 1152 1154 1160 1171 1179 1181 1184 1189 1199 1224 1258 1301 1350 1351 1357 1365 1369 1380 1387 1399 1405 1434 1441 1446 1452 1472 1473 1476 1560 1573 1594 1615 1624 1631 1657 1696 1708 1750 1758 1781 1803 1816 1853 1855 1868 1873 1917 1979 1995
966,C C [C@H] ( C ) N C ( = O ) N [C@@H] ( C ) C 1 = C C 2 = C ( C = C 1 ) O C O 2,1 17 30 80 93 117 120 158 232 237 256 283 294 297 308 316 318 365 417 441 456 460 524 532 564 596 635 650 656 738 751 769 807 859 875 881 905 921 924 926 1014 1035 1051 1057 1116 1127 1145 1152 1172 1182 1198 1206 1208 1218 1307 1336 1349 1365 1380 1398 1415 1544 1557 1577 1627 1647 1673 1724 1738 1750 1800 1818 1822 1825 1853 1857 1863 1872 1873 1905 1917 1921 1929 1989 1990 2018 2029
967,C N C ( = O ) C ( = C C 1 = C C 2 = C C = C C = C 2 O C 1 C 3 = C C = C C = C 3 ) C # N,16 45 84 127 146 158 179 205 261 266 276 345 346 381 389 421 480 508 509 595 644 650 653 656 665 674 694 721 748 750 790 803 807 916 945 966 1009 1019 1057 1079 1088 1118 1138 1152 1199 1210 1222 1234 1279 1304 1326 1330 1349 1352 1380 1384 1395 1416 1417 1430 1438 1446 1448 1481 1503 1509 1556 1565 1663 1709 1740 1746 1750 1820 1825 1833 1873 1905 1917 1920 1934 1942 1949 1957 2025 2038
968,C C ( C ) N ( C ) C 1 = C ( C = C ( C = C 1 ) Br ) Br,1 46 85 157 234 254 283 336 515 531 678 683 728 754 766 833 834 875 881 909 974 998 1030 1033 1057 1079 1114 1157 1163 1172 1185 1308 1380 1418 1476 1481 1536 1554 1622 1631 1667 1750 1758 1803 1835 1873 1912 1942 1951 2018
969,O = S ( = O ) ( N c 1 c ( n c c ( c 1 ) c 1 c c c 2 c ( c 1 ) n c ( c n 2 ) N C C 1 C C C C C 1 ) Cl ) c 1 c c c ( c c 1 ) F,2 4 22 29 31 80 90 112 129 161 168 189 216 237 266 278 280 319 339 342 350 377 378 451 484 502 540 561 571 583 644 648 650 673 699 715 775 776 778 785 800 806 865 875 883 890 896 915 926 961 984 1018 1019 1028 1030 1076 1086 1097 1099 1145 1152 1160 1196 1224 1270 1294 1325 1352 1380 1410 1416 1452 1476 1478 1487 1501 1529 1535 1580 1604 1610 1612 1615 1628 1648 1668 1670 1683 1701 1719 1750 1790 1838 1855 1873 1898 1924 1928 1929 1930 1937 1938 1963 1979 1986 2004 2022
970,C C 1 = N C 2 = C ( C 3 = N C 4 = C C = C C = C 4 N = C 3 N 2 C 5 = C ( C = C C ( = C 5 ) O C ) O C ) C ( = O ) N 1 C C 6 = C C = C C = C 6 Cl,17 28 37 71 80 81 94 109 224 229 249 262 289 295 314 322 350 366 378 387 405 429 443 498 504 511 516 534 548 549 557 561 574 584 641 650 661 695 718 781 792 800 802 818 825 841 875 917 935 950 974 995 1057 1088 1089 1097 1112 1149 1176 1182 1184 1188 1199 1218 1238 1295 1332 1349 1362 1380 1519 1536 1545 1546 1597 1606 1620 1682 1683 1696 1713 1722 1724 1750 1765 1846 1855 1873 1888 1901 1939 1970 1972 1984 1990 1993 2005
971,c 1 ( c ( c ( n c c 1 C / N = C ( / N c 1 c c c ( F ) c c 1 ) \ S ) C ) O ) C O,56 80 90 92 156 179 186 191 202 222 229 246 284 324 369 371 372 378 409 422 447 520 533 534 552 575 641 646 692 699 714 722 725 745 753 807 837 843 861 911 1057 1074 1077 1104 1152 1153 1162 1183 1222 1249 1253 1312 1349 1370 1380 1410 1452 1485 1535 1542 1602 1670 1678 1697 1708 1722 1744 1750 1788 1790 1816 1873 1878 1882 1928 1993 2034
972,C C O C ( = O ) C ( = C 1 C 2 = C ( C = C C 3 = C C = C C = C 3 2 ) O C 4 = C 1 C ( = O ) N C ( = S ) N 4 ) C # N,4 15 41 46 80 97 147 157 192 193 203 241 294 314 370 437 620 623 638 650 656 657 658 674 689 695 706 710 713 750 790 803 805 807 815 835 843 953 975 996 1035 1045 1046 1051 1057 1087 1088 1104 1114 1116 1199 1204 1205 1238 1323 1338 1357 1358 1365 1376 1380 1383 1384 1439 1463 1493 1541 1562 1573 1609 1610 1689 1692 1717 1720 1722 1745 1747 1750 1772 1783 1810 1811 1815 1852 1855 1856 1873 1891 1895 1905 1908 1917 1918 1963 1980 2004 2028
973,C C ( C ) O C ( = O ) C 1 = C ( N C ( = C C 1 C 2 = C C ( = C C = C 2 ) [N+] ( = O ) [O-] ) C ( O C ) O C ) C O C ( = O ) C,1 69 70 74 80 91 145 147 179 198 217 243 283 419 435 446 516 566 585 616 650 655 695 702 715 718 723 736 745 753 762 767 807 817 830 838 841 846 853 860 862 863 865 866 875 878 918 938 954 971 975 991 1017 1019 1035 1039 1057 1060 1061 1088 1110 1114 1157 1182 1195 1204 1209 1256 1274 1279 1304 1351 1354 1373 1380 1458 1494 1528 1590 1610 1613 1663 1665 1726 1750 1758 1777 1809 1873 1888 1913 1917 1933 1934 1940 1963 1970 1978 2011 2046
974,C S C 1 = C C = C ( C = C 1 ) C 2 = C C 3 ( C C C 3 ) C = C 2 C 4 = C C = C ( C = C 4 ) S ( = O ) ( = O ) C,1 6 45 97 116 151 154 188 201 240 267 319 336 350 363 394 407 537 546 572 633 644 650 691 692 715 728 775 808 810 811 896 910 926 965 987 1028 1033 1042 1057 1060 1108 1150 1160 1162 1167 1188 1198 1255 1276 1322 1345 1380 1389 1401 1429 1463 1466 1476 1488 1513 1555 1588 1599 1605 1624 1667 1723 1750 1873 1922 1925 1969 1972 2028 2041
975,C 1 C O C C N 1 S ( = O ) ( = O ) C 2 = C C ( = C ( C = C 2 ) O C 3 = C C = C C = C 3 ) N C ( = O ) C 4 = C C 5 = C C = C C = C 5 C = C 4,66 94 122 131 161 178 193 199 203 236 240 318 319 322 350 366 377 389 397 471 486 520 523 526 537 562 585 598 650 655 656 686 695 715 723 757 800 802 807 811 823 862 875 879 885 926 935 947 950 963 1046 1058 1087 1088 1097 1141 1152 1157 1199 1224 1284 1380 1385 1405 1420 1441 1476 1480 1524 1549 1608 1617 1661 1697 1729 1750 1767 1795 1816 1849 1855 1873 1917 1926 1950 1970 1980 1988 2028 2034
976,C 1 = C C = C ( C ( = C 1 ) N C 2 = C ( C ( = N C = N 2 ) N C 3 = C C = C C = C 3 O ) [N+] ( = O ) [O-] ) O,0 61 81 122 174 187 215 251 317 378 460 489 491 534 646 650 681 708 715 751 753 807 834 838 939 996 1043 1051 1088 1100 1152 1195 1199 1204 1224 1226 1350 1365 1367 1380 1386 1452 1481 1548 1549 1578 1602 1607 1613 1696 1745 1750 1758 1802 1810 1812 1820 1831 1873 1905 1923 1931 1963 1972 1982 2022 2037
977,C C ( C ) N 1 C C N ( C C 1 ) C C 2 = C C ( = C ( C = C 2 ) O C 3 = C C = C ( C = C 3 ) S C ) C N,1 5 30 32 41 51 74 80 94 116 157 174 193 195 240 241 283 310 322 336 354 372 394 420 428 484 582 596 617 626 634 643 693 695 717 718 743 744 746 766 784 796 811 827 831 875 876 914 926 935 954 981 1057 1098 1171 1204 1238 1255 1265 1319 1329 1349 1380 1480 1513 1517 1531 1534 1557 1566 1581 1617 1624 1625 1627 1685 1723 1742 1748 1750 1754 1765 1771 1791 1873 1882 1890 1909 1929 1935 1970 2041
978,C O C ( = O ) C 1 = C C = C ( C = C 1 ) / C = N / N 2 C C N ( C C 2 ) C 3 = C C = C C = [NH+] 3,25 112 145 147 195 270 286 303 328 352 407 428 472 507 534 565 590 606 636 650 694 695 704 707 725 780 807 829 833 841 864 869 906 926 935 989 1000 1021 1055 1057 1064 1088 1117 1118 1152 1199 1331 1339 1380 1385 1386 1400 1422 1480 1481 1482 1508 1555 1575 1586 1641 1684 1697 1715 1745 1750 1764 1806 1809 1849 1873 1917 1990 2033
979,C 1 C [C@H] ( N ( C 1 ) C ( = S ) S C C C # N ) C ( = O ) O,38 69 80 97 108 110 116 130 142 180 193 208 242 244 290 332 354 367 384 389 413 446 531 558 567 587 603 650 674 687 755 770 790 807 808 825 844 884 917 926 934 935 939 989 1019 1028 1057 1089 1122 1128 1142 1168 1182 1325 1359 1372 1383 1384 1386 1402 1431 1480 1482 1566 1583 1584 1608 1617 1690 1704 1739 1803 1917 1919
980,C O C ( = O ) C ( = O ) C 1 = C ( N C ( = S ) N [C@@H] 1 C 2 = C C ( = C ( C = C 2 ) F ) F ) C 3 = C C = C C = C 3 F,29 84 97 101 210 216 273 301 321 352 378 409 433 451 515 528 531 581 610 650 659 660 667 678 695 699 807 823 841 875 926 930 932 934 966 984 1019 1032 1051 1057 1060 1088 1114 1152 1199 1201 1207 1221 1257 1279 1316 1319 1328 1352 1375 1380 1422 1472 1539 1593 1609 1645 1691 1717 1731 1750 1801 1803 1818 1824 1840 1855 1857 1873 1905 1917 1928 1940 1970 2013 2024
981,C C 1 = C C ( = C ( C = C 1 ) N 2 C ( = C ( C ( = N 2 ) C 3 = C ( C = C ( C = C 3 ) O C ) O C ) C 4 = C C = C ( C = C 4 ) N C ( = O ) C C ( C ) ( C ) C ) O C ( = O ) C ) C,19 30 41 50 80 89 98 114 191 204 206 231 235 249 275 322 323 352 374 378 392 425 432 565 602 616 624 635 650 661 680 695 705 718 728 742 781 801 807 825 836 841 843 875 878 896 901 909 935 965 971 976 997 1013 1017 1026 1035 1036 1057 1061 1074 1077 1103 1113 1132 1152 1159 1160 1228 1246 1271 1295 1348 1380 1386 1391 1448 1478 1515 1536 1543 1557 1637 1653 1722 1729 1747 1750 1766 1775 1776 1795 1811 1816 1823 1843 1852 1869 1873 1897 1915 1917 1953 1956 1961 1970 1972 1978 2012 2042
982,C C 1 C N 1 C 2 = C ( C ( = O ) C 3 = C ( C 2 = O ) N = C C = C 3 ) O C,248 314 323 352 357 378 413 426 448 461 484 522 571 650 672 684 695 734 739 743 761 829 841 918 926 935 984 1005 1019 1043 1057 1088 1093 1121 1309 1318 1380 1452 1463 1476 1508 1536 1540 1677 1701 1746 1750 1825 1866 1873 1875 1916 1951 1960 1995 2008 2038
983,C 1 C C ( N C 1 ) C 2 = N N = C ( O 2 ) N 3 C C C C 4 = C C = C C = C 4 3,77 88 107 146 149 172 173 177 200 215 217 221 244 305 316 378 381 382 391 445 547 556 557 602 649 653 656 742 755 840 874 926 935 941 974 1019 1027 1028 1037 1051 1084 1088 1114 1138 1146 1150 1154 1164 1176 1189 1199 1236 1237 1295 1325 1379 1380 1457 1466 1467 1475 1480 1486 1503 1507 1523 1537 1538 1553 1563 1567 1574 1590 1604 1647 1686 1687 1708 1722 1738 1741 1746 1750 1757 1832 1873 1907 1912 1914 1962 1997 1999 2022 2030
984,C 1 = C C ( = C C = C 1 C 2 = N C 3 = C C ( = N N 3 C ( = C 2 ) C ( C ( F ) ( F ) F ) ( F ) F ) C ( = O ) N C 4 = C N ( N = C 4 ) C C 5 = C ( C = C ( C = C 5 ) F ) Cl ) F,43 59 63 68 71 80 90 114 125 191 272 283 350 353 366 369 378 392 394 404 412 464 486 511 561 632 650 699 727 729 747 779 807 819 855 875 896 916 933 935 956 965 980 1022 1027 1029 1152 1160 1172 1197 1204 1221 1324 1349 1358 1380 1408 1410 1428 1451 1453 1487 1503 1535 1592 1606 1648 1670 1682 1683 1694 1700 1706 1741 1750 1765 1815 1816 1843 1855 1859 1861 1873 1911 1917 1922 1927 1928 1956 1960 1965 1971 1978 1990 1991 1998 2002 2007 2017 2020
985,C 1 C O C ( = O ) [C@H] 1 N C ( = O ) C C 2 = C C = C ( C = C 2 ) C # N,20 34 41 62 80 102 203 236 247 305 310 314 318 325 341 385 387 435 441 455 535 595 650 656 657 674 730 746 763 790 807 885 913 926 941 950 961 979 1019 1136 1152 1154 1165 1278 1325 1380 1384 1464 1540 1573 1591 1611 1716 1750 1754 1786 1851 1873 1893 1909 1917 1918 1953 1954 2000 2004
986,C [C@] 1 2 C C C ( = O ) C = C 1 C C [C@@H] 3 [C@@H] 2 [C@H] ( C [C@] 4 ( [C@H] 3 C C [C@@] 4 ( C 5 = N C 6 = C C = C C = C 6 N = C 5 ) O ) C ) O,1 34 51 57 84 88 91 168 182 242 259 289 297 314 375 377 378 408 421 478 479 495 499 504 519 529 537 560 563 580 596 622 641 650 656 679 697 710 801 807 820 838 841 842 849 869 890 895 897 924 926 964 1009 1019 1040 1043 1057 1060 1077 1079 1080 1088 1097 1114 1154 1162 1199 1219 1225 1257 1272 1274 1286 1296 1312 1325 1335 1345 1354 1359 1380 1436 1452 1488 1489 1519 1525 1531 1535 1606 1697 1738 1750 1751 1785 1793 1797 1835 1855 1873 1884 1903 1927 1938 2003
987,C [Si] ( C ) ( C ) C ( C ( C Cl ) Cl ) O,1 36 65 80 93 118 189 199 208 227 335 378 422 442 567 570 587 656 683 693 754 782 807 818 826 846 914 920 966 978 1057 1109 1194 1231 1276 1335 1365 1494 1504 1507 1525 1529 1591 1632 1683 1691 1711 1757 1776 1785 1792 1811 1820 1925 1949 1950 1955 2009
988,n 1 c ( c 2 c ( c n ( n 2 ) c 2 c c c ( c c 2 ) C ) c 2 c 1 c c c c 2 ) N C ( = O ) N C c 1 c c c c c 1,72 80 93 96 126 135 197 198 226 233 235 237 255 289 312 335 378 389 393 402 428 441 460 464 510 635 638 650 708 736 744 748 807 864 935 982 994 1035 1057 1060 1066 1081 1088 1097 1123 1145 1152 1167 1199 1214 1218 1242 1246 1288 1344 1357 1380 1451 1452 1455 1501 1518 1552 1573 1652 1669 1682 1722 1724 1735 1750 1753 1754 1816 1823 1825 1842 1844 1846 1853 1855 1873 1916 1917 1920 1921 1951 1956 1989 2014 2018 2035 2046
989,C 1 = C C ( = C ( C ( = C 1 C ( = O ) O ) N ) N ) C ( = O ) O,13 67 103 108 158 205 211 236 243 244 275 322 389 427 442 444 456 562 600 650 666 690 704 707 732 734 807 819 828 1012 1047 1070 1121 1171 1337 1380 1401 1457 1510 1539 1556 1635 1657 1661 1674 1722 1750 1809 1830 1873 1917 1957 1991
990,C O C 1 = C C = C C ( = C 1 ) / C = C ( / C ( = O ) N C 2 = C C ( = C C = C 2 ) S C ( C 3 = C C = C C = C 3 ) C ( = O ) N C 4 = N C 5 = C C = C C = C 5 S 4 ) \ N C ( = O ) C 6 = C C = C C = C 6,1 24 27 31 44 67 78 80 103 113 116 162 184 191 193 197 260 270 271 289 317 318 322 324 365 378 385 389 450 461 466 485 486 527 528 557 562 573 609 648 650 675 694 695 703 716 720 721 727 781 783 798 807 811 833 841 847 875 877 885 927 930 951 952 958 960 980 1032 1035 1038 1039 1057 1088 1097 1103 1107 1118 1119 1152 1180 1185 1192 1199 1210 1242 1258 1309 1353 1365 1380 1385 1507 1516 1523 1530 1536 1565 1581 1665 1695 1739 1746 1750 1785 1816 1855 1863 1873 1917 1937 1972 1985 2022 2029 2033
991,C C ( C ) [C@H] ( C O ) N 1 [C@H] ( [C@] 2 3 C C [C@H] ( O 2 ) [C@H] ( [C@@H] 3 C 1 = O ) C ( = O ) O [C@H] ( C N C ( = O ) C C C = C ) C 4 = C C = C C = C 4 ) C ( = O ) N ( C C = C ) C 5 = C C = C C = C 5 Cl,1 5 25 31 41 69 80 86 110 144 146 182 197 198 212 222 223 231 283 314 335 366 389 400 401 425 430 481 482 487 494 510 534 561 604 606 616 618 627 636 650 651 656 668 673 680 685 694 695 728 760 783 807 872 881 887 915 926 935 940 958 974 976 986 1019 1057 1058 1060 1064 1070 1071 1080 1088 1089 1152 1162 1181 1199 1325 1329 1348 1362 1365 1366 1380 1391 1412 1420 1461 1471 1524 1527 1537 1559 1564 1581 1589 1645 1657 1683 1685 1728 1735 1750 1757 1761 1770 1772 1773 1790 1804 1819 1846 1853 1873 1913 1917 1951 1960 1993 2014 2018 2046
992,C 1 = C C = C ( C = C 1 ) C C 2 = N C ( = C [Se] 2 ) C 3 = C C = C ( C = C 3 ) [N+] ( = O ) [O-],31 62 74 80 252 253 342 345 375 378 389 433 436 451 459 468 482 485 521 599 621 628 650 662 697 715 753 769 838 896 949 968 980 983 1063 1066 1073 1088 1112 1160 1169 1174 1176 1195 1199 1201 1202 1248 1260 1274 1298 1335 1380 1412 1427 1430 1434 1451 1464 1506 1514 1589 1601 1635 1650 1707 1748 1750 1754 1809 1814 1824 1855 1873 1921 1923 1931 1963 1971 2000 2006
993,C C ( C 1 N = C 2 C = C C = C C 2 = N 1 ) N C C 3 = C C = C ( C = C 3 ) C 4 = C ( C = C 5 C ( = N 4 ) C = C N C 5 = O ) C 6 = C C = C C = C 6,1 40 72 80 106 113 191 196 222 226 255 265 283 310 311 314 323 335 352 365 378 380 389 471 498 556 593 594 627 634 638 650 665 671 683 708 711 719 736 750 774 782 806 875 896 945 965 986 1016 1019 1032 1055 1057 1062 1088 1097 1098 1114 1115 1137 1152 1160 1186 1199 1266 1282 1305 1336 1357 1380 1385 1387 1396 1438 1493 1506 1561 1564 1595 1598 1601 1650 1672 1692 1730 1750 1754 1771 1778 1850 1855 1873 1892 1961 1984
994,C O C 1 = C C = C C ( = C 1 ) N C ( = O ) C 2 = C C = C N ( C 2 = O ) C C 3 = C C = C C = C 3 Cl,80 90 95 184 191 201 216 257 295 314 322 355 366 383 486 494 504 558 561 562 578 622 640 650 682 695 703 781 807 839 841 847 869 875 916 935 974 1039 1054 1057 1088 1099 1101 1117 1152 1165 1199 1220 1349 1357 1380 1410 1413 1447 1455 1481 1485 1499 1536 1587 1597 1683 1750 1751 1765 1816 1829 1848 1873 1917 1919 1957 1962 1972 1978 1990 1991 2012 2034 2046
995,C 1 C C 2 C ( = N O C 2 3 C S [C@@H] 4 [C@@H] ( C ( = O ) N 4 [C@H] 3 C ( = O ) O C ( C 5 = C C = C C = C 5 ) C 6 = C C = C C = C 6 ) N C ( = O ) C C 7 = C C = C C = C 7 ) C 1,1 5 12 41 69 80 118 233 245 271 314 325 362 376 378 387 389 396 421 439 458 465 473 534 556 576 639 650 656 673 675 695 730 751 753 759 773 807 851 884 913 926 935 936 950 959 993 998 1019 1028 1055 1060 1066 1085 1088 1150 1152 1186 1199 1205 1279 1325 1362 1365 1380 1391 1450 1456 1538 1541 1581 1592 1602 1609 1615 1634 1701 1703 1715 1733 1738 1750 1754 1813 1818 1830 1843 1873 1899 1917 1932 1936 1943 1950 1967
996,C C ( C ) C 1 = C C ( = N O 1 ) C ( = O ) N C 2 C C 2,1 9 49 248 255 283 339 348 351 378 387 402 419 486 499 598 641 650 656 667 707 725 807 814 855 875 926 930 1000 1019 1032 1057 1152 1160 1185 1265 1324 1325 1366 1380 1409 1444 1490 1497 1520 1542 1580 1634 1655 1691 1692 1752 1760 1774 1779 1790 1873 1893 1901 1913 1917 1941 1978
997,C N 1 C ( = O ) C 2 = C ( N = C 1 N C C N ) S C 3 = C 2 C C C 3,10 35 42 43 45 52 80 100 103 124 157 162 174 204 220 241 279 281 299 314 336 361 378 392 397 427 459 504 511 538 564 571 647 650 667 671 675 704 740 749 752 802 828 887 892 926 935 981 997 1019 1028 1049 1057 1078 1110 1132 1139 1145 1152 1171 1199 1210 1236 1375 1380 1391 1395 1400 1416 1430 1479 1483 1508 1564 1651 1715 1738 1759 1760 1804 1817 1831 1840 1855 1899 1928 1962 1966 1984 2010
998,C 1 C C N ( C C 1 ) C C 2 = C C = C ( O 2 ) C ( = O ) N ( C 3 = C C 4 = C C = C C = C 4 N = C 3 ) C ( C 5 = C C = C ( C = C 5 ) O ) C ( = O ) N C C 6 = C C = C C = C 6,1 2 28 31 80 168 178 197 243 250 255 289 294 310 325 330 346 360 378 389 421 504 573 607 638 650 656 664 700 704 745 752 784 797 807 875 881 894 897 921 926 935 976 1019 1028 1034 1039 1052 1062 1066 1087 1088 1096 1097 1126 1139 1152 1163 1167 1199 1221 1232 1267 1313 1330 1365 1380 1400 1410 1422 1440 1441 1452 1463 1480 1499 1504 1518 1535 1573 1602 1604 1630 1666 1714 1726 1750 1754 1765 1778 1791 1805 1812 1853 1855 1861 1873 1895 1917 1934 1985 1998 2036
999,C 1 C N ( C C N 1 ) C 2 = N C ( = N C 3 = C 2 C = C C ( = C 3 ) Cl ) C 4 = C C = C C = C 4 Cl,130 156 165 214 216 257 285 299 300 305 319 352 358 366 371 378 407 433 448 551 561 601 603 630 681 778 793 795 804 816 842 857 875 926 931 935 974 984 1001 1008 1057 1088 1097 1106 1111 1114 1131 1138 1147 1199 1241 1262 1285 1300 1308 1309 1332 1356 1357 1380 1385 1436 1448 1450 1472 1480 1506 1507 1515 1516 1576 1586 1594 1605 1678 1683 1716 1730 1733 1750 1772 1821 1844 1855 1873 1874 1905 2020 2025
1000,C C ( = O ) O C 1 C ( O C ( C ( C 1 O C ( = O ) C ) O C ( = O ) C ) S C 2 C = C [C@H] 3 [C@H] 4 C C 5 = C 6 [C@] 3 ( [C@H] 2 O C 6 = C ( C = C 5 ) O C ) C C N 4 C ) C O,8 67 80 90 94 97 116 136 211 218 222 230 231 249 295 296 300 311 354 395 396 403 413 429 455 486 497 508 510 521 541 548 554 563 564 580 599 610 624 650 656 670 695 697 705 734 750 761 791 807 841 845 862 865 869 873 926 935 940 956 1017 1019 1035 1039 1057 1060 1062 1077 1083 1091 1126 1132 1145 1162 1171 1177 1236 1246 1254 1283 1294 1325 1329 1348 1352 1372 1380 1391 1420 1428 1480 1492 1516 1536 1591 1622 1671 1689 1750 1762 1764 1783 1860 1873 1883 1917 1921 1950 1970 1980 2001 2004 2022 2034
1001,C C ( = O ) N C 1 = C S C 2 = C 1 C 3 = N N C ( = O ) C C 3 C C 2,42 55 122 141 167 169 179 231 245 251 260 308 314 325 378 410 428 440 516 552 630 650 675 728 731 735 762 793 807 843 849 887 903 906 926 928 948 981 1010 1017 1019 1049 1056 1057 1071 1102 1114 1152 1166 1174 1183 1191 1210 1224 1248 1266 1276 1298 1304 1325 1380 1388 1513 1534 1567 1571 1575 1577 1581 1688 1712 1727 1738 1747 1798 1815 1816 1873 1907 1909 1910 1917 1956 1968 1978 2000 2045
1002,C 1 = C C ( = C N = C 1 ) C ( = O ) O C C ( C O C ( = O ) C 2 = C N = C C = C 2 ) O,1 49 80 107 118 142 145 147 222 225 227 231 266 278 352 378 419 424 437 523 549 556 559 583 650 695 698 807 847 881 890 904 949 959 969 987 1043 1088 1178 1202 1208 1210 1221 1255 1319 1334 1380 1385 1442 1510 1522 1527 1535 1581 1586 1603 1673 1721 1750 1751 1812 1847 1866 1873 1905 1914 1917 1932 1942 1950 1959 1962 1985 2038
1003,C C 1 = N N ( C ( = S ) N 1 C 2 = C C = C C = C 2 ) C N 3 C C C [C@@H] 4 [C@@H] 3 C C C C 4,58 76 80 97 129 135 147 148 158 160 276 311 378 380 389 396 446 470 500 508 585 605 636 765 858 890 903 917 926 932 935 959 960 983 989 1011 1018 1019 1028 1049 1057 1088 1124 1143 1153 1176 1199 1325 1328 1329 1354 1380 1466 1480 1494 1533 1557 1637 1689 1714 1717 1722 1746 1750 1764 1776 1803 1810 1819 1825 1873 1894 1952 1956 1986 1993 2011 2022 2037
1004,C C 1 = N C 2 = C C = C C = C 2 C ( = C 1 ) C ( = O ) O [C@H] ( C 3 = C C = C ( C = C 3 ) F ) C ( = O ) N,1 44 67 69 90 96 110 127 140 145 153 161 200 229 247 263 289 336 348 378 389 434 495 520 571 598 628 650 655 692 695 699 726 747 807 833 875 902 961 970 1017 1057 1079 1088 1089 1097 1151 1171 1194 1199 1212 1350 1357 1365 1380 1381 1399 1410 1416 1516 1520 1573 1574 1639 1664 1670 1684 1705 1722 1731 1750 1779 1801 1821 1853 1855 1857 1865 1873 1917 1928 1939 1948 1982 1991 2010 2015
1005,C N C ( C 1 = C C = C S 1 ) C 2 = C ( C = C C ( = C 2 ) F ) Br,1 14 52 65 148 173 211 221 237 241 269 278 286 287 295 377 383 459 526 543 591 604 633 668 675 699 704 728 765 787 802 817 833 875 892 940 954 983 1037 1056 1057 1088 1103 1152 1185 1192 1225 1236 1322 1330 1361 1371 1380 1410 1421 1430 1487 1511 1567 1584 1631 1670 1705 1750 1754 1823 1873 1907 1924 1928 1963 2031
1006,C N ( C ) C C N C ( = O ) C 1 2 C C C 3 C [C@H] ( C 1 ) C [C@H] ( C 3 ) C 2,0 13 51 59 78 80 114 197 291 310 373 400 486 494 556 600 604 650 652 667 679 693 789 807 856 881 882 907 908 926 993 1019 1020 1026 1057 1060 1148 1151 1152 1162 1163 1190 1210 1277 1280 1292 1325 1350 1429 1446 1607 1699 1708 1721 1759 1917 1951 1963 1976 1983 2025 2028 2039
1007,c 1 c ( c c c ( c 1 ) c 1 c c ( c c c 1 ) Cl ) C N ( C c 1 c c c c n 1 ) S ( = O ) ( = O ) c 1 c c c ( c c 1 ) Cl,46 80 125 126 165 172 190 216 282 310 319 337 350 378 448 507 561 562 590 592 614 615 638 650 698 710 715 724 736 785 815 816 843 847 875 881 896 957 958 983 997 1039 1070 1081 1088 1093 1147 1153 1155 1156 1157 1160 1193 1196 1199 1206 1227 1232 1318 1328 1380 1430 1443 1452 1468 1476 1531 1561 1563 1599 1610 1683 1737 1746 1750 1754 1770 1786 1862 1866 1873 1897 1946 1964 2003 2013 2025
1008,C 1 = C C = C 2 C ( = C 1 ) C ( = O ) C 3 = C C 4 = N S N = C 4 C = C 3 C 2 = O,1 41 107 122 145 179 184 196 204 290 308 314 352 374 378 399 482 498 559 636 650 675 684 686 693 741 875 948 984 1017 1026 1044 1088 1097 1174 1199 1240 1335 1347 1365 1374 1380 1434 1476 1486 1511 1615 1640 1650 1672 1689 1693 1708 1750 1857 1873 1891 1925 1960 1964 1999 2018
1009,C O C 1 = C 2 C 3 = C C = C C = C 3 N C 2 = C ( C = C 1 ) C ( C 4 = C 5 C ( = C ( C = C 4 ) O C ) C 6 = C C = C C = C 6 N 5 ) O,1 27 59 67 94 104 119 159 161 165 223 227 230 237 249 287 320 384 396 407 410 423 441 482 516 523 593 610 628 629 655 664 695 728 788 805 807 809 820 832 841 928 976 1016 1057 1088 1090 1104 1114 1130 1184 1199 1237 1247 1279 1298 1299 1335 1342 1357 1368 1380 1394 1396 1472 1526 1530 1532 1536 1538 1573 1638 1689 1745 1750 1767 1772 1777 1783 1831 1873 1909 1951 1970 1984 1986
1010,C 1 = C C = C ( C = C 1 ) C ( = O ) N C C N C ( = O ) C 2 = C C = C ( C = C 2 ) N S ( = O ) ( = O ) C 3 = C C ( = C ( C = C 3 ) F ) Cl,4 8 31 80 148 163 189 191 195 197 198 216 263 265 279 291 319 335 350 364 366 389 439 450 458 465 486 493 502 561 575 608 650 667 677 699 715 742 743 751 807 843 850 875 886 898 1024 1028 1088 1102 1117 1152 1199 1256 1264 1270 1310 1329 1333 1343 1380 1385 1476 1481 1484 1488 1516 1519 1524 1580 1665 1683 1685 1697 1750 1785 1840 1857 1868 1873 1917 1918 1928 1964 1985
1011,C C 1 = N C 2 = C C = C C = C 2 C ( = O ) N 1 O C ( = O ) C 3 = C C ( = C C = C 3 ) O C,64 81 83 107 145 157 168 289 290 314 322 338 378 389 411 414 466 469 485 504 562 610 625 650 654 695 727 751 781 807 811 835 841 875 917 935 950 1039 1053 1057 1088 1097 1105 1107 1162 1199 1245 1283 1357 1371 1380 1384 1385 1393 1530 1536 1562 1573 1634 1636 1719 1722 1750 1831 1855 1873 1897 1917 1930 1972 1985 1989 2015 2039
1012,C N 1 C 2 = C C = C C = C 2 S C 1 = C 3 C ( = O ) N C ( = O ) N C 3 = O,37 101 115 125 136 314 321 362 377 397 401 433 442 499 502 507 518 535 549 650 675 771 773 801 819 866 917 928 935 949 966 974 980 987 997 1050 1057 1060 1088 1090 1114 1132 1143 1145 1146 1199 1226 1285 1295 1380 1428 1452 1462 1464 1488 1522 1576 1577 1594 1647 1657 1662 1669 1674 1750 1767 1793 1853 1873 1945 1952 1959 1974 2035 2044
1013,C O C 1 = C ( C = C C ( = C 1 C / C = C / C 2 = C C = C C = C 2 ) O ) C / C = C / C 3 = C C = C C = C 3,11 25 80 123 127 152 214 333 370 389 440 475 526 623 694 695 760 767 786 798 807 809 835 841 859 878 888 977 988 996 1032 1039 1047 1052 1057 1088 1089 1102 1109 1150 1157 1183 1189 1198 1199 1232 1294 1349 1353 1356 1358 1373 1380 1404 1418 1475 1536 1543 1556 1591 1598 1599 1602 1607 1630 1656 1685 1696 1740 1741 1750 1779 1812 1825 1833 1861 1868 1873 1928 1955 1959 2033 2034 2046
1014,C C 1 = C C C 2 C ( C C C C 2 ( C 1 C C C ( = C C C C ( C ) O C ( = O ) C ) C ) C ) ( C ) C,1 69 80 88 95 109 141 171 190 237 253 270 283 285 304 385 401 427 465 478 479 556 598 604 621 650 652 654 694 695 735 739 767 777 807 832 864 874 883 925 926 968 1017 1019 1028 1035 1036 1048 1056 1057 1060 1096 1116 1162 1232 1274 1287 1325 1354 1380 1394 1422 1424 1430 1459 1461 1477 1492 1500 1531 1564 1572 1618 1628 1646 1656 1714 1722 1728 1740 1746 1747 1781 1873 1892 1905 1917 1994 2005 2028
1015,C O C 1 = C C = C ( C = C 1 ) C 2 = C C ( = N C ( = C 2 C # N ) S C C ( = O ) N C 3 = C C = C ( C = C 3 ) C ( = O ) O C ) C 4 = C C = C C = C 4,20 32 36 41 74 75 80 101 116 145 191 199 213 219 222 229 281 282 290 322 341 350 352 358 378 389 396 406 514 606 608 623 650 674 695 714 718 736 766 780 781 790 807 831 841 843 875 896 901 906 916 925 980 1057 1077 1078 1088 1094 1136 1152 1160 1172 1199 1292 1380 1381 1384 1385 1417 1440 1455 1506 1525 1526 1536 1625 1664 1685 1697 1715 1720 1750 1809 1816 1855 1864 1873 1917 1920 1949 1959 1971
1016,C [C@@H] ( C 1 = C ( C = C ( C = C 1 ) Cl ) Cl ) N C ( = O ) [C@H] ( C ) S C 2 = N N = C ( N 2 C ) C 3 = C C = C ( C = C 3 ) O C,1 8 83 94 97 112 116 117 157 159 164 165 175 216 220 237 283 302 322 366 368 378 439 469 490 514 554 556 561 564 573 650 695 718 747 753 781 805 807 816 819 831 839 841 875 896 929 935 1001 1057 1145 1148 1152 1159 1160 1162 1164 1173 1209 1280 1363 1380 1417 1428 1449 1469 1507 1508 1536 1543 1627 1639 1676 1683 1722 1738 1750 1828 1850 1857 1873 1917 1926 1929 1935 1949
1017,C C 1 = C N = C 2 N 1 C 3 = C ( C = C ( S 3 ) C 4 = C C = C C = C 4 ) N = C 2 N C 5 C C N ( C C 5 ) C C 6 = C C = C C = C 6,62 71 75 80 105 153 157 162 262 296 330 372 378 383 389 421 448 456 466 492 542 548 600 627 637 675 708 736 777 784 875 883 892 926 935 963 993 1019 1021 1032 1037 1039 1053 1057 1066 1084 1088 1097 1123 1143 1152 1160 1164 1166 1168 1199 1211 1231 1261 1262 1278 1316 1325 1327 1349 1365 1380 1424 1452 1480 1519 1535 1589 1634 1683 1696 1702 1710 1722 1750 1754 1764 1765 1771 1791 1834 1855 1873 1888 1921 1959 1961 1967
1018,C C 1 = C ( C = C ( C = C 1 ) Cl ) N 2 C C N ( C C 2 ) C ( = S ) N C 3 = C ( C = C C ( = C 3 ) C ( = O ) O C ) C ( = O ) O C,24 56 58 67 97 110 145 153 164 165 168 177 215 216 231 257 283 284 310 328 337 383 407 429 432 469 497 510 549 557 561 569 599 627 650 666 671 695 715 736 799 807 816 820 841 875 906 919 926 929 935 936 986 1014 1057 1093 1097 1120 1136 1142 1144 1152 1196 1224 1295 1319 1337 1380 1385 1391 1470 1471 1480 1492 1508 1573 1589 1591 1601 1616 1667 1683 1691 1697 1715 1722 1750 1808 1816 1873 1917 1947 1949 1959 1991 2005 2009 2045
1019,C C 1 2 C C C ( = O ) N ( C 1 C C C 3 C 2 C C C 4 ( C 3 C C C 4 = O ) C ) C,7 21 34 61 105 121 126 187 212 226 239 293 314 344 394 511 519 522 529 591 613 622 630 650 716 718 728 738 758 768 798 830 838 845 854 860 878 879 926 935 1009 1019 1030 1036 1039 1057 1060 1087 1095 1106 1120 1134 1139 1145 1162 1197 1274 1324 1325 1380 1389 1395 1461 1464 1477 1561 1726 1738 1760 1793 1806 1824 1855 1884 1961 1991 2001 2022
1020,C 1 = C C = C ( C ( = C 1 ) C 2 = N N = C ( O 2 ) S C C 3 = C C = C ( C = C 3 ) C # N ) Cl,34 46 58 80 102 103 116 136 240 305 310 341 352 366 378 400 410 463 512 561 623 649 652 656 659 660 674 696 707 762 790 815 816 842 891 941 950 953 974 979 984 1047 1084 1088 1114 1136 1137 1158 1164 1184 1199 1276 1279 1301 1356 1375 1380 1384 1439 1440 1496 1565 1572 1573 1604 1683 1701 1750 1754 1773 1801 1873 1884 1913 1954 1976 2017
1021,C C C N 1 C 2 = C ( C = C ( C = C 2 ) C ) S C 1 = N C ( = O ) C C,30 45 74 79 80 91 139 154 162 165 202 235 294 339 450 455 464 519 563 585 603 612 636 650 666 675 681 698 725 759 794 802 807 820 875 885 898 935 938 974 1013 1048 1057 1145 1219 1246 1367 1380 1398 1435 1462 1548 1549 1558 1620 1622 1632 1646 1655 1715 1718 1722 1728 1749 1750 1754 1765 1768 1823 1842 1850 1855 1857 1873 1896 1917 1930 1945 1985 2014 2016 2021 2028 2037
1022,C 1 = C C = C ( C = C 1 ) C O C ( = O ) N C C 2 = C C = C ( C = C 2 ) C ( = O ) Cl,1 80 118 147 157 197 238 255 256 310 339 352 389 401 419 492 499 579 587 638 650 658 673 678 695 719 745 769 793 807 837 933 1033 1053 1066 1068 1088 1097 1133 1152 1178 1199 1262 1292 1310 1370 1380 1385 1416 1427 1477 1521 1523 1540 1573 1614 1683 1697 1750 1754 1758 1782 1826 1846 1873 1894 1896 1914 1917 1930 1939 1941 1949 1955 1978 2000 2020 2026 2042
1023,[C@@H] 1 ( [C@@H] ( C C C 1 ) C 1 = N O C ( C 1 ) c 1 c c ( c c c 1 ) C ( = O ) O C ) C ( = O ) N C c 1 c c c ( c c 1 ) O C ( F ) ( F ) F,15 35 80 97 103 114 145 147 197 209 231 240 255 260 310 317 322 345 353 378 430 440 449 455 469 475 544 548 576 638 639 640 642 649 650 656 675 689 695 718 725 727 728 766 769 772 807 841 849 858 875 906 923 926 948 971 975 980 983 1019 1028 1029 1039 1057 1063 1088 1135 1149 1152 1219 1226 1277 1279 1284 1289 1325 1349 1380 1385 1397 1409 1447 1453 1516 1521 1573 1575 1582 1587 1634 1661 1663 1715 1722 1750 1754 1820 1855 1873 1890 1907 1917 1928 1957 1975 1985 2005 2018 2035
1024,C O C 1 = C ( C = C ( C = C 1 ) C ( = O ) N 2 C C N ( C C 2 ) C 3 = C ( C = C ( C = C 3 ) F ) [N+] ( = O ) [O-] ) O C,0 38 68 94 140 149 172 231 246 249 259 276 319 354 355 376 387 388 407 417 428 444 483 497 524 557 567 573 595 618 650 663 680 695 699 715 716 753 807 838 841 875 907 926 935 939 942 952 972 1057 1088 1124 1144 1151 1165 1195 1206 1228 1245 1295 1322 1359 1377 1380 1385 1410 1433 1441 1447 1480 1487 1503 1504 1508 1536 1558 1589 1632 1670 1686 1690 1697 1699 1723 1750 1760 1797 1844 1869 1873 1915 1917 1928 1955 1963 1970 2009
1025,C 1 C S C 2 = N C ( = O ) C ( = C C 3 = C ( C = C C = C 3 Cl ) Cl ) N 2 1,51 74 136 148 157 172 208 219 281 298 305 313 314 350 363 366 378 500 561 564 628 650 654 659 675 681 689 694 704 729 758 789 799 926 927 935 942 974 997 1039 1046 1057 1058 1075 1088 1113 1118 1161 1174 1203 1204 1225 1276 1280 1314 1354 1380 1418 1419 1449 1457 1480 1498 1562 1652 1664 1683 1718 1729 1750 1772 1787 1808 1827 1837 1867 1872 1873 1909 1914 1944 1952 1992 2001 2010
1026,C C C 1 = N N 2 C ( = C ( S C 2 = N 1 ) [C@H] ( C 3 = C C ( = C C = C 3 ) F ) N 4 C C C ( C C 4 ) O ) O,1 39 64 77 80 104 129 149 162 193 201 210 221 229 230 268 294 305 306 308 315 335 378 412 444 461 489 525 590 614 665 675 693 699 738 758 769 799 806 807 866 875 883 914 926 935 979 1019 1039 1057 1071 1088 1145 1166 1191 1192 1257 1265 1325 1364 1365 1380 1442 1454 1476 1480 1487 1499 1505 1511 1565 1581 1586 1602 1616 1643 1670 1701 1702 1750 1776 1799 1855 1873 1881 1884 1906 1917 1928 1935 1938 1955 1956 1968 2039
1027,C C O C 1 = N C 2 = C C = C C = C 2 C ( = C 1 ) N 3 C C C C 3,70 80 91 121 175 206 224 231 237 289 294 323 345 378 389 394 407 434 476 550 573 601 607 652 669 671 680 695 712 743 761 771 808 875 898 907 926 935 958 978 988 1028 1032 1057 1081 1088 1097 1143 1184 1199 1238 1273 1295 1357 1358 1380 1414 1452 1475 1480 1487 1494 1508 1570 1573 1576 1591 1612 1634 1640 1654 1686 1696 1750 1855 1863 1865 1873 1968 1998 2023
1028,C C C ( C ) / C = C / C C C C C O,1 70 80 82 122 144 172 200 222 239 253 259 268 283 294 333 362 401 473 487 492 508 511 541 544 553 648 651 674 694 717 720 733 754 775 807 881 925 956 957 972 994 1057 1130 1143 1185 1199 1317 1356 1357 1396 1399 1426 1440 1445 1544 1559 1590 1624 1663 1680 1716 1824 1905 1911 1923 1932 1980 1991 2038
1029,C C 1 C [C@@H] 2 [C@@H] ( [C@@H] 3 C 1 ( S 2 ) C ( N ( C 3 = O ) C C C C C C O ) C ( = O ) N ( C C = C ) C C 4 = C C = C C = C 4 ) C ( = O ) O C C = C,5 14 74 75 80 147 150 222 233 236 238 263 277 306 314 335 385 389 473 502 504 506 507 522 534 536 541 556 587 650 666 673 675 694 695 731 807 815 820 881 890 893 926 931 935 940 976 978 991 1007 1019 1046 1057 1060 1066 1088 1130 1143 1145 1147 1158 1166 1177 1181 1182 1199 1215 1217 1238 1292 1305 1309 1317 1323 1329 1348 1358 1366 1367 1380 1398 1413 1457 1468 1471 1479 1489 1496 1526 1543 1558 1607 1612 1635 1645 1650 1697 1701 1723 1742 1745 1747 1750 1754 1775 1873 1893 1911 1917 1933 1942 1946 1955 1967 1978 2019 2026 2042 2043
1030,C 1 ( = C ( C ( = O ) C ( = C ( C 1 = O ) N [C@H] ( C ( = O ) O C ) C ) Br ) N [C@H] ( C ( = O ) O C ) C ) Br,1 54 71 77 81 138 140 147 213 283 314 320 364 480 493 610 611 622 632 650 656 679 680 690 695 716 728 744 807 841 867 906 983 989 1010 1036 1057 1152 1176 1242 1246 1253 1262 1333 1340 1380 1405 1409 1462 1474 1476 1594 1605 1631 1669 1741 1846 1904 1912 1917 1969 2008 2025 2034
1031,C 1 C C C 2 C O C 3 = C C = C C = C 3 C 2 C C 1,2 24 33 66 123 153 227 258 276 317 332 345 371 420 441 454 455 518 526 583 585 656 664 721 788 890 926 942 1019 1027 1028 1079 1088 1096 1155 1199 1235 1261 1286 1325 1326 1333 1380 1409 1447 1450 1481 1527 1551 1558 1561 1566 1624 1639 1688 1695 1746 1750 1809 1873 1905 1923 1937 1949 1990
1032,C N C ( = O ) C C C C 1 C C N ( C C 1 ) C ( = O ) [C@H] ( C c 1 c c c c ( c 1 ) C ( = N ) N ) N S ( = O ) ( = O ) c 1 c c c c ( N C ( = O ) C 2 C N C 2 ) c 1,1 16 29 41 73 79 80 82 108 114 140 161 180 184 191 193 197 198 233 237 263 276 277 279 290 296 319 335 338 345 350 380 419 470 471 502 575 576 584 623 650 652 689 703 705 712 736 738 774 785 800 807 818 832 843 875 880 926 935 974 985 1019 1022 1039 1057 1066 1088 1090 1104 1114 1115 1152 1171 1185 1241 1270 1308 1325 1380 1385 1414 1424 1430 1435 1448 1476 1480 1485 1564 1587 1596 1661 1664 1665 1712 1718 1736 1750 1754 1760 1765 1816 1836 1863 1873 1911 1917 1941 1953 1985 1990 1992 2006 2009 2013 2018
1033,c 1 c c ( c c 2 c 1 c ( c c ( n 2 ) C ( = O ) N ) C ( = O ) N c 1 c ( n ( n c 1 C ( F ) ( F ) F ) C c 1 c c c ( c c 1 ) C ( C ) ( C ) C ) C ) F,33 48 80 114 140 158 188 219 232 257 267 293 300 309 310 318 354 364 377 378 381 392 486 493 537 549 552 572 580 644 650 684 699 751 795 807 809 833 836 847 855 863 875 933 935 937 946 970 1006 1034 1041 1057 1058 1079 1097 1106 1109 1120 1152 1171 1178 1182 1218 1220 1221 1250 1339 1357 1380 1403 1410 1417 1425 1453 1487 1500 1512 1556 1632 1643 1662 1665 1666 1670 1683 1710 1722 1733 1750 1754 1765 1766 1803 1816 1820 1830 1852 1855 1873 1917 1928 1956 1957 1989 1991
1034,C C C O C 1 = C ( C = C ( C = C 1 ) C 2 C N 3 C ( = O ) C N ( C ( = O ) C 3 ( C 4 = C 2 C 5 = C C = C C = C 5 N 4 ) C ) C C 6 = C C = C ( C = C 6 ) O C ) O C,13 25 76 80 94 119 137 178 184 227 235 244 249 255 259 260 262 274 294 303 310 314 322 332 337 374 375 411 421 535 547 650 654 660 661 695 710 718 720 739 781 794 798 803 831 841 870 875 878 900 926 931 935 954 1002 1019 1057 1060 1088 1089 1114 1119 1199 1220 1245 1258 1274 1279 1285 1291 1299 1326 1357 1368 1380 1413 1415 1429 1441 1443 1452 1496 1518 1536 1573 1578 1641 1648 1681 1683 1721 1731 1745 1750 1754 1765 1783 1803 1845 1846 1863 1873 1889 1898 1908 1917 1946 1962 1970 1977 1994 2008
1035,C C 1 = C C = C C = C 1 [C@H] ( C 2 = C C = C C = C 2 ) S C 3 = N C = N C 4 = C 3 C = N N 4 C,1 10 14 30 32 43 116 179 209 217 235 237 267 270 308 343 378 383 389 408 489 520 569 581 649 680 693 738 771 785 804 854 860 872 885 919 935 941 942 995 1020 1057 1076 1088 1094 1096 1105 1114 1145 1157 1199 1220 1329 1357 1365 1369 1373 1380 1391 1415 1439 1452 1468 1507 1535 1581 1590 1616 1646 1660 1661 1696 1722 1750 1810 1850 1852 1873 1908 1961 1999 2024
1036,C 1 = C C = C ( C = C 1 ) C ( = O ) N N ( C C 2 = C C = C ( C = C 2 ) F ) C 3 = C ( C = C ( C ( = C 3 ) C # N ) C # N ) [N+] ( = O ) [O-],40 52 80 90 94 125 150 164 195 310 354 361 389 398 444 466 486 492 507 524 538 616 640 650 674 678 699 715 716 737 753 790 803 807 838 844 849 854 875 881 996 1048 1088 1128 1136 1145 1147 1152 1166 1195 1199 1380 1382 1384 1385 1410 1423 1518 1543 1562 1615 1657 1658 1663 1665 1670 1706 1718 1750 1754 1763 1850 1862 1866 1873 1888 1892 1917 1928 1963 1977 1979 1985 2004 2009 2018 2020
1037,C C C C ( = O ) N C C C 1 = C C 2 = C ( C = C 1 ) N ( C C C 2 ) C,6 41 80 82 86 104 114 128 133 197 254 270 294 310 344 348 363 371 473 484 521 551 556 564 597 650 667 794 807 823 828 859 875 899 926 928 935 955 1011 1012 1028 1033 1057 1083 1113 1138 1145 1152 1156 1161 1168 1192 1219 1236 1243 1295 1357 1380 1384 1480 1485 1502 1507 1550 1564 1580 1589 1693 1719 1738 1750 1753 1754 1784 1873 1915 1916 1917 1953 1958 1963 2022 2023
1038,C 1 C N ( C C 2 = C 1 N N = C 2 C C 3 = C C = C S 3 ) C C 4 = C N = C ( N = C 4 ) C 5 = C C = C O 5,14 34 35 69 74 80 106 121 196 241 326 361 378 383 386 417 427 452 465 474 479 541 592 596 601 656 675 676 712 754 787 814 819 885 910 926 935 982 1029 1036 1088 1101 1114 1138 1152 1182 1228 1233 1235 1251 1256 1279 1307 1380 1385 1430 1452 1480 1526 1535 1560 1561 1567 1572 1589 1636 1651 1657 1681 1738 1750 1754 1765 1771 1777 1791 1793 1805 1873 1891 1897 1903 1915 1926 1941 1946 1980 2004 2011 2014
1039,C 1 C C C 2 = N C 3 = C C = C C = C 3 C ( = C 2 C 1 ) C ( = O ) O C C ( = O ) N C 4 = N C = C ( C = C 4 ) Br,24 41 54 80 82 85 122 145 147 154 167 174 231 270 276 289 297 310 315 343 361 375 378 389 414 445 525 529 531 535 557 586 594 650 671 695 712 728 788 789 807 810 909 919 926 944 967 976 979 1028 1039 1060 1061 1065 1088 1097 1099 1123 1151 1152 1157 1199 1220 1232 1271 1290 1304 1312 1353 1357 1369 1380 1391 1428 1430 1452 1453 1499 1508 1535 1573 1581 1598 1606 1631 1635 1706 1738 1750 1796 1812 1816 1837 1855 1873 1917 1948 1977 1997 2004 2019 2022
1040,C [C@@H] ( C ( = O ) N C ) N S ( = O ) ( = O ) C 1 = C C 2 = C C = C C = C 2 C = C 1,1 14 57 79 178 191 192 196 198 203 218 249 264 283 319 322 345 350 472 478 502 527 558 573 598 599 650 689 715 765 766 771 807 827 843 875 961 976 989 1003 1027 1046 1057 1087 1088 1152 1170 1199 1219 1229 1232 1324 1356 1380 1430 1476 1508 1512 1585 1592 1594 1645 1664 1687 1750 1769 1855 1861 1873 1889 1898 1917 1941 1943 1974 2003
1041,C C 1 = C C ( = C ( C = C 1 ) C ( = O ) O ) S C [C@@H] ( C ( = O ) O ) N,1 55 67 80 90 91 115 116 184 222 235 243 341 342 353 389 456 492 546 548 549 592 633 650 731 786 791 807 820 834 849 875 877 1013 1025 1047 1057 1059 1093 1142 1171 1246 1262 1272 1287 1338 1361 1366 1380 1412 1427 1442 1530 1531 1617 1657 1722 1723 1730 1750 1800 1823 1844 1849 1873 1917 1919 1983 1991 1996 2021
1042,C C ( = C ) C N C C N,80 167 224 257 366 410 421 467 479 485 507 541 667 779 807 898 978 981 1004 1011 1017 1022 1051 1057 1060 1076 1152 1166 1171 1197 1213 1237 1296 1320 1366 1391 1440 1444 1494 1519 1536 1588 1665 1698 1700 1714 1719 1760 1799 1805 1835 1840 1911 1923 1939 1989 1996 2004 2034
1043,O ( C C 1 c 2 c ( c c c c 2 ) c 2 c 1 c c c c 2 ) C ( = O ) N [C@H] ( C ( = O ) N [C@H] ( C ( = O ) c 1 s c 2 c ( n 1 ) c c c c 2 ) C C C N C ( = N ) N ) C c 1 c c c c c 1,1 29 79 80 95 105 113 116 117 140 147 150 156 162 197 225 280 289 301 335 352 365 371 378 386 389 431 461 500 552 557 570 573 610 623 643 650 656 667 675 694 695 708 736 739 754 807 825 857 885 894 905 932 980 983 984 988 1019 1026 1027 1046 1061 1066 1088 1097 1104 1110 1136 1152 1171 1199 1297 1313 1342 1359 1366 1376 1377 1380 1390 1393 1401 1451 1476 1536 1613 1616 1618 1620 1652 1673 1705 1706 1750 1754 1758 1855 1873 1876 1887 1892 1911 1917 1972 1977 2006 2016 2034
1044,C C ( C ) O C ( = O ) C C N 1 C C 1,1 7 28 69 74 80 82 120 123 283 299 319 327 352 378 447 486 489 536 554 580 585 606 640 650 671 695 699 735 807 837 873 926 935 1057 1063 1077 1107 1115 1124 1145 1252 1375 1386 1441 1480 1482 1546 1564 1578 1627 1659 1663 1685 1720 1766 1791 1917 1942 1949 1978
1045,C C 1 = C ( C = C ( C = C 1 ) C ( = O ) N C 2 C C 2 ) C 3 = C C 4 = C ( C = C 3 ) C ( = O ) N ( C = C 4 ) C C 5 = C C = C ( C = C 5 ) C 6 = C C N ( C C 6 ) C ( = O ) O C ( C ) ( C ) C,9 46 80 101 114 121 156 157 162 204 231 290 296 310 314 316 338 352 387 392 422 486 494 504 526 563 646 650 667 695 807 822 836 873 875 894 896 922 926 928 935 954 1015 1019 1023 1033 1057 1065 1088 1101 1135 1152 1160 1235 1249 1257 1275 1286 1287 1325 1333 1347 1357 1380 1385 1391 1440 1455 1476 1479 1480 1484 1520 1530 1540 1545 1574 1593 1605 1634 1655 1657 1679 1683 1688 1691 1697 1722 1723 1733 1738 1750 1754 1765 1781 1785 1815 1823 1839 1855 1859 1860 1873 1917 1972 2009 2016 2035 2037 2041
1046,C O C 1 = C C = C ( C = C 1 ) C 2 = N N = C 3 N 2 C ( = O ) C C ( S 3 ) C 4 = C C = C C = C 4,27 58 98 111 175 189 200 228 231 250 262 271 314 319 322 337 361 378 389 465 486 490 510 524 558 574 585 614 625 626 650 675 682 695 718 729 781 798 831 841 896 926 935 961 1001 1019 1057 1076 1087 1088 1133 1160 1164 1191 1199 1227 1279 1318 1354 1380 1420 1443 1508 1536 1568 1616 1643 1663 1665 1668 1674 1696 1704 1722 1744 1748 1750 1812 1840 1864 1873 1875 1896 1899 1930 1933 1984 1993 1999 2028
1047,C C O C ( = O ) C 1 = C ( O C ( = N 1 ) / C = C / C 2 = C C = C C = C 2 Cl ) C,80 81 94 116 145 147 241 242 294 320 343 366 378 382 391 441 481 490 507 561 612 650 656 694 695 747 759 807 832 835 844 863 888 909 948 961 974 997 1014 1026 1057 1088 1097 1142 1155 1162 1174 1195 1199 1221 1238 1268 1275 1277 1279 1345 1348 1353 1367 1380 1602 1604 1609 1635 1678 1683 1688 1722 1749 1750 1770 1850 1855 1873 1884 1908 1917 1996
1048,C C C 1 = N C 2 = C C = C C = C 2 C ( = C 1 C ( = O ) O C C 3 = N N = C ( O 3 ) C 4 = C ( O C ( = C 4 ) C ) C ) C,13 54 80 98 100 122 125 145 147 165 195 226 234 252 289 294 300 345 352 363 378 389 394 416 425 446 450 477 488 544 586 589 598 616 650 656 695 713 722 745 807 835 863 870 875 912 917 931 955 1021 1047 1057 1088 1097 1104 1134 1158 1164 1165 1181 1199 1357 1380 1384 1462 1505 1546 1556 1569 1573 1578 1604 1633 1636 1649 1668 1669 1679 1720 1722 1734 1742 1750 1768 1794 1799 1855 1857 1873 1876 1895 1897 1909 1917 2009
1049,C C ( C ) [C@H] 1 C O [C@] 2 ( N 1 C ( = O ) C = C 2 ) C,1 67 125 143 200 253 283 288 305 314 401 415 420 547 548 550 553 557 585 606 650 656 658 698 747 767 787 807 852 899 926 935 936 953 969 972 1017 1019 1030 1049 1057 1060 1069 1074 1101 1126 1144 1191 1224 1258 1267 1274 1351 1380 1411 1460 1466 1557 1575 1600 1645 1692 1715 1725 1741 1767 1769 1857 1866 1873 1885 1899 1923 1937 1953 1967 2017
1050,C 1 C N ( C C C 1 C C 2 = C C = C C = C 2 ) C C C N ( C 3 = C C ( = C ( C = C 3 ) Cl ) Cl ) C ( = O ) C 4 C C N ( C C 4 ) C ( = O ) C 5 = C C = C C = N 5,29 49 57 80 82 113 120 137 233 248 365 366 378 389 424 448 458 471 517 543 552 557 561 562 573 596 632 650 652 653 666 738 761 783 800 807 825 855 872 874 875 881 893 915 926 935 942 955 960 974 983 985 1019 1059 1066 1088 1096 1145 1155 1157 1199 1249 1261 1270 1325 1335 1348 1352 1362 1380 1402 1419 1452 1456 1480 1482 1484 1504 1526 1554 1572 1630 1683 1704 1750 1754 1756 1791 1809 1822 1824 1837 1866 1873 1885 1896 1911 1917 1938 1951 1991 2009 2014 2026
1051,C ( C C # C C Br ) C C # N,1 33 80 94 112 143 146 151 244 251 276 288 299 320 321 379 413 506 531 585 655 674 728 790 820 887 986 1068 1075 1083 1089 1104 1148 1150 1271 1315 1321 1384 1485 1501 1598 1738 1883 1911 1920 1977
1052,C C C C C C ( C C 1 = C C = C ( C = C 1 ) / C ( = N / N = C / C 2 = C C = C C = C 2 C C ) / C 3 = C C = C C = C 3 ) F,1 10 19 36 44 63 79 80 235 284 294 310 369 389 422 428 440 441 486 524 591 610 627 629 633 650 694 725 739 778 794 807 832 857 864 961 964 973 993 1039 1050 1057 1088 1169 1199 1217 1219 1244 1279 1283 1345 1349 1373 1380 1385 1444 1514 1597 1615 1619 1690 1697 1703 1750 1754 1764 1783 1799 1873 1878 1886 1903 1904 1911 1918 1919 1928 1931 1985 2001 2041
1053,C C ( C ) ( C ) N C ( = O ) C O C 1 = C ( C = C ( C = C 1 Cl ) Cl ) C N C 2 = C ( C = C C ( = C 2 ) C ( = O ) O ) Cl,10 41 80 81 84 114 136 192 194 212 216 238 254 255 332 333 354 362 366 389 392 456 510 522 561 563 603 630 631 650 666 695 706 708 777 794 807 819 824 827 841 844 875 883 888 998 1056 1057 1131 1134 1138 1152 1209 1213 1224 1246 1249 1274 1275 1349 1380 1384 1385 1392 1416 1422 1435 1452 1481 1487 1529 1553 1559 1617 1623 1644 1682 1683 1697 1747 1750 1754 1792 1873 1879 1917 1955 2001 2004 2045
1054,C C C C C C C C C C ( C ( [C@H] ( C ) C ( = O ) C C ) O ) [Se] C 1 = C C = C C = C 1,1 37 57 80 133 153 177 183 187 227 243 248 283 294 349 359 360 371 389 408 440 441 447 458 475 487 492 530 539 554 591 601 634 650 657 698 705 737 739 783 794 795 807 829 831 881 898 937 982 1005 1019 1057 1077 1088 1092 1143 1190 1199 1206 1283 1288 1327 1376 1377 1380 1444 1498 1538 1582 1585 1614 1617 1648 1688 1724 1750 1779 1788 1832 1873 1911 1917 1941
1055,C C ( = O ) N C 1 = C C 2 = C ( C = C 1 ) N = C ( N 2 C ) C C N C ( = O ) C 3 = C C = C C = C 3,0 8 15 20 45 66 80 183 184 191 197 239 245 265 295 318 321 327 357 359 378 389 417 486 515 530 548 564 587 592 639 650 667 700 733 807 819 828 843 849 856 875 925 934 935 961 967 997 1017 1057 1088 1097 1120 1126 1145 1152 1163 1199 1231 1243 1313 1331 1380 1385 1388 1424 1560 1566 1641 1660 1665 1685 1690 1692 1697 1750 1804 1816 1855 1856 1866 1873 1917 1936 1942 1969 1985 2002 2019
1056,C 1 C C C ( C C 1 ) C 2 = C ( C = N C 3 = C ( C = N N 2 3 ) C ( = O ) N [C@@H] ( C C 4 = C N C 5 = C C = C C = C 5 4 ) C ( = O ) O ) C 6 = C C = C C = C 6,1 2 21 43 46 79 80 89 102 117 119 156 201 222 278 285 296 302 322 328 347 352 364 378 384 389 397 412 424 455 464 479 486 589 648 650 736 743 806 807 846 851 873 890 926 935 968 1019 1028 1067 1083 1088 1114 1150 1152 1160 1183 1196 1199 1231 1252 1295 1325 1336 1349 1357 1360 1380 1429 1435 1452 1456 1460 1464 1520 1535 1573 1589 1607 1624 1655 1681 1696 1703 1709 1750 1751 1783 1815 1844 1860 1873 1879 1887 1917 1937 1943 1970 1991 2000 2041
1057,C 1 C C C ( C C 1 ) N C ( = O ) N C ( = O ) C N 2 C C N ( C C 2 ) C ( = O ) N 3 C C O C C 3,2 11 41 74 80 116 120 141 244 277 369 380 387 428 474 520 523 526 623 650 656 718 743 746 753 794 807 890 926 930 935 950 953 994 1013 1015 1018 1019 1028 1089 1114 1119 1124 1152 1231 1238 1295 1302 1312 1325 1339 1405 1431 1441 1480 1532 1589 1604 1634 1655 1658 1659 1780 1791 1793 1812 1839 1863 1870 1901 1917 1919 1920 1940 1966 1979 1981 1989 2009 2038
1058,C C 1 = C ( C 2 = C ( S 1 ) N = C N ( C 2 = O ) / N = C / C 3 = C C ( = C ( C ( = C 3 ) O C ) O C ) O C ) C 4 = C C = C C = C 4,4 12 43 47 86 138 162 174 182 196 198 249 255 260 263 271 282 313 314 328 333 336 355 356 378 385 389 397 466 491 500 504 511 562 607 615 624 635 650 675 681 694 695 699 725 726 736 776 781 818 841 864 873 875 910 914 932 935 1030 1049 1057 1088 1146 1160 1182 1198 1199 1252 1285 1333 1336 1379 1380 1398 1438 1452 1485 1488 1512 1536 1542 1599 1610 1708 1717 1722 1747 1750 1792 1806 1814 1823 1828 1839 1848 1867 1873 1892 1916 1970 1984 2033
1059,C 1 = C C = C ( C ( = C 1 ) N C C C N ) Br,57 80 128 208 268 344 370 467 492 515 533 540 555 611 653 658 667 691 728 833 899 918 979 981 993 997 998 1018 1088 1152 1171 1196 1199 1213 1224 1246 1299 1323 1342 1380 1395 1416 1422 1480 1517 1551 1597 1631 1696 1750 1801 1840 1844 1873 1911 1915 1946 1972 2002 2044
1060,C C O C ( = O ) C 1 = N C = C 2 C = C S C 2 = C 1,14 80 145 147 171 209 294 378 428 456 464 477 554 650 675 695 701 702 723 736 759 770 807 827 835 838 855 860 866 875 876 885 915 921 967 1025 1038 1050 1057 1126 1158 1184 1218 1238 1346 1380 1417 1426 1452 1479 1482 1498 1529 1535 1537 1567 1603 1607 1643 1722 1750 1777 1780 1796 1803 1808 1811 1855 1859 1865 1873 1895 1910 1917 1944 1985 2013
1061,C C O C 1 = C C = C ( C = C 1 ) N C ( = S ) N 2 C C C C C [C@@H] 2 C 3 = C C = C N 3 C,2 8 25 26 58 69 80 95 97 102 110 136 137 172 187 191 193 231 237 242 266 272 294 322 323 335 347 364 392 510 599 688 695 709 718 729 807 843 863 890 894 926 935 942 1019 1028 1032 1056 1057 1058 1077 1088 1101 1133 1145 1150 1152 1185 1238 1290 1312 1325 1380 1384 1409 1452 1475 1480 1515 1605 1651 1664 1667 1738 1750 1811 1816 1873 1998 2037
1062,C 1 = C C = C ( C = C 1 ) C O C 2 = C C = C ( C = C 2 ) N C ( = O ) C O C 3 = C 4 C ( = C S C 4 = N C = N 3 ) C 5 = C C = C C = C 5,41 42 80 89 102 107 134 167 191 192 220 222 280 301 322 349 352 378 389 397 401 412 419 444 464 489 510 511 517 528 552 650 654 675 695 700 706 718 736 745 751 770 795 807 843 891 898 901 934 956 980 1015 1023 1051 1066 1077 1088 1095 1106 1152 1153 1156 1160 1185 1199 1263 1281 1286 1333 1343 1348 1370 1380 1452 1506 1519 1548 1567 1654 1730 1750 1754 1810 1816 1840 1859 1873 1881 1917 1956 1982 1984 2004 2042
1063,C C C 1 = C C = C C = C 1 C C 2 = N C C N 2,2 49 80 89 98 130 204 215 222 279 294 305 313 325 354 378 416 516 545 582 599 610 650 665 671 672 680 691 740 792 881 895 926 950 966 986 1013 1049 1057 1061 1079 1088 1114 1130 1199 1209 1349 1380 1430 1531 1581 1597 1674 1719 1720 1725 1750 1799 1860 1866 1873 1896 1932 1947 2000 2002 2038 2041
1064,C [C@H] 1 [C@@H] ( [C@H] ( O [C@@] 1 2 C 3 = C ( C = C C ( = C 3 ) N 4 C ( = O ) C O C 5 = C C = C C = C 5 4 ) N ( C 2 = O ) C C = C ) C C N 6 C = C ( N = N 6 ) [C@@H] ( C 7 = C C = C C = C 7 ) O ) [Si] ( C ) ( C ) O,1 13 19 79 80 139 141 143 156 223 226 227 233 255 314 336 378 389 396 422 434 441 459 461 464 493 501 520 522 588 609 610 620 629 650 656 694 713 747 781 783 798 807 812 832 840 853 862 875 919 926 929 935 940 941 946 959 973 985 994 1010 1019 1055 1056 1057 1060 1070 1088 1099 1138 1141 1145 1152 1164 1197 1199 1206 1227 1244 1262 1270 1295 1309 1322 1347 1365 1366 1380 1393 1411 1420 1427 1447 1480 1481 1503 1523 1541 1581 1614 1623 1645 1646 1647 1686 1693 1708 1734 1750 1783 1801 1816 1820 1821 1822 1825 1846 1873 1905 1915 1917 1980 2014 2038 2044 2046
1065,C O C C C 1 = C C = C ( C = C 1 ) O C 2 C C C C C C C 2 N,2 13 21 54 71 80 102 132 184 188 251 294 310 322 362 401 486 523 524 695 708 718 790 798 841 890 926 962 977 1005 1018 1019 1026 1028 1038 1044 1045 1057 1078 1093 1101 1171 1213 1243 1250 1257 1290 1325 1356 1380 1390 1409 1444 1476 1551 1575 1631 1639 1673 1750 1754 1808 1832 1873 1893 1932 1933 1952 1956 1988 2023 2046
1066,C 1 = C C = C ( C = C 1 ) C N 2 C ( = O ) / C ( = C / C 3 = C ( C = C C ( = C 3 ) I ) O ) / S C 2 = O,80 133 178 192 222 226 242 273 281 304 314 340 389 437 475 519 523 524 540 541 579 588 621 648 650 661 663 675 694 705 794 807 854 863 875 879 901 928 935 939 947 961 973 1003 1055 1066 1073 1088 1112 1146 1167 1170 1199 1213 1297 1380 1469 1475 1481 1494 1514 1580 1594 1602 1607 1610 1630 1683 1691 1724 1750 1754 1762 1765 1768 1858 1873 2044
1067,C C ( C ) C 1 = C C = C ( C = C 1 ) C ( = O ) N C ( = S ) N C 2 = C C = C ( C = C 2 ) C ( = O ) C,1 94 97 110 112 191 197 283 364 371 411 451 457 476 486 550 561 598 617 650 660 783 807 843 930 1017 1023 1038 1057 1071 1077 1119 1139 1152 1171 1195 1213 1250 1330 1342 1365 1380 1385 1412 1418 1436 1451 1468 1531 1542 1630 1665 1692 1697 1702 1705 1717 1736 1748 1750 1804 1816 1820 1853 1865 1873 1917 1945 1946 1960 1974
1068,C C 1 ( C ( = O ) N ( C ( = O ) N 1 ) C C C 2 = C C 3 = C ( C = C 2 ) N C ( = C 3 C C N ( C ) C ) C ( = O ) N C C 4 = C C ( = C ( C = C 4 ) Cl ) Cl ) C,34 66 69 80 104 119 127 130 197 201 206 255 287 310 314 323 366 374 420 436 475 486 503 551 559 561 575 580 588 616 632 650 652 666 693 741 761 787 791 807 813 828 875 881 884 935 950 969 1001 1023 1057 1060 1108 1114 1145 1152 1163 1198 1243 1274 1282 1299 1357 1380 1402 1423 1504 1516 1527 1539 1554 1558 1560 1573 1576 1625 1636 1640 1673 1675 1676 1683 1691 1696 1745 1750 1754 1779 1798 1812 1862 1873 1912 1917 1939 1951 1957 1958 1961 1970 1976 1984 2019 2024 2034
1069,c 1 c c c 2 c ( c 1 ) c 1 c ( c ( n 2 ) O C ) c 2 c ( C 1 = O ) c c ( c c 2 ) O C,58 155 249 289 314 322 352 378 389 401 511 533 636 648 650 680 695 702 718 720 732 781 783 819 841 875 884 906 973 981 1009 1047 1057 1058 1061 1063 1088 1097 1115 1153 1185 1195 1199 1201 1357 1362 1372 1380 1446 1476 1486 1536 1573 1607 1635 1747 1750 1842 1846 1855 1865 1873 1972 2014
1070,C C C [Si] ( O C ( C ) C ) O C ( C ) C,1 53 65 80 209 247 283 294 301 428 438 449 478 597 603 661 674 695 734 794 814 851 868 951 955 966 989 990 1017 1046 1057 1087 1104 1113 1255 1283 1303 1381 1389 1452 1513 1569 1577 1610 1905 1978 2032
1071,C ( N ( C c 1 c c c ( c ( c 1 ) C ( = O ) O ) C ( = O ) O ) C c 1 c c c c c 1 Br ) C C ( = O ) O,14 42 57 67 77 80 122 136 196 251 263 310 334 351 357 378 389 392 404 456 496 507 543 581 602 650 694 701 715 728 804 807 833 870 875 881 892 905 929 997 1013 1041 1047 1088 1120 1152 1199 1225 1287 1294 1331 1349 1380 1392 1404 1406 1454 1564 1581 1597 1603 1631 1636 1647 1653 1724 1726 1737 1750 1754 1789 1794 1815 1825 1873 1893 1917 1928 1941 1942 1945 1951 1956 1984 1991 2003 2008
1072,C / C ( = N / N C ( = O ) C 1 = C C = C C = N 1 ) / C 2 = C C ( = C C = C 2 ) O C,130 318 322 345 372 378 437 441 448 471 486 498 519 550 552 562 573 650 651 695 700 725 726 737 781 807 841 847 848 849 855 875 920 940 973 1006 1017 1039 1057 1065 1088 1119 1124 1137 1152 1155 1192 1199 1247 1252 1264 1266 1336 1361 1380 1384 1385 1387 1431 1442 1452 1536 1571 1625 1642 1683 1727 1750 1755 1793 1841 1847 1866 1873 1901 1917 1944 1972 1974 1985 1995 2032
1073,C C 1 = C ( C = C C ( = C 1 O C O C ) O C ) N C ( = O ) C 2 = C C ( = C ( C ( = C 2 ) O C ) O C ) O C,70 80 86 94 109 215 249 252 282 332 333 383 410 428 482 486 545 551 613 618 650 652 669 685 695 720 730 807 841 875 885 894 914 926 938 939 947 1005 1057 1068 1152 1196 1224 1241 1258 1281 1326 1340 1352 1368 1380 1385 1394 1452 1456 1458 1472 1517 1536 1539 1563 1578 1588 1599 1622 1650 1699 1716 1722 1750 1785 1795 1816 1817 1843 1856 1873 1892 1917 1934 1944 1956 1970 1986 2024
1074,C [C@H] ( C 1 = C C ( = C ( C = C 1 ) O C ) Br ) [NH2+] C C ( = O ) N C C C 2 = C C = C C = C 2,1 31 41 45 56 57 58 66 68 80 94 105 164 173 197 249 283 308 381 384 389 392 444 499 500 597 613 650 667 695 728 737 807 816 828 829 833 841 845 866 875 930 955 977 1000 1038 1045 1057 1066 1072 1088 1092 1105 1121 1127 1152 1155 1157 1199 1236 1243 1300 1302 1365 1380 1472 1507 1536 1580 1596 1617 1631 1676 1750 1754 1763 1825 1853 1873 1916 1917 1967 1970 2009
1075,C [C@] 1 ( C C C [C@@] 2 ( [C@@H] 1 C C [C@] 3 4 [C@H] 2 C C [C@@H] ( C 3 ) [C@@H] ( C 4 ) C ( = O ) O ) C ) C = O,36 62 121 193 209 245 262 267 285 310 313 338 351 365 389 416 477 478 483 503 558 585 587 596 644 650 663 679 694 731 757 768 794 798 807 838 872 886 889 907 926 1004 1019 1028 1044 1057 1060 1066 1067 1080 1154 1162 1274 1325 1351 1381 1391 1431 1434 1477 1482 1523 1535 1584 1585 1618 1651 1656 1681 1688 1692 1709 1765 1778 1802 1832 1867 1882 1917 1934 1955 1994 1997 2023 2028 2031 2040 2047
1076,C C O C 1 = C C = C C = C 1 N 2 C ( = N N = C 2 S C C ( = O ) O C ) C 3 = C C = C O 3,2 28 52 55 77 80 94 116 121 190 195 198 236 237 257 272 294 307 308 341 365 378 384 425 474 496 499 543 547 579 625 644 650 656 684 695 737 747 749 787 807 841 935 1011 1057 1061 1068 1088 1113 1148 1152 1164 1191 1199 1212 1225 1233 1238 1248 1295 1363 1380 1386 1404 1410 1449 1452 1508 1509 1536 1558 1579 1601 1606 1647 1700 1722 1723 1724 1750 1777 1780 1805 1814 1873 1917 1926 1934 1956 1959 1969 1970 1993 2018 2047
1077,c 1 ( c ( n c ( c n 1 ) N ( C C C C O C C ( = O ) O ) C C = C ) c 1 c c c c c 1 ) c 1 c c c c c 1,13 29 41 50 59 80 126 160 177 185 193 204 220 233 235 291 296 323 378 389 470 471 484 492 519 632 648 650 684 692 694 695 736 792 807 826 865 877 881 925 939 940 976 978 1018 1023 1024 1065 1080 1088 1106 1148 1157 1160 1165 1199 1213 1228 1249 1275 1325 1329 1366 1380 1392 1406 1435 1452 1535 1579 1592 1645 1669 1687 1723 1735 1737 1750 1758 1780 1788 1804 1812 1855 1873 1885 1903 1904 1911 1917 1918 1951 1962 1964 1977 1992 2004 2012
1078,C 1 C N C ( = N C 1 ) N C ( = O ) C C C 2 = C C = C ( S 2 ) C ( = O ) N C C ( C ( = O ) O ) N S ( = O ) ( = O ) C C ( F ) ( F ) F,1 12 41 80 114 118 162 169 197 213 232 278 283 289 305 313 348 350 367 378 389 415 419 437 475 484 486 496 504 540 544 569 606 609 611 623 650 656 675 677 702 724 736 745 747 768 781 799 800 807 826 867 879 881 926 932 943 961 1002 1019 1028 1030 1068 1092 1114 1121 1124 1133 1148 1152 1214 1243 1280 1302 1321 1351 1380 1382 1432 1447 1449 1453 1476 1479 1486 1490 1494 1546 1564 1599 1614 1624 1632 1662 1721 1727 1745 1750 1798 1812 1816 1844 1866 1873 1917 1928 1941 1950 1997 2014
1079,C 1 = C C = C ( C = C 1 ) C 2 = N C = C ( C 3 = C C = C C = C 3 2 ) N,30 63 68 159 183 187 259 323 335 347 378 380 389 410 446 471 570 618 719 736 766 784 816 864 904 910 978 1003 1005 1054 1088 1105 1142 1160 1166 1171 1180 1199 1202 1217 1231 1256 1272 1316 1327 1331 1357 1362 1380 1393 1406 1452 1456 1457 1532 1535 1568 1573 1584 1610 1612 1639 1750 1762 1767 1801 1812 1841 1873 1997 2014 2045
1080,C C N ( C C ) C 1 = C C = C ( C = C 1 ) [C@@H] 2 C 3 = C ( C [C@H] ( C C 3 = O ) C 4 = C C = C ( C = C 4 ) Cl ) N C ( = C 2 C ( = O ) O C C ) C,3 34 80 118 145 147 180 211 216 231 256 257 287 294 300 309 310 314 557 561 626 634 644 650 651 674 675 695 729 751 759 772 807 816 881 897 902 926 932 955 960 961 1005 1019 1057 1060 1070 1077 1096 1114 1156 1158 1169 1171 1205 1238 1242 1279 1321 1334 1376 1380 1392 1419 1464 1488 1518 1582 1585 1604 1616 1630 1645 1651 1683 1687 1693 1722 1741 1750 1803 1827 1841 1853 1873 1917 1993 2000 2024 2034 2047
1081,C C ( C C Br ) ( C C Br ) C C Br,40 80 85 114 136 168 218 251 253 287 328 345 358 388 392 398 409 447 495 525 589 607 611 620 725 728 763 771 774 783 788 803 887 1013 1046 1057 1096 1113 1175 1225 1262 1264 1267 1303 1308 1328 1340 1400 1417 1637 1667 1694 1702 1706 1709 1724 1803 1814 1815 1843 2012
1082,C O C 1 = C C ( = C ( C = C 1 ) [C@H] ( C ( = O ) N C 2 C C C C 2 ) N ( C C 3 = C N = C C = C 3 ) C ( = O ) C C 4 = C C = C S 4 ) O C,1 10 14 58 80 196 237 241 247 249 287 292 322 325 330 335 378 383 387 397 428 437 464 470 475 499 507 521 550 573 596 610 635 645 650 656 675 695 703 718 770 781 805 807 827 841 875 881 890 911 926 930 1019 1028 1043 1057 1059 1066 1088 1150 1152 1153 1180 1238 1256 1325 1380 1382 1535 1536 1567 1586 1603 1634 1655 1657 1691 1734 1745 1750 1754 1790 1826 1861 1863 1866 1873 1900 1917 1921 1924 1970 1972 1982 1992 2037
1083,C C 1 = C ( C [C@H] ( [C@H] ( C 1 ) C ( = O ) N N C ( = O ) C 2 = C S C ( = C 2 ) C ) C ( = O ) O ) C,21 39 64 102 128 203 209 231 233 247 270 285 304 331 371 373 388 389 486 488 513 530 552 560 575 623 650 666 675 684 689 721 745 807 816 843 875 904 911 926 942 974 1014 1019 1037 1046 1057 1152 1291 1301 1327 1380 1385 1419 1425 1431 1444 1474 1484 1512 1524 1527 1567 1576 1599 1641 1644 1679 1694 1713 1722 1798 1823 1858 1861 1873 1907 1917 1942 1951 2004
1084,C C C C O C 1 = C C = C ( C = C 1 ) C = N N C ( = O ) C O C 2 = C C = C ( C = C 2 ) Cl,1 13 25 41 62 80 102 192 206 216 270 294 305 309 318 322 347 402 449 502 507 525 540 561 591 650 660 670 694 695 718 720 725 782 794 807 816 831 834 845 847 864 914 924 1034 1057 1070 1090 1105 1151 1152 1258 1347 1380 1410 1452 1683 1739 1750 1842 1867 1871 1873 1876 1887 1905 1911 1917 1983 1998 2004 2033 2045
1085,C 1 = C N ( C = N 1 ) S ( = O ) N N 2 C = C ( C = C ( C 2 = N ) Br ) Br,29 97 135 169 188 208 254 294 319 348 375 378 427 448 464 491 510 607 623 646 650 724 728 800 816 833 843 855 875 884 909 932 935 997 1003 1007 1048 1064 1084 1100 1101 1122 1145 1152 1158 1162 1215 1237 1239 1265 1271 1274 1361 1365 1380 1403 1428 1467 1476 1516 1521 1567 1593 1603 1610 1631 1654 1672 1688 1691 1704 1730 1765 1847 1866 1873 1949 1975
1086,C C ( O ) C C ( C ) ( C ) C N S ( = O ) ( = O ) c 1 c c c c ( Cl ) c 1 C # N,1 10 15 80 114 136 141 171 213 227 244 260 261 283 313 350 351 358 366 392 403 409 502 524 544 561 587 636 650 674 734 739 790 806 807 822 825 858 910 913 926 974 992 999 1009 1039 1051 1057 1060 1088 1111 1127 1136 1143 1152 1158 1265 1272 1282 1319 1367 1380 1382 1384 1389 1398 1400 1462 1464 1476 1493 1517 1543 1546 1553 1586 1626 1627 1683 1750 1794 1856 1869 1873 2028
1087,C C / C = C ( \ C 1 = C ( C ( C C 1 = O ) ( C ) C ) C ( = O ) O C ) / N O C C,31 80 88 112 129 141 145 176 189 224 258 267 287 294 314 328 455 479 504 538 552 570 598 602 619 650 654 656 663 694 695 751 758 763 807 836 841 875 906 907 926 939 940 948 953 1014 1017 1057 1060 1078 1105 1152 1156 1171 1238 1274 1297 1380 1413 1454 1563 1582 1622 1692 1699 1715 1776 1802 1813 1827 1917 2009 2029
1088,C C 1 = C C ( = C C ( = C 1 O ) C / C = C ( \ C ) / C C C O C ( = O ) C ) O,13 47 62 80 147 151 164 167 202 208 217 255 298 312 321 375 377 385 420 425 479 480 552 562 623 650 694 695 699 721 726 745 777 789 793 807 822 846 874 875 904 906 981 1017 1035 1041 1057 1077 1080 1103 1213 1229 1254 1279 1282 1349 1380 1386 1391 1419 1421 1435 1436 1437 1564 1577 1583 1598 1602 1632 1714 1722 1734 1773 1813 1873 1879 1886 1890 1911 1913 1917 1943 1981
1089,C C 1 = C C ( = C C = C 1 ) C ( = O ) N 2 C C C 3 ( C C 2 ) N ( [C@H] ( C O 3 ) C ( = O ) O ) C ( = O ) C 4 = C C = C C = C 4 C,16 35 93 126 193 203 277 292 313 389 400 425 494 497 517 531 577 618 650 656 703 708 725 737 751 807 811 837 875 889 919 926 927 935 941 942 1000 1013 1017 1019 1026 1035 1039 1049 1055 1057 1059 1060 1088 1095 1114 1162 1173 1199 1248 1287 1329 1379 1380 1385 1391 1422 1426 1431 1447 1462 1480 1486 1504 1525 1546 1583 1686 1722 1728 1731 1742 1745 1750 1788 1823 1866 1873 1874 1885 1917 1921 1923 1985 1991 1999 2002 2009
1090,C C N C ( = O ) N C ( = O ) [C@H] ( C 1 = C C = C C = C 1 ) O C ( = O ) C 2 = C ( C 3 = C C = C C = C 3 O 2 ) C O C,1 69 80 109 145 154 182 197 208 218 294 368 373 377 379 382 389 434 495 571 572 573 577 632 636 642 650 656 660 678 692 695 709 714 745 769 788 807 841 853 895 905 916 938 962 979 1005 1057 1088 1119 1128 1146 1152 1199 1251 1299 1357 1365 1380 1387 1414 1448 1491 1573 1581 1602 1604 1624 1658 1716 1722 1726 1750 1808 1833 1846 1873 1904 1917 1921 1926 1936 1989 2007 2011 2034
1091,C O C 1 = C N = C ( N = C 1 N C 2 = C ( C = N C = C 2 ) C ( = O ) N C C ( C N ) O ) C 3 = C ( C = C C ( = C 3 ) Cl ) F,1 22 80 90 91 94 103 128 161 165 173 179 187 197 216 227 249 352 375 378 423 441 451 468 486 491 496 510 561 565 575 606 650 680 695 699 708 711 717 726 756 761 794 807 816 841 843 846 875 963 981 983 1028 1053 1057 1068 1085 1152 1171 1199 1208 1215 1224 1262 1272 1275 1299 1317 1342 1380 1385 1414 1452 1529 1535 1536 1569 1579 1586 1603 1610 1656 1667 1675 1683 1690 1693 1750 1752 1773 1840 1855 1866 1873 1884 1891 1905 1909 1917 1928 1970 1991 2014 2038
1092,C C ( C ) N ( C ) C ( = O ) [C@@H] 1 C C C N ( C 1 ) C 2 C C N ( C C 2 ) C 3 = N C 4 = C C = C C = C 4 O 3,1 101 168 172 182 212 215 246 249 283 289 335 378 407 437 440 446 468 512 556 650 656 689 727 739 795 800 803 807 824 825 840 847 862 881 926 927 928 934 935 944 954 959 974 1019 1028 1057 1077 1088 1091 1097 1121 1128 1137 1151 1163 1181 1199 1251 1267 1286 1325 1334 1343 1348 1380 1413 1447 1476 1480 1490 1524 1528 1549 1604 1695 1713 1725 1750 1782 1783 1808 1823 1854 1855 1873 1874 1909 1910 1917 1939 1944 1996
1093,C 1 = C C ( = C ( N = C 1 ) C C 2 = C C = C ( C = C 2 ) F ) C ( = O ) N,55 72 80 84 90 124 130 140 150 151 168 172 197 273 309 310 335 352 378 424 429 448 471 479 526 564 566 618 650 699 703 704 807 854 870 883 906 932 951 1043 1060 1063 1088 1095 1101 1134 1171 1199 1213 1352 1367 1380 1385 1410 1430 1447 1452 1515 1565 1607 1611 1664 1670 1688 1723 1746 1750 1754 1866 1873 1879 1888 1897 1909 1917 1928 1934 1964 1991 2035 2044 2047
1094,C C 1 = N N 2 C = C [N+] ( = C 2 C = C 1 ) C C 3 = C ( N 4 [C@@H] ( [C@@H] ( C 4 = O ) N C ( = O ) / C ( = N \ O C ) / C 5 = C S C ( = N 5 ) N ) S C 3 ) C ( = O ) O,5 26 47 80 104 146 150 179 184 197 205 212 227 232 233 235 314 335 358 376 378 387 389 415 431 440 456 463 470 494 499 516 547 552 624 650 653 672 675 695 698 715 725 753 792 806 807 809 828 841 852 855 859 872 882 891 926 935 936 963 998 1003 1019 1027 1042 1043 1057 1060 1063 1065 1101 1103 1112 1132 1152 1171 1195 1210 1252 1264 1279 1296 1314 1352 1362 1380 1384 1422 1435 1441 1457 1475 1508 1529 1542 1547 1567 1608 1623 1643 1649 1680 1681 1698 1716 1722 1730 1731 1750 1774 1845 1855 1873 1886 1893 1899 1905 1917 1922 1956 2021 2027
1095,C C C C C # C / C = C ( / C = C ( / C = C / [Si] ( C C ) ( C C ) C C ) \ [Si] ( C C ) ( C C ) C C ) \ [Si] ( C C ) ( C C ) C C,9 31 50 75 80 99 128 151 167 190 214 260 279 294 359 361 378 383 387 413 431 498 556 559 567 581 591 632 636 662 674 675 688 694 755 766 794 807 809 873 921 1057 1062 1096 1117 1120 1140 1170 1218 1222 1236 1252 1271 1275 1391 1396 1407 1414 1421 1442 1538 1571 1583 1584 1585 1604 1657 1663 1702 1741 1777 1869 1883 1900 1911 1915 1919 1949 1983 2002 2007 2046
1096,C C 1 = N C ( = N N 1 ) C 2 ( C C O C C 2 ) C 3 = C C = C ( C = C 3 ) C ( = O ) O C 4 = C C = C C = C 4 N,21 53 74 112 116 119 130 145 147 156 158 212 218 285 310 335 356 378 398 472 481 484 494 523 556 566 571 592 599 606 625 645 646 650 656 663 671 695 717 730 731 746 756 807 812 822 838 839 910 926 950 974 979 1042 1057 1060 1086 1088 1090 1114 1137 1161 1162 1171 1199 1331 1362 1380 1385 1396 1405 1410 1457 1465 1497 1554 1561 1592 1665 1671 1697 1706 1722 1729 1730 1733 1750 1793 1824 1831 1855 1867 1873 1882 1895 1917 1952 1970 1973 2004 2013
1097,C 1 C O C C N 1 C 2 = C C = C ( C = C 2 ) N C ( = O ) / C ( = C / C = C / C 3 = C C = C C = C 3 [N+] ( = O ) [O-] ) / C # N,77 83 159 164 179 191 233 354 407 432 441 523 547 567 568 650 656 674 687 694 715 716 740 753 760 774 790 803 807 835 838 839 843 926 935 950 961 964 992 1014 1018 1077 1079 1088 1097 1103 1152 1178 1195 1199 1210 1263 1319 1353 1380 1384 1395 1405 1406 1441 1452 1458 1480 1481 1488 1544 1603 1609 1611 1660 1723 1732 1750 1816 1825 1836 1873 1884 1893 1917 1940 1944 1963 1972
1098,C [C@H] 1 [C@H] ( [C@H] ( [C@@H] ( [C@@H] ( O 1 ) O [C@@H] 2 C C C C [C@H] 2 O C C C C C C ( C ( = O ) O ) C ( = O ) O ) O ) O ) O,1 13 80 83 90 199 230 346 377 389 468 489 550 576 578 631 650 656 689 691 695 722 730 736 739 767 798 807 823 869 890 918 926 929 938 1019 1028 1037 1057 1058 1097 1134 1143 1178 1184 1205 1206 1242 1249 1257 1269 1271 1283 1306 1309 1313 1323 1325 1366 1381 1457 1487 1534 1635 1650 1757 1763 1764 1792 1796 1804 1805 1831 1838 1844 1893 1911 1917 1921 1930 1936 1945 1963 1965 2016 2034
1099,C 1 = C C ( = N C ( = C 1 C ( = O ) O ) F ) F,5 8 47 67 80 92 156 160 169 189 204 234 281 303 317 378 380 389 390 395 407 456 477 503 516 581 644 650 651 689 695 699 807 834 838 894 947 952 978 985 1004 1020 1034 1040 1044 1047 1116 1172 1174 1187 1331 1339 1380 1507 1526 1568 1627 1645 1723 1750 1763 1835 1855 1873 1917 1928 1991 2031
1100,C C N 1 C ( = C ( C = N 1 ) Cl ) C N ( C ) C ( = O ) C 2 = N N ( C = C 2 ) C,22 34 43 60 80 85 87 104 105 111 139 158 179 289 294 334 366 378 440 497 507 511 561 587 589 650 651 657 685 691 701 789 807 814 828 855 881 909 920 930 935 948 1013 1023 1038 1057 1069 1074 1078 1084 1101 1109 1113 1145 1149 1163 1221 1348 1380 1381 1398 1422 1428 1440 1469 1474 1477 1502 1524 1535 1579 1650 1678 1683 1702 1750 1762 1800 1813 1821 1835 1873 1879 1894 1910 1913 1917 1956 1976
1101,C / C ( = N / N C ( = O ) C S C 1 = N C 2 = C C = C C = C 2 C ( = O ) N 1 C 3 = C C = C ( C = C 3 ) Cl ) / C 4 = C C 5 = C C = C C = C 5 C = C 4,6 23 41 58 80 85 107 116 117 203 210 216 233 289 314 318 322 341 378 384 389 414 482 484 504 514 561 598 614 650 682 687 695 700 708 725 747 807 816 847 875 883 935 940 956 997 1017 1037 1057 1061 1065 1070 1087 1088 1097 1144 1152 1199 1247 1357 1380 1385 1416 1493 1496 1506 1508 1540 1573 1577 1579 1602 1683 1697 1703 1712 1741 1750 1755 1807 1825 1855 1873 1885 1917 1924 1950 1959 1993 2025 2029
1102,C C C 1 = C ( C ( = N C ( = N 1 ) C ) N 2 C C C N ( C C 2 ) C ( = O ) C 3 = C C = C ( C = C 3 ) C ( C ) ( C ) C ) C C 4 = C C ( = C C = C 4 ) F,33 79 80 114 117 130 168 196 230 247 248 284 294 310 369 374 378 392 394 407 433 485 497 508 525 541 650 680 681 691 699 706 717 718 720 727 771 788 798 807 821 854 855 875 887 926 935 942 944 1028 1039 1057 1066 1074 1083 1088 1100 1126 1180 1251 1293 1302 1321 1335 1339 1340 1372 1380 1385 1417 1424 1430 1458 1472 1480 1487 1491 1498 1504 1508 1511 1532 1556 1589 1599 1627 1665 1670 1681 1697 1722 1750 1754 1771 1799 1818 1855 1873 1897 1914 1917 1928 1931 1984 2009 2034 2039
1103,O 1 c 2 c ( O C 1 ) c c c ( N C ( = O ) c 1 n n ( c ( = O ) c 3 c 1 c c c c 3 ) C C C ) c 2,59 68 80 103 127 140 143 151 152 158 160 161 184 191 206 212 267 294 304 314 378 404 431 441 478 486 490 499 504 650 656 688 738 794 807 820 826 843 850 875 885 926 933 935 950 1035 1057 1088 1121 1123 1132 1145 1152 1169 1177 1199 1309 1349 1357 1367 1380 1546 1573 1578 1593 1615 1640 1647 1680 1719 1750 1800 1816 1822 1863 1873 1875 1880 1905 1915 1917 1927 1956 1978 2005
1104,C C ( C ) ( C ) C 1 C C C ( = C C 1 ) C C C = O,69 78 80 114 118 165 194 228 255 271 316 387 392 393 401 417 464 585 597 598 601 621 643 650 694 712 720 727 763 790 838 859 891 899 917 926 1004 1019 1057 1096 1102 1118 1123 1241 1243 1256 1319 1325 1380 1394 1396 1430 1444 1464 1478 1479 1517 1618 1626 1650 1707 1711 1738 1781 1873 1930 2028
1105,C 1 = C C = C ( C ( = C 1 ) C 2 = C C 3 = C ( N 2 C C 4 = N C ( = C C = C 4 ) N ) C = C ( C = C 3 ) O C C 5 = C C ( = C C = C 5 ) C ( F ) ( F ) F ) Cl,14 36 37 45 58 62 80 100 107 113 114 159 170 172 181 194 203 209 210 240 241 251 254 284 313 322 352 366 378 419 424 438 459 498 545 561 594 601 617 654 677 678 695 717 718 724 745 759 802 809 820 875 935 938 957 969 974 980 984 995 1020 1039 1066 1069 1087 1088 1090 1171 1199 1212 1242 1260 1325 1336 1342 1356 1360 1367 1368 1372 1380 1404 1417 1452 1453 1457 1493 1496 1501 1522 1525 1567 1612 1656 1683 1692 1712 1725 1750 1754 1765 1785 1855 1873 1913 1928 2017 2032 2033
1106,C 1 C C C C ( = C C C 1 ) O,2 15 98 153 185 205 229 262 310 321 340 391 404 424 526 637 757 787 797 807 851 877 893 897 926 928 953 959 1028 1050 1054 1095 1147 1249 1256 1259 1268 1300 1311 1361 1365 1380 1411 1421 1434 1479 1597 1602 1628 1668 1693 1738 1750 1781 1785 1807 1825 1830 1868 1873 1875 1880 1904 1909 1940 1951 2003 2037 2047
1107,C 1 [C@H] 2 [C@H] ( C [C@H] 2 O ) [C@H] ( [C@@H] 1 O ) Br,42 70 106 165 169 202 214 244 349 374 387 401 413 483 518 543 581 622 667 681 708 728 807 820 837 845 849 887 909 926 968 1005 1019 1040 1043 1126 1188 1229 1257 1292 1307 1332 1335 1336 1355 1469 1502 1605 1674 1689 1701 1707 1875 1877 1906
1108,C C 1 ( C N = C ( N 1 ) N C ( = O ) O C ) C 2 = C C = C C = C 2,3 16 33 100 152 204 208 268 356 378 386 389 404 439 489 532 556 559 583 608 650 653 656 695 771 772 786 807 841 881 884 926 928 949 954 964 1007 1015 1057 1060 1072 1088 1097 1114 1142 1152 1157 1183 1199 1223 1261 1274 1280 1289 1355 1371 1380 1407 1414 1431 1443 1584 1593 1638 1750 1758 1760 1802 1814 1816 1836 1844 1852 1865 1873 1898 1905 1917 1961 1964 1971 1976 2002
1109,C 1 C N ( C C C 1 C O ) C 2 = C C = C C = C 2 N,29 32 80 157 222 231 300 319 335 407 430 454 494 536 551 552 587 606 646 651 652 677 800 807 838 882 906 910 926 935 936 1019 1039 1062 1088 1164 1171 1181 1187 1199 1295 1310 1312 1324 1325 1380 1436 1442 1457 1480 1486 1489 1516 1587 1619 1647 1661 1673 1696 1750 1759 1827 1873 1926 1961 1986 1991
1110,C C C ( C ) N ( C ( C 1 = C C = C C ( = C 1 C ) C ) C ( = O ) N C C 2 = C C = C C = C 2 ) C ( = O ) C ( C S ) N C ( = O ) O C ( C ) ( C ) C,1 28 71 80 114 117 125 171 197 229 231 237 252 255 266 283 294 321 328 330 331 362 389 392 425 451 460 462 475 495 505 524 533 550 573 581 638 650 675 680 695 735 736 752 768 784 787 807 865 881 901 913 1019 1020 1023 1039 1040 1057 1066 1088 1110 1136 1152 1160 1199 1214 1259 1318 1320 1365 1380 1391 1400 1440 1459 1503 1518 1544 1566 1573 1574 1614 1616 1713 1722 1750 1754 1758 1803 1819 1859 1873 1897 1917 1977 1996 1999
1111,C N ( C ) C 1 = C C = C ( C = C 1 ) C N ( C C 2 C C C O 2 ) C ( = O ) C C 3 = C C ( = C C = C 3 ) O C,21 57 80 248 310 317 322 325 361 507 513 557 559 562 587 619 650 656 695 737 781 802 807 821 834 841 851 854 875 881 886 926 950 960 966 978 1003 1019 1028 1039 1057 1066 1069 1088 1096 1132 1147 1163 1183 1201 1238 1278 1306 1325 1362 1372 1379 1380 1391 1423 1437 1449 1468 1536 1584 1657 1676 1678 1700 1702 1715 1717 1750 1754 1770 1798 1822 1823 1824 1857 1873 1917 1932 1961 1971 1972 2006 2046
1112,C C 1 = C C ( = C ( N 1 ) C ) [C@@H] 2 N C 3 = C C = C C = C 3 C ( = O ) N 2 C C C 4 = C C = C ( C = C 4 ) O C,8 9 80 85 93 161 185 202 248 301 310 314 315 322 347 352 450 492 592 601 611 641 644 650 660 669 692 695 705 718 781 791 831 835 841 869 875 879 906 935 974 980 984 1019 1027 1045 1057 1065 1088 1114 1125 1140 1145 1154 1199 1243 1266 1284 1321 1336 1380 1442 1446 1470 1471 1491 1497 1498 1536 1657 1722 1745 1750 1754 1765 1775 1798 1865 1873 1879 1981 1982 1998 2047
1113,[C@] 1 2 ( [C@H] ( [C@H] 3 [C@@H] ( [C@@H] 4 C ( = C C 3 ) C = C ( C C 4 ) O [C@@H] 3 [C@@] 4 ( [C@H] ( [C@H] 5 [C@@H] ( c 6 c ( C C 5 ) c c ( c c 6 ) O C ( = O ) c 5 c c c c c 5 ) C C 4 ) C C 3 ) C ) C C 1 ) C C [C@H] 2 C ( = O ) C ) C,18 28 84 95 105 106 120 137 145 170 171 198 206 212 238 249 253 277 279 293 304 306 322 331 368 389 408 416 455 519 524 543 555 559 562 589 598 606 622 650 671 689 695 713 718 807 823 855 865 866 875 926 934 963 1017 1019 1027 1039 1041 1057 1060 1073 1088 1119 1142 1162 1163 1181 1199 1206 1220 1236 1258 1274 1299 1303 1306 1313 1325 1380 1385 1401 1476 1477 1507 1563 1582 1617 1618 1634 1642 1660 1676 1682 1717 1729 1738 1743 1750 1781 1789 1790 1795 1826 1833 1840 1873 1888 1913 1917 1947 1951 1985 1999 2022
1114,C C 1 = C C = C C = C 1 C C 2 ( C C C N ( C 2 ) C C 3 = C ( C = C C ( = C 3 ) O C ) O ) C O,4 7 59 80 100 158 195 222 291 322 434 464 475 509 517 547 602 681 682 695 718 742 781 802 807 812 813 841 855 869 875 926 928 935 974 977 1028 1051 1057 1060 1082 1088 1089 1095 1126 1130 1162 1198 1199 1257 1263 1349 1360 1374 1380 1391 1392 1401 1413 1414 1422 1475 1480 1536 1537 1597 1599 1602 1607 1673 1700 1708 1719 1722 1734 1750 1765 1791 1792 1799 1845 1873 1879 1902 1912 1937 1955 1972 1999 2035
1115,C C O C 1 = C ( C = C 2 C ( = C O C 2 = C 1 C ) C 3 = C ( C = C C ( = C 3 ) O C ) O C ) / C ( = C / C ( = O ) N C C N ( C ) C ) / C,59 80 94 107 110 114 126 133 137 143 145 197 206 237 242 249 252 255 294 304 322 333 352 384 437 458 469 470 535 596 605 650 652 656 667 693 694 695 710 718 732 733 735 759 781 795 806 807 815 834 841 848 851 860 863 875 881 893 904 961 1017 1057 1086 1108 1116 1120 1152 1163 1178 1181 1185 1194 1233 1235 1238 1273 1277 1302 1304 1353 1357 1360 1380 1391 1452 1459 1464 1533 1535 1536 1539 1540 1572 1665 1669 1682 1683 1684 1714 1722 1750 1783 1784 1792 1873 1879 1892 1917 1924 1951 1964 1968 1970 1972 1991 1992 2031
1116,C C 1 = C ( S C ( = N 1 ) C ) C ( = O ) N C 2 = C N = C ( C = C 2 ) O C,92 138 162 190 191 237 279 310 311 376 378 400 483 486 487 509 530 538 650 665 675 687 695 713 781 807 809 820 832 841 843 845 940 954 957 997 1035 1044 1057 1080 1101 1103 1123 1152 1193 1212 1303 1321 1323 1331 1380 1403 1410 1424 1452 1469 1518 1535 1536 1570 1646 1669 1680 1719 1722 1743 1750 1788 1815 1816 1845 1848 1855 1869 1873 1884 1897 1916 1917 1951 1978 2007 2026 2037
1117,C C ( C ) C C ( C ) O C C C 1 C C N C C 1,1 13 28 29 49 80 114 227 274 283 305 316 360 415 472 506 510 561 650 659 680 695 741 759 773 810 820 832 920 925 926 940 963 1019 1054 1056 1057 1114 1125 1142 1150 1179 1227 1235 1308 1325 1340 1345 1347 1354 1355 1437 1442 1489 1504 1508 1516 1550 1583 1606 1611 1675 1743 1812 1827 1836 1847 1929 1938 1959 1992 1996
1118,C C C ( C ) S C ( C ) C ( = O ) N C 1 = C ( C = C ( C = C 1 ) N ) C,1 4 80 116 196 246 283 294 301 423 573 605 618 628 633 647 650 659 681 773 787 807 875 887 888 937 1001 1031 1055 1057 1146 1149 1152 1160 1162 1168 1171 1193 1224 1265 1297 1301 1333 1349 1380 1391 1442 1457 1459 1460 1492 1499 1531 1538 1544 1568 1605 1623 1722 1750 1752 1816 1856 1861 1863 1873 1876 1917 1989 2031
1119,C O C 1 = C C = C C = C 1 C 2 = N N C ( = S ) N 2 / N = C / C 3 = C C ( = C C = C 3 ) [N+] ( = O ) [O-],24 38 44 74 97 140 160 188 200 214 249 253 260 311 320 328 346 352 378 517 520 544 578 607 618 635 650 691 694 695 710 715 725 742 753 803 831 838 841 864 875 935 984 1011 1017 1039 1057 1088 1114 1155 1178 1185 1195 1199 1274 1320 1335 1353 1380 1410 1421 1423 1536 1543 1583 1608 1610 1638 1657 1691 1707 1711 1717 1722 1726 1733 1750 1751 1757 1775 1801 1806 1809 1815 1873 1940 1963 1970 2004 2033 2035
1120,C C ( C ) ( C ) O C ( = O ) N C ( C ) ( C ) C ( = O ) O C 1 = C C = C ( C 2 = C C = C C = C 2 1 ) N = C ( N ) N,0 4 6 11 18 70 94 110 114 125 126 140 154 231 233 267 271 280 286 351 354 392 398 489 493 494 512 598 650 674 695 715 718 725 739 807 879 888 924 938 1040 1049 1057 1088 1103 1133 1134 1143 1152 1157 1171 1193 1199 1288 1334 1357 1378 1380 1382 1436 1547 1569 1573 1574 1592 1595 1609 1613 1646 1649 1662 1663 1674 1676 1717 1721 1724 1729 1750 1757 1758 1815 1859 1873 1901 1917 1918 1970 2009
1121,C C 1 = C ( C = C O 1 ) C 2 = N N = C ( O 2 ) S C C # C C O,55 57 80 113 116 130 151 166 181 200 222 257 310 321 336 341 352 370 378 421 424 491 498 504 522 656 674 696 698 763 787 807 813 835 852 856 891 979 1001 1047 1057 1156 1158 1164 1177 1185 1186 1188 1189 1219 1233 1264 1277 1320 1325 1380 1384 1479 1521 1528 1537 1539 1542 1550 1572 1604 1629 1636 1640 1658 1711 1712 1718 1719 1722 1735 1750 1764 1817 1830 1852 1854 1859 1873 1878 1884 1914 1993 2010 2016
1122,C C O P 1 O C ( = N O 1 ) C 2 = C C = C C = C 2,28 50 80 190 192 203 217 235 294 327 378 389 442 463 505 538 566 576 592 656 695 700 726 736 767 792 809 848 880 970 1000 1006 1037 1057 1088 1095 1108 1134 1158 1160 1176 1199 1238 1291 1320 1374 1380 1390 1393 1467 1492 1493 1551 1592 1608 1614 1615 1620 1750 1779 1796 1865 1873 1887 1926 1934 1955 1970 1976 2000 2021
1123,C [C@H] 1 C [C@@H] ( C ( = O ) O 1 ) O C ( = O ) C 2 = C C 3 = C ( S 2 ) N = C ( S 3 ) N C 4 = C C = C C = C 4,70 123 140 145 162 191 206 220 247 258 272 314 330 341 378 381 385 389 392 419 428 491 511 512 650 656 664 675 695 696 703 707 725 750 799 807 808 815 875 885 919 926 941 949 972 1019 1032 1057 1071 1088 1097 1103 1105 1126 1138 1152 1172 1180 1190 1199 1242 1292 1295 1309 1328 1339 1380 1394 1424 1469 1524 1670 1671 1714 1721 1740 1750 1765 1855 1873 1917 1939 1940 2006
1124,C O C 1 = C ( C ( = C ( C = C 1 ) Cl ) O C ) C ( = O ) N 2 C C C N 2 C ( = O ) C C C ( F ) ( F ) F,40 80 89 94 110 114 207 213 249 281 299 325 333 356 366 437 470 556 561 586 614 650 662 666 695 729 790 807 819 832 841 845 852 875 906 911 926 935 1009 1025 1028 1053 1057 1083 1091 1130 1196 1215 1231 1241 1253 1308 1327 1328 1380 1428 1453 1480 1481 1493 1504 1533 1536 1537 1564 1569 1599 1615 1617 1683 1717 1750 1776 1859 1860 1862 1871 1873 1917 1925 1926 1928 1970 2031
1125,C C ( C ) C 1 C N ( C C 1 C ( = O ) O ) C C 2 = C C = C C = C 2,1 18 80 81 101 209 253 274 283 285 296 312 372 389 431 490 521 618 636 650 692 718 725 729 739 807 868 872 916 926 929 935 938 1019 1045 1057 1066 1077 1088 1138 1144 1158 1193 1194 1199 1225 1249 1271 1301 1330 1372 1373 1380 1431 1445 1452 1464 1564 1589 1653 1683 1688 1723 1740 1750 1754 1763 1765 1771 1791 1835 1847 1871 1873 1882 1917 1943 1994
1126,C 1 C C 1 N C ( = O ) C N 2 C C N ( C C 2 ) C ( = O ) C O C 3 = C C ( = C ( C = C 3 Cl ) Cl ) Cl,9 37 41 74 80 109 127 222 228 277 340 346 361 366 387 416 505 512 561 584 621 650 695 699 739 749 760 774 793 807 823 875 892 909 926 930 935 972 1003 1009 1019 1063 1083 1110 1148 1152 1187 1275 1309 1312 1325 1337 1362 1380 1447 1452 1480 1505 1528 1533 1554 1589 1634 1655 1683 1694 1730 1791 1800 1815 1847 1873 1917 1920 1929 1970 2004 2009 2044
1127,C O C ( = O ) C 1 = C ( C 2 = C C = C C = C 2 C ( = C 1 C ( = O ) O C ) C 3 = C C = C C = C 3 ) C 4 = C C = C C = C 4,8 20 31 32 38 70 145 241 266 329 371 376 385 389 431 479 482 521 586 614 624 650 695 736 798 807 841 901 906 954 982 1020 1042 1057 1088 1117 1152 1160 1172 1199 1282 1357 1380 1411 1413 1573 1593 1610 1702 1733 1747 1750 1770 1790 1804 1873 1878 1917 1925 1927 1976 2004 2029
1128,C O C 1 = C ( C = C ( C = C 1 ) C ( C 2 = C ( N ( C ( = S ) N C 2 = O ) C 3 = C C ( = C C = C 3 ) Cl ) O ) C 4 = C ( N ( C ( = S ) N C 4 = O ) C 5 = C C ( = C C = C 5 ) Cl ) [O-] ) C [NH+] 6 C C O C C 6,1 30 80 94 97 118 126 165 216 221 249 254 271 302 314 367 368 403 451 459 460 512 522 523 548 561 592 597 622 636 650 656 662 675 695 715 720 750 807 820 841 851 859 874 875 883 896 926 935 950 994 1002 1015 1036 1039 1043 1049 1057 1088 1114 1167 1175 1180 1182 1183 1238 1287 1294 1334 1349 1365 1366 1380 1405 1425 1445 1536 1602 1626 1646 1661 1662 1683 1687 1690 1691 1712 1717 1729 1745 1750 1754 1781 1801 1825 1839 1853 1873 1916 1926 1935 1958 1970 1982 1993
1129,C C C ( C ( = O ) N C 1 = N C 2 = C ( S 1 ) C = C ( C = C 2 ) O C C ) S C 3 = C ( C ( = C C ( = N 3 ) C 4 = C C = C ( C = C 4 ) O C ) C 5 = C C = C ( C = C 5 ) C ) C # N,1 32 39 54 66 69 80 82 116 125 162 181 213 222 235 237 249 251 256 294 314 315 317 322 352 353 358 362 378 385 433 438 466 488 493 507 521 528 557 558 573 609 629 650 674 675 691 695 712 715 716 718 780 781 790 807 810 831 841 850 853 859 875 880 885 896 916 955 961 980 994 1054 1057 1093 1097 1136 1152 1160 1166 1168 1180 1193 1231 1238 1267 1368 1379 1380 1383 1384 1452 1501 1507 1525 1536 1544 1554 1564 1574 1669 1678 1722 1750 1765 1778 1794 1816 1823 1853 1855 1873 1880 1917 1920 1949 1971 2002
1130,C O C 1 = C ( C = C C ( = C 1 ) C # N ) O C ( = O ) C 2 = C C = C C = C 2,94 102 129 145 212 231 248 249 251 305 310 389 427 503 530 570 606 650 674 695 698 773 778 790 807 841 860 875 914 934 1015 1022 1057 1088 1105 1127 1136 1188 1199 1231 1245 1255 1298 1380 1382 1384 1385 1400 1457 1536 1640 1643 1652 1662 1711 1725 1729 1750 1795 1799 1865 1873 1912 1917 1954 1970 1975 1985 1994 2001
1131,C C O C 1 = C C = C ( C = C 1 ) N 2 C ( = O ) C [C@@H] ( C 2 = O ) [NH2+] C C C 3 = C C = C C = C 3,5 13 48 54 69 80 81 102 137 139 151 214 221 231 233 237 249 290 293 294 314 322 389 390 431 444 478 488 554 555 603 650 689 695 718 767 798 866 889 926 927 930 934 935 953 962 1019 1045 1057 1066 1088 1097 1129 1132 1176 1194 1197 1199 1238 1239 1243 1245 1290 1311 1370 1380 1407 1452 1536 1559 1568 1641 1652 1660 1661 1679 1686 1723 1750 1752 1754 1825 1826 1832 1873 1875 1900 1925 1956 1963 2010 2034 2038
1132,C C [S@] ( = O ) C 1 = C C = C C = C 1 C ( = O ) O C C ( = O ) N C 2 = C C = C ( C = C 2 ) O C 3 = C C = C C = C 3 Cl,21 41 59 80 87 139 145 147 153 167 182 185 191 193 198 240 294 307 309 314 322 351 366 427 441 454 487 494 539 561 567 588 600 650 677 695 718 721 724 733 747 781 807 843 851 901 913 931 974 1004 1005 1007 1057 1077 1088 1100 1118 1121 1125 1138 1140 1152 1158 1199 1256 1265 1331 1332 1380 1410 1447 1451 1455 1499 1504 1513 1516 1617 1673 1683 1699 1736 1746 1750 1816 1860 1873 1881 1917 1925 1968 1970 1991 1997 2004
1133,C C 1 = C C ( = C 2 C = C C ( = C C 2 = N 1 ) F ) C ( = O ) N ( C ) C C 3 C C 3,29 80 196 249 334 360 365 378 507 515 562 633 647 650 688 692 699 715 718 794 807 834 867 875 881 902 909 926 946 970 974 993 1019 1057 1058 1073 1079 1086 1092 1097 1106 1129 1130 1163 1221 1325 1357 1380 1410 1416 1453 1461 1464 1487 1520 1541 1566 1633 1670 1671 1722 1731 1733 1748 1750 1754 1755 1763 1822 1825 1855 1873 1917 1928 1944 1962 1989 1991 2045
1134,C C C C C C C C C C C C O C 1 = C ( C = C ( C = C 1 ) C C ( = O ) N C C 2 = C C = C C = [N+] 2 C C ) Cl,6 13 26 41 80 94 120 197 199 216 255 294 310 325 333 348 366 418 463 506 553 554 558 561 567 575 591 640 646 650 695 713 730 734 784 794 807 818 875 900 917 918 922 950 957 975 991 996 1003 1057 1073 1078 1079 1088 1106 1110 1111 1123 1143 1152 1199 1249 1377 1380 1395 1444 1452 1510 1518 1520 1528 1530 1556 1561 1683 1692 1750 1754 1776 1822 1832 1873 1911 1912 1917 1929 1943 1950 1962 1970 1979 2001 2004
1135,C C C ( C ) C 1 = C C = C ( C = C 1 ) N 2 C ( = O ) / C ( = C \ C 3 = C C = C C = C 3 C ( = O ) O ) / S C 2 = S,1 6 7 28 78 80 92 97 142 145 156 215 233 264 273 275 281 283 294 314 347 389 398 441 456 502 613 624 650 657 668 675 689 694 779 807 863 879 880 935 961 1025 1047 1055 1057 1061 1062 1084 1088 1139 1176 1180 1190 1199 1246 1288 1299 1300 1328 1365 1380 1416 1434 1438 1447 1450 1534 1544 1647 1650 1663 1686 1711 1717 1750 1798 1825 1838 1853 1873 1894 1903 1904 1917 1927 1942 1953 1991 1997 2015 2044
1136,C C C C C C C C C C C C # C C C # C C C ( = O ) O,34 80 93 101 138 151 294 312 389 413 417 418 452 591 650 674 677 735 766 767 794 797 804 807 820 875 905 1011 1052 1057 1143 1163 1243 1271 1401 1419 1444 1496 1638 1651 1695 1737 1753 1783 1909 1911 1914 1917 1927 2006 2038
1137,C C C ( C C ) ( C C ) P 1 ( = N C ( C ) ( C ) C ) C ( = C 1 C 2 = C C = C C = C 2 ) C 3 = C C = C C = C 3,34 80 114 159 294 295 307 312 325 332 339 345 356 368 389 392 399 422 543 590 696 725 736 782 810 823 853 908 969 973 1057 1088 1108 1145 1160 1185 1199 1202 1281 1342 1380 1421 1426 1450 1511 1559 1561 1602 1612 1627 1656 1715 1750 1752 1786 1843 1850 1873 1895 2006 2012 2028
1138,C C C ( C 1 = C N = C ( C = C 1 ) C ) N,1 22 63 64 80 85 121 181 243 268 294 335 346 378 384 428 473 502 562 577 620 621 628 630 689 724 786 794 841 944 956 957 968 1004 1043 1057 1058 1120 1125 1153 1164 1166 1171 1218 1270 1273 1343 1365 1380 1422 1449 1452 1474 1535 1544 1614 1722 1731 1750 1853 1856 1873 1923 1953 1962 2030
1139,C O C ( = O ) C 1 = C C = C C = C 1 N C ( = O ) / C = C / C 2 = C C 3 = C ( C = C 2 ) C = C ( C = C 3 ) F,25 28 31 49 58 91 105 115 118 145 203 213 319 322 327 362 365 428 517 593 650 694 695 699 745 767 769 794 807 835 839 841 846 873 875 892 906 936 1015 1034 1046 1057 1068 1088 1152 1153 1166 1181 1199 1215 1224 1308 1311 1319 1380 1410 1443 1447 1471 1487 1533 1653 1670 1696 1700 1713 1747 1750 1752 1768 1785 1793 1816 1855 1873 1915 1917 1928 1960 1991 2032 2033 2041
1140,C C C 1 = N N ( C ( = C 1 ) C ( = O ) N C C 2 C C 3 = C ( O 2 ) C ( = C C ( = C 3 ) C 4 = C ( C = C C ( = C 4 ) O C ) O C ) Cl ) C,27 52 79 80 94 138 171 197 219 231 239 249 294 310 311 322 352 362 366 378 387 444 460 486 488 495 532 533 561 590 650 656 668 695 710 718 724 736 750 765 774 781 794 807 822 825 841 848 875 889 917 926 928 932 935 971 994 1019 1040 1057 1099 1105 1145 1152 1159 1160 1170 1185 1202 1215 1236 1294 1317 1369 1380 1391 1434 1471 1497 1516 1536 1571 1580 1604 1613 1622 1653 1683 1690 1738 1750 1763 1780 1783 1799 1848 1853 1870 1873 1917 1956 1970 1972 2029 2037
1141,C 1 = C ( N C ( = O ) N = C 1 ) N C ( = O ) C 2 = C ( C ( = C ( C ( = C 2 F ) F ) F ) F ) F,10 28 44 110 152 294 314 353 377 378 417 452 457 480 486 526 538 544 555 561 586 650 699 716 787 807 924 970 1021 1114 1152 1213 1265 1294 1318 1331 1335 1354 1380 1382 1445 1452 1491 1507 1594 1635 1673 1683 1745 1750 1816 1830 1866 1873 1911 1917 1928 1932 1944 1959 1961 1991 2002
1142,C [C@@H] 1 C ( = O ) N [C@@H] ( C ( = O ) N [C@@H] ( C ( = O ) N [C@H] ( C ( = O ) N [C@@H] ( C ( = O ) N 2 C C C [C@@H] 2 C ( = O ) N 1 ) C C ( = O ) O ) [C@@H] ( C ) O ) C C ( = O ) O ) C 3 = C C = C C = C 3,1 5 10 19 20 26 27 42 47 80 91 101 115 169 218 227 231 250 283 301 314 315 340 364 389 406 435 437 445 446 538 556 596 605 634 640 650 684 685 687 696 807 820 891 926 935 945 977 998 1004 1011 1019 1028 1034 1043 1052 1057 1058 1068 1083 1088 1114 1129 1199 1228 1279 1309 1312 1325 1329 1341 1380 1414 1418 1429 1480 1497 1506 1516 1524 1527 1531 1543 1617 1663 1689 1692 1737 1739 1746 1750 1780 1807 1822 1855 1873 1911 1917 1937 1970 2008 2011
1143,C C 1 = C ( C = C ( S 1 ) C ( = O ) O C ) C # N,145 161 162 264 286 313 323 361 364 384 392 417 419 468 469 501 523 549 591 598 614 650 669 674 675 679 695 742 753 760 768 790 807 841 875 887 906 959 1057 1105 1109 1124 1130 1136 1152 1171 1195 1233 1254 1272 1300 1323 1380 1381 1384 1434 1458 1558 1609 1676 1698 1722 1724 1752 1766 1791 1832 1846 1852 1862 1873 1917 1969 1999
1144,C 1 = C C = C 2 C = C ( C = C C 2 = C 1 ) C C 3 = C C ( = C ( C = C 3 ) N ) C # N,63 80 132 155 203 269 310 322 361 373 390 471 477 598 641 674 744 788 790 802 805 875 892 896 910 944 950 956 972 1003 1045 1087 1088 1136 1171 1179 1190 1199 1274 1317 1380 1384 1387 1423 1430 1457 1472 1500 1508 1625 1691 1748 1750 1754 1768 1783 1797 1807 1811 1825 1843 1855 1862 1873 1907 1954 1955 1960 1983
1145,C 1 C [C@@H] 2 C [NH2+] C C [NH+] 2 C 1,26 99 153 221 226 237 240 372 412 462 469 477 629 658 677 782 891 926 931 1019 1028 1055 1060 1086 1144 1155 1170 1204 1325 1373 1452 1553 1554 1630 1685 1690 1712 1724 1726 1727 1729 1768 1846 1852 1894 1904 1923 1965 1996 1998
1146,C 1 C C ( = O ) N ( C 1 = O ) C 2 = C C = C ( C = C 2 ) C ( = O ) O C C ( = O ) N C C 3 = C C = C C = C 3 Cl,1 34 41 80 145 147 197 210 219 233 255 295 314 318 333 366 369 377 454 501 511 517 554 561 606 639 650 695 747 750 751 798 800 807 817 838 877 879 926 935 948 974 1048 1088 1152 1176 1179 1199 1208 1219 1309 1314 1319 1349 1380 1385 1388 1406 1455 1499 1522 1597 1605 1654 1670 1674 1683 1686 1697 1738 1746 1750 1758 1767 1810 1825 1835 1873 1901 1917 1990 1997 2003 2004 2032
1147,C C 1 = C C ( = C ( C ( = C 1 ) C ) C ( = O ) C [N+] 2 = C S C ( = C 2 C ) C C O ) C,26 80 85 102 151 164 178 193 204 213 222 314 342 463 473 487 522 586 650 675 694 751 765 784 807 875 910 1027 1057 1100 1191 1243 1277 1308 1328 1367 1380 1391 1392 1410 1502 1515 1558 1567 1608 1659 1662 1674 1693 1709 1722 1727 1748 1772 1775 1782 1788 1799 1823 1828 1842 1873 1891 1895 1917 1949 1950 1953 2025
1148,C C C ( C N 1 C = N C = N 1 ) C # N,1 43 80 84 89 112 118 184 294 378 387 390 465 482 489 507 548 584 601 629 641 651 655 674 676 683 747 748 790 853 871 932 935 1012 1024 1057 1073 1089 1122 1144 1286 1291 1294 1357 1369 1384 1438 1544 1552 1587 1603 1631 1646 1664 1690 1701 1713 1731 1778 1822 1860 1873 1922 1928 1942 2006 2015
1149,c 1 ( c n c c ( c 1 N N C ( = O ) C C c 1 c c c ( c c 1 ) O C ) Cl ) Cl,41 56 58 72 80 120 142 148 189 310 312 322 354 366 378 381 438 483 494 524 561 650 695 716 718 742 745 781 793 807 831 834 841 844 1045 1057 1068 1080 1088 1090 1092 1094 1152 1168 1176 1185 1243 1269 1333 1336 1371 1380 1447 1474 1492 1535 1536 1564 1603 1644 1649 1669 1683 1688 1721 1750 1754 1873 1890 1899 1905 1917 1968 2000
1150,C 1 C C 1 N C ( = O ) C 2 = C C 3 = C ( C ( = C 2 ) Cl ) O C C O 3,7 9 53 83 151 157 261 347 362 366 378 387 441 486 561 569 581 633 643 650 651 656 667 713 764 789 807 854 875 898 926 943 944 945 950 971 981 984 991 1002 1014 1019 1152 1180 1249 1280 1294 1310 1325 1365 1380 1385 1407 1415 1417 1451 1455 1480 1490 1529 1535 1563 1634 1655 1669 1683 1708 1794 1799 1851 1860 1866 1873 1905 1917 1921 2037 2040
1151,C 1 = C N C ( = C 1 ) C 2 = C C = C ( C = C 2 ) C C ( = O ) O,80 86 97 165 178 216 224 267 290 310 325 385 389 503 589 632 650 655 663 806 807 822 823 896 913 914 997 1010 1020 1053 1063 1083 1084 1088 1110 1114 1122 1160 1191 1230 1280 1297 1324 1331 1354 1380 1400 1454 1460 1479 1506 1540 1563 1635 1737 1750 1754 1779 1825 1855 1873 1917 1995
1152,C N C 1 = N C ( = N C = C 1 C 2 = C C = C C = C 2 Cl ) S ( = O ) ( = O ) C,20 69 90 167 210 217 274 350 352 366 378 447 461 483 498 502 534 553 561 606 650 692 704 708 715 743 759 815 833 840 858 875 876 931 948 974 984 1007 1057 1088 1152 1199 1218 1234 1265 1276 1356 1380 1393 1430 1452 1476 1498 1535 1683 1688 1689 1750 1760 1795 1801 1849 1855 1873 1885 1927 1932 2007
1153,C 1 C O C C N 1 C 2 = C C = C ( C = C 2 ) C 3 = N C = C C ( = C 3 ) C 4 = C ( N N = C 4 ) C 5 = C C = C C = N 5,16 74 142 155 233 256 352 378 407 417 448 492 506 523 539 552 579 609 656 674 687 694 715 787 800 815 856 875 890 896 926 935 950 980 997 999 1014 1065 1088 1112 1113 1114 1120 1155 1160 1169 1175 1179 1199 1211 1262 1316 1333 1347 1355 1380 1405 1411 1441 1452 1480 1535 1594 1613 1618 1661 1750 1766 1775 1790 1825 1839 1845 1851 1866 1873 1903 1942 1971 1985 2045
1154,C C 1 = C C ( = C ( N ( C 1 = O ) C ) N C 2 = C ( C = C ( C = C 2 ) I ) F ) N S ( = O ) ( = O ) C 3 C C 3,20 34 84 126 165 257 302 314 318 347 350 433 446 459 464 486 491 504 516 550 564 590 650 661 664 669 692 699 708 734 817 826 875 878 880 909 926 935 947 955 992 1019 1057 1073 1139 1145 1146 1152 1224 1270 1325 1368 1380 1388 1391 1405 1426 1438 1476 1480 1494 1499 1531 1552 1553 1581 1594 1645 1691 1718 1722 1735 1750 1752 1839 1840 1856 1873 1894 1906 1913 1915 1916 1921 1928 2007 2024
1155,C 1 C C 2 ( C ( N ( C C O 2 ) C C 3 = C C = C C = C 3 ) C 4 = C C = C C = C 4 ) O C 1 C 5 = C C = C C = C 5,30 80 99 134 181 184 185 201 244 265 343 359 361 389 392 464 505 545 567 570 643 646 656 704 724 741 798 848 863 907 926 935 950 994 1017 1019 1021 1053 1060 1066 1070 1084 1088 1162 1199 1236 1242 1246 1273 1279 1288 1298 1307 1319 1325 1380 1397 1398 1413 1442 1455 1480 1481 1500 1519 1569 1578 1605 1607 1663 1683 1684 1686 1738 1748 1750 1754 1765 1785 1809 1839 1841 1873 1898 2022 2035
1156,C O C 1 = C ( C = C C ( = C 1 ) C N C C C O ) O,80 99 106 108 145 222 242 249 255 310 338 343 359 382 473 488 521 614 625 638 655 667 695 696 717 746 771 807 841 869 875 887 1004 1015 1027 1038 1057 1086 1103 1130 1133 1152 1154 1168 1185 1211 1222 1258 1330 1380 1426 1434 1447 1461 1474 1475 1496 1536 1602 1605 1607 1633 1686 1688 1710 1712 1750 1754 1767 1779 1796 1873 1888 1911 1970 1990 2030 2035
1157,C 1 C ( C O C ( O 1 ) C 2 = C O C = C 2 ) N,111 125 140 193 232 252 329 360 374 384 396 515 656 727 766 787 802 853 926 1006 1019 1021 1053 1100 1115 1129 1139 1149 1171 1198 1224 1279 1338 1359 1373 1380 1529 1582 1583 1600 1657 1744 1750 1832 1840 1873 1923 1952 1959 1997 2004 2007
1158,C [C@H] 1 C N ( C ( = O ) C 2 = C ( C ( = C C = C 2 ) N C ( = O ) C 3 = C C = C ( C = C 3 ) C 4 = N C = C S 4 ) O [C@@H] 1 C N ( C ) C C 5 C C C C C 5 ) [C@@H] ( C ) C O,1 2 10 14 29 34 79 80 142 197 222 249 283 314 352 353 378 395 406 423 482 484 486 508 526 554 610 650 656 675 676 679 716 739 750 769 798 807 809 834 836 854 879 881 890 896 918 926 930 935 947 984 998 1019 1028 1039 1057 1088 1102 1106 1110 1116 1152 1160 1163 1214 1222 1224 1236 1271 1294 1309 1312 1322 1325 1372 1380 1385 1405 1450 1452 1460 1461 1501 1526 1567 1585 1630 1631 1653 1665 1692 1696 1697 1716 1731 1750 1754 1795 1816 1859 1860 1864 1866 1873 1917 1929 1934 1968 1973 1978 1979 1986 1998 2003 2008 2010 2031 2035
1159,C C ( C ) [C@H] ( C ( = O ) N C ( = O ) N ) O C ( = O ) C C N 1 C ( = O ) C S C 2 = C C = C C = C 2 1,1 3 31 69 80 123 140 145 151 157 180 202 243 247 283 314 349 378 390 397 413 509 532 573 588 626 650 662 667 675 695 708 727 764 779 798 807 859 868 892 896 926 935 949 962 965 976 1003 1057 1088 1119 1145 1152 1167 1171 1178 1199 1225 1285 1295 1304 1327 1328 1380 1386 1400 1411 1441 1454 1484 1526 1535 1564 1583 1596 1613 1627 1647 1661 1668 1734 1750 1773 1872 1873 1881 1917 1978 1982 2000 2029
1160,C [C@H] ( C [C@@H] ( [C@@H] 1 C ( O 1 ) ( C ) C ) O C ( = O ) C ) C 2 = C 3 C [C@H] 4 C 5 [C@@] ( [C@] 3 ( C C 2 ) C ) ( C C C ( [C@@] 5 ( C C ( = O ) O 4 ) C ) C ( C ) ( C ) C ( = O ) O C ) C,1 5 69 70 80 114 142 184 199 231 235 283 284 302 314 317 333 343 354 373 374 392 418 420 428 502 512 517 523 529 555 597 633 637 650 656 668 680 695 709 733 738 750 777 798 799 807 823 841 892 901 926 935 940 941 943 967 970 1017 1019 1035 1057 1060 1070 1087 1102 1142 1152 1162 1274 1278 1305 1319 1325 1326 1353 1380 1394 1399 1416 1418 1424 1431 1436 1452 1477 1522 1525 1528 1537 1548 1554 1574 1577 1587 1707 1720 1738 1741 1805 1819 1821 1826 1848 1907 1917 1958 1990 2030 2034
1161,C C ( N C ( = S ) [S-] ) O C = C,1 9 34 41 97 110 117 273 283 353 414 490 501 520 578 641 663 678 688 694 695 775 780 807 866 955 1023 1035 1057 1059 1067 1106 1135 1152 1153 1273 1317 1356 1366 1380 1406 1465 1469 1489 1491 1492 1496 1508 1517 1645 1663 1678 1720 1843 1844 1861 1934 1968 2002 2024 2027
1162,C C ( C ( = O ) C 1 = C N C 2 = C C = C C = C 2 1 ) O C ( = O ) C 3 = C C 4 = C ( C = C 3 ) C ( = O ) N ( C 4 = O ) C C = C,1 69 80 86 110 119 145 157 221 234 242 283 297 314 328 330 352 386 433 448 456 469 473 510 541 588 599 642 650 655 680 694 695 793 806 807 875 879 884 935 940 1057 1088 1105 1114 1169 1199 1204 1223 1262 1269 1281 1286 1337 1347 1357 1358 1366 1380 1382 1385 1503 1505 1509 1516 1573 1598 1645 1653 1697 1715 1740 1750 1783 1798 1814 1820 1839 1845 1873 1879 1917 1920 1937 1991 2010 2043
1163,C O C ( = O ) [C@H] ( C C 1 = C C = C ( C = C 1 ) C 2 = C C = C C = C 2 O C 3 = C C = C C = C 3 ) N C ( = O ) C 4 = C ( C = C C ( = C 4 ) Br ) O C C C C 5 = C C = N C = C 5,1 13 46 54 79 80 88 94 95 117 147 176 193 215 222 240 310 320 322 352 378 383 389 399 410 467 486 493 500 527 531 555 562 615 633 637 650 672 695 699 718 728 730 736 766 796 807 819 841 857 875 896 909 978 984 1019 1045 1051 1057 1088 1152 1157 1160 1162 1170 1186 1199 1208 1235 1243 1281 1300 1338 1378 1380 1410 1430 1435 1452 1458 1509 1518 1520 1540 1603 1617 1631 1641 1739 1750 1754 1762 1780 1790 1808 1819 1866 1873 1911 1917 1933 1970 1991 2006
1164,C C 1 = C ( N = C ( O 1 ) C 2 = C C = C C = C 2 C ( F ) ( F ) F ) N 3 C ( C C ( = N 3 ) C 4 = C C = C ( C = C 4 ) C 5 = C C = C O 5 ) N 6 C C C 7 = C C = C C = C 7 C 6,21 26 53 85 114 121 130 132 151 159 171 231 242 262 281 283 313 318 325 352 357 359 367 378 419 466 474 506 532 569 645 656 691 698 716 731 740 754 760 787 789 809 835 865 875 886 896 900 903 915 926 935 952 984 991 1009 1019 1031 1047 1057 1086 1088 1097 1148 1152 1160 1161 1196 1198 1199 1202 1221 1233 1236 1288 1304 1353 1380 1453 1480 1522 1523 1524 1527 1604 1611 1612 1677 1679 1708 1722 1738 1743 1750 1756 1757 1758 1777 1805 1808 1817 1851 1854 1855 1870 1873 1888 1889 1926 1928 1942 1946 1953 1957 1967 1974 1981 2000 2041
1165,C C ( C ) C C ( C ( = O ) N C ( C C C N = C ( N ) N ) C ( = O ) N C ( C C C ( = O ) O ) C ( = O ) N C ( C ( C ) C ) C ( = O ) O ) N,1 37 73 80 117 129 140 144 182 262 283 351 369 389 425 494 507 526 543 573 650 659 680 707 725 736 739 759 786 798 807 846 890 891 922 955 978 1057 1110 1115 1118 1152 1171 1218 1278 1282 1287 1315 1343 1393 1403 1437 1447 1462 1483 1530 1547 1564 1570 1618 1737 1742 1744 1745 1773 1776 1844 1847 1849 1863 1868 1899 1911 1916 1917 1926 1939 1959 1986 1988 2003 2004 2016 2031
1166,s 1 c ( C ( = O ) N c 2 c c ( N 3 C C O C C 3 ) c c c 2 ) c c c 1,14 79 106 110 143 154 184 191 217 241 256 319 383 407 419 486 496 523 536 568 593 611 650 656 675 684 687 703 722 794 807 857 875 915 926 928 935 950 1014 1026 1039 1049 1083 1088 1114 1141 1152 1221 1229 1285 1322 1327 1380 1405 1411 1441 1446 1461 1480 1544 1562 1567 1571 1586 1619 1635 1670 1685 1750 1816 1825 1873 1895 1917 1956 1978 1981 1984 2031
1167,C C 1 = N C ( = C ( C = C 1 ) S C 2 = C C = C ( C = C 2 ) O C ) Cl,23 116 154 188 215 244 322 325 335 339 372 378 384 394 405 413 471 511 552 561 599 633 695 714 718 781 792 811 831 841 884 922 931 935 944 996 1025 1033 1057 1092 1097 1103 1111 1123 1126 1255 1275 1291 1333 1348 1366 1380 1400 1420 1500 1514 1528 1532 1536 1561 1599 1640 1651 1683 1697 1722 1729 1731 1750 1802 1803 1834 1841 1855 1873 1895 1902 1909 1990 1996 2035
1168,C C 1 C N ( C C N 1 C 2 = C C = C C ( = C 2 ) C ) C ( = O ) N C 3 = C N ( C ( = O ) C 4 = C C = C C = C 4 3 ) C,2 20 25 69 144 177 204 218 278 314 368 378 426 464 475 502 504 650 657 670 684 725 731 732 734 739 752 807 819 844 849 852 875 926 929 935 1005 1006 1013 1019 1026 1027 1039 1049 1052 1055 1057 1063 1088 1131 1145 1152 1176 1199 1205 1224 1239 1261 1287 1303 1309 1344 1357 1362 1367 1380 1381 1388 1407 1409 1465 1477 1480 1490 1573 1589 1637 1647 1706 1711 1722 1750 1786 1803 1816 1823 1825 1840 1873 1877 1917 1938 1960 2009 2012 2030
1169,C 1 = C C = C ( C = C 1 ) C 2 ( C = C ( N N 2 ) C ( = O ) N N = C C 3 = C C = C ( C = C 3 ) O C ( = O ) C 4 = C C ( = C C = C 4 ) Br ) C 5 = C C = C C = C 5,24 25 52 59 118 145 153 177 190 203 207 209 212 226 244 270 294 309 314 318 322 332 344 352 389 400 410 419 445 469 475 485 486 511 556 598 644 650 679 694 695 700 703 718 725 728 742 766 772 807 864 866 875 909 924 968 972 1004 1011 1026 1036 1039 1060 1083 1088 1114 1152 1187 1199 1319 1327 1367 1368 1380 1385 1403 1446 1539 1554 1578 1617 1631 1668 1729 1750 1772 1867 1873 1906 1917 1960 1983 1985 1992 2033 2037
1170,o 1 n c ( c c 1 C c 1 c c c c c 1 ) C ( = O ) N [C@@H] 1 C ( = O ) N ( c 2 c ( O C 1 ) c c c c 2 ) C 1 C C 1,5 29 66 80 97 104 147 216 248 304 312 314 338 339 369 378 387 389 397 422 441 486 602 614 650 656 689 807 830 848 855 871 875 918 926 935 959 976 999 1019 1022 1058 1063 1066 1088 1147 1152 1168 1175 1199 1272 1277 1295 1325 1347 1380 1407 1409 1420 1430 1444 1481 1494 1542 1647 1649 1746 1750 1754 1780 1792 1805 1841 1855 1873 1905 1910 1913 1917 1922 1923 1934 1963 2000 2027 2044
1171,C N 1 [C@@H] ( C C C 1 = O ) C 2 = C [N+] ( = C C = C 2 ) [C@H] 3 [C@@H] ( [C@H] ( [C@@H] ( [C@H] ( O 3 ) C ( = O ) [O-] ) O ) O ) O,18 125 126 153 156 165 191 212 229 254 274 314 328 330 332 350 463 464 520 542 598 648 650 656 696 715 752 785 798 807 878 879 922 926 935 948 949 960 1000 1003 1019 1037 1055 1057 1072 1080 1088 1145 1187 1196 1208 1211 1220 1226 1243 1257 1268 1279 1312 1325 1333 1351 1369 1380 1420 1487 1528 1551 1580 1641 1661 1663 1686 1738 1745 1750 1762 1819 1871 1873 1905 1917 1921 1923 1962 1963 1992
1172,C C N S ( = O ) ( = O ) C 1 = C C ( = C ( C = C 1 ) O C ) N C ( = O ) C 2 = C C = C C = C 2 C,37 80 94 143 170 198 245 249 258 284 294 295 317 319 350 387 486 502 566 580 606 628 650 657 695 702 715 805 807 841 842 847 852 875 893 905 927 945 947 979 1057 1058 1088 1100 1124 1152 1180 1199 1224 1254 1264 1278 1320 1380 1391 1416 1445 1447 1476 1477 1479 1488 1511 1525 1536 1548 1557 1626 1653 1661 1708 1722 1726 1735 1738 1750 1755 1816 1851 1873 1917 1961 1970 1991 1999 2007 2030
1173,C C ( C ) O C 1 = C ( C = C C = C 1 O C ) C 2 C 3 = C ( C C ( C C 3 = O ) C 4 = C C = C ( C = C 4 ) C ( C ) ( C ) C ) N C 5 = C C = C C = C 5 N 2,1 33 49 68 76 114 132 211 216 231 249 257 277 283 293 300 301 302 314 333 352 371 392 436 491 505 511 555 613 640 641 650 651 664 695 751 771 841 865 873 911 926 954 958 1006 1019 1027 1035 1039 1049 1057 1060 1065 1088 1108 1114 1116 1158 1167 1169 1199 1208 1223 1275 1279 1291 1339 1380 1404 1410 1417 1419 1470 1481 1488 1510 1536 1541 1552 1553 1556 1582 1586 1632 1633 1637 1665 1750 1784 1803 1873 1893 1943 1970 1978 1982 2000
1174,C C O C ( = O ) C 1 2 C N ( C C ( = O ) N 1 C C 3 ( O 2 ) C C N ( C C 3 ) C 4 = C C = N C = C 4 ) S ( = O ) ( = O ) C 5 = C C 6 = C ( C = C 5 ) C = C ( C = C 6 ) Cl,11 13 24 33 80 90 130 147 155 161 165 192 197 203 208 216 290 294 314 319 322 338 350 378 383 386 407 412 468 507 530 556 561 585 588 590 602 611 628 650 656 660 687 695 715 744 757 767 776 798 800 804 807 816 833 875 913 926 935 963 971 981 988 996 1053 1057 1060 1096 1104 1120 1126 1162 1180 1208 1238 1239 1260 1303 1380 1405 1415 1432 1441 1454 1476 1480 1526 1587 1591 1603 1604 1630 1683 1686 1701 1722 1723 1729 1730 1750 1758 1785 1825 1832 1855 1864 1866 1873 1877 1882 1885 1897 1917 1928 1938 1946 1970
1175,C 1 [C@H] 2 [C@@H] ( C S 1 ( = O ) = O ) O C ( = S ) N 2 C 3 = C C = C C = C 3,13 97 108 180 207 265 298 347 363 389 444 461 469 485 504 516 520 552 592 650 656 732 748 750 751 807 847 883 885 926 935 983 1010 1019 1049 1083 1088 1120 1123 1171 1178 1192 1199 1288 1362 1380 1528 1570 1579 1629 1634 1658 1684 1685 1689 1717 1750 1763 1773 1804 1819 1825 1836 1873 1884 1918 1922 1935 1983 1991 2004
1176,C C 1 = C 2 C ( = C C = C 1 ) C ( = C C ( = N 2 ) C 3 = C C = C ( C = C 3 ) N 4 C ( = O ) C 5 C 6 C = C C ( C 5 C 4 = O ) C 7 C 6 C 7 ) C ( = O ) O C C ( = O ) C 8 = C C = C C = C 8 O,5 37 59 68 80 133 141 145 147 207 233 257 314 355 378 379 446 467 479 492 521 566 612 617 622 650 657 670 675 695 747 749 754 763 788 799 807 828 857 860 875 896 916 917 918 922 926 935 979 980 999 1014 1019 1039 1048 1056 1057 1058 1083 1088 1116 1117 1130 1160 1163 1166 1176 1199 1211 1224 1239 1246 1292 1322 1337 1356 1357 1362 1364 1366 1380 1391 1398 1403 1430 1447 1457 1477 1489 1554 1573 1602 1607 1664 1673 1686 1693 1710 1712 1722 1724 1745 1750 1760 1771 1825 1831 1839 1855 1873 1876 1893 1917 1961 1965 1971 1991 1997 1999 2004 2005 2006 2023 2026 2029
1177,C O C 1 = C C = C C = C 1 C N C ( = O ) C C C ( = O ) N 2 C 3 = C ( C = C C ( = C 3 ) Cl ) C = N 2,23 41 43 45 80 85 165 197 203 216 249 255 271 313 333 352 378 390 522 561 605 615 650 669 678 682 695 731 736 790 807 816 840 841 875 934 935 959 1009 1048 1057 1088 1109 1118 1130 1152 1168 1187 1199 1205 1257 1307 1349 1355 1356 1380 1410 1496 1510 1514 1535 1536 1563 1564 1589 1597 1602 1650 1661 1672 1683 1695 1750 1792 1855 1873 1917 1922 1928 1970 1995 1999 2023
1178,C O C 1 = C C = C ( C = C 1 ) S ( = O ) ( = O ) / C = C / C ( = O ) C 2 = C C = C ( C = C 2 ) Cl,31 37 47 160 216 256 260 279 319 322 329 350 353 495 498 561 621 650 682 694 695 706 715 718 740 749 774 781 796 807 816 831 841 896 915 918 939 996 1057 1070 1075 1177 1234 1296 1360 1380 1385 1430 1468 1476 1479 1484 1512 1526 1536 1587 1653 1667 1683 1697 1713 1745 1750 1848 1871 1873 1917 1922 1950 1989 2004 2018
1179,C C N ( C C ) S ( = O ) ( = O ) C 1 = C C ( = C ( C = C 1 ) O C C ) N C ( = O ) C 2 = C C ( = C C = C 2 ) N 3 C ( = O ) C C C 3 = O,19 53 80 94 128 160 207 223 237 261 282 294 296 314 319 335 350 409 425 466 486 497 526 559 650 695 715 773 785 786 798 805 807 815 830 854 875 877 881 926 932 935 947 1033 1039 1049 1057 1058 1059 1066 1088 1096 1118 1152 1164 1177 1219 1224 1238 1285 1314 1328 1336 1370 1380 1382 1385 1403 1452 1456 1476 1525 1561 1589 1591 1651 1657 1661 1669 1675 1680 1686 1738 1750 1763 1769 1785 1795 1809 1811 1816 1825 1848 1862 1873 1879 1880 1917 1950 1970 1985 2029 2046
1180,C C 1 = C C = C ( C = C 1 ) O C C 2 = N C ( = C S 2 ) C ( = O ) O C C ( = O ) N C 3 C C O C 4 = C C = C C = C 3 4,41 46 78 80 102 116 145 147 148 195 203 235 274 298 307 322 331 348 371 378 385 387 396 419 441 468 507 524 552 568 582 650 654 656 675 695 701 718 745 784 807 836 855 926 949 950 965 997 1019 1027 1039 1057 1066 1085 1088 1126 1152 1154 1195 1199 1237 1325 1328 1353 1380 1382 1386 1409 1452 1480 1481 1499 1529 1567 1576 1578 1594 1642 1664 1681 1711 1722 1746 1750 1810 1823 1833 1851 1855 1873 1888 1905 1917 1920 1997 2000 2004 2019 2021 2034 2036 2043
1181,C [Si] 1 ( O [Si] ( O [Si] ( O [Si] ( O [Si] ( O 1 ) ( C ) C Cl ) ( C ) C Cl ) ( C ) C Cl ) ( C ) C Cl ) C Cl,80 155 163 225 255 455 462 521 585 603 605 656 710 737 777 791 840 900 910 946 973 996 997 1002 1057 1078 1109 1161 1179 1253 1282 1322 1325 1360 1431 1506 1541 1644 1671 1683 1740 1848 1877 1914 1928 1982 2010
1182,C 1 = C C = C ( C = C 1 ) S C 2 = C 3 C ( = C ( C = C 2 ) S C 4 = C C = C ( C = C 4 ) O ) C ( = O ) C 5 = C ( C = C C ( = C 5 C 3 = O ) S C 6 = C C = C ( C = C 6 ) O ) S C 7 = C C = C C = C 7,27 39 116 205 209 314 389 447 470 475 495 526 552 587 602 650 651 669 672 734 745 807 811 842 880 881 921 930 984 992 1025 1033 1088 1092 1169 1172 1185 1194 1199 1243 1250 1255 1259 1308 1313 1380 1422 1476 1520 1541 1585 1602 1616 1637 1648 1717 1747 1750 1778 1802 1806 1836 1848 1861 1866 1867 1873 1939 1978 1995 2034 2037
1183,C 1 = C C = C ( C = C 1 ) C 2 = N / C ( = C / C 3 = C C = C C = C 3 S ) / C ( = O ) N 2 C ( = S ) C ( = S ) N 4 C ( = N / C ( = C \ C 5 = C C = C C = C 5 S ) / C 4 = O ) C 6 = C C = C C = C 6,1 4 11 95 97 110 123 152 196 229 281 301 314 318 324 325 349 378 389 425 441 461 505 515 519 525 576 579 635 650 694 707 736 807 809 879 927 929 935 955 961 983 1078 1088 1119 1160 1199 1210 1268 1380 1398 1413 1429 1454 1485 1491 1507 1532 1540 1578 1723 1739 1750 1799 1807 1818 1836 1843 1858 1873 1930 1961 1975
1184,C 1 = C C = C 2 C ( = C 1 ) C = C C = C 2 C C ( = O ) N C 3 = N N = C ( S 3 ) S C C ( = O ) N C 4 = C C ( = C C = C 4 ) [N+] ( = O ) [O-],41 80 112 116 121 162 184 191 248 255 259 285 299 310 319 325 328 341 378 385 440 454 459 466 521 547 584 649 650 675 703 714 715 735 746 753 797 807 838 875 893 897 901 942 999 1007 1039 1056 1087 1088 1097 1104 1147 1152 1164 1195 1199 1273 1274 1349 1351 1355 1357 1380 1408 1414 1429 1455 1492 1506 1515 1563 1573 1597 1610 1612 1702 1707 1710 1750 1756 1759 1779 1809 1816 1820 1854 1855 1873 1917 1940 1959 1963
1185,C C 1 = C ( [C@H] ( C 2 = C ( N 1 ) C C ( C C 2 = O ) ( C ) C ) C 3 = C C = C ( C = C 3 ) O C C 4 = C C = C C = C 4 ) C ( = O ) O C C C 5 = C C = C C = C 5,13 80 96 102 105 107 123 137 145 146 147 149 179 182 183 191 256 257 300 307 314 322 341 389 391 428 505 622 646 650 654 674 695 707 718 723 730 745 751 781 807 843 865 910 926 940 950 955 961 966 1005 1019 1029 1039 1045 1057 1060 1066 1081 1088 1091 1114 1171 1199 1243 1274 1279 1296 1298 1301 1321 1332 1380 1388 1390 1452 1464 1483 1487 1543 1582 1583 1592 1651 1691 1702 1722 1750 1754 1762 1803 1863 1873 1917 2023 2034 2042
1186,C C C 1 = C C = C C = C 1 N 2 C ( = O ) / C ( = C / C 3 = C C = C C = C 3 O C C 4 = C C = C ( C = C 4 ) C ( = O ) [O-] ) / C ( = O ) N C 2 = O,23 52 71 80 107 131 160 281 294 303 310 314 359 365 424 441 502 531 629 650 694 695 715 716 722 745 796 807 817 879 884 893 911 935 961 983 1019 1033 1057 1060 1072 1088 1091 1093 1114 1120 1128 1136 1178 1179 1187 1199 1210 1226 1241 1295 1296 1298 1320 1326 1349 1378 1380 1384 1385 1410 1412 1452 1480 1518 1547 1560 1568 1580 1597 1647 1657 1686 1697 1750 1754 1799 1873 1876 1902 1903 1917 1924 1970 1983 2015 2042
1187,C 1 = C S C ( = C 1 ) C ( = O ) N C ( = S ) N C 2 = N C 3 = C ( S 2 ) C = C ( C = C 3 ) F,14 19 25 79 97 104 110 115 162 179 236 239 241 263 272 317 378 383 385 386 417 419 486 509 526 557 600 650 675 699 716 738 789 807 839 875 885 914 915 943 961 1030 1038 1085 1088 1097 1103 1119 1152 1160 1168 1180 1189 1237 1294 1314 1350 1380 1410 1431 1436 1487 1502 1537 1542 1567 1662 1668 1669 1670 1685 1691 1750 1779 1816 1833 1846 1855 1865 1873 1876 1887 1917 1923 1926 1928 1981 2024
1188,C C ( C 1 = C C ( = C C = C 1 ) F ) N C 2 C C C C 2,1 20 29 104 128 130 157 167 175 184 201 216 230 246 255 283 307 339 382 394 414 428 507 532 536 592 597 660 668 676 699 725 742 749 756 759 768 839 875 890 926 934 958 1019 1028 1039 1057 1088 1113 1152 1217 1269 1302 1325 1357 1365 1380 1393 1445 1485 1487 1512 1545 1581 1603 1627 1634 1670 1685 1716 1750 1782 1789 1841 1850 1855 1872 1873 1915 1928 2009 2027
1189,C \ 1 ( = C \ c 2 c c n c c 2 ) / C ( = O ) c 2 c ( C C 1 ) c c c c 2,78 281 300 314 325 352 354 378 383 393 395 409 630 650 694 789 813 863 894 903 913 926 934 984 1038 1088 1181 1183 1199 1208 1236 1337 1380 1476 1500 1560 1565 1603 1634 1654 1665 1708 1734 1738 1750 1773 1836 1846 1866 1873 1875 1883 1901 1943 1992 2033
1190,C C 1 = C C ( = C ( C = C 1 ) O C ) C N 2 C C N ( C C 2 ) C ( = O ) C 3 C C N ( C C 3 ) C 4 = N S ( = O ) ( = O ) C 5 = C C = C C = C 5 4,53 67 74 80 82 94 95 162 183 184 207 219 235 239 246 249 331 335 352 378 407 454 467 469 544 588 627 650 695 702 769 776 784 806 807 811 841 842 875 900 920 926 935 944 974 984 1013 1019 1028 1036 1057 1088 1095 1175 1188 1192 1199 1224 1300 1325 1349 1354 1370 1380 1390 1394 1428 1435 1480 1535 1536 1565 1566 1589 1607 1618 1644 1651 1661 1712 1722 1728 1750 1765 1791 1792 1803 1805 1823 1827 1837 1845 1873 1907 1917 1937 1948 1970 2009
1191,C C 1 = C [NH+] = C ( C = C 1 ) N [C@] 2 ( C ( = O ) N C ( = N 2 ) C 3 = C C = C C = C 3 ) C ( F ) ( F ) F,114 189 197 199 215 235 242 279 314 320 329 331 344 378 389 390 449 582 647 650 665 713 723 736 739 779 793 799 844 857 893 899 949 1017 1021 1057 1060 1088 1095 1114 1135 1152 1159 1160 1199 1213 1255 1257 1292 1351 1352 1374 1380 1386 1393 1435 1443 1449 1453 1458 1479 1591 1597 1647 1700 1722 1731 1750 1815 1823 1862 1871 1873 1898 1928 1944 1950 1953
1192,C C ( C ) C N C ( = O ) C 1 C C ( = O ) N ( C 1 ) C 2 = C C = C ( C = C 2 ) Br,1 11 18 26 57 80 93 94 139 187 192 197 231 233 283 314 416 492 525 537 542 552 606 650 665 689 715 719 728 739 777 798 807 830 893 909 910 926 935 974 1017 1019 1057 1092 1110 1137 1152 1157 1207 1267 1380 1430 1439 1445 1457 1460 1513 1547 1552 1598 1613 1631 1642 1643 1649 1740 1750 1764 1825 1845 1847 1873 1897 1900 1915 1917 1972 2006
1193,C C C C S C 1 = N C 2 = C ( C 3 = C ( C = C C ( = C 3 ) Br ) N C ( O 2 ) C 4 = C C ( = C ( C = C 4 ) O C ) C ) N = N 1,12 38 74 80 94 96 116 119 123 156 176 238 249 281 294 301 323 341 352 378 379 386 405 463 492 499 506 511 528 591 625 652 656 682 695 708 728 750 766 770 777 794 841 843 875 879 909 910 926 1019 1057 1061 1086 1096 1114 1157 1164 1165 1180 1182 1197 1203 1205 1206 1220 1273 1279 1313 1322 1380 1383 1386 1391 1453 1459 1491 1528 1536 1541 1568 1587 1620 1631 1639 1675 1685 1687 1692 1722 1724 1729 1750 1757 1763 1803 1844 1855 1873 1911 1970 1982 2003 2027
1194,C C N 1 C 2 = C C = C C = C 2 N = C 1 S C C ( = O ) N / N = C / C 3 = C C = C ( C = C 3 ) Cl,25 34 41 45 46 72 80 101 108 116 139 216 219 270 289 294 307 309 318 341 357 378 384 496 511 541 561 569 585 592 650 673 681 694 725 735 747 802 807 816 850 864 912 924 931 935 975 1029 1034 1057 1070 1088 1097 1099 1110 1152 1199 1237 1285 1309 1310 1328 1380 1469 1501 1506 1540 1577 1592 1655 1670 1674 1683 1742 1750 1805 1811 1855 1867 1873 1876 1912 1917 1959 2016 2023 2033
1195,C 1 C N ( C C 2 = C C = C C = C 2 1 ) C C 3 = C C = C ( C = C 3 ) C ( = O ) N C 4 5 C C 6 C C ( C 4 ) C C ( C 6 ) C 5,26 80 172 175 214 242 247 287 307 310 327 344 349 368 486 650 664 679 736 749 770 806 807 832 926 935 966 1019 1029 1036 1060 1088 1152 1183 1199 1204 1236 1267 1292 1336 1380 1385 1397 1419 1444 1446 1480 1526 1527 1533 1665 1683 1697 1699 1708 1717 1733 1738 1749 1750 1754 1757 1765 1770 1771 1783 1791 1831 1856 1873 1888 1901 1917 1918 1946 1947 1949 1976 1996
1196,C C 1 = C ( O C 2 = C ( C = C C = C 2 C 1 = O ) C O C C N ( C ) C C C C ( C # N ) ( C 3 = C C ( = C ( C = C 3 ) O C ) O C ) C ( C ) C ) C 4 = C C = C C = C 4,1 5 13 49 61 73 80 94 114 133 140 141 212 213 214 216 231 249 252 283 314 328 340 359 380 389 453 476 501 524 525 535 592 614 632 638 642 650 656 662 674 677 681 692 695 729 736 745 746 787 790 841 858 875 881 923 991 1036 1039 1057 1088 1121 1128 1140 1145 1160 1163 1187 1199 1201 1218 1236 1245 1280 1297 1308 1323 1337 1339 1349 1357 1366 1367 1378 1380 1384 1417 1457 1471 1530 1536 1566 1573 1597 1604 1612 1647 1665 1668 1686 1700 1717 1722 1730 1739 1750 1771 1802 1813 1830 1873 1911 1951 1970 1990 1992 1997 2020 2028
1197,C 1 C C 2 = C ( C 1 ) C = C ( C = C 2 ) N C ( = O ) C 3 = N C = C C ( = C 3 ) Cl,105 165 184 188 191 213 216 242 378 401 445 465 486 552 556 561 569 650 707 708 787 807 843 855 857 875 892 895 926 952 1027 1028 1095 1123 1138 1152 1159 1177 1203 1223 1236 1250 1260 1268 1315 1327 1340 1345 1360 1380 1452 1457 1550 1604 1683 1694 1714 1715 1735 1738 1750 1757 1816 1822 1863 1866 1873 1917 1966 1978 1980
1198,C C ( C ) ( C ) [Si] ( C 1 = C C = C C = C 1 ) ( C 2 = C C = C C = C 2 ) O C [C@@H] 3 C ( = O ) [C@H] ( C [C@H] ( O 3 ) O C ) O C ( = O ) C 4 = C C = C C = C 4,11 16 80 114 133 145 201 260 314 324 352 378 384 389 392 442 450 465 473 521 606 611 636 650 656 666 695 805 807 841 926 937 972 1019 1057 1068 1076 1088 1104 1107 1126 1128 1134 1136 1142 1156 1199 1273 1274 1292 1335 1341 1363 1380 1385 1404 1437 1451 1473 1478 1509 1527 1538 1539 1549 1591 1708 1716 1717 1721 1750 1774 1775 1790 1796 1858 1873 1917 1921 1977 1980 1985 1986 1996 2045
1199,C C 1 = C 2 C ( = N C 3 = N O N = C 3 N 2 C ( = C 1 ) C 4 = C C = C C = C 4 ) C 5 = C C = C C = C 5,35 38 153 263 304 306 311 323 351 378 389 471 538 541 548 562 599 600 614 628 651 656 660 674 690 721 736 742 743 800 837 842 863 875 883 935 975 978 1057 1088 1096 1112 1122 1160 1187 1199 1212 1222 1228 1229 1238 1371 1375 1380 1391 1440 1446 1476 1480 1502 1542 1601 1648 1662 1684 1692 1696 1722 1729 1750 1773 1822 1827 1855 1857 1873 1885 1894 1939 2011
1200,C C ( = O ) C C ( C ) ( C ) N C 1 = C C = C C = C 1,17 80 84 95 96 105 114 170 191 267 342 348 389 392 402 422 475 483 491 598 630 631 650 663 680 701 703 745 762 771 783 807 935 987 1009 1017 1051 1057 1061 1065 1088 1152 1199 1257 1276 1282 1297 1299 1354 1380 1395 1517 1550 1564 1576 1681 1738 1750 1770 1779 1820 1863 1873 1905 1917 1925 1935 1955 1973 2034
1201,C C 1 = C C ( = C C ( = C 1 C ) S ( = O ) ( = O ) N C C 2 C C C C C 2 ) N,2 8 29 34 36 80 95 118 155 183 232 252 336 350 387 392 400 418 425 443 456 484 502 521 525 601 618 626 647 650 687 691 699 812 875 877 888 890 926 948 1019 1028 1057 1082 1135 1151 1152 1158 1171 1172 1193 1205 1271 1283 1294 1325 1380 1391 1397 1402 1416 1457 1469 1476 1507 1516 1554 1594 1604 1626 1640 1656 1712 1719 1722 1733 1734 1759 1799 1822 1873 1898 1938
1202,C C O C 1 = C ( C = C ( C = C 1 ) Br ) C ( C 2 = C C 3 = C C = C C = C 3 S 2 ) N 4 C C C ( C C 4 ) C ( = O ) O,0 1 2 26 80 90 94 162 208 214 237 257 287 294 298 336 389 425 456 461 506 539 569 602 619 650 671 674 675 695 712 725 727 728 738 766 807 838 848 850 851 875 885 909 926 928 935 974 1019 1057 1087 1088 1138 1143 1155 1157 1161 1196 1199 1234 1238 1242 1250 1265 1293 1324 1325 1350 1364 1375 1380 1414 1431 1452 1469 1480 1605 1627 1631 1632 1666 1711 1750 1760 1790 1837 1853 1855 1873 1906 1917 1918 1923 1945 1947 1949 1960 1970 2045
1203,C C 1 = C C = C ( C = C 1 ) C 2 = N C ( = N O 2 ) C 3 = C C = C ( C = C 3 ) F,44 79 90 98 150 168 213 235 248 266 277 325 378 442 482 513 515 540 556 656 658 683 693 699 720 724 750 769 797 896 898 902 926 928 1039 1047 1057 1160 1169 1176 1232 1289 1380 1382 1385 1391 1410 1477 1483 1523 1542 1606 1616 1624 1631 1670 1722 1750 1823 1855 1873 1902 1904 1907 1910 1920 1928 1939 1942 1979 2011 2013 2037
1204,C N 1 C ( = O ) C ( C ( = O ) N ( C 1 = O ) C ) ( C 2 = C C ( = C ( C = C 2 ) Cl ) C ( F ) ( F ) F ) C ( = O ) N,68 92 97 114 140 147 166 255 261 262 310 313 314 366 419 474 484 497 508 556 561 571 615 618 645 650 666 727 807 809 875 903 935 968 969 986 987 995 1033 1057 1060 1145 1147 1148 1152 1171 1219 1300 1310 1329 1341 1380 1445 1453 1545 1572 1592 1624 1666 1671 1683 1713 1718 1723 1750 1762 1786 1799 1827 1857 1873 1917 1919 1928 2006 2025 2038
1205,C N ( C ) C = C C ( = O ) C 1 = C C 2 = C ( O N = C 2 C = C 1 ) C 3 = C C = C ( C = C 3 ) O C,12 17 31 77 108 161 234 236 248 294 322 347 355 375 378 386 389 398 404 496 506 601 633 646 650 656 667 694 695 718 766 781 807 831 841 843 844 875 881 896 918 953 961 1023 1057 1058 1060 1093 1095 1097 1109 1160 1163 1168 1201 1242 1273 1342 1357 1380 1385 1536 1542 1657 1667 1697 1713 1723 1750 1792 1825 1833 1847 1873 1890 1917 1922 1981 2004 2028
1206,C C 1 = C ( S C ( = C 1 C ( = O ) O C ) N C ( = O ) C [NH2+] [C@H] ( C ) C 2 = C C ( = C ( C = C 2 ) F ) F ) C,1 9 14 23 41 50 57 80 122 127 145 162 214 216 252 283 313 383 404 427 444 502 531 580 586 613 650 660 675 695 699 710 736 738 797 807 816 820 841 850 875 906 977 992 1057 1124 1126 1152 1155 1198 1221 1301 1304 1306 1340 1347 1365 1380 1411 1417 1429 1539 1562 1646 1651 1722 1747 1750 1809 1814 1816 1825 1840 1853 1873 1916 1917 1928 1966 2009 2019 2028
1207,C C = C C C ( C 1 = C C = C C = C 1 ) C ( = O ) C,1 80 146 186 208 214 254 260 291 293 328 389 393 395 401 403 410 454 473 556 585 606 650 651 665 694 726 746 803 807 812 834 844 900 936 995 1017 1057 1064 1088 1157 1175 1180 1187 1199 1262 1303 1356 1365 1368 1380 1427 1458 1505 1564 1581 1625 1645 1688 1718 1750 1758 1760 1873 1906 1917 1969 2004 2021
1208,C C 1 = C ( N = C ( S 1 ) N ) C 2 = C C 3 = C ( C = C 2 ) N ( C C 3 ) C ( = O ) C ( C ) ( C ) C,17 89 107 110 114 145 162 200 270 271 281 299 313 323 334 355 356 357 378 392 395 401 464 502 562 573 626 637 650 654 675 785 787 807 844 875 896 926 935 948 988 996 1056 1057 1078 1103 1122 1160 1167 1170 1171 1236 1250 1264 1276 1295 1301 1380 1384 1386 1387 1401 1444 1457 1480 1515 1592 1627 1657 1713 1722 1738 1739 1750 1835 1843 1855 1873 1888 1915 1917 1937 1980 1993
1209,C C C O C 1 = C C = C ( C = C 1 ) C ( = C 2 C ( N ( C ( = O ) C 2 = O ) C C [NH+] ( C ) C ) C 3 = C C = C ( C = C 3 ) O C ) [O-],13 64 76 78 80 93 102 154 181 194 257 294 314 322 448 466 516 533 557 574 607 650 695 715 718 781 783 794 797 807 831 841 870 879 935 954 1003 1019 1034 1043 1049 1057 1075 1130 1145 1184 1191 1222 1226 1244 1279 1363 1380 1385 1420 1427 1431 1440 1442 1452 1476 1492 1536 1587 1634 1671 1697 1739 1749 1750 1775 1803 1811 1829 1873 1882 1917 2012 2031
1210,C C C ( C C 1 = C C = C C = C 1 ) N C ( = O ) C C,1 41 48 71 75 79 80 114 117 272 294 389 450 490 517 551 573 580 650 677 692 705 730 802 807 808 825 857 868 898 911 958 962 1036 1057 1066 1088 1141 1152 1185 1189 1199 1201 1240 1309 1366 1380 1444 1455 1515 1544 1633 1671 1717 1750 1754 1765 1806 1815 1835 1846 1854 1873 1885 1917 1919 1922 1940 1977
1211,C N 1 C ( = N N = C 1 S C C ( = O ) N C 2 = C C ( = C C = C 2 ) S C ) C 3 C C 3,27 41 44 80 90 116 129 184 191 197 254 341 361 378 380 383 384 394 399 470 485 564 650 703 707 711 721 738 747 757 794 807 811 820 875 901 926 935 949 965 991 1019 1039 1057 1088 1136 1143 1145 1152 1164 1173 1180 1198 1212 1226 1236 1298 1325 1379 1380 1398 1440 1449 1455 1480 1506 1513 1522 1537 1580 1588 1598 1602 1618 1619 1693 1723 1743 1749 1750 1784 1816 1846 1873 1917 1959 1971 2000
1212,C O C 1 = C ( C ( = C ( C = C 1 ) N C ( = O ) C [C@@H] 2 C ( = O ) N C 3 = C C = C C = C 3 N 2 C C 4 = C C = C ( C = C 4 ) C 5 = C C = C C = C 5 C ( = O ) O C ) O C ) O C,7 41 80 93 94 122 135 145 150 160 177 222 249 310 314 333 352 363 421 518 525 608 613 650 668 682 688 695 756 801 807 828 841 874 896 899 906 909 935 936 980 984 997 1004 1019 1034 1057 1060 1084 1088 1114 1118 1148 1152 1157 1160 1174 1199 1224 1268 1272 1276 1277 1295 1298 1329 1340 1341 1380 1414 1447 1468 1470 1520 1536 1563 1595 1599 1643 1647 1683 1734 1750 1753 1754 1765 1775 1777 1783 1816 1853 1856 1873 1875 1886 1907 1917 1948 1970 1982 1991 2014
1213,C C 1 = C C ( = C ( C 2 = C 1 C ( = O ) / C ( = C / C 3 = C C = C C = C 3 O C ) / O 2 ) C [NH+] 4 C C [NH+] ( C C 4 ) C C O ) O,5 18 44 80 104 118 141 153 164 221 222 249 254 271 273 281 314 376 380 425 441 473 547 558 615 650 656 663 694 695 708 721 725 802 803 807 828 841 875 881 926 961 969 992 1057 1081 1088 1091 1183 1184 1194 1199 1205 1211 1223 1249 1252 1294 1301 1319 1324 1330 1333 1341 1346 1380 1385 1391 1410 1456 1476 1536 1602 1607 1651 1667 1673 1679 1690 1722 1729 1738 1747 1750 1810 1816 1850 1863 1873 1886 1890 1893 1926 1932 1949 1954 1970 2003 2010 2034
1214,C = C C N C ( = O ) C 1 = C C = C C = C 1 N C ( = O ) C O C 2 = C C = C ( C = C 2 ) O C 3 = C C = C C = C 3,14 32 41 55 80 102 167 190 192 193 197 292 322 348 389 459 471 485 486 562 572 589 650 679 683 694 695 718 720 722 727 745 765 779 791 793 807 880 890 940 1000 1004 1017 1071 1077 1088 1114 1152 1160 1187 1199 1224 1252 1285 1317 1366 1380 1447 1452 1460 1471 1494 1583 1605 1617 1645 1696 1717 1750 1776 1816 1871 1873 1887 1917 1948 1951 1955 1957 1973 1981 1989 1990 1991 1993 2004 2021
1215,C O C 1 = C C = C C = C 1 C 2 ( C C O C C 2 ) C N C ( = O ) C 3 = C C ( = C C ( = C 3 ) O C ) O C,0 44 78 80 145 156 164 172 193 197 199 221 229 249 250 265 322 345 474 483 486 523 543 600 630 633 650 656 657 695 726 781 807 841 875 879 915 926 950 1025 1031 1054 1055 1057 1060 1070 1088 1133 1152 1162 1199 1206 1218 1256 1271 1283 1363 1380 1384 1385 1405 1410 1460 1486 1507 1536 1560 1563 1571 1638 1652 1659 1660 1675 1711 1712 1727 1750 1800 1815 1824 1830 1873 1881 1917 1970 1979 1980
1216,C C ( C ) C 1 = N C ( = C S 1 ) C C ( = O ) N 2 C C C 3 = C ( C 2 ) C = C S 3,1 6 14 15 27 42 80 105 115 117 120 165 192 215 233 240 264 272 283 292 315 324 325 378 476 515 516 526 552 554 585 586 598 641 650 675 685 724 734 772 783 794 803 807 830 842 852 867 926 935 993 1009 1057 1091 1150 1185 1209 1236 1248 1258 1312 1343 1380 1477 1480 1567 1581 1590 1611 1616 1626 1656 1663 1669 1673 1682 1692 1738 1750 1839 1846 1855 1873 1889 1916 1917 1946 1988 2005 2009 2011 2039
1217,C O C 1 = C C = C C = C 1 N 2 C ( = N N = C 2 S C C 3 = N C ( = C S 3 ) C ( = O ) N C C C ( C 4 = C C = C C = C 4 ) C 5 = C C = C C = C 5 ) C 6 = C C = N C = C 6,1 8 75 80 89 116 121 137 158 189 197 208 249 254 255 325 341 347 369 378 383 389 414 473 486 490 517 552 607 621 650 667 675 695 719 722 739 747 762 807 836 841 846 855 890 934 935 1057 1072 1088 1097 1119 1152 1160 1164 1168 1171 1188 1191 1199 1208 1248 1283 1288 1295 1342 1365 1380 1410 1449 1455 1508 1509 1536 1567 1578 1581 1603 1613 1644 1647 1689 1722 1750 1810 1838 1855 1856 1866 1873 1882 1917 1929 1939 1952 1959 1967 1970 1993 2018 2021 2041
1218,C C 1 = C C ( = C ( C = C 1 C O C ( = O ) [C@H] ( C ) O C 2 = C C = C ( C = C 2 ) C # N ) O C ) O C,1 10 18 34 35 80 102 147 154 165 167 183 210 217 249 283 304 305 322 422 439 444 487 491 515 530 546 551 596 617 650 664 674 695 701 718 720 731 745 768 790 807 841 868 875 915 926 968 1057 1066 1071 1078 1136 1165 1245 1269 1297 1301 1306 1338 1340 1349 1380 1381 1384 1391 1464 1474 1483 1510 1519 1536 1550 1592 1625 1653 1656 1699 1722 1750 1785 1836 1848 1873 1917 1954 1970 2005
1219,C C ( C ) ( C ) [Si] ( C ) ( C ) O C ( C ( C C 1 = C C = C C = C 1 ) N C ( = O ) C N 2 C = C ( C = C ( C 2 = O ) N C ( = O ) O C C 3 = C C = C C = C 3 ) C 4 = C C = C C = C 4 ) C ( F ) ( F ) F,1 10 36 41 62 79 80 88 111 114 117 136 147 242 314 354 371 378 386 389 392 409 424 451 464 465 504 517 540 565 567 574 583 588 650 656 664 695 736 745 751 805 807 857 862 875 889 912 919 925 935 954 975 990 1006 1013 1027 1039 1057 1064 1066 1088 1134 1140 1152 1160 1194 1199 1214 1224 1262 1274 1280 1312 1326 1380 1399 1424 1453 1455 1471 1529 1565 1578 1579 1673 1718 1744 1749 1750 1754 1758 1759 1771 1776 1816 1830 1843 1845 1859 1864 1873 1902 1909 1914 1917 1919 1928 1946 1964 2021 2042
1220,C C [C@H] 1 [C@H] ( C S C 1 = S ) C C 2 = C N = C N 2 C,53 80 90 96 97 135 141 142 157 165 166 192 209 226 258 294 354 369 370 378 396 418 432 458 510 514 575 626 636 675 685 710 890 899 926 932 935 978 1019 1053 1057 1058 1078 1099 1145 1147 1162 1172 1209 1241 1380 1409 1427 1431 1449 1451 1454 1459 1496 1510 1523 1535 1550 1603 1634 1717 1726 1748 1753 1776 1803 1810 1822 1828 1834 1851 1873 1876 1903 1909 1940 1954
1221,C C 1 = N C ( = C O 1 ) C 2 = C C = C ( C = C 2 ) S ( = O ) ( = O ) N C 3 = C C ( = C C = C 3 ) F,4 19 28 179 182 191 230 233 260 290 319 350 378 384 404 446 502 530 650 656 669 699 701 703 715 743 744 754 767 803 875 883 894 896 933 947 980 1011 1039 1057 1088 1106 1136 1148 1151 1152 1160 1179 1233 1270 1280 1380 1419 1429 1473 1476 1487 1488 1501 1545 1565 1633 1670 1722 1725 1730 1750 1811 1853 1855 1873 1907 1928 1971 2039
1222,C N ( C ) S ( = O ) ( = O ) C 1 = C C = C C = C 1 C N C ( = O ) C 2 = C C 3 = C ( S 2 ) C C C C C 3,2 4 17 42 48 59 80 112 149 162 197 232 255 310 319 350 371 392 419 435 486 528 556 585 650 656 675 698 706 713 727 763 777 807 813 814 815 819 860 875 881 892 893 906 926 940 955 961 977 992 1028 1030 1048 1057 1088 1095 1149 1152 1163 1199 1206 1209 1214 1224 1236 1247 1253 1289 1320 1338 1339 1349 1379 1380 1476 1479 1493 1597 1598 1654 1738 1750 1760 1762 1817 1873 1897 1899 1900 1917 1971 2028
1223,C C O C 1 = C C 2 = C C ( = C ( N = C 2 C = C 1 ) Cl ) / C = N \ N C 3 = N C 4 = C ( C = C ( C = C 4 ) Cl ) C ( = N 3 ) C 5 = C C = C C = C 5,69 80 101 146 155 165 171 201 214 216 227 230 237 267 294 295 322 323 339 350 378 389 404 408 411 454 471 485 561 576 591 658 694 695 699 718 725 730 736 815 816 824 835 863 864 875 932 933 961 1003 1008 1016 1057 1079 1088 1092 1097 1108 1143 1152 1160 1173 1186 1197 1199 1217 1238 1268 1357 1380 1439 1452 1455 1458 1501 1541 1555 1582 1683 1739 1750 1776 1778 1779 1794 1808 1811 1855 1867 1873 1891 1951 1985 1996 2034
1224,C C O C ( = O ) [C@] ( C ) ( C C ( = O ) O C ) N C ( = O ) C,37 39 55 70 80 114 115 147 195 245 284 294 348 354 392 410 426 512 530 552 559 616 650 695 714 772 807 830 841 914 973 1017 1047 1057 1061 1072 1113 1152 1167 1238 1294 1314 1386 1488 1524 1528 1551 1564 1597 1630 1695 1722 1768 1799 1834 1865 1881 1905 1907 1911 1917 1987 2009 2030 2042
1225,C C N 1 C C N ( C C 1 ) C 2 = C ( C = C ( C = C 2 ) S ( = O ) ( = O ) N ( C C ) C C ) N C ( = O ) C C 3 = C C ( = C C = C 3 ) F,34 41 63 74 80 179 194 230 231 261 274 282 293 294 319 325 350 373 407 470 507 527 598 650 660 699 715 720 730 749 757 785 805 807 815 865 875 881 926 932 935 936 951 1039 1042 1057 1062 1066 1083 1088 1152 1161 1198 1213 1224 1237 1273 1295 1303 1328 1338 1380 1462 1476 1480 1487 1508 1552 1592 1661 1670 1728 1747 1750 1751 1754 1756 1776 1778 1791 1793 1809 1816 1822 1858 1873 1895 1915 1917 1928 1948 1970 1990 2044
1226,C C ( C ) ( C ) C 1 = N N ( C ( = C 1 ) O C ( = O ) C 2 = C C = C C 3 = C C = C C = C 3 2 ) C 4 = C C ( = C C = C 4 ) F,50 114 145 151 177 213 219 227 230 235 238 259 277 318 319 362 368 377 378 392 398 455 502 521 576 635 650 675 693 695 698 699 706 741 761 781 797 801 807 834 875 935 961 1005 1008 1011 1032 1039 1041 1049 1057 1066 1087 1088 1104 1159 1160 1194 1199 1216 1339 1357 1380 1447 1456 1476 1487 1573 1581 1586 1590 1600 1629 1656 1670 1685 1687 1729 1750 1825 1852 1855 1873 1896 1917 1928 1956 1961 1991 2010
1227,C C 1 = N C 2 = C ( C 1 ( C ) C ) C = C ( C 3 = C C = C C = C 3 2 ) O,29 99 123 167 220 224 265 293 338 378 401 503 533 549 551 559 629 685 691 709 712 748 759 789 807 843 848 875 882 927 935 947 1035 1057 1060 1067 1082 1088 1124 1199 1274 1279 1357 1360 1362 1367 1380 1417 1487 1503 1573 1602 1607 1722 1750 1787 1873 1884 1891 1951 1960 1980
1228,C C C C C C 1 O C ( C C ( O 1 ) C C ( C C ( C ) O C ( = O ) C ) O ) C C,1 29 55 69 72 80 227 233 283 294 296 308 334 354 405 574 582 591 593 596 598 610 612 623 650 656 658 680 689 695 718 721 794 807 832 907 926 962 991 1017 1019 1028 1035 1056 1057 1079 1105 1136 1146 1163 1246 1256 1292 1332 1391 1394 1401 1403 1413 1433 1444 1454 1503 1523 1559 1642 1646 1654 1679 1718 1724 1766 1790 1795 1813 1898 1911 1917 1921 1936 2038
1229,C [C@@H] 1 C [C@@H] 1 N C 2 = C C = C C = C 2,12 74 183 191 206 220 249 308 371 389 435 466 501 527 610 625 688 703 715 750 804 926 981 995 1019 1042 1057 1088 1106 1112 1152 1162 1199 1223 1236 1292 1297 1309 1380 1403 1411 1589 1643 1654 1750 1795 1859 1863 1873 1878 1885 1933 1970 1974
1230,C 1 = C C ( = C ( C = C 1 N C ( = O ) C 2 = C C = C ( S 2 ) Br ) Cl ) C # N,52 65 130 162 184 191 194 240 241 278 335 351 361 366 419 446 486 548 560 561 564 584 623 650 674 675 701 722 728 790 807 838 843 875 902 919 920 937 958 987 1033 1059 1081 1110 1135 1136 1137 1152 1174 1236 1243 1276 1277 1278 1295 1303 1380 1384 1396 1411 1412 1459 1530 1551 1581 1592 1623 1631 1683 1741 1750 1763 1767 1816 1862 1868 1873 1917 1933 1955 1969 1978 2033 2041
1231,C C ( C ( C ) O C 1 = N O N = C 1 N ) O C 2 = N O N = C 2 N,1 32 110 128 210 230 262 283 324 378 401 410 480 565 584 656 664 680 695 738 887 950 956 962 1057 1099 1123 1160 1171 1238 1243 1244 1304 1334 1380 1402 1457 1459 1499 1510 1542 1563 1606 1702 1829 1884 1894 1907 1929 1999
1232,C C N 1 C 2 = C ( C = C ( C ( = C 2 ) C ) C ) S C 1 = N C ( = O ) C C S C 3 = C C = C C = C 3,13 18 27 30 34 45 46 49 80 106 116 162 274 284 287 294 341 371 375 389 493 552 576 614 650 675 676 681 725 764 802 807 811 834 850 867 875 885 935 997 1057 1072 1078 1088 1182 1199 1212 1227 1249 1262 1273 1328 1334 1350 1376 1380 1391 1403 1433 1438 1484 1502 1504 1564 1619 1645 1646 1660 1688 1705 1715 1722 1749 1750 1751 1765 1828 1846 1850 1873 1917 1930 1965 1990
1233,C C 1 = C ( C = C C 2 = C C = C C = C 1 2 ) O C C 3 = N N = C ( N 3 C C = C ) S C C ( = O ) N C 4 = C C = C C = C 4 F,41 57 66 68 80 82 94 114 115 116 135 152 175 203 235 252 271 282 318 323 341 378 381 384 394 476 511 522 650 669 677 694 695 699 745 747 753 756 802 807 810 850 862 935 939 940 1011 1015 1032 1057 1087 1088 1104 1121 1133 1152 1161 1164 1167 1185 1198 1199 1211 1224 1226 1296 1357 1366 1380 1435 1449 1452 1455 1468 1503 1506 1573 1609 1615 1645 1664 1696 1700 1712 1721 1722 1750 1756 1802 1816 1820 1840 1853 1855 1863 1873 1913 1917 1928 1931 1948 1951 1959 1970 1993 1994 2026 2029 2040
1234,C 1 = C C ( = C 2 C ( = C 1 ) O C = N 2 ) C O C C O,11 13 29 80 104 159 216 222 276 282 302 367 369 378 405 473 514 552 594 632 635 641 656 665 687 695 700 745 786 788 807 848 854 920 962 998 1039 1047 1069 1070 1079 1088 1121 1124 1128 1141 1210 1232 1233 1328 1349 1369 1380 1434 1452 1480 1497 1597 1666 1680 1724 1750 1780 1808 1853 1854 1868 1870 1873 1965 1992 1997 1999 2005 2016
1235,C C 1 = C C ( = C ( C = C 1 C ) C ( C ) N C ( C ) C 2 = C C ( = C C = C 2 ) Cl ) C,1 2 7 78 85 100 165 216 222 237 283 284 332 353 372 530 532 534 561 571 592 653 774 807 812 855 875 940 941 979 990 1035 1039 1054 1057 1088 1152 1186 1273 1288 1365 1369 1380 1391 1484 1493 1520 1573 1581 1604 1617 1627 1631 1665 1683 1688 1692 1722 1749 1750 1816 1824 1870 1873 1953 1971 1975 2036
1236,C C N 1 C = C ( C ( = O ) N ( C 1 = O ) C C ( = O ) C 2 = C ( C = C ( C = C 2 ) Cl ) Cl ) C # N,13 21 34 67 71 77 80 103 135 140 165 187 216 273 278 288 294 302 308 314 315 349 361 366 431 443 464 479 502 503 504 561 624 650 674 731 760 771 790 795 802 807 816 829 861 871 875 907 922 931 935 969 981 987 1002 1013 1051 1057 1060 1071 1136 1147 1158 1176 1179 1202 1209 1235 1296 1312 1326 1346 1380 1384 1428 1448 1453 1455 1511 1574 1683 1693 1713 1750 1751 1828 1853 1862 1873 1892 1916 1917 1924 1991 2030 2037
1237,O ( c 1 c ( / C = N / N C ( = O ) c 2 c n c c c 2 ) c c c c 1 ) C c 1 c c c c c 1,53 62 80 107 136 146 147 159 200 201 318 343 374 378 384 389 400 413 426 437 441 468 475 486 614 624 641 650 660 671 694 695 725 745 759 807 847 864 895 924 961 972 1023 1043 1061 1066 1088 1150 1152 1180 1199 1226 1305 1375 1380 1385 1390 1410 1440 1452 1454 1487 1518 1535 1586 1603 1733 1750 1754 1826 1827 1866 1867 1868 1871 1873 1874 1884 1890 1917 1932 1962 1970 1976 1985 1992 2003 2042
1238,C C C C C C ( C ) N C ( = O ) C C S C 1 = N C = C N 1 C,1 41 46 80 97 116 117 138 144 238 283 294 306 310 319 341 359 378 387 393 410 464 525 576 591 611 615 617 650 665 712 720 739 747 765 767 794 807 834 855 895 935 994 998 1005 1008 1025 1051 1057 1064 1078 1101 1145 1147 1152 1157 1182 1216 1237 1270 1283 1305 1360 1369 1380 1398 1409 1444 1452 1534 1555 1564 1676 1737 1805 1829 1866 1873 1911 1917 1943 1995 2003 2018 2043
1239,C C N ( C C ) C C N ( C 1 = N C 2 = C ( S 1 ) C = C C ( = C 2 C ) Cl ) C ( = O ) C C ( C 3 = C C = C C = C 3 ) C 4 = C C = C C = C 4,1 75 80 104 119 162 231 251 252 273 294 334 335 366 375 378 389 396 414 488 561 620 633 650 666 675 702 732 783 802 807 810 815 830 837 881 885 893 930 932 964 970 983 987 1005 1042 1057 1068 1079 1080 1088 1107 1109 1123 1181 1199 1200 1238 1259 1290 1318 1365 1380 1444 1478 1504 1539 1550 1553 1581 1656 1657 1683 1706 1707 1722 1724 1750 1817 1855 1872 1873 1877 1882 1912 1917 1951 1977 1981 2021
1240,C C C N C 1 = C C 2 = C ( C = C 1 ) C = C C ( = C 2 ) S ( = O ) ( = O ) O,28 52 80 191 192 203 294 319 324 341 350 553 567 592 598 626 642 650 653 667 715 764 794 807 814 818 839 843 848 850 864 875 879 903 931 949 992 1000 1057 1064 1134 1152 1157 1205 1240 1371 1380 1416 1476 1480 1504 1528 1601 1629 1658 1707 1709 1744 1750 1855 1873 1904 1928 1933
1241,C C C C C C C C C C C C C C C C C C N C ( = O ) [C@H] ( C S S C C C C C ) N C ( = O ) C N C C C N C C C C N C C C N,1 30 33 41 47 71 80 116 117 124 141 173 197 210 239 240 288 294 343 394 416 461 468 554 573 591 592 608 619 650 667 720 728 733 736 771 790 794 806 807 816 828 849 875 876 912 926 935 975 981 1004 1020 1024 1034 1057 1080 1093 1096 1143 1147 1152 1171 1182 1201 1205 1213 1220 1295 1300 1320 1322 1366 1371 1374 1440 1444 1445 1456 1473 1510 1517 1563 1647 1666 1693 1700 1713 1714 1801 1840 1857 1861 1875 1876 1911 1914 1917 1921 1932 1937 2004 2008
1242,C C ( C ( = O ) N C 1 = C C = C ( C = C 1 ) S ( = O ) ( = O ) N C 2 = N C = C C = N 2 ) S C 3 = C ( C ( = C ( C ( = N 3 ) N ) C # N ) C 4 = C C = C O 4 ) C # N,1 4 32 80 116 121 178 179 191 196 200 213 250 283 319 345 350 358 378 395 442 448 455 474 502 505 513 536 557 561 573 602 603 605 618 629 637 638 650 656 674 715 745 764 784 787 790 800 807 810 843 860 883 890 895 912 1000 1026 1057 1077 1088 1092 1118 1127 1136 1152 1162 1170 1171 1173 1196 1233 1246 1247 1270 1335 1380 1384 1452 1457 1459 1461 1476 1507 1582 1589 1612 1645 1653 1664 1690 1740 1747 1750 1752 1764 1774 1777 1805 1808 1816 1818 1819 1855 1866 1867 1873 1897 1910 1917 1926 1942 1964 1995 2034 2043
1243,C 1 C S ( = O ) ( = O ) C [C@@H] 1 C C ( = O ) N / N = C \ C 2 = C C ( = C ( C = C 2 ) Cl ) Cl,25 29 41 78 80 134 148 207 265 295 309 318 332 362 366 395 413 444 469 496 509 511 556 557 558 561 605 650 666 694 716 723 725 771 772 807 819 864 870 875 924 926 929 1003 1004 1019 1105 1108 1152 1155 1156 1189 1224 1260 1299 1325 1357 1362 1380 1387 1402 1418 1449 1450 1462 1478 1511 1554 1638 1683 1698 1750 1818 1861 1867 1871 1873 1874 1876 1877 1909 1917 1954 1976 2033
1244,C N ( C ) N 1 C ( = O ) C [C@H] ( C 1 = O ) N C 2 = C C = C C = C 2,5 29 74 108 122 185 186 191 208 231 253 266 280 289 314 317 336 377 388 389 391 419 471 480 499 531 574 586 629 650 692 703 731 751 798 817 829 881 899 926 935 979 1019 1024 1035 1057 1088 1132 1152 1163 1195 1199 1232 1362 1380 1394 1414 1451 1457 1481 1589 1633 1680 1750 1793 1873 1924 2000 2015
1245,C C N ( C C ) C C C 1 = N N = C 2 N 1 C 3 = C ( C = C ( C = C 3 ) S C ) C ( = N C 2 ) C 4 = C C = C C = C 4,3 26 68 80 116 122 134 135 251 284 294 305 318 324 326 352 354 376 378 389 394 421 438 511 620 624 654 711 724 736 797 811 825 836 860 871 875 881 898 913 918 926 932 935 982 1057 1068 1088 1114 1121 1160 1164 1192 1199 1243 1250 1255 1282 1288 1295 1324 1325 1341 1378 1380 1427 1456 1476 1513 1534 1571 1602 1652 1698 1710 1723 1724 1747 1750 1767 1785 1842 1846 1860 1873 1915 1951 1981 1993 2028
1246,C C N C ( = S ) N ( C C 1 = C C 2 = C ( C = C ( C ( = C 2 ) C ) C ) N C 1 = O ) C 3 C C C C C 3,2 68 74 80 97 104 110 119 171 172 173 197 283 289 294 314 355 356 404 416 444 507 583 650 703 730 750 755 773 807 809 825 830 853 875 880 881 890 926 989 1001 1019 1024 1028 1057 1063 1069 1071 1104 1110 1114 1147 1152 1253 1273 1274 1280 1289 1304 1306 1325 1333 1349 1380 1391 1412 1432 1442 1532 1598 1615 1624 1690 1722 1726 1745 1800 1854 1855 1858 1873 1936 1988 1991 2027 2034
1247,C C C N ( C C C ) C ( = O ) C 1 = C C ( = C C ( = C 1 ) C ( = O ) N C ( C C 2 = C C = C C = C 2 ) C ( C N ( C ) N C ( = O ) C C 3 = C C = C C = C 3 ) O ) C ( = O ) N,1 35 41 79 80 117 140 160 179 207 211 227 270 287 294 309 317 325 389 390 419 453 454 486 519 560 649 650 671 689 730 737 750 785 794 807 824 828 837 850 857 875 881 888 908 913 948 962 978 991 1057 1066 1068 1088 1102 1148 1152 1163 1171 1190 1199 1221 1233 1289 1290 1380 1385 1387 1399 1411 1427 1441 1456 1497 1563 1609 1618 1625 1675 1727 1743 1750 1754 1755 1761 1771 1794 1817 1836 1860 1868 1870 1873 1901 1910 1917 1951 1961 2044 2046
1248,C C ( = O ) / C = C / C ( C C C C C C C = C ) O,1 10 31 78 80 140 158 189 197 227 234 245 261 288 301 303 308 325 401 481 529 549 650 657 694 739 782 807 823 847 869 909 920 926 940 996 1017 1057 1064 1143 1175 1283 1314 1366 1440 1462 1532 1564 1594 1624 1645 1650 1773 1798 1848 1898 1904 1911 1917 1919 1953
1249,C [C@@] 1 2 C C C 3 [C@] ( O 3 ) ( [C@H] ( C C 4 [C@@H] ( [C@H] 1 O 2 ) O C ( = O ) C 4 = C ) O ) C,35 40 44 87 116 149 176 202 221 240 296 314 394 418 455 463 497 509 513 546 557 608 632 650 656 695 706 750 760 790 798 807 811 899 926 979 1019 1057 1058 1060 1070 1075 1088 1091 1162 1186 1196 1257 1274 1292 1325 1366 1380 1413 1420 1468 1478 1496 1497 1529 1533 1565 1586 1592 1662 1701 1712 1779 1781 1860 1878 1902 1933 1960 1985 2017 2041 2044
1250,C C 1 C C N ( C C 1 ) C ( = O ) C 2 = C C = C C = C 2 N 3 C C C ( C C 3 ) N C ( = O ) C 4 = C C = C C = C 4 F,64 126 137 231 258 271 272 335 362 380 386 387 407 411 414 486 564 650 652 656 667 668 699 726 807 853 926 934 935 942 945 973 995 1009 1019 1025 1032 1057 1073 1078 1088 1108 1148 1152 1164 1168 1174 1185 1199 1237 1246 1247 1295 1308 1309 1317 1325 1343 1355 1371 1380 1405 1447 1480 1504 1510 1634 1645 1647 1655 1750 1762 1799 1825 1840 1843 1873 1917 1928 1958 1991 2009 2033
1251,c 1 c c c ( c ( c 1 Cl ) C ( = O ) N C C C N ( C ) C ) Cl,8 29 54 57 80 91 123 165 178 197 253 268 297 366 419 423 429 457 473 486 491 519 550 558 561 570 586 628 650 652 655 660 667 693 759 766 789 807 881 885 891 946 948 960 974 1039 1057 1088 1152 1163 1171 1186 1208 1380 1490 1538 1597 1683 1725 1738 1750 1760 1873 1876 1897 1911 1917 1951
1252,C C C 1 C = C C O 1,3 9 80 86 104 121 151 156 181 239 242 243 255 270 285 294 299 360 423 469 518 557 594 617 656 751 802 821 909 926 969 977 1019 1057 1083 1128 1232 1260 1339 1390 1439 1441 1454 1457 1470 1500 1510 1517 1531 1551 1617 1645 1646 1709 1767 1772 1800 1813 1873 1888 1901 1955
1253,C C 1 = C C = C C = C 1 N C ( = O ) C [NH+] 2 C C [NH+] ( C C 2 ) C C 3 = N O C ( = C 3 ) C,25 41 50 80 118 181 248 315 318 334 378 415 445 465 467 496 605 650 656 658 674 724 779 807 875 893 926 945 969 1027 1056 1057 1059 1064 1088 1097 1114 1123 1152 1159 1179 1183 1184 1199 1206 1224 1227 1235 1236 1270 1297 1303 1343 1348 1369 1380 1391 1398 1406 1422 1438 1458 1481 1516 1520 1527 1542 1554 1563 1592 1619 1690 1696 1709 1715 1722 1729 1742 1750 1782 1816 1873 1917 1926 1948 1999 2003 2022
1254,C C C C ( C ( = O ) O ) N C ( = O ) C C N C ( = O ) C 1 = C C = C S 1,1 8 14 24 41 61 79 80 101 117 155 197 229 241 259 294 343 363 380 383 389 404 419 424 425 486 528 562 591 635 641 650 667 675 690 709 736 739 785 794 807 817 823 875 895 915 1057 1088 1152 1214 1266 1282 1330 1380 1407 1420 1473 1529 1539 1564 1567 1616 1624 1637 1685 1730 1750 1785 1824 1844 1873 1883 1917 2006
1255,C C C C C C C C 1 C C C C ( = O ) O 1,0 26 40 80 191 208 262 294 299 314 334 397 473 577 591 598 644 650 656 664 750 777 794 821 832 865 871 881 907 926 970 976 1019 1028 1029 1031 1057 1116 1124 1143 1169 1217 1232 1325 1330 1380 1391 1430 1444 1448 1461 1476 1525 1537 1544 1545 1553 1572 1599 1606 1627 1669 1681 1698 1738 1812 1865 1911 1933 1957 2035
1256,C C C ( C ) N C ( = O ) C O C ( = O ) C 1 = C C = C C = C 1 C ( = O ) C 2 = C ( C = C C ( = C 2 ) C ) C,1 2 9 38 41 49 80 90 97 117 145 147 158 161 235 275 283 293 294 334 378 453 456 530 542 650 688 695 708 807 818 823 856 872 875 878 927 949 955 1009 1013 1057 1088 1098 1152 1170 1171 1199 1293 1380 1391 1413 1440 1447 1470 1499 1506 1520 1544 1603 1645 1673 1691 1722 1740 1747 1750 1814 1821 1822 1823 1873 1917 1953 1974 1991 1997 2004 2018
1257,C C O [C@H] 1 [C@H] ( [C@H] ( C = C ( O 1 ) C ( = O ) N ( C ) C ) C 2 = C C = C ( C = C 2 ) Br ) C C C O,64 80 84 85 88 114 179 197 218 222 263 294 310 402 433 473 606 626 650 655 656 681 695 699 702 704 728 735 748 750 807 823 832 881 883 904 909 918 976 992 1011 1016 1019 1057 1061 1063 1087 1130 1157 1163 1221 1238 1264 1279 1323 1334 1357 1360 1380 1519 1545 1594 1599 1606 1608 1615 1620 1631 1649 1653 1666 1750 1793 1803 1821 1850 1873 1877 1905 1911 1917 1931 1979 2016 2018 2039
1258,C N 1 C C 2 = C C = C C = C 2 [C@@H] 3 [C@@H] 1 C C 4 = C N ( C 5 = C C = C C 3 = C 4 5 ) C,45 47 61 84 161 165 184 231 269 294 364 371 411 424 428 464 486 508 511 533 541 557 566 580 587 612 652 660 680 791 879 888 903 926 935 987 999 1019 1027 1039 1057 1079 1088 1107 1140 1143 1145 1151 1155 1199 1205 1236 1285 1300 1326 1345 1380 1409 1420 1453 1462 1477 1511 1515 1527 1634 1638 1655 1656 1689 1698 1708 1735 1750 1797 1873 1937 1946 1984
1259,C C ( C ) ( C ) O C ( = O ) N \ 1 C C C C / C 1 = C \ C = C \ C 2 = C C = C ( C = C 2 ) O C,25 42 104 109 114 177 185 210 224 225 231 236 245 310 322 392 418 432 482 575 577 582 633 645 650 694 695 718 724 762 781 807 831 835 841 878 890 926 935 944 953 993 1003 1028 1057 1065 1100 1139 1143 1188 1215 1237 1267 1275 1327 1380 1387 1402 1438 1480 1507 1518 1536 1537 1539 1571 1574 1615 1677 1691 1724 1736 1738 1750 1754 1796 1807 1822 1859 1873 1885 1917 1983 1998 2029 2033
1260,C [C@H] ( C 1 = C C = C ( C = C 1 ) S ( = O ) ( = O ) C ) N ( C ) S ( = O ) ( = O ) C 2 = C ( C = C ( C ( = C 2 ) O C ) O C ) Br,1 36 41 45 106 116 158 174 176 240 244 249 262 283 319 337 350 387 392 527 548 576 589 650 662 692 695 715 728 731 735 739 751 759 788 803 815 833 837 841 859 875 881 900 914 1057 1067 1163 1188 1228 1245 1246 1261 1264 1276 1301 1365 1380 1410 1436 1476 1536 1567 1631 1634 1667 1750 1752 1819 1836 1853 1873 1887 1905 1917 1923 1960 1970 1971 1983 2031 2035
1261,C N C 1 = C ( C = C ( C = N 1 ) Cl ) C 2 = C C = C ( C = C 2 ) [N+] ( = O ) [O-],6 119 167 211 216 222 235 285 327 352 376 378 379 404 535 561 642 650 655 708 715 753 759 769 799 801 838 843 875 896 929 1057 1087 1152 1160 1174 1195 1270 1274 1310 1327 1369 1376 1380 1407 1430 1452 1498 1535 1660 1661 1683 1700 1750 1809 1814 1852 1873 1893 1963 1972 1990
1262,C / C = C / C 1 = C C ( = C ( C = C 1 ) O C C C N 2 C 3 = C ( C = C ( C ( = C 3 ) C ) C ) N = C 2 C O ) O C,13 25 45 80 91 94 107 142 157 208 215 222 249 257 318 346 365 378 411 419 465 515 530 540 542 545 647 662 694 695 802 807 825 835 837 841 844 849 875 913 935 958 994 1018 1038 1045 1057 1097 1141 1145 1162 1229 1230 1245 1259 1273 1313 1380 1391 1394 1397 1403 1452 1511 1518 1536 1620 1712 1722 1723 1728 1750 1773 1782 1828 1852 1855 1862 1873 1911 1912 1932 1970 1973 1984 1990 2011 2033 2041
1263,C C C C O C 1 = C C = C ( C = C 1 ) N C ( = O ) C S C C ( = O ) O C C ( = O ) C 2 = C C = C ( C = C 2 ) C 3 = C C = C C = C 3,13 19 41 80 93 101 102 116 134 140 147 161 191 211 239 264 294 322 365 389 429 513 553 591 592 596 650 675 695 718 736 793 794 807 843 890 896 901 904 953 956 983 1013 1034 1057 1077 1088 1122 1142 1152 1160 1188 1195 1199 1306 1359 1364 1380 1382 1385 1386 1423 1452 1455 1572 1618 1693 1697 1750 1767 1768 1792 1794 1808 1815 1816 1873 1875 1911 1917 1935 1959 1964 2004 2025 2041
1264,C C 1 C 2 C C 3 C 4 5 C O C ( C 4 C ( C ( = O ) O 3 ) O C ( = O ) C = C ( C ) C ( C ) C ) ( C ( C ( C 5 C 2 ( C = C ( C 1 = O ) O C 6 C ( C ( C ( C ( O 6 ) C O ) O ) O ) O ) C ) O ) O ) C ( = O ) O C,1 7 15 51 52 80 118 132 159 181 222 276 283 314 315 318 325 352 360 367 408 416 425 438 489 511 519 524 546 555 564 583 590 601 610 619 627 634 644 650 656 687 694 695 696 706 725 731 733 742 750 795 799 807 833 841 899 915 926 928 941 960 976 1005 1016 1017 1019 1037 1057 1060 1073 1116 1120 1126 1152 1154 1158 1208 1222 1224 1234 1235 1239 1251 1257 1274 1292 1309 1312 1323 1333 1340 1349 1353 1379 1380 1418 1437 1487 1490 1516 1550 1582 1603 1649 1689 1700 1710 1727 1741 1764 1773 1783 1800 1834 1844 1846 1859 1873 1881 1904 1909 1911 1917 1921 1929 1971 1977 1999 2002 2016 2020
1265,C O C 1 = C C 2 = C ( C = C 1 ) C = C C \ 3 = C 2 C C C / C 3 = N / N C ( = O ) N,5 37 60 140 155 157 190 197 203 224 245 265 274 280 303 307 318 322 352 361 369 428 478 492 496 510 518 554 570 650 680 695 718 725 757 781 799 807 808 811 841 875 892 915 926 983 984 1028 1033 1038 1052 1057 1060 1104 1152 1161 1171 1207 1223 1258 1309 1357 1364 1380 1391 1402 1404 1437 1487 1522 1525 1526 1536 1549 1569 1601 1629 1669 1682 1738 1750 1779 1786 1855 1873 1917 1937 1972 2008 2022 2026
1266,C C 1 = C C = C ( C = C 1 ) O C ( C ) C ( = O ) O C C ( = O ) N C 2 = N C = C ( C ( = C 2 Cl ) C ) Cl,1 35 41 56 80 125 135 147 167 168 212 231 235 252 283 322 366 378 382 396 400 465 472 561 579 650 660 664 695 701 708 712 718 721 731 771 801 807 813 854 942 968 981 1011 1031 1057 1088 1099 1152 1153 1253 1269 1313 1317 1355 1380 1401 1405 1440 1452 1457 1499 1535 1551 1559 1573 1615 1622 1628 1629 1683 1715 1722 1741 1742 1750 1784 1785 1816 1823 1827 1873 1916 1917 1920 1990 2004
1267,C 1 C C 1 ( C 2 = C C = C ( C = C 2 ) Cl ) C ( = O ) N 3 C C N ( C C 3 ) S ( = O ) ( = O ) C 4 = C C = C C = C 4 C # N,3 23 50 131 176 203 216 217 268 292 314 350 361 366 392 484 556 558 561 585 615 650 674 697 775 790 800 807 816 861 869 909 920 926 935 938 958 992 993 994 1020 1060 1062 1070 1086 1088 1089 1125 1136 1155 1162 1168 1199 1205 1228 1256 1279 1313 1352 1380 1384 1400 1402 1404 1445 1476 1480 1543 1573 1589 1606 1643 1658 1673 1683 1750 1846 1862 1873 1917 2000 2009 2014
1268,C C C C C ( = O ) N C 1 ( C ( = C ( N C 1 = O ) C ) C # N ) C ( F ) ( F ) F,41 56 59 70 80 114 116 132 173 223 235 258 271 294 306 314 322 344 375 403 484 505 591 650 668 674 712 713 740 745 790 794 807 911 918 935 942 968 982 1014 1057 1060 1114 1136 1152 1155 1157 1204 1215 1221 1224 1257 1260 1288 1289 1311 1376 1380 1384 1424 1433 1436 1453 1456 1473 1564 1611 1613 1651 1659 1662 1664 1713 1718 1722 1806 1873 1874 1887 1911 1917 1928 1934 2024 2045
1269,C 1 C [C@@H] ( C N ( C 1 ) C ( = O ) N 2 C C C 3 ( C C 2 ) C C ( = O ) N C 3 ) N C ( = O ) C 4 5 C C 6 C C ( C 4 ) C ( C ( C 6 ) C 5 ) O,63 290 293 299 310 314 342 369 375 387 428 433 446 447 490 503 516 520 585 650 673 679 697 733 739 751 756 757 767 795 805 807 814 821 829 839 866 882 886 893 910 913 926 935 940 990 1015 1019 1028 1060 1062 1114 1127 1152 1162 1173 1208 1256 1257 1292 1325 1380 1387 1423 1446 1480 1487 1568 1575 1609 1634 1650 1651 1681 1699 1715 1735 1745 1783 1793 1799 1802 1850 1858 1866 1871 1917 1940 1952 1981 1986 2009 2025 2028 2034 2038
1270,C [C@@H] 1 C C C C [C@@H] 1 N C ( = O ) / C = C / C 2 = C C ( = C C 3 = C 2 O C O C 3 ) [N+] ( = O ) [O-],31 68 79 91 108 130 149 164 297 308 327 387 415 441 456 461 472 523 549 563 609 621 650 656 677 694 711 715 719 720 753 767 776 807 828 835 838 851 875 888 890 926 940 961 972 990 994 1019 1028 1033 1051 1057 1152 1181 1182 1195 1199 1236 1274 1291 1294 1309 1325 1327 1349 1370 1379 1380 1382 1385 1388 1403 1472 1482 1497 1558 1582 1583 1609 1659 1677 1685 1712 1727 1729 1744 1809 1811 1813 1817 1859 1861 1873 1884 1891 1917 1933 1963 1995 2010 2036
1271,C O C 1 = C ( C = C ( C = C 1 ) S ( = O ) ( = O ) N C ( C 2 = C C = C C = C 2 ) C 3 = C C = C C = C 3 ) F,1 94 118 171 182 191 198 218 241 243 249 270 319 350 385 389 432 448 450 459 502 546 614 650 659 695 699 708 715 831 841 875 897 914 957 1053 1057 1061 1088 1152 1175 1192 1199 1245 1258 1365 1380 1390 1445 1476 1535 1536 1568 1581 1664 1750 1805 1840 1873 1928 1939 1941 1945 1946 1970 1985
1272,C C ( C ) ( C ) O C ( = O ) C N 1 C 2 = C C = C C = C 2 S C C ( C 1 = O ) N C ( C C C C N 3 C ( = O ) C 4 = C C = C C = C 4 C 3 = O ) C # N,1 5 10 58 77 80 103 106 114 124 157 175 231 314 349 352 358 364 392 397 451 506 575 588 609 618 624 642 650 662 666 674 675 695 700 730 739 750 772 789 790 807 823 855 857 865 879 893 926 935 944 949 963 970 984 1019 1057 1065 1088 1137 1145 1152 1167 1195 1199 1236 1263 1283 1285 1295 1296 1312 1328 1355 1369 1380 1384 1386 1459 1470 1501 1508 1513 1516 1570 1574 1604 1617 1621 1622 1647 1658 1672 1705 1750 1828 1859 1865 1873 1885 1901 1908 1911 1917 1920 1940 1949 1960 2000 2009 2047
1273,C C ( C ) S C C ( = O ) N 1 C C N ( C C 1 ) C 2 = N C 3 = C ( C 4 = C ( S 3 ) C C C C 4 ) C ( = O ) N 2 C,1 5 24 42 69 80 100 108 109 116 162 220 279 283 310 314 361 378 407 427 453 474 504 511 564 570 575 623 631 638 650 675 688 731 760 763 769 807 926 935 937 973 997 1006 1009 1012 1013 1019 1024 1028 1057 1092 1135 1145 1173 1201 1211 1304 1350 1362 1365 1380 1391 1399 1407 1408 1430 1480 1490 1508 1519 1589 1615 1633 1666 1715 1719 1738 1752 1757 1802 1808 1817 1855 1865 1895 1897 1917 1959 1984 2009
1274,C C O C ( = O ) C N 1 C 2 = C C = C C = C 2 S C 1 = N C ( = O ) C S C C ( = O ) N C 3 = C ( C 4 = C ( S 3 ) C C ( C C 4 ) C ) C ( = O ) O C,14 19 30 41 42 45 50 80 116 145 147 162 198 205 216 231 274 294 303 361 429 461 502 508 515 548 586 650 675 695 702 703 708 725 755 802 807 808 841 857 885 897 906 923 926 935 953 992 997 1019 1057 1088 1148 1152 1175 1183 1199 1238 1274 1285 1309 1312 1325 1380 1386 1411 1420 1455 1464 1482 1506 1526 1539 1614 1622 1646 1677 1687 1715 1722 1738 1746 1749 1750 1759 1765 1766 1780 1803 1816 1825 1833 1850 1863 1873 1893 1907 1917 1924 1930 1959 1992 2008 2032 2033
1275,C 1 C 2 C = C C 3 C 1 C ( = O ) C C 2 C 3 = O,25 152 176 217 231 237 260 314 326 370 455 458 528 565 595 611 615 650 703 706 800 825 848 866 900 915 924 926 937 945 971 1019 1042 1083 1101 1103 1115 1121 1200 1220 1265 1292 1321 1380 1389 1397 1399 1418 1446 1513 1594 1597 1869 1873 1945 1951 1969 2035
1276,C O C 1 = C ( C = C 2 C ( = C 1 ) C 3 = C C = C C = C 3 O 2 ) N C ( = O ) C O C ( = O ) C O C 4 = C C = C C = C 4 C # N,10 41 68 80 98 134 147 167 182 195 197 249 251 264 300 361 368 375 379 392 406 432 435 440 526 552 633 637 640 641 643 647 650 656 674 695 790 803 807 841 854 875 905 1019 1057 1058 1062 1071 1088 1113 1125 1128 1133 1136 1152 1174 1184 1187 1199 1224 1245 1278 1290 1307 1357 1380 1384 1386 1410 1443 1452 1474 1499 1536 1539 1573 1604 1631 1648 1650 1678 1693 1729 1743 1750 1784 1808 1816 1850 1862 1873 1880 1907 1917 1935 1948 1970 1996 2003 2004
1277,C C ( = O ) N C ( C C ( = O ) N C 1 = C C = C ( C = C 1 ) N C ( = O ) C 2 C C 2 ) C 3 = C C = C C = C 3,1 27 41 80 117 191 207 214 245 263 291 299 311 360 378 389 403 420 468 561 589 601 650 689 785 807 830 833 843 898 901 924 926 946 971 974 978 1013 1017 1019 1057 1077 1088 1103 1142 1152 1163 1199 1205 1225 1275 1290 1311 1325 1365 1380 1420 1465 1483 1497 1503 1511 1532 1581 1661 1750 1816 1864 1873 1917 1923 1944 1973
1278,C C 1 = C C ( = C C ( = C 1 ) O C C 2 = C C = C ( O 2 ) C ( = O ) N C 3 = C C = C ( C = C 3 ) S ( = O ) ( = O ) N C 4 = N C ( = C C ( = N 4 ) C ) C ) C,0 4 80 82 105 191 192 219 225 242 250 276 278 296 310 319 321 322 341 350 378 401 486 502 522 562 594 610 628 630 650 654 656 695 715 744 745 760 807 814 843 875 883 888 907 938 940 1041 1057 1062 1073 1077 1115 1141 1152 1169 1191 1220 1255 1261 1270 1291 1313 1320 1325 1380 1389 1416 1428 1452 1476 1520 1582 1604 1722 1731 1749 1750 1754 1768 1781 1815 1816 1823 1855 1873 1879 1910 1917 1925 1929 1934 1953 1978
1279,C C 1 = C C ( = C C = C 1 ) C N 2 C ( = O ) / C ( = C / C 3 = C C ( = C ( C ( = C 3 ) Br ) O C C 4 = C C = C ( C = C 4 ) Br ) O C ) / S C 2 = O,51 80 107 249 273 281 310 314 328 333 361 371 380 387 470 475 500 586 588 600 608 650 675 694 695 704 728 744 745 790 833 835 841 863 867 875 879 909 935 938 943 947 958 1003 1008 1013 1027 1039 1055 1057 1066 1088 1132 1157 1167 1192 1273 1351 1380 1426 1433 1452 1467 1469 1473 1536 1551 1563 1631 1649 1684 1691 1722 1750 1754 1765 1776 1791 1823 1828 1873 1892 1970 1997 2009 2033 2042 2044
1280,C C 1 2 C C C C ( O 1 ) ( C ( C 2 ) O ) C,60 70 130 131 176 222 298 317 369 425 480 495 617 656 675 679 688 737 739 760 807 809 845 850 868 926 1019 1028 1044 1055 1057 1060 1143 1162 1164 1195 1210 1257 1268 1274 1312 1455 1459 1550 1593 1671 1687 1730 1734 1850 1886 1905 1922 1966 1989 1995 2007 2028
1281,C C O C ( = O ) C 1 = C [NH+] = C 2 C ( = C C ( = C C 2 = C 1 N C 3 = C C = C ( C = C 3 ) C ( = O ) O ) Cl ) C,19 57 69 80 87 96 105 106 126 145 147 184 191 195 206 216 230 249 294 302 381 389 410 418 422 456 485 491 504 525 561 602 650 651 695 739 759 780 807 843 875 890 911 912 935 1004 1015 1021 1027 1056 1057 1121 1133 1137 1138 1152 1177 1186 1193 1227 1238 1242 1243 1251 1268 1341 1357 1380 1385 1386 1391 1429 1482 1524 1570 1636 1653 1667 1670 1673 1683 1689 1692 1697 1722 1747 1750 1799 1873 1917 1929 1949 1971 1987 1991 2003 2046 2047
1282,C C C ( = C ( C ) O ) C ( = O ) C,49 80 132 201 249 252 294 297 337 389 446 465 489 566 615 630 636 650 702 705 739 740 745 753 807 809 814 865 881 898 938 958 967 1017 1057 1080 1093 1142 1244 1249 1350 1400 1414 1519 1544 1625 1658 1659 1771 1821 1842 1851 1857 1917 1957 1980 1989 1991 1997 2022
1283,C C ( C ) ( C ) O C ( = O ) N [C@@H] ( C C 1 = C C = C C = C 1 ) [C@H] ( / C = C ( / C C 2 = C C = C C = C 2 ) \ C ( = O ) N [C@@H] 3 [C@@H] ( C C 4 = C C = C C = C 3 4 ) O ) O,1 79 80 114 115 117 208 227 231 233 284 285 325 362 371 387 389 392 413 431 487 491 495 519 522 544 571 650 694 695 724 730 745 752 791 792 802 807 846 848 849 855 857 887 913 926 956 995 997 1019 1027 1040 1057 1066 1088 1118 1152 1189 1199 1210 1236 1238 1257 1302 1308 1380 1388 1390 1399 1445 1476 1498 1512 1513 1574 1576 1656 1681 1708 1716 1739 1741 1750 1754 1755 1758 1771 1777 1780 1804 1848 1859 1873 1882 1897 1906 1917 1922 1957
1284,C C 1 = C ( C ( = O ) N 2 C 3 = C C = C C = C 3 N = C 2 N 1 ) C C O,23 26 31 45 80 117 214 222 241 289 314 346 357 378 438 449 452 467 473 481 489 493 504 510 548 560 605 650 661 678 692 695 700 720 744 791 792 793 807 853 882 889 912 921 928 935 942 957 964 996 1014 1023 1040 1047 1057 1088 1097 1114 1128 1137 1168 1196 1199 1243 1279 1285 1380 1384 1410 1460 1465 1524 1535 1722 1745 1750 1807 1814 1822 1846 1855 1867 1873 1891 1897 1916 1955 1978 2034
1285,C C ( C ) O C ( = O ) C [C@H] 1 C ( = O ) N C C N 1 C ( = S ) N C ( = O ) C 2 = C C = C ( O 2 ) Br,1 7 10 69 78 80 96 97 110 210 222 231 242 283 305 310 314 359 391 409 458 474 486 512 545 547 553 562 574 585 598 650 654 656 667 688 695 717 728 794 807 833 874 920 926 935 965 966 967 1004 1006 1009 1019 1034 1057 1095 1112 1114 1118 1119 1126 1152 1209 1215 1333 1351 1380 1386 1410 1455 1480 1526 1548 1549 1604 1605 1629 1631 1641 1662 1667 1681 1712 1750 1752 1754 1767 1866 1873 1910 1916 1917 1954 1962 1978
1286,C C 1 C C 1 C 2 = C C = C ( O 2 ) C N ( C ) S ( = O ) ( = O ) C 3 = C ( C = C C ( = C 3 ) Cl ) Cl,80 86 122 165 166 213 216 236 250 302 317 340 350 359 366 374 392 430 455 478 507 509 561 590 599 621 650 656 666 718 790 815 816 851 875 881 926 994 1006 1018 1019 1051 1057 1065 1100 1120 1122 1163 1171 1187 1190 1226 1233 1268 1292 1294 1300 1309 1326 1327 1380 1431 1432 1435 1461 1476 1498 1512 1536 1553 1604 1614 1683 1724 1750 1859 1873 1875 1914 1923 1934 1986 2023
1287,C C ( C ) ( C ) C ( = O ) N [C@@H] 1 C C C [C@@] 1 2 C C C [C@H] 2 O C ( = O ) C = C 3 C C 3,9 15 56 78 114 132 172 181 187 219 249 250 252 262 270 274 300 305 316 317 336 347 348 357 362 387 392 439 443 549 628 650 656 689 694 695 762 802 807 828 926 938 945 977 978 1019 1028 1057 1060 1073 1103 1126 1152 1162 1190 1216 1266 1276 1325 1344 1348 1349 1371 1380 1395 1414 1424 1445 1510 1575 1638 1646 1738 1746 1798 1875 1881 1890 1892 1917 1966 2012 2035
1288,C [C@@] 1 ( [C@@H] ( O C ( C 1 O ) O P ( = O ) ( N C C ( = O ) O C C 2 = C C = C C = C 2 ) O C 3 = C C = C C = C 3 ) N 4 C = N C 5 = C 4 N = C N = C 5 N ( C ) N S ( = O ) ( = O ) C ) O,24 25 44 61 80 85 94 119 123 143 147 170 181 192 194 209 259 301 322 350 371 378 389 409 410 457 486 489 532 551 562 566 577 595 612 626 640 643 650 656 684 692 695 723 738 745 783 786 788 789 807 810 823 844 872 881 932 935 939 944 952 964 966 1019 1038 1057 1060 1066 1068 1088 1095 1119 1143 1152 1154 1163 1199 1202 1229 1253 1257 1271 1274 1322 1323 1342 1375 1380 1386 1390 1440 1452 1456 1476 1494 1508 1647 1689 1696 1715 1724 1729 1733 1750 1754 1785 1807 1810 1822 1830 1873 1881 1897 1914 1917 1921 2042 2044
1289,C C C O C 1 = C C 2 = C ( C 3 = C 1 N = C C = C 3 ) N = C ( S 2 ) N C ( = O ) C O C 4 = C C = C ( C = C 4 ) Br,13 26 28 37 41 76 80 102 144 162 167 192 241 245 251 294 304 317 322 357 359 378 384 385 431 443 448 489 528 560 569 617 650 675 695 718 719 728 769 794 807 824 870 875 885 890 891 909 926 936 949 1043 1057 1060 1088 1137 1152 1157 1173 1180 1199 1218 1270 1327 1336 1357 1361 1362 1380 1394 1400 1443 1452 1454 1501 1504 1518 1573 1602 1605 1618 1631 1646 1649 1701 1724 1750 1759 1773 1775 1816 1855 1857 1866 1873 1887 1917 1939 1970 2004 2020 2026
1290,C C ( = O ) C 1 = C ( C ( = O ) N ( C 1 C 2 = C C ( = C ( C = C 2 ) O C ) O C ) C 3 = C C = C ( C = C 3 ) O ) O,29 62 80 94 119 140 141 154 203 227 233 249 260 314 335 366 395 403 467 471 543 545 564 580 650 688 695 699 745 807 841 875 879 882 898 935 1014 1017 1019 1057 1077 1090 1113 1158 1245 1273 1279 1303 1313 1380 1389 1427 1431 1438 1465 1469 1521 1536 1551 1602 1629 1632 1750 1778 1803 1820 1825 1871 1873 1899 1917 1922 1961 1970 2046
1291,C N 1 C C N ( C C 1 ) C [C@@H] 2 [C@@H] ( C ( = O ) N 2 C 3 = C C = C ( C = C 3 ) O C ) O C 4 = C C = C ( C = C 4 ) F,5 7 14 74 80 86 90 132 207 213 216 233 286 314 322 524 534 571 581 605 612 650 695 699 718 781 803 810 827 831 841 869 908 926 933 935 951 1014 1019 1057 1067 1145 1236 1320 1339 1349 1353 1360 1362 1374 1380 1385 1402 1410 1462 1480 1494 1526 1536 1568 1586 1629 1634 1668 1670 1674 1750 1788 1791 1825 1847 1873 1922 1928 1939 1973 1988 1997 2036
1292,C O C C 1 = C ( S C 2 = C C = C C ( = C 2 1 ) F ) C ( = O ) N C 3 = N C ( = C S 3 ) C 4 = C C 5 = C ( C = C 4 ) O C O 5,30 73 80 86 99 109 117 160 162 173 269 301 345 365 378 385 441 461 480 486 552 564 568 624 648 650 656 659 675 695 698 699 702 722 730 738 745 770 781 806 807 823 841 875 885 896 925 926 931 946 980 1005 1032 1035 1039 1057 1088 1104 1152 1153 1160 1173 1179 1214 1241 1257 1264 1266 1281 1319 1349 1380 1424 1436 1445 1506 1541 1567 1590 1647 1652 1658 1720 1750 1770 1800 1813 1816 1840 1848 1855 1860 1863 1873 1878 1887 1905 1917 1928 1984 2007 2034
1293,C C 1 = C ( C = C ( C = C 1 ) N C ( = O ) C [C@@H] 2 C S C 3 = N C 4 = C ( C = N N 4 C 5 = C C = C C = C 5 ) C ( = O ) N 2 3 ) C,12 41 43 71 80 142 145 157 181 184 191 194 255 257 302 313 314 356 378 387 389 398 420 427 428 431 445 494 503 504 517 518 564 610 642 650 675 697 804 807 834 843 869 875 876 901 926 935 970 998 1004 1019 1022 1025 1038 1049 1057 1062 1073 1088 1135 1152 1157 1172 1192 1199 1207 1212 1232 1237 1257 1259 1268 1273 1311 1338 1353 1357 1372 1380 1383 1391 1440 1530 1535 1552 1578 1590 1594 1642 1651 1691 1696 1722 1750 1755 1757 1816 1825 1828 1831 1852 1855 1873 1894 1907 1917 1920 1939 1973 1990 1999
1294,C 1 [C@H] 2 C N ( C [C@@H] 1 C 3 = C C = C ( C ( = O ) N 3 C 2 ) C 4 = C C = C O 4 ) C C 5 = C C = C ( C = C 5 ) F,1 80 82 90 121 132 136 149 221 250 287 293 294 310 314 352 362 377 379 461 474 488 504 510 590 630 650 656 680 699 739 761 787 824 864 897 926 935 936 972 977 1001 1014 1019 1066 1077 1088 1096 1122 1165 1212 1233 1285 1292 1294 1376 1380 1409 1410 1446 1484 1494 1496 1558 1584 1585 1621 1670 1683 1692 1694 1744 1750 1754 1765 1771 1777 1791 1798 1805 1823 1873 1892 1926 1928 2000 2017
1295,C [C@@H] ( C ( = O ) N C C ( = O ) O ) N C ( = O ) [C@H] ( C O ) N C ( = O ) [C@H] ( C O ) N C ( = O ) [C@H] ( C O ) N C ( = O ) C N C ( = O ) [C@H] ( C C 1 = C C = C C = C 1 ) N,1 8 16 41 43 79 80 81 117 140 151 197 213 222 237 283 313 339 361 389 390 478 482 572 573 616 650 684 719 736 765 783 786 807 849 857 865 875 921 922 945 966 978 989 1005 1017 1057 1066 1088 1110 1151 1152 1171 1182 1185 1199 1256 1316 1380 1394 1440 1451 1479 1572 1575 1689 1691 1710 1715 1731 1737 1750 1754 1763 1780 1789 1804 1829 1835 1849 1873 1917 1999 2001 2010 2016
1296,C C ( C ) ( C ) O C ( = O ) N [C@H] 1 C N C [C@@H] 1 C 2 C C 2,3 79 114 133 153 190 197 203 204 218 231 264 305 343 375 387 392 419 452 470 486 514 585 603 622 641 650 695 726 801 807 867 873 881 890 900 926 975 986 1019 1020 1027 1040 1055 1057 1059 1072 1114 1133 1139 1144 1152 1203 1258 1265 1273 1308 1316 1325 1329 1377 1403 1424 1438 1497 1500 1518 1574 1582 1591 1638 1649 1656 1674 1679 1701 1703 1758 1776 1859 1917 1974 2047
1297,C C 1 ( C ( = O ) N ( C ( = O ) N 1 ) C C ( = O ) C 2 = C C = C N 2 ) C 3 = C C = C C = C 3 Cl,8 47 80 126 143 160 170 254 255 260 267 287 314 329 333 366 378 431 434 435 438 529 561 564 588 592 650 806 807 876 884 935 974 1003 1005 1057 1060 1063 1088 1114 1126 1199 1254 1274 1301 1310 1312 1320 1378 1380 1419 1460 1506 1552 1563 1683 1693 1706 1741 1750 1775 1824 1829 1842 1873 1894 1895 1900 1917 1958 1963 1980
1298,C O C 1 = C C = C ( C = C 1 ) C C 2 = C C ( = C C = C 2 ) C 3 C ( C ( C ( C ( O 3 ) C O ) O ) O ) O,80 98 119 137 222 230 275 304 310 322 346 354 359 443 461 477 489 509 553 561 586 610 622 640 648 656 670 679 695 718 769 781 807 831 836 841 858 866 875 920 940 944 981 998 1019 1037 1039 1057 1063 1066 1072 1088 1100 1108 1124 1179 1210 1215 1229 1234 1257 1279 1380 1430 1481 1487 1516 1536 1602 1663 1671 1693 1724 1736 1740 1750 1754 1764 1843 1844 1873 1921 2020
1299,C 1 = C C = C 2 C ( = C 1 ) C ( = O ) N C ( = O ) N C 2 = O,23 70 139 195 198 243 246 278 282 314 320 321 331 398 413 458 584 650 750 763 768 853 885 907 937 960 1040 1088 1105 1110 1114 1166 1178 1199 1284 1339 1355 1357 1364 1380 1411 1464 1465 1556 1573 1691 1745 1750 1782 1785 1873 1930 1955 2004 2014 2018 2026
1300,C C ( C ( = O ) N C C ( = O ) N ( C ) C ( C C 1 = C C = C C = C 1 ) C ( = O ) N C ( C C S ( = O ) C ) C O ) N C ( = O ) C ( C C 2 = C C = C ( C = C 2 ) O ) N,1 79 80 117 158 190 197 222 256 257 283 286 310 316 374 378 383 389 427 436 458 463 482 506 512 520 527 552 573 589 650 680 684 687 739 745 786 799 807 834 842 848 854 857 879 881 890 904 911 966 983 989 1017 1057 1066 1088 1152 1163 1171 1175 1199 1238 1241 1265 1279 1313 1345 1379 1380 1393 1394 1401 1413 1440 1524 1551 1575 1602 1615 1637 1691 1744 1750 1752 1754 1757 1778 1781 1829 1849 1864 1873 1917 1921 2028
1301,n 1 ( / N = C / c 2 c n c c c 2 ) c ( n n c 1 C ) C,20 156 200 265 328 346 360 378 383 400 437 540 599 612 643 662 694 701 725 738 771 803 808 811 834 864 917 935 988 1001 1010 1043 1048 1056 1057 1088 1118 1164 1214 1262 1283 1300 1311 1353 1368 1376 1380 1535 1536 1549 1575 1586 1600 1603 1616 1686 1722 1750 1780 1806 1854 1866 1873 1893 1895 1949 1985 1994 2004 2009 2033
1302,C C [C@] 1 ( C ( = O ) N ( C ( = O ) N 1 ) C C ( = O ) N C C C 2 = C N C 3 = C C = C C = C 3 2 ) C 4 = C C = C C = C 4,16 41 80 93 112 119 197 235 254 255 258 287 294 296 314 328 364 383 389 397 435 476 556 576 588 589 597 622 638 650 665 667 681 707 724 760 772 806 807 828 861 884 890 935 1057 1060 1061 1088 1098 1114 1152 1166 1181 1199 1239 1243 1312 1313 1349 1351 1357 1367 1378 1380 1396 1418 1430 1482 1492 1516 1545 1556 1573 1589 1607 1615 1635 1750 1765 1783 1804 1873 1879 1901 1917 1937 1958 1974 2008 2014 2040
1303,C C ( C ) ( C ) C 1 = C C ( = C C = C 1 ) N C ( = O ) C C C 2 = C C ( = C C = C 2 ) O C 3 = C C ( = N C = C 3 ) C ( = O ) N C 4 C C 4,9 17 33 39 41 52 80 104 114 176 184 191 193 255 294 302 322 378 387 392 415 418 420 423 445 474 486 549 552 559 562 563 611 612 619 650 655 667 695 703 785 787 807 825 855 867 875 901 926 990 1019 1039 1054 1057 1066 1088 1090 1113 1131 1152 1162 1229 1243 1252 1272 1275 1325 1339 1370 1380 1382 1383 1417 1434 1444 1452 1490 1502 1564 1568 1586 1617 1634 1655 1706 1721 1750 1754 1767 1816 1818 1847 1866 1873 1917 1984 2002 2017 2025
1304,C N 1 C C C ( C C 1 ) N ( C ) C 2 = C ( C = C 3 C ( = C 2 ) C C C ( = O ) N 3 ) N,3 56 72 204 207 249 304 314 342 432 466 535 545 569 584 642 650 674 684 694 774 791 809 825 828 875 880 881 903 910 926 935 988 993 1019 1025 1057 1060 1072 1098 1114 1138 1145 1150 1163 1171 1181 1188 1196 1236 1321 1323 1325 1328 1348 1380 1386 1457 1476 1480 1513 1540 1574 1575 1592 1597 1646 1665 1675 1738 1775 1797 1825 1858 1873 1929 1982 1997 2016 2018 2042 2043
1305,c 1 c c c c ( c 1 ) C 1 = N [C@@H] ( [C@@H] ( O 1 ) C ) C ( = O ) O,11 45 84 106 158 195 214 247 327 378 387 389 395 462 499 507 511 529 545 575 593 650 656 686 707 722 736 750 807 809 835 848 974 999 1012 1019 1057 1074 1088 1101 1160 1199 1208 1309 1315 1380 1403 1431 1583 1605 1667 1705 1722 1726 1750 1870 1873 1890 1917 1959 1993 2041
1306,C N 1 C C C = C ( C 1 ) C C # C,19 33 80 96 164 184 207 213 218 242 256 268 288 320 345 362 397 423 437 488 542 550 593 602 619 653 674 691 713 763 804 868 915 926 935 974 976 1057 1063 1135 1145 1147 1194 1213 1367 1380 1432 1440 1453 1480 1512 1543 1641 1657 1687 1745 1754 1767 1781 1804 1873 1943 1946 1972 2003 2009
1307,C 1 C O C C N 1 C 2 = N C ( = O ) C ( = C 3 C 4 = C C = C C = C 4 N ( C 3 = O ) C C ( = O ) N C 5 = C C = C ( C = C 5 ) F ) S 2,14 41 45 80 90 128 148 183 191 216 256 262 299 308 314 352 369 378 407 456 523 588 620 650 656 675 699 729 799 807 811 825 843 868 879 883 901 922 926 927 935 947 950 978 984 1014 1041 1049 1074 1077 1085 1088 1094 1099 1152 1199 1248 1272 1284 1295 1312 1330 1338 1380 1405 1410 1419 1441 1480 1497 1529 1563 1567 1580 1584 1594 1601 1615 1642 1647 1656 1670 1699 1704 1735 1750 1766 1816 1853 1872 1873 1895 1917 1918 1921 1928 1931 1991 2044
1308,C C 1 = C C = C ( C = C 1 ) N 2 C ( = C ( N = N 2 ) C 3 = N C ( = N O 3 ) C 4 = C C = C C = C 4 Cl ) C,84 139 143 161 186 233 235 248 300 304 308 318 323 335 352 366 375 378 515 525 552 560 561 563 656 682 785 801 882 903 935 974 984 1000 1047 1057 1088 1117 1159 1164 1167 1178 1199 1272 1289 1313 1332 1356 1362 1370 1380 1385 1390 1440 1482 1507 1542 1563 1583 1601 1632 1683 1691 1713 1722 1750 1766 1783 1823 1825 1852 1855 1873 1908 1910 1914 1920 1962 2021 2026
1309,C N ( C ) C 1 = C C = C ( C = C 1 ) C = C ( C ( = O ) N N = C C 2 = C C = C C = C 2 O C ( = O ) C 3 = C C 4 = C ( C = C 3 ) O C O 4 ) N C ( = O ) C 5 = C C = C C = C 5,7 18 25 97 145 185 201 212 244 271 274 276 283 310 318 353 356 370 371 376 389 405 416 423 441 459 465 469 486 569 646 650 654 656 694 695 702 708 725 737 738 807 851 864 875 881 924 926 930 960 961 974 989 994 1035 1054 1056 1057 1088 1089 1096 1118 1119 1138 1152 1163 1199 1210 1244 1294 1349 1352 1379 1380 1385 1387 1410 1411 1473 1526 1550 1587 1647 1665 1697 1700 1729 1746 1750 1783 1800 1801 1811 1814 1831 1833 1863 1867 1872 1873 1890 1905 1917 1921 1931 1970 1985 2022 2033 2043
1310,C O C 1 = C C = C C = C 1 C N / N = C / C 2 = C C ( = C ( C ( = C 2 ) Cl ) O C C # C ) O C,33 80 87 96 122 161 174 178 206 243 249 255 263 275 309 333 366 461 489 491 505 506 522 550 561 566 674 694 695 707 723 725 729 774 841 864 869 875 893 915 926 974 1057 1068 1088 1123 1127 1138 1152 1199 1241 1245 1272 1281 1322 1328 1349 1380 1384 1395 1403 1410 1435 1452 1480 1530 1535 1536 1560 1581 1597 1623 1626 1661 1683 1698 1741 1750 1828 1867 1873 1883 1890 1892 1893 1918 1970 2033 2034 2045
1311,C [C@H] ( C ( = O ) N [C@@H] ( C C ( C ) C ) C ( = O ) O C ( C ) ( C ) C ) N C ( = O ) [C@@H] ( C C 1 = C C = C C = C 1 ) N C ( = O ) C O C 2 = C C = C C = C 2,1 21 41 79 80 102 114 116 117 147 156 192 231 254 283 322 389 392 419 422 465 517 518 530 562 573 650 651 671 680 685 688 695 736 759 807 820 857 875 924 946 989 1000 1004 1057 1066 1088 1096 1110 1143 1152 1182 1194 1199 1337 1380 1452 1482 1520 1524 1562 1574 1603 1613 1616 1623 1663 1691 1711 1750 1754 1815 1829 1847 1859 1873 1887 1893 1917 1931 1981 1983 2004 2006 2016 2033
1312,C C 1 = C ( C = C ( O 1 ) C S C 2 = N N = C ( N 2 C C C 3 = C C = C C = C 3 ) C 4 = C C = C C = C 4 F ) C ( = O ) O C,10 29 41 80 105 116 145 250 260 262 325 341 352 378 389 423 451 455 530 555 565 650 654 656 659 673 695 699 747 762 789 791 802 807 835 841 857 866 875 886 900 906 935 936 961 975 984 1016 1032 1037 1045 1054 1057 1065 1066 1088 1115 1139 1145 1150 1152 1164 1174 1190 1199 1210 1243 1283 1285 1298 1347 1380 1390 1401 1425 1437 1449 1500 1508 1604 1622 1637 1655 1671 1722 1750 1754 1783 1798 1839 1840 1853 1873 1878 1917 1928 1934 1991 2036 2038
1313,C C 1 = C C ( = C 2 C = C C = C ( C 2 = N 1 ) Br ) N 3 C C N C C 3,1 10 57 71 100 144 231 234 305 308 323 336 354 369 378 407 419 534 547 550 598 612 708 728 777 785 804 816 833 846 875 926 935 1023 1039 1052 1057 1068 1072 1088 1114 1141 1177 1270 1295 1308 1357 1380 1416 1480 1516 1520 1525 1529 1573 1578 1590 1607 1615 1617 1631 1672 1722 1724 1731 1750 1759 1765 1768 1855 1873 1886 1905 2020 2041
1314,C 1 C C C ( C C 1 ) C 2 = C C O C 2 = O,2 48 137 242 283 304 314 324 336 436 441 485 492 515 558 571 597 619 636 639 650 656 680 718 734 775 855 890 900 926 980 1019 1023 1028 1046 1058 1086 1088 1138 1185 1211 1242 1258 1271 1296 1301 1316 1325 1357 1380 1448 1484 1514 1545 1663 1680 1712 1737 1781 1822 1855 1873 1877 1903 1935 1943 2000 2013 2035
1315,C C O C ( = O ) C 1 = C ( N C ( = C 1 ) C ( C C ( = O ) C 2 = C C = C ( C = C 2 ) Cl ) C ( = O ) O ) C,1 20 80 111 145 147 158 188 216 241 294 296 301 306 330 389 402 455 476 554 561 571 607 650 680 692 695 758 759 803 807 816 858 875 878 882 906 933 954 961 1009 1057 1062 1070 1111 1114 1117 1234 1238 1290 1294 1296 1341 1354 1370 1380 1385 1394 1431 1512 1568 1618 1641 1671 1672 1673 1683 1693 1697 1722 1745 1750 1751 1780 1788 1802 1814 1819 1844 1853 1863 1873 1886 1917 1968 1991 1992
1316,N ( [C@H] ( C ( = O ) N [C@H] ( C ( = O ) N ) C C C C N C ( = O ) C ) C C C C N C ( = S ) N C C ( = O ) O ) C ( = O ) [C@@H] ( N C ( = O ) C ) C C C C N C ( = O ) C,1 2 80 97 110 117 130 140 150 197 201 225 242 245 339 341 385 389 390 428 466 479 573 592 609 612 649 650 667 731 736 739 764 798 807 823 877 881 962 966 1015 1017 1026 1057 1075 1092 1110 1130 1152 1171 1212 1236 1242 1244 1283 1324 1348 1393 1428 1436 1440 1447 1500 1552 1581 1618 1642 1690 1737 1757 1837 1844 1860 1864 1876 1887 1911 1917 1989 2016 2018 2026 2031
1317,N 1 ( C ( = O ) c 2 c ( C 1 = O ) c c c c 2 ) C N ( C C C # N ) C C C,31 38 54 80 89 102 161 212 240 244 251 275 286 294 314 340 352 413 534 542 588 642 650 674 727 734 758 785 790 794 879 881 895 935 962 984 999 1039 1057 1061 1064 1088 1089 1130 1199 1243 1314 1380 1384 1437 1449 1487 1642 1749 1750 1761 1798 1873 1911 1920 1949 1951 1973 1983 2000
1318,C O C 1 = C C ( = C C ( = C 1 O ) [C@@H] 2 [C@H] 3 [C@@H] ( C [C@@H] 4 C 2 = C C [C@H] 5 [C@@H] 4 C ( = O ) N ( C 5 = O ) C 6 = C C = C C ( = C 6 ) C ( = O ) O ) C ( = O ) N ( C 3 = O ) C 7 = C C = C C ( = C 7 ) C ( = O ) O ) Br,5 19 36 37 58 129 168 202 221 227 249 284 295 314 319 352 389 398 403 410 455 456 509 532 579 598 600 609 650 693 695 728 748 807 841 868 875 895 909 911 917 926 935 944 945 952 981 1013 1019 1021 1026 1027 1039 1049 1057 1088 1126 1138 1233 1249 1280 1285 1292 1306 1337 1362 1372 1380 1385 1406 1418 1423 1428 1441 1453 1457 1536 1552 1564 1574 1602 1614 1615 1631 1686 1727 1750 1781 1782 1803 1825 1873 1917 1932 1970 1975 1985 1993 2021
1319,C C ( C N 1 C ( = O ) C ( = C C ( = N 1 ) C 2 = C C = N C = C 2 ) C ( = O ) N ) O,1 34 80 140 157 158 220 227 239 267 278 283 309 314 374 378 383 500 504 552 643 650 652 653 672 732 736 793 799 802 807 861 866 875 900 909 913 935 977 980 1022 1034 1055 1057 1134 1141 1160 1171 1203 1208 1235 1253 1269 1288 1293 1323 1349 1360 1376 1380 1383 1391 1405 1416 1460 1560 1603 1730 1742 1750 1770 1778 1840 1856 1866 1873 1917 1922 1949 1956 1971 1991 1996 2001 2008 2018
1320,C C C C C C C C C C ( = O ) O C C ( C O [C@H] 1 [C@@H] ( [C@H] ( [C@H] ( [C@H] ( O 1 ) C O ) O ) O ) O ) O C ( = O ) C C C C C C C C C,1 29 51 69 80 104 118 122 125 146 147 170 222 294 331 387 401 421 475 489 529 547 558 561 570 577 591 610 650 656 677 679 695 729 763 794 807 823 832 882 896 920 923 951 991 1019 1037 1039 1051 1057 1130 1143 1163 1176 1178 1218 1224 1234 1257 1267 1323 1346 1384 1385 1386 1392 1399 1427 1428 1441 1444 1461 1479 1487 1516 1545 1564 1619 1659 1764 1767 1816 1844 1874 1911 1917 1921 1935 1939 1977
1321,C N ( C 1 = N C 2 = C C = C C = C 2 S 1 ) C ( = O ) C 3 = C C 4 = C ( C = C 3 ) N ( C C C 4 ) S ( = O ) ( = O ) C,14 34 54 74 119 162 190 245 289 304 350 378 428 433 461 506 549 556 557 616 630 650 675 692 715 742 785 789 796 799 807 821 843 875 881 885 897 926 935 964 966 980 1011 1027 1028 1051 1057 1088 1097 1101 1117 1120 1138 1163 1167 1189 1199 1221 1236 1243 1247 1250 1262 1268 1287 1295 1377 1380 1384 1385 1415 1424 1476 1480 1537 1584 1588 1590 1689 1695 1697 1738 1750 1752 1755 1760 1832 1855 1873 1915 1917 1934 1984 2033 2046
1322,C S C 1 = C C = C ( C = C 1 ) / C = C \ 2 / C ( = O ) O C ( = N 2 ) / C = C / C 3 = C ( C = C ( C = C 3 ) Cl ) Cl,25 50 65 67 71 95 107 116 121 165 170 199 216 234 276 278 281 299 307 309 311 312 314 326 366 378 394 406 561 609 649 650 656 658 684 694 707 708 716 738 764 770 790 811 816 835 846 875 908 927 961 1044 1057 1072 1086 1088 1097 1112 1209 1245 1255 1256 1268 1275 1289 1318 1380 1392 1420 1424 1448 1465 1513 1603 1617 1621 1624 1654 1658 1683 1685 1723 1750 1756 1759 1771 1773 1810 1846 1867 1873 1977 1992 1996 2032 2033 2038
1323,C C C 1 = C C = C ( C = C 1 ) O C C N 2 C 3 = C C = C C = C 3 N = C 2 C C C N C ( = O ) C 4 C C C C C 4,2 13 45 67 74 80 93 97 102 145 197 221 289 294 310 318 322 357 358 360 378 386 461 463 465 510 515 561 582 604 650 667 680 689 695 699 718 762 781 799 802 807 832 844 850 853 878 885 886 890 926 935 954 974 994 1019 1028 1034 1057 1088 1097 1121 1145 1152 1187 1190 1199 1243 1275 1285 1289 1294 1325 1379 1380 1452 1577 1625 1660 1673 1677 1750 1754 1799 1832 1838 1842 1854 1855 1873 1876 1911 1912 1917 1932 1948 1960 2026 2044
1324,C C 1 = C C ( = C ( C = C 1 ) C ( C # N ) ( C ( = O ) C C O C 2 = N C = C ( C = C 2 ) C ( F ) ( F ) F ) O C 3 = C C = C C = C 3 [N+] ( = O ) [O-] ) Cl,13 29 75 80 83 114 139 164 180 182 235 280 311 338 354 366 378 405 407 419 450 531 533 548 558 561 595 623 650 673 674 692 695 715 716 734 741 753 768 790 807 809 816 838 875 887 909 921 965 1013 1046 1057 1068 1088 1097 1104 1172 1195 1199 1209 1260 1281 1312 1328 1366 1374 1380 1384 1410 1417 1452 1453 1503 1507 1518 1535 1564 1570 1643 1652 1660 1665 1683 1703 1705 1722 1726 1730 1736 1750 1821 1823 1873 1917 1928 1938 1963 1970 2001 2046
1325,c 1 c ( c c 2 c ( c 1 ) c ( c c n 2 ) N 1 C C N ( C C 1 ) C N 1 C ( = O ) C ( = O ) c 2 c 1 c c c c 2 Br ) C ( F ) ( F ) F,42 57 74 80 114 146 149 156 160 183 194 231 314 321 369 378 407 483 521 582 588 649 650 652 673 674 721 728 787 791 802 809 833 836 842 849 854 859 867 875 879 896 898 925 926 935 983 1039 1088 1097 1121 1143 1145 1183 1185 1260 1279 1282 1283 1295 1312 1323 1357 1362 1366 1380 1399 1413 1417 1452 1453 1476 1480 1506 1508 1522 1561 1631 1637 1647 1655 1665 1675 1688 1720 1733 1738 1747 1750 1767 1791 1866 1873 1928 1944 1946 1986
1326,C O C 1 = C C = C C ( = C 1 ) C 2 C C C N ( C 2 ) C ( = O ) C ( C 3 = C C = C C = C 3 ) O C,1 10 86 108 249 273 281 291 307 322 351 366 369 389 443 446 495 504 533 562 604 650 692 695 739 781 795 807 841 852 859 875 915 921 926 935 938 939 940 1019 1028 1039 1046 1057 1088 1183 1199 1212 1279 1290 1325 1351 1365 1380 1392 1480 1536 1562 1581 1663 1741 1750 1821 1848 1854 1873 1877 1894 1896 1917 1925 1927 1943 1972 1977 1995 2000 2009
1327,C C [C@H] ( C ) [C@H] ( C O ) N 1 C ( C 2 3 C C ( [C@@H] ( S 2 ) [C@@H] ( [C@H] 3 C 1 = O ) C ( = O ) N C 4 = C C = C ( C = C 4 ) O C C ) Br ) C ( = O ) N C 5 C C C C C 5,1 2 5 69 80 102 144 166 191 222 225 237 263 283 289 294 314 322 335 382 387 400 428 482 558 650 673 675 679 685 689 695 718 728 746 750 759 763 787 790 795 803 807 843 890 926 935 959 961 963 969 1013 1019 1028 1038 1046 1057 1058 1060 1077 1078 1128 1136 1152 1153 1173 1181 1188 1218 1234 1235 1238 1269 1325 1380 1399 1420 1437 1452 1455 1459 1467 1483 1486 1489 1544 1549 1613 1634 1635 1650 1655 1663 1719 1735 1750 1785 1816 1822 1858 1873 1917 1919 1928 1929 1936 1940 1992 2033
1328,C 1 = C C = C ( C = C 1 ) O C C C S C C O,13 26 49 80 85 102 116 149 222 246 258 275 322 336 349 360 389 396 473 496 497 562 574 587 643 686 695 703 807 876 895 926 951 953 1011 1034 1036 1088 1129 1141 1143 1154 1182 1199 1380 1403 1452 1513 1536 1578 1695 1750 1787 1873 1911 1914 1920 1954 1990 2046 2047
1329,C C N ( C C ) C C ( C 1 = C C 2 = C C = C C = C 2 C 3 = C C = C C = C 3 1 ) O,1 45 62 80 89 96 118 137 227 237 251 272 277 291 294 433 438 473 514 521 548 560 571 582 597 641 642 708 745 756 794 807 833 836 861 870 875 881 932 945 971 1048 1049 1057 1087 1088 1099 1109 1111 1118 1199 1207 1283 1288 1357 1362 1380 1422 1424 1507 1513 1573 1608 1644 1699 1721 1750 1809 1849 1855 1860 1873 1879 1901 1980 1981 1989 2001 2027 2038
1330,C 1 C N ( C 2 = C 1 C = C ( C = C 2 ) C ( = O ) O ) C ( = O ) C C C 3 = C C = C O 3,5 80 86 94 181 233 235 246 282 294 337 389 433 456 467 474 497 601 626 643 650 656 673 693 729 753 778 782 787 807 860 861 875 926 935 1009 1017 1057 1088 1096 1113 1137 1138 1141 1198 1233 1236 1243 1249 1294 1295 1322 1350 1357 1380 1384 1385 1387 1396 1401 1415 1439 1466 1480 1518 1561 1564 1583 1610 1697 1738 1750 1866 1873 1874 1876 1888 1915 1917 1921 1926 1934 1976
1331,C C ( C ) ( C ) C 1 C C C ( C C 1 ) C ( = O ) O C C ( = O ) N C 2 = C C 3 = C ( C = C 2 ) O C C O 3,37 41 61 70 80 114 127 147 167 184 191 194 200 255 264 319 330 392 410 432 441 446 461 506 534 540 549 643 650 656 695 738 741 780 807 832 843 875 878 884 887 898 901 926 940 950 974 1006 1019 1035 1057 1077 1096 1152 1199 1213 1226 1254 1325 1380 1414 1499 1508 1525 1529 1534 1552 1612 1618 1647 1686 1750 1816 1819 1860 1871 1873 1905 1917 1963 1968 1973 2004 2008 2022 2031
1332,C C O [C@H] ( C C / C = C / C ( = O ) N O ) [C@@H] ( C 1 = C C ( = C ( C = C 1 ) O C ) O ) O C ( = O ) N C 2 = C C = C C = C 2,1 7 13 31 36 40 69 80 94 138 145 191 233 246 249 263 273 294 316 324 328 384 388 389 401 464 580 614 650 668 686 694 695 703 712 713 738 739 760 789 807 841 875 878 885 923 1025 1044 1057 1077 1088 1141 1147 1152 1154 1181 1199 1213 1221 1238 1241 1257 1265 1271 1301 1356 1365 1380 1387 1424 1437 1461 1470 1511 1536 1560 1601 1602 1607 1631 1633 1644 1656 1660 1661 1703 1750 1758 1784 1786 1788 1816 1853 1873 1900 1917 1918 1966 1970 1996 1998 2000 2008 2011 2015 2034
1333,C C C C N ( C C ( = O ) N 1 C C C 2 = C ( C 1 C 3 = C C = C C = C 3 ) C = C S 2 ) C ( = O ) C 4 = C C = C ( C = C 4 ) Cl,12 14 42 80 112 174 187 189 199 216 229 238 242 294 332 343 348 389 402 410 445 463 483 495 554 561 587 591 621 650 651 675 705 777 784 794 807 816 828 846 881 919 926 928 935 965 971 978 986 1009 1019 1024 1027 1057 1070 1075 1088 1174 1190 1199 1221 1272 1279 1345 1380 1385 1427 1477 1480 1498 1512 1567 1634 1663 1683 1697 1738 1750 1836 1849 1873 1911 1916 1917 1926 1951 1978 2043
1334,C 1 C N ( C C N 1 C 2 = C C = C ( C = C 2 ) [N+] ( = O ) [O-] ) C ( = S ) C ( = O ) N,16 97 110 140 233 298 343 406 407 525 531 557 563 599 650 679 687 715 737 746 753 760 769 807 838 867 926 935 992 1002 1046 1102 1109 1146 1171 1195 1221 1252 1273 1274 1303 1329 1380 1397 1405 1422 1443 1469 1480 1485 1508 1567 1589 1750 1756 1795 1809 1814 1817 1825 1865 1873 1887 1910 1917 1924 1963 2009 2014 2042
1335,C 1 = C C 2 = C ( C = C C 3 = C 2 C ( = C 1 ) C ( = O ) N ( C 3 = O ) C 4 = C C = C ( C = C 4 ) [N+] ( = O ) [O-] ) [N+] ( = O ) [O-],47 56 71 75 225 233 245 265 274 314 321 352 354 407 445 463 490 496 540 558 650 651 680 699 715 716 737 753 769 807 838 879 893 904 923 935 949 983 984 986 1000 1039 1057 1088 1153 1176 1195 1200 1242 1274 1311 1348 1357 1380 1391 1399 1419 1440 1544 1573 1638 1686 1707 1750 1755 1809 1811 1814 1825 1846 1873 1936 1946 1963 1976 1984 2039 2044
1336,C 1 C [C@H] ( N ( C 1 ) C ( = O ) [C@H] ( C O ) N ) C ( = O ) N [C@@H] ( C C 2 = C N = C N 2 ) C ( = O ) N [C@@H] ( C C C C N ) C ( = O ) N [C@@H] ( C C 3 = C N = C N 3 ) C ( = O ) O,1 5 21 51 74 79 80 94 108 117 143 188 193 222 242 254 354 378 389 430 441 444 446 482 488 531 570 573 585 604 610 624 650 689 713 736 739 786 787 806 807 831 837 851 892 897 926 935 963 971 973 981 1019 1022 1028 1046 1082 1083 1110 1114 1152 1171 1179 1233 1268 1275 1283 1325 1346 1380 1389 1393 1426 1465 1480 1491 1517 1535 1568 1570 1576 1592 1599 1603 1615 1616 1618 1624 1672 1676 1679 1698 1744 1747 1785 1816 1840 1844 1849 1873 1891 1911 1917 1930 1936 1942 2016
1337,C C C ( = O ) C C [C@H] 1 [C@@H] 2 C C [C@H] ( [C@@] 2 ( C C ( C 1 = O ) C 3 = C C = C ( C = C 3 ) N ( C ) C ) C ) O [Si] ( C ) ( C ) C ( C ) ( C ) C,30 80 86 100 114 116 121 139 142 208 249 273 294 314 315 316 378 392 433 451 465 507 519 559 562 598 608 609 611 632 638 650 654 656 679 685 695 737 807 832 881 898 912 926 944 960 990 1012 1019 1052 1057 1060 1064 1096 1101 1114 1121 1163 1216 1251 1274 1279 1325 1367 1379 1380 1397 1410 1432 1443 1477 1549 1554 1564 1578 1618 1635 1642 1678 1700 1750 1753 1766 1785 1790 1800 1803 1809 1819 1873 1892 1917 1948 1985 2010 2025 2042
1338,C 1 = C C = N C ( = C 1 ) C ( = O ) N N C ( = O ) C 2 = C C = C ( C = C 2 ) N C ( = O ) C 3 = C C = C ( O 3 ) Br,33 57 80 105 120 125 191 241 255 273 299 304 310 317 322 327 334 345 354 357 369 374 377 378 405 448 458 459 471 486 538 552 562 574 579 650 656 674 701 728 745 752 784 802 807 835 837 843 855 942 985 1041 1073 1075 1076 1077 1088 1108 1122 1152 1155 1199 1241 1245 1247 1258 1303 1321 1380 1385 1452 1465 1466 1483 1526 1548 1604 1631 1665 1683 1685 1697 1750 1751 1753 1754 1809 1811 1816 1839 1866 1873 1917 1978 1999 2000
1339,C C N 1 C = C ( C = C 1 C ( = O ) N C 2 ( C C C C 2 ) C ( = O ) O ) Br,9 34 74 80 97 120 137 139 143 169 184 213 294 335 344 389 410 429 430 442 464 486 488 558 560 650 676 682 684 728 738 795 800 807 875 878 880 909 913 920 925 926 935 946 957 1028 1030 1035 1057 1060 1140 1146 1152 1162 1189 1205 1212 1235 1239 1286 1317 1327 1354 1380 1381 1449 1453 1455 1494 1512 1560 1570 1631 1638 1670 1696 1741 1743 1746 1749 1758 1765 1793 1873 1917 1921 1927 1931 1958 2001 2012 2039 2042
1340,S ( = O ) ( = O ) ( N 1 C C N ( C C 1 ) C C N C ( = O ) C ( = O ) N C ) c 1 c c 2 c ( c c 1 ) c c c c 2,41 57 74 80 97 130 145 192 197 203 257 268 293 302 309 319 322 345 350 358 366 388 412 421 447 534 555 568 585 586 598 650 667 673 679 684 714 715 757 767 800 807 812 875 923 926 933 935 966 1033 1057 1063 1064 1087 1088 1138 1145 1152 1161 1199 1210 1230 1256 1278 1380 1396 1411 1426 1430 1431 1459 1471 1476 1480 1482 1507 1599 1606 1621 1650 1672 1709 1729 1750 1752 1770 1791 1793 1822 1855 1873 1917 1942 1985 1989 2019
1341,C 1 = C C = C ( C = C 1 ) C ( = O ) N C 2 = N N = C ( S 2 ) C ( = C C 3 = C C = C ( O 3 ) C 4 = C ( C = C ( C = C 4 ) [N+] ( = O ) [O-] ) Br ) C # N,22 46 73 113 121 144 162 223 270 352 378 385 389 404 453 483 486 497 518 522 546 553 612 624 650 656 674 675 679 680 694 696 710 715 727 728 744 753 775 790 803 807 833 838 875 890 921 1023 1056 1063 1088 1113 1152 1164 1195 1199 1274 1282 1290 1300 1318 1354 1366 1380 1384 1385 1462 1515 1521 1545 1555 1562 1572 1585 1604 1631 1657 1665 1666 1701 1705 1707 1717 1746 1750 1758 1764 1788 1794 1795 1809 1814 1816 1820 1867 1873 1882 1898 1917 1919 1937 1940 1963 1985 2027
1342,C 1 = C C ( = C ( C ( = C 1 ) Br ) O C C O ) Br,13 57 70 80 130 177 182 196 200 222 333 341 424 426 473 548 552 678 695 706 715 728 747 807 809 816 833 996 1037 1039 1085 1088 1131 1138 1160 1223 1306 1352 1369 1380 1382 1452 1519 1553 1596 1619 1631 1683 1689 1734 1750 1785 1789 1873 1892 1961 2003
1343,C C ( C ) ( C O ) S C 1 C C ( = O ) N 1,47 80 114 115 116 221 222 231 236 301 314 392 416 533 539 585 601 650 678 687 791 807 852 883 926 929 933 951 981 1015 1019 1035 1054 1057 1075 1096 1114 1138 1162 1196 1237 1281 1301 1310 1344 1380 1387 1402 1433 1501 1575 1622 1623 1636 1641 1654 1719 1787 1820 1839 1840 1873 1908 1934 1940 1965 1980 1994
1344,C [C@H] 1 C C C C N 1 [C@H] 2 C C N ( C 2 ) C 3 = C C ( = C ( C = C 3 ) N 4 C C C 5 ( C 4 = O ) C C N ( C C 5 ) C ( = O ) C 6 C C C C 6 ) C ( F ) ( F ) F,5 20 41 53 93 114 142 150 159 173 226 233 246 255 262 314 335 339 369 407 419 439 454 462 496 550 553 607 650 719 734 739 751 777 807 809 847 875 877 890 926 935 974 990 1019 1028 1056 1057 1060 1077 1111 1114 1121 1159 1162 1172 1212 1263 1266 1295 1297 1309 1325 1380 1424 1427 1453 1457 1460 1480 1535 1569 1638 1726 1750 1784 1811 1825 1830 1834 1873 1910 1915 1917 1928 1968 1972 1980 1981 1989 1998 2009 2011
1345,C O C C N ( C C 1 = N N = C ( O 1 ) C 2 = C C = C S 2 ) C C ( = O ) N 3 C C C C ( C 3 ) C 4 = N C 5 = C C = C C = C 5 S 4,13 14 60 61 62 80 99 162 195 206 230 233 239 241 246 251 274 289 327 369 378 383 437 442 444 446 461 466 486 504 507 512 516 535 544 557 620 637 638 650 656 675 678 695 739 767 772 807 810 840 841 881 885 890 917 925 926 935 976 980 1005 1009 1019 1028 1042 1047 1057 1085 1088 1097 1150 1164 1169 1179 1190 1196 1199 1201 1205 1318 1325 1342 1345 1380 1384 1410 1435 1451 1471 1480 1564 1567 1578 1604 1679 1734 1750 1787 1815 1834 1850 1855 1865 1873 1898 1917 1920 1943 1951 1953 1955 2000 2009 2024
1346,c 1 ( n c ( c c 2 c 1 c c n c 2 ) c 1 c c ( n c c 1 ) N C 1 C C C C C 1 ) N 1 C C N ( C 2 C C 2 ) C C 1,2 17 99 130 277 338 378 407 428 440 491 503 542 550 552 558 592 659 671 691 714 729 787 796 805 806 875 890 903 916 926 935 980 987 993 1012 1019 1028 1099 1138 1143 1152 1160 1208 1259 1314 1323 1325 1355 1357 1358 1380 1452 1472 1480 1508 1535 1586 1589 1603 1624 1634 1643 1648 1682 1736 1747 1750 1757 1849 1850 1854 1855 1856 1864 1866 1873 1910 1913 1919 1979 1983 2021 2027 2044
1347,C 1 C 2 ( C C 1 ( C 2 ) [N+] ( = O ) [O-] ) [N+] ( = O ) [O-],17 121 246 367 396 400 404 405 455 472 479 492 518 614 650 675 715 753 776 838 926 970 998 1038 1060 1094 1127 1132 1187 1270 1431 1459 1668 1679 1714 1718 1741 1769 1781 1814 1847 1919 1921 1961 1963 2011
1348,C 1 = C C = C 2 C ( = C 1 ) N 3 C ( = C ( C ( = C 3 S 2 ) C = O ) C 4 = C C = C ( C = C 4 ) Cl ) C = O,23 45 73 82 162 216 225 254 275 283 292 350 423 427 430 459 461 464 472 502 527 548 561 598 611 621 624 627 628 639 650 675 678 694 734 816 885 896 897 935 970 1004 1022 1038 1063 1070 1079 1088 1123 1160 1161 1199 1203 1211 1229 1285 1288 1325 1330 1353 1380 1409 1457 1527 1529 1546 1571 1587 1683 1747 1750 1787 1802 1809 1836 1873 1877 1895 1927 1967 1978 1989 2032
1349,C 1 C C C ( C 1 ) N C ( = O ) / C = C \ C ( = O ) O,9 23 31 67 108 115 136 216 287 293 304 381 387 388 389 410 428 536 551 623 632 633 650 653 669 694 727 761 776 807 829 890 892 926 947 976 994 1019 1028 1085 1100 1111 1152 1181 1245 1276 1286 1315 1325 1359 1368 1424 1481 1532 1579 1605 1611 1634 1655 1694 1695 1724 1817 1861 1917 1963 1971 2030
1350,C C 1 = C ( S C 2 = C 1 C ( = O ) N ( C = N 2 ) C C ( = O ) N C C C C ( = O ) N C C 3 = C C = C C = C 3 O C ) C,11 28 41 56 80 97 125 151 162 193 197 208 224 249 252 255 272 313 314 333 370 378 454 486 504 511 522 524 539 558 573 597 622 635 650 667 668 671 675 684 695 724 807 818 820 828 832 841 870 893 901 932 935 1018 1024 1048 1057 1063 1088 1146 1147 1152 1175 1199 1206 1212 1222 1312 1349 1361 1375 1376 1380 1410 1424 1438 1440 1452 1455 1534 1536 1564 1569 1589 1597 1623 1661 1718 1722 1750 1755 1841 1842 1846 1873 1876 1886 1887 1911 1917 1939 1970 1984 2013 2028
1351,C C O C 1 = C ( C = C ( C = C 1 ) C N 2 C = C ( C = N 2 ) N C ( = O ) C 3 = C 4 N = C ( C = C ( N 4 N = C 3 ) C ( F ) ( F ) F ) C 5 = C C = C ( C = C 5 ) O C ) O C C,43 80 94 114 128 191 237 276 279 282 285 294 310 322 378 403 411 412 425 464 482 483 486 512 579 622 645 650 670 695 701 718 729 744 747 781 783 788 807 809 831 837 841 847 875 896 915 916 926 929 935 980 992 1023 1027 1057 1068 1152 1160 1178 1182 1210 1221 1238 1380 1448 1450 1452 1453 1510 1535 1536 1589 1592 1646 1656 1669 1672 1682 1696 1706 1735 1750 1753 1754 1765 1778 1815 1816 1855 1860 1864 1873 1876 1887 1909 1911 1917 1928 1940 1950 1955 1970 1971 1978 1980 1991 2017
1352,C C C ( = O ) O C 1 C S C C 1 C ( = O ) O,3 60 80 95 106 209 235 285 294 361 386 387 389 484 512 590 633 637 650 675 693 695 719 741 760 789 798 807 835 839 870 882 883 898 914 921 926 933 1002 1019 1023 1042 1057 1120 1126 1138 1202 1214 1218 1374 1386 1431 1437 1521 1594 1633 1638 1669 1728 1773 1828 1858 1917 1936 1958 2009 2011 2024
1353,C S C C C ( C 1 = N C 2 = C C = C C = C 2 N 1 ) N C ( = O ) C S C 3 = C C 4 = C ( C = C 3 ) O C C O 4,1 11 20 35 41 45 61 80 94 99 106 116 117 119 212 246 255 281 289 291 294 341 343 378 394 403 441 469 475 491 535 570 594 632 650 656 671 683 689 734 738 739 767 807 811 817 858 875 895 900 919 926 950 964 983 1035 1057 1088 1097 1107 1114 1152 1175 1177 1182 1199 1255 1323 1380 1404 1445 1486 1506 1529 1558 1647 1745 1750 1756 1783 1808 1855 1860 1873 1881 1888 1904 1905 1917 1938 1942 1959 1976 2005 2032
1354,C C N ( C C 1 = C C = C ( S 1 ) Br ) C C ( C O C C 2 = C C ( = C ( C = C 2 ) O C ) O C ) O,1 39 49 80 89 94 113 118 120 127 140 149 162 184 212 227 249 251 268 272 276 279 294 310 381 450 453 488 504 507 508 535 625 656 675 695 701 704 726 728 745 772 794 799 807 840 841 843 870 875 881 912 932 937 943 945 957 966 981 1016 1027 1057 1059 1103 1158 1174 1238 1245 1256 1292 1338 1380 1459 1478 1512 1536 1538 1539 1594 1623 1626 1631 1654 1736 1741 1750 1754 1801 1860 1873 1894 1970 1981 1989 1992 2012 2038
1355,C C O C ( = O ) C 1 C C N ( C C 1 ) C C 2 = C C = C ( C = C 2 ) [C@H] ( C 3 = C C = C ( C = C 3 ) Cl ) N 4 C C ( = C ( C 5 = C C ( = C C ( = C 5 ) F ) F ) S ( = O ) ( = O ) C ) C 4,1 4 15 62 80 105 147 150 196 209 216 242 264 293 294 297 310 343 350 364 389 416 435 461 470 534 560 561 577 650 677 687 692 695 699 767 784 807 812 816 851 857 875 926 935 974 1019 1021 1035 1057 1070 1085 1114 1124 1171 1184 1238 1261 1265 1306 1321 1325 1342 1365 1380 1385 1441 1467 1476 1479 1480 1484 1537 1540 1670 1683 1693 1722 1740 1750 1754 1765 1771 1788 1791 1792 1825 1837 1853 1873 1917 1928 1937 1946 1968 1997 2016 2021
1356,Br c 1 c c c ( N = N C 2 = C ( O C ( O C 2 = O ) ( C ) C ) O ) c c 1,5 78 102 202 308 314 321 329 359 368 379 399 405 432 443 503 510 519 588 593 615 638 648 650 656 672 688 725 728 772 782 807 874 906 909 931 974 1023 1057 1060 1088 1094 1120 1157 1241 1264 1274 1282 1294 1337 1364 1380 1393 1419 1450 1527 1569 1583 1595 1602 1631 1649 1680 1750 1787 1831 1842 1854 1855 1873 1887 1895 1900 1910 1920 1924 1975 1994 2005 2006
1357,C O C 1 = C ( C = C C ( = C 1 ) F ) C C O,51 80 96 136 177 222 249 277 279 298 335 354 385 445 451 473 497 577 580 662 695 698 699 722 731 807 819 841 865 875 876 955 999 1020 1029 1056 1057 1059 1107 1156 1158 1184 1204 1242 1243 1268 1310 1333 1337 1349 1380 1410 1427 1445 1487 1500 1536 1537 1543 1603 1615 1639 1657 1670 1697 1734 1741 1750 1783 1822 1873 1891 1928 1930 1970
1358,C 1 C C 1 C N 2 C C [C@] 3 4 [C@@H] 5 C ( = O ) C C [C@@] 3 ( [C@H] 2 C C 6 = C 4 C ( = C ( C = C 6 ) O ) O 5 ) O,21 29 80 214 225 231 248 251 283 292 298 305 311 314 327 370 389 456 473 482 537 579 583 649 650 656 682 684 743 750 778 794 806 807 853 869 889 892 902 908 926 935 946 959 1018 1019 1033 1039 1060 1104 1117 1154 1162 1174 1187 1209 1236 1288 1291 1294 1311 1325 1329 1335 1336 1378 1380 1452 1458 1466 1475 1480 1498 1580 1602 1607 1656 1671 1732 1738 1750 1760 1761 1808 1873 1980 1994 2001 2022
1359,C C C ( C ) ( C ) C P ( C ( = C ( C ) C ) C ( = C ) C ) C ( = C ( C ) C ) C ( = C ) C,12 45 57 65 80 114 120 121 123 187 198 206 214 247 255 294 295 320 392 412 425 504 509 564 587 651 789 795 807 823 845 881 946 1017 1022 1034 1057 1061 1085 1140 1168 1199 1224 1277 1299 1358 1366 1385 1453 1464 1484 1490 1621 1636 1640 1653 1681 1762 1782 1819 1869 1923 1949 2005 2013 2043 2047
1360,C 1 C N ( C C N 1 C C 2 = C C = C ( C = C 2 ) C ( = O ) N C C 3 = C C ( = C C = C 3 ) C ( F ) ( F ) F ) C 4 = C C = C C = C 4 F,8 11 74 80 114 144 168 197 231 255 265 310 407 430 442 450 466 468 486 534 565 571 650 686 691 699 702 706 713 783 784 807 809 813 875 926 935 956 958 1010 1032 1039 1066 1088 1104 1105 1150 1152 1199 1260 1295 1358 1368 1380 1385 1409 1417 1453 1480 1508 1522 1531 1573 1628 1643 1647 1665 1683 1697 1717 1750 1754 1765 1771 1774 1779 1781 1784 1791 1805 1840 1844 1852 1873 1917 1928 1930 1955 2017 2026
1361,C [Si] ( C ) ( C ) C 1 = C ( C = C ( C = C 1 ) Br ) F,43 56 104 234 334 378 418 441 559 656 670 671 697 699 726 728 741 745 766 774 779 811 848 875 891 909 930 957 986 1057 1074 1135 1157 1217 1308 1321 1376 1380 1419 1464 1472 1499 1531 1612 1631 1640 1649 1726 1750 1775 1840 1868 1873 1887 1908 1918 1922 1928 1976 2038
1362,C C ( C ) C N 1 C ( = N N = N 1 ) S C C ( = O ) O C,1 80 89 116 158 186 195 224 257 270 283 326 330 341 378 384 441 488 543 547 621 647 650 664 692 695 712 747 803 807 841 878 906 935 1057 1129 1152 1164 1178 1233 1242 1278 1319 1380 1386 1433 1451 1460 1485 1496 1533 1539 1560 1616 1669 1734 1742 1753 1755 1776 1783 1812 1847 1855 1874 1917 1922 1959 1983 2036
1363,C 1 C N ( C C C 1 N 2 C C O C C 2 ) S ( = O ) ( = O ) C 3 = C N = C N 3,5 23 48 55 104 124 190 275 300 350 366 374 376 378 386 440 506 523 554 558 585 604 609 650 654 656 683 693 698 713 715 800 806 839 847 855 915 926 929 935 950 973 989 1018 1019 1031 1091 1114 1207 1242 1252 1270 1317 1325 1380 1405 1440 1441 1476 1480 1521 1535 1603 1728 1738 1756 1776 1806 1835 1854 1862 1873 1887 1903 1910 1920 1942
1364,C C O C C N 1 C 2 = C ( C = C ( C = C 2 ) O C ) S C 1 = N C ( = O ) C C C S C 3 = C C = C ( C = C 3 ) C,13 30 45 80 116 162 235 237 294 322 341 370 379 382 439 485 493 502 558 650 653 675 681 695 718 725 745 781 790 802 806 807 811 812 837 841 867 875 885 892 935 977 983 1039 1057 1114 1145 1167 1182 1187 1213 1227 1238 1248 1255 1264 1322 1341 1380 1459 1536 1542 1564 1625 1646 1690 1703 1713 1715 1722 1749 1750 1765 1816 1823 1850 1854 1873 1903 1911 1917 1920 1921 1930 1943 1947 1972 1992 2021 2037
1365,C 1 = C C ( = C C = C 1 C 2 = C C 3 = C ( N = C N = C 3 O 2 ) N C 4 = C ( C = C ( C = C 4 ) Cl ) F ) N,73 87 121 134 165 170 176 194 216 254 272 289 352 355 378 381 398 454 459 470 489 491 561 606 638 656 660 699 708 757 764 794 816 818 833 865 875 888 896 936 1036 1041 1085 1152 1160 1168 1171 1224 1229 1237 1254 1341 1357 1367 1380 1422 1441 1452 1457 1458 1461 1473 1508 1604 1619 1621 1663 1683 1690 1750 1769 1771 1803 1804 1810 1813 1839 1840 1856 1873 1905 1915 1922 1928 2047
1366,C N ( C ) [C@@H] ( C C 1 = C C = C C = C 1 ) C N C ( = O ) C 2 = C C ( = C ( C = C 2 ) Cl ) N C ( = O ) C 3 = C C = C S 3,1 14 17 79 80 84 106 138 168 169 197 207 212 241 265 268 366 383 389 419 441 451 486 491 495 510 526 560 561 577 589 606 613 614 632 650 666 675 695 722 757 807 857 871 875 881 890 915 947 967 1004 1057 1066 1088 1101 1129 1152 1163 1173 1199 1224 1229 1241 1255 1259 1286 1287 1348 1370 1380 1385 1428 1567 1585 1597 1683 1685 1697 1722 1750 1754 1816 1820 1864 1873 1917 1989 2014
1367,C C 1 = C ( C 2 = C C = C C = C 2 C ( = C 1 ) Br ) N S ( = O ) ( = O ) C 3 = C C = C C = C 3,4 50 58 104 120 125 126 224 239 246 247 280 310 319 350 381 389 404 411 432 449 502 575 630 650 653 655 728 758 785 793 833 837 840 875 878 883 938 1052 1057 1074 1088 1110 1131 1148 1152 1165 1199 1213 1232 1250 1270 1339 1357 1380 1391 1433 1457 1459 1472 1476 1573 1630 1631 1722 1750 1849 1871 1873 1922 1968 2008 2041
1368,C C 1 = C C = C ( C = C 1 ) N C 2 = N C ( = N C ( = N 2 ) N ) C O C ( = O ) C 3 = C C = C C ( = C 3 C ) C,5 21 71 72 80 96 106 142 145 147 149 191 220 235 252 310 311 329 352 378 407 409 456 487 491 631 646 650 657 695 745 783 807 843 853 883 904 908 949 1039 1042 1050 1057 1088 1115 1134 1152 1171 1221 1236 1240 1254 1259 1271 1320 1380 1391 1398 1434 1447 1457 1486 1508 1524 1525 1582 1586 1593 1614 1637 1652 1663 1673 1722 1750 1755 1806 1823 1855 1866 1873 1876 1891 1910 1917 1920 1929 1962 1991 1999 2015
1369,C N ( C 1 = C ( C = C ( C = C 1 ) [N+] ( = O ) [O-] ) [N+] ( = O ) [O-] ) N = C C 2 = C C = C C = C 2 O,38 46 122 133 199 200 234 265 271 289 308 334 335 354 358 420 441 630 640 650 694 703 715 716 725 737 753 782 787 807 838 864 869 875 881 913 946 961 973 974 1034 1054 1057 1075 1086 1088 1097 1130 1163 1180 1193 1195 1199 1227 1274 1310 1377 1380 1425 1428 1437 1458 1459 1597 1602 1607 1609 1687 1750 1778 1809 1814 1830 1831 1850 1852 1853 1873 1940 1961 1963 2016 2018
1370,c 1 ( c 2 n ( c n 1 ) c 1 c ( C ( = N C 2 ) c 2 c ( Cl ) c c c c 2 ) c c c c 1 ) c 1 n c ( o n 1 ) C C C,64 80 91 101 124 135 222 227 248 294 301 302 307 323 342 352 366 378 390 431 461 561 564 566 618 620 624 656 658 684 690 704 724 731 756 780 794 802 815 851 881 882 894 917 926 931 932 935 962 974 979 984 1032 1057 1062 1088 1132 1137 1168 1177 1179 1199 1210 1243 1262 1295 1330 1349 1356 1380 1385 1387 1419 1422 1444 1452 1480 1536 1542 1545 1563 1619 1626 1643 1647 1667 1683 1691 1726 1750 1775 1855 1857 1873 1879 1896 1910 1914 2004
1371,C C 1 = C ( C ( = C C = C 1 ) C ) O C C ( C N 2 C 3 = C C = C C = C 3 N = C 2 C 4 C C 4 ) O,1 45 61 65 80 118 169 200 202 213 227 281 289 333 347 357 363 378 380 391 403 408 459 497 517 540 542 597 625 629 640 658 684 695 727 735 737 802 807 911 926 935 937 974 1019 1034 1036 1039 1057 1069 1088 1090 1097 1115 1137 1158 1199 1212 1228 1230 1256 1285 1311 1323 1325 1374 1380 1385 1391 1452 1476 1490 1565 1575 1598 1608 1650 1694 1697 1722 1750 1784 1816 1830 1855 1862 1870 1873 1894 1912 1922 1952 1967 1999 2000 2038
1372,C C ( O C C C 1 = C C = C ( C = C 1 ) [N+] ( = O ) [O-] ) O [C@@H] 2 [C@@H] ( [C@H] ( O [C@H] 2 N 3 C = C C ( = N C 3 = O ) N ) C O C ( = O ) C ) O,1 13 57 58 62 75 80 100 119 145 147 181 203 214 230 234 248 251 283 310 314 316 332 378 401 424 443 485 488 531 577 592 606 610 626 650 656 695 715 753 754 760 767 769 782 807 834 838 846 853 858 906 926 935 961 1017 1019 1023 1035 1045 1057 1101 1136 1161 1171 1176 1177 1189 1195 1243 1257 1274 1380 1397 1424 1429 1457 1487 1505 1516 1522 1593 1637 1642 1724 1750 1754 1782 1809 1814 1855 1857 1873 1874 1878 1887 1917 1921 1950 1963 1973 1983 2023 2024 2042
1373,C 1 C N ( C C C 1 O ) C 2 = C C = C ( C = C 2 ) S ( = O ) ( = O ) C ( F ) ( F ) F,20 77 114 217 231 233 238 319 335 336 350 407 431 512 588 590 650 652 687 702 715 735 760 769 806 807 841 892 926 935 973 1019 1033 1121 1177 1192 1213 1229 1257 1272 1274 1325 1340 1380 1381 1397 1405 1424 1453 1476 1480 1582 1613 1616 1630 1631 1750 1825 1831 1873 1891 1897 1928
1374,C 1 C O C C N 1 C C 2 = C C ( = C ( S 2 ) Cl ) Br,2 80 92 123 131 162 171 236 246 262 339 340 384 440 446 479 495 505 523 541 557 561 628 656 675 698 728 746 784 833 875 891 905 926 935 950 967 975 1050 1080 1087 1207 1284 1303 1310 1321 1332 1337 1360 1369 1380 1385 1405 1441 1468 1480 1523 1614 1616 1631 1676 1683 1765 1778 1791 1849 1852 1873 1904 1914 1974 2026 2038
1375,C N ( C C C 1 = C C = C C = N 1 ) [C@@H] 2 C C N ( C [C@H] 2 O ) C C 3 = C C = C ( O 3 ) C O C,72 80 142 152 153 154 157 172 234 250 378 420 448 457 511 531 541 560 577 601 607 656 695 704 724 726 739 745 777 781 807 841 844 849 881 893 904 926 927 934 935 944 955 977 978 982 1005 1019 1057 1077 1088 1091 1125 1141 1153 1155 1159 1163 1181 1199 1205 1240 1243 1257 1261 1263 1267 1291 1313 1325 1344 1362 1380 1385 1411 1452 1480 1528 1545 1558 1570 1588 1595 1604 1609 1614 1658 1708 1741 1750 1765 1791 1825 1866 1873 1934 1951 2007
1376,C O C O C ( C ( Cl ) ( Cl ) Cl ) O C,1 80 114 131 175 295 316 325 435 474 493 548 551 620 626 663 680 695 714 803 841 852 918 945 967 983 1005 1045 1054 1057 1105 1183 1206 1230 1308 1351 1436 1438 1457 1472 1518 1539 1543 1562 1655 1671 1681 1683 1771 1809 1902 1956 1991
1377,C N ( C C c 1 n o c ( n 1 ) C 1 C C 1 ) C ( = O ) C N 1 C ( = O ) C O c 2 c c c c c 1 2,17 24 33 69 80 116 130 149 224 248 256 314 318 334 375 378 380 388 422 441 467 558 584 588 590 599 609 650 656 682 708 720 728 740 751 798 807 819 881 883 926 935 958 1019 1048 1057 1088 1124 1145 1158 1159 1163 1199 1237 1238 1243 1249 1253 1295 1304 1312 1325 1341 1380 1385 1400 1451 1481 1542 1611 1621 1639 1647 1671 1697 1708 1735 1750 1769 1771 1821 1846 1847 1855 1873 1876 1900 1905 1917 1951 1954 2000
1378,C 1 C C C N ( C C C 1 ) C 2 C C C C 2,2 7 62 65 193 207 285 287 324 329 366 440 471 479 505 558 637 643 672 683 751 859 890 926 935 982 1019 1022 1028 1058 1115 1187 1223 1257 1322 1325 1346 1354 1379 1407 1420 1480 1520 1524 1616 1712 1854 1894 1910 1914 1993 1998 2029 2039 2043
1379,C N ( C C C 1 = C C ( = C C ( = C 1 ) C ( F ) ( F ) F ) C ( F ) ( F ) F ) C ( = O ) C ( C 2 = C C = C C = C 2 ) N 3 C C N ( C C 3 ) C C N,1 69 74 80 114 124 148 150 204 237 254 256 334 389 460 525 527 622 623 627 650 681 807 809 812 875 881 903 904 909 926 928 935 936 981 1037 1051 1057 1088 1119 1145 1158 1163 1171 1176 1199 1243 1260 1265 1295 1345 1365 1368 1380 1395 1417 1424 1430 1433 1435 1453 1480 1482 1489 1577 1581 1625 1627 1629 1641 1687 1690 1711 1716 1732 1750 1754 1761 1770 1786 1791 1836 1839 1840 1873 1885 1905 1914 1917 1928 1951 1991
1380,C C O C 1 = C C = C C = C 1 / C = N / N C ( = O ) C 2 = C C = C ( C = C 2 ) N 3 C = N N = N 3,9 39 80 118 130 140 177 186 201 202 233 237 262 268 281 294 318 357 378 425 441 470 486 550 551 570 585 600 623 650 694 695 711 725 738 797 807 818 845 864 908 917 924 932 935 943 961 966 987 1057 1065 1088 1108 1152 1157 1199 1226 1238 1354 1380 1385 1410 1452 1455 1518 1550 1665 1684 1697 1750 1783 1825 1833 1867 1873 1890 1917 1933 1970 1992 2000 2012 2014
1381,C 1 = C C ( = C C ( = C 1 ) N C ( = O ) C O C 2 = C C = C ( C = C 2 ) [N+] ( = O ) [O-] ) C ( = O ) N C 3 = C C ( = C C = C 3 ) Cl,0 41 80 102 120 127 165 167 184 191 192 195 197 216 250 302 322 377 451 486 504 526 561 592 608 631 650 663 693 695 703 715 718 723 753 768 769 771 807 838 848 861 875 887 901 1039 1077 1088 1121 1128 1152 1157 1181 1195 1218 1274 1365 1380 1385 1451 1452 1485 1500 1509 1513 1642 1645 1672 1673 1683 1742 1750 1763 1795 1809 1812 1814 1816 1873 1887 1910 1917 1927 1946 1953 1963 1978 1985 2004
1382,C C C 1 = C C 2 = C ( C ( = C N = C 2 C = C 1 ) C ( = O ) O C C ) Br,16 80 111 114 117 138 145 147 159 165 168 177 216 294 310 374 378 390 500 518 604 629 643 650 693 695 725 728 743 759 765 807 818 875 952 960 961 1057 1079 1097 1149 1168 1211 1220 1238 1278 1357 1368 1379 1380 1401 1422 1424 1452 1456 1458 1529 1535 1539 1550 1573 1631 1667 1673 1700 1706 1713 1722 1750 1754 1799 1820 1873 1917 1960 1975 1991 2009 2022 2034
1383,S ( = O ) ( = O ) ( N ( [C@@H] ( C ( = O ) N O ) C C C ( = O ) N 1 C C N ( c 2 n c c c c 2 ) C C 1 ) C c 1 c c 2 c ( O C O 2 ) c c 1 ) c 1 c c c ( c c 1 ) O C,1 14 44 57 80 130 134 155 310 319 321 322 350 355 378 407 411 441 448 478 495 507 513 527 530 552 559 573 605 643 645 650 656 695 697 710 715 717 718 738 739 760 781 807 815 816 831 841 847 875 878 879 881 894 917 926 935 996 1009 1035 1039 1043 1057 1087 1088 1123 1133 1152 1155 1159 1168 1170 1175 1176 1199 1217 1346 1349 1370 1380 1452 1463 1470 1476 1480 1508 1514 1536 1564 1589 1594 1595 1631 1647 1697 1716 1750 1754 1774 1796 1800 1820 1846 1863 1866 1870 1873 1896 1905 1917 1946 2009 2021
1384,C C 1 C C N ( C C 1 ) C 2 = C ( C = C ( C = C 2 ) N C ( = S ) N C ( = O ) / C = C / C 3 = C C = C ( O 3 ) C 4 = C C = C ( C = C 4 ) Cl ) Cl,19 31 80 89 97 110 121 131 184 191 216 231 256 270 276 324 327 335 366 398 407 465 494 561 585 650 656 694 720 728 757 770 798 807 816 830 835 843 865 875 879 896 926 935 937 945 947 973 979 1019 1036 1057 1070 1099 1119 1122 1148 1152 1160 1181 1194 1198 1230 1267 1295 1309 1325 1335 1349 1380 1436 1459 1480 1581 1604 1610 1647 1661 1683 1726 1741 1750 1772 1777 1794 1816 1865 1873 1886 1887 1890 1915 1916 1917 1919 1937 1943 1949 1952 1960
1385,C 1 = C C = C ( C = C 1 ) C 2 = N S ( = O ) ( = O ) C 3 = C ( N 2 ) C = C ( C = C 3 ) Br,40 98 116 192 198 207 213 232 237 256 329 378 389 394 439 467 469 478 481 504 650 686 692 713 728 736 766 780 787 816 875 881 883 909 964 969 1060 1088 1114 1132 1137 1157 1160 1175 1199 1217 1220 1245 1275 1286 1291 1295 1341 1380 1404 1458 1462 1467 1493 1500 1513 1517 1529 1631 1667 1690 1723 1731 1733 1750 1856 1873 1877 1879 1907 1913 1919 1939 1948 1982 2017 2043
1386,C 1 = C C ( = C C = C 1 C S ( = O ) ( = O ) O C 2 = C C 3 = C ( C = C 2 ) C ( = C C ( = O ) O 3 ) C ( F ) ( F ) F ) F,3 5 14 27 80 90 92 114 222 260 262 303 310 314 319 322 326 350 406 419 445 540 628 650 656 675 686 695 699 707 718 726 765 785 797 808 809 827 852 875 900 915 934 963 964 967 983 1009 1085 1195 1239 1241 1259 1279 1283 1357 1380 1393 1410 1453 1476 1479 1534 1589 1591 1604 1670 1733 1750 1754 1760 1781 1782 1794 1803 1808 1827 1851 1873 1899 1928 1940 2020 2036
1387,C C 1 = C C ( = N C ( = N 1 ) N C ( = N C C C 2 = C C = C ( C = C 2 ) O C ( F ) ( F ) F ) N ) C,34 80 91 97 114 140 144 145 148 223 310 317 322 331 341 378 468 516 517 548 599 608 618 625 689 695 718 725 737 770 790 798 807 833 847 861 875 973 1025 1040 1045 1046 1057 1133 1134 1149 1152 1171 1195 1243 1255 1336 1380 1409 1442 1453 1520 1560 1562 1581 1582 1675 1693 1722 1731 1744 1750 1754 1816 1831 1855 1873 1928 1995 2003 2018 2028 2035
1388,C [N+] 1 = C C = C C = C 1 C S,19 32 80 85 103 110 126 139 148 164 181 187 229 247 268 418 463 466 524 656 673 687 702 727 737 754 854 905 1003 1021 1028 1031 1057 1088 1096 1108 1141 1158 1199 1208 1237 1315 1346 1348 1380 1393 1435 1459 1506 1520 1592 1601 1688 1691 1704 1744 1750 1773 1774 1783 1787 1873 1912 1964 1980 2030 2032
1389,C C 1 C O C ( O C 1 C ) C Cl,36 80 101 122 172 180 218 238 286 292 299 332 361 474 495 511 519 579 656 658 660 679 722 741 756 773 802 926 949 971 1019 1057 1109 1121 1196 1210 1309 1310 1322 1361 1389 1422 1511 1550 1578 1616 1683 1711 1712 1744 1746 1823 1856 1859 1861 1888 1903 1921 1923 1930 1986 2009 2026
1390,C C N 1 C ( = C ( C ( = N 1 ) C ) C ( = O ) N C 2 = N N ( C = N 2 ) C C 3 = C C = C ( C = C 3 ) Cl ) C,34 80 92 113 152 158 199 203 216 218 221 266 294 308 310 378 406 417 449 486 503 561 586 621 629 631 650 665 684 747 781 790 807 816 932 935 1007 1014 1057 1070 1152 1157 1201 1380 1392 1404 1405 1452 1469 1485 1545 1546 1557 1577 1582 1667 1683 1720 1722 1733 1750 1754 1765 1766 1778 1816 1833 1853 1862 1873 1893 1917 1931 1934 1956 2014
1391,Cl [Si] ( c 1 c c c c c 1 ) ( c 1 c c c c c 1 ) C,21 35 44 85 146 256 260 355 378 383 389 464 500 522 592 622 636 646 650 656 769 807 1028 1057 1083 1088 1101 1136 1161 1170 1199 1274 1323 1380 1448 1462 1483 1487 1549 1559 1579 1588 1602 1633 1683 1750 1809 1858 1863 1873 1922 1962 2013 2021
1392,C C O C ( = O ) C 1 = C ( N C ( = C 1 C 2 = C C = C ( C = C 2 ) C ) C ( = O ) C ( = O ) N 3 C [C@@H] ( C [C@@H] ( C 3 ) C ) C ) C,20 53 54 80 88 93 145 147 235 246 250 281 294 300 304 312 433 456 511 558 586 599 602 608 612 624 627 640 650 658 686 692 695 739 759 797 807 838 854 865 896 926 935 967 994 1004 1019 1057 1110 1114 1120 1145 1148 1160 1233 1238 1282 1290 1292 1309 1352 1360 1361 1380 1431 1461 1488 1495 1503 1511 1537 1585 1628 1658 1711 1722 1745 1747 1750 1823 1863 1873 1875 1877 1889 1917 1920 1960 1974 2009 2013 2046
1393,C O C 1 = C C ( = C C ( = C 1 O C ) O C ) / C = N / N ( C 2 = N C 3 = C ( S 2 ) C = C ( C = C 3 ) F ) C ( = O ) C C 4 = C C = C C = C 4,32 39 44 80 84 115 119 141 145 162 174 176 243 245 249 282 291 299 325 333 378 389 406 436 468 476 506 545 557 568 629 632 634 646 650 675 694 695 699 725 774 807 841 863 864 875 881 885 903 913 938 959 961 964 966 982 985 1044 1057 1066 1082 1088 1091 1097 1099 1159 1199 1227 1238 1287 1313 1333 1372 1380 1385 1410 1459 1474 1487 1533 1536 1581 1584 1599 1620 1669 1670 1714 1750 1754 1822 1828 1833 1845 1855 1857 1865 1873 1885 1892 1917 1919 1928 1939 1970 1973 2033
1394,[C@@] ( C c 1 c c c c c 1 ) ( c 1 c c c ( c c 1 ) F ) ( c 1 c c ( c c ( c 1 ) C ( F ) ( F ) F ) F ) N C ( = O ) C ( C ( C ( F ) ( F ) F ) ( O ) C ( F ) ( F ) F ) N ( C ) C,1 44 55 59 75 80 85 90 103 114 185 195 206 261 321 347 354 356 389 391 392 413 573 577 650 699 755 767 784 807 809 875 881 888 903 972 1041 1057 1066 1072 1081 1088 1120 1152 1158 1163 1199 1260 1358 1372 1380 1410 1417 1448 1450 1453 1469 1510 1538 1578 1598 1603 1607 1660 1665 1670 1671 1732 1750 1752 1754 1767 1779 1790 1793 1812 1823 1848 1873 1874 1878 1890 1908 1917 1928 1938 1958 1984
1395,C C C C C C C C C C C C [C@@H] 1 [C@H] ( O S ( = O ) ( = O ) O 1 ) [C@H] ( C O C C 2 = C C = C C = C 2 ) N C ( = O ) O C C 3 = C C = C C = C 3,1 80 116 117 118 147 194 207 220 221 266 294 307 332 334 348 389 394 397 436 469 473 474 488 527 535 574 591 610 650 656 681 695 745 794 796 807 812 832 865 882 890 905 1002 1003 1008 1019 1044 1057 1059 1066 1088 1092 1096 1115 1143 1152 1186 1199 1200 1253 1262 1283 1339 1361 1380 1419 1444 1526 1530 1574 1609 1749 1750 1754 1758 1762 1827 1852 1873 1911 1914 1916 1917 1992 1996 2016 2042 2044
1396,C C C 1 = C C = C ( C = C 1 ) N = C 2 N ( C ( = O ) / C ( = C / C 3 = C C ( = C ( C = C 3 ) O C ) O C ) / S 2 ) C 4 = C C = C ( C = C 4 ) C C,25 80 93 94 103 112 131 140 145 179 180 202 210 225 233 249 257 273 281 294 306 310 314 323 378 386 397 450 457 461 463 574 626 650 666 675 694 695 725 728 749 776 841 863 870 874 875 879 935 1027 1048 1053 1054 1057 1097 1130 1165 1176 1180 1210 1213 1217 1221 1242 1245 1289 1309 1331 1340 1345 1380 1382 1389 1396 1408 1418 1453 1507 1527 1530 1536 1616 1621 1636 1640 1655 1658 1686 1750 1753 1754 1789 1793 1799 1808 1825 1828 1833 1834 1854 1863 1873 1900 1912 1963 1970 2013 2033 2038 2044
1397,C C ( = O ) N [C@@H] ( C C 1 = C C ( = C ( C ( = C 1 ) O C ) O ) C 2 = C ( C ( = C C ( = C 2 ) C [C@@H] ( C ( = O ) O ) N C ( = O ) C ) O C ) O ) C ( = O ) O,1 6 28 49 79 80 89 117 190 202 206 245 249 251 352 387 389 501 567 575 581 587 589 591 594 604 606 650 659 688 695 736 748 767 790 798 802 807 841 851 869 872 875 882 912 1017 1027 1038 1057 1092 1102 1130 1138 1152 1240 1307 1322 1377 1380 1435 1476 1536 1564 1595 1602 1624 1666 1754 1838 1844 1864 1873 1875 1917 1933 1962 1970 2006 2021 2047
1398,C C ( C ) [C@@H] ( C 1 = N N = N N 1 C ( C ) C ) [NH+] 2 C C N ( C C 2 ) C 3 = C C ( = C C = C 3 ) Cl,1 16 157 165 186 216 257 282 283 350 378 407 496 539 561 568 581 585 592 649 650 675 687 709 721 861 866 875 879 926 935 984 1037 1039 1049 1057 1088 1145 1153 1164 1169 1174 1179 1219 1237 1240 1255 1259 1300 1359 1365 1380 1389 1422 1453 1480 1567 1620 1641 1647 1683 1690 1697 1700 1716 1729 1730 1742 1750 1753 1773 1783 1818 1825 1839 1873 2029 2036 2038 2040
1399,C C 1 = C C = C ( N C 1 ) C,4 14 87 431 479 495 548 567 574 579 604 616 634 645 724 767 796 926 942 1057 1082 1093 1114 1117 1195 1212 1222 1229 1249 1280 1310 1380 1416 1418 1501 1550 1664 1666 1695 1722 1746 1816 1824 1831 1866 1873 1892 1919 1946 1955 1973 1979 1991 1997 1998 2047
1400,[C@H] 1 ( [C@H] ( N [C@H] ( C C 1 = O ) c 1 c c c ( c c 1 ) C ) c 1 c c c ( c c 1 ) C ) c 1 c c c c c 1,10 28 29 44 63 89 231 235 252 314 370 388 389 412 427 595 650 777 804 829 840 914 926 965 974 1019 1057 1088 1090 1114 1127 1148 1172 1199 1252 1279 1289 1380 1392 1449 1453 1483 1522 1633 1637 1638 1650 1663 1675 1707 1709 1718 1722 1730 1750 1769 1794 1802 1803 1809 1814 1823 1856 1873 1878 1893 1895 1920 1946
1401,C C 1 ( O C ( O 1 ) C 2 = C C = C ( C = C 2 ) C O ) C,40 58 75 80 81 97 106 130 186 215 222 234 251 310 394 414 461 577 646 656 685 699 807 837 870 901 911 952 1000 1019 1057 1060 1070 1073 1074 1090 1117 1120 1217 1274 1279 1283 1288 1291 1338 1380 1395 1569 1742 1750 1754 1767 1803 1825 1843 1873 1883 1906 1910 1938 2003
1402,C C C C C N 1 C C = C [C@@] 2 3 [C@@H] ( [C@@H] 4 [C@H] ( O 2 ) / C = C \ C C C C O C 4 = O ) C ( = O ) N ( C 3 C 1 = O ) [C@H] ( C C 5 = C C = C C = C 5 ) C O,1 5 12 37 39 79 80 99 110 191 194 202 222 231 257 266 276 278 294 314 376 389 400 414 431 441 482 570 589 591 593 650 656 662 674 721 765 780 781 787 794 807 819 857 893 926 935 941 950 951 953 967 995 1019 1028 1029 1033 1047 1057 1058 1060 1066 1070 1083 1088 1089 1092 1128 1145 1147 1181 1182 1199 1224 1249 1307 1312 1333 1380 1411 1444 1457 1464 1496 1499 1521 1568 1584 1614 1616 1627 1629 1634 1716 1750 1754 1767 1810 1832 1842 1848 1849 1855 1873 1911 1961 1965 2001
1403,C C C N ( C ( C 1 = C C ( = C C ( = C 1 ) C ) C ) C ( = O ) N C ( C ) ( C ) C ) C ( = O ) C ( C ( C ) C C ) N C ( = O ) O C ( C ) ( C ) C,1 42 80 95 114 117 124 207 223 227 231 283 294 330 345 354 362 392 460 461 477 543 571 573 602 603 629 650 695 752 778 794 800 807 860 870 875 881 888 893 1007 1040 1057 1118 1152 1183 1206 1240 1280 1309 1351 1354 1365 1374 1375 1380 1448 1491 1541 1543 1544 1574 1576 1651 1670 1671 1678 1682 1719 1722 1758 1761 1785 1791 1823 1824 1828 1855 1859 1861 1871 1873 1884 1917 1951 1953 1973 2037 2043
1404,C O C 1 = C C = C ( C = C 1 ) S ( = O ) ( = O ) N ( C C 2 C C C C 2 ) C [C@H] ( [C@H] ( C C 3 = C C = C C = C 3 ) N C ( = O ) O [C@@H] 4 C C N C 4 ) O,1 29 32 44 70 75 79 80 89 117 119 120 187 208 227 234 242 268 279 282 305 319 322 350 389 408 419 470 484 548 551 588 593 607 649 650 666 673 695 715 718 763 781 807 815 831 834 837 841 857 881 888 890 895 903 910 926 974 1019 1020 1028 1050 1057 1066 1088 1114 1126 1145 1152 1153 1179 1197 1199 1212 1259 1308 1325 1328 1330 1337 1350 1380 1391 1399 1426 1461 1476 1536 1546 1566 1598 1627 1656 1692 1723 1746 1750 1754 1758 1771 1825 1860 1861 1869 1873 1917 1946 1965
1405,C C [N+] ( = C C ) [O-],8 10 28 53 75 80 97 113 159 179 194 195 249 294 315 328 400 471 597 606 627 650 689 694 702 706 715 721 776 789 838 844 871 889 896 981 990 1027 1057 1071 1174 1178 1224 1244 1306 1319 1332 1459 1480 1602 1665 1773 1829 1831 1842 1877 1882 1899 1963 1972 1977 1992 2014
1406,C C 1 = C C C [C@] 2 ( [C@H] 1 C C [C@@] 3 4 [C@@H] 2 C [C@@H] 5 C ( C 3 = O ) [C@] 5 ( C 4 = O ) C ) C,9 87 107 138 142 154 157 171 180 181 196 268 269 314 394 472 478 519 544 560 614 621 645 650 699 705 720 735 749 760 768 853 859 874 882 926 938 978 994 1019 1052 1057 1060 1087 1138 1147 1162 1163 1174 1181 1240 1255 1274 1292 1297 1325 1379 1380 1477 1508 1539 1552 1591 1596 1605 1613 1634 1663 1714 1722 1750 1761 1781 1795 1816 1871 1873 1897 1920 1950 2025 2033
1407,C C ( C ) ( C ) [Si] ( C ) ( C ) O C [C@@H] 1 [C@H] ( [C@H] ( [C@@H] ( O 1 ) N 2 C = N C 3 = C 2 C ( = C N = C 3 N ) I ) O [Si] ( C ) ( C ) C ( C ) ( C ) C ) O [Si] ( C ) ( C ) C ( C ) ( C ) C,4 32 75 80 114 119 171 173 194 202 321 353 378 392 421 430 432 442 446 465 475 492 569 577 582 609 610 627 635 639 652 656 661 664 672 676 678 682 695 740 760 770 810 828 846 852 873 920 932 935 947 962 1013 1019 1057 1064 1087 1095 1099 1136 1164 1171 1176 1187 1196 1251 1275 1277 1287 1293 1368 1380 1440 1443 1452 1457 1459 1471 1521 1532 1535 1576 1578 1579 1642 1653 1677 1682 1683 1710 1722 1724 1766 1777 1788 1815 1857 1873 1885 1921 1950 1955 1979 2042 2043
1408,C 1 = C C = C 2 C ( = C 1 ) N = C ( S 2 ) C 3 = C ( C = C ( C = C 3 ) N C ( = O ) C 4 = C C ( = C C = C 4 ) Cl ) O C C ( = O ) O,63 77 80 141 162 165 184 191 200 216 217 222 245 289 291 323 352 378 389 407 436 461 486 526 535 536 557 561 571 592 650 675 680 684 695 708 720 758 786 807 843 850 875 878 885 950 980 1039 1088 1097 1108 1138 1152 1187 1199 1380 1385 1427 1436 1440 1452 1475 1683 1689 1706 1737 1750 1773 1795 1801 1802 1816 1825 1854 1855 1858 1860 1870 1873 1887 1917 1934 1970 1978 1985 2004 2022
1409,C C 1 = C C ( = C ( C ( = C 1 C C ( C ) ( C ) C ) C ) C ( = O ) [O-] ) C,69 80 114 183 219 243 248 252 254 268 324 330 373 392 415 465 473 478 501 526 544 586 650 682 715 745 759 769 801 807 809 825 826 852 860 875 888 997 1007 1053 1057 1060 1226 1227 1309 1327 1329 1353 1380 1391 1404 1431 1445 1568 1577 1692 1707 1722 1816 1825 1828 1873 1882 1891 1893 1917 1932 1972 1978 1988 2008 2012 2034
1410,C C 1 = C N = C ( C = C 1 ) C Br,2 16 80 111 145 191 214 226 235 240 251 298 378 441 473 564 568 570 576 601 668 669 709 724 728 760 792 802 953 965 970 990 1003 1031 1040 1057 1106 1168 1205 1380 1383 1417 1450 1452 1468 1482 1500 1514 1535 1543 1587 1602 1660 1702 1722 1750 1758 1772 1810 1823 1873 1874 1916
1411,C 1 C 2 = C ( C = C C ( = C 2 ) N C ( = O ) C N ) N C 1 = O,4 27 41 74 80 102 152 155 169 181 184 191 196 255 314 339 419 464 478 650 673 678 726 745 803 807 814 843 857 875 901 926 966 981 1060 1095 1114 1152 1171 1176 1236 1264 1380 1394 1408 1433 1552 1564 1575 1585 1586 1632 1646 1651 1672 1677 1750 1757 1790 1805 1816 1826 1867 1873 1887 1889 1917 1924 1944 1964 1982 1989 1991
1412,c 1 c c ( c c ( c 1 ) C ( = O ) C ( N C ( C ) ( C ) C ) C ) O C,1 2 54 114 115 159 170 186 243 283 320 322 329 386 392 471 476 528 562 603 635 650 689 695 711 781 786 805 807 841 875 932 960 989 998 1024 1039 1057 1084 1088 1152 1161 1194 1359 1380 1384 1385 1401 1460 1536 1548 1552 1623 1713 1716 1750 1818 1864 1865 1873 1917 1918 1932 1946 1972 1985
1413,C 1 = C C = C ( C = C 1 ) / C = C / C 2 = N C 3 = C ( C = C C = C 3 Br ) C ( = O ) N 2 C C C 4 = C ( C = C C ( = C 4 ) O ) O,25 57 72 80 95 118 176 230 314 378 381 389 413 488 504 523 566 584 611 650 653 694 708 727 728 732 745 783 794 802 807 833 835 868 870 875 878 892 935 984 1011 1039 1047 1088 1120 1137 1145 1148 1199 1234 1243 1285 1304 1313 1323 1341 1349 1353 1357 1380 1419 1450 1468 1475 1525 1537 1573 1602 1607 1608 1631 1696 1724 1737 1750 1765 1798 1855 1873 1919 1938 1956 1980 1983 1985 2000 2033
1414,C C 1 = C C 2 = C ( C = C 1 ) N ( C C 2 ) C ( = O ) C 3 C 4 = C 5 C ( = C C = C 4 ) O C C N 5 C 3 = O,4 5 23 30 37 114 146 152 154 215 235 247 252 266 288 313 314 371 389 417 440 441 465 518 549 553 570 620 626 650 654 656 677 717 721 793 806 807 810 875 926 931 935 950 1013 1019 1021 1027 1039 1056 1057 1060 1069 1088 1122 1132 1225 1236 1240 1295 1308 1362 1372 1380 1384 1387 1401 1451 1457 1480 1481 1529 1535 1538 1574 1600 1602 1702 1707 1722 1738 1744 1750 1771 1782 1823 1825 1851 1873 1888 1905 1915 1917 1935 1948 1960 1986 1988 1995 2023 2031 2043 2044
1415,C C C ( = O ) N C 1 = C C ( = C C = C 1 ) N 2 C ( S ( = O ) ( = O ) C C 2 = O ) C 3 = C C = C ( C = C 3 ) O C,9 41 49 80 102 119 144 180 184 191 207 294 314 322 413 428 430 454 469 535 538 556 572 614 631 650 679 695 703 712 718 750 781 798 807 831 841 871 875 876 898 901 926 935 982 1013 1019 1039 1049 1057 1088 1111 1112 1141 1142 1149 1152 1168 1279 1343 1376 1380 1382 1453 1504 1507 1514 1536 1544 1617 1619 1675 1707 1744 1750 1773 1796 1803 1816 1825 1873 1910 1917 1922 1989
1416,C 1 = C C ( = C C = C 1 C 2 = C S C ( = C 2 ) C = O ) O C ( F ) ( F ) F,24 114 122 145 149 172 214 278 317 320 321 322 407 431 481 488 495 548 552 555 650 661 675 694 695 718 721 725 875 896 930 935 983 1004 1010 1020 1063 1135 1138 1149 1159 1160 1185 1240 1264 1291 1336 1373 1380 1409 1414 1437 1453 1459 1472 1503 1567 1670 1750 1829 1846 1873 1918 1928 1946 1962 1964 1976 2006
1417,C 1 = C C 2 = C ( C = C C 3 = C 2 C ( = C 1 ) O P ( = O ) ( O 3 ) O ) [N+] ( = O ) [O-],0 47 94 151 163 190 224 243 245 336 352 354 379 414 444 476 488 522 640 650 652 656 715 716 721 753 754 807 810 838 889 934 958 966 1007 1035 1039 1069 1088 1143 1154 1195 1227 1228 1249 1272 1308 1333 1348 1357 1380 1449 1481 1524 1573 1608 1625 1651 1720 1750 1766 1821 1873 1891 1892 1904 1905 1907 1938 1960 1963 1984 2033
1418,C C C N 1 C ( = C C = N 1 ) C ( = O ) N [C@H] ( C ) C 2 = C C = C ( C = C 2 ) O C,1 30 43 65 80 117 158 283 294 298 302 322 324 366 375 378 450 454 466 486 488 516 525 537 592 611 650 651 656 678 685 695 711 715 718 723 781 794 807 820 831 841 867 925 927 935 993 997 999 1019 1056 1057 1059 1128 1141 1145 1152 1169 1200 1205 1342 1365 1380 1388 1462 1488 1536 1588 1596 1620 1621 1627 1667 1695 1719 1725 1750 1752 1810 1853 1866 1873 1875 1917 1920 1929 1930 1969 2000
1419,C C ( = O ) [C@@H] 1 C C [C@H] 2 [C@H] 1 [C@H] 3 [C@@H] ( C [C@@H] 2 C = O ) O C ( = O ) C 3 = C,12 28 35 42 126 149 208 209 242 254 314 352 472 495 522 541 622 650 655 656 685 694 703 750 776 807 849 854 876 914 926 954 1004 1014 1017 1018 1019 1051 1057 1088 1136 1163 1181 1203 1214 1236 1251 1255 1292 1297 1318 1325 1357 1366 1380 1426 1457 1464 1496 1503 1507 1583 1586 1711 1715 1742 1751 1819 1828 1900 1903 1917 1929 1994 2044
1420,c 1 c ( c c 2 c ( c 1 ) n c ( s 2 ) N C ( = O ) N c 1 c c c c c 1 O ) O C ( F ) ( F ) F,56 95 114 145 159 162 165 203 247 313 317 322 378 385 423 472 493 520 548 557 573 582 637 639 650 675 678 695 716 718 742 760 775 807 837 875 882 885 888 961 984 1008 1046 1050 1088 1097 1129 1138 1149 1152 1173 1180 1199 1202 1208 1224 1334 1380 1395 1400 1409 1453 1456 1602 1607 1647 1669 1682 1696 1725 1729 1750 1816 1831 1855 1873 1915 1917 1928 1936 1966 1982 1989 2000
1421,C C 1 C C 2 = C ( C ( C ( = C ( N 2 ) C ) C ( = O ) O C C 3 = C C = C C = C 3 ) C 4 = C C = C S 4 ) C ( = O ) C 1 C ( = O ) O C,14 29 41 42 55 64 80 97 100 145 147 177 231 241 257 276 295 314 323 383 389 473 500 533 534 546 579 615 649 650 674 675 677 695 739 745 750 768 807 815 841 854 881 896 910 926 1005 1019 1025 1057 1059 1060 1065 1066 1088 1097 1114 1136 1152 1171 1199 1213 1246 1309 1321 1380 1391 1444 1458 1463 1464 1488 1490 1548 1554 1557 1562 1567 1582 1586 1604 1634 1649 1651 1704 1722 1732 1750 1754 1844 1859 1873 1876 1914 1917 1925 1948 1967 1974 1978 2042
1422,C C O C C N 1 C 2 = C C ( = C C ( = C 2 S C 1 = N C ( = O ) [C@@H] 3 C C C N 3 S ( = O ) ( = O ) C 4 = C C = C S 4 ) C ) C,13 14 17 30 31 45 80 86 131 162 167 183 204 217 241 294 326 350 354 383 427 446 508 509 531 549 559 571 574 626 650 653 668 675 688 695 696 715 720 725 787 800 802 807 811 813 859 875 892 926 935 1019 1028 1041 1055 1057 1058 1079 1081 1082 1088 1110 1113 1125 1145 1162 1172 1187 1208 1219 1234 1238 1301 1315 1325 1380 1391 1416 1433 1459 1476 1480 1517 1518 1521 1524 1533 1540 1552 1567 1580 1628 1646 1673 1694 1713 1722 1749 1750 1768 1792 1823 1854 1865 1873 1900 1917 1953 1992 2004 2037
1423,C C C N 1 C ( = C ( C ( = O ) N C 1 = O ) C ( = O ) C N 2 C C N C ( = O ) C 2 C 3 = C ( N ( N = C 3 C ) C 4 = C C = C C = C 4 ) C ) N,80 92 94 114 134 190 210 215 227 266 294 305 314 326 340 378 389 416 455 484 539 586 650 657 697 747 750 753 758 760 780 790 794 802 807 808 820 850 856 868 905 926 935 982 985 1007 1019 1034 1049 1055 1057 1066 1088 1095 1114 1119 1130 1140 1145 1169 1171 1199 1294 1305 1312 1313 1324 1351 1377 1380 1385 1427 1440 1449 1457 1469 1480 1521 1537 1607 1615 1616 1648 1681 1693 1722 1723 1739 1745 1750 1766 1794 1804 1825 1852 1863 1866 1873 1886 1887 1917 1951 1956 1972 2022 2024 2030
1424,C O C 1 = C C = C ( C = C 1 ) C ( C ( O C ) O C ) C ( = O ) O C,1 54 147 236 322 327 391 397 468 504 557 563 599 601 611 650 689 695 703 705 718 722 781 798 803 807 831 841 892 900 932 942 952 1004 1057 1081 1152 1159 1180 1331 1351 1361 1365 1380 1515 1536 1567 1585 1590 1692 1750 1831 1835 1851 1853 1873 1909 1917 1960 1969 2020
1425,C O [C@@H] 1 C C [C@] 2 ( [C@@H] 1 C C C 2 3 O C C O 3 ) C C O S ( = O ) ( = O ) C,13 20 25 36 75 80 91 154 183 258 281 332 350 443 489 519 529 602 650 656 692 695 756 795 798 841 867 874 906 926 937 949 950 956 1014 1017 1019 1023 1057 1060 1111 1122 1147 1162 1167 1259 1264 1294 1325 1387 1388 1392 1408 1411 1440 1472 1476 1494 1504 1544 1563 1615 1657 1683 1684 1687 1691 1702 1730 1765 1846 1847 1849 1863 1894 1938 1952
1426,C C N 1 C = C ( C ( = O ) C 2 = C C ( = C ( C ( = C 2 1 ) F ) F ) F ) C ( = O ) [O-],34 43 61 80 110 145 148 207 220 266 294 314 339 377 406 437 442 464 493 513 521 522 525 556 650 699 715 738 740 806 807 819 821 836 844 875 919 923 935 936 966 1057 1080 1167 1196 1202 1218 1226 1239 1250 1253 1332 1340 1357 1380 1422 1440 1442 1445 1453 1455 1480 1514 1568 1632 1679 1720 1729 1801 1824 1840 1860 1873 1874 1912 1914 1917 1928 1937 1949 1955 1991
1427,C C ( C 1 = N N = C ( N 1 C ) S C C ( = O ) N C 2 = C C ( = C ( C = C 2 Cl ) Cl ) Cl ) O C 3 = C C = C ( C = C 3 ) F,1 41 45 80 90 114 116 125 126 140 156 157 218 283 286 322 337 341 366 378 384 394 450 476 486 500 530 547 561 564 568 614 624 650 662 663 664 695 699 718 747 807 813 842 875 882 888 927 935 950 968 1057 1089 1090 1145 1152 1154 1164 1178 1200 1221 1224 1359 1362 1376 1379 1380 1381 1400 1409 1410 1419 1449 1455 1456 1482 1506 1509 1554 1621 1653 1670 1683 1750 1782 1796 1816 1873 1889 1917 1928 1948 1955 1959 2017 2018
1428,C 1 = C C = C ( C = C 1 ) C ( C N S ( = O ) ( = O ) C 2 = C ( C = C ( C = C 2 ) Cl ) Cl ) Cl,1 15 80 127 153 165 216 219 278 350 362 366 389 392 502 561 606 640 646 650 719 743 754 779 816 875 914 921 935 1037 1088 1152 1158 1199 1209 1239 1259 1309 1351 1365 1380 1453 1476 1520 1529 1539 1547 1581 1589 1592 1626 1672 1683 1750 1826 1841 1873 1887 1890 1926 1966 2017 2026
1429,[C@@H] ( N C ( = O ) C C c 1 c ( c ( O C ) c c c 1 ) O C ) ( C ( = O ) C Cl ) C c 1 c c c c c 1,1 20 41 44 64 79 80 112 117 183 191 193 249 318 329 333 389 454 459 475 499 531 569 575 613 629 650 667 695 706 736 739 807 841 857 875 885 895 1002 1016 1017 1039 1057 1062 1066 1088 1089 1109 1112 1144 1146 1152 1199 1206 1243 1245 1264 1272 1277 1288 1349 1380 1393 1410 1429 1502 1511 1536 1557 1562 1563 1564 1597 1599 1607 1645 1683 1704 1709 1721 1750 1754 1842 1873 1917 1931 1970 1993 2006 2046
1430,C C O C 1 = C ( C = C ( C = C 1 ) S ( = O ) ( = O ) N C ( C C 2 = C C = C C = C 2 ) C ( = O ) O ) Cl,1 79 80 94 108 125 142 198 237 277 279 294 319 349 350 366 389 425 490 492 495 502 561 587 621 638 650 695 715 736 742 757 784 807 826 853 857 875 922 989 991 1019 1057 1066 1088 1110 1117 1136 1152 1199 1238 1267 1320 1364 1380 1392 1430 1452 1476 1533 1540 1542 1588 1600 1608 1624 1664 1671 1676 1683 1740 1750 1754 1779 1780 1792 1844 1873 1890 1917 1936 1941 1962 1970 1971 1992 2006 2007 2024 2029 2033
1431,C C ( C ) [C@H] ( C ( = O ) O ) N C ( = O ) [C@H] ( C S S C [C@@H] ( C ( = O ) N [C@H] ( C ( C ) C ) C ( = O ) O ) N C ( = O ) [C@@H] 1 C C C N 1 C ( = O ) C N ) N C ( = O ) [C@@H] 2 C C C N 2 C ( = O ) C N,1 27 64 69 80 116 117 130 133 143 193 195 242 283 354 366 379 389 418 433 446 507 513 531 548 549 564 573 624 650 689 736 807 837 866 877 886 926 935 953 981 994 1009 1019 1024 1025 1028 1057 1064 1093 1107 1110 1118 1152 1168 1171 1213 1232 1261 1316 1325 1343 1366 1393 1470 1480 1510 1530 1719 1747 1773 1776 1798 1844 1857 1879 1917 1927 1996 2023 2029
1432,C C C ( C C ) C ( = O ) N C 1 = N C ( = C S 1 ) C 2 = C C = C ( S 2 ) C 3 = C C = C ( C = C 3 ) F,1 62 64 72 80 85 90 117 162 196 206 211 294 332 378 385 419 450 465 552 573 609 650 675 699 702 717 740 771 807 816 820 896 942 944 980 1039 1041 1057 1059 1077 1079 1084 1152 1160 1163 1214 1259 1264 1265 1294 1355 1380 1410 1428 1431 1544 1567 1625 1667 1670 1676 1740 1750 1796 1816 1855 1860 1873 1877 1917 1928 1933 1936 1984 1989 1994 2010 2047
1433,C C 1 = C C ( = C ( C = C 1 C 2 ( C 3 = C C = C C = C 3 S ( = O ) ( = O ) O 2 ) C 4 = C C ( = C ( C = C 4 C ) O P ( = O ) ( [O-] ) [O-] ) C ( C ) C ) C ( C ) C ) O,1 24 121 123 165 168 192 207 237 283 297 345 374 399 400 422 435 445 469 486 547 549 563 566 598 621 650 655 656 659 674 681 695 706 713 715 787 807 875 912 1024 1029 1057 1060 1088 1112 1194 1199 1205 1212 1213 1258 1335 1380 1381 1391 1428 1460 1496 1528 1547 1550 1563 1602 1607 1613 1628 1650 1665 1671 1718 1722 1741 1745 1750 1751 1785 1835 1843 1866 1873 1875 1886 1907 1910 1914 1948 1949 1970 1980 2020 2025 2041
1434,n 1 ( c ( n n c 1 c 1 c n c 2 c ( c c c c 2 c 1 O ) C ( F ) ( F ) F ) S ) C C O C,1 13 45 64 66 80 112 114 150 159 176 202 210 229 241 262 286 348 352 367 378 382 395 419 486 499 538 541 606 618 663 676 695 716 743 802 807 809 814 841 849 865 895 915 929 935 975 1003 1005 1039 1057 1088 1104 1145 1154 1164 1189 1192 1210 1214 1232 1299 1300 1341 1357 1369 1372 1380 1399 1430 1452 1453 1466 1498 1507 1508 1535 1573 1602 1645 1685 1712 1722 1724 1750 1765 1778 1807 1817 1854 1873 1882 1926 1928 1973 2010 2024
1435,C C 1 = C C = C ( C = C 1 ) C ( = O ) C N ( C ) C ( C ) C,1 46 60 77 80 120 174 235 248 277 283 302 368 400 406 446 467 583 612 629 650 693 718 759 803 807 881 916 1005 1057 1093 1101 1132 1163 1190 1210 1289 1300 1306 1354 1380 1385 1403 1437 1468 1476 1515 1571 1578 1587 1618 1672 1693 1697 1716 1722 1750 1772 1781 1823 1873 1898 1917 1920 2001 2044
1436,C 1 = C C ( = C C = C 1 C C [C@@H] ( C C ( = O ) C C C 2 = C C = C ( C = C 2 ) O ) O [C@H] 3 [C@@H] ( [C@H] ( [C@@H] ( [C@H] ( O 3 ) C O ) O ) O ) O ) O,1 22 40 41 46 50 52 64 80 125 148 160 204 222 236 310 410 413 429 464 473 489 533 550 610 625 650 656 675 687 695 739 741 745 755 778 796 807 867 898 915 979 1019 1037 1043 1045 1090 1103 1110 1132 1136 1137 1142 1234 1243 1257 1288 1290 1313 1323 1380 1386 1432 1477 1487 1505 1516 1564 1597 1602 1616 1657 1679 1709 1750 1754 1761 1764 1778 1817 1844 1847 1849 1873 1917 1921 1958 1977 1990 1999
1437,N ( c 1 n c ( n c 2 c 1 n c ( n c 2 N ( C ) C ) N C C O ) N C C O ) ( C ) C,43 61 80 92 95 167 217 222 259 270 346 350 378 412 473 474 489 496 537 584 649 667 723 742 751 784 807 822 842 852 857 881 891 911 948 1008 1023 1037 1049 1057 1152 1163 1170 1213 1223 1238 1323 1338 1344 1380 1416 1505 1561 1582 1602 1642 1649 1690 1691 1700 1724 1730 1743 1747 1755 1759 1813 1855 1884 1961 1994
1438,C C 1 = C ( C = C ( C = C 1 ) C ( = O ) N C 2 = C ( C ( = C C = C 2 ) Cl ) F ) C,15 43 61 90 96 129 134 186 236 277 351 363 366 418 478 486 503 526 561 640 650 668 672 692 699 710 720 736 807 875 928 947 974 977 990 995 1017 1039 1057 1088 1091 1121 1133 1152 1219 1224 1235 1254 1263 1273 1300 1356 1379 1380 1385 1391 1395 1398 1445 1502 1555 1583 1649 1671 1683 1689 1691 1693 1696 1697 1706 1714 1722 1750 1781 1792 1795 1816 1843 1873 1917 1928 1935 1956 1991
1439,C O C 1 = C ( C = C ( C = C 1 ) Cl ) C 2 = N N = C 3 N 2 N = C ( S 3 ) C 4 = C C ( = C ( C = C 4 ) O C ) O C,55 94 109 122 139 140 162 165 179 216 249 272 280 325 343 345 352 364 378 384 385 387 399 412 496 511 561 585 624 627 675 695 700 710 718 748 786 816 823 831 833 841 843 845 849 854 860 875 896 906 922 935 941 966 1057 1077 1134 1160 1164 1178 1188 1245 1289 1380 1393 1426 1460 1508 1519 1536 1603 1663 1683 1722 1737 1750 1783 1873 1879 1883 1917 1934 1952 1956 1970 2037
1440,C C 1 = C C ( = O ) O C 2 = C C 3 = C ( C = C 1 2 ) C 4 = C C = C C = C 4 C ( = O ) N 3,14 62 94 119 120 132 137 157 171 213 257 275 314 406 432 450 464 487 542 551 556 578 580 590 650 656 685 750 783 839 852 875 897 958 980 988 993 1021 1057 1063 1067 1074 1088 1114 1129 1196 1199 1220 1292 1332 1342 1357 1380 1391 1398 1432 1447 1517 1573 1604 1649 1668 1695 1701 1722 1727 1738 1744 1745 1750 1767 1776 1801 1808 1822 1827 1835 1854 1873 1923 1930 1938 2026
1441,C C ( C ( = O ) N C 1 = C C ( = C ( C = C 1 ) O ) C ( = O ) O ) S C 2 = C C = C C ( = C 2 ) N C ( = O ) / C ( = C \ C 3 = C ( C ( = C C = C 3 ) O C ) O C ) / N C ( = O ) C 4 = C C = C C = C 4,1 3 27 61 99 100 116 121 184 191 196 201 249 283 318 333 359 389 396 441 456 462 486 573 613 615 650 665 674 694 695 703 721 767 807 811 837 841 843 863 875 924 930 960 961 976 989 1035 1039 1047 1057 1088 1103 1118 1119 1152 1162 1167 1173 1191 1199 1210 1211 1275 1295 1347 1351 1380 1384 1385 1410 1430 1461 1467 1475 1507 1536 1559 1568 1587 1599 1602 1607 1664 1665 1690 1729 1746 1750 1780 1816 1862 1873 1875 1879 1899 1917 1932 1970 1980 1985 1991 2022
1442,C C 1 = C C 2 = N N = C ( N 2 C = C 1 ) C C C 3 = N N = C 4 N 3 C = C C ( = C 4 ) C,12 80 81 147 177 270 276 281 318 378 399 475 568 660 702 748 753 798 819 875 885 927 935 955 965 983 1013 1018 1029 1033 1047 1057 1078 1101 1105 1121 1153 1161 1164 1192 1221 1234 1243 1261 1380 1448 1463 1481 1550 1562 1612 1618 1627 1667 1689 1718 1722 1750 1753 1801 1823 1836 1873 1883 1885 1916 1925 1969 1998
1443,C C 1 = C C = C C = C 1 C O C 2 = C ( C = C ( C = C 2 ) / C = C / C ( = O ) N C 3 = N C ( = C S 3 ) C 4 = C C ( = C C = C 4 ) [N+] ( = O ) [O-] ) O C,2 25 31 48 80 82 94 117 126 145 167 249 304 327 343 356 378 385 411 426 472 502 517 552 596 650 656 675 694 695 702 715 736 745 753 806 807 816 824 826 831 835 838 841 875 945 980 1015 1027 1039 1044 1057 1088 1152 1160 1177 1181 1195 1199 1214 1226 1230 1245 1250 1263 1264 1266 1274 1308 1309 1349 1380 1391 1434 1452 1460 1467 1536 1539 1567 1597 1610 1630 1722 1724 1750 1754 1774 1809 1816 1828 1847 1848 1855 1861 1873 1879 1887 1891 1901 1917 1940 1963 1970 1991 1999 2032 2033 2041
1444,C C C N C ( = O ) C 1 = C C = C C = C 1 N C ( = O ) C S C C ( = O ) N C 2 = C C = C C ( = C 2 ) C,8 19 41 80 116 174 184 191 197 199 210 241 255 294 395 429 430 457 486 487 520 544 572 615 628 650 667 673 676 678 703 716 745 751 794 807 814 817 875 901 953 1013 1026 1039 1055 1057 1088 1114 1133 1146 1152 1155 1199 1220 1224 1249 1317 1335 1380 1421 1446 1447 1455 1507 1524 1673 1696 1705 1722 1750 1752 1755 1779 1787 1816 1823 1873 1880 1883 1902 1917 1948 1959 1975 1991
1445,C C ( = O ) N 1 [C@] ( O C ( = N 1 ) C 2 = C C ( = C C = C 2 ) [N+] ( = O ) [O-] ) ( C ) C 3 4 C C 5 C C ( C 3 ) C C ( C 5 ) C 4,56 80 132 148 245 259 269 280 282 314 321 378 436 458 475 489 578 597 650 653 656 679 687 688 707 715 734 736 745 753 759 765 807 823 838 848 874 875 926 935 1006 1017 1019 1026 1039 1057 1060 1088 1111 1156 1160 1195 1211 1267 1274 1282 1285 1292 1298 1300 1304 1352 1380 1429 1446 1458 1467 1488 1539 1558 1602 1610 1622 1639 1686 1699 1721 1726 1750 1809 1818 1833 1863 1873 1901 1917 1940 1953 1963 1976 1997 2033
1446,C C ( C ) C [C@@H] 1 [C@@H] 2 [C@@H] ( C ( = O ) N ( C 2 = O ) C C 3 = C C = C C = C 3 ) [C@@] 4 ( N 1 ) C 5 = C C = C C = C 5 N ( C 4 = O ) C C 6 = C C = C C = C 6 F,1 5 6 18 19 45 47 62 63 69 75 80 137 170 188 192 196 211 217 220 232 255 264 283 314 320 335 337 361 389 420 445 468 475 493 546 553 555 570 588 609 650 699 791 836 901 935 966 978 992 999 1006 1019 1032 1057 1060 1066 1068 1075 1088 1114 1139 1181 1199 1261 1271 1295 1300 1309 1315 1339 1349 1353 1380 1412 1427 1457 1460 1478 1482 1597 1605 1607 1627 1637 1642 1647 1660 1683 1698 1718 1750 1754 1765 1833 1836 1840 1847 1873 1883 1920 1928 1958 1962 1980 2020 2021 2026
1447,C C ( C ) [C@@] 1 ( C C [C@H] ( C 1 ) N C C 2 = C C = C ( C = C 2 ) O C ) C ( = O ) N 3 C C C 4 = C ( C 3 ) C = C ( C = C 4 ) C ( F ) ( F ) F,1 14 21 42 44 76 80 114 118 123 150 194 200 216 242 255 272 283 292 294 310 316 322 348 353 376 394 401 415 436 442 492 499 526 538 569 573 577 632 638 650 679 684 695 718 725 781 796 807 809 819 831 841 868 875 893 912 926 935 1019 1033 1057 1060 1129 1142 1146 1152 1162 1236 1257 1260 1272 1278 1325 1380 1417 1453 1480 1522 1536 1551 1569 1601 1613 1634 1661 1665 1721 1734 1738 1750 1754 1764 1825 1839 1841 1872 1873 1875 1887 1888 1913 1917 1928 1946 1980 2000 2009
1448,C 1 = C C = C ( C = C 1 ) C ( C 2 = C C = C ( C = C 2 ) N ) O,1 76 89 95 176 190 227 228 257 292 298 386 389 455 458 469 473 515 570 594 596 621 629 664 695 703 716 807 808 816 847 862 874 888 903 946 1088 1168 1171 1199 1316 1320 1322 1365 1380 1396 1399 1414 1448 1457 1581 1590 1700 1736 1750 1755 1804 1853 1873 1877 1916 1918 1959 1965 2006
1449,C C N ( C C ) C ( = O ) [C@] 1 ( C [C@H] 1 C N ) C 2 = C C = C ( S 2 ) Cl,47 80 139 162 211 226 238 270 294 395 456 504 527 555 561 638 650 654 675 679 750 772 779 807 850 881 895 898 905 907 926 932 970 974 978 981 1006 1008 1019 1034 1035 1057 1060 1071 1088 1158 1168 1171 1186 1204 1380 1425 1444 1454 1503 1520 1630 1634 1653 1664 1683 1719 1720 1741 1750 1809 1834 1858 1873 1874 1889 1917 1954 1957 1995 2037
1450,C 1 = C C 2 = N N ( N = C 2 C = C 1 ) S,119 161 228 229 289 298 330 378 403 408 525 581 759 767 789 812 831 851 863 884 935 989 996 1026 1034 1056 1088 1089 1097 1161 1193 1199 1247 1254 1264 1289 1379 1380 1501 1505 1527 1541 1551 1661 1708 1719 1730 1750 1767 1860 1868 1873 1956 2004
1451,C 1 = C ( C = C ( C = C 1 F ) Cl ) C ( F ) ( F ) F,51 114 126 162 171 216 236 244 261 283 294 313 485 553 561 567 573 626 678 699 746 749 767 798 809 841 874 875 908 920 976 1021 1033 1059 1087 1146 1158 1242 1260 1375 1380 1417 1453 1499 1520 1574 1670 1683 1723 1747 1751 1780 1873 1890 1903 1928 1932 1937 1981
1452,C C N 1 C 2 = C ( C ( N C ( = O ) N 2 ) C 3 = C C = C ( C = C 3 ) F ) C ( = O ) N ( C 1 = O ) C C,1 21 22 27 34 68 80 90 93 115 153 182 294 301 314 343 348 351 360 370 404 460 482 504 531 552 575 604 650 657 699 771 799 802 816 819 830 841 850 921 926 934 935 1019 1035 1037 1057 1060 1114 1144 1151 1169 1197 1203 1273 1279 1336 1380 1410 1413 1430 1455 1488 1512 1513 1624 1633 1648 1658 1661 1670 1742 1750 1803 1825 1873 1928 1951 1953 1954 1974 2026
1453,C 1 C ( C N ( C 1 = O ) C 2 = C ( C = C C ( = C 2 ) Br ) F ) N,43 88 94 98 160 196 216 231 253 254 314 325 355 387 409 469 482 556 589 608 616 650 675 699 728 739 766 798 800 875 909 926 931 935 956 965 989 997 1015 1019 1053 1083 1108 1150 1157 1171 1189 1210 1295 1305 1317 1380 1412 1445 1457 1491 1506 1542 1591 1595 1631 1657 1673 1676 1726 1749 1750 1793 1832 1840 1873 1928 2008 2016
1454,C 1 = C C = C ( C ( = C 1 ) C ( = O ) N C 2 = C C = C ( C = C 2 ) N C C 3 = C C = C S 3 ) Cl,14 35 62 80 87 143 146 191 196 229 241 255 366 383 467 478 486 506 561 628 650 656 675 682 774 807 843 847 849 862 892 953 974 1008 1077 1088 1101 1132 1152 1168 1198 1199 1256 1264 1287 1317 1380 1388 1416 1423 1430 1447 1465 1496 1567 1599 1657 1683 1709 1723 1724 1743 1748 1750 1797 1816 1819 1827 1828 1852 1867 1873 1884 1917 1923 1927 1978 1991 2011 2043
1455,C N 1 C 2 = C ( C = C C ( = C 2 ) O ) C ( = C 1 Cl ) C ( = O ) O,45 124 137 169 186 243 332 381 388 389 434 445 456 561 564 580 586 614 616 619 628 650 676 722 745 802 807 838 875 931 935 952 955 1014 1057 1070 1103 1145 1212 1241 1263 1313 1319 1345 1351 1354 1357 1365 1376 1379 1380 1505 1584 1590 1602 1629 1662 1683 1733 1746 1750 1756 1771 1829 1855 1868 1873 1886 1917 1930 2018 2047
1456,C C 1 = N C ( = C S 1 ) C 2 = C C 3 = C ( C = C 2 ) N ( C C 3 ) C ( = O ) C 4 = C C = C ( C = C 4 ) C N 5 C ( = O ) C N C 5 = O,16 34 47 80 114 221 234 310 314 378 388 434 475 487 552 588 603 626 650 654 665 675 684 693 744 798 806 807 848 849 861 875 896 918 926 935 937 943 973 980 1032 1038 1054 1057 1071 1114 1119 1134 1160 1170 1193 1225 1236 1264 1266 1295 1298 1305 1318 1344 1362 1380 1384 1385 1387 1401 1416 1480 1504 1506 1511 1533 1539 1567 1580 1683 1689 1693 1697 1709 1722 1738 1750 1754 1765 1776 1824 1843 1847 1855 1866 1873 1888 1895 1915 1917 1919 1920 1955 2005
1457,C 1 C N ( C C N 1 C 2 = N C = C C = N 2 ) C ( = O ) N C C ( C 3 = C C = C S 3 ) C 4 = C N C 5 = C C = C C = C 5 4,1 14 80 119 181 197 210 218 237 241 287 321 328 344 364 378 383 389 396 407 448 459 460 470 473 488 543 578 606 650 675 687 721 786 788 806 807 829 864 867 889 926 935 981 1005 1088 1114 1152 1199 1205 1211 1217 1231 1256 1332 1339 1345 1357 1360 1380 1388 1452 1468 1480 1495 1508 1518 1526 1565 1567 1573 1589 1668 1719 1748 1750 1776 1783 1818 1849 1866 1873 1879 1894 1901 1916 1917 1928 1937 1988 1990 2009 2034
1458,C 1 = C C = C ( C = C 1 ) P ( = N C 2 = C ( C = C ( C = C 2 [N+] ( = O ) [O-] ) Br ) [N+] ( = O ) [O-] ) ( C 3 = C C = C C = C 3 ) C 4 = C C = C C = C 4,76 132 192 293 315 349 354 369 378 385 389 438 456 477 507 516 547 573 650 686 715 716 725 728 753 769 779 838 841 843 868 874 875 880 889 909 982 1014 1036 1061 1075 1084 1088 1121 1193 1195 1199 1240 1249 1262 1380 1414 1445 1446 1457 1462 1552 1564 1592 1628 1631 1665 1695 1719 1750 1759 1773 1778 1807 1811 1815 1873 1886 1888 1932 1951 1963 1975 1993 2041
1459,C C ( C ) C C S C 1 = N N = C ( N 1 C C = C ) C O C,1 8 12 48 66 80 116 152 162 194 195 231 283 289 310 311 314 318 341 369 378 444 516 559 564 569 575 603 606 636 642 653 694 695 735 739 743 745 747 765 802 826 841 847 894 935 940 955 976 981 1001 1005 1011 1016 1057 1067 1072 1121 1133 1164 1178 1182 1193 1203 1217 1266 1289 1295 1366 1377 1380 1449 1465 1473 1503 1607 1624 1645 1646 1658 1712 1715 1819 1820 1847 1853 1860 1893 1916 1918 1972 1993 2000 2003 2015 2026 2033 2040
1460,C C ( C ) ( C ) C 1 = C N = C ( O 1 ) C S C 2 = C N = C ( S 2 ) N C 3 = N C = C ( C = C 3 ) C N C C N ( C ) C,24 59 70 74 80 99 114 116 157 162 224 249 255 275 310 316 341 378 379 385 392 431 470 491 537 628 641 652 656 667 669 675 693 705 762 869 881 885 891 896 917 921 957 967 995 1004 1047 1056 1057 1060 1099 1112 1138 1152 1163 1178 1187 1245 1262 1309 1336 1339 1380 1395 1444 1452 1475 1476 1486 1535 1604 1632 1688 1692 1725 1750 1754 1781 1782 1815 1873 1889 1951 1955 1973 1990 2019 2038
1461,C [C@H] 1 [C@@H] ( C = C [C@@H] ( O 1 ) O C C # C ) O C C # C,6 80 97 146 154 270 409 411 550 562 621 651 656 674 678 695 701 718 722 823 887 915 974 996 1012 1019 1025 1028 1057 1083 1087 1119 1207 1309 1316 1364 1386 1395 1432 1435 1615 1623 1656 1669 1764 1780 1781 1812 1827 1861 1873 1878 1899 1900 1921 1934 1938 1991 1993 2001 2036 2039 2046
1462,C C ( = O ) C 1 = C C 2 = C ( C = C 1 ) S C 3 = C C = C C = C 3 N 2 C ( = O ) C N 4 C ( = O ) C 5 = C C = C C = C 5 C 4 = O,1 4 20 64 80 129 181 184 278 287 312 314 352 390 397 437 451 461 486 488 567 585 588 597 603 615 617 642 650 675 680 689 744 745 807 841 858 872 875 879 917 935 949 984 1009 1016 1017 1033 1056 1057 1088 1133 1170 1199 1217 1219 1267 1276 1281 1290 1295 1305 1307 1312 1327 1380 1385 1439 1442 1507 1550 1564 1585 1599 1647 1660 1665 1670 1697 1702 1733 1747 1750 1779 1813 1820 1846 1873 1902 1917 1920 2044
1463,C C 1 = C C 2 = C ( S 1 ) N = C ( N ( C 2 = O ) C ) C,64 103 162 225 236 254 280 281 314 326 378 382 426 428 432 435 441 504 511 514 553 564 650 675 685 703 719 721 781 784 789 829 857 875 917 935 962 963 1057 1066 1114 1127 1142 1145 1174 1176 1272 1329 1357 1360 1380 1395 1438 1444 1533 1538 1564 1615 1677 1722 1789 1792 1804 1818 1835 1842 1849 1850 1855 1866 1873 1894 1939 1948 1961 1998 2004
1464,C C ( C 1 = N C = C N = C 1 ) C ( = O ) O C ( C ) ( C C / C = C ( \ C ) / C C C = C ( C ) C ) C = C,1 18 60 80 101 108 114 129 130 135 147 190 231 237 270 283 346 348 357 368 378 385 392 401 404 420 430 442 479 501 512 513 567 577 644 650 666 684 694 695 752 807 900 952 1017 1057 1071 1075 1083 1122 1125 1180 1225 1228 1257 1270 1277 1308 1316 1357 1366 1380 1434 1452 1485 1535 1564 1574 1582 1586 1595 1603 1616 1645 1694 1714 1736 1758 1785 1791 1851 1866 1873 1917 1929 1945 1973 1985 1986 2027 2033
1465,C 1 C O [C@@H] ( C 2 = C C = C C = C 2 1 ) C N C ( = O ) C ( = O ) N C C O,1 48 80 97 114 139 140 197 222 241 334 342 344 349 371 381 412 450 473 548 591 620 650 654 656 667 719 722 723 802 807 926 946 950 958 1007 1019 1027 1052 1088 1142 1151 1152 1165 1179 1194 1199 1201 1210 1236 1283 1287 1297 1310 1380 1431 1445 1477 1491 1519 1577 1604 1708 1738 1749 1750 1786 1834 1853 1866 1873 1887 1912 1916 1917 1947 1955 1997 2026 2043
1466,C C ( = O ) N C 1 = C C ( = C ( C = C 1 ) C ( = O ) C O C ( = O ) / C = C / C 2 = C C ( = C C = C 2 ) C ( F ) ( F ) F ) F,7 31 37 52 67 80 100 114 121 147 176 184 191 217 234 245 254 272 353 361 404 474 530 531 548 649 650 679 694 695 699 706 807 809 835 843 849 871 875 920 933 941 966 990 1017 1039 1057 1073 1088 1114 1147 1152 1164 1167 1205 1215 1260 1308 1353 1364 1380 1403 1409 1417 1453 1474 1510 1522 1529 1540 1577 1588 1610 1660 1678 1693 1750 1775 1803 1816 1840 1873 1917 1928 1939 1962 1991 1999 2004 2017 2033 2041
1467,C C C C C C C C C C C C ( = O ) O C 1 = C C ( = C C ( = C 1 ) N ( C C ( = O ) O ) C C ( = O ) O ) O C ( = O ) C C C C C C C C C C C,12 58 80 99 161 186 192 238 272 294 322 336 350 389 414 475 499 502 519 582 591 605 650 651 695 696 713 735 741 763 772 780 794 807 875 881 982 1013 1031 1038 1057 1096 1110 1135 1143 1150 1175 1184 1190 1224 1258 1267 1380 1386 1399 1444 1461 1467 1564 1581 1613 1641 1687 1690 1692 1693 1710 1729 1737 1770 1777 1853 1873 1911 1917 1947 1962 1970 2045
1468,C ( = O ) ( [C@@H] ( N ) C c 1 c c c 2 c ( c 1 ) c c c c 2 ) N [C@@H] ( C C ( C ) C ) C ( = O ) O C,1 54 79 80 117 147 203 268 283 307 308 310 322 328 355 444 487 491 495 504 554 573 577 598 615 638 650 680 695 736 738 746 759 786 787 807 818 837 841 844 875 885 890 937 941 966 975 1017 1045 1057 1087 1088 1117 1152 1162 1166 1171 1199 1262 1286 1303 1380 1387 1412 1482 1520 1550 1589 1621 1658 1707 1750 1754 1762 1788 1847 1848 1849 1855 1873 1917 1970 1990 2016
1469,C C [C@@H] ( C 1 = N N = N N 1 C C 2 = C C = C ( C = C 2 ) F ) N ( C C C 3 = C C = C C = C 3 ) C C 4 = C C 5 = C ( C ( = C ( C = C 5 ) C ) C ) N C 4 = O,1 57 70 80 90 121 135 158 186 203 252 257 294 298 310 314 346 353 354 361 378 389 410 507 528 585 602 629 643 650 661 664 677 681 699 746 750 811 856 875 881 898 935 944 962 967 993 1045 1057 1066 1088 1111 1114 1120 1145 1164 1179 1199 1243 1254 1280 1327 1349 1359 1379 1380 1384 1385 1391 1410 1530 1533 1544 1558 1570 1614 1634 1666 1670 1683 1691 1716 1721 1722 1728 1745 1750 1754 1765 1783 1813 1836 1855 1858 1873 1895 1903 1920 1928 1951 1957 1991 2034
1470,O 1 [C@H] ( c 2 c c c c c 2 ) C N C ( = O ) [C@@H] ( C C ( = O ) N ( C c 2 c c c c c 2 ) C C O ) C / C = C \ C [C@H] ( C 1 = O ) C C ( = O ) O C ( C ) ( C ) C,28 36 41 80 87 100 114 222 231 282 314 315 349 389 392 405 406 470 473 507 519 573 574 587 598 616 644 650 656 695 700 714 750 754 807 848 879 881 922 923 926 941 978 1004 1019 1034 1057 1066 1088 1096 1109 1114 1128 1147 1148 1199 1205 1209 1238 1249 1252 1279 1342 1380 1386 1397 1410 1412 1427 1508 1511 1574 1611 1663 1721 1750 1754 1797 1859 1866 1872 1873 1917 1943 1947 1951 1961 2005 2019 2035
1471,C 1 C C 2 = [N+] ( C 1 ) N C ( = S ) C 2 O,5 14 38 40 77 97 196 332 383 406 435 457 463 493 570 610 612 713 761 807 817 926 941 1019 1028 1114 1142 1145 1199 1228 1257 1290 1298 1302 1380 1389 1401 1423 1482 1496 1510 1571 1643 1717 1719 1738 1744 1817 1826 1865 1881 1958
1472,C C ( = O ) C C N 1 C C C ( = C 2 C 3 = C C = C C = C 3 C C C 4 = C 2 C = C ( C = C 4 ) C ( F ) ( F ) F ) C C 1,1 57 80 114 292 323 352 380 586 618 643 650 670 733 768 807 809 839 873 875 882 926 935 969 976 984 1017 1038 1055 1057 1088 1145 1199 1236 1260 1287 1300 1346 1380 1388 1409 1417 1427 1453 1480 1482 1522 1526 1550 1564 1565 1594 1604 1665 1708 1715 1738 1750 1791 1792 1803 1815 1844 1872 1873 1878 1900 1917 1928 1966 1980 2021 2026
1473,C C C C ( C 1 = C ( C = C C ( = C 1 ) Br ) O C C ) N,1 19 46 80 94 96 98 145 161 170 178 237 246 258 294 332 351 395 418 422 425 445 461 463 526 674 695 708 728 739 766 786 794 809 850 858 875 897 909 942 959 968 969 1026 1032 1057 1065 1136 1157 1164 1171 1224 1234 1238 1270 1313 1380 1413 1452 1494 1531 1558 1585 1631 1646 1650 1663 1750 1824 1873 1890 1970 1992
1474,C 1 C O C 2 = C ( O 1 ) C = C C ( = C 2 ) C ( = C 3 C ( N ( C ( = O ) C 3 = O ) C C C [N+] 4 = C N C = C 4 ) C 5 = C C ( = C C = C 5 ) Br ) O,0 16 20 26 53 57 77 80 167 230 237 314 320 384 389 427 441 463 471 485 515 536 574 576 581 590 592 630 650 656 666 687 727 728 731 738 766 807 813 817 875 879 891 909 916 926 935 947 950 959 1003 1019 1029 1035 1039 1060 1075 1088 1098 1114 1130 1132 1145 1162 1214 1240 1250 1279 1308 1309 1314 1326 1351 1374 1380 1385 1388 1420 1427 1440 1464 1476 1479 1506 1529 1631 1636 1647 1656 1663 1692 1697 1707 1728 1736 1750 1775 1788 1850 1860 1873 1903 1905 1911 1921 1981 2000 2007 2034 2040
1475,C C C ( = O ) N ( C C C O C ) C ( C ) C 1 = N C 2 = C C = C C = C 2 C ( = O ) N 1 C C O C,1 13 80 105 107 151 241 260 268 270 283 289 294 314 368 378 389 390 402 404 410 486 504 512 578 588 604 640 650 651 654 662 695 729 802 807 841 867 881 889 898 935 948 1005 1057 1088 1097 1114 1121 1123 1135 1145 1162 1169 1178 1199 1238 1248 1357 1359 1380 1488 1508 1567 1573 1583 1590 1629 1641 1696 1714 1750 1753 1811 1819 1835 1854 1855 1861 1865 1873 1889 1911 1917 1945 1951 1976 1979 1987
1476,C N 1 C C C 2 = C C ( = C ( C = C 2 C C 1 C ( F ) ( F ) F ) O ) O,16 49 50 94 114 185 200 222 231 232 233 288 297 323 331 486 530 566 589 665 678 725 727 735 740 760 807 827 836 875 926 935 968 1019 1051 1055 1057 1080 1088 1145 1166 1211 1236 1237 1261 1273 1281 1285 1314 1320 1327 1380 1453 1480 1493 1587 1601 1602 1607 1630 1713 1738 1849 1851 1873 1888 1926 1928 1929 1992 2022 2046
1477,C C ( C ) ( C ) C # C / C = C / C / C ( = C / C C C C O C 1 = C C = C C ( = C 1 ) C 2 = C S C = C 2 ) / C O S ( = O ) ( = O ) C,13 14 46 64 80 91 114 166 171 174 193 224 322 350 368 372 392 401 424 479 505 552 562 575 576 610 616 650 655 674 675 689 692 694 695 736 739 753 779 785 807 819 820 845 875 900 918 952 953 957 987 1004 1026 1034 1039 1041 1057 1066 1067 1073 1076 1087 1088 1147 1153 1160 1249 1258 1335 1338 1356 1373 1380 1403 1440 1441 1443 1446 1452 1475 1476 1483 1501 1578 1581 1643 1645 1691 1706 1711 1715 1730 1740 1741 1744 1750 1769 1776 1777 1793 1799 1806 1832 1873 1892 1896 1909 1911 1913 2004 2007 2010
1478,C [C@H] ( / C = C / C C N 1 C = C ( N = N 1 ) C C O ) [C@@] 2 ( C 3 = C ( C = C C ( = C 3 ) Br ) N ( C 2 = O ) C C 4 = C C = C ( C = C 4 ) N 5 C 6 = C C = C C 7 = C 6 C ( = C C = C 7 ) C 5 = O ) O,1 32 44 47 72 79 80 95 99 109 113 146 158 190 219 222 233 255 271 275 283 310 314 352 361 378 385 401 410 440 464 473 475 488 555 588 628 650 657 675 689 692 694 724 725 728 747 755 760 766 781 807 809 825 839 856 875 879 909 935 949 984 1036 1039 1057 1060 1087 1088 1137 1141 1145 1154 1155 1157 1164 1173 1176 1196 1214 1243 1291 1295 1313 1356 1365 1380 1406 1427 1440 1443 1459 1467 1492 1530 1548 1556 1563 1585 1621 1624 1631 1647 1683 1686 1750 1754 1765 1783 1825 1841 1846 1855 1873 1891 1899 1915 1946 1980 1984 1991
1479,C C ( C ) ( C ( = O ) O ) C ( C ) ( C ) O O,114 130 154 193 213 309 313 365 389 392 570 650 680 695 755 788 807 815 851 879 933 946 979 1045 1048 1057 1065 1073 1114 1156 1177 1217 1229 1233 1270 1276 1303 1355 1363 1380 1387 1425 1435 1444 1455 1469 1474 1491 1507 1532 1541 1646 1708 1746 1794 1797 1844 1845 1891 1901 1917 1920 1977 1982
1480,C C C C N 1 C ( = N N C 1 = S ) C O,74 80 97 171 189 214 222 227 294 318 378 399 451 504 507 525 542 547 591 593 762 794 802 807 835 837 892 904 907 926 935 962 1020 1057 1080 1114 1119 1145 1158 1252 1282 1380 1387 1445 1471 1485 1559 1598 1619 1620 1650 1656 1717 1801 1830 1846 1867 1876 1882 1885 1888 1911 1942 1944 2004 2017 2033
1481,C C N ( C C C ( = O ) C ) C = O,35 68 80 97 169 207 210 256 275 294 308 326 356 359 497 506 518 556 568 588 650 694 754 768 781 795 807 811 829 865 880 881 889 932 1004 1017 1035 1057 1078 1129 1214 1226 1238 1245 1276 1331 1339 1346 1438 1546 1550 1564 1590 1604 1628 1647 1662 1687 1692 1781 1892 1917 1939 1951 1994 2027 2028
1482,C C 1 = C C ( = C C = C 1 ) C N ( C C ( = O ) O ) C 2 = C C = C C = C 2,14 65 80 114 133 180 209 280 288 341 365 369 371 389 408 421 447 457 498 507 516 561 588 605 626 635 650 740 743 763 774 785 807 835 867 875 879 881 919 982 1013 1039 1055 1057 1066 1077 1085 1088 1096 1100 1190 1199 1309 1364 1380 1409 1476 1535 1640 1655 1656 1683 1687 1697 1722 1737 1750 1754 1786 1812 1823 1873 1877 1917 1939 2010
1483,C C ( C ) C O C ( C ) C ( C ( = O ) O ) O C,1 5 80 118 128 210 221 245 254 283 294 303 316 381 389 438 446 492 501 536 557 628 633 648 650 686 693 695 760 807 812 822 831 841 862 900 950 963 978 985 1004 1026 1057 1103 1351 1358 1370 1416 1423 1453 1470 1589 1621 1648 1667 1742 1748 1796 1830 1844 1845 1847 1905 1911 1917 1955 1968 2000 2030
1484,c 1 ( c c c 2 c ( c 1 ) n ( c ( = O ) o 2 ) C C C C N 1 C C C C C C 1 ) Cl,2 45 53 80 129 160 165 214 216 314 329 390 422 432 487 500 508 561 569 576 650 653 656 716 742 756 802 806 816 840 875 893 901 918 926 935 946 979 1020 1022 1028 1086 1115 1145 1160 1204 1210 1259 1264 1280 1285 1320 1367 1380 1391 1422 1429 1466 1480 1482 1495 1534 1550 1570 1583 1604 1620 1659 1683 1724 1750 1785 1791 1808 1810 1821 1873 1899 1906 1911 1923 1927 1952 1976 1998 2000 2040 2046
1485,C [C@H] 1 C C C ( = O ) [C@@H] 2 [C@H] 1 C C = C [C@@H] 2 C,41 45 52 91 123 175 184 236 287 309 314 324 370 405 454 479 496 549 565 598 608 622 645 650 654 691 738 772 799 875 926 941 982 985 1019 1045 1057 1083 1128 1143 1155 1165 1172 1262 1290 1309 1325 1336 1354 1380 1447 1457 1459 1505 1512 1549 1555 1575 1585 1631 1716 1738 1751 1755 1820 1842 1859 1873 1878 1904 1908 1957 1989 2002
1486,[C-] # [N+] C C N 1 C 2 = C C = C C = C 2 N = C 1 C O,17 34 45 54 80 165 215 222 247 267 283 289 318 357 378 427 465 487 498 507 515 530 542 552 692 713 722 795 802 807 837 846 882 935 954 969 1050 1087 1088 1097 1100 1120 1145 1199 1242 1285 1290 1315 1320 1349 1380 1402 1419 1467 1498 1544 1586 1598 1608 1676 1750 1782 1855 1873 1912 1914 1951 1979 1980 1981 1987
1487,C C 1 = C C = C ( C = C 1 ) O C C C ( = O ) N C 2 = C C = C ( C = C 2 ) N C ( = O ) C,11 13 41 80 102 136 139 167 191 235 245 322 359 361 383 392 398 469 530 600 647 650 695 718 727 771 801 807 843 847 849 901 1002 1017 1034 1037 1047 1057 1077 1096 1098 1134 1152 1253 1341 1376 1380 1382 1445 1452 1466 1499 1504 1531 1564 1722 1750 1778 1813 1816 1823 1861 1873 1917 1920 1996 2019
1488,C C 1 = C C ( = C C = C 1 ) C ( = O ) N C C C ( = O ) N C 2 = C C = C C = C 2 C ( = O ) N C C 3 C C C O 3,0 8 41 54 63 80 197 239 248 265 361 363 404 425 436 486 518 526 551 596 621 630 650 656 667 717 745 777 802 807 821 827 835 837 851 875 906 926 942 950 986 994 1013 1018 1019 1028 1039 1052 1055 1057 1088 1093 1114 1125 1152 1195 1198 1199 1215 1224 1250 1292 1317 1325 1366 1380 1382 1385 1391 1438 1447 1450 1458 1468 1564 1604 1685 1695 1696 1701 1722 1750 1816 1823 1873 1876 1917 1948 1985 1991
1489,C C C N 1 C = C C ( = N 1 ) C N C 2 = N N ( C ( = C 2 ) C ) C C,12 34 51 58 80 158 180 255 258 264 290 293 294 297 360 378 423 473 504 515 616 633 659 676 692 697 724 747 781 794 800 820 831 850 875 883 935 992 995 1057 1087 1093 1099 1101 1123 1145 1152 1156 1163 1184 1199 1265 1268 1282 1316 1363 1380 1416 1469 1620 1623 1722 1750 1770 1791 1822 1827 1873 1956 2008 2024
1490,C O C ( = O ) / C = C ( / C 1 = C N ( C = N 1 ) C ( C 2 = C C = C C = C 2 ) ( C 3 = C C = C C = C 3 ) C 4 = C C = C C = C 4 ) \ N,50 59 89 93 111 114 118 140 202 221 254 338 368 378 389 409 453 464 477 526 636 650 690 694 695 765 777 798 807 815 841 855 870 883 896 927 932 933 935 1018 1031 1057 1073 1079 1085 1088 1120 1152 1167 1171 1191 1199 1207 1212 1254 1278 1331 1344 1354 1380 1403 1413 1417 1452 1468 1659 1708 1750 1843 1873 1910 1917 1940 1941 2008 2015 2017
1491,C N ( C ) C C N C ( = O ) C ( = O ) N C 1 = C C = C C = N 1,10 13 24 46 59 80 100 128 188 197 315 346 356 361 378 380 412 435 438 448 512 533 593 650 652 655 667 675 693 807 881 948 993 1023 1057 1088 1099 1152 1155 1158 1163 1199 1210 1233 1268 1277 1312 1321 1365 1367 1380 1421 1431 1452 1498 1542 1575 1606 1613 1631 1750 1770 1791 1792 1803 1812 1816 1846 1866 1873 1893 1917 1951 1972
1492,C C ( C ( = O ) O ) O C 1 = C C = C C ( = C 1 ) / C = C / 2 \ C ( = O ) N C ( = S ) S 2,1 2 13 21 35 97 132 139 158 204 273 281 283 284 292 314 322 389 425 427 428 466 562 590 650 664 675 682 694 695 721 767 804 807 839 873 875 926 964 1000 1025 1027 1039 1057 1060 1088 1090 1092 1114 1137 1172 1269 1310 1342 1348 1353 1380 1382 1419 1434 1487 1533 1555 1626 1657 1662 1717 1726 1750 1813 1844 1851 1856 1873 1917 1937 1947 2012 2033 2044
1493,C N ( C ) C C C N ( C 1 = N C 2 = C ( C = C ( C = C 2 S 1 ) F ) F ) C ( = O ) C 3 = C C ( = C ( C = C 3 ) F ) F,38 49 80 87 119 162 178 201 216 258 282 368 378 503 504 531 554 588 619 650 652 675 693 699 716 754 767 783 786 791 807 837 860 875 881 885 946 964 980 1030 1038 1040 1057 1106 1163 1196 1197 1199 1221 1278 1327 1336 1360 1380 1385 1448 1489 1496 1524 1539 1559 1564 1577 1635 1670 1679 1697 1698 1706 1724 1750 1757 1778 1793 1833 1840 1855 1869 1873 1877 1911 1917 1928 1930 1951 1967 1984 2038
1494,C C C ( C ) N C ( C ) C 1 = C C ( = C C = C 1 ) F,1 78 80 92 121 153 171 172 194 201 230 283 294 308 348 395 414 416 456 470 532 559 699 717 735 760 775 815 875 911 927 979 981 982 985 1027 1039 1057 1088 1152 1199 1206 1348 1365 1380 1412 1487 1492 1495 1544 1581 1596 1625 1626 1627 1664 1670 1750 1787 1817 1873 1898 1928 1953 1991 2011 2018
1495,C 1 C N ( C C C 1 O C 2 = C C = C ( C = C 2 ) O C 3 = C C = C ( C = C 3 ) C C ( = O ) N C 4 = C C = C C = C 4 C ( = O ) O ) C ( = O ) C 5 = C C ( = C ( C = C 5 ) Cl ) Cl,13 39 41 74 80 119 180 193 236 297 310 322 325 347 364 366 389 421 443 456 489 497 521 524 539 561 584 618 625 631 650 652 657 666 684 695 696 702 718 730 745 777 807 824 875 882 888 890 913 915 926 935 942 959 970 975 1019 1047 1052 1088 1100 1152 1199 1201 1224 1247 1252 1281 1325 1366 1380 1385 1402 1410 1447 1464 1480 1504 1534 1554 1571 1575 1617 1631 1632 1652 1666 1683 1696 1697 1750 1754 1756 1780 1806 1816 1831 1873 1906 1917 1936 1948 1986 1988 1991 2009 2039
1496,C C N C ( = O ) N S C C C 1 = C N C 2 = C C = C C = C 2 1,75 80 116 119 141 145 165 182 197 248 294 304 328 364 385 392 445 473 476 546 650 709 715 806 807 848 857 866 879 928 969 975 1003 1029 1057 1074 1088 1112 1114 1152 1182 1191 1197 1199 1243 1275 1318 1349 1357 1380 1453 1454 1481 1523 1571 1573 1585 1599 1601 1607 1624 1726 1750 1760 1783 1797 1819 1823 1839 1871 1873 1879 1899 1917 1937 1989
1497,C C C ( C ( = O ) N C 1 = C C = C ( C = C 1 ) S ( = O ) ( = O ) N ) O C ( = O ) C 2 = C C 3 = C ( C = C 2 ) N = C ( C ( = N 3 ) C 4 = C C = C ( C = C 4 ) O C ) C 5 = C C = C ( C = C 5 ) O C,1 15 40 69 77 78 80 135 145 148 160 191 242 291 294 297 319 322 323 342 350 374 378 442 469 471 518 573 618 641 650 682 694 695 701 715 718 780 781 806 807 831 833 841 843 849 873 875 896 901 961 978 1057 1063 1064 1077 1097 1115 1139 1152 1160 1171 1197 1204 1280 1296 1380 1385 1391 1407 1414 1433 1441 1445 1473 1476 1489 1536 1544 1550 1606 1607 1629 1647 1663 1664 1696 1697 1711 1730 1739 1750 1770 1816 1845 1855 1873 1886 1917 1919 1983 2002 2043 2046
1498,C C C N C ( = O ) C ( = O ) N C C ( = O ) N C 1 = C C = C ( C = C 1 ) N 2 C C C C C C 2,2 41 47 64 80 85 114 166 169 178 191 197 224 233 256 294 379 383 407 412 416 494 509 609 633 637 650 667 680 687 698 794 807 814 843 901 924 926 935 998 1028 1047 1057 1067 1077 1096 1105 1133 1152 1177 1195 1210 1242 1319 1355 1380 1405 1410 1431 1440 1448 1480 1534 1570 1712 1715 1750 1789 1790 1816 1825 1873 1879 1917 1980 1998
1499,C [C@] 1 2 C [C@@H] 3 [C@] 4 ( [C@] 5 6 [C@H] 1 C ( = O ) C ( O 5 ) ( [C@@H] 7 C C 8 C 9 ( O 8 ) C C = C C ( = O ) [C@@] 9 ( [C@H] 7 C C [C@] 6 ( C ( = O ) O 4 ) O ) C ) O C [C@H] 2 C ( = O ) O 3 ) C,61 66 73 101 115 149 155 196 228 238 279 314 315 362 366 369 375 387 402 412 418 430 484 519 522 529 531 547 555 559 602 650 656 667 675 679 682 696 697 706 723 750 759 764 807 853 867 877 894 906 926 933 938 940 941 942 964 993 1000 1017 1019 1030 1042 1043 1057 1060 1069 1070 1078 1079 1091 1095 1108 1116 1127 1128 1129 1135 1154 1162 1189 1207 1250 1268 1274 1282 1288 1292 1325 1345 1380 1387 1417 1430 1455 1477 1527 1552 1600 1601 1629 1647 1688 1700 1705 1730 1790 1845 1851 1873 1916 1923 1930 1950 2025
1500,C C ( C ) ( C ) O C ( = O ) O [C@H] ( C = C ) [C@@H] ( [C@H] 1 C O 1 ) O,1 5 69 114 122 135 167 197 220 227 231 245 256 327 348 351 371 392 476 499 524 543 567 595 604 611 633 650 656 694 695 746 802 807 812 864 874 926 976 1015 1019 1025 1057 1103 1169 1182 1186 1198 1284 1317 1336 1357 1366 1382 1574 1615 1624 1645 1648 1747 1757 1796 1831 1859 1917 1923 2031
1501,C C 1 = C C ( = O ) N ( C ( = S ) N 1 ) C C O,25 80 97 112 156 195 205 222 226 266 280 287 314 315 432 473 499 580 581 595 615 650 759 782 802 807 825 828 839 866 875 935 1006 1033 1057 1061 1090 1106 1114 1141 1145 1203 1281 1294 1318 1323 1380 1385 1388 1398 1574 1578 1595 1662 1671 1690 1713 1717 1722 1745 1767 1799 1801 1848 1873 1936 1994 2041 2047
1502,C O C 1 = C C ( = C C ( = C 1 O C ) O C ) C C C ( = O ) N C 2 = C C 3 = C ( C = C 2 ) O C C ( = O ) N 3,8 41 80 166 184 191 204 229 237 249 282 314 333 335 344 379 399 441 492 528 609 610 617 650 656 690 695 752 799 800 807 827 830 841 843 873 875 877 893 901 907 922 926 950 971 993 1027 1035 1057 1060 1090 1114 1152 1243 1341 1380 1382 1405 1473 1536 1564 1575 1599 1629 1633 1640 1646 1675 1708 1721 1750 1754 1758 1774 1778 1816 1832 1836 1873 1892 1905 1917 1924 1970 1982 1996 2014 2020 2026
1503,C O C 1 = C C ( = C C ( = C 1 ) C ( = O ) N C C ( = O ) N C 2 = C C ( = C ( C = C 2 ) F ) Cl ) O C,41 46 66 73 80 147 164 184 191 197 216 265 268 278 321 322 349 366 374 455 465 486 528 536 561 613 650 686 695 698 699 703 744 776 781 797 807 816 841 843 875 901 935 944 948 954 975 1031 1057 1124 1152 1218 1263 1380 1384 1385 1423 1440 1476 1488 1496 1536 1542 1548 1563 1568 1581 1638 1665 1683 1697 1715 1750 1816 1840 1873 1917 1928 1990 2001 2034
1504,C 1 2 ( C O c 3 c 2 c c ( n c 3 ) O C ) c 2 c c c c c 2 N ( C 1 = O ) C C 1 O C C C C 1,47 72 80 122 143 160 248 255 265 311 314 328 361 365 366 378 406 427 433 441 454 475 498 509 559 588 605 650 656 695 704 745 751 764 802 821 841 875 883 889 890 892 906 908 924 926 935 950 979 997 1019 1028 1034 1057 1060 1086 1088 1104 1140 1167 1172 1199 1212 1224 1233 1249 1295 1325 1327 1369 1374 1380 1391 1400 1407 1427 1448 1452 1460 1491 1535 1536 1570 1647 1703 1717 1750 1753 1823 1827 1873 1904 1905 1910 1980 2020
1505,C C C C C O C 1 = C C = C ( C = C 1 ) C ( = O ) N C ( = S ) N C 2 = C C = C C ( = C 2 ) C ( = O ) N C C,13 20 69 80 97 102 110 122 134 139 158 174 184 191 197 226 265 294 322 358 366 486 487 526 549 591 623 650 673 695 703 718 751 792 794 797 807 823 875 930 949 985 1004 1034 1039 1055 1057 1066 1088 1119 1120 1152 1172 1184 1249 1272 1319 1354 1380 1385 1414 1435 1436 1444 1452 1509 1542 1624 1629 1658 1664 1665 1697 1726 1734 1750 1751 1759 1816 1865 1867 1873 1890 1911 1917 1927 1943 1953 1960 1985 2007
1506,C O C 1 = C ( C ( = C ( C = C 1 ) C # N ) O ) O C,20 94 125 128 184 194 202 249 308 326 333 353 361 393 442 472 586 613 674 695 704 774 776 790 807 841 870 893 902 921 938 978 1026 1057 1095 1136 1191 1250 1272 1307 1342 1380 1384 1452 1536 1556 1592 1599 1602 1607 1616 1717 1750 1787 1844 1847 1862 1873 1954 1963 1970 2023
1507,C C [C@H] 1 C C C C N 1 C C ( = O ) N 2 C C C 3 = C ( C 2 ) C 4 = C ( N 3 ) C = C C ( = C 4 ) O C,1 22 27 28 34 48 60 80 87 119 128 134 155 158 198 206 259 294 322 347 348 361 407 430 448 475 502 524 564 568 627 650 676 695 718 769 781 785 789 798 807 841 848 867 875 890 906 926 935 961 974 1008 1009 1019 1028 1057 1102 1114 1116 1290 1299 1312 1313 1325 1348 1351 1357 1367 1379 1380 1384 1393 1443 1454 1480 1492 1536 1552 1592 1644 1663 1692 1714 1738 1745 1750 1761 1796 1836 1839 1873 1917 1939 1941 1946 1972 1998 2009 2022
1508,C C 1 = C ( C ( = C ( C ( = C 1 C ) C ) O N ) C ) C,44 86 134 168 225 252 257 292 333 359 380 441 476 494 529 563 564 632 667 695 704 760 780 786 923 947 973 1007 1027 1033 1057 1064 1123 1132 1162 1171 1209 1235 1272 1368 1376 1380 1504 1578 1630 1640 1679 1697 1722 2033
1509,C 1 = C C 2 = C ( C = C N = C 2 C = C 1 C ( = O ) N ) N,11 90 129 134 140 264 266 309 327 333 378 379 445 450 525 539 592 622 650 673 753 760 778 782 787 807 875 910 1093 1097 1120 1171 1172 1253 1285 1320 1346 1357 1362 1373 1380 1385 1449 1452 1457 1488 1541 1565 1573 1576 1637 1663 1685 1692 1697 1711 1727 1733 1750 1847 1866 1873 1917 1935 1941 1975 2008
1510,N C ( = O ) C 1 ( N C ( = O ) C c 2 c c c 3 c c c c c 3 c 2 ) C C 1,13 41 80 121 122 140 151 203 212 237 261 263 310 322 325 342 344 448 477 483 489 512 517 526 554 598 628 634 650 714 730 736 750 807 865 875 926 1006 1060 1069 1087 1088 1102 1104 1125 1140 1145 1152 1162 1171 1199 1273 1297 1318 1380 1387 1486 1487 1488 1492 1511 1560 1579 1608 1638 1659 1671 1683 1701 1711 1748 1750 1754 1782 1804 1812 1822 1855 1873 1902 1917 1977 1982
1511,C C 1 = C N = C ( S 1 ) N C ( = O ) C ( C ) N 2 C = C C ( = N 2 ) C ( F ) ( F ) F,1 38 57 86 114 154 162 184 229 279 283 319 325 343 360 376 378 385 552 573 586 609 639 650 675 699 708 721 734 766 772 797 807 809 916 931 935 993 1057 1101 1122 1141 1151 1152 1221 1233 1257 1266 1273 1316 1362 1380 1411 1426 1434 1452 1453 1523 1524 1535 1543 1623 1666 1694 1719 1722 1750 1782 1816 1829 1873 1905 1917 1928 1938 1956 1970 2006 2013 2028 2032
1512,C [C@H] ( C 1 = C ( C = C C ( = C 1 ) O C ) O C ) N C ( = O ) C O C 2 = C C ( = C C ( = C 2 ) Cl ) Cl,1 11 41 63 65 80 94 102 117 192 216 237 249 275 283 291 302 317 322 323 552 561 581 628 644 650 688 695 709 718 749 757 781 807 841 875 892 896 1006 1038 1057 1088 1094 1107 1152 1204 1207 1235 1238 1247 1261 1291 1335 1351 1380 1452 1471 1500 1514 1536 1570 1588 1627 1642 1654 1683 1735 1747 1750 1773 1812 1824 1843 1873 1887 1917 1935 1970 1972 2004
1513,C C 1 = C C = C ( C = C 1 ) C 2 = N N = C ( O 2 ) S C ( C ) C # N,1 66 116 192 235 246 250 260 283 285 378 393 408 487 501 511 526 531 538 541 543 559 656 674 696 710 720 737 782 786 790 882 891 896 1047 1055 1057 1120 1160 1164 1184 1226 1228 1232 1246 1269 1271 1277 1306 1369 1372 1380 1384 1411 1460 1507 1537 1569 1599 1604 1619 1638 1643 1665 1722 1750 1758 1804 1823 1851 1873 1884 1920 1932 1959 1963 1976 1993 2000 2003 2045
1514,C C C N 1 C ( = O ) C 2 = C ( C = C ( C = C 2 ) Cl ) N = C 1 S C C ( = O ) C 3 = C C = C C = C 3,52 80 95 107 116 124 145 165 216 233 237 294 302 314 341 378 384 389 407 455 504 513 525 561 591 595 640 650 747 794 802 807 816 820 861 875 894 914 935 966 1052 1057 1084 1088 1097 1106 1145 1199 1357 1365 1380 1385 1435 1486 1499 1506 1512 1540 1618 1624 1655 1683 1693 1696 1718 1733 1750 1776 1779 1855 1868 1873 1917 1959 1974 1985
1515,C C ( = O ) C 1 = C C = C ( C = C 1 ) N C C ( = O ) N C 2 = C C = C ( C = C 2 ) S ( = O ) ( = O ) C,12 41 57 62 80 184 191 289 299 319 350 460 473 482 502 594 617 618 638 650 652 679 692 698 706 715 728 804 807 823 843 871 901 907 1017 1043 1045 1057 1071 1077 1152 1184 1187 1188 1189 1276 1291 1292 1327 1345 1361 1377 1380 1384 1385 1416 1426 1440 1442 1476 1574 1589 1612 1667 1697 1703 1706 1741 1750 1796 1816 1820 1831 1865 1873 1917 2011 2023 2030
1516,C C ( C ) C S C ( C ) ( C ) N C,1 47 80 114 116 147 151 187 196 283 322 382 392 580 588 605 674 688 774 803 818 842 845 880 901 939 970 979 1040 1057 1093 1110 1148 1152 1311 1395 1421 1430 1487 1496 1512 1529 1547 1548 1572 1584 1585 1592 1594 1666 1730 1732 1748 1779 1847 1853
1517,C = C 1 [C@H] 2 C [C@@H] ( C 1 = C ) [C@H] ( C 2 ) O,35 54 122 181 190 375 431 455 518 562 745 748 769 803 807 844 849 852 905 926 1019 1082 1147 1158 1192 1257 1270 1276 1291 1292 1366 1380 1426 1445 1496 1503 1528 1604 1615 1670 1737 1744 1757 1784 1817 1849 1879 1897 1902 1912 1930 2000 2037
1518,C C 1 ( C C ( = O ) C ( C ( = C 1 ) C 2 = C C = C ( C = C 2 ) O C ) ( C ) C C 3 = C C = C C = C 3 ) C,18 32 70 80 114 193 214 286 300 314 322 389 392 435 571 644 650 655 670 695 710 715 718 746 780 781 815 831 841 858 896 926 940 941 987 1052 1057 1060 1066 1088 1092 1141 1143 1150 1160 1197 1199 1233 1265 1274 1280 1290 1347 1354 1380 1466 1470 1509 1536 1713 1717 1734 1750 1754 1794 1840 1855 1873 1888 1922 1937 2000 2025 2029 2030 2031
1519,C [C@H] ( C C 1 = C C = C C = C 1 F ) N 2 C C O C 3 = C ( C 2 ) C = C ( C = C 3 O C ) C 4 = C ( C ( = C C = C 4 ) O C ) O C,1 28 69 79 80 97 135 166 196 213 249 257 283 333 351 352 399 441 466 495 523 562 613 655 656 695 699 733 818 840 841 845 847 854 861 871 875 876 926 935 950 984 1032 1039 1040 1057 1068 1088 1093 1099 1129 1154 1160 1170 1181 1192 1199 1236 1265 1294 1323 1349 1362 1378 1380 1399 1407 1410 1464 1480 1488 1536 1544 1574 1597 1599 1618 1629 1750 1840 1873 1882 1928 1946 1959 1960 1970 2030
1520,C 1 [C@H] ( O [C@H] ( O [C@H] 1 C 2 = C C = C ( C = C 2 ) C O ) C 3 = C C = C ( C = C 3 ) C N C ( = O ) C C C C C C C ( = O ) O ) C S C 4 = N N = N N 4 C 5 = C C = C C = C 5,41 50 57 58 67 80 116 178 186 197 222 236 239 241 242 255 257 264 268 310 333 341 378 389 393 463 466 467 489 490 495 638 647 650 656 658 685 686 689 696 747 748 781 805 807 837 848 883 885 888 900 910 926 935 991 1019 1027 1049 1073 1083 1088 1093 1110 1143 1148 1152 1164 1188 1199 1207 1267 1272 1278 1279 1287 1292 1300 1338 1354 1380 1391 1423 1440 1488 1505 1513 1534 1564 1573 1589 1592 1602 1607 1618 1665 1670 1686 1718 1737 1750 1754 1779 1783 1789 1803 1818 1825 1844 1852 1857 1873 1911 1917 1921 1926 1940 1946 1968 2035
1521,C N 1 C 2 = C ( C C C 3 = C 2 C = C S 3 ) C ( = N 1 ) C ( = O ) N C C C 4 = C C = C C = C 4,8 14 42 80 87 111 145 170 194 197 289 299 323 351 352 361 364 378 389 399 457 486 490 493 554 567 650 667 675 682 777 807 818 828 834 835 855 857 890 902 926 935 1017 1045 1057 1066 1088 1105 1145 1152 1199 1209 1230 1237 1243 1248 1264 1277 1284 1308 1377 1380 1387 1433 1456 1457 1495 1507 1514 1567 1574 1625 1670 1715 1732 1738 1750 1754 1757 1763 1770 1784 1796 1805 1834 1872 1873 1917 1926 1933 1942 1956 1992 1993 2020
1522,C C N ( C C ) C C O C 1 = C ( C = C C ( = C 1 ) C ) Cl,2 13 80 108 182 235 251 260 294 366 500 548 561 580 604 620 666 693 695 714 761 858 875 878 881 932 935 1013 1057 1110 1196 1218 1283 1358 1380 1424 1436 1452 1501 1518 1537 1657 1683 1716 1722 1726 1732 1741 1750 1807 1815 1823 1839 1873 1917 1951 1970 1981
1523,C O C 1 = C C = C ( C = C 1 ) S ( = O ) ( = O ) N 2 C C C C ( C 2 ) C ( = O ) N C 3 = C C = C ( C = C 3 ) S ( = O ) ( = O ) N C 4 = N C = C C = N 4,4 15 31 43 47 80 93 191 255 263 281 312 319 322 350 364 374 378 381 424 430 446 448 469 477 478 502 539 545 552 585 636 650 689 695 701 705 715 718 739 741 757 781 784 785 800 807 810 831 832 841 843 877 883 926 935 941 974 1019 1028 1057 1077 1088 1108 1110 1121 1152 1175 1203 1238 1270 1311 1325 1332 1358 1369 1380 1443 1452 1476 1480 1536 1580 1582 1606 1627 1687 1745 1749 1750 1769 1816 1819 1855 1866 1873 1917 2025
1524,C [C@H] 1 C C 2 = C C = C C = C 2 N 1 C ( = O ) [C@H] ( C ) S C 3 = N C 4 = C ( C 5 = C ( S 4 ) C C C 5 ) C ( = O ) N 3 C [C@@H] 6 C C C O 6,1 37 42 51 80 108 112 116 132 162 216 220 231 248 250 255 257 278 283 314 320 361 378 427 434 504 506 511 517 521 557 567 601 605 628 650 652 656 662 666 675 678 734 739 747 760 802 807 821 892 908 922 926 935 937 950 964 965 984 997 1019 1022 1028 1036 1049 1057 1061 1075 1088 1093 1121 1139 1159 1162 1199 1201 1236 1281 1295 1309 1325 1350 1373 1380 1391 1393 1430 1448 1465 1468 1498 1507 1647 1666 1679 1708 1715 1723 1738 1750 1756 1817 1832 1855 1873 1880 1899 1917 1918 1924 1947 1976 1979 1984 1996
1525,C 1 = C C = C 2 C ( = C 1 ) C ( = C N 2 ) C C N C C C ( C N C ( = O ) N C 3 = C C ( = C C ( = C 3 ) C ( F ) ( F ) F ) C ( F ) ( F ) F ) C 4 = C C ( = C C = C 4 ) Cl,1 61 80 84 114 119 165 184 191 197 213 216 222 264 312 322 328 364 476 500 561 583 592 606 643 650 655 667 668 739 770 806 807 808 809 871 875 903 913 990 1004 1039 1088 1114 1128 1152 1158 1169 1171 1199 1243 1260 1300 1314 1317 1322 1338 1349 1357 1365 1380 1381 1417 1453 1465 1500 1546 1573 1581 1607 1624 1661 1680 1683 1684 1698 1702 1737 1750 1753 1759 1772 1783 1792 1813 1816 1830 1873 1879 1886 1903 1904 1914 1917 1928 1936 1937 1940 1944 1949 1972 1989 1990 2008
1526,C C 1 = N N ( C = C 1 ) C C ( = O ) N C [C@@H] 2 C C 3 = C ( O 2 ) C ( = C C ( = C 3 ) C 4 = C C = C ( S 4 ) C ( = O ) C ) Cl,41 47 51 62 80 96 118 121 151 162 197 203 217 231 239 320 334 366 378 407 419 471 473 481 502 533 561 587 622 623 649 650 656 675 682 723 728 743 744 747 750 807 813 851 870 875 922 926 935 941 971 1017 1019 1046 1057 1070 1101 1152 1160 1170 1184 1211 1236 1259 1294 1312 1336 1369 1380 1391 1397 1604 1619 1624 1643 1683 1690 1699 1720 1722 1731 1750 1804 1820 1848 1853 1873 1917 1942 1956 1994 2016 2037 2042
1527,C C 1 = C C = C ( C = C 1 ) C ( = O ) N / C ( = C \ C 2 = C C ( = C C = C 2 ) [N+] ( = O ) [O-] ) / C ( = O ) N C [C@@H] 3 C C C O 3,73 80 98 182 186 197 209 218 235 239 248 271 355 361 454 486 501 618 650 656 694 703 715 717 753 794 802 807 821 836 838 844 865 875 893 925 926 930 942 950 956 960 984 1019 1028 1039 1057 1088 1103 1118 1119 1152 1182 1192 1195 1207 1210 1274 1309 1325 1353 1380 1385 1391 1394 1468 1476 1477 1494 1518 1523 1526 1604 1610 1612 1623 1665 1669 1683 1692 1695 1697 1715 1722 1746 1750 1809 1823 1863 1873 1877 1917 1920 1930 1940 1963 1996 2022 2029 2033
1528,C C 1 = C C = C ( C = C 1 ) S ( = O ) ( = O ) O / C = C / C 2 = C ( N 3 C ( C ( C 3 = O ) N C ( = O ) C C 4 = C C = C S 4 ) S C 2 ) C ( = O ) O C ( C 5 = C C = C C = C 5 ) C 6 = C C = C C = C 6,1 5 14 18 28 41 69 80 145 147 186 196 210 227 233 235 241 263 314 319 325 350 383 387 389 390 430 451 458 470 498 545 560 600 627 650 656 675 694 695 698 711 715 753 807 817 835 855 859 863 893 908 911 926 935 956 972 998 1019 1057 1063 1084 1085 1088 1101 1104 1119 1152 1160 1196 1199 1226 1256 1261 1267 1279 1356 1365 1380 1441 1476 1505 1508 1517 1519 1535 1567 1572 1573 1575 1581 1609 1650 1656 1682 1701 1708 1715 1722 1725 1750 1823 1839 1843 1855 1873 1885 1917 1919 1920 1922 1932 1942 1974 1979
1529,C C C C 1 = C ( N 2 [C@H] ( C O 1 ) [C@@H] ( C 2 = O ) N C ( = O ) [C@@H] ( C 3 = C C = C ( C = C 3 ) O ) N ) C ( = O ) O,1 5 55 80 133 137 167 172 181 211 233 251 252 261 294 314 333 354 374 387 389 439 441 445 456 460 470 482 508 524 543 552 573 607 649 650 654 656 701 721 745 786 794 807 810 878 926 935 936 990 1019 1041 1046 1057 1068 1092 1101 1130 1152 1171 1202 1224 1225 1228 1243 1250 1289 1298 1313 1365 1380 1390 1418 1480 1481 1508 1511 1589 1602 1609 1629 1660 1689 1726 1733 1749 1750 1778 1798 1853 1867 1873 1885 1896 1917 1922 1923 1941 1944 1957 2006 2013 2015 2037
1530,C N 1 C C C 2 = C C ( = C ( C = C 2 [C@@H] ( C 1 ) C 3 = C C = C C = C 3 ) O C ( = O ) C 4 = C C = C ( C = C 4 ) [N+] ( = O ) [O-] ) Cl,29 34 59 103 142 145 147 171 207 208 212 310 366 386 389 408 437 440 460 521 533 559 561 574 606 639 650 654 667 678 695 715 739 743 753 769 772 807 814 819 826 831 833 838 857 867 875 877 925 926 935 1019 1027 1046 1057 1088 1090 1110 1145 1195 1197 1199 1236 1237 1239 1274 1279 1286 1333 1380 1385 1416 1437 1461 1475 1480 1529 1538 1613 1660 1663 1683 1697 1713 1729 1738 1750 1772 1806 1809 1814 1839 1846 1862 1873 1885 1887 1888 1917 1963 1970 1994
1531,C 1 C C C 2 ( C C 1 ) C C 3 = C C = C C = C 3 C 4 = C 2 C ( = O ) N ( C ( = N 4 ) S C C ( = O ) N C 5 = C C = C ( C = C 5 ) Cl ) C C 6 = C C = C C = C 6,2 20 41 70 74 80 116 153 164 191 216 237 242 245 314 323 335 341 350 352 370 371 378 384 389 442 449 459 504 507 561 581 597 598 650 668 676 747 773 802 807 816 817 823 843 901 914 926 935 940 984 1028 1039 1043 1060 1063 1066 1070 1077 1088 1095 1104 1123 1152 1159 1162 1199 1236 1260 1283 1380 1450 1455 1476 1492 1506 1507 1549 1585 1622 1638 1655 1657 1670 1683 1708 1729 1750 1754 1765 1782 1795 1816 1818 1835 1855 1857 1860 1873 1900 1903 1904 1917 1935 1959 1981 2032 2040
1532,C 1 C C O N ( C 1 ) C ( = O ) C Cl,55 66 80 166 170 173 300 315 330 469 470 497 560 563 564 591 612 614 639 650 656 667 768 801 807 814 891 918 926 935 944 950 967 979 999 1009 1028 1039 1040 1047 1055 1073 1109 1115 1186 1249 1301 1378 1415 1418 1422 1435 1460 1480 1503 1643 1659 1683 1697 1762 1828 1875 1899 1917 1998 2039
1533,C O C ( = O ) C [NH+] = C C 1 = C N N C 1 = O,38 80 185 195 261 272 286 292 314 326 337 344 355 474 475 514 555 559 594 596 650 658 694 695 717 750 755 807 841 844 866 885 909 961 1026 1055 1057 1065 1089 1114 1152 1175 1363 1380 1386 1476 1483 1570 1597 1601 1640 1650 1662 1738 1762 1873 1879 1886 1917 2004 2044
1534,C C 1 = N C 2 = C ( C = C C ( = C 2 C = N 1 ) N C C ( C C 3 C C S C 4 = C C = C C = C 3 4 ) ( C ( F ) ( F ) F ) O ) F,4 45 59 63 80 114 136 157 214 216 230 234 249 260 286 313 358 371 378 397 443 523 560 613 625 663 675 683 693 694 699 724 746 757 762 767 789 807 840 869 926 935 949 991 1009 1019 1027 1050 1051 1057 1064 1088 1107 1126 1152 1173 1192 1199 1210 1212 1224 1301 1325 1332 1357 1360 1380 1416 1445 1452 1453 1476 1535 1552 1611 1679 1722 1724 1729 1750 1757 1769 1795 1796 1838 1840 1855 1856 1873 1893 1908 1911 1928 1971 2007 2016
1535,C O C 1 = C C = C C = C 1 N C ( = O ) C S C 2 = N N = C ( S 2 ) N 3 C 4 = C ( C ( C ( = C 3 N ) C # N ) C 5 = C C = C ( C = C 5 ) F ) C ( = O ) C C C 4,1 41 48 74 80 90 99 116 162 182 209 222 239 249 294 295 310 314 341 378 465 499 529 599 650 667 674 675 681 690 695 699 724 741 751 756 777 790 797 807 819 841 851 866 892 899 926 935 999 1007 1019 1028 1049 1057 1067 1080 1088 1131 1136 1152 1164 1171 1199 1205 1216 1224 1234 1279 1316 1336 1341 1344 1354 1371 1374 1380 1384 1387 1391 1410 1414 1426 1429 1450 1455 1457 1493 1506 1535 1536 1582 1591 1601 1641 1670 1686 1688 1696 1738 1750 1755 1803 1816 1825 1873 1894 1900 1917 1921 1922 1928 1948 1959 1970 2030 2034
1536,C C ( C ) C 1 = C C ( = C ( C = C 1 ) O C ) S ( = O ) ( = O ) N C C 2 = C N = C C = C 2,1 12 29 80 90 94 97 188 237 249 255 283 350 378 392 437 452 502 558 598 600 623 645 650 693 695 696 716 779 795 800 803 836 841 858 859 875 913 936 942 1043 1057 1066 1080 1088 1129 1152 1158 1295 1310 1343 1365 1380 1411 1436 1442 1456 1476 1497 1502 1511 1535 1536 1586 1603 1626 1641 1666 1728 1750 1754 1758 1804 1815 1849 1853 1866 1873 1882 1892 1930 1933 1945 1953 1970
1537,C C ( C ) ( C ) N C ( = O ) C N C ( = O ) C 1 = C C 2 = C ( S 1 ) C = C C ( = C 2 ) F,41 63 79 80 114 117 162 166 171 197 227 274 296 335 354 392 413 419 430 451 486 490 510 556 581 603 618 642 650 664 675 699 728 767 807 875 885 944 985 1008 1030 1045 1057 1152 1168 1174 1181 1214 1242 1274 1308 1334 1339 1370 1375 1380 1404 1410 1423 1440 1487 1514 1548 1550 1559 1565 1670 1675 1682 1706 1715 1719 1750 1824 1840 1855 1873 1878 1891 1900 1917 1928 1931 2002
1538,C C 1 = C C ( = C C ( = C 1 O ) C ( = O ) O C ) C # C,23 52 102 145 153 202 211 243 347 354 420 437 491 509 551 592 622 650 652 662 674 695 807 841 847 875 906 909 912 915 936 955 974 1003 1013 1054 1057 1077 1087 1152 1173 1185 1254 1281 1307 1350 1380 1391 1403 1563 1602 1629 1631 1636 1697 1722 1725 1752 1763 1788 1873 1897 1917 1924 1969 1991 2031
1539,C C ( C ) ( C ) O C ( = O ) N ( [C@@H] ( C C 1 = C C = C C = C 1 ) C ( = O ) N C C 2 C C ( = N O 2 ) Br ) C ( = O ) C N,1 27 35 79 80 95 98 114 119 125 160 174 194 197 213 221 230 231 239 265 273 294 298 334 378 389 392 408 432 502 552 573 576 597 609 617 637 650 656 695 728 763 803 807 814 824 857 881 915 926 981 1018 1019 1031 1057 1066 1088 1127 1129 1152 1171 1199 1238 1263 1286 1335 1346 1372 1380 1391 1434 1452 1474 1551 1569 1574 1588 1597 1604 1622 1631 1750 1754 1826 1843 1859 1861 1873 1917 1974 2037
1540,C [C@@] 1 2 [C@@H] ( [C@] 1 ( C ( = O ) O C ) Br ) C ( = O ) N ( C 2 = O ) C 3 = C C ( = C ( C = C 3 ) Cl ) Cl,5 10 19 97 105 116 163 166 176 181 191 214 232 233 255 314 340 358 360 364 366 421 509 559 561 593 650 666 695 712 721 723 728 731 807 833 837 841 846 875 899 935 1019 1048 1055 1057 1060 1110 1123 1126 1149 1152 1242 1256 1264 1274 1348 1361 1380 1402 1497 1518 1554 1587 1598 1643 1667 1683 1686 1689 1699 1704 1717 1750 1766 1804 1825 1858 1873 1887 1917 2004 2005 2034
1541,C C 1 = C C = C ( C = C 1 ) C C N C ( = O ) C 2 = C O C ( = N 2 ) C N C,8 26 80 112 141 183 188 189 197 230 235 255 292 297 305 310 371 378 384 422 428 464 473 484 486 580 588 614 650 656 667 697 735 753 765 790 793 807 828 851 855 871 913 917 952 958 961 1027 1041 1042 1045 1057 1062 1107 1152 1193 1219 1233 1236 1238 1243 1262 1286 1339 1358 1375 1376 1380 1424 1430 1453 1507 1509 1514 1521 1583 1617 1660 1709 1715 1722 1750 1754 1773 1811 1823 1855 1873 1877 1901 1917 1920 1966 1980 1995 2002 2005
1542,C C ( C ) C ( C ( = O ) O C ) N S ( = O ) ( = O ) C 1 = C ( C ( = C ( C = C 1 ) F ) F ) F,1 8 34 54 92 136 145 146 147 206 216 283 348 350 366 392 421 502 507 522 575 606 621 623 640 650 695 699 717 781 807 841 855 997 1042 1057 1118 1119 1152 1175 1177 1202 1208 1239 1240 1256 1380 1403 1420 1445 1459 1476 1589 1602 1603 1628 1657 1726 1750 1773 1840 1873 1917 1928 1941 1982
1543,C 1 C N ( C C N 1 C C 2 = C C ( = C 3 N 2 N = C N = C 3 N ) C 4 = C C = C ( C = C 4 ) N C ( = O ) N C 5 = C C = C C ( = N 5 ) C ( F ) ( F ) F ) C C ( F ) ( F ) F,29 43 45 56 74 80 110 114 127 136 175 187 190 191 213 222 227 228 242 249 266 315 319 328 339 352 378 405 412 449 450 489 559 575 578 611 618 650 710 750 784 807 809 812 827 843 875 895 896 903 926 935 937 946 1014 1023 1039 1049 1054 1077 1084 1088 1099 1120 1152 1160 1171 1180 1229 1350 1367 1380 1394 1415 1434 1440 1448 1452 1453 1457 1459 1464 1471 1473 1480 1489 1499 1533 1540 1572 1590 1595 1598 1632 1642 1659 1715 1749 1750 1758 1765 1791 1802 1811 1816 1819 1832 1846 1855 1873 1901 1917 1928 1929 1936 1973 1974 1978 1989 1990 2007 2030
1544,C C 1 ( O C [C@@H] 2 [C@@H] ( O 1 ) [C@H] 3 [C@@H] ( [C@@H] ( O 2 ) F ) O C ( O 3 ) ( C ) C ) C,32 78 103 143 155 221 234 236 241 250 264 302 336 340 392 402 417 427 433 446 471 541 656 735 832 866 889 895 926 990 1002 1017 1018 1019 1029 1043 1057 1060 1061 1070 1085 1098 1120 1124 1187 1217 1274 1300 1356 1374 1378 1443 1509 1564 1583 1628 1738 1792 1793 1813 1819 1823 1831 1921 1923 1928 1941 1973
1545,B 1 ( C [C@@H] 2 [C@H] 3 [C@@H] ( C C ( = C 2 [C@H] ( O 1 ) C C / C ( = C / C 4 = C C ( = C ( C ( = C 4 ) C ) O ) C ) / C C C ) C ( C ) C ) C ( = O ) N ( C 3 = O ) C 5 C C C C C 5 ) O,1 2 5 19 80 83 111 129 179 202 212 231 277 283 287 294 314 324 333 382 400 420 437 455 470 473 475 557 564 573 598 611 614 650 656 661 682 685 691 694 709 733 758 760 768 794 807 815 825 832 875 890 895 926 935 947 967 991 1019 1028 1041 1043 1049 1057 1076 1088 1100 1110 1142 1165 1232 1316 1325 1332 1340 1347 1357 1364 1380 1391 1424 1437 1457 1483 1500 1564 1574 1588 1595 1599 1602 1611 1647 1661 1669 1714 1722 1744 1746 1762 1809 1829 1873 1910 1914 1922 1967 1993 2003 2008 2033 2045
1546,C 1 C C 1 2 C C 2 C 3 = C C = C C = C 3 Cl,10 135 140 143 148 173 232 241 253 298 345 359 366 371 416 436 527 544 561 672 679 750 757 853 895 926 964 974 987 994 1019 1027 1035 1055 1060 1081 1088 1159 1162 1165 1181 1199 1217 1253 1284 1380 1411 1423 1471 1524 1592 1658 1661 1680 1683 1718 1750 1770 1803 1865 1873 1906 1950 1961 2040
1547,C C C C C C C C O C 1 = C C = C ( C = C 1 ) C ( = O ) C C ( = O ) C 2 = C C = C ( C = C 2 ) O C C C C C C C C,13 53 80 102 105 108 175 214 233 234 245 263 294 322 410 492 557 573 591 650 660 695 718 752 782 794 803 807 895 930 960 970 1007 1034 1046 1057 1062 1127 1143 1152 1187 1221 1231 1249 1339 1380 1385 1435 1444 1452 1505 1540 1546 1593 1597 1618 1634 1645 1691 1693 1697 1703 1718 1750 1765 1871 1873 1911 1917 2011 2040
1548,C C C ( = O ) N C C C S C 1 = C C = C ( C = C 1 ) Br,13 41 73 80 81 90 116 164 197 287 294 304 307 341 364 366 379 422 457 466 510 522 574 592 597 627 650 666 667 697 728 774 807 811 829 848 892 897 898 901 909 926 942 999 1057 1076 1122 1141 1152 1157 1182 1208 1227 1251 1255 1284 1299 1380 1425 1509 1531 1570 1611 1626 1631 1632 1649 1750 1794 1836 1853 1866 1873 1876 1911 1917 1961 1965 1971 1979 2040
1549,C C O C ( = O ) C ( C ( F ) ( F ) F ) ( N C 1 = C C = C C = C 1 C ( F ) ( F ) F ) N C ( = O ) C Cl,37 41 59 70 80 93 101 102 107 114 115 125 139 147 202 259 262 264 294 316 344 346 354 370 419 447 472 555 579 584 650 664 667 695 701 703 716 804 806 807 809 915 921 959 978 1009 1026 1057 1058 1088 1109 1152 1199 1206 1224 1226 1238 1296 1345 1380 1453 1457 1492 1519 1548 1582 1597 1609 1617 1619 1648 1683 1696 1718 1720 1722 1724 1750 1780 1873 1881 1917 1928 2002 2033
1550,C 1 = C C ( = C C ( = C 1 ) Br ) O C C N C ( = O ) N C C 2 = C C = C O 2,13 80 87 123 125 148 157 182 197 231 255 273 322 361 425 474 485 490 501 562 580 650 656 663 667 695 718 728 760 763 766 787 807 813 875 907 909 936 977 984 1008 1034 1039 1060 1076 1088 1152 1161 1167 1233 1253 1284 1340 1380 1394 1409 1452 1466 1484 1501 1518 1529 1568 1578 1586 1607 1631 1750 1761 1790 1806 1815 1873 1887 1917 1926 1934 1987 1989
1551,C C [C@H] ( C 1 = N N = N N 1 C C 2 = C C = C ( C = C 2 ) O C ) N ( C C 3 = C C 4 = C ( C = C 3 ) O C O 4 ) C C 5 = C C 6 = C ( C = C ( C = C 6 N C 5 = O ) C ) C,1 3 14 17 47 80 98 107 119 133 158 168 186 204 257 294 298 310 314 321 322 343 378 409 418 441 448 467 472 496 507 575 585 591 612 637 650 656 664 681 695 718 738 750 781 782 811 831 841 875 879 881 926 930 935 944 995 1003 1035 1045 1057 1063 1066 1091 1114 1120 1164 1166 1179 1217 1324 1330 1349 1357 1359 1380 1390 1391 1468 1481 1506 1514 1517 1533 1536 1544 1570 1571 1594 1616 1647 1649 1683 1690 1722 1741 1745 1750 1754 1757 1765 1783 1799 1800 1823 1854 1863 1873 1895 1905 1919 1923 1953 1958 1963 1991 2034 2040
1552,C 1 = C C ( = C C ( = C 1 ) [N+] ( = O ) [O-] ) / C = C \ 2 / C ( = O ) N ( C ( = O ) S 2 ) C C 3 = C C = C ( C = C 3 ) C ( = O ) N C 4 = C C = C C ( = C 4 ) C ( F ) ( F ) F,0 72 80 114 184 191 205 266 271 273 281 310 314 352 411 475 486 577 588 618 650 675 694 703 715 753 783 791 807 809 838 863 875 879 935 947 960 981 990 1003 1027 1039 1088 1133 1152 1167 1185 1195 1204 1247 1260 1274 1277 1302 1353 1371 1380 1382 1385 1410 1416 1417 1434 1453 1469 1516 1522 1557 1610 1665 1672 1683 1691 1697 1715 1750 1754 1765 1767 1769 1795 1809 1816 1873 1907 1917 1928 1940 1962 1963 1978 1989 2003 2011 2017 2020 2033 2044
1553,C O C 1 = C C ( = C C ( = C 1 O C ) O C ) / C = C / C ( = O ) C 2 = C ( C = C C ( = C 2 ) O C 3 C C C C O 3 ) O C 4 C C C C O 4,17 31 94 114 227 249 282 304 322 329 333 345 348 361 399 445 453 524 560 563 595 623 650 656 691 694 695 701 718 753 802 807 809 835 841 875 890 891 925 926 930 950 967 968 1003 1010 1019 1028 1040 1057 1099 1104 1155 1179 1223 1248 1249 1308 1325 1374 1380 1387 1393 1395 1420 1434 1461 1476 1493 1509 1531 1536 1599 1667 1677 1686 1750 1768 1817 1825 1828 1851 1854 1873 1892 1917 1970 1975 1983 1991 2000 2033
1554,C C C N 1 C ( = C ( C = N 1 ) C ) N C ( = O ) C N 2 C = C ( C = N 2 ) C 3 = C 4 C = C S C 4 = N C = N 3,14 41 43 46 80 107 158 191 199 276 294 299 323 329 358 374 378 402 403 406 420 441 451 464 467 489 509 511 528 533 554 579 609 641 650 675 723 747 764 794 807 811 820 912 935 941 963 999 1018 1020 1057 1081 1109 1139 1145 1152 1160 1221 1256 1284 1312 1357 1380 1382 1391 1452 1477 1504 1535 1567 1701 1710 1722 1750 1760 1809 1810 1816 1826 1829 1836 1845 1873 1875 1876 1894 1896 1897 1912 1917 1987 2029
1555,C C O C ( = O ) C 1 = C ( N C ( = C ( C 1 C 2 = C C = C C = C 2 / C = C / C ( = O ) O C ( C ) ( C ) C ) C ( = O ) O C C ) C N ) C,26 31 43 73 80 84 114 145 147 176 187 231 294 340 353 371 392 409 414 420 441 472 520 521 537 563 584 589 650 694 695 708 717 726 759 763 783 807 835 862 912 961 981 1005 1019 1027 1047 1052 1057 1058 1060 1073 1077 1088 1092 1106 1113 1114 1133 1171 1199 1227 1238 1267 1303 1321 1345 1363 1380 1432 1442 1452 1462 1464 1492 1549 1574 1651 1655 1688 1722 1748 1750 1752 1769 1807 1831 1859 1864 1873 1917 1978 1999 2003 2007 2027
1556,C C C C ( C ) N ( C C = C ) C ( = O ) C 1 C 2 3 C C [C@] ( O 2 ) ( [C@H] ( [C@H] 3 C ( = O ) N 1 [C@H] ( C C ( C ) C ) C O ) C ( = O ) N ( C C = C ) C 4 = C C = C ( C = C 4 ) O C C ) C C,1 5 51 62 68 69 80 97 102 111 115 139 151 193 212 222 237 238 247 283 293 294 314 322 360 377 381 397 400 408 424 430 473 480 482 510 515 522 554 593 615 628 643 650 656 667 673 680 694 695 703 708 718 725 739 741 759 783 788 794 807 810 818 820 823 858 878 881 926 935 940 960 976 1019 1057 1058 1060 1089 1090 1096 1099 1162 1181 1182 1190 1200 1209 1220 1232 1238 1318 1329 1348 1351 1366 1372 1380 1391 1407 1411 1438 1452 1481 1484 1501 1506 1508 1602 1627 1645 1659 1671 1730 1750 1764 1788 1802 1824 1847 1861 1873 1881 1917 1986
1557,C C 1 = C C = C ( C = C 1 ) O C C N C ( = O ) C C N 2 C ( = C ) C 3 = C C = C C = C 3 C 2 = O,8 13 23 35 41 47 80 102 110 128 197 225 228 235 238 268 314 322 336 352 385 434 436 438 490 526 566 588 597 642 645 650 667 671 674 695 710 718 722 745 779 807 819 879 908 935 963 984 1034 1057 1075 1088 1110 1132 1145 1152 1193 1195 1199 1218 1264 1366 1380 1425 1439 1452 1479 1529 1544 1558 1564 1589 1596 1705 1722 1750 1790 1820 1823 1868 1871 1873 1897 1917 1920 1938 1978 1986 1990 2014 2024
1558,C C 1 = C ( C = C O 1 ) C ( = O ) N C 2 = N C ( = C S 2 ) C C ( = O ) N 3 C C C ( C C 3 ) ( C 4 = C C = C C = C 4 ) C ( = O ) O C,4 23 47 80 88 105 117 118 136 149 163 166 210 254 292 310 325 356 378 381 385 389 392 393 397 398 407 434 480 486 509 552 556 594 598 613 624 644 650 656 675 695 724 734 742 745 751 760 772 786 787 790 807 818 833 834 835 841 847 859 864 926 935 944 973 1001 1009 1052 1054 1057 1060 1065 1087 1088 1113 1126 1152 1158 1162 1199 1214 1219 1229 1233 1343 1380 1387 1396 1479 1480 1514 1539 1544 1560 1567 1682 1695 1722 1746 1750 1773 1816 1849 1855 1872 1873 1917 1958 1959 1967 1991 2000 2005 2009
1559,C 1 = C C ( = C ( C = C 1 O ) C 2 = C N C 3 = C 2 C = C ( C = C 3 ) Br ) O,38 119 151 157 189 190 225 255 322 328 352 381 387 451 510 550 551 596 645 656 678 714 728 745 766 789 797 806 807 837 875 909 920 1012 1048 1107 1114 1139 1151 1157 1256 1300 1313 1316 1327 1343 1349 1357 1380 1441 1463 1475 1499 1501 1510 1523 1587 1602 1607 1631 1695 1730 1750 1769 1779 1815 1862 1873 1879 1906 1937 1939 1947 2020 2042
1560,C C 1 = C C ( = C C = C 1 ) N C ( = O ) C 2 = C C = C C = C 2 N C ( = O ) / C = C / C 3 = C C ( = C ( C = C 3 ) O C ( F ) F ) O C,1 9 25 31 94 115 184 191 238 249 254 317 321 327 367 380 455 480 486 512 531 547 650 664 671 692 694 695 703 704 723 724 733 740 745 807 835 841 846 847 875 949 954 1013 1015 1039 1050 1055 1057 1081 1088 1107 1114 1140 1152 1180 1181 1199 1224 1229 1239 1245 1308 1380 1388 1394 1443 1447 1456 1492 1536 1552 1593 1636 1696 1722 1750 1752 1816 1817 1823 1828 1863 1873 1917 1928 1970 1978 1991 2025 2032 2033 2041
1561,C C 1 = C C ( = O ) C 2 = C ( C 3 = C ( C = C 2 O 1 ) O C ( [C@H] ( C 3 ) O ) ( C ) C ) O,34 49 97 195 201 202 228 231 239 240 251 306 308 314 322 334 336 361 391 410 477 501 518 552 650 656 683 701 731 760 804 807 875 926 975 992 1019 1055 1057 1060 1073 1144 1146 1155 1171 1196 1257 1263 1274 1282 1283 1374 1380 1424 1503 1525 1528 1577 1584 1585 1592 1602 1604 1619 1636 1640 1691 1719 1722 1742 1808 1834 1858 1873 1905 1944 1969 1974 1984 2017 2045
1562,C C 1 = C C ( = C ( C = C 1 ) C 2 = C C = C ( S 2 ) [N+] ( = O ) [O-] ) C,16 56 62 138 142 162 164 204 235 352 361 529 561 623 644 650 675 680 681 715 753 838 867 875 876 954 957 991 1013 1017 1026 1031 1040 1057 1096 1130 1186 1195 1239 1244 1253 1266 1335 1342 1380 1391 1442 1491 1502 1516 1697 1722 1747 1750 1780 1820 1823 1873 1963 1969 1994 1997 2011 2038
1563,n 1 c ( n c ( n c 1 N / N = C / c 1 o c ( c c 1 ) c 1 c c c ( c ( c 1 ) [N+] ( = O ) [O-] ) Cl ) O C ) N 1 C C O C C 1,22 33 67 121 135 145 187 237 250 270 308 354 355 364 366 378 407 523 552 561 570 589 634 650 656 666 694 695 715 716 725 730 753 776 813 838 841 851 861 864 875 896 926 935 950 978 1014 1048 1050 1057 1078 1122 1142 1152 1160 1164 1195 1217 1256 1293 1302 1349 1380 1405 1415 1441 1444 1455 1480 1525 1536 1582 1604 1616 1636 1650 1668 1670 1683 1701 1733 1750 1779 1794 1815 1818 1826 1836 1855 1867 1873 1891 1896 1912 1915 1919 1923 1937 1963 1966 1984 2012 2044
1564,C C ( C N C C Cl ) Cl,1 16 30 80 133 176 181 283 287 335 343 461 574 606 667 696 734 761 793 831 876 914 963 976 1000 1004 1041 1057 1109 1152 1160 1178 1179 1217 1224 1273 1328 1342 1386 1440 1449 1456 1461 1487 1502 1513 1532 1568 1594 1622 1683 1699 1788 1792 1828 1878 1879 2026 2037
1565,C 1 = C C = C ( C = C 1 ) / C = C \ C O C ( = O ) C 2 = C C = C ( C = C 2 ) C ( = O ) O C / C = C \ C 3 = C C = C C = C 3,26 39 60 79 80 145 147 171 265 288 314 315 320 338 389 415 480 496 511 589 606 650 653 658 666 694 695 706 715 745 754 807 835 874 878 1041 1088 1089 1146 1172 1177 1191 1199 1214 1317 1353 1356 1380 1385 1386 1423 1447 1506 1522 1532 1550 1563 1687 1697 1719 1750 1756 1761 1765 1779 1780 1784 1802 1822 1873 1884 1892 1917 1942 1955 1983 2033
1566,C 1 = C C = C ( C = C 1 ) C 2 = C C 3 = C ( C = C 2 ) N = C N 3,20 59 66 119 197 211 235 236 245 286 295 342 378 389 392 527 564 631 645 691 713 715 736 785 806 834 855 875 896 933 961 988 1076 1081 1088 1097 1112 1114 1131 1160 1187 1190 1199 1331 1375 1380 1399 1443 1452 1490 1529 1750 1834 1873 1946 1964 1977 1998 2000 2047
1567,C N C C O C 1 = C C = C C 2 = C 1 C = C N 2 S ( = O ) ( = O ) C 3 = C C = C C = C 3 S ( = O ) ( = O ) C,13 16 45 80 102 138 150 255 261 316 350 355 368 392 410 490 650 667 692 695 778 782 800 803 813 821 906 908 934 935 938 951 992 996 1039 1057 1068 1083 1088 1091 1101 1152 1168 1179 1182 1198 1199 1204 1215 1276 1285 1303 1352 1357 1380 1382 1398 1402 1410 1430 1452 1467 1476 1518 1528 1556 1611 1630 1639 1736 1737 1742 1750 1778 1803 1851 1854 1861 1873 1876 1903 1906 1942 1945 1950 1970 1995
1568,C 1 = C S C ( = C 1 ) C C N C ( = O ) / C = C / C 2 = C C = C S 2,14 31 74 78 80 113 119 141 196 197 206 241 269 327 383 391 401 456 467 507 513 543 581 593 595 645 650 656 667 675 694 747 759 807 821 828 835 850 871 892 927 935 979 1036 1058 1088 1107 1119 1128 1152 1181 1243 1251 1256 1281 1356 1364 1380 1489 1526 1528 1545 1567 1574 1582 1623 1750 1873 1900 1917 1933 1945 1998
1569,C C 1 = C C = C ( C = C 1 ) / C ( = C \ 2 / C ( N ( C ( = O ) C 2 = O ) C 3 = C C = C C ( = C 3 ) C ( = O ) O ) C 4 = C C = C ( C = C 4 ) [N+] ( = O ) [O-] ) / O,4 11 23 43 49 57 124 235 314 389 395 409 436 456 584 590 629 650 702 708 715 749 753 756 769 807 818 823 838 840 859 875 879 891 895 925 935 968 982 1003 1018 1019 1025 1027 1039 1049 1057 1067 1088 1138 1146 1155 1195 1249 1250 1257 1274 1279 1281 1285 1341 1380 1385 1420 1427 1431 1466 1476 1501 1553 1561 1578 1611 1634 1655 1683 1697 1722 1750 1803 1809 1814 1821 1823 1825 1873 1875 1917 1920 1922 1947 1963 1985 2014
1570,C 1 C C C ( C C 1 ) C 2 = N N = C ( O 2 ) S C N 3 C ( = O ) C 4 = C C = C C = C 4 C 3 = O,2 19 23 80 105 116 140 141 149 152 207 212 233 292 294 314 316 341 352 359 378 392 446 467 529 547 583 588 642 650 656 667 679 693 697 728 729 739 807 879 890 891 926 931 935 949 951 979 984 996 1019 1028 1042 1088 1102 1164 1199 1234 1259 1283 1325 1348 1380 1444 1449 1491 1604 1644 1651 1680 1704 1750 1770 1873 1884 1920 1943 1960 1979 2000 2015 2016 2018 2034 2038
1571,C C C O C 1 = C ( C = C ( C = C 1 ) Br ) C ( = O ) N C ( = S ) N C 2 = C C = C ( C = C 2 ) C ( = O ) N 3 C C C C C 3,2 13 76 80 94 97 110 121 140 151 159 185 191 294 369 403 486 497 500 650 695 728 765 766 794 807 808 843 870 875 887 900 909 926 935 942 970 974 1026 1028 1057 1061 1077 1119 1121 1138 1148 1152 1157 1205 1214 1248 1265 1353 1380 1385 1386 1436 1445 1452 1480 1504 1511 1518 1542 1631 1672 1690 1697 1750 1762 1807 1808 1816 1826 1842 1865 1873 1882 1890 1894 1900 1901 1917 1960 1970 1974 1991 1998 2009
1572,C 1 C C C ( = O ) N ( C C 1 ) C C ( = O ) N N C ( = O ) C C S C 2 = C C = C ( C = C 2 ) Cl,2 13 41 46 80 86 116 168 191 207 216 236 259 281 282 310 314 325 341 392 396 454 494 561 602 606 650 733 745 746 750 796 798 807 811 816 889 898 911 922 926 935 1028 1070 1089 1123 1125 1152 1166 1168 1182 1205 1213 1227 1255 1312 1324 1370 1378 1380 1405 1480 1538 1564 1683 1738 1744 1750 1820 1824 1835 1873 1900 1906 1917 1944 1998 2015 2022 2028 2037 2043
1573,Cl c 1 c ( N C ( = O ) C C ( = O ) n 2 n c ( c ( / N = N / c 3 c ( O C ) c c c c 3 ) c 2 c 2 c c c c c 2 ) c 2 c c c c c 2 ) c c c c 1,18 38 41 59 64 80 84 94 172 197 249 272 289 290 323 332 351 361 366 378 389 391 447 464 471 502 537 561 599 618 640 650 695 725 736 806 807 841 855 911 931 932 935 937 957 974 977 985 1009 1039 1051 1057 1088 1152 1160 1177 1186 1199 1224 1225 1266 1332 1356 1378 1380 1409 1410 1432 1472 1495 1507 1520 1536 1557 1570 1601 1631 1641 1652 1665 1670 1683 1696 1700 1710 1750 1753 1772 1783 1816 1850 1873 1896 1917 1926 1948 1956 1967 1970 2017 2023
1574,c 1 ( o n c ( c 1 ) C C ) [C@H] 1 N ( C C C 1 ) C,36 80 231 240 248 255 261 294 330 373 378 409 446 459 486 493 550 554 562 574 604 609 642 643 656 664 703 724 818 833 875 878 917 926 935 1000 1019 1028 1047 1056 1057 1120 1130 1144 1145 1155 1157 1184 1238 1292 1294 1311 1312 1317 1325 1345 1370 1380 1392 1402 1419 1442 1461 1480 1542 1645 1652 1678 1709 1739 1746 1767 1799 1873 1879 1904 1953 1964 2031
1575,C C 1 = C ( C ( = C C = C 1 ) O [C@@H] ( C ) C ( = O ) N N C ( = O ) C 2 = C C ( = C N 2 ) C ( = O ) C ) C,1 56 143 252 283 371 381 429 438 440 486 531 573 610 617 618 650 664 695 733 745 806 807 823 856 875 887 931 942 963 987 1014 1017 1039 1051 1053 1057 1066 1088 1101 1114 1118 1141 1152 1211 1212 1222 1263 1269 1284 1287 1380 1385 1391 1409 1410 1415 1435 1448 1487 1490 1523 1534 1539 1582 1584 1594 1614 1673 1676 1692 1722 1748 1750 1752 1812 1820 1873 1879 1917 1970 1999 2019 2027 2043
1576,C C ( C ) C C 1 = C ( O C ( = O ) N 1 C C C N 2 C C C C C 2 ) C 3 = C C = C C = C 3,1 2 79 80 85 98 122 129 166 173 278 283 314 327 364 381 389 390 406 410 423 538 539 638 650 653 656 701 736 756 792 802 804 854 899 926 935 1028 1057 1088 1089 1095 1145 1151 1160 1191 1199 1201 1204 1276 1301 1328 1331 1332 1376 1380 1397 1422 1451 1480 1482 1512 1525 1553 1570 1604 1610 1618 1620 1650 1657 1690 1691 1717 1718 1750 1791 1847 1873 1911 1919 1973 1998 2022 2028 2037
1577,C C 1 = C C ( = C ( C = C 1 ) N 2 C ( = N N = N 2 ) S [C@H] ( C ) C ( = O ) N C 3 = N O C ( = C 3 ) C ) C,1 3 112 116 168 186 196 204 235 242 248 257 263 283 309 317 363 366 378 416 466 499 573 646 647 650 656 708 738 747 758 807 827 875 935 936 977 1013 1057 1071 1099 1100 1107 1113 1128 1138 1152 1162 1164 1173 1184 1204 1233 1295 1331 1380 1385 1391 1398 1414 1499 1507 1528 1542 1587 1608 1627 1636 1637 1667 1714 1721 1722 1742 1750 1752 1783 1816 1823 1834 1843 1852 1873 1881 1903 1913 1914 1915 1917 1953 1995
1578,C O C C ( = O ) N C 1 = C C ( = C ( C = C 1 Cl ) Cl ) O C [C@H] 2 C C [C@H] ( N 2 ) C ( = O ) N 3 C C C [C@H] 3 C # N,0 41 80 91 120 149 159 167 193 242 257 272 283 290 299 335 336 362 366 383 392 407 446 454 471 472 501 549 555 561 569 614 643 650 662 674 695 699 790 807 819 830 838 841 851 875 888 890 926 935 1005 1019 1028 1057 1107 1110 1114 1132 1133 1136 1152 1161 1168 1172 1224 1272 1304 1325 1331 1347 1362 1380 1384 1452 1480 1535 1554 1570 1580 1635 1677 1683 1694 1709 1733 1815 1816 1873 1912 1917 1948 1970 1979 2004 2017
1579,c 1 c ( c ( c c ( c 1 O C ) C C N C c 1 n c c c c 1 ) O C ) Br,2 30 43 52 58 61 80 116 149 172 190 214 245 249 255 352 378 407 424 448 462 487 495 552 557 570 639 667 681 695 723 724 728 829 833 841 875 876 879 906 973 1004 1011 1053 1057 1088 1122 1129 1152 1153 1155 1166 1169 1179 1197 1199 1224 1243 1298 1303 1340 1349 1380 1412 1424 1452 1499 1521 1536 1562 1631 1656 1667 1689 1730 1750 1778 1792 1817 1825 1833 1841 1866 1873 1903 1970 1990 2008
1580,C C N ( C C 1 = C C 2 = C ( C = C 1 ) O C O 2 ) C ( = O ) C O C ( = O ) C 3 = C ( N = C C = C 3 ) S C,14 32 43 80 82 86 98 109 116 145 147 149 223 238 294 310 321 376 378 383 394 441 448 507 587 590 650 656 695 705 720 722 736 738 750 806 807 875 881 908 926 932 936 978 991 1008 1035 1043 1057 1078 1088 1238 1262 1271 1349 1357 1380 1386 1431 1437 1447 1452 1459 1494 1500 1514 1586 1609 1647 1654 1673 1723 1732 1750 1752 1754 1759 1800 1843 1863 1866 1867 1873 1905 1910 1917 1956 1959 1991 1997 2004 2025
1581,C N ( C C ( = O ) N C C 1 = C C = N C = C 1 ) C 2 = C C ( = N C ( = N 2 ) N 3 C = C N = C 3 ) Cl,19 21 41 80 104 131 158 170 197 219 222 223 227 255 267 321 333 363 378 383 384 394 396 421 430 493 561 600 638 644 650 672 696 732 807 832 839 843 875 881 887 888 907 932 935 1057 1082 1101 1119 1129 1141 1152 1159 1163 1190 1208 1219 1256 1332 1342 1380 1409 1410 1423 1443 1466 1470 1481 1485 1500 1523 1537 1563 1573 1575 1603 1654 1683 1687 1735 1750 1754 1758 1837 1855 1866 1872 1873 1876 1917 1918 1925 1991 2017
1582,C C N ( C C ) C C 1 = C ( C = C C ( = C 1 ) Br ) O C C 2 = C C ( = C C = C 2 ) C ( = O ) O C,0 74 80 94 106 107 113 145 154 202 251 255 294 304 325 360 469 505 507 563 584 643 650 682 694 695 728 745 766 776 807 809 841 875 880 881 906 909 932 1017 1039 1057 1066 1088 1092 1126 1152 1155 1157 1165 1167 1174 1226 1243 1314 1315 1349 1364 1380 1385 1418 1437 1440 1452 1536 1537 1607 1631 1689 1715 1743 1750 1754 1770 1786 1873 1898 1917 1957 1970 1981 1985 2003 2028
1583,C O C 1 = C C = C C ( = C 1 ) N 2 C C N ( C C 2 ) C ( = O ) C 3 = C C = C C = C 3 C 4 = N C ( = N O 4 ) C 5 = C C = C C = C 5,36 109 122 151 168 248 304 322 336 352 362 378 380 389 407 437 492 496 526 562 650 656 677 687 695 721 736 766 778 781 807 841 875 926 935 942 958 984 1035 1039 1047 1049 1057 1065 1066 1069 1084 1088 1112 1145 1157 1160 1177 1199 1236 1289 1350 1360 1380 1385 1390 1414 1447 1480 1504 1508 1514 1526 1531 1536 1542 1554 1582 1583 1589 1627 1636 1676 1708 1713 1750 1825 1841 1855 1873 1910 1911 1917 1934 1972 1991 2009 2013 2036
1584,C C N C ( = O ) C 1 = C O C ( = N 1 ) C O C 2 = C C 3 = C ( C C N ( C 3 C 4 = C C ( = C C = C 4 ) F ) C ( = O ) C ( C ) ( C ) C ) C = C 2,80 110 113 114 145 195 197 199 230 242 270 277 292 294 321 322 340 358 378 384 392 393 410 416 434 440 459 471 473 486 566 574 580 588 609 650 651 654 656 695 699 718 745 765 775 776 807 851 855 859 875 884 917 926 935 959 1019 1027 1039 1057 1064 1078 1088 1115 1131 1152 1181 1183 1188 1219 1230 1232 1233 1236 1238 1279 1301 1359 1380 1386 1398 1427 1445 1452 1454 1480 1487 1492 1501 1533 1594 1624 1663 1670 1726 1734 1738 1750 1855 1873 1888 1903 1917 1928 1937 1980 1990 2013
1585,C C 1 = C C = C ( C = C 1 ) C ( C 2 = C C = N C = C 2 ) N C ( = O ) C 3 = C N ( C = C ( C 3 = O ) C ( = O ) N 4 C C C C C 4 ) C 5 C C C C 5,1 2 14 29 46 54 66 75 117 125 159 179 230 235 275 289 314 327 362 369 378 383 427 429 464 475 478 486 491 525 559 595 625 650 710 715 721 754 807 823 832 854 890 908 926 935 939 942 944 1019 1028 1042 1045 1057 1128 1152 1170 1175 1192 1194 1195 1197 1208 1325 1346 1364 1365 1380 1384 1390 1457 1480 1483 1504 1548 1572 1580 1591 1602 1603 1639 1682 1689 1692 1722 1749 1750 1759 1823 1837 1843 1853 1866 1873 1882 1889 1910 1917 1920 1949 1991 1993 1998 2009 2045
1586,C C C C C C C C C C C C C C C ( C ) C 1 = C C ( = C C ( = C 1 O ) C ( C ) C C C C C C C C C C C C C C ) C C C,1 77 79 80 86 202 204 218 237 283 294 320 357 449 485 502 523 591 606 634 654 658 679 700 733 739 770 783 794 807 834 839 861 864 875 888 894 916 948 997 1048 1057 1103 1109 1143 1195 1243 1281 1283 1289 1307 1326 1380 1420 1444 1451 1454 1478 1498 1509 1525 1564 1570 1602 1692 1695 1709 1726 1729 1737 1748 1754 1786 1825 1845 1870 1873 1911 1917
1587,C C C 1 = C C = C C = C 1 C ( = O ) [S-],34 59 63 80 114 162 194 294 330 399 433 438 522 526 534 558 588 650 732 780 807 856 874 939 980 1002 1057 1088 1114 1129 1199 1204 1251 1348 1349 1357 1363 1380 1402 1407 1430 1447 1527 1572 1575 1586 1597 1642 1651 1664 1720 1750 1799 1801 1802 1819 1825 1873 1916 1917 1962 1981 1990 1991
1588,C C ( = O ) O C C 1 = C ( C ( = C ( C ( = C 1 I ) N ) I ) C ( = O ) N C ( C O ) C ( C O ) O ) I,1 4 52 80 102 117 147 150 176 222 227 259 261 275 306 364 445 455 476 482 486 516 519 521 578 586 589 599 616 640 647 650 661 670 695 745 781 807 819 831 846 868 871 876 888 933 940 947 978 985 1017 1032 1035 1045 1057 1130 1152 1163 1171 1183 1235 1238 1251 1252 1301 1332 1342 1380 1399 1457 1502 1530 1546 1554 1574 1579 1594 1648 1666 1673 1689 1794 1836 1858 1863 1917 1978 1980 1989 1996 2005 2034
1589,C C ( = O ) N C ( C ( = O ) O ) C ( = O ) O Cl,1 14 117 134 147 218 245 366 374 389 403 519 564 583 649 650 695 719 728 744 747 807 830 837 854 893 919 947 1017 1034 1057 1152 1173 1214 1219 1230 1294 1342 1369 1419 1517 1532 1564 1597 1624 1627 1656 1683 1823 1844 1864 1866 1883 1911 1917 1939
1590,C = C C O C ( = O ) O C = C,74 80 103 139 147 245 294 298 333 351 418 445 471 535 582 627 650 694 695 727 750 786 789 807 905 931 940 969 1065 1103 1133 1203 1339 1366 1370 1436 1491 1550 1561 1589 1601 1627 1641 1645 1670 1676 1743 1745 1756 1841 1859 1917 1949 1955 1965 1970 1974 1978 2000 2036 2039
1591,C [C@@H] ( C ( = O ) N C 1 = C ( C 2 = C ( S 1 ) C C C C C 2 ) C # N ) S C 3 = N N = C ( N 3 C ) C C 4 = C C = C C = C 4,0 1 2 12 42 47 50 65 80 83 96 112 116 130 132 162 196 213 220 263 283 310 318 340 358 361 378 380 384 389 397 444 466 470 486 523 531 554 564 573 584 593 623 650 658 674 675 707 711 747 790 807 872 886 898 923 925 926 935 951 978 1028 1047 1050 1057 1063 1066 1076 1088 1121 1136 1145 1148 1152 1155 1162 1164 1166 1173 1199 1240 1328 1355 1364 1380 1384 1385 1391 1411 1430 1449 1456 1473 1499 1507 1509 1622 1647 1668 1699 1738 1750 1754 1759 1816 1817 1818 1873 1884 1914 1917 1980 2023
1592,C 1 C O C C N 1 C C 2 O C 3 C ( O 2 ) C 4 = C C = C C = C 4 O C 5 = C C = C C = C 3 5,29 80 123 153 189 225 259 300 371 420 523 570 581 597 651 656 658 677 707 755 786 815 824 888 908 922 923 926 935 950 1019 1024 1027 1088 1115 1142 1199 1208 1277 1289 1303 1313 1321 1336 1344 1364 1368 1377 1380 1405 1441 1480 1481 1493 1502 1562 1586 1605 1668 1674 1722 1750 1775 1783 1789 1791 1795 1802 1810 1825 1832 1839 1848 1849 1857 1873 1905 1909 1921 1937 1944 1989 1994
1593,C [C@] 1 2 C C ( C 3 C ( C 1 C C C 2 ( C ( = O ) C O C ( = O ) C C C ( = O ) N C C 4 = C C = C C = N 4 ) O ) C C C 5 = C C ( = O ) C = C [C@] 3 5 C ) O,41 51 80 84 147 172 182 188 197 200 240 255 262 264 314 315 333 335 347 348 373 378 408 444 448 504 519 529 547 557 600 606 622 630 639 640 650 662 675 677 679 682 684 695 724 772 787 807 829 840 849 926 967 1009 1019 1030 1057 1060 1067 1088 1102 1152 1153 1154 1155 1161 1162 1170 1175 1195 1199 1200 1223 1247 1257 1274 1284 1291 1307 1325 1336 1380 1386 1406 1423 1428 1436 1452 1472 1489 1531 1544 1559 1564 1589 1604 1671 1731 1738 1750 1762 1831 1866 1873 1905 1910 1917 1938 1978 1997 2004 2015 2021
1594,C C C C 1 = C C = C C = C 1 O O C ( = O ) C,15 80 96 177 228 241 259 294 298 302 308 319 355 509 530 547 580 636 650 695 756 777 782 794 807 851 949 981 1016 1017 1035 1055 1057 1070 1087 1088 1105 1121 1129 1199 1209 1243 1263 1266 1294 1302 1315 1349 1350 1371 1380 1395 1408 1410 1446 1448 1491 1504 1505 1580 1594 1597 1726 1747 1748 1750 1774 1784 1814 1873 1903 1917 1938 1970 1986 2039 2045 2046
1595,C N C C C C N C 1 = C 2 C = N N ( C 2 = N C = N 1 ) C,31 43 80 94 138 153 185 209 267 378 405 422 432 489 493 515 565 569 571 588 592 626 667 686 701 708 709 783 804 829 844 858 923 927 935 957 1006 1010 1034 1048 1057 1065 1086 1104 1105 1128 1131 1145 1151 1152 1230 1239 1242 1296 1356 1357 1367 1380 1416 1430 1439 1452 1521 1535 1595 1641 1646 1651 1696 1705 1742 1762 1795 1797 1804 1810 1864 1873 1911 1928 1972 1990 1995 2021
1596,C C C C C ( C C C ( C ) C # N ) C = O,1 53 70 80 129 133 278 283 294 295 365 387 413 423 451 460 486 508 591 650 661 674 678 685 691 694 723 739 773 784 790 794 808 876 882 970 984 1004 1047 1057 1063 1083 1110 1131 1137 1163 1211 1226 1241 1242 1268 1302 1309 1328 1360 1369 1384 1401 1473 1523 1540 1555 1612 1719 1759 1791 1810 1826 1873 1911 1955 2024
1597,C C 1 = C C = C ( C = C 1 ) N 2 C ( = O ) C = C 3 C C C 4 = C ( C 3 = N 2 ) C = C ( S 4 ) C ( C ) O,1 40 42 79 136 162 213 219 227 233 235 239 253 283 287 314 323 352 378 489 650 675 680 731 744 748 807 816 829 837 859 866 875 924 926 935 995 1057 1118 1141 1143 1164 1170 1205 1230 1236 1241 1270 1282 1296 1348 1380 1411 1428 1440 1495 1504 1535 1621 1653 1664 1665 1714 1720 1722 1738 1750 1772 1794 1796 1823 1825 1852 1873 1877 1920 1956 1987 2012 2039
1598,c 1 c c c c ( c 1 ) N 1 N = C ( / C ( = N / N c 2 c ( c ( c ( s 2 ) C ( = O ) O C C ) C ) C ( = O ) O C C ) / C 1 = O ) N,12 27 50 54 73 77 80 145 147 162 189 191 192 194 215 235 252 294 313 314 362 369 378 382 386 389 400 419 532 558 580 581 586 592 607 623 650 673 675 684 695 699 725 745 759 774 781 807 817 837 838 879 881 935 942 958 1008 1009 1021 1027 1049 1057 1088 1094 1095 1108 1116 1152 1171 1183 1199 1222 1238 1242 1304 1309 1380 1433 1438 1442 1457 1467 1508 1567 1623 1683 1722 1750 1760 1768 1769 1779 1789 1800 1825 1873 1917 1953 1958 2001
1599,C C N N ( C = S ) C 1 = C C = C ( C = C 1 ) O C C 2 C O C ( O 2 ) ( C C C 3 = C C = C ( C = C 3 ) Cl ) C N 4 C = C N = C 4,37 56 72 76 80 81 89 97 102 128 182 216 294 310 322 375 378 383 391 398 480 485 489 494 501 524 530 533 560 561 612 656 679 694 695 706 707 713 718 727 749 781 787 790 795 809 816 843 850 862 881 926 932 935 945 956 960 986 987 1017 1019 1045 1057 1060 1064 1070 1076 1096 1101 1136 1140 1152 1229 1243 1250 1279 1311 1332 1338 1347 1373 1374 1380 1391 1418 1452 1463 1491 1522 1603 1644 1652 1654 1660 1681 1683 1708 1709 1714 1726 1750 1754 1809 1830 1857 1864 1866 1870 1873 1923 1936 1975 1980 2034
1600,C C 1 = N N ( C 2 = N C = C C ( = C 1 2 ) C 3 C C 3 ) C C ( = O ) N 4 C C N ( C C 4 ) C C 5 = C C = C S 5,5 9 14 18 38 74 80 92 100 134 158 171 186 196 241 306 327 362 378 380 383 416 428 479 502 530 542 560 640 650 656 657 675 678 697 760 780 784 787 795 807 814 909 910 925 926 935 938 952 977 992 993 1009 1019 1025 1027 1057 1082 1088 1173 1218 1256 1312 1313 1321 1325 1328 1369 1380 1401 1444 1452 1479 1480 1546 1553 1567 1577 1588 1589 1597 1696 1722 1750 1765 1791 1866 1873 1917 1942 1946 1953 1956 1961 1984 2000 2002 2009 2024
1601,C C C ( C C C C ( C C ) O ) O,1 2 34 80 111 146 154 185 227 243 246 249 277 294 361 459 588 614 619 636 641 686 715 724 728 739 793 807 839 892 907 931 982 986 1019 1057 1058 1078 1087 1138 1235 1303 1382 1391 1456 1461 1536 1544 1688 1711 1760 1767 1911 1928 1933 1935 1954 2018 2038
1602,C 1 = C C = C ( C = C 1 ) C ( = O ) O C [C@@H] 2 [C@H] ( [C@H] ( [C@@H] ( O 2 ) N 3 C = C ( C = C C 3 = O ) [N+] ( = O ) [O-] ) O C ( = O ) C 4 = C C = C C = C 4 ) O C ( = O ) C 5 = C C = C C = C 5,5 41 58 75 79 80 95 131 133 145 147 217 305 314 352 363 389 458 464 470 477 517 546 577 579 597 603 606 610 631 650 656 674 681 695 708 715 729 738 753 784 801 807 838 874 925 935 956 957 967 968 969 981 1019 1034 1074 1088 1126 1136 1141 1176 1187 1189 1195 1199 1268 1274 1380 1381 1385 1415 1421 1433 1439 1451 1471 1522 1678 1720 1750 1809 1810 1814 1857 1873 1917 1921 1950 1963 1985 2014 2025 2026
1603,C C 1 C C 2 = C ( C = C ( C ( = O ) N 2 ) C ( = O ) O C ) C ( = O ) C 1,3 55 57 128 140 145 185 190 231 278 293 307 314 330 333 339 342 352 360 363 468 511 520 639 650 676 695 750 751 770 807 841 875 901 906 926 936 962 980 987 1005 1018 1019 1057 1114 1120 1148 1152 1156 1168 1301 1309 1313 1380 1391 1437 1457 1494 1497 1511 1569 1574 1588 1601 1603 1616 1652 1656 1663 1689 1745 1791 1873 1901 1917 1950 1952 1979 1988 1991 2008
1604,C 1 = C C ( = C C ( = C 1 ) F ) C C ( C 2 = C ( C = C C ( = C 2 ) Cl ) Cl ) N,1 16 79 80 121 129 165 214 216 230 237 295 304 310 329 344 345 366 430 538 552 561 594 666 699 720 753 786 816 839 848 875 876 906 980 986 1023 1033 1039 1066 1088 1089 1153 1171 1207 1222 1270 1288 1289 1292 1341 1380 1420 1487 1564 1567 1658 1670 1681 1683 1689 1703 1735 1750 1754 1847 1857 1860 1873 1923 1928 1933 1949 1990 2016 2037 2038
1605,C C 1 = C C ( = C ( C = C 1 ) N C ( = O ) C S C 2 = N C 3 = C ( C 4 = C ( S 3 ) C C C C 4 ) C ( = O ) N 2 C C ( = C ) C ) C,17 37 41 42 51 80 93 102 116 162 204 220 235 270 310 314 332 341 361 378 384 410 427 458 473 504 511 621 629 650 675 730 747 802 807 809 840 875 920 926 935 978 996 997 1013 1017 1022 1028 1049 1057 1074 1152 1194 1224 1279 1297 1312 1366 1380 1391 1393 1411 1430 1442 1445 1455 1506 1522 1533 1593 1655 1677 1715 1722 1738 1750 1816 1817 1823 1832 1855 1856 1873 1917 1948 1950 1959 1966 1984 2019
1606,C = C C N ( C ( C # N ) C 1 = C C = C ( C = C 1 ) Br ) C ( = O ) C ( F ) ( F ) F,1 35 50 80 87 114 151 157 165 198 226 232 260 272 364 401 406 413 473 490 523 576 582 601 603 650 674 687 694 728 741 759 770 780 790 807 881 884 891 909 920 940 976 1063 1076 1083 1103 1105 1111 1147 1157 1180 1189 1226 1230 1329 1330 1348 1365 1366 1369 1370 1380 1384 1390 1453 1465 1469 1485 1502 1515 1527 1563 1611 1631 1645 1649 1705 1731 1746 1750 1751 1773 1853 1861 1873 1917 1928 1957 1985 2000 2011 2046
1607,C C O C ( = O ) C 1 C ( = C ( C C N 1 C C 2 = C C = C C = C 2 ) I ) C,80 135 147 158 163 215 252 294 306 310 319 340 389 437 480 491 534 570 650 661 677 695 721 750 807 894 926 935 947 985 1009 1019 1043 1050 1057 1060 1066 1088 1199 1238 1249 1270 1326 1380 1382 1395 1430 1465 1471 1480 1511 1559 1566 1631 1633 1683 1722 1738 1750 1754 1765 1769 1835 1873 1886 1917 2007 2014 2022 2040
1608,C 1 C N ( C C N 1 C C O C ( C 2 = C C = C C = C 2 ) C 3 = C C = C C = C 3 ) C C ( C C 4 = C C = C C 4 ) O,1 13 50 74 79 80 173 207 227 237 242 251 255 268 275 309 313 316 332 377 389 444 455 465 499 533 545 557 628 695 703 733 741 763 807 862 893 926 935 938 953 960 965 1006 1019 1035 1039 1044 1057 1062 1088 1128 1145 1199 1213 1239 1240 1249 1276 1280 1305 1317 1326 1334 1365 1380 1480 1482 1489 1524 1570 1581 1627 1630 1648 1668 1677 1750 1791 1810 1843 1873 1893 1917 1922 1932 1979 2009 2038 2040 2044
1609,C 1 C 2 = C C = C C = C 2 O C 3 = C 1 C ( = O ) N C ( = N 3 ) C 4 = C C ( = C C = C 4 ) Cl,0 17 97 101 165 204 216 272 299 314 321 333 361 378 393 407 445 462 492 561 567 592 596 600 632 650 656 736 750 760 767 783 800 826 848 856 870 875 890 926 944 1023 1039 1068 1069 1088 1114 1129 1137 1160 1199 1236 1279 1283 1338 1354 1380 1417 1443 1453 1454 1481 1489 1560 1564 1597 1609 1660 1676 1683 1708 1745 1750 1800 1810 1814 1825 1855 1862 1873 1889 1905 1908 1980 2001 2006
1610,C O C 1 = C C ( = C C ( = C 1 O C C 2 = C C = C C = C 2 ) O C ) C 3 C 4 = C ( C ( = C ( C = C 4 C C N 3 C ( = O ) C 5 = C C = C ( C = C 5 ) F ) O C ) O C C 6 = C C = C C = C 6 ) O C,75 80 90 107 129 227 242 249 295 333 342 389 410 473 506 509 547 650 651 687 695 699 700 744 745 759 760 765 807 821 841 850 867 875 886 911 926 927 933 935 942 998 1019 1057 1066 1087 1088 1132 1199 1212 1219 1225 1236 1251 1264 1276 1279 1358 1380 1385 1398 1410 1427 1447 1452 1480 1504 1511 1536 1542 1599 1636 1648 1670 1673 1697 1707 1738 1750 1754 1803 1853 1855 1873 1881 1888 1892 1911 1917 1928 1970 1981 1994 2042
1611,C C 1 = C C ( = C ( C = C 1 ) N C ( = O ) C S C 2 = N C ( = N C 3 = C 2 C ( = O ) N ( C ( = O ) N 3 C ) C ) C 4 = C C ( = C ( C = C 4 ) O C ) O C ) C,5 32 41 80 94 116 140 170 204 231 235 249 314 341 345 378 400 444 453 476 478 504 505 509 540 564 571 650 695 771 789 807 841 845 853 875 896 919 935 967 1013 1019 1024 1031 1034 1057 1130 1132 1139 1145 1152 1160 1162 1175 1224 1245 1258 1297 1302 1318 1338 1364 1380 1385 1391 1397 1442 1455 1485 1506 1536 1615 1653 1677 1696 1722 1750 1798 1816 1823 1855 1856 1864 1873 1884 1885 1893 1917 1948 1959 1970 1984 2012
1612,C C 1 = C C 2 = C ( C = C 1 ) N ( C ( = O ) C ( S C 2 C 3 = C ( C ( = C C = C 3 ) O C ) O C ) C C ( = O ) N 4 C C C ( C C 4 ) C ( = O ) O ) C C ( C ) ( C ) C,5 80 98 113 114 129 144 164 202 211 235 249 261 280 286 314 327 333 336 355 360 371 389 392 393 454 519 551 557 570 588 613 616 627 632 645 647 650 652 675 695 748 749 760 807 841 875 926 929 935 974 988 997 1004 1006 1009 1013 1019 1027 1032 1039 1041 1057 1059 1088 1111 1131 1214 1237 1250 1295 1296 1312 1325 1326 1337 1380 1384 1410 1414 1420 1429 1431 1480 1536 1562 1572 1599 1630 1644 1686 1703 1722 1738 1750 1793 1799 1811 1823 1837 1873 1886 1897 1915 1917 1970 1997 1998 2000 2009 2020
1613,C C C N ( C ) C ( = O ) C N 1 C 2 = C C = C C = C 2 N = C 1 C C 3 = C C = C C = C 3 F,32 36 40 45 60 66 80 128 212 213 242 253 289 294 318 334 357 364 378 491 502 515 553 557 614 650 680 699 700 706 775 794 802 807 812 868 881 935 989 1032 1057 1068 1083 1088 1097 1145 1163 1199 1237 1238 1264 1285 1312 1349 1356 1371 1380 1430 1497 1564 1573 1597 1611 1622 1629 1638 1660 1729 1750 1761 1840 1855 1873 1889 1908 1912 1917 1928 1939 1951 1973
1614,C [C@H] ( / C = C / C C ( = O ) N 1 C C 2 = C C = C C = C 2 C [C@H] 1 C O ) [C@@] 3 ( C 4 = C ( C = C C ( = C 4 ) [N+] ( = O ) [O-] ) N ( C 3 = O ) C C 5 = C C ( = C C = C 5 ) N C ( = O ) [C@H] 6 C C C N 6 ) O,1 5 80 107 113 121 144 156 162 171 181 184 191 194 222 230 231 242 246 255 263 283 305 314 328 346 361 362 395 407 425 440 468 473 475 533 548 555 583 588 614 628 633 650 672 689 694 703 710 715 728 742 744 753 755 760 785 807 838 875 926 935 969 983 1005 1009 1014 1019 1020 1028 1039 1057 1060 1066 1087 1088 1102 1114 1146 1152 1154 1170 1195 1199 1200 1236 1274 1295 1313 1315 1325 1340 1343 1352 1356 1374 1380 1427 1507 1508 1516 1527 1531 1552 1606 1607 1608 1624 1672 1708 1723 1736 1744 1750 1754 1765 1769 1809 1814 1816 1842 1863 1873 1912 1915 1917 1940 1946 1963 1980 2004 2009
1615,C C N ( C C ) C ( = O ) C 1 = C ( C = C C ( = C 1 ) N C ( = O ) C 2 = C C = C C = C 2 ) N 3 C C C N ( C C 3 ) C ( = O ) C 4 C C C C 4,24 37 53 80 154 184 188 191 192 196 231 245 246 294 369 389 407 423 454 462 481 486 602 620 650 680 706 756 767 806 807 827 843 856 875 881 890 926 928 932 935 963 974 978 1008 1012 1019 1028 1057 1080 1083 1088 1121 1152 1199 1215 1221 1295 1325 1349 1362 1380 1385 1461 1480 1508 1510 1535 1545 1589 1609 1665 1701 1750 1755 1762 1778 1795 1813 1815 1816 1858 1864 1873 1895 1915 1917 1944 1969 1978 1985 1991 1992 2004 2009 2033
1616,C C 1 = C ( C = C ( C = C 1 ) N C ( = O ) C O C 2 = C C = C C = C 2 F ) C ( F ) ( F ) F,24 27 41 47 54 80 114 121 141 144 148 167 184 191 192 201 224 228 262 353 358 412 419 481 496 510 571 577 650 695 699 704 733 782 796 803 807 809 843 875 887 892 901 925 930 941 974 1024 1032 1057 1059 1088 1152 1166 1187 1199 1226 1270 1300 1312 1327 1380 1387 1391 1394 1410 1443 1452 1453 1481 1549 1573 1622 1691 1709 1722 1750 1804 1816 1840 1843 1856 1873 1917 1928 1970 1987 2004 2043
1617,C 1 C C ( O C = C 1 ) O N,28 38 63 66 107 191 192 229 235 237 249 266 328 380 447 569 574 656 687 695 769 775 860 864 882 883 886 902 926 962 974 1019 1023 1043 1068 1086 1106 1128 1147 1171 1214 1263 1264 1325 1407 1433 1473 1509 1599 1691 1767 1795 1834 1873 1881 1934 1960
1618,C C ( C 1 = N C 2 = C C = C C = C 2 N 1 C C C N ( C ) C ) Cl,1 39 45 77 80 100 151 173 198 283 289 302 357 378 412 438 457 467 480 510 518 524 525 531 553 628 652 693 768 787 789 799 802 843 881 892 914 935 937 946 955 963 1038 1053 1057 1088 1097 1145 1161 1163 1199 1214 1285 1341 1359 1380 1396 1420 1463 1558 1597 1609 1620 1634 1662 1675 1683 1750 1754 1760 1804 1851 1855 1873 1900 1902 1911 1912 1944 1948 1951
1619,C C 1 = C ( C ( = N C 2 = N C ( = N N 1 2 ) N ) C ) C C C ( = O ) O C C ( = O ) N C C 3 = C C ( = C C = C 3 ) O C,41 80 92 126 136 147 153 189 197 219 222 226 255 257 264 306 322 332 333 351 378 392 409 412 480 559 562 650 669 677 695 781 807 836 838 840 841 875 890 920 934 935 943 954 955 984 988 1003 1018 1038 1039 1041 1057 1066 1083 1084 1088 1091 1104 1112 1117 1123 1152 1171 1193 1216 1243 1256 1306 1308 1358 1377 1380 1386 1391 1407 1408 1410 1412 1446 1457 1475 1499 1501 1509 1519 1533 1536 1563 1564 1573 1639 1704 1710 1722 1745 1750 1754 1766 1779 1855 1873 1898 1917 1956 1972 1986 2004 2028 2031 2034
1620,C [C@H] ( C ( = O ) N 1 C C C C 2 = C C = C C = C 2 1 ) O C ( = O ) C C C 3 = N C 4 = C ( N 3 C ) C = C C ( = C 4 ) S ( = O ) ( = O ) N ( C ) C,0 1 23 45 48 69 80 108 112 126 177 212 246 271 282 283 291 318 319 350 359 378 452 472 492 515 537 556 564 585 597 626 645 647 650 686 695 715 762 763 774 780 785 786 794 807 815 819 875 881 926 935 954 980 1022 1028 1041 1057 1059 1088 1097 1138 1145 1154 1155 1163 1199 1215 1236 1243 1263 1269 1295 1326 1346 1380 1383 1386 1387 1394 1397 1408 1423 1441 1460 1476 1480 1540 1564 1566 1574 1592 1613 1647 1708 1727 1737 1738 1750 1806 1855 1873 1917 1977 2021
1621,C C ( C ) C 1 = C C ( = C ( C ( = C 1 ) C ( C ) C ) S ( = O ) ( = O ) N C 2 = C C = C C = C 2 C C ( = O ) N ( C ) C ( C N 3 C C C ( C 3 ) O ) C 4 = C C = C C = C 4 ) C ( C ) C,1 74 77 80 121 148 209 237 240 264 283 300 325 339 342 350 361 389 401 426 464 470 479 491 502 510 512 528 544 556 574 590 598 601 606 626 646 650 651 702 739 741 786 807 837 875 881 890 896 926 927 935 936 955 964 969 1019 1021 1057 1067 1088 1096 1121 1130 1152 1163 1183 1199 1224 1238 1257 1261 1269 1270 1296 1299 1316 1320 1325 1349 1365 1368 1380 1476 1478 1480 1489 1512 1548 1551 1552 1581 1593 1597 1605 1607 1696 1704 1707 1750 1768 1790 1791 1804 1873 1895 1917 1922 2021
1622,C 1 = C C = C ( C = C 1 ) C C ( C ( = O ) N C ( C C 2 = C N = C N 2 ) C ( = O ) N C ( C C ( = O ) N ) C ( = O ) N C ( C C 3 = C C = C C = C 3 ) C ( = O ) O ) N,1 79 80 94 117 140 163 188 250 275 376 378 385 389 409 499 573 589 617 650 713 736 742 747 786 787 806 807 851 857 890 892 953 963 966 971 973 1017 1066 1088 1110 1114 1152 1171 1199 1277 1283 1287 1290 1352 1380 1418 1428 1478 1522 1535 1537 1565 1603 1607 1616 1624 1750 1754 1785 1791 1844 1849 1873 1878 1891 1898 1916 1917 1928 1942 1948 1957 2006 2016 2034
1623,C C ( C C O ) C O C 1 = C 2 C ( = C ( C = C 1 ) O C C ( C N 3 C C N ( C C 3 ) C 4 = C C = C C = C 4 ) O ) C C C ( = O ) N 2,1 50 74 80 94 102 105 118 159 196 222 227 281 283 297 314 332 361 389 407 414 472 473 485 490 567 569 588 597 599 610 630 632 638 650 658 687 695 699 716 739 790 807 860 888 900 911 926 935 951 981 982 988 1049 1057 1060 1088 1114 1126 1199 1218 1219 1252 1296 1308 1353 1380 1405 1452 1457 1480 1489 1508 1528 1575 1577 1627 1633 1650 1710 1738 1750 1787 1791 1825 1873 1900 1912 1922 1934 1942 1970 1972 1975 1997 2007 2038
1624,C C ( = O ) C C = C C = C,80 102 167 192 219 299 410 432 486 491 591 629 650 694 784 790 807 815 828 927 969 986 1017 1037 1057 1087 1169 1260 1304 1336 1356 1366 1368 1382 1416 1453 1534 1550 1558 1634 1645 1672 1728 1791 1839 1896 1917 1923
1625,C 1 C O C C N 1 C C N C C 2 = C C = C ( C = C 2 ) C ( = O ) N C 3 = C ( C = C ( C = C 3 ) Br ) C ( = O ) N / N = C / C 4 = C C ( = C ( C = C 4 ) Cl ) C ( F ) ( F ) F,0 21 25 57 80 81 99 114 125 148 191 217 220 255 262 309 310 318 355 364 366 419 486 491 519 523 527 561 563 574 616 638 645 650 656 666 667 694 714 725 728 744 745 766 777 778 791 807 809 833 864 875 885 886 909 910 924 926 935 947 950 964 1004 1015 1033 1096 1132 1139 1145 1152 1155 1157 1194 1224 1268 1294 1369 1380 1385 1405 1408 1416 1441 1453 1469 1480 1482 1530 1579 1590 1620 1624 1631 1665 1683 1697 1750 1754 1772 1790 1791 1794 1795 1808 1816 1849 1856 1867 1873 1917 1920 1928 1987 1990 1991 1992 2007 2033
1626,C C ( C 1 = C C ( = C C ( = C 1 ) C ( F ) ( F ) F ) C ( F ) ( F ) F ) O C C 2 ( C C C ( C N 2 ) O C ( = O ) N 3 C C C C 3 ) C,1 47 64 80 87 114 119 125 154 194 199 283 316 350 369 452 460 464 470 576 588 650 661 681 685 695 709 729 752 804 807 809 875 903 918 926 932 935 936 984 1019 1028 1048 1050 1057 1060 1065 1103 1114 1126 1145 1158 1162 1163 1204 1260 1269 1274 1314 1325 1326 1334 1365 1370 1380 1385 1417 1418 1432 1441 1453 1480 1487 1498 1554 1576 1608 1629 1665 1806 1829 1844 1853 1856 1873 1917 1928 1983 1998 2009 2039
1627,C C 1 = C C 2 = C ( C = C 1 ) O C C ( = O ) N 2 C ( C ) C ( = O ) N C 3 = C C ( = C ( C = C 3 ) O C ) Cl,1 36 94 115 184 191 235 239 249 283 294 314 315 366 381 406 422 441 445 460 470 503 560 561 573 595 608 609 614 650 656 662 670 690 695 708 798 807 822 841 843 851 875 882 886 889 898 900 926 929 935 946 963 1013 1026 1035 1044 1057 1089 1098 1106 1110 1121 1152 1190 1288 1295 1298 1332 1380 1411 1415 1428 1431 1469 1519 1536 1581 1657 1664 1683 1708 1722 1750 1769 1804 1816 1823 1846 1873 1879 1890 1905 1917 1970 1982 2032
1628,C C 1 = C ( C = C ( C = C 1 ) N C ( = O ) C 2 = C C ( = C N 2 ) Cl ) Cl,112 143 184 191 216 220 233 316 366 369 376 377 390 391 402 434 486 489 490 529 531 561 586 590 645 650 705 732 735 744 770 806 807 810 813 843 864 875 943 995 1057 1092 1097 1114 1152 1246 1251 1308 1319 1380 1387 1391 1415 1442 1461 1480 1544 1553 1581 1623 1640 1665 1683 1691 1722 1740 1750 1775 1788 1816 1863 1873 1879 1890 1907 1917 1959 1978 1998 2026 2027
1629,C C O C ( = C 1 C C C C C 1 ) O [Si] ( C ) ( C ) C,2 80 147 231 261 294 310 378 425 494 498 507 549 598 656 695 731 759 781 807 813 926 944 995 1028 1057 1079 1089 1142 1159 1178 1237 1238 1249 1275 1295 1380 1420 1439 1471 1478 1484 1688 1710 1722 1738 1761 1914 1957 1964 2000 2019 2028
1630,C C 1 = C C ( = C ( S 1 ) C ) C ( C ) N C 2 C C C C N C 2 = O,1 28 84 93 103 117 132 162 228 237 283 305 312 313 314 325 348 358 438 482 494 536 562 596 623 650 675 721 749 773 782 783 799 826 875 886 890 902 926 962 997 1007 1019 1020 1028 1034 1057 1070 1114 1123 1152 1179 1185 1214 1251 1277 1302 1303 1325 1340 1351 1380 1393 1400 1419 1471 1524 1617 1627 1641 1704 1714 1716 1722 1723 1736 1794 1806 1866 1873 1926 1974 1995 2000 2009
1631,C # C C 1 C C C C ( = O ) C 1,2 15 23 152 167 177 184 208 225 231 249 254 306 314 343 445 461 473 476 480 535 614 650 659 674 790 915 926 951 963 968 974 1019 1028 1042 1053 1091 1097 1111 1142 1149 1182 1289 1299 1325 1377 1380 1411 1417 1446 1453 1487 1539 1629 1680 1693 1713 1719 1738 1749 1789 1834 1863 1960 1976 2005
1632,C C O C ( = O ) C ( C C C 1 = C C = C ( C = C 1 ) O C ) N C 2 C C C ( = O ) N 3 C C C C ( N 3 C 2 = O ) C ( = O ) O C ( C ) ( C ) C,1 5 45 80 84 103 110 114 147 182 197 231 285 294 310 314 318 322 324 333 354 392 411 443 446 455 456 512 523 531 534 623 650 695 713 718 736 739 776 781 798 807 821 826 831 841 926 927 935 947 1000 1019 1028 1041 1045 1057 1066 1075 1121 1137 1152 1177 1182 1238 1243 1263 1265 1266 1324 1325 1329 1362 1380 1401 1412 1439 1446 1480 1536 1554 1569 1574 1586 1597 1625 1641 1722 1738 1750 1754 1818 1839 1859 1873 1880 1889 1894 1899 1917 1931 1937 1954 2000 2003 2009
1633,C C C C C C C C ( = O ) N C ( C O C ( = O ) C C C C C C C ) C O C ( = O ) C C C C C C C,1 41 67 80 117 118 144 147 167 169 183 201 213 233 257 260 294 333 352 354 385 403 427 454 460 514 591 603 609 650 658 677 687 695 729 780 786 794 807 895 908 911 988 993 1013 1057 1086 1121 1143 1152 1190 1236 1240 1267 1299 1311 1365 1386 1399 1442 1444 1537 1564 1615 1718 1776 1894 1911 1917 1920 1944 1983 2011 2028
1634,C O C ( = O ) N C 1 C C C C C C 1 = O,2 4 16 17 29 53 148 166 183 192 194 208 227 259 281 301 310 314 324 331 360 370 387 389 432 439 442 562 566 650 677 695 766 806 807 829 841 890 926 964 998 1019 1020 1028 1057 1058 1075 1099 1100 1110 1122 1132 1149 1152 1193 1202 1289 1325 1336 1379 1380 1437 1596 1602 1605 1656 1738 1758 1774 1780 1782 1917 1942 1950 1959 1966 2000
1635,C C 1 = C C = C C = C 1 / C = C / C ( = O ) N 2 C C N ( C C 2 ) C C 3 = N C 4 = C C = C C = C 4 S 3,31 38 59 65 74 80 158 162 211 255 289 327 348 373 378 441 450 461 472 557 584 650 675 676 694 696 720 724 768 784 807 835 861 885 911 921 924 926 935 961 973 980 992 998 1014 1039 1040 1052 1057 1074 1080 1088 1097 1199 1263 1367 1380 1389 1391 1480 1511 1553 1570 1577 1578 1581 1589 1606 1661 1690 1722 1750 1765 1791 1855 1873 1907 1912 1917 1945 1967 1989 1999 2009
1636,C 1 C C 2 = C ( C ( = O ) N 3 C ( = N 2 ) N = C N 3 ) S C 1,33 37 44 103 155 157 165 314 326 357 378 390 480 504 579 583 650 675 699 713 717 772 784 789 798 799 824 877 881 913 926 935 975 978 1028 1071 1100 1114 1123 1128 1181 1205 1253 1300 1301 1304 1330 1351 1380 1386 1423 1440 1452 1463 1494 1521 1549 1638 1669 1683 1709 1718 1738 1816 1855 1873 1886 1948 2002 2042
1637,C C C C C C C C C C O C ( = O ) / N = C ( / C 1 = C C = C ( C = C 1 ) C 2 = C C = C ( C = C 2 ) O C [C@@H] 3 C [C@H] ( C ( = O ) N 3 ) C C ( = O ) O C ) \ N,13 30 58 60 63 65 66 80 81 102 140 141 147 195 273 294 301 302 313 314 322 405 408 427 428 457 483 530 567 591 636 641 650 685 695 699 718 725 749 762 794 807 812 819 841 896 925 926 951 967 1004 1015 1019 1029 1034 1057 1114 1136 1143 1152 1160 1171 1178 1187 1249 1266 1292 1331 1375 1380 1385 1386 1444 1452 1524 1529 1551 1570 1580 1611 1627 1656 1697 1710 1717 1733 1734 1750 1762 1779 1827 1873 1888 1911 1912 1917 1928 1958 1964 1968
1638,C C ( C ) ( C ) C 1 = C C ( = C ( C ( = C 1 ) N S ( = O ) ( = O ) C ) O C ) N C ( = O ) C 2 = C C 3 = C ( N 2 C ) C ( = C C = C 3 ) O C 4 = C C ( = N C = C 4 ) N 5 C C C N ( C C 5 ) C,12 14 33 39 114 128 173 207 229 238 240 251 314 321 322 333 350 368 371 378 391 392 407 409 450 455 486 488 527 530 541 544 564 582 603 619 650 667 680 692 695 743 787 807 829 834 841 875 878 885 919 926 935 945 947 952 971 1001 1011 1028 1031 1039 1057 1083 1087 1088 1145 1150 1152 1175 1222 1224 1236 1250 1270 1289 1291 1339 1370 1380 1410 1417 1427 1440 1452 1476 1480 1508 1517 1528 1536 1553 1574 1591 1599 1617 1618 1654 1737 1742 1750 1781 1798 1816 1855 1866 1873 1895 1917 1920 1936 1939 1958 1970 1998 2035 2039
1639,C 1 = C ( C = C ( N = C 1 C O ) C O ) I,30 42 48 80 86 92 118 124 173 222 229 243 283 336 378 383 442 492 494 632 634 661 724 768 789 799 807 837 875 947 1078 1084 1103 1197 1200 1233 1272 1275 1302 1314 1321 1344 1351 1380 1398 1431 1462 1490 1546 1594 1635 1638 1672 1676 1764 1855 1873 1907 1983 2031
1640,C C 1 = C ( C ( = O ) N ( C 1 = O ) C 2 = C C ( = C ( C = C 2 ) C # N ) C ( F ) ( F ) F ) C C C C C C N 3 C C N ( C C 3 ) C ( = O ) N C 4 = C C = C C = C 4 C ( F ) ( F ) F,2 19 23 74 80 83 114 194 195 197 218 233 240 254 262 314 334 361 368 419 439 457 498 506 593 650 653 667 669 674 686 703 712 716 790 807 809 834 840 862 875 879 886 893 915 920 926 935 1037 1057 1070 1088 1093 1136 1143 1145 1152 1158 1184 1199 1224 1237 1243 1288 1380 1381 1384 1444 1453 1454 1468 1480 1482 1560 1589 1597 1686 1696 1722 1734 1750 1755 1784 1791 1801 1810 1816 1825 1828 1833 1862 1863 1871 1873 1911 1917 1928 1958 1963 1971 1981 2009
1641,c 1 ( c ( c c c c 1 ) C C ( = O ) C n 1 c ( = O ) s c 2 c 1 c c c c 2 ) O C ( = O ) C n 1 c ( = O ) s c 2 c 1 c c c c 2,1 45 52 63 80 162 170 185 229 239 310 311 314 325 438 461 469 488 545 570 586 588 603 628 637 641 645 650 675 679 681 691 695 719 741 748 802 807 848 885 890 935 943 976 1014 1088 1147 1180 1199 1225 1260 1285 1298 1303 1312 1335 1347 1349 1366 1380 1386 1401 1403 1410 1423 1432 1462 1533 1544 1553 1573 1597 1715 1729 1750 1751 1779 1780 1790 1868 1873 1902 1917 1970 2027 2032
1642,C C ( C C N 1 C C C ( C C 1 ) N ( C C = C ) C ( = O ) O C C 2 = C C = C ( C = C 2 ) [N+] ( = O ) [O-] ) ( C N ( C ) C ( = O ) C 3 = C C = C C = C 3 ) C 4 = C C = C C = C 4,7 21 26 41 78 80 114 147 204 231 241 310 323 334 337 389 392 404 495 509 523 539 576 584 587 650 694 695 709 715 745 750 753 769 782 798 807 809 838 881 890 926 935 940 976 1008 1019 1032 1037 1057 1086 1088 1104 1119 1145 1157 1163 1195 1199 1207 1210 1212 1221 1261 1263 1274 1308 1325 1329 1366 1373 1380 1385 1389 1417 1459 1480 1482 1611 1627 1645 1719 1732 1750 1754 1761 1778 1781 1791 1809 1814 1819 1873 1914 1917 1963 1975 1985 2005 2017 2042 2043
1643,C C C C C O C 1 = C C = C ( C = C 1 ) C 2 / C ( = C ( \ C 3 = C C 4 = C ( C = C 3 ) O C ( C 4 ) C ) / O ) / C ( = O ) C ( = O ) N 2 C C C N ( C C ) C C,13 56 57 72 80 102 137 150 176 206 231 251 294 314 322 324 332 335 343 384 389 397 433 453 478 497 514 566 574 590 591 620 650 656 695 700 718 731 750 763 794 807 875 879 881 901 926 932 935 955 987 996 1003 1019 1025 1034 1035 1057 1078 1083 1087 1088 1099 1121 1123 1130 1145 1176 1236 1249 1250 1262 1275 1279 1309 1315 1319 1344 1380 1385 1420 1421 1426 1427 1434 1440 1443 1444 1452 1476 1478 1485 1487 1493 1508 1520 1549 1565 1576 1581 1633 1634 1659 1662 1697 1735 1750 1775 1803 1815 1833 1873 1895 1905 1911 1928 1944 1951 1981 2005
1644,C C C C C C C ( = O ) / C = C / C 1 = C C = C ( C = C 1 ) N ( C ) C,25 26 31 41 69 80 95 118 127 188 290 294 319 394 442 524 591 594 650 694 737 757 769 794 807 835 878 881 954 960 992 1009 1044 1057 1096 1133 1143 1163 1167 1256 1267 1308 1336 1379 1380 1444 1564 1568 1592 1607 1620 1653 1669 1680 1700 1724 1726 1747 1750 1873 1911 1917 1952 1960 1970 2033 2035
1645,C C O C 1 = C ( C ( = C C ( = C 1 ) C = O ) Br ) O C 2 = C ( C = C ( C = C 2 ) C ( F ) ( F ) F ) [N+] ( = O ) [O-],16 28 29 80 89 94 114 153 218 237 245 256 258 274 279 294 304 321 322 333 354 425 482 540 550 593 650 694 695 715 716 728 746 753 809 833 838 847 875 880 918 924 927 963 986 1004 1006 1030 1057 1063 1084 1195 1238 1256 1260 1278 1351 1352 1359 1373 1380 1385 1393 1417 1419 1452 1453 1473 1509 1522 1568 1574 1577 1617 1631 1665 1685 1750 1762 1778 1784 1803 1828 1837 1857 1868 1873 1928 1936 1963 1967 1970 1984 2009 2024 2033
1646,F c 1 c c ( O C ( C ) C ) c ( c 2 n [nH] c ( c 2 ) C ( = O ) N C c 2 c n c c c 2 ) c c 1,1 60 74 80 143 197 233 255 283 335 352 378 386 407 437 486 504 555 566 575 599 645 650 664 680 695 699 751 807 813 830 872 875 911 980 1043 1057 1066 1073 1074 1088 1114 1127 1152 1185 1263 1327 1363 1380 1410 1426 1428 1476 1486 1487 1494 1503 1535 1562 1564 1573 1586 1603 1638 1670 1719 1735 1741 1750 1754 1806 1815 1866 1872 1873 1911 1917 1928 1970 1978 2004 2025
1647,C / C = C \ C / C = C ( / C O C C C O C ( = O ) C C ( = O ) / C ( = C / C C C ( C ) C = C ) / C ) \ Cl,1 13 80 95 99 147 208 283 304 310 383 401 402 435 479 500 520 525 556 650 694 695 715 728 739 758 807 844 851 867 907 938 954 995 1000 1015 1017 1019 1034 1057 1060 1071 1135 1152 1167 1275 1292 1305 1320 1325 1330 1336 1356 1366 1386 1394 1396 1400 1427 1559 1564 1591 1645 1675 1683 1734 1753 1754 1777 1786 1787 1829 1873 1899 1901 1906 1911 1917 1968 1976 1992 2004
1648,C C 1 = C ( C 2 ( C C N ( C C 2 ) C ( = O ) C ) O C 1 = O ) C ( = O ) N C C C 3 = C C ( = C ( C = C 3 ) O C ) O C,8 80 94 104 140 163 189 197 249 273 274 284 310 314 368 382 418 486 498 528 573 609 616 620 650 656 667 695 751 752 807 828 837 841 875 920 926 935 962 985 1017 1027 1057 1060 1069 1076 1088 1093 1150 1152 1162 1165 1168 1177 1243 1245 1272 1278 1282 1300 1380 1440 1464 1474 1480 1507 1516 1533 1536 1601 1610 1635 1656 1659 1680 1722 1750 1754 1775 1860 1873 1891 1900 1917 1941 1970 1985 1989 2009
1649,C 1 C ( C ( = O ) N C 1 = O ) C C N,19 68 69 72 80 99 198 231 280 314 356 396 413 472 482 491 503 522 533 642 645 650 660 666 749 764 765 785 791 832 926 946 951 981 1013 1019 1034 1060 1103 1112 1114 1171 1188 1305 1347 1380 1384 1395 1396 1418 1477 1559 1575 1588 1611 1616 1618 1677 1780 1801 1813 1840 1935
1650,C O C 1 = C ( C ( = C ( C = C 1 ) / C = C / 2 \ C C N 3 C 2 = N C ( = O ) C 4 = C C = C C = C 4 3 ) O C ) O C,21 23 31 45 75 94 130 134 177 182 218 222 223 249 281 285 314 333 337 372 378 395 558 577 613 650 660 694 695 696 766 774 792 815 821 841 859 861 899 925 926 935 961 1046 1057 1086 1088 1094 1097 1130 1134 1171 1190 1199 1208 1229 1248 1261 1263 1273 1276 1285 1307 1348 1350 1357 1380 1392 1394 1409 1411 1432 1477 1480 1496 1518 1529 1536 1573 1599 1663 1679 1704 1706 1711 1722 1735 1738 1750 1755 1798 1800 1855 1873 1930 1941 1945 1970
1651,C C O C 1 = C ( C = C C ( = C 1 ) / C = N / N C ( = O ) C ( = O ) N C 2 = C C ( = C ( C = C 2 ) F ) Cl ) O C C 3 = C C ( = C C = C 3 ) Cl,11 25 56 80 94 107 113 165 184 191 216 227 237 294 309 318 353 366 411 425 465 556 561 592 622 649 650 671 684 694 695 699 725 745 747 773 798 807 843 860 864 875 920 924 954 964 1039 1057 1066 1083 1088 1103 1107 1139 1152 1155 1172 1194 1210 1226 1238 1263 1327 1332 1355 1371 1380 1387 1452 1488 1581 1583 1605 1615 1633 1637 1650 1666 1683 1726 1750 1754 1770 1788 1799 1816 1828 1840 1867 1873 1917 1928 1958 1970 1995 2033
1652,C C ( C 1 = C C = C C = C 1 ) N 2 C ( = O ) C ( = O ) N ( C 2 = O ) C C # N,1 50 80 92 113 188 189 227 263 268 283 290 314 389 401 470 588 589 602 611 650 674 675 732 770 790 879 929 935 962 1016 1019 1057 1062 1088 1089 1099 1117 1182 1199 1228 1266 1365 1380 1381 1384 1443 1456 1459 1484 1506 1534 1575 1581 1643 1750 1755 1768 1785 1795 1833 1873 1892 1948 2003 2026
1653,C C 1 = C C ( = C C ( = C 1 O C ( = O ) N ( C ) C ) C ) Br,16 39 58 232 234 246 263 300 333 382 402 433 449 452 455 646 650 657 695 728 807 875 877 881 909 941 966 999 1057 1076 1103 1123 1163 1174 1263 1284 1334 1377 1380 1389 1391 1393 1480 1514 1534 1553 1631 1635 1653 1661 1722 1729 1783 1794 1830 1851 1873 1892 1899 1917 1932
1654,C C 1 C N ( C C ( O 1 ) C ) C 2 = N C ( = N C 3 = C 2 C N ( C C 3 ) C ( = O ) C 4 = C C = C C = C 4 Cl ) C 5 = C C = C C = C 5,30 68 102 114 130 168 201 203 206 239 276 359 361 362 366 374 378 389 407 431 448 507 561 578 650 656 676 736 739 761 806 807 838 849 853 926 935 962 974 1019 1026 1057 1086 1088 1128 1159 1160 1199 1205 1209 1218 1230 1302 1309 1316 1342 1348 1350 1380 1385 1393 1442 1447 1448 1480 1504 1576 1648 1656 1671 1677 1683 1691 1696 1738 1750 1807 1821 1839 1855 1873 1878 1917 1921 1946 1948 1961 1966 1991 2009
1655,C O C 1 = C ( C ( = C C ( = C 1 ) / C = C / 2 \ C ( = O ) N ( C ( = O ) S 2 ) C C 3 = C C = C ( C = C 3 ) F ) Br ) O C C ( = O ) [O-],52 54 76 80 90 98 104 227 249 255 264 273 281 288 310 314 322 328 333 375 402 412 438 442 470 475 481 526 588 617 650 675 686 694 695 699 715 728 785 807 826 833 841 850 863 875 879 885 935 944 947 969 1003 1027 1057 1073 1133 1154 1164 1167 1192 1226 1327 1373 1380 1410 1434 1435 1452 1463 1469 1473 1520 1533 1536 1554 1631 1641 1670 1682 1683 1691 1742 1750 1754 1765 1771 1824 1828 1868 1873 1880 1892 1894 1917 1928 1970 2001 2004 2009 2016 2025 2028 2033 2044
1656,C 1 = C C = C ( C = C 1 ) C ( = O ) O C 2 = C C = C ( C = C 2 ) S S C 3 = C C = C ( C = C 3 ) O C ( = O ) C 4 = C C = C C = C 4,59 83 116 145 186 212 217 223 252 322 387 389 397 494 498 528 545 554 579 606 612 650 679 682 695 718 765 777 807 811 856 866 881 948 1013 1076 1083 1088 1095 1103 1130 1136 1193 1199 1255 1272 1372 1380 1385 1415 1446 1451 1512 1516 1562 1729 1750 1771 1794 1803 1873 1917 1985 1989 2032
1657,C C N 1 C ( = C C = N 1 ) C ( = O ) N C 2 = C ( N ( N = C 2 C ) C C 3 = C C = C C = C 3 Cl ) C,5 34 43 66 80 83 92 118 144 158 184 243 245 294 295 361 364 366 378 381 389 405 421 486 488 561 580 592 603 641 647 650 656 660 695 706 757 807 813 832 934 935 969 974 1057 1084 1088 1129 1136 1152 1199 1220 1225 1274 1291 1318 1332 1349 1362 1368 1373 1380 1412 1425 1466 1469 1488 1516 1559 1577 1597 1683 1697 1722 1750 1765 1766 1769 1816 1839 1841 1843 1866 1873 1874 1917 1954 1956 1966 1990
1658,C C O C ( = O ) C 1 = C ( S C 2 = C 1 C C C ( C 2 ) C ) N C ( = O ) C ( C ) O C ( = O ) C C 3 = C O C 4 = C 3 C = C C ( = C 4 ) O C,1 13 42 44 48 50 54 69 80 118 135 145 147 162 216 231 283 294 309 317 322 325 341 361 374 384 417 429 465 506 521 573 586 596 615 638 650 656 659 669 675 695 703 707 712 718 730 759 781 807 808 837 841 856 871 875 881 896 926 956 997 1003 1019 1030 1057 1117 1141 1144 1148 1152 1233 1238 1269 1307 1309 1325 1349 1356 1357 1371 1374 1380 1386 1482 1507 1510 1536 1548 1577 1580 1610 1621 1622 1687 1722 1733 1738 1750 1803 1808 1816 1825 1833 1835 1873 1917 1926 1964 1972 1977 1999 2041
1659,C C 1 = C C ( = C C = C 1 ) N C ( = S ) N C ( = O ) C 2 = C C = C C 3 = C 2 C = C C = C 3 Cl,18 42 66 97 102 110 113 125 152 184 185 191 227 234 270 282 299 303 315 366 388 421 424 486 515 561 650 651 703 713 719 761 782 786 807 875 955 974 1012 1013 1039 1055 1057 1063 1088 1119 1152 1194 1223 1247 1307 1330 1339 1357 1358 1380 1385 1406 1436 1438 1447 1463 1507 1525 1540 1542 1573 1612 1633 1683 1684 1694 1722 1738 1750 1752 1784 1816 1823 1827 1846 1865 1873 1903 1907 1917 1960 1991 1997 1998
1660,C C ( C 1 = C C 2 = C ( C = C 1 ) C = C ( C = C 2 ) O C ) C ( = O ) N C 3 = C ( C = C C = C 3 Cl ) Cl,1 109 138 166 203 233 283 293 320 322 366 381 458 459 460 471 524 537 561 573 602 612 650 667 695 718 743 771 776 781 807 835 841 875 878 882 884 900 906 912 921 935 941 974 993 1001 1005 1039 1057 1088 1152 1159 1182 1206 1313 1365 1380 1385 1407 1530 1536 1539 1632 1642 1682 1683 1705 1750 1752 1770 1771 1784 1811 1816 1820 1829 1853 1855 1870 1873 1906 1917 1920 1972 1973 2021 2026
1661,C C / C ( = C \ C ) / O [Si] ( C C ) ( C C ) C C,3 24 80 140 215 272 283 294 308 378 423 569 584 654 694 695 706 716 731 734 796 807 809 844 860 887 898 921 932 1027 1056 1057 1058 1095 1122 1245 1279 1283 1315 1367 1375 1416 1499 1512 1529 1615 1627 1719 1863 1929 1945 2015
1662,C [C@@H] 1 C C [C@@H] 2 C C ( C C C 2 C 1 ) C 3 = C C 4 = C ( C = C 3 ) C = C ( C = C 4 ) Cl,22 92 115 118 126 165 203 216 245 256 273 322 327 377 380 400 556 559 561 570 585 594 744 749 805 816 847 875 910 926 937 943 1019 1044 1057 1083 1113 1148 1168 1181 1205 1238 1279 1292 1309 1325 1375 1380 1384 1409 1536 1614 1645 1683 1750 1803 1818 1855 1873 1883 1956 1966 2000 2047
1663,C [C@@H] ( [C@H] ( C C 1 = C C = C C = C 1 ) C N C ( = O ) O C ( C ) ( C ) C ) O,1 79 80 96 114 128 197 227 231 257 283 341 347 389 392 532 539 584 595 600 606 609 611 650 657 675 682 695 710 722 726 807 829 836 857 864 891 924 936 966 1040 1057 1063 1066 1088 1090 1131 1147 1152 1199 1201 1236 1313 1349 1380 1388 1403 1429 1537 1556 1572 1574 1667 1691 1693 1722 1750 1754 1758 1814 1859 1873 1885 1906 1917 2029
1664,C C 1 = C ( C ( = C ( N = C 1 C ) S C C ( = O ) N C 2 = C C = C ( C = C 2 ) N 3 C C C C C 3 ) C # N ) C,2 32 41 80 92 113 116 126 154 191 213 233 252 302 310 320 333 341 357 358 378 388 407 414 468 480 487 499 541 584 643 650 667 674 679 680 687 697 723 741 756 782 786 790 802 807 824 843 847 858 901 916 926 931 935 982 991 1028 1057 1077 1094 1132 1136 1152 1214 1289 1380 1384 1405 1455 1480 1506 1536 1578 1613 1635 1685 1722 1737 1750 1798 1816 1821 1825 1840 1855 1856 1864 1873 1891 1906 1917 1959 1992 1998 2007
1665,C 1 C O C C N 1 C ( = O ) C 2 = C C ( = C C = C 2 ) S ( = O ) ( = O ) N C 3 = C C = C C = C 3 Cl,4 11 65 84 93 122 161 170 173 198 215 225 264 298 319 340 350 366 386 402 473 482 497 502 523 547 561 575 605 618 630 650 656 713 715 781 807 875 919 926 935 942 950 969 974 1039 1065 1088 1121 1152 1199 1201 1224 1270 1284 1310 1346 1354 1361 1380 1385 1400 1405 1441 1474 1476 1480 1504 1598 1620 1632 1646 1683 1696 1711 1743 1750 1790 1873 1881 1917 1945 1961 1981 1985 2009
1666,S ( = O ) ( = O ) ( N 1 C C C ( c 2 o c ( c ( n 2 ) C ( = O ) N C C C C ) c 2 c c c c c 2 ) C C 1 ) c 1 c ( F ) c c c c 1 F,8 23 49 80 149 154 184 197 207 254 272 294 332 350 362 366 378 389 419 449 458 467 486 490 509 531 585 591 600 613 650 656 657 667 699 710 736 786 794 800 802 807 867 878 895 926 935 989 991 1019 1021 1032 1039 1057 1065 1088 1096 1109 1152 1160 1172 1182 1191 1199 1201 1226 1273 1299 1325 1344 1380 1427 1445 1476 1480 1514 1529 1562 1602 1604 1676 1717 1721 1746 1750 1759 1761 1771 1778 1781 1823 1840 1855 1873 1875 1876 1903 1911 1916 1917 1928 1936 2000 2028 2034
1667,C 1 = C C ( = C C ( = C 1 ) F ) C N 2 C = C ( C = N 2 ) N C ( = O ) C 3 = N N 4 C = C C = N C 4 = N 3,43 66 75 80 115 136 191 219 230 282 298 349 378 386 406 448 464 486 611 613 633 650 651 658 679 692 698 699 720 744 747 790 801 807 813 875 876 895 935 1027 1039 1066 1088 1101 1103 1123 1134 1152 1167 1185 1221 1282 1328 1356 1380 1398 1429 1440 1452 1487 1498 1520 1535 1550 1592 1598 1641 1670 1674 1682 1706 1720 1732 1750 1754 1765 1778 1816 1832 1855 1866 1873 1884 1886 1891 1911 1917 1928 1956 1972 1978 1980
1668,C C 1 = C ( N C ( = C 1 S ( = O ) ( = O ) C 2 = C C = C C = C 2 ) C ( = O ) N C C 3 = C 4 C = C C = C C 4 = N N 3 ) C ( = O ) N ( C ) C C 5 = C ( C = C ( C = C 5 ) Cl ) Cl,31 74 80 86 160 165 170 190 197 202 214 216 219 221 252 255 268 283 289 319 334 350 366 378 389 440 459 473 486 496 507 555 561 575 612 616 650 676 709 718 800 807 813 816 842 846 875 881 914 965 986 992 993 1014 1021 1057 1062 1088 1097 1114 1150 1152 1163 1199 1208 1209 1214 1221 1226 1266 1282 1349 1354 1357 1380 1381 1419 1430 1432 1470 1476 1480 1552 1571 1573 1590 1612 1618 1673 1683 1712 1722 1724 1741 1745 1750 1777 1873 1917 1957 1997 1998 2004 2019 2023 2042
1669,c 1 c c c 2 c ( c 1 ) c ( c c ( = O ) o 2 ) O c 1 n c ( n c ( n 1 ) N 1 C C N ( C C 1 ) C ( C ) C ) N c 1 c c c c c 1,1 8 12 14 34 51 110 114 123 157 173 188 191 247 270 274 276 283 314 338 368 378 381 389 407 491 587 591 597 647 650 656 695 703 710 789 796 827 846 852 875 878 890 926 935 1057 1088 1114 1128 1152 1161 1192 1199 1209 1256 1264 1265 1310 1338 1357 1362 1371 1380 1415 1420 1436 1476 1478 1480 1508 1524 1536 1555 1573 1582 1586 1601 1604 1617 1627 1636 1668 1701 1750 1782 1802 1808 1826 1827 1855 1873 1896 1910 1915 1930 1960 1970 2011 2015 2021 2022
1670,C C C ( C ( = O ) N C 1 = C C ( = C ( C = C 1 ) C ) Cl ) S C 2 = N C 3 = C C = C C = C 3 C 4 = N C ( C ( = O ) N 4 2 ) C C 5 = C C = C C = C 5,1 5 15 62 65 80 95 101 106 116 123 168 183 184 191 196 199 217 225 226 250 291 294 314 322 338 352 366 378 389 399 440 449 458 463 531 561 573 612 616 632 642 650 661 681 741 807 828 837 843 850 872 875 926 927 931 935 944 953 955 969 978 984 1010 1019 1032 1049 1057 1061 1062 1066 1088 1094 1110 1126 1132 1152 1170 1186 1193 1199 1201 1338 1342 1376 1380 1391 1439 1453 1456 1461 1480 1507 1513 1536 1544 1574 1581 1611 1664 1667 1683 1686 1691 1696 1700 1722 1732 1750 1752 1754 1783 1813 1816 1873 1882 1917 1928 1977 1986 2032
1671,C [C@@H] 1 C [NH+] ( C C [C@] 1 ( C ( = O ) C ) O ) C ( C ) ( C ) C,8 31 55 107 114 143 201 215 229 320 325 392 401 508 549 553 590 650 673 758 807 810 824 898 926 931 1003 1017 1019 1057 1060 1070 1151 1154 1162 1165 1170 1195 1229 1243 1309 1430 1435 1437 1439 1458 1468 1475 1484 1510 1540 1600 1625 1663 1690 1697 1729 1782 1827 1917 1941 1958 1960 1962 1984 2005 2026 2043
1672,C 1 = C C ( = C ( C ( = C 1 ) Cl ) Cl ) C C 2 = C C 3 = C ( C ( = C 2 ) F ) N ( C = C ( C 3 = O ) C ( = O ) O ) C C O,29 61 76 80 125 198 205 222 275 312 314 354 366 383 389 403 426 453 456 464 469 473 525 538 561 605 650 681 699 728 739 778 780 807 827 836 839 844 875 931 935 950 955 974 987 995 997 1011 1026 1039 1047 1061 1088 1113 1140 1145 1189 1205 1211 1269 1335 1349 1357 1360 1371 1380 1430 1440 1455 1487 1515 1539 1597 1605 1635 1641 1683 1714 1729 1750 1754 1759 1812 1835 1840 1858 1863 1865 1873 1887 1901 1905 1917 1918 1928 1931 1991 1999 2012
1673,C [C@@] 1 ( C C [C@] 2 ( C [C@@H] 1 Br ) [C@] 3 ( [C@H] ( O 3 ) [C@@H] 4 [C@] ( C 2 ( C ) C ) ( O 4 ) Br ) C ) Cl,74 111 113 217 378 406 463 497 561 597 617 650 656 679 699 716 721 728 738 744 755 797 808 831 900 926 937 979 983 1012 1019 1022 1055 1057 1060 1065 1070 1075 1079 1113 1131 1160 1162 1181 1188 1208 1223 1266 1274 1308 1375 1493 1513 1523 1535 1620 1683 1695 1716 1753 1770 1780 1795 1904 2010 2011 2034
1674,C 1 C ( N N = C 1 C 2 = C C ( = C C = C 2 ) [N+] ( = O ) [O-] ) C 3 = C C = C ( C = C 3 ) [N+] ( = O ) [O-],63 64 127 172 198 231 289 290 378 389 399 428 453 455 468 499 515 567 647 650 660 689 715 736 753 762 769 815 836 838 840 875 876 926 941 948 964 991 1019 1020 1039 1058 1088 1114 1117 1160 1195 1199 1239 1259 1274 1279 1354 1380 1432 1489 1522 1539 1548 1574 1583 1584 1585 1610 1623 1645 1646 1690 1731 1750 1766 1784 1794 1798 1803 1809 1814 1865 1873 1940 1963
1675,C C [NH+] 1 C C [NH+] ( C C 1 ) [C@H] ( C 2 = C ( C = C C ( = C 2 ) O C ) O C ) C 3 = C ( N 4 C ( = N C ( = N 4 ) C ) S 3 ) O,1 64 80 94 104 162 164 186 221 236 237 249 270 294 305 322 357 378 399 412 434 531 542 548 581 644 673 675 687 690 695 718 750 760 781 807 827 841 851 875 926 935 945 949 955 969 1057 1126 1152 1183 1191 1223 1228 1328 1380 1406 1410 1500 1512 1536 1565 1583 1602 1605 1629 1677 1680 1684 1690 1704 1722 1729 1750 1795 1797 1814 1816 1855 1871 1873 1917 1954 1956 1970 1972 1992 2023 2032 2038 2040
1676,C C C C C C C O C 1 = C ( C = C ( C = C 1 ) C 2 / C ( = C ( / C 3 = C C = C ( C = C 3 ) O C C C C ) \ O ) / C ( = O ) C ( = O ) N 2 C 4 = N N = C ( S 4 ) S C C 5 = C C = C C = C 5 F ) O C,13 19 57 80 94 102 116 162 170 171 197 210 227 249 262 271 294 314 321 322 337 341 378 389 405 411 471 488 590 591 593 650 675 695 699 718 746 762 777 794 797 800 807 815 818 819 839 841 851 870 875 876 879 898 935 999 1003 1019 1024 1027 1032 1034 1057 1058 1068 1088 1091 1094 1140 1143 1164 1199 1245 1249 1250 1279 1310 1344 1349 1380 1383 1385 1396 1414 1420 1427 1428 1444 1446 1452 1453 1476 1493 1518 1536 1545 1549 1561 1567 1576 1597 1601 1602 1621 1690 1697 1750 1753 1803 1840 1873 1911 1922 1924 1928 1946 1970 2024 2025 2036
1677,C 1 C C C ( = C = C ( C 2 = C C = C C = C 2 ) S ( = O ) C 3 = C C = C C = C 3 ) C C 1,2 24 171 209 213 292 310 329 389 427 609 613 650 652 674 727 798 800 807 847 861 893 904 926 927 938 943 981 1028 1060 1088 1125 1130 1142 1175 1190 1191 1199 1239 1265 1304 1363 1376 1380 1385 1454 1463 1503 1515 1546 1611 1679 1687 1690 1726 1738 1750 1755 1757 1771 1791 1804 1866 1873 1971 1985
1678,C 1 C C 1 N C ( = O ) [C@@H] ( C C 2 = C C = C C = C 2 ) N C ( = O ) C 3 = C ( C = C ( C = C 3 ) Cl ) Cl,0 1 9 46 66 67 79 80 115 117 124 131 165 181 216 226 235 267 269 290 366 387 389 398 453 486 528 561 564 565 573 610 629 631 650 736 777 786 807 816 857 861 875 926 956 970 991 1019 1025 1066 1088 1115 1147 1152 1183 1188 1199 1209 1225 1271 1325 1380 1435 1459 1516 1575 1581 1590 1610 1616 1617 1634 1641 1655 1672 1683 1687 1715 1739 1750 1751 1752 1754 1828 1833 1862 1873 1886 1888 1890 1917 1963 1991 2006
1679,C C 1 = C ( C ( = N O 1 ) C ( = O ) O C C O ) C ( = O ) N C 2 = C C = C ( C = C 2 ) C ( F ) ( F ) F,12 13 79 80 83 94 114 138 145 147 152 157 191 222 233 243 248 336 371 378 383 410 413 461 473 481 486 489 490 500 517 573 586 645 650 656 662 687 695 755 764 789 807 809 816 835 843 869 898 929 1000 1020 1041 1057 1077 1152 1171 1212 1218 1226 1260 1266 1288 1316 1369 1380 1381 1417 1453 1473 1542 1550 1554 1572 1592 1602 1648 1665 1700 1722 1746 1750 1816 1869 1873 1880 1917 1928 1939 1949 1974 1978
1680,C 1 = C C ( = C C = C 1 O ) O C ( = O ) C C C ( = O ) O,37 80 143 213 236 264 322 349 377 389 432 460 463 594 634 650 695 703 718 725 745 763 767 777 783 807 937 958 974 1013 1038 1042 1075 1082 1141 1205 1243 1256 1286 1287 1313 1380 1386 1387 1423 1435 1446 1456 1484 1505 1564 1592 1602 1692 1729 1737 1744 1750 1752 1758 1778 1873 1905 1917 1927 1945 1946 1965 2024 2042
1681,C [C@@H] ( C ( = O ) N C 1 = C ( C = C C ( = C 1 ) Cl ) Cl ) [NH+] ( C ) C C ( = O ) N C 2 = C C = C C = C 2 Cl,1 3 41 80 84 99 102 118 152 157 165 176 216 257 272 276 283 318 323 345 366 404 421 460 471 490 546 561 573 614 643 650 666 729 745 807 808 816 828 875 911 948 974 976 1009 1017 1036 1057 1063 1072 1088 1152 1174 1199 1206 1224 1331 1332 1351 1364 1380 1482 1552 1609 1683 1685 1696 1750 1764 1785 1816 1832 1861 1873 1917 1948 1998 2031 2033
1682,c 1 ( c n ( c ( = O ) n c 1 N ) [C@@H] 1 O [C@@H] ( [C@H] ( [C@@H] ( [C@H] 1 O ) O ) O ) C O ) C # C c 1 c c c ( c c 1 ) C C C C C,14 75 80 102 131 152 168 181 189 222 249 282 293 294 310 314 375 378 391 430 454 462 464 547 577 591 606 610 650 656 674 709 770 772 794 801 807 860 935 978 1011 1019 1020 1037 1045 1046 1057 1099 1109 1139 1140 1155 1171 1174 1176 1184 1208 1230 1234 1243 1257 1379 1380 1409 1413 1444 1445 1457 1459 1461 1487 1493 1507 1509 1512 1515 1516 1570 1594 1605 1624 1629 1750 1751 1753 1754 1764 1799 1844 1855 1862 1873 1887 1896 1911 1921 1934 1954 1991
1683,O = C ( N C C 1 C C O C C 1 ) c 1 c c ( n [nH] 1 ) c 1 c c c 2 O C C c 2 c 1,0 3 29 56 60 74 76 80 90 91 111 114 140 143 145 180 188 197 315 322 348 378 386 389 390 394 441 469 486 498 501 523 561 599 605 615 649 650 656 674 701 710 716 758 806 807 841 875 896 911 926 950 960 961 980 994 1019 1035 1047 1103 1114 1146 1152 1160 1165 1170 1195 1208 1236 1261 1325 1380 1393 1405 1529 1533 1546 1550 1569 1580 1593 1604 1606 1667 1677 1704 1719 1733 1738 1750 1756 1768 1774 1811 1870 1873 1905 1917 1933 1977 2004
1684,C C ( C N S ( = O ) ( = O ) C 1 = C N ( C = N 1 ) C ) C N 2 C C O C C 2,1 11 80 102 106 124 130 194 229 283 286 290 294 333 337 350 359 376 378 462 463 464 502 523 575 583 587 599 606 650 655 656 659 674 743 752 922 926 932 935 950 962 978 1057 1083 1085 1120 1145 1152 1163 1181 1221 1261 1315 1322 1337 1380 1393 1399 1403 1405 1437 1441 1452 1457 1476 1480 1489 1512 1626 1791 1794 1811 1849 1873 1878 1918 1922 1931 1934 1949 1968 1969 1995 1998 2045
1685,F C ( F ) ( F ) c 1 c c c ( c c 1 ) c 1 o c ( C ) c ( n 1 ) C n 1 c 2 c ( c c ( c c 2 ) C [C@@H] ( O C C C ) C ( = O ) O ) c c 1,1 13 45 69 79 80 98 100 107 114 155 173 205 220 263 266 283 284 291 294 310 316 359 378 383 386 389 422 449 450 451 453 457 500 514 533 578 589 650 656 660 670 695 707 710 718 720 781 794 806 807 809 835 870 875 896 935 953 994 1046 1047 1057 1101 1124 1136 1160 1192 1201 1260 1291 1380 1387 1417 1422 1453 1455 1562 1594 1604 1619 1652 1665 1679 1716 1722 1745 1750 1754 1757 1765 1779 1785 1801 1844 1855 1873 1897 1917 1918 1928 1990 2008 2020 2021
1686,C C 1 = N C 2 = C C = C C = C 2 C ( = C 1 ) C O C 3 = C C = C ( C = C 3 ) C ( = O ) N C 4 ( C C N ( C C 4 ) C 5 = C C = C C = C 5 ) C C ( = O ) N O,41 80 102 289 312 321 322 338 340 344 378 389 407 467 486 566 569 596 613 650 654 687 695 718 735 744 745 760 769 779 807 830 875 878 901 902 926 935 939 955 1027 1049 1055 1057 1059 1060 1062 1082 1088 1097 1152 1162 1183 1196 1199 1243 1349 1357 1380 1385 1405 1414 1452 1460 1480 1496 1520 1524 1573 1591 1602 1618 1623 1624 1631 1665 1697 1700 1722 1730 1731 1750 1774 1823 1825 1831 1855 1871 1873 1908 1917 1984 1994 2045
1687,C O C ( = O ) C 1 ( C 2 C ( C C 1 = C ) C ( = O ) O C 2 = O ) C ( = O ) O C,35 48 97 99 164 231 252 261 281 301 314 337 345 348 367 376 424 427 455 637 650 656 695 735 782 793 807 833 841 854 886 910 926 941 960 1001 1013 1019 1057 1060 1075 1096 1126 1152 1181 1205 1244 1279 1366 1380 1397 1447 1457 1460 1487 1583 1610 1658 1692 1721 1749 1751 1810 1897 1917 1924 1989 1993 2004 2026 2030
1688,C 1 = C C ( = C C ( = C 1 ) [N+] ( = O ) [O-] ) N 2 C ( = O ) C 3 = C ( C 2 = O ) C = C ( C = C 3 ) C ( = O ) C 4 = C C = C ( C = C 4 ) O C 5 = C C = C ( C = C 5 ) C ( = O ) O,9 16 19 101 105 106 157 179 193 198 229 281 314 322 330 352 389 456 500 532 541 581 588 594 630 650 680 695 715 718 726 728 753 766 780 807 826 838 875 879 898 935 942 959 985 999 1008 1021 1039 1049 1088 1138 1174 1195 1214 1215 1218 1252 1274 1286 1380 1385 1393 1399 1423 1462 1517 1610 1617 1686 1697 1750 1755 1775 1809 1811 1825 1846 1852 1853 1872 1873 1917 1920 1940 1963 1986 2011 2037 2038
1689,C C 1 = C N C 2 = C 1 C = C C 3 = C C = C C = C 3 2,106 118 119 143 159 183 203 303 344 418 434 489 529 541 572 719 800 806 810 859 868 922 1011 1031 1057 1084 1087 1088 1104 1114 1153 1199 1203 1357 1380 1391 1403 1530 1573 1634 1722 1733 1750 1756 1831 1835 1855 1873 1879 1901 1921 1960 1961 1986 2044
1690,c 1 2 n n ( c ( = O ) n 1 c 1 c ( c c c c 1 ) n c 2 O c 1 c c c ( c c 1 ) C ) C C ( = O ) N c 1 c c c c ( C ( F ) ( F ) F ) c 1,41 45 80 114 121 158 184 191 193 210 223 235 285 289 314 322 357 378 401 422 469 512 518 548 565 601 620 640 650 695 703 718 732 771 777 782 807 809 866 875 901 922 923 934 935 942 981 990 1038 1039 1057 1088 1097 1101 1152 1176 1199 1260 1284 1285 1312 1341 1380 1417 1453 1522 1573 1617 1654 1681 1696 1722 1748 1750 1754 1816 1823 1845 1855 1873 1912 1917 1920 1928 1946 1952 1956 2010 2017 2047
1691,C C O C ( = O ) c 1 n c n c c 1 S C,52 74 80 90 94 116 134 145 147 167 177 272 294 302 353 378 394 450 489 490 545 558 566 650 655 682 695 696 705 749 759 783 807 818 822 919 941 963 1025 1057 1143 1153 1154 1188 1205 1218 1238 1256 1264 1330 1334 1346 1354 1380 1397 1452 1535 1603 1615 1644 1684 1722 1723 1739 1755 1762 1768 1769 1873 1917 1965 1985 2029
1692,C 1 C N ( C C C 1 C ( = O ) O C C ( = O ) N C C O C 2 = C C = C C = C 2 ) C 3 = N C 4 = C C = C C = C 4 O 3,9 13 41 80 88 102 130 147 181 182 197 212 219 246 264 275 277 289 322 330 333 335 378 389 390 407 409 455 490 496 534 538 562 597 600 614 621 634 647 650 656 667 695 704 777 803 807 822 926 935 974 1019 1034 1082 1088 1097 1127 1128 1152 1174 1199 1240 1267 1282 1325 1329 1380 1452 1480 1499 1552 1604 1622 1628 1649 1695 1709 1750 1790 1808 1823 1837 1855 1873 1917 1924 1963 1968 1973 1976 1983 2004 2043
1693,C 1 = C C ( = C C ( = C 1 ) N C ( = O ) C S ( = O ) ( = O ) C C ( = O ) N C 2 = C ( C = C ( C = C 2 ) Cl ) C ( = O ) O ) C 3 = C C = C ( C = C 3 ) F,41 51 80 90 143 162 165 184 191 216 275 342 350 352 364 366 388 389 418 430 456 487 525 537 561 567 631 650 693 699 703 714 728 736 745 785 795 807 816 875 895 896 901 908 924 928 954 1003 1037 1039 1041 1047 1075 1088 1126 1152 1160 1222 1224 1380 1395 1410 1421 1476 1482 1569 1581 1612 1670 1680 1683 1686 1750 1758 1816 1856 1873 1882 1899 1917 1928 1948 1951 1964 1991
1694,C N 1 C = C ( C = C 1 C ( = O ) C 2 = C C = C ( C = C 2 ) Cl ) C ( = O ) C 3 = C C = [N+] ( C = C 3 ) [O-],9 84 105 181 195 216 222 246 265 275 276 345 349 386 432 449 450 459 463 464 465 472 488 542 561 573 637 650 715 791 804 807 812 814 816 875 935 1003 1018 1057 1070 1080 1089 1145 1177 1180 1182 1193 1314 1321 1359 1380 1385 1397 1409 1414 1495 1541 1627 1632 1660 1683 1697 1702 1750 1751 1775 1804 1873 1917
1695,C C C ( C ( = O ) N C 1 = C C 2 = C ( C = C 1 ) O C C O 2 ) S C 3 = C ( C = C 4 C C ( C C C 4 = N 3 ) C 5 = C C = C C = C 5 ) C # N,1 26 32 51 80 116 122 127 159 160 184 191 196 217 231 267 284 294 305 334 342 343 361 375 378 389 398 403 409 440 441 446 455 465 482 521 529 543 573 644 650 656 674 708 738 761 762 790 807 843 850 866 875 880 893 926 950 955 981 991 1011 1018 1019 1035 1057 1067 1088 1136 1152 1158 1193 1199 1202 1205 1236 1279 1285 1325 1334 1380 1384 1491 1507 1529 1544 1574 1647 1663 1664 1703 1718 1738 1743 1750 1767 1783 1806 1814 1816 1835 1849 1855 1860 1862 1873 1888 1905 1917 1948 1979 2000
1696,C C 1 = C C = C N 2 C 1 = N C ( = O ) C C 2 ( C ) C ( = O ) N C C C 3 = C C = C ( C = C 3 ) Cl,24 44 46 56 80 95 152 157 170 184 195 197 202 204 208 216 257 310 313 314 378 382 389 419 448 518 559 561 577 584 603 604 617 625 649 650 667 695 732 754 795 807 816 828 856 858 862 898 926 927 935 940 949 1032 1045 1057 1060 1070 1152 1202 1225 1232 1243 1249 1259 1274 1278 1295 1310 1343 1345 1378 1380 1419 1507 1633 1659 1683 1691 1693 1722 1742 1745 1749 1750 1754 1768 1840 1843 1873 1917 1935 1939 1977
1697,Br c 1 c c c ( s 1 ) C ( = O ) C ( C # N ) c 1 n c 2 c c c c c 2 s 1,1 49 71 102 121 135 162 201 208 235 241 289 303 370 378 386 417 419 447 461 557 623 650 674 675 699 701 702 716 727 728 737 742 764 765 779 790 797 807 816 831 876 885 939 954 980 1008 1013 1020 1043 1073 1085 1088 1091 1097 1199 1286 1347 1367 1369 1375 1380 1384 1450 1453 1457 1459 1465 1491 1528 1579 1623 1626 1631 1633 1642 1729 1737 1750 1826 1841 1855 1873 1880 1917 1920 2036
1698,C 1 C C [C@H] ( [C@@H] ( C 1 ) N C ( = O ) C 2 = C C ( = C C ( = C 2 ) [N+] ( = O ) [O-] ) [N+] ( = O ) [O-] ) N C ( = O ) C 3 = C C ( = C C ( = C 3 ) [N+] ( = O ) [O-] ) [N+] ( = O ) [O-],51 108 113 125 135 190 361 365 387 428 457 482 486 590 596 608 650 680 715 753 807 838 840 875 890 906 915 926 946 1019 1028 1031 1053 1147 1152 1195 1239 1243 1249 1262 1274 1325 1380 1385 1388 1403 1489 1517 1536 1563 1584 1599 1741 1809 1873 1917 1933 1936 1963 1980 1982 1985 1994 2036
1699,C C ( = N N C ( = O ) C 1 = N N C ( = O ) C 1 ) C,24 146 182 240 255 314 318 334 343 373 378 416 439 486 509 510 549 576 598 614 639 650 700 725 728 774 776 806 807 812 838 849 903 926 939 954 1007 1017 1052 1057 1079 1114 1119 1139 1144 1152 1201 1226 1245 1256 1288 1302 1351 1353 1374 1380 1407 1452 1478 1531 1564 1575 1618 1634 1643 1644 1670 1795 1798 1807 1878 1917 2009 2018 2019
1700,C O C 1 = C C ( = C ( C = C 1 ) O C ) [C@H] ( C N C ( = O ) C 2 = C C = C N C 2 = O ) O,1 42 49 52 57 80 81 87 94 116 197 227 237 249 261 267 286 314 320 322 330 410 478 486 510 517 529 581 606 622 642 650 668 695 704 718 750 758 762 781 806 807 821 841 842 858 874 875 899 904 965 1003 1057 1088 1114 1139 1152 1216 1311 1317 1362 1380 1382 1447 1488 1500 1506 1536 1563 1601 1616 1618 1627 1728 1750 1783 1843 1873 1917 1954 1966 1970 1972 1982 1991 2014 2015 2017
1701,C N ( C 1 C C C 2 = C C = C C = C 1 2 ) C ( = O ) C 3 = C C ( = C N 3 ) N,57 87 143 159 171 222 299 357 371 375 386 393 470 482 541 624 650 652 703 713 731 761 806 807 875 881 888 902 906 926 943 970 976 981 1011 1018 1019 1026 1027 1057 1088 1114 1124 1137 1138 1140 1163 1171 1199 1213 1217 1221 1236 1303 1316 1325 1332 1345 1380 1401 1415 1445 1457 1487 1493 1507 1676 1695 1708 1719 1728 1738 1739 1750 1791 1797 1830 1839 1873 1879 1892 1917 2040
1702,C [C@H] 1 C C C C O [C@@H] ( [C@H] ( C N ( C ( = O ) C 2 = C ( O 1 ) C = C C ( = C 2 ) N C ( = O ) N C 3 = C ( O N = C 3 C ) C ) [C@H] ( C ) C O ) C ) C N ( C ) S ( = O ) ( = O ) C 4 = C C = C ( C = C 4 ) Cl,1 54 56 80 92 113 171 184 191 192 206 213 216 222 245 248 249 283 314 317 319 329 350 352 361 378 381 395 430 442 461 475 482 490 491 528 544 549 558 559 561 610 650 656 679 715 739 745 750 769 802 807 815 816 834 835 843 875 879 881 890 926 935 950 984 998 1015 1019 1028 1035 1057 1065 1070 1078 1116 1128 1136 1143 1151 1152 1163 1169 1214 1215 1227 1240 1249 1284 1290 1309 1311 1325 1328 1343 1380 1401 1434 1465 1476 1516 1534 1542 1598 1637 1683 1687 1716 1719 1722 1725 1750 1782 1797 1803 1816 1859 1873 1884 1905 1917 1918 1946 1989 1990 2004 2012 2027
1703,C C C O C ( = O ) C 1 = C ( N = C 2 C C C C ( = O ) [C@H] 2 [C@H] 1 C 3 = C C = N C = C 3 ) C,4 13 66 78 80 89 115 118 122 145 147 167 294 314 345 370 378 383 424 491 515 618 629 647 650 695 713 784 794 795 799 807 841 870 892 900 926 927 958 1019 1026 1028 1030 1052 1055 1057 1075 1077 1104 1159 1169 1208 1224 1279 1321 1331 1380 1453 1581 1592 1603 1634 1639 1722 1724 1738 1750 1802 1833 1866 1873 1878 1917 1969 1978 2004 2019 2022 2045
1704,C C ( C ) ( C ) N ( C ( C 1 = C C = C C ( = C 1 ) C = C ) C ( = O ) N C ( C C 2 = C C = C C = C 2 ) C ( = O ) O C ( C ) ( C ) C ) C ( = O ) C ( C O ) N C ( = O ) O C ( C ) ( C ) C,1 14 79 80 114 117 147 151 156 182 205 222 227 231 278 298 304 329 330 358 389 392 426 441 460 465 482 488 543 552 573 616 650 691 694 695 736 752 755 760 807 808 846 857 871 875 881 900 940 984 1028 1030 1038 1039 1040 1057 1066 1088 1144 1152 1160 1199 1211 1214 1242 1319 1326 1353 1365 1366 1380 1382 1383 1453 1458 1485 1508 1509 1536 1574 1581 1645 1687 1694 1706 1711 1750 1754 1755 1758 1774 1842 1854 1859 1873 1898 1902 1903 1917 1946 1977 2006 2016 2033
1705,C N 1 C C C C ( C 1 ) C O C 2 = C C = C ( C = C 2 ) C ( = O ) C 3 = C ( S C 4 = C 3 C = C C ( = C 4 ) O ) C 5 = C C = C ( C = C 5 ) O,9 26 29 43 67 80 102 115 144 155 162 173 206 207 227 242 251 257 276 300 319 321 322 381 416 446 450 456 477 484 586 643 650 666 667 675 695 718 719 739 745 749 761 797 807 834 841 845 875 876 885 896 905 926 935 961 976 1019 1028 1048 1057 1134 1136 1145 1154 1157 1160 1169 1286 1291 1298 1313 1320 1325 1326 1328 1339 1344 1357 1372 1378 1380 1385 1407 1411 1424 1449 1452 1480 1484 1534 1602 1624 1654 1697 1712 1733 1746 1750 1775 1778 1824 1846 1862 1873 1917 1931 1940
1706,O ( / N = C ( \ N ) / C c 1 c 2 c ( c c c 1 ) c c c c 2 ) C ( = O ) c 1 c c c ( c c 1 ) C,76 80 140 145 217 235 291 321 325 380 431 445 459 489 492 506 542 600 606 620 649 650 660 695 725 770 784 807 872 881 966 972 1016 1025 1039 1057 1087 1088 1092 1101 1104 1118 1171 1199 1219 1272 1349 1357 1378 1380 1385 1399 1475 1497 1524 1573 1597 1632 1697 1717 1722 1750 1751 1765 1823 1855 1873 1875 1917 1920 1962 1986 1999 2006 2025 2042
1707,C C C ( C C ) N 1 C 2 = C ( C ( = N C ( = C 2 ) C ) N C 3 = C ( C = C ( C = C 3 C ) C ) C ) N ( C 1 = O ) C,1 26 42 45 60 80 167 175 204 247 294 314 322 378 381 382 436 457 491 506 512 528 564 585 650 693 708 742 757 771 772 787 844 862 875 876 935 957 1030 1057 1075 1076 1102 1122 1141 1145 1152 1159 1182 1216 1291 1316 1320 1367 1379 1380 1391 1395 1426 1440 1442 1455 1520 1544 1551 1579 1589 1634 1665 1691 1722 1731 1738 1774 1823 1855 1873 1883 1891 1941 1953 1968 2032 2036
1708,C N ( C ) C C 1 = C C = C ( O 1 ) C C C C N C ( = O ) N C 2 = C C = C ( C = C 2 ) I,37 58 80 83 112 125 159 185 191 197 218 250 267 312 330 373 425 475 503 506 507 510 557 592 619 650 652 656 661 667 744 805 807 814 843 845 868 881 893 899 921 945 947 949 953 1012 1057 1070 1077 1100 1152 1163 1184 1218 1223 1243 1264 1353 1378 1380 1494 1555 1582 1591 1594 1604 1614 1654 1676 1691 1750 1764 1775 1780 1794 1816 1836 1856 1873 1876 1881 1911 1913 1917 1934 1969 1989 1990
1709,C 1 = C C = C 2 C ( = C 1 ) O P ( O 2 ) N = [N+] = [N-],7 103 319 376 394 402 432 477 482 487 490 503 611 627 656 657 673 705 718 725 730 740 749 760 778 1001 1063 1069 1088 1199 1260 1265 1285 1320 1334 1376 1380 1449 1470 1472 1481 1493 1495 1497 1540 1541 1551 1558 1578 1625 1701 1750 1751 1798 1828 1838 1868 1873 1905 2010
1710,C C ( = C ( C C C C C C C C C C C C C C C C C C ( = O ) N ) C C C C C C C C C C C C C C C C C C ( = O ) N ) C,69 80 119 120 131 133 140 153 318 365 366 393 416 448 499 503 545 605 637 650 735 740 742 743 760 771 807 808 862 894 950 957 1017 1042 1057 1080 1092 1100 1143 1144 1145 1152 1164 1171 1267 1375 1380 1398 1426 1458 1469 1546 1555 1564 1645 1665 1708 1885 1898 1903 1911 1917 1938 1954 1966 1984 2020
1711,C C C 1 = C ( C = C ( C = C 1 O C ) [C@H] ( [C@@H] ( C C 2 C C 3 = C C = C C = C 3 C 2 ) C N 4 C = C C ( = C 4 ) C C ( = O ) O ) O ) O C,1 29 36 80 147 185 187 195 214 220 227 231 249 292 294 325 342 350 358 386 389 430 443 464 468 525 540 552 611 628 650 667 692 695 722 726 761 772 789 807 841 856 875 876 886 914 926 935 998 1002 1010 1019 1027 1057 1088 1101 1164 1181 1199 1230 1236 1273 1274 1365 1373 1380 1414 1416 1427 1465 1470 1472 1489 1507 1514 1533 1536 1544 1557 1574 1627 1644 1645 1656 1667 1707 1708 1718 1723 1737 1741 1750 1754 1766 1774 1775 1799 1844 1856 1858 1873 1902 1917 1922 1929 1953 1970 2034
1712,C C O C 1 = C C = C C = C 1 N C ( = O ) C 2 = C ( C = C C ( = C 2 ) S ( = O ) ( = O ) N C C 3 = C C = C O 3 ) F,26 80 121 198 216 237 241 251 255 276 294 317 319 347 350 425 451 474 486 502 556 595 650 656 661 676 695 699 715 724 787 800 807 847 862 875 923 934 947 956 982 1017 1057 1067 1072 1080 1088 1106 1128 1131 1152 1167 1199 1224 1232 1233 1238 1256 1277 1322 1372 1380 1410 1414 1452 1466 1476 1518 1523 1529 1538 1626 1673 1696 1698 1702 1750 1785 1806 1816 1818 1840 1868 1873 1896 1912 1917 1926 1928 1934 1937 1970 1991
1713,C ( # N ) C 1 = C ( N = C ( N 1 ) [N+] # N ) C # N,21 61 80 147 154 192 236 243 283 285 290 304 376 378 411 414 479 486 487 488 515 548 574 638 674 675 774 790 853 882 886 903 920 963 965 990 993 1059 1080 1081 1086 1114 1127 1136 1160 1271 1290 1335 1351 1380 1384 1509 1510 1616 1621 1660 1677 1721 1745 1750 1785 1829 1835 1855 1908 1929 1935 1991 2002 2045
1714,C C C C N 1 C ( = O ) C 2 C ( N ( C ( C 2 C 1 = O ) ( C 3 = C C = C ( C = C 3 ) C ( = N ) N ) C ( = O ) O ) C C C ( = O ) N ) C C 4 = C C = C C = C 4,5 38 80 82 102 140 146 153 166 184 192 244 272 294 314 338 354 359 372 375 389 401 429 435 458 484 509 534 545 556 578 588 591 611 621 623 649 650 791 794 802 807 892 922 935 948 974 986 991 1002 1019 1057 1060 1066 1088 1104 1108 1127 1145 1148 1149 1156 1160 1171 1181 1186 1199 1206 1342 1376 1380 1385 1400 1406 1456 1457 1470 1497 1555 1564 1621 1659 1691 1697 1721 1741 1750 1754 1800 1838 1847 1873 1882 1883 1898 1911 1917 1934 1940 1947 2001
1715,C C 1 ( C / C ( = N \ N ( C ) C ) / C C ( = O ) C 1 ) C,41 46 79 84 138 170 179 203 225 246 290 314 341 359 399 554 595 650 725 726 761 770 783 822 843 849 881 926 931 940 989 1022 1054 1057 1060 1061 1082 1163 1189 1191 1212 1274 1301 1330 1346 1355 1380 1390 1392 1422 1440 1442 1487 1489 1534 1558 1564 1726 1781 1813 1819 1846 1884 1905 1911 1915 2029
1716,[C@@H] 1 ( [C@@] ( C 1 ) ( C ( = O ) O ) C c 1 c c c c c 1 ) c 1 c c c c c 1,80 184 187 218 237 254 286 310 335 340 368 389 396 408 427 429 543 650 651 679 710 734 807 926 998 1019 1044 1060 1066 1088 1115 1126 1199 1227 1258 1261 1279 1293 1376 1380 1399 1469 1557 1571 1592 1607 1663 1681 1685 1723 1734 1750 1752 1754 1760 1774 1782 1838 1850 1873 1917 1920 1950 2034 2041
1717,C C N 1 C C C C 1 C N ( C C 2 = C N = C C = C 2 ) C C 3 = C C = C N 3 C 4 = C N = C C = C 4,28 34 72 80 95 102 166 251 282 294 336 373 378 430 437 445 446 449 507 551 563 564 576 592 612 627 645 710 714 732 766 781 798 802 834 872 881 885 905 925 926 930 935 953 1019 1028 1043 1049 1057 1066 1088 1101 1126 1160 1191 1225 1239 1267 1325 1327 1340 1367 1374 1380 1381 1441 1470 1480 1486 1501 1515 1516 1535 1552 1586 1603 1644 1676 1700 1714 1732 1740 1750 1753 1754 1765 1777 1810 1825 1866 1869 1873 1876 1878 1894 1930 1991 2022
1718,C C ( C ) ( C ) S ( = O ) ( = O ) N C 1 C C C ( C C 1 ) C ( = O ) N C 2 = C C = C ( C = C 2 ) N 3 C C C ( C 3 ) N,9 20 32 47 85 114 123 171 175 191 197 233 263 335 350 372 377 392 407 459 628 635 650 672 689 719 739 785 807 843 898 911 926 935 963 974 1006 1015 1019 1053 1057 1066 1077 1078 1152 1171 1275 1289 1325 1333 1372 1380 1382 1391 1405 1476 1478 1480 1488 1499 1561 1571 1592 1630 1634 1750 1810 1812 1816 1825 1832 1856 1862 1873 1917 1957 1979 1991
1719,C C O C ( = O ) C C N C ( = O ) N C 1 = C C ( = C ( C ( = C 1 ) C ( C ) C ) O S ( = O ) ( = O ) N C ( = O ) C C 2 = C ( C = C ( C = C 2 C ( C ) C ) C ( C ) C ) C ( C ) C ) C ( C ) C,1 2 33 41 80 81 84 99 121 129 132 140 147 191 197 237 271 283 294 300 307 312 313 325 333 339 343 350 363 382 425 474 479 564 598 623 632 645 650 667 677 695 786 792 807 810 865 875 905 940 954 967 991 993 1051 1057 1074 1086 1099 1144 1152 1238 1243 1270 1319 1331 1365 1370 1371 1380 1386 1399 1458 1476 1504 1548 1564 1656 1690 1695 1722 1728 1762 1804 1816 1822 1831 1873 1913 1915 1917 1929 1933 1983 1989 1990 1998 2030 2033 2034
1720,C C 1 = C C ( = C ( C = C 1 ) C ( C ) C ) O C C ( = O ) N N C ( = O ) C O C 2 = C C = C ( C = C 2 ) C ( C ) ( C ) C C ( C ) ( C ) C,1 41 80 99 102 114 121 181 192 196 228 235 237 281 283 305 322 350 360 392 419 508 518 566 594 598 602 624 630 650 653 665 695 718 733 745 805 807 875 927 930 997 1013 1028 1057 1110 1115 1152 1187 1200 1231 1243 1274 1361 1376 1377 1380 1384 1385 1417 1452 1489 1594 1665 1706 1713 1722 1750 1789 1823 1873 1879 1887 1899 1917 1964 1970 1984 2004
1721,C ( C C C C ( = O ) O ) C C C ( = O ) N N,41 57 80 127 145 163 229 268 288 321 371 388 389 410 463 526 612 650 680 807 814 834 835 837 968 987 1034 1104 1110 1122 1137 1142 1143 1152 1171 1200 1229 1232 1245 1267 1281 1287 1294 1341 1393 1412 1508 1564 1597 1701 1718 1720 1737 1774 1794 1838 1861 1911 1917 2044
1722,C C 1 = C S C ( = N 1 ) [C@@H] ( C ) N ( C ) C ( = O ) C 2 = C C 3 = C ( C ( = C 2 ) N C ( = O ) C C O C ) N ( C ( = N 3 ) C 4 = C C = C C = C 4 ) C,1 13 34 41 70 80 93 96 127 139 143 283 315 347 368 378 389 484 486 490 510 511 512 551 552 556 564 612 641 650 656 668 675 695 713 722 736 750 807 808 813 816 841 875 880 881 901 935 980 1002 1005 1009 1057 1088 1091 1097 1145 1152 1160 1163 1199 1221 1224 1260 1278 1294 1331 1380 1381 1382 1385 1402 1428 1440 1469 1503 1564 1567 1584 1588 1591 1605 1644 1663 1687 1722 1731 1750 1779 1784 1791 1801 1816 1819 1840 1855 1873 1886 1917 1924 1948 1950 2003 2044
1723,C C 1 = C C ( = C ( C = C 1 ) C ) O C C N 2 C ( = O ) / C ( = C / C 3 = C C ( = C ( C = C 3 ) O C C 4 = C C = C ( C = C 4 ) Br ) O C ) / S C 2 = O,1 13 22 25 80 94 107 159 193 194 209 235 249 273 281 309 310 314 342 408 411 523 524 564 588 650 675 694 695 728 732 733 745 755 790 841 849 859 863 875 879 888 909 935 947 948 994 1003 1013 1027 1055 1057 1110 1137 1145 1157 1226 1245 1295 1309 1322 1350 1380 1382 1391 1398 1452 1469 1518 1520 1526 1532 1536 1559 1572 1616 1631 1649 1669 1691 1722 1750 1754 1823 1828 1832 1836 1872 1873 1875 1919 1970 1982 2033 2042 2044
1724,C N 1 C = C C 2 = C C 3 = C ( C C N 3 ) C = C 2 C 1 = O,4 51 53 88 107 217 305 314 353 428 473 477 479 504 569 593 650 671 681 732 758 776 790 814 821 836 875 895 923 926 935 951 956 968 1035 1057 1062 1073 1101 1114 1122 1145 1181 1236 1257 1261 1329 1357 1380 1404 1409 1450 1458 1459 1465 1479 1491 1515 1617 1693 1738 1750 1765 1785 1846 1855 1866 1873 1894 1900 1938 1951 1982 2046
1725,C C 1 = C C ( = C ( C = C 1 ) N C ( = O ) [C@@H] ( C ) O C ( = O ) C 2 = C C ( = C C ( = C 2 ) N C ( = O ) C ) N C ( = O ) C ) C,1 30 56 59 69 74 84 110 122 124 145 159 187 191 204 235 239 245 246 283 295 307 432 518 530 573 650 695 699 722 727 729 733 738 800 807 849 869 875 897 1013 1017 1040 1044 1057 1071 1117 1129 1144 1151 1152 1224 1269 1297 1327 1380 1385 1391 1414 1442 1509 1632 1643 1722 1750 1797 1816 1823 1845 1856 1861 1873 1917 2038
1726,C C O C 1 = C C = C C = C 1 C ( = O ) N C 2 = C C = C C = C 2 C ( = O ) N C 3 = C C ( = C C ( = C 3 ) C ( = O ) O ) C ( = O ) O,38 69 70 80 84 105 143 191 237 250 287 294 309 370 389 425 439 456 486 492 500 505 622 650 663 695 701 718 745 766 807 837 847 848 852 875 947 1057 1074 1088 1101 1114 1134 1138 1152 1183 1199 1224 1238 1263 1301 1380 1385 1400 1410 1430 1447 1452 1509 1561 1577 1593 1596 1696 1708 1750 1806 1816 1817 1873 1882 1914 1917 1970 1978 1991
1727,C N ( C ) C 1 = C C = C ( C = C 1 ) N = N C 2 = C C = C ( C = C 2 ) N 3 C ( = O ) C 4 C C = C 5 C ( C 4 C 3 = O ) C C 6 ( C ( = O ) N ( C ( = O ) C 6 ( C 5 C 7 = C ( C = C C ( = C 7 ) O C ) O ) Cl ) C Br ) Cl,5 80 82 113 129 146 151 202 207 221 233 251 255 309 314 322 329 361 388 389 438 455 487 509 522 532 544 556 576 588 598 634 650 679 695 718 725 728 737 745 748 770 781 807 841 875 881 895 926 931 935 954 960 988 998 1019 1027 1039 1057 1060 1096 1156 1163 1176 1262 1277 1297 1304 1306 1320 1326 1337 1339 1362 1379 1380 1406 1457 1475 1511 1521 1527 1536 1568 1575 1583 1584 1601 1602 1607 1647 1667 1680 1683 1685 1686 1695 1700 1734 1750 1781 1825 1832 1854 1873 1911 1959 1972 2045
1728,C 1 C C C ( C 1 ) ( N C ( = O ) c 1 s c 2 c c c c c 2 c 1 ) C ( = O ) N [C@@H] ( C ( = O ) N C C C ( = O ) N 1 C C N ( C C 1 ) C 1 C C O C C 1 ) C c 1 c c c c c 1,1 33 62 79 80 86 117 123 158 162 164 169 173 197 200 219 237 265 310 319 340 344 363 389 392 419 440 461 486 523 527 550 556 558 560 565 573 609 616 650 656 667 675 713 716 717 726 736 738 760 795 807 857 872 875 885 926 935 947 950 985 996 1009 1019 1028 1060 1066 1087 1088 1152 1162 1199 1242 1274 1293 1324 1325 1339 1380 1405 1474 1480 1494 1503 1560 1564 1568 1589 1616 1638 1644 1729 1736 1738 1750 1754 1775 1842 1844 1854 1855 1873 1910 1912 1917 1925 1932 2006 2009 2021 2030 2039
1729,C N ( C ) C 1 = C C ( = C ( C = C 1 ) [N+] ( = O ) [O-] ) C ( = O ) O C,22 25 141 145 151 171 222 243 255 256 317 354 370 375 404 412 418 430 441 464 509 517 616 650 660 670 695 714 715 716 745 753 807 820 838 841 875 881 906 932 936 960 1056 1057 1092 1096 1152 1163 1195 1316 1325 1327 1331 1348 1361 1365 1379 1380 1423 1469 1479 1495 1523 1652 1678 1700 1750 1795 1800 1830 1873 1899 1917 1946 1963 1991 1997 2033
1730,C 1 C O C 2 = C ( O 1 ) C = C ( C ( = C 2 ) Br ) C ( C 3 = C C = C C = C 3 I ) N,1 5 17 237 302 327 425 431 441 459 460 462 473 500 505 581 582 656 661 687 728 738 764 786 805 806 833 875 877 888 907 908 926 935 947 950 953 984 1004 1088 1171 1190 1199 1215 1237 1276 1282 1286 1339 1380 1422 1434 1505 1529 1559 1565 1577 1594 1619 1631 1668 1701 1750 1763 1826 1851 1858 1860 1873 1888 1905 1910 1937 1971 1973 1977 1979
1731,C O C 1 = C C = C ( C = C 1 ) / C = C / 2 \ C O N = C 2 C 3 = C C = C C = C 3,25 157 274 280 281 306 317 322 348 353 378 389 395 409 421 558 562 576 609 656 690 694 695 696 703 718 724 736 781 831 841 881 926 936 954 976 1057 1058 1084 1088 1142 1154 1160 1199 1310 1345 1380 1451 1503 1523 1536 1559 1571 1613 1673 1750 1773 1873 1881 1895 1942 2033
1732,C C 1 = C ( O C 2 = C 1 C = C ( C = C 2 ) O C ) C ( = O ) N [C@@H] ( C ) C ( C ) C,1 14 43 60 117 133 141 154 157 170 216 223 224 251 252 270 280 283 322 348 368 417 486 491 514 575 650 656 695 703 718 722 728 741 755 769 781 799 807 841 853 875 887 909 931 1013 1057 1152 1164 1205 1314 1315 1357 1380 1384 1390 1421 1498 1509 1536 1546 1602 1604 1624 1695 1722 1750 1773 1808 1810 1872 1873 1889 1917 1930 1936 1961 1970 1972 1987 2043
1733,C C 1 = N N ( C ( = C 1 C = C C ( = O ) N 2 C C C N 2 C ( = O ) C S C C ( = O ) N C 3 = C C = C C = N 3 ) Cl ) C,19 31 41 80 92 116 126 147 174 181 223 227 246 315 350 378 381 407 429 444 446 448 474 492 494 520 528 561 569 619 624 650 676 694 706 721 797 801 807 819 835 919 926 935 953 991 993 1009 1028 1057 1065 1069 1070 1083 1088 1089 1099 1105 1113 1121 1126 1145 1152 1155 1193 1199 1236 1243 1278 1312 1315 1321 1328 1342 1353 1370 1380 1431 1452 1455 1457 1480 1525 1591 1629 1679 1683 1709 1717 1722 1727 1740 1750 1795 1807 1816 1827 1866 1873 1884 1912 1917 1934 1956 1959 1986
1734,C C ( C ) N ( C C ( = O ) N ) C C ( = O ) N C 1 = C C 2 = C ( C = C 1 ) O C 3 = C C = C C = C 3 2,1 41 49 74 80 140 144 145 165 178 184 191 254 268 283 341 368 378 411 492 525 578 623 633 650 656 693 718 806 807 830 843 845 875 881 901 904 907 922 925 945 1003 1057 1088 1102 1128 1133 1136 1145 1152 1159 1170 1171 1190 1192 1199 1230 1245 1261 1325 1357 1380 1403 1476 1498 1551 1570 1571 1573 1604 1607 1608 1693 1714 1723 1750 1808 1810 1814 1816 1818 1843 1871 1872 1873 1883 1898 1917 2002 2033 2047
1735,C [C@H] 1 [C@H] ( N C C [C@@H] 1 O ) C,13 90 140 159 163 175 202 254 270 305 331 355 383 529 618 632 641 685 735 770 807 812 827 849 857 921 926 1009 1019 1032 1057 1061 1089 1114 1131 1146 1240 1257 1276 1309 1320 1321 1325 1327 1371 1441 1459 1470 1507 1603 1688 1757 1836 1843 1885 1897 1909 1925 2016 2045
1736,C C 1 = C C ( = C C ( = C 1 ) N 2 C ( = O ) C 3 = C C = C C = C 3 N = C 2 S [C@H] ( C ) C ( = O ) N ( C ) C ) C,1 22 38 106 107 112 116 122 158 184 194 199 228 283 289 314 317 378 389 410 450 460 504 565 633 650 671 682 714 720 741 743 747 773 787 799 807 819 875 881 888 910 912 935 1020 1057 1088 1097 1145 1155 1162 1163 1184 1199 1253 1295 1342 1357 1380 1409 1462 1486 1489 1490 1507 1520 1540 1549 1563 1573 1602 1653 1682 1689 1722 1750 1765 1800 1823 1825 1855 1873 1917 1923 1947 1953 1961 1993 2020
1737,C C C [C@@H] ( C ) [C@@H] 1 C 2 = C ( C = C ( C = C 2 ) N ) O C ( = C 1 C # N ) N,1 46 49 52 80 115 173 180 186 192 217 226 239 246 283 286 294 305 328 341 432 440 482 497 543 599 631 647 656 674 691 693 694 729 734 739 755 758 790 794 875 878 888 907 919 932 992 1019 1027 1039 1045 1057 1061 1136 1145 1168 1171 1208 1253 1277 1283 1361 1380 1384 1457 1472 1591 1602 1651 1693 1750 1756 1810 1815 1824 1839 1841 1873 1903 1905 1960 1980 1987
1738,S ( = O ) ( = O ) ( N = C ( N c 1 c c c ( c c 1 ) C ) C S C ( = O ) N ) c 1 c c c c c 1,9 77 80 116 138 140 191 198 230 235 319 323 350 357 364 381 389 400 403 409 420 448 480 518 561 575 650 657 683 725 807 843 950 984 993 1057 1077 1088 1089 1152 1168 1171 1173 1199 1268 1338 1353 1356 1368 1380 1386 1387 1466 1476 1540 1542 1579 1606 1682 1690 1691 1722 1737 1749 1750 1761 1792 1794 1816 1823 1873 1917 1920 1959 1974 1983 2014 2015 2033
1739,C c 1 c c c ( C ( = O ) N 2 C C O C [C@H] 2 C c 2 c c c c ( c 2 ) c 2 n o c n 2 ) c ( c 1 ) n 1 n c c n 1,11 20 43 67 74 80 81 86 192 217 235 242 250 254 378 380 393 403 422 431 440 458 459 464 523 570 613 617 650 655 656 662 736 740 786 807 839 860 875 879 900 901 910 926 935 941 950 977 978 1004 1013 1019 1038 1039 1057 1060 1066 1083 1088 1090 1126 1154 1160 1181 1219 1237 1245 1248 1288 1289 1295 1310 1380 1385 1410 1441 1452 1480 1504 1521 1526 1540 1542 1552 1556 1558 1599 1607 1722 1750 1751 1754 1805 1823 1825 1853 1866 1873 1909 1917 1923 1932 1987 1991 1998 2038
1740,C ( [C@H] 1 [C@@H] ( [C@H] ( [C@H] ( [C@@H] ( O 1 ) O ) O ) O ) O ) O,29 80 132 158 212 222 254 308 354 358 362 414 432 495 576 587 610 619 656 807 935 955 1008 1010 1019 1023 1037 1045 1234 1238 1244 1257 1260 1322 1350 1381 1403 1420 1429 1435 1460 1487 1516 1538 1686 1764 1807 1844 1921 1998
1741,C 1 C O C C C 1 ( C N C ( = O ) C = C C 2 = C C = C ( C = C 2 ) F ) C 3 = C C = C C = C 3,11 25 31 80 89 90 141 167 197 199 260 270 318 327 346 372 389 392 399 403 435 437 448 456 483 489 523 556 608 650 656 694 699 772 807 812 835 878 926 933 950 976 977 1060 1088 1109 1140 1142 1147 1152 1162 1181 1186 1199 1308 1318 1329 1380 1405 1410 1462 1659 1670 1677 1693 1707 1708 1727 1730 1735 1750 1824 1830 1873 1886 1917 1928 1992 2033
1742,C C C C N ( C C C C ) C ( C ) C ( C C ) N,1 41 79 80 120 166 224 272 283 294 336 348 364 368 382 468 482 510 534 550 561 591 629 668 692 768 786 794 804 814 825 881 903 956 977 980 1032 1057 1098 1107 1117 1134 1171 1200 1303 1324 1337 1361 1467 1518 1544 1570 1596 1672 1700 1710 1712 1736 1838 1854 1858 1861 1872 1881 1887 1911 1920 1951 1981
1743,C C C 1 = N C ( = C C = C 1 ) C ( = O ) O C C,45 80 82 145 147 151 172 190 198 199 292 294 342 361 378 393 424 471 475 638 650 695 701 724 759 788 790 807 855 917 922 960 978 1039 1057 1088 1152 1158 1186 1238 1262 1332 1380 1385 1430 1496 1498 1528 1559 1568 1589 1722 1750 1789 1799 1855 1873 1877 1917 1954 1966 2040
1744,C C 1 = N C ( = C ( S 1 ) C 2 = C C = C C = C 2 ) C ( = O ) N ( C C 3 = C C = C O 3 ) C 4 = C C ( = C C = C 4 ) Cl,24 68 80 127 135 162 165 187 200 216 257 282 288 378 389 410 415 436 474 490 507 543 547 551 561 564 569 574 577 592 606 624 631 650 656 665 675 683 736 777 783 787 797 805 807 815 820 854 867 875 876 881 913 1031 1039 1053 1056 1057 1088 1096 1114 1160 1178 1199 1203 1219 1221 1233 1234 1273 1277 1323 1326 1339 1380 1410 1438 1466 1518 1605 1650 1654 1683 1691 1720 1722 1750 1760 1855 1873 1887 1896 1917 1926 1934 1952
1745,C 1 = C C = C ( C ( = C 1 ) C N 2 C = C ( C 3 = C C = C C = C 3 2 ) / C = N \ N C ( = O ) C 4 = C C 5 = C ( S 4 ) C = C C ( = C 5 ) [N+] ( = O ) [O-] ) C # N,45 63 80 131 162 170 201 241 273 279 315 318 321 361 409 419 447 456 464 471 486 556 629 631 635 650 674 675 694 695 700 702 715 725 753 790 793 807 811 838 860 864 875 885 906 924 925 935 947 952 957 961 966 979 1050 1062 1068 1088 1111 1123 1125 1136 1152 1156 1181 1195 1199 1242 1274 1285 1309 1339 1349 1357 1377 1380 1384 1454 1455 1485 1499 1503 1573 1597 1641 1666 1685 1714 1736 1750 1765 1809 1814 1844 1848 1855 1862 1867 1873 1883 1913 1917 1940 1963 1992 2012 2028
1746,C O C 1 = C ( C = C 2 C ( = O ) C [C@H] ( C 2 = C 1 ) N ) O C,6 17 91 156 183 231 249 263 274 314 333 352 474 475 555 587 591 600 650 654 695 726 743 751 826 841 875 909 913 926 989 1019 1027 1056 1057 1063 1076 1086 1171 1209 1245 1256 1277 1319 1380 1381 1395 1415 1429 1445 1459 1505 1536 1540 1663 1676 1832 1864 1873 1970 2008 2022
1747,C C O C 1 = C ( C = C ( C = C 1 ) S ( = O ) ( = O ) N ( C C 2 = C C = C C = C 2 ) C C ( = O ) N [C@H] ( C ) C 3 = C C ( = C ( C = C 3 ) O C ) O C ) C,1 6 27 37 41 72 80 94 117 119 140 144 155 162 164 202 208 237 249 271 282 283 294 319 350 389 410 425 429 434 460 507 532 535 552 570 606 613 650 695 697 715 785 807 808 815 841 847 865 872 875 881 900 923 945 947 970 975 976 1018 1057 1059 1066 1088 1100 1147 1152 1190 1199 1200 1219 1238 1245 1296 1303 1328 1363 1365 1376 1380 1391 1452 1476 1536 1541 1544 1553 1627 1637 1668 1719 1722 1724 1732 1750 1754 1782 1807 1831 1853 1868 1873 1874 1901 1913 1917 1929 1955 1970 2012 2024
1748,C 1 C [C@@H] ( C N ( C 1 ) C C 2 = C ( C = C C ( = C 2 ) F ) F ) N,30 45 80 108 123 206 216 249 294 303 353 364 446 507 518 566 571 699 728 739 758 820 875 926 935 938 943 951 1019 1021 1028 1053 1068 1073 1112 1136 1166 1171 1205 1305 1311 1325 1349 1359 1374 1380 1410 1419 1422 1426 1427 1429 1434 1459 1476 1480 1487 1501 1543 1546 1578 1605 1608 1626 1632 1666 1670 1683 1693 1750 1764 1765 1790 1791 1792 1804 1805 1825 1832 1840 1862 1869 1873 1928 1947 1990 2026 2035
1749,C C 1 = C ( C = C ( C = C 1 ) F ) N C ( = O ) C N 2 C = N C 3 = C 2 N ( C ( = O ) N ( C 3 = O ) C ) C,41 56 74 80 120 127 147 249 281 314 378 400 434 461 504 509 519 531 536 564 583 624 627 650 658 674 691 699 738 739 771 807 832 875 932 935 985 1006 1039 1057 1095 1134 1145 1152 1181 1186 1224 1231 1232 1252 1258 1284 1289 1298 1312 1351 1365 1375 1380 1391 1410 1424 1430 1452 1455 1487 1619 1633 1635 1670 1691 1722 1724 1750 1777 1805 1809 1816 1819 1873 1917 1924 1928 1929 1948 1950 2005
1750,C C = C = C C ( C ) ( C ) C,9 33 46 93 114 172 179 193 200 312 313 392 463 495 539 556 618 674 683 694 816 844 865 894 910 927 928 945 984 997 1013 1057 1076 1164 1236 1282 1307 1377 1414 1491 1561 1573 1621 1668 1737 1756 1836 1856 1871 1894 1916 1925 1936
1751,C C ( C 1 = C ( C = C C ( = C 1 ) F ) O C 2 = C C = C C = C 2 C ( = O ) N ) O,1 29 69 89 94 140 227 237 283 309 365 369 403 411 425 466 479 508 526 545 556 592 650 695 699 711 727 767 787 794 807 829 875 907 921 951 964 967 980 1041 1057 1088 1096 1100 1134 1171 1185 1199 1213 1236 1241 1340 1352 1380 1401 1410 1447 1451 1468 1487 1493 1505 1564 1600 1601 1610 1617 1670 1750 1796 1868 1873 1914 1917 1928 1970 1978 1991 2001
1752,C C ( C ) N ( C C ( = O ) N ) C ( = O ) c 1 c n c ( s 1 ) c 1 c c c 2 O C O c 2 c 1,1 80 109 124 128 130 140 149 160 162 163 184 277 283 325 338 378 406 419 420 441 453 455 542 546 596 623 650 656 675 687 702 721 728 738 758 761 795 800 807 875 881 896 907 926 929 942 989 1006 1035 1041 1057 1160 1171 1190 1194 1221 1254 1257 1294 1311 1319 1349 1366 1369 1380 1450 1452 1476 1535 1564 1572 1581 1587 1603 1616 1622 1647 1712 1750 1751 1758 1769 1800 1808 1861 1863 1873 1896 1898 1905 1907 1917 1934 1994 1996 2033
1753,C C 1 = C ( C ( = N N 1 C 2 = C C = C C = C 2 ) C ) C [NH+] ( C ) [C@@H] ( C ) C ( = O ) N ( C ) C,1 2 28 47 53 64 80 85 92 101 106 146 257 262 283 321 378 389 395 410 460 471 518 565 610 650 704 727 802 807 824 856 881 891 927 935 1008 1019 1037 1049 1057 1058 1064 1088 1093 1163 1179 1182 1199 1217 1289 1295 1297 1312 1331 1380 1440 1450 1513 1529 1533 1543 1581 1592 1653 1703 1722 1733 1749 1750 1753 1766 1825 1829 1832 1852 1854 1873 1917 1951 1956 1972 1987 2031 2034
1754,C O C 1 = C C = C C ( = C 1 O C ) / C = C / C ( = O ) O C C ( = O ) N 2 C C C C [C@@H] 2 C ( = O ) N,31 33 37 80 140 147 152 173 176 188 193 242 245 249 262 275 333 346 354 371 378 411 441 459 472 500 504 531 573 613 650 694 695 736 740 766 807 835 841 890 895 904 926 935 942 944 961 1009 1019 1028 1039 1057 1073 1088 1107 1152 1171 1178 1295 1325 1342 1371 1373 1380 1392 1410 1424 1425 1429 1450 1480 1524 1536 1563 1578 1588 1599 1624 1690 1750 1873 1908 1917 1952 1970 1983 1998 2004 2020 2029 2045
1755,C [C@H] ( C 1 = C C = C ( C = C 1 ) Cl ) [NH2+] [C@H] ( C ) C ( = O ) N C ( = O ) N,1 55 57 107 140 172 193 216 280 283 296 339 442 444 502 509 531 557 561 573 650 675 755 799 803 807 816 854 884 935 941 966 1007 1017 1057 1070 1101 1119 1129 1131 1152 1165 1171 1178 1183 1253 1338 1346 1347 1365 1380 1409 1439 1451 1507 1526 1619 1638 1680 1683 1709 1724 1747 1750 1828 1853 1873 1895 1917 1934 1978 2001
1756,C C 1 = C N = C ( C = C 1 ) N C ( = S ) N C ( = O ) C 2 = C C = C C = C 2 Br,12 30 57 67 97 106 110 185 213 235 296 303 378 486 495 503 525 547 599 601 635 650 711 715 723 728 742 760 802 807 833 835 860 967 1052 1057 1060 1074 1086 1088 1099 1119 1152 1199 1312 1380 1400 1436 1447 1452 1483 1535 1542 1562 1603 1631 1722 1726 1743 1750 1757 1770 1790 1799 1816 1823 1865 1873 1897 1917 1921 1959 1991
1757,C 1 = C C = N C ( = C 1 ) C ( = O ) N N = C C 2 = C C = C ( O 2 ) [N+] ( = O ) [O-],29 223 228 255 270 318 364 366 378 399 440 448 453 471 482 486 490 528 542 552 650 656 661 664 668 694 710 715 725 753 807 829 831 838 855 862 864 877 879 901 902 903 923 924 991 1035 1039 1056 1088 1117 1135 1152 1154 1155 1192 1195 1199 1213 1216 1263 1289 1380 1382 1406 1408 1439 1452 1479 1483 1510 1532 1554 1604 1655 1683 1722 1750 1794 1805 1814 1818 1851 1866 1867 1872 1873 1917 1949 1960 1963 1974 1981 1992
1758,C C 1 = C ( C ( C 2 = C ( N 1 ) C C ( C C 2 = O ) ( C ) C ) C 3 = C C = C ( C = C 3 ) O C ) C ( = O ) N C 4 = N C 5 = C ( S 4 ) C = C C ( = C 5 ) Br,2 6 29 77 126 149 162 165 178 181 190 256 257 265 275 300 301 314 317 322 331 348 351 362 370 378 385 391 404 459 486 505 515 539 549 570 623 624 650 655 674 675 680 682 695 716 718 720 728 737 751 766 767 781 807 819 829 831 841 842 845 875 885 894 909 916 918 926 940 961 966 980 1019 1057 1060 1066 1077 1079 1097 1114 1120 1152 1157 1171 1180 1181 1239 1274 1279 1301 1360 1380 1389 1390 1446 1456 1464 1487 1500 1536 1582 1631 1651 1682 1722 1729 1740 1750 1803 1816 1855 1873 1916 1917 1926 1930 1967 1983 2034
1759,C 1 = C C = C ( C ( = C 1 ) O C C O C 2 = C C = C C ( = C 2 ) O ) Br,7 13 56 57 60 65 80 90 91 103 136 155 195 201 241 253 322 344 350 381 392 445 542 562 676 695 707 728 745 751 776 807 833 866 875 988 1008 1028 1034 1039 1088 1106 1175 1190 1199 1226 1244 1253 1380 1390 1410 1452 1501 1506 1518 1528 1573 1593 1595 1598 1602 1631 1645 1678 1700 1724 1744 1750 1767 1845 1855 1873 1884 1970 2013 2019 2025
1760,c 1 c c ( c c c 1 n 1 c ( c c ( n 1 ) C ( C ) ( C ) C ) N C ( = O ) N c 1 c c c ( c 2 c 1 c c c c 2 ) c 1 c c c ( c c 1 ) C N 1 C C O C C 1 ) C,15 20 56 65 80 114 127 146 176 222 233 235 310 316 319 352 368 378 392 497 523 573 590 594 602 650 656 662 680 686 693 755 758 784 807 847 873 875 896 926 935 950 998 1023 1036 1054 1055 1057 1088 1152 1160 1199 1207 1213 1224 1305 1336 1339 1357 1380 1387 1399 1405 1440 1441 1447 1477 1480 1492 1526 1558 1573 1633 1665 1683 1722 1750 1754 1765 1771 1774 1784 1791 1799 1816 1823 1824 1825 1849 1852 1856 1873 1896 1917 1920 1956 1960 1971 1989 1999 2014 2028
1761,C 1 = C C = C ( C = C 1 ) C 2 C 3 = C ( C 4 = C ( C = C C = N 4 ) C = C 3 ) O C 5 = C 2 C ( = O ) N C = N 5,40 83 140 192 203 230 306 314 326 378 389 442 448 449 452 492 496 497 520 528 591 639 650 656 669 684 713 750 802 806 812 819 831 834 899 912 926 1009 1019 1027 1039 1040 1043 1087 1088 1114 1157 1171 1199 1277 1279 1294 1338 1380 1385 1388 1395 1452 1453 1462 1476 1481 1554 1622 1648 1663 1704 1710 1724 1741 1746 1750 1803 1810 1831 1833 1855 1866 1873 1903 1939 1958 1964 1965 2020 2034
1762,C C ( = O ) N 1 C ( = O ) N ( [C@] 2 ( [C@@] 1 ( N ( C ( = O ) N 2 C ( = O ) C ) C ) C ) C ) C,14 92 220 269 275 285 291 295 300 314 315 338 346 425 504 545 549 583 626 635 650 655 662 667 698 775 787 807 838 858 889 913 925 931 935 970 984 1017 1057 1060 1067 1121 1145 1178 1195 1203 1255 1274 1300 1363 1380 1421 1435 1560 1576 1745 1746 1760 1793 1905 1917 1965 2027
1763,C O C 1 = C C ( = C C ( = C 1 O C ) O C ) C ( = O ) N C C ( = O ) N = N C 2 = C ( N ( C 3 = C C = C C = C 3 2 ) C C ( = O ) O C ) O,39 45 80 112 180 187 195 197 221 223 248 249 265 282 333 335 394 428 438 446 448 486 500 521 563 625 646 650 695 706 723 725 802 807 817 841 850 855 875 930 931 935 1057 1075 1088 1102 1135 1138 1152 1199 1239 1285 1312 1342 1357 1367 1380 1385 1386 1413 1433 1440 1449 1536 1539 1548 1560 1562 1563 1573 1599 1602 1621 1629 1665 1733 1742 1750 1780 1797 1843 1850 1862 1873 1881 1892 1917 1924 1940 1955 1970 1992 2030
1764,C C C N C 1 C C C 2 C 1 ( C C C 3 C 2 C C C 4 C 3 ( C C = C C 4 ( C ) C ) C ) C,28 34 61 80 105 241 269 294 310 321 422 423 457 459 478 489 501 519 522 529 559 562 580 590 602 622 631 661 667 689 700 740 760 777 787 794 814 822 828 926 929 939 960 970 1019 1022 1032 1057 1060 1093 1095 1128 1152 1155 1162 1179 1225 1253 1274 1315 1325 1362 1390 1424 1477 1505 1537 1554 1558 1569 1570 1651 1717 1804 1814 1820 1838 1859 1869 1873 1888 1951 1991
1765,C 1 C 2 C N ( C C 1 C 3 = C C = C C ( = O ) N 3 C 2 ) C ( = O ) C C C 4 = C C = C ( O 4 ) C 5 = C C = C ( C = C 5 ) F,44 63 80 82 90 121 197 230 233 238 246 250 314 376 394 510 532 535 618 650 656 699 701 717 739 744 748 753 807 824 865 867 894 896 907 926 935 936 996 1009 1019 1028 1031 1039 1049 1088 1092 1122 1130 1141 1160 1180 1228 1243 1291 1292 1319 1376 1380 1395 1410 1446 1466 1494 1496 1507 1558 1564 1604 1650 1670 1697 1750 1775 1794 1820 1855 1873 1886 1912 1917 1923 1928 1934 1935 1937 1990 2000 2009
1766,C C ( C 1 = C ( C ( = N N ( N 1 ) F ) F ) S ) O,1 23 80 95 97 119 122 129 135 156 227 229 283 319 370 378 461 469 481 537 563 640 675 699 700 707 726 743 744 765 807 815 892 934 935 966 981 982 1006 1022 1057 1114 1156 1160 1167 1220 1225 1253 1291 1320 1378 1380 1403 1409 1451 1473 1528 1707 1773 1796 1807 1847 1874 1897 1906 1918 1928 1934 1953 1963 1980
1767,C [C@H] 1 C ( = N [C@@H] ( C ( = N 1 ) O C ) C ( C ) C ) O C,1 106 120 206 228 253 264 283 317 326 378 379 476 533 551 615 695 754 769 841 850 965 966 978 979 1018 1019 1034 1052 1057 1125 1149 1169 1291 1294 1309 1324 1326 1361 1380 1442 1472 1480 1481 1483 1536 1553 1577 1588 1609 1620 1637 1825 1849 1855 1867 1896 1920 1961 1987 1996 2023
1768,P ( = O ) ( C C ( N ) C c 1 c c c c c 1 ) ( O ) O,1 79 80 86 117 147 159 192 208 235 256 290 340 344 389 394 401 414 473 475 484 486 532 535 576 588 650 660 711 748 786 807 810 857 881 919 992 994 1066 1088 1111 1143 1161 1171 1199 1213 1355 1380 1567 1591 1618 1629 1633 1638 1647 1663 1709 1716 1750 1753 1754 1762 1806 1838 1873 1930 1934 1935 1945 1948
1769,C / C = C \ [C@H] ( C ) / C = C ( \ C ) / C O,1 80 117 149 150 208 222 254 266 283 295 332 352 422 468 524 584 595 625 640 658 694 706 723 745 807 827 844 857 883 891 895 911 971 1004 1017 1020 1057 1182 1207 1264 1312 1339 1489 1624 1632 1662 1664 1714 1722 1802 1846 1864 1897 1905
1770,C 1 C N ( C C N 1 C C ( = O ) N 2 C C O C C 2 ) C ( = O ) C [C@H] ( C 3 = C C = C C = C 3 ) N C ( = O ) C 4 = C C = C C = C 4,1 11 57 74 80 117 224 247 277 283 291 342 389 426 469 486 523 568 624 650 656 760 767 781 807 846 910 926 935 950 998 1009 1045 1054 1082 1088 1102 1145 1152 1153 1199 1210 1265 1274 1275 1290 1305 1312 1313 1364 1365 1380 1385 1389 1405 1441 1450 1463 1465 1480 1509 1514 1528 1532 1581 1589 1617 1665 1677 1702 1722 1731 1750 1791 1873 1903 1917 1943 1955 1985 2006 2009
1771,C 1 C C C 2 = C ( C C 1 ) S C C 2 C 3 = C C = C C = C 3,2 15 134 137 141 157 198 208 231 303 310 319 389 400 439 445 453 547 548 558 578 620 654 675 860 916 926 930 942 968 1019 1028 1046 1088 1144 1161 1173 1192 1198 1199 1205 1279 1294 1318 1343 1380 1470 1500 1503 1516 1520 1539 1552 1613 1663 1672 1694 1738 1750 1765 1772 1828 1873 1878 1978
1772,C = C C O C ( = O ) [C@@H] 1 C [C@H] ( C N 1 C C 2 = C C = C C = C 2 ) O C 3 = C C = C C ( = C 3 ) C ( = N ) N,27 79 80 82 94 112 119 126 140 147 164 243 248 275 300 312 322 338 340 370 388 389 435 442 445 446 450 466 524 531 534 554 562 564 570 595 623 632 642 650 668 694 695 708 713 739 751 787 796 807 824 850 858 869 875 888 900 926 931 935 940 964 1019 1020 1039 1066 1088 1104 1120 1144 1171 1189 1192 1199 1205 1206 1256 1268 1289 1292 1315 1339 1366 1380 1382 1384 1385 1451 1452 1458 1468 1512 1552 1556 1625 1645 1679 1683 1685 1750 1754 1760 1765 1839 1873 1917 1946 1947 1955 1963 1978 1985 2022 2040
1773,C C ( C ) ( C O ) N C C 1 = C ( C = C C ( = C 1 ) Br ) F,55 80 81 89 102 114 115 201 209 216 222 251 255 276 287 288 301 303 392 455 493 502 631 654 666 687 699 703 722 728 766 769 807 808 871 875 880 893 896 909 915 968 972 978 1012 1021 1026 1057 1068 1086 1137 1152 1157 1266 1306 1340 1349 1380 1393 1431 1462 1474 1487 1570 1631 1697 1750 1767 1778 1786 1807 1820 1829 1840 1873 1878 1884 1928 2041
1774,C ( = N \ O ) ( / c 1 c c ( c ( c ( c 1 ) O C ) O C ) O C ) \ c 1 o n c ( n 1 ) c 1 c s c c 1,14 61 74 91 93 134 147 165 212 231 248 249 282 320 330 333 343 378 380 428 509 528 534 552 577 598 656 675 695 713 725 740 761 762 807 836 839 841 875 891 925 927 980 987 1020 1045 1057 1109 1135 1152 1160 1165 1173 1183 1209 1212 1221 1285 1308 1326 1338 1354 1365 1380 1381 1385 1429 1488 1502 1516 1536 1540 1542 1561 1599 1625 1639 1734 1750 1769 1788 1795 1806 1808 1855 1873 1878 1892 1910 1934 1965 1970 2013
1775,C O C 1 = C ( C = C ( C 2 = C C = C C = C 2 1 ) Br ) C ( = O ) N C C N 3 C C N ( C C 3 ) C 4 = C ( C = C ( C = C 4 ) F ) F,8 19 63 74 80 112 117 119 125 164 173 197 222 231 246 256 277 282 333 349 362 365 379 401 407 435 449 486 577 586 650 653 667 695 699 705 714 728 729 737 754 763 791 792 794 807 833 841 845 875 905 926 935 962 1019 1027 1030 1057 1088 1125 1145 1147 1152 1178 1186 1196 1199 1294 1295 1317 1357 1380 1386 1393 1410 1420 1451 1467 1480 1482 1487 1508 1536 1573 1599 1617 1631 1670 1750 1773 1784 1791 1819 1828 1840 1868 1873 1891 1892 1915 1917 1928 1930 1932 1991
1776,C C 1 = C C = C ( O 1 ) / C = C / C ( = O ) N ( C 2 C C C C C 2 ) C 3 C C C C C 3,2 31 104 145 238 256 270 297 299 317 324 349 394 442 514 520 559 582 586 609 633 650 651 656 668 694 734 773 807 809 835 881 890 926 932 937 958 975 1014 1019 1028 1048 1057 1063 1070 1098 1215 1325 1369 1380 1426 1476 1513 1527 1549 1559 1600 1604 1654 1662 1706 1722 1742 1749 1750 1782 1794 1800 1805 1873 1883 1893 1894 1909 1916 1917 1955 2013
1777,C C 1 = C C = C ( C = C 1 ) C 2 = N N = C ( O 2 ) N C ( = O ) C 3 C C C N 3 S ( = O ) ( = O ) C,76 78 142 180 187 192 235 259 285 350 354 378 391 432 446 531 532 542 544 577 599 650 656 688 689 692 693 696 720 725 742 748 780 807 810 851 896 925 926 935 966 975 990 999 1019 1028 1030 1035 1047 1057 1118 1152 1153 1160 1164 1165 1186 1239 1288 1291 1295 1297 1325 1366 1380 1384 1393 1395 1400 1417 1443 1476 1480 1486 1503 1549 1593 1604 1641 1683 1692 1722 1750 1752 1790 1799 1812 1816 1823 1846 1858 1873 1883 1917 1920 1923 1961 1976 1998 2025 2029
1778,C C 1 = C C ( = C C = C 1 ) O C C 2 = N N = C ( O 2 ) S [C@@H] ( C ) C ( = O ) N C C = C,1 42 80 116 197 240 283 292 317 322 373 378 379 380 384 390 407 409 429 486 544 562 573 586 610 615 616 627 649 650 654 656 658 694 695 722 736 745 765 807 875 877 891 917 937 940 1013 1039 1055 1057 1070 1077 1088 1152 1162 1164 1169 1173 1176 1236 1268 1318 1366 1380 1411 1452 1482 1501 1507 1544 1578 1590 1592 1604 1621 1625 1645 1722 1748 1750 1769 1823 1851 1873 1875 1884 1917 1951
1779,C C 1 = C ( C = C C ( = C 1 ) N C ( = O ) C C 2 = C C ( = C ( C = C 2 ) O C ) F ) Br,0 41 80 85 94 118 184 191 249 258 295 310 325 328 353 467 555 575 590 650 665 695 699 728 730 782 785 807 813 827 833 841 843 875 876 877 891 901 971 993 1005 1026 1041 1057 1092 1152 1225 1229 1246 1361 1367 1380 1391 1392 1404 1442 1536 1538 1619 1631 1647 1722 1723 1750 1754 1756 1765 1777 1815 1816 1822 1840 1863 1873 1877 1917 1928 1932 1933 1945 1949 1951 1970 1976 2019
1780,C 1 = C C = C ( C ( = C 1 ) C ( = O ) N C C C 2 = C C = C ( C = C 2 ) F ) S C C ( = O ) N C C 3 = C C = C O 3,8 41 80 90 108 116 197 211 255 281 290 296 310 333 337 341 343 355 377 379 403 453 474 480 486 509 543 586 649 650 656 667 669 699 712 739 764 787 796 807 817 828 864 880 935 939 951 977 1003 1025 1028 1045 1053 1083 1085 1088 1136 1138 1152 1167 1170 1199 1233 1234 1243 1275 1317 1353 1380 1410 1447 1462 1466 1490 1506 1507 1518 1520 1555 1600 1670 1678 1710 1739 1750 1754 1820 1860 1873 1917 1926 1928 1934 1936 1941 1959 1991 2041 2042
1781,C C 1 = C N = C ( C ( = N 1 ) N 2 C C N ( C C 2 ) C C 3 C C 4 C C 3 C = C 4 ) C,58 74 80 90 92 126 130 156 160 226 234 251 273 274 305 326 327 341 378 407 526 569 577 605 616 664 726 811 841 848 890 891 899 905 908 926 935 973 1019 1057 1083 1123 1155 1169 1188 1205 1215 1292 1378 1379 1380 1387 1389 1452 1472 1480 1489 1497 1506 1508 1535 1552 1586 1593 1623 1685 1709 1722 1728 1731 1791 1822 1825 1828 1847 1855 1873 1878 1887 1953 1955 1962
1782,C 1 C C N C ( C 1 ) C C N S ( = O ) ( = O ) C 2 = C C = C C = C 2 F,71 80 114 207 305 325 347 350 372 392 448 455 478 502 507 587 650 667 671 678 699 705 732 832 870 890 891 926 939 992 1016 1019 1028 1032 1081 1088 1114 1120 1121 1146 1152 1158 1176 1199 1213 1235 1316 1322 1325 1335 1379 1380 1388 1441 1450 1475 1476 1502 1507 1559 1608 1626 1650 1693 1711 1733 1750 1791 1798 1807 1813 1840 1844 1845 1873 1893 1894 1912 1926 1928
1783,C C 1 = C C = C ( C = C 1 ) S ( = O ) ( = O ) N C C C ( = O ) N C ( C 2 = C C = C C = C 2 ) C 3 = C C = C C = C 3,1 41 80 102 117 133 152 204 223 235 267 317 319 350 389 415 425 429 457 465 502 554 624 650 667 715 732 737 788 807 833 882 883 895 957 1000 1029 1043 1057 1081 1088 1096 1104 1117 1136 1152 1181 1192 1199 1348 1365 1380 1390 1422 1476 1494 1564 1581 1626 1638 1649 1670 1690 1715 1722 1750 1823 1846 1860 1861 1873 1894 1917 1920 2045
1784,C C ( C C 1 = N N ( C = C 1 / C = C \ 2 / C ( = O ) / C ( = C / C 3 = C N ( N = C 3 C C ( C ) C ) C 4 = C C = C C = C 4 ) / C C C 2 ) C 5 = C C = C C = C 5 ) C,1 28 69 79 80 112 160 197 219 242 281 283 314 354 378 389 395 464 486 522 544 545 636 643 650 694 725 739 762 794 833 840 854 882 888 892 919 926 935 952 961 1018 1028 1034 1049 1057 1088 1106 1109 1188 1199 1237 1241 1270 1307 1369 1380 1455 1476 1501 1527 1546 1578 1652 1660 1733 1738 1750 1765 1825 1847 1873 1897 1933 1941 1956 2005 2014 2018 2020
1785,C C O C ( = O ) C 1 = C ( S C 2 = C 1 C C C C 2 ) N C ( = O ) C N 3 C ( = O ) C S [C@H] ( C 3 = O ) C,5 6 14 22 41 42 50 54 63 80 83 129 145 147 162 168 188 213 216 220 241 294 310 314 361 384 396 415 421 430 488 504 532 547 586 588 639 650 671 675 690 695 741 750 759 782 798 807 808 810 859 926 935 976 988 998 1009 1019 1028 1032 1042 1044 1057 1065 1070 1085 1141 1152 1199 1238 1268 1270 1284 1309 1312 1319 1362 1370 1380 1391 1446 1448 1519 1568 1584 1615 1622 1650 1715 1722 1724 1738 1816 1817 1822 1833 1871 1894 1897 1917 1933 1961 2024
1786,C O C 1 = C C = C ( C = C 1 ) C ( = O ) N ( C C 2 = C C 3 = C ( C = C 2 ) O C O 3 ) C C ( = O ) N 4 C C N ( C C 4 ) C 5 = N N = C ( C = C 5 ) C 6 = C C = C C = C 6 Cl,14 44 45 50 55 80 96 112 161 185 252 260 286 310 322 328 330 352 366 378 379 390 407 441 470 501 507 526 527 542 555 561 576 587 625 635 650 656 695 718 738 760 781 807 828 831 841 847 875 878 881 913 919 926 935 939 974 978 980 984 1009 1012 1018 1025 1035 1057 1088 1104 1134 1155 1164 1175 1190 1199 1221 1271 1334 1349 1356 1359 1372 1380 1383 1385 1415 1416 1438 1453 1480 1508 1511 1514 1536 1556 1561 1571 1572 1589 1647 1661 1670 1676 1683 1697 1734 1750 1754 1764 1768 1778 1800 1863 1873 1905 1917 1929 1956 1986 1993 2009
1787,C C 1 = C C = C ( C = C 1 ) N 2 C 3 = C ( C = N 2 ) [C@H] ( C C ( C 3 ) ( C ) C ) N C ( = O ) C C N 4 C = N C 5 = C C = C C = C 5 4,1 41 43 45 80 150 151 169 170 219 223 233 235 265 289 311 378 385 387 441 448 579 602 611 627 650 661 679 703 715 735 742 783 807 818 857 881 926 932 935 940 961 966 1000 1008 1019 1027 1056 1057 1060 1082 1088 1097 1145 1152 1199 1237 1274 1283 1285 1367 1375 1380 1422 1433 1440 1449 1452 1455 1467 1486 1487 1503 1531 1535 1545 1564 1646 1657 1704 1722 1750 1793 1823 1825 1852 1853 1873 1874 1878 1887 1892 1917 1920 1930 1978 2000 2031 2034
1788,C 1 C C C ( C C 1 ) C O C 2 = C C = C ( C = C 2 ) C ( = N ) N,2 29 31 38 69 80 82 102 133 139 140 149 161 166 206 285 291 322 338 406 453 484 485 490 517 621 623 626 629 671 695 718 749 807 859 890 908 926 946 1019 1028 1104 1113 1128 1136 1170 1171 1187 1230 1263 1322 1325 1331 1333 1380 1385 1408 1428 1449 1452 1567 1618 1697 1715 1750 1802 1848 1870 1873 1874 2022
1789,C C O C ( = O ) C 1 = C N = C ( C = C 1 ) C # C,69 80 104 107 120 145 147 183 266 275 294 307 313 330 378 544 620 650 657 663 674 695 759 761 807 820 840 854 859 915 923 928 974 1040 1057 1069 1105 1123 1149 1200 1202 1232 1238 1368 1380 1385 1427 1431 1452 1522 1535 1570 1610 1620 1629 1679 1681 1697 1701 1722 1750 1768 1800 1810 1862 1873 1894 1905 1910 1914 1917 1969 1992
1790,C 1 = C ( N C ( = O ) N C 1 = O ) N N,31 71 81 96 150 171 248 314 336 379 383 484 554 557 583 585 650 768 833 841 875 961 1005 1036 1062 1114 1115 1121 1149 1152 1171 1245 1258 1273 1380 1411 1425 1446 1507 1510 1540 1683 1687 1701 1730 1742 1745 1751 1778 1873 1911 1962 2004
1791,C N 1 C ( = C C = N 1 ) C ( = O ) O C,43 55 109 144 145 169 187 280 292 309 378 442 488 650 656 667 695 702 708 731 745 787 807 835 841 855 906 924 935 1009 1057 1086 1094 1105 1107 1121 1132 1145 1152 1232 1328 1334 1380 1402 1413 1431 1488 1527 1557 1559 1582 1658 1711 1750 1821 1865 1866 1873 1887 1890 1914 1917 2006
1792,C 1 = C C 2 = C ( N = C ( C = C 2 ) / C = N / N C ( = O ) C 3 = C C = C ( C = C 3 ) Cl ) C 4 = C 1 C = C C ( = N 4 ) / C = N / N C ( = O ) C 5 = C C = C ( C = C 5 ) Cl,148 185 203 212 216 258 301 318 378 428 437 449 486 493 561 650 694 725 779 794 807 816 817 821 838 864 887 918 924 937 1033 1070 1074 1098 1109 1144 1152 1156 1215 1223 1271 1314 1355 1380 1385 1400 1410 1419 1470 1472 1553 1665 1683 1688 1697 1721 1724 1750 1809 1832 1855 1867 1873 1874 1917 1930 1941 1946 1992 2001 2011
1793,C 1 C O C C N 1 C C N C ( = O ) C 2 = C ( C 3 = C ( C = C C ( = C 3 ) Cl ) N = N 2 ) N,8 73 74 80 123 146 147 165 167 180 191 197 216 230 275 290 297 307 337 378 412 424 486 490 523 561 581 586 589 592 601 650 656 667 678 696 714 731 807 816 875 897 901 919 926 935 950 961 984 1096 1097 1107 1120 1129 1145 1152 1164 1165 1171 1212 1333 1357 1380 1405 1441 1457 1461 1480 1482 1514 1539 1562 1569 1621 1683 1750 1761 1791 1809 1849 1873 1880 1890 1894 1917 1931 1965 1997
1794,C C ( C ) C S ( = O ) ( = O ) C C C C ( = O ) N C 1 = C C = C C ( = C 1 ) N,1 41 80 137 151 184 191 203 260 283 318 350 382 409 420 481 496 647 650 703 781 807 836 845 846 847 875 886 888 901 908 912 975 1003 1039 1057 1073 1088 1117 1152 1171 1173 1222 1236 1313 1325 1380 1381 1382 1444 1457 1474 1476 1498 1510 1522 1540 1564 1695 1710 1718 1730 1750 1816 1824 1847 1868 1873 1887 1911 1917 1974 1984 1998 1999
1795,C O C ( = O ) C 1 = C ( C ( = C ( C = C 1 ) Cl ) C C = O ) Cl,67 80 118 144 145 197 213 246 265 288 366 404 414 420 434 496 504 513 561 623 650 666 694 695 732 733 773 775 784 792 807 841 863 868 906 931 936 946 989 1004 1011 1057 1107 1122 1152 1256 1374 1380 1489 1546 1551 1558 1560 1605 1620 1627 1655 1683 1713 1727 1736 1740 1750 1758 1814 1873 1917 1947 1964 1965 1969 1974 1991 2027 2034
1796,C [C@@H] 1 C C C [C@H] ( N 1 C ( = O ) C [NH+] 2 C C C ( C C 2 ) C 3 = N C 4 = C ( N 3 ) C = C ( C ( = C 4 ) C ) C ) C,15 26 39 73 74 80 119 159 167 169 186 330 335 339 366 372 373 378 414 481 518 569 582 586 637 650 721 734 807 831 875 897 913 926 935 1009 1018 1019 1028 1057 1063 1069 1075 1097 1114 1183 1203 1235 1238 1243 1273 1284 1309 1317 1325 1329 1380 1391 1450 1462 1481 1493 1505 1531 1558 1561 1569 1676 1685 1690 1705 1715 1722 1729 1745 1761 1796 1825 1855 1869 1870 1873 1896 1916 1917 1940 1971 1982 2000 2025 2038
1797,C 1 C N ( C C 1 O ) C C 2 = C 3 C ( = C C = C 2 ) C 4 = C ( S 3 ) C 5 = C C = C C = C 5 C ( = O ) N 4,38 71 77 80 131 142 162 169 193 207 255 277 295 306 314 367 438 486 535 590 627 630 650 675 691 731 739 750 799 807 926 935 974 1019 1026 1039 1048 1076 1080 1088 1092 1114 1124 1183 1199 1205 1257 1261 1325 1329 1349 1357 1367 1368 1380 1445 1477 1480 1530 1545 1559 1573 1595 1597 1721 1745 1750 1753 1765 1768 1777 1791 1792 1808 1873 1904 1914 1930 1931 1956 1991 2026 2045
1798,C C 1 = C ( S C ( = C 1 F ) O C 2 = C C = C C = C 2 ) N S ( = O ) ( = O ) C,7 50 72 104 136 149 161 162 193 217 252 258 274 284 298 322 333 339 350 366 389 405 409 493 520 550 562 569 650 658 663 675 692 695 699 765 809 813 862 922 1008 1031 1054 1057 1078 1088 1112 1134 1152 1159 1199 1214 1231 1237 1270 1274 1359 1380 1388 1445 1476 1477 1482 1581 1617 1667 1722 1750 1760 1795 1824 1829 1837 1873 1909 1928 1958 1986 2022 2041
1799,C O C ( C C C C C C C C C ( = O ) O C ) C [Hg] I,1 14 46 80 97 109 125 181 195 219 221 241 262 282 303 337 365 380 461 519 537 550 629 634 650 661 671 695 739 791 805 807 834 841 878 931 976 1040 1057 1135 1143 1152 1186 1215 1236 1267 1283 1333 1341 1351 1368 1383 1386 1399 1403 1451 1483 1491 1519 1550 1564 1639 1660 1665 1689 1697 1718 1743 1802 1892 1901 1911 1917 1984 2017 2021 2026
1800,C 1 C N ( C C N 1 C 2 = C ( C = C C = N 2 ) C ( = O ) N C C 3 = C C 4 = C ( C = C 3 ) O C O 4 ) C ( = O ) C 5 = C C = C C ( = C 5 ) C # N,3 13 41 80 102 130 133 159 196 197 253 255 271 280 305 310 337 340 362 378 407 426 438 441 448 469 486 497 618 650 656 671 674 681 719 738 739 750 790 807 813 831 847 875 877 918 926 935 942 997 1035 1039 1043 1064 1088 1136 1152 1188 1208 1317 1349 1380 1384 1385 1389 1447 1452 1472 1480 1504 1508 1514 1550 1573 1589 1647 1650 1659 1675 1734 1750 1754 1779 1800 1805 1863 1866 1870 1873 1886 1905 1912 1917 1927 1933 1975 1980 1985 1991 2009
1801,C 1 [C@] 2 ( O 1 ) [C@@H] 1 [C@@H] ( [C@@] 3 4 [C@H] ( [C@H] ( C ( = C ) [C@H] ( [C@@H] ( [C@@H] ( [C@] 1 ( [C@H] ( C [C@H] 2 O C ( = O ) C C ( C ) C ) O C ( = O ) C ) C ) O C ( = O ) C ) O C ( = O ) C ) O 4 ) Cl ) O C ( = O ) [C@@H] 3 C ) O C ( = O ) C,1 35 36 48 77 80 99 115 141 147 249 258 278 283 292 300 309 310 314 316 429 474 477 497 521 527 551 564 591 634 650 656 695 701 733 750 807 811 831 838 844 858 863 874 898 904 907 926 940 941 951 993 1017 1019 1029 1035 1057 1058 1060 1070 1088 1100 1102 1126 1145 1163 1197 1205 1224 1274 1287 1290 1292 1300 1309 1366 1367 1380 1386 1391 1403 1435 1440 1479 1481 1544 1546 1573 1591 1673 1683 1690 1752 1762 1765 1805 1823 1831 1835 1847 1867 1870 1880 1917 1937 1950 1960 1991 1996 2007 2035
1802,C C 1 = C ( C ( = N N 1 C C C # N ) C ) C C C ( = O ) N C C C N 2 C C N ( C C 2 ) C C 3 = C C = C C = C 3,14 41 48 72 74 80 92 113 115 158 184 197 237 244 260 263 274 310 313 378 389 413 437 523 529 557 591 597 650 653 656 667 674 767 784 790 807 827 863 898 926 935 947 1001 1027 1057 1066 1088 1089 1104 1145 1152 1175 1196 1199 1202 1243 1359 1374 1380 1384 1408 1457 1480 1482 1499 1564 1565 1577 1589 1598 1683 1690 1695 1703 1721 1722 1725 1750 1754 1765 1766 1771 1791 1813 1832 1873 1876 1898 1911 1917 1935 1956 2017 2034
1803,C C C 1 = N C = C ( S 1 ) C ( = O ) N C 2 = N C ( = C S 2 ) C 3 = C C = C C = N 3,66 72 80 117 162 175 294 302 321 333 378 384 385 419 448 450 456 486 510 518 552 554 604 624 626 634 650 675 688 702 722 798 807 816 828 980 990 1025 1057 1088 1152 1155 1199 1214 1243 1256 1264 1296 1325 1337 1343 1370 1374 1380 1452 1476 1492 1495 1535 1567 1578 1668 1739 1750 1799 1815 1816 1851 1855 1866 1873 1913 1917 1940 1985 2045
1804,C [N+] 1 = C C = C C ( = C 1 ) C 2 = N S N = C 2 O C C O C C O C C O C C O C C O C C O C 3 = N S N = C 3 C 4 = C [N+] ( = C C = C 4 ) C,13 80 96 122 170 181 201 250 315 323 343 350 378 401 417 463 465 470 478 480 485 501 505 515 518 600 646 673 675 676 691 695 708 736 785 796 806 875 951 1003 1057 1088 1095 1142 1160 1201 1207 1213 1235 1256 1259 1278 1306 1324 1354 1380 1408 1447 1452 1459 1519 1546 1567 1581 1640 1644 1649 1679 1686 1708 1717 1750 1794 1807 1859 1873 1945 1992
1805,C C O C 1 = C ( C = C ( C = C 1 ) C ( = O ) N ( C C N 2 C C O C C 2 ) C 3 = N C 4 = C ( C = C C ( = C 4 S 3 ) O C ) O C ) O C C,15 22 38 80 94 131 162 184 237 243 249 253 268 294 325 333 378 387 389 411 417 425 428 462 468 506 507 523 564 616 630 650 656 675 695 747 783 807 841 860 875 881 891 926 931 935 943 950 961 964 1016 1026 1057 1105 1106 1113 1145 1201 1207 1221 1238 1312 1355 1357 1380 1381 1385 1405 1441 1449 1452 1480 1482 1496 1536 1557 1574 1603 1687 1697 1706 1724 1750 1791 1817 1830 1844 1849 1855 1873 1877 1882 1884 1917 1951 1970 1984 1992 2033
1806,C C 1 = N N = C ( S 1 ) N C ( = O ) C N 2 C 3 = C C = C C = C 3 N = C 2 C ( F ) ( F ) F,9 41 44 45 80 114 162 198 264 275 283 289 305 306 357 378 385 458 476 566 649 650 665 675 778 781 802 807 809 935 939 948 980 1020 1029 1056 1057 1088 1097 1152 1164 1199 1211 1218 1274 1284 1285 1289 1312 1336 1339 1375 1380 1422 1453 1510 1586 1587 1616 1663 1681 1702 1707 1714 1722 1750 1754 1758 1759 1816 1817 1855 1873 1912 1917 1928 1982 2028
1807,C C O C 1 = C ( C = C ( C = C 1 ) C = C 2 C ( = O ) N ( C ( = N 2 ) C 3 = C C = C C = C 3 ) C 4 = C C = C ( C = C 4 ) C ( = O ) O C ) O C C,2 25 54 80 94 95 139 145 165 233 237 252 281 294 310 314 349 351 367 378 387 389 411 425 499 562 606 650 654 694 695 707 726 736 747 773 780 807 841 862 875 879 898 906 923 927 935 1057 1088 1094 1095 1110 1152 1160 1176 1199 1210 1212 1238 1285 1297 1298 1340 1341 1380 1382 1385 1429 1452 1521 1601 1617 1686 1697 1715 1750 1792 1825 1828 1859 1873 1915 1917 1970 2003 2008 2033
1808,C 1 C ( N ( C C 2 = C ( N 1 C C 3 = C N = C N 3 ) C = C C ( = C 2 ) Br ) S ( = O ) ( = O ) C ( F ) ( F ) F ) C C 4 = C C = C C = C 4,80 89 94 112 114 116 131 136 146 157 172 211 350 354 378 389 421 458 468 479 523 533 575 611 636 650 674 710 713 728 739 740 761 766 806 815 821 854 875 892 901 908 909 924 925 926 935 936 956 962 973 999 1005 1019 1025 1044 1057 1066 1088 1089 1095 1114 1121 1128 1157 1199 1221 1236 1295 1373 1380 1420 1453 1456 1476 1481 1535 1552 1603 1631 1666 1697 1699 1738 1750 1754 1765 1772 1794 1829 1831 1873 1878 1891 1915 1928 1942 1946 1978
1809,C 1 C N ( C C N 1 C 2 = C C = C ( C = C 2 ) Cl ) C 3 = C C ( = N C ( = N 3 ) S C C 4 = C C = C ( C = C 4 ) C ( = O ) N ( C C C 5 = C C = C C = C 5 ) C C 6 = C C = C C = C 6 ) Cl,71 80 116 216 232 233 243 255 277 310 341 356 370 378 389 407 426 462 463 481 505 507 524 527 540 556 561 565 569 579 587 591 623 650 687 719 743 762 807 816 824 828 844 862 875 881 926 935 945 949 953 962 963 978 1016 1024 1045 1057 1066 1070 1086 1088 1095 1115 1147 1175 1198 1199 1221 1225 1243 1294 1335 1341 1355 1364 1376 1380 1385 1401 1405 1466 1472 1480 1508 1517 1546 1561 1581 1610 1683 1697 1750 1754 1758 1777 1824 1825 1836 1849 1855 1873 1876 1892 1917 1951 1959
1810,C C C ( = O ) N 1 C ( C = C ( N 1 ) C 2 = C C ( = C C = C 2 ) N S ( = O ) ( = O ) C C ) C 3 = C C = C C = C 3,47 60 76 80 84 168 169 191 198 210 218 228 294 350 370 389 468 511 525 563 588 589 611 615 634 640 647 650 703 736 744 747 770 788 807 857 875 898 915 918 920 935 986 1009 1019 1039 1057 1072 1088 1114 1152 1160 1197 1199 1200 1239 1270 1279 1285 1287 1311 1319 1380 1430 1476 1484 1538 1552 1573 1612 1663 1734 1748 1750 1762 1805 1848 1873 1917 1930 1950 2031 2039
1811,C O C 1 = C C = C C 2 = C 1 O C ( = C 2 ) C ( = O ) N ( C C C 3 = C C ( = C C = C 3 ) F ) C 4 C C ( = C C ( C 4 O ) O C 5 = C C = C C = C 5 I ) C ( = O ) N C C O,8 15 20 50 80 93 100 104 115 133 151 177 197 212 222 230 231 236 249 269 271 310 404 407 473 476 486 524 560 582 606 629 642 650 656 661 666 667 675 695 699 720 723 727 792 800 806 807 841 869 875 881 904 914 918 921 926 935 947 976 996 998 1019 1039 1057 1066 1087 1088 1132 1152 1194 1199 1202 1210 1221 1235 1243 1257 1258 1259 1341 1348 1354 1372 1380 1395 1407 1410 1487 1536 1601 1604 1607 1670 1689 1729 1750 1754 1764 1780 1788 1823 1836 1849 1855 1862 1865 1873 1917 1928 1951 1954 1970 2008
1812,C C 1 C C N ( C C 1 ) C [C@@H] ( C O C 2 = C C = C ( C = C 2 ) C ( = O ) C 3 = C C = C ( C = C 3 ) Cl ) O,1 3 9 27 53 80 102 105 118 150 216 227 319 322 513 561 597 602 632 639 650 658 662 695 718 741 762 807 816 820 861 922 926 935 945 973 1019 1037 1057 1070 1111 1148 1157 1261 1309 1325 1358 1361 1380 1385 1400 1444 1445 1452 1480 1486 1488 1489 1607 1617 1627 1641 1682 1683 1697 1729 1734 1750 1775 1791 1804 1814 1821 1838 1873 1902 1917 1922 1962 1992 2000 2038
1813,C C O C ( = O ) C O C 1 = C C = C ( C = C 1 ) / C = C / 2 \ C ( = O ) N ( C ( = S ) S 2 ) C C ( = O ) O,21 25 80 97 102 147 215 273 276 278 280 281 294 306 307 314 322 330 336 389 403 426 508 541 576 588 610 643 648 650 665 675 694 695 712 718 751 753 791 807 845 863 879 906 927 935 942 947 956 1027 1032 1047 1051 1057 1103 1108 1131 1199 1238 1292 1312 1380 1386 1442 1452 1453 1499 1559 1669 1674 1717 1722 1737 1750 1773 1844 1873 1887 1891 1904 1917 1942 1959 1996 2004 2033 2037 2044
1814,C C 1 = C C 2 = C ( C = C 1 ) N = C ( O 2 ) N = C ( N ) N,11 14 44 113 131 140 212 235 344 351 378 401 442 446 483 491 514 544 548 579 606 656 722 725 732 742 756 774 799 807 830 875 909 916 961 986 989 1013 1043 1057 1097 1117 1171 1229 1302 1380 1589 1604 1613 1617 1619 1620 1629 1684 1705 1707 1722 1737 1750 1773 1789 1808 1823 1855 1873 1980 1990 2016 2021
1815,C C 1 = C ( C = C C ( = C 1 ) S C # N ) N S ( = O ) ( = O ) C 2 = C C = C C ( = C 2 ) C # N,4 22 102 116 198 252 263 305 319 350 369 385 419 431 444 483 502 575 624 650 674 710 716 755 780 790 811 863 875 883 911 954 962 1018 1039 1048 1057 1062 1088 1127 1130 1136 1152 1224 1232 1235 1242 1255 1270 1327 1362 1367 1380 1384 1391 1392 1442 1465 1476 1506 1513 1535 1548 1569 1582 1585 1678 1722 1734 1750 1790 1812 1826 1856 1873 1905 1915 1975 1988 2004 2018 2030
1816,C C ( C 1 = C C = C ( C = C 1 ) C ( = O ) C 2 = C C = C S 2 ) Cl,1 9 14 20 47 79 106 229 241 283 287 335 383 419 444 610 613 645 646 650 654 675 695 734 785 807 914 915 968 969 1057 1088 1215 1253 1292 1296 1342 1365 1380 1385 1438 1469 1486 1526 1567 1603 1628 1634 1644 1654 1681 1683 1692 1697 1732 1750 1775 1799 1853 1873 1913 1917 1936 1957 1996 2001 2017
1817,C C 1 ( C C 2 = C ( C O 1 ) S C ( = C 2 C ( = O ) [O-] ) N C ( = O ) C 3 = C C = C ( C = C 3 ) F ) C,1 42 50 52 59 90 116 155 162 182 216 237 349 361 363 383 486 560 586 609 643 650 656 675 699 715 730 789 807 903 926 931 940 954 987 989 1017 1057 1060 1096 1152 1226 1232 1255 1262 1274 1325 1348 1371 1380 1385 1410 1568 1610 1622 1650 1665 1670 1697 1723 1750 1785 1795 1816 1817 1818 1852 1873 1917 1928 1953 2006 2012
1818,C 1 C ( C C 2 = C C = C C = C 2 1 ) N N C ( = O ) [C@@] 3 ( [C@@H] ( O C ( = N 3 ) C 4 = C C = C ( C = C 4 ) O C C C O ) C 5 = C ( C = C ( C = C 5 ) Cl ) Cl ) C C 6 = C C = C C = C 6 Br,5 13 57 73 80 102 113 135 148 159 165 209 216 222 231 243 248 293 310 322 327 337 341 352 355 363 366 370 372 378 389 399 416 473 513 531 560 561 564 566 589 628 637 644 650 656 695 718 723 728 745 750 807 816 833 848 850 875 892 896 910 926 943 1002 1019 1027 1034 1039 1047 1049 1054 1060 1088 1130 1133 1152 1160 1170 1178 1199 1209 1236 1245 1253 1288 1319 1349 1380 1395 1421 1424 1430 1452 1458 1478 1510 1513 1526 1554 1597 1614 1631 1634 1645 1656 1676 1683 1708 1731 1734 1750 1777 1831 1839 1871 1873 1882 1911 1917 1936 2023 2039
1819,C C ( C ) C ( C ( = O ) N C 1 = C ( C = C C ( = C 1 ) Cl ) C # N ) Br,1 19 30 99 116 165 190 194 216 247 269 283 361 373 380 469 476 561 573 576 650 674 728 743 761 790 807 816 875 902 922 969 1019 1057 1067 1091 1136 1149 1152 1163 1180 1181 1221 1224 1338 1340 1380 1384 1400 1460 1468 1486 1520 1549 1620 1621 1683 1723 1745 1750 1773 1816 1861 1862 1873 1878 1884 1900 1907 1916 1917 1976 1995
1820,C C [C@@H] ( C ) C 1 = C C = C ( C = C 1 ) N C ( = O ) C O C ( = O ) C C C N 2 C ( = O ) C N ( C 2 = O ) C,1 34 41 80 92 147 167 191 222 230 236 248 254 259 264 280 283 294 314 347 471 488 502 523 529 536 588 646 650 673 677 695 714 727 743 760 797 798 807 810 843 901 926 935 1041 1048 1057 1077 1139 1145 1152 1171 1200 1252 1288 1293 1338 1359 1365 1374 1380 1386 1399 1470 1499 1544 1564 1625 1639 1643 1693 1697 1750 1799 1816 1853 1873 1911 1917 1946 1981 1993 2004 2045
1821,C [C@H] ( [C@@] 1 ( C [C@@H] 2 [C@H] ( C C = C C 2 = O ) [C@@H] 3 [C@H] 1 O C ( O 3 ) ( C ) C ) O [Si] ( C ) ( C ) C ) O C,1 47 88 106 114 142 198 221 230 233 282 283 314 318 340 378 423 436 455 471 479 497 511 520 547 574 598 622 650 656 657 675 679 695 720 808 841 873 923 926 930 984 1019 1057 1060 1070 1114 1120 1127 1128 1148 1160 1170 1194 1196 1217 1262 1274 1282 1294 1334 1350 1351 1380 1481 1540 1619 1640 1693 1699 1738 1782 1788 1808 1820 1873 1878 1919 1924 1960 1981 2000
1822,C [C@H] ( C ( = O ) N C 1 = C C = C C = C 1 C ( = O ) O C ) O C 2 = C ( C = C C ( = C 2 ) Cl ) Cl,1 58 145 147 154 165 182 198 201 216 264 283 319 339 366 395 435 541 561 571 573 587 616 634 650 664 666 679 695 723 743 745 746 789 791 807 816 818 841 862 875 906 931 936 979 983 1004 1057 1088 1107 1117 1144 1152 1199 1224 1246 1269 1304 1364 1380 1396 1435 1447 1580 1683 1696 1702 1716 1717 1749 1750 1771 1816 1861 1867 1871 1873 1917 1955 1970 1991 2043
1823,C C 1 = C ( O C 2 = C 1 / C ( = N / N C ( = O ) C 3 = C C = C C = C 3 Br ) / C C C 2 ) C ( = O ) N C 4 = C C = C ( C = C 4 ) N = N C 5 = C C = C C = C 5,30 57 71 112 131 141 142 148 161 191 202 252 261 279 311 318 336 350 369 379 389 428 476 486 502 518 544 575 650 656 723 725 728 742 751 753 789 807 808 818 824 833 843 849 853 855 856 892 906 926 931 936 1028 1033 1038 1057 1077 1086 1088 1142 1152 1164 1197 1199 1271 1302 1337 1353 1369 1380 1418 1443 1447 1572 1583 1604 1631 1638 1680 1722 1738 1747 1750 1789 1816 1854 1871 1873 1910 1917 1927 1928 1943 1978 1991
1824,C C ( = O ) C 1 = C C = C ( C = C 1 ) N C ( = O ) C S C 2 = N C ( = N C 3 = C 2 C ( = O ) N ( C ( = O ) N 3 C ) C ) C 4 = C C = C ( C = C 4 ) O C,21 30 32 41 56 57 80 116 147 168 170 191 281 314 322 341 378 400 445 454 504 530 564 594 617 642 650 695 696 718 727 771 781 789 807 821 831 841 843 844 853 894 896 901 935 998 1000 1017 1019 1020 1024 1052 1057 1067 1071 1077 1083 1115 1145 1152 1160 1185 1241 1255 1258 1302 1334 1380 1381 1385 1424 1436 1455 1475 1506 1508 1536 1542 1572 1592 1596 1653 1696 1697 1750 1788 1816 1820 1855 1864 1873 1877 1885 1906 1917 1948 1959 1984 2010 2017
1825,C C N ( C C ( = O ) N C C 1 = C C = C ( C = C 1 ) Cl ) C ( = O ) C 2 = C C ( = C C = C 2 ) N C ( = O ) C,41 50 53 80 168 184 191 197 216 245 255 294 310 333 401 436 447 460 496 530 545 561 597 610 638 650 703 743 748 758 780 807 815 816 828 849 875 881 907 932 955 960 978 980 1007 1008 1014 1017 1039 1057 1070 1088 1152 1190 1221 1247 1249 1312 1318 1359 1372 1380 1385 1405 1509 1537 1573 1606 1630 1637 1683 1722 1732 1743 1750 1754 1768 1796 1816 1873 1896 1917 1975 1984 1985 1996 1999 2026 2031
1826,C ( C C C [Si] ( Cl ) ( Cl ) Cl ) C C N,80 82 174 197 203 277 287 378 387 422 428 435 449 462 507 530 552 591 608 626 719 758 789 795 833 845 870 925 934 962 981 1046 1079 1082 1143 1171 1250 1321 1334 1384 1443 1517 1523 1579 1651 1657 1674 1683 1698 1840 1875 1911 1921 1941 1954 2024
1827,C C O C ( = O ) C 1 = C C = C ( C = C 1 ) N = C 2 N ( C ( = O ) [C@@H] ( S 2 ) C C ( = O ) N C 3 = C C = C C = C 3 Cl ) C,5 7 41 49 73 80 84 93 130 145 146 147 202 217 272 294 314 348 366 377 474 489 494 520 533 561 606 650 675 679 685 695 725 759 807 845 862 870 886 887 888 935 965 969 974 987 1004 1018 1019 1057 1075 1079 1088 1103 1122 1145 1152 1157 1168 1199 1224 1238 1310 1380 1385 1418 1443 1478 1522 1534 1544 1582 1617 1621 1636 1644 1683 1694 1696 1697 1722 1744 1750 1751 1816 1854 1869 1873 1917 1948 1951 1987 2013
1828,C S ( = O ) ( = O ) O [C@H] 1 C C N 2 [C@H] 1 C C C 2 = O,68 76 86 133 154 188 194 202 217 221 243 312 314 350 456 509 616 650 653 673 684 692 695 763 792 797 798 829 872 887 921 926 935 1000 1019 1057 1103 1134 1195 1247 1325 1332 1380 1396 1466 1476 1480 1495 1563 1589 1624 1689 1730 1738 1920 2038
1829,C C C C C C C ( C ( F ) ( F ) F ) O C ( = O ) C 1 = C C = C ( C = C 1 ) O C ( = O ) C 2 = C C = C ( C = C 2 ) C 3 = C C = C ( C = C 3 ) C C 4 ( C O C 4 ) C,1 69 80 100 114 136 139 145 212 217 274 286 294 309 310 317 322 327 360 457 510 523 563 581 591 606 650 656 683 695 718 739 794 807 866 876 896 905 926 1001 1006 1057 1060 1101 1143 1160 1161 1205 1220 1224 1273 1274 1283 1304 1307 1310 1380 1385 1400 1444 1446 1453 1485 1511 1545 1546 1603 1630 1664 1676 1691 1692 1693 1695 1697 1729 1734 1750 1754 1769 1781 1832 1845 1873 1906 1911 1917 1927 1928 1930 1964 2029
1830,C C 1 C C C N ( C 1 ) C 2 = C C = C ( C = C 2 ) C N C ( = O ) C 3 C C N ( C C 3 ) C C 4 = N C ( = N O 4 ) C 5 = C C = C ( C = C 5 ) Cl,11 20 80 93 168 188 197 216 221 233 245 248 255 279 290 292 293 310 317 334 337 378 386 407 429 446 485 499 504 528 530 548 561 638 650 656 680 689 734 739 784 804 807 816 888 895 896 917 926 935 974 1003 1012 1013 1019 1027 1028 1029 1057 1070 1074 1095 1110 1134 1141 1148 1152 1160 1191 1209 1213 1261 1275 1309 1320 1325 1333 1349 1380 1385 1396 1405 1412 1455 1468 1480 1542 1546 1559 1573 1589 1592 1601 1616 1626 1683 1740 1750 1754 1762 1765 1772 1791 1825 1837 1855 1873 1889 1910 1914 1917 1932 1975 2013
1831,C C ( C ) C C ( C ( = O ) N C ( C C 1 = C N C 2 = C C = C C = C 2 1 ) C ( = O ) N C ( C C 3 = C C = C ( C = C 3 ) O ) C ( = O ) N C C ( = O ) O ) N,1 19 79 80 117 119 173 185 197 206 225 267 269 283 296 310 328 339 364 389 390 401 425 429 430 448 565 573 595 648 650 667 680 686 732 736 745 759 770 786 806 807 849 857 883 890 956 1049 1057 1088 1110 1114 1152 1170 1171 1178 1191 1199 1223 1237 1278 1313 1334 1335 1349 1357 1380 1434 1440 1474 1512 1545 1547 1555 1573 1575 1602 1607 1616 1647 1663 1674 1737 1749 1750 1754 1778 1783 1847 1849 1873 1879 1905 1917 1937 1956 1970 2006 2016
1832,C 1 = C C 2 = N C = C ( N 2 C = C 1 ) C ( = O ) C ( = O ) O,3 4 49 62 68 86 111 114 184 265 268 337 339 345 360 378 382 384 385 389 397 446 488 546 600 623 650 667 678 807 819 902 912 931 935 1017 1088 1092 1101 1148 1150 1158 1160 1197 1199 1210 1256 1270 1285 1350 1352 1380 1390 1400 1452 1503 1509 1525 1535 1537 1564 1643 1645 1665 1682 1749 1750 1803 1808 1873 1896 1917 1929 1969
1833,C O C 1 = C C ( = N C ( = N 1 ) O C ( C C = C ) C ( = O ) O C ) O C,0 1 6 16 52 54 80 85 104 147 158 173 243 245 268 274 282 378 420 428 478 491 529 530 542 585 594 602 616 634 640 650 664 687 694 695 786 787 799 806 807 841 844 875 884 897 940 997 1057 1137 1152 1157 1161 1164 1198 1220 1240 1265 1267 1366 1369 1371 1380 1391 1415 1420 1488 1536 1548 1570 1616 1645 1737 1791 1845 1855 1873 1886 1916 1917 1955
1834,C N ( C ( = O ) O C C = C ) C ( = O ) Cl,45 68 80 82 113 138 147 154 172 179 255 314 360 373 419 471 584 607 649 650 651 665 688 694 695 764 807 815 881 929 931 940 1008 1015 1057 1062 1072 1104 1125 1138 1161 1163 1180 1193 1263 1292 1336 1345 1347 1366 1499 1533 1606 1608 1645 1660 1674 1683 1704 1715 1745 1756 1770 1778 1892 1917 1928 1955 1962 1978
1835,C C 1 ( O C C ( O 1 ) [C@@H] 2 [C@@H] ( [C@@H] 3 [C@H] ( O 2 ) O C ( O 3 ) ( C ) C ) O C C N 4 C ( = O ) C 5 = C C = C C = C 5 C 4 = O ) C,13 33 38 79 80 146 221 259 314 340 352 412 457 465 496 519 556 588 606 624 629 642 649 650 656 668 695 722 765 823 879 918 924 926 935 965 984 989 1017 1019 1043 1057 1060 1070 1074 1088 1120 1145 1169 1189 1199 1214 1217 1264 1274 1300 1380 1427 1441 1448 1462 1509 1568 1573 1575 1699 1750 1807 1819 1823 1836 1837 1842 1873 1891 1919 1920 1921 1923 1947 1950 1999 2026 2029 2033 2035 2037 2042
1836,C C 1 = C C = C C = C 1 C 2 C C C N 2 C C ( = O ) N C 3 = C C = C C = C 3 C ( = O ) N,41 80 85 95 140 160 199 225 228 229 231 281 309 318 324 348 371 374 401 420 422 446 510 527 542 546 587 607 650 653 655 704 717 745 747 807 852 926 935 973 975 1019 1027 1028 1037 1057 1070 1087 1088 1134 1149 1152 1158 1171 1199 1224 1235 1284 1285 1312 1313 1325 1349 1358 1373 1380 1391 1403 1430 1431 1447 1480 1574 1637 1641 1661 1696 1714 1722 1750 1816 1859 1873 1917 1948 1951 1958 1975 1991 1999 2022 2029
1837,C O C ( = O ) [C@@H] 1 C O N 2 [C@H] 1 C 3 = C ( C C 2 ) C 4 = C C = C C = C 4 N 3,12 31 42 48 83 109 118 119 145 159 178 185 199 209 294 324 333 361 398 490 534 572 621 633 650 656 657 660 682 695 721 729 759 788 807 841 844 847 882 889 926 935 975 978 1019 1030 1031 1035 1057 1088 1114 1152 1159 1189 1199 1209 1299 1339 1357 1374 1380 1401 1416 1423 1424 1480 1573 1623 1638 1668 1711 1738 1745 1750 1783 1815 1873 1875 1915 1917 1923 1936 1980 1982 2002
1838,c 1 ( c ( c c 2 c ( c 1 ) c ( c ( o 2 ) c 1 c c c ( c c 1 ) F ) C ( = O ) N C ) N ( S ( = O ) ( = O ) C ) C C O P ( = O ) ( O ) O ) C 1 C C 1,13 21 39 51 69 80 81 83 90 192 295 345 350 353 358 380 395 400 406 440 449 450 486 492 521 533 586 589 614 650 656 682 692 695 699 715 747 761 807 834 853 875 881 896 897 912 924 926 930 933 943 965 1011 1019 1027 1050 1052 1057 1134 1138 1152 1160 1168 1201 1307 1321 1325 1357 1380 1404 1407 1410 1412 1424 1430 1437 1447 1463 1476 1604 1635 1641 1670 1684 1688 1716 1732 1750 1759 1764 1808 1819 1828 1838 1868 1873 1890 1900 1917 1928 1951 2000 2018 2028 2045
1839,C 1 ( C C C C C 1 ) ( C N C ( = O ) c 1 n c 2 c ( c c c c 2 [nH] 1 ) c 1 c c c c c 1 ) C O,2 43 59 80 81 119 139 160 195 196 197 210 218 222 273 276 282 352 377 378 389 468 486 547 564 583 593 614 620 650 652 736 783 807 813 817 865 885 926 928 948 980 984 1028 1033 1039 1060 1077 1078 1088 1089 1103 1114 1127 1133 1145 1152 1160 1162 1188 1199 1221 1232 1243 1277 1283 1350 1380 1413 1490 1582 1622 1638 1650 1724 1727 1745 1750 1783 1829 1833 1855 1873 1881 1900 1917 1922 1961 1992 2021 2041
1840,C 1 = C C = N C ( = C 1 ) [C@@H] ( C 2 = C C ( = C C = C 2 ) C ( F ) ( F ) F ) C 3 = C ( C 4 = C ( C = C C = N 4 ) C = C 3 ) O,1 40 41 62 94 114 202 203 237 278 370 378 390 403 448 449 452 487 493 501 523 567 752 805 807 809 818 845 875 894 911 994 1002 1032 1039 1043 1087 1088 1132 1155 1190 1192 1199 1224 1260 1284 1305 1322 1361 1365 1380 1389 1394 1417 1432 1452 1453 1479 1505 1520 1522 1538 1581 1602 1668 1724 1750 1785 1855 1858 1866 1869 1873 1910 1928 1938 1939 1948 1954 2002 2007 2017
1841,C C 1 ( C C 2 C 3 = C C C 4 C 5 ( C C C ( C ( C 5 C C C 4 ( C 3 ( C C C 2 ( C ( C 1 O ) O ) C ( = O ) O C ) C ) C ) ( C ) C ) O ) C ) C,10 79 146 154 162 226 267 313 322 336 393 409 418 430 455 478 482 549 555 569 598 610 650 654 663 679 695 741 760 781 787 807 833 841 852 857 860 866 889 897 904 920 926 960 1010 1014 1019 1047 1055 1057 1060 1085 1086 1110 1115 1126 1149 1152 1162 1165 1170 1171 1232 1252 1257 1264 1272 1274 1325 1332 1342 1348 1355 1380 1405 1408 1436 1456 1477 1479 1510 1539 1629 1635 1661 1716 1738 1781 1789 1812 1831 1839 1866 1873 1917 1943 1950 1951 1955 1962 1973 2003 2005
1842,C C ( C ( = O ) N C C 1 = C ( N = C C = C 1 ) N 2 C C O C C 2 ) O C 3 = C ( C ( = C C = C 3 ) Cl ) Cl,1 17 21 26 80 93 130 197 235 255 278 283 311 355 364 366 378 407 426 448 523 561 565 569 573 576 640 650 656 664 695 730 778 807 819 828 892 913 926 931 935 950 974 1011 1014 1017 1031 1039 1043 1048 1057 1073 1088 1118 1123 1152 1198 1238 1269 1283 1317 1321 1341 1349 1351 1356 1358 1380 1405 1410 1435 1441 1451 1452 1472 1480 1518 1577 1597 1599 1613 1683 1737 1750 1790 1794 1816 1866 1873 1888 1892 1907 1917 1939 1968 1970 1987 2012 2036
1843,C C C 1 = C C = C C = C 1 N C ( = O ) C S C 2 = N N = N N 2 C 3 = C C ( = C C ( = C 3 ) O C ) O C,41 80 113 116 182 186 206 216 242 257 281 294 317 322 335 336 341 378 383 384 457 469 473 479 521 539 542 628 647 650 695 702 724 747 752 781 807 814 825 841 863 875 897 935 1031 1040 1057 1061 1088 1144 1152 1164 1186 1188 1199 1218 1224 1303 1349 1362 1379 1380 1406 1433 1455 1457 1505 1506 1536 1565 1593 1597 1696 1718 1738 1750 1754 1767 1783 1799 1813 1816 1825 1827 1852 1873 1882 1897 1908 1917 1948 1954 1959 1983 1995 2032
1844,C C 1 = C C ( = C ( C = C 1 ) O C C ( = O ) N ( C C 2 = C C = C C = C 2 ) C C 3 = C C = C O 3 ) O C,3 45 80 94 193 235 240 249 284 293 340 369 389 392 411 474 486 507 527 569 587 613 621 650 656 667 683 695 787 807 833 838 841 875 881 900 978 981 1013 1052 1057 1062 1066 1073 1088 1104 1110 1126 1147 1164 1187 1199 1200 1233 1238 1245 1246 1260 1271 1275 1313 1328 1380 1396 1397 1442 1452 1466 1518 1536 1593 1608 1671 1716 1722 1723 1732 1750 1754 1808 1823 1873 1917 1926 1934 1967 1969 1970 1973 2000 2004 2024
1845,C O C 1 C N ( C C ( C 1 C 2 = C C = C ( C = C 2 ) O C C C O C C 3 = C C = C C = C 3 ) O C C 4 = C C 5 = C C = C C = C 5 C = C 4 ) C ( = O ) [O-],13 53 80 102 113 155 202 203 230 259 290 310 322 328 336 349 389 418 447 469 488 598 618 621 632 650 684 695 713 715 718 719 738 739 745 798 802 807 823 841 875 909 926 935 937 947 950 962 1019 1034 1057 1066 1087 1088 1199 1216 1218 1226 1256 1259 1263 1279 1297 1325 1380 1387 1390 1392 1409 1452 1457 1497 1531 1546 1634 1685 1709 1711 1750 1753 1754 1768 1803 1843 1855 1873 1890 1896 1911 1917 1950 1977 1991 1992 1998 2002 2009 2042
1846,C C C ( C ( = O ) N C 1 = C C = C ( C = C 1 ) O C C ) N C 2 = C ( C ( = C C = C 2 ) S ( = O ) ( = O ) N C 3 = C C = C ( C = C 3 ) Cl ) C ( = O ) O,1 24 56 69 80 102 191 214 216 237 294 322 350 389 392 405 435 441 456 502 541 561 573 586 621 626 641 650 690 695 718 736 743 807 816 818 840 841 843 871 904 955 992 1039 1057 1059 1070 1077 1080 1085 1088 1152 1189 1194 1196 1224 1238 1270 1282 1335 1344 1380 1426 1449 1452 1455 1476 1527 1542 1544 1552 1554 1585 1600 1650 1664 1670 1683 1685 1696 1719 1750 1807 1816 1818 1823 1873 1874 1917 1928 1960 1965 1990 1994 2026
1847,C 1 = C C = C 2 C ( = C 1 ) C ( = O ) N ( C 2 = O ) C 3 = C C = C ( C = C 3 ) S ( = O ) ( = O ) N C 4 = C C ( = C C = C 4 ) [N+] ( = O ) [O-],4 67 120 125 135 191 208 220 227 233 243 314 319 330 343 350 352 444 453 461 502 522 541 579 599 621 650 703 715 727 743 744 753 760 762 774 792 825 838 861 864 867 875 879 883 901 935 980 984 1039 1088 1090 1108 1125 1150 1152 1176 1192 1195 1199 1201 1252 1270 1274 1338 1380 1468 1476 1521 1543 1587 1610 1677 1683 1686 1740 1750 1755 1756 1794 1796 1809 1825 1830 1846 1873 1920 1940 1950 1953 1963 1981 2001
1848,C C 1 = C C = C ( C = C 1 ) N 2 C ( = O ) / C ( = C \ C 3 = C C ( = C ( C = C 3 ) O C C # C ) O C ) / C ( = O ) N C 2 = O,25 80 94 195 233 235 249 257 281 314 397 411 469 488 550 554 600 616 650 658 674 687 694 695 745 796 817 836 841 875 879 915 935 974 1019 1057 1059 1060 1114 1120 1135 1137 1167 1170 1176 1239 1245 1300 1325 1380 1382 1395 1412 1418 1422 1452 1536 1560 1572 1601 1605 1623 1657 1686 1697 1706 1722 1743 1750 1823 1825 1828 1866 1873 1885 1918 1920 1926 1949 1970 1992 2013 2033
1849,C C N ( C C ) S ( = O ) ( = O ) N 1 C C N ( C C 1 ) C C 2 = N C ( = N O 2 ) C 3 = C C = C ( C = C 3 ) O C,18 42 74 80 85 109 140 161 168 169 194 205 248 267 268 294 315 321 322 350 363 378 436 448 494 499 573 585 612 650 656 681 695 718 781 784 805 817 831 841 876 881 896 917 926 932 935 952 974 981 985 1013 1057 1066 1113 1160 1300 1328 1333 1341 1348 1349 1380 1385 1401 1467 1476 1480 1536 1542 1560 1561 1565 1600 1616 1626 1750 1765 1791 1855 1873 1910 1919 1923 2013 2028
1850,C 1 C N C ( = O ) C ( N 1 ) C C ( = O ) N N = C C 2 = C ( C ( = C C ( = C 2 ) Br ) Br ) O,9 20 41 63 80 115 133 141 143 201 202 254 256 270 290 305 307 314 318 350 408 437 473 593 607 643 650 657 671 680 694 725 728 735 762 807 833 838 839 864 868 875 909 924 926 939 947 961 966 978 980 995 1002 1004 1019 1034 1065 1112 1114 1152 1167 1171 1190 1194 1253 1282 1320 1346 1347 1351 1379 1380 1417 1485 1498 1507 1560 1562 1602 1631 1651 1672 1734 1749 1750 1765 1782 1866 1867 1873 1876 1898 1909 1917 1918 1925 1932 1955
1851,C 1 C C N ( C C 1 ) C 2 = C C = C ( C = C 2 ) N C 3 = N C = C 4 C = C C ( = O ) N ( C 4 = N 3 ) C 5 C C C C = C 5,2 15 39 52 68 72 178 191 203 212 231 233 248 254 288 314 371 378 386 388 407 430 458 491 498 507 538 544 578 629 640 650 680 687 731 748 765 770 772 792 818 841 843 850 891 925 926 935 947 984 1019 1028 1036 1083 1118 1128 1141 1147 1152 1246 1268 1325 1326 1371 1380 1381 1405 1414 1440 1452 1480 1524 1531 1535 1582 1586 1696 1750 1791 1809 1813 1820 1825 1855 1873 1922 1934 1971 1998
1852,C C N ( C C ) C ( = S ) S [C@H] ( C ) C ( = O ) N C 1 = C C = C ( C = C 1 ) N C ( = O ) C,1 80 97 110 115 116 125 152 160 191 194 196 245 280 283 294 303 346 360 510 519 530 573 639 650 681 794 807 843 845 849 881 932 934 939 944 977 978 1008 1017 1057 1077 1090 1098 1101 1152 1162 1223 1276 1279 1285 1320 1380 1433 1457 1464 1504 1509 1512 1537 1542 1614 1620 1654 1664 1724 1750 1807 1811 1816 1835 1873 1892 1917 2024
1853,C 1 = C C = C ( C = C 1 ) C 2 = C C ( = N N 2 C 3 = C C = C ( C = C 3 ) / C = C ( \ C # N ) / C ( = O ) N C 4 = C C = C ( C = C 4 ) F ) C 5 = C C = C C = C 5,1 4 25 46 90 116 159 179 191 213 222 233 359 376 378 389 492 511 527 591 642 649 650 674 694 699 708 713 736 748 765 790 792 803 807 830 843 875 935 945 980 1037 1077 1079 1088 1103 1141 1152 1160 1199 1210 1264 1298 1328 1338 1346 1355 1380 1384 1399 1410 1412 1436 1440 1446 1485 1532 1536 1580 1589 1611 1664 1670 1692 1746 1747 1750 1773 1816 1825 1852 1863 1873 1905 1917 1928 1956 1971 2033 2044
1854,C C O C ( = O ) C 1 = N N ( C ( = N ) C ( = C 1 N ) C # N ) C 2 = C ( C 3 = C ( S 2 ) C ( = O ) C C ( C 3 ) ( C ) C ) C # N,59 69 80 94 107 145 147 149 162 181 185 213 218 275 294 314 358 361 378 395 413 469 482 490 510 527 543 623 635 638 650 660 674 675 695 748 751 759 769 782 790 807 877 909 926 935 940 1007 1018 1022 1029 1057 1060 1136 1141 1159 1171 1210 1213 1238 1260 1274 1301 1314 1326 1380 1384 1421 1448 1457 1487 1523 1543 1562 1606 1634 1637 1640 1665 1680 1686 1691 1722 1738 1759 1774 1793 1841 1852 1863 1913 1917 1956 1986 2036
1855,C C ( C ( = O ) N C ( C 1 C C C C C 1 ) C ( = O ) N 2 C C C C 2 C 3 = C C ( = N C = C 3 ) C 4 = C C = C C = C 4 C ( F ) ( F ) F ) N C,1 2 73 108 112 114 117 127 142 193 203 219 231 242 262 283 300 352 378 384 419 446 469 481 486 573 615 650 709 711 724 759 787 789 807 809 811 820 826 841 875 880 890 915 926 935 944 967 980 984 989 1019 1028 1035 1057 1063 1075 1088 1152 1169 1199 1230 1258 1279 1299 1312 1317 1325 1380 1430 1452 1453 1479 1480 1544 1608 1623 1634 1636 1646 1750 1779 1815 1859 1866 1868 1873 1901 1907 1910 1917 1920 1928 1940 1978 1985 2032 2044
1856,C O C ( = O ) C 1 = C C ( = C C = C 1 ) N C ( = O ) N 2 C C 3 = C ( N 4 C = C C = C 4 C 2 C 5 = C C ( = C C = C 5 ) F ) S C 6 = C 3 C C C C 6,9 42 95 96 145 162 184 191 218 220 230 242 310 357 361 439 449 467 469 471 485 510 564 577 592 629 650 675 689 695 699 703 807 808 823 829 841 875 894 906 913 926 927 935 953 976 990 993 1019 1028 1039 1057 1085 1087 1088 1089 1101 1152 1179 1184 1204 1279 1280 1284 1294 1333 1351 1359 1361 1380 1385 1391 1399 1404 1427 1479 1487 1491 1494 1501 1509 1544 1547 1568 1591 1618 1663 1670 1686 1715 1738 1750 1816 1817 1839 1873 1889 1917 1926 1928 1946 1985 1999 2046
1857,C C ( C C C 1 = C C = C C = C 1 ) N C ( = O ) C 2 = C C = C C = C 2 N 3 C ( = O ) [C@@H] 4 C C 5 = C ( C ( N 4 C 3 = O ) C 6 = C C = C ( C = C 6 ) O C ) N C 7 = C C = C C = C 5 7,1 3 5 46 63 68 74 80 92 112 117 119 214 217 226 231 283 314 322 326 361 389 392 486 494 502 619 632 638 646 650 652 655 695 718 721 739 744 781 807 809 815 831 840 841 902 926 935 974 978 988 994 1001 1004 1013 1019 1035 1045 1057 1066 1078 1088 1103 1114 1150 1152 1157 1199 1229 1243 1273 1279 1294 1295 1299 1312 1352 1357 1380 1392 1427 1442 1447 1536 1573 1597 1630 1634 1639 1647 1650 1661 1671 1681 1686 1745 1750 1754 1776 1783 1803 1815 1868 1873 1906 1917 1969 1991 2017 2018
1858,C 1 C N ( C [C@H] 1 N C 2 C C C ( C C 2 ) ( C 3 = N C = C ( C = C 3 ) C 4 = N C = C C = N 4 ) O ) C ( = O ) C 5 C C N ( C C 5 ) C 6 = N C = C C ( = C 6 ) C ( F ) ( F ) F,42 53 89 114 197 239 255 260 286 335 345 350 378 407 421 432 448 454 484 518 527 530 548 556 595 650 652 654 712 739 741 787 807 809 814 833 844 852 860 875 894 896 899 914 919 926 935 938 974 1002 1019 1022 1041 1054 1060 1072 1088 1118 1122 1134 1152 1154 1156 1160 1162 1168 1175 1192 1216 1243 1260 1269 1296 1325 1341 1376 1380 1385 1397 1398 1417 1452 1453 1480 1482 1487 1522 1528 1535 1555 1593 1598 1606 1611 1634 1662 1702 1747 1750 1756 1794 1802 1837 1852 1862 1866 1873 1917 1920 1928 1943 1952 1954 2009 2033
1859,C C 1 = C C = C ( C = C 1 ) N C ( = O ) C N ( C ) C ( = O ) / C = C / C 2 = C C ( = C ( C ( = C 2 ) O C ) O C ) O C,8 10 31 41 49 72 80 191 222 235 249 261 268 282 297 333 334 373 382 458 487 525 527 541 564 635 650 674 675 694 695 805 807 828 835 837 841 843 875 881 901 929 1043 1057 1064 1077 1081 1082 1118 1152 1163 1174 1190 1287 1308 1348 1372 1376 1377 1380 1419 1476 1536 1568 1584 1587 1588 1599 1621 1652 1657 1722 1750 1767 1782 1812 1816 1823 1828 1873 1877 1881 1892 1917 1920 1970 2002 2033
1860,C C O P ( = O ) ( [C@@H] ( C 1 = C C = C C = C 1 ) N C ( = O ) / C = C / C 2 = C C = C ( C = C 2 ) O C ) O C C,1 25 31 78 80 99 117 134 192 234 261 294 306 322 327 344 389 417 440 486 650 681 694 695 718 781 807 808 813 826 831 835 841 843 878 885 929 946 972 995 998 1037 1057 1088 1132 1137 1152 1174 1181 1199 1203 1214 1233 1238 1288 1292 1302 1308 1339 1365 1380 1381 1401 1444 1475 1527 1536 1581 1596 1597 1601 1621 1706 1716 1750 1791 1859 1863 1873 1907 1917 1954 1973 1978 2008 2033
1861,C C ( C C ( C 1 = C C ( = C ( C = C 1 ) O C ) O C ) N ) C C ( C ) ( C ) C,1 22 59 80 94 114 140 249 283 323 329 362 392 458 467 489 503 553 596 599 635 680 695 719 786 823 825 841 875 962 994 997 1014 1019 1057 1060 1081 1139 1171 1194 1223 1245 1265 1270 1273 1324 1365 1380 1424 1509 1526 1536 1544 1575 1612 1686 1741 1750 1787 1853 1873 1882 1900 1901 1908 1970
1862,C C 1 = C ( O C 2 = C ( C 1 = O ) C = C C = C 2 C ( = O ) C Br ) C 3 = C C = C C = C 3,80 86 121 133 145 160 251 252 280 288 314 328 389 395 477 486 525 557 642 648 650 653 656 688 696 728 736 764 807 808 817 836 930 958 1039 1041 1057 1060 1081 1087 1088 1105 1156 1160 1184 1199 1201 1280 1302 1305 1357 1367 1380 1447 1457 1489 1523 1527 1538 1548 1573 1589 1595 1604 1637 1639 1647 1648 1692 1693 1700 1701 1708 1718 1722 1749 1750 1807 1869 1873 1917 1923 1951 1991 2028
1863,C 1 = C C ( = C [N+] ( = C 1 ) C C O C ( = O ) C 2 = C C ( = C N 2 ) Br ) C ( = O ) O,13 80 143 145 147 282 328 336 350 361 389 422 456 463 499 509 535 545 650 693 695 727 728 806 807 813 874 875 909 916 920 950 978 983 1003 1058 1088 1102 1106 1114 1138 1171 1184 1214 1322 1363 1365 1372 1380 1385 1413 1415 1472 1494 1497 1509 1546 1566 1592 1631 1632 1639 1686 1738 1750 1759 1789 1817 1818 1873 1879 1892 1917 1968 1985 2040
1864,C N ( C C 1 = C C = C C = C 1 N 2 C C C C 2 ) S ( = O ) ( = O ) C 3 = C C = C C ( = C 3 ) C ( = O ) O C,25 52 80 145 204 213 231 256 261 264 271 284 308 319 348 349 350 366 368 372 407 413 462 467 469 471 477 488 507 575 650 673 680 695 759 785 786 807 810 815 841 852 875 881 906 926 935 943 961 966 1028 1039 1046 1053 1057 1066 1071 1075 1088 1152 1163 1183 1199 1295 1310 1332 1349 1380 1385 1476 1480 1506 1536 1596 1597 1638 1647 1659 1663 1715 1719 1739 1750 1795 1833 1836 1873 1917 1985 1998 2027
1865,C [C@H] ( C ( = O ) N C 1 = C C = C ( C = C 1 ) Cl ) S C 2 = N C C N 2,1 89 112 116 120 140 191 196 216 219 283 298 305 313 378 381 484 488 512 515 560 561 573 581 650 699 701 733 749 780 807 816 827 843 846 881 883 885 896 926 995 1021 1048 1057 1070 1077 1114 1152 1162 1173 1249 1322 1380 1460 1507 1511 1512 1519 1542 1544 1596 1597 1664 1683 1696 1738 1748 1749 1750 1816 1825 1860 1866 1873 1917
1866,C 1 C C [C@H] 2 [C@@H] ( C 1 ) C 3 = C C = C C = C 3 N 2,4 118 126 140 210 224 270 301 348 351 371 393 431 455 487 492 496 590 633 660 738 782 802 890 926 982 1019 1027 1028 1088 1097 1114 1117 1131 1147 1199 1275 1325 1349 1380 1389 1392 1447 1470 1513 1527 1629 1639 1650 1689 1710 1750 1799 1806 1818 1873 1900 1982 1983 1990 2016 2035
1867,C C ( C ) ( C ) C ( = O ) N C C 1 2 C = C C ( O 1 ) C 3 C 2 C ( = O ) N ( C 3 = O ) C 4 = C C = C ( C = C 4 ) [N+] ( = O ) [O-],5 11 29 30 45 56 80 94 99 114 197 233 270 314 318 358 392 405 441 464 476 530 650 656 706 715 747 753 769 787 807 815 838 885 909 918 928 935 938 965 969 975 978 985 1019 1057 1060 1068 1070 1083 1112 1148 1152 1176 1181 1195 1225 1274 1290 1301 1304 1310 1337 1344 1362 1380 1381 1386 1390 1407 1457 1460 1468 1496 1512 1553 1601 1636 1686 1700 1711 1714 1727 1750 1809 1814 1824 1825 1859 1873 1881 1914 1917 1919 1944 1961 1963 1973 2001 2031
1868,C 1 = C C = C ( C = C 1 ) S ( = O ) ( = O ) N / 2 / C = C \ O / C = C \ O / C = C 2,4 30 67 100 109 133 197 319 350 369 374 389 420 433 484 487 488 519 538 547 549 574 575 641 650 656 689 696 704 718 769 782 800 807 881 882 908 929 935 938 945 1022 1057 1070 1080 1088 1128 1195 1199 1216 1222 1317 1363 1380 1390 1425 1476 1497 1506 1543 1606 1651 1675 1677 1721 1727 1750 1773 1840 1841 1851 1873 1891 1908 1945 1999
1869,c 1 2 c 3 c ( c ( = O ) c 4 c 2 c ( c c c 4 O ) O ) c ( c c c 3 n ( n 1 ) C C C N ( C ) C ) N C C N,45 80 117 158 208 223 314 323 378 410 428 459 495 502 530 587 589 620 650 652 654 657 667 671 676 693 710 717 792 798 807 847 861 866 867 881 899 912 933 935 945 946 949 955 981 989 995 1057 1092 1099 1100 1118 1121 1145 1152 1163 1168 1171 1224 1285 1288 1332 1380 1393 1416 1421 1471 1475 1476 1569 1602 1607 1667 1675 1747 1750 1757 1760 1796 1840 1856 1873 1911 1923 1951 1956 1975 1984 2006 2016 2021
1870,C C c 1 n n c ( [nH] 1 ) c 1 c c ( C ( = O ) N 2 C C C ( C C 2 ) c 2 c c c ( c c 2 ) C # N ) c ( C ) c c 1 C 1 C C ( F ) ( F ) C 1,12 34 39 77 80 83 102 124 142 157 183 216 225 228 251 283 294 305 307 338 352 362 364 378 451 469 492 498 518 550 557 560 650 652 674 679 694 700 722 752 771 790 797 802 807 875 926 935 942 961 981 989 1019 1027 1052 1057 1060 1064 1110 1114 1136 1158 1164 1279 1298 1302 1325 1380 1384 1391 1408 1422 1428 1454 1459 1480 1504 1523 1540 1567 1585 1609 1697 1722 1730 1732 1745 1750 1799 1803 1836 1873 1881 1902 1917 1928 1954 1958 1961 1984 1991 2000 2009 2013 2028
1871,C S C 1 = C ( C ( = C ( C = C 1 Cl ) Cl ) Cl ) Cl,47 60 65 116 151 156 188 191 304 366 377 394 503 510 541 561 717 749 810 834 860 866 871 875 911 956 1011 1050 1051 1054 1057 1104 1223 1255 1297 1360 1362 1364 1372 1380 1389 1390 1391 1524 1660 1683 1704 1713 1716 1723 1773 1797 1819 1824 1842 1849 1864 1866 1873 1943 1999 2014
1872,C C ( C ( = O ) N C 1 = C C = C C = C 1 ) S C 2 = C C = C ( C = C 2 ) N C ( = O ) / C ( = C / C 3 = C ( C ( = C C = C 3 ) Cl ) Cl ) / N C ( = O ) C 4 = C C = C C = C 4,1 52 59 77 116 191 196 279 283 308 325 359 366 389 393 438 440 441 457 486 561 564 573 650 652 657 662 694 703 807 811 843 866 890 930 960 961 974 1011 1026 1034 1035 1039 1057 1070 1077 1088 1103 1118 1119 1152 1162 1168 1173 1178 1199 1210 1255 1262 1269 1347 1380 1384 1385 1387 1463 1507 1539 1568 1574 1622 1655 1664 1665 1683 1691 1707 1746 1750 1766 1816 1873 1917 1985 2022 2029
1873,C O C C ( C O C ) C 1 = C C = C ( C = C 1 ) N,1 13 50 52 53 72 80 87 109 118 125 157 284 286 336 365 366 546 679 682 695 782 816 829 841 864 888 932 1005 1055 1057 1085 1108 1128 1135 1168 1171 1189 1286 1352 1357 1365 1380 1452 1457 1492 1546 1584 1730 1731 1740 1750 1800 1804 1828 1846 1849 1853 1865 1873 1915 1960 1977 2019
1874,C O C 1 = C C = C ( C = C 1 ) C ( = O ) N = C 2 N ( C 3 = C ( S 2 ) C = C ( C = C 3 ) C ( = O ) O C ) C C ( = O ) O C,30 45 80 94 145 162 191 195 199 203 209 220 274 309 322 412 417 439 462 469 500 537 552 650 675 681 695 718 725 726 745 760 781 802 807 818 831 832 841 857 875 885 901 906 917 935 947 992 1057 1084 1099 1149 1152 1187 1221 1225 1312 1332 1358 1369 1380 1385 1386 1420 1432 1477 1479 1496 1521 1524 1536 1590 1595 1597 1646 1664 1687 1697 1715 1749 1750 1780 1846 1873 1917 1925 1930 1954 1984 2021
1875,C O C 1 = C C = C C = C 1 / C = N \ N 2 C C N ( C C 2 ) C 3 = C C = C C = C 3 O C,32 35 77 89 171 192 231 249 302 327 328 332 374 407 441 527 562 590 614 694 695 707 725 745 826 841 864 926 935 961 991 1057 1082 1088 1159 1199 1232 1249 1259 1273 1279 1293 1295 1298 1303 1343 1358 1380 1400 1410 1421 1471 1480 1506 1508 1536 1539 1565 1639 1647 1730 1750 1764 1786 1788 1804 1873 1887 1890 1911 1939 1970 2001 2005 2029 2045
1876,C C C C C ( C ( C ) C = C ) O,1 80 131 152 163 167 216 227 235 283 290 291 294 341 349 435 544 577 591 694 738 739 753 755 794 807 837 846 859 872 888 967 1039 1057 1088 1107 1134 1184 1250 1327 1328 1335 1336 1341 1366 1442 1443 1450 1504 1513 1529 1622 1645 1650 1660 1669 1769 1771 1850 1881 1911 1931
1877,C C 1 = C ( S C ( = C 1 C ( = O ) O ) N 2 C = C C = C 2 C N C C C N ( C ) C 3 = C C = C C = C 3 ) C,80 95 122 151 162 166 252 255 281 288 313 372 389 456 469 473 476 477 485 529 552 556 564 577 586 615 629 640 650 667 675 710 733 760 771 807 818 820 881 889 935 946 955 1004 1057 1088 1096 1101 1152 1163 1192 1199 1250 1300 1351 1378 1380 1399 1414 1472 1501 1505 1542 1555 1650 1653 1716 1722 1744 1750 1752 1774 1791 1802 1807 1808 1818 1873 1880 1911 1917 1930 1946 1951 1987 1990
1878,C O C ( = O ) C 1 = C C = C ( C = C 1 ) [C@H] 2 C [C@H] ( O C ( = C 2 ) C ( = O ) N C 3 C C 4 C C C 3 C 4 ) O C C O C C O,13 52 55 57 80 116 130 145 172 190 222 295 324 326 373 387 428 440 464 473 486 506 520 585 600 606 650 656 658 669 691 695 712 721 750 752 795 807 823 841 861 883 904 906 918 926 938 947 963 994 995 1019 1041 1057 1069 1085 1152 1221 1231 1250 1279 1292 1297 1303 1325 1363 1369 1376 1380 1385 1403 1446 1509 1512 1568 1587 1606 1649 1697 1715 1750 1762 1768 1803 1873 1899 1917 1992 1998 2022 2047
1879,C O C 1 = C ( N = C ( C = C 1 ) N 2 C ( = O ) C 3 = C ( C = C ( S 3 ) C ( = O ) N C C 4 = C C = C ( C = C 4 ) O C ( F ) F ) N C 2 = O ) O C,1 54 62 80 94 95 112 115 119 131 162 185 195 197 221 249 255 265 310 314 322 339 348 378 401 409 417 419 486 504 511 527 529 538 544 568 635 638 650 664 675 695 718 723 758 772 780 807 808 813 827 841 864 875 906 935 968 987 1046 1050 1057 1061 1087 1103 1105 1114 1152 1164 1174 1214 1319 1339 1364 1370 1380 1383 1422 1448 1456 1536 1573 1666 1684 1696 1709 1735 1741 1745 1750 1754 1842 1845 1855 1858 1873 1883 1902 1917 1928 1967 1970 1976 1980 1993 2030
1880,C O C ( = O ) N C C ( = O ) N C 1 2 C C 3 C C ( C 1 ) C C ( C 3 ) C 2,16 41 47 70 80 117 172 175 197 260 317 344 405 407 413 448 506 565 587 598 618 650 666 679 695 807 841 847 866 926 930 935 971 978 989 1019 1046 1057 1060 1152 1267 1273 1292 1381 1382 1430 1440 1446 1461 1527 1667 1699 1702 1715 1758 1785 1802 1901 1917 1948 1976 2016
1881,C C 1 = C C = C ( C = C 1 ) C ( = O ) C ( = C = C ) C,30 41 102 198 235 315 440 461 483 542 555 559 581 598 650 674 682 724 752 807 857 897 1017 1029 1057 1092 1097 1140 1150 1153 1250 1352 1361 1366 1380 1385 1419 1424 1472 1547 1626 1633 1664 1697 1722 1728 1749 1750 1769 1777 1800 1806 1816 1823 1838 1873 1881 1896 1917 1920 1946 1967 2019 2028
1882,C C C N ( C ( C 1 = C C = C ( C = C 1 ) Cl ) C ( = O ) N C 2 C C C ( C C 2 ) C ) C ( = O ) C Cl,1 9 24 80 108 216 227 294 330 333 346 351 354 387 408 463 555 561 573 591 608 610 650 667 717 794 807 816 855 860 881 899 926 937 973 1019 1057 1070 1109 1114 1123 1148 1152 1206 1210 1220 1238 1309 1325 1352 1365 1377 1380 1417 1435 1476 1521 1523 1603 1634 1639 1655 1683 1744 1750 1761 1772 1778 1790 1818 1853 1858 1861 1873 1917 1929 1951 1954 2041
1883,C [C@@H] ( C ( = O ) N C 1 = C C = C ( C = C 1 ) N C ( = O ) C ) N 2 C = N C 3 = C C = C C = C 3 C 2 = O,1 18 53 107 144 174 191 202 245 251 271 283 289 299 301 314 331 378 404 427 433 456 477 504 530 573 605 629 650 699 708 738 779 807 808 843 849 932 935 939 976 1000 1017 1051 1057 1059 1077 1088 1097 1147 1152 1199 1214 1216 1333 1357 1380 1411 1452 1489 1537 1567 1573 1590 1664 1743 1750 1758 1816 1873 1887 1896 1917 1938
1884,C O C ( = O ) C 1 C C ( C 1 ) ( O C ) O C,11 39 42 154 180 188 194 209 245 255 263 274 275 378 400 409 442 465 482 509 528 534 550 573 634 641 650 662 679 683 695 759 807 841 871 877 881 888 897 915 922 926 927 957 960 974 1004 1019 1026 1057 1060 1103 1152 1158 1316 1329 1365 1415 1454 1457 1480 1637 1641 1786 1815 1821 1899 1917 1921 1998
1885,C C C C 1 = N C 2 = C ( C ( = O ) C 3 = C C = C C = C 3 O 2 ) C 4 = N C 5 = C C = C C = C 5 N 1 4,25 45 48 80 81 138 233 235 289 294 305 314 318 357 368 378 405 433 440 512 525 531 548 572 600 650 656 662 721 727 744 748 794 815 841 852 863 917 935 941 942 996 1013 1030 1038 1057 1085 1088 1097 1111 1128 1146 1185 1199 1206 1212 1214 1226 1243 1285 1357 1380 1383 1401 1507 1523 1534 1544 1573 1578 1583 1599 1604 1619 1643 1696 1711 1726 1750 1808 1842 1855 1864 1871 1873 1893 1896 1906 1918 1970 1984 2019
1886,C 1 C C = C C ( C 1 ) O / N = C ( / C 2 = N S C ( = N 2 ) N ) \ C ( = O ) N C 3 [C@@H] 4 N ( C 3 = O ) C ( = C ( C S 4 ) C S C 5 = N N = N N 5 C C C N ) C ( = O ) O,5 15 39 40 80 87 89 116 122 139 158 186 203 212 232 233 236 257 280 293 314 321 323 329 341 367 378 387 389 398 431 440 456 460 470 488 514 647 648 650 653 664 675 694 695 698 720 725 747 753 762 765 766 792 804 807 859 872 882 926 935 936 958 981 998 1019 1028 1043 1050 1063 1071 1077 1083 1128 1142 1145 1147 1150 1152 1164 1171 1180 1186 1210 1239 1246 1258 1264 1279 1283 1309 1324 1325 1380 1388 1441 1457 1496 1504 1508 1517 1520 1554 1559 1609 1641 1653 1659 1686 1742 1744 1746 1754 1765 1783 1840 1855 1873 1883 1902 1911 1917 1922 1938 1955 1987 2016
1887,C C 1 = C ( C = C ( C = C 1 ) C ( = O ) N C ( = S ) N N C ( = O ) C O C 2 = C C = C ( C = C 2 ) C ( C ) C ) I,1 21 41 65 80 84 97 102 110 192 198 213 258 280 281 282 283 284 312 322 326 341 426 486 526 530 561 582 598 627 636 650 661 678 695 709 718 745 747 782 807 819 875 930 947 989 1057 1089 1119 1128 1132 1152 1226 1308 1311 1340 1353 1359 1365 1380 1385 1391 1395 1418 1436 1452 1477 1523 1542 1548 1586 1588 1597 1643 1691 1697 1722 1750 1804 1805 1816 1839 1853 1873 1874 1887 1904 1917 1930 1977 2004 2015 2032
1888,C 1 = C O N C 1 = S,13 42 55 92 97 102 166 247 346 348 355 427 451 466 517 546 560 577 603 648 656 694 768 772 787 903 945 999 1000 1032 1090 1114 1225 1234 1341 1347 1372 1380 1440 1458 1490 1506 1517 1597 1604 1648 1691 1717 1750 1752 1761 1848 1870 1873 1974 1982 2008 2039
1889,C C ( C ) C N C ( = O ) C N 1 / C ( = C / C ( = O ) C 2 = C C = C O 2 ) / S / C ( = C / C 3 = C S C = C 3 ) / C 1 = O,1 10 14 19 23 41 70 80 132 151 156 162 197 253 257 262 281 283 314 348 351 368 409 425 432 451 474 481 504 512 549 552 569 606 608 621 622 645 646 650 656 675 694 705 739 741 787 802 804 807 810 814 844 861 889 935 987 989 1014 1020 1053 1057 1066 1088 1099 1116 1132 1152 1207 1211 1213 1233 1243 1312 1332 1337 1362 1363 1380 1432 1433 1438 1472 1545 1547 1559 1563 1667 1716 1750 1754 1764 1769 1817 1832 1847 1873 1892 1917 1926 1936 1998 2002 2022 2033
1890,C [C@@] 1 ( C C [C@@H] ( C [C@@H] 1 Br ) [C@] 2 ( C [C@H] ( C ( O C 2 = C ) ( C ) C ) Br ) O ) Cl,35 76 113 253 259 307 503 519 528 542 559 560 563 583 650 656 679 693 704 719 721 728 760 771 776 789 807 872 926 928 1019 1044 1057 1060 1066 1084 1131 1154 1162 1180 1183 1188 1193 1258 1274 1282 1284 1292 1325 1366 1380 1386 1417 1424 1429 1470 1483 1535 1593 1594 1622 1646 1683 1753 1898 1942 1952 1995 2007 2035
1891,C 1 C N ( C C = C 1 C 2 = C N = C ( C ( = N 2 ) C 3 = N C 4 = C C = C C = C 4 N 3 ) N ) C C # N,47 80 81 119 162 163 180 183 184 194 197 253 261 288 289 296 305 322 323 343 378 412 505 535 630 637 638 674 773 790 817 868 926 928 935 960 965 978 980 989 1030 1088 1089 1097 1114 1171 1187 1196 1199 1304 1312 1333 1380 1384 1443 1452 1453 1457 1459 1472 1474 1480 1506 1526 1532 1535 1538 1545 1548 1567 1609 1615 1658 1668 1676 1738 1745 1750 1781 1783 1791 1799 1812 1823 1840 1855 1873 1875 1889 1943 1989 1995 2035
1892,C C 1 = C ( C ( C 2 = C ( N 1 ) C C ( C C 2 = O ) C 3 = C C = C S 3 ) C 4 = C C = C C = N 4 ) C ( = O ) N C 5 = C C ( = C C = C 5 ) F,14 42 177 184 191 210 211 230 231 241 256 257 265 300 314 374 378 379 383 422 424 428 448 486 529 595 649 650 674 675 677 699 703 751 772 789 807 810 814 824 827 848 854 875 892 926 968 980 1000 1019 1039 1057 1060 1079 1088 1110 1113 1114 1151 1152 1155 1169 1171 1172 1199 1268 1270 1296 1343 1380 1384 1434 1437 1452 1464 1466 1474 1487 1488 1521 1552 1567 1582 1651 1670 1722 1750 1759 1816 1852 1866 1873 1911 1917 1928 1948 1951 1978 1996 2000 2038
1893,C 1 C = C C C 2 C 1 C ( = O ) N ( C 2 = O ) C C ( = O ) N C 3 = C C = C ( C = C 3 ) O C 4 = C C = C C = C 4,5 8 41 80 119 141 152 155 159 191 193 197 233 257 314 322 359 389 402 419 455 519 562 564 588 598 650 665 674 687 695 718 724 807 843 879 883 887 901 926 935 974 1019 1047 1051 1077 1088 1106 1128 1152 1174 1184 1199 1220 1252 1284 1312 1313 1379 1380 1409 1424 1427 1428 1435 1472 1493 1548 1615 1617 1621 1694 1726 1750 1759 1779 1792 1811 1816 1839 1864 1873 1886 1917 1953 1989 1993 2008
1894,C C ( C ) C ( = O ) N C C 1 = C C = C ( C = C 1 ) C ( C ( = O ) N ( C C ( C 2 = C C ( = C ( C = C 2 ) Cl ) Cl ) O ) C ( C ) C ) N,1 60 80 107 197 214 227 255 283 307 310 314 366 422 447 460 464 509 511 539 546 561 573 607 635 638 650 655 666 671 705 716 768 772 786 807 842 853 875 881 1012 1057 1083 1152 1171 1189 1337 1349 1360 1362 1365 1380 1391 1402 1428 1434 1476 1518 1546 1554 1573 1587 1615 1633 1656 1683 1704 1730 1733 1745 1750 1754 1844 1853 1860 1861 1865 1873 1917 1950 1971 1989
1895,C / C ( = N / N C ( = O ) C O C 1 = C C = C ( C = C 1 ) C ( C ) ( C ) C ) / C ( = O ) N C C 2 = N C ( = N O 2 ) C 3 = C C ( = C ( C = C 3 ) O C ) O C,26 33 41 51 80 94 102 103 110 114 140 152 163 175 192 197 210 234 238 248 249 255 306 318 322 337 357 378 392 418 507 517 568 650 655 656 664 695 700 704 718 725 774 791 792 807 822 827 841 845 875 896 913 917 932 950 997 1017 1020 1028 1057 1108 1131 1152 1160 1177 1210 1245 1272 1286 1339 1347 1349 1380 1385 1417 1444 1452 1489 1508 1513 1536 1542 1556 1558 1626 1644 1665 1672 1679 1750 1809 1855 1873 1887 1910 1917 1970 1973 1983 2004 2013 2024
1896,C O C 1 = C C ( = C C ( = C 1 ) N C 2 = N C 3 = C C = C C = C 3 N = C 2 N S ( = O ) ( = O ) C 4 = C C = C ( C = C 4 ) C C C ( = O ) O C ) O C,4 14 74 80 126 128 155 191 195 271 289 295 305 310 319 322 350 378 440 466 491 502 552 622 641 650 652 683 695 708 715 742 745 749 781 807 835 841 875 883 888 926 930 1031 1045 1057 1064 1088 1090 1097 1127 1136 1148 1152 1193 1199 1210 1218 1243 1266 1270 1313 1330 1380 1386 1410 1476 1494 1536 1564 1631 1699 1734 1742 1750 1754 1760 1765 1855 1860 1873 1885 1917 1921 1935 1968 2012 2021
1897,C C O C 1 = C C = C ( C = C 1 ) N ( [C@H] ( C ) C ( = O ) N C 2 = C C ( = C ( C = C 2 ) F ) Cl ) S ( = O ) ( = O ) C,1 27 48 69 80 81 102 184 191 216 219 237 274 279 283 294 307 313 322 330 350 352 353 357 366 447 462 465 471 523 561 573 609 627 650 692 695 699 718 757 779 807 843 846 875 881 955 960 1001 1013 1057 1090 1096 1116 1127 1152 1196 1205 1238 1256 1271 1278 1380 1390 1441 1452 1476 1488 1502 1547 1555 1563 1581 1582 1619 1664 1683 1698 1750 1755 1796 1812 1816 1837 1840 1873 1917 1928 1959 1998
1898,C C N ( C C C ( = O ) N 1 C C C C 1 C ( = O ) O ) C C C ( = O ) N 2 C C C C 2 C ( = O ) O C ( C ) ( C ) C,29 66 74 80 85 106 114 128 143 158 180 193 231 242 251 294 354 389 392 440 446 496 531 533 534 552 569 578 650 695 752 766 807 881 911 926 932 935 937 948 1009 1019 1028 1057 1107 1120 1146 1223 1246 1250 1262 1277 1325 1329 1333 1334 1352 1431 1480 1491 1519 1564 1574 1583 1590 1608 1719 1745 1758 1859 1873 1880 1890 1915 1917 1951 1981 2022
1899,C N 1 C ( = O ) C ( C ( = O ) N ( C 1 = S ) C ) ( C 2 C C C = C C = C 2 ) C 3 C C C = C C = C 3,17 28 37 97 124 141 228 231 238 251 253 255 314 328 336 355 377 517 607 613 650 698 729 774 776 862 898 926 935 963 987 1003 1019 1057 1060 1069 1083 1092 1128 1145 1147 1197 1207 1254 1325 1335 1380 1406 1495 1531 1549 1579 1584 1589 1717 1788 1813 1826 1859 1873 1884 1917 1946 1960 1970
1900,C C 1 = C C ( = C C = C 1 ) C [C@@H] ( C ( = O ) N C ( C C O C 2 = C C = C C ( = C 2 ) C ( = O ) O ) C # N ) N C ( = O ) C ( C 3 = C C = C C = C 3 ) C 4 = C C = C C = C 4,1 10 13 79 80 117 126 209 233 253 322 325 389 456 492 530 555 562 573 609 637 650 674 693 695 736 739 757 790 800 807 835 842 844 862 875 954 1013 1033 1034 1039 1055 1057 1066 1088 1092 1110 1134 1138 1152 1181 1190 1199 1216 1246 1249 1270 1338 1339 1365 1369 1380 1384 1385 1422 1438 1452 1463 1488 1501 1579 1581 1600 1616 1647 1691 1692 1722 1728 1750 1754 1789 1823 1855 1865 1873 1917 1930 1985 1988 1990 2006 2016 2040
1901,C C ( C 1 = C C = C C = C 1 ) N C ( = S ) N 2 C C N ( C C 2 ) C 3 = C C = C ( C = C 3 ) Cl,1 90 97 110 117 164 216 230 233 237 262 283 358 389 394 407 530 561 578 588 600 687 706 742 784 807 813 816 852 855 881 926 935 970 1057 1064 1070 1088 1152 1199 1251 1365 1380 1405 1455 1480 1508 1565 1581 1589 1627 1642 1653 1667 1670 1683 1695 1717 1731 1750 1758 1798 1810 1825 1873 1929 1931 1937 2009 2018
1902,C C O C ( = O ) C S C 1 = C ( N = N S 1 ) C 2 = C C = C C = C 2,80 82 116 119 133 147 155 214 219 294 302 323 333 341 363 378 389 411 471 477 514 522 547 650 652 660 665 675 695 716 718 736 749 755 780 804 807 808 835 889 899 936 961 995 1057 1088 1099 1160 1161 1164 1188 1199 1238 1248 1349 1380 1385 1386 1435 1475 1482 1519 1556 1571 1588 1608 1613 1687 1716 1718 1722 1740 1750 1849 1873 1883 1914 1917 1930 1959 1983 2033
1903,C C O C ( = O ) C 1 = C C = C ( C = C 1 ) N C ( = O ) C 2 = C C ( = C ( C = C 2 ) [N+] ( = O ) [O-] ) C,34 80 145 147 156 185 191 226 238 277 294 354 418 482 486 499 526 535 606 641 650 695 715 716 753 754 759 789 799 800 802 807 834 838 843 875 922 934 946 975 986 1033 1057 1069 1076 1077 1152 1183 1195 1238 1262 1293 1348 1365 1380 1385 1391 1417 1424 1438 1491 1515 1522 1544 1645 1688 1697 1722 1750 1763 1795 1816 1840 1873 1917 1959 1963 1978 2032
1904,C C 1 = C ( C = C ( C = C 1 ) Cl ) N C ( = O ) N 2 C C N ( C C 2 ) C 3 = C C = C C ( = C 3 ) C ( F ) ( F ) F,7 19 57 99 110 114 140 165 216 218 219 237 288 344 347 368 381 393 407 496 548 557 561 566 649 650 658 687 755 807 809 816 861 875 880 883 905 926 935 950 970 1039 1049 1057 1088 1152 1218 1224 1260 1288 1317 1324 1380 1381 1391 1417 1433 1453 1468 1480 1505 1508 1517 1518 1522 1530 1589 1625 1633 1683 1691 1709 1722 1750 1793 1816 1825 1870 1873 1874 1917 1928 2007 2009 2017
1905,C C C N / C = C / C C,11 45 80 97 118 119 203 269 294 410 423 506 649 667 694 709 794 814 868 897 965 1019 1025 1057 1094 1110 1127 1134 1152 1256 1353 1356 1454 1460 1550 1557 1594 1669 1721 1737 1743 1748 1768 1825 1936 1944 1985 1992 1999
1906,C 1 = C C = C ( C = C 1 ) O C 2 = C C = C ( C = C 2 ) S ( = O ) ( = O ) N ( C C 3 = C C ( = C ( C = C 3 ) Cl ) Cl ) C C 4 = C C ( = C ( C = C 4 ) C ( F ) ( F ) P ( = O ) ( O ) O ) Br,14 48 80 114 115 140 166 180 192 193 282 297 301 310 319 322 350 366 389 419 453 456 460 486 507 516 528 529 547 555 561 562 623 650 666 674 695 715 718 728 775 807 815 833 847 868 875 881 917 950 983 1005 1008 1024 1042 1057 1060 1087 1088 1103 1105 1121 1126 1183 1199 1235 1250 1252 1255 1271 1328 1342 1351 1359 1364 1380 1402 1410 1418 1444 1453 1476 1554 1617 1631 1683 1750 1754 1838 1873 1898 1928 1946 1988 2035
1907,C C C 1 C ( C C ( O C 1 ( C ) C ) ( C ) C ) C C ( = O ) O,19 34 50 74 80 123 152 163 197 226 253 294 349 389 399 426 430 432 449 493 550 566 635 650 656 657 679 738 741 746 807 817 892 907 926 999 1004 1019 1057 1060 1234 1257 1267 1274 1330 1368 1387 1395 1424 1444 1454 1524 1595 1612 1705 1729 1730 1737 1745 1746 1760 1778 1791 1793 1823 1832 1870 1899 1917 1975 2014
1908,C C C C ( C ) N C ( C C ) C 1 = C C = C ( C = C 1 ) F,1 28 51 53 58 80 84 90 114 167 185 225 232 283 291 294 427 474 487 522 526 537 543 547 561 606 659 673 699 719 729 739 789 794 838 874 887 895 896 912 969 979 1014 1057 1105 1140 1152 1173 1324 1339 1340 1359 1363 1365 1380 1402 1410 1414 1465 1503 1544 1632 1649 1670 1674 1703 1750 1809 1819 1824 1840 1853 1873 1914 1928 1978 1982 2015 2018
1909,C 1 C ( = O ) N ( [C@@H] ( S 1 ) C 2 = C C ( = C C = C 2 ) C ( F ) ( F ) F ) C [C@H] ( C 3 = C C = C C = C 3 ) O,1 80 81 92 111 114 126 131 159 160 188 216 227 263 277 310 314 356 378 389 412 416 442 501 509 546 598 613 650 675 691 738 787 798 807 809 859 875 903 921 926 935 952 998 1001 1003 1019 1039 1088 1131 1141 1150 1153 1180 1199 1221 1242 1260 1279 1319 1362 1365 1380 1396 1403 1417 1453 1469 1520 1522 1536 1581 1614 1646 1663 1747 1750 1758 1761 1774 1775 1816 1828 1873 1887 1922 1928 2017
1910,C 1 C C C ( C C 1 ) N C 2 = C ( C ( = N C = N 2 ) N 3 C C N ( C C 3 ) C 4 = C C = C C = C 4 F ) [N+] ( = O ) [O-],2 5 58 59 68 81 87 98 117 130 149 167 175 231 275 325 350 378 407 428 437 438 441 489 491 496 538 600 631 649 650 668 699 708 715 753 769 787 823 838 865 890 922 926 935 1019 1028 1032 1077 1088 1134 1143 1150 1152 1155 1195 1199 1204 1233 1261 1293 1295 1315 1325 1355 1367 1380 1430 1452 1472 1480 1500 1508 1576 1589 1597 1599 1634 1647 1737 1750 1795 1810 1840 1860 1873 1879 1928 1930 1947 1963 2037
1911,C C C C C 1 = C ( N ( C ( = O ) N 1 C C 2 = C C = C ( C = C 2 ) C 3 = C C = C C = C 3 C 4 = N N N = N 4 ) C 5 = C C = C C = C 5 ) C ( O C ) O C,1 40 58 80 85 101 166 222 279 294 310 314 317 323 335 352 357 377 378 389 393 461 478 479 520 591 650 655 670 674 686 695 701 722 771 792 794 802 841 896 897 935 942 975 980 984 1003 1010 1030 1049 1057 1058 1078 1080 1088 1104 1114 1160 1164 1191 1199 1243 1244 1263 1281 1324 1351 1365 1380 1385 1391 1474 1512 1528 1585 1658 1674 1683 1750 1754 1765 1767 1781 1804 1813 1822 1825 1860 1871 1873 1888 1897 1911 1926 1946 1993 2001 2004
1912,O = c 1 n c ( [nH] c ( N ) c 1 / N = N / c 1 c c c c c 1 ) N,21 64 88 89 125 134 194 216 235 255 276 314 334 347 378 380 389 392 440 462 474 524 589 593 618 644 650 693 697 725 733 808 826 871 916 931 952 969 992 1011 1013 1022 1051 1086 1088 1114 1141 1171 1199 1218 1257 1293 1316 1343 1380 1455 1457 1516 1557 1583 1665 1680 1742 1745 1750 1773 1842 1849 1853 1854 1855 1856 1861 1873 1949 1959 2003 2046
1913,C 1 C 2 C 3 [C@H] ( C 4 = C ( N C ( = O ) S 4 ) S C 3 C 1 C 5 C 2 C ( = O ) N ( C 5 = O ) C C ( = O ) N C 6 = C C = C C ( = C 6 ) C ( F ) ( F ) F ) C 7 = C C = C ( C = C 7 ) Br,5 41 78 80 89 114 121 162 166 184 191 192 216 219 270 276 293 314 362 382 413 461 469 553 555 575 576 583 588 608 622 650 653 659 670 674 675 703 728 755 765 771 782 807 809 841 854 864 872 875 901 909 926 935 950 978 990 1019 1026 1032 1039 1088 1114 1128 1152 1157 1186 1196 1230 1232 1238 1252 1260 1279 1284 1286 1292 1312 1323 1347 1357 1380 1392 1417 1443 1451 1453 1457 1459 1499 1522 1525 1554 1567 1601 1615 1631 1632 1649 1720 1745 1750 1768 1771 1803 1816 1843 1862 1873 1874 1886 1915 1917 1924 1928 2017
1914,C 1 = C C = C ( C ( = C 1 ) C N C ( = O ) C C 2 = C S C ( = N 2 ) C 3 = C ( C = C C = C 3 Cl ) Cl ) Cl,41 54 80 85 105 185 197 210 255 256 295 308 321 325 333 366 378 518 552 561 597 650 658 675 724 807 812 889 911 913 926 974 981 990 1000 1027 1039 1040 1048 1088 1101 1130 1141 1152 1199 1216 1349 1380 1430 1510 1545 1567 1581 1597 1618 1623 1682 1683 1693 1729 1747 1750 1760 1792 1798 1855 1873 1916 1917 1934 1960 1990 2000 2045
1915,C C 1 = C C = C ( C = C 1 ) C N C 2 = N C ( = C ( C ( = N 2 ) N C [C@H] 3 C C C O 3 ) [N+] ( = O ) [O-] ) N,26 49 69 80 81 97 168 235 248 255 277 310 323 361 369 378 607 638 650 656 708 715 753 781 802 808 821 833 838 859 926 950 982 1001 1019 1028 1057 1072 1117 1134 1152 1171 1195 1254 1325 1352 1366 1380 1389 1391 1416 1442 1444 1457 1459 1468 1550 1576 1582 1586 1604 1636 1665 1677 1693 1695 1722 1732 1734 1750 1754 1768 1769 1771 1823 1832 1849 1855 1873 1915 1920 1961 1963 2004 2008 2019 2036 2037
1916,C C ( C ) N S ( = O ) ( = O ) C 1 = C C = C ( C = C 1 ) C ( = O ) N C C C 2 = C N = C C = C 2,1 8 80 85 179 197 249 251 265 283 307 316 319 350 378 437 466 482 486 502 514 522 540 547 570 600 642 645 650 667 671 672 715 771 807 817 828 844 862 881 883 889 940 995 1028 1043 1057 1066 1088 1152 1176 1180 1228 1243 1249 1315 1326 1380 1385 1404 1476 1507 1535 1586 1603 1664 1665 1669 1678 1697 1705 1727 1732 1740 1750 1754 1822 1866 1873 1917 1941 1947 1950 1967 1973 1980 2016
1917,C C 1 C N ( C C ( O 1 ) C ) C C ( C 2 = C C = C C = C 2 ) O,1 74 75 80 142 206 227 251 263 298 309 360 362 389 412 415 451 537 626 656 691 739 742 763 765 797 807 839 869 871 926 935 977 984 989 1019 1023 1032 1057 1076 1088 1089 1090 1126 1159 1163 1164 1199 1227 1288 1309 1337 1362 1365 1380 1442 1445 1559 1570 1581 1613 1744 1750 1791 1820 1861 1868 1873 1884 1893 1921 1922 1938 2047
1918,C C O [Si] ( C ( C ) C C C O C C 1 C O 1 ) O C C,1 13 41 58 80 99 135 189 283 294 301 385 432 486 518 520 521 533 556 563 583 589 656 685 695 730 739 744 751 793 802 841 853 859 898 926 959 1019 1057 1124 1136 1163 1170 1182 1189 1204 1228 1238 1249 1301 1325 1350 1391 1394 1397 1420 1440 1478 1523 1562 1576 1598 1599 1640 1651 1684 1688 1697 1719 1766 1769 1790 1819 1830 1843 1893 1911 1923 1992 2007
1919,C C 1 = C ( C = C ( C = C 1 ) Cl ) N C ( = O ) C N C 2 = C C ( = C C = C 2 ) S ( = O ) ( = O ) N ( C ) C,5 14 41 42 80 90 99 112 132 135 165 168 178 189 191 216 218 241 284 293 319 350 392 482 561 575 576 622 650 652 654 658 669 679 686 698 703 740 763 779 785 807 815 816 875 881 900 924 939 965 1017 1039 1057 1088 1152 1162 1163 1205 1224 1301 1312 1322 1353 1380 1391 1416 1440 1462 1476 1509 1530 1541 1573 1633 1683 1689 1691 1694 1721 1722 1750 1774 1778 1794 1816 1827 1843 1860 1873 1876 1877 1917 1938 1948 2006
1920,C C C C C C C C C C C C C C C C ( = O ) C ( C C C C N ) ( C ( = O ) O ) N,9 40 42 53 77 80 95 114 220 265 294 371 373 377 389 490 561 583 587 591 639 650 675 762 781 794 807 826 860 866 970 980 981 996 1057 1082 1143 1171 1183 1213 1267 1285 1307 1308 1348 1350 1356 1376 1400 1444 1463 1476 1503 1512 1516 1517 1564 1565 1598 1705 1780 1840 1911 1917 1974 1977 1997 1998 2047
1921,C C C 1 = C ( N = C 2 C = C C ( = C C 2 = C 1 ) O C ) S C C ( = O ) N C 3 = N C ( = C ( S 3 ) C ) C,32 41 54 80 92 116 155 162 200 203 214 230 294 300 308 313 317 322 337 341 378 385 411 416 422 448 461 463 487 493 513 542 552 564 601 603 650 651 675 695 718 781 789 807 823 835 841 875 883 916 959 961 996 1057 1078 1097 1146 1152 1178 1229 1230 1274 1276 1282 1283 1349 1380 1455 1506 1515 1536 1539 1578 1600 1640 1664 1683 1722 1750 1759 1782 1799 1802 1816 1847 1855 1858 1864 1873 1874 1917 1940 1947 1951 1959 1972 1978
1922,C [C@H] 1 C ( = O ) N ( C C N 1 C ( = O ) C ( C C 2 = C N = C N 2 ) N C ( = O ) C ) C ( C ( C ) C ) C ( = O ) N,1 5 79 80 94 108 117 140 160 161 167 188 242 245 283 298 314 350 378 385 450 476 509 543 571 601 635 639 650 679 713 736 788 792 795 798 805 806 807 812 837 892 925 926 935 948 963 973 980 995 1007 1017 1019 1038 1056 1057 1076 1114 1152 1161 1171 1172 1181 1212 1294 1309 1313 1380 1383 1409 1433 1435 1440 1480 1487 1502 1513 1535 1586 1596 1603 1636 1656 1697 1729 1742 1768 1773 1803 1845 1864 1873 1874 1884 1891 1917 1925 1942 1988 2000
1923,C O C 1 = C ( C ( = C ( C ( = C 1 ) C ( = O ) N 2 C C C C 2 C O ) N C ( = O ) O C ( C ( Cl ) Cl ) Cl ) O C ) O C C 3 = C C = C C = C 3,1 69 80 88 107 142 144 167 193 222 232 242 249 303 319 333 381 389 403 406 421 446 467 511 534 600 604 634 650 695 699 740 745 752 807 841 860 875 914 926 928 935 1019 1021 1022 1028 1043 1046 1057 1066 1068 1083 1088 1132 1152 1154 1176 1199 1311 1325 1330 1367 1374 1380 1452 1480 1485 1504 1516 1521 1529 1536 1543 1552 1599 1628 1683 1740 1750 1752 1754 1758 1801 1816 1838 1873 1879 1892 1917 1934 1950 1964 1970 1991 1994 2042
1924,C C 1 = C C 2 = N C ( = C C ( = O ) N 2 O 1 ) C O C 3 = C C = C C = C 3 N C ( = O ) C 4 = C C = C O 4,80 97 141 191 201 245 314 315 316 318 378 395 411 421 474 486 532 555 604 618 621 630 650 656 695 703 724 742 745 747 787 795 807 812 819 846 875 935 944 947 982 984 1041 1057 1066 1080 1088 1141 1142 1152 1173 1183 1199 1209 1224 1226 1233 1249 1251 1275 1293 1380 1410 1416 1452 1473 1578 1609 1671 1676 1681 1696 1698 1722 1742 1750 1754 1785 1816 1834 1854 1855 1873 1917 1926 1970 1983 1993 2044
1925,C C ( C ) N c 1 c c ( n c c 1 C ( = O ) N C [C@@H] ( F ) C ( C ) O ) n 1 c c c 2 c c ( c n c 1 2 ) C # N,1 70 80 95 102 138 197 217 225 227 265 276 283 305 378 440 466 486 489 496 527 544 564 578 606 650 674 690 759 762 771 782 790 807 812 865 875 895 913 935 955 973 1007 1028 1050 1053 1057 1061 1076 1083 1092 1101 1106 1136 1152 1195 1214 1224 1231 1269 1275 1290 1294 1317 1333 1373 1380 1383 1384 1387 1414 1429 1452 1468 1474 1481 1498 1535 1563 1570 1572 1609 1639 1643 1682 1692 1693 1696 1750 1763 1785 1849 1855 1873 1883 1917 1928 1936 1939 1953 1991 2004 2014
1926,C O C 1 = C C = C ( C = C 1 ) N 2 C ( = O ) C C ( C 2 = O ) N ( C C 3 = C C = C O 3 ) C ( = S ) N C 4 = C C = C ( C = C 4 ) F,5 33 55 80 90 97 110 159 165 191 220 231 233 263 314 322 328 338 362 388 404 474 507 547 569 576 635 650 656 671 695 699 718 781 787 798 799 807 813 831 841 843 880 881 909 926 935 978 999 1019 1046 1057 1077 1088 1091 1096 1097 1110 1152 1176 1233 1246 1263 1264 1291 1356 1380 1381 1410 1466 1510 1514 1518 1522 1536 1608 1670 1686 1690 1723 1750 1752 1769 1816 1825 1857 1873 1926 1928 1934 1935 1991 1992
1927,C C 1 = C ( C ( = C C = C 1 ) N 2 C C N ( C C 2 ) C ( = O ) C C C N C ( = O ) C 3 = C C = C S 3 ) C,8 14 79 80 125 197 199 219 231 239 241 252 293 304 383 407 419 486 526 529 531 582 590 615 650 667 675 760 807 838 872 873 915 926 935 951 994 996 1009 1039 1057 1088 1113 1133 1152 1173 1212 1214 1245 1269 1295 1298 1312 1367 1380 1391 1480 1484 1497 1508 1541 1564 1567 1586 1589 1597 1614 1647 1685 1703 1722 1729 1748 1750 1836 1864 1871 1873 1874 1876 1896 1911 1917 1995 1999 2009 2045
1928,C O C 1 = C ( C = C ( C = C 1 ) C ( = O ) N C ( = S ) N C 2 = C C = C C ( = C 2 ) C ( F ) ( F ) F ) Cl,16 94 95 97 110 114 138 164 184 191 249 262 265 280 287 304 306 347 362 366 383 422 429 486 498 510 526 527 560 561 649 650 695 696 702 703 723 724 790 801 807 809 833 841 857 875 915 924 930 988 990 1017 1033 1039 1057 1063 1088 1099 1110 1111 1119 1145 1152 1260 1380 1385 1391 1417 1436 1453 1513 1515 1522 1532 1536 1542 1558 1570 1573 1614 1627 1668 1683 1697 1743 1748 1750 1788 1816 1865 1873 1917 1928 1960 1970 1994 1997 2017
1929,C [C@@H] 1 C [C@H] ( O C ( = O ) C 1 ) [C@H] 2 [C@@H] ( C C ( O 2 ) ( [C@H] ( C ) C [C@H] ( C ) C N C ( = O ) O C ( C ) ( C ) C ) O C ) O C ( = O ) C 3 = C C = C C = C 3,1 7 80 97 114 145 164 191 197 221 231 259 265 283 299 302 308 314 352 389 392 420 450 466 587 591 599 606 617 650 656 679 680 695 706 720 726 727 746 750 773 789 798 807 840 841 849 850 892 914 926 932 941 960 970 1019 1040 1045 1055 1057 1060 1062 1070 1073 1088 1126 1148 1152 1199 1234 1266 1291 1292 1309 1322 1346 1380 1385 1398 1439 1451 1489 1504 1535 1546 1558 1565 1571 1574 1602 1605 1682 1684 1688 1691 1695 1750 1758 1765 1786 1806 1819 1823 1846 1858 1859 1867 1873 1917 1965 1967 1985
1930,C C C ( C ( = O ) N C 1 = N O C ( = C 1 ) C ) S C 2 = C ( C ( = C C ( = N 2 ) C 3 = C C = C ( C = C 3 ) Cl ) C 4 = C C ( = C C = C 4 ) F ) C # N,1 32 80 116 182 183 213 216 224 230 241 246 248 294 310 342 352 358 363 378 419 422 459 491 561 573 601 629 633 642 650 656 668 672 674 699 736 780 790 802 807 816 827 850 875 880 885 886 896 916 955 977 980 1034 1039 1057 1070 1078 1088 1099 1136 1152 1160 1179 1184 1193 1347 1380 1384 1398 1406 1487 1507 1525 1528 1542 1544 1574 1589 1650 1670 1683 1721 1722 1742 1745 1750 1785 1797 1816 1855 1873 1917 1928 1942 1943 1949 1968 1971
1931,C [C@H] 1 C N ( C ( = O ) C 2 = C ( C = C C ( = C 2 ) N S ( = O ) ( = O ) C 3 = C C = C ( C = C 3 ) O C ) O [C@H] 1 C N ( C ) C ( = O ) N C 4 = C C = C ( C = C 4 ) F ) [C@@H] ( C ) C O,1 4 5 30 31 80 86 90 105 191 192 193 210 222 245 249 283 314 319 322 334 345 350 352 395 427 482 488 502 526 562 577 598 602 610 650 656 664 679 695 699 715 718 739 743 744 750 769 781 798 799 807 831 834 840 841 843 875 879 881 883 884 891 926 935 945 962 998 1019 1035 1046 1057 1077 1116 1152 1163 1187 1209 1214 1263 1269 1270 1304 1309 1352 1380 1410 1413 1421 1427 1436 1476 1507 1519 1536 1550 1556 1582 1631 1650 1670 1716 1719 1750 1796 1797 1816 1859 1872 1873 1905 1917 1928 1947 1976 2000 2043 2046
1932,C C 1 = C C = C ( C = C 1 ) S ( = O ) ( = O ) N ( C C ( = O ) N 2 C C C C C 2 ) C 3 = C C ( = C ( C = C 3 ) Cl ) C ( F ) ( F ) F,2 80 107 114 140 235 262 319 350 366 369 419 427 448 473 487 493 552 561 642 645 650 665 666 715 728 736 747 760 783 807 809 815 875 881 900 926 931 935 960 992 1009 1028 1033 1056 1057 1096 1112 1175 1190 1241 1262 1317 1380 1398 1423 1453 1476 1480 1527 1589 1606 1636 1683 1684 1722 1734 1750 1756 1823 1858 1873 1893 1895 1904 1911 1917 1919 1920 1928 1946 1978 1998 2009 2030 2032 2038
1933,C C 1 = C ( S C 2 = C 1 C ( = O ) N ( C = N 2 ) C C 3 = C C = C ( C = C 3 ) C ( = O ) O C ( C ) C ) C ( = O ) N,1 16 19 59 69 80 140 145 162 174 252 277 283 309 310 314 378 382 432 504 508 511 538 542 585 597 606 628 650 675 695 781 797 807 848 874 878 890 905 908 916 925 932 935 937 1057 1058 1146 1171 1356 1375 1380 1385 1418 1438 1452 1455 1460 1479 1513 1572 1640 1658 1683 1697 1722 1750 1754 1765 1841 1842 1845 1852 1867 1872 1873 1889 1917 1969 1970 1978 1984 1990 2013 2022 2034
1934,C C N ( C C ) S ( = O ) ( = O ) C 1 = C C = C C ( = C 1 ) C ( = O ) N C 2 = C ( C = C ( C = C 2 ) C ) Br,0 71 80 81 235 239 242 254 282 294 297 315 319 348 350 486 497 526 533 565 575 622 640 650 667 728 785 805 807 815 824 833 847 855 875 881 899 932 947 977 986 1012 1013 1039 1040 1057 1088 1152 1189 1224 1232 1242 1266 1296 1305 1310 1328 1349 1368 1377 1380 1385 1411 1427 1476 1536 1553 1555 1574 1608 1622 1631 1681 1722 1750 1795 1800 1802 1809 1816 1823 1856 1873 1886 1889 1903 1917 1953 1967 1976 1978 1984 1985 1992 2003 2005 2013
1935,C 1 [C@@H] ( C ( [C@H] 2 [C@] 3 ( C 1 ) [C@] 1 ( [C@@H] ( C C 2 ) [C@] 2 ( [C@] ( C C 1 ) ( [C@@H] 1 [C@@H] ( [C@@H] 2 O ) O [C@H] ( C [C@H] 1 C ) [C@H] ( O C C ) C ( C ) ( C ) O ) C ) C ) C 3 ) ( C ) C ) O [C@@H] 1 O C C N ( C 1 ) C C ( = O ) N 1 C C C 1,1 22 66 80 112 113 114 137 139 153 208 221 242 249 254 294 310 316 369 392 436 478 492 493 515 534 537 549 551 568 585 607 650 656 686 694 695 712 717 725 739 760 802 804 807 812 849 855 869 904 926 933 935 950 958 959 964 967 973 974 1009 1011 1019 1028 1044 1057 1060 1083 1090 1162 1208 1209 1221 1238 1241 1257 1274 1289 1292 1309 1312 1313 1325 1335 1337 1358 1380 1381 1422 1423 1436 1451 1480 1500 1507 1509 1544 1590 1620 1701 1727 1742 1753 1768 1791 1821 1849 1859 1908 1914 1916 1917 1921 1925 2009
1936,C C 1 = C C ( = C ( C = C 1 ) O C ) N C ( = O ) N C C 2 C C N ( C C 2 ) C C 3 = C C = C C = C 3 Cl,29 80 81 94 158 186 197 235 249 274 289 295 312 346 366 368 418 422 480 484 530 561 567 573 574 607 650 653 665 683 695 701 717 725 777 784 800 803 807 841 853 865 875 925 926 935 962 974 1013 1019 1044 1050 1057 1058 1074 1088 1119 1152 1199 1210 1224 1229 1261 1305 1325 1340 1349 1350 1380 1480 1497 1499 1536 1597 1604 1664 1683 1700 1701 1719 1722 1750 1765 1791 1792 1816 1823 1841 1859 1862 1873 1917 1970 1989 1990 2008 2015 2030
1937,C 1 = C C = C 2 C ( = C 1 ) C ( = N C ( = N 2 ) C Cl ) C ( = O ) N,16 26 44 80 102 135 140 150 154 157 224 289 309 317 346 353 364 378 389 410 416 427 436 490 621 650 659 677 707 793 807 883 917 920 929 961 974 989 1010 1037 1078 1088 1097 1109 1137 1145 1161 1171 1199 1206 1230 1332 1336 1342 1350 1357 1369 1370 1380 1385 1435 1521 1535 1573 1576 1589 1669 1683 1689 1734 1750 1786 1793 1827 1855 1873 1876 1906 1910 1913 1917 1918 1930 2019 2024 2031 2043
1938,C O C 1 = C C = C C 2 = C 1 C C C ( C 2 ) C C # C,3 29 41 43 80 142 231 240 249 276 299 361 367 397 422 472 517 550 611 674 683 695 713 718 841 848 855 915 926 952 974 976 1019 1025 1039 1049 1057 1088 1118 1236 1248 1287 1290 1325 1361 1369 1380 1410 1424 1447 1482 1513 1528 1536 1549 1556 1653 1708 1738 1742 1750 1866 1873 1897 1923 1970 1976
1939,C C O [C@H] 1 C N C ( = O ) C [C@H] ( [C@@] 1 2 C 3 = C ( C = C ( C = C 3 ) Cl ) N C 2 = O ) C 4 = C C ( = C C = C 4 ) Cl,80 81 84 102 140 165 216 231 249 275 277 281 282 294 312 314 361 412 413 451 457 465 470 507 548 561 585 592 604 650 695 713 816 823 824 830 848 856 875 896 906 926 957 974 988 1019 1039 1057 1060 1077 1083 1088 1114 1117 1207 1213 1227 1235 1238 1279 1299 1380 1545 1568 1575 1663 1683 1701 1727 1731 1750 1773 1781 1789 1832 1862 1866 1873 1891 1950 1970 1980 1982 2008 2029
1940,C [C@@H] 1 C N ( C ( = O ) C 2 = C ( C = C C ( = C 2 ) N C ( = O ) C C 3 = C C = C C = C 3 ) O [C@@H] 1 C N ( C ) S ( = O ) ( = O ) C 4 = C C = C ( C = C 4 ) C ) [C@H] ( C ) C O,1 21 41 80 131 155 184 191 192 213 222 233 235 245 249 272 283 288 301 312 314 317 319 325 328 347 350 352 367 389 395 401 482 512 530 595 602 610 623 626 631 650 656 679 715 726 730 739 750 769 807 815 834 843 875 879 881 886 901 912 913 926 935 998 1016 1019 1035 1057 1066 1088 1116 1141 1152 1163 1175 1182 1192 1199 1214 1219 1309 1380 1406 1476 1524 1528 1578 1631 1652 1716 1722 1750 1754 1756 1758 1782 1793 1797 1816 1823 1854 1859 1873 1885 1892 1900 1905 1917 1918 1920 1946 2026 2027 2039
1941,C [C@@H] ( C ( = O ) N N C ( = O ) [C@H] ( C ) O C 1 = C C = C ( C = C 1 ) F ) O C 2 = C C = C ( C = C 2 ) O C,1 35 58 63 90 113 161 170 180 233 283 306 322 363 378 381 398 463 535 559 561 573 650 664 689 695 699 718 733 745 757 781 793 794 807 831 841 853 857 887 968 988 1020 1057 1118 1141 1152 1172 1183 1240 1243 1247 1253 1269 1304 1337 1380 1401 1410 1435 1536 1554 1575 1599 1608 1638 1657 1670 1696 1750 1783 1873 1917 1924 1928
1942,C C C 1 = C ( C ( = C ( C = C 1 O C C 2 = C C = C C = C 2 ) O C C 3 = C C = C C = C 3 ) C 4 = C C = C C = C 4 ) C C 5 = N N ( C ( = O ) O 5 ) C C O C,13 20 55 73 80 105 107 158 178 187 209 220 228 241 282 294 295 303 314 333 359 360 366 378 389 444 486 543 624 626 634 650 656 683 695 727 731 736 745 772 789 814 841 872 875 895 914 917 933 935 947 1005 1031 1037 1057 1066 1088 1114 1127 1145 1160 1163 1199 1204 1226 1243 1259 1267 1307 1349 1380 1407 1430 1452 1459 1465 1482 1534 1604 1649 1726 1733 1747 1750 1754 1799 1837 1873 1956 1970 1986 1997 2022 2023 2027 2034 2042
1943,C C C C N ( C 1 = C ( N ( C ( = O ) N C 1 = O ) C C C ) N ) C ( = O ) C N 2 C ( = O ) [C@H] 3 C C = C C [C@@H] 3 C 2 = O,3 5 49 55 80 229 294 314 337 348 359 366 382 407 455 460 469 513 531 543 562 588 591 598 606 650 659 704 708 724 750 756 758 783 794 802 807 815 820 863 879 881 886 926 935 947 989 1017 1019 1032 1057 1066 1095 1114 1128 1145 1171 1217 1238 1240 1305 1312 1325 1380 1427 1428 1433 1441 1457 1469 1623 1648 1671 1692 1736 1737 1739 1742 1745 1767 1770 1777 1781 1794 1800 1811 1814 1873 1886 1911 1917 1951 1967 1977 2026 2041
1944,o 1 n c ( c ( c 2 n c ( N C c 3 c n c c c 3 ) c c n 2 ) c 1 C ) C,12 74 80 92 110 167 248 255 272 346 378 380 404 414 437 458 461 493 570 603 645 656 684 701 719 753 768 784 787 802 805 835 841 875 970 996 1020 1034 1043 1057 1066 1088 1099 1132 1152 1171 1225 1280 1285 1294 1325 1366 1380 1385 1404 1416 1452 1472 1497 1505 1535 1540 1542 1569 1574 1586 1596 1603 1611 1616 1637 1654 1658 1722 1735 1747 1750 1754 1757 1770 1785 1815 1855 1866 1872 1873 1923 1959 1966 1981 2004
1945,C 1 C N ( C C N 1 C C 2 = C C = C ( C = C 2 ) C 3 = C C = C ( C = C 3 ) C ( C ( F ) ( F ) F ) ( C ( F ) ( F ) F ) O ) C C 4 = C ( C ( = N C = C 4 ) Cl ) F,0 14 59 74 79 80 83 94 114 121 187 257 290 294 310 328 339 378 431 443 505 558 561 620 663 693 699 738 779 784 787 807 844 896 908 924 926 935 943 985 1009 1011 1052 1063 1110 1160 1194 1211 1235 1264 1294 1349 1355 1362 1380 1417 1426 1435 1445 1452 1453 1454 1462 1477 1480 1499 1584 1617 1640 1665 1683 1687 1750 1754 1765 1771 1791 1792 1801 1844 1857 1866 1873 1908 1914 1928 1964 1972 1989 2015 2019 2036
1946,C 1 C ( N ( N = N 1 ) C 2 = C C = C ( C = C 2 ) Cl ) C 3 = C N = C C = C 3,2 17 56 105 108 113 118 132 133 161 216 233 235 283 333 338 378 387 437 453 463 522 542 554 561 601 641 695 749 758 795 816 917 926 927 935 961 1019 1035 1043 1068 1070 1087 1088 1107 1122 1128 1130 1181 1205 1256 1267 1279 1296 1312 1379 1380 1403 1438 1502 1509 1523 1535 1586 1603 1609 1614 1624 1631 1634 1659 1663 1671 1679 1683 1701 1706 1750 1825 1845 1866 1870 1873 1881 1921 1931 1995 2037 2039
1947,C C ( C ) ( C ) C 1 = C C = C ( C = C 1 ) O C C ( = O ) N C 2 = C C = C C = C 2 C ( = O ) N C 3 = N C = C S 3,14 17 33 41 55 80 102 114 140 155 157 159 167 171 192 217 279 282 297 307 322 326 358 378 385 392 414 458 486 501 519 554 558 595 604 624 650 675 695 718 734 745 807 823 847 948 1052 1057 1084 1088 1094 1114 1122 1129 1152 1199 1200 1224 1251 1271 1275 1315 1321 1339 1380 1384 1417 1447 1452 1466 1500 1556 1567 1580 1641 1665 1687 1696 1713 1745 1750 1787 1807 1816 1866 1873 1887 1891 1900 1917 1924 1929 1948 1991 2004 2021
1948,C O C 1 = C ( C ( = C C ( = C 1 ) / C = N / O ) I ) O C C # N,52 66 79 80 123 133 137 146 174 198 206 215 249 281 333 343 399 473 582 585 602 661 669 674 694 695 725 729 734 745 774 790 807 832 841 854 864 873 875 878 914 920 947 965 985 1045 1057 1064 1089 1113 1127 1155 1175 1198 1204 1210 1380 1384 1387 1452 1536 1597 1598 1599 1623 1657 1737 1774 1828 1857 1868 1873 1892 1915 1970 1979 1994 2033 2034
1949,C C 1 = C ( C = C ( C = C 1 ) S ( = O ) ( = O ) N C 2 = C C = C ( C = C 2 ) C ( = O ) O C ) [N+] ( = O ) [O-],4 38 100 131 138 145 158 191 198 244 316 319 350 354 384 410 460 463 502 519 541 606 650 690 692 695 715 716 743 753 781 782 802 807 838 841 843 851 875 886 894 906 946 968 971 1048 1057 1137 1147 1152 1195 1247 1270 1296 1310 1331 1357 1359 1380 1384 1385 1391 1408 1409 1476 1583 1676 1685 1691 1697 1715 1722 1750 1812 1851 1866 1873 1917 1940 1963 1993 2002 2036
1950,C C S C ( = C ( C ( = O ) / C = C / C 1 = C N = C C = C 1 ) C ( = O ) C 2 = C C = C C = C 2 ) S C C,8 28 31 80 116 117 146 163 165 235 246 265 294 319 378 389 400 414 437 468 564 571 644 650 694 722 807 835 850 868 874 910 933 943 1029 1033 1043 1057 1088 1148 1168 1199 1250 1269 1308 1316 1352 1353 1380 1385 1398 1437 1475 1495 1498 1531 1535 1557 1562 1583 1586 1603 1607 1626 1653 1699 1750 1792 1826 1829 1835 1866 1867 1872 1873 1917 1967 1985 2022 2033
1951,C 1 = C C = C 2 C ( = C 1 ) C = C C = C 2 / C = N \ N C 3 = C C = N C = C 3,11 17 40 88 113 191 201 223 265 289 306 316 355 378 383 439 441 500 552 560 593 638 681 688 694 725 797 807 814 864 953 961 1039 1087 1088 1094 1104 1137 1146 1152 1153 1199 1208 1210 1221 1296 1330 1357 1380 1382 1423 1447 1451 1455 1480 1490 1520 1530 1536 1541 1573 1603 1614 1624 1625 1638 1656 1696 1750 1779 1786 1797 1855 1866 1867 1873 1939 1969 2044
1952,C [C@] ( C O C 1 = C C ( = C ( C = C 1 ) [N+] ( = O ) [O-] ) F ) ( C ( = O ) N C 2 = C C ( = C ( C = C 2 ) [N+] ( = O ) [O-] ) C ( F ) ( F ) F ) O,9 63 80 89 114 184 191 219 242 259 262 268 274 310 316 322 325 332 354 383 392 402 419 487 529 611 626 630 633 650 694 695 699 715 716 718 719 753 768 770 781 807 809 825 838 843 848 853 875 889 1003 1057 1058 1130 1147 1152 1195 1229 1301 1313 1323 1344 1348 1380 1402 1409 1452 1453 1473 1499 1501 1581 1594 1605 1633 1641 1660 1681 1689 1701 1744 1750 1752 1759 1789 1816 1840 1842 1872 1873 1874 1908 1917 1928 1955 1963 1965 1990 2013 2043
1953,C C 1 = C ( C ( = O ) O C 2 = C 1 C = C C 3 = C 2 C N ( C O 3 ) C C C N 4 C C O C C 4 ) C,6 80 133 229 234 252 279 292 314 326 353 361 382 398 421 435 441 483 487 510 523 531 578 650 653 655 656 678 689 752 793 804 854 857 884 926 935 939 942 950 1035 1057 1079 1105 1134 1145 1188 1195 1280 1318 1333 1344 1357 1358 1380 1405 1441 1468 1480 1482 1489 1491 1526 1586 1603 1604 1722 1733 1750 1791 1793 1841 1849 1873 1881 1905 1911 1946 1959 1969 1990 2018 2029 2035
1954,C C ( C ) N ( C C C 1 ( C C 2 C C C C N 2 C 1 = O ) C 3 = C C = C C = C 3 ) C ( C ) C,0 1 29 33 65 79 80 135 155 158 210 233 234 238 251 255 262 283 286 289 314 363 374 389 415 501 543 549 556 565 634 650 661 679 684 707 743 771 772 791 795 832 871 881 890 926 935 953 1012 1019 1028 1057 1060 1088 1102 1137 1199 1244 1254 1284 1325 1353 1376 1380 1407 1419 1476 1480 1481 1517 1537 1605 1613 1675 1712 1719 1750 1758 1769 1873 1910 1928 1930 1951 1993 1998
1955,C [C@@H] ( C ( = O ) N C [C@@H] 1 C C C O 1 ) S C 2 = N N = C ( O 2 ) C 3 = C C ( = C C = C 3 ) S ( = O ) ( = O ) N 4 C C C C C 4,1 2 7 15 16 76 80 116 165 174 192 197 214 239 240 248 283 294 317 319 334 350 361 366 378 452 533 539 546 573 575 585 650 656 658 694 696 736 745 757 773 800 802 807 821 825 875 891 926 935 950 1016 1019 1028 1039 1047 1057 1088 1152 1160 1162 1164 1173 1224 1325 1350 1371 1380 1384 1391 1411 1468 1470 1476 1480 1507 1601 1604 1695 1703 1729 1750 1814 1819 1835 1847 1862 1873 1884 1903 1917 1966 1998 2040
1956,C O C 1 = C C = C ( C = C 1 ) C 2 = N N = C ( N 2 C C = C ) S C C 3 = C C = C ( C = C 3 ) C 4 = C C = C C = C 4 C # N,10 49 80 91 97 104 116 120 219 222 307 310 322 341 352 361 378 380 440 463 490 559 570 578 623 633 643 674 694 695 698 718 747 762 781 790 802 824 831 841 896 927 935 940 984 1027 1057 1062 1069 1088 1109 1111 1133 1136 1143 1144 1151 1160 1164 1192 1199 1200 1210 1283 1351 1366 1380 1384 1449 1495 1501 1503 1508 1521 1536 1624 1645 1648 1662 1708 1722 1745 1750 1754 1771 1772 1799 1820 1848 1852 1853 1862 1869 1873 1882 1907 1967 1976
1957,C 1 = C C = N C ( = C 1 ) C 2 = N N = C 3 N 2 N = C ( S 3 ) C C C ( = O ) O,57 80 100 107 162 197 202 231 266 305 373 378 389 410 412 442 447 448 460 499 546 624 650 675 699 745 777 807 833 857 872 903 935 939 978 980 1003 1048 1088 1106 1155 1164 1184 1199 1238 1243 1287 1298 1380 1426 1441 1452 1454 1485 1508 1559 1564 1566 1578 1722 1737 1743 1747 1750 1813 1851 1866 1873 1895 1917 1948 1952 1956 1961 1985 1992
1958,C 1 = C C = C 2 C ( = C 1 ) C = C C ( = C 2 C = O ) C ( = O ) N,46 67 77 94 140 147 200 203 288 298 309 350 355 472 599 650 675 678 694 698 736 761 791 807 846 850 889 893 907 926 1004 1009 1063 1081 1087 1088 1102 1104 1134 1160 1171 1194 1199 1237 1268 1303 1318 1357 1374 1380 1384 1426 1501 1573 1574 1614 1701 1726 1744 1750 1781 1855 1869 1873 1886 1917 1938 1955 1991 2030
1959,C N ( C C 1 = C N ( N = C 1 C 2 = C C = C C = C 2 ) C 3 = C C = C C = C 3 ) C N 4 C ( = O ) C ( = O ) N ( C 4 = O ) C 5 = C C = C ( C = C 5 ) O C,0 38 80 92 106 107 121 141 149 157 161 169 233 314 322 323 324 336 378 381 389 464 470 471 485 486 507 567 588 590 592 630 650 695 710 713 718 736 745 768 781 831 841 876 879 881 935 940 986 1012 1013 1026 1049 1057 1088 1109 1145 1160 1161 1163 1176 1199 1229 1236 1310 1326 1349 1358 1380 1425 1455 1486 1501 1517 1522 1534 1536 1640 1654 1686 1699 1720 1750 1771 1811 1825 1873 1888 1917 1918 1937 1956 2009 2011 2014
1960,C [C@H] 1 C N ( C C N 1 C 2 = C C = C C ( = C 2 ) C ) C C ( = O ) N C 3 = C ( N C 4 = C 3 C = C C ( = C 4 ) O C ) C ( = O ) O C,25 26 41 74 80 119 144 145 214 234 244 278 279 322 323 381 384 475 492 534 543 650 684 692 695 718 719 734 735 739 740 751 753 781 801 807 811 819 841 845 875 906 926 929 935 964 980 1013 1019 1039 1043 1049 1055 1057 1088 1114 1152 1160 1205 1208 1216 1217 1234 1278 1282 1284 1309 1312 1357 1374 1380 1419 1469 1478 1480 1500 1530 1536 1597 1603 1649 1722 1731 1733 1745 1750 1753 1759 1778 1791 1815 1816 1823 1825 1829 1840 1853 1855 1862 1870 1873 1876 1904 1917 1920 1972 2037
1961,C C 1 = C ( C = C ( C = C 1 ) C ( C N Cl ) O ) Br,1 5 11 25 47 56 80 115 135 192 227 249 310 322 368 402 431 436 472 564 590 606 623 632 643 644 666 699 728 778 807 833 854 875 918 936 937 974 1038 1057 1140 1152 1267 1273 1314 1346 1362 1365 1380 1391 1434 1451 1479 1631 1655 1683 1691 1713 1722 1750 1780 1806 1829 1838 1853 1864 1873 1969 1993 2005
1962,C C C C C C C C C C C C C C C C C C O C 1 = C C = C ( C = C 1 ) C 2 = N C 3 = C ( N 2 C 4 = C C = C C ( = C 4 ) C ( = O ) O C ) C = C C ( = C 3 ) C ( = O ) O C,13 45 48 80 102 103 127 145 155 258 294 322 378 465 469 490 591 630 635 636 650 695 718 794 807 841 875 889 896 906 935 1030 1034 1039 1049 1057 1060 1088 1097 1143 1152 1160 1241 1249 1277 1285 1287 1312 1380 1385 1394 1444 1445 1452 1587 1663 1697 1702 1711 1715 1722 1750 1825 1849 1854 1855 1873 1911 1917 1984 1985 1993 2017 2021 2027
1963,c 1 ( c ( c ( c c 2 c 1 C C O 2 ) C C = C ) O ) C,26 63 80 109 148 178 202 252 332 342 343 353 361 441 448 449 579 589 623 627 633 643 656 661 694 697 709 724 746 755 763 807 822 857 874 875 879 926 938 940 950 985 1010 1015 1057 1079 1096 1249 1260 1267 1319 1349 1366 1380 1396 1398 1417 1431 1442 1529 1558 1569 1597 1602 1640 1645 1663 1704 1722 1738 1824 1857 1873 1878 1905 1926 1941 1982 1984 2045
1964,C C 1 = C C ( = N C = C 1 ) N C ( = O ) C C N 2 C ( = C ( C ( = N 2 ) C ( F ) ( F ) F ) Br ) C,15 41 59 80 104 114 115 138 158 177 213 226 229 249 290 311 329 331 378 476 549 607 627 650 677 728 758 785 787 807 809 810 835 875 903 935 993 1006 1013 1020 1057 1065 1099 1110 1124 1139 1145 1152 1161 1162 1181 1193 1210 1217 1218 1227 1292 1323 1350 1359 1367 1380 1382 1383 1390 1444 1452 1453 1458 1466 1473 1494 1564 1628 1631 1644 1662 1722 1750 1766 1815 1816 1823 1866 1873 1876 1917 1928 1956 1978 2013
1965,C C ( C 1 = C C = C C = C 1 ) N C ( = O ) / C ( = C / 2 \ N ( C ( = O ) / C ( = C \ C 3 = C C = C ( O 3 ) C 4 = C C = C C = C 4 ) / S 2 ) C 5 = C C = C C = C 5 ) / C # N,1 3 7 56 58 103 117 121 162 197 267 270 281 283 287 314 389 504 511 549 571 580 642 650 656 660 674 675 694 713 736 738 778 790 803 807 814 826 844 865 899 914 935 937 966 996 1049 1057 1069 1083 1088 1100 1101 1106 1113 1122 1152 1160 1191 1199 1210 1212 1247 1345 1365 1380 1384 1395 1429 1462 1543 1571 1581 1604 1627 1695 1750 1794 1809 1815 1825 1831 1854 1873 1882 1917 1919 1929 1930 1937 1949 1974 1993 2010 2014 2022
1966,C N 1 [C@@H] ( N C ( = O ) C 2 = C C = C C = C 2 1 ) C 3 = C ( N N = C 3 ) C 4 = C N = C C = C 4,63 74 100 102 115 144 150 155 191 195 222 257 275 301 309 313 314 320 352 378 382 434 437 602 609 610 650 668 708 715 736 826 878 935 940 947 984 1019 1027 1043 1057 1078 1088 1114 1120 1122 1137 1145 1160 1199 1227 1295 1307 1341 1380 1395 1435 1444 1465 1504 1535 1586 1603 1619 1647 1657 1668 1693 1694 1750 1820 1840 1844 1866 1873 1879 1910 1921 1932 1972 1999 2002 2027 2028
1967,C 1 C C ( C 1 ) C 2 = N C ( = N O 2 ) C N 3 C ( = O ) C O C 4 = C 3 C = C ( C = C 4 ) S ( = O ) ( = O ) N C 5 = C C ( = C ( C = C 5 ) F ) F,4 24 80 98 141 149 191 198 216 248 264 314 318 319 324 345 350 378 415 422 441 467 502 531 551 588 609 613 646 650 656 668 678 699 715 718 728 743 744 751 776 798 819 843 875 877 883 926 935 960 1002 1019 1028 1029 1035 1063 1152 1159 1228 1270 1273 1295 1302 1315 1325 1380 1400 1438 1444 1476 1501 1539 1542 1548 1602 1626 1678 1698 1708 1709 1712 1732 1750 1757 1765 1792 1834 1840 1846 1855 1873 1874 1884 1905 1928 1943 1977 1990 2000 2030
1968,C C C 1 = C C = C ( S 1 ) C = C 2 C ( = O ) N ( C ( = S ) N 2 C C ( = O ) O C ) C 3 = C C = C C = C 3,80 97 126 162 195 208 281 287 294 301 314 334 339 389 397 401 411 427 500 504 544 550 571 588 650 656 659 674 675 694 695 715 733 750 751 763 781 787 807 812 823 841 879 935 961 964 1027 1037 1049 1057 1088 1118 1123 1126 1152 1164 1176 1199 1219 1223 1227 1308 1312 1346 1367 1380 1386 1388 1439 1508 1569 1589 1620 1633 1672 1686 1717 1742 1750 1799 1825 1873 1917 1952 1970 2043
1969,c 1 c ( c c ( c ( c 1 ) Cl ) c 1 o c ( c c 1 ) C ( = O ) O ) [N+] ( = O ) [O-],1 15 46 64 73 107 121 297 310 352 366 383 389 456 532 561 615 650 654 656 666 715 719 740 753 807 832 838 841 852 853 874 875 920 946 971 1087 1115 1176 1195 1244 1257 1274 1299 1355 1356 1380 1421 1489 1531 1581 1587 1604 1666 1671 1680 1683 1694 1750 1754 1807 1809 1814 1860 1864 1869 1873 1874 1883 1917 1937 1940 1963 1970
1970,C O C 1 = C C = C C = C 1 S C [C@H] 2 C [C@H] ( O [C@H] ( O 2 ) C 3 = C C = C C ( = C 3 ) C 4 = C C = C C ( = C 4 ) C N C ( = O ) C ( Cl ) ( Cl ) Cl ) C 5 = C C = C ( C = C 5 ) C O,58 67 80 98 114 116 138 156 194 197 217 222 240 249 255 268 305 310 341 349 377 379 398 420 429 458 462 466 490 500 517 540 604 618 650 654 656 660 664 695 702 707 726 736 748 768 785 799 803 807 836 837 841 844 845 848 856 875 899 926 942 948 1005 1016 1019 1025 1027 1039 1057 1066 1073 1083 1088 1152 1160 1163 1170 1185 1199 1268 1272 1279 1291 1292 1305 1338 1344 1380 1391 1410 1413 1428 1450 1480 1502 1518 1534 1536 1541 1573 1591 1663 1673 1683 1687 1732 1733 1750 1754 1769 1775 1779 1803 1837 1864 1873 1884 1889 1917 1918 1921 1964 1965 1970 1977 1995 1998 2011 2035 2038
1971,C 1 C C C 2 = C ( C 1 ) C = C [N+] ( = C 2 ) C C ( = O ) N C 3 = C C ( = C ( C = C 3 ) C # N ) Cl,38 41 80 102 157 184 191 194 205 236 242 310 347 350 361 366 457 458 463 507 556 559 561 633 645 650 670 674 725 784 790 807 813 814 843 846 875 901 910 922 926 927 942 979 1003 1022 1028 1030 1051 1059 1063 1074 1096 1136 1143 1152 1185 1220 1236 1242 1323 1380 1384 1385 1431 1530 1537 1564 1580 1581 1599 1683 1715 1738 1750 1763 1816 1862 1867 1873 1917 1984 1996
1972,C [C@H] 1 [C@@H] ( [C@H] ( [C@H] ( [C@@H] ( O 1 ) O C [C@@H] 2 [C@H] ( [C@@H] ( [C@H] ( [C@@H] ( O 2 ) O C 3 = C C ( = C 4 C ( = C 3 ) O C ( = C C 4 = O ) C 5 = C C = C ( C = C 5 ) O ) O ) O ) O ) O ) O ) O C ( = O ) C ) O,25 38 54 80 121 170 198 259 314 322 407 427 436 479 489 491 501 521 524 527 550 564 597 610 630 650 656 688 692 695 696 722 745 807 819 823 848 865 875 896 992 1017 1019 1035 1037 1057 1067 1097 1126 1136 1148 1160 1161 1253 1257 1306 1309 1313 1323 1360 1380 1430 1487 1569 1602 1604 1607 1690 1692 1750 1756 1778 1803 1806 1808 1835 1844 1869 1873 1878 1886 1903 1917 1921 1937 1944 1950 1966 1977 1983 1984
1973,C C N ( C C ) C C C N 1 C ( / C ( = C ( / C 2 = C C ( = C ( C = C 2 ) O C ) Cl ) \ O ) / C ( = O ) C 1 = O ) C 3 = C C = C ( C = C 3 ) C ( C ) ( C ) C,33 57 80 94 97 114 139 249 251 282 294 314 347 366 369 376 389 392 424 463 473 514 543 558 560 561 574 590 594 620 648 650 695 731 734 749 807 818 841 875 879 881 932 935 949 955 1003 1011 1019 1057 1110 1130 1145 1162 1235 1247 1250 1279 1339 1350 1380 1385 1387 1403 1417 1420 1423 1427 1440 1443 1447 1476 1493 1514 1536 1556 1581 1602 1607 1634 1665 1683 1693 1697 1723 1750 1775 1801 1803 1820 1873 1881 1911 1951 1970 1981
1974,C O C 1 = C C = C C ( = C 1 ) / C = N / N 2 C = N N C 2 = S,74 97 197 253 284 322 328 368 378 394 445 466 489 501 510 514 562 572 609 694 695 711 714 723 725 749 763 781 841 864 875 895 896 921 932 935 941 996 1039 1057 1088 1114 1131 1155 1170 1182 1217 1266 1305 1344 1353 1356 1380 1386 1408 1463 1529 1536 1562 1717 1750 1797 1801 1806 1839 1873 1879 1886 1911 1931 1956 1959 1972 1989 2000 2007 2033
1975,C O C ( = O ) C 1 = C [C@@H] 2 [C@] 1 ( [C@H] 3 [C@@H] 2 [C@] 4 ( [C@@] 3 ( [C@H] 5 [C@@H] 4 [C@] 6 ( [C@@] 5 ( [C@H] 7 [C@@H] 6 C ( = C 7 C ( = O ) O C ) C ( = O ) O C ) C ( = O ) O C ) C ( = O ) O C ) C ( = O ) O C ) C ( = O ) O C ) C ( = O ) O C,71 83 86 145 163 221 259 314 384 434 489 513 549 554 582 617 650 651 695 706 712 727 733 757 804 807 814 833 841 849 853 891 906 918 921 925 954 967 969 989 1009 1019 1030 1033 1053 1057 1060 1123 1126 1138 1147 1152 1166 1167 1181 1225 1315 1370 1376 1380 1400 1419 1441 1467 1484 1531 1572 1653 1692 1697 1714 1742 1776 1793 1810 1816 1821 1843 1873 1917 1949 1985 1990 1996 2047
1976,C O C 1 = C C = C C = C 1 C 2 = C C = C C ( = C 2 ) C 3 = C C = C C = C 3,49 125 131 161 200 249 273 352 389 391 398 465 529 542 544 548 550 556 586 613 659 695 710 736 778 785 841 870 875 878 886 904 926 970 984 1000 1001 1019 1039 1057 1068 1088 1160 1199 1206 1280 1328 1347 1380 1410 1465 1496 1527 1536 1543 1574 1577 1663 1665 1750 1820 1825 1846 1873 1946 1964 1970 2003 2009
1977,C ( O ) P ( = O ) ( C O ) O,3 41 80 104 171 192 222 260 291 388 390 407 486 520 650 679 700 807 904 910 924 967 974 975 1023 1029 1063 1091 1115 1232 1305 1333 1406 1462 1490 1545 1582 1614 1621 1656 1698 1718 1740 1838 1847 1924 1974 1989 2003 2043
1978,C O C ( = O ) C 1 = C C = C ( O 1 ) C 2 = C C = C S 2,14 31 38 62 83 98 121 145 204 223 241 310 341 383 411 421 441 496 515 528 550 589 640 649 650 656 675 695 771 785 795 807 841 865 869 872 906 925 1057 1062 1075 1088 1116 1152 1162 1171 1184 1230 1231 1315 1342 1380 1404 1440 1498 1553 1567 1568 1578 1601 1604 1685 1695 1698 1735 1750 1754 1768 1830 1834 1873 1899 1901 1917 1937 1985 2022 2040
1979,C 1 = C C ( C = C 1 ) C = N C C S C C ( = C ( C S C C N = C C 2 C = C C = C 2 ) C S C C N = C C 3 C = C C = C 3 ) C S C C N = C C 4 C = C C = C 4,28 41 54 80 85 116 133 140 144 207 264 303 335 392 399 452 493 527 530 531 694 725 770 807 820 862 884 903 918 953 985 1019 1028 1083 1143 1182 1204 1208 1245 1272 1331 1344 1407 1475 1497 1511 1522 1556 1564 1591 1646 1694 1708 1758 1787 1791 1795 1849 1855 1859 1873 1892 1934 1959 2005 2007 2008 2028
1980,C C O C ( = O ) C 1 = C ( S C 2 = C 1 C [C@H] ( C C 2 ) C ) N,9 40 42 54 80 84 92 122 145 147 162 220 231 257 294 361 397 404 436 453 465 485 494 586 650 675 695 703 759 778 781 791 807 876 926 944 999 1019 1057 1105 1132 1148 1171 1205 1238 1253 1270 1302 1309 1318 1322 1325 1380 1457 1489 1536 1554 1678 1698 1722 1738 1785 1825 1904 1917 1936 1952 1966 1967 1980
1981,C C C C C C C C C C C C C C C C O C C ( C O C C C C C C C C C C C C C C C C ) O C ( = O ) C Cl,1 13 26 68 69 80 118 125 157 201 214 224 294 358 372 403 411 436 445 470 482 527 547 563 585 591 620 650 661 667 695 752 794 806 807 822 873 921 928 971 1005 1035 1047 1057 1109 1118 1140 1143 1154 1155 1164 1218 1219 1249 1287 1325 1386 1404 1444 1579 1619 1670 1683 1721 1781 1797 1840 1870 1911 1917 1992 1998 2001 2011
1982,C C C C C C C C C C C C C C C C C C ( = O ) O C C N ( C C O C ( = O ) C C C C C C C C C C C C C C C C C ) O,11 13 28 29 80 133 138 144 147 179 197 202 210 273 294 390 392 413 438 491 591 604 635 650 677 695 750 773 794 807 854 881 957 970 1022 1034 1038 1057 1085 1139 1143 1175 1186 1223 1267 1360 1386 1388 1399 1424 1444 1453 1461 1504 1508 1562 1564 1569 1592 1622 1641 1668 1830 1898 1911 1917 1937 1951 1958 1967 2000
1983,C C ( C 1 = N C 2 = C C = C C = C 2 N 1 C C 3 = C C = C C = C 3 ) N C ( = O ) C C 4 = C C = C ( C = C 4 ) C 5 = C C = C C = C 5,1 41 45 80 81 117 136 142 151 198 283 289 292 310 315 322 325 335 343 357 373 378 389 398 543 552 601 627 650 676 692 730 736 794 802 807 855 879 896 899 913 928 935 946 999 1027 1057 1066 1088 1097 1152 1160 1199 1227 1271 1285 1313 1321 1324 1359 1380 1419 1500 1512 1553 1627 1683 1700 1750 1754 1765 1771 1777 1841 1855 1873 1882 1912 1917 1964 1985 2039
1984,C C [C@H] ( C 1 = C C = C ( C = C 1 ) C ) N C 2 = C ( C = C ( C = C 2 ) S ( = O ) ( = O ) N 3 C C N ( C C 3 ) C ) [N+] ( = O ) [O-],1 10 14 80 94 187 207 234 235 243 268 291 294 302 319 346 350 354 366 453 469 542 585 595 601 650 690 715 716 745 753 757 800 838 853 856 875 882 890 908 918 926 935 938 946 977 1057 1145 1152 1178 1195 1209 1224 1236 1245 1328 1357 1363 1365 1370 1380 1421 1465 1476 1477 1480 1544 1587 1670 1722 1729 1750 1795 1823 1844 1853 1856 1873 1904 1920 1927 1963 2034 2043
1985,C C ( C ) ( C 1 = C ( C = C ( C = C 1 Cl ) N 2 C ( = O ) N C ( = O ) C = N 2 ) Cl ) C 3 = N C ( = C S 3 ) C 4 = C C = C C = C 4,8 14 20 43 48 79 81 114 206 208 227 282 314 345 352 366 378 389 392 482 552 561 564 606 630 650 675 736 748 752 758 795 809 824 825 875 892 897 899 916 935 980 1055 1057 1058 1067 1088 1093 1114 1119 1130 1145 1160 1171 1199 1200 1207 1237 1243 1264 1266 1291 1296 1308 1322 1339 1352 1361 1380 1401 1411 1413 1418 1429 1499 1535 1552 1567 1628 1683 1717 1722 1739 1745 1750 1753 1754 1764 1773 1779 1825 1852 1855 1873 1878 1964 1971
1986,C C 1 = C C ( = C ( C = C 1 ) C ) N C ( = O ) C N C ( = O ) C 2 = C C 3 = C ( C = C 2 ) O C O 3,41 43 80 85 88 197 235 250 265 334 345 441 485 486 506 526 547 582 650 656 658 698 725 738 807 830 847 856 875 926 935 952 971 1013 1035 1057 1136 1152 1164 1167 1215 1224 1278 1287 1327 1337 1349 1372 1380 1385 1391 1416 1440 1448 1463 1548 1561 1597 1633 1643 1647 1684 1691 1697 1715 1722 1750 1800 1816 1823 1824 1841 1847 1863 1873 1905 1917 1921 1948 1955 1979 2008
1987,C [C@@] 1 2 C C [C@H] ( C 1 ( C ) C ) C ( = O ) N ( C 2 = O ) C C # C,4 5 32 80 180 255 268 274 314 377 381 403 418 437 469 525 550 588 650 674 677 694 699 721 764 792 851 915 926 935 974 983 988 1019 1057 1060 1162 1164 1185 1186 1272 1274 1302 1321 1325 1363 1380 1386 1422 1443 1530 1600 1624 1640 1658 1667 1673 1681 1704 1836 1841 1843 1876 1950
1988,C [C@H] ( C 1 = C C = C C = C 1 ) N C ( = O ) C N C C ( = O ) N C,1 18 35 41 65 80 85 102 117 224 283 334 345 346 387 389 517 552 554 580 650 666 690 758 807 849 854 883 884 935 958 963 1004 1046 1057 1070 1088 1142 1145 1152 1199 1251 1280 1281 1290 1318 1365 1380 1430 1440 1441 1491 1504 1519 1581 1627 1631 1667 1676 1691 1695 1750 1801 1803 1812 1873 1875 1889 1911 1917 1929 2007 2013 2023 2034
1989,C C ( C 1 = C C 2 = C ( C C C C 2 ) C = C 1 ) N C ( = O ) C C 3 = C C = C C = C 3 [N+] ( = O ) [O-],1 41 80 117 164 186 205 211 218 242 255 259 275 283 287 310 322 323 325 354 430 439 469 532 552 556 561 650 697 715 716 740 753 771 807 820 838 855 875 878 892 923 926 997 1028 1043 1049 1057 1088 1112 1140 1152 1185 1187 1195 1199 1236 1303 1327 1346 1349 1365 1371 1380 1387 1394 1413 1450 1597 1619 1627 1691 1735 1738 1750 1776 1781 1846 1848 1853 1866 1873 1881 1917 1929 1963 1980 2027 2045
1990,C C 1 = C C ( = C C = C 1 ) N C ( = O ) C 2 = C ( N C = N 2 ) C ( = O ) N C 3 = C C = C C = C 3 C,121 160 184 191 202 257 273 331 343 360 377 378 380 409 462 480 485 486 490 504 563 564 566 573 575 601 650 658 663 703 713 779 793 806 807 813 818 819 834 875 912 947 955 966 1004 1010 1013 1039 1055 1057 1070 1081 1088 1114 1152 1161 1182 1199 1224 1231 1282 1297 1343 1357 1380 1391 1397 1425 1452 1514 1533 1600 1672 1696 1701 1722 1750 1752 1777 1783 1816 1823 1873 1912 1917 1935 1943 1972 1978 1999 2011 2015 2037
1991,c 1 c ( c c c ( c 1 ) C [C@@H] ( N C ( = O ) C C C C C C C C C C C C C C C ) C ( = O ) C P ( = O ) ( O ) O ) O C c 1 c c c c c 1,1 41 59 79 80 102 107 117 136 145 183 192 204 289 294 310 322 389 446 477 478 486 591 602 606 650 654 695 718 736 745 767 794 799 807 808 857 875 895 968 1027 1057 1066 1088 1096 1113 1136 1143 1152 1161 1172 1199 1222 1267 1335 1369 1380 1422 1444 1452 1480 1502 1564 1600 1605 1629 1680 1718 1750 1754 1838 1842 1873 1892 1899 1911 1917 1950 1984 1992 2006 2027 2042
1992,C C 1 ( C C ( C C ( N 1 ) ( C ) C ) N C ( = O ) C ( = O ) N C 2 = C C = C ( C = C 2 ) C ( = O ) C 3 = N C = C N 3 C ) C,9 74 76 143 145 170 191 199 287 295 321 378 382 387 441 447 448 519 547 576 585 603 604 609 630 646 650 658 679 723 732 807 817 843 860 863 926 929 935 1006 1019 1057 1060 1068 1076 1077 1081 1101 1103 1114 1145 1152 1210 1239 1260 1274 1287 1344 1355 1380 1385 1398 1409 1452 1454 1508 1592 1598 1634 1649 1697 1716 1742 1750 1770 1775 1816 1821 1866 1873 1917 1925 1933 1935 1943 1960 1981 2001
1993,C C 1 = C ( C = C ( C = C 1 ) Cl ) N 2 C C N ( C C 2 ) C ( = O ) C ( C C 3 = C C = C C = C 3 ) N S ( = O ) ( = O ) C 4 = C C ( = C ( C = C 4 ) O C ) O C,1 24 27 38 79 80 94 106 108 140 145 165 198 216 219 231 249 277 319 341 350 389 407 419 429 438 445 492 502 538 561 572 578 599 612 630 650 651 665 695 715 736 767 807 816 841 857 875 909 921 926 935 1020 1057 1066 1088 1114 1152 1199 1245 1270 1295 1334 1380 1391 1400 1465 1476 1480 1508 1526 1536 1589 1593 1618 1632 1664 1665 1680 1683 1691 1720 1722 1724 1750 1754 1801 1823 1873 1889 1891 1896 1917 1941 1955 1970 1986 1989 2000 2006 2009
1994,C C 1 C C C N ( C 1 ) C C 2 = C S C ( = N 2 ) N C ( = O ) C 3 = C ( C = C C ( = C 3 ) F ) Br,11 18 24 80 105 117 148 177 254 343 378 380 385 399 446 460 486 552 560 587 624 650 675 699 724 728 739 742 770 807 833 839 847 875 887 914 915 926 935 979 1019 1028 1037 1057 1109 1136 1141 1148 1152 1190 1205 1214 1225 1304 1309 1325 1380 1389 1410 1422 1480 1486 1487 1567 1606 1631 1670 1682 1746 1750 1765 1771 1777 1791 1816 1855 1860 1873 1917 1928 1953 1991
1995,C N C 1 = N C ( = N C 2 = C 1 S C C C 2 ) N 3 C C N C C 3,16 37 38 69 71 105 157 167 236 305 326 378 404 407 476 488 504 568 598 675 708 723 789 804 805 840 848 881 919 926 935 982 1008 1028 1057 1114 1152 1193 1256 1285 1289 1298 1301 1304 1308 1372 1380 1401 1430 1480 1497 1498 1516 1561 1598 1621 1668 1718 1729 1738 1783 1821 1849 1855 1868 1890 1915 1948 1952 2020 2042 2043
1996,C C 1 C C C 2 = C ( C 1 ) S C 3 = C 2 C ( = O ) N ( C = N 3 ) C C ( = O ) N C 4 = C C = C ( C = C 4 ) O C 5 = C C = C C = C 5,1 14 41 42 80 108 162 186 191 193 224 231 264 269 277 299 314 322 361 378 389 396 400 427 432 443 493 494 504 511 541 562 649 650 675 684 695 697 703 718 734 787 807 808 830 843 860 872 900 901 914 926 928 932 935 971 997 1019 1028 1057 1077 1088 1090 1146 1148 1152 1199 1206 1252 1284 1309 1312 1316 1325 1375 1380 1424 1438 1452 1453 1455 1482 1533 1550 1578 1585 1606 1617 1629 1646 1650 1679 1687 1715 1738 1750 1790 1816 1825 1873 1909 1916 1917 1919 1981 1984 2013
1997,C C 1 [C@@H] ( [C@@H] ( C ( [C@@H] ( O 1 ) O C 2 = C C ( = C 3 C = C ( C ( = [O+] C 3 = C 2 ) C 4 = C C ( = C ( C = C 4 ) O ) O ) O [C@H] 5 C ( C ( [C@@H] ( C ( O 5 ) C O ) O ) O ) O ) O ) O ) O ) O,0 27 40 42 77 80 136 219 222 223 233 246 248 276 315 322 329 352 453 458 459 476 489 524 533 550 589 607 608 610 636 656 691 695 696 722 738 745 807 819 875 896 959 964 985 1019 1037 1057 1097 1112 1158 1160 1170 1189 1218 1234 1257 1309 1323 1342 1357 1362 1376 1380 1411 1421 1433 1456 1464 1470 1475 1487 1491 1502 1516 1521 1534 1601 1602 1607 1619 1648 1672 1695 1709 1750 1763 1764 1770 1796 1804 1822 1844 1848 1873 1879 1921 1942 1966 1970 1977 1982 2014 2017 2041
1998,C N C 1 = N C ( = C S 1 ) C 2 = C N C 3 = C 2 C = C ( C = C 3 ) F,26 30 115 117 119 140 173 191 193 234 292 321 328 331 340 352 377 378 385 401 434 494 501 502 552 607 675 680 687 699 702 792 806 875 951 959 980 1051 1057 1114 1152 1194 1264 1266 1272 1284 1289 1335 1343 1357 1380 1386 1410 1423 1430 1455 1463 1487 1495 1498 1547 1567 1668 1670 1673 1750 1753 1757 1764 1802 1818 1824 1855 1873 1879 1886 1893 1910 1928 1935 1936 1937 1939 2005 2028
1999,C [C@H] 1 C = C ( C 2 = C C = C C = C 2 N ( [C@@H] 1 C ) C ) C,41 129 144 238 244 263 284 324 350 351 352 361 374 434 467 566 571 583 602 630 758 871 878 918 923 935 984 999 1019 1057 1070 1088 1145 1176 1199 1218 1220 1223 1262 1264 1291 1295 1309 1373 1380 1416 1434 1479 1485 1516 1521 1575 1582 1612 1633 1647 1657 1664 1709 1722 1733 1750 1768 1771 1810 1838 1873 1930 1939 1977 1986
2000,C C C O C 1 = C ( C = C ( C = C 1 Br ) Br ) C N C C 2 = C C 3 = C ( C = C 2 ) O C O 3,1 13 39 76 80 99 141 173 195 254 255 277 294 307 310 333 374 411 412 441 585 605 656 657 684 695 728 738 752 784 794 801 824 833 870 875 909 926 959 986 1004 1035 1057 1076 1095 1152 1182 1222 1229 1272 1323 1349 1352 1380 1407 1440 1452 1473 1479 1514 1523 1538 1543 1557 1586 1631 1647 1676 1720 1750 1754 1779 1786 1796 1800 1820 1863 1873 1880 1905 1932 1962 2000
