,MACCS,Avalon,RDK4,RDK4-L,HashAP,TT,HashTT,ECFP0,ECFP2,ECFP4,FCFP2,FCFP4,AEs,ECFP2*,ECFP4*,Avg_Tc,Invalid (%),String-exacts (%)
ECFP4,0.8706852431512807,0.7566383205936233,0.7098186452871558,0.7100863678804855,0.6735091453421858,0.6891496299943133,0.6907763689604896,0.7987938596491229,0.752878294716381,0.6860795153745071,0.7521258946283773,0.6924854804661387,0.752878294716381,0.8187649769585252,0.6830598322890098,0.7358486580005317,0.0,40.0
