,MACCS,Avalon,RDK4,RDK4-L,HashAP,TT,HashTT,ECFP0,ECFP2,ECFP4,FCFP2,FCFP4,AEs,ECFP2*,ECFP4*,Avg_Tc,Invalid (%),String-exacts (%)
ECFP4,92.65902710866926,83.86463197327834,82.79914884643865,83.31639974030028,77.70221857029514,77.5567832358345,77.63506465621231,86.04949688814725,82.65729324839597,78.19531994976712,82.87225813806724,79.06922588731719,82.56307667893944,90.26973548100496,81.91912905663999,82.60858729728717,4.9,44.7
