,MACCS,Avalon,RDK4,RDK4-L,HashAP,TT,HashTT,ECFP0,ECFP2,ECFP4,FCFP2,FCFP4,AEs,ECFP2*,ECFP4*,Avg_Tc,Invalid (%),String-exacts (%)
ECFP4,98.80301417005057,97.59770903795872,98.12160183245857,98.23172334909142,95.26151435485723,95.60454283795939,95.62132190119841,96.96174239286441,96.62966776473306,96.0197241523768,96.7703200392102,96.25029823562593,96.62966776473306,98.82194270915639,97.52793901783967,96.99018197067426,0.2,87.6
