,MACCS,Avalon,RDK4,RDK4-L,HashAP,TT,HashTT,ECFP0,ECFP2,ECFP4,FCFP2,FCFP4,AEs,ECFP2*,ECFP4*,Avg_Tc,Invalid (%),String-exacts (%)
ECFP4,0.9826923076923076,0.9677304964539009,0.9801526717557252,0.9795918367346939,0.9444223107569721,0.9495145631067962,0.9495145631067962,0.9595238095238094,0.9576470588235294,0.9528000000000001,0.9522727272727274,0.946923076923077,0.9576470588235294,0.9827586206896551,0.9654545454545455,0.961909709807871,0.0,90.0
