id,SMILES_input,fingerprints_input_ECFP4,SMILES_output_ECFP4
1,CCCC1=NN=C(C=C1)C2CCC(CC2)C(C=O)C3CCC(CC3)CCCCl,1 29 80 114 160 294 378 380 472 508 650 694 712 724 794 832 926 980 1004 1019 1057 1073 1109 1148 1164 1182 1212 1243 1317 1325 1380 1423 1452 1456 1468 1535 1636 1669 1671 1683 1726 1750 1813 1873 1911 1953 1978 2000,CCCC1=NN=C(C=C1)C2CCC(CC2)C(C=O)C3CCC(CC3)CCCCl
2,CC1=C(C(OC2=C1C=C(C=C2)O)C3=CC=C(C=C3)OC[C@H](C)N4CC[C@H](C4)CF)C5=CC=C(C=C5)C#N,1 29 34 38 80 102 118 245 249 283 305 322 352 381 567 629 656 661 674 695 718 738 739 745 750 790 800 807 875 896 926 935 1019 1035 1057 1093 1136 1160 1205 1209 1239 1265 1279 1308 1313 1325 1329 1364 1380 1384 1445 1452 1468 1480 1582 1602 1709 1722 1750 1803 1833 1873 1905 1922 1928 1934 1948 1954 1957,c1(ccc2c(c1)C(=C(C(O2)c1ccc(cc1)C#N)c1ccc(cc1)OC[C@H](N1CC(CC1)CF)C)C)O
3,CC(C)C1CCNC(=O)C1C(C)C,1 81 208 253 283 305 314 650 707 764 926 1019 1034 1057 1104 1114 1325 1351 1372 1380 1394 1461 1866 2008,CC(C)C1CCNC(=O)C1C(C)C2CCNC2=O
4,CSC1=NN(C=C1/C(=N\OC(=O)NC2=CC=CC=C2)/N)C3=CC=CC=C3,32 61 116 140 177 191 378 389 394 431 464 591 650 695 703 725 807 935 971 1049 1057 1077 1088 1152 1171 1199 1349 1378 1380 1455 1501 1656 1723 1750 1758 1816 1825 1843 1846 1868 1873 1917 1956 1991 1996 2014,CSC1=NN(C=C1/C(=N/OC(=O)NC2=CC=CC=C2)/N)C3=CC=CC=C3
5,CCC1=C(C(=NC(=N1)CC2=CC=CC=C2Br)CC)CCN,57 80 129 294 378 394 398 728 833 858 883 892 981 1057 1074 1088 1168 1171 1199 1228 1243 1349 1380 1430 1597 1631 1636 1750 1799 1840 1855 1873 1897 2034,CCC1=C(C(=NC(=N1)CC2=CC=CC=C2Br)CC)CCN
6,CN1C2=C(CN(CCC2)S(=O)(=O)CCCC=C)C=N1,31 43 60 80 192 267 350 378 401 481 539 585 650 694 890 926 935 940 1027 1028 1057 1064 1105 1138 1145 1236 1278 1366 1380 1422 1442 1476 1480 1535 1586 1645 1667 1738 1873 1911 1946 1948 1951 1971,CN1C2=C(CN(CCC2)S(=O)(=O)CCCC=C)C=N1
7,CN(CCCCCO)CCN1C=C(C=CC1=O)N,80 171 222 314 380 464 473 541 552 607 650 677 807 881 888 925 935 1057 1130 1141 1143 1145 1163 1168 1171 1236 1330 1380 1455 1457 1530 1669 1750 1791 1873 1911 1951,CN(CCCCCCO)CCN1C=C(C=CC1=O)N
8,CCC1=CC=C(S1)C(C)NCCN2C=CN=C2,1 80 162 283 287 294 306 378 494 504 656 667 675 747 782 843 932 935 1057 1064 1081 1101 1145 1152 1176 1219 1237 1373 1380 1402 1463 1603 1627 1654 1742 1750 1799 1804 1866 1873,CCC1=CC=C(S1)C(C)NCCN2C=CN=C2
9,CCN1C=C(C(=O)N(C1=O)CC(=O)NC2=C(C=CC(=C2)S(=O)(=O)N3CCOCC3)OC)C#N,34 41 80 94 199 249 294 314 319 350 361 366 443 464 479 504 523 585 650 656 674 695 715 757 760 771 790 800 802 807 841 871 875 926 935 950 1002 1057 1058 1136 1152 1224 1284 1312 1380 1384 1405 1441 1453 1455 1476 1480 1536 1661 1729 1750 1816 1817 1853 1862 1873 1917 1948 1970 2030,CCN1C=C(C(=O)N(C1=O)CC(=O)NC2=C(C=CC(=C2)S(=O)(=O)N3CCOCC3)OC)C#N
10,CN1CCC(C1)COC2=C(C=C(C=C2)C(=O)Cl)C#N,29 80 94 194 207 335 361 375 543 650 674 695 739 790 800 807 841 875 926 935 993 1019 1057 1136 1145 1292 1325 1380 1384 1385 1449 1452 1480 1621 1683 1697 1746 1750 1862 1873 1917 1930 1941 1970,CN1CCC(C1)COC2=C(C=C(C=C2)C(=O)Cl)C#N
11,CC(=O)N(OCC1=CC=CC=C1)OC2=NC3=CC=CC=C3O2,80 156 212 266 289 308 378 389 396 401 650 656 695 745 803 807 881 994 1017 1050 1057 1066 1088 1097 1128 1199 1380 1381 1422 1580 1588 1604 1696 1750 1754 1808 1855 1873 1917 1984 2042,CC(=O)N(C1=NC2=CC=CC=C2O1)OCC3=CC=CC=C3
12,CC(=O)/C(=C/C1=CC=CC=N1)/C(=O)OCC2=CC=CC=C2,80 83 147 154 267 378 389 448 636 650 669 694 695 745 762 807 983 1017 1057 1066 1088 1110 1155 1199 1380 1449 1452 1609 1746 1750 1754 1866 1873 1914 1917 1991 2001 2042,CC(=O)/C(=C\C1=CC=CC=N1)/C(=O)OCC2=CC=CC=C2
13,C1CC(OC1)COCC2=CC(=CC=C2)Br,80 113 248 361 485 488 490 656 695 728 745 766 802 821 875 909 926 950 1019 1028 1039 1066 1088 1124 1136 1235 1325 1380 1391 1468 1561 1631 1750 1754 1873 1992,C1CC(OC1)COCC2=CC(=CC=C2)Br
14,C1CN2CCC1[C@@H](C2)N3C=CC4=C(C3=O)C5=CC=CC=C5O4,1 191 314 368 504 540 554 577 585 650 656 683 729 739 926 935 1019 1088 1101 1128 1156 1199 1245 1325 1357 1380 1473 1480 1520 1522 1573 1604 1689 1750 1808 1819 1873 1979 1984,C1CN2CCC1C(C2)N3C=CC4=C(C3=O)C5=CC=CC=C5O4
15,CC1=CC(=C(C(=C1)C)OCCC[NH+](C)CC2=CC=CC=C2)C,13 39 80 128 191 204 250 257 333 389 607 695 768 875 1019 1057 1066 1067 1088 1199 1352 1380 1391 1452 1722 1750 1754 1819 1823 1873 1911 1952 1953 2031,CC1=CC(=C(C(=C1)C)OCCC[NH+](C)CC2=CC=CC=C2)C
16,CC1=CC(=NC2=C1N=C(N2C)CC3=C(C=CC(=C3Cl)C(=O)O)Cl)C(F)(F)F,67 80 114 246 318 319 366 378 389 428 456 525 531 561 564 650 666 671 784 807 809 875 935 1011 1034 1047 1049 1057 1122 1145 1302 1380 1391 1430 1434 1453 1465 1613 1654 1683 1696 1722 1724 1750 1855 1873 1917 1928 1974 1991 2034,CC1=CC(=NC2=C1N=C(N2C)CC3=C(C=CC(=C3Cl)C(=O)O)Cl)C(F)(F)F
17,CCCN1C(=NN=C1SCC(=O)NC2=C(OC3=CC=CC=C32)C#N)C4=CC=CC(=C4)C,41 61 67 80 116 236 262 294 341 368 378 381 384 455 650 656 674 736 747 790 794 802 807 820 875 935 1013 1039 1055 1057 1062 1088 1128 1136 1145 1151 1152 1160 1164 1199 1334 1357 1380 1384 1449 1455 1506 1508 1573 1578 1604 1722 1731 1750 1808 1816 1823 1853 1872 1873 1917 1959,CCCN1C(=NN=C1SCC(=O)NC2=C(OC3=CC=CC=C32)C#N)C4=CC=CC(=C4)C
18,CN1C=CN=C1CNCC(C2=CC=CC=C2)O,1 80 227 255 263 293 318 378 387 389 463 606 632 647 807 935 1004 1057 1088 1101 1145 1152 1199 1248 1362 1365 1380 1398 1409 1452 1508 1581 1750 1866 1873 2013,CN1C=CN=C1CNCC(C2=CC=CC=C2)O
19,COC(=O)C1=C(N=C2C(=C1N)C(=NN2C3=CC=CC=C3)C4=CC=CC=C4)C(=O)OC,43 145 274 275 323 378 389 471 490 586 592 650 695 715 736 807 841 892 906 935 1018 1049 1057 1088 1134 1152 1160 1171 1199 1380 1411 1440 1457 1483 1519 1653 1696 1750 1825 1852 1855 1873 1917 1956 1984,COC(=O)C1=C(C2=C(N=C1C3=CC=CC=C3)N(N=C2C(=O)OC)C4=CC=CC=C4)N
20,CCCCCOC1=CC=C(C=C1)CN[C@H](C)C(=O)N,1 13 80 102 140 255 283 294 310 322 380 591 638 650 695 718 782 794 807 920 989 1034 1057 1152 1171 1212 1249 1259 1380 1444 1452 1750 1754 1850 1873 1911 1917,CCCCCOC1=CC=C(C=C1)CNC(C)C(=O)N
21,CC1(OC[C@@H](O1)/C=C(\COCC2=CC=CC=C2)/F)C,80 349 389 488 596 656 694 695 745 807 811 926 946 964 1017 1019 1057 1060 1066 1070 1088 1120 1199 1274 1293 1300 1380 1504 1509 1629 1750 1754 1797 1873 1906 1923 1928 1992 2004 2042 2044,CC1(OC[C@@H](O1)/C=C(/COCC2=CC=CC=C2)\F)C
22,C1CC(N(C1)C(=O)CNC2CC2)CC3=CC=CC=C3,9 80 105 193 242 321 389 446 458 650 692 807 901 926 935 1009 1019 1028 1066 1088 1147 1152 1199 1298 1325 1367 1380 1440 1456 1480 1552 1564 1569 1634 1750 1754 1873 1917,C1C[C@H](N(C1)C(=O)CNC2CC2)CC3=CC=CC=C3
23,CC1=C(C=C(C=C1)C2=CN=C(N=C2NC3=C(C=CC(=C3)NC(=O)C=C)F)NC(=CN)C=NC)F,62 68 161 184 191 216 352 378 383 387 420 491 541 544 579 615 619 646 650 694 699 708 725 743 807 843 875 896 943 959 1022 1034 1057 1152 1160 1171 1181 1211 1224 1263 1347 1366 1380 1391 1452 1521 1535 1582 1645 1649 1652 1691 1722 1750 1771 1816 1840 1855 1873 1905 1917 1928 1986 2039,CC1=C(C=C(C=C1)C2=CN=C(N=C2NC3=C(C=CC(=C3)NC(=O)C=C)F)NC4=C(C=CC(=C4)NC(=O)C=NC)F)F
24,C1=CC=NC(=C1)CCOCC2=C(C=CC(=C2)C(=S)N)F,13 80 97 110 140 172 216 239 253 363 378 448 632 655 695 699 724 745 807 875 1068 1088 1153 1155 1171 1199 1243 1344 1349 1380 1385 1452 1646 1669 1697 1750 1840 1866 1868 1873 1928 1992 1997,C1=CC=NC(=C1)CCOCC2=C(C=CC(=C2)C(=S)N)F
25,CC1CC(C1)OC2=CC=C(C=C2)Br,119 263 322 524 695 718 728 888 909 926 964 1019 1057 1148 1157 1292 1309 1380 1631 1649 1717 1750 1873 1988,CC1CC(C1)OC2=CC=C(C=C2)Br
26,CCCNC1=NC(=NC(=C1)C2=CC=CC=C2)NCCCC3=CC=CC=C3,61 80 294 378 389 532 667 736 794 814 844 875 916 978 980 1045 1057 1066 1088 1091 1099 1152 1160 1199 1243 1380 1416 1423 1582 1629 1691 1741 1750 1754 1855 1873 1911 1961 1971 1972,CCCNC1=NC(=NC(=C1)C2=CC=CC=C2)NCCCC3=CC=CC=C3
27,CC1=C(C=CC(=C1)[N+](=O)[O-])NC(=O)CSC2=NC=NC3=C2C4=C(S3)CC(CC4)C(C)(C)C,32 41 42 80 114 116 141 162 179 219 231 255 334 341 361 378 392 427 489 492 511 528 650 675 715 753 807 838 875 926 997 1019 1057 1096 1146 1152 1195 1224 1274 1297 1325 1380 1391 1442 1452 1455 1482 1506 1618 1650 1687 1722 1738 1750 1809 1810 1814 1816 1856 1864 1873 1917 1940 1948 1959 1963 1984 2032,CC1=C(C=CC(=C1)[N+](=O)[O-])NC(=O)CSC2=NC=NC3=C2C4=C(S3)CC(CC4)C(C)(C)C
28,CC1=C(C=C(C=C1OC)C(=O)NC(C)(CC(=O)O)COC)[N+](=O)[O-],80 114 249 252 311 354 389 392 426 428 486 487 564 650 695 715 716 748 753 807 838 841 875 961 1005 1057 1059 1061 1073 1152 1195 1380 1385 1536 1563 1722 1737 1853 1873 1876 1878 1917 1943 1963 1970 1976,CC1=C(C=C(C=C1OC)C(=O)NC(C)(CC(=O)O)COC)[N+](=O)[O-]
29,C1=CC=C2C(=C1)C(=O)N(C2=O)CC3=C(C(=CC=C3)C(F)(F)F)F,12 43 62 80 114 121 262 314 352 419 588 642 650 699 809 879 915 935 984 1039 1088 1199 1349 1380 1445 1453 1597 1750 1765 1873 1920 1928 1992,C1=CC=C2C(=C1)C(=O)N(C2=O)CC3=C(C(=CC=C3)C(F)(F)F)F
30,C1=CC=C(C=C1)COC2=CC=C(C=C2)/C=C/C(=O)OC3=CC=CC(=C3)/C=C(/C#N)\C4=CC=CC=C4,25 31 80 102 107 176 322 389 453 466 555 562 650 654 674 694 695 718 745 790 803 806 807 835 875 878 1039 1066 1073 1088 1147 1199 1308 1353 1361 1370 1380 1384 1385 1452 1462 1523 1729 1746 1750 1754 1873 1917 1985 2033 2042,C1=CC=C(C=C1)COC2=CC=C(C=C2)/C=C/C(=O)OC3=CC=CC(=C3)/C=C(/C#N)\C4=CC=CC=C4
31,CCC1=NSC(=N1)N2CCN(CC2)C(=NC)NCCNC(C)(C)C,33 80 89 114 122 126 197 294 308 378 392 407 451 514 536 603 621 640 667 675 725 807 883 926 935 943 1040 1057 1152 1217 1256 1380 1480 1508 1578 1589 1592 1601 1757 1799 1855 1859 1951 2007 2009,CCC1=NSC(=N1)N2CCN(CC2)C(=NC)NCCNC(C)(C)C
32,CSC1(CC1)CNC(C2CC2)C3CC3,1 80 116 217 394 782 857 926 1019 1054 1057 1060 1152 1162 1246 1259 1275 1325 1423 1570 1727 1764 1768 1877 1978,CSC1(CC1)CNC(C2CC2)C3CC3
33,C[C@H](C[S@@](=O)C)NC(=O)N[C@@H]1CCCOC2=C1C=CC=C2Cl,1 80 85 110 117 151 271 283 285 366 371 387 427 441 557 561 589 650 656 807 854 926 949 950 974 1019 1020 1027 1028 1039 1057 1088 1152 1241 1265 1279 1294 1325 1380 1468 1597 1648 1683 1750 1800 1873 1917 1929 1989 2000 2018,C[C@@H](CS(=O)C)NC(=O)N[C@H]1CCCOC2=C1C=CC=C2Cl
34,C1CC(=O)C2C1=NC3=C(C2C4=CC(=C(C=C4)F)Br)C(=O)N(C3)CCN5CCOCC5,80 127 216 314 370 378 523 629 633 650 656 699 728 833 875 879 926 927 935 948 950 958 1019 1041 1089 1107 1145 1205 1214 1279 1380 1405 1430 1441 1453 1480 1482 1503 1548 1568 1582 1631 1634 1701 1716 1738 1750 1791 1803 1840 1849 1873 1898 1928 1946 2002 2045,C1CC2=NC3=C([C@@H](C2C(=O)C1)C4=CC(=C(C=C4)F)Br)C(=O)N(C3)CCN5CCOCC5
35,CC(C)(C)N1C=C(C=N1)NC(=O)CCC2=NC3=C(N2C)C=CC(=C3)S(=O)(=O)N4CCCCC4,0 2 41 43 45 80 114 191 246 318 319 350 359 366 378 392 408 464 515 539 551 564 585 650 673 689 715 757 800 807 875 901 926 935 954 1022 1028 1057 1097 1145 1152 1243 1380 1382 1394 1476 1480 1535 1564 1574 1683 1706 1721 1729 1750 1816 1855 1873 1911 1917 1998 2021,CC(C)(C)N1C=C(C=N1)NC(=O)CCC2=NC3=C(N2C)C=CC(=C3)S(=O)(=O)N4CCCCC4
36,COC1=CC=C(C2=CC=CC=C21)C3=C(C(=NN=N3)C(Cl)(Cl)Cl)C(Cl)(Cl)Cl,94 114 186 249 323 352 377 378 429 598 680 695 749 803 841 901 964 974 1057 1070 1088 1164 1199 1213 1218 1281 1357 1380 1536 1573 1637 1683 1750 1873 1878 1916 1970,COC1=CC=C(C2=CC=CC=C21)C3=C(C(=NN=N3)C(Cl)(Cl)Cl)C(Cl)(Cl)Cl
37,CC1=C(C2=NC=CN2C(=N1)N3CCC4(CC3)CCOC4)C5=C(C(=CC=C5)Cl)Cl,24 92 338 352 354 366 378 387 393 407 490 523 561 624 656 926 935 950 974 982 984 1011 1039 1045 1057 1060 1088 1101 1144 1162 1208 1224 1269 1304 1365 1366 1380 1452 1480 1546 1635 1683 1696 1722 1745 1747 1750 1786 1824 1852 1855 1866 1873 1922 1969,CC1=C(N2C=CN=C2C(=N1)N3CCC4(CC3)CCOC4)C5=C(C(=CC=C5)Cl)Cl
38,CCC1=C(N(N=C1C)C2=NC=CC(=C2N)C)C,80 92 130 275 294 378 426 518 637 781 787 935 959 1057 1171 1276 1380 1391 1452 1457 1465 1619 1666 1703 1722 1750 1766 1799 1852 1866 1873 1956 1972 2034,CCC1=C(N(N=C1C)C2=NC=CC(=C2N)C)C
39,CC1=NC=CN1CC2=CC=C(C=C2)C=C,25 80 227 310 378 387 432 694 891 917 935 1011 1012 1057 1101 1343 1366 1380 1452 1455 1479 1508 1645 1683 1722 1750 1754 1765 1866 1873 2033,CC1=NC=CN1CC2=CC=C(C=C2)C=C
40,CCCCN1C(=C)C2(CCN(CC2)C(=O)N3CCOCC3)OC1=O,11 35 80 294 314 351 523 528 588 591 608 650 656 751 794 807 926 935 950 1015 1057 1060 1091 1145 1162 1235 1282 1366 1374 1380 1385 1405 1441 1470 1480 1695 1860 1882 1911 1917 1940 2009 2038,CCCCN1C(=C)C2(CCN(CC2)C(=O)N3CCOCC3)OC1=O
41,CC1C(CCN1)CN2CCC3C(C2)CCCN3C,61 80 87 118 226 234 271 276 305 355 413 446 486 562 585 739 908 926 935 1019 1028 1057 1061 1080 1114 1145 1161 1261 1309 1325 1370 1480 1507 1603 1689 1743 1791,CC1C(CCCN1)CN2CCC3C(C2)CCCN3C
42,C1[C@@H]2C=C[C@H]1[C@@H]3[C@H]2C(=O)N(C3=O)CC4=CC=C(C=C4)Cl,5 80 192 216 220 310 314 475 561 588 650 816 848 926 935 1019 1070 1083 1292 1380 1389 1457 1525 1683 1750 1754 1762 1765 1831 1873,C1[C@@H]2C=C[C@H]1[C@H]3[C@H]2C(=O)N(C3=O)CC4=CC=C(C=C4)Cl
43,C1COCC1CC2=CC=CC=C2O,29 80 180 192 422 458 523 621 656 716 807 926 950 1019 1088 1199 1325 1349 1357 1380 1537 1597 1602 1607 1731 1750 1831 1873 1923,C1COCC1CC2=CC=CC=C2O
44,CC1=CC=CC=C1NC2=C3C=NN(C3=NC(=N2)N4CCOCC4)C5=CC=CC=C5,43 378 389 407 491 523 656 658 708 804 926 935 950 1014 1049 1057 1088 1152 1199 1224 1237 1256 1257 1357 1380 1391 1405 1440 1441 1480 1535 1542 1595 1651 1668 1670 1696 1722 1750 1780 1825 1852 1855 1873 1905 1915 1999 2042,CC1=CC=CC=C1NC2=C3C=NN(C3=NC(=N2)N4CCOCC4)C5=CC=CC=C5
45,CC1=NC(=CC=C1)CNCC2=C(NN=C2)C3=CC=CC=C3,74 80 94 155 172 255 277 324 378 388 389 394 609 661 715 724 736 1004 1039 1057 1088 1114 1120 1152 1160 1199 1203 1349 1380 1502 1535 1557 1676 1722 1731 1750 1817 1855 1873,CC1=NC(=CC=C1)CNCC2=C(NN=C2)C3=CC=CC=C3
46,COC(=O)CC(C#N)C1=CCC(C=C1)O,1 80 184 195 225 395 547 556 598 650 674 695 703 790 807 833 841 905 926 1019 1027 1057 1083 1152 1247 1257 1290 1369 1380 1384 1386 1601 1751 1781 1829 1863 1873 1917,COC(=O)CC(C#N)C1=CCC(C=C1)O
47,CN1C=CN=C1CCNCC2=C3C(=C(C=C2)Cl)C=CC=N3,80 232 255 303 318 344 366 378 387 448 561 666 667 935 967 1004 1043 1057 1088 1101 1145 1152 1169 1243 1248 1280 1349 1357 1380 1398 1409 1452 1508 1573 1676 1683 1724 1741 1750 1822 1866 1873 1939 1990,CN1C=CN=C1CCNCC2=C3C(=C(C=C2)Cl)C=CC=N3
48,CC(=O)CCCCO[C@H]1C([C@H]([C@@H](C(O1)CNC(=O)C2=CC=C(C=C2)OC)O)O)O,13 80 170 197 265 322 486 489 610 650 656 695 718 768 781 807 823 831 841 994 1010 1017 1019 1037 1043 1057 1152 1242 1249 1257 1258 1267 1323 1380 1385 1487 1526 1536 1550 1564 1604 1665 1697 1750 1844 1873 1911 1917 1921 1977,CC(=O)CCCCO[C@H]1[C@@H]([C@H]([C@@H]([C@H](O1)CNC(=O)C2=CC=C(C=C2)OC)O)O)O
49,C[C@H](C1=CC(=CC(=C1)N)C(F)(F)F)NC2=NC=NC3=NC(=C(C=C32)OCCOC)OC,1 13 80 114 128 227 283 378 379 401 425 438 486 489 600 676 690 695 708 752 772 809 829 841 875 888 893 912 1005 1057 1152 1158 1171 1251 1260 1357 1365 1367 1380 1417 1452 1453 1457 1518 1536 1627 1644 1648 1810 1842 1855 1863 1873 1904 1928 1970 2030,CC(C1=CC(=CC(=C1)N)C(F)(F)F)NC2=NC=NC3=NC(=C(C=C32)OCCOC)OC
50,COC(=O)CC(=C)C1=CC=C(O1)Br,80 195 310 380 458 574 650 656 695 728 807 841 919 993 1022 1041 1057 1152 1366 1380 1386 1526 1548 1604 1631 1750 1754 1772 1873 1917,COC(=O)CC(=C)C1=CC=C(O1)Br
51,CCC1=C(C=CC(=O)N1)C(=O)N(C)CC2=NC3=C(C(=O)N2)SC=C3,14 67 80 81 83 131 146 182 188 207 278 291 294 314 334 339 354 378 440 507 554 614 650 675 750 807 881 1057 1097 1114 1163 1221 1237 1380 1541 1567 1581 1611 1716 1745 1750 1775 1777 1799 1855 1873 1917 1929 1991,CCC1=C(C=CC(=O)N1)C(=O)N(C)CC2=NC3=C(C(=O)N2)SC=C3
52,CC1=CC(=C(C(=C1)OC(=O)CCNC(=O)C)C(C)(C)CC(=O)O)C,1 64 80 114 197 204 245 363 389 392 623 650 667 695 731 807 875 1017 1038 1057 1061 1110 1152 1244 1380 1386 1391 1564 1594 1626 1680 1722 1729 1737 1823 1872 1873 1876 1878 1917 1953 1970 2030,CC1=CC(=C(C(=C1)OC(=O)CCNC(=O)C)C(C)(C)CC(=O)O)C
53,CCCCCSC1=C(C=C(C=C1)CO)[N+](=O)[O-],58 80 116 190 210 222 294 310 341 354 379 431 591 650 715 716 753 794 807 837 838 875 930 1025 1033 1057 1182 1195 1380 1444 1645 1701 1750 1754 1873 1911 1963,CCCCCSC1=C(C=C(C=C1)CO)[N+](=O)[O-]
54,CCCN1C=CC(=O)N(C1=O)CC2=CC=C(S2)Cl,80 146 162 294 314 504 527 561 650 656 675 714 761 771 794 802 820 898 903 935 1002 1020 1057 1101 1141 1145 1158 1380 1455 1621 1662 1679 1683 1684 1750 1765 1873,CCCN1C=CC(=O)N(C1=O)CC2=CC=C(S2)Cl
55,CCNC1=C(C=C(S1)Cl)S(=O)(=O)N,50 80 162 294 350 392 394 561 650 675 691 833 875 1020 1057 1147 1152 1158 1171 1191 1358 1380 1416 1476 1506 1591 1607 1683 1726 1873,CCNC1=C(C=C(S1)Cl)S(=O)(=O)N
56,C=CC1=CC=C(C=C1)NC(=O)OCCCO,13 25 80 147 191 222 227 473 650 694 695 807 843 1012 1077 1130 1152 1253 1326 1366 1380 1482 1508 1645 1734 1750 1758 1816 1873 1911 1917 1996 2033,C=CC1=CC=C(C=C1)NC(=O)OCCCO
57,CCOC1=CC(=C(C=C1)C(=O)C2=CC=C(C=C2)N3CCCC3)C(=O)O,9 67 69 80 233 237 294 322 329 389 407 456 650 680 687 695 701 718 807 875 926 935 955 1028 1047 1057 1238 1380 1385 1405 1430 1452 1480 1501 1697 1750 1775 1825 1873 1917 1991 1998,CCOC1=CC(=C(C=C1)C(=O)C2=CC=C(C=C2)N3CCCC3)C(=O)O
58,CCOC1=CC=CC(=C1O)[C@H]2CS[C@@H](N2)C(=O)O,80 91 202 227 237 294 371 389 425 435 482 650 675 695 755 807 840 850 920 926 998 1019 1027 1039 1057 1088 1114 1172 1238 1325 1380 1410 1431 1452 1602 1657 1750 1828 1873 1878 1917 1970,CCOC1=CC=CC(=C1O)C2NC(CS2)C(=O)O
59,CCCCC(C1=CC=CC(=N1)C2=CC=C(C=C2)C(F)(F)F)N(C)C,1 80 114 128 294 378 383 495 501 577 586 591 739 742 794 809 845 881 896 980 1039 1057 1088 1160 1163 1260 1328 1380 1417 1453 1665 1750 1851 1855 1873 1895 1911 1928 1971 2023 2036,CCCCC(C1=CC=CC(=N1)C2=CC=C(C=C2)C(F)(F)F)N(C)C
60,CCN(CC)CCCNC(=O)C(C(=O)C1=CC(=CC=C1)[N+](=O)[O-])N2C=C(C=CC2=O)Cl,1 33 80 83 197 216 251 294 314 386 427 464 473 482 561 573 620 650 667 715 747 753 807 816 838 875 881 888 893 925 932 935 991 1039 1057 1088 1141 1152 1195 1274 1380 1385 1510 1513 1581 1610 1623 1683 1750 1809 1873 1876 1911 1917 1940 1951 1963 1981 1985 1990,CCN(CC)CCCNC(=O)C(C(=O)C1=CC(=CC=C1)[N+](=O)[O-])N2C=C(C=CC2=O)Cl
61,C(CC(=O)O)[C@@H](C(=O)O)N(C(=O)N)F,1 21 80 140 170 368 389 429 552 650 739 807 881 955 1171 1227 1287 1290 1564 1737 1844 1896 1917 1928 1955,C(CC(=O)O)C(C(=O)O)N(C(=O)N)N(C(CC(=O)O)C(=O)O)F
62,CC1=C(C(=O)N2C(=N1)C3=CC=CC=C3N2)CC(=O)OC,73 80 92 119 195 314 325 378 411 504 599 650 660 695 807 813 841 935 1057 1088 1114 1119 1152 1193 1199 1334 1357 1380 1384 1386 1573 1588 1598 1696 1722 1750 1783 1841 1855 1873 1917 2034 2042,CC1=C(C(=O)N2C(=N1)C3=CC=CC=C3N2)CC(=O)OC
63,CC[C@@H](C1=CC2=C(CCCC2)C=C1)NS(=O)(=O)C3=CC(=C(C=C3)OC)C(C)C,1 80 94 121 198 237 242 249 283 291 294 310 319 350 469 502 556 562 581 598 650 659 666 695 715 832 841 875 926 1028 1057 1152 1236 1327 1363 1365 1380 1476 1536 1544 1664 1738 1750 1796 1853 1873 1941 1970 1980,CCC(C1=CC(=C(C=C1)OC)C(C)C)NS(=O)(=O)C2=CC3=C(CCCC3)C=C2
64,C[C@H](C#CC1=CC(=CC=C1)C(=O)O)O,1 13 23 102 227 249 283 389 430 456 650 674 807 875 932 1005 1039 1057 1088 1138 1249 1280 1380 1385 1707 1734 1750 1873 1917 1985,CC(C#CC1=CC(=CC=C1)C(=O)O)O
65,C(CCCCSSSS)CCCS,80 104 116 210 229 652 728 802 852 975 1024 1055 1143 1170 1182 1388 1459 1911 1928,C(CCS)CCSSSCCCCSSCCCCSSCCCCCSSCCCCCSSCCCCSSSBr
66,CCC(C=CC1=CC=C(C=C1)C(C)C)OC(=O)C,1 25 69 80 283 294 561 598 650 694 695 778 807 835 837 846 878 987 1017 1035 1057 1365 1380 1394 1485 1544 1624 1750 1804 1853 1873 1917 2003 2033,CCC(/C=C/C1=CC=C(C=C1)C(C)C)OC(=O)C
67,C1=CN=CC(=C1C(C(C(=O)O)N)O)F,1 62 103 220 227 237 298 378 389 650 699 727 786 807 1139 1171 1208 1380 1414 1535 1586 1603 1622 1750 1827 1840 1844 1866 1873 1917 1928,C1=CN=CC(=C1C(C(C(=O)O)N)O)F
68,CC1=CC(=CS1)C2=C(C=CC=N2)NC(=O)CC3=CSC=C3,14 41 80 214 234 323 325 378 448 552 571 650 675 721 730 807 875 885 987 1043 1057 1088 1118 1152 1160 1224 1380 1452 1492 1508 1512 1567 1606 1696 1722 1750 1754 1756 1760 1769 1816 1861 1866 1873 1892 1917 1948,CC1=CC(=CS1)CC(=O)NC2=C(N=CC=C2)C3=CSC=C3
69,CCOC1=C(C=C(C=C1)C(=O)NCC2=CC=C(C=C2)CN3CCCCC3)[N+](=O)[O-],2 80 94 197 237 255 265 294 310 311 354 425 486 526 638 650 695 715 716 753 784 807 813 838 875 880 926 935 1028 1057 1152 1195 1238 1269 1380 1385 1422 1452 1480 1573 1683 1697 1750 1754 1765 1771 1791 1873 1917 1963 1970 1998,CCOC1=C(C=C(C=C1)C(=O)NCC2=CC=C(C=C2)CN3CCCCC3)[N+](=O)[O-]
70,C[C@H](C(=O)NC1=CC=CC=C1C(F)(F)F)OC2=NN(C(=O)C=C2)C3=CC=C(C=C3)F,1 90 114 197 233 236 262 283 314 323 378 419 573 650 664 695 699 807 809 915 925 935 1057 1088 1141 1144 1152 1199 1224 1253 1269 1348 1380 1410 1435 1440 1453 1518 1570 1597 1670 1696 1750 1816 1825 1852 1861 1873 1917 1928 1956,CC(C(=O)NC1=CC=CC=C1C(F)(F)F)OC2=NN(C(=O)C=C2)C3=CC=C(C=C3)F
71,CC(C)N(CCNC(=NC)NCC1=C(N=CC=C1)N2CCOCC2)C(C)C,1 21 78 80 126 130 197 210 255 283 378 407 426 448 523 599 656 667 725 730 807 881 926 935 943 950 1014 1043 1048 1057 1088 1152 1160 1277 1349 1380 1405 1441 1452 1472 1476 1480 1597 1712 1750 1769 1866 1873 1898 1913 1951 2017,CC(C)N(CCNC(=NC)NCC1=C(N=CC=C1)N2CCOCC2)C(C)C
72,CCCCCC(CC1=C(C=CC=N1)C)O,1 79 80 227 294 378 401 429 448 463 591 602 619 739 794 807 1009 1043 1057 1088 1283 1380 1391 1444 1452 1722 1750 1866 1873 1897 1911 1999 2038,CCCCCC(CC1=C(C=CC=N1)C)O
73,C1CN(CCC1NC(=O)COC2=CC=C(C=C2)Cl)C(=O)OC3=CC=CC=C3,41 80 102 156 192 216 322 387 389 561 562 576 650 652 695 718 807 816 899 926 935 1019 1065 1070 1088 1110 1152 1168 1199 1325 1380 1446 1452 1480 1634 1655 1683 1729 1750 1833 1873 1887 1917 2004 2009,C1CN(CCC1NC(=O)COC2=CC=C(C=C2)Cl)C(=O)OC3=CC=CC=C3
74,CC1=C(C=CC(=C1)OS(=O)(=O)C2=CC=C(C=C2)Br)Cl,186 210 248 319 322 348 350 366 377 561 650 666 695 715 718 728 751 875 909 967 1057 1157 1241 1380 1391 1476 1631 1649 1683 1722 1750 1832 1873,CC1=C(C=CC(=C1)OS(=O)(=O)C2=CC=C(C=C2)Br)Cl
75,CC1CC/C=C\CCC1COC(=O)NSNCCOCCOC(=O)OC2=CC=C(C=C2)N=O,13 80 116 132 147 202 226 245 259 322 328 365 475 582 650 667 691 695 718 725 789 807 864 926 930 979 1015 1019 1022 1057 1060 1076 1114 1128 1136 1137 1147 1152 1243 1302 1309 1325 1380 1446 1464 1503 1649 1729 1738 1750 1758 1760 1803 1854 1859 1873 1877 1899 1917 1992,CC1CC/C=C\CCC1COC(=O)OCCOCCNSNC(=O)OC2=CC=C(C=C2)N=O
76,CN(CC1=CC=CC=C1Cl)C(=O)CN2CCCCC2=O,80 191 236 295 310 314 334 366 459 507 561 650 798 807 881 926 935 974 1028 1057 1088 1089 1123 1163 1182 1199 1238 1266 1312 1349 1380 1480 1532 1597 1611 1683 1738 1750 1873 1917 1998 2043,CN(CC1=CC=CC=C1Cl)C(=O)CN2CCCCC2=O
77,CCC1=CC(=C(C=C1)OC2CC3=CC=CC=C3C2O)OC,80 94 145 164 231 249 294 310 371 491 524 639 695 711 798 807 841 875 926 953 1019 1027 1057 1088 1190 1199 1236 1245 1257 1368 1380 1536 1708 1750 1754 1755 1799 1873 1896 1970,CCC1=CC(=C(C=C1)OC2CC3=CC=CC=C3C2O)OC
78,CC(C)NCCCCCCN1CCC(SCC1)(C)C,1 80 283 307 592 653 667 675 782 789 861 893 926 935 1028 1057 1060 1064 1119 1143 1145 1152 1162 1274 1280 1480 1482 1630 1661 1784 1791 1809 1811 1911 2030,CC(C)NCCCCCCN1CCC2(CC1)SCCS2
79,C1=CC2=C(C(=O)C=CC2=O)C(=C1)I,75 314 352 470 544 547 582 650 661 691 747 806 947 963 984 1039 1088 1154 1380 1747 1750 1873,C1=CC2=C(C(=O)C=CC2=O)C(=C1)I
80,CC(C)C(=O)N1CCSC12CCN(CC2)S(=O)(=O)C3=CC=CC(=C3)C(F)(F)F,1 108 114 171 283 286 319 350 366 388 575 585 634 650 675 757 789 800 807 809 861 875 926 935 1012 1039 1057 1060 1088 1162 1260 1342 1349 1380 1410 1417 1453 1476 1480 1486 1522 1630 1656 1729 1750 1773 1873 1917 1928 1932 2017,CC(C)C(=O)N1CCSC12CCN(CC2)S(=O)(=O)C3=CC=CC(=C3)C(F)(F)F
81,CCCC(CC)CCC(C)[Si](C)(C)C,1 80 208 283 294 378 542 567 656 739 794 908 1057 1218 1280 1321 1420 1544 1824 1912 2041,CCCC(CC)CCC(CC)CCC(C(C)[Si](C)(C)C)[Si](C)(C)C(CC)[Si](C)(C)C
82,CC(C1=CC(=CC=C1)Cl)N(C)C2=NC(=NC(=N2)NN)OC,1 71 135 165 216 222 283 348 378 512 561 592 695 709 740 841 875 881 1030 1039 1057 1088 1152 1163 1171 1309 1365 1380 1415 1536 1581 1582 1636 1656 1683 1701 1710 1750 1819 1855 1865 1873 1906 2012,CC(C1=CC(=CC=C1)Cl)N(C)C2=NC(=NC(=N2)NN)OC
83,CC1(CC1C2(C3C2CCC3)O)C,248 384 478 519 567 663 679 807 841 926 1019 1028 1057 1060 1063 1154 1232 1274 1325 1936,CC1(C[C@@H]2[C@]([C@@H]3[C@H]1CCC3)([C@@H]4CCC[C@@H]5[C@]4(C2(C)C)O)O)C
84,[C-]#[N+]C1=CC2=C(C=C1)N=C(C2)Cl,349 378 440 487 561 592 690 783 875 926 927 938 967 1100 1173 1179 1202 1236 1320 1380 1564 1653 1683 1717 1750 1873 2020 2021,[C-]#[N+]C1=CC2=C(C=C1)N=C(C2)Cl
85,CCCSC1=NN(C(=C1)N)C2=CC(=CC=C2)Cl,80 92 116 165 216 275 277 294 341 378 423 561 592 650 794 875 935 1039 1049 1057 1088 1171 1182 1340 1355 1380 1399 1457 1533 1683 1733 1750 1825 1852 1873 1943 1949 1956,CCCSC1=NN(C(=C1N)N)C2=CC(=CC=C2)Cl
86,CCC(C)[C@@H](C1=C(C=C(C=C1OC)C(F)(F)F)C(F)(F)F)N,1 26 80 114 249 262 283 294 419 501 660 689 695 786 809 841 875 1057 1158 1171 1260 1380 1417 1453 1467 1536 1544 1612 1626 1719 1785 1830 1837 1873 1928 1970,CCC(C)C(C1=C(C=C(C=C1OC)C(F)(F)F)C(F)(F)F)N
87,CNC(=O)[C@@H](CC1=CC=CC=C1)N(CC2=CC(=C(C=C2)Cl)Cl)C(=O)CN(C3=CC(=C(C=C3)F)F)S(=O)(=O)C,1 14 79 80 81 191 216 310 345 350 366 389 507 521 531 552 561 573 650 666 687 692 699 712 761 807 857 875 881 950 960 1057 1066 1088 1096 1152 1190 1199 1238 1241 1380 1402 1430 1476 1539 1551 1554 1635 1683 1684 1691 1750 1754 1840 1861 1873 1907 1917 1928 1938 2033,CNC(=O)[C@H](CC1=CC=CC=C1)N(CC2=CC(=C(C=C2)Cl)Cl)C(=O)CN(C3=CC(=C(C=C3)F)F)S(=O)(=O)C
88,CC1=CC(=C(C=C1)OC)NC(=O)CC[NH+]2CC[NH+](CC2)C/C=C/C3=CC=CC=C3,18 41 80 94 235 249 363 389 650 694 695 725 807 835 841 844 875 878 907 926 969 977 1013 1057 1058 1087 1088 1089 1152 1183 1199 1224 1344 1353 1356 1380 1382 1536 1564 1690 1722 1729 1750 1816 1823 1873 1917 1948 1970 2010 2030 2033,CC1=CC(=C(C=C1)OC)NC(=O)CC[NH+]2CC[NH+](CC2)C/C=C/C3=CC=CC=C3
89,CC[C@@]1(C(=O)N(C(=O)N1)NC(=O)CSC2=NN=C(N2CC3=CC=CC=C3)C4=CC=CO4)C,41 80 116 121 255 294 307 314 319 335 341 378 384 389 394 456 474 530 646 650 656 747 755 787 802 807 884 909 935 1057 1060 1066 1088 1114 1152 1164 1199 1233 1248 1274 1281 1351 1380 1449 1506 1508 1591 1646 1683 1722 1750 1754 1765 1766 1777 1787 1805 1853 1873 1917 1926 1959,CCC1(C(=O)N(C(=O)N1)NC(=O)CSC2=NN=C(N2CC3=CC=CC=C3)C4=CC=CO4)C
90,CCNC(CCC1CC1)C(C(C)(C)C)OCC,1 29 80 114 163 170 294 316 392 484 695 739 782 832 926 929 1003 1013 1019 1027 1057 1152 1238 1241 1325 1327 1399 1671 1694 1726 1773,CCNC(CCC1CC1)C(C(C)(C)C)OCC
91,CC(/C(=N/O)/N)NC1CN(C1)C,1 91 140 207 237 283 343 426 539 544 725 739 749 807 897 926 935 989 1019 1057 1145 1152 1171 1634 1962 1970 2009,CC(/C(=N/O)/N)NC1CN(C1)C(=NC2CN(C2)C)N
92,CC(C)(C)N1CCN(CC1)CC(C2=CSC3=C2C=C(C=C3)Cl)C4(CCCCC4)O,1 2 49 74 80 114 123 165 186 216 230 237 311 335 392 408 552 561 565 675 807 816 856 864 875 885 926 932 935 1028 1057 1060 1087 1154 1162 1181 1218 1324 1357 1380 1467 1480 1489 1567 1638 1641 1683 1750 1791 1873 1922 2004,CC(C)(C)N1CCN(CC1)CC(C2=CSC3=C2C=C(C=C3)Cl)C4(CCCCC4)O
93,C1=CN(C=N1)CCCNC2=NN=C(O2)CCCl,80 187 306 378 494 543 544 656 667 843 917 932 935 1101 1109 1145 1152 1164 1181 1219 1243 1288 1320 1373 1374 1380 1381 1416 1456 1463 1603 1604 1654 1663 1683 1866 1873 1911 1972 1985,C1=CN(C=N1)CCCNC2=NN=C(O2)CCCl
94,[B](C)C1=CC(=C(C=N1)Br)I,378 582 634 661 728 805 833 875 912 943 947 991 1023 1057 1295 1305 1354 1380 1452 1535 1631 1740 1792 1873,[B](C)C1=NC=C(C(=C1)I)Br
95,C[C@](CO)(C#N)N(C(=O)OC(C)(C)C)NC(=O)OC(C)(C)C,80 114 115 222 231 241 357 392 480 650 674 695 737 790 807 840 881 1040 1057 1147 1152 1263 1298 1366 1384 1510 1574 1597 1758 1859 1917 1927 1946,CC(C)(C)OC(=O)NN(C(=O)OC(C)(C)C)C(CO)(C#N)C(CO)(C#N)N(C(=O)OC(C)(C)C)NC(=O)OC(C)(C)C
96,C1CCN(CCCOCC(C1)C(=O)O)C2=NC=C(C=C2)CCC3=NC4=C(N3)C=C(C=C4)Cl,80 83 119 165 216 217 278 310 343 373 378 389 407 422 432 499 523 527 561 635 644 650 656 680 807 816 875 885 890 926 935 950 961 974 1019 1028 1097 1114 1121 1175 1243 1250 1270 1325 1370 1380 1402 1431 1452 1480 1535 1564 1573 1683 1718 1740 1745 1750 1754 1855 1873 1917 1923 1933 1998,C1CCN(C1)C2=NC=C(C=C2)CCC3=NC4=C(N3)C=C(C=C4)Cl
97,CNC(=O)C1=NN(C=C1NC(=O)NC2=CC=CC(=C2)C(F)(F)F)C,56 114 184 191 339 345 378 464 486 490 573 650 703 716 807 809 866 875 930 935 990 1039 1057 1088 1100 1145 1152 1224 1260 1380 1417 1430 1453 1522 1703 1750 1762 1816 1824 1873 1917 1928 1956 1989 1990 2017,CNC(=O)C1=NN(C=C1NC(=O)NC2=CC=CC(=C2)C(F)(F)F)C
98,COC(=O)C1=CC(=CN(C1=O)CC2=CC=CC=C2Cl)[N+](=O)[O-],56 80 114 145 295 314 366 464 504 561 622 650 695 715 753 807 838 841 875 906 935 936 964 974 983 1057 1088 1152 1195 1199 1274 1349 1380 1455 1597 1683 1750 1765 1809 1873 1917 1963 1990 1991 2012,COC(=O)C1=CC(=CN(C1=O)CC2=CC=CC=C2Cl)[N+](=O)[O-]
99,CC1=CC=C(S1)C(CC2=C(C=CC=C2Cl)F)Cl,1 79 80 162 246 278 287 366 561 675 699 721 747 861 914 934 974 1032 1033 1039 1041 1057 1088 1148 1280 1380 1465 1683 1722 1733 1750 1840 1873 1928 2034,CC1=CC=C(S1)C(CC2=C(C=CC=C2Cl)F)Cl
100,CC(C)OC1=CC=C(C=C1)[C@H]2CC(=O)OC3=C2C4=C(C(=C3)O)C(=O)C(=CO4)C5=CC=C(C=C5)O,1 12 54 62 64 133 145 208 222 231 283 286 304 314 322 352 384 525 555 614 650 654 656 664 690 695 718 745 807 875 896 926 946 968 970 1019 1057 1093 1160 1233 1279 1313 1380 1476 1602 1607 1648 1750 1767 1778 1803 1810 1857 1873 1905 1978 1984 2040,CC(C)OC1=CC=C(C=C1)C2=COC3=C(C2=O)C(=CC4=C3C(CC(=O)O4)C5=CC=C(C=C5)O)O
101,CC1=C(C=CC=C1Br)C(=O)C2=CC(=CC=C2)OC(F)(F)F,9 57 114 145 252 322 548 562 594 650 695 728 807 833 875 1039 1057 1088 1149 1380 1384 1385 1409 1430 1447 1453 1456 1600 1631 1722 1738 1750 1873 1917 1928 1973 1985 1991,CC1=C(C=CC=C1Br)C(=O)C2=CC(=CC=C2)OC(F)(F)F
102,CCOC1=CC=CC=C1N(CC(=O)NCCC2=CC=CC=C2)C(=O)CCC(=O)NC3=CC=CC=N3,41 80 197 237 294 315 378 389 425 448 465 597 650 667 695 783 807 828 840 881 993 1045 1057 1065 1066 1088 1099 1152 1155 1190 1199 1238 1243 1312 1362 1380 1382 1410 1452 1454 1507 1537 1564 1597 1611 1704 1750 1754 1771 1816 1866 1873 1917 1970 2018,CCOC1=CC=CC=C1N(CC(=O)NCCC2=CC=CC=C2)C(=O)CCC(=O)NC3=CC=CC=N3
103,CCCC/C=C\CCCCl,80 294 401 591 694 775 794 1001 1057 1109 1356 1403 1452 1456 1683 1755 1911,CCCC/C=C\CCC/C=C\CCC/C=C\CCCCl
104,CCOC(=O)N[C@@]12CC[C@H]([C@@H]([C@@H]1CNC2=O)C3=CC=C(C=C3)Cl)C4=C(C=C(C=C4)C)Cl,8 80 135 147 215 216 235 259 294 314 344 365 366 402 455 470 519 561 621 650 695 713 770 807 816 875 909 926 1013 1019 1027 1039 1057 1060 1070 1084 1114 1152 1162 1188 1218 1237 1238 1279 1313 1325 1380 1436 1457 1682 1683 1693 1722 1750 1758 1803 1823 1866 1873 1917,CCOC(=O)N[C@@]12CC[C@@H]([C@H]([C@@H]1CNC2=O)C3=CC=C(C=C3)Cl)C4=C(C=C(C=C4)C)Cl
105,CC1=C(C=CC(=C1)F)C(C(=O)CCC2=CC3=C(C=C2)C(=O)N(C3)C4CCC(=O)NC4=O)(F)F,80 104 114 144 207 303 310 314 340 352 419 533 623 650 661 680 684 699 807 875 879 921 926 935 1019 1034 1057 1060 1078 1090 1114 1140 1151 1172 1236 1243 1255 1312 1325 1380 1391 1410 1453 1487 1503 1564 1575 1580 1605 1670 1722 1738 1750 1754 1869 1873 1917 1928 1946 1962 1997 2016 2038,CC1=C(C=CC(=C1)F)C(C(=O)CCC2=CC3=C(C=C2)C(=O)N(C3)C4CCC(=O)NC4=O)(F)F
106,CC1=NC(=C(C=C1)C(=O)NC2=NC(=CS2)C3=CC=C(C=C3)I)C,67 92 117 335 378 385 394 486 503 552 624 650 661 675 702 807 847 896 947 974 980 1057 1102 1106 1152 1160 1214 1264 1266 1380 1494 1567 1594 1722 1731 1750 1816 1855 1873 1917 1971 1991,CC1=NC(=C(C=C1)C(=O)NC2=NC(=CS2)C3=CC=C(C=C3)I)C
107,CCC1=C(SC(=N1)N(C)CCC(F)(F)F)CNC,80 110 114 162 213 255 294 304 378 394 675 743 790 881 964 1057 1101 1152 1163 1193 1260 1308 1380 1430 1433 1453 1622 1669 1690 1727 1799 1855 1897 1928 1951 1995 2004,CCC1=C(SC(=N1)N(C)CCC(F)(F)F)CNC
108,CCC(CC)CNC(=O)C1=CN=C(C=C1)N2C=NC=N2,1 43 78 80 197 217 265 294 378 426 486 489 527 548 606 635 650 651 807 932 935 1057 1152 1218 1278 1292 1380 1385 1420 1452 1455 1516 1535 1542 1544 1603 1697 1750 1768 1873 1917 2009 2014,CCC(CC)CNC(=O)C1=CN=C(C=C1)N2C=NC=N2
109,C1=CC=C(C=C1)C(CC2=CN=CC=C2)C(=O)NC3=CC=CC4=C3N=CC=C4,1 33 79 80 378 389 437 448 449 573 645 650 764 803 807 892 986 1039 1043 1066 1087 1088 1152 1199 1224 1365 1380 1442 1452 1535 1581 1586 1603 1625 1696 1724 1750 1754 1816 1855 1861 1866 1873 1917 1938 1939,C1=CC=C(C=C1)C(CC2=CN=CC=C2)C(=O)NC3=CC=CC4=C3N=CC=C4
110,C1=CC(=CC=C1C2=C3C(=CC(=C2)OC(=O)COC4=CC=C(C=C4)Cl)SC(=O)O3)Br,80 95 102 133 162 216 222 314 322 352 493 499 561 643 650 656 675 695 718 728 807 816 829 875 885 896 901 909 1013 1070 1110 1116 1125 1157 1160 1185 1273 1380 1386 1452 1604 1631 1649 1683 1729 1750 1842 1873 1887 1917 2004,C1=CC(=CC=C1C2=C3C(=CC(=C2)OC(=O)COC4=CC=C(C=C4)Br)SC(=O)O3)Cl
111,CC1=C(C(=NN1C)C)NC(=O)[C@H](C)OC(=O)CCCC2=NC3=CC=CC=C3S2,1 2 65 69 80 92 162 170 283 289 371 378 381 461 557 573 650 675 695 807 882 885 935 980 1014 1057 1084 1088 1097 1105 1117 1144 1145 1152 1172 1199 1243 1269 1342 1380 1386 1399 1441 1564 1578 1722 1741 1750 1766 1816 1855 1873 1911 1917 1956 1977,CC1=C(C(=NN1C)C)NC(=O)[C@@H](C)OC(=O)CCCC2=NC3=CC=CC=C3S2
112,COC1=CC(=C(C=C1)OC)NC(=O)[C@@H]2CCCN(C2)C3=NC4=C(N=CC=C4)N(C3=O)CC5=CC=CC=C5,80 94 130 171 227 249 289 314 322 335 378 389 407 441 446 448 469 504 650 680 689 695 718 739 781 785 800 802 807 841 875 926 935 971 974 1019 1028 1043 1057 1058 1066 1088 1097 1121 1152 1199 1224 1294 1325 1380 1416 1452 1480 1536 1546 1637 1683 1696 1750 1754 1765 1816 1851 1855 1866 1873 1917 1970 1972 2030,COC1=CC(=C(C=C1)OC)NC(=O)C2CCCN(C2)C3=NC4=C(N=CC=C4)N(C3=O)CC5=CC=CC=C5
113,CCC[C@H](C(=O)O)NC(=O)N(C)CC1CCCN1C,1 80 101 117 193 201 294 334 343 389 446 486 562 650 721 736 739 794 807 834 881 926 935 1019 1028 1057 1132 1145 1152 1163 1325 1367 1480 1552 1624 1670 1824 1839 1844 1885 1917,CCCC(C(=O)O)NC(=O)N(C)CC1CCCN1C
114,CCCNC1=NC(=NC(=N1)N(C)C)NC(C)CS(=O)C,1 61 80 114 151 271 283 294 378 380 427 499 557 589 650 667 690 794 814 881 1057 1152 1163 1184 1241 1265 1309 1336 1380 1416 1422 1582 1629 1700 1855 1906 1961 2018,CCCNC1=NC(=NC(=N1)N(C)C)NC(C)CS(=O)C
115,C1CNCCC1NC2=NC=C(C=N2)C(F)(F)F,79 114 182 213 305 378 544 663 809 926 1019 1114 1143 1152 1179 1260 1308 1325 1380 1417 1452 1453 1516 1535 1582 1589 1634 1736 1873 1928,C1CNCCC1NC2=NC=C(C=N2)C(F)(F)F
116,CC1CN(CCN1C)C(C#N)C2=CC=CO2,1 214 382 446 474 486 596 634 656 674 734 739 787 790 926 935 1019 1057 1088 1143 1145 1150 1229 1233 1234 1265 1270 1309 1369 1380 1384 1480 1627 1750 1873 1926 2012,CC1CN(CCN1C)C(C#N)C2=CC=CO2
117,C1CC(=O)NC(=O)C1N2CC3=C(C2=O)C=CC(=C3)N4CC5CC4CN5CC6CCNCC6,29 80 110 143 214 233 278 305 314 340 352 533 650 661 680 684 692 739 875 879 889 908 921 926 935 1012 1019 1034 1060 1114 1140 1151 1172 1179 1228 1236 1255 1292 1308 1312 1325 1380 1481 1516 1575 1738 1750 1812 1825 1873 1910 1946 1962 1990 1997 2022 2038 2041,C1CC(=O)NC(=O)C1CN2C[C@@H]3C[C@H]2CN3C4=CC5=C(C=C4)C(=O)N(C5)C6CCC(=O)NC6=O
118,CC(C)CNC(=O)CC(C1=CC(=C(C=C1)OC)OCC2=CC=CC=C2)C3=CN(C4=CC=CC=C43)C,1 41 45 80 94 107 140 197 237 249 267 283 389 464 481 511 542 552 606 650 695 745 747 807 841 849 875 935 1057 1066 1088 1145 1152 1199 1226 1285 1290 1357 1365 1380 1409 1450 1452 1502 1536 1544 1547 1573 1625 1750 1754 1801 1847 1853 1873 1904 1917 1970 2042,CC(C)CNC(=O)CC(C1=CC(=C(C=C1)OC)OCC2=CC=CC=C2)C3=CN(C4=CC=CC=C43)C
119,CCC(C)(CO)NC(=O)OCC(F)(F)F,71 80 114 115 147 213 222 294 295 354 392 487 650 695 758 807 809 934 1057 1059 1152 1176 1241 1453 1758 1850 1917 1928 1940,CCC(C)(CO)NC(=O)OCC(F)(F)F
120,B(C)(N1CC(C1)CNC(=O)C2=C3C=CC(=CC3=CN=C2N)C4=C(C=CC=C4Cl)C)O,29 80 130 194 197 204 271 366 376 378 486 561 586 597 650 701 739 770 777 807 848 875 896 904 926 935 974 994 1019 1039 1057 1088 1152 1160 1171 1217 1357 1380 1391 1452 1454 1455 1457 1459 1490 1535 1565 1573 1604 1633 1683 1722 1733 1747 1750 1795 1855 1864 1873 1917 1999 2021,B(C)(N1CC(C1)CNC(=O)C2=C(N=CC3=C2C=CC(=C3)C4=C(C=CC=C4Cl)C)N)O
121,CC1=CC2=C(C=C1)N=C(N3C2=NC(=N3)C4=CC=C(C=C4)OC)NC5=CN=CC=NC5=O,32 63 134 157 168 204 235 314 322 378 389 412 491 611 650 695 718 781 831 841 875 896 902 935 961 982 1013 1057 1071 1097 1125 1152 1160 1205 1224 1235 1357 1362 1380 1385 1452 1527 1535 1536 1586 1603 1611 1653 1696 1722 1730 1750 1786 1823 1855 1866 1873 1956,CC1=CC2=C(C=C1)N=C(N3C2=NC(=N3)C4=CC=C(C=C4)OC)NC5=NC=CN=C5
122,CC(CN1C=CC=N1)NC(=O)C2CCCCC2C(=O)O,1 43 75 77 80 88 117 209 262 283 285 294 378 384 389 587 650 689 747 765 807 890 926 935 1019 1028 1057 1088 1101 1152 1235 1325 1431 1497 1518 1521 1866 1873 1917 1922 2018,CC(CN1C=CC=N1)NC(=O)C2CCCCC2C(=O)O
123,C1C2CC3CC1CC(C2)(C3)NC(=O)CN4C=NC(=N4)C#N,41 80 172 344 369 378 650 674 679 747 790 807 926 929 932 935 941 1019 1060 1136 1152 1192 1230 1267 1292 1312 1380 1383 1384 1446 1452 1527 1575 1699 1839 1873 1901 1917 1931 1956 1976,C1C2CC3CC1CC(C2)(C3)NC(=O)CN4C=NC(=N4)C#N
124,CN1C(=NC2=C1C(=O)N(C(=O)N2C)CC3CCC3)C#CC4=CC(=CC=C4)Cl,29 80 102 165 189 214 216 249 314 378 430 484 501 504 549 561 564 592 650 674 771 802 875 904 908 926 935 1019 1024 1028 1039 1057 1063 1088 1145 1154 1214 1325 1380 1436 1440 1541 1576 1583 1682 1683 1696 1704 1734 1750 1775 1855 1873,CN1C(=NC2=C1C(=O)N(C(=O)N2C)CC3CCC3)C#CC4=CC(=CC=C4)Cl
125,CC1=C(C(=NC2=NC(=NN12)SC)C)CCC(=O)NC3=CC=C(C=C3)C(=O)OC(C)C,1 41 69 80 92 116 117 145 191 283 378 394 412 585 606 650 695 797 807 843 878 901 934 935 955 1034 1057 1077 1086 1104 1123 1152 1193 1243 1380 1382 1385 1408 1519 1564 1697 1721 1722 1723 1750 1766 1816 1845 1855 1873 1898 1917 1956 1978 2001 2034,CC1=C(C(=NC2=NC(=NN12)SC)C)CCC(=O)NC3=CC=C(C=C3)C(=O)OC(C)C
126,CC1=C(C=CC=C1C(=O)OC)C(C(C(=O)OC)O)O,1 54 145 147 164 220 227 237 252 496 581 650 695 807 841 842 906 936 957 1039 1057 1088 1152 1254 1380 1411 1447 1530 1722 1750 1873 1917 1991,CC1=C(C=CC=C1C(=O)OC)[C@H]([C@@H](C(=O)OC)O)O
127,C[N+](C)(CCCN)CCC[N+](C)(C)CCCN,38 80 414 450 628 641 831 913 981 1057 1171 1517 1769 1840 1911,C[N+](C)(CCCN)CC[N+](C)(C)CCC[N+](C)(C)CCC[N+](C)(C)CCC[N+](C)(C)CCC[N+](C)(C)CCCN
128,C1CC(=O)NC2=C1C=C(C=C2)CCNC(=O)CC3=CC=CC=C3,41 74 80 104 197 310 314 325 389 569 597 650 667 730 807 828 875 913 926 988 1060 1066 1088 1114 1152 1199 1236 1243 1380 1394 1507 1510 1575 1580 1646 1665 1738 1750 1754 1873 1917 1982 1997,C1CC(=O)NC2=C1C=C(C=C2)CCNC(=O)CC3=CC=CC=C3
129,CN(CC1=C(C(=CC=C1)Cl)Cl)C(=O)C2=CC=CC=C2I,80 334 366 440 459 469 507 561 582 650 661 806 807 881 947 951 974 1009 1011 1039 1057 1088 1163 1199 1221 1269 1349 1380 1401 1447 1541 1597 1683 1750 1873 1917 1991,CN(CC1=C(C(=CC=C1)Cl)Cl)C(=O)C2=CC=CC=C2I
130,CC1CN(CC(O1)C)S(=O)(=O)N2CCN(CC2)C(=O)[C@@H]3CCCN3C(=O)C4=CC=CS4,14 79 193 206 241 242 246 268 350 354 383 419 446 460 531 585 650 656 675 686 739 807 915 926 935 1019 1028 1057 1088 1140 1154 1159 1309 1325 1380 1442 1449 1466 1476 1480 1504 1535 1539 1567 1589 1676 1750 1873 1917 1921 1945 2009,CC1CN(CC(O1)C)S(=O)(=O)N2CCN(CC2)C(=O)C3CCCN3C(=O)C4=CC=CS4
131,CC1=C(N(N=C1C)CCC2CCCNC2)C,29 80 92 115 158 178 191 252 305 378 470 484 649 742 761 832 901 926 935 989 1019 1028 1057 1080 1114 1145 1308 1325 1380 1466 1577 1722 1766 1861 1956,CC1=C(N(N=C1C)CCC2CCCNC2)C
132,CC1=NN(C=C1C(=O)N2CC3CCC(C3C2)N)CC(F)(F)F,17 80 92 114 126 213 216 362 378 464 472 585 622 650 739 747 807 897 926 935 939 950 1003 1019 1057 1171 1250 1325 1380 1453 1504 1671 1679 1722 1749 1811 1826 1832 1865 1873 1897 1917 1928 1956 1991 2009 2047,Cc1nn(CC(F)(F)F)cc1C(=O)N1C[C@H]2[C@@H](CC[C@@H]2N)C1
133,CCOC(=O)[C@H](C)NC(CC1=CC=C(C=C1)C2=CC(=CC=C2)Cl)C(=O)OCC3=CC=CC=C3,1 47 79 80 147 165 176 216 283 294 310 389 561 592 650 695 736 745 768 785 807 808 857 875 896 979 989 992 1039 1057 1066 1088 1121 1152 1160 1199 1238 1380 1443 1683 1722 1750 1754 1818 1873 1914 1917 1964 2006 2042,CCOC(=O)[C@H](CC1=CC=C(C=C1)C2=CC(=CC=C2)Cl)N[C@@H](C)C(=O)OCC3=CC=CC=C3
134,C1CC(C(C1)CO)CNS(=O)(=O)C2=CC=NN2,74 80 217 222 226 350 378 418 502 609 650 678 807 874 915 926 1019 1028 1063 1091 1114 1124 1152 1164 1325 1380 1397 1476 1516 1604 1626 1692 1732 1750 1866 1873 1883,C1CC(C(C1)CO)CNS(=O)(=O)C2=CC=NN2
135,CC(C1=CC=CC=C1)N2C(=O)C3=C(C=CC(=C3)Br)N=C2SCC(=O)NCCC#N,1 41 80 90 116 197 244 283 314 337 341 349 378 384 389 413 470 504 597 650 667 674 728 732 747 766 790 791 807 862 875 909 935 961 1015 1057 1088 1089 1097 1152 1157 1199 1219 1357 1365 1380 1384 1506 1518 1540 1581 1595 1631 1730 1750 1855 1873 1917 1959,CC(C1=CC=CC=C1)N2C(=O)C3=C(C=CC(=C3)Br)N=C2SCC(=O)NCCC#N
136,C1C[C@@H](C2=C(C1)C=CC=N2)N(C/C=C/CO)C[C@H]3CC4=C(CN3)C=CC=C4N5CCOCC5,80 156 159 199 222 231 305 361 378 407 448 473 523 556 562 656 694 807 831 834 881 926 935 950 970 971 1014 1019 1026 1027 1028 1039 1043 1088 1114 1129 1236 1294 1295 1303 1325 1326 1329 1355 1356 1380 1405 1408 1441 1452 1480 1491 1498 1507 1525 1599 1647 1708 1733 1738 1750 1851 1865 1866 1873 1919,C1C[C@@H](C2=C(C1)C=CC=N2)N(C/C=C/CO)C[C@@H]3C4=C(CCN3)C=CC=N4
137,CC1=CC(=C(C=N1)C(=O)NC2=NC3=C(S2)CC(CC3)NC4=CC=CC=C4)C5=CC=CC=C5OC,42 74 138 162 191 231 249 288 317 352 378 384 385 389 483 486 624 650 675 678 689 695 703 710 807 841 847 859 866 873 875 891 926 984 1002 1019 1057 1088 1152 1199 1233 1325 1348 1380 1410 1452 1535 1536 1539 1589 1620 1634 1722 1731 1738 1750 1816 1855 1873 1917 1948 1970 1984 1991,CC1=CC(=C(C=N1)C(=O)NC2=NC3=C(S2)CC(CC3)NC4=CC=CC=C4)C5=CC=CC=C5OC
138,CCCNCC1=C(C=CC(=C1)F)SC2=CC(=CC=C2)Br,27 80 116 249 255 294 485 552 634 667 699 728 764 766 794 804 811 814 875 885 909 923 1004 1025 1033 1039 1057 1088 1092 1152 1349 1380 1410 1487 1631 1670 1676 1750 1873 1928 1990,CCCNCC1=C(C=CC(=C1)F)SC2=CC(=CC=C2)Br
139,CCO[SiH](OCC)O[SiH2]O[SiH3],27 47 72 80 106 200 223 294 662 695 860 925 1057 1238 1390 1415 1706 1748 1858 1934,CCOOC1=NC(=NC(=N1)OCC)C2=NC(=NC2=C3C(=NC(=N3)OCC)OCC)OCC
140,CN(CC(=O)NN=CC1=CC=C(C=C1)Cl)S(=O)(=O)C2=CC(=C(C=C2)OC)Cl,25 41 80 94 213 216 249 270 279 309 318 319 329 350 366 536 560 561 650 694 695 715 725 785 807 815 816 841 864 872 875 881 924 1057 1070 1110 1152 1163 1190 1380 1476 1536 1683 1750 1867 1873 1876 1917 1970 2027 2033,CN(CC(=O)N/N=C\C1=CC=C(C=C1)Cl)S(=O)(=O)C2=CC(=C(C=C2)OC)Cl
141,CPN1C2=C(C=C(C=N2)Cl)C3CCOCC3OC1=O,119 130 188 216 314 338 378 422 455 486 523 561 608 621 650 656 716 750 789 798 875 879 894 926 935 938 950 1019 1027 1057 1324 1325 1380 1407 1424 1452 1535 1537 1683 1715 1771 1805 1819 1847 1873 1923,CPN1C2=C(C=C(C=N2)Cl)[C@H]3COCC[C@H]3OC1=O
142,CC1=CC2=C(N1CCC3=NN=CN3C)CCCC2O,56 80 281 290 318 347 378 473 802 807 866 875 883 926 932 935 1019 1027 1028 1057 1129 1145 1164 1195 1243 1257 1285 1325 1380 1409 1422 1442 1505 1557 1581 1598 1722 1738 1739 1744 1873 1962 2003,CC1=CC2=C(N1CCC3=NN=CN3C)CCCC2O
143,CC1=NN(C(=C1C(=N)N)SC2=CC3=C(C=C2)OCCO3)C,92 98 116 140 296 338 378 441 475 552 586 623 629 656 738 807 811 866 875 885 926 935 950 1035 1057 1104 1105 1145 1160 1171 1255 1311 1342 1380 1529 1647 1722 1750 1860 1873 1905 1956,CC1=NN(C(=C1C(=N)N)SC2=CC3=C(C=C2)OCCO3)C
144,C1CSCCN1CCNC2=C(C=C(C=C2)C(F)(F)F)N,58 80 114 232 412 450 667 675 714 719 789 809 875 899 910 926 935 1119 1145 1152 1171 1224 1260 1380 1416 1417 1453 1457 1480 1482 1522 1665 1750 1791 1793 1856 1873 1928 1989,C1CSCCN1CCNC2=C(C=C(C=C2)C(F)(F)F)N
145,COC(=O)NCC(=O)N1CCCC1C2=NC3=C(C=CC(=C3)C4=CC5=C(C=C4)C=C(C=C5)C6=CN=CN6)C(=O)N2,16 80 187 193 197 203 204 231 242 260 314 322 339 378 408 446 526 650 662 666 695 713 750 763 785 806 807 822 841 875 896 914 926 935 973 1009 1019 1028 1057 1097 1106 1114 1133 1152 1160 1238 1298 1312 1324 1325 1357 1380 1440 1478 1480 1535 1603 1733 1745 1750 1758 1855 1873 1917 1936 1942 1982 2026,c1c(cc2c(c1)c(=O)[nH]c(n2)[C@H]1N(CCC1)C(=O)CNC(=O)OC)c1cnc[nH]1
146,C1C[C@H](NC1)C2=NC=C(N2)C3=CC=NC=C3,305 339 353 378 383 552 651 742 840 874 926 1019 1028 1053 1114 1150 1160 1208 1324 1325 1380 1452 1507 1535 1567 1603 1684 1745 1750 1866 1873 1912 1970 1995,C1CC(NC1)C2=NC=C(N2)C3=CC=NC=C3
147,C[C@@H](C(=O)NCCC1=CC=CC=C1)OC(=O)[C@H]2COC3=CC=CC=C3O2,1 33 66 69 80 197 283 389 441 534 573 650 656 667 695 750 807 828 923 926 1019 1045 1057 1066 1088 1117 1152 1199 1243 1269 1358 1372 1380 1481 1507 1612 1647 1683 1750 1754 1802 1873 1884 1905 1917 1923,C[C@@H](C(=O)NCCC1=CC=CC=C1)OC(=O)[C@H]2COC3=CC=CC=C3O2
148,CC1=CC(=C(C=C1NC(=O)C[NH+](C)[C@@H](C)C2=NC3=CC=CC=C3S2)OC)[N+](=O)[O-],1 41 80 157 162 249 257 283 289 317 354 378 461 471 487 546 557 650 675 695 715 716 738 753 807 838 841 875 880 885 937 980 1057 1088 1091 1097 1152 1195 1199 1206 1224 1286 1380 1391 1442 1536 1626 1633 1656 1677 1722 1750 1762 1816 1855 1873 1917 1948 1963 1970 2031,CC1=CC(=C(C=C1NC(=O)C[NH+](C)[C@@H](C)C2=NC3=CC=CC=C3S2)OC)[N+](=O)[O-]
149,CC(C)(C)C(=O)N1CCC(CC1)C2=NC(=NC=C2C3=NC=CN=C3)N4CCOCC4,82 114 145 270 352 378 392 407 431 523 650 652 656 743 801 802 807 926 935 950 980 1014 1019 1041 1057 1071 1125 1129 1192 1256 1325 1380 1405 1441 1452 1463 1480 1535 1586 1603 1668 1781 1809 1855 1866 1873 1880 1917 1937 1985 2000 2009,CC(C)(C)C(=O)N1CCC(CC1)C2=NC(=NC=C2C3=NC=CN=C3)N4CCOCC4
150,C1=CC=C(C=C1)CC[C@@H](C(=O)N[C@@H](CCCN)C(=O)NC2=CC3=CC=CC=C3C=C2)N,1 53 80 117 184 191 192 203 322 389 573 598 650 736 739 786 807 843 871 875 890 981 1018 1045 1066 1087 1088 1152 1171 1199 1243 1380 1393 1517 1597 1618 1664 1750 1754 1816 1840 1849 1855 1873 1911 1917 1958 2016,C1=CC=C(C=C1)CC[C@@H](C(=O)N[C@@H](CCCN)C(=O)NC2=CC3=CC=CC=C3C=C2)N
151,COC1=CC=CC2=C1NC=C(C2=O)C(=O)NC3=NC4=C(S3)C=C(C=C4)Cl,162 165 216 249 314 317 378 385 486 525 557 561 624 650 675 695 716 806 807 816 841 847 875 885 961 1039 1057 1088 1097 1114 1152 1180 1203 1260 1276 1350 1357 1380 1410 1530 1536 1573 1669 1683 1716 1726 1729 1750 1816 1855 1873 1879 1917 1970 1991 2010,COC1=CC=CC2=C1NC=C(C2=O)C(=O)NC3=NC4=C(S3)C=C(C=C4)Cl
152,CCS(=O)(=O)N1CC(C2=C(C1)C=NN2C)COCC3CC3,29 43 80 192 267 294 350 378 585 650 695 703 739 859 873 890 926 935 957 1019 1057 1105 1136 1145 1236 1296 1307 1325 1380 1409 1417 1476 1502 1510 1535 1605 1611 1671 1785 1873 1946 1971 1992,CCS(=O)(=O)N1CC(COCC2CC2)c2c(C1)cnn2C
153,C1CCS(=O)(=O)C(C1)CNCC(F)F,1 80 207 282 469 606 622 629 650 890 926 1004 1019 1028 1050 1055 1111 1152 1325 1333 1498 1604 1617 1638 1768 1928 1954 2009 2038,C1CCS(=O)(=O)C(C1)CNCC(CNCC(F)F)F
154,C1CC1NC2=NC3=C(C=CC=N3)N=C2N4CCN(CC4)CC5=C(C=CC(=C5)Cl)Cl,9 74 80 130 160 165 216 238 289 295 310 366 378 407 448 561 600 658 666 708 763 784 816 875 926 935 1019 1032 1043 1088 1097 1140 1143 1152 1325 1349 1380 1416 1452 1472 1480 1508 1589 1634 1683 1750 1765 1791 1792 1840 1855 1866 1873 1989,C1CC1NC2=NC3=C(C=CC=N3)N=C2N4CCN(CC4)CC5=C(C=CC(=C5)Cl)Cl
155,CCNC1=NC=C(N=C1)C(=O)N(C)CC,49 80 294 334 378 519 650 807 855 881 932 1030 1055 1057 1060 1099 1152 1163 1179 1221 1274 1358 1380 1416 1452 1535 1554 1702 1726 1873 1895 1917,CCNC1=NC=C(N=C1)C(=O)N(C)CC
156,CNC(CN(CC1CC1)C2CC2)(CO)C3CC3,29 80 93 114 115 166 222 678 712 807 809 834 881 926 1019 1057 1096 1148 1152 1154 1325 1326 1347 1430 1461 1497 1508 1514 1671 1781 1982 1997,CNC(CO)(CO)C1CCC(CC1)N(CC2CC2)CC3CCC(CC3)CN(CC4CC4)C5CCC(CC5)C(CO)(CO)NC
157,C1=CC(=C(C=C1C=CC2=CC(=C(C=C2)[N+](=O)[O-])OC(=O)O)CO)[N+](=O)[O-],25 80 205 222 300 320 338 354 389 391 584 650 694 695 715 716 753 807 835 837 838 874 875 1195 1348 1349 1380 1501 1573 1729 1750 1828 1873 1917 1919 1963 1970 2033 2041,C1=CC(=C(C=C1/C=C/C2=CC(=C(C=C2)[N+](=O)[O-])CO)OC(=O)O)[N+](=O)[O-]
158,C1CCC2C(C1)CCN(C2C(=O)CN)SC3=CC=C(C=C3)OC4=CC=C(C=C4)CC(F)(F)F,27 80 114 116 120 191 193 213 247 276 310 322 393 494 540 585 622 650 695 718 776 807 811 888 890 926 935 937 958 981 1019 1028 1144 1171 1178 1252 1255 1269 1325 1380 1384 1450 1453 1480 1617 1638 1671 1742 1750 1754 1813 1873 1917 1928,C1CCC2C(C1)CCN(C2C(=O)CN)SC3=CC=C(C=C3)OC4=CC=C(C=C4)CC(F)(F)F
159,CCCC(COC)NC(=O)N1C[C@@H](C[C@@H]1C(=O)O)O,1 13 80 117 118 218 242 294 365 389 531 590 627 650 695 739 794 807 841 866 911 926 935 1005 1019 1057 1061 1152 1257 1292 1431 1505 1526 1583 1606 1620 1812 1824 1917 1996,CCCC(COC)NC(=O)N1CC(CC1C(=O)O)O
160,COC1=C(C=C(C=C1)N(CC(=O)NC2=CC(=CC=C2)Cl)S(=O)(=O)C)Cl,41 80 81 94 165 184 191 216 249 268 350 365 366 521 560 561 592 650 692 695 703 761 797 807 841 875 881 901 960 1039 1057 1088 1096 1110 1128 1152 1190 1241 1380 1476 1536 1683 1684 1750 1816 1873 1917 1970,COC1=C(C=C(C=C1)N(CC(=O)NC2=CC(=CC=C2)Cl)S(=O)(=O)C)Cl
161,CC(=O)NCC1=C(C=CC(=C1)N=C(C2=C(C=CNC2=O)N[C@H]3CCCC[C@@H]3C#N)N)S(=O)(=O)N(C)C,41 80 109 112 140 197 202 245 255 314 350 371 387 392 416 472 581 586 640 650 674 711 720 725 731 750 763 773 790 806 807 810 815 875 881 890 926 1017 1019 1028 1030 1048 1057 1062 1114 1152 1157 1163 1171 1224 1305 1325 1349 1380 1384 1403 1476 1506 1567 1589 1601 1613 1656 1750 1762 1786 1854 1873 1891 1904 1917 2036,CC(=O)NCC1=C(C=CC(=C1)N=C(C2=C(C=CNC2=O)NC3CCCCC3C#N)N)S(=O)(=O)N(C)C
162,CCOC(=O)C1=C(N(C2=C1C=C(C=C2)OC(C)(C)C(=O)O)C)C,45 54 60 80 114 145 147 294 322 334 384 389 392 548 564 586 650 695 718 759 770 807 875 935 1057 1145 1207 1238 1264 1357 1380 1456 1722 1726 1750 1766 1829 1873 1917 1977 1993 2021 2042,CCOC(=O)C1=C(N(C2=C1C=C(C=C2)OC(C)(C)C(=O)O)C)C
163,CN(CC1=CC=C(C=C1)SC)C(=O)C2=CC(=C(C=C2)N)F,21 80 116 310 334 394 440 507 549 650 699 807 811 875 881 910 976 1057 1147 1163 1171 1221 1255 1274 1360 1380 1385 1457 1513 1615 1624 1697 1723 1750 1754 1840 1873 1917 1928 1984,CN(CC1=CC=C(C=C1)SC)C(=O)C2=CC(=C(C=C2)N)F
164,CC1(C(C1(C)C)CN2C3CCCC2CC(=O)C3)C,80 193 225 231 314 477 522 650 764 795 908 926 935 1019 1028 1057 1060 1063 1094 1233 1274 1325 1380 1762 1832 1910 1911 1993,CC1(C(C1(C)C)CN2C3CCCC2CC(=O)C3)CCCC4(C(C4(C)C)CN5C6CCCC5CC(=O)C6)C
165,CCCCC(C)C[C@H](CC)C[C@]1(C[C@@H]([C@H](OO1)CC(=O)OC)CC)C,1 38 80 166 195 226 266 283 294 475 591 599 607 610 650 656 673 679 680 695 739 794 807 841 926 967 997 1004 1019 1057 1060 1125 1142 1152 1218 1274 1328 1375 1380 1386 1397 1420 1454 1544 1551 1596 1602 1725 1784 1911 1917,CCCCC(CC)CC(C)CC1(CC(C(OO1)CC(=O)OC)CC)C
166,CCC1CCCC(C1)(C2=C(C=CC(=C2)C)F)O,29 48 80 216 235 294 484 503 679 699 764 807 818 875 919 926 1013 1019 1028 1057 1060 1154 1156 1162 1216 1225 1325 1380 1383 1454 1722 1750 1823 1840 1873 1928 1932 1980,CCC1CCCC(C1)(C2=C(C=CC(=C2)C)F)O
167,CC(C1=CC(=CC=C1)[N+](=O)[O-])OC(=O)C2=CC=C(C=C2)N3C=NC=N3,1 43 69 78 125 145 233 283 334 378 489 548 606 650 651 695 715 753 807 838 875 932 935 1039 1057 1088 1163 1195 1254 1274 1365 1380 1385 1455 1495 1581 1603 1610 1649 1697 1750 1809 1825 1845 1873 1917 1940 1963 2009 2014,C[C@H](C1=CC(=CC=C1)[N+](=O)[O-])OC(=O)C2=CC=C(C=C2)N3C=NC=N3
168,C1CC(OC1)CNC(=O)C2=CC(=CC(=C2)C3=CC=CC=C3)F,80 197 239 248 265 293 361 389 486 650 656 699 736 767 802 806 807 821 875 926 945 950 994 1019 1028 1034 1088 1152 1160 1199 1325 1380 1385 1391 1468 1563 1604 1670 1695 1750 1873 1917 1928 1964,C1CC(OC1)CNC(=O)C2=CC(=CC(=C2)C3=CC=CC=C3)F
169,CCNC(=NCC(=O)N(CC)CC1=CC=CC=C1)NCC(C2=CC=CO2)N3CCCC3,1 80 98 130 197 227 258 294 322 389 474 507 527 570 587 606 650 656 725 787 807 881 903 926 932 935 978 1008 1028 1057 1066 1088 1147 1152 1160 1199 1212 1229 1233 1238 1265 1289 1380 1480 1624 1720 1726 1744 1750 1754 1852 1873 1917 1924 1926 1975 1998 2012,CCNC(=NCC(=O)N(CC)CC1=CC=CC=C1)NCC(C2=CC=CO2)N3CCCC3
170,CC1(C2=CC=CC=C2C3=C1C=C(C=C3)C4=CC(=CC=C4)C5=NC6=C(C=CC7=C6N=C(C=C7)C8=CC=CC=C8)C=C5)C,203 257 342 352 378 389 449 680 736 785 806 852 875 896 914 980 984 1025 1039 1057 1060 1088 1160 1199 1274 1279 1380 1460 1543 1724 1750 1855 1862 1873 1874 1971 1980 2036,CC1(C2=CC=CC=C2C3=C1C=C(C=C3)C4=CC(=CC=C4)C5=NC6=C(C=CC7=C6N=C(C=C7)C8=CC=CC=C8)C=C5)C
171,C[C@H]1CCC2=C(C1)SC(=C2C#N)NC(=O)COC(=O)CC3=CC(=CC=C3)OC,14 41 42 50 80 96 147 152 162 167 213 231 264 322 325 358 361 559 562 593 650 674 675 695 703 781 790 807 841 875 926 997 1007 1019 1039 1057 1066 1088 1136 1148 1152 1240 1309 1325 1380 1384 1386 1482 1499 1536 1622 1687 1738 1750 1754 1816 1822 1825 1873 1917 1972 2004,C[C@H]1CCC2=C(C1)SC(=C2C#N)NC(=O)COC(=O)CC3=CC(=CC=C3)OC
172,CC(C)C(C)N1C2CCCCC2OCC3=CC=CC=C31,1 172 183 283 328 400 520 609 613 650 656 711 802 890 926 935 1019 1028 1057 1088 1199 1236 1295 1325 1380 1647 1678 1689 1708 1709 1750 1773 1803 1819 1873 1909,CC(C)C(C)N1C2CCCCC2OCC3=CC=CC=C31
173,CN(CC(=O)O)C(=S)C1=CC(=NC2=C1C=CC=C2C(F)(F)F)C3=CC=CC=C3,80 97 110 114 257 262 334 378 389 419 605 650 736 799 807 809 875 881 915 916 922 980 1039 1057 1088 1160 1163 1190 1199 1357 1380 1453 1518 1573 1580 1662 1676 1724 1737 1750 1855 1873 1882 1917 1928 1950 1971 1991,CN(CC(=O)O)C(=S)C1=CC(=NC2=C1C=CC=C2C(F)(F)F)C3=CC=CC=C3
174,C/C=C/1\C(=C/C)\S/C(=C/C=C)/C1=CC=C,162 246 675 679 694 746 784 808 844 890 947 1057 1066 1245 1366 1380 1645 1681 1691 1809 1829 2022,C/C=C\1/C(=C/C=C)/S/C(=C/C=C)/S1
175,CCCN1C2=NC3=CC=CC=C3N=C2SC1=NC4=CC=CC=C4,80 95 162 289 294 378 389 405 455 459 467 478 511 641 675 725 794 802 820 870 935 1057 1086 1088 1097 1145 1199 1362 1380 1418 1423 1643 1646 1696 1750 1854 1855 1873,CCCN1C2=NC3=CC=CC=C3N=C2SC1=NC4=CC=CC=C4
176,CCCNC(=O)CNC1=CC=C(C=C1)S(=O)(=O)C(F)F,1 41 62 80 191 197 294 319 331 350 482 597 650 652 667 715 794 807 814 827 843 940 977 1050 1057 1133 1152 1380 1416 1422 1440 1476 1636 1750 1873 1917 1928,CCCNC(=O)CNC1=CC=C(C=C1)S(=O)(=O)C(F)F
177,CN1C=C(C=N1)C2=NC3=NC=CC(=C3N2)C4=C(C=C(C=C4)CN5CCOC6=C(C5=O)C(=CC(=C6)C7CC7)F)CO,43 80 101 160 219 222 268 310 314 327 352 374 378 380 441 443 464 600 617 650 656 680 699 727 744 787 797 807 837 851 875 879 926 927 935 950 987 1019 1057 1087 1089 1114 1145 1160 1215 1279 1299 1325 1349 1362 1380 1400 1452 1454 1480 1529 1530 1535 1541 1573 1582 1609 1660 1743 1745 1747 1750 1754 1757 1759 1762 1765 1840 1855 1866 1873 1897 1905 1928 2000 2024,CN1C=C(C=N1)C2=C(C=C(C=C2)CN3CCOC4=C(C3=O)C(=CC(=C4)C5CC5)F)CN6C=CC7=CC(=CN=C76)C8CC8
178,CC1=CC(=NN1)C2=NNC(=S)N2N=CC3=CC=CS3,14 74 97 214 241 315 328 346 378 383 391 395 504 544 595 675 692 694 725 803 831 841 864 875 892 911 935 980 1057 1088 1113 1114 1353 1371 1380 1567 1717 1722 1750 1801 1873 2004,CC1=CC(=NN1)C2=NNC(=S)N2/N=C\C3=CC=CS3
179,CC(C)CNC(CF)C(=O)O,1 16 80 283 389 552 606 650 736 782 807 890 904 1057 1152 1239 1492 1624 1844 1847 1917 1928 1991,CC(C)CNC(CF)C(=O)O
180,C1COCCC1OC2=CC=C(C=C2)C3(CC3)O,39 119 322 408 484 523 524 556 656 695 716 718 807 888 926 950 1019 1060 1154 1156 1162 1325 1380 1405 1717 1750 1873 1893 1988 2030,C1COCCC1OC2=CC=C(C=C2)C3(CC3)O
181,CCNC(=O)[C@H](CC1=CC=CC=C1)N(CC2=CC=CC=C2)C(=O)CN(C3=CC(=C(C=C3)C)Cl)S(=O)(=O)C,1 79 80 81 189 197 294 350 365 366 389 507 521 531 552 561 573 650 692 761 807 857 875 881 960 1057 1066 1088 1096 1147 1152 1190 1199 1238 1241 1380 1391 1476 1480 1551 1624 1635 1683 1684 1691 1722 1726 1750 1754 1861 1873 1907 1917 1938 2033,CCNC(=O)[C@H](CC1=CC=CC=C1)N(CC(=O)N(CC2=CC=CC=C2)S(=O)(=O)C)C3=CC(=C(C=C3)C)Cl
182,CC(C)(C)C(=O)N/C(=C/C1=CC=CC=C1)/C(=O)NC2=C(C=CC(=C2)Cl)Cl,72 84 99 114 165 216 270 271 366 376 389 392 561 614 650 666 694 807 816 875 938 1035 1057 1088 1100 1118 1119 1152 1199 1210 1224 1344 1353 1378 1380 1683 1746 1750 1816 1873 1917 2022 2033,CC(C)(C)C(=O)N/C(=C\C1=CC=CC=C1)/C(=O)NC2=C(C=CC(=C2)Cl)Cl
183,CC(C)C(=O)NC1=CC=C(C=C1)CNC(=O)CC2=C(C=CC(=C2)C(=O)C)OC,1 41 80 94 184 191 197 249 255 283 310 325 333 363 573 617 638 646 650 695 807 841 843 875 1017 1057 1077 1152 1189 1349 1380 1385 1510 1536 1573 1594 1661 1664 1697 1750 1754 1816 1820 1873 1917 1970,CC(C)C(=O)NC1=CC=C(C=C1)CNC(=O)CC2=C(C=CC(=C2)C(=O)C)OC
184,C1=CC=C2C(=C1)N=C(O2)C3=NC(=NC(=N3)C4=C(C5=NC(=C(C#N)C#N)N=C5C=C4)C#N)Cl,198 212 213 289 343 352 358 365 372 378 480 482 561 570 656 674 677 680 785 790 803 807 927 930 937 1047 1088 1097 1128 1136 1199 1239 1278 1309 1337 1380 1384 1385 1390 1402 1472 1604 1683 1750 1770 1804 1808 1855 1873 1942,C1=CC=C2C(=C1)N=C(O2)C3=C(C4=NC(=C(C#N)C#N)C=CC4=N3)C#N
185,CC1=CSC(=N1)[C@@]2([C@H]3[C@@H]2CN(CC3)C4=NC5=NNC(=C5N=C4)C6=C(C(=CC=C6)Cl)Cl)CN,74 80 82 155 294 335 352 362 366 378 407 519 527 552 561 586 595 600 624 641 675 690 716 732 739 787 788 926 935 941 965 974 981 984 1011 1019 1039 1057 1060 1088 1114 1125 1155 1171 1187 1269 1325 1346 1380 1452 1480 1535 1560 1567 1678 1683 1722 1724 1731 1750 1762 1777 1855 1873 1924 2004 2011 2017,CC1=CSC(=N1)C2(C3C2CN(CC3)C4=NC5=NNC(=C5N=C4)C6=C(C(=CC=C6)Cl)Cl)CN
186,CC1=CC=C(O1)[C@@H](C2=CC=C(C=C2)C(C)C)O,1 162 227 283 442 561 598 629 656 807 946 1057 1196 1310 1365 1380 1604 1654 1708 1722 1742 1750 1804 1853 1873,CC1=CC=C(O1)C(C2=CC=C(C=C2)C(C)C)O
187,[2H]C([2H])([2H])C1=CC(=C(C2=C1C3=C(C=CC=N3)C=C2)N4C=CN([C@@H]4C)C)C,146 158 203 210 257 355 378 448 449 511 538 628 630 656 828 875 935 1019 1043 1057 1087 1088 1145 1294 1309 1357 1380 1391 1442 1452 1500 1552 1643 1661 1669 1692 1722 1724 1733 1750 1806 1840 1855 1866 1873 1939 1984,CC1N(C=CN2C1=C3C=CC4=C(C3=C2[Si](C)(C)C5=C6C=CC7=C(C6=C(C=C5C)C)N=CC=C7)N=CC=C4)C
188,CC1=NC=CC(=N1)C2=NC(=CC(=N2)NC)C(C)(C)C,114 130 235 319 378 392 452 534 787 840 875 980 983 1057 1085 1099 1126 1152 1294 1339 1380 1382 1385 1430 1452 1498 1596 1722 1750 1855 1866 1873 1915 1953 1981,CC1=NC=CC(=N1)C2=NC(=CC(=N2)NC)C(C)(C)C
189,CC(C)(C1=NC2=C(S1)CCCC2CN)OC,42 80 114 128 162 378 392 414 469 473 476 549 675 695 841 895 926 981 1019 1028 1057 1095 1112 1129 1171 1182 1325 1380 1413 1509 1611 1738 1817 1833 1855 1895 2040,CC(C)(C1=NC2=C(S1)CCCC2CN)OC
190,C1COCCC1(C(=O)N2CCN(CC2)CC3=CC=C(C=C3)Cl)N,30 74 80 216 310 404 523 561 650 656 784 807 816 926 935 950 1020 1060 1070 1162 1171 1380 1405 1445 1480 1589 1602 1683 1750 1754 1765 1771 1791 1824 1873 1917 2000 2009 2033,C1COCCC1(C(=O)N2CCN(CC2)CC3=CC=C(C=C3)Cl)N
191,C1CN(CC1C2=C(C=CC=N2)C(=O)N)CC3=CN=CC=C3,80 140 258 309 378 392 437 448 645 650 739 802 807 926 935 957 1019 1043 1066 1088 1129 1134 1171 1205 1261 1325 1355 1380 1396 1447 1452 1480 1535 1586 1603 1750 1754 1765 1771 1791 1866 1873 1917 1991 2000,NC(=O)c1cccnc1C1CCN(Cc2cccnc2)C1
192,C#CCCCCC(=O)N1C[C@H]2CNC[C@H]2C1,80 197 413 448 470 526 550 585 650 674 701 739 807 915 926 935 974 996 1009 1014 1019 1114 1267 1308 1404 1564 1671 1911 1917 1927 1963 2009,C#CCCCCC(=O)N1C[C@@H]2CNC[C@@H]2C1
193,CC1=NS(=O)(=O)N(C=C1C(=O)OCCC(C)C)C,1 13 28 80 83 145 147 163 207 283 378 414 423 467 469 530 650 695 739 807 935 1057 1145 1199 1232 1380 1407 1592 1656 1722 1834 1847 1860 1873 1900 1917 1961 2001,CC1=NS(=O)(=O)N(C=C1C(=O)OCCC(C)C)C
194,COC1=CC=CC(=C1)/C(=C\2/[C@@H](N(C(=O)C2=O)C3=CC=CC=N3)C4=CC=CC=C4F)/O,57 140 314 322 371 378 389 394 448 527 530 562 590 650 695 699 781 807 841 875 879 935 1003 1019 1027 1032 1039 1057 1088 1155 1199 1250 1261 1380 1384 1385 1420 1427 1452 1476 1536 1561 1750 1772 1840 1866 1873 1898 1922 1928 1972 1981 1985,COC1=CC=CC(=C1)/C(=C\2/C(N(C(=O)C2=O)C3=CC=CC=N3)C4=CC=CC=C4F)/O
195,COC1=CC(=C(C=C1)N2C[C@H](CC2=O)C(=O)NC3=CC=C(C=C3)Br)OC,24 94 191 231 249 263 314 322 355 635 650 689 695 718 728 739 781 785 798 807 841 843 875 909 926 935 958 974 1019 1057 1077 1137 1152 1157 1295 1380 1457 1536 1598 1631 1649 1750 1816 1873 1915 1917 1970 1972,COC1=CC(=C(C=C1)N2CC(CC2=O)C(=O)NC3=CC=C(C=C3)Br)OC
196,CN(CC1=CC=CC=C1)C2CC3=C(C2O)C=C(C=C3)OC,80 148 164 231 297 322 389 507 560 565 654 695 718 726 781 807 841 875 881 926 1019 1027 1057 1066 1088 1096 1147 1158 1163 1199 1236 1257 1380 1536 1734 1750 1754 1755 1873 1972 1980,CN(CC1=CC=CC=C1)C2CC3=C(C2O)C=C(C=C3)OC
197,C=CCC1(CCCN(C1)C(=O)C2(CCCCC2)N3CCOCC3)CO,2 59 70 80 136 195 222 369 471 523 547 570 602 650 656 680 693 694 802 807 926 935 940 950 1028 1060 1162 1366 1405 1413 1441 1455 1480 1491 1638 1645 1673 1679 1694 1848 1879 1917 2000 2009,C=CCC1(CCCCC1)C(=O)N2CCCC(C2)(CO)C(=O)N3CCCC(C3)(CO)N4CCOCC4
198,C1=COC(=C1)C2=NOC(=N2)CN=[N+]=[N-],80 121 144 235 248 287 372 378 474 487 656 725 740 787 807 917 926 1088 1233 1349 1380 1385 1449 1456 1542 1626 1750 1777 1805 1838 1855 1873 1910 1915 1926,C1=COC(=C1)C2=NOC(=N2)CN=[N+]=[N-]
199,CN1C(=CC=N1)C(=O)NC2=NC(=C(C=C2)C3=CC=C(C=C3)OC(F)(F)F)N,43 73 114 145 222 276 317 322 352 378 486 488 504 548 641 650 656 680 695 718 807 896 935 967 1057 1070 1099 1105 1145 1149 1152 1160 1171 1232 1291 1380 1409 1453 1457 1459 1488 1750 1816 1855 1866 1873 1917 1928 1929 2006,CN1C(=CC=N1)C(=O)NC2=NC(=C(C=C2)C3=CC=C(C=C3)OC(F)(F)F)N
200,CC1=C(C(=CC=C1)C2=CC(=NC(=N2)N)NCC(C3=CC=C(C=C3)OC)N4CCCC4)C,1 80 149 197 252 322 352 378 409 550 557 570 606 695 718 781 831 841 875 898 903 926 935 980 984 1028 1039 1057 1088 1091 1099 1152 1171 1238 1240 1265 1327 1365 1380 1391 1394 1416 1457 1480 1536 1614 1666 1691 1722 1750 1852 1853 1855 1873 1998 1999,CC1=C(C(=CC=C1)C2=CC(=NC(=N2)N)NCC(C3=CC=C(C=C3)OC)N4CCCC4)C
201,CN1C2=C(C=C(C=C2)S(=O)(=O)NC3=CC(=C(C=C3)N4CCSCC4)C(=O)O)N(C1=O)C,4 45 191 198 231 232 314 319 350 389 400 407 456 462 502 564 641 650 675 715 719 743 744 771 789 804 807 843 875 926 935 997 1047 1057 1145 1152 1270 1295 1380 1476 1480 1750 1873 1915 1917 1950 1989 1991 2007 2010 2021 2033,CN1C2=C(C=C(C=C2)S(=O)(=O)NC3=CC(=C(C=C3)N4CCSCC4)C(=O)O)N(C1=O)C
202,CC1=C(NC(=C1S(=O)(=O)N2CCOC(C2)CO)C)C(=O)O,2 80 199 222 248 252 350 389 442 456 585 612 633 650 656 692 739 798 800 802 807 867 926 935 950 1019 1021 1057 1114 1208 1282 1380 1391 1476 1480 1501 1516 1535 1590 1591 1722 1745 1749 1917,CC1=C(NC(=C1S(=O)(=O)N2CCOC(C2)CO)C)C(=O)O
203,C1=CC=C2C(=C1)C=CC=C2NC(=O)NC3=CC(=CC=C3)N4C(=S)N=NN4,56 97 178 184 187 191 260 295 378 540 573 650 703 807 828 875 935 1039 1049 1087 1088 1100 1104 1114 1152 1164 1199 1224 1244 1350 1357 1380 1387 1565 1573 1619 1696 1717 1750 1816 1825 1855 1873 1917 1946 1989 1990,C1=CC=C2C(=C1)C=CC=C2NC(=O)NC3=CC(=CC=C3)N4C(=S)N=NN4
204,C1CN(CCC1(F)F)CC2=CC(=C(C=C2)F)I,80 216 251 283 310 582 661 699 744 784 848 875 926 935 947 1060 1162 1280 1380 1408 1415 1480 1750 1754 1765 1771 1791 1821 1840 1846 1873 1928,C1CN(CCC1(F)F)CC2=CC(=C(C=C2)F)I
205,CCOC(=O)C1=CSC(=N1)C2=NC(=CC=C2)Cl,80 145 147 294 351 378 518 552 561 650 657 675 695 701 759 807 855 980 1039 1057 1088 1118 1238 1380 1382 1420 1567 1683 1722 1750 1758 1851 1855 1873 1908 1917 1934 1994 2021,CCOC(=O)C1=CSC(=N1)C2=NC(=CC=C2)Cl
206,CC(CC(=C)C1=CC=C(C=C1)C(=O)N2CCC(CC2)CC3=CC=CC=C3)(C=O)OC,29 80 114 389 392 458 497 573 650 652 675 694 695 800 807 841 872 926 935 942 993 1004 1005 1019 1022 1057 1061 1066 1088 1199 1294 1325 1366 1380 1385 1456 1480 1504 1509 1511 1653 1665 1697 1750 1754 1873 1917 1929 1961 1997 2009,CC(CC(=C)C1=CC=C(C=C1)C(=O)N2CCC(CC2)CC3=CC=CC=C3)(C=O)OC
207,CC1=C(C(=CC=C1)OS(=O)(=O)C)OS(=O)(=O)C,38 285 333 350 443 650 692 695 967 1039 1057 1088 1356 1380 1391 1410 1476 1504 1565 1722 1730 1750 1873 1970 1999,CC1=C(C(=CC=C1)OS(=O)(=O)C)OS(=O)(=O)C
208,CC1=C(C(=CC=C1)O)C2=NC(=NC(=N2)C3=CC=CC=C3O)/C(=C(/C=C\C(C)C#N)\C#N)/C=C,1 3 31 34 71 136 283 352 366 378 476 621 674 678 694 709 790 802 803 807 828 959 984 997 1039 1057 1063 1088 1171 1173 1199 1309 1351 1366 1369 1380 1384 1385 1391 1471 1520 1602 1607 1624 1645 1665 1722 1747 1750 1804 1831 1855 1873 1881 1999,CC1=C(C(=CC=C1)C)C2=NC(=NC(=N2)/C(=C(/C=C)\C(C)/C=C/C(=C(/C=C)\C#N)/C#N)/C#N)C3=CC=CC=C3O
209,CC1=CC=C(C=C1)SCC2=CC=C(C=C2)S(=O)(=O)C(F)F,1 80 116 235 310 319 331 341 350 463 623 650 715 762 811 827 940 977 1050 1057 1227 1255 1347 1380 1476 1636 1722 1750 1754 1823 1873 1920 1928,CC1=CC=C(C=C1)SCC2=CC=C(C=C2)S(=O)(=O)C(F)F
210,C1=CC(=CC(=C1)OCC(C2=CC=NC=C2)C(=O)O)O,1 65 80 118 322 378 381 383 389 392 461 562 650 695 745 803 807 875 1039 1088 1158 1208 1365 1370 1380 1445 1452 1501 1602 1603 1625 1692 1750 1844 1866 1873 1917,C1=CC(=CC(=C1)OCC(C2=CC=NC=C2)C(=O)O)O
211,CC1=C(C=NNC1=O)N2CCC(C2)NC(=O)O,8 49 74 252 314 335 378 387 389 407 433 609 626 650 739 750 807 926 935 1019 1057 1089 1114 1120 1152 1168 1295 1325 1379 1380 1454 1480 1535 1634 1722 1767 1873 1908 1917 1995,CC1=C(C=NNC1=O)N2CCC(C2)NC(=O)O
212,CC/C(=N/NC(=O)C1=CC=CC=C1O)/C2=CC=C(C=C2)O,80 280 294 318 486 650 700 725 745 807 898 989 1057 1088 1119 1152 1199 1211 1313 1365 1369 1380 1385 1391 1447 1602 1607 1632 1697 1750 1778 1831 1873 1917 1991,CCC(=NNC(=O)C1=CC=CC=C1O)C2=CC=C(C=C2)O
213,C1CCN([C@@H](C1)CO)CCNC(=O)C2=CN=C(N=C2)C3=CC=CC=N3,8 80 197 222 265 326 374 378 448 486 586 650 667 807 890 926 935 980 1019 1028 1088 1145 1147 1152 1155 1199 1309 1325 1367 1374 1380 1385 1452 1480 1516 1535 1552 1714 1750 1768 1851 1866 1873 1891 1917 1969 1985 1998 2018 2022,C1CCN(C(C1)CO)CCNC(=O)C2=CN=C(N=C2)C3=CC=CC=N3
214,CCC(=O)N1CCC(C(C1)C)NCC2=C(N(C(=C2)C#N)C)C,76 80 255 294 328 390 434 475 564 650 652 659 674 678 682 739 790 807 875 897 898 902 926 935 957 1009 1019 1021 1057 1108 1136 1145 1152 1298 1309 1325 1328 1349 1380 1384 1403 1480 1569 1722 1766 1859 1873 1917 2009,CCC(=O)N1CCC(C(C1)C)NCC2=C(N(C(=C2)C#N)C)C
215,CC(C)CC1=CC=C(C=C1)N2CCC3=C(C2(C)C4=CC=C(C=C4)C=CC(=O)O)C=CC(=C3)O,1 25 31 79 80 84 233 283 284 310 381 389 482 484 556 561 583 650 694 745 807 835 854 857 875 878 926 935 955 970 976 1057 1060 1236 1258 1274 1308 1313 1368 1380 1412 1441 1475 1480 1532 1602 1738 1750 1754 1825 1847 1873 1888 1917 1964 1980 2033,CC(C)CC1=CC=C(C=C1)C2(C3=C(CCN2C4=CC=C(C=C4)/C=C/C(=O)O)C=C(C=C3)O)C
216,COC(=O)/C=C/1\N(C(=O)CS1)CCCOC(=O)C2=C(C=CS2)S(=O)(=O)N3CCCC3,13 14 80 145 147 157 314 350 366 392 532 539 549 554 585 588 650 675 690 694 695 781 798 800 807 837 841 859 881 926 930 935 1028 1042 1057 1073 1145 1152 1231 1285 1319 1380 1470 1476 1480 1550 1567 1592 1607 1648 1661 1712 1734 1750 1873 1911 1917 1988 1998,COC(=O)/C=C\1/N(C(=O)CS1)CCCOC(=O)C2=C(C=CS2)S(=O)(=O)N3CCCC3
217,COC1=C(C=C(C=C1)F)C(CC2=CC=CS2)CN,1 14 79 80 94 158 196 237 241 249 383 581 589 656 675 695 699 841 875 981 1057 1088 1128 1171 1185 1256 1380 1410 1487 1536 1567 1670 1676 1747 1750 1873 1909 1928 1970 1984,COC1=C(C=C(C=C1)F)C(CC2=CC=CS2)CN
218,CCCOC1=C(C=C(C=C1)C(=O)NC[C@@H](C2=CSC=C2)N(C)C)OCC,1 13 14 76 80 94 128 197 231 237 265 294 411 425 428 486 526 552 577 606 650 671 675 695 747 794 807 870 875 881 955 971 987 1057 1152 1163 1238 1365 1380 1385 1452 1518 1697 1750 1765 1769 1873 1892 1895 1917 1970 2014,CCCOC1=C(C=C(C=C1)C(=O)NCC(C2=CSC=C2)N(C)C)OCC
219,C1=CC(=CC=C1NC(=O)COC(=O)C2=C(C(=CC(=C2)Br)Br)O)Br,41 80 145 147 167 191 202 254 650 695 728 807 833 843 875 901 909 1077 1152 1157 1281 1346 1380 1499 1602 1631 1649 1673 1750 1808 1816 1873 1881 1917 1932 1991 1997 2004,C1=CC(=CC=C1NC(=O)COC(=O)C2=C(C(=CC(=C2)Br)Br)O)Br
220,CC1=C(C=CC(=C1)OC)S(=O)(=O)NC(C)(C)CO,80 114 115 214 219 222 226 322 350 392 502 631 640 650 695 718 751 781 807 841 875 1034 1057 1152 1380 1391 1476 1536 1722 1750 1778 1796 1846 1873 1972,CC1=C(C=CC(=C1)OC)S(=O)(=O)NC(C)(C)CO
221,CCCC(=O)N(CC)[C@@H](CC(=O)N)C(=O)O,1 21 80 140 194 275 294 376 389 552 650 794 807 881 932 933 1057 1171 1216 1238 1290 1357 1438 1564 1830 1844 1861 1898 1917,CCCC(=O)N(CC)C(CC(=O)N)C(=O)O
222,C1=CC=C(C=C1)C2=NC(=CO2)CC(=O)NC3=CC=C(C=C3)OC(F)F,1 41 80 191 322 325 378 384 389 475 530 650 656 664 695 718 720 723 724 736 758 807 843 901 968 1047 1050 1077 1088 1152 1160 1199 1233 1380 1456 1666 1750 1756 1798 1816 1855 1873 1887 1917 1928,C1=CC=C(C=C1)C2=NC(=CO2)CC(=O)NC3=CC=C(C=C3)OC(F)F
223,C1CCC(C1)(CNC(=O)C2=CC(=CC(=C2)F)[N+](=O)[O-])CO,5 59 80 195 197 222 265 293 482 486 547 614 650 699 715 753 767 807 838 875 926 1028 1060 1077 1133 1152 1162 1195 1274 1380 1385 1388 1413 1563 1638 1670 1727 1809 1873 1917 1928 1963,C1CCC(C1)(CNC(=O)C2=CC(=CC(=C2)F)[N+](=O)[O-])CO
224,COC1=CC=C(C=C1)C2=NN([C@@H]3[C@H]2C(=O)N(C3=O)C4=CC=CC=C4)C5=CC=CC=C5,5 101 132 232 304 314 322 378 389 463 516 592 650 695 718 781 831 841 861 896 935 1019 1035 1049 1057 1061 1088 1160 1176 1199 1337 1380 1453 1536 1649 1686 1750 1825 1873 1953 1980,COC1=CC=C(C=C1)C2=NN([C@H]3[C@@H]2C(=O)N(C3=O)C4=CC=CC=C4)C5=CC=CC=C5
225,C1=CC=C(C(=C1)CC(C(=O)N)NC(=O)C2=CC3=C(C=C2)N=C(N3)C4=CC=NC=C4)F,1 64 79 80 117 119 140 180 343 373 378 383 486 491 526 552 648 650 699 736 807 875 961 1032 1068 1088 1097 1099 1102 1114 1152 1160 1171 1199 1208 1212 1349 1380 1385 1435 1454 1597 1603 1609 1642 1697 1698 1745 1750 1812 1840 1855 1866 1873 1917 1928,C1=CC=C(C(=C1)CC(C(=O)N)NC(=O)C2=CC3=C(C=C2)N=C(N3)C4=CC=NC=C4)F
226,CCCNCC(COCC1CC1)C2=CC(=CC=C2)F,1 29 80 118 201 230 294 343 369 606 634 667 695 699 794 814 859 875 926 1004 1019 1039 1057 1088 1128 1136 1152 1325 1365 1380 1487 1581 1605 1624 1670 1671 1699 1750 1759 1873 1928 1971 1992,CCCNCC(COCC1CC1)C2=CC(=CC=C2)F
227,C[C@H]([C@@H](C(=O)N[C@@H](C)C(=O)O)NC(=O)C[C@@H]1CCC(=O)N1CC2=C(C(=CC=C2)F)F)OC,1 41 80 117 121 194 210 283 314 389 573 650 695 699 798 807 841 918 926 935 989 1000 1004 1019 1032 1039 1057 1064 1082 1088 1118 1152 1189 1230 1246 1325 1349 1351 1380 1420 1445 1460 1517 1552 1594 1597 1666 1691 1738 1750 1765 1775 1796 1800 1804 1840 1844 1873 1917 1928 1961,CC(C)C(=O)NC(C(C)OC)C(=O)NC(C)C(=O)O
228,CC(C)OC1=CC=CC(=N1)C(=O)NC2=CC=C(C=C2)C(=O)NC(C)C(=O)O,1 104 117 191 283 378 389 471 486 555 650 664 695 740 807 843 846 855 989 1039 1057 1064 1077 1088 1102 1152 1246 1348 1380 1385 1570 1665 1683 1697 1750 1810 1816 1822 1844 1855 1873 1917 1978,C[C@@H](C(=O)O)NC(=O)C1=CC=C(C=C1)NC(=O)C2=NC(=CC=C2)OC(C)C
229,C[C@@]1(C[C@H]1NC2=NC=NC3=C2C=C(C=C3)S(=O)(=O)C)OC,57 80 269 319 349 350 378 489 629 650 679 692 695 708 715 841 875 926 960 961 983 1019 1057 1060 1097 1152 1157 1173 1226 1255 1274 1276 1357 1367 1380 1424 1452 1476 1589 1667 1750 1786 1810 1873 1971,CC1(CC1NC2=NC=NC3=C2C=C(C=C3)S(=O)(=O)C)OC
230,CCCC(C1=CC=CC=C1)NC(=O)C2=C(C=CC(=C2)N)Br,1 46 80 117 291 294 389 486 560 647 650 728 739 742 794 807 833 875 887 888 1057 1088 1152 1168 1171 1199 1225 1314 1365 1380 1457 1465 1581 1631 1750 1803 1824 1873 1917 1991 2006,CCCC(C1=CC=CC=C1)NC(=O)C2=C(C=CC(=C2)N)Br
231,[2H]C([2H])([2H])N1C2=C(C3=C1[N+]4=C(N3C)C5=CC=CC=C5C4)N=CC=C2,15 18 45 85 154 200 273 318 352 378 448 463 504 564 926 935 984 1043 1057 1070 1088 1145 1199 1236 1275 1285 1298 1380 1440 1452 1482 1488 1552 1616 1643 1695 1708 1724 1725 1750 1866 1873 1939 2012,CN1C2=C(C3=C1C4=[N+](CC5=CC=CC=C54)C6=NC=CC7=C6C=CC=N7)N=CC=C2
232,CC1=CC(=NO1)C(=O)N2CC3(CC2CC(C3)(C)C)C,75 102 113 173 242 248 305 377 378 492 522 563 602 605 650 656 679 807 855 875 926 935 1019 1057 1060 1184 1274 1334 1380 1398 1487 1504 1542 1722 1742 1792 1873 1905 1910 1917,CC1=CC(=NO1)C(=O)N2CC3(CC2CC(C3)(C)C)C
233,CC1CC2=CC=CC=C2N1C(=O)C3=CC4=C(O3)C=CC5=CC=CC=C54,203 231 238 368 482 567 641 650 656 666 734 807 875 926 935 964 1019 1057 1087 1088 1104 1171 1199 1236 1295 1309 1357 1380 1498 1504 1573 1604 1647 1651 1679 1693 1708 1750 1754 1756 1808 1810 1855 1873 1917,CC1CC2=CC=CC=C2N1C(=O)C3=CC4=C(O3)C=CC5=CC=CC=C54
234,CC1=C(C(=NO1)C)C2=CC3=C(C(=C2)Br)N(C(=O)N3)C,92 119 248 314 322 378 461 564 650 656 728 758 833 835 875 935 987 1057 1114 1145 1160 1230 1325 1366 1380 1440 1542 1572 1631 1637 1694 1722 1745 1747 1822 1848 1858 1873 1920,CC1=C(C(=NO1)C)C2=CC3=C(C(=C2)Br)N(C(=O)N3)C
235,CC(C)CCCCCCNC1CCN(CC1)CC(F)(F)F,1 80 114 213 283 406 592 667 739 926 935 1019 1054 1057 1143 1147 1152 1168 1261 1283 1298 1325 1453 1480 1569 1634 1749 1791 1811 1847 1860 1911 1928 1943 2007,CC(C)CCCCCCCCCCCCCNC1CCN(CC1)CC(F)(F)F
236,CC1=CC(=C(C=C1N)F)OCCC(=O)OC,13 14 80 139 195 281 422 642 650 695 699 728 807 841 875 910 1057 1152 1171 1361 1380 1386 1391 1452 1457 1518 1564 1722 1840 1873 1917 1919 1928 1945 1970,CC1=CC(=C(C=C1N)F)OCCC(=O)OC
237,CCCOC1=CC(=C(C=C1C)Br)C#N,13 76 80 294 361 674 695 728 790 794 833 870 875 990 1039 1057 1111 1136 1250 1380 1384 1391 1452 1518 1631 1722 1724 1862 1873 1970,CCCOC1=CC(=C(C=C1C)Br)C#N
238,C1=C(N=C(C(=C1OC(F)(F)F)C(F)F)C(F)(F)F)CN,1 25 80 114 137 378 548 549 579 695 724 757 809 861 875 921 981 999 1050 1149 1171 1218 1343 1380 1405 1409 1453 1605 1626 1748 1855 1873 1928 1970,C1=C(N=C(C(=C1OC(F)(F)F)C(F)F)C(F)(F)F)CN
239,[B-](COC1=CC=CC=C1OC(F)(F)F)(F)(F)F,80 114 197 411 548 695 736 854 1088 1149 1199 1380 1409 1410 1414 1452 1453 1605 1740 1750 1821 1822 1873 1928 1970 1991,[B-](COC1=CC=CC=C1OC(F)(F)F)(F)(F)F
240,CC(C1=CC=CC=C1[N+](=O)[O-])NCCC2=CC=NN2C,1 43 80 95 164 237 283 354 378 507 581 650 656 667 710 715 716 753 782 838 935 1057 1088 1105 1145 1152 1173 1187 1195 1199 1243 1334 1380 1402 1530 1627 1750 1756 1866 1873 1933 1963 2006,CC(C1=CC=CC=C1[N+](=O)[O-])NCCC2=CC=NN2C
241,CC1=CC=CC=C1CN(CCOC)C(=O)[C@@H]2CC3=C(C=C(C=C3)OC)OC2,13 66 80 110 123 231 253 322 441 466 486 507 510 517 650 656 695 718 781 788 807 831 841 875 881 926 974 978 1005 1010 1019 1057 1088 1199 1236 1322 1348 1349 1371 1380 1391 1536 1597 1614 1722 1750 1807 1873 1905 1917 1923 1951 1972 1980 1999,CC1=CC=CC=C1CN(CCOC)C(=O)C2CC3=C(C=C(C=C3)OC)OC2
242,COC1=CC=C(C=C1)/C=N/N2C(=NNC2=S)C3=NC=CN=C3,25 74 97 214 270 322 328 346 378 544 694 695 718 725 781 803 831 841 864 935 980 1057 1071 1113 1114 1125 1192 1353 1380 1452 1535 1536 1586 1603 1717 1722 1750 1767 1801 1806 1866 1873 1985 2004 2033,COC1=CC=C(C=C1)/C=N\N2C(=NNC2=S)C3=NC=CN=C3
243,CC1=CC(=CC=C1)N2C(=CC(=N2)C(C)(C)SC)NC(=O)N,114 116 140 277 319 368 378 392 394 416 650 679 755 807 819 875 878 935 944 998 1013 1036 1039 1049 1055 1057 1088 1152 1170 1171 1380 1526 1722 1750 1770 1799 1816 1823 1825 1852 1873 1917 1947 1956,CC1=CC(=CC=C1)N2C(=CC(=N2)C(C)(C)SC)NC(=O)N
244,C[C@H](C(=O)N[C@](C)(C#N)C(C)C)OC(=O)C1=C(C=CC(=C1)[N+](=O)[O-])Cl,1 45 69 110 114 145 231 263 283 354 366 383 392 561 573 605 650 666 670 674 695 715 753 790 807 838 848 849 875 964 1057 1117 1152 1195 1269 1274 1317 1366 1380 1384 1431 1683 1750 1809 1814 1873 1917 1940 1963 1991,CC(C)C(C)(C#N)NC(=O)C(C)OC(=O)C1=C(C=CC(=C1)[N+](=O)[O-])Cl
245,C1CN(CCC1N2CCC3=CC=CC=C32)C4CN5C(=O)C6=CC=CCC46C5=O,61 177 187 255 284 307 314 356 373 593 650 684 700 739 774 847 862 879 926 935 987 1019 1060 1088 1125 1128 1162 1197 1199 1236 1240 1249 1295 1325 1380 1457 1459 1480 1647 1668 1708 1738 1750 1760 1761 1830 1854 1873 1888 1894 1910 1965,C1CN(CC1N2CCC3=CC=CC=C32)C4CN5CCC6=CC=CC=C6N5C47CC=CC7
246,CC1=CC=C(O1)C2=C3C(C(SC3=NC(=N2)NCCN4CCOCC4)C(=O)N)N,58 61 80 88 121 140 172 299 312 323 378 427 438 442 523 538 650 656 667 675 714 755 807 871 926 935 950 1019 1057 1075 1086 1145 1152 1171 1197 1212 1380 1405 1416 1441 1443 1480 1482 1582 1604 1624 1648 1654 1722 1742 1750 1791 1832 1849 1855 1873 1884 1917 1937 1961,CC1=CC=C(O1)C2=C3C(C(SC3=NC(=N2)NCCN4CCOCC4)C(=O)N)N
247,CC(C)C1=NC2=C(C(=N1)C3N(C=CS3)C)SC=C2,1 14 92 131 171 203 207 283 297 302 339 378 511 554 598 675 920 935 986 1019 1057 1097 1129 1145 1294 1311 1380 1516 1548 1567 1653 1750 1775 1820 1840 1855 1873 1888 2021,CC(C)C1=NC2=C(C(=N1)C3N(C=CS3)C)SC=C2
248,CCC(C)C1=CC=[N+](C=C1)CC2=CC(=C(C=C2)O)O,1 80 157 179 193 283 294 310 315 347 463 502 589 604 807 813 875 925 1003 1057 1139 1288 1307 1357 1365 1380 1475 1544 1602 1607 1750 1754 1873,CCC(C)C1=CC=[N+](C=C1)CC2=CC(=C(C=C2)O)O
249,CC1=CC(=CC=C1)CCC2C3=C(CCCC3)CCN2,5 80 87 104 115 305 310 400 609 832 835 875 916 926 947 1013 1019 1028 1039 1055 1057 1066 1070 1088 1114 1204 1243 1380 1507 1717 1722 1738 1750 1754 1803 1823 1873 1949,CC1=CC(=CC=C1)CCC2C3=C(CCCC3)CCN2
250,COC1=C(C=CC(=C1)Cl)C(CO)NC(=O)OCC2C3=CC=CC=C3C4=CC=CC=C24,1 78 80 117 147 150 165 216 222 237 249 291 301 352 365 371 388 482 541 561 650 695 805 807 816 841 875 905 984 1019 1027 1057 1088 1136 1152 1199 1297 1376 1380 1390 1536 1589 1683 1750 1758 1762 1873 1917 1924 1970,COC1=C(C=CC(=C1)Cl)[C@@H](CO)NC(=O)OCC2C3=CC=CC=C3C4=CC=CC=C24
251,CC1=CC(=CN=C1Cl)NC(=O)COC2=CC=CC(=C2)OC,29 41 80 167 191 192 322 339 378 561 562 650 695 781 807 841 875 876 901 1031 1039 1057 1088 1152 1380 1391 1410 1452 1501 1535 1536 1683 1722 1750 1816 1841 1873 1887 1898 1917 1972 2004 2032,CC1=CC(=CN=C1Cl)NC(=O)COC2=CC=CC(=C2)OC
252,COC1=CC(=C(C=C1)C2=NN(C(=S)O2)CN3CCC(=CC3)C4=CC=CC=C4)OC,80 97 158 160 168 249 296 322 352 363 378 389 635 637 656 680 695 718 736 781 841 875 926 935 1047 1057 1074 1084 1088 1107 1160 1199 1221 1281 1333 1355 1380 1480 1509 1526 1536 1540 1545 1604 1717 1738 1750 1781 1791 1795 1823 1873 1956 1970 1972,COC1=CC(=C(C=C1)C2=NN(C(=S)O2)CN3CCC(=CC3)C4=CC=CC=C4)OC
253,COC1=CC=C(C=C1)[C@H]2CC3=C([C@H](NC4=CC=CC=C4N3)C5=CC(=C(C(=C5)OC)OC)OC)C(=O)C2,211 227 231 249 257 282 300 301 314 322 333 650 651 695 718 751 771 781 831 841 875 926 961 1019 1057 1060 1088 1114 1158 1169 1199 1214 1279 1380 1419 1470 1488 1536 1582 1599 1632 1637 1750 1803 1873 1892 1943 1970 1982 2000,COC1=CC=C(C=C1)C2CC3=C(C(NC4=CC=CC=C4N3)C5=CC(=C(C(=C5)OC)OC)OC)C(=O)C2
254,CC1=CC=C(C=C1)NC2=NC(=NC(=N2)NC3=CC=CC=N3)NC4=CC=CC=N4,191 235 315 378 448 491 843 934 993 1057 1088 1099 1152 1155 1184 1199 1380 1452 1524 1582 1586 1722 1750 1823 1855 1866 1873 1910 1920 1955,CC1=CC=C(C=C1)NC2=NC(=NC(=N2)NC3=CC=CC=N3)NC4=CC=C(C=C4)C
255,CCC1=C(C(=CC=C1)CC)N2C[C@@H](CC2=O)C(=O)O,80 94 146 231 294 314 389 650 739 798 807 926 935 974 1019 1039 1057 1082 1088 1137 1250 1349 1380 1431 1457 1530 1597 1750 1763 1799 1873 1907 1917 1972,CCC1=C(C(=CC=C1)CC)N2CC(CC2=O)C(=O)O
256,CC1=NN(C(=C1CN2CCC(CC2)COC3=CC=C(C=C3)OC)OC)C,29 54 80 92 102 322 374 378 394 695 718 749 781 784 800 831 841 859 926 935 1011 1019 1057 1105 1136 1145 1261 1325 1342 1380 1449 1452 1480 1536 1703 1722 1750 1765 1791 1838 1873 1943 1956 2034,CC1=NN(C(=C1CN2CCC(CC2)COC3=CC=C(C=C3)OC)OCC4CCN(CC4)CC5=C(N(N=C5C)C)OCC6CC6)C
257,CCOC(=O)C12C/C(=C\C)/CN1C(=O)C3=CC=CC=C3NC2=O,80 142 147 294 314 317 352 507 650 694 695 713 714 746 780 807 833 844 879 926 935 940 984 985 1057 1060 1068 1088 1114 1199 1227 1234 1238 1380 1441 1446 1452 1470 1487 1722 1750 1782 1811 1873 1917 1946 1982 1996,CCOC(=O)C12C/C(=C/C)/CN1C(=O)C3=CC=CC=C3NC2=O
258,CC(C)C1=NC(=NO1)CCN(C2CCN(C2)C(=O)CC3=CC(=CC=C3)OC)C(=O)C,1 33 80 186 245 248 283 301 322 325 378 404 526 559 562 598 650 652 656 678 695 739 781 807 809 841 875 881 883 926 935 947 966 1009 1017 1019 1039 1057 1066 1088 1243 1308 1325 1343 1348 1380 1395 1400 1480 1536 1542 1588 1735 1750 1754 1822 1855 1866 1873 1917 1951 1972 2009 2023 2043,CC(C)C1=NC(=NO1)CCN(C2CCN(C2)C(=O)CC3=CC(=CC=C3)OC)C(=O)C
259,CN(CC(=O)NC1=C(C=CC(=C1)C(=O)OC)C(=O)OC)S(=O)(=O)C2=CC=C(S2)Cl,41 58 67 80 145 162 213 268 329 350 469 510 527 536 561 576 650 675 695 807 815 841 875 881 898 906 936 1057 1097 1105 1152 1158 1163 1190 1224 1380 1385 1476 1521 1561 1582 1683 1697 1715 1750 1816 1873 1917 1948 1991,CN(CC(=O)NC1=C(C=CC(=C1)C(=O)OC)C(=O)OC)S(=O)(=O)C2=CC=C(S2)Cl
260,CCN(C1=CC=CC2=C1NC(=C2)C3=NC=C(S3)CN(CC(C)C)C4CC4)S(=O)(=O)C5=CC=CS5,1 14 80 100 149 162 184 241 283 294 350 378 383 507 567 588 650 656 661 675 804 809 815 875 877 881 926 932 992 1019 1039 1057 1087 1088 1114 1115 1125 1154 1168 1195 1324 1325 1326 1362 1380 1452 1476 1521 1530 1535 1567 1594 1684 1695 1719 1745 1750 1836 1847 1849 1855 1860 1865 1873 1934 1997 2002 2018,CCN(C1=CC=CC2=C1NC(=C2)C3=NC=C(S3)CN(CC(C)C)C4CC4)S(=O)(=O)C5=CC=CS5
261,CC(C(=O)NC1=CC=C(C=C1)C(=O)O)N2C(=O)/C(=C/C3=CC=C(C=C3)OC)/SC2=S,1 25 38 97 106 191 215 273 281 283 314 322 389 456 573 650 670 675 694 695 708 718 781 807 831 841 843 863 879 929 935 1027 1057 1077 1138 1152 1380 1385 1411 1536 1664 1697 1717 1750 1773 1778 1816 1873 1904 1917 2033 2035 2044,CC(C(=O)NC1=CC=C(C=C1)C(=O)O)N2C(=O)/C(=C/C3=CC=C(C=C3)OC)/SC2=S
262,CC1=CC=C(C=C1)C(CC2=C(C=CN=C2)N)NC,1 79 80 82 170 235 283 291 378 910 1057 1070 1152 1171 1208 1349 1365 1380 1430 1449 1457 1465 1535 1586 1603 1722 1750 1801 1823 1853 1866 1873 1907 1920 1923,CC1=CC=C(C=C1)C(CC2=C(C=CN=C2)N)NC
263,C[C@H](C1=CN=CC=C1)C(=O)N2CCC[C@H]2C(=O)O,1 108 186 193 242 283 321 354 378 389 437 446 488 531 593 650 807 900 926 935 1019 1028 1043 1057 1088 1325 1365 1380 1424 1431 1480 1535 1581 1583 1586 1603 1608 1750 1866 1873 1917,CC(C1=CN=CC=C1)C(=O)N2CCCC2C(=O)O
264,C1=CC(=CC=C1C(=O)C2=CC=C(C=C2)NCCO)NCCO,9 62 80 105 191 222 473 650 667 723 807 843 1152 1380 1385 1416 1690 1697 1750 1775 1873 1917 1928,C1=CC(=CC=C1C(=O)C2=CC=C(C=C2)NCCO)NCCO
265,CCCC(=O)OC1=C(C=C(C=C1OC)CCC2=[N+](C3=CC=CC=C3S2)C)OC,80 89 162 185 204 205 249 294 333 343 450 461 463 499 650 673 675 695 794 807 818 841 875 885 983 1027 1038 1057 1084 1088 1130 1199 1243 1346 1357 1380 1386 1499 1536 1564 1582 1729 1750 1754 1873 1892 1917 1970,CCCC(=O)OC1=C(C=C(C=C1OC)CCC2=[N+](C3=CC=CC=C3S2)C)OC
266,C[C@@]1(CCS(=O)(=O)C1)NC(=O)CN(C)C2=CC3=CC=CC=C3C=C2,41 80 104 203 207 265 322 344 469 578 598 614 636 650 700 807 822 873 875 881 926 960 989 1057 1060 1087 1088 1096 1101 1152 1162 1163 1190 1199 1274 1362 1380 1550 1638 1683 1744 1750 1816 1855 1873 1917,CC1(CCS(=O)(=O)C1)NC(=O)CN(C)C2=CC3=CC=CC=C3C=C2
267,CC(C1=CC2=C(C=C1)OCCO2)NC(C)C3=CSC=N3,1 2 78 283 302 378 441 501 532 550 552 656 675 738 872 875 926 950 979 1035 1057 1152 1200 1209 1365 1380 1452 1529 1627 1647 1727 1750 1769 1853 1860 1873 1905 1991 2029,CC(C1=CC2=C(C=C1)OCCO2)NC(C)C3=CSC=N3
268,CC1=CC(=CC(=C1)NC2=NC=CC(=N2)C(F)(F)F)C3=CN(N=C3)CC4=CN=NC=C4,43 80 114 191 236 281 313 319 378 458 464 491 493 747 749 787 798 809 875 895 935 943 945 1057 1081 1152 1160 1221 1380 1396 1433 1434 1452 1453 1535 1582 1586 1592 1612 1625 1722 1750 1752 1754 1765 1778 1819 1823 1855 1866 1873 1897 1928 1950 1953 1970,Cc1cc(Nc2nccc(n2)C(F)(F)F)cc(c1)c1cnn(Cc2ccnnc2)c1
269,CS(=N)(=N)CCS,80 229 350 420 481 516 623 652 692 745 907 1057 1459 1752,CS(=N)(CCS)S(C)(CCS)CS(C)(CCS)CCS
270,COC(=O)[C@H]1CC[C@H](C1)NC2=C(C=CC3=C2CCN3)[N+](=O)[O-],9 42 74 77 107 305 354 361 377 381 534 650 695 715 716 753 807 812 838 841 898 926 968 974 1019 1057 1114 1152 1195 1221 1233 1292 1325 1348 1380 1449 1454 1523 1589 1634 1738 1750 1797 1866 1873 1917 1963 1982,COC(=O)C1CCC(C1)NC2=C(C=CC3=C2CCN3)[N+](=O)[O-]
271,CC(C)(C)OC(=O)NCC(C1CC1)NC2CCC3=C2N=CC=C3,1 80 114 197 231 378 392 448 589 606 635 650 654 695 713 726 807 826 915 926 1019 1040 1043 1057 1088 1092 1129 1152 1236 1303 1325 1355 1380 1423 1446 1452 1574 1691 1708 1738 1750 1758 1812 1859 1866 1873 1917 1978 2000 2009,CC(C)(C)OC(=O)NCC(C1CC1)NC2CCC3=C2N=CC=C3
272,CC1=CC(=C(C=C1)OC(F)F)NC(=O)C2=CC=NN2CC(=O)O,1 43 80 94 158 235 307 314 366 378 389 486 488 592 650 656 664 695 723 725 733 807 859 875 935 947 1013 1050 1057 1058 1152 1224 1261 1291 1312 1380 1456 1488 1722 1737 1750 1816 1823 1866 1873 1917 1928 1970,CC1=CC(=C(C=C1)OC(F)F)NC(=O)C2=CC=NN2CC(=O)O
273,CC1=CC(=NO1)OCC(=O)N(CC(=O)OC)C(C)C,1 4 80 195 248 283 378 381 384 407 546 650 656 695 807 841 843 875 881 1057 1152 1184 1190 1238 1380 1386 1398 1452 1476 1542 1570 1648 1722 1742 1766 1861 1873 1917 1967 1984 2004,CC1=CC(=NO1)OCC(=O)N(CC(=O)OC)C(C)C
274,C1=CC(=C(C=C1C(F)(F)F)Cl)NC(=O)C2=CC=C(O2)C3=C(C=C(C=C3)Cl)Cl,114 121 165 216 272 310 352 366 379 486 561 562 650 656 680 807 809 816 841 875 888 947 1041 1152 1209 1224 1260 1380 1417 1453 1522 1604 1632 1665 1666 1683 1750 1754 1816 1856 1873 1917 1928 1937 1979,C1=CC(=C(C=C1C(F)(F)F)Cl)NC(=O)C2=CC=C(O2)C3=C(C=C(C=C3)Cl)Cl
275,C1C(C2=CC=CC=C2S1)C(=O)CC3=CC(=C(C=C3)Cl)Cl,4 80 140 157 206 310 325 366 371 397 494 561 650 666 675 807 815 875 926 949 950 1019 1027 1088 1199 1380 1402 1464 1554 1683 1706 1713 1750 1754 1822 1828 1873 1917 1949,C1C(C2=CC=CC=C2S1)C(=O)CC3=CC(=C(C=C3)Cl)Cl
276,CC(C)CN1C(=O)N2C[C@H]3CC[C@H](N3C(=O)C4=NC=NC=C4)CC2=N1,1 36 80 158 183 231 255 283 314 338 359 378 421 489 632 650 739 753 771 781 807 855 857 891 926 935 981 1019 1057 1075 1144 1208 1264 1325 1380 1452 1496 1504 1538 1539 1603 1750 1753 1784 1847 1866 1873 1910 1917 1922 1956 1978 2029,CC(C)Cn1nc2CC3CCC(Cn2c1=O)N3C(=O)c1ccncn1
277,C1CC1(C2=NC=C(C=C2)Br)C(=O)O,17 67 154 184 292 378 389 595 650 728 807 909 914 926 1060 1086 1157 1162 1220 1296 1380 1452 1535 1631 1750 1794 1873 1917,C1CC1(C2=NC=C(C=C2)Br)C(=O)O
278,C1C(=O)NC2=C(O1)C=CC(=C2)C(C3=CC=CS3)Cl,1 14 241 287 314 383 441 459 543 609 625 650 656 675 690 873 875 914 926 941 971 1035 1060 1088 1114 1365 1380 1567 1575 1646 1683 1708 1750 1774 1811 1853 1873 1905 1934 1982 2026,C1C(=O)NC2=C(O1)C=CC(=C2)C(C3=CC=CS3)Cl
279,CC1(CCCC1NC(=O)C2=CC(=CC=C2)OCC3=CN=CC=C3)CO,80 99 107 222 300 310 322 378 387 437 486 526 562 645 650 654 669 695 745 778 807 875 878 918 926 1019 1028 1039 1043 1057 1060 1066 1088 1152 1162 1216 1249 1274 1325 1380 1384 1385 1413 1424 1452 1501 1535 1586 1603 1750 1754 1784 1866 1873 1917 1985,C[C@]1(CCC[C@@H]1NC(=O)C2=CC(=CC=C2)OCC3=CN=CC=C3)CO
280,C1C(CN(C1=O)C2=CC(=C(C=C2)Br)C(=O)O)CO,29 80 94 144 222 231 233 307 314 389 456 650 728 739 742 798 807 833 875 876 926 935 952 997 1019 1047 1189 1225 1380 1457 1516 1631 1642 1750 1825 1873 1917 1961 1991,C1C(CN(C1=O)C2=CC(=C(C=C2)Br)C(=O)O)CO
281,COCC(=O)NC1=C(C=C(C=C1)N2[C@@H]([C@H](NC2=S)C3=CC=CC=N3)C4=CC=CN4C5=CC(=CC=C5)F)Cl,41 80 81 95 97 167 224 230 233 244 272 299 301 366 378 398 428 448 510 561 564 588 650 695 699 797 807 841 875 888 894 899 935 980 982 1005 1019 1039 1049 1057 1088 1101 1110 1114 1152 1155 1199 1224 1380 1420 1452 1487 1501 1506 1670 1683 1694 1712 1717 1750 1816 1825 1856 1866 1873 1893 1904 1917 1922 1928 1948 1979 1980 2004,COCC(=O)NC1=C(C=C(C=C1)N2C(C(NC2=S)C3=CC=CN3C4=CC(=CC=C4)F)C5=CC=CC=N5)Cl
282,C1CCC(C(=O)CC1)CN2CCC(C2)CO,2 29 80 87 222 310 314 370 479 650 739 800 807 890 906 908 926 935 1019 1028 1075 1112 1261 1325 1380 1480 1485 1516 1611 1738 1763 1791 1961 2008,C1CCCC(=O)C(CC1)CN2CCC(C2)CN3CCC(CC3)CO
283,C1=CC=C2C(=C1)C(=CS2)C(=O)NC3=C(C=NC=C3)F,103 378 461 486 552 650 675 699 807 847 862 864 885 886 917 947 1088 1152 1199 1208 1224 1235 1357 1380 1444 1535 1567 1573 1586 1603 1641 1750 1816 1827 1840 1866 1873 1917 1928 1991,C1=CC=C2C(=C1)C(=CS2)C(=O)NC3=C(C=NC=C3)F
284,CN1C(=O)C(=O)N(C1=O)CCOCCN,13 80 92 314 456 588 624 650 653 691 695 710 711 734 879 935 981 987 1057 1145 1155 1171 1380 1534 1840 1919 1992,CN1C(=O)C(=O)N(C1=O)CCOCCN2C(=O)C(=O)N(C2=O)CCOCCN
285,CC1=C(C=CC(=C1)OC)N\2C(=O)CS/C2=N\C(=O)NCCC3=CC(=CC=C3)C4=NN(C=N4)C5=CC=C(C=C5)OC(F)(F)F,30 80 104 114 142 145 157 197 217 233 264 314 317 322 378 548 561 647 650 667 675 695 718 725 736 751 781 798 807 828 841 859 864 875 880 926 932 935 991 1039 1057 1062 1066 1088 1113 1116 1149 1152 1160 1237 1243 1245 1285 1295 1296 1375 1380 1385 1391 1409 1452 1453 1455 1507 1536 1594 1636 1686 1722 1750 1754 1825 1828 1873 1915 1917 1928 1956 1972 2014,CC1=C(C=CC(=C1)OC)N\2C(=O)CS/C2=N\C(=O)NCCC3=CC(=CC=C3)C4=NN(C=N4)C5=CC=C(C=C5)OC(F)(F)F
286,C1=CC=C(C=C1)C(=O)N(CCO)NC(=O)CO,28 41 80 167 222 351 389 473 587 650 737 802 807 881 1088 1152 1199 1221 1380 1385 1488 1653 1664 1750 1808 1873 1914 1917 1951 1985,C1=CC=C(C=C1)C(=O)N(CCO)NC(=O)CO
287,CCN1CCC(CC1)NC(=O)/C=C/C2=CC(=C(C=C2)N3C=C(C=N3)Br)F,25 31 34 43 80 164 269 294 327 378 387 398 464 507 604 650 694 699 728 807 829 835 865 875 909 926 935 984 1019 1057 1152 1168 1181 1261 1295 1308 1325 1380 1455 1480 1508 1535 1631 1634 1655 1699 1743 1750 1791 1817 1840 1873 1915 1917 1928 2033 2041,CCN1CCC(CC1)NC(=O)/C=C/C2=CC(=C(C=C2)N3C=C(C=N3)Br)F
288,CC1CN(CCO1)C2N=CC=C(N2C3(C=CC=CC3C4=CC=NN4)C)NC5=CC=NC=C5,18 49 74 92 134 191 206 247 378 383 475 491 501 527 609 623 656 659 678 739 755 787 802 862 926 935 950 953 1019 1030 1038 1053 1057 1060 1074 1083 1114 1139 1146 1152 1208 1242 1249 1274 1307 1309 1380 1468 1480 1504 1524 1588 1590 1603 1660 1727 1742 1750 1854 1859 1866 1873 1883 2041,CC1CN(CCO1)C2/C=C\C=C\C(N3C(=CC=CC3(C)C)C=N2)NC4=CC=NC=C4
289,CC(C)N(CC(=O)O)C(=O)CCCC(C)(C)C,1 80 114 283 389 392 546 605 619 650 685 778 807 881 997 1057 1190 1238 1308 1438 1476 1564 1648 1737 1861 1911 1917 1950 1989,CC(C)N(CC(=O)O)C(=O)CCCC(C)(C)C
290,CC1CCCCCC1NC2=C(C(=NS2)N)C(=O)N,2 50 122 130 140 309 378 480 514 586 650 675 807 890 923 926 929 1019 1028 1048 1057 1141 1152 1171 1179 1309 1325 1380 1403 1457 1459 1472 1589 1859 1862 1870 1917 2036,CC1CCCCC1NC2=C(C(=NS2)N)C(=O)N
291,CCOC(=O)N1CCN(CC1)CC(=O)NC(C)C2=CC=CC3=CC=CC=C32,1 41 74 80 117 147 237 277 283 294 302 342 552 576 581 650 695 807 926 935 1039 1057 1065 1087 1088 1104 1152 1199 1238 1312 1357 1380 1480 1570 1573 1589 1627 1697 1722 1750 1791 1855 1873 1917 1920 2009,CCOC(=O)N1CCN(CC1)CC(=O)N[C@@H](C)C2=CC=CC3=CC=CC=C32
292,C1=CC=C(C(=C1)C(=O)C2=CC=CS2)C(=O)NC3=CC(=C(C(=C3)Cl)N)Cl,9 14 79 84 191 241 275 366 383 419 444 486 558 561 650 675 807 847 875 915 955 1088 1152 1171 1199 1373 1380 1447 1457 1567 1581 1673 1683 1750 1816 1873 1917 1975 1978 1991,C1=CC=C(C(=C1)C(=O)C2=CC=CS2)C(=O)NC3=CC(=C(C(=C3)Cl)N)Cl
293,C1=CC(=NC2=C1N=CC(=C2)C3=CNN=C3)NC4=NN=CS4,168 281 342 377 378 385 491 609 671 675 695 808 849 875 961 967 980 1097 1099 1114 1152 1160 1164 1200 1294 1336 1348 1380 1415 1452 1478 1487 1501 1535 1567 1630 1684 1750 1811 1855 1873 1879 1939,C1=CC(=NC2=CC(=CN=C21)C3=CNN=C3)NC4=NN=CS4
294,CCOCCC(=O)N/N=C(\C)/C1=CC(=CC=C1)[N+](=O)[O-],13 18 41 80 294 318 482 650 671 695 700 715 725 753 807 838 847 875 892 940 997 1002 1017 1039 1057 1088 1152 1187 1195 1238 1247 1274 1380 1385 1564 1610 1750 1755 1809 1873 1917 1940 1963 1985 1992,CCOCCC(=O)N/N=C(\C)/C1=CC(=CC=C1)[N+](=O)[O-]
295,CCN(C1=C(C=CC(=C1)Br)C(=O)O)C(C)C,1 67 80 256 283 294 389 456 650 728 759 766 807 875 881 909 932 1047 1057 1157 1233 1332 1380 1414 1476 1536 1631 1750 1873 1917 1991 2018 2020,CCN(C1=C(C=CC(=C1)Br)C(=O)O)C(C)C
296,C[C@H](C1=CC=CO1)NC(=O)COC(=O)CC2=CNC3=CC=CC=C32,1 41 80 117 119 147 152 264 283 296 325 328 364 429 474 552 650 656 688 695 787 806 807 1051 1057 1088 1114 1152 1199 1229 1233 1349 1357 1380 1386 1499 1573 1607 1627 1750 1783 1873 1879 1886 1917 1926 1937 2004 2012,C[C@H](C1=CC=CO1)NC(=O)COC(=O)CC2=CNC3=CC=CC=C32
297,COC1=C(C(=CC(=C1)/C=C\2/C(=O)N3C=C(N=C3S2)C4=CC=C(C=C4)C(=O)CCCCF)Cl)O,80 162 194 202 249 281 303 314 328 348 366 378 425 464 504 559 561 579 650 675 694 695 723 807 841 844 875 896 935 957 980 981 1057 1058 1160 1239 1267 1380 1385 1444 1451 1536 1564 1602 1618 1646 1683 1693 1697 1750 1828 1845 1855 1873 1911 1917 1918 1928 1969 1970 1971 1998 2021 2022 2033,COC1=C(C(=CC(=C1)/C=C\2/C(=O)N3C=C(N=C3S2)C4=CC=C(C=C4)C(=O)CCCCF)Cl)O
298,CC1=NOC(=C1)CN2CCN(CC2)C(=O)COC3=C(C=C(C=C3)Cl)Cl,8 74 80 94 165 216 222 248 366 378 561 607 650 656 695 697 760 784 807 816 875 926 935 991 1009 1057 1110 1187 1209 1322 1329 1380 1452 1480 1542 1589 1683 1722 1731 1750 1765 1791 1800 1873 1917 1934 1970 2004 2009 2044,CC1=NOC(=C1)CN2CCN(CC2)C(=O)COC3=C(C=C(C=C3)Cl)Cl
299,CC1=NN(C(=C1)Br)CC(C)C,1 76 80 158 283 378 728 875 935 1050 1057 1100 1363 1380 1539 1631 1722 1731 1738 1753 1786 1847 1873 1922 1956,CC1=NN(C(=C1)Br)CC(C)C
300,CCOC1=CC=CC=C1NC2=NN=C(S2)SCC(=O)N3CC4=CC=CC=C4CC3C(=O)OC,42 65 80 116 156 162 231 237 242 294 341 378 385 410 425 491 531 534 584 628 650 675 695 717 797 807 841 926 935 999 1007 1009 1019 1056 1057 1088 1108 1152 1159 1164 1199 1224 1236 1238 1380 1410 1414 1452 1527 1600 1614 1658 1696 1708 1750 1785 1873 1917 1946 1959 1967 1970,CCOC1=CC=CC=C1NC2=NN=C(S2)SCC(=O)N3CC4=CC=CC=C4C[C@H]3C(=O)OC
301,CC(C)(C)C1=CC(=CN(C(C)(C)CO)O)C=C(C1=O)C(C)(C)C,80 84 114 115 222 314 392 454 550 556 621 650 694 716 807 836 881 926 1057 1139 1183 1195 1339 1380 1390 1476 1518 1597 1863 1873 2008,CC(C)(C)C1=CC(=CN(C(C)(C)CO)O)C=C(C1=O)C(C)(C)C
302,C1CC2C(C(C2OC1)NC3=CC(=CC=C3)[N+](=O)[O-])N,71 191 221 361 362 418 533 622 650 656 703 715 753 802 838 875 926 937 950 1019 1023 1028 1039 1088 1152 1171 1195 1274 1286 1325 1380 1448 1468 1484 1589 1610 1614 1750 1756 1809 1832 1873 1940 1963,C1C[C@@H]2[C@H]([C@@H]2NC3=CC(=CC=C3)[N+](=O)[O-])OC1
303,CO[Si](C)(CCCC(=O)N)OCCCN,13 80 140 197 207 356 378 406 442 534 545 650 656 695 807 841 899 981 1057 1108 1171 1344 1474 1517 1564 1810 1840 1898 1911 1917,CO[Si](CCC(=O)N)(OCCCN)OCCC[Si](C)(OC)OCCC(=O)N
304,CCC1COC(N1)C(C)C2NC(CO2)C,1 80 128 134 283 294 296 388 548 656 707 802 926 973 1019 1057 1114 1172 1309 1433 1454 1530 1733 1793 1811 1923 2024 2045,CCC1COC(N1)C(C)C2NC(CO2)C
305,CCC1=C(NC(=N1)C(C2=CC=C(C=C2)OC)NC)C,1 65 80 173 294 322 378 394 632 692 695 718 781 831 841 884 908 936 1057 1075 1114 1152 1192 1365 1380 1390 1430 1536 1722 1745 1750 1799 1853 1855 1873 1897 1907 1987,CCC1=C(NC(=N1)C(C2=CC=C(C=C2)OC)NC)C
306,CC1=CC2=C(C=C1)N(C(=O)N(C2=O)C3=CC=CC(=C3C)C)CC(=O)NC4CC4,9 41 45 80 235 252 314 387 504 650 771 796 802 807 875 892 926 935 1010 1013 1019 1039 1057 1088 1110 1152 1239 1295 1312 1325 1357 1362 1380 1391 1590 1594 1602 1614 1634 1647 1655 1722 1750 1811 1817 1823 1873 1917 1993 1999 2021,CC1=CC2=C(C=C1)N(C(=O)N(C2=O)C3=CC=CC(=C3C)C)CC(=O)NC4CC4
307,C1CN(C(=O)C1NC2=NN3C(=NN=C3C(F)(F)F)C=C2)CCCC4=CC=CC=C4,5 80 114 148 202 301 314 325 378 389 399 412 430 649 650 760 809 819 824 896 926 935 951 967 978 1019 1045 1066 1088 1089 1099 1139 1145 1152 1164 1199 1243 1325 1363 1380 1422 1438 1453 1480 1589 1712 1750 1754 1873 1911 1928 1956 1957 2000 2028,C1CN(C(=O)C1NC2=NN3C(=NN=C3C(F)(F)F)C=C2)CCCC4=CC=CC=C4
308,COC1=CC=CC(=C1)NC(=O)NC2=CC3=C(C=C2)OC4=C(C=C(C=C4)Cl)NC3=O,56 165 184 191 216 314 315 322 352 361 527 561 562 650 656 695 703 781 807 816 841 843 875 1035 1039 1057 1060 1088 1114 1152 1292 1380 1410 1498 1536 1657 1683 1750 1774 1783 1797 1810 1816 1873 1898 1905 1917 1972 1982 1989 1990,COC1=CC=CC(=C1)NC(=O)NC2=CC3=C(C=C2)OC4=C(C=C(C=C4)Cl)NC3=O
309,CN1CCC(CC1)N(C)C(=O)C2=CC=CC=C2/C=C/C(=O)NO,31 207 233 260 327 405 441 464 472 650 694 807 809 835 878 881 926 935 945 961 993 1019 1057 1088 1145 1152 1163 1181 1199 1221 1236 1323 1325 1380 1447 1480 1487 1631 1720 1750 1873 1917 1991 2043,CN1CCC(CC1)N(C)C(=O)C2=CC=CC=C2/C=C/C(=O)NO
310,C1CC2=C(C1)C=C(C=C2)C(=O)CCC(=O)OCC(=O)NC3=C(OC4=CC=CC=C43)C#N,41 61 67 80 147 167 242 264 368 381 433 556 650 656 674 677 679 695 790 807 875 892 926 1028 1062 1088 1128 1136 1152 1199 1236 1244 1327 1334 1357 1380 1384 1385 1386 1423 1451 1499 1564 1573 1578 1604 1693 1697 1731 1738 1750 1808 1816 1872 1873 1917 1980 2004,C1CC2=C(C1)C=C(C=C2)C(=O)CCC(=O)OCC(=O)NC3=C(OC4=CC=CC=C43)C#N
311,C1CCCCC2C(CCC1)C=C3N2CCCC3,2 310 489 581 634 684 788 848 860 890 918 926 927 935 946 1019 1028 1149 1325 1380 1480 1689 1738 1873 1934 1998,C1CCC2=CC3CCCCC3N2CC1
312,C[C@@H]1C(=O)N/C(=N\N=C/C2=CC(=CC=C2)OS(=O)(=O)C3=C(C=C(C=C3C)C)C)/S1,6 172 186 204 237 295 314 322 350 375 466 486 562 587 650 675 694 695 725 858 864 875 967 1019 1021 1034 1039 1042 1057 1060 1088 1114 1155 1241 1295 1309 1353 1380 1391 1394 1443 1476 1722 1750 1823 1824 1832 1873 1878 1895 1953 1976 2033,S(=O)(=O)(c1c(cc(cc1C)C)C)Oc1cc(/C=N/N=C\2/SC(C(=O)N2)C)ccc1
313,CC1=C(C=CC(=C1)S(=O)(=O)N2CCOCC2C(=O)OC)Br,42 319 336 350 354 367 422 523 531 534 555 650 656 695 715 728 782 800 807 811 833 841 875 926 935 950 1019 1057 1102 1152 1225 1296 1305 1380 1391 1441 1476 1480 1631 1722 1729 1750 1873 1917 1923 1967,CC1=C(C=CC(=C1)S(=O)(=O)N2CCOCC2C(=O)OC)Br
314,CC1CN(CC(O1)C2=CN(N=C2)COC)C3=NC(=C4C(=N3)N=C(S4)N(C)C)C5=C(C=C(C=C5)C(F)(F)F)F,43 71 80 114 131 154 162 173 203 206 264 323 352 378 401 407 423 464 566 600 656 675 680 695 699 739 747 751 809 841 852 854 875 881 907 926 935 964 990 1005 1008 1019 1033 1057 1072 1107 1159 1163 1221 1256 1260 1279 1309 1380 1381 1392 1417 1453 1507 1522 1535 1665 1700 1707 1750 1768 1840 1855 1873 1915 1921 1928 2032 2035,COCn1cc(cn1)C1CN(CC(C)O1)c1nc(c2ccc(cc2F)C(F)(F)F)c2sc(nc2n1)N(C)C
315,CC(=C)COC1=CC=CC=C1C2NC3=CC=CC=C3C(=O)N2C,80 301 314 352 371 650 695 807 878 879 935 978 984 1017 1019 1022 1027 1057 1088 1114 1145 1187 1195 1199 1288 1336 1366 1380 1410 1446 1448 1452 1470 1750 1844 1850 1873 1879 1889 1970 1978 1982 2004,CC(=C)COC1=CC=CC=C1C2NC3=CC=CC=C3C(=O)N2C
316,CC(C1=CC2=CC=CC=C2N1)N(C)C(=O)C3=C(C=C(C=C3)O)O,1 26 67 119 205 283 301 340 381 512 612 650 745 807 875 881 910 985 1044 1057 1087 1088 1114 1163 1181 1199 1221 1313 1380 1602 1607 1692 1745 1750 1783 1817 1819 1855 1873 1917 1983 1991,CC(C1=CC2=CC=CC=C2N1)N(C)C(=O)C3=C(C=C(C=C3)O)O
317,CC1=CC2=C(C=C1)S3(N(C2=O)CCN4CCCC4)OC(=O)C(=O)O3,31 80 116 142 148 207 235 314 352 445 588 650 656 712 725 798 875 879 926 935 975 1013 1028 1057 1088 1145 1155 1380 1422 1441 1480 1482 1722 1750 1790 1791 1823 1873 1948 1998 2033,CC1=CC\2=C(C=C1)SO/C2=N\N3C(=O)N(C(=O)C3=O)CCN4CCCC4
318,C[C@H](C(=O)NC(=O)NC(C)(C)C)N1CCC2(CC1)OCCO2,1 114 218 283 354 392 573 603 650 656 699 708 781 807 926 935 950 1017 1053 1057 1060 1119 1128 1152 1162 1265 1480 1518 1553 1561 1643 1657 1682 1686 1712 1917 1989,C[C@@H](C(=O)NC(=O)NC(C)(C)C)N1CCC2(CC1)OCCO2
319,C1=CC=C(C=C1)C(=O)NC2=CN(C=N2)CC3=CC(=CC=C3)Cl,9 80 165 216 261 378 389 404 464 486 561 592 650 725 744 807 875 932 935 978 1039 1066 1070 1088 1099 1152 1199 1373 1380 1385 1425 1452 1639 1665 1683 1750 1754 1765 1795 1816 1873 1917 1985,C1=CC=C(C=C1)C(=O)NC2=CN(C=N2)CC3=CC(=CC=C3)Cl
320,C1=CN(N=C1)C2=NN(C(=O)C=C2)CCNC(=O)C3=NOC(=C3)C4=CC=CO4,8 43 75 77 80 86 90 121 158 197 248 280 314 339 378 473 474 486 527 540 557 586 635 650 656 667 675 729 787 807 855 875 925 935 1006 1054 1088 1101 1141 1145 1152 1233 1244 1380 1455 1542 1659 1750 1777 1805 1866 1873 1917 1926 1956 2025,C1=CN(N=C1)C2=NN(C(=O)C=C2)CCNC(=O)C3=NOC(=C3)C4=CC=CO4
321,CC1CCC2(CC1)C(=O)N(C(=O)N2)C[NH+](CCOC)[C@H]3CCS(=O)(=O)C3,13 42 80 148 207 235 255 265 287 310 314 372 423 469 486 588 596 607 650 683 695 770 841 878 884 926 935 973 994 1005 1019 1057 1060 1114 1148 1162 1279 1309 1325 1345 1362 1380 1496 1559 1638 1811 1861 1873 2031 2045,CC1CCC2(CC1)C(=O)N(C(=O)N2)C[NH+](CCOC)[C@@H]3CCS(=O)(=O)C3
322,CC1CCCCC1OCCNCC2CCCC2,13 29 80 130 484 667 695 709 798 807 823 879 890 926 1001 1004 1019 1028 1057 1152 1309 1325 1457 1604 1682 1719 1779 1859 1893,CC1CCCCC1OCCNCC2CCCC2
323,COCC(C(=O)NC1CC2CCC1C2)N,1 13 80 118 130 215 373 387 573 585 650 695 712 786 807 812 841 926 995 1005 1019 1057 1152 1171 1269 1292 1325 1403 1446 1538 1568 1849 1917 2047,COCC(C(=O)NC1CC2CCC1C2)N
324,CC1CCCC1NC(=C)C(C)C,1 130 283 308 377 387 807 926 1019 1022 1028 1057 1063 1152 1309 1325 1349 1366 1403 1472 1859 1963 2029 2036,CC1CCCC1NC(=C)C(C)C
325,C1C[C@@H](CN(C1)C(=O)CSCC2CC2)C3=CC=C(C=C3)C(=O)O,29 67 80 106 116 292 351 369 389 446 456 529 650 678 739 807 926 935 953 1009 1019 1028 1138 1158 1243 1279 1325 1350 1380 1385 1480 1608 1671 1697 1750 1803 1873 1917 1943 1959 2000 2009,C1CC(CN(C1)C(=O)CSCC2CC2)C3=CC=C(C=C3)C(=O)O
326,C1=CC(=CC=C1CC(=O)OCC2=NC(=NO2)C3=CC=C(C=C3)Cl)Cl,61 80 147 152 168 216 248 310 325 378 561 650 656 695 745 807 816 896 913 917 1007 1070 1160 1349 1380 1385 1386 1542 1569 1626 1683 1750 1754 1837 1855 1873 1910 1917 2013,C1=CC(=CC=C1CC(=O)OCC2=NC(=NO2)C3=CC=C(C=C3)Cl)Cl
327,CC(C)(C)CC1CCCC(C1F)F,32 80 114 226 392 773 799 926 997 1019 1028 1057 1063 1082 1164 1208 1250 1325 1612 1700 1729 1830 1928,CC(C)(C)CC1CCCC(C1F)CC(C)(C)C2CCCC(C2F)F
328,C1=CC=C2C(=C1)N=CN2C3=NC4=C(C=CC(=C4)C5=NNN=N5)C6=C3C=CS6,14 45 130 131 289 378 554 564 568 661 675 704 798 848 875 896 897 932 935 963 1000 1088 1097 1104 1106 1114 1160 1164 1199 1245 1281 1285 1357 1380 1385 1416 1452 1478 1512 1567 1733 1750 1775 1855 1871 1873 1887 1897 1946 1978 2004,C1=CC=C2C(=C1)N=CN2C3=NC(=NC4=C3SC=C4)C5=CC6=C(C=C5)C7=NNN=N7
329,CCCCN1C(=C(C(=O)NC1=O)N(CCC(C)C)CC(=O)NC(C)C2=CC=C(C=C2)F)N,1 41 80 90 110 117 283 294 314 407 531 552 591 613 650 699 739 750 758 794 802 807 881 935 1000 1057 1066 1114 1145 1152 1171 1190 1365 1380 1410 1457 1469 1556 1570 1620 1627 1670 1687 1695 1739 1745 1750 1794 1847 1853 1860 1873 1882 1911 1917 1928 1929 1951,CCCCN1C(=C(C(=O)NC1=O)N(CCC(C)C)CC(=O)NC(C)C2=CC=C(C=C2)F)N
330,CCN1CCC2=NC3=CC=CC=C3C(=C2C1)C(=O)NC4=C(C(=C(O4)C)C(=O)C)C(=O)OCC,34 54 80 145 147 152 270 276 289 294 326 354 361 378 389 392 393 466 486 586 650 656 695 712 759 807 835 865 879 926 935 967 1017 1057 1088 1097 1152 1199 1238 1357 1380 1428 1438 1459 1480 1526 1573 1575 1604 1677 1722 1738 1750 1760 1791 1816 1820 1855 1873 1917 1946 1948,CCN1CCC2=NC3=CC=CC=C3C(=C2C1)C(=O)NC4=C(C(=C(O4)C)C(=O)C)C(=O)OCC
331,CC1=C(N=C(S1)CS(=O)(=O)N)C2=CC(=CC=C2)Br,5 80 89 162 313 323 350 378 384 485 607 650 675 728 736 766 875 909 1039 1056 1057 1088 1160 1171 1209 1290 1336 1380 1449 1476 1578 1607 1627 1631 1722 1750 1758 1855 1873,CC1=C(N=C(S1)CS(=O)(=O)N)C2=CC(=CC=C2)Br
332,CC1(C(CCC1(C)NC(=O)NC)NC2=C(C=NN3C2=CC(=C3)C4=CC=CC=C4)C(=O)N)C,40 43 45 140 182 262 309 344 345 378 381 389 411 464 470 490 615 650 736 764 799 807 866 875 920 926 935 1019 1027 1044 1057 1060 1088 1134 1152 1160 1162 1171 1196 1199 1274 1281 1325 1380 1424 1425 1430 1535 1589 1714 1750 1845 1873 1887 1917 1921 1957 1964 1989 1991,CC1(C)[C@@H](Nc2c(cnn3c2cc(c3)c2ccccc2)C(=O)N)CC[C@@]1(NC(=O)NC)C
333,C1=CC(=CC=C1CSC2=CC(=O)C(=C3N2NC=N3)C(=O)NCC(=O)O)F,80 90 116 165 197 243 260 310 314 339 341 378 389 390 463 486 586 610 623 650 699 713 717 762 807 875 935 1059 1114 1152 1205 1211 1380 1410 1440 1452 1457 1485 1490 1548 1670 1696 1737 1750 1754 1858 1873 1917 1928 1944 2035 2042,C1=CC(=CC=C1CSC2=CC(=O)C(=C3N2NC=N3)C(=O)NCC(=O)O)F
334,CCC1=CC=C(C=C1)C(C2CC3=CC=CC=C3C2)NCC,1 56 80 145 163 231 294 310 452 463 628 782 816 866 907 926 1019 1057 1088 1152 1199 1236 1365 1380 1479 1708 1726 1750 1754 1799 1853 1873 1978,CCC1=CC=C(C=C1)C(C2CC3=CC=CC=C3C2)NCC
335,COC1=C(C=C(C=C1)CNC(C2=NC=C(C3=NC(=NN32)C4=CC=CC=C4)C(=O)N)OC)OC,1 8 80 94 138 140 168 204 249 250 255 309 310 378 380 389 412 540 650 695 736 782 807 841 873 875 935 1027 1057 1088 1134 1152 1160 1171 1199 1210 1245 1257 1351 1359 1380 1385 1427 1452 1527 1535 1536 1653 1696 1750 1754 1779 1855 1872 1873 1917 1956 1970 1991 2001,COC1=C(C=C(C=C1)CNC(C2=NC=C(C3=NC(=NN32)C4=CC=CC=C4)C(=O)N)OC)OC
336,C[C@H](CC1=CN(C2=CC=CC=C21)C)C(=O)N[C@H](CC3=CN(C4=CC=CC=C43)C)C(=O)O,1 45 79 80 117 283 342 389 464 500 502 511 573 648 650 736 807 851 878 935 1057 1088 1145 1152 1199 1285 1349 1357 1380 1409 1433 1573 1624 1750 1760 1801 1844 1873 1875 1917 2016,CC(CC1=CN(C2=CC=CC=C21)C)C(=O)NC(CC3=CN(C4=CC=CC=C43)C)C(=O)O
337,CN(C)C1=NC=NC2=C1CCN(C2)C(=O)C3=CC4=C(C=C3)NC(=O)C(=O)N4,63 64 83 119 165 259 303 314 361 378 489 497 618 650 750 788 807 875 881 926 935 1057 1114 1163 1213 1380 1385 1452 1480 1504 1633 1657 1691 1697 1700 1731 1738 1745 1750 1810 1839 1854 1873 1917 1924 1939 1946 1948 1990 2009,CN(C)C1=NC=NC2=C1CCN(C2)C(=O)C3=CC4=C(C=C3)NC(=O)C(=O)N4
338,CC(C(=NO)N)N(C)C(=O)NC1CC1,1 9 91 108 140 193 283 343 387 408 426 512 650 725 779 807 881 897 926 1019 1050 1057 1152 1162 1163 1171 1278 1325 1634 1655 1917,CC(/C(=N/O)/N)N(C)C(=O)NC1CCC(CC1)NC(=O)N(C)C(C)/C(=N/O)/N
339,C[C@@H]1CCC[C@@](C1)(C(=O)NC2=CC(=C(C=C2)OC(C)C)C#N)OC,1 94 110 184 191 194 283 310 361 504 555 576 625 650 664 674 679 695 729 749 775 790 807 841 843 875 879 926 960 1019 1028 1057 1060 1136 1141 1148 1152 1162 1216 1309 1325 1380 1384 1411 1542 1750 1816 1837 1862 1873 1917 1970 1978,CC1CCCC(C1)(C(=O)NC2=CC(=C(C=C2)OC(C)C)C#N)OC
340,CC1=C([C@H](N2C(=O)CSC2=N1)C3=CC=C(C=C3)Cl)C(=O)OCC=C,80 145 147 157 204 216 314 378 561 650 675 694 695 798 807 816 859 898 926 927 931 935 940 1019 1057 1070 1169 1279 1285 1321 1366 1380 1419 1427 1477 1487 1539 1557 1581 1634 1645 1683 1722 1750 1778 1803 1822 1873 1917 1922 1955 1978,CC1=C(C(N2C(=O)CSC2=N1)C3=CC=C(C=C3)Cl)C(=O)OCC=C
341,C[C@]1(CN(CCO1)C(=O)CN2C=CC(=N2)C(F)(F)F)C(=O)NC,11 51 80 114 123 242 310 319 345 378 423 594 602 604 650 656 700 734 747 807 809 863 926 935 950 990 1009 1017 1046 1057 1060 1101 1152 1273 1274 1312 1313 1380 1430 1434 1437 1453 1480 1653 1750 1873 1917 1928 1956 2009,CNC(=O)C1(C)CN(CCO1)C(=O)Cn1ccc(n1)C(F)(F)F
342,CC(C1=CC=CC=C1NC2CC(C3=CC=CC=C23)N)O,1 3 227 237 283 371 411 581 587 807 829 926 1019 1027 1057 1088 1115 1152 1171 1199 1224 1292 1299 1380 1539 1589 1664 1696 1750 1777 1796 1832 1873 1906 2000,CC(C1=CC=CC=C1NC2CC(C3=CC=CC=C23)N)O
343,CCOC1=CC=C(C=C1)OC(C2CNCCO2)C3=CC=C(C=C3)C(F)(F)F,1 69 80 102 114 237 265 294 305 322 383 470 499 649 656 664 695 718 802 809 812 894 926 950 968 1019 1057 1114 1238 1260 1308 1365 1380 1406 1417 1452 1453 1665 1695 1750 1811 1853 1873 1928 1945 1946 1966,CCOC1=CC=C(C=C1)OC(C2CNCCO2)C3=CC=C(C=C3)C(F)(F)F
344,CCOC(=O)C1=C(C(=CC(=C1)[N+](=O)[O-])F)N2CC3C(C2)OCCN3C,80 145 146 147 212 294 407 413 441 486 546 650 656 667 676 695 699 715 739 753 759 802 807 811 838 875 926 935 950 964 1019 1057 1145 1195 1235 1238 1274 1380 1388 1480 1590 1673 1689 1722 1809 1819 1836 1840 1849 1873 1917 1928 1963 1991 1993,CCOC(=O)C1=C(C(=CC(=C1)[N+](=O)[O-])F)N2CCO[C@H](C2)[C@H]3CN(CCO3)C
345,CC(C(C1=CC=CC=C1)N)C(=O)NCC2=CC(=C(C=C2)OC)F,1 26 80 94 118 197 249 255 283 310 389 483 573 640 650 695 699 786 807 827 841 875 1057 1088 1152 1171 1199 1365 1380 1384 1518 1536 1573 1581 1750 1754 1779 1832 1840 1873 1917 1928 1945 1947 1970,C[C@H]([C@H](C1=CC=CC=C1)N)C(=O)NCC2=CC(=C(C=C2)OC)F
346,CC1=CC(=CC(=C1)OCC2=NC3=C(N2CC4CCCO4)C=CC(=C3)S(=O)(=O)N5CCOCC5)C,45 80 199 248 318 319 322 350 361 366 378 515 523 585 605 610 628 650 654 656 695 715 745 757 800 802 821 875 888 908 926 935 950 1019 1022 1028 1057 1097 1274 1325 1380 1391 1394 1405 1441 1452 1468 1476 1480 1615 1633 1722 1729 1750 1823 1855 1873 1912 1918 1953 2021,CC1=CC(=CC(=C1)OCC2=NC3=C(N2CC4CCCO4)C=CC(=C3)S(=O)(=O)N5CCOCC5)C
347,CC1=NC(=CS1)CN2CCN([C@H](C2)C3=CC=CC=C3OC)C(=O)C,74 80 117 187 242 249 371 378 552 587 650 665 675 695 724 739 807 841 918 925 926 935 1017 1019 1027 1057 1088 1199 1205 1209 1215 1300 1312 1372 1380 1389 1410 1480 1536 1567 1675 1682 1693 1722 1750 1765 1791 1855 1873 1917 1970 1973,COc1ccccc1C1CN(Cc2csc(C)n2)CCN1C(=O)C
348,C1CN(CCN1)CCNC(=O)C2=C(C=CC=C2Cl)[N+](=O)[O-],8 76 80 164 197 305 354 366 486 558 561 586 650 667 714 715 716 753 807 838 926 935 974 1039 1088 1114 1145 1152 1187 1195 1308 1380 1480 1482 1490 1516 1683 1750 1791 1873 1917 1963 1994 2020,C1CN(CCN1)CCNC(=O)C2=C(C=CC=C2Cl)[N+](=O)[O-]
349,C1CC2C(CCN2C1)N3C=CNC3=S,97 238 271 446 491 577 593 806 926 935 1019 1028 1101 1111 1114 1325 1345 1380 1388 1480 1506 1524 1668 1689 1700 1717 1801 1854 1873 1923,C1CC2C(CCN2C1)N3C=CNC3=S
350,COC1=CC2=C(CN(C2=O)CC3(C(=O)NC(=O)N3)C4CC5=C(O4)C=CC(=N5)C6=CN7C=CN=C7C=C6)C=C1,27 33 37 80 89 202 231 267 287 314 322 352 370 378 387 464 570 571 650 656 695 706 713 718 750 781 783 819 841 875 877 879 884 896 926 935 980 985 1019 1025 1035 1057 1059 1060 1089 1101 1114 1160 1185 1192 1206 1236 1267 1304 1341 1380 1452 1472 1536 1590 1699 1710 1748 1750 1813 1855 1866 1873 1905 1946 1948 1972 1974 1980 2012 2036,COC1=CC2=C(C=C1)OC(CC3=C2C=C(C=C3)OC)C4(C(=O)NC(=O)N4)CN5CC6=C(C5=O)C=C(C=C6)C7=CN8C=CN=C8C=C7
351,CC1=CC(=NN1)N=CC2=CC(=O)CC(C2)(C)C,74 84 242 314 315 339 378 394 399 650 692 694 725 864 867 875 892 926 940 942 943 956 1057 1060 1114 1274 1293 1301 1380 1431 1453 1487 1722 1730 1782 1873 1884 2004,CC1=CC(=NN1)N=CC2=CC(=O)CC(C2)(C)C
352,CC1=CC(=C(C=C1)C)C(C(CN)C2=CC(=C(C=C2)C)C)O,1 80 190 214 220 227 235 237 306 503 653 807 875 981 1013 1057 1120 1171 1273 1365 1380 1383 1391 1661 1691 1722 1750 1790 1799 1823 1853 1873 1909,CC1=CC(=C(C=C1)C)C(CN)C(C2=CC(=C(C=C2)C)C)O
353,CCOC(=O)CCC(=O)N1CCC2=C(C1)C(=NC(=N2)C3=CC=CC=C3)N(C)C(C)C,1 80 147 168 259 276 283 294 361 378 389 466 524 628 650 677 695 736 807 867 881 926 935 996 1009 1030 1057 1088 1160 1163 1199 1238 1247 1302 1380 1385 1386 1393 1423 1448 1476 1480 1564 1677 1722 1738 1750 1792 1839 1855 1873 1917 1946 1948 1951 2009 2033,CCOC(=O)CCC(=O)N1CCC2=C(C1)C(=NC(=N2)C3=CC=CC=C3)N(C)C(C)C
354,CCC(CC)(CNC(=O)C1=NC=C(C=C1)Br)CBr,80 109 114 154 197 251 294 295 344 378 473 486 650 728 807 855 909 1009 1057 1106 1152 1157 1172 1203 1220 1380 1452 1535 1620 1631 1640 1683 1750 1812 1873 1895 1917,CCC(CC)(CNC(=O)C1=NC=C(C=C1)Br)CBr
355,CC1CN(CC1N)CC=C(C)C,80 210 479 483 603 694 739 807 898 926 935 1017 1019 1057 1171 1250 1257 1309 1503 1582 1594 1688 1777 1791 1832 1859,C[C@H]1CN(C[C@@H](N)[C@@H]1O)CC=C(C)C
356,CC1C(=O)N(CCN1C(=O)NC2=CC(=CC=C2)Cl)CCCN3CCC4(CC4)CC3,5 80 148 160 165 184 191 216 218 242 295 314 490 543 561 592 650 653 703 804 807 875 925 926 927 935 951 1019 1039 1057 1060 1078 1088 1089 1102 1128 1145 1152 1162 1222 1280 1309 1362 1380 1399 1480 1482 1683 1745 1750 1791 1816 1873 1911 1917,CC1C(=O)N(CCN1C(=O)NC2=CC(=CC=C2)Cl)CCCN3CCC4(CC4)CC3
357,CC1CCN(CC1)C(=NCC2=CC=C(C=C2)OC(C)C)N,1 62 80 140 283 310 322 372 555 593 624 652 664 695 718 725 807 858 926 935 945 968 973 1019 1057 1148 1171 1202 1309 1325 1380 1480 1658 1744 1750 1754 1873 1889 1978 2009,CC1CCN(CC1)C(=NCC2=CC=C(C=C2)OC(C)C)N
358,CC1=C(C(=CC=C1)C)OCC(=O)NC2=CC(=CC=C2)OCC(=C)C,41 80 167 184 191 192 322 333 562 650 695 703 807 875 901 978 1017 1022 1039 1057 1088 1152 1195 1366 1380 1391 1410 1435 1452 1501 1565 1722 1750 1816 1873 1887 1889 1917 1952 1999 2004,CC1=C(C(=CC=C1)C)OCC(=O)NC2=CC(=CC=C2)OCC(=C)C
359,CCC1=CC2=C(S1)N=C(N(C2=O)CCC3=CC=CC=C3)SC(C)C(=O)N4CCCC4,1 80 108 112 116 162 283 294 314 320 369 378 389 504 511 534 650 656 675 747 781 789 802 807 875 926 935 1028 1045 1057 1066 1088 1139 1145 1162 1199 1219 1243 1285 1357 1380 1393 1480 1507 1517 1624 1665 1696 1750 1754 1798 1799 1855 1873 1917 1931 1985 1998 2009,CCC1=CC2=C(S1)N=C(N(C2=O)CCC3=CC=CC=C3)SC(C)C(=O)N4CCCC4
360,CC1=NC(=CC=C1)CN2CCC(CC2)OC3=C(C=C(C=C3)C(=O)NC4CCCC4)Cl,39 80 94 119 172 324 347 366 378 387 394 428 486 524 526 561 650 667 695 724 784 807 875 890 926 935 957 959 1019 1028 1039 1050 1057 1088 1110 1152 1203 1249 1261 1325 1380 1385 1389 1480 1533 1634 1655 1683 1697 1722 1731 1750 1765 1791 1855 1873 1917 1970,CC1=NC(=CC=C1)CN2CCC(CC2)OC3=C(C=C(C=C3)C(=O)NC4CCCC4)Cl
361,C1=CC2=C(C=CC(=C2N=C1)O)C3=CC=C(C=C3)F,90 222 352 378 448 594 680 699 807 896 935 1043 1088 1160 1357 1380 1395 1410 1418 1452 1475 1573 1602 1607 1670 1724 1750 1866 1873 1928 1939,C1=CC2=C(C=CC(=C2N=C1)O)C3=CC=C(C=C3)F
362,CC1=CC(=C(C(=C1)C)S(=O)(=O)NC2=C(N=CC(=C2)Br)Cl)C,22 204 339 350 375 378 502 561 650 702 728 875 909 1021 1057 1152 1220 1224 1270 1328 1339 1380 1391 1452 1476 1535 1609 1631 1683 1722 1790 1823 1873 1898 1929 1953,CC1=CC(=C(C(=C1)C)S(=O)(=O)NC2=C(N=CC(=C2)Br)Cl)C
363,C1CN(CCC1CN2C=CC=N2)C3=NC=C4C=NNC4=N3,29 43 74 75 77 80 82 156 214 294 335 378 384 390 407 600 609 747 770 800 869 908 926 935 972 1019 1041 1088 1101 1114 1120 1152 1256 1325 1380 1452 1480 1524 1535 1668 1855 1866 1873,C1CN(CCC1CN2C=CC=N2)C3=NC=C4C=NNC4=N3
364,CC(C(=O)OC(CC1=CC=C(C=C1)Cl)C2=CC=CC=C2)NC(=O)OC(C)(C)C,1 69 79 80 114 117 147 216 231 283 310 389 392 561 650 663 695 698 715 752 807 816 857 887 989 1040 1057 1070 1088 1152 1199 1365 1380 1515 1574 1581 1683 1750 1754 1758 1761 1791 1859 1873 1917,C[C@@H](C(=O)OC(CC1=CC=C(C=C1)Cl)C2=CC=CC=C2)NC(=O)OC(C)(C)C
365,C1CC/C=C(/CC/C=C/C/C=C/C/C=C/C1)\CC(=O)O,39 80 139 325 345 389 578 582 650 679 763 807 914 926 953 1028 1128 1147 1380 1514 1565 1605 1737 1738 1781 1873 1890 1917 2037,C1CC/C=C\C/C=C\C/C=C\C1
366,C1=CC=C(C(=C1)C2=NN=C3N2C=C(C=C3)N)C(F)(F)F,39 114 171 202 262 352 378 399 419 464 789 809 819 881 888 915 935 984 1088 1164 1168 1171 1199 1277 1380 1453 1457 1508 1722 1741 1745 1750 1873 1928 1969,C1=CC=C(C(=C1)C2=NN=C3N2C=C(C=C3)N)C(F)(F)F
367,CC(C1=C(C=CC(=C1)C(F)(F)F)Cl)S,1 114 229 237 283 366 561 589 666 809 875 974 1057 1059 1132 1260 1380 1417 1453 1487 1522 1585 1665 1683 1750 1873 1928,CC(C1=C(C=CC(=C1)C(F)(F)F)Cl)S
368,COC(=O)C1=C(C(=CC=C1)NC(=O)C2CCN(CC2)S(=O)(=O)CC3=CC=CC=C3)O,5 80 120 145 202 350 389 492 585 650 689 695 710 785 807 841 906 926 935 936 974 1019 1039 1057 1066 1072 1085 1088 1152 1199 1224 1275 1294 1325 1380 1434 1447 1476 1480 1552 1602 1696 1750 1754 1816 1837 1873 1903 1917 1971 1991,COC(=O)C1=C(C(=CC=C1)NC(=O)C2CCN(CC2)S(=O)(=O)CC3=CC=CC=C3)O
369,C1COC(O1)C2=CC=C(C=C2)OCCOC3=C(C=C(C=C3)[N+](=O)[O-])[N+](=O)[O-],13 80 94 102 199 322 354 650 656 676 695 715 716 718 727 753 802 838 875 880 926 950 1019 1034 1195 1269 1274 1279 1338 1359 1380 1424 1452 1518 1750 1803 1809 1814 1825 1873 1940 1963 1970,C1COC(O1)C2=CC=C(C=C2)OCCOC3=C(C=C(C=C3)[N+](=O)[O-])[N+](=O)[O-]
370,C1=CC(=CC=C1C(=O)C2=NC=CN=C2)O,9 378 552 650 745 807 855 1071 1125 1180 1313 1380 1385 1452 1535 1586 1596 1602 1603 1697 1750 1775 1778 1792 1866 1873 1917,C1=CC(=CC=C1C(=O)C2=NC=CN=C2)O
371,CCC1=NC(=CC(=N1)Br)NC(C2=CC=CS2)C(C)C,1 14 80 241 283 287 294 308 378 383 390 396 459 543 675 690 728 762 787 875 883 997 1057 1082 1088 1099 1152 1290 1380 1443 1567 1631 1750 1773 1774 1799 1855 1864 1873 1902,CCC1=NC(=CC(=N1)Br)NC(C2=CC=CS2)C(C)C
372,C/C=C\C1=C(C2=C(C=C1)NC3=CC=CC=C32)C=C,119 208 227 294 350 361 694 835 844 961 1045 1057 1088 1097 1114 1195 1199 1299 1357 1366 1380 1573 1626 1645 1745 1750 1783 1794 1873 1939 1948 1984 1986 2044,C/C=C/C1=C(C2=C(C=C1)NC3=CC=CC=C32)C=C
373,CCOC1=NC(=C(C=C1)Cl)C(=O)NC2=CN(N=C2)C,43 80 160 191 237 251 294 327 366 378 464 486 490 561 650 666 669 695 718 807 926 935 1057 1145 1152 1236 1238 1368 1380 1452 1501 1518 1535 1570 1683 1706 1750 1762 1816 1855 1873 1911 1917 1978,CCOC1=NC(=C(C=C1)Cl)C(=O)NC2=CN(N=C2)C
374,C1=CC=C2C(=C1)C(=CN2)CCNC(=O)C3=CC=CC=C3SCC(=O)NCC4=CC=CO4,8 41 80 116 119 197 255 328 333 337 341 364 377 403 474 476 486 650 656 667 787 806 807 828 864 977 1025 1088 1114 1152 1167 1199 1233 1243 1317 1349 1357 1380 1447 1466 1506 1518 1573 1607 1710 1750 1783 1873 1879 1917 1926 1934 1937 1959 1991 2008,C1=CC=C2C(=C1)C(=CN2)CCNC(=O)C3=CC=CC=C3SCC(=O)NCC4=CC=CO4
375,COC1=CC=C(C=C1)N2C3=C(C(=CC(=N3)C4=CC(=C(C=C4)Cl)Cl)C(F)(F)F)C(=N2)C5CC5,108 114 233 262 285 291 322 366 378 380 419 475 561 592 666 695 718 773 781 806 809 831 841 875 896 916 926 935 980 1019 1057 1129 1134 1160 1325 1380 1402 1408 1440 1453 1463 1536 1554 1683 1696 1750 1825 1852 1853 1855 1873 1928 1956 1984 2000,COC1=CC=C(C=C1)N2C3=C(C(=CC(=N3)C4=CC(=C(C=C4)Cl)Cl)C(F)(F)F)C(=N2)C5CC5
376,CC1=CC=CC=C1C(=O)NC2=CC=CC(=C2)C3N(N=C(O3)C4=C(C(=CC(=C4)Cl)[N+](=O)[O-])OC(=O)C)C(=O)C,184 191 216 320 333 352 354 378 409 486 561 600 650 656 695 703 715 716 750 753 784 805 807 838 843 847 848 875 927 935 1017 1019 1035 1038 1039 1057 1088 1152 1153 1195 1199 1279 1300 1380 1391 1417 1447 1448 1511 1562 1636 1663 1683 1722 1729 1735 1747 1750 1775 1816 1873 1874 1917 1953 1963 1978 1991 1999 2002,CC1=CC=CC=C1C(=O)NC2=CC=CC(=C2)C3N(N=C(O3)C4=C(C(=CC(=C4)Cl)[N+](=O)[O-])OC(=O)C)C(=O)C
377,C1CS(=O)(=O)CC(=N1)N,205 207 266 267 309 313 378 469 650 881 882 926 1168 1171 1271 1329 1362 1380 1457 1638,C1CS(=O)(=O)CC(=NCCS(=O)(=O)CC(=N1)N)N
378,CC1(CC(OC2=C1C=C(C=C2Br)C(=O)NC3=CC(=C(C=C3)C(=O)O)F)(C)C)C,67 184 191 252 349 389 441 456 486 492 650 656 699 728 807 833 843 875 926 936 953 1047 1057 1060 1152 1274 1282 1294 1324 1380 1385 1482 1563 1587 1631 1660 1678 1750 1754 1795 1816 1840 1872 1873 1895 1917 1928 1978 1980 1991 2025,CC1(CC(OC2=C1C=C(C=C2Br)C(=O)NC3=CC(=C(C=C3)C(=O)O)F)(C)C)C
379,CCCCCCN1C2=C(C=CC(=C2)NC(=O)C3=CC=C(C=C3)CCCCC)N=C1N,20 45 80 184 191 294 310 357 378 486 506 527 591 650 794 802 807 843 875 893 935 961 964 978 1045 1057 1097 1143 1145 1152 1171 1184 1243 1380 1385 1444 1457 1620 1665 1697 1750 1754 1773 1795 1816 1855 1873 1907 1911 1917 1978,CCCCCCCCCCCCCCCCCCN1C2=C(C=CC(=C2)NC(=O)C3=CC=C(C=C3)CCCCCCCCCCCCC)N=C1N
380,COC1=CC(=C(C=C1)C=NC2=CC(=C(C=C2N)[N+](=O)[O-])[N+](=O)[O-])O,18 154 265 322 354 650 694 695 715 716 718 725 745 753 764 781 807 838 841 864 875 910 956 961 1050 1057 1079 1097 1171 1195 1350 1380 1407 1457 1536 1602 1607 1750 1793 1822 1873 1963 1972,COC1=CC(=C(C=C1)C=NC2=CC(=C(C=C2N)[N+](=O)[O-])N)O
381,CC1=CC=C(C=C1)NC(=O)COC(=O)[C@@H]2C[C@H](CN2S(=O)(=O)C3=CC4=C(C=C3)OCCO4)O,41 80 147 167 191 235 319 350 354 441 531 534 590 650 656 695 715 738 739 800 807 843 850 852 875 901 926 935 950 1019 1023 1035 1057 1077 1152 1257 1292 1305 1380 1476 1499 1505 1529 1620 1647 1678 1722 1729 1750 1816 1823 1860 1873 1905 1910 1917 1920 1963 2004,CC1=CC=C(C=C1)NC(=O)COC(=O)[C@@H]2C[C@H](CN2S(=O)(=O)C3=CC4=C(C=C3)OCCO4)O
382,C1CC(CN(C1)C(=O)C2=C(C=C(C=C2F)F)F)C(=O)NCCN,2 80 93 197 221 369 446 451 586 650 667 689 699 739 754 767 800 807 833 875 886 926 927 935 974 981 1019 1028 1121 1152 1171 1325 1380 1480 1504 1521 1670 1760 1840 1873 1917 1928 2009,C1CC(CN(C1)C(=O)C2=C(C=C(C=C2F)F)F)C(=O)NCCN
383,CC(C)C1=C(C=NN1C2=CC=C(C=C2)Cl)C(=O)NCC(C3=CC=CC=C3OC)O,1 42 43 80 109 197 216 227 233 237 249 283 378 486 561 581 598 606 650 695 792 807 816 841 935 1054 1057 1070 1088 1092 1152 1162 1199 1237 1317 1362 1380 1410 1440 1535 1536 1616 1683 1750 1825 1831 1852 1873 1887 1917 1970 1991 2014,CC(C)C1=C(C=NN1C2=CC=C(C=C2)Cl)C(=O)NCC(C3=CC=CC=C3OC)O
384,CCC(=O)NC1CCN(CC1)C(=O)CCC2=CC(=C(C=C2)OCC)OC,41 80 94 104 237 249 294 310 387 411 425 650 652 672 695 753 760 807 841 875 898 926 935 996 1009 1019 1027 1057 1090 1110 1141 1152 1168 1238 1243 1245 1325 1380 1452 1480 1536 1564 1634 1655 1750 1754 1873 1917 1970 2009,CCC(=O)NC1CCN(CC1)C(=O)CCC2=CC(=C(C=C2)OCC)OC
385,CC1=CC(=C(C(=C1C)S(=O)(=O)N2CCC(CC2)C(=O)NC3=NC(=CS3)C(C)C)C)C,1 117 118 252 283 350 366 371 378 385 501 552 585 598 650 675 689 785 800 807 867 875 926 935 938 974 1019 1021 1057 1068 1152 1214 1275 1325 1380 1391 1476 1480 1567 1644 1667 1692 1712 1722 1816 1837 1855 1873 1903 1917,CC1=CC(=C(C(=C1C)S(=O)(=O)N2CCC(CC2)C(=O)NC3=NC(=CS3)C(C)C)C)C
386,C1CCC(CC1)CN2C(=O)N(CC23CCOCC3)C4=CC=C(C=C4)C5=CNN=C5,2 29 76 80 92 214 233 314 378 412 435 484 523 556 602 609 650 656 671 695 808 832 848 890 896 908 926 934 935 950 980 1019 1028 1060 1076 1114 1160 1162 1325 1380 1404 1405 1415 1457 1535 1750 1824 1825 1845 1873 1879 1939 1964,C1CCC(CC1)CN2C(=O)N(CC23CCOCC3)C4=CC=C(C=C4)C5=CNN=C5
387,C1C(CO1)SC2=CC=CC=C2C3=CC(=NO3)N,62 116 121 248 279 352 377 378 399 434 523 611 621 656 675 799 875 926 984 1019 1025 1034 1076 1088 1171 1199 1380 1457 1542 1574 1578 1750 1873 1895 1923 2026,C1C(CO1)SC2=CC=CC=C2C3=CC(=NO3)N
388,C1=CC(=C(C(=C1O)F)/C=N\O)F,216 343 350 449 450 694 699 708 725 807 864 1064 1380 1445 1475 1602 1607 1750 1761 1840 1873 1915 1928 1975,C1=CC(=C(C(=C1O)F)/C=N/O)F
389,CCC(C)C(=O)OBr,1 80 147 182 283 294 565 610 650 656 695 728 807 987 1057 1544 1579 1760 1917,CCC(C)C(=O)OBr
390,CCCC(=O)N[C@@H](C(Cl)(Cl)Cl)OC1=CC=CC(=C1)C(=O)N,1 41 80 114 117 140 175 294 309 322 562 650 664 687 695 794 803 807 815 875 895 899 1039 1057 1088 1094 1120 1152 1169 1171 1285 1357 1380 1384 1385 1564 1683 1727 1750 1873 1917 1985,CCCC(=O)NC(C(Cl)(Cl)Cl)OC1=CC=CC(=C1)C(=O)N
391,CCCN1C(=NN=C1SCC(=O)NC2CCN(CC2)C(=O)OCC)C3=CC=NC=C3,41 80 116 147 262 294 341 342 378 383 384 387 455 490 552 576 650 652 695 747 794 802 807 820 926 935 1019 1057 1065 1110 1145 1151 1152 1160 1164 1168 1208 1238 1325 1380 1401 1449 1480 1506 1508 1603 1634 1655 1722 1750 1853 1866 1873 1917 1959 2009,CCCN1C(=NN=C1SCC(=O)NC2CCN(CC2)C(=O)OCC)C3=CC=NC=C3
392,C1=CC=NC(=C1)C=CC2=NNC3=C2C=CC(=C3)SC4=CC=CC(=C4C(=O)NCC#N)F,66 74 80 83 116 119 197 293 348 377 378 448 480 486 552 586 611 650 674 694 699 790 807 811 835 853 875 885 1025 1032 1039 1057 1059 1088 1089 1092 1114 1152 1155 1199 1255 1357 1380 1384 1447 1449 1452 1490 1592 1597 1673 1707 1733 1750 1790 1840 1865 1866 1873 1880 1917 1928 2001 2004,c1cc(cc2c1c(n[nH]2)/C=C/c1ccccn1)Sc1cccc(c1C(=O)NCC#N)F
393,CCC(CCCOC1=CC(=CC(=C1)C)C)(C#N)NC(C)C,1 13 80 114 283 294 295 322 610 622 628 674 695 790 875 888 932 998 1028 1034 1057 1152 1225 1308 1366 1380 1384 1452 1594 1722 1823 1873 1899 1911 1953 1954 1999 2006,CCC(CCCOC1=CC(=CC(=C1)C)C)(C#N)NC(C)C
394,C1=CC(=CC=C1C2=NNN=N2)C(=O)NC3=CC=C(C=C3)F,90 168 191 378 486 650 699 807 843 848 896 897 1077 1104 1114 1152 1160 1164 1281 1380 1385 1410 1665 1670 1697 1750 1795 1816 1871 1873 1897 1917 1928 1946 1978 2004,C1=CC(=CC=C1C2=NNN=N2)NC(=O)C3=CC=C(C=C3)NC(=O)C4=CC=C(C=C4)F
395,CC(C)CCOC1=CC=C(C=C1)NCC(C)OC2=CC=CC=C2Cl,1 13 62 80 102 182 191 283 322 339 366 561 606 664 695 718 739 843 974 1034 1056 1057 1088 1137 1152 1199 1232 1306 1366 1380 1410 1416 1452 1683 1728 1742 1750 1847 1860 1873 1970,CC(C)CCOC1=CC=C(C=C1)NCC(C)OC2=CC=CC=C2Cl
396,CCNC(=NCC1=CC=CC=C1CN(C)C(C)C)NCCCN2CCCC2=O,1 79 80 155 191 197 283 294 314 372 400 449 507 527 583 650 667 725 798 807 881 924 926 935 951 1028 1057 1088 1089 1123 1138 1145 1152 1160 1163 1182 1183 1199 1349 1374 1380 1476 1480 1597 1624 1689 1690 1726 1738 1744 1750 1873 1876 1898 1911 1924,CCNC(=NCC1=CC=CC=C1CN(C)C(C)C)NCCCN2CCCC2=O
397,CC1=C(C(=NO1)C)CCC(=O)NC2=NC=C(C=C2)C(=O)O,41 80 92 248 378 389 456 461 650 656 804 807 835 967 1057 1060 1065 1099 1138 1152 1193 1243 1312 1380 1382 1385 1452 1535 1542 1564 1637 1677 1678 1697 1721 1722 1750 1768 1816 1873 1898 1917 2034,CC1=C(C(=NO1)C)CCC(=O)NC2=NC=C(C=C2)C(=O)O
398,C1C2[C@]1(SC(=N[C@]2(CF)C3=C(C(=CC(=C3)N)F)F)N)CO,36 80 179 222 229 269 314 378 406 425 478 517 567 580 602 675 679 699 807 875 888 926 967 1019 1060 1079 1171 1239 1261 1313 1380 1413 1445 1457 1644 1840 1857 1871 1873 1928 1941 1980 2025 2036,C1[C@@H]2[C@]1(N=C(S[C@@]2(CO)C3=C(C(=CC(=C3)N)F)F)N)C4=C(C(=CC(=C4)N)F)F
399,C1CC1CCOC2=CC(=C(C=C2)C(=O)O)Br,13 29 67 80 95 114 322 389 456 650 695 718 728 741 807 832 833 875 926 998 1019 1034 1047 1227 1325 1380 1452 1501 1536 1631 1671 1750 1873 1917 1991,C1CC1CCOC2=CC(=C(C=C2)C(=O)O)Br
400,COC1=CC=CC(=C1)NC(=O)C2=CC=C(S2)[N+](=O)[O-],162 164 184 191 278 322 419 486 562 623 650 675 695 703 715 722 753 781 807 838 841 875 876 957 1039 1057 1088 1152 1195 1380 1410 1516 1536 1725 1750 1816 1873 1917 1963 1972 1978,COC1=CC=CC(=C1)NC(=O)C2=CC=C(S2)[N+](=O)[O-]
401,CCCC(=O)OC[C@@H]1[C@H]([C@@H]([C@H](CO1)OC(=O)CCC)OC(=O)CCC)OC(=O)CCC,58 80 81 125 147 252 294 450 473 610 633 650 656 676 677 682 695 794 798 802 807 926 956 1019 1057 1126 1136 1348 1357 1386 1564 1882 1917 1923 1950,CCCC(=O)OC[C@@H]1[C@H]([C@@H]([C@H](CO1)OC(=O)CCC)OC(=O)CCC)OC(=O)CCC
402,CCCC1=C(C(=C(N1CC2CCCCC2)C)C(=O)N)C3=CC=C(C=C3)Br,2 14 29 80 85 140 214 294 309 480 484 586 619 624 650 728 794 802 807 850 890 896 908 909 926 935 1019 1028 1057 1074 1157 1160 1170 1171 1243 1325 1380 1583 1631 1649 1722 1726 1747 1750 1766 1873 1917,CCCC1=C(C(=C(N1CC2CCCCC2)C)C(=O)N)C3=CC=C(C=C3)Br
403,COCCNCC(=O)NCC1CCC(C1)O,13 29 41 80 197 486 590 650 667 695 701 802 807 841 871 926 935 1001 1004 1005 1019 1050 1057 1152 1257 1292 1320 1325 1422 1440 1604 1671 1681 1720 1795 1917,COCCNCC(=O)NCC1CCC(C1)O
404,CN1CC(=O)N(C1=O)CCCC(=O)NC2=CC(=C(C=C2)OC)C3=CC=C(C=C3)OC,41 80 92 94 184 191 222 249 314 322 352 588 650 695 710 714 718 743 781 797 798 807 831 841 843 875 896 901 926 935 1057 1139 1145 1152 1160 1338 1380 1382 1470 1536 1564 1693 1718 1750 1763 1797 1816 1873 1911 1917 1946 1970 2045,CN1CC(=O)N(C1=O)CCCC(=O)NC2=CC(=C(C=C2)OC)C3=CC=C(C=C3)OC
405,COC1=NC=NC(=C1)N2CCC(CC2)N3CCC[C@H](C3)C(=O)N4CCCC4,42 246 335 369 378 407 440 446 454 489 512 527 650 695 739 807 841 847 875 926 935 974 997 1019 1028 1057 1121 1175 1267 1325 1380 1452 1480 1524 1535 1536 1570 1717 1719 1810 1823 1854 1873 1910 1917 1920 1998 2009,COC1=NC=NC(=C1)N2CCC(CC2)N3CCCC(C3)C(=O)N4CCCC4
406,C1C[C@H](N(C1)C(=O)C2=CC(=CC=C2)F)C(=O)NCCNC(=O)C3=CC=C(C=C3)F,8 80 90 193 197 221 230 242 265 293 354 446 486 531 618 624 650 667 686 689 699 807 875 926 935 1019 1028 1039 1088 1152 1212 1256 1325 1380 1385 1410 1480 1487 1504 1665 1670 1688 1697 1750 1873 1917 1928 1985,C1CC(N(C1)C(=O)C2=CC(=CC=C2)F)C(=O)NCCNC(=O)C3=CC=C(C=C3)F
407,C1=CC(=CC=C1C2=CSC(=N2)NC(=O)CSC3=NN=C(O3)C4=CC=C(C=C4)Cl)[N+](=O)[O-],41 80 116 117 192 216 341 378 385 552 561 650 656 675 696 702 715 720 753 769 807 816 821 838 891 896 979 980 1047 1070 1152 1160 1164 1195 1214 1264 1266 1274 1380 1384 1455 1506 1567 1604 1683 1750 1759 1809 1814 1816 1855 1873 1884 1917 1959 1963 1971,C1=CC(=CC=C1C2=CSC(=N2)NC(=O)CSC3=NN=C(O3)C4=CC=C(C=C4)Cl)[N+](=O)[O-]
408,C1CCC2(CC1)NC(=S)C(=O)S2,2 3 97 314 650 675 884 926 1021 1028 1056 1060 1076 1114 1162 1244 1380 1638 1644 1653 1717 1853 2045,C1CCC2(CC1)NC(=O)SC3(CCCCC3)C(=S)N2
409,C1=CC=C(C=C1)C(=O)C2=C(C3=CC=CC=C3O2)CCC(=O)O,9 80 154 368 389 525 650 656 709 807 853 857 1088 1128 1199 1243 1287 1357 1380 1385 1414 1564 1573 1604 1737 1750 1775 1808 1845 1873 1898 1917 1985 2034,C1=CC=C(C=C1)C(=O)C2=C(C3=CC=CC=C3O2)CCC(=O)O
410,CC(C)(C)OC(=O)CCC1C(N1)(C(=O)OC)N=[N+]=[N-],80 114 229 231 388 392 487 650 695 700 725 740 765 807 810 832 833 841 880 950 1019 1057 1060 1114 1126 1128 1152 1261 1295 1386 1449 1488 1564 1574 1838 1859 1917 1971 2013,CC(C)(C)OC(=O)CC[C@@H]1[C@](N1)(C(=O)OC)N=[N+]=[N-]
411,CC(C)(C)[Si](C)(C(C)(C)C)C(C)(C)C1OO1,114 196 266 378 392 465 656 986 1019 1057 1135 1597 1684 1697 1905 1946,CC(C)(C)[Si](C)(C)C1OOC(OO1)[Si](C)(C)C(C)(C)[Si](C)(C)[Si](C)(C)C(C)(C)C2OO2
412,CN1CN(CC1=O)C2CCC(CC2)CN(C)C3=CN=C(C=N3)Br,29 80 193 314 338 378 399 440 560 617 650 724 728 798 831 834 881 926 935 997 1019 1042 1057 1080 1101 1145 1163 1325 1380 1405 1452 1461 1479 1535 1631 1671 1693 1740 1742 1854 1873 1890 1910 1918 1946 2000,CN1CN(CC1=O)C2CCC(CC2)CN(C)C3=CN=C(C=N3)Br
413,CC(=O)C1=C(C=C(S1)C2=CC=CC=C2)CC(=O)CC3=CC=C(C=C3)F,62 80 90 157 162 185 310 325 389 438 637 650 675 699 736 745 781 807 875 913 1017 1039 1057 1088 1160 1194 1199 1349 1380 1410 1432 1603 1670 1730 1750 1754 1820 1873 1917 1919 1928,CC(=O)C1=C(C=C(S1)C2=CC=CC=C2)CC(=O)CC3=CC=C(C=C3)F
414,CC1C2C3=C(C=CC(=C3)[N+](=O)[O-])O[C@@]1(N(C(=S)N2)CC=C)C,57 80 97 224 231 295 301 398 473 521 650 656 694 715 753 838 875 935 940 1019 1027 1035 1057 1060 1114 1195 1274 1282 1309 1366 1380 1404 1425 1503 1590 1592 1645 1648 1717 1750 1809 1814 1820 1873 1893 1905 1936 1940 1963 1982 2038,CC1C2C3=C(C=CC(=C3)[N+](=O)[O-])OC1(N(C(=S)N2)CC=C)C
415,CN1C=CN=C1C(C2=CC=C(C=C2)OC)NS(=O)(=O)C3=C(SC(=C3)Cl)Cl,1 34 162 241 322 350 378 387 392 394 502 561 650 675 695 718 727 781 831 841 875 935 1057 1101 1145 1152 1158 1192 1245 1256 1315 1332 1359 1365 1380 1390 1398 1401 1409 1452 1469 1476 1536 1591 1649 1683 1750 1853 1866 1873 1941,CN1C=CN=C1C(C2=CC=C(C=C2)OC)NS(=O)(=O)C3=C(SC(=C3)Cl)Cl
416,C1=CC=C(C(=C1)C(=O)OCC(=O)NCC(=O)NC2=CC=CC=C2Br)O,41 57 80 145 147 197 219 439 650 695 698 728 807 833 993 1088 1107 1152 1199 1211 1224 1380 1440 1447 1499 1602 1607 1631 1673 1696 1715 1750 1816 1831 1873 1903 1917 1948 1991 1997 2004,C1=CC=C(C(=C1)C(=O)OCC(=O)NCC(=O)NC2=CC=CC=C2Br)O
417,COC1=CC(=C(C=C1)O)/C=C\2/C(=O)N(C(=S)S2)CCCC(=O)O,80 97 133 215 273 281 314 322 389 579 588 650 675 694 695 718 781 807 841 863 875 879 935 947 961 1055 1057 1110 1145 1230 1287 1380 1442 1470 1475 1536 1564 1602 1607 1717 1737 1750 1873 1904 1911 1917 1971 1972 2044 2045,COC1=CC(=C(C=C1)O)/C=C\2/C(=O)N(C(=S)S2)CCCC(=O)O
418,C1CCN[C@H](C1)C(=O)N2CC3CCCC3C2,187 212 276 305 325 362 585 650 739 807 890 926 935 1014 1019 1028 1063 1114 1137 1325 1507 1535 1671 1736 1881 1912 1917 2009,C1CCN[C@@H](C1)C(=O)N2CC3CCCC3C2
419,C1=CC(=CC=C1NC(=O)CCSC2=CC(=C(C=C2)F)F)F,13 41 46 80 90 94 116 191 216 341 531 650 699 807 811 843 875 901 1077 1152 1182 1255 1380 1382 1410 1539 1564 1670 1750 1816 1840 1870 1873 1917 1928 2043,C1=CC(=CC=C1NC(=O)CCSC2=CC(=C(C=C2)F)F)F
420,COC1=C(C=C(C(=C1)Cl)CC2CCNCC2)Br,29 58 80 249 305 352 366 458 561 573 695 728 833 841 875 926 965 1019 1036 1057 1114 1179 1308 1325 1349 1357 1380 1447 1516 1536 1604 1631 1683 1812 1873 1970,COC1=C(C=C(C(=C1)Cl)CC2CCNCC2)Br
421,CC(COC1=NN=C(C=C1)Cl)N,1 80 118 283 298 378 514 561 567 643 647 695 786 1057 1127 1164 1171 1330 1380 1452 1518 1554 1570 1683 1725 1750 1758 1873,CC(COC1=NN=C(C=C1)Cl)N
422,CC1=CC=C(C=C1)NS(=O)(=O)C2=CC(=C(C=C2)C)C(=O)NC3=CC(=CC=C3)F,4 184 191 198 230 235 319 350 486 502 650 699 703 715 743 807 843 847 875 927 1039 1057 1088 1151 1152 1189 1270 1380 1391 1476 1487 1670 1685 1691 1722 1750 1816 1823 1873 1912 1917 1920 1928 1978 1991,CC1=CC=C(C=C1)NS(=O)(=O)C2=CC(=C(C=C2)C)C(=O)NC3=CC(=CC=C3)F
423,CC1=CC=C(C=C1)NC(=O)O[C@@H](C2=CC(=CC=C2)OCCO)[C@H](/C=C/C(=O)O)OC3=CC=CC=C3,1 13 31 52 69 80 191 222 235 322 389 395 473 562 650 664 694 695 807 843 875 968 976 1000 1034 1039 1057 1077 1088 1089 1141 1152 1154 1160 1199 1223 1271 1301 1357 1365 1369 1380 1452 1501 1532 1581 1615 1624 1722 1750 1758 1816 1823 1873 1917 1920 1996,CC1=CC=C(C=C1)NC(=O)O[C@H](C2=CC(=CC=C2)OCCO)[C@@H](/C=C/C(=O)O)OC3=CC=CC=C3
424,CC1=C(SC2=C1C(=O)N(C=N2)CCC(=O)NC3=CC=CC=C3N4CCOCC4)C,41 80 162 231 252 313 314 378 407 504 511 523 650 656 675 807 818 820 926 932 935 950 1014 1057 1088 1145 1146 1152 1199 1224 1295 1375 1380 1382 1405 1433 1438 1441 1452 1455 1457 1480 1534 1564 1647 1696 1722 1750 1778 1816 1841 1873 1917 1948 1978 1984 1990 2013,CC1=C(SC2=C1C(=O)N(C=N2)CCC(=O)NC3=CC=CC=C3N4CCOCC4)C
425,CCCCCCCC1=NN=C(N1C)SCC(=O)NC2=CC=CC=C2OC,41 80 116 249 294 318 341 378 384 510 564 591 650 695 724 747 794 807 841 935 1057 1088 1121 1143 1145 1152 1164 1184 1199 1224 1243 1379 1380 1410 1444 1449 1455 1506 1536 1696 1750 1816 1873 1911 1917 1948 1949 1959 1970 1980 2030,CCCCCCCCCCCCCCCC1=NN=C(N1C)SCC(=O)NC2=CC=CC=C2OC
426,CC[C@H](CO)NC(=O)CCC1=CC(=C(C=C1)F)F,1 41 80 104 117 216 222 294 310 482 531 650 699 807 827 875 895 911 966 1057 1090 1152 1240 1243 1380 1410 1539 1544 1564 1633 1721 1750 1754 1840 1873 1917 1928,CCC(CO)NC(=O)CCC1=CC(=C(C=C1)F)F
427,CC(C)OCCOCC1=C(SN=N1)NN,1 13 50 71 80 219 283 316 378 462 469 514 520 632 665 675 695 745 1057 1152 1164 1171 1257 1355 1380 1475 1481 1514 1582 1649 1701 1897 1978 1992,CC(C)OCCOCC1=C(SN=N1)NN
428,CCC1(C(=O)NC2(CCCC2)C(=O)N1CC3CCCC3)C,29 80 214 235 255 294 314 435 484 617 650 713 787 870 884 890 898 903 908 926 935 944 1019 1028 1057 1060 1114 1162 1274 1325 1351 1380 1404 1481 1638 1828 2045,CC[C@@]1(C(=O)N([C@@]2(CCCC2)C(=O)N1)CC3CCCC3)C
429,C1=COC(=C1)CSCC(C(=O)O)Cl,1 80 116 251 288 389 392 439 474 601 650 656 762 787 807 828 914 953 1088 1093 1233 1380 1466 1518 1683 1750 1844 1873 1917 1926 1934 1994,C1=COC(=C1)CSCC(C(=O)O)Cl
430,C=CCN1CCC(CC1)NC(=O)CCN2C3=CC=CC=C3N=C(C2=O)N4CCCC4,20 41 45 80 130 160 227 289 314 357 378 387 407 504 650 680 694 783 802 807 926 935 940 1019 1028 1088 1097 1110 1145 1152 1168 1199 1261 1285 1325 1366 1380 1416 1430 1472 1480 1503 1564 1634 1645 1655 1750 1791 1814 1820 1855 1873 1912 1917 1978 1998,C=CCN1CCC(CC1)NC(=O)CCN2C3=CC=CC=C3N=C(C2=O)N4CCCC4
431,CCOC(CON=CC(=O)N)C1=CSC(=N1)NC(C2=CC=CC=C2)(C3=CC=CC=C3)C4=CC=CC=C4,1 27 62 80 105 114 117 118 140 173 270 294 316 321 371 378 385 389 427 501 552 650 675 694 695 701 725 801 804 807 867 938 976 1057 1088 1152 1171 1199 1238 1241 1308 1363 1380 1417 1427 1567 1711 1750 1761 1855 1873 1908 1917 1931 2017,CCOC(CO/N=C/C(=O)N)C1=CSC(=N1)NC(C2=CC=CC=C2)(C3=CC=CC=C3)C4=CC=CC=C4
432,CNC1CCCC2=CN(C=C12)CC3=NC(=NO3)C4CC4,80 115 248 360 378 380 421 441 464 473 556 656 837 917 926 935 1013 1019 1020 1027 1028 1057 1097 1152 1232 1236 1283 1325 1373 1380 1430 1512 1524 1542 1601 1607 1626 1631 1738 1754 1765 1855 1873 2000,CNC1CCCC2=CN(C=C12)CC3=NC(=NO3)C4CC4
433,CCNC1=C(CC(CC1)NC2=NN3C=CC=C(C3=N2)C4=C(C=C(C=C4)F)C)C(=N)Cl,58 80 95 138 182 184 191 231 294 303 352 378 462 557 623 680 696 699 807 875 926 935 984 1002 1019 1027 1057 1088 1101 1104 1107 1152 1186 1292 1298 1325 1358 1380 1391 1410 1416 1487 1539 1550 1582 1589 1620 1634 1667 1670 1683 1696 1708 1722 1726 1738 1750 1807 1855 1873 1901 1928 1934 1956 1970,CCNC1=NN2C=CC=C(C2=N1)C3=C(C=C(C=C3)NC4CCC(=N)C4)C
434,C1C(N(C(S1)C2=CC=C(C=C2)F)C(=O)C3=CC(=CC=C3)F)C(=O)O,90 92 104 230 293 336 389 531 618 650 675 699 782 807 875 926 935 998 1019 1039 1075 1088 1279 1380 1385 1410 1431 1487 1504 1505 1523 1575 1583 1670 1750 1803 1812 1828 1873 1917 1928 1985,C1[C@H](N([C@H](S1)C2=CC=C(C=C2)F)C(=O)C3=CC(=CC=C3)F)C(=O)O
435,CC1CCCC(C1)COC(=O)C2=CC(=NC(=C2)C)Cl,29 80 145 147 378 431 484 497 561 583 650 695 729 807 875 926 1001 1019 1028 1057 1063 1136 1141 1148 1292 1309 1310 1325 1327 1380 1385 1520 1522 1683 1722 1731 1758 1855 1873 1876 1883 1899 1917,CC1CCCC(C1)COC(=O)C2=CC(=NC(=C2)C)Cl
436,C1=CC=C(C=C1)C(=O)NNC(=O)CCC2=NC3=CC=CC=C3C(=O)N2,41 80 83 146 278 281 289 304 314 378 389 486 644 650 662 745 750 807 942 1088 1097 1114 1152 1168 1199 1243 1357 1380 1385 1564 1573 1665 1721 1745 1750 1855 1863 1873 1917 1985 2026,c1ccc2c(c1)c(=O)[nH]c(n2)CCC(=O)NNC(=O)c1ccccc1
437,B1(C2=C(CO1)C=CC(=C2)CS(=O)(=O)C3=C(C=C(C=C3)O)NC(=O)CO)O,5 41 80 204 214 222 310 350 367 381 392 458 496 609 640 650 656 745 768 807 875 876 908 926 940 1152 1159 1174 1224 1236 1297 1310 1313 1317 1332 1380 1476 1488 1602 1664 1714 1748 1750 1754 1816 1873 1917 1948 1980 1991,O=S(=O)(c1c(cc(cc1)O)NC(=O)CO)Cc1cc2c(cc1)COB2O
438,CC(C)CN1C(=NN=C1SCC(=O)NC2=CC3=C(C=C2)OCO3)C4=CC=CC=C4F,1 41 80 116 127 184 191 283 333 341 352 378 384 393 441 451 650 654 656 699 738 747 802 807 843 875 901 926 935 975 984 1032 1035 1057 1088 1152 1164 1199 1349 1380 1449 1455 1506 1508 1539 1647 1722 1750 1800 1816 1840 1847 1853 1863 1873 1905 1917 1922 1928 1959,CC(C)CN1C(=NN=C1SCC(=O)NC2=CC3=C(C=C2)OCO3)C4=CC=CC=C4F
439,COC1=CC=CC(=C1)C(=O)NC2CC(C2)C3=CC(=NN3)NC(=O)C4CCCCC4,2 74 92 322 378 387 428 486 526 562 650 667 689 695 781 785 807 841 875 890 926 951 974 1019 1028 1039 1057 1088 1099 1114 1121 1152 1221 1249 1275 1292 1325 1380 1384 1385 1536 1563 1634 1750 1816 1873 1880 1917 1972 1985 2000 2004 2012 2041,COC1=CC=CC(=C1)C(=O)NC2CC(C2)C3=CC(=NN3)NC(=O)C4CCCCC4
440,C[C@@H](CNC(=O)NC1=CC(=CC=C1)Cl)S(=O)(=O)N,1 80 112 122 165 184 191 197 216 283 312 350 402 561 592 606 618 650 703 786 807 875 1039 1057 1088 1128 1152 1171 1380 1476 1607 1661 1683 1750 1816 1873 1917 1989 1990,CC(CNC(=O)NC1=CC(=CC=C1)Cl)S(=O)(=O)N
441,CC1(CC(CCN1C(=O)CCC2=CC=CN2)O)C,77 80 171 267 327 500 590 618 650 679 706 753 806 807 892 926 935 1009 1019 1057 1060 1069 1083 1088 1114 1243 1257 1262 1274 1276 1325 1364 1380 1480 1506 1541 1563 1564 1718 1750 1873 1917,CC1(CC(CCN1C(=O)CCC2=CC=CN2)O)C
442,CCCC1=CC(=O)NC(=N1)NCCC(C)C,1 80 81 283 294 314 340 366 378 650 667 671 724 739 794 875 980 1057 1114 1115 1152 1243 1380 1416 1455 1655 1669 1693 1726 1740 1745 1847 1855 1860 1873 1998,[nH]1c(nc(cc1=O)CCC)NCCC(C)C
443,CC1=CC(=C(C=C1)OC)/C=C/2\C(=O)NC(=N2)CC3=CC=C(C=C3)F,80 90 94 235 249 281 310 314 357 378 458 601 650 694 695 699 707 841 875 927 961 1013 1057 1060 1063 1064 1114 1196 1249 1380 1410 1430 1485 1492 1518 1536 1657 1670 1722 1750 1754 1771 1823 1873 1896 1928 1970,CC1=CC(=C(C=C1)OC)/C=C\2/C(=O)NC(=N2)CC3=CC=C(C=C3)F
444,CC(CC1COCCN1)NC2=CC(=C(C=C2)F)[N+](=O)[O-],1 5 80 191 195 216 283 305 354 422 523 543 650 656 690 699 715 716 753 778 798 836 838 843 875 926 950 1014 1019 1057 1114 1146 1152 1192 1195 1380 1485 1507 1703 1718 1733 1750 1840 1873 1923 1926 1928 1963 2018,CC(CC1COCCN1)NC2=CC(=C(C=C2)F)[N+](=O)[O-]
445,C1=CC(=CC(=C1)OCC(=O)NNC(=O)CCS(=O)(=O)C2=CC=C(C=C2)Cl)C(F)(F)F,41 80 114 120 192 216 245 281 319 322 350 481 561 562 650 695 715 745 807 809 816 875 978 1039 1070 1088 1152 1168 1174 1260 1380 1400 1407 1417 1452 1453 1476 1501 1522 1564 1683 1750 1873 1887 1917 1928 2004 2017,C1=CC(=CC(=C1)OCC(=O)NNC(=O)CCS(=O)(=O)C2=CC=C(C=C2)Cl)C(F)(F)F
446,CC(=O)OC(C)(C)CC(C)(C)NC,75 80 99 114 231 392 487 630 631 650 664 695 807 1017 1035 1057 1091 1133 1148 1152 1208 1430 1917,CC(=O)OC(C)(C)CC(C)(C)NCC(C)(C)OC(=O)C
447,CC(CC(=O)O)SC1=NC=CC(=C1)C(F)(F)F,1 12 80 114 116 283 367 378 389 423 650 787 807 809 875 1020 1057 1141 1210 1260 1290 1380 1417 1425 1452 1453 1507 1522 1562 1737 1750 1866 1873 1917 1928 1949 1952,CC(CC(=O)O)SC1=NC=CC(=C1)C(F)(F)F
448,CC1=CN=C(N1CC2CCCN(C2)S(=O)(=O)C3=CC=C(C=C3)C#N)C4=CN=CC=C4,29 34 80 102 204 257 305 319 350 374 378 437 446 484 539 585 650 674 715 736 739 757 790 800 802 876 883 908 926 935 961 1019 1028 1043 1057 1088 1136 1160 1262 1325 1380 1384 1452 1476 1480 1535 1583 1586 1603 1609 1667 1684 1722 1749 1750 1866 1873 1954,CC1=CN=C(N1CC2CCCN(C2)S(=O)(=O)C3=CC=C(C=C3)C#N)C4=CN=CC=C4
449,COC(=O)CC1=C(N2C=C(C=CC2=N1)N)CN(CC=C)CC=C,63 80 85 138 171 195 202 251 325 378 464 477 507 650 694 695 794 807 819 841 881 888 935 940 976 1057 1152 1168 1171 1236 1329 1366 1380 1386 1457 1598 1621 1645 1685 1750 1855 1873 1897 1914 1917 1969 2014,COC(=O)CC1=C(N=C2N1C=C(C=C2)N)CN(CC=C)CC=C
450,CNC(=O)[C@@H]1C[C@@H]2CN(CC[C@@H]2OC1)CC3=NC=CS3,14 59 80 118 227 345 378 470 524 554 585 616 646 650 656 675 689 739 802 807 926 935 974 1019 1057 1152 1205 1238 1261 1292 1325 1380 1430 1452 1480 1499 1567 1577 1578 1640 1765 1791 1794 1816 1819 1863 1866 1873 1917 1923 1929,CNC(=O)[C@H]1CO[C@H]2CCN(Cc3nccs3)C[C@H]2C1
451,C[C@@H](CNC(=O)COC1=C(C=C(C=C1)C(=O)OC)OC)C2=CC=CC=C2,1 41 80 94 145 192 197 219 249 283 334 347 389 411 428 469 481 502 606 650 695 807 841 875 906 1057 1088 1152 1187 1199 1245 1365 1380 1385 1452 1536 1581 1697 1715 1750 1873 1917 1970 2004 2029,C[C@H](CNC(=O)COC1=C(C=C(C=C1)C(=O)OC)OC)C2=CC=CC=C2
452,CC1=CC(=C(C(=C1)Br)NC2CCCCC2)N,2 381 428 556 625 728 833 875 890 910 926 1019 1028 1057 1143 1152 1171 1221 1303 1325 1380 1457 1589 1631 1634 1722 1823 1873 1886 1935 1953,CC1=CC(=C(C(=C1)Br)NC2CCCCC2)N
453,CC(CC(=O)O)(C1=CC(=CC=C1)OC)NC(=O)C2CC23CCC4=CC=CC=C34,54 80 114 120 322 354 389 392 433 473 474 562 640 650 679 689 695 726 781 807 841 875 926 964 1019 1039 1057 1060 1061 1088 1150 1152 1162 1199 1226 1236 1380 1411 1417 1456 1460 1536 1708 1737 1738 1750 1772 1873 1874 1876 1917 1972 1980 2017,CC(CC(=O)O)(C1=CC(=CC=C1)OC)NC(=O)C2CC23CCC4=CC=CC=C34
454,CC1=CC=C(C=C1)[N+]2=NOC(=C2C(=O)C3=C(C4=C(S3)N=C(C=C4C5=CC(=CC=C5)F)C6=CC=CC7=CC=CC=C76)N)O,9 121 162 165 197 230 235 244 248 268 271 275 352 378 382 424 463 474 511 568 650 656 675 694 699 736 781 807 875 980 984 1034 1039 1057 1087 1088 1104 1160 1162 1171 1199 1316 1347 1357 1380 1430 1457 1487 1493 1511 1561 1573 1595 1602 1670 1722 1750 1795 1823 1830 1855 1873 1917 1920 1928 1984 1987 2033,CC1=CC=C(C=C1)[N+]2=NOC(=C2C(=O)C3=C(C4=C(S3)N=C(C=C4C5=CC(=CC=C5)F)C6=CC=CC7=CC=CC=C76)N)O
455,C1CC2=CC=CC=C2C1N(CCO)CC3=CSC(=N3)C4=CC=CO4,28 80 121 159 222 317 371 375 378 473 474 507 518 552 656 675 713 724 787 807 881 916 926 981 1019 1027 1054 1088 1134 1199 1233 1236 1325 1326 1380 1445 1508 1567 1614 1682 1708 1738 1750 1777 1805 1855 1873 1926 1934 1951 2015,OCCN(Cc1csc(n1)c1occc1)C1CCc2ccccc12
456,CCSC1=CC=CC=C1NCC2=NC3=CC=CC=C3N2C,45 80 116 165 255 289 294 304 318 341 357 359 377 378 461 515 564 610 935 954 1025 1057 1088 1097 1134 1145 1152 1199 1224 1285 1380 1416 1623 1696 1750 1855 1873 1936 1955,CCSC1=CC=CC=C1NCC2=NC3=CC=CC=C3N2C
457,CC(CC(C)(C(=O)O)O)C1=CC=C(C=C1)F,1 80 90 114 274 283 347 389 392 502 556 650 699 715 807 825 887 1057 1365 1380 1410 1670 1750 1776 1853 1873 1908 1917 1928 1977,CC(CC(C)(C(=O)O)O)C1=CC=C(C=C1)F
458,CC(C)(C1CN1C(C2=CC=CC=C2)(C3=CC=CC=C3)C4=CC=CC=C4)O,114 181 307 354 368 389 392 739 806 807 926 935 1019 1051 1057 1088 1199 1380 1417 1589 1604 1659 1750 1864 1873 1908 2017,CC(C)(C1CN1C(C2=CC=CC=C2)(C3=CC=CC=C3)C4=CC=CC=C4)O
459,C=CCN(CC=C)C(=O)CN1CCN(CC1)C2=NC=CS2,14 74 80 227 277 378 407 506 554 650 675 681 694 739 807 881 890 926 935 940 976 978 1077 1238 1312 1329 1366 1380 1447 1452 1480 1508 1567 1601 1645 1757 1791 1866 1873 1917 1929,C=CCN(CC=C)C(=O)CN1CCN(CC1)C2=NC=CS2
460,CC1=CC\2=C(C=C1)NC(=O)/C2=C\3/C(=O)N4CN(CN=C4S3)C5=CC=CC(=C5)C(F)(F)F,61 74 114 142 162 235 314 339 352 378 407 445 496 504 527 631 650 675 706 730 809 823 875 881 926 935 1007 1013 1039 1049 1057 1060 1088 1114 1186 1243 1260 1317 1350 1380 1417 1453 1456 1479 1488 1496 1522 1523 1594 1657 1722 1750 1823 1825 1873 1909 1928 1982 2003 2017,CC1=CC\2=C(C=C1)NC(=O)/C2=C/3\C(=O)N4CN(CN=C4S3)C5=CC=CC(=C5)C(F)(F)F
461,CCCC1=C(C=CC2=C1NC(=CC2=O)CCC(=O)OCC)O,39 80 122 126 147 276 294 314 365 650 677 695 794 807 875 892 1057 1090 1103 1114 1232 1238 1243 1276 1357 1368 1380 1386 1475 1530 1564 1602 1607 1722 1726 1733 1745 1750 1753 1873 1917 1944 2033 2034,CCCC1=C(C=CC2=C1NC(=CC2=O)CCC(=O)OCC)O
462,C1[C@@H](OC2=C(N1S(=O)(=O)C3=CC=C(C=C3)F)C=C(C=C2Cl)N)CN4C(=O)C5=CC=CC=C5C4=O,9 80 90 314 319 350 352 353 366 374 425 561 588 642 650 656 699 715 733 739 750 800 875 879 888 908 926 934 935 971 984 1019 1051 1088 1104 1171 1199 1294 1295 1334 1369 1380 1391 1410 1444 1457 1476 1553 1584 1670 1683 1750 1873 1896 1920 1928,C1C(OC2=C(N1S(=O)(=O)C3=CC=C(C=C3)F)C=C(C=C2Cl)N)CN4C(=O)C5=CC=CC=C5C4=O
463,CC1CCC2=CC=CC=C2N1C3=CC=CC=C3[C@H](C)N,1 2 177 237 283 360 496 581 713 734 786 926 935 1019 1057 1088 1171 1199 1236 1295 1309 1325 1358 1380 1470 1497 1554 1647 1708 1738 1749 1750 1873 1922,CC1CCC2=CC=CC=C2N1C3=CC=CC=C3C(C)N
464,CC1=CC(=C(C=C1Cl)OC)NCC2=C(N=C(S2)C)C,80 92 162 183 248 249 255 333 366 378 531 561 665 675 695 715 841 875 1019 1057 1134 1152 1224 1323 1370 1380 1391 1416 1447 1469 1520 1536 1683 1722 1727 1855 1873 1913 1970,CC1=CC(=C(C=C1Cl)OC)NCC2=C(N=C(S2)C)C
465,CCCCCOC1=CC(=CC(=C1)CNCC)F,13 80 99 255 294 322 559 591 628 695 699 720 767 794 839 875 1004 1034 1054 1057 1152 1249 1272 1380 1444 1452 1670 1726 1754 1831 1873 1911 1928,CCCCCOC1=CC(=CC(=C1)CNCC)F
466,CCCC1(C(=O)N(C(=O)N1)CCN2C=CN=C2)C,80 109 255 287 294 306 314 378 494 588 650 717 794 795 843 884 932 935 1057 1060 1101 1114 1145 1248 1274 1281 1358 1373 1380 1423 1463 1563 1603 1654 1866 1873 1885 1893,CCC[C@]1(C(=O)N(C(=O)N1)CCN2C=CN=C2)C
467,CCCC(C)C1=C2C3=C(C1)C=CC(=C3C4=CC=C(C=C4)C(C(F)(F)F)(C(F)(F)F)C(F)(F)F)[Si]2(C)C,1 59 80 114 228 283 288 294 438 502 577 624 717 739 790 794 826 896 926 944 998 1057 1066 1160 1236 1380 1417 1453 1506 1564 1574 1665 1747 1750 1824 1839 1848 1873 1902 1928 1953 1974 1978 1980 2024,CCCC(C)C1=C([Si](C2=C(C1)C=CC3=C2C4=CC=C(C=C4)C(C(F)(F)F)(C(F)(F)F)F)(C)C)C5=CC=C(C=C5)C(C(F)(F)F)(C(F)(F)F)F
468,C1CN(CCC12C3=CC=CC=C3C(=O)O2)C(=O)NC4=CC=CS4,14 68 125 218 241 314 352 368 383 528 650 656 675 751 773 807 873 874 926 935 972 984 1060 1088 1152 1162 1199 1201 1282 1380 1381 1460 1468 1480 1490 1550 1567 1750 1816 1860 1873 1917 1980 2009,C1CN(CCC12C3=CC=CC=C3C(=O)O2)C(=O)NC4=CC=CS4
469,C1=CC(=CC(=C1)NCC(=O)N/N=C/C2=C(C(=C(C(=C2F)F)F)F)F)C(F)(F)F,41 80 114 191 318 350 433 482 526 650 652 694 699 703 725 807 809 855 864 875 924 990 1039 1088 1152 1205 1260 1380 1406 1416 1417 1440 1445 1453 1522 1603 1750 1867 1873 1876 1917 1928 2017,C1=CC(=CC(=C1)NCC(=O)N/N=C/C2=C(C(=C(C(=C2F)F)F)F)F)C(F)(F)F
470,CCC(C(=O)NCCOC1=CC=C(C=C1)OC)OC2=C(C=CC(=C2)C)C,1 13 33 80 102 197 235 294 322 353 490 532 573 597 650 664 667 695 718 780 781 806 807 831 841 875 948 996 1013 1034 1057 1110 1152 1380 1391 1452 1536 1544 1691 1722 1750 1790 1823 1873 1917 1970,CCC(C(=O)NCCOC1=CC=C(C=C1)OC)OC2=C(C=CC(=C2)C)C
471,CSCC1=CC(=CC=C1)C(=O)N2CCN3C2=NC4=CC=CC=C43,45 80 116 289 357 378 394 425 431 613 618 650 683 762 789 807 875 880 926 935 999 1039 1057 1066 1088 1097 1199 1285 1365 1380 1385 1387 1480 1496 1504 1539 1635 1687 1750 1754 1762 1855 1873 1917 1942 1985 2041,CSCC1=CC(=CC=C1)C(=O)N2CCN3C2=NC4=CC=CC=C43
472,C1=CC=C(C(=C1)C=NNC(=O)C2=CC=CS2)OCC3=CC=C(C=C3)[N+](=O)[O-],14 79 80 107 201 241 310 318 383 419 441 486 650 675 694 695 715 725 745 753 769 807 838 864 915 924 961 1088 1152 1195 1199 1226 1274 1380 1410 1452 1499 1518 1567 1685 1750 1754 1809 1814 1867 1873 1890 1917 1963 1970 1992 2042,C1=CC=C(C(=C1)/C=N/NC(=O)C2=CC=CS2)OCC3=CC=C(C=C3)[N+](=O)[O-]
473,CC(C)(C)[Si](C1=CC=CC=C1)(C2=CC=CC=C2)OC(=C)[C@@H]3CO3,114 260 378 389 392 465 480 636 656 695 731 802 807 926 1019 1022 1057 1088 1187 1199 1274 1366 1380 1502 1538 1625 1707 1750 1873 1874 1884 1923 2045,CC(C)(C)[Si](C1=CC=CC=C1)(C2=CC=CC=C2)OC(=C)[C@@H]3CO3
474,CNC(C1=CC=CS1)C2=CC3=C(O2)C(=CC=C3)Cl,1 14 133 173 241 287 366 383 459 543 561 656 675 802 875 901 910 974 1039 1057 1087 1088 1152 1192 1380 1430 1547 1567 1604 1607 1683 1750 1849 1855 1872 1873 1883 1907,CNC(C1=CC=CS1)C2=CC3=C(O2)C(=CC=C3)Cl
475,C1CCCN(CCC1)C2=CC(=NC=C2)C(=N)N,2 140 338 378 407 496 552 623 680 687 787 807 855 875 917 926 935 1028 1104 1171 1380 1452 1480 1587 1618 1750 1825 1866 1873 1899 1998,C1CCN(CC1)C2=CC(=NC=C2)C(=N)N
476,CCC(C)(C#N)C1=C(C=CC(=C1)O)N,80 114 233 294 295 381 392 419 674 745 790 807 817 875 882 910 946 973 995 1057 1171 1274 1313 1332 1366 1380 1384 1457 1602 1750 1873,CCC(C)(C#N)C1=C(C=CC(=C1)O)N
477,CC1CCN([C@H](C1)NC2=CC=C(C=C2)C(=O)O)C(=O)C(C(C)C)NC(=O)C3=C(C=CC(=C3)C(F)(F)F)F,1 38 46 72 74 97 106 108 114 117 191 197 216 242 283 389 456 486 507 590 613 650 699 807 809 843 875 926 934 935 945 1019 1057 1118 1138 1148 1152 1260 1292 1300 1309 1325 1338 1380 1385 1417 1453 1480 1522 1534 1589 1665 1697 1750 1773 1840 1873 1883 1896 1917 1928 1991,C[C@@H]1CCN([C@@H](C1)NC2=CC=C(C=C2)C(=O)O)C(=O)[C@H](C(C)C)NC(=O)C3=C(C=CC(=C3)C(F)(F)F)F
478,CC1=C(C=CC(=C1)NC2=C(C=NC3=CC(=C(C=C32)NC(=O)C)O)C#N)OC4=CC5=NC=NN5C=C4,43 94 168 191 219 240 245 306 322 329 361 378 381 405 489 491 650 673 674 695 777 790 807 819 843 848 849 858 875 876 935 974 1017 1027 1057 1097 1101 1136 1152 1224 1270 1316 1357 1370 1380 1384 1391 1421 1452 1465 1482 1498 1524 1535 1577 1592 1602 1607 1617 1722 1724 1737 1750 1816 1862 1873 1878 1917 1970,CC1=C(C=CC(=C1)NC2=C(C=NC3=CC(=C(C=C32)NC(=O)C)O)C#N)OC4=CC5=NC=NN5C=C4
479,CC1=C2C(=CC=C1)C(=CC(=N2)SCCC(=O)NC3=C(C=C(C=C3C)C)C)C,20 41 46 54 80 116 204 236 247 341 378 381 432 650 749 807 875 1039 1057 1063 1076 1088 1152 1166 1182 1340 1357 1380 1382 1391 1564 1573 1722 1724 1731 1750 1816 1823 1855 1873 1917 1949 1953 1999 2043,CC1=C2C(=CC=C1)C(=CC(=N2)SCCC(=O)NC3=C(C=C(C=C3C)C)C)C
480,C1=CC(=CN=C1)C(=O)NC2=C(C=CC(=C2)C3=CC=C(C=C3)C(=O)O)N,106 378 389 390 426 437 456 486 583 650 785 807 875 896 910 947 1043 1088 1138 1152 1160 1171 1224 1274 1380 1385 1457 1535 1586 1603 1697 1750 1795 1816 1866 1873 1917 1962 1964 1985 2023,C1=CC(=CN=C1)C(=O)NC2=C(C=CC(=C2)C3=CC=C(C=C3)C(=O)O)N
481,CC1=C(C=NN1)C2=NC3=C(C4=C2CCCC4)C5=C(NN=C5C(=C3)F)C,56 74 236 310 318 323 352 361 378 609 692 699 801 875 926 1018 1027 1028 1057 1097 1114 1120 1156 1211 1250 1267 1380 1391 1441 1489 1535 1562 1584 1679 1722 1724 1730 1738 1840 1855 1873 1928 1984 2004 2013,CC1=CC2=C(C=C1F)N=C3C4=C(NN=C4C5=C3C2=NN5)C
482,CO/C=C(\C1=CC=CC=C1/C=C/C=C/C2=COC=C2)/C(=O)O,102 384 389 396 405 432 441 446 483 650 656 684 685 694 695 787 807 835 841 858 961 1006 1057 1088 1199 1312 1378 1380 1432 1447 1469 1609 1750 1846 1873 1874 1917 1959 1991 2020 2029 2033,CO/C=C(\C1=CC=CC=C1/C=C/C=C/C2=COC=C2)/C(=O)O
483,CC1=CC(=C(C=C1)NC(=O)C(C)S(=O)(=O)C)C2=NC(=NC=C2)SC(F)(F)F,1 37 57 87 114 116 226 235 270 283 350 352 378 445 573 575 619 623 650 692 723 742 787 807 875 980 1013 1057 1085 1086 1105 1151 1152 1191 1224 1243 1254 1380 1452 1453 1476 1722 1750 1816 1823 1855 1856 1861 1866 1873 1917 1928,CC1=CC(=C(C=C1)NC(=O)C(C)S(=O)(=O)C)C2=NC(=NC=C2)SC(F)(F)F
484,CC(C)C(=O)C1CCC2(CC1)CCN(CC2)C(=O)C,1 211 283 335 425 490 573 650 751 807 926 935 973 974 985 999 1017 1019 1057 1060 1162 1222 1300 1325 1349 1480 1735 1745 1917 2009,CC(C)C(=O)C1CCC2(CC1)CCN(CC2)C(=O)C
485,CN(CCC(=O)NC1=NNC2=C1CCN(C2=O)C3=CC=C(C=C3)OC)CCO,28 41 74 80 83 122 139 155 170 222 233 314 322 361 378 400 473 541 600 650 677 695 708 718 732 781 807 831 841 879 881 926 935 962 992 1057 1114 1152 1163 1236 1380 1382 1457 1480 1516 1536 1564 1632 1738 1750 1816 1825 1833 1845 1873 1917 1951 2004,CN(CCC(=O)NC1=NNC2=C1CCN(C2=O)C3=CC=C(C=C3)OC)CCO
486,C1=CC(=CC=C1CSC2=NN=C(O2)C3=CC(=NC=C3)N)Cl,62 80 116 192 216 310 341 377 378 463 552 561 623 656 660 696 762 787 816 875 891 979 1047 1070 1160 1164 1171 1343 1380 1384 1452 1457 1468 1604 1683 1750 1754 1835 1866 1873 1884,C1=CC(=CC=C1CSC2=NN=C(O2)C3=CC(=NC=C3)N)Cl
487,C1=CC=C(C(=C1)OCC(=O)NCCSCC(=O)O)F,41 80 116 192 197 219 274 353 389 597 650 667 695 699 753 807 883 925 953 1032 1088 1152 1182 1187 1199 1208 1380 1410 1420 1452 1737 1750 1840 1873 1917 1928 1959 1970 2004,C1=CC=C(C(=C1)OCC(=O)NCCSCC(=O)O)F
488,CCCN(CCC)C(=C)C(C=C)NC,1 72 80 207 219 294 694 794 807 881 894 978 1022 1057 1110 1152 1296 1336 1366 1430 1536 1645 1761 1907 1951 1995,CCCN(CCC)C(=C)C(C=C)[Si]CNC
489,CCC1=CC=CC=C1OCC(=O)NNC(=O)C2=CC(=CC=C2)N(C)C,41 80 192 281 288 294 304 486 526 650 695 745 807 875 881 942 1039 1057 1088 1096 1152 1163 1178 1187 1199 1302 1349 1379 1380 1385 1410 1452 1597 1652 1700 1750 1799 1873 1898 1917 1970 1985 2004,CCC1=CC=CC=C1OCC(=O)NNC(=O)C2=CC(=CC=C2)N(C)C
490,C1=CC(=C(C=C1NC(=O)N[C@@H](CCO)C(=O)O)Cl)Br,1 80 117 184 191 222 276 343 365 366 389 449 473 561 567 650 728 736 739 807 833 843 875 1152 1225 1380 1554 1581 1624 1631 1683 1750 1807 1816 1844 1873 1917 1989 1990,C1=CC(=C(C=C1NC(=O)NC(CCO)C(=O)O)Cl)Br
491,C1=CC(=C(C(=C1)N(C(=O)C2=CC(=C(C=C2)F)Cl)O)F)C(=O)NC3=C(C=C(C=C3I)C(C(F)(F)F)(C(F)(F)F)F)C(F)(F)F,59 107 114 117 119 216 241 252 262 280 347 361 366 381 419 465 478 486 547 561 580 582 650 661 689 699 807 809 847 875 881 887 947 1036 1039 1088 1139 1152 1221 1362 1380 1385 1415 1417 1445 1447 1453 1488 1683 1697 1736 1750 1816 1840 1873 1917 1928 1984 1991 2018 2028,C1=CC(=C(C(=C1)N(C(=O)C2=CC(=C(C=C2)F)Cl)O)F)C(=O)NC3=C(C=C(C=C3I)C(C(F)(F)F)(C(F)(F)F)F)C(F)(F)F
492,CC(C)C(CC1=CC=C(C=C1)O)(COC)O,1 80 114 231 237 283 310 380 487 619 695 745 807 841 888 1005 1057 1183 1313 1380 1602 1671 1750 1754 1778 1873 1908 1976 1994,CC(C)C(CC1=CC=C(C=C1)O)(COC)O
493,CC1(C2=C(C=CC(=C2)[Si](OC)(OC)OC)C3=C1C=C(C=C3)I)C,260 333 342 352 378 534 579 583 661 680 695 841 852 875 914 947 1057 1060 1146 1274 1279 1320 1380 1453 1494 1594 1626 1646 1750 1873 1980,CC1(C2=C(C=CC(=C2)[Si](OC)(OC)OC)C3=C1C=C(C=C3)I)C
494,CCOC1=CC=CC=C1NCC(=O)NC2=CC=CC(=C2)C(=O)NCCOC,8 13 41 80 184 191 197 237 265 294 425 482 486 526 650 667 695 698 703 807 841 875 893 901 1005 1039 1057 1088 1152 1199 1224 1238 1380 1385 1410 1416 1440 1452 1509 1669 1681 1696 1750 1785 1790 1816 1873 1917 1970 1985,CCOC1=CC=CC=C1NCC(=O)NC2=CC=CC(=C2)C(=O)NCCOC
495,C(CO)N(CCO)ON,28 80 222 380 473 577 602 653 695 804 807 881 1171 1871 1951,C(CO)N(CCO)C(N(CCO)ON)ON
496,CC(C)CCCNC(=O)CCC(C)CN,1 41 80 197 283 406 418 527 597 599 650 667 708 739 807 981 1057 1152 1171 1307 1564 1589 1710 1847 1860 1876 1909 1911 1917,CC(C)CCCNC(=O)CCC(C)CN
497,CC1=CC=C(C=C1)S(=O)(=O)N(CC(=O)N[C@@H]2C[C@H]3CC[C@@H]2C3)C4=CC(=C(C=C4)C)Cl,41 80 130 165 235 319 350 365 366 373 387 473 531 552 561 585 650 712 715 747 797 807 815 875 881 926 960 995 1019 1057 1096 1152 1190 1241 1292 1325 1380 1391 1403 1446 1476 1480 1568 1683 1684 1691 1722 1750 1823 1873 1917 1920 1946 2047,CC1=CC=C(C=C1)S(=O)(=O)N(CC(=O)N[C@H]2C[C@H]3CC[C@@H]2C3)C4=CC(=C(C=C4)C)Cl
498,CS(=O)(=O)C1=CC=CC=C1C2=C(OC(=N2)C3CCCCC3)C4=CC=C(C=C4)Cl,2 14 149 216 323 350 352 378 392 467 561 650 654 656 692 816 877 890 896 926 984 992 1019 1028 1057 1070 1088 1160 1199 1201 1276 1325 1380 1470 1476 1604 1683 1750 1771 1788 1854 1855 1873 1943 2000 2028 2034,CS(=O)(=O)C1=CC=CC=C1C2=C(OC(=N2)C3CCCCC3)C4=CC=C(C=C4)Cl
499,CC(C1=CC=CS1)NCCOC2=CC3=CC=CC=C3N=C2,1 13 14 77 80 168 241 283 287 289 322 378 383 459 490 517 543 667 675 695 782 835 875 1034 1057 1087 1088 1096 1097 1139 1152 1199 1232 1309 1380 1402 1452 1535 1567 1627 1750 1804 1855 1873,CC(C1=CC=CS1)NCCOC2=CC3=CC=CC=C3N=C2
500,CCCCNC(C)C1=C(C=C(C=C1C)C)C,1 80 204 283 294 307 591 634 667 782 794 875 895 916 1057 1152 1380 1391 1402 1626 1627 1657 1722 1823 1873 1911 1953,CCCCNC(C)C1=C(C=C(C=C1C)C)C
501,CC1=C(C=CC=N1)C(=O)OOC2=NN3C(=NN=C3C4=NOC(=C4)COC)C5=CC=CC=C52,6 80 92 145 163 248 350 378 401 412 448 486 606 650 656 695 713 745 807 841 866 875 893 906 935 936 942 980 981 1005 1043 1048 1057 1088 1156 1164 1199 1274 1302 1357 1380 1390 1447 1452 1508 1542 1544 1573 1658 1690 1696 1708 1722 1750 1866 1873 1917 1934 1956 1991 2044,CC1=NN2C(=NN=C2C3=NOC(=C3)COC)C4=CC=CC=C14
502,C1CN2C(=CC=C2C(=O)C3=CC=CC=C3)C1C(=O)OCCCN4CCN(CC4)CCCO[N+](=O)[O-],9 13 21 74 80 147 274 275 389 488 510 534 544 636 650 653 692 695 715 753 782 807 838 926 935 1019 1088 1145 1199 1224 1325 1380 1385 1464 1480 1482 1496 1532 1608 1641 1712 1734 1750 1775 1788 1791 1831 1873 1892 1911 1917 1955 1963 1985 2032,C1CN2C(=CC=C2C(=O)C3=CC=CC=C3)C1C(=O)OCCCN4CCN(CC4)CCCO[N+](=O)[O-]
503,CCN1C=CN=C1COC2=C(C=C(C=C2)Cl)CO,34 80 94 165 216 222 238 294 318 378 387 524 561 695 745 807 816 837 875 935 1011 1057 1062 1101 1226 1349 1358 1380 1452 1453 1455 1508 1573 1615 1683 1750 1866 1873 1898 1970,CCN1C=CN=C1COC2=C(C=C(C=C2)Cl)CO
504,C1C(=O)C2=C3C(=CC=C4C3=C(C=C2)C(=O)C(=CNC5=CC=CC=C5)C4=O)C1=O,191 314 346 352 389 440 480 525 570 650 680 694 703 751 926 1066 1088 1152 1169 1199 1246 1308 1357 1380 1384 1564 1649 1691 1733 1750 1856 1873 1922 1984 2040,C1/C(=C\NC2=CC=CC=C2)/C3=C4C(=CC=C5C4=C(C=C3)C(=O)C5=O)C1=O
505,CCC1=NC(=CC(=C1)C(=O)NCC(F)F)N,1 62 80 197 265 294 378 486 606 650 671 724 807 817 829 875 917 990 1025 1050 1057 1111 1152 1171 1242 1380 1385 1457 1563 1799 1855 1873 1917 1928 2009 2014,CCC1=NC(=CC(=C1)C(=O)NCC(F)F)N
506,CC1=CC(=O)C(CC1)C(C)CCCC=C,1 31 75 80 84 283 314 401 544 650 694 739 835 926 940 1019 1057 1064 1325 1332 1347 1366 1380 1452 1480 1514 1540 1645 1693 1722 1738 1799 1873 1911 1940 1979,CC1=CC(=O)C(CC1)C(C)CCCC=C
507,CC1=CC(=C(C=C1)N2CCCC(C2)C(=O)OC)[N+](=O)[O-],42 235 246 354 407 446 502 534 595 650 680 695 715 716 739 753 807 838 841 875 877 926 935 971 974 1013 1019 1028 1057 1121 1152 1195 1295 1325 1380 1454 1480 1722 1750 1823 1873 1915 1917 1963 1995,CC1=CC(=C(C=C1)N2CCCC(C2)C(=O)OC)[N+](=O)[O-]
508,CC[C@H](C1=CC=CC(=C1)C)NC2=NC3=CC=CC=C3C=C2C#N,1 80 289 291 294 337 361 378 562 674 690 708 790 875 918 1013 1039 1055 1057 1087 1088 1096 1097 1136 1150 1152 1199 1354 1363 1365 1380 1384 1519 1544 1581 1722 1750 1823 1855 1862 1873 1921 1951 2004,CCC(C1=CC=CC(=C1)C)NC2=NC3=CC=CC=C3C=C2C#N
509,CC1=C(SC(=N1)CCOC)CNC(C)(C)C,13 69 80 89 92 114 162 170 255 310 378 383 392 421 486 603 675 695 841 1005 1057 1152 1243 1370 1380 1409 1452 1520 1578 1722 1727 1855,CC1=C(SC(=N1)CCOC)CNC(C)(C)C
510,CCN(C1=NC(=CS1)CNC2CC3CCC2C3)C(=O)C,80 126 130 237 255 294 373 378 440 552 585 650 675 712 724 783 807 881 893 926 932 964 995 1017 1019 1047 1057 1063 1100 1108 1123 1152 1292 1325 1380 1403 1446 1567 1568 1569 1588 1665 1682 1855 1873 1917 2047,CCN(C1=NC(=CS1)CNC2CC3CCC2C3)C(=O)C
511,C1=CC(=NN=C1)C2=NNC(=O)O2,74 274 281 314 353 378 650 656 804 866 869 980 1043 1047 1088 1114 1164 1197 1367 1380 1593 1604 1656 1750 1806 1851 1866 1873 2004,C1=CC(=NN=C1)C2=NNC(=O)O2
512,CC(CCCN1CCC(=C2C3=CC=CC=C3C=CC4=CC=CC=C42)CC1)(C#N)C5=CC=CC=C5,21 80 114 189 352 380 389 392 463 547 653 674 780 790 817 926 935 942 969 984 995 1057 1088 1145 1199 1308 1366 1380 1384 1417 1439 1448 1480 1482 1497 1526 1594 1738 1750 1791 1792 1803 1873 1911 1920 2017,CC(CCCN1CCC(=C2C3=CC=CC=C3C=CC4=CC=CC=C42)CC1)(C#N)C5=CC=CC=C5
513,CC1=C(C=C(C=C1)N([C@@H]2CCS(=O)(=O)C2)C(=O)NC3=CC=CC=C3)C,148 191 193 207 265 346 389 400 469 503 516 650 703 807 809 829 875 881 926 960 1019 1057 1077 1088 1096 1152 1199 1273 1325 1362 1380 1388 1391 1427 1578 1638 1691 1722 1750 1753 1816 1830 1861 1873 1917,CC1=C(C=C(C=C1)N(C2CCS(=O)(=O)C2)C(=O)NC3=CC=CC=C3)C
514,C1=CC=C(C=C1)OC2=CC3=CC4=CC=CC=C4C=C3C=N2,193 311 322 378 389 562 606 695 770 772 875 925 1087 1088 1199 1344 1380 1452 1535 1570 1617 1699 1750 1855 1873 1933,C1=CC=C(C=C1)OC2=CC3=CC4=CC=CC=C4C=C3C=N2
515,CC(=O)NCCNC(=O)/C=C/C1=CC=CS1,14 31 80 119 141 197 206 241 245 327 383 391 595 650 667 675 694 731 747 807 835 935 1017 1057 1088 1152 1181 1244 1256 1380 1567 1750 1873 1917,CC(=O)NCCNC(=O)/C=C/C1=CC=CS1
516,CC1=NN=C(N1C2=CC=CC=C2)SCC(=O)N/N=C\C3=CC=CC=C3OC,41 58 80 116 168 201 249 318 341 378 384 389 441 650 694 695 725 747 807 841 864 917 924 935 961 1049 1056 1057 1088 1152 1164 1199 1249 1380 1410 1449 1506 1509 1536 1577 1722 1750 1825 1832 1867 1873 1876 1890 1917 1959 1970 1993,CC1=NN=C(N1C2=CC=CC=C2)SCC(=O)N/N=C\C3=CC=CC=C3OC
517,CCCC(C)(C)C1=CN=CN2C1=NC=C2,80 114 133 294 378 387 392 419 571 756 794 932 935 1053 1057 1101 1258 1304 1308 1361 1380 1421 1452 1484 1535 1546 1550 1594 1603 1696 1866 1873,CCCC(C)(C)C1=CN=CN2C1=NC=C2
518,C1C2CC3CC1CC(C2)(C3)CNCCNCCCS,80 229 262 436 502 652 667 679 771 877 897 926 1004 1019 1060 1152 1170 1193 1292 1322 1446 1459 1512 1699 1727 1911 1976,C1C2CC3CC1CC(C2)(C3)CNCCNCCCS
519,C[C@H]([C@H]1CN(C2=C(O1)C=CC(=C2)NC(=O)OC(C)(C)C(F)(F)F)S(=O)(=O)C3=CC=C(C=C3)F)N,1 23 59 90 114 184 191 231 283 319 350 374 392 561 650 656 695 699 715 733 739 750 786 800 807 812 843 875 926 935 1010 1019 1035 1051 1057 1088 1111 1152 1158 1171 1295 1380 1410 1444 1453 1476 1594 1622 1670 1750 1758 1816 1845 1873 1876 1905 1915 1917 1919 1928 1996,C[C@@H]([C@@H]1CN(C2=C(O1)C=C(C=C2)NC(=O)OC(C)(C)C(F)(F)F)S(=O)(=O)C3=CC=C(C=C3)F)N
520,CN1CCC(=CC1)CNC2=CC(=NC=N2)N3C[C@@H](C[C@@H]3CN(C)C)O,12 80 131 207 255 303 378 489 500 512 527 541 590 593 652 680 684 739 763 807 834 875 881 907 926 935 1019 1057 1087 1099 1103 1145 1152 1163 1228 1238 1257 1292 1333 1380 1384 1416 1452 1480 1552 1583 1595 1620 1658 1738 1781 1810 1862 1873 1960,CN1CCC(=CC1)CNC2=CC(=NC=N2)N3CC(CC3CN(C)C)O
521,CCC(=O)OCCC(C(F)(F)S(=O)(=O)O)(F)F,13 80 114 147 162 294 350 539 592 604 650 693 695 743 757 807 825 898 1034 1052 1057 1308 1386 1422 1453 1476 1711 1917 1928,CCC(=O)OCCC(C(F)(F)S(=O)(=O)O)(F)F
522,CC(C)N1CCOC2(C1)CC2CC(C)N3CCC4(C3)CCN4C,1 80 138 139 157 249 283 349 412 602 656 678 679 781 796 856 863 867 892 922 926 935 950 1017 1019 1045 1057 1060 1121 1129 1145 1162 1233 1265 1290 1474 1480 1486 1532 1718 1801 1834,CC(C)N1CCC2(C1)C(CC3(O2)CCN(C3)C(C)C)CC(C)N4CCOC5(C4)CCN(C5)C
523,CC1=C(C(=NN1CC(C)C(=O)NCC(=O)OC)C)Br,1 15 80 92 114 158 195 197 283 378 573 650 695 728 754 797 807 841 935 1057 1152 1255 1380 1386 1440 1453 1458 1555 1575 1577 1631 1722 1760 1766 1805 1822 1917 1922 1956,CC1=C(C(=NN1CC(C)C(=O)NCC(=O)OC)C)Br
524,CC1=C(C=CC(=C1)S(=O)(=O)N2C3CC2CN(C3)C4=NN5C=NN=C5C=C4)OC,64 94 177 202 249 281 317 319 350 357 378 407 527 622 635 650 695 715 739 784 800 819 841 875 887 926 932 935 1019 1027 1057 1129 1164 1228 1292 1296 1380 1391 1476 1529 1536 1587 1722 1724 1729 1750 1786 1811 1858 1873 1910 1956 1970,CC1=C(C=CC(=C1)S(=O)(=O)N2C3CC4CC2CN(C4)C5=NN6C=NN=C6C=C5)OC
525,CCOC(=O)C1=C(SC=C1C2=CC=CC=C2)NC(=O)C[NH+](C)C3CCCCC3,2 14 41 42 50 54 80 145 147 157 222 257 294 307 352 389 510 552 586 650 675 695 736 759 766 806 807 813 890 926 1019 1028 1057 1088 1129 1152 1160 1199 1206 1238 1322 1325 1380 1567 1722 1750 1777 1798 1816 1873 1901 1917 2031,CCOC(=O)C1=C(SC=C1C2=CC=CC=C2)NC(=O)C[NH+](C)C3CCCCC3
526,CCCN(CC(=O)O)C1=NC2=C(CCCCCC2)C(=C1C#N)C#N,2 80 213 259 276 294 310 358 361 378 389 430 605 650 674 763 782 790 794 807 881 898 926 1028 1057 1098 1116 1136 1190 1304 1380 1384 1391 1639 1687 1737 1738 1761 1855 1917 1921 1948 1951,CCCN(CC(=O)O)C1=NC2=C(CCCCC2)C(=C1C#N)N(CCC)CC(=O)O
527,CC(C)(C)C(C(=O)NCCSSCCC(=O)O)NS(=O)(=O)C,1 33 80 114 116 144 197 350 389 392 409 516 573 650 667 692 753 807 847 1024 1057 1126 1152 1182 1256 1287 1295 1439 1476 1507 1564 1737 1773 1917 1941 1978,CC(C)(C)C(C(=O)NCCSSCCNC(=O)C(C(C)(C)C)NS(=O)(=O)C)NS(=O)(=O)C
528,CN1C=CC=C1C(=O)NCCNC2=CC=CC=C2[N+](=O)[O-],8 80 91 95 112 136 164 197 305 354 486 488 650 667 715 716 753 807 832 838 899 935 1046 1057 1088 1099 1101 1145 1152 1195 1199 1224 1256 1380 1409 1416 1517 1696 1750 1873 1917 1963,CN1C=CC=C1C(=O)NCCNC2=CC=CC=C2[N+](=O)[O-]
529,CN1C=NN=C1C2=CC(=CC=C2)NC3CCCC3,191 281 378 428 703 736 875 890 926 932 935 1019 1023 1028 1039 1055 1057 1088 1129 1143 1145 1152 1160 1164 1233 1241 1289 1325 1380 1409 1505 1539 1589 1612 1634 1722 1750 1873,CN1C=NN=C1C2=CC(=CC=C2)NC3CCCC3
530,CC(C)(C)C(=O)OC=CCC(=O)OC=C,70 74 80 114 270 375 392 535 627 650 673 694 695 807 992 1057 1087 1195 1356 1366 1386 1491 1645 1708 1791 1876 1917 1955,CC(C)(C)C(=O)O/C=C/CC(=O)O/C=C/CC(=O)OC=C
531,CC1=C2C/C(=N\NC3=C(C=C(C=C3)[N+](=O)[O-])[N+](=O)[O-])/C2=CC=C1,199 352 354 361 369 427 428 478 542 650 715 716 725 753 811 829 837 838 871 875 926 984 1039 1057 1088 1152 1195 1224 1274 1279 1380 1391 1521 1564 1722 1750 1779 1809 1814 1856 1873 1940 1963 1999,CC1=C2C/C(=N\NC3=C(C=C(C=C3)[N+](=O)[O-])[N+](=O)[O-])/C2=CC=C1
532,COC1CCN(C1)CC2=CC(=CC=C2)OCC3=CC=CC=N3,80 119 172 249 322 378 448 542 559 562 654 695 724 739 744 745 841 875 926 935 937 959 1019 1039 1057 1066 1088 1153 1155 1199 1205 1249 1261 1325 1380 1452 1480 1501 1558 1750 1754 1765 1771 1791 1866 1873 2026,COC1CCN(C1)CC2=CC(=CC=C2)OCC3=CC=CC=N3
533,C[C@@]12CCCC([C@H]3[C@@H]1CC[C@@]2([C@H]3O)CO)(C)C,80 222 398 519 529 575 778 807 831 920 926 1009 1019 1028 1057 1060 1096 1122 1162 1232 1257 1274 1325 1358 1380 1413 1436 1744 1952 1957 2028,C[C@]1(CCCC2(C3C1C4C([C@]4(CC3)CO)CC2)C)CO
534,CC(C)COC1CC(C1(C)C)Br,1 80 118 188 249 254 283 289 491 533 549 650 695 728 823 926 1019 1057 1060 1124 1188 1274 1292 1810 1847,CC(C)COC1CC(C(C1(C)C)Br)OCC(C)C
535,CC(C)N1CCOC(C1)C(C2=C(C=NN2C)OC)N,1 43 157 249 252 267 283 378 593 656 662 695 739 786 792 796 802 812 841 896 926 935 950 1019 1057 1105 1129 1145 1171 1265 1374 1380 1418 1438 1480 1535 1536 1590 1832 1850 1873 1966 1970,CC(C)N1CCOC(C1)C(C2=C(C=NN2C)OC)N
536,CC(CNC(=O)CCS(=O)(=O)C1=CC=C(C=C1)NC(=O)C)N2CCCC2,1 41 80 191 197 245 249 283 319 350 481 530 547 606 650 715 807 843 849 903 926 935 978 1017 1028 1057 1077 1117 1127 1152 1174 1265 1380 1400 1407 1476 1480 1564 1589 1750 1816 1873 1917 1998,CC(CNC(=O)CCS(=O)(=O)C1=CC=C(C=C1)NC(=O)C)N2CCCC2
537,CCCC1CCCN1C2=CC3=CC=CC=C3C(=C2)C4(CC4)C,56 80 294 298 363 446 623 634 684 794 832 836 875 926 935 1019 1028 1057 1060 1087 1088 1162 1199 1227 1230 1274 1325 1357 1367 1380 1446 1480 1492 1516 1530 1552 1573 1750 1782 1825 1855 1873 1919 1980,CCCC1CCCN1C2=CC3=CC=CC=C3C(=C2)C4(CC4)C
538,C1CCN(CC1)C(=O)CNC2CCNC2,2 79 80 105 305 369 470 542 649 650 692 760 807 926 935 1009 1019 1025 1028 1114 1152 1179 1308 1325 1440 1480 1569 1634 1917 1959 1998 2009,C1CCN(CC1)C(=O)CN[C@@H]2CCNC2
539,CC1=CC=CC=[N+]1CC(=O)OC(C)C,1 7 26 69 80 170 283 418 437 463 575 585 650 695 807 910 957 1003 1057 1088 1192 1199 1380 1386 1652 1722 1750 1873 1917 1978,CC1=CC=CC=[N+]1CC(=O)OC(C)C
540,CCCOC1=CC=C(C=C1)C2=C3C(C(=C(OC3=NN2)N)C#N)C4=CC=CC=C4OCC,13 46 74 76 80 102 155 183 217 237 239 294 322 346 371 378 425 599 656 661 674 679 695 718 732 790 794 870 896 1019 1027 1034 1057 1088 1114 1136 1160 1171 1199 1238 1380 1384 1410 1448 1452 1453 1457 1632 1640 1648 1750 1810 1818 1873 1907 1924 1970 2004,CCCOC1=CC=C(C=C1)C2=C3C(C(=C(OC3=NN2)N)C#N)C4=CC=CC=C4OCC
541,CCCNC1=NC(=NC(=C1)C)CN(C)CC2=CSC(=C2)Br,23 80 117 294 341 378 507 512 532 552 616 619 646 667 675 728 794 814 875 881 883 1057 1082 1091 1099 1152 1163 1236 1380 1416 1517 1520 1567 1623 1629 1631 1722 1731 1754 1855 1869 1873 1887,CCCNC1=NC(=NC(=C1)C)CN(C)CC2=CSC(=C2)Br
542,C1=CN=C(N1)C(=O)CCl,59 80 247 302 343 378 650 667 694 806 807 1109 1114 1154 1232 1380 1452 1506 1683 1693 1866 1873 1917 1951,C1=CN=C(N1)C(=O)CCl
543,C/C(=C\C[C@@H](C[C@@H]1C=CC[C@H](O1)COC(=O)C)O)/C=O,1 19 80 109 147 227 310 406 421 479 531 598 650 656 687 694 695 807 846 897 926 1004 1017 1019 1035 1057 1083 1128 1136 1157 1177 1262 1391 1439 1512 1718 1742 1767 1801 1873 1915 1917 1921 1922 2038,C/C(=C\C[C@H](C[C@H]1C=CC[C@H](O1)COC(=O)C)O)/C=O
544,C1CCN(C1)C2=NC=C(C=C2)CNC(=O)CC3=CC4=CC=CC=C4C=C3,41 80 197 203 217 255 310 322 325 333 378 407 527 598 635 650 680 730 807 875 885 926 935 1028 1087 1088 1152 1175 1199 1370 1380 1387 1452 1480 1510 1535 1573 1750 1754 1815 1822 1855 1873 1917 1998,C1CCN(C1)C2=NC=C(C=C2)CNC(=O)CC3=CC4=CC=CC=C4C=C3
545,CCOC1=C(C=C(C(=C1)/C=C(/C#N)\C(=O)NC2=CC=CC(=C2)C(F)(F)F)Br)OCC3=CC=C(C=C3)[N+](=O)[O-],32 80 107 114 116 159 179 184 191 237 294 310 425 650 674 694 695 703 715 728 745 747 753 769 790 803 807 809 833 838 875 945 961 990 1012 1039 1057 1058 1079 1088 1093 1103 1152 1195 1210 1226 1238 1260 1274 1380 1384 1417 1452 1453 1522 1631 1746 1750 1754 1809 1814 1816 1873 1917 1928 1963 1970 2017 2042,CCOC1=C(C=C(C(=C1)/C=C(\C#N)/C(=O)NC2=CC=CC(=C2)C(F)(F)F)Br)OCC3=CC=C(C=C3)[N+](=O)[O-]
546,CN(CC1=CC2=NSN=C2C=C1)C3=NC=CC(=N3)N4CCC(CC4)O,14 61 77 80 122 145 310 335 378 407 507 527 590 675 735 787 806 807 875 881 926 935 961 1019 1028 1057 1097 1101 1163 1175 1257 1309 1325 1380 1413 1452 1480 1511 1640 1708 1736 1750 1754 1830 1852 1855 1866 1873 1891,CN(CC1=CC2=NSN=C2C=C1)C3=NC=CC(=N3)N4CCC(CC4)O
547,CC(C)(C)CN1CCC2(C1)CCSC2,50 80 114 392 463 490 602 632 675 719 760 789 926 935 962 997 1041 1057 1060 1063 1162 1280 1442 1480 1745 1791 1811 1890 1899,CC(C)(C)CN1CCC2(C1)CCN(C2)CC3(CCSC3)CN4CCC5(C4)CCN(C5)CC(C)(C)C
548,C1CC(=O)NC2=NC=CC(=C21)OC3=CC(=C(C=C3)O)[C@@H]4[C@H]5[C@]4(C5)NC(=O)NC6=CC=CC=C6OC(F)(F)F,114 207 240 314 322 344 361 378 519 548 573 650 679 687 695 718 724 787 795 807 875 926 981 988 999 1003 1019 1027 1060 1088 1114 1140 1149 1152 1165 1181 1199 1224 1295 1336 1352 1370 1380 1409 1410 1452 1453 1475 1525 1575 1602 1605 1607 1617 1671 1692 1696 1734 1738 1750 1816 1844 1866 1873 1917 1928 1942 1948 1970 1989 1997,C1CC(=O)NC2=NC=CC(=C21)OC3=CC(=C(C=C3)O)C4C5C4(C5)NC(=O)NC6=CC=CC=C6OC(F)(F)F
549,CNC(C1=CC(=CN=C1)F)C2=CN=CS2,1 3 142 173 186 190 201 287 378 675 677 699 784 875 947 1057 1152 1179 1191 1192 1200 1352 1365 1377 1380 1430 1535 1567 1603 1670 1873 1907 1928,CNC(C1=CC(=CN=C1)F)C(C2=CN=CS2)C3=CN=CS3
550,CC(C)(C)OC(=O)N[C@@H](CCCC1CC1)C(=O)O,1 29 80 114 117 218 231 343 389 392 650 695 712 736 739 752 807 832 926 1019 1040 1057 1152 1325 1393 1574 1624 1671 1758 1844 1859 1911 1917 1977,CC(C)(C)OC(=O)N[C@@H](CCCC1CC1)C(=O)O
551,CC(=CC(=O)OC)C1=CC=CC=C1CBr,80 196 221 226 251 254 283 650 690 694 695 728 807 841 1017 1057 1073 1076 1088 1120 1152 1199 1349 1380 1447 1597 1683 1750 1784 1873 1917 1991,C/C(=C\C(=O)OC)/C1=CC=CC=C1CBr
552,CC(C)CN=C1NC(C(=O)N1)C2=CC=C(C=C2)C(C)(C)C,1 25 27 33 80 114 151 213 283 301 314 392 650 725 789 926 1010 1019 1034 1057 1060 1063 1068 1114 1225 1279 1339 1380 1417 1556 1626 1665 1750 1803 1847 1873 1905 2002,CC(C)CN=C1NC(C(=O)N1)C2=CC=C(C=C2)C(C)(C)C
553,CC(C1=CC=CC=C1)N(C2CCC3(CC2)OCCO3)C(=O)C(Cl)(Cl)Cl,1 114 283 305 389 494 618 650 656 739 803 807 809 881 922 926 950 986 1017 1019 1057 1060 1088 1128 1162 1169 1197 1199 1233 1325 1355 1365 1380 1581 1657 1683 1686 1712 1750 1819 1873 1917 2046,CC(C1=CC=CC=C1)N(C2CCC3(CC2)OCCO3)C(=O)C(Cl)(Cl)Cl
554,C[C@@H]1CN(C[C@@H](O1)C)C[C@H]2CCCN2C3=NC(=NC=C3)C,80 206 281 378 384 446 527 634 656 684 739 765 787 840 882 908 926 935 1019 1028 1057 1126 1131 1159 1309 1325 1367 1380 1413 1442 1452 1480 1552 1722 1750 1791 1855 1866 1873 1921 1950 1981 1984,CC1CN(CC(O1)C)CC2CCCN2C3=NC(=NC=C3)C
555,COC(=O)C1CCCN1C2=C(C=C(C=N2)[N+](=O)[O-])Cl,42 130 341 354 366 378 446 531 534 561 634 650 684 695 715 735 753 774 807 838 841 875 879 926 935 1019 1028 1057 1071 1152 1195 1224 1274 1325 1380 1452 1480 1510 1517 1535 1683 1809 1873 1917 1963 1967,COC(=O)C1CCCN1C2=C(C=C(C=N2)[N+](=O)[O-])Cl
556,COC1=C(C(=CC=C1)F)C(=O)N(CCBr)C2CC2,58 80 249 251 293 356 404 495 586 650 695 699 728 807 809 841 881 926 1019 1032 1039 1057 1088 1104 1105 1154 1221 1251 1295 1325 1380 1410 1536 1750 1840 1873 1888 1917 1928 1951 1970,COC1=C(C(=CC=C1)F)C(=O)N(CCBr)C2CC2
557,CC1(C[C@]2(CCO1)N3[C@H](CC(=N3)C4=CC(=C(C=C4)Cl)Cl)C5=C(O2)C(=CC=C5)OC)C,86 127 231 249 253 295 349 366 371 378 492 493 561 656 666 695 743 841 875 896 926 935 950 991 1017 1019 1027 1031 1039 1057 1060 1088 1129 1160 1162 1274 1282 1294 1312 1330 1348 1380 1402 1410 1432 1525 1536 1546 1554 1661 1683 1722 1750 1853 1873 1931 1953 1961 1970 2022,CC1(C[C@@]2(CCO1)N3[C@H](CC(=N3)C4=CC(=C(C=C4)Cl)Cl)C5=C(O2)C(=CC=C5)OC)C
558,CCOC(=O)C1=C(C2=CC=CC=C2N=C1C(F)(F)F)Br,5 54 80 114 136 145 147 161 289 294 378 389 549 586 650 695 728 759 807 809 952 1057 1088 1097 1199 1218 1238 1357 1380 1453 1458 1491 1573 1631 1722 1750 1855 1873 1917 1928,CCOC(=O)C1=C(C2=CC=CC=C2N=C1C(F)(F)F)Br
559,C[C@H]1C[C@]2(C[C@@]3(C[C@@]3([C@H]2O1)C)CC(=O)OCCCN)C,13 66 80 147 206 470 492 650 656 679 695 781 807 870 901 926 981 997 1019 1034 1057 1060 1070 1083 1171 1265 1274 1309 1344 1386 1391 1436 1517 1637 1683 1707 1720 1734 1803 1840 1911 1917 1921,CC1CC2(CC(O1)(CC2(C)CC(=O)OCCCN)C)C
560,CCOC1=CC=C(C=C1)N2C(=NN=C2SCC(=O)NC3=C(C=C4C5=CC=CC=C5OC4=C3)OC)C6=CC(=CC=C6)Cl,41 58 69 80 102 116 165 216 233 237 249 294 322 341 352 368 378 384 406 561 592 633 650 656 695 718 736 747 807 841 875 935 1019 1039 1055 1057 1058 1088 1128 1133 1152 1160 1164 1191 1199 1224 1238 1245 1357 1380 1443 1449 1452 1455 1506 1508 1509 1536 1573 1604 1648 1683 1693 1722 1750 1808 1816 1825 1873 1917 1948 1959 1970 1993,CCOC1=CC=C(C=C1)N2C(=NN=C2SCC(=O)NC3=C(C=C4C5=CC=CC=C5OC4=C3)OC)C6=CC(=CC=C6)Cl
561,CC(C)C1=CC=CC2=C1C(OC2=O)(C)C,1 120 121 237 283 314 324 352 460 496 581 598 650 656 984 1039 1057 1060 1088 1274 1282 1380 1490 1587 1750 1873 2031,CC(C)C1=CC=CC2=C1C(OC2=O)(C)C
562,CN(C1=CC=C(C=C1)OC)C(=O)C2=CC(=CC(=C2)[N+](=O)[O-])C(=O)N(C)C3=CC=C(C=C3)OC,54 96 287 322 482 650 695 715 718 750 753 781 807 831 838 841 843 875 881 960 1057 1096 1163 1195 1221 1274 1380 1385 1388 1536 1706 1750 1809 1873 1917 1963,CN(C1=CC=C(C=C1)OC)C(=O)C2=CC(=CC(=C2)[N+](=O)[O-])C(=O)N(C)C3=CC=C(C=C3)OC
563,C[C@]1(CS[C@@H]2[C@@H](C(=O)N2[C@H]1C(=O)OC)NC(=O)COC3=CC=CC=C3)Cl,5 41 42 80 102 113 188 192 233 314 322 376 387 389 534 562 650 673 675 695 753 807 841 926 935 998 1019 1057 1058 1060 1085 1088 1150 1152 1191 1199 1205 1274 1279 1354 1380 1452 1456 1535 1683 1750 1833 1873 1887 1899 1917 1943 2004,C[C@@]1(CS[C@@H]2[C@@H](C(=O)N2[C@H]1C(=O)OC)NC(=O)COC3=CC=CC=C3)Cl
564,CCOC1=CC=C(C=C1)NC(=O)CN(C2CC2)C(=O)C,41 69 80 102 191 237 268 294 301 322 404 650 695 718 807 809 843 881 901 926 1017 1019 1057 1077 1104 1152 1154 1190 1238 1266 1325 1380 1452 1588 1750 1816 1873 1917 2013,CCOC1=CC=C(C=C1)NC(=O)CN(C2CC2)C(=O)C
565,C1=CC=C(C=C1)C2=C(N3C(=N2)SC(=N3)C4=CC=CC=C4)CO,64 80 85 109 122 162 222 323 378 384 389 412 471 493 675 736 807 821 837 871 918 935 1088 1160 1199 1351 1380 1750 1754 1855 1873 1917 1934 1956,C1=CC=C(C=C1)C2=C(N3C(=N2)SC(=N3)C4=CC=CC=C4)CO
566,CC1=CC2=C(C=C1)N3CCC(=O)N[C@]3(C2(C)C)/C=C/C4=CC5=C(C=C4)NC6=CC=CC=C65,25 47 119 147 235 314 388 402 650 694 784 835 875 884 926 935 1013 1057 1060 1088 1114 1199 1225 1238 1274 1295 1299 1304 1349 1357 1377 1380 1409 1441 1465 1477 1480 1573 1575 1615 1626 1711 1722 1738 1744 1745 1750 1783 1823 1873 1915 1939 1964 1966 1980 2033 2041,CC1=CC2=C(C=C1)N3CCC(=O)NC3(C2(C)C)/C=C/C4=CC5=C(C=C4)NC6=CC=CC=C65
567,C1CC(=O)NC(=O)C1N2CC3=C(C2=O)C=CC(=C3)CN[C@@H]4C[C@H]4N,80 255 310 314 340 352 466 533 650 661 680 684 875 879 921 926 935 1019 1034 1060 1108 1114 1140 1151 1152 1171 1172 1236 1250 1255 1272 1292 1312 1325 1380 1403 1569 1575 1580 1738 1750 1754 1779 1832 1873 1946 1962 1997 2038,C1CC(=O)NC(=O)C1NCC2=CC3=C(C=C2)C(=O)N(C3)C4CC(C(C4)N)N
568,CC1=C(SC(=N1)CCNC(=O)C2CCOC3=CC=CC=C3C2)Cl,69 80 92 93 123 162 170 197 203 221 231 378 441 561 615 650 656 667 675 677 689 807 828 831 926 950 974 1019 1057 1069 1088 1152 1199 1203 1236 1243 1285 1325 1332 1380 1426 1481 1529 1578 1683 1708 1722 1750 1855 1873 1905 1917 2027,CC1=C(SC(=N1)CCNC(=O)C2CCOC3=CC=CC=C3C2)Cl
569,C1CCC2(/C(=N\NC(=O)N)/C1)C(=O)N3CCN=C3S2,33 94 140 149 165 255 310 313 314 318 369 378 570 650 658 675 697 725 807 881 926 935 942 1028 1051 1060 1152 1162 1171 1280 1301 1380 1419 1457 1480 1526 1638 1644 1660 1738 1863 1917 2007 2008 2042,C1CCC2(/C(=N/NC(=O)N)/C1)N3CCN=C3SC24/C(=N/NC(=O)N)/CCCC4
570,CC(C)(C)[Si](C)(C)O[C@H](CCC=O)C1=CC=C(C=C1)F,1 80 90 114 118 378 392 401 465 494 650 656 694 695 699 739 805 887 1004 1057 1064 1256 1365 1380 1410 1557 1578 1670 1716 1750 1761 1853 1873 1879 1902 1928,CC(C)(C)[Si](C)(C)OC(CCC=O)C1=CC=C(C=C1)F
571,C=CCNC(=O)C1CCC2=C1N=C(S2)NC(=O)C3=CC=C(C=C3)Cl,42 80 122 162 197 216 302 317 378 385 476 478 486 534 561 624 650 675 689 694 765 807 816 891 926 940 1019 1048 1070 1077 1129 1152 1218 1325 1366 1380 1385 1464 1627 1645 1665 1683 1697 1738 1750 1795 1816 1855 1873 1917 1951,C=CCNC(=O)C1CCC2=C1N=C(S2)NC(=O)C3=CC=C(C=C3)Cl
572,CCCN(CC)C(=O)C1=C(C(=CC(=C1)[N+](=O)[O-])Cl)N,80 84 207 275 294 366 561 586 650 715 753 756 794 807 838 875 881 932 964 978 1008 1057 1171 1195 1221 1240 1274 1380 1388 1457 1517 1683 1761 1809 1873 1917 1951 1963 1975 1991,CCCN(CC)C(=O)C1=C(C(=CC(=C1)[N+](=O)[O-])Cl)N
573,C/C=C\C=C(\CC1=NC(=NO1)C)/C=C,80 208 248 325 371 378 432 632 656 694 807 813 844 872 917 959 995 1057 1126 1319 1366 1380 1542 1626 1645 1675 1722 1769 1844 1855 1860 1951 2047,C/C=C/C=C(/CC1=NC(=NO1)C)\C=C
574,C1CN(CCN1C#N)C2=NN(C3=CC=CC=C32)C4=CC=CC=C4,45 130 378 389 395 407 545 674 722 790 926 935 1049 1056 1088 1197 1199 1285 1357 1367 1380 1384 1411 1440 1472 1480 1508 1573 1604 1691 1750 1754 1825 1852 1873 1956,C1CN(CCN1C#N)C2=NN(C3=CC=CC=C32)C4=CC=CC=C4
575,CCC1=NNC(=C1)CN(CC)CC,74 80 251 270 294 378 405 507 724 875 880 881 892 917 932 1057 1114 1339 1380 1387 1799 1873 1976 1981 2004 2009,CCC1=NNC(=C1)CN(CC)CC
576,CC1(CC1)CN2C3=C(C=C(C=C3)S(=O)(=O)NC4(CC4)C)C(=O)N(C2=O)C5CN(C5)C(=O)C=C,37 45 80 113 145 198 265 270 314 319 350 417 502 504 538 563 566 650 694 715 739 771 792 802 807 814 875 926 935 948 959 1019 1057 1060 1062 1082 1152 1162 1204 1239 1268 1274 1357 1366 1380 1476 1568 1589 1645 1716 1750 1786 1801 1811 1824 1873 1910 1912 1917 2009 2021,CC1(CC1)CN2C3=C(C=C(C=C3)S(=O)(=O)NC4(CC4)C=C)C(=O)N(C2=O)C5CN(C5)C(=O)C=C
577,CN(C1=CC=CC=C1)C(=O)C2=CN=C(C=C2)N3CCN(CC3)C4=CC=CC=N4,54 96 217 288 364 378 389 407 448 527 530 635 650 807 843 879 881 926 935 1057 1088 1096 1155 1163 1175 1199 1221 1370 1380 1385 1452 1480 1508 1535 1697 1706 1750 1768 1866 1873 1917,CN(C1=CC=CC=C1)C(=O)C2=CN=C(C=C2)N3CCN(CC3)C4=CC=CC=N4
578,CC(C)(C)CC1=CC(=CC=C1)C(=O)N(C)CCNC(C)(C)C,21 80 89 114 268 334 392 603 640 650 667 794 807 875 880 881 888 997 1039 1057 1066 1088 1152 1163 1221 1241 1380 1385 1578 1653 1687 1750 1754 1849 1873 1917 1951 1984 1985,CC(C)(C)CC1=CC(=CC=C1)C(=O)N(C)CCNC(C)(C)C
579,CC1CCCC(C1)NC2=C(C=C(C=N2)N)C(=O)O,77 305 378 389 428 438 456 525 650 693 708 807 875 888 926 1019 1028 1032 1047 1057 1063 1141 1148 1152 1171 1247 1292 1309 1325 1380 1452 1457 1535 1589 1634 1803 1873 1883 1917 1990 1991,CC1CCCC(C1)NC2=C(C=C(C=N2)N)C(=O)O
580,CON=C(C1=CSC(=N1)N)C(=O)N[C@H]2[C@@H]3N(C2=O)C[C@@](S3)(C(=O)O)N4CCN(C4=O)N=C5SCCS5,5 28 92 150 157 184 233 235 314 378 382 387 389 431 440 464 547 552 602 650 653 675 684 695 725 753 789 792 807 841 855 891 926 935 963 1007 1008 1019 1057 1060 1108 1152 1171 1191 1210 1252 1264 1279 1281 1286 1338 1380 1422 1441 1457 1463 1480 1505 1547 1552 1567 1572 1635 1690 1855 1859 1873 1893 1917 1982 2021 2037,CO/N=C(/C1=CSC(=N1)N)\C(=O)N[C@H]2[C@@H]3N(C2=O)C[C@]4(S3)CN5C4(CCSC5=O)C(=O)O
581,C[C@@H](C1=C(C=CO1)Br)N[C@H](C2CC2)C3=CC=CC=C3,1 166 283 384 389 656 728 745 787 833 866 907 926 979 1019 1032 1057 1088 1152 1199 1233 1325 1365 1380 1423 1442 1581 1627 1631 1739 1750 1814 1873 1874 1977 1978 2017,CC(C1=C(C=CO1)Br)NC(C2CC2)C3=CC=CC=C3
582,CC[C@@H](C(=O)NCC1=CC=CC=C1COCC)N,1 80 197 255 294 433 573 582 650 695 719 745 786 807 892 921 1048 1057 1088 1152 1171 1199 1238 1349 1380 1518 1544 1591 1597 1750 1839 1849 1873 1917 1992 1997,CCC(C(=O)NCC1=CC=CC=C1COCC)N
583,C[C@]1(CCCN(C1)C(=O)C2=NNN=C2)C3=CC=CC=C3,180 218 369 378 389 497 556 602 608 609 650 772 802 807 855 926 935 1028 1057 1060 1088 1090 1104 1114 1162 1199 1274 1380 1480 1504 1519 1535 1577 1630 1648 1728 1750 1873 1917 1919 2004 2009,CC1(CCCN(C1)C(=O)C2=NNN=C2)C3=CC=CC=C3
584,CC(C)COC(=O)NCC1=CC(=CN=C1)C2=CC=CO2,1 80 118 121 142 147 197 217 254 255 257 283 339 378 401 412 474 645 650 656 695 787 807 875 1057 1088 1152 1160 1233 1379 1380 1458 1535 1573 1603 1743 1750 1754 1758 1777 1805 1847 1873 1917 1926 2020,CC(C)COC(=O)NCC1=CC(=CN=C1)C2=CC=CO2
585,CCC1=CC(=NN1)C(=O)NC2CCN(C23CCCN(C3)CC4=NC=CS4)C,14 59 74 80 81 181 183 294 349 378 387 463 486 554 602 646 650 675 699 774 802 804 807 855 875 878 892 926 935 1019 1028 1057 1060 1082 1114 1145 1152 1162 1238 1311 1325 1339 1341 1361 1380 1422 1424 1444 1452 1480 1558 1567 1578 1632 1640 1728 1765 1791 1799 1866 1873 1917 1929 2004,CCC1=CC(=NN1)C(=O)NC2CCC23CCCN(C3)CC4=NC=CS4
586,C1CSCC1C(C2=CC3=C(O2)C(=CC=C3)F)O,1 53 133 227 521 584 656 675 699 719 753 789 807 848 875 887 926 989 1019 1032 1039 1087 1088 1325 1380 1423 1520 1547 1604 1607 1750 1828 1840 1849 1855 1873 1928 1976 1978,C1CSCC1C(C2=CC3=C(O2)C(=CC=C3)F)O
587,CNC(=O)N1CC[C@@H](C1)NC(=O)N(C)CCOC,13 80 193 218 334 345 387 433 466 486 611 650 652 695 739 807 814 841 849 881 926 935 1005 1019 1020 1057 1152 1163 1168 1261 1278 1310 1325 1430 1480 1634 1692 1917 1951 2009,CNC(=O)N1CCC(C1)NC(=O)N2CCC(C2)NC(=O)N(C)CCOC
588,C1(=C(SC(=C1F)S(=O)(=O)O)S(=O)(=O)O)F,162 350 592 626 650 675 699 807 1293 1342 1366 1380 1445 1476 1928 2034,C1(=C(SC(=C1F)S(=O)(=O)O)S(=O)(=O)O)F
589,CC1CC1C(=O)N2CCN(CC2)S(=O)(=O)C3=C(C=C(C=C3C)C(C)(C)C)C,33 114 209 246 268 350 366 375 392 585 650 800 803 807 867 875 926 935 1019 1021 1057 1108 1292 1309 1339 1380 1391 1417 1476 1480 1525 1535 1589 1722 1781 1859 1873 1917 1952 2009,C[C@H]1C[C@H]1C(=O)N2CCN(CC2)S(=O)(=O)C3=C(C=C(C=C3C)C(C)(C)C)C
590,CC(CC1=CC=CC=C1OC)CC(=O)N2CCC(C2)CN,1 10 29 79 80 249 283 405 599 650 652 678 695 739 800 807 841 895 926 935 981 1009 1019 1057 1088 1112 1171 1199 1217 1235 1290 1325 1349 1380 1410 1480 1536 1597 1661 1750 1873 1917 1943 1970 1990 2009 2038,CC(CC1=CC=CC=C1OC)CC(=O)N2CCC(C2)CN
591,C1[C@@H](C(=O)NC1=O)[C@]2(C(=O)N=C3N2C=CC=C3)CC(=O)N,44 80 140 231 237 314 378 418 533 547 592 624 648 650 655 666 807 857 862 901 926 927 935 1016 1018 1019 1034 1060 1089 1114 1171 1232 1378 1380 1387 1575 1608 1659 1757 1840 1873 1898 1917 1950 2046,C1C2C(=O)NC(=O)C2(N3C=CC=CC3=NC1=O)CC(=O)N
592,CC1=CC=C(C=C1)S(=O)(=O)N2CCCCC2C(=O)NC3=NC(=CS3)C4=CC=C(C=C4)OC,117 235 319 322 350 354 374 378 385 531 552 650 675 688 689 695 702 715 718 781 800 807 811 831 841 890 896 926 935 980 1019 1028 1057 1152 1160 1214 1264 1266 1305 1325 1380 1443 1476 1480 1536 1567 1692 1722 1750 1816 1823 1855 1873 1917 1920 1971 1998,CC1=CC=C(C=C1)S(=O)(=O)N2CCCCC2C(=O)NC3=NC(=CS3)C4=CC=C(C=C4)OC
593,CC(C)(C)[C@@H](C(=O)C[C@@H](CC1=CC=CC=C1)C(=O)OC)NC(=O)OC(C)(C)C,1 54 68 79 80 114 117 147 183 231 258 389 392 468 617 650 695 752 807 841 847 857 1040 1057 1066 1088 1152 1199 1290 1380 1478 1507 1574 1738 1750 1754 1758 1773 1859 1873 1877 1917 1922,CC(C)(C)[C@@H](C(=O)C[C@@H](CC1=CC=CC=C1)C(=O)OC)NC(=O)OC(C)(C)C
594,C[C@H](C1=CC=CC=C1)NC(=O)CCC2=NC=C(O2)C3=CC=C(C=C3)F,1 41 80 90 117 121 283 378 379 389 472 552 650 656 699 777 807 865 895 896 917 1014 1057 1088 1111 1152 1160 1199 1243 1365 1380 1410 1452 1525 1535 1564 1581 1604 1627 1670 1695 1721 1750 1873 1917 1928 1929,CC(C1=CC=CC=C1)NC(=O)CCC2=NC=C(O2)C3=CC=C(C=C3)F
595,COC1=C(C=C(C=C1)C(CCO)CN)Cl,1 80 94 158 222 249 366 447 473 560 561 567 695 739 807 841 875 981 1057 1110 1128 1171 1365 1380 1536 1683 1708 1750 1759 1853 1873 1909 1970 1996,COC1=C(C=C(C=C1)C(CCO)CN)Cl
596,C[C@]12C[C@H]1CN(C2I)C,269 298 486 512 528 661 679 739 926 935 1019 1057 1060 1135 1145 1274 1422 1474 1477 1616 1807,C[C@@]12C[C@H](CN([C@@H]1C[C@]3([C@@H]2CN([C@@H]3I)C)C)C)I
597,CC(C)CCNCC1=C(C=CC(=C1)Cl)OCC2=CC=CC=C2Cl,1 80 94 165 216 238 255 283 295 366 561 596 655 667 695 739 745 816 875 974 1004 1057 1088 1152 1199 1226 1349 1380 1452 1455 1597 1676 1681 1683 1703 1750 1847 1860 1873 1898 1970 1990,CC(C)CCNCC1=C(C=CC(=C1)Cl)OCC2=CC=CC=C2Cl
598,C1CCN(CC1)CC(=O)NC2(COC2)C3=CC=CC=C3,2 37 41 80 277 344 389 523 556 646 650 653 656 772 807 926 935 1028 1060 1088 1152 1192 1199 1203 1224 1312 1332 1380 1422 1480 1546 1750 1791 1873 1917 1920 1998,C1CCN(CC1)CC(=O)NC2(COC2)C3=CC=CC=C3
599,C1=C(C(=CC(=C1F)[N+](=O)[O-])F)CC(CN)O,1 79 80 227 246 354 383 496 650 699 715 716 753 807 832 838 875 981 1014 1138 1171 1195 1292 1349 1380 1462 1840 1873 1909 1928 1963 1974 2038,C1=C(C(=CC(=C1[N+](=O)[O-])F)[N+](=O)[O-])CC(CN)O
600,CCN1CC(C[C@H]1C(=O)N2CCC(CC2)CC3=CC=CC=C3)C4=CC=CC=C4,29 34 80 105 246 294 389 458 531 573 650 652 739 800 807 827 872 926 935 974 1019 1057 1066 1088 1115 1158 1199 1279 1292 1325 1380 1456 1480 1535 1539 1663 1750 1754 1873 1917 1991 2000 2009 2022 2026,CCN1C[C@@H](C[C@H]1C(=O)N2CCC(CC2)CC3=CC=CC=C3)C4=CC=CC=C4
601,CNCC1=CN=C(C2=CC=CC=C21)N(C)C3CCSC3,7 72 80 86 129 255 259 270 284 312 369 378 657 675 719 789 790 809 848 881 926 950 1019 1057 1088 1152 1163 1199 1325 1349 1357 1380 1423 1430 1452 1510 1535 1539 1573 1750 1828 1873 1995,CNCC1=CN=C(C2=CC=CC=C21)N(C)C3CCSC3
602,C1=CC=C(C(=C1)CC(=O)NC(=CC2=CC=C(C=C2)OC3=CC=CC=C3Br)C(=O)O)C(F)(F)F,25 41 57 80 92 114 167 193 240 255 262 271 322 325 376 389 419 446 549 650 694 695 707 718 728 807 809 833 915 1088 1118 1119 1152 1199 1349 1380 1410 1453 1597 1617 1631 1704 1746 1750 1873 1917 1924 1928 1970 2016 2033,C1=CC=C(C(=C1)CC(=O)N/C(=C/C2=CC=C(C=C2)OC3=CC=CC=C3Br)/C(=O)O)C(F)(F)F
603,CC(CN1C=C(C=N1)Br)C(=O)NC2=CC=C(C=C2)S(=O)(=O)NC3=CC(=NC(=N3)OC)OC,1 4 43 80 123 135 191 243 269 273 283 319 350 378 464 502 573 640 650 695 715 728 747 807 841 843 875 883 909 935 997 1057 1077 1099 1152 1221 1238 1270 1364 1380 1415 1476 1508 1535 1536 1555 1570 1616 1631 1634 1639 1664 1675 1750 1760 1816 1855 1873 1917 1922 2012,CC(CN1C=C(C=N1)Br)C(=O)NC2=CC=C(C=C2)S(=O)(=O)NC3=CC(=NC(=N3)OC)OC
604,CCC1C(CCO1)CNC2=C(C(=NC(=N2)C)NN)C,70 71 80 127 226 248 252 294 344 378 541 610 656 708 760 802 828 871 926 950 1015 1019 1057 1126 1134 1152 1171 1268 1325 1380 1383 1416 1454 1604 1653 1701 1722 1855 1889,CCC1C(CCO1)CNC2=C(C(=NC(=N2)C)NN)C
605,CCOC(=O)C1=C(N=C2N([C@H]1C3=CC=CC=C3)C(=O)/C(=C\C4=CC=C(O4)C5=C(C=CC(=C5)[N+](=O)[O-])C)/S2)C,62 80 121 125 145 147 162 270 281 294 314 352 378 389 504 650 656 660 675 694 695 715 753 759 807 838 844 875 927 935 1019 1057 1069 1088 1140 1169 1186 1195 1199 1212 1238 1268 1274 1279 1321 1380 1391 1427 1487 1512 1530 1531 1581 1604 1634 1663 1666 1691 1722 1750 1793 1794 1796 1809 1814 1873 1917 1919 1937 1940 1963 2022,CCOC(=O)C1=C(N=C2N(C1C3=CC=CC=C3)C(=O)/C(=C/C4=CC=C(O4)C5=C(C=CC(=C5)[N+](=O)[O-])C)/S2)C
606,CC1=CC(=C(C(=C1)C)/C=C(\C#N)/C(=O)NCC2=CC=NC=C2)C,80 136 179 197 204 255 350 378 383 493 626 638 650 674 694 736 790 803 807 875 945 1057 1079 1152 1208 1210 1272 1380 1384 1391 1573 1603 1701 1722 1746 1750 1754 1823 1866 1873 1917 1953,CC1=CC(=C(C(=C1)C)/C=C(\C#N)/C(=O)NCC2=CC=NC=C2)C
607,C=C/C=C/NC(=O)C(Cl)(Cl)Cl,107 114 192 238 305 432 650 694 778 784 803 807 978 1152 1164 1344 1366 1645 1673 1683 1768 1917,C=C/C=C/NC(=O)C(Cl)(Cl)Cl
608,CCNC1=CC(=NN1CC)C2CC2,34 80 158 294 378 380 735 755 875 926 935 980 1019 1057 1135 1152 1182 1313 1325 1358 1380 1416 1432 1445 1469 1726 1840 1873 1956 2000,CCNC1=CC(=NN1CC)C2CC2
609,CCCCCNC(=O)C(C)NC1=C(C(=CC=C1)Cl)C,1 33 80 197 252 283 294 366 556 561 573 591 592 634 650 667 684 690 794 807 974 989 1039 1057 1088 1152 1224 1380 1444 1504 1680 1683 1696 1722 1750 1873 1876 1911 1917 2011,CCCCCNC(=O)C(C)NC1=C(C(=CC=C1)Cl)C
610,CCCC1=NC=C(N1CC(C)(C)O)C2=CC=CC=C2,80 114 235 294 318 378 389 392 423 736 770 778 794 802 807 855 935 955 1057 1088 1160 1199 1243 1287 1333 1380 1446 1452 1535 1536 1692 1726 1750 1811 1873 1908,CCCC1=NC=C(N1CC(C)(C)O)C2=CC=CC=C2
611,CC(C)(C)OC(=O)N1CC(C(C1)O)CC2=NN(N=N2)C,71 80 90 114 158 226 231 378 392 458 590 650 695 739 807 830 849 869 883 926 935 1019 1033 1057 1065 1145 1164 1243 1257 1275 1380 1454 1574 1730 1749 1783 1859 1917 1951 1956 2009,CC(C)(C)OC(=O)N1C[C@@H]([C@H](C1)O)CC2=NN(N=N2)C
612,CC1=C(C(=O)N(C(=C1C#N)O)C2CCCC2)N=NC3=C(C=C(C=C3)[N+](=O)[O-])Br,18 26 126 213 221 252 314 358 504 583 589 604 618 650 674 715 725 728 753 783 790 807 833 838 875 890 926 931 935 1019 1028 1057 1136 1195 1268 1274 1325 1380 1384 1495 1514 1602 1631 1665 1722 1750 1809 1814 1868 1873 1879 1882 1910 1940 1963 1993 2046,CC1=C(C(=O)N(C(=C1C#N)O)C2CCCC2)N=NC3=C(C=C(C=C3)[N+](=O)[O-])Br
613,CC(C)(CCOC)CNC(=O)C1(CCCCCC1)C#N,2 13 41 80 114 197 310 349 392 486 587 650 659 674 695 790 807 841 926 1005 1009 1028 1057 1060 1064 1066 1152 1162 1198 1308 1384 1430 1440 1520 1584 1638 1917,CC(C)(CCOC)CNC(=O)C1(CCCCC1)C#N
614,CCN(CC)S(=O)(=O)C(F)(F)SOO[O-],80 114 116 290 294 350 533 650 695 709 715 805 881 932 1057 1070 1077 1082 1237 1274 1328 1419 1453 1476 1640 1795 1928,CCN(CC)S(=O)(=O)C(F)(F)SOO[O-]
615,CN(C)CCN(C)CC1=CC=CC=C1CNC2CC2,9 79 80 118 157 255 507 652 659 693 881 921 926 1008 1019 1057 1088 1147 1152 1163 1199 1236 1325 1349 1380 1448 1569 1597 1634 1674 1750 1873 1951,CN(C)CCN(C)CC1=CC=CC=C1CNC2CC2
616,CCNC1CCN(C(C1)C)C2=CC(=C(C(=C2)C)Br)C,25 80 81 107 267 294 684 689 728 734 805 875 926 935 1019 1057 1152 1168 1212 1283 1292 1309 1325 1380 1391 1458 1480 1516 1569 1631 1634 1722 1726 1807 1825 1873 1920,CCNC1CCN(C(C1)C)C2=CC(=C(C(=C2)C)Br)C
617,CC(C)COC(=O)NCCCNC(=O)C1=CC2=C(C=C1)NC(=C2)C3=C4C(=C(C=C3)Cl)CNC4=O,1 8 80 118 119 147 149 197 254 265 267 283 314 351 352 361 366 401 486 526 561 650 666 667 680 692 695 745 807 875 926 1016 1020 1057 1114 1152 1188 1280 1288 1324 1333 1346 1379 1380 1385 1395 1657 1683 1697 1745 1747 1750 1758 1817 1847 1855 1866 1873 1876 1911 1917 1919 1939 1950 2020,CC(C)COC(=O)NCCCNC(=O)C1=CC2=C(C=C1)NC(=C2)C3=C4C(=C(C=C3)Cl)CNC4=O
618,CC(C)N1CCN(CC1)C2=NC=CC(=C2)C(=O)NC3=NC=C4C=CC(=CC4=N3)C5=CN(N=N5)C,1 106 157 192 203 283 378 407 435 464 486 497 526 527 530 544 642 650 688 770 787 796 806 807 827 875 896 926 935 980 1057 1097 1145 1152 1160 1164 1171 1175 1265 1380 1385 1452 1478 1480 1508 1535 1557 1582 1612 1627 1739 1750 1762 1783 1795 1816 1855 1866 1873 1903 1917 1920 1986,CC(C)N1CCN(CC1)C2=NC=CC(=C2)C(=O)NC3=NC=C4C=CC(=CC4=N3)C5=CN(N=N5)C
619,CCC(C)(C)CNC(C)C(=O)NC(=O)NCC,1 80 114 197 218 263 283 294 295 392 401 484 573 587 650 709 782 807 940 954 989 1009 1057 1119 1152 1490 1624 1726 1917 1921 1989,CCC(C)(C)CNC(=O)NC(=O)C(C)NCC(C)(C)CNC(=O)NCC
620,C1CC(CN(C1)S(=O)(=O)CCC2=CC=CC=N2)CBr,29 80 172 219 251 350 378 446 448 481 484 535 539 585 650 724 728 739 766 876 926 935 1019 1028 1088 1153 1155 1199 1202 1243 1278 1325 1344 1380 1452 1476 1480 1709 1732 1750 1866 1873 1971,C1CC(CN(C1)S(=O)(=O)CCC2=CC=CC=N2)CBr
621,C=CC(=O)N1CCCN(CC1)C2=NC=CN=C2NC3=CC=C(C=C3)C(F)(F)F,114 130 157 191 369 378 383 404 407 426 491 650 680 694 708 807 809 843 888 926 931 935 959 1028 1071 1083 1152 1260 1366 1380 1417 1452 1453 1472 1480 1508 1524 1568 1589 1645 1661 1665 1750 1866 1873 1912 1917 1928 2009,c1(c(nccn1)Nc1ccc(cc1)C(F)(F)F)N1CCN(CCC1)C(=O)C=C
622,C1CC2=CC=CC=C2N(C1)C3CN(C3)C(=O)NC4=CC=CC=C4F,177 218 368 438 556 634 650 684 699 739 774 807 862 926 935 1019 1028 1032 1082 1088 1138 1152 1199 1211 1224 1228 1236 1295 1380 1381 1480 1647 1696 1708 1738 1750 1761 1816 1840 1873 1910 1917 1928 2009,C1CC2=CC=CC=C2N(C1)C3CN(C3)C(=O)NC4=CC=CC=C4F
623,CCN(C1=CC=C(C=C1)C(=O)N(C)CC2=CC(=C(C=C2)OC)OC(F)F)C(C)C,1 14 21 80 94 140 201 249 283 294 310 334 440 507 551 587 650 664 695 723 733 759 807 841 875 881 932 960 976 1027 1050 1057 1096 1163 1221 1233 1314 1380 1385 1414 1456 1476 1536 1697 1750 1754 1873 1917 1928 1970,CCN(C1=CC=C(C=C1)C(=O)N(C)CC2=CC(=C(C=C2)OC)OC(F)F)C(C)C
624,CC1=NC(=NO1)C2(CCCC2)NC(=O)C3=CC=C(C=C3)OCC=C,80 102 151 248 314 322 344 378 426 486 508 650 656 694 695 718 807 900 926 931 940 1028 1057 1060 1115 1152 1162 1203 1280 1366 1380 1385 1452 1539 1542 1638 1645 1665 1697 1722 1750 1788 1831 1855 1873 1900 1910 1917 1955 1973,CC1=NC(=NO1)C2(CCCC2)NC(=O)C3=CC=C(C=C3)OCC=C
625,CCNC(=O)C1CCN(CC1)C(=O)C2CCN(CC2)C3=CC=CC=C3[N+](=O)[O-],53 80 93 164 191 197 231 246 294 305 335 354 407 454 650 652 689 715 716 753 807 838 926 935 974 1019 1057 1088 1152 1195 1199 1275 1295 1325 1380 1480 1535 1624 1647 1726 1750 1837 1873 1917 1963 2009,CCNC(=O)C1CCN(CC1)C(=O)C2CCN(CC2)C3=CC=CC=C3[N+](=O)[O-]
626,CC1=C(C=CC=N1)C(C2=CC=C(C=C2)C3=CC=CC=C3)O,1 92 227 237 350 378 389 448 550 581 629 736 807 896 922 946 1043 1057 1088 1159 1160 1199 1365 1380 1452 1722 1750 1853 1866 1873 1964,CC1=C(C=CC=N1)C(C2=CC=C(C=C2)C3=CC=CC=C3)O
627,CCC(C)(C(=O)C1=CCCCCC1)OC,2 80 104 114 269 294 295 310 392 650 655 695 807 841 926 953 1028 1057 1147 1292 1299 1380 1509 1697 1730 1738 1756 1781 1805 1873 1875 1917 2037,CCC(C)(C(=O)/C/1=C/CCCCC1)OC
628,CC1=CC(=C)NS(=O)(=O)O1,35 84 151 207 234 469 650 656 726 841 901 975 994 1057 1114 1336 1366 1380 1654 1722 1786 1873 2012,CC1=CC(=C)NS(=O)(=O)O1
629,CCN(CC(C1=CC=C(C=C1)C(=S)N)O)C2CCCCC2,1 2 80 97 110 140 227 263 294 503 807 809 853 881 890 926 932 1019 1028 1057 1063 1114 1171 1285 1325 1326 1362 1365 1380 1385 1447 1669 1697 1750 1853 1860 1868 1873 1997,CCN(CC(C1=CC=C(C=C1)C(=S)N)O)C2CCCCC2
630,CCC1=CC=C(C=C1)C2=C(SC(=N2)CC(CC)N)C,1 56 79 80 89 145 162 294 310 313 323 378 426 463 471 675 734 786 896 1057 1160 1171 1209 1300 1380 1544 1578 1618 1627 1722 1750 1754 1758 1799 1855 1873,CCC1=CC=C(C=C1)C2=C(SC(=N2)CC(CC)N)C
631,CC(C)(C)OC(=O)N(C)CCC[NH3+],17 33 80 114 231 334 392 397 401 556 650 695 774 807 881 1057 1163 1263 1419 1574 1597 1652 1859 1911 1917 1951,CC(C)(C)OC(=O)N(C)CCC[NH3+]
632,CCCCCCCC[C@@H]1[C@H](CC[C@H]1O)C/C=C\CCCC(=O)OC(C)C,1 2 7 69 80 226 283 294 334 353 401 585 591 626 637 650 694 695 775 794 807 832 849 922 926 1019 1057 1129 1143 1196 1257 1280 1325 1356 1386 1399 1441 1444 1492 1564 1755 1786 1911 1917 1978 2039,CCCCCCC1C(CCC1O)C/C=C/CCCC(=O)OC(C)C
633,C#CCOC(=O)NC1=CC=CN(C1=O)CC2=CC3=C(C=C2)OC(O3)(F)F,80 90 95 147 166 251 310 314 494 504 550 650 656 674 675 695 699 744 807 875 900 915 935 974 1013 1035 1060 1088 1101 1152 1224 1282 1324 1326 1380 1395 1455 1479 1514 1570 1623 1681 1696 1749 1750 1754 1758 1765 1816 1873 1905 1917 1928,C#CCOC(=O)NC1=CC=CN(C1=O)CC2=CC3=C(C=C2)OC(O3)(F)F
634,[3H]C(=O)[C@@H]([C@H]([C@H]([C@@H](CO)O)O)O)O,1 80 99 222 227 444 482 650 657 694 807 829 831 843 888 1004 1125 1255 1302 1401 1642,C([C@H]([C@H]([C@@H]([C@@H]([NH2+]C=O)[NH2+][C@H]([C@H]([C@@H]([C@@H](CO)O)O)O)[NH2+]C=O)O)O)O)O
635,CC(=O)N1C[C@@H]2[C@H](C1)C2C3=NC(=NC(=C3)C4=CC(=C(N=C4)N)OC(F)F)N5CC6CC5C6,1 32 154 194 216 378 573 613 622 650 664 684 695 712 723 733 739 807 823 845 875 916 926 935 980 1017 1019 1050 1057 1134 1160 1171 1256 1292 1300 1308 1380 1436 1446 1452 1456 1457 1459 1487 1535 1738 1750 1814 1826 1831 1847 1855 1873 1877 1910 1912 1917 1928 1970 2009,n1cc(cc(c1N)OC(F)F)c1cc(nc(n1)N1CC2CC1C2)N1C2CN(CC1C2)C(=O)C
636,CO[C@H]1[C@@H]([C@@H](C(=C)O1)O)O,35 164 206 656 695 737 750 807 829 841 937 1019 1057 1126 1255 1257 1303 1323 1366 1380 1487 1769,CO[C@@H]1[C@@H]([C@@H](C(=C)O[C@H]([C@@H]([C@@H](C(=C)O1)O)O)OC)O)O
637,C1=CC(=C(C=C1C2=CSC(=C2)C(F)F)F)C(=O)O,1 23 34 67 214 287 389 456 552 600 650 675 699 785 807 875 896 1047 1050 1135 1160 1380 1405 1567 1649 1660 1750 1754 1772 1840 1873 1917 1928 1991,C1=CC(=C(C=C1C2=CSC(=C2)C(F)F)F)C(=O)O
638,CC1=NN=C(N=N1)CC2=CC=C(C=C2)CC(C)N,1 79 80 269 283 310 378 567 786 857 874 883 1039 1057 1063 1087 1112 1126 1164 1171 1380 1430 1562 1722 1750 1754 1873 1942,CC1=NN=C(N=N1)CC2=CC=C(C=C2)CC(C)N
639,CCCCCC[C@@H](CCCCCCCCCCCOS(=O)(=O)O)O,1 13 80 91 227 294 350 500 591 592 619 650 695 739 794 807 1041 1057 1143 1149 1249 1283 1444 1476 1550 1760 1911 2038,CCCCCCCCCCCCCCCCCCCCCCCCCCCCCCCCCCCCC(CCCCOS(=O)(=O)O)O
640,C1C(=O)C(=C2N1C(=CS2)C3=CC=C(C=C3)Br)C#N,92 125 201 224 314 396 566 627 650 674 675 728 751 790 896 908 909 926 935 973 1136 1157 1160 1380 1384 1391 1413 1457 1526 1631 1649 1676 1683 1750 1873 1946 1999,C1C(=O)C(=C2N1C(=CS2)C3=CC=C(C=C3)Br)C#N
641,CCNC(C1CSC2=CC=CC=C2O1)C3=CC(=CC=C3)F,1 23 80 157 163 201 225 230 257 294 329 397 560 603 656 675 699 750 782 812 875 907 926 949 1019 1039 1057 1088 1152 1199 1365 1380 1479 1481 1487 1581 1670 1726 1750 1751 1828 1873 1905 1928 1949,CCNC(C1CSC2=CC=CC=C2O1)C3=CC(=CC=C3)F
642,C[C@H]1CCCC[C@H]1N2C(=O)/C(=C/C3=CC(=C(C(=C3)Br)OC)OC)/SC2=NC4=CC=CC=C4,93 130 249 273 281 314 328 333 389 436 585 598 650 675 694 695 724 725 728 833 841 863 870 875 879 890 926 935 1019 1027 1028 1057 1086 1088 1199 1309 1325 1380 1418 1423 1473 1536 1599 1631 1632 1636 1689 1750 1828 1854 1859 1873 1892 1900 1922 1970 2009 2033 2044,C[C@H]1CCCC[C@@H]1N2C(=O)/C(=C/C3=CC(=C(C(=C3)Br)OC)OC)/SC2=NC4=CC=CC=C4
643,CC1=CC=C(C=C1)C2CCC(=O)NC2=NC(C)(C)C,114 117 208 235 244 314 339 392 440 650 654 725 926 1019 1057 1060 1089 1114 1255 1279 1325 1380 1518 1575 1722 1738 1750 1803 1823 1850 1871 1873 1920 1988 1997,CC1=CC=C(C=C1)C2CCC(=O)NC2=NC(C)(C)C
644,CC(CN=C=O)OCC(C)N=C=O,1 80 118 154 213 218 283 316 339 475 507 650 674 695 710 725 1016 1056 1057 1163 1290 1597 1686 1690 1795 1972,CC(CN=C=O)OCC(C)OCC(C)OCC(C)OCC(C)OCC(C)OCC(C)OCC(C)OCC(C)OCC(C)OCC(C)OCC(C)N=C=O
645,C[C@@H](C1=CC2=C(C=C1)NC(=O)CC2)N3C[C@H](CC3=O)C(=O)O,1 74 231 283 314 389 469 569 650 679 732 739 798 807 875 926 935 974 988 1019 1057 1060 1101 1114 1124 1137 1236 1250 1343 1353 1365 1380 1394 1431 1575 1609 1646 1665 1738 1750 1763 1853 1873 1917 1982 1997,CC(C1=CC2=C(C=C1)NC(=O)CC2)N3CC(CC3=O)C(=O)O
646,CC(C)C1=CN=C(N=C1NC2=C(C=NC=C2)C(=O)NCCCC3CCNCC3)C4=C(C=CC(=C4)Cl)F,1 8 29 80 90 94 103 114 121 165 197 216 237 283 305 352 375 378 451 486 491 561 598 650 667 699 708 712 742 793 807 816 832 843 875 926 1019 1055 1057 1114 1152 1179 1208 1224 1275 1308 1317 1325 1380 1385 1452 1516 1535 1586 1603 1683 1693 1750 1752 1812 1840 1855 1866 1873 1876 1891 1905 1911 1917 1928 1991,CC(C)C1=CN=C(N=C1NC2=C(C=NC=C2)C(=O)NCCCC3CCNCC3)C4=C(C=CC(=C4)Cl)F
647,CC1=CC(=NC(=N1)NC2=CC=CC(=C2)C(=O)NC3CCCCN3C4C(=O)CSC4=O)C,5 66 88 146 157 191 314 329 341 370 378 387 486 491 526 604 650 675 703 807 859 875 890 926 935 1019 1028 1039 1057 1088 1111 1152 1176 1189 1249 1255 1323 1325 1338 1380 1385 1427 1476 1480 1509 1520 1582 1586 1722 1731 1750 1855 1873 1910 1917 1982 1985 1998,CC1=CC(=NC(=N1)NC2=CC=CC(=C2)C(=O)NC3C(=O)CSC3=O)C
648,CC1(O[C@@H]2[C@H]([C@H](OC2O1)C(CO)O)O)C,1 80 221 222 227 271 340 482 620 656 794 798 807 903 924 971 1019 1057 1060 1070 1120 1169 1217 1257 1274 1487 1837 1879 1921 2044,CC1(O[C@@H]2[C@H]([C@H](O[C@@H]2O1)[C@@H](CO)O)O)C
649,CCCC1=NC(=CC(=C1)CNCCC)OCC2=CC=CS2,14 80 99 196 241 255 294 378 383 622 634 656 667 675 695 724 745 794 814 875 967 980 1004 1053 1054 1057 1088 1152 1243 1256 1273 1380 1452 1499 1567 1570 1580 1669 1726 1750 1754 1855 1873 1990,CCCC1=NC(=CC(=C1)CNCCC)OCC2=CC=CS2
650,CC1=C(C=CC=C1C2(CC(=CC(=C2)Cl)C(=O)N)C#N)C=C3CCN(CC3)C(=O)C4CC(C4)(F)F,53 84 140 200 246 251 252 269 281 283 309 317 364 400 441 454 561 586 644 650 674 679 694 730 748 760 790 807 808 926 935 940 961 974 984 1019 1039 1057 1060 1088 1171 1380 1384 1440 1460 1478 1480 1504 1535 1544 1683 1689 1714 1722 1738 1750 1807 1839 1859 1873 1876 1901 1917 1928 1980 2009,CC1=C(C=CC=C1C2(C=C(CC(C2)(F)F)C(=O)N)C#N)/C=C/3\CCN(CC3)C(=O)C4CC(C4)(F)F
651,CC1=C(C(=C(C=C1)SC)C(C)CN)O,1 80 116 121 150 202 283 394 446 502 682 807 875 880 981 1025 1033 1057 1171 1380 1391 1602 1626 1691 1692 1722 1723 1750 1873 1909,CC1=C(C(=C(C=C1)SC)C(C)CN)O
652,CC(=O)NC1=C(C=NC=C1)N2CCC3=CC=CC=C32,103 177 245 248 329 378 541 650 807 849 926 935 1017 1057 1081 1088 1152 1199 1208 1224 1236 1295 1380 1457 1480 1535 1577 1586 1603 1647 1708 1738 1750 1816 1866 1873 1888 1917 2022,CC(=O)NC1=C(C=NC=C1)N2CCC3=CC=CC=C32
653,C[C@@H]1C[C@@H](NC(=S)N1)C(=O)O,97 296 301 339 362 382 389 553 650 807 926 1019 1057 1114 1292 1309 1380 1431 1538 1559 1627 1645 1717 1740 1917,C[C@@H]1C[C@H](NC(=S)N1)C(=O)O
654,CCCN1C=CN=C1C(=O)C(C)OCC,1 80 86 283 294 316 378 386 387 640 650 658 695 794 807 820 830 935 1011 1057 1101 1145 1238 1241 1269 1380 1452 1455 1476 1662 1866 1873 1917 1932 1981,CCCN1C=CN=C1C(=O)C(C)OCC
655,CC1=C(C=C(C=C1)N/N=C(/C)\C2=CC(=C(C=C2)OC)COC)Cl,80 94 119 191 249 338 363 364 366 531 557 561 695 700 725 745 802 807 841 843 847 875 940 1005 1017 1057 1152 1349 1380 1385 1391 1480 1536 1581 1658 1661 1683 1691 1697 1722 1750 1755 1779 1873 1970,CC1=C(C=C(C=C1)N/N=C(/C)\C2=CC(=C(C=C2)OC)COC)Cl
656,C1=CC(=C(C=C1C(=O)OCC(=O)NCC(F)(F)F)[N+](=O)[O-])Cl,41 80 114 145 147 197 213 219 308 311 354 366 469 561 650 666 695 715 716 753 807 817 838 875 1009 1152 1195 1380 1385 1453 1499 1522 1616 1683 1697 1750 1813 1873 1917 1928 1963 1997 2004,C1=CC(=C(C=C1C(=O)OCC(=O)NCC(F)(F)F)[N+](=O)[O-])Cl
657,CCC(C(C)(C)CC1=CC(=CC=C1)Cl)C(C(=O)O)(C(F)(F)F)O,1 59 80 114 165 216 294 389 392 403 561 592 608 650 680 725 794 807 875 888 915 1039 1057 1066 1088 1202 1241 1380 1402 1452 1453 1525 1544 1683 1750 1754 1839 1873 1908 1917 1928 1977,CCC(C(C)(CC1=CC(=CC=C1)Cl)C(=O)O)C(C(F)(F)F)(C(F)(F)F)O
658,C[C@H](CCC1=CC2=C(C=C1)[N-]C(=C2OC(=O)[C@H]3[C@@H]([C@H]([C@@](O3)(CO)O)O)O)CO)CCNC,1 54 80 87 104 118 207 222 263 281 283 302 310 320 333 407 412 510 534 599 650 656 667 695 739 755 807 837 839 875 891 960 976 1006 1019 1057 1060 1070 1152 1154 1243 1257 1259 1357 1380 1393 1413 1430 1487 1503 1539 1597 1599 1720 1729 1742 1750 1754 1873 1878 1917 1995 2038,CC(CCC1=CC2=C(C=C1)C(=C3C=C(C=CC3=C2OC(=O)C4C(C(C(C(O4)(CO)O)O)O)O)CCC(C)CCNC)OC(=O)C5C(C(C(O5)(CO)O)O)O)CCNC
659,CCC(C1=NN=C(S1)C2=CC(=CS2)C)Br,1 62 80 162 190 294 378 552 573 671 675 728 875 1057 1091 1095 1164 1185 1220 1249 1273 1334 1335 1380 1386 1390 1544 1567 1629 1722 1823 1873 1934 2019,CCC(C1=NN=C(S1)C2=CC(=CS2)C)Br
660,CC1=CC=C(C=C1)N(CC(=O)O)C(=O)C2CCCC(C2)N,80 235 276 389 509 561 605 650 741 783 807 881 926 955 960 974 1019 1028 1053 1057 1063 1096 1121 1171 1190 1292 1325 1348 1380 1383 1517 1722 1737 1750 1764 1823 1832 1873 1917 1920,CC1=CC=C(C=C1)N(CC(=O)O)C(=O)C2CCCC(C2)N
661,CC1=C(C(=NC(=N1)Cl)N2C=C(C=N2)Cl)N,43 92 109 130 216 273 275 378 464 561 604 644 869 918 930 935 1057 1171 1337 1380 1455 1457 1535 1555 1683 1722 1741 1781 1855 1873 1897,CC1=C(C(=NC(=N1)Cl)N2C=C(C=N2)Cl)N
662,CCOC(=O)/C(=C\C)/NC1=CC(=O)CCC1,36 41 80 84 88 147 242 278 294 314 650 689 694 695 728 807 841 844 892 926 1028 1057 1118 1152 1238 1310 1380 1413 1604 1609 1722 1738 1816 1873 1906 1917,CCOC(=O)/C(=C\C)/NC1=CC(=O)CCC1
663,COC1=C(C=C(C=C1)[N+](=O)[O-])C(=O)NC2CCCC3=C2C=NN3CC4=CC=CC=C4,43 80 94 158 235 249 272 378 387 389 448 473 486 650 695 715 753 807 813 838 841 875 926 935 949 964 1019 1020 1022 1027 1028 1057 1066 1088 1109 1120 1152 1195 1199 1242 1274 1325 1380 1422 1442 1535 1536 1646 1683 1738 1750 1754 1762 1765 1809 1814 1873 1917 1940 1963 1970 1991 2000,COC1=C(C=C(C=C1)[N+](=O)[O-])C(=O)NC2CCCC3=C2C=NN3CC4=CC=CC=C4
664,C1CCC2=C(C1)N=C(O2)CN3CCC(CC3)CN4C(=O)C=CC(=N4)N5C=NC=N5,29 43 78 80 86 158 214 249 310 314 378 489 502 527 548 635 650 651 656 723 784 800 908 917 925 926 932 935 1006 1019 1028 1054 1141 1142 1187 1209 1261 1278 1304 1325 1341 1380 1455 1480 1603 1604 1616 1669 1738 1750 1765 1791 1810 1855 1873 1948 1956 2009,C1CCC2=C(C1)N=C(O2)CN3CCC(CC3)CN4C(=O)C=CC(=N4)N5C=NC=N5
665,CC(C)OCC(=O)N1CCN(CC1)CCO,1 74 80 205 222 283 316 473 538 650 695 760 807 926 935 996 1009 1057 1145 1217 1355 1480 1482 1589 1791 1917 1978 2004 2009,CC(C)OCC(=O)N1CCN(CC1)CCO
666,B1(OC(C(O1)(C)C)(C)C)C2=CN=C(C=C2)N3CCCC(C3)C,11 135 199 217 378 407 437 446 527 586 605 635 640 656 680 684 739 915 926 935 976 1019 1028 1029 1057 1060 1116 1141 1148 1274 1309 1325 1370 1380 1452 1480 1535 1714 1750 1821 1873,B1(OC(C(O1)(C)C)(C)C)C2=CN=C(C=C2)N3CCCC(C3)C
667,CCCCCCC(=C)/C(=C(\C=NC)/NC=O)/C1CCCCCCC1,2 12 60 62 80 172 260 294 358 407 591 635 650 694 725 794 807 890 926 943 974 978 1004 1019 1022 1028 1057 1121 1143 1152 1263 1267 1325 1366 1444 1494 1564 1650 1685 1692 1779 1911 1986,CCCCCCCCCCCCCCCCCC(=C)/C(=C(/C1CCCCC1)\NC=O)/C(=C)CCC(=NC)NC=O
668,CC/C(=C(\C1=CCCC=C1)/C2=CC=C(C=C2)OCCN(C)C)/CC3=CC=CC=C3,13 34 80 102 133 200 283 294 322 325 389 467 530 547 652 693 695 718 804 807 881 898 913 926 1017 1029 1034 1057 1066 1088 1128 1147 1163 1199 1251 1256 1298 1380 1385 1452 1582 1613 1697 1750 1754 1781 1839 1873 1887 1951,CC/C(=C(\C1=CC=C(C=C1)OCCN(C)C)/C2=CC=C(C=C2)OCCN(C)C)/CC3=CC=CC=C3
669,CCC1CCC(CC1)NC(=O)NC2=NC3=C(S2)C=C(C=C3)C#N,9 29 80 102 162 294 305 317 378 385 387 503 529 557 650 674 675 716 790 807 875 885 926 961 1018 1019 1057 1097 1136 1152 1180 1325 1380 1384 1400 1434 1454 1561 1634 1655 1669 1671 1750 1816 1855 1873 1917 1954 1975 1989,CCC1CCC(CC1)NC(=O)NC2=NC3=C(S2)C=C(C=C3)C#N
670,CC1CCC(CC1)(C)CC(C)C(C)O,1 80 227 283 416 563 620 719 807 845 926 973 1019 1057 1060 1148 1162 1274 1279 1309 1325 1340 1551 1693 1785,CC1CCC(CC1)(C)CC(C)C(C(C)O)O
671,C1CC(OC1)COC2=CC=C(C=C2)NC(=O)CC3CCN(CC3)CC4=CC=CC=C4,29 41 80 102 191 223 248 322 361 389 490 650 656 695 718 749 784 800 802 807 821 843 901 926 935 950 1004 1019 1028 1066 1077 1088 1136 1152 1157 1199 1260 1261 1325 1380 1391 1452 1468 1480 1683 1750 1754 1765 1771 1791 1816 1873 1917 1936,C1CC(OC1)COC2=CC=C(C=C2)NC(=O)CC3CCN(CC3)CC4=CC=CC=C4
672,CCC(C(=O)O)N1CCCC1=O,1 80 122 294 314 389 650 679 798 807 872 875 926 935 1028 1057 1138 1182 1340 1380 1480 1544 1721 1738 1844 1917 1977 2039,CCC(C(=O)O)N1CCCC1=O
673,CC1=NC(=[N+]=[N-])C(=C1C2=CC=CC=C2)C#N,83 92 112 311 330 341 354 378 389 487 674 692 736 740 790 792 908 927 1057 1088 1136 1160 1199 1257 1380 1384 1449 1594 1704 1722 1750 1873,CC1=NC(=C(C(=[N+]=[N-])C(=C1C2=CC=CC=C2)C#N)C3=CC=CC=C3)C
674,CC1=C(C=C(C=C1)NC2=NC=NC(=C2[N+](=O)[O-])NCC3=CC4=C(C=C3)OCO4)C,80 81 191 255 310 329 378 441 489 491 503 534 650 656 708 715 738 753 838 843 875 876 888 926 933 996 1035 1057 1152 1195 1273 1349 1367 1380 1391 1416 1452 1483 1514 1647 1691 1722 1750 1754 1779 1800 1810 1863 1873 1905 1963 2004 2037,CC1=C(C=C(C=C1)NC2=NC=NC(=C2[N+](=O)[O-])NCC3=CC4=C(C=C3)OCO4)C
675,CCOC1=CC=C(C=C1)N2C(=NN=N2)CNC(=O)C3=CC=CS3,1 14 69 79 80 102 170 186 197 233 237 241 242 255 257 294 318 322 378 383 419 486 585 650 675 695 718 807 813 915 935 1057 1088 1152 1164 1214 1238 1380 1440 1452 1567 1664 1685 1750 1783 1825 1852 1873 1917,CCOC1=CC=C(C=C1)N2C(=NN=N2)CNC(=O)C3=CC=CS3
676,COC1=CC=CC(=C1)C(C2=CC=CC=N2)N3CCCC(C3)C(=O)O,1 52 322 367 378 389 444 446 448 461 501 562 567 650 695 739 755 781 807 841 845 875 903 926 935 974 1019 1028 1039 1057 1088 1121 1155 1199 1209 1250 1265 1325 1365 1380 1431 1452 1480 1536 1581 1750 1764 1866 1873 1917 1938 1972,COC1=CC=CC(=C1)C(C2=CC=CC=N2)N3CCCC(C3)C(=O)O
677,CC(CC(=O)O)(CNC(=O)C1=CSC(=N1)C2=CC=CS2)O,14 62 77 80 114 135 197 241 344 371 378 383 389 392 473 486 515 518 552 581 650 657 675 807 855 1009 1057 1061 1088 1152 1342 1380 1416 1567 1578 1689 1737 1750 1855 1873 1876 1908 1917 1934 2021,CC(CC(=O)O)(CNC(=O)C1=CSC(=N1)C2=CC=CS2)O
678,CC1=NC(=CS1)COC2=CC=CC(=C2)/C=C\C(=O)N(CC3=CC=CC=C3)C(C)C,1 31 80 225 283 297 322 378 389 466 507 546 552 562 650 654 665 675 694 695 724 745 807 835 875 881 918 1039 1057 1066 1088 1147 1199 1249 1308 1353 1380 1452 1476 1501 1562 1567 1584 1682 1691 1693 1722 1750 1754 1782 1855 1861 1873 1917 1973 2033 2041,CC1=NC(=CS1)COC2=CC=CC(=C2)/C=C/C(=O)N(CC3=CC=CC=C3)C(C)C
679,CCNC1CC2(CC(C2)C(C)C)OC3=C1C=C(C=C3)Br,1 18 71 80 181 253 283 285 294 529 611 656 679 696 728 766 805 875 909 926 952 1019 1027 1035 1057 1060 1152 1157 1282 1362 1380 1569 1631 1634 1648 1726 1750 1873 1905 1978 2000 2035,CCNC1CC2(CC(C2)C(C)C)OC3=C1C=C(C=C3)Br
680,CC1=CC2=C(C=C1)N=C(C=C2)CC(C3=CC=C(C=C3)[N+](=O)[O-])O,1 79 80 203 227 235 263 378 650 715 724 753 769 807 838 875 919 961 1013 1031 1057 1096 1097 1195 1274 1362 1365 1380 1440 1468 1722 1750 1784 1809 1814 1823 1853 1855 1873 1951 1963 1974,CC1=CC2=C(C=C1)N=C(C=C2)CC(C3=CC=C(C=C3)[N+](=O)[O-])O
681,CCC(CNC(=O)C1=CC=C(C=C1)S(=O)(=O)C)C(=O)O,1 20 80 197 265 294 319 350 389 486 606 650 692 715 807 1057 1152 1188 1276 1380 1385 1476 1544 1577 1665 1667 1697 1750 1763 1844 1873 1877 1917 1936 2014,CCC(CNC(=O)C1=CC=C(C=C1)S(=O)(=O)C)C(=O)O
682,CC1=CC=C(C=C1)C2=CC3=C(C=C2)C4=C(C3(C)C5=CC=CC=C5)C=C(C=C4)C,235 342 352 389 493 556 680 772 785 875 896 968 980 1013 1057 1060 1088 1160 1199 1225 1274 1380 1703 1722 1750 1759 1823 1873 1920 1964 1980,CC1=CC=C(C=C1)C2=CC3=C(C=C2)C4=C(C3(C)C5=CC=CC=C5)C=C(C=C4)C6=CC=C(C=C6)C
683,CC(CC(=O)O)C1CCCN(C1)C(=O)NC2=CN(N=C2)C,1 43 80 191 218 283 327 369 378 389 446 464 650 739 807 849 926 935 949 1019 1028 1057 1141 1145 1152 1290 1325 1368 1380 1381 1399 1480 1534 1535 1634 1693 1706 1737 1762 1816 1821 1873 1908 1911 1917 1978 2009,CC(CC(=O)O)C1CCCN(C1)C(=O)NC2=CN(N=C2)C
684,CC(=O)NC1=CC=C(C=C1)CNCCC2=CC=CO2,80 99 191 245 255 310 474 530 638 650 656 663 667 787 807 843 849 1004 1017 1057 1077 1088 1152 1169 1233 1243 1380 1439 1466 1518 1750 1754 1816 1873 1917 1926 1934 1990,CC(=O)NC1=CC=C(C=C1)CNCCC2=CC=CO2
685,CC(C)(C#N)C(=O)N(C)CC1=CC=CC=C1Br,57 80 114 302 334 392 429 459 507 650 674 728 790 807 833 881 892 1057 1088 1163 1199 1249 1347 1349 1366 1380 1384 1566 1597 1603 1631 1750 1873 1917 2046,CC(C)(C#N)C(=O)N(C)CC1=CC=CC=C1Br
686,CN(C1=CC=CC=C1)S(=O)(=O)C2=CC=C(C=C2)C(=O)N3CCCCCC3,2 56 288 319 350 369 389 497 650 715 755 788 807 815 881 926 935 942 1028 1057 1088 1096 1163 1199 1380 1385 1476 1480 1504 1511 1583 1697 1750 1873 1917 1946 1998 2009,CN(C1=CC=CC=C1)S(=O)(=O)C2=CC=C(C=C2)C(=O)N3CCCCCC3
687,CC[NH+]1CCCC1CNC(=O)C2(C3=CC=CC=C3NC(=O)N2C4=C(C=CC=C4F)F)O,19 54 80 86 109 146 178 197 238 290 294 310 314 354 393 468 650 651 699 807 926 935 949 962 1019 1028 1032 1039 1057 1060 1062 1088 1114 1152 1154 1161 1199 1255 1277 1325 1380 1460 1462 1470 1554 1604 1626 1690 1729 1750 1840 1873 1917 1928 1980 1982 2017 2026,CC[NH+]1CCCC1CNC(=O)C2(C3=CC=CC=C3NC(=O)N2C4=C(C=CC=C4F)F)O
688,CC1=CC(=CC=C1)N2C(=O)C3=CC=CC=C3N=C2[C@H](C)N(C)C(=O)C(Cl)Cl,1 107 151 283 289 314 378 389 449 460 504 512 519 650 807 819 875 881 914 935 1013 1039 1040 1049 1055 1057 1088 1097 1129 1163 1199 1339 1357 1359 1380 1445 1573 1602 1603 1683 1722 1750 1811 1819 1823 1825 1855 1873 1917 1993,CC1=CC(=CC=C1)N2C(=O)C3=CC=CC=C3N=C2C(C)N(C)C(=O)C(Cl)Cl
689,CC(C)(C)C1=CC2=C(N1)C=CC(=C2)NC(=O)C3(CCCC3)C4=CC=C(C=C4)Cl,23 41 114 119 167 184 191 192 216 292 310 392 484 522 556 561 650 807 816 843 875 926 1028 1057 1060 1070 1114 1152 1162 1333 1339 1380 1460 1542 1638 1683 1745 1750 1816 1817 1821 1855 1873 1917 1939 2014 2047,CC(C)(C)C1=CC2=C(N1)C=CC(=C2)NC(=O)C3(CCCC3)C4=CC=C(C=C4)Cl
690,COCC(C(F)(F)F)OC(=O)N1CCC2(CC1)CC(CO2)Br,1 13 69 80 114 118 136 218 252 276 576 611 650 656 679 695 728 751 807 841 899 926 935 1005 1017 1019 1057 1060 1065 1162 1188 1318 1432 1453 1480 1599 1622 1630 1771 1781 1917 1923 1928 1977 2009 2032,COCC(OC(=O)N1CCC2(CC1)CC(CO2)Br)C(F)(F)F
691,CC(=O)O[C@@H]1[C@H](O[C@H]([C@@H]1OC(=O)C)N2C=C(C(=O)NC2=O)/C(=C\I)/Cl)CO,75 80 222 277 295 314 360 464 521 564 577 610 624 650 656 661 694 695 750 758 807 935 956 981 1017 1019 1035 1057 1114 1126 1144 1176 1191 1273 1292 1380 1401 1469 1516 1534 1683 1745 1764 1857 1873 1917 1921 1950 1991,CC(=O)O[C@@H]1[C@H](O[C@H]([C@@H]1OC(=O)C)N2C=C(C(=O)NC2=O)/C(=C/I)/Cl)CO
692,CC1=NOC(=C1)CN2CCN(CC2)CC(=O)NC(=O)NCC3=CC=CO3,8 41 74 80 197 248 255 277 378 474 607 650 656 697 718 784 787 807 875 926 935 977 1057 1060 1088 1119 1152 1167 1233 1312 1322 1329 1339 1380 1466 1480 1518 1542 1722 1731 1750 1765 1791 1873 1917 1920 1921 1926 1934 1989 2044,CC1=NOC(=C1)CN2CCN(CC2)CC(=O)NC(=O)NCC3=CC=CO3
693,COC1=C(C=C(C=C1)C(=O)NCCC2=NN=C(N2C3=CC=CC=C3F)SC[C@@H]4CCCO4)OC,8 67 80 94 116 140 197 248 249 265 318 341 361 378 428 466 486 526 650 656 667 695 699 747 802 807 821 828 841 875 926 935 950 967 1019 1028 1032 1057 1088 1121 1134 1150 1152 1164 1199 1243 1245 1295 1325 1380 1385 1391 1449 1468 1509 1536 1647 1697 1747 1750 1840 1873 1917 1926 1928 1970 1979 1993,COC1=C(C=C(C=C1)C(=O)NCCC2=NN=C(N2C3=CC=CC=C3F)SCC4CCCO4)OC
694,CC(=O)NC1=C(C=CC(=C1F)N=C(CCl)N)F,18 80 126 140 208 216 245 381 468 650 667 699 725 807 849 1017 1042 1057 1109 1112 1152 1171 1194 1380 1445 1613 1615 1683 1717 1750 1814 1816 1840 1873 1917 1928 1983,CC(=O)NC1=C(C=CC(=C1F)N=C(CCl)N)F
695,C1=CC=C(C=C1)SC2=CC=C(C=C2)C3=NC4=C(C=CS4)C(=O)O3,14 27 107 116 128 155 314 378 389 483 511 552 554 630 650 656 675 711 720 811 896 938 963 1047 1088 1112 1160 1199 1255 1357 1380 1468 1567 1604 1750 1802 1855 1873,C1=CC=C(C=C1)SC2=CC=C(C=C2)C3=NC4=C(C=CS4)C(=O)O3
696,C1CN(NC1=O)C2=CC=C(C=C2)O,233 254 314 542 640 650 686 745 784 807 829 926 935 1114 1313 1330 1380 1480 1575 1602 1738 1750 1755 1778 1825 1873,C1CN(NC1=O)C2=CC=C(C=C2)O
697,CCN1CCN(CC1)C(=O)CNC(=O)CCC2=CC(=C(C=C2)OC)OC,34 41 74 80 94 104 140 197 249 294 310 507 650 695 760 763 807 841 865 875 926 935 1009 1025 1027 1057 1090 1107 1152 1243 1245 1380 1440 1480 1536 1564 1589 1721 1750 1754 1791 1873 1917 1970 2009,CCN1CCN(CC1)C(=O)CNC(=O)CCC2=CC(=C(C=C2)OC)OC
698,CC(C)C(=O)N1CCCCCCCN(CC2=CC=CC=C21)CC3=CC4=CC=CC=C4N3C,1 2 45 80 100 108 175 283 463 537 564 626 634 650 710 769 807 875 926 935 1028 1036 1057 1087 1088 1145 1199 1202 1215 1236 1285 1290 1295 1349 1380 1387 1415 1422 1462 1480 1601 1647 1708 1750 1765 1791 1855 1873 1917 1946 1998,CC(C)C(=O)N1CCCCCN(CC2=CC=CC=C21)CC3=CC4=CC=CC=C4N3C
699,CC1=C(C=C(C=C1)C2=NOC(=N2)[C@H]3C[C@@H]3F)NC(=O)C4=C5C=CC(=CN5N=C4)C6=CN(N=N6)C7CC7,27 32 40 43 45 149 192 248 265 338 378 418 455 464 486 583 597 650 656 658 807 819 847 875 896 926 935 947 955 965 980 1019 1027 1057 1082 1118 1152 1160 1164 1224 1245 1281 1292 1319 1325 1360 1374 1380 1385 1391 1535 1542 1633 1669 1691 1712 1714 1722 1750 1783 1816 1855 1873 1887 1903 1910 1917 1928 1991 2013 2021,Cc1ccc(cc1NC(=O)c1cnn2cc(nnc12)C1CC1)c1noc(n1)C1CC1F
700,C[C@H]1CCCC[C@H]1C(=O)N=C2N(C3=CC=CC=C3S2)CCOC,13 30 45 80 130 162 209 241 365 461 486 501 574 581 650 675 695 725 802 807 841 885 890 926 935 1005 1019 1028 1057 1058 1088 1145 1199 1285 1309 1325 1380 1521 1646 1715 1749 1750 1854 1859 1873 1917 1930 2032 2037,CC1CCCCC1C(=O)N=C2N(C3=CC=CC=C3S2)CCOC
701,C1OC2=C(O1)C=C(C(=C2)C(=O)OCC(=O)NC3=C(C(=C(C=C3)F)F)F)[N+](=O)[O-],41 80 145 147 167 216 313 354 441 650 656 695 699 715 716 738 753 795 807 838 875 926 1152 1195 1219 1224 1349 1380 1383 1420 1445 1499 1636 1673 1750 1795 1800 1816 1840 1856 1863 1873 1905 1917 1928 1948 1963 1991 1997 2004,C1OC2=C(O1)C=C(C(=C2)C(=O)OCC(=O)NC3=C(C(=C(C=C3)F)F)F)[N+](=O)[O-]
702,COC1=CC2=C(C=C1)N=C(C=C2)C(=O)OC3=CC=CC4=CC=CC=C43,145 203 271 310 322 378 650 695 718 781 807 835 841 855 875 916 961 1039 1057 1087 1088 1096 1097 1104 1112 1178 1199 1203 1357 1380 1410 1496 1536 1573 1729 1750 1855 1873 1917 1951 1970 1972,COC1=CC2=C(C=C1)N=C(C=C2)C(=O)OC3=CC=CC4=CC=CC=C43
703,COC1=C(C=CC(=C1)NC2=NOC(=N2)C3=CC=CC=C3)C4=CN=CO4,11 121 191 248 249 329 352 378 389 487 491 533 575 642 656 680 695 720 721 736 758 841 843 875 990 1047 1057 1088 1152 1160 1175 1199 1233 1289 1380 1456 1535 1536 1542 1582 1586 1603 1631 1750 1790 1795 1855 1873 1970,COC1=C(C=CC(=C1)NC2=NOC(=N2)C3=CC=CC=C3)C4=CN=CO4
704,CC(C)OCC(CN1CCCN(CC1)C2=CC=CC=C2C#N)O,1 74 80 118 227 231 283 316 361 407 597 674 680 695 738 780 790 807 926 935 1028 1057 1062 1083 1088 1136 1199 1295 1355 1376 1380 1384 1422 1480 1489 1508 1627 1647 1750 1791 1862 1873 1922 1978 2038,CC(C)OCC(CN1CCCN(CC1)C2=CC=CC=C2C#N)O
705,C1CCC(C1)CS(=O)(=O)NC[C@@H]2[C@H]3CC[C@@]4([C@@H]2CN(C4)C(=O)CC5=CN=CC=C5)O3,29 80 167 169 246 275 325 350 378 437 484 519 602 645 650 656 734 739 807 890 926 935 1009 1019 1028 1043 1060 1066 1070 1088 1152 1162 1210 1222 1308 1325 1343 1380 1454 1476 1486 1504 1507 1535 1561 1586 1592 1603 1604 1626 1724 1747 1750 1754 1819 1846 1866 1869 1873 1917 1960 2009 2018 2039,C1CCC(C1)CS(=O)(=O)NC[C@H]2[C@H]3CN(C[C@]34CC[C@H]2O4)C(=O)CC5=CN=CC=C5
706,CN1C=C(C=N1)C2=NC=CN=C2CNC(=O)CC3=CC=CC4=CC=CC=C43,41 43 80 197 255 323 325 327 333 378 429 459 464 571 580 649 650 660 807 926 935 948 1039 1057 1071 1087 1088 1104 1145 1152 1160 1199 1299 1349 1357 1380 1452 1510 1535 1573 1597 1750 1762 1855 1866 1873 1876 1897 1917,CN1C=C(C=N1)C2=NC=CN=C2CNC(=O)CC3=CC=CC4=CC=CC=C43
707,C1C2CC3CC1CC(C2)(C3)COC(=O)COC(=O)C(C(C(C(C(F)(F)F)(F)F)(F)F)(F)F)(F)SOO[O-],30 59 70 80 114 116 147 650 679 695 709 715 807 852 868 873 886 916 924 926 972 1019 1060 1065 1070 1082 1193 1237 1272 1274 1292 1343 1386 1398 1446 1453 1512 1640 1699 1805 1917 1928 1948 1976 1996 2004,C1C2CC3CC1CC(C2)(C3)COC(=O)COC(=O)C(C(C(C(C(C(C(C(F)(F)F)(F)F)(F)F)(F)F)(F)F)(F)F)(F)F)(F)SOO[O-]
708,CC1CCC(=CC(=O)NC23CC4CC(C2)CC(C4)C3)CC1,172 305 317 344 390 549 650 679 694 703 758 807 926 973 1019 1041 1057 1060 1148 1152 1181 1267 1292 1309 1325 1380 1446 1699 1738 1773 1901 1917 1976,CC1CCC(=CC(=O)NC23CC4CC(C2)CC(C4)C3)CC1
709,CC1=NN(C(=C1/C(=N/N=C(/C2=C(N(N=C2C)C)Cl)\C)/C)Cl)C,92 378 402 561 586 619 629 725 807 935 1017 1057 1105 1145 1236 1342 1380 1534 1680 1683 1722 1755 1862 1956,CC1=NN(C(=C1/C(=N/N=C(\C)/C2=C(N(N=C2C)C)Cl)/C)Cl)C
710,C/C=C(\C=C/C=C)/C1=NC(=NC=C1F)N/N=C/C2=NC=C(C=C2)NC3=CC=CC(=C3)C(F)(F)F,31 114 185 191 192 236 329 378 411 432 490 491 493 498 544 676 685 694 699 703 725 730 784 791 807 809 843 844 864 875 990 1039 1057 1088 1134 1152 1260 1366 1380 1410 1417 1452 1453 1455 1503 1522 1535 1582 1590 1644 1645 1750 1753 1779 1840 1844 1855 1867 1873 1903 1928 2001 2017,C/C=C(\C=C\C=C)/C1=NC(=NC=C1F)N/N=C/C2=NC=C(C=C2)NC3=CC=CC(=C3)C(F)(F)F
711,C1C(COC2=CC=CC=C21)C(=O)NC3=CC=C(C=C3)SC(F)F,1 38 66 77 116 123 191 231 263 441 615 650 656 689 785 788 807 811 831 843 926 974 1019 1050 1077 1088 1152 1199 1236 1255 1380 1481 1507 1645 1707 1708 1750 1816 1873 1903 1905 1917 1923 1928,C1C(COC2=CC=CC=C21)C(=O)NC3=CC=C(C=C3)SC(F)F
712,CCC(=O)N1CN([C@@H]2[C@@H]1CCCC2)C(=O)CC,76 80 242 294 323 373 650 807 890 898 926 935 962 1009 1019 1028 1057 1325 1380 1479 1689 1916 1917,CCC(=O)N1CN([C@H]2[C@@H]1CCCC2)C(=O)CC
713,C1CC(=O)N([C@H]2[C@@H]1CN(CC2)C(=O)C3=C4N=CC=CN4N=C3)CCCN,6 40 43 75 80 103 271 314 362 378 448 451 460 585 650 652 731 739 798 807 926 935 955 981 1000 1019 1027 1088 1101 1145 1171 1325 1370 1380 1440 1452 1480 1504 1517 1535 1546 1550 1621 1671 1689 1696 1738 1775 1840 1866 1873 1887 1911 1917 1938 1961 1991 2009,C1CC(=O)N([C@@H]2[C@H]1CN(CC2)C(=O)C3=C4N=CC=CN4N=C3)CCCN
714,CCOC(=O)NNC(=S)NC[C@H]1CCCO1,80 97 110 147 197 239 248 259 294 307 361 650 656 695 745 766 802 807 821 926 950 1019 1028 1057 1152 1238 1325 1327 1340 1391 1396 1436 1468 1604 1695 1722 1758 1917,CCOC(=O)NNC(=S)NC[C@@H]1CCCO1
715,CC(C)OCC(=O)N(C)CCCC(=O)O,1 80 283 298 316 334 389 538 650 695 807 881 1057 1110 1114 1163 1237 1238 1287 1355 1564 1652 1737 1886 1911 1917 1951 1978 2004,CC(C)OCC(=O)N(C)CCCC(=O)N(C)CCCC(=O)O
716,CCCC(=O)N1CC(CC(C1)NC2CCCC2)CC,29 80 260 294 428 503 650 701 712 739 794 807 814 821 860 890 926 935 996 1009 1019 1028 1057 1152 1235 1292 1325 1338 1357 1454 1564 1634 1867 1917 1960 2009,CCCC(=O)N1C[C@H](C[C@H](C1)NC2CCCC2)CC
717,C1COCCC1NC2=C3C(=CC(=C2)Cl)C=C(N3)C4=NC(CS4)CC(=O)O,80 99 106 149 157 216 238 308 378 389 491 523 524 560 561 646 650 656 675 694 716 744 807 875 926 950 1004 1019 1081 1114 1143 1152 1224 1324 1325 1380 1405 1473 1530 1589 1634 1683 1697 1737 1745 1746 1747 1773 1828 1855 1861 1873 1917 1932 2002,C1COCCC1NC2=C3C(=CC(=C2)Cl)C=C(N3)C4=N[C@@H](CS4)CC(=O)O
718,CCN(CC)C(CC(C)C)CNC(=O)NCC1=CC(=NC=C1)N2CCCCC2,1 2 80 197 255 283 294 378 407 451 493 501 527 530 606 639 650 680 759 787 807 818 875 881 926 932 935 1028 1057 1060 1065 1129 1152 1175 1380 1452 1480 1532 1570 1573 1648 1661 1750 1754 1779 1847 1866 1873 1917 1920 1989 1998,CCN(CC)C(CC(C)C)CNC(=O)NCC1=CC(=NC=C1)N2CCCCC2
719,CN1C=C(C=N1)C(=O)NC2CCCN(C2)C3=NC=NC4=C3C=CN=C4,29 43 130 149 327 378 387 407 428 433 446 450 464 486 489 524 562 626 650 667 680 739 807 896 926 935 1019 1028 1057 1097 1145 1152 1208 1226 1249 1325 1357 1380 1385 1452 1480 1535 1586 1603 1634 1637 1678 1750 1762 1810 1866 1873 1917 1982 2044,CN1C=C(C=N1)C(=O)NC2CCCN(C2)C3=NC=NC4=C3C=CN=C4
720,C1C[C@@H](N(C1)C(=O)C2=CC3=C(C=C2)OCO3)C4=CC=C(C=C4)F,90 193 231 242 441 446 618 650 656 699 738 807 875 926 935 1019 1028 1035 1212 1229 1279 1312 1325 1349 1377 1380 1385 1410 1480 1504 1647 1670 1697 1750 1800 1803 1863 1868 1873 1905 1917 1921 1928,C1CC(N(C1)C(=O)C2=CC3=C(C=C2)OCO3)C4=CC=C(C=C4)F
721,CS(=O)(=O)C1=CC(=C(C=C1)N2CCC[C@@H](C2)C(=O)O)[N+](=O)[O-],57 246 319 350 354 389 407 446 595 650 680 692 715 716 739 753 807 838 875 926 935 971 974 1019 1028 1057 1121 1195 1250 1276 1295 1325 1357 1380 1431 1476 1480 1667 1750 1873 1915 1917 1938 1963 1995,CS(=O)(=O)C1=CC(=C(C=C1)N2CCCC(C2)C(=O)O)[N+](=O)[O-]
722,CC1=CC=C(C=C1)CNC(=O)C2=NN=C(S2)/C(=C/C3=CC=C(C=C3)OCC4=CC=NC=C4)/Cl,25 80 102 107 162 197 235 255 310 322 376 378 383 486 493 638 650 654 675 694 695 704 718 728 738 745 761 778 807 813 985 1057 1152 1164 1208 1273 1292 1380 1452 1573 1603 1683 1705 1722 1746 1750 1754 1823 1866 1873 1917 1920 2033 2037 2042,CC1=CC=C(C=C1)COC2=CC=C(C=C2)/C=C(/C3=NN=C(S3)C(=O)NCC4=CC=NC=C4)\Cl
723,C1CCCN(C(=O)CC1)CC(=O)NC2=NC(=CS2)C3CC3,2 23 41 80 117 191 236 310 314 378 380 385 552 650 675 796 798 807 926 935 980 1019 1028 1089 1123 1152 1182 1214 1284 1312 1325 1380 1480 1547 1567 1738 1759 1816 1855 1873 1917 1938 1998 2000,C1CCC(=O)N(CC1)CC(=O)NC2=NC(=CS2)C3CC3
724,CN1CCC(C1)NS(=O)(=O)CCC2CCCN2,29 80 129 156 169 195 207 305 350 481 650 739 742 832 870 911 926 935 993 1019 1028 1057 1114 1145 1146 1152 1168 1325 1476 1480 1507 1560 1634 1733 1791 1912 1962,CN1CCC(C1)NS(=O)(=O)CCC2CCCN2
725,C1=CC=C2C(=C1)C(=CC(=N2)C3=CC(=C(C=C3)Cl)Cl)C(=O)NC4=C(C=CC(=C4)[N+](=O)[O-])Cl,84 289 366 378 389 486 561 614 650 666 707 715 753 799 806 807 838 847 875 896 916 947 980 1079 1088 1097 1142 1152 1160 1195 1199 1224 1274 1357 1380 1402 1403 1554 1573 1683 1750 1809 1814 1816 1853 1855 1873 1917 1940 1963 1991,C1=CC=C2C(=C1)C(=CC(=N2)C3=CC(=C(C=C3)Cl)Cl)C(=O)NC4=C(C=CC(=C4)[N+](=O)[O-])Cl
726,C[C@H](CCC(=O)C)[C@H]1CCC2[C@@]1(CCC3C2C(=O)CC4[C@@]3(CC[C@H](C4)O)C)C,1 8 29 80 144 231 243 283 286 314 366 370 519 528 529 562 590 650 739 753 768 775 807 892 926 1017 1019 1050 1057 1060 1158 1162 1257 1274 1292 1325 1380 1457 1477 1524 1550 1555 1564 1693 1808 1815 1917 1940 1951,C[C@H](CCC(=O)C)[C@H]1CC[C@@H]2[C@@]1(CC[C@H]3[C@H]2C(=O)C[C@H]4[C@@]3(CC[C@H](C4)O)C)C
727,CCCNC(C)C1=C(C=CC=C1F)N(C)C(C)C,1 80 199 283 294 634 667 699 782 794 814 881 1030 1032 1039 1048 1057 1088 1152 1163 1362 1380 1402 1417 1476 1626 1627 1717 1750 1758 1840 1873 1928 1951 2018,CCCNC(C)C1=C(C=CC=C1F)N(C)C(C)C
728,CC1=CC=C(C=C1)OCNC(=O)NCCCN(C)C,80 102 197 235 322 425 473 479 501 541 650 652 667 693 695 718 807 881 883 946 1057 1072 1152 1163 1380 1452 1722 1750 1823 1873 1876 1911 1917 1920 1951 1989,CC1=CC=C(C=C1)OCNC(=O)NCCCN(C)C
729,CC[C@@H](C)N([C@H]1CCS(=O)(=O)C1)C(=O)COC(=O)C2=CC(=NO2)C,1 8 80 145 147 148 207 245 248 265 283 294 302 376 378 469 516 524 618 650 656 695 697 807 809 875 881 926 1019 1057 1100 1193 1238 1242 1318 1325 1362 1380 1443 1542 1544 1638 1646 1656 1722 1731 1753 1754 1861 1873 1917 1997 2004,CC[C@@H](C)N([C@H]1CCS(=O)(=O)C1)C(=O)COC(=O)C2=CC(=NO2)C
730,CN1C=NN=C1CCC(=O)N2CCC3(CC2)CC4=CC(=CC=C4)OC5=CC=CC(=C5)CCNC3=O,58 80 214 281 305 314 318 326 378 550 628 650 656 707 713 751 753 760 807 875 926 932 935 940 968 996 1009 1039 1057 1060 1088 1114 1129 1145 1159 1162 1164 1243 1370 1380 1409 1419 1480 1505 1557 1564 1574 1581 1738 1739 1750 1796 1810 1866 1873 1886 1917 1972 1973 1979 1996 2009 2019,CN1C=NN=C1CCC(=O)N2CCC3(CC2)CC(=O)C4=C(OC5=CC=CC(=C5)CCNC3=O)OC6=CC=CC(=C6)C3
731,CC(C)NC(=O)[C@@H](CC1=CC=CC=C1)N(CC2=CC=C(C=C2)F)C(=O)CSCC3=CC=CC=C3F,1 19 79 80 90 116 117 283 310 389 507 547 552 573 650 699 762 807 857 881 953 1028 1032 1057 1066 1068 1088 1147 1152 1155 1199 1238 1349 1380 1386 1404 1410 1443 1551 1597 1635 1670 1691 1750 1754 1840 1861 1873 1907 1917 1921 1928 1959,CC(C)NC(=O)C(CC1=CC=CC=C1)N(CC2=CC=C(C=C2)F)C(=O)CSCC3=CC=CC=C3F
732,C1C2CC(C1CN2)NC(=O)N3C=C(C=N3)C4=CC=CC=N4,43 80 134 218 339 378 387 447 448 464 470 528 585 626 643 650 723 807 926 935 980 1019 1088 1114 1152 1155 1160 1199 1237 1292 1333 1355 1380 1403 1452 1466 1507 1535 1750 1851 1856 1858 1866 1873 1897 1898 1917 1985,C1C2CC(C1CN2)NC(=O)N3C=C(C=N3)C4=CC=CC=N4
733,CC1=C(SC2=C1C(=N[C@H](C3=NN=C(N32)C)C(C)C(=O)O)C4=CC=C(C=C4)NC(=O)CC5=CC=C(C=C5)OC)C,1 16 41 80 106 162 168 191 252 283 310 313 322 325 378 383 389 469 476 571 629 650 675 695 718 724 730 781 807 820 831 841 843 896 901 913 917 935 1019 1056 1057 1077 1152 1160 1164 1265 1327 1380 1413 1452 1536 1571 1598 1621 1722 1734 1747 1750 1754 1756 1782 1816 1844 1858 1860 1873 1917 1993,CC1=C(SC2=C1C(=NC(C3=NN=C(N32)C)C(C)C(=O)O)C4=CC=C(C=C4)NC(=O)CC5=CC=C(C=C5)OC)C
734,CC1=C(C=C(C=C1)NC(=O)NCCC2=CSC=C2)C(=O)O,14 80 133 184 191 197 312 389 425 456 462 552 650 667 675 807 828 843 875 927 987 1047 1057 1152 1243 1380 1391 1438 1492 1507 1691 1722 1750 1754 1760 1769 1816 1873 1892 1917 1989 1990 1991,CC1=C(C=C(C=C1)NC(=O)NCCC2=CSC=C2)C(=O)O
735,CCC1=CC=C(S1)CC(CC2=CC=CC=C2OC)NCC,1 79 80 162 163 249 294 504 605 656 675 695 782 841 911 985 1057 1088 1152 1199 1217 1219 1288 1349 1380 1410 1475 1479 1536 1597 1661 1726 1742 1750 1799 1873 1970,CCC1=CC=C(S1)CC(CC2=CC=CC=C2OC)NCC
736,CC1=C(C=C2C=NN(C2=N1)C(C)C)C(=O)NC3=C(C=CC(=C3)Cl)N(C)C,1 43 46 92 95 99 157 165 216 283 378 486 561 650 807 816 834 846 847 875 881 935 947 1057 1106 1152 1163 1176 1184 1205 1224 1255 1266 1291 1380 1384 1420 1535 1683 1696 1700 1722 1750 1816 1855 1873 1917 1957 1991 2018 2029,CC1=C(C=C2C=NN(C2=N1)C(C)C)C(=O)NC3=C(C=CC(=C3)Cl)N(C)C
737,CN1CC[C@]23[C@@H]4C(=O)CC[C@]2([C@H]1CC5=C3C(=C(C=C5)O)O4)OCCCC6=CC=CC=C6,13 25 80 231 311 314 370 389 401 470 486 583 649 650 656 695 750 806 807 926 935 940 978 1004 1019 1039 1045 1057 1060 1066 1088 1100 1104 1117 1145 1162 1174 1199 1209 1236 1243 1288 1294 1338 1380 1389 1475 1480 1602 1607 1628 1656 1738 1750 1754 1760 1808 1827 1873 1874 1911 1980,CN1CC[C@]23[C@@H]4C(=O)CC[C@]2([C@H]1CC5=C3C(=C(C=C5)O)O4)OCCCC6=CC=CC=C6
738,CCN(C=NC1=CC=CC=C1)C2=CC=CC=C2C(=O)OCC,80 145 147 207 294 389 612 650 694 695 725 727 759 807 881 904 932 956 1003 1057 1086 1088 1183 1199 1238 1255 1344 1362 1379 1380 1447 1673 1722 1750 1854 1873 1917 1991 2018,CCN(C=NC1=CC=CC=C1)C2=CC=CC=C2C(=O)OCC
739,CC[N+]1=C(SC2=CC=CC=C21)C,80 162 221 294 343 394 461 463 675 800 885 983 1057 1088 1199 1346 1380 1651 1679 1722 1750 1776 1794 1873 1894,CC[N+]1=C(SC2=CC=CC=C21)C
740,CC(=O)NNC(=O)COC(=O)CCNC(=O)C12CC3CC(C1)CC(C3)C2,4 41 78 80 147 197 245 264 281 310 363 650 667 677 679 695 745 807 856 882 926 1017 1019 1057 1060 1152 1292 1386 1429 1446 1499 1564 1699 1793 1873 1917 1976 2004 2028 2030,CC(=O)NNC(=O)COC(=O)CCNC(=O)C12CC3CC(C1)CC(C3)C2
741,C[C@H]1C(CCC(C1OC(C)(C)C)CCC(C)(C)C)SC,80 94 114 116 158 226 235 317 392 394 630 674 685 695 796 802 832 926 997 1019 1057 1071 1129 1181 1308 1309 1325 1435 1859 1885 1896 1901 1950,CC1CCC(C(C1OC(C)(C)C)C)CCC(C)(C)CC(C)(C)C
742,CC(C)(C)C1CCC(C(C1)CN(C)CC2CCCCO2)O,80 114 226 245 248 255 361 392 437 585 656 657 794 802 807 821 834 849 881 890 926 950 1019 1028 1057 1096 1110 1163 1196 1236 1249 1257 1292 1325 1391 1437 1508 1618,CC(C)(C)C1CCC(C(C1)CN(C)CC2CCCCO2)O
743,CCCONC(=O)C(OC)Cl,1 13 79 80 199 294 573 650 695 768 794 807 836 841 870 872 914 1057 1152 1171 1351 1683 1803 1853 1902 1917,CCCONC(=O)C(OC)Cl
744,CC1=CC(=O)OC2=C1C=CC3=C2C(=CO3)C,14 133 171 314 346 357 384 410 465 650 656 762 875 945 1057 1063 1233 1249 1250 1357 1380 1391 1604 1722 1733 1750 1808 1810 1827 1873 1984,CC1=CC(=O)OC2=C1C=CC3=C2C(=CO3)C
745,CC1=NC(=NO1)CCNC2=C(C(=NS2)N)S(=O)(=O)N(C)C,33 50 80 112 122 248 297 350 378 508 514 518 637 650 656 667 675 763 815 881 883 900 1021 1048 1057 1152 1163 1171 1181 1219 1243 1280 1380 1400 1416 1457 1459 1476 1542 1585 1670 1722 1855 1862,CC1=NC(=NO1)CCNC2=C(C(=NS2)N)S(=O)(=O)N(C)C
746,CC1=CC(=CC2=C(C=CN=C12)CCCC(CC3=CC=C(C=C3)Cl)C4=CC=C(C=C4)C(=O)NCCC(=O)O)Cl,1 8 49 79 80 184 197 216 230 253 265 310 363 378 389 486 561 620 650 667 682 739 787 807 816 857 875 1044 1057 1070 1128 1152 1173 1225 1243 1287 1349 1357 1365 1374 1380 1385 1391 1452 1527 1564 1665 1683 1697 1722 1724 1737 1747 1750 1754 1853 1866 1873 1911 1917 1939 1974 2036 2041,CC1=CC(=CC2=C(C=CN=C12)CCCC(CC3=CC=C(C=C3)C(=O)NCCC(=O)O)C4=CC=C(C=C4)Cl)Cl
747,CC1=CC=C(C=C1)S(=O)(=O)N2C=CC3=C2C=CC(=C3C(=O)OC)OC4=CC=CC(=C4)C5=NNC(=N5)CC6=CC=CC=C6,45 74 80 83 94 105 145 235 240 255 319 322 350 374 375 378 389 404 562 586 616 650 695 715 736 800 807 841 875 906 908 935 1039 1057 1063 1066 1088 1101 1114 1152 1160 1183 1199 1245 1266 1303 1357 1370 1380 1385 1411 1430 1476 1617 1639 1722 1750 1754 1777 1823 1827 1831 1846 1855 1873 1917 1920 1945 1970 2004 2021,CC1=CC=C(C=C1)S(=O)(=O)N2C=CC3=C2C=CC(=C3C(=O)OC)OC4=CC=CC(=C4)C5=NNC(=N5)CC6=CC=CC=C6
748,CCCC(C)NC(=O)CN1C(=O)CC2=C1C=CC(=C2)N,1 41 80 97 117 283 294 314 588 647 650 739 777 794 798 807 875 888 895 898 926 935 994 1039 1057 1152 1168 1171 1209 1211 1236 1287 1295 1304 1312 1380 1457 1564 1615 1750 1824 1873 1915 1917 2018,CCCC(C)NC(=O)CN1C(=O)CC2=C1C=CC(=C2)N
749,CC(=O)N(C1=CC=CC(=C1)C2=C(C(=C(S2)C(=O)O)OCC(=O)O)Cl)C3=CC=CC=N3,80 111 119 162 288 333 378 389 448 456 495 561 614 650 675 684 695 736 781 807 875 881 925 965 1011 1017 1039 1057 1088 1096 1155 1160 1199 1211 1220 1281 1294 1326 1363 1380 1435 1440 1452 1459 1534 1588 1683 1737 1750 1866 1873 1917 1918 1943 2004 2023,CC(=O)N(C1=CC=CC(=C1)C2=C(C(=C(S2)C(=O)O)OCC(=O)O)Cl)C3=CC=CC=N3
750,CN(CC1=CNN=C1)C(=O)N2CCNC(=O)C2CC(=O)O,78 80 157 195 210 242 283 305 314 334 378 389 461 472 507 581 609 650 671 695 807 881 926 935 976 981 1004 1019 1034 1057 1114 1118 1163 1351 1380 1415 1480 1535 1549 1605 1737 1746 1754 1778 1866 1873 1879 1917,CN(CC1=CNN=C1)C(=O)N2CCNC(=O)C2CC(=O)O
751,CC1=C(C=CC(=C1)C(F)(F)F)/C=C/[N+](=O)[O-],48 114 174 457 650 683 694 715 753 809 835 838 875 961 973 1034 1057 1097 1260 1380 1391 1417 1453 1479 1522 1665 1722 1750 1873 1928 1963,CC1=C(C=CC(=C1)C(F)(F)F)/C=C/[N+](=O)[O-]
752,CC(C)C(C1=NC(=NO1)C2=CC=C(C=C2)OC)NC(=O)C3=CC=CC=C3F,1 46 117 168 186 248 283 322 378 390 486 650 656 695 699 718 781 787 807 831 841 896 934 1032 1057 1088 1152 1160 1199 1354 1380 1385 1446 1447 1536 1542 1750 1762 1773 1840 1855 1858 1866 1873 1910 1917 1928 1991 2013,CC(C)C(C1=NC(=NO1)C2=CC=C(C=C2)OC)NC(=O)C3=CC=CC=C3F
753,CNC(=O)NNC(=O)C1=CN(N=C1)C2=C(C=C(C=C2)Cl)Cl,43 165 216 304 345 366 378 450 464 486 561 604 650 745 807 816 875 896 935 942 947 960 1057 1152 1196 1209 1295 1380 1385 1430 1455 1535 1683 1699 1750 1752 1810 1873 1886 1915 1917 1989,CNC(=O)NNC(=O)C1=CN(N=C1)C2=C(C=C(C=C2)Cl)Cl
754,CCC(CC)(COCC1=C(ON=C1C)C)O,80 92 114 248 294 295 378 461 487 528 539 656 695 745 807 835 1057 1193 1288 1380 1421 1542 1637 1678 1694 1722 1904 1908 1922 1992 2034,CCC(CC)(COCC1=C(ON=C1C)C)O
755,CCCC(C)NC1=NN=C(C=C1)C(=O)NCC,1 80 197 283 294 358 378 429 473 486 564 650 687 690 739 794 807 819 855 895 967 1057 1099 1152 1164 1203 1378 1380 1526 1624 1726 1750 1824 1873 1917 2018,CCCC(C)NC1=NN=C(C=C1)C(=O)NCC
756,CCCCOCCCNCCC(=O)NC,13 41 80 294 345 425 490 584 591 650 667 691 695 718 771 794 807 1004 1057 1152 1322 1325 1396 1430 1564 1911 1917 1992 2013,CCCCOCCCNCCC(=O)NC
757,C1=CC2=NC=C(N2N=C1)C3=NC(=NC=C3)NC4=CC=C(C=C4)S(=O)(=O)NCCN5C=CC=N5,3 42 43 75 77 80 191 294 317 319 350 378 384 412 458 476 491 502 546 613 650 667 672 715 732 747 787 819 843 883 935 955 980 1043 1085 1088 1101 1145 1152 1291 1380 1423 1452 1476 1524 1535 1582 1586 1626 1639 1692 1726 1750 1819 1855 1866 1873 1960,C1=CC2=NC=C(N2N=C1)C3=NC(=NC=C3)NC4=CC=C(C=C4)S(=O)(=O)NCCN5C=CC=N5
758,CC1=CC=C(C=C1)NC(=O)C2=C(C3=C(S2)C=CC=C3Cl)N,162 172 191 235 275 366 461 480 486 561 650 675 781 807 843 885 974 1039 1057 1066 1077 1088 1152 1171 1380 1457 1683 1722 1750 1816 1823 1848 1858 1873 1887 1917 1920 1978 1984 1987,CC1=CC=C(C=C1)NC(=O)C2=C(C3=C(S2)C=CC=C3Cl)N
759,C1=CC=C2C(=C1)C(=O)N([Se]2)C3=NN=C(S3)SCCCNC(=O)O,6 58 80 97 116 162 197 314 341 378 379 389 504 558 650 667 675 711 797 807 819 921 935 999 1073 1077 1088 1152 1164 1182 1188 1199 1330 1357 1380 1414 1493 1531 1573 1599 1601 1649 1722 1750 1764 1855 1873 1876 1911 1917,C1=CC=C2C(=C1)C(=O)N([Se]2)C3=NN=C(S3)SCCCNC(=O)O
760,CC1=C(C=NC=C1)NC(C)C2=CC=C(C=C2)OC(C)C,1 62 63 283 322 331 378 555 637 658 664 690 695 718 912 968 1057 1152 1208 1224 1365 1380 1391 1535 1586 1603 1627 1695 1722 1750 1853 1866 1873 1978 2038,CC1=C(C=NC=C1)NC(C)C2=CC=C(C=C2)OC(C)C
761,CC(CNC(=NC)NCCS(=O)(=O)NCC1=CC=CC=C1)OC2=CC=CC=C2OC,1 29 74 78 80 126 140 169 197 249 255 283 350 389 481 606 638 650 664 667 695 725 807 841 942 943 949 1056 1057 1066 1088 1152 1160 1186 1199 1212 1306 1380 1410 1476 1536 1626 1742 1750 1754 1873 1898 1902 1913 1970 2016,CC(CNC(=NC)NCCS(=O)(=O)NCC1=CC=CC=C1)OC2=CC=CC=C2OC
762,CNC(=O)CCC1=C(NC2=C1CCCC2)C=C3C4=CC=CC=C4NC3=O,41 80 107 142 281 310 314 345 352 361 527 556 584 606 624 650 676 694 807 926 984 994 1028 1056 1057 1060 1088 1106 1114 1120 1152 1199 1243 1290 1380 1391 1412 1430 1470 1564 1657 1674 1721 1738 1745 1750 1873 1898 1917 1982 2005 2013 2034,CNC(=O)CCC1=C(NC2=C1CCCC2)/C=C\3/C4=CC=CC=C4NC3=O
763,CC(C)(C)OC(=O)N1C[C@@H]([C@H](C1)OC)N=[N+]=[N-],86 114 231 392 484 487 650 695 725 739 740 798 807 841 869 926 935 937 1019 1033 1057 1065 1184 1215 1275 1328 1392 1449 1541 1574 1587 1838 1859 1917 2002 2009,CC(C)(C)OC(=O)N1C[C@@H]([C@H](C1)OC)N=[N+]=[N-]
764,CC(C)(C)OC(=O)N1CC(CC1C2=CC(=CC=C2)O)F,32 65 114 231 242 381 392 564 650 695 724 739 745 800 807 833 845 875 926 935 1019 1039 1057 1065 1088 1232 1259 1275 1279 1292 1312 1380 1454 1574 1602 1663 1677 1750 1859 1873 1917 1928,CC(C)(C)OC(=O)N1C[C@@H](C[C@H]1C2=CC(=CC=C2)O)F
765,C1CCC(CC1)NC(=S)NCCNC(=O)C2=CC(=NC3=CC=CC=C32)C4=CC=CC=N4,2 8 80 97 110 197 289 378 382 387 389 428 448 486 626 650 667 673 799 807 875 890 926 966 980 1019 1028 1079 1088 1097 1142 1152 1155 1199 1256 1317 1325 1357 1380 1403 1436 1452 1497 1573 1634 1655 1750 1851 1855 1866 1873 1917 1985 1991,C1CCC(CC1)NC(=S)NCCNC(=O)C2=CC(=NC3=CC=CC=C32)C4=CC=CC=N4
766,CN(C1CNC1)C(=O)CC#C,80 197 417 470 550 650 674 772 807 809 881 915 926 974 1019 1057 1114 1163 1223 1238 1308 1487 1556 1762 1917,CN(C1CNC1)C(=O)CC#C
767,C1C(=O)N(C2=C(O1)C=CC(=C2)NC(=O)C3=CC=CC=C3F)CC4=CC(=CC=C4)Cl,80 165 184 191 216 314 422 441 475 486 561 588 592 609 650 656 699 725 728 744 798 807 843 847 875 926 934 935 1029 1032 1035 1039 1066 1088 1152 1199 1273 1295 1380 1447 1683 1708 1750 1754 1762 1765 1816 1840 1846 1873 1876 1905 1917 1928 1978 1991,C1C(=O)N(C2=C(O1)C=CC(=C2)NC(=O)C3=CC=CC=C3F)CC4=CC(=CC=C4)Cl
768,CC1=C(C=C(C=C1)C2=NOC(=N2)C(=O)N3CCCCC3)S(=O)(=O)N(C)CC4=CC=CC=C4,2 80 213 248 350 369 378 389 392 507 534 650 656 807 815 841 875 881 896 926 935 942 975 1028 1057 1065 1066 1088 1147 1160 1163 1199 1245 1322 1326 1327 1380 1385 1391 1476 1480 1490 1504 1536 1542 1691 1722 1750 1752 1754 1799 1855 1873 1910 1917 1998 2009 2013,CC1=C(C=C(C=C1)C2=NOC(=N2)C(=O)N3CCCCC3)S(=O)(=O)N(C)CC4=CC=CC=C4
769,CN1C=CN=C1C2CCCNC2,35 305 378 387 470 649 703 742 852 926 935 1019 1028 1057 1080 1099 1101 1114 1145 1308 1325 1380 1398 1409 1452 1598 1866 1873 1943 2000 2016,CN1C=CN=C1C2CCCNC2
770,C1C[C@H]2[C@H]([C@@H]2C(=O)Cl)C=C1,154 328 335 357 602 622 650 652 765 807 855 926 1019 1056 1083 1128 1147 1272 1292 1325 1683 1728 1873 1917,C1CC2C(C2C(=O)Cl)C=C1
771,CC1C(=O)NC(C(=O)N1CC2CC2)C3CC3,5 29 80 160 214 301 314 356 396 483 585 619 650 908 926 935 1019 1034 1057 1114 1309 1325 1380 1495 1654 1671 1672 1775 1893 2047,C[C@H]1C(=O)N[C@@H](C(=O)N1CC2CC2)C3CCC(CC3)CN4[C@H](C(=O)N[C@H](C4=O)C5CC5)C
772,CC1=C(C(=NC=C1/C(=N/OC)/C(=N/OC)/C)Cl)Cl,83 138 156 202 252 339 378 430 431 521 547 561 653 695 725 807 827 841 1011 1017 1057 1380 1422 1452 1461 1535 1683 1722 1873 1893 1898 1907 1991,CC1=C(C(=NC=C1/C(=N/OC)/C(=N/OC)/C)Cl)Cl
773,CC1=C(C=CC(=C1)OC2CCOCC2)N3C4=C(SC5=NC=CC(=C45)NC3=O)C(=O)NC6CCCNC6,14 39 119 146 155 162 166 238 252 305 314 322 378 382 387 428 429 470 486 511 523 524 595 649 650 656 667 675 695 716 718 742 751 781 787 807 817 864 875 888 926 935 950 1019 1028 1057 1060 1080 1113 1114 1146 1152 1270 1295 1308 1325 1380 1391 1399 1405 1452 1634 1646 1686 1722 1750 1866 1873 1915 1917 1944 1959 1982 1984 2030,CC1=C(C=CC(=C1)OC2CCOCC2)N3C4=C(SC5=NC=CC(=O)C(=C45)C)C(=O)NC6CCCNC6
774,CC(C)CN1CCN([C@H]2[C@@H]1CS(=O)(=O)C2)S(=O)(=O)C3=CC=CC=C3C#N,1 80 207 265 283 350 354 361 373 382 392 469 650 674 677 790 800 886 926 935 958 968 992 1019 1057 1062 1088 1136 1199 1315 1362 1380 1384 1437 1476 1480 1539 1629 1673 1689 1750 1773 1796 1847 1862 1873 1922 2022,CC(C)CN1CCN([C@H]2CS(=O)(=O)C[C@@H]12)S(=O)(=O)c1ccccc1C#N
775,CCN1CCN(CC1)C(=O)C2=CC=CC(=C2)C(=O)NC3=C(C=C(C=C3)C)C,34 74 80 204 235 287 294 486 497 507 526 618 650 807 865 875 926 935 942 947 1013 1039 1057 1088 1152 1224 1297 1380 1385 1391 1442 1480 1504 1589 1722 1750 1791 1795 1816 1823 1856 1873 1917 1985 2009,CCN1CCN(CC1)C(=O)C2=CC=CC(=C2)C(=O)NC3=C(C=C(C=C3)C)C
776,CCCNCC(C1=CC=CC=C1)OC2=C(C=CC(=C2)Br)C,1 80 294 389 426 606 634 664 667 695 728 766 794 814 875 887 909 944 948 996 1004 1057 1088 1089 1152 1157 1199 1365 1372 1380 1391 1581 1631 1691 1699 1722 1750 1761 1873 1970,CCCNCC(C1=CC=CC=C1)OC2=C(C=CC(=C2)Br)C
777,C/C=C/C=C/1\CC(C(=O)C(=C1)C)(C)C,84 132 208 243 314 334 353 432 454 572 632 650 694 844 869 890 926 940 953 1057 1060 1199 1274 1296 1380 1461 1722 1768 1873,C/C=C/C=C/1\CC(C(=O)C(=C1)C)(C)C
778,CCC1CCNC(C1)C(CCN)F,1 8 29 30 80 294 305 503 586 739 918 926 981 1019 1050 1054 1057 1061 1114 1171 1219 1292 1325 1454 1507 1773 1808 1812 1840 1928 2004,CCC1CCNC(C1)C(CCN)F
779,C[C@H](C(=O)C)NC(=O)CCOCCOCCNC,1 13 16 41 80 117 283 403 428 650 667 671 682 691 695 807 895 989 1002 1017 1022 1057 1152 1167 1430 1564 1649 1742 1917 1992 1995,CC(C(=O)C)NC(=O)CCOCCOCCOCCOCCOCCOCCOCCOCCOCCOCCOCCOCCOCCNC
780,CN(CCCC=C)C(=O)NC1CCCC1C(=O)O,31 80 163 193 209 285 334 387 389 401 579 650 694 807 881 926 940 1019 1028 1057 1063 1064 1152 1163 1310 1325 1366 1403 1431 1521 1614 1645 1652 1692 1911 1917 1951 2036,CN(CCCC=C)C(=O)NC1CCCC1C(=O)O
781,C1COCCC1OCC(CNC(C2=CC=CC=C2)C3=CC=CC=N3)O,1 80 91 118 119 169 227 378 389 430 448 450 462 501 523 567 606 656 695 716 782 807 823 845 926 950 1019 1047 1088 1152 1155 1192 1199 1206 1325 1365 1380 1390 1405 1452 1540 1581 1750 1866 1873 2030 2038,C1COCCC1OCC(CNC(C2=CC=CC=C2)C3=CC=CC=N3)O
782,C1C=CN=CC1(C(F)(F)F)Cl,61 113 114 210 315 378 442 861 926 983 997 1060 1062 1128 1257 1313 1453 1473 1683 1695 1706 1873 1928,C1C=CN=CC1(C(F)(F)F)C2(CC=CN=C2)Cl
783,CC(C)NC(=O)C1CCN(CC1)C(=O)C2=C3CO[C@H](CN3C=N2)C4=CC=C(C=C4)F,1 43 90 117 283 378 490 514 521 609 649 650 652 655 656 689 699 739 760 802 807 848 926 932 935 942 974 1019 1028 1057 1152 1275 1279 1319 1325 1380 1404 1410 1420 1422 1452 1460 1480 1504 1525 1670 1750 1803 1837 1839 1873 1917 1928 2009 2027 2035,CC(C)NC(=O)C1CCN(CC1)C(=O)C2=C3CO[C@@H](CN3C=N2)C4=CC=C(C=C4)F
784,CC1(C2C1CN(C2)C(=O)C3CC(CN3)O)C,187 203 340 362 470 519 549 559 590 650 739 807 926 935 1019 1057 1060 1114 1137 1257 1274 1292 1306 1507 1535 1615 1869 1895 1917 2009 2019,CC1([C@@H]2[C@H]1CN(C2)C(=O)[C@@H]3C[C@@H](CN3)O)C
785,CC1(CCC2=C(C(=C(C(=C2O1)C=O)O)C(=O)CC(=O)C3=CC=CC=C3)O)C,80 175 202 349 350 361 374 389 472 476 586 650 656 694 807 923 926 950 1004 1035 1057 1060 1063 1088 1152 1162 1199 1215 1274 1282 1294 1380 1385 1482 1513 1574 1602 1618 1634 1678 1693 1718 1738 1750 1873 1917 1985,CC1(CCC2=C(O1)C(=C(C(=C2C=O)O)C(=O)CC(=O)C3=CC=CC=C3)O)C
786,CCC1=NC(=NN1)C(=O)NC2=NN(C=C2)C(C)C,1 66 74 80 83 84 157 283 294 360 378 404 486 586 650 807 863 900 935 1021 1057 1070 1099 1101 1114 1152 1260 1380 1428 1520 1528 1591 1615 1750 1799 1816 1832 1855 1873 1917 1956 2004,CCc1nc(NC(=O)c2nc(C(C)C)[nH]n2)ccn1C(C)C
787,CN1C=C(C=N1)S(=O)(=O)N2C3CCC2CC(C3)N4C=C(N=N4)COC,43 64 80 86 265 319 327 338 350 378 437 464 488 650 695 724 745 800 821 841 926 935 965 975 1005 1019 1057 1145 1164 1207 1228 1292 1319 1325 1380 1476 1496 1525 1529 1535 1658 1762 1773 1783 1873 1910,CN1C=C(C=N1)S(=O)(=O)N2C3CCC2CC(C3)N4C=C(N=N4)COC
788,CC1=C(OC2=CC=CC=C12)C(=O)C3=C(C=CC(=C3)Cl)Cl,9 33 154 165 188 216 224 252 352 366 368 561 650 656 666 807 816 849 853 875 928 1057 1072 1088 1128 1199 1357 1380 1573 1604 1683 1722 1750 1808 1873 1917 1991,CC1=C(OC2=CC=CC=C12)C(=O)C3=C(C=CC(=C3)Cl)Cl
789,CC(C)C1=CC(=CC=C1)N=NC2=CC=C(C=C2)O,1 202 283 435 598 674 725 745 807 875 931 1039 1057 1086 1088 1313 1365 1380 1581 1583 1602 1680 1750 1778 1804 1854 1873 1930,CC(C)C1=CC(=CC=C1)N=NC2=CC=C(C=C2)O
790,CC1=CC=C(C=C1)S(=O)(=O)N(C2=CC=CC=C2)C(=O)/C=C/C3=CC(=C(C=C3)OCCC(C)C)OC,1 13 25 31 80 94 126 235 249 283 288 297 319 350 389 411 517 650 694 695 715 739 776 807 815 835 841 875 881 900 1057 1088 1096 1199 1232 1245 1308 1380 1452 1476 1518 1536 1722 1728 1750 1782 1786 1823 1828 1847 1860 1873 1917 1920 1946 1970 2033 2041,CC1=CC=C(C=C1)S(=O)(=O)N(C2=CC=CC=C2)C(=O)/C=C/C3=CC(=C(C=C3)OCCC(C)C)OC
791,CC1CCC(N(CC1)C(=O)/C=C/C2=CC=C(C=C2)NC(=O)C)C(C)C,1 25 31 38 191 242 245 253 283 401 530 650 676 694 807 835 843 849 878 926 935 945 973 1017 1019 1057 1077 1126 1148 1152 1308 1309 1325 1380 1480 1485 1664 1668 1750 1816 1818 1873 1912 1915 1917 2033,CC1CCC(N(CC1)C(=O)/C=C/C2=CC=C(C=C2)NC(=O)C)C(C)C
792,CC(C)C(C)N1C(=C(C=N1)S(=O)(=O)NCCN(C)C)N,1 43 59 80 183 283 350 378 392 502 650 652 667 693 728 732 753 834 876 881 935 1057 1152 1158 1163 1171 1255 1380 1457 1476 1535 1626 1739 1773 1837 1873 1909 1946 1951 2017,CC(C)C(C)N1C(=C(C=N1)S(=O)(=O)NCCN(C)C)N
793,CC[C@H](C1=CC(=C(C=C1)C)C)NC(=O)CN(C2=C(C=CC(=C2)Cl)OC)S(=O)(=O)C,1 37 41 80 81 94 117 165 216 246 249 273 291 294 350 503 521 561 562 613 650 692 695 797 807 816 841 875 881 1057 1152 1190 1273 1363 1365 1380 1391 1459 1476 1536 1544 1683 1684 1691 1722 1750 1755 1790 1853 1873 1884 1917 1970 2018,CCC(C1=CC(=C(C=C1)C)C)NC(=O)CN(C2=C(C=CC(=C2)Cl)OC)S(=O)(=O)C
794,CC1C(=O)N(C(N1)C2=CC=CC(=C2)C)C,5 112 250 314 650 749 827 875 878 888 935 1013 1019 1024 1039 1055 1057 1061 1088 1114 1145 1172 1279 1309 1380 1460 1663 1722 1750 1823 1873 1879,CC1C(=O)N(C(N1)C2=CC=CC(=C2)C)C
795,CCCN(CCO)C(=O)NC1CCN(C1C2=CC(=C(C=C2)F)F)C,28 80 101 193 207 216 222 294 387 407 473 486 531 579 650 699 794 807 847 875 881 922 926 935 978 1019 1057 1145 1152 1208 1279 1325 1328 1380 1403 1480 1514 1539 1543 1636 1750 1761 1803 1840 1873 1917 1924 1928 1951 1980,CCCN(CCO)C(=O)NC1CCN(C1C2=CC(=C(C=C2)F)F)C
796,CC(C)CN(CC(=O)O)C(=O)C1=CC=C(C=C1)NC(=O)C2=CC=CC=C2,1 80 191 192 283 367 389 478 486 587 605 650 807 828 843 877 881 978 1057 1077 1088 1152 1190 1199 1221 1380 1385 1665 1697 1737 1750 1795 1816 1847 1860 1873 1917 1978 1985,CC(C)CN(CC(=O)O)C(=O)C1=CC=C(C=C1)NC(=O)C2=CC=C(C=C2)NC(=O)C3=CC=CC=C3
797,C1CC(C1)C2=NC3=CC4=C(C=C3N2CC(=S)N)OCO4,45 80 97 110 140 225 378 441 480 559 656 735 738 802 807 875 911 926 935 1019 1028 1063 1097 1171 1221 1312 1325 1345 1349 1380 1394 1598 1773 1784 1800 1816 1855 1863 1873 1905 1943 2000,C1CC(C1)C2=NC3=CC4=C(C=C3N2CC(=S)N)OCO4
798,C1CC2CC(CC1N2)NC3=C(C=CC(=C3)F)[N+](=O)[O-],34 74 112 134 354 524 650 699 715 716 753 838 875 926 975 1019 1114 1152 1167 1172 1195 1224 1292 1325 1348 1380 1410 1487 1589 1616 1634 1670 1695 1715 1750 1873 1928 1963,C1CC2CC(CC1N2)NC3=C(C=CC(=C3)F)[N+](=O)[O-]
799,CN1C=C(C=N1)CN2C3=CC(=C(C=C3NC2=S)F)Cl,43 45 80 97 119 134 279 327 335 366 378 464 557 561 582 647 669 699 802 875 926 935 1033 1051 1057 1093 1114 1145 1380 1488 1535 1681 1683 1717 1745 1754 1762 1765 1801 1840 1873 1928 1989,CN1C=C(C=N1)CN2C3=CC(=C(C=C3NC2=S)F)Cl
800,CC1(C2=NC=CC(=C2)C3=COC(=N3)C(C4=NC=CC(=C4)C5=COC1=N5)(C)C)C,228 378 384 404 500 552 636 656 714 787 806 875 980 1057 1060 1160 1179 1233 1274 1279 1296 1380 1452 1465 1747 1750 1855 1866 1873 1880 1950,CC1(C2=NC=CC(=C2)C3=COC(=N3)C(C4=NC=CC(=C4)C5=COC(=N5)C(C6=NC=CC(=C6)C7=COC1=N7)(C)C)(C)C)C
801,COC1=CC(=C(C=C1)CNS(=O)(=O)C2=CC=C(C=C2)C3=NC=NC=C3)OC,80 249 255 317 319 322 339 350 378 489 502 522 570 635 650 695 715 718 753 781 841 875 876 883 896 980 1057 1080 1085 1152 1160 1208 1316 1349 1380 1452 1476 1536 1603 1626 1741 1750 1866 1873 1970 1971 1972 2029,COC1=CC(=C(C=C1)CNS(=O)(=O)C2=CC=C(C=C2)C3=NC=NC=C3)OC
802,C[C@@H]1CC2=NN3C[C@H](CCC(C3=C2CN1C(=O)NC4=C(C(=NC=C4)C(F)F)F)(F)F)CCC(=O)C,1 29 80 103 218 231 242 251 277 325 329 361 368 378 398 485 650 699 721 734 739 768 787 807 832 876 926 927 935 940 969 1017 1019 1026 1050 1057 1060 1091 1152 1162 1219 1224 1309 1325 1366 1380 1393 1405 1437 1445 1452 1476 1484 1550 1564 1683 1685 1690 1750 1806 1807 1816 1866 1873 1917 1926 1928 1946 1948 1956 1968,C[C@@H]1CC2=C(CN1C(=O)NC3=C(C(=NC=C3)C(F)F)F)N(N=C2C4(CCC(CC4)CCC(=O)C)C(=O)C)C5(CCC(CC5)CCC(=O)C)F
803,CC[C@@H](C)C1=CC=CC=C1NC(=O)CN2C=NC3=C(C2=O)C=C(S3)C4=CC=CC=C4,1 41 62 80 162 224 237 283 294 314 338 378 389 395 502 504 511 581 637 650 675 736 743 759 781 807 875 932 935 985 1039 1057 1088 1152 1160 1199 1224 1284 1288 1312 1357 1375 1380 1424 1438 1452 1455 1544 1595 1659 1696 1750 1816 1873 1917 1948,CC[C@@H](C)C1=CC=CC=C1NC(=O)CN2C=NC3=C(C2=O)C=C(S3)C4=CC=CC=C4
804,CC(C)(C)C1=CC=CC(=C1)C(=O)N2CCN(CC2)S(=O)(=O)C3=CC(=C(C=C3)Cl)Cl,33 114 268 279 319 350 366 392 497 561 585 618 650 655 666 715 757 800 807 875 926 935 942 1039 1057 1088 1339 1380 1385 1402 1417 1476 1480 1504 1554 1589 1683 1729 1750 1873 1917 1985 2009 2017,CC(C)(C)C1=CC=CC(=C1)C(=O)N2CCN(CC2)S(=O)(=O)C3=CC(=C(C=C3)Cl)Cl
805,COC(=O)C1=CC=CC=C1NS(=O)(=O)/C=C/C2=CC=CC=C2Cl,58 145 350 366 441 561 650 694 695 807 835 841 863 906 936 961 974 1057 1088 1152 1195 1199 1224 1234 1270 1361 1379 1380 1447 1476 1516 1572 1683 1696 1750 1756 1873 1917 1991 1996,COC(=O)C1=CC=CC=C1NS(=O)(=O)/C=C/C2=CC=CC=C2Cl
806,C(CC(C(=O)O)N)C(C(=O)C(=O)O)N,1 80 389 446 650 703 739 786 807 991 1171 1234 1339 1427 1791 1844 1849 1887 1917,C(C[C@@H](C(=O)C(=O)O)N)[C@@H](C(=O)C(=O)[C@H](C(=O)O)N)N
807,C[C@@H](C1=CC(=CN=C1)F)NCC2=CC(=CC=C2)CN3CCOCC3,1 3 80 142 186 201 209 255 283 378 380 473 523 656 699 744 782 784 858 875 926 935 950 1039 1057 1066 1088 1152 1179 1365 1380 1405 1441 1480 1535 1603 1627 1670 1750 1754 1765 1771 1779 1791 1849 1873 1878 1928,CC(C1=CC(=CN=C1)F)NCC2=CC(=CC=C2)CN3CCOCC3
808,CCCNC(=O)C1=CC=NC(=O)N1,8 60 80 143 197 294 314 377 378 485 486 650 667 787 794 807 814 1057 1114 1133 1152 1371 1380 1452 1653 1745 1750 1866 1873 1911 1917 1932,CCCNC(=O)C1=CC=NC(=O)N1
809,CC(C)CC1=NC(=CC(=C1)C(=O)OC(C)(C)C)NC2CCC2,1 3 79 80 114 145 231 283 378 392 428 467 650 671 695 724 726 807 817 854 875 926 1019 1028 1036 1057 1063 1099 1143 1152 1325 1327 1380 1385 1574 1589 1633 1634 1797 1847 1855 1859 1873 1917 1980,CC(C)CC1=NC(=CC(=C1)C(=O)OC(C)(C)C)NC2CCC2
810,COC1=CC=C(C=C1)OCC2=C(C3=CC(=C4C(=C3N=C2)C=CC=N4)C(=O)C(F)(F)F)C(F)(F)F,78 80 102 114 240 284 322 378 448 490 596 650 654 695 716 718 745 781 807 809 831 841 875 945 958 1043 1057 1088 1178 1199 1235 1287 1349 1357 1360 1380 1452 1453 1510 1535 1536 1573 1724 1741 1750 1756 1866 1873 1878 1917 1928 1939 1991,COC1=CC=C(C=C1)OCC2=CN=C3C4=CC=CC=C4C(=CC3=C2C(F)(F)F)C(=O)C(F)(F)F
811,CC(C1=CC2=C(O1)C(=CC=C2)OC)NC(=O)/C=C/C3=CC(=C(C=C3)OC4=CN=CC=C4)F,1 25 31 94 109 117 133 212 240 249 283 322 327 378 437 562 650 656 694 695 699 806 807 835 841 875 972 984 1009 1039 1043 1057 1087 1088 1152 1181 1197 1235 1308 1380 1410 1535 1536 1547 1586 1603 1604 1607 1617 1627 1750 1840 1849 1855 1866 1873 1886 1917 1920 1928 1945 1970 2033 2041,CC(C1=CC2=C(O1)C(=CC=C2)OC)NC(=O)/C=C/C3=CC(=C(C=C3)OC4=CN=CC=C4)F
812,C1CC2=C1C3=CC=CC=C3C4=C2C(=O)OC4=O,74 190 314 361 536 596 650 656 768 926 1088 1199 1357 1374 1380 1573 1732 1738 1747 1750 1770 1810 1873 1942,C1CC2=C(C3=CC=CC=C31)C4=C(C5=CC=CC=C25)C(=O)OC4=O
813,CC1=CC=C(C=C1)C2=NN=C(O2)C3=CC(=CC=C3)NC(=O)C(C)C,1 184 191 192 235 283 378 573 650 656 703 720 736 807 875 896 1039 1047 1057 1088 1152 1160 1164 1189 1349 1380 1384 1594 1604 1612 1664 1722 1750 1816 1823 1835 1873 1917 1920 2041,CC1=CC=C(C=C1)C2=NN=C(O2)C3=CC(=CC=C3)NC(=O)C(C)C
814,CC1=CC=CC=C1C2=NN=C(C=C2)N3CCC(CC3)C(=O)N4CCN(CC4)C5=CC=CC=C5Cl,53 95 231 246 335 352 366 378 407 409 454 527 561 625 635 650 807 926 935 974 980 984 1018 1019 1025 1057 1088 1164 1175 1199 1295 1325 1334 1380 1391 1480 1508 1530 1535 1589 1647 1683 1722 1750 1837 1873 1917 1986 1999 2009,CC1=CC=CC=C1C2=NN=C(C=C2)N3CCC(CC3)C(=O)N4CCN(CC4)C5=CC=CC=C5Cl
815,CC(CC(C)(C)C(=O)OC1CCCCO1)C(C)C(=O)OCC2=CC=CC=C2,1 70 80 87 114 147 283 361 389 392 475 507 574 629 638 650 656 695 745 768 802 807 825 852 890 926 950 1019 1028 1057 1066 1088 1126 1199 1223 1249 1325 1380 1509 1750 1754 1785 1832 1854 1873 1914 1917 1918 2042,CC(CC(C)(C)C(=O)OC1CCCCO1)C(C)C(=O)OCC2=CC=CC=C2
816,COC(=O)CC1=CC=C(NC1=O)C(F)F,1 80 195 250 301 314 325 426 429 616 622 650 695 750 807 841 1050 1057 1114 1152 1349 1380 1386 1405 1598 1741 1745 1750 1785 1873 1917 1928 2034,COC(=O)CC1=CC=C(NC1=O)C(F)F
817,CC1=CC(=CC(=C1C(=O)O[C@@H]2[C@@H](O[C@H]([C@@H]2OC(=O)C)N3C=CC(=O)NC3=O)CO)OC)O,44 75 80 81 145 167 222 249 295 314 521 564 577 586 610 650 656 695 745 758 807 841 875 935 956 981 1017 1019 1035 1057 1077 1101 1114 1126 1176 1355 1380 1391 1401 1438 1516 1522 1536 1602 1611 1637 1678 1722 1745 1750 1764 1828 1857 1873 1917 1921 1950 1970 2000 2041,CC1=CC(=CC(=C1C(=O)O[C@@H]2[C@H](O[C@H]([C@@H]2OC(=O)C)N3C=CC(=O)NC3=O)CO)OC)O
818,CS(=O)(=O)N(CC(=O)NC1=CC=C(C=C1)S(=O)(=O)N2CCOCC2)C3=CC4=C(C=C3)OCO4,41 80 81 191 199 224 268 319 350 366 374 441 521 523 585 650 656 692 715 738 757 761 797 800 807 843 875 881 901 926 935 950 960 1035 1057 1077 1096 1152 1190 1241 1349 1380 1405 1441 1476 1480 1647 1684 1750 1800 1816 1863 1873 1905 1917,CS(=O)(=O)N(CC(=O)NC1=CC=C(C=C1)S(=O)(=O)N2CCOCC2)C3=CC4=C(C=C3)OCO4
819,CC(CCOC1=CC=CC=C1C#N)CCCl,1 13 80 283 361 375 493 599 600 674 695 739 755 790 1057 1062 1071 1080 1088 1109 1136 1199 1380 1384 1410 1452 1456 1518 1683 1728 1750 1862 1873 1970,CC(CCOC1=CC=CC=C1C#N)CCCl
820,C=CCNC(=S)NC1=C(C=C(C=N1)Cl)Cl,80 97 110 119 197 216 227 271 324 366 378 421 561 694 708 730 765 807 875 940 1077 1152 1209 1366 1380 1407 1436 1452 1535 1645 1683 1816 1873 1951 1990,C=CCNC(=S)NC1=C(C=C(C=N1)Cl)Cl
821,CC(C)CC(CONC(=O)C1=C(C(=C(C=C1)F)F)NC2=C(C=C(C=C2)I)F)O,1 12 67 80 104 118 216 227 283 367 381 459 486 491 596 626 650 661 680 695 699 701 759 807 836 875 947 1017 1057 1145 1146 1152 1171 1224 1380 1420 1445 1471 1494 1499 1594 1750 1839 1840 1847 1856 1873 1915 1917 1928 1991 2038,CC(C)CC(CONC(=O)C1=C(C(=C(C=C1)F)F)NC2=C(C=C(C=C2)I)F)O
822,CC1=CC(=C(C=C1)NC(=S)N[C@H]2C[C@@H]3C[C@@H]2C=C3)C,90 97 110 204 235 273 387 410 605 807 848 875 926 929 952 1013 1019 1057 1083 1152 1224 1292 1297 1379 1380 1386 1389 1391 1400 1403 1436 1442 1722 1750 1816 1823 1856 1873 1877,CC1=CC(=C(C=C1)NC(=S)N[C@@H]2C[C@H]3C[C@@H]2C=C3)C
823,CC1=C(N=C(O1)C2=CC=C(C=C2)Cl)CN3CCCC(C3)C(=O)O,80 155 173 216 378 389 446 561 628 650 656 720 739 807 816 835 896 926 935 974 1019 1028 1047 1057 1070 1121 1160 1205 1250 1325 1380 1422 1431 1480 1604 1683 1722 1750 1757 1765 1791 1801 1855 1873 1897 1917 1918 1938 2045,CC1=C(N=C(O1)C2=CC=C(C=C2)Cl)CN3CCCC(C3)C(=O)O
824,COC(CC1=NC(=NO1)N2CCCCC2)CN,1 2 79 80 125 248 378 407 437 656 680 695 841 917 926 935 981 1028 1057 1074 1171 1185 1245 1256 1351 1380 1459 1480 1542 1626 1668 1675 1855 1909 1976 1998 2026,COC(CC1=NC(=NO1)N2CCCCC2)CN
825,CC(/C(=C\S)/C(=O)N1CCC(CC1)(C2=CC=C(C=C2)Cl)O)N,1 132 216 229 283 408 463 484 547 556 561 601 650 694 751 786 807 816 882 926 935 1057 1060 1070 1110 1154 1156 1162 1164 1171 1271 1275 1380 1480 1683 1717 1750 1873 1917 1974 1977 2009,CC(/C(=C/S)/C(=O)N1CCC(CC1)(C2=CC=C(C=C2)Cl)O)N
826,C1CN(CCN1C/C=C/C2=CC=C(C=C2)Cl)C3=C(C=C(C=N3)Cl)NC(=O)C4=CC(=NC=C4)Cl,25 74 80 99 119 130 216 378 407 486 497 526 561 563 583 650 694 787 807 816 835 875 876 878 879 920 926 935 947 1070 1089 1152 1170 1224 1356 1380 1385 1407 1430 1452 1472 1480 1503 1508 1535 1683 1735 1750 1758 1791 1795 1816 1866 1873 1917 2024 2033,C1CN(CCN1C/C=C/C2=CC=C(C=C2)Cl)C3=C(C=C(C=N3)Cl)NC(=O)C4=CC(=NC=C4)Cl
827,CC1=CC(=C(O1)C)C(=O)N2CCC3=C(CC2)N=CN=C3C4=COC=C4,63 83 148 276 323 361 362 378 384 396 460 489 650 656 727 787 807 835 870 875 884 900 926 935 942 989 1006 1057 1160 1380 1452 1480 1504 1537 1604 1636 1677 1722 1738 1742 1750 1761 1810 1839 1873 1917 1948 1959 1986 1991 2009,Cc1oc(C)c(c1)C(=O)N1CCc2ncnc(c3cocc3)c2CC1
828,CC1=NN=C(O1)CN2C[C@@H]3COCC[C@@]3([C@@H]4[C@H]2CCOC4)O,80 84 163 281 373 378 422 495 515 519 523 526 528 544 656 716 739 759 807 829 917 926 935 950 1019 1055 1057 1060 1104 1115 1154 1162 1164 1280 1325 1380 1405 1592 1598 1604 1689 1722 1765 1824 1923 1993 2022,Cc1oc(CN2C[C@@H]3COCC[C@H]2[C@H]2CN(Cc4oc(C)nn4)[C@@H]3COCC2)nn1
829,C1=CC2=C(C(=C1)F)NC=C2CC3=NC4=C(N3CC5=CN=CC=C5)C=C(C=C4)F,45 80 164 318 335 357 364 378 437 515 645 699 762 802 806 868 875 935 961 993 1032 1039 1043 1066 1088 1097 1114 1145 1203 1349 1357 1365 1380 1396 1410 1430 1487 1530 1535 1573 1586 1603 1670 1750 1754 1765 1773 1840 1855 1866 1873 1879 1928 1956,C1=CC2=C(C(=C1)F)NC=C2CC3=NC4=C(N3CC5=CN=CC=C5)C=C(C=C4)F
830,C[C@H](C1=C(C=CC(=C1)F)OC2=CC(=C(C=C2)Cl)Cl)O,1 94 227 237 240 283 322 366 411 561 666 695 699 718 807 875 1057 1185 1370 1380 1402 1410 1454 1468 1487 1554 1617 1670 1683 1750 1796 1873 1928 1970 2001,CC(C1=C(C=CC(=C1)F)OC2=CC(=C(C=C2)Cl)Cl)O
831,CCC(CNC(=O)OCC1C2=CC=CC=C2C3=CC=CC=C13)C(=O)N4CCCCC4CC(=O)O,1 80 108 147 150 155 193 197 242 294 301 352 365 371 389 510 606 650 695 726 807 890 926 935 984 1004 1019 1027 1028 1057 1070 1088 1136 1152 1199 1224 1297 1325 1367 1376 1380 1390 1442 1480 1544 1552 1577 1737 1746 1750 1758 1873 1877 1917 1936 1998 2020,CCC(CNC(=O)OCC1C2=CC=CC=C2C3=CC=CC=C13)C(=O)N4CCCCC4CC(=O)O
832,[B](CC1=C(N2C=C(C=CC2=N1)C3CC3)C)C#N,63 80 202 378 380 432 464 542 634 674 734 790 797 802 819 926 935 1019 1057 1279 1325 1380 1384 1527 1605 1693 1722 1750 1766 1771 1774 1803 1825 1855 1873 1897 1904 1969 2000 2014,[B](CC1=C(N2C=C(C=CC2=N1)C3CC3)C)C#N
833,C1CNCCC12C(=O)N(CN2C3=CC=CC=C3Cl)C4=C(C=C(C=N4)Cl)Cl,96 119 130 174 216 255 305 314 366 378 379 409 431 561 650 741 774 807 814 875 879 926 935 974 1007 1060 1088 1114 1162 1199 1209 1214 1295 1308 1338 1380 1407 1441 1452 1457 1479 1516 1535 1647 1683 1750 1873,C1CNCCC12C(=O)N(CN2C3=CC=CC=C3Cl)C4=C(C=C(C=N4)Cl)Cl
834,CC1=C(C=CC(=C1)CCC(=O)NCCCN2CCNCC2)Br,41 76 80 104 197 247 305 310 555 597 650 653 667 728 782 807 833 875 926 935 1057 1090 1114 1145 1152 1225 1243 1308 1374 1380 1391 1480 1482 1516 1564 1589 1631 1721 1722 1750 1754 1791 1873 1876 1911 1917 2020,CC1=C(C=CC(=C1)CCC(=O)NCCCN2CCNCC2)Br
835,CCOC(=O)C1=C(SC(=C1C)C(=O)NC2CCCC2)NC(=O)C3=CC=CC=C3F,1 50 54 80 145 147 162 216 252 294 387 428 486 586 607 650 667 675 695 699 759 781 807 847 890 926 934 942 1019 1028 1031 1032 1057 1088 1152 1199 1238 1304 1325 1380 1447 1634 1655 1722 1750 1762 1816 1840 1873 1917 1928 1991,CCOC(=O)C1=C(SC(=C1C)C(=O)NC2CCCC2)NC(=O)C3=CC=CC=C3F
836,CC1(CCCC1)C(C2=C(C=C(C=C2)OC)OC)Cl,1 237 249 322 483 635 640 695 718 781 805 841 842 875 914 926 1028 1057 1060 1129 1162 1274 1380 1486 1536 1638 1683 1750 1873 1924 1953 1970 1972,CC1(CCCC1)C(C2=C(C=C(C=C2)OC)OC)Cl
837,COC1=CC=C(C=C1)CSC2=NC=CN3C2=CC(=N3)C4=CC=C(C=C4)OC,32 41 45 80 116 204 310 322 341 378 387 389 463 623 680 695 701 718 762 781 831 841 875 896 935 980 1027 1057 1101 1141 1160 1380 1386 1452 1484 1536 1750 1754 1832 1866 1873 1956 1971,COC1=CC=C(C=C1)CSC2=NC=CN3C2=CC(=N3)C4=CC=C(C=C4)OC
838,CCC(CC)(C(=O)O)NS(=O)(=O)NC,80 114 294 295 350 389 440 458 565 568 650 797 807 964 1057 1113 1152 1430 1476 1796 1853 1917 1977 2025,CCC(CC)(C(=O)O)N(CS(=O)(=O)NC)S(=O)(=O)NC
839,CC1=CC2=C(C=C1)NN=C2C(=O)NCC3=CC(=CC=C3)COC(C)C,1 74 79 80 113 119 122 197 209 235 255 283 316 378 391 398 486 490 650 695 745 749 807 813 875 1013 1039 1057 1066 1088 1114 1152 1355 1357 1362 1380 1457 1514 1573 1592 1722 1750 1754 1779 1823 1873 1917 1939 1978 2004,CC1=CC2=C(C=C1)NN=C2C(=O)NCC3=CC(=CC=C3)COC(C)C
840,C1=CC=C(C(=C1)N(CCCl)CCCl)Br,57 80 659 728 833 881 906 1028 1088 1109 1199 1362 1380 1447 1456 1631 1683 1687 1724 1750 1873 1951 2018,C1=CC=C(C(=C1)N(CCCl)CCCl)Br
841,CC1=CC=C(O1)[C@H](CNC(=O)C2=CC=C(C=C2)C(=O)N)N3CCCC3,1 80 140 197 258 265 309 432 442 486 570 606 650 656 807 903 926 935 1028 1057 1152 1171 1265 1310 1380 1385 1480 1559 1604 1654 1665 1697 1708 1720 1722 1727 1742 1750 1852 1873 1917 1998 2014,CC1=CC=C(O1)C(CNC(=O)C2=CC=C(C=C2)C(=O)N)N3CCCC3
842,CC1=C(C=C(C=C1)NC(=O)C2=CC3=C(N2)C=CO3)C,119 143 166 184 191 486 503 637 650 656 668 787 800 807 843 875 876 1057 1092 1114 1152 1233 1273 1380 1391 1624 1665 1691 1722 1745 1750 1808 1816 1873 1917 1942 1978 2009,CC1=C(C=C(C=C1)NC(=O)C2=CC3=C(N2)C=CO3)C
843,CN1C2=C(C(=CC(=C2)C(=O)O)F)N=C1CN3CCC=C3,45 80 143 258 318 359 378 389 456 469 528 564 579 650 699 807 875 926 935 1057 1128 1138 1145 1147 1290 1294 1328 1360 1380 1385 1455 1465 1480 1627 1679 1724 1763 1765 1840 1855 1873 1917 1928 1991,CN1C2=C(C(=CC(=C2)C(=O)O)F)N=C1CN3CCC=C3
844,CC1=C(C=CC(=C1)CCC(C)N)O,1 80 104 247 283 310 567 739 786 801 807 875 1057 1171 1238 1243 1343 1380 1391 1475 1597 1602 1607 1619 1722 1750 1754 1873,CC1=C(C=CC(=C1)CCC(C)N)O
845,CC(C1=CC=CC=C1)NC2=CN=C(C=C2)NS(=O)(=O)C3=CC=C(S3)Cl,1 162 191 283 350 378 389 502 503 527 561 576 650 675 690 735 843 898 912 967 1057 1060 1088 1099 1152 1158 1199 1270 1365 1380 1402 1410 1452 1476 1521 1535 1536 1561 1581 1627 1675 1683 1695 1712 1750 1873,CC(C1=CC=CC=C1)NC2=CN=C(C=C2)NS(=O)(=O)C3=CC=C(S3)Cl
846,CS(=O)(=O)CCNC1=NC=CC(=C1)C(=O)O,80 182 314 350 378 389 456 481 497 532 650 667 680 692 787 807 875 993 1038 1057 1099 1138 1152 1249 1380 1385 1416 1452 1457 1476 1633 1750 1866 1873 1917,CS(=O)(=O)CCNC1=NC=CC(=C1)C(=O)O
847,CC1([C@H]2C[C@@H]1C=C(C2)COC3CCCCO3)C,80 114 231 361 528 549 656 695 705 745 763 802 823 890 918 926 950 1016 1019 1028 1057 1060 1151 1215 1249 1274 1292 1325 1380 1381 1509 1549 1560 1574 1757 1854 1873 1912,CC1([C@@H]2C[C@H]1C=C(C2)COC3CCCCO3)C
848,C1CC1(C#N)C2=C(C(=C(C=C2)O)F)F,14 21 84 369 674 699 790 807 926 932 995 1060 1162 1247 1272 1380 1384 1440 1445 1475 1602 1607 1750 1761 1873 1928 1980,C1CC1(C#N)C2=C(C(=C(C=C2)O)F)F
849,CC(COC(C)(C)OCCN)N,1 13 80 114 118 283 350 392 448 523 567 647 695 734 786 892 981 1057 1171 1230 1725 1830 1840,CC(COC(C)(C)OCCN)N
850,CC(C)C1=NN=C(O1)C2CCN(CC2)C(=O)C3=CC=C(C=C3)OC,1 149 186 207 283 316 322 378 458 467 497 598 650 652 656 695 718 781 802 807 831 841 926 935 942 947 983 1019 1057 1164 1237 1325 1380 1385 1480 1504 1511 1536 1604 1697 1750 1873 1917 2000 2009,CC(C)C1=NN=C(O1)C2CCN(CC2)C(=O)C3=CC=C(C=C3)OC
851,CC1CC1C2=CC=C(O2)CN(C)C(=O)CN3C=NC4=C(C3=O)C=NN4C,43 80 224 236 250 267 314 334 338 378 455 504 507 509 569 596 650 656 804 807 881 926 932 935 1018 1019 1057 1100 1105 1145 1163 1203 1238 1292 1294 1309 1312 1314 1357 1375 1380 1431 1452 1455 1532 1535 1604 1611 1646 1696 1750 1859 1873 1914 1917 1934 1990,C[C@@H]1C[C@H]1C2=CC=C(O2)CN(C)C(=O)CN3C=NC4=C(C3=O)C=NN4C
852,CCNC(CC1=C(C=CC=N1)C)C2CCC(CC2)(F)F,1 79 80 139 163 251 283 294 378 429 448 463 782 826 926 1009 1019 1043 1057 1060 1088 1092 1152 1162 1325 1342 1380 1391 1415 1452 1512 1693 1722 1726 1750 1866 1873 1897 1928 1978 1999 2023,CCNC(CC1=C(C=CC=N1)C)C2CCC(CC2)(F)F
853,CNCC1CCCCC1OC(F)F,1 59 80 99 226 695 723 754 798 819 890 926 1019 1028 1050 1057 1152 1164 1325 1430 1505 1604 1741 1893 1928 1995 2016,CNCC1CCCCC1OC(F)F
854,CCOC1=C(C=C(C=C1)S(=O)(=O)N[C@H](CC2=CC=CC=C2)C(=O)NC3=CC=CC(=C3C)C)C,1 79 80 94 198 237 252 277 294 319 350 389 410 425 502 573 650 695 715 736 807 857 871 875 1039 1057 1066 1088 1152 1199 1224 1238 1272 1296 1380 1389 1391 1452 1476 1614 1664 1696 1722 1724 1750 1754 1816 1861 1873 1917 1941 1970 1999 2006 2012,CCOC1=C(C=C(C=C1)S(=O)(=O)NC(CC2=CC=CC=C2)C(=O)NC3=CC=CC(=C3C)C)C
855,CNC1=CC=C(C=C1)CCNC2CCN(CC2)C(=O)C3=CC(=C(C=C3)OC)OC,72 80 94 140 191 249 310 428 497 600 618 650 652 667 695 807 841 843 875 926 935 942 1019 1045 1057 1147 1152 1166 1168 1243 1245 1298 1325 1380 1385 1430 1480 1498 1504 1507 1536 1569 1634 1697 1750 1754 1873 1917 1970 2009,CNC1=CC=C(C=C1)CCNC2CCN(CC2)C(=O)C3=CC(=C(C=C3)OC)OC
856,C1CC2=C(C=CC=C2[N+](=O)[O-])N(C1)CCCCCC3=CC=CC=C3,80 150 164 354 361 389 650 715 716 753 838 893 926 935 951 978 1028 1039 1045 1066 1088 1089 1123 1138 1143 1145 1184 1195 1199 1243 1295 1380 1391 1438 1480 1647 1738 1750 1754 1809 1873 1911 1963 2022,C1CC2=C(C=CC=C2[N+](=O)[O-])N(C1)CCCCCC3=CC=CC=C3
857,CCOC1=NC=NC(=C1N)NCCC2=CC=CC=N2,80 101 141 172 237 275 294 378 401 448 489 525 637 667 695 708 724 898 1057 1088 1152 1153 1155 1171 1199 1238 1243 1344 1367 1380 1416 1439 1452 1457 1632 1750 1810 1866 1873 1918,CCOC1=NC=NC(=C1N)NCCC2=CC=CC=N2
858,CCN(C(=O)C1=CC2=C(COC2)C=C1)C(C)(C)C(=O)O,80 105 114 294 364 381 389 392 433 523 609 650 656 776 807 875 881 892 926 932 1057 1129 1221 1236 1280 1380 1385 1401 1697 1750 1762 1873 1917 1977 1980 1984 2038 2043,CCN(C(=O)C1=CC2=C(COC2)C=C1)C(C)(C)C(=O)O
859,CC1CC(N(C1)C(=O)OC(C)(C)C)C(=O)OCC(=O)C2=CC=NC=C2,80 93 114 147 231 242 281 378 383 392 497 531 534 650 695 739 807 850 926 935 961 1019 1057 1065 1148 1208 1257 1259 1275 1292 1309 1364 1380 1385 1403 1574 1603 1618 1693 1750 1859 1866 1873 1917 1963 2004 2038,C[C@@H]1C[C@H](N(C1)C(=O)OC(C)(C)C)C(=O)OCC(=O)C2=CC=NC=C2
860,CC(C)(C)CC(=O)N(CCOC)CC(=O)N1[C@H](CC(=N1)C2=CC=CS2)C3=CC=C(C=C3)F,13 14 62 80 90 114 147 227 231 241 320 378 383 392 465 466 486 510 650 675 692 695 699 743 807 827 841 878 881 919 926 935 978 991 997 1005 1009 1019 1057 1061 1088 1190 1238 1279 1312 1342 1377 1380 1410 1439 1464 1567 1578 1614 1670 1707 1750 1803 1873 1917 1928 1951 1953,CC(C)(C)CC(=O)N(CCOC)CC(=O)N1C(CC(=N1)C2=CC=CS2)C3=CC=C(C=C3)F
861,CCCCC1CCC(CC1)C(=O)NCC2=NN=NN2C3=CC=C(C=C3)Br,1 29 80 93 114 167 170 186 197 233 242 255 257 294 318 378 585 591 650 689 712 728 794 807 832 898 909 926 935 974 1019 1057 1152 1157 1164 1275 1325 1380 1440 1631 1649 1664 1671 1750 1783 1825 1852 1873 1911 1917 1975,CCCCC1CCC(CC1)C(=O)NCC2=NN=NN2C3=CC=C(C=C3)Br
862,C1CCN2C[C@@H]3C[C@H]([C@H]2C1)C(=O)N4C3=CCC[C@H]4O,5 94 314 322 455 564 650 739 807 890 909 912 926 935 1019 1028 1073 1147 1167 1257 1292 1309 1325 1380 1413 1426 1455 1480 1524 1616 1689 1781 1841 1854 1873 1883 1922 1992 1998 2000,C1CCN2C[C@@H]3C[C@H]([C@@H]2C1)C(=O)N4C3=CCC[C@@H]4O
863,CSCCNC1=NCCCCC1,2 11 80 116 167 310 313 378 394 509 586 667 687 747 881 893 926 1028 1057 1152 1182 1205 1380 1416 1738 1860 1886 1942,CSCCNC1=NCCCCC1
864,CCCCS(=O)(=O)NC1=CN(N=C1)C,43 80 169 191 294 327 350 378 413 464 479 481 588 591 650 794 926 935 1057 1074 1145 1152 1270 1368 1380 1476 1535 1567 1706 1762 1873 1911,CCCCS(=O)(=O)NC1=CN(N=C1)C
865,CCCC(C1=C(C=C(C=N1)Br)Br)NCC,1 80 163 223 254 291 294 322 378 560 728 739 782 794 833 875 909 926 1057 1152 1220 1328 1380 1452 1535 1631 1726 1824 1836 1873 1905 1926,CCCC(C1=C(C=C(C=N1)Br)Br)NCC
866,CC(=O)NC1=CC=C(C=C1)NS(=O)(=O)C2=CC=CC(=C2)C(=O)[O-],4 191 198 245 302 319 350 502 530 575 650 715 743 807 843 849 875 1017 1039 1057 1077 1088 1128 1152 1226 1270 1310 1380 1385 1476 1568 1685 1750 1816 1873 1917 1985,CC(=O)NC1=CC=C(C=C1)NS(=O)(=O)C2=CC=CC(=C2)C(=O)[O-]
867,CC1=C(C(=NC=C1)SC2=CC=CC=C2Br)N,32 57 116 275 288 312 377 378 552 637 728 787 833 1025 1057 1088 1171 1199 1380 1386 1391 1452 1457 1619 1631 1720 1722 1750 1793 1866 1873 1948,CC1=C(C(=NC=C1)SC2=CC=CC=C2Br)N
868,C1CC(CN(C1)CC2=NOC(=N2)C3=CSC=C3)CO,14 29 46 80 222 248 378 446 484 552 613 656 675 739 783 807 883 906 926 935 987 1019 1028 1047 1160 1205 1289 1325 1338 1380 1400 1422 1480 1485 1516 1542 1614 1631 1750 1765 1769 1791 1806 1855 1873 1892 1961,OCC1CCCN(Cc2noc(n2)c2ccsc2)C1
869,CCC1=C(C(=CC=C1)N(C(=O)OC)O)COC2=C(C=C(C(=C2)C)C)C(F)F,1 80 203 237 241 294 422 505 558 650 695 745 774 807 815 841 875 881 1039 1050 1057 1082 1088 1139 1152 1226 1242 1263 1273 1349 1351 1362 1380 1391 1405 1452 1472 1597 1667 1722 1750 1799 1873 1917 1928 1964 1970 2018 2034,CCC1=C(C(=CC=C1)N(C(=O)OC)O)COC2=C(C=C(C(=C2)C)C)C(F)F
870,C1=CC(=C(C=C1C(F)(F)F)[N+](=O)[O-])OC2=NN=C(C=C2)N,29 62 94 114 279 354 378 650 695 715 716 753 788 809 838 865 875 880 976 1164 1171 1195 1260 1279 1380 1417 1453 1457 1518 1522 1554 1570 1617 1665 1750 1873 1928 1963 1970 1994,C1=CC(=C(C=C1C(F)(F)F)[N+](=O)[O-])OC2=NN=C(C=C2)N
871,CC1=CC2=C(C=C1)N=C(S2)N3C(C4=C(C3=O)OC5=CC=CC=C5C4=O)C6=CC=C(C=C6)OC(C)C,1 62 162 171 235 283 314 322 343 351 368 378 417 525 555 557 650 656 664 675 695 718 875 879 885 897 935 941 961 968 974 1013 1019 1057 1088 1097 1113 1128 1199 1218 1279 1357 1375 1380 1427 1438 1573 1601 1604 1634 1648 1669 1694 1722 1750 1803 1808 1823 1855 1873 1922 1978 2028,CC1=CC2=C(C=C1)N=C(S2)N3C(C4=C(C3=O)OC5=CC=CC=C5C4=O)C6=CC=C(C=C6)OC(C)C
872,C1CCN(C1)S(=O)(=O)C2=CC3=C(C=C2)N(CCC3)C(=O)C4=NN(C=C4)C5=CC(=CC=C5)F,230 319 350 366 378 539 556 585 626 650 657 699 715 757 797 800 807 827 853 855 875 926 935 1028 1039 1049 1088 1101 1120 1138 1215 1236 1295 1380 1384 1387 1455 1476 1479 1480 1487 1504 1670 1679 1729 1738 1750 1756 1825 1839 1873 1895 1915 1917 1928 1956 1998,C1CCN(C1)S(=O)(=O)C2=CC3=C(C=C2)N(CCC3)C(=O)C4=NN(C=C4)C5=CC(=CC=C5)F
873,CCN(CC)C1=C(C2=C(C(=N1)F)N(CCS2(=O)=O)CC3=CC=CC=C3)F,11 80 146 180 207 218 259 281 294 374 378 389 469 650 699 727 778 881 926 932 935 965 1011 1057 1066 1088 1089 1164 1185 1186 1199 1380 1445 1480 1499 1506 1609 1638 1676 1683 1687 1750 1754 1765 1855 1873 1928,CCN(CC)C1=C(C2=C(C(=N1)F)N(CCS2(=O)=O)CC3=CC=CC=C3)F
874,CC(C)CCNC1=NN=C(O1)N,1 55 80 187 283 378 383 656 667 671 739 814 1057 1066 1152 1164 1171 1181 1219 1288 1380 1416 1455 1457 1604 1847 1860,CC(C)CCNC1=NN=C(O1)NCCNC2=NN=C(O2)N
875,CCC1=CC=C(C=C1)C2=C(N3C=CC(=CC3=N2)C)CCCN,80 85 145 294 310 323 325 378 463 471 819 875 879 896 935 981 1013 1057 1101 1153 1160 1171 1243 1351 1380 1463 1465 1517 1722 1750 1753 1754 1767 1799 1823 1840 1855 1873 1911 1952 1969 2009,CCC1=CC=C(C=C1)C2=C(N3C=CC(=CC3=N2)C)CCCN
876,C/C=C/C1=C(C(=CC(=C1)C(=O)NCC2=COC(=N2)C3=CC=CS3)OC)OC,14 62 80 179 189 197 208 241 249 255 265 333 361 378 383 384 428 475 486 530 650 656 675 694 695 724 772 807 813 830 835 841 844 875 961 1045 1047 1057 1077 1088 1152 1233 1295 1342 1380 1385 1536 1563 1567 1578 1599 1721 1750 1855 1873 1892 1917 1970,C/C=C/C1=C(C(=CC(=C1)C(=O)NCC2=COC(=N2)C3=CC=CS3)OC)OC
877,CC(C)N1C2=C(C=C(C=C2)C(C)C(=O)O)C=N1,1 43 45 157 283 378 389 650 807 834 875 900 921 935 1013 1057 1205 1255 1257 1261 1365 1380 1535 1640 1750 1844 1853 1855 1873 1906 1917 2021 2029,CC(C)N1C2=C(C=C(C=C2)C(C)C(=O)O)C=N1
878,CCCNS(=O)(=O)C1=CC2=C(C=C1)NC(C3C2C=CC3)C4=C(C(=CC=C4)OC)O,74 80 198 202 206 227 249 294 301 317 319 322 350 371 502 598 622 650 667 695 715 732 794 807 814 841 875 886 908 926 996 1019 1027 1039 1057 1083 1088 1114 1128 1140 1152 1262 1380 1403 1410 1476 1512 1523 1536 1594 1602 1616 1626 1750 1873 1893 1918 1970 1982 1990,CCCNS(=O)(=O)C1=CC2=C(C=C1)NC(C3C2C=CC3)C4=C(C(=CC=C4)OC)O
879,CCNC(C)CCCCS(=O)C1=C(C=CC=C1Cl)Cl,1 80 113 163 283 284 294 366 427 458 561 615 650 697 732 739 782 942 974 1032 1039 1057 1088 1152 1256 1265 1283 1380 1547 1683 1726 1750 1873 1911 2018 2046,CCNC(C)CCCCS(=O)C1=C(C=CC=C1Cl)Cl
880,C1CN(CCN(C1)C(=O)C2=CC=CC=C2)CCCC(=O)O,74 80 369 389 497 650 653 807 926 935 942 1028 1083 1088 1110 1145 1199 1287 1380 1385 1422 1480 1482 1504 1511 1564 1589 1737 1750 1791 1873 1911 1917 1985 2009 2045,C1CN(CCN(C1)C(=O)C2=CC=CC=C2)CCCC(=O)O
881,CC(C)CNCC1=CN(N=N1)CCSC,1 11 58 80 116 255 283 378 394 444 463 464 488 552 606 724 747 781 935 1004 1057 1141 1145 1152 1155 1164 1182 1380 1541 1783 1796 1817 1847 1873 1942,CC(C)CNCC1=CN(N=N1)CCSC
882,CC1(CCC2=C(O1)C(=C(C=C2)O)C(=O)C3=C(C4=C(C=C3O)OC5C4(C=CO5)O)O)C,9 78 202 278 284 318 349 432 574 586 627 650 656 726 731 750 787 807 859 875 926 988 1019 1039 1057 1060 1083 1154 1162 1165 1180 1215 1236 1274 1282 1294 1336 1380 1407 1475 1482 1498 1524 1574 1595 1602 1607 1738 1750 1767 1873 1905 1917 1980 2025,CC1(CCC2=C(O1)C(=C(C=C2)O)C(=O)C3=C(C4=C(C=C3O)OC5C4(C=CO5)O)O)C
883,CCCOC1=CC=C(C=C1)C(CSCC)N,1 13 76 80 102 116 165 294 322 666 695 718 786 794 870 940 953 1034 1057 1093 1171 1270 1365 1380 1452 1546 1750 1771 1853 1873 1921,CCCOC1=CC=C(C=C1)C(CSCC)N
884,C1CCC(C1)N(CC(=O)N)C2CCC3=C2C=CC(=C3)N,80 140 159 171 367 375 501 647 650 713 807 809 875 881 888 890 898 907 926 981 1019 1027 1028 1039 1063 1168 1171 1190 1236 1325 1380 1457 1540 1660 1686 1738 1750 1873 1898 1917,C1CCC(C1)N(CC(=O)N)C2CCC3=C2C=CC(=C3)N
885,CC1=CN(C(=O)N=C1)CC2=CC(=CC(=C2)F)N,80 221 248 314 378 425 464 650 699 703 720 767 802 842 875 888 935 1057 1115 1171 1374 1380 1452 1455 1457 1479 1535 1645 1670 1722 1754 1765 1823 1850 1873 1887 1928,CC1=CN(C(=O)N=C1)CC2=CC(=CC(=C2)F)N
886,CC(C)(C)OC(=O)N1CCCN(C(=O)C1)C2=CC=CC=C2N,32 114 203 215 231 314 369 392 494 650 695 798 807 910 926 935 1028 1033 1057 1065 1083 1088 1100 1171 1188 1195 1199 1275 1295 1380 1457 1480 1574 1647 1750 1782 1859 1873 1917 1946 2009,CC(C)(C)OC(=O)N1CCCN(C(=O)C1)C2=CC=CC=C2N
887,CCC1CCC(CC1)(CNC2=NC=C(C=C2)N)O,29 80 294 332 378 413 503 745 807 888 897 926 967 1019 1057 1059 1060 1099 1152 1154 1162 1168 1171 1247 1325 1380 1416 1452 1454 1457 1535 1561 1690 1698 1727 1750 1873 1981,CCC1CCC(CC1)(CNC2=NC=C(C=C2)N)O
888,CC1=CN=C(S1)NC(=O)NC2=CC(=CC=C2)Cl,56 162 165 184 191 216 378 385 561 592 650 675 703 721 807 875 1039 1057 1088 1128 1151 1152 1380 1400 1452 1523 1535 1683 1722 1750 1782 1816 1873 1917 1989 1990 2028 2032,CC1=CN=C(S1)NC(=O)NC2=CC(=CC=C2)Cl
889,C1COCCN1C(=O)C2=CC=C(C=C2)NC3=NC4=CC=CC=C4[N+]5=C3N=NN5,11 191 224 289 343 378 428 463 491 497 523 526 650 656 708 770 807 843 888 926 935 942 950 983 1077 1079 1088 1097 1114 1152 1164 1199 1269 1380 1385 1387 1394 1405 1441 1480 1504 1511 1524 1645 1697 1750 1846 1855 1873 1917 1921 1946 2009,C1COCCN1C(=O)C2=CC=C(C=C2)NC3=NC4=CC=CC=C4[N+]5=C3N=NN5
890,CC(C)(CC(C1=CC(=CC=C1)OCC2=NC3=CC=CC=C3C=C2)O)O,1 52 80 114 146 176 203 227 289 322 378 392 562 654 695 724 745 807 825 855 875 1039 1057 1087 1088 1097 1199 1249 1362 1365 1374 1380 1434 1452 1468 1480 1501 1581 1750 1855 1873 1900 1908 1951 1974,CC(C)(CC(C1=CC(=CC=C1)OCC2=NC3=CC=CC=C3C=C2)O)O
891,CC1=C(SC2=C1C(=O)N(C(=N2)SCC(=O)NCC(F)(F)F)C(C)C)C,1 41 80 108 114 116 157 162 197 213 252 283 311 313 314 337 341 378 384 504 511 650 675 747 807 817 818 820 862 935 1009 1057 1152 1380 1393 1424 1430 1453 1506 1534 1595 1722 1813 1841 1855 1917 1928 1930 1959 1984,CC1=C(SC2=C1C(=O)N(C(=N2)SCC(=O)NCC(F)(F)F)C(C)C)C
892,CC1=CC=C(O1)CN(C)S(=O)(=O)C2=CC(=CN=C2)Br,80 142 213 250 319 349 350 378 442 507 650 656 728 815 826 875 881 909 1029 1057 1085 1100 1163 1171 1328 1380 1476 1535 1536 1603 1604 1631 1654 1722 1742 1750 1873 1876 1934 2027,CC1=CC=C(O1)CN(C)S(=O)(=O)C2=CC(=CN=C2)Br
893,CCOC1=C(C=C(C=C1)/C=C/2\C(=O)[N+](=C3C=C(C=CC3S2)C(=O)NCC(OC)OC)C)OC,1 25 78 80 84 94 133 170 197 237 249 273 281 283 294 314 411 425 463 486 547 606 612 625 650 673 675 691 692 694 695 807 841 875 921 994 1019 1027 1057 1083 1102 1152 1188 1238 1245 1304 1350 1351 1380 1382 1443 1452 1536 1563 1589 1625 1631 1750 1828 1873 1917 1970 1981 2014 2021 2033,CCOC1=C(C=C(C=C1)/C=C\2/C(=CC3=[N+](C(C=C3)C(C)OC)C)S2)OC
894,CC(C)NC1(CCC(C1)N(C)CC2CCN(C2)C)C(=O)O,1 29 80 184 207 283 295 362 389 546 575 650 679 726 739 740 800 807 809 834 881 926 935 992 993 1019 1028 1057 1060 1145 1152 1162 1163 1197 1325 1381 1480 1525 1560 1746 1754 1906 1917 1948,CC(C)NC1(CCC(C1)N(C)CC2CCN(C2)C)C(=O)O
895,CN1C=C(C=N1)C2=NN=C3C=CC(=CC3=C2)N(CCO)C4=CC(=CC(=C4)OC)OC,28 43 80 155 161 221 222 276 322 327 378 464 473 625 695 700 736 781 807 836 841 875 881 903 926 935 960 961 980 1031 1057 1096 1097 1116 1145 1160 1164 1218 1299 1380 1535 1536 1618 1621 1750 1762 1787 1855 1858 1873 1897 1951,n1(cc(cn1)c1nnc2c(c1)cc(cc2)N(c1cc(cc(c1)OC)OC)CCO)C
896,C1=C(C(=C(C(=N1)F)O)I)OC(F)(F)F,52 114 173 202 281 378 503 548 661 686 695 699 807 912 947 1149 1380 1409 1452 1453 1535 1602 1605 1873 1903 1928 1970 2005,C1=C(C(=C(C(=N1)F)I)O)OC(F)(F)F
897,CC[C@@H]1CN2CC[C@@H]1CC3=C(CC2=O)C4=CC=CC=C4N3,1 80 104 111 119 191 226 231 234 245 294 314 335 361 407 585 607 650 676 739 798 840 926 935 978 1019 1057 1088 1114 1199 1292 1299 1325 1355 1357 1380 1451 1454 1480 1564 1573 1745 1750 1783 1873,CC[C@H]1CN2CC[C@H]1CC3=C(CC2=O)C4=CC=CC=C4N3
898,CC(C1=C(C=C(C=C1)N(C)C(C)(C)CO)Br)NC,1 80 114 115 176 222 237 283 392 569 710 728 805 807 833 836 861 875 881 960 1057 1062 1096 1152 1163 1312 1380 1430 1505 1627 1631 1726 1750 1863 1873 1878 1907,CC(C1=C(C=C(C=C1)N(C)C(C)(C)CO)Br)NC
899,COC(=O)C1=CC=CC=C1NC(=O)C[N+]2=CC=C(C=C2)C(=O)C3=CC=CC=C3,9 41 58 80 105 145 157 389 463 650 695 745 807 813 841 906 910 936 1003 1057 1088 1096 1152 1199 1224 1321 1380 1385 1447 1537 1696 1750 1775 1816 1869 1873 1917 1948 1985 1991,COC(=O)C1=CC=CC=C1NC(=O)C[N+]2=CC=C(C=C2)C(=O)C3=CC=CC=C3
900,C1CC(=O)C(N(C1)C2CC2)C3=CC(=CC=C3)N,5 314 338 350 370 471 496 597 647 650 868 875 888 926 935 1019 1028 1039 1075 1088 1111 1117 1138 1171 1279 1325 1380 1427 1457 1465 1480 1663 1738 1750 1873 1910,C1CC(=O)C(N(C1)C2CC2)C3=CC(=CC=C3)N
901,COC1=CC=C(C=C1)OCCNC(=O)C2=CC(=CN=C2)NC3CCCCCC3,2 8 13 80 102 142 191 197 265 322 378 428 486 490 650 667 695 718 781 807 831 841 875 890 926 983 1019 1028 1034 1057 1064 1143 1152 1255 1325 1380 1385 1452 1509 1535 1536 1539 1589 1603 1634 1750 1790 1873 1917 1962,COC1=CC=C(C=C1)OCCNC(=O)C2=CC(=CN=C2)NC3CCCCC3
902,CCNC(=NCC1=CC=CO1)NN,80 197 294 307 372 406 474 651 656 725 787 807 986 1057 1088 1152 1160 1171 1233 1380 1466 1518 1624 1690 1701 1726 1744 1750 1794 1873 1924 1926 1934,CCNC(=NCC1=CC=CO1)NN
903,C1=CC=C(C(=C1)NC2=C3C=CSC3=NC(=N2)NN)I,14 71 107 176 348 378 408 491 511 554 582 630 661 675 708 740 806 947 963 1088 1090 1152 1171 1185 1199 1224 1357 1366 1380 1567 1582 1670 1696 1701 1750 1855 1873 1905,C1=CC=C(C(=C1)NC2=C3C=CSC3=NC(=N2)NN)I
904,C[C@H](CC(C(F)(F)F)(C(F)(F)F)O)[C@]1(CC[C@H](C1(C)C)C=O)C,1 59 80 114 246 283 650 694 764 766 776 807 825 903 926 934 1004 1012 1019 1057 1060 1102 1116 1136 1162 1228 1274 1325 1433 1453 1842 1846 1860 1908 1928 1961,CC(CC(C(F)(F)F)(C(F)(F)F)O)C1(CCC(C1(C)C)C=O)C
905,CC1=C(C=C(C=C1)Cl)NC(=O)COC(=O)CCCC(=O)NNC(=O)C2=CC=CC=C2,41 80 99 147 165 167 216 264 281 304 389 486 561 650 658 670 677 695 745 807 816 875 942 1057 1088 1152 1168 1199 1224 1380 1385 1386 1391 1399 1499 1564 1633 1665 1683 1691 1718 1722 1750 1816 1873 1911 1917 1948 1985 2004,CC1=C(C=C(C=C1)Cl)NC(=O)COC(=O)CCCC(=O)NNC(=O)C2=CC=CC=C2
906,CCN(CC1=NOC(=N1)CC(C)C)C(=O)C2=CN=C(N=C2)N3CCCC3,1 79 80 99 248 283 288 294 378 407 507 650 656 680 718 807 828 835 839 854 881 883 917 926 932 935 978 1008 1028 1041 1057 1221 1256 1380 1385 1400 1439 1452 1459 1480 1535 1542 1626 1668 1768 1847 1849 1855 1873 1917 1998,CCN(CC1=NOC(=N1)CC(C)C)C(=O)C2=CN=C(N=C2)N3CCCC3
907,COC1=CC(=NC2=NC(=NN12)NS(=O)(=O)C3=C(C(=CN=C3OC)O)C(F)(F)F)OC,80 92 114 349 350 370 378 401 412 502 552 585 640 650 695 702 741 807 809 841 875 907 935 937 945 955 997 1021 1057 1123 1152 1163 1173 1270 1380 1452 1453 1476 1494 1535 1536 1546 1570 1582 1586 1602 1607 1842 1855 1873 1878 1909 1928 1951 1956,COC1=CC(=NC2=NC(=NN12)NS(=O)(=O)C3=C(C=NC(=C3C(F)(F)F)OC)O)OC
908,CN(CCC1=CC=CC=C1)C2CCCN(C2)C(=O)COC3=NC=NC4=CC=CC=C43,80 222 289 369 378 389 401 446 489 629 637 650 678 695 726 739 807 809 881 898 926 935 977 1009 1019 1028 1045 1057 1063 1066 1088 1097 1163 1199 1226 1243 1325 1357 1370 1380 1452 1480 1573 1741 1750 1754 1800 1810 1836 1873 1917 1951 1991 2004 2009 2023,CN(CCC1=CC=CC=C1)C2CCCN(C2)C(=O)COC3=NC=NC4=CC=CC=C43
909,CCOOCSC1=CC=C(C=C1)O,80 116 294 341 421 505 586 625 695 745 807 811 1057 1090 1227 1238 1255 1313 1380 1602 1750 1778 1873 1942 1963,CCOOCSC1=CC=C(C=C1)O
910,C1COCCN1C2=CC=C(C=C2)N3C4=C5C(N=CN4)SC(=C5NC3=O)C(=O)NCC6=CC=CO6,80 197 208 233 255 314 378 407 421 457 474 486 523 616 650 656 675 687 787 807 813 817 890 909 926 935 950 977 1014 1019 1060 1088 1114 1133 1152 1156 1167 1173 1176 1222 1233 1319 1380 1405 1407 1431 1441 1443 1466 1480 1518 1582 1653 1665 1686 1750 1799 1825 1831 1873 1917 1926 1934 1950 2041,C1COCCN1C2=CC=C(C=C2)N3C(=O)C4(C5N=CNC5=C(NC4=O)C(=O)NCC6=CC=CO6)N=C3
911,CC1=C(C=C(C=C1)NC(=O)NC2=CC=CC=C2[N+](=O)[O-])Cl,56 112 164 184 191 354 366 531 561 573 650 715 716 753 807 838 843 875 1057 1088 1152 1195 1199 1224 1380 1391 1480 1581 1683 1691 1696 1722 1750 1816 1873 1917 1963 1989 1990 2026,CC1=C(C=C(C=C1)NC(=O)NC2=CC=CC=C2[N+](=O)[O-])Cl
912,CC1CCN(CC1)C(=O)C2=CN=C(C=N2)NC3=CC=C(C=C3)N(C)C,10 191 211 378 491 650 652 737 807 843 855 881 926 935 942 945 960 973 1019 1030 1057 1060 1096 1099 1148 1152 1163 1274 1309 1325 1379 1380 1452 1480 1504 1524 1535 1630 1700 1750 1873 1895 1917 2002 2009,CC1CCN(CC1)C(=O)C2=CN=C(C=N2)NC3=CC=C(C=C3)N(C)C
913,CN(C)S(=O)(=O)C1=CC2=C(C=C1)C3=C(C=C2)ON=C3[C@@H]4CCC(=O)CC4=O,112 192 203 225 248 314 319 350 370 378 440 445 498 630 642 650 654 656 684 686 715 763 772 785 815 836 875 881 926 932 1019 1057 1115 1129 1163 1325 1357 1380 1476 1490 1542 1564 1733 1738 1750 1808 1810 1855 1873 1984,CN(C)S(=O)(=O)C1=CC2=C(C=C1)C3=C(C=C2)ON=C3C4CCC(=O)CC4=O
914,CCCNCC1=C(C(=CC(=C1)Br)C)OCCOC(C)(C)C,13 39 80 114 255 294 300 333 392 448 508 634 667 676 695 728 747 794 814 824 875 909 1004 1057 1138 1152 1349 1352 1380 1391 1429 1452 1631 1676 1722 1786 1859 1873 1932 1990,CCCNCC1=C(C(=CC(=C1)Br)C)OCCOC(C)(C)C
915,C1CC1C(=O)NC2=NN=C(C=C2)NC3CC3,9 378 576 650 671 689 785 807 898 926 967 974 1019 1099 1143 1152 1164 1245 1275 1325 1378 1380 1589 1634 1750 1816 1873 1917,C1CC1C(=O)NC2=NN=C(C=C2)NC3CC3
916,CCOC(=O)C1=C(SC2=C1C=CC(=C2)C3=CC=CC4=CC=CC=C43)CNC(=O)OC(C)(C)C,2 54 80 114 145 147 162 197 231 255 294 339 352 392 586 594 650 675 695 759 807 875 885 896 905 984 1039 1040 1057 1087 1088 1104 1152 1160 1199 1238 1314 1316 1328 1347 1357 1380 1502 1573 1574 1670 1691 1722 1727 1733 1750 1758 1855 1859 1872 1873 1917,CCOC(=O)C1=C(SC2=C1C=CC(=C2)C3=CC=CC4=CC=CC=C43)CNC(=O)OC(C)(C)C
917,COC1=CC=C(C=C1)C2=C(C(=O)N(CC3=CC=CC=C32)CC4=CC=CC=C4)SC,80 116 243 267 314 322 352 354 370 374 389 394 403 650 695 718 781 795 831 841 879 882 896 926 935 984 1057 1066 1088 1089 1160 1195 1199 1236 1380 1536 1594 1683 1708 1723 1743 1750 1754 1765 1873 1946 1960,COC1=CC=C(C=C1)C2=C(C3=CC=CC=C3CN(C2=O)CC4=CC=CC=C4)SC
918,C1C(CC1(C2=CC=CC=C2)NC(=O)OCC3C4=CC=CC=C4C5=CC=CC=C35)O,68 80 147 150 301 344 352 365 371 389 402 556 590 650 653 679 695 772 807 926 984 1019 1027 1060 1088 1136 1152 1199 1203 1257 1297 1308 1376 1380 1390 1443 1500 1750 1758 1873 1917,C1C(CC1(C2=CC=CC=C2)NC(=O)OCC3C4=CC=CC=C4C5=CC=CC=C35)O
919,CC1=CC=CC=C1S(=O)(=O)N2CCCC2C(=NO)N,91 140 263 318 343 350 354 373 392 446 531 650 688 725 750 800 807 811 926 935 992 1019 1028 1057 1088 1171 1199 1309 1325 1380 1391 1476 1480 1490 1722 1750 1873 1950 1999,CC1=CC=CC=C1S(=O)(=O)N2CCCC2/C(=N/O)/N
920,CC1=C(C(=C(C(=C1C(C)CCN)C)Br)OC)C,1 80 252 283 333 441 470 502 514 695 725 728 739 841 980 981 1054 1057 1171 1380 1458 1536 1599 1626 1631 1722 1840 1927 1951 2002,CC1=C(C(=C(C(=C1OC)C)Br)C(C)CCN)C
921,CC1=NSC(=N1)NC(=O)N2CCC(CC2)C(=O)O,29 122 218 336 378 385 389 514 573 650 652 675 807 912 926 935 974 1019 1057 1126 1152 1250 1253 1325 1380 1381 1431 1448 1468 1480 1722 1816 1837 1855 1917 2009,CC1=NSC(=N1)NC(=O)N2CCC(CC2)C(=O)O
922,C1CN(CCN1C2=CC=CC=C2)C(=O)C3CN(C3)C4=NC5=C(S4)C=C(C=C5)F,99 162 196 246 378 389 407 454 557 650 675 687 699 739 807 875 885 926 935 961 971 974 1019 1049 1088 1097 1199 1292 1375 1380 1405 1410 1480 1487 1508 1535 1589 1601 1669 1670 1694 1750 1825 1833 1855 1873 1917 1928 2009,C1CN(CCN1C2=CC=CC=C2)C(=O)C3CN(C3)C4=NC5=C(S4)C=C(C=C5)F
923,CC1(CC2=CC=CC=C2O1)Br,259 591 656 728 926 940 1055 1057 1060 1088 1199 1236 1274 1282 1380 1481 1708 1750 1807 1873 1885 1900 1905 2019,CC1(CC2=CC=CC=C2O1)Br
924,COC1CCN(C1)CC2=CC=C(C=C2)CCN,80 119 310 542 695 739 841 926 935 937 959 981 1019 1045 1057 1168 1171 1205 1243 1261 1325 1380 1480 1558 1683 1750 1754 1765 1771 1791 1840 1873 2026,COC1CCN(C1)CC2=CC=C(C=C2)CCN
925,CC(CC1=CC=C(C=C1)F)NCC2=CC=C(C=C2)C(=O)O,1 79 80 90 106 255 283 310 380 389 456 638 650 699 782 807 857 1057 1138 1152 1380 1385 1410 1472 1670 1697 1728 1750 1754 1873 1917 1928 1964 2018,CC(CC1=CC=C(C=C1)F)NCC2=CC=C(C=C2)C(=O)O
926,COC1=CC(=C(C=C1)C(=O)CSC2=NN=C(N2C3CCCCC3)C4=CC(=C(C=C4)OC)OC)OC,2 67 80 91 94 116 140 249 322 341 378 384 635 650 695 718 747 781 807 819 841 845 875 890 894 896 926 935 1019 1028 1055 1057 1081 1143 1160 1164 1245 1254 1268 1325 1380 1443 1449 1508 1536 1693 1722 1750 1873 1910 1917 1959 1970 1972 1991 1993 2046,COC1=CC(=C(C=C1)C(=O)CSC2=NN=C(N2C3CCCCC3)C4=CC(=C(C=C4)OC)OC)OC
927,C[C@@H](CNC(=O)[C@@H]1CN(C2=CC=CC=C2O1)S(=O)(=O)C3=CC=C(C=C3)Cl)C4=CC=CC=C4,1 80 193 197 216 283 319 334 347 350 374 389 502 556 561 606 650 656 689 715 733 739 750 800 807 816 842 926 935 970 1019 1051 1057 1070 1088 1152 1199 1295 1365 1372 1380 1444 1476 1481 1581 1647 1683 1750 1873 1884 1897 1905 1917 2029,C[C@H](CNC(=O)[C@H]1CN(C2=CC=CC=C2O1)S(=O)(=O)C3=CC=C(C=C3)Cl)C4=CC=CC=C4
928,CC(C)(CC1=CNC2=CC=CC=C21)CNC,80 96 114 119 311 328 364 392 587 788 795 806 888 997 1009 1057 1088 1114 1152 1199 1349 1357 1380 1430 1573 1607 1750 1783 1873 1879 1937 1995,CC(C)(CC1=CNC2=CC=CC=C21)CNC
929,CCCN(CCC)C1=CC=C(C=C1)/C=C\2/C(=O)OC(=N2)C3=CC=C(C=C3)C,25 80 235 260 281 294 309 314 327 378 602 650 656 694 707 782 794 848 881 896 927 960 1057 1077 1088 1096 1160 1380 1448 1617 1667 1687 1722 1750 1761 1773 1810 1823 1860 1873 1920 1951 2033,CCCN(CCC)C1=CC=C(C=C1)/C=C\2/C(=O)OC(=N2)C3=CC=C(C=C3)C
930,CCN1C=C(C=N1)COC2=C(C=C(C=C2)CBr)OCC,34 43 80 94 107 226 237 251 261 279 294 310 378 411 425 464 499 507 695 728 745 747 875 884 886 935 1027 1057 1221 1226 1238 1362 1380 1452 1535 1750 1754 1873 1970,CCN1C=C(C=N1)COC2=C(C=C(C=C2)CBr)OCC
931,COC1=C(C=C(C(=C1OC)CCCN)F)Br,37 80 333 695 699 728 833 841 875 981 1057 1171 1243 1304 1380 1473 1517 1536 1599 1631 1722 1800 1840 1864 1873 1911 1928 2009 2034,COC1=C(C=C(C(=C1CCCN)OC)F)Br
932,CC(=CCC1[C@@](O1)(C)[C@H]2[C@@H]([C@@H](CC[C@]23CO3)OC(=O)CNC4CCC4)OC)C,80 105 196 262 297 428 479 568 633 650 656 694 695 733 745 765 774 798 807 841 926 937 1017 1019 1028 1057 1060 1063 1070 1103 1126 1147 1152 1162 1217 1224 1246 1257 1274 1280 1325 1386 1440 1486 1558 1563 1569 1582 1592 1612 1634 1724 1917 1936 1950,CC(=CCC1C(O1)(C)C2C(C(CCC23CO3)OC(=O)CNC4CCC4)OC)C
933,CCC1=C(C=CC(=C1)O)C2=C(C3=C(CCC2)C=C(C=C3)O)CC,13 27 80 160 294 352 381 556 561 650 680 745 807 875 892 926 1028 1057 1112 1194 1229 1236 1274 1313 1349 1379 1380 1419 1602 1734 1738 1750 1799 1873 1973,CCC1=C(CCCC2=C1C=CC(=C2)O)C3=C(C=C(C=C3)O)CC
934,C1=CC=C(C=C1)NOS(=O)(=O)C(C(C(C(C(C(C(C(F)(F)F)(F)F)(F)F)(F)F)(F)F)(F)F)(F)F)(F)F,59 114 191 350 389 428 442 539 650 695 703 850 886 916 972 981 1088 1152 1198 1199 1379 1380 1397 1398 1453 1476 1639 1750 1830 1873 1928,C1=CC=C(C=C1)NOS(=O)(=O)C(C(C(C(C(C(C(C(C(F)(F)F)(F)F)(F)F)(F)F)(F)F)(F)F)(F)F)(F)F)(F)F
935,CC1(C(C1C2COC(O2)(C)C)CN)C,80 549 656 774 809 895 926 981 985 1009 1017 1019 1043 1057 1060 1070 1120 1136 1171 1274 1300 1441 1509 1819 1870 1923 1949,CC1(OC[C@@H](O1)[C@@H]2[C@H](C2(C)C)[C@H]3COC(O3)(C)C)C
936,CC1=C(C=C(C=C1)OCC(=O)OC2=CC3=C(C=C2)C=C(C(=O)O3)C(=O)NC(C)C)C,1 46 80 117 203 283 305 314 322 486 503 555 643 650 656 667 695 718 751 807 846 875 983 1013 1028 1057 1125 1152 1260 1273 1380 1381 1386 1391 1404 1452 1468 1501 1604 1691 1722 1729 1750 1803 1808 1855 1873 1887 1917 1991 2004,CC1=C(C=C(C=C1)OCC(=O)OC2=CC3=C(C=C2)C=C(C(=O)O3)C(=O)NC(C)C)C
937,C1C(CO1)C2=CC=CC=C2Br,57 200 371 523 611 656 728 833 926 1019 1027 1040 1088 1199 1380 1631 1714 1750 1848 1873 1923 2000,C1C(CO1)C2=CC=CC=C2Br
938,CCCNC(C1CCCCC1)C2C(CCO2)C,1 2 80 199 294 397 440 656 667 782 794 802 814 855 857 890 926 950 1019 1028 1057 1152 1248 1309 1325 1383 1469 1570 1634 1708 1859 1978 2044,CCCNC(C1CCCCC1)C2C(CCO2)C
939,CC1(C(=O)N(C(=O)N1)NC(=O)CSC2=CC=CC=C2Cl)C3=CC=C(C=C3)OC,41 80 116 128 255 314 319 322 329 341 366 377 378 456 484 530 556 561 650 695 718 781 807 831 841 864 884 909 935 974 994 1025 1057 1060 1085 1088 1114 1152 1177 1199 1259 1274 1380 1506 1536 1646 1683 1750 1766 1873 1917 1959,CC1(C(=O)N(C(=O)N1)NC(=O)CSC2=CC=CC=C2Cl)C3=CC=C(C=C3)OC
940,CCOC(=O)C1=NC(=NO1)C2=CC(=CS2)Br,62 80 145 147 187 248 294 378 534 552 608 650 656 675 695 728 759 807 841 857 875 909 1057 1238 1326 1334 1380 1385 1482 1542 1567 1631 1722 1855 1865 1873 1910 1917 2011,CCOC(=O)C1=NC(=NO1)C2=CC(=CS2)Br
941,CCN(C)C(=O)CC1=CSC2=NC(=C([C@H](N12)C3=CC=CC=C3Cl)C(=O)OCC)C4=CC=CC=C4,7 21 80 145 147 224 294 325 334 366 371 378 389 404 425 561 641 650 654 675 695 718 736 759 807 816 881 927 932 935 974 1019 1027 1055 1057 1088 1095 1118 1160 1163 1180 1199 1238 1253 1269 1321 1380 1391 1419 1427 1595 1622 1683 1722 1750 1815 1837 1873 1917 1922,CCN(C)C(=O)CC1=CSC2=NC(=C(C(N12)C3=CC=CC=C3Cl)C(=O)OCC)C4=CC=CC=C4
942,CC1=NN=C(C=C1)N(C)CC(=O)C,80 82 138 227 335 378 495 650 746 755 807 881 1017 1057 1101 1163 1164 1190 1192 1380 1550 1722 1731 1750 1873 1898 1917 1918,CC1=NN=C(C=C1)N(C)CC(=O)C
943,CN1CCCC(C1)CNC(=O)C2(CC2)C(=O)O,29 80 184 197 207 310 381 389 446 484 650 701 739 807 834 926 935 1019 1028 1057 1060 1062 1145 1152 1162 1325 1360 1480 1573 1604 1746 1772 1788 1917 2043,CN1CCCC(C1)CNC(=O)C2(CC2)C(=O)O
944,CNC1=CC=CC2=C1N(CC(=O)N2)C,146 314 358 650 926 935 1039 1057 1060 1088 1089 1114 1145 1152 1155 1224 1380 1430 1460 1470 1498 1570 1575 1646 1677 1693 1696 1750 1850 1873 1946 1982,CNC1=CC=CC2=C1N(CC(=O)N2)C
945,CC1C(C(C(=O)O1)O)OC(=O)C,164 184 314 318 521 539 564 650 656 695 722 750 807 941 1017 1019 1035 1057 1066 1096 1126 1257 1309 1380 1917 1950,C[C@H]1[C@@H]([C@H](C(=O)O[C@@H]([C@@H]([C@H](C(=O)O1)O)OC(=O)C)C)O)OC(=O)C
946,CCCC1C(CCC2C1CCC3(C2CCC3C=O)C)CC(F)F,1 80 105 226 257 294 298 312 345 478 519 522 559 562 622 650 694 794 832 926 930 1004 1019 1037 1050 1057 1060 1102 1129 1136 1162 1171 1274 1325 1433 1477 1514 1585 1718 1762 1928 1951 2009 2039,CCCC1C(CCC2C1CCC3C2CCC4C3(CCC4C=O)C)CC(F)F
947,CC1=C(C(=CC=C1)C)C2=CC=CC3=C2OC(C3)CN=[N+]=[N-],80 144 231 235 352 487 533 656 725 740 750 896 926 961 984 1019 1039 1057 1088 1153 1171 1236 1259 1294 1369 1380 1391 1442 1449 1481 1708 1722 1747 1750 1772 1838 1873 1989 1999,CC1=C(C(=CC=C1)C)C2=CC=CC3=C2OC(C3)CN=[N+]=[N-]
948,CN1C(=CC=N1)C2=CN=CC(=C2)CNC(=O)CCCC(=O)C3=CC=CC=C3,41 43 80 142 197 217 255 257 333 378 389 515 523 645 650 656 670 807 831 838 875 935 1057 1058 1088 1105 1145 1152 1160 1199 1380 1385 1451 1458 1535 1564 1573 1589 1603 1618 1692 1693 1718 1750 1754 1866 1873 1911 1917 1985 2006,CN1C(=CC=N1)C2=CN=CC(=C2)CNC(=O)CCCC(=O)C3=CC=CC=C3
949,C1CC(OC1)CNC(=O)CSC2=NC=NC3=C2SC(=N3)N4CCOCC4,32 41 80 99 116 131 162 179 197 239 248 303 337 341 361 378 379 407 489 523 577 600 650 656 675 802 807 821 926 935 950 1014 1019 1028 1152 1237 1325 1380 1391 1405 1441 1452 1468 1480 1506 1572 1601 1604 1695 1720 1757 1810 1855 1864 1873 1906 1917 1959,C1CC(OC1)CNC(=O)CSC2=NC=NC3=C2SC(=N3)N4CCOCC4
950,CC(C)COC1=CC=C(C=C1)C(=C2C(N(C(=O)C2=O)CC3=C[NH+]=CC=C3)C4=CC=C(C=C4)Cl)[O-],1 80 93 102 118 175 215 216 254 283 314 322 561 574 650 656 695 706 710 715 718 739 762 783 807 816 879 887 935 1003 1019 1057 1066 1070 1088 1118 1222 1226 1279 1380 1385 1386 1420 1427 1431 1440 1445 1452 1476 1634 1683 1697 1750 1754 1765 1775 1783 1794 1803 1847 1873,CC(C)COC1=CC=C(C=C1)C(=C2C(N(C(=O)C2=O)CC3=C[NH+]=CC=C3)C4=CC=C(C=C4)Cl)[O-]
951,C1CC2CC1C(=C2C(=O)O)C(=O)NCC3=CC=CC=C3S,1 80 197 229 255 266 380 389 397 456 486 650 679 807 809 813 926 1019 1048 1087 1088 1152 1155 1199 1292 1325 1349 1370 1380 1597 1749 1750 1807 1873 1917 2000 2021,C1CC2CC1C(=C2C(=O)NCC3=CC=CC=C3S)C(=O)O
952,CCCN(CC(=O)NC)C1=C(C=C(C=C1)F)C=O,41 46 80 115 262 271 294 345 650 694 699 782 794 807 875 881 961 1004 1034 1057 1063 1152 1190 1380 1410 1430 1487 1595 1670 1687 1750 1761 1873 1917 1928 1951 2013 2018,CCCN(CC(=O)NC)C1=C(C=C(C=C1)F)C=O
953,C1CCC(CC1)NC(=O)N2C[C@@H]3C[C@H](C2)C4=C(C=CC(=O)N4C3)NCC5=CC6=CC=CC=C6O5,2 54 80 82 218 255 314 387 428 514 618 650 656 686 739 807 863 873 875 890 907 925 926 935 951 983 1019 1026 1028 1048 1087 1088 1128 1134 1141 1152 1199 1224 1228 1292 1317 1325 1376 1380 1415 1416 1446 1461 1494 1496 1604 1634 1655 1750 1808 1855 1856 1873 1912 1917 1934 2000 2009,C1CCC(CC1)NC(=O)N2C[C@@H]3C[C@H](C2)C4=C(C=CC(=O)N4C3)NCC5=CC6=CC=CC=C6O5
954,CC(C)CSCC(C)NC1CCCCC1O,1 80 116 283 313 577 807 830 849 890 926 953 1019 1028 1041 1057 1093 1152 1175 1257 1288 1325 1403 1421 1481 1708 1847 2009 2018 2036,CC(C)CSCC(C)NC1CCCCC1O
955,C[C@H](C(=O)NC1=C(C=CC(=C1)C(F)(F)F)Cl)OC(=O)/C=C/C2=CC(=CC=C2)OC,1 31 69 84 114 176 180 283 322 366 466 561 562 573 614 650 666 694 695 781 807 809 835 841 875 1039 1057 1073 1088 1117 1144 1152 1222 1224 1260 1269 1308 1353 1358 1380 1417 1453 1522 1536 1665 1683 1750 1816 1861 1873 1917 1928 1972 2033 2041,CC(C(=O)NC1=C(C=CC(=C1)C(F)(F)F)Cl)OC(=O)/C=C/C2=CC(=CC=C2)OC
956,CC1=CC=CC=C1NCC(=O)N/N=C\C2=CC=C(C=C2)OC(=O)C3=CC=C(C=C3)Br,25 41 80 145 212 270 290 309 318 322 482 606 650 658 694 695 718 725 728 807 864 866 909 924 1057 1088 1152 1157 1199 1224 1380 1385 1391 1406 1416 1440 1446 1631 1649 1669 1696 1697 1722 1729 1750 1867 1873 1876 1917 1999 2033,CC1=CC=CC=C1NCC(=O)N/N=C\C2=CC=C(C=C2)OC(=O)C3=CC=C(C=C3)Br
957,CC1=NC2=CC=CC=C2C(=O)N1C3=CC=C(C=C3)C(=O)N4CC(C4C5CC5)(C)C,58 107 207 233 242 289 314 378 380 389 410 485 504 585 602 650 807 862 917 926 935 1018 1019 1057 1060 1088 1089 1097 1100 1132 1199 1212 1232 1274 1325 1357 1380 1385 1504 1511 1573 1602 1697 1722 1750 1825 1855 1873 1917 1993 2047,CC1=NC2=CC=CC=C2C(=O)N1C3=CC=C(C=C3)C(=O)N4CC(C4C5CC5)(C)C
958,C1=C(C(=C(C2=C1C(=C(C(=C2)C#N)C#N)N=C=O)N=C=O)C#N)C#N,213 358 361 489 507 650 674 725 757 790 875 968 980 1016 1035 1136 1357 1380 1384 1507 1665 1862 1873 1891 2033,C1=C2C(=C(C(=C1C#N)N=C=O)C#N)C=C(C(=C2C#N)N=C=O)C#N
959,CC(C1=C(C=C(C=C1)Br)OC2=C(C=CC(=C2)Cl)[N+](=O)[O-])N,1 2 165 216 237 283 338 354 435 541 561 650 695 715 716 728 753 766 786 805 816 838 875 909 944 1057 1068 1157 1171 1195 1348 1380 1497 1600 1617 1631 1683 1750 1847 1873 1963 1970,CC(C1=C(C=C(C=C1)Br)OC2=C(C=CC(=C2)Cl)[N+](=O)[O-])N
960,C[C@@]12COP(=O)(O[C@@]1(C(C(O2)(C)C)(C)O)C)O,112 336 372 444 650 656 760 766 807 810 915 926 1035 1045 1057 1060 1144 1154 1224 1274 1414 1488 1524 1566 1575 1730 1760 1870 1904,CC1(C2(COP(=O)(OP(=O)(OCC(C(OC(C(OC(C(O1)(C)C)(C)O)(C)C)(C)O)(C)C)(C)O)OC2)O)C)C
961,C1C=CCC12CC3=CC=CC=C3N2,61 293 606 616 879 884 926 940 1060 1088 1114 1128 1159 1199 1236 1357 1380 1470 1673 1708 1750 1873 1885 1982,C1C=CCC12CC3=CC=CC=C3N2
962,C[C@H]1C[C@]2(C(=O)NC(=NC2=NC1)N)CC3=CC=CC=C3,76 80 253 263 286 314 378 389 542 605 650 679 713 756 878 881 926 927 1019 1054 1057 1060 1066 1081 1088 1114 1137 1148 1171 1193 1199 1309 1362 1380 1457 1489 1535 1605 1734 1750 1754 1873,CC1CN=C(NC(=O)C(C1)(CC2=CC=CC=C2)CC3=CC=CC=C3)N
963,COC1=CC=C(C=C1)N2C([C@H](C2=O)CC=C)C(CC=C)OS(=O)(=O)C,1 5 80 88 96 142 233 314 322 350 525 597 650 692 694 695 718 781 831 841 935 940 1019 1057 1060 1157 1190 1206 1267 1280 1338 1366 1380 1418 1423 1476 1536 1629 1645 1716 1730 1750 1825 1873 1922 2013,COC1=CC=C(C=C1)N2[C@@H]([C@H](C2=O)CC=C)[C@H](CC=C)OS(=O)(=O)C
964,C1CC(C2=C(C1)NC(=O)C=C2)NC3=CC=C(C=C3)O,74 81 157 191 266 291 314 473 542 650 676 745 807 843 926 931 1019 1020 1027 1028 1039 1056 1114 1152 1313 1325 1380 1470 1589 1602 1611 1738 1745 1750 1778 1873 2000,C1CC(C2=C(C1)NC(=O)C=C2)NC3=CC=C(C=C3)O
965,CCCCCCC[C@@H]1[C@]([C@@H](C=CO1)OC(=O)C)(C)OC(=O)C,80 294 334 436 482 521 574 591 650 656 695 794 807 832 915 934 963 1017 1019 1035 1057 1060 1083 1124 1126 1143 1153 1160 1208 1217 1274 1407 1444 1573 1628 1873 1907 1911 1917 1971,CCCCCCCCCCCCCCCCCC1C(C(C=CO1)OC(=O)C)(C)OC(=O)C
966,C1C(=C(N2[C@H](S1)[C@@H](C2=O)NC(=O)/C(=N\OCCF)/C3=C(SC(=N3)N)Cl)C(=O)O)SC4=C(C=NC=C4)SCCN=C(N)N,5 13 80 116 140 144 162 221 233 279 314 341 344 351 376 378 387 389 427 431 440 456 470 473 490 552 561 573 617 650 653 675 695 698 725 753 792 807 859 907 926 935 936 937 963 978 981 998 1019 1025 1063 1152 1171 1182 1188 1208 1210 1218 1239 1264 1279 1301 1310 1332 1380 1441 1457 1508 1535 1536 1538 1586 1603 1632 1645 1683 1738 1744 1750 1784 1789 1855 1866 1873 1917 1922 1926 1928 2034,C1C(=C(N2[C@H](S1)[C@@H](C2=O)NC(=O)/C(=N\OCCF)/C3=C(SC(=N3)N)Cl)C(=O)O)SC4=C(C=NC=C4)SCCN=C(N)N
967,CCCCCCCCC(=O)NC1=C(C=CC(=C1)C(=O)O)Cl,41 80 84 294 366 389 456 510 561 591 614 650 666 794 807 875 1057 1138 1143 1152 1224 1249 1267 1380 1382 1385 1444 1564 1683 1697 1718 1750 1816 1873 1911 1917 1948,CCCCCCCCCCCCCCCCCCCCCCCCCCCCCCCCCCCCCCCCCCCCCCCCC(=O)NC1=C(C=CC(=C1)C(=O)O)Cl
968,CC1=CC=C(C=C1)C(=O)NC(C(C)C)C(=O)N/N=C/C2=CC(=CC=C2)OCC(=O)OC,1 80 117 195 235 283 309 318 322 466 486 507 562 573 613 643 650 694 695 725 807 841 864 875 924 1015 1037 1039 1057 1088 1102 1118 1152 1155 1225 1353 1377 1380 1385 1386 1452 1501 1665 1697 1722 1750 1773 1823 1867 1873 1887 1917 1920 2004 2033,CC1=CC=C(C=C1)C(=O)NC(C(C)C)C(=O)NN=CC2=CC(=CC=C2)OCC(=O)OC
969,C[C@H](C1CCCCC1)NC(=O)C2CC2,1 2 117 283 514 650 689 807 890 898 926 974 1013 1019 1028 1057 1110 1152 1186 1275 1325 1634 1693 1917 1978,C[C@@H](C1CCCCC1)NC(=O)C2CCC(CC2)C(=O)N[C@@H](C)C3CCCCC3
970,CC1CCCCN1CCCNC2=NC=CC(=C2)[N+](=O)[O-],80 378 532 650 667 680 715 734 753 787 838 875 890 926 935 993 1019 1028 1049 1057 1099 1145 1152 1195 1274 1309 1325 1374 1380 1416 1452 1480 1569 1624 1714 1743 1750 1809 1866 1873 1911 1940 1960 1963 1972 1998 2022 2039,CC1CCCCN1CCCNC2=NC=CC(=C2)[N+](=O)[O-]
971,CC[C@H](C(=O)NC1=CC=C(C=C1)S(=O)(=O)N)OC(=O)C2=C3CCCCC3=NC4=CC=CC=C42,1 40 69 80 145 191 276 289 294 310 319 350 361 378 389 529 573 586 650 695 712 715 780 806 807 833 843 926 1028 1057 1077 1088 1097 1139 1151 1152 1171 1197 1199 1304 1357 1380 1391 1428 1430 1476 1489 1544 1573 1607 1647 1664 1738 1750 1816 1855 1873 1917 1948,CCC(C(=O)NC1=CC=C(C=C1)S(=O)(=O)N)OC(=O)C2=C3CCCCC3=NC4=CC=CC=C42
972,CC(C1CC2CCC1C2)NC(=O)C3=C(C(=NN3C)C(F)(F)F)Br,1 81 114 117 130 226 283 373 378 486 549 585 593 650 728 807 809 854 861 926 935 1019 1057 1105 1145 1152 1186 1218 1246 1292 1312 1320 1325 1380 1383 1393 1446 1453 1458 1486 1493 1510 1568 1631 1917 1928 1956 2047,CC(C1CC2CCC1C2)NC(=O)C3=C(C(=NN3C)C(F)(F)F)Br
973,CC(C)CCOCCNC(=O)CSC1=NN=C(S1)NC2=CC=C(C=C2)OC,1 13 41 80 116 140 162 191 197 244 283 322 337 341 378 385 491 584 597 650 667 675 691 695 718 739 781 797 807 831 841 843 999 1007 1022 1056 1057 1152 1164 1232 1380 1414 1506 1524 1536 1658 1750 1790 1847 1860 1873 1917 1959 1992,CC(C)CCOCCNC(=O)CSC1=NN=C(S1)NC2=CC=C(C=C2)OC
974,CC1=NNC(=O)N(C1)/N=C/C2=CN=CC=C2,28 314 328 378 400 437 578 650 694 711 725 745 864 903 926 935 1043 1057 1077 1088 1112 1114 1353 1380 1535 1555 1575 1586 1603 1607 1621 1722 1750 1798 1806 1866 1873 1946 2033,CC1=NNC(=O)CN1/N=C/C2=CN=CC=C2
975,COC1=C(C(=CC(=C1)[C@H]2C(=CC[C@@]3([C@]2(C(=O)N(C3=O)C4=C(C(=C(C(=C4F)F)F)F)F)Cl)Cl)C=C)Cl)O,61 113 120 146 202 227 249 255 283 314 315 366 383 444 526 551 561 650 694 695 699 807 837 841 863 875 926 935 1019 1057 1060 1156 1174 1201 1279 1366 1380 1404 1416 1445 1536 1602 1645 1646 1683 1686 1695 1781 1832 1836 1873 1885 1918 1928 1970 2021,COC1=C(C(=CC(=C1)[C@H]2C(=CC[C@@]3([C@]2(C(=O)N(C3=O)C4=C(C(=C(C(=C4F)F)F)F)F)Cl)Cl)C=C)Cl)O
976,CCCC1CCC2=C(C1)SC(=C2C(=O)N)N,29 42 80 84 140 162 231 294 298 309 361 436 480 586 650 675 683 794 807 832 926 1019 1057 1078 1171 1325 1380 1457 1482 1536 1631 1687 1738 1833 1917 1945 1962,CCCC1CCC2=C(C1)SC(=C2C(=O)N)N
977,C1CN(CCC1NC2=NC=C(C(=N2)C3=CNC4=CC=CC=C43)Cl)C(=O)CNC5CCOC5=O,80 119 182 203 314 323 328 352 366 378 441 453 535 544 546 561 600 650 652 656 692 696 721 760 806 807 926 935 941 950 1009 1019 1025 1088 1114 1143 1152 1154 1168 1197 1199 1275 1325 1357 1380 1415 1440 1452 1463 1464 1480 1535 1569 1573 1582 1589 1634 1683 1750 1783 1855 1873 1879 1917 1937 1964 2000 2009,C1CN(CCC1NC2=NC=C(C(=N2)C3=CNC4=CC=CC=C43)Cl)C(=O)CNC5CCOC5=O
978,CC(=O)OC[C@@H]1[C@@H]([C@@H]([C@H]([C@H](O1)OC(=O)C)OC(=O)CCl)OC(=O)C)OC(=O)C,58 80 147 227 473 521 541 564 610 650 656 667 695 807 821 846 956 1017 1019 1035 1057 1109 1126 1136 1177 1187 1276 1314 1323 1386 1683 1917 1921 1950 1977 2001,CC(=O)OC[C@@H]1[C@H]([C@@H]([C@H]([C@@H](O1)OC(=O)C)OC(=O)C)OC(=O)C)OC(=O)CCl
979,COC1=CC=C(C=C1)C(=O)N2CCOC(C2)C#N,11 322 451 470 472 497 507 650 656 674 695 718 739 781 790 802 807 831 841 871 926 935 950 952 963 1019 1057 1380 1384 1385 1480 1504 1511 1536 1590 1697 1750 1873 1917 2009,COC1=CC=C(C=C1)C(=O)N2CCOC(C2)C#N
980,CC1CCN(CC1)C2=C(C=C(C=C2)NC(=O)C3=C(C=CC(=C3)I)Cl)Cl,166 184 191 231 335 366 407 486 561 628 650 661 666 807 843 847 849 875 926 935 945 947 973 1019 1057 1146 1148 1152 1295 1309 1325 1380 1480 1494 1581 1594 1683 1750 1816 1873 1915 1917 1978 1991,CC1CCN(CC1)C2=C(C=C(C=C2)NC(=O)C3=C(C=CC(=C3)I)Cl)Cl
981,CC1=C(C=CN=C1)C2=CC=C(C=C2)C(=O)N3CCN(C(=O)C3)C4CCCC4,109 222 280 314 352 378 497 533 572 650 684 798 807 890 896 926 927 935 1019 1028 1057 1100 1160 1208 1325 1380 1385 1391 1459 1480 1504 1511 1535 1586 1589 1603 1607 1691 1697 1722 1750 1840 1866 1873 1910 1917 1946 1993 2009,CC1=C(C=CN=C1)C2=CC=C(C=C2)C(=O)N3CCN(C(=O)C3)C4CCCC4
982,CC1=CC(=C2C(=C1)N(N=C2NC(=O)NC3=C(SC(=C3)C)C(=O)OC)C)C,45 56 103 145 162 204 213 264 267 378 504 573 626 650 675 695 708 721 763 781 806 807 841 875 906 910 935 1057 1081 1089 1105 1136 1145 1152 1224 1380 1391 1427 1706 1722 1816 1823 1873 1917 1953 1956 1984 1989,CC1=CC(=C2C(=C1)N(N=C2NC(=O)NC3=C(SC(=C3)C)C(=O)OC)C)C
983,C1CCC2(C1)CC(C2)(CN)C3=C(C=CC=C3Cl)F,80 366 492 561 637 699 788 926 974 981 1028 1032 1039 1060 1088 1098 1162 1171 1177 1286 1380 1406 1480 1638 1659 1683 1745 1750 1840 1873 1918 1928 1971,C1CCC2(C1)CC(C2)(CN)C3=C(C=CC=C3Cl)F
984,CC(=O)NCC(C)(C)C1=CC=C(C=C1)C(=O)NC2=CN3C=C(C=CC3=N2)Cl,80 114 197 202 216 245 371 378 392 464 486 561 571 628 650 701 731 733 807 816 819 935 1009 1017 1057 1070 1099 1152 1380 1385 1417 1510 1594 1626 1665 1683 1697 1702 1713 1750 1795 1816 1823 1855 1873 1901 1917 1995,CC(=O)NCC(C)(C)C1=CN2C=C(N=C2C=C1)NC(=O)C3=CC=C(C=C3)Cl
985,CC(=CC1=CC=C(C=C1)C(=O)N[C@H](C(=O)NO)C(C)(C)N)C,1 25 114 117 150 376 392 417 486 487 573 650 675 694 754 807 850 878 1017 1057 1102 1152 1171 1237 1257 1380 1385 1463 1507 1606 1631 1665 1697 1746 1750 1873 1917 2033,CC(=CC1=CC=C(C=C1)C(=O)NC(C(=O)NO)C(C)(C)N)C
986,CC1=C(C=C(C=C1)Cl)NC(=O)CN2C=C(C(=O)C3=C2N=C(C=C3)C)C(=O)C4=CC=CC=C4,9 41 61 80 99 165 216 314 335 378 389 394 464 525 561 650 658 771 807 816 875 935 1057 1088 1152 1199 1224 1284 1312 1318 1357 1380 1385 1391 1424 1430 1455 1479 1633 1683 1691 1696 1707 1722 1729 1731 1733 1750 1775 1816 1855 1873 1917 1948 1985 1991,CC1=C(C=C(C=C1)Cl)NC(=O)CN2C=C(C(=O)C3=C2N=C(C=C3)C)C(=O)C4=CC=CC=C4
987,C(CCC(=O)O)CC1=C(N(C(=O)NC1=O)N)O,80 221 257 259 314 389 521 650 750 758 807 935 1031 1036 1110 1114 1171 1184 1243 1267 1287 1380 1469 1564 1602 1680 1722 1737 1745 1911 1917 2022 2034,C(CCC(=O)O)CC1=C(N(C(=O)NC1=O)N)O
988,[C-]#[N+]C(=C1C=CC(=C2C=CC(=C(C#N)C#N)C=C2)C=C1)[N+]#[C-],91 487 674 788 790 795 803 807 920 1053 1100 1221 1320 1345 1380 1384 1388 1390 1489 1585 1700 1750 1770 1869 1873,[C-]#[N+]C(=C1C=CC(=C2C=CC(=C(C#N)C#N)C=C2)C=C1)[N+]#[C-]
989,CC1=C(C=C(C=C1)NC(=O)CSC2=NC3(CCCCCC3)N=C2C4=CC=CS4)Cl,2 14 41 62 80 116 184 191 241 256 341 366 378 383 531 561 650 673 675 724 776 807 843 875 901 926 1002 1028 1057 1060 1088 1152 1162 1213 1342 1364 1380 1391 1445 1455 1480 1506 1567 1578 1581 1638 1680 1683 1691 1722 1747 1750 1816 1871 1873 1917 1959 2026,CC1=C(C=C(C=C1)NC(=O)CSC2=NC3(CCCCC3)N=C2C4=CC=CS4)Cl
990,CCOC1=C(C(=CC(=C1)CNC)Br)OCC2CC2,29 80 237 255 294 333 403 425 470 695 728 790 833 859 875 926 1019 1027 1054 1057 1136 1152 1238 1250 1325 1380 1430 1449 1452 1473 1631 1671 1754 1775 1868 1873 1970 1995,CCOC1=C(C(=CC(=C1)CNC)Br)OCC2CC2
991,CC1=CC2=C(C=C1)C(=O)OC23C4=C(C=C(C=C4)Br)OC5=C3C=CC(=C5)Br,21 76 84 165 235 298 314 352 421 650 656 680 728 766 875 881 909 972 1013 1057 1060 1088 1157 1225 1282 1380 1490 1631 1722 1750 1783 1810 1823 1864 1873 1905 1980,CC1=CC2=C(C=C1)C3(C4=C(O2)C=C(C=C4)Br)C5=C(C=CC(=C5)Br)C(=O)O3
992,C1CC1NCC2=CC=C(C=C2)OC3=CC=C(C=C3)Br,9 80 118 193 255 310 322 638 695 718 728 909 926 1019 1147 1152 1157 1252 1272 1325 1380 1569 1617 1631 1634 1649 1750 1754 1873,C1CC1NCC2=CC=C(C=C2)OC3=CC=C(C=C3)Br
993,C1CCC(C1)NCCOCCOC2=CC=C(C=C2)C#N,13 34 80 102 305 322 428 589 667 674 676 691 695 718 790 890 926 1019 1022 1028 1034 1136 1147 1152 1298 1325 1380 1384 1452 1569 1634 1649 1750 1873 1954 1992,C1CCC(C1)NCCOCCOC2=CC=C(C=C2)C#N
994,CCN(CC)C(=O)CN(C)C(=O)NC1=CC=C(C=C1)N,80 191 193 243 294 334 431 540 650 807 843 872 881 888 932 978 1008 1057 1077 1152 1163 1168 1171 1190 1238 1380 1427 1436 1457 1750 1804 1816 1873 1917,CCN(CC)C(=O)CN(C)C(=O)NC1=CC=C(C=C1)N
995,CC1CCN(C1CO)C2=CC(=C(C=C2)CNC(C)(C)C)Br,10 34 80 89 114 222 233 255 278 392 405 457 590 603 684 695 728 807 833 875 926 935 1019 1057 1152 1245 1309 1325 1349 1380 1425 1452 1480 1516 1578 1631 1741 1750 1825 1847 1859 1873 1920 2041,CC1CCN(C1CO)C2=CC(=C(C=C2)CNC(C)(C)C)Br
996,CCN1C=NC=C1C=C(C)[N+](=O)[O-],34 65 78 79 80 294 378 473 650 694 715 753 807 819 838 932 935 956 1017 1044 1057 1078 1380 1453 1455 1500 1535 1550 1603 1746 1873 1953 1963,CCN1C=NC=C1/C=C(\C)/[N+](=O)[O-]
997,CC1=C2C=C(C=CC2=NN1)C3=CC4=C(C=C3)C=CC5=C4CN(C5=O)CC(=C)C(=O)N,74 80 140 203 296 314 352 361 378 405 407 410 531 650 680 692 709 714 785 807 875 879 896 926 935 961 985 1022 1052 1057 1089 1097 1104 1110 1114 1160 1171 1267 1286 1312 1318 1357 1366 1380 1618 1722 1750 1855 1873 1917 1929 1943 1946 1949 2004,CC1=C2C=C(C=CC2=NN1)C3=CC4=C(C=C3)C(=O)N(C4)CC(=C)C(=O)N
998,CCOC(=O)C1=C(SC(=C1C)C(=O)C)NC(=O)COC2=CC=CC=C2Cl,14 41 50 54 80 145 147 162 167 182 192 216 241 252 294 366 561 586 607 650 675 695 745 759 781 807 942 974 991 1017 1057 1088 1152 1187 1199 1238 1304 1380 1410 1452 1683 1722 1750 1816 1820 1873 1917 1970 2004,CCOC(=O)C1=C(SC(=C1C)C(=O)C)NC(=O)COC2=CC=CC=C2Cl
999,CN1C=NC2=C(C=NC=C2C1=O)Br,142 178 314 378 504 650 699 728 732 833 931 932 935 1057 1095 1145 1303 1357 1380 1409 1452 1517 1535 1603 1631 1718 1724 1772 1873,CN1C=NC2=C(C=NC=C2C1=O)Br
1000,CCSC1=CC(=C(C=C1)Cl)N=C(N)NC2=CC(=CC=C2)SC,18 27 68 80 94 116 140 150 165 184 191 294 341 366 394 561 666 689 703 711 721 725 775 807 811 875 1039 1046 1057 1088 1152 1171 1255 1380 1513 1572 1613 1623 1625 1683 1723 1750 1816 1842 1873,CCSC1=CC=CC(=C1)NC(=NC2=C(C=CC(=C2)SC)Cl)N
1001,CCCC(=O)NC1=CC2=C(C=C1)N(CCC2)C(=O)C3CC3,41 53 80 184 191 294 417 556 626 650 794 807 843 875 898 899 901 926 935 974 1019 1028 1057 1095 1138 1152 1215 1236 1295 1325 1357 1380 1382 1384 1387 1480 1535 1564 1738 1742 1750 1816 1873 1915 1917,CCCC(=O)NC1=CC2=C(C=C1)N(CCC2)C(=O)C3CC3
1002,CC(C1=NC=NN1C2=NC=CC=N2)N(CCSC)C(=O)C3=CC(=CC(=C3)Cl)C(F)(F)F,1 11 43 80 114 116 162 216 247 283 319 378 394 405 448 460 489 561 578 598 650 750 807 809 815 824 875 881 935 1057 1065 1088 1158 1182 1221 1256 1260 1359 1380 1385 1417 1452 1453 1502 1602 1683 1747 1799 1819 1852 1858 1861 1866 1873 1917 1928 1942 1951 2001,CC(C1=NC=NN1C2=NC=CC=N2)N(CCSC)C(=O)C3=CC(=CC(=C3)Cl)C(F)(F)F
1003,COCCOC1=NC=C(C=C1)CNC2=C(C=C(C=N2)C(=O)N)Cl,13 80 140 255 309 310 311 324 347 366 378 486 561 650 676 695 708 807 808 841 875 885 893 933 1005 1057 1152 1171 1380 1385 1416 1452 1518 1535 1570 1589 1683 1727 1730 1750 1754 1768 1815 1873 1917 1938 1990 2004,COCCOC1=NC=C(C=C1)CNC2=C(C=C(C=N2)C(=O)N)Cl
1004,CC1=CC[C@H]2[C@@H](C1)C(=O)N(C2=O)C3=CC=C(C=C3)C(=O)NC4=CC=C(C=C4)C(=O)OC,5 67 139 145 191 221 231 233 314 455 486 532 598 606 650 695 807 841 843 906 926 935 1019 1057 1077 1152 1176 1230 1305 1337 1380 1385 1428 1665 1686 1697 1715 1722 1750 1781 1795 1816 1825 1873 1917 1978 1979,CC1=CCC2C(C1)C(=O)N(C2=O)C3=CC=C(C=C3)C(=O)NC4=CC=C(C=C4)C(=O)OC
1005,CCC1=C(NN=C1)NCCC=NO,74 80 94 294 343 356 378 401 417 454 494 609 650 667 694 725 807 823 1057 1064 1114 1120 1152 1324 1325 1332 1349 1380 1416 1535 1793 1799 1873,CCC1=C(NN=C1)NCC/C=N/O
1006,C1C=CN(C=C1C(=O)NCCO)CC(=O)NC2=CC=CC=C2,8 41 80 100 191 197 222 237 269 335 389 408 423 473 486 499 538 650 657 667 703 723 807 901 926 935 1077 1088 1097 1128 1152 1194 1199 1284 1312 1380 1750 1816 1840 1873 1917 1964 1991,C1C=CN(C=C1C(=O)NCCO)CC(=O)NC2=CC=CC=C2
1007,CC(C)C1=CC=C(C=C1)C=C2C(=O)C3=C(O2)C(=C(C=C3OC)OC)I,1 25 48 89 221 249 281 283 314 561 598 615 650 656 661 694 695 841 875 947 1057 1252 1294 1365 1380 1452 1476 1514 1530 1536 1738 1747 1750 1773 1804 1810 1853 1873 1970 1973 2005 2027 2033,CC(C)C1=CC=C(C=C1)/C=C\2/C(=O)C3=C(O2)C(=C(C=C3OC)OC)I
1008,CCNCC1=NN=C(O1)N(C)C2CCCCC2,2 72 80 255 294 378 476 544 656 809 829 839 881 890 917 926 1004 1019 1025 1028 1057 1063 1152 1163 1164 1212 1243 1325 1380 1599 1604 1726 1821 1831,CCNCC1=NN=C(O1)N(C)C2CCCCC2
1009,C1=CC=C(C(=C1)CO)C2=C(N=CC=C2)OC3=CN=C(C=C3)C(F)(F)F,80 114 214 222 319 322 352 378 383 401 448 651 695 715 718 806 807 809 837 984 1043 1088 1125 1199 1309 1349 1380 1422 1434 1452 1453 1535 1573 1597 1617 1662 1750 1759 1845 1866 1873 1928,C1=CC=C(C(=C1)CO)C2=C(N=CC=C2)OC3=CN=C(C=C3)C(F)(F)F
1010,C1COC2=C(O1)C=CC(=C2)NC(=O)C3=CC(=NC=C3)NC4=CC=C(C=C4)F,90 127 184 191 211 377 378 441 486 491 497 526 650 656 699 738 787 807 843 875 926 950 993 1035 1099 1152 1380 1385 1410 1452 1524 1529 1633 1647 1670 1750 1795 1816 1860 1866 1873 1905 1917 1928 1978,C1COC2=C(O1)C=CC(=C2)NC(=O)C3=CC(=NC=C3)NC4=CC=C(C=C4)F
1011,CC1=C(N=C(S1)N/N=C\C2=C(C(=CC=C2)OC)OC)C3=CC=CC=C3,89 162 201 249 313 323 333 378 385 389 410 441 471 513 613 675 694 695 725 736 815 841 864 961 1035 1039 1057 1088 1152 1160 1199 1248 1295 1380 1410 1455 1536 1599 1627 1722 1750 1779 1855 1867 1873 1970,CC1=C(N=C(S1)N/N=C/C2=C(C(=CC=C2)OC)OC)C3=CC=CC=C3
1012,CC1=NC=CC(=C1)C(=O)NC2=CC(=C(C=C2)O)C(=O)O,61 184 191 378 389 456 462 486 497 526 650 787 807 843 859 875 889 1001 1047 1057 1152 1211 1380 1385 1452 1475 1602 1607 1722 1731 1750 1795 1816 1866 1873 1917 1978 1991,CC1=NC=CC(=C1)C(=O)NC2=CC(=C(C=C2)O)C(=O)O
1013,COC1=CC=CC(=C1)CN2CC3(CCN(CC3)C(=O)[C@H]4C[C@@H](CN4)O)CC2=O,80 185 203 246 314 322 340 362 374 470 490 559 562 590 602 650 695 744 751 781 798 807 841 875 926 935 940 1019 1020 1039 1057 1060 1066 1088 1089 1114 1137 1162 1257 1292 1306 1380 1480 1507 1535 1536 1615 1745 1750 1754 1765 1822 1873 1917 1955 1972 2009 2019 2041,COC1=CC=CC(=C1)CN2CC3(CCN(CC3)C(=O)[C@@H]4C[C@H](CN4)O)CC2=O
1014,COC1=CC(=CC(=C1OC)OC)NC2=NC(=C(S2)C3=NC(=NO3)C4=C(C(=C(C=C4)C(=O)O)OCC5=CC=CC=C5)N)N,67 80 84 107 127 140 162 191 233 248 249 275 282 333 352 366 378 385 389 456 491 650 656 664 675 680 695 697 745 749 758 807 841 875 982 1047 1057 1066 1087 1088 1132 1152 1171 1193 1199 1289 1326 1380 1385 1452 1457 1459 1536 1542 1587 1599 1644 1750 1754 1855 1873 1892 1910 1917 1970 1991 2042,COC1=CC(=CC(=C1OC)OC)NC2=NC(=C(S2)C3=NC(=NO3)C4=C(C(=C(C=C4)C(=O)O)OCC5=CC=CC=C5)OCC6=CC=CC=C6)N
1015,CCOC1=CC=CC=C1CN2C[C@@H]3CC[C@H]2CN(C3)C(=O)C,37 80 130 237 292 294 338 425 522 573 618 650 695 739 807 926 935 968 1017 1019 1057 1082 1088 1199 1238 1300 1325 1349 1365 1380 1410 1436 1446 1452 1597 1651 1750 1765 1873 1898 1910 1917 1970 2009 2022,CCOc1ccccc1CN1C[C@@H]2CC[C@H]1CN(C2)C(=O)C
1016,CC(C1=NC2=NC=CC(=C2N1)C(=NC3=CC(=C(C=C3)F)Cl)N)O,1 34 140 160 185 202 216 227 283 366 378 465 551 561 600 632 699 725 770 787 807 810 875 1057 1062 1114 1147 1171 1215 1380 1426 1452 1488 1494 1530 1613 1656 1683 1745 1750 1796 1840 1854 1855 1866 1873 1897 1928 1991 2033,CC(C1=NC2=NC=CC(=C2N1)C(=NC3=CC(=C(C=C3)F)Cl)N)O
1017,CC1=CC2=C(C=C1C)N(C(=N2)C(C3=CC=CC=C3)O)CC#N,1 45 80 99 151 227 364 378 389 629 674 790 802 807 875 935 946 1018 1057 1088 1089 1097 1144 1199 1273 1359 1365 1380 1384 1391 1394 1443 1506 1581 1722 1750 1773 1855 1873 1951 1990,CC1=CC2=C(C=C1C)N(C(=N2)C(C3=CC=CC=C3)O)CC#N
1018,C1=CC(=C(C(=C1)F)C(CC2=CN3C=CSC3=N2)O)F,1 14 37 79 80 227 378 434 464 564 571 675 699 724 807 810 920 935 1032 1039 1088 1101 1255 1362 1380 1529 1567 1584 1626 1717 1750 1784 1840 1855 1873 1877 1917 1928 2017,C1=CC(=C(C(=C1)F)C(CC2=CN3C=CSC3=N2)O)F
1019,CCC(CC)(CNCC1=CC=C(S1)CC(=O)O)O,23 80 114 162 177 255 294 295 325 389 440 504 605 650 656 675 807 914 1004 1009 1057 1152 1176 1237 1282 1288 1380 1421 1737 1750 1852 1873 1908 1917,CCC(CC)(CNCC1=CC=C(S1)CC(=O)O)O
1020,C1CNCCC1N2C=C(C=N2)C3=CN=C(C(=N3)C(=O)O[C@H](C4=CC=CC=C4)C(=O)NC5=CN=CC=C5)N,1 43 69 145 191 194 278 305 378 389 434 437 464 490 495 573 577 595 650 692 695 703 773 807 880 926 935 965 980 1019 1043 1064 1088 1114 1152 1154 1160 1171 1179 1199 1291 1308 1325 1365 1374 1380 1452 1457 1459 1516 1535 1562 1581 1586 1603 1662 1664 1750 1816 1855 1858 1859 1866 1873 1884 1897 1910 1917,C1CNCCC1N2C=C(C=N2)C3=CN=C(C(=N3)C(=O)OC(C4=CC=CC=C4)C(=O)NC5=CN=CC=C5)N
1021,CC(C)(CBr)NC(=O)C1=CC(=C(C=C1)F)C(F)(F)F,80 114 216 251 262 353 354 392 394 419 486 526 564 587 611 631 650 699 728 807 809 875 1057 1080 1152 1172 1225 1380 1385 1453 1697 1750 1840 1873 1917 1928,CC(C)(CBr)NC(=O)C1=CC(=C(C=C1)F)C(F)(F)F
1022,CN1C2=NC(=NC=C2C(=C(C1=O)C3=C(C=CC(=C3)OC)Cl)C#C)NC4=CC=C(C=C4)N(C)CCN(C)C,80 133 191 213 260 314 322 352 366 378 458 491 504 544 561 564 650 652 666 674 693 695 718 748 781 841 843 875 881 915 935 960 974 1008 1057 1096 1101 1145 1152 1163 1185 1216 1333 1351 1356 1357 1380 1438 1452 1524 1534 1535 1536 1555 1582 1586 1629 1683 1696 1747 1750 1795 1855 1873 1934 1951 1972,CN1C2=NC(=NC=C2C(=C(C1=O)C#C)C3=C(C=CC(=C3)OC)Cl)NC4=CC=C(C=C4)N(C)CCN(C)C
1023,C1=CC(=CC(=C1)F)NC(=O)NC2=CC3=C(C=C2)NC(N3)S,56 74 102 184 191 229 230 301 650 699 703 771 807 843 875 993 1019 1039 1043 1088 1114 1145 1151 1152 1380 1487 1585 1670 1684 1750 1816 1873 1917 1928 1982 1989 1990,C1=CC(=CC(=C1)F)NC(=O)NC2=CC3=C(C=C2)NC(N3)S
1024,CC1=C(C=CC(=C1)C2=CC=CC(=C2)CNC)F,80 216 217 255 403 699 736 785 790 828 875 896 1039 1057 1066 1088 1152 1160 1380 1391 1430 1502 1594 1722 1750 1754 1779 1840 1873 1928 1995,CC1=C(C=CC(=C1)C2=CC=CC(=C2)CNC)F
1025,C[C@H](C(=O)N1CCN=C1SCC2=C(C=CC=C2Cl)F)OC3=CC=CC=C3,1 35 80 108 116 246 283 313 322 341 366 378 389 463 551 561 562 582 650 664 695 699 762 774 807 861 881 926 935 968 974 1032 1039 1057 1088 1105 1199 1255 1269 1380 1387 1480 1683 1688 1698 1750 1808 1840 1873 1917 1928 2007 2022 2034,CC(C(=O)N1CCN=C1SCC2=C(C=CC=C2Cl)F)OC3=CC=CC=C3
1026,CC1=CC(=O)NC(=N1)N2C(=CC(=N2)C3=CC=CS3)NC(=O)C4=CC=CC5=CC=CC=C54,14 62 81 138 241 262 314 378 383 486 650 675 755 801 807 847 875 935 971 980 1036 1039 1056 1057 1087 1088 1104 1114 1115 1152 1199 1205 1247 1338 1342 1357 1380 1403 1416 1447 1520 1567 1573 1578 1722 1731 1745 1750 1816 1852 1855 1873 1917 1918 1936 1956 1991 2035,c1(cc(nn1c1cc(nc(=O)[nH]1)C)c1cccs1)NC(=O)c1cccc2c1cccc2
1027,C1CCC(CC1)C(C2=C(C=CO2)C(=O)O)O,1 2 166 227 389 434 456 584 650 656 703 724 745 787 807 890 926 1019 1028 1047 1233 1293 1325 1362 1380 1634 1750 1873 1917 1977 1978 1991,C1CCC(CC1)C(C2=C(C=CO2)C(=O)O)O
1028,C1CNN=C(C2=CC3=C(C=C21)OCO3)C4=C(C=C(C=C4)[N+](=O)[O-])Cl,27 53 263 305 352 366 378 441 561 650 656 680 715 724 738 753 801 838 875 920 926 995 1114 1132 1195 1236 1274 1349 1380 1489 1517 1536 1632 1683 1738 1750 1798 1800 1809 1814 1863 1873 1905 1940 1943 1963 2030,C1CNN=C(C2=CC3=C(C=C21)OCO3)C4=C(C=C(C=C4)[N+](=O)[O-])Cl
1029,CCC(CC)N1CC(CCC1=O)(CCNCC2=C(C=CS2)OC)C3=CC=CC=N3,1 14 80 171 249 252 255 294 314 378 448 483 554 602 631 650 667 675 679 695 734 742 770 795 798 826 841 872 926 935 1004 1052 1057 1060 1088 1125 1132 1139 1152 1155 1162 1182 1199 1296 1380 1452 1536 1542 1544 1567 1640 1659 1727 1738 1750 1851 1855 1866 1873 1950 1970 1990,CCC(CC)N1CC(CCC1=O)(CCNCC2=C(C=CS2)OC)C3=CC=CC=N3
1030,CCC(C)C1(C=CN=CN=C1)C,1 80 198 283 294 378 493 664 781 787 861 1036 1057 1060 1126 1141 1274 1451 1473 1544 1695 1706 1807 1846 1873 1947,CCC(C)C1(C=CN=CC12C=CN=C2)C
1031,CCCN(CC)C1=C(C(=C(C=C1)C(=S)N)F)F,36 46 67 80 97 110 140 180 294 449 570 614 699 782 794 807 881 932 1057 1060 1171 1380 1445 1687 1750 1761 1807 1868 1873 1928 1951 1991 2018,CCCN(CC)C1=C(C(=C(C=C1)C(=S)N)F)F
1032,CCNCC1=NC=CN1CC2=CC=C(C=C2)OC,3 80 255 294 310 318 322 378 387 647 680 695 718 781 831 839 841 935 1004 1011 1057 1101 1152 1380 1452 1455 1479 1508 1536 1683 1726 1750 1754 1765 1831 1866 1873,CCNCC1=NC=CN1CC2=CC=C(C=C2)OC
1033,CCOC(=O)[C@H](CC1=CC=C(C=C1)OC2=NC(=CC3=C2C=NC=C3)C)N=C4CC(=O)C45CCCCC5,1 2 79 80 147 178 193 246 294 310 314 317 321 322 358 378 401 650 695 716 718 725 807 836 857 875 918 926 943 1004 1028 1057 1060 1065 1162 1208 1238 1357 1380 1428 1481 1520 1535 1536 1561 1564 1586 1603 1617 1638 1660 1721 1722 1731 1750 1754 1772 1818 1845 1854 1855 1866 1873 1917 2007,CCOC(=O)C(CC1=CC=C(C=C1)OC2=NC(=CC3=C2C=NC=C3)C)N=C4CC(=O)C45CCCCC5
1034,CC1=NOC(=C1NC(=O)N2CCC[C@@H]2C3=NC=NC=C3CC4=CC=C(C=C4)Cl)C5=CC=CC=C5,80 92 170 193 216 218 226 231 242 248 293 302 310 378 381 389 404 446 489 521 561 650 656 736 807 816 874 926 927 935 1019 1028 1057 1063 1070 1088 1129 1143 1152 1160 1199 1201 1265 1312 1325 1334 1349 1361 1380 1430 1452 1480 1535 1542 1603 1637 1683 1722 1750 1754 1816 1873 1917 1999 2028 2029,CC1=NOC(=C1NC(=O)N2CCCC2C3=NC=NC=C3CC4=CC=C(C=C4)Cl)C5=CC=CC=C5
1035,CC1=CC=C(C=C1)C2=CC(NC(=S)N2)C3=CC=CC=C3,97 208 235 301 389 531 592 896 918 962 1019 1057 1060 1088 1089 1114 1135 1160 1199 1200 1279 1380 1571 1618 1645 1663 1717 1722 1750 1823 1873 1920 2013,CC1=CC=C(C=C1)C2=CC(NC(=S)N2)C3=CC=CC=C3
1036,C/C(=N/NC1=C(C=C(C=C1)F)F)/C2=CC(=C(C=C2)OC)COC,80 94 119 249 363 364 695 699 700 725 745 754 802 807 841 847 875 940 1005 1017 1057 1152 1224 1287 1349 1380 1385 1410 1487 1536 1574 1658 1661 1670 1697 1750 1755 1779 1840 1856 1873 1915 1928 1970,C/C(=N/NC1=C(C=C(C=C1)F)F)/C2=CC(=C(C=C2)OC)COC
1037,CCC1=CC=C(C=C1)NC(=O)COC(=O)C2CCN(CC2)C3=NC4=CC=CC=C4O3,41 80 145 147 167 182 191 212 246 264 289 294 310 335 378 407 463 534 650 656 695 803 807 843 901 926 935 974 1019 1057 1077 1088 1097 1128 1152 1199 1267 1325 1380 1480 1499 1604 1750 1754 1799 1808 1816 1823 1837 1855 1873 1917 1963 1968 2004,CCC1=CC=C(C=C1)NC(=O)COC(=O)C2CCN(CC2)C3=NC4=CC=CC=C4O3
1038,CNC(=O)[C@H]1[C@@H]2CC[C@@H]([C@@H]1C(=O)NC)C=C2,33 60 227 335 345 648 650 689 807 848 926 1017 1019 1057 1083 1152 1325 1389 1430 1873 1917,CNC(=O)C1C2CCC(C1C(=O)NC)C=C2
1039,CC1=C(C=C(C=C1)S(=O)(=O)C)NCCCCSC,11 57 80 116 210 319 350 394 592 650 658 667 692 715 875 899 1057 1152 1182 1224 1276 1380 1391 1416 1476 1661 1667 1691 1706 1722 1750 1800 1873 1911 1942 1972,CC1=C(C=C(C=C1)S(=O)(=O)C)NCCCCSC
1040,COC1=CC2=C(N(C=C2C=C1)C[C@@]3(C(=O)NC(=O)N3)C#CC4=CC5=C(C=C4)N=C(S5)NC6CC6)O,9 35 37 60 80 102 162 203 221 249 286 314 322 378 385 421 430 440 464 513 529 550 557 650 674 675 695 713 716 718 781 783 807 841 875 884 885 915 926 935 961 1019 1057 1060 1097 1114 1143 1152 1180 1185 1225 1267 1325 1357 1380 1455 1536 1585 1589 1602 1634 1669 1750 1784 1798 1837 1855 1873 1954 1972 1974 2012,COC1=CC2=C(N(C=C2C=C1)C[C@@]3(C(=O)NC(=O)N3)C#CC4=CC5=C(C=C4)N=C(S5)NC6CC6)O
1041,COC1=CC(=C(C=C1)CC2=C(C=C(C=C2F)C(=O)O)OCC3=CC=CC=C3)F,59 80 107 128 138 143 246 259 322 389 428 456 650 683 695 699 718 745 781 807 841 875 1057 1066 1088 1138 1199 1226 1349 1360 1380 1385 1430 1452 1536 1741 1750 1754 1840 1873 1917 1928 1970 1972 2009 2034 2042,COC1=CC(=C(C=C1)CC2=C(C=C(C=C2F)C(=O)O)OCC3=CC=CC=C3)F
1042,CCN1CCN(CC1)C(=O)CN2C(=C(C(=N2)C)Cl)C,34 74 80 92 158 162 294 378 507 561 650 760 807 865 926 935 1009 1011 1018 1057 1312 1313 1380 1480 1517 1577 1589 1683 1722 1734 1766 1791 1917 1956 2002 2009,CCN1CCN(CC1)C(=O)CN2C(=C(C(=N2)C)Cl)C
1043,CN1C(=O)C=C(C=N1)N2CC[C@@H](C2)CNCC3=C(NN=C3)C4=CC=C(C=C4)F,20 29 33 43 74 80 90 94 155 255 267 277 314 335 378 407 456 609 650 661 699 715 739 768 800 807 875 896 926 935 1004 1019 1057 1105 1114 1120 1141 1145 1152 1160 1325 1349 1380 1410 1480 1502 1535 1573 1585 1604 1670 1676 1750 1773 1825 1848 1873 1886 1928,CN1C(=O)C=C(C=N1)N2CCC(C2)CNCC3=C(NN=C3)C4=CC=C(C=C4)F
1044,C1[C@@]([C@]([C@@]([C@H](O1)OBr)(CC=O)O)(CC=O)O)(CC=O)O,11 80 292 297 435 519 600 650 656 694 695 728 802 807 808 824 926 1004 1019 1047 1060 1154 1224 1256 1259 1366 1455 1572 1628 1753 1848 2029,C=CCC1(COC2C1(CO2)OC3(COC(OC3)O[Si])O)CC=O
1045,CC1=NN(C2=C1C(=CC(=N2)C3=CC(=CC=C3)OC)C(=O)NCC(C)CN4C=CC=N4)C,1 43 75 77 80 92 197 283 285 294 299 322 378 384 486 562 599 606 619 650 674 695 736 747 781 799 806 807 841 875 913 916 935 980 1006 1039 1057 1088 1101 1105 1145 1152 1160 1317 1342 1380 1518 1536 1553 1696 1722 1750 1777 1784 1794 1855 1866 1873 1917 1922 1956 1972 1984 1991 2014,CC1=NN(C2=C1C(=CC(=N2)C3=CC(=CC=C3)OC)C(=O)NCC(C)CN4C=CC=N4)C
1046,CCC(=O)N1CC[C@@H]2[C@@](C1)(CCCO2)COC3=CC=CC=N3,76 80 294 340 361 378 448 488 602 604 626 650 652 656 695 706 802 807 898 926 935 950 958 962 983 993 1009 1019 1021 1028 1057 1060 1065 1088 1155 1162 1199 1271 1325 1358 1380 1439 1452 1480 1570 1750 1810 1866 1873 1917 1938 1950 2009,CCC(=O)N1CC[C@H]2OCCC[C@]2(COc2ccccn2)C1
1047,CC(C)(C(CC1=C(C=NC=C1)Cl)NN)N2CCOCC2,1 79 80 114 156 158 366 378 392 484 523 561 596 645 656 926 935 950 1057 1082 1087 1152 1171 1208 1349 1380 1405 1429 1441 1459 1480 1535 1569 1586 1603 1649 1683 1701 1750 1866 1873 1928 2036 2042,CC(C)(C(CC1=C(C=NC=C1)Cl)NN)N2CCOCC2
1048,CCCCCNC(=NC)NCCCCN1CCN(CC1)C2=CC=CC=C2,74 78 80 126 197 294 389 407 591 592 653 667 687 725 794 807 893 926 935 943 1049 1057 1088 1145 1152 1160 1199 1380 1405 1444 1480 1482 1508 1750 1791 1825 1873 1876 1898 1911 1913,CCCCCNC(=NC)NCCCCN1CCN(CC1)C2=CC=CC=C2
1049,CC(C)O[C@H]1CN(C[C@@H]1O)C(=O)C2(CCC2)COC,1 10 20 70 80 283 485 650 695 715 739 798 807 841 849 926 935 1005 1019 1028 1057 1060 1065 1162 1257 1336 1378 1505 1917 1923 1951 1978 1992 2000 2002 2009 2016 2024 2028,CC(C)O[C@@H]1CN(C[C@H]1O)C(=O)C2(CCC2)COCC3(CCC3)COC
1050,C1=CC=C(C=C1)C2=C(C(=CC=C2)Cl)NC(=O)CCl,41 80 96 222 352 366 381 389 561 650 667 736 807 870 974 984 1039 1088 1109 1152 1160 1199 1380 1407 1538 1582 1683 1731 1750 1816 1873 1917,C1=CC=C(C=C1)C2=C(C(=CC=C2)Cl)NC(=O)CCl
1051,CCN(CC)C1=NC=C(C=C1)C(=O)NC2CCCCC2CO,80 138 180 190 222 226 294 361 378 387 426 486 604 650 724 807 821 881 890 926 932 1019 1028 1057 1124 1152 1164 1249 1325 1380 1385 1403 1452 1516 1535 1628 1687 1697 1750 1768 1873 1917 1918 2036,CCN(CC)C1=NC=C(C=C1)C(=O)NC2CCCCC2CO
1052,COC(=O)C1=CC2=C(C(=C1)F)NN=C2,74 145 378 426 449 600 609 650 695 699 807 841 875 906 1008 1057 1114 1120 1152 1327 1360 1380 1385 1514 1530 1535 1715 1840 1855 1873 1917 1928 1950,COC(=O)C1=CC2=C(C(=C1)F)NN=C2
1053,C/C=C/C1=CC=C2[C@@H]3[C@@H]([C@H]([C@@H](N3CC4=NC=CS4)CN2C1=O)CO)C(=O)NCCOC,13 14 80 168 185 197 208 221 222 299 314 335 341 361 378 461 486 504 510 554 646 650 667 675 689 694 695 739 792 800 807 835 841 844 926 935 961 1005 1019 1045 1057 1094 1097 1152 1238 1346 1380 1452 1496 1516 1567 1578 1640 1681 1689 1750 1765 1790 1850 1862 1866 1873 1892 1917 1929 1932 1980 2009 2039,s1c(ncc1)CN1[C@H]2[C@H]([C@@H]([C@@H]1Cn1c2ccc(c1=O)/C=C/C)C(=O)NCCOC)CO
1054,CN1CCC2=CC(=C(C=C2C(C1)C3=CSC=C3)OC)OC,14 29 171 207 249 366 552 654 675 695 739 814 826 841 875 926 935 953 987 1019 1027 1057 1145 1236 1245 1279 1380 1480 1536 1660 1673 1713 1738 1750 1769 1862 1873 1888 1892 1970 2031,CN1CCC2=CC(=C(C=C2C(C1)C3=CSC=C3)OC)OC
1055,C1CN(CCC1N2C=NC(=C2C3=NN4C=C(N=C4C=C3)CC(=O)C5=CC(=NC=C5)F)C6=CC=C(C=C6)F)CC7=NOC=C7,80 90 178 194 202 204 289 323 325 326 330 338 378 389 464 471 497 545 577 645 650 656 679 699 724 784 787 807 817 819 847 875 896 926 932 935 980 1012 1019 1025 1027 1035 1056 1089 1160 1172 1261 1269 1275 1325 1380 1385 1389 1410 1452 1480 1490 1542 1569 1658 1670 1693 1750 1764 1765 1775 1791 1855 1857 1866 1873 1909 1910 1917 1928 1956 1990,C1CN(CCC1N2C=NC(=C2C3=NN4C=C(C=CC4=N3)C(=O)CC5=NOC=C5)C6=CC=C(C=C6)F)CC7=NOC=C7
1056,COC1=CC=CC(=C1)CNC(=O)C2=CC=C(C=C2)NS(=O)(=O)C3=CC(=C(C=C3)F)F,4 80 191 197 198 216 255 265 270 319 322 350 486 502 531 559 562 650 695 699 715 743 781 807 813 841 843 875 1039 1057 1066 1088 1152 1270 1380 1385 1476 1536 1539 1573 1665 1685 1697 1750 1754 1779 1840 1873 1917 1928 1972,COC1=CC=CC(=C1)CNC(=O)C2=CC=C(C=C2)NS(=O)(=O)C3=CC(=C(C=C3)F)F
1057,C1COC2(C[C@@H]1OC3=CC=CC=N3)CN(C2)C(=O)[C@H]4CC5=CC=CC=C5O4,62 119 123 141 155 182 231 351 378 448 524 536 602 611 626 648 650 651 656 679 695 750 796 807 855 926 935 950 1017 1019 1025 1060 1088 1155 1199 1236 1325 1372 1380 1452 1481 1535 1570 1708 1750 1802 1810 1866 1873 1884 1905 1917 1958 2009 2030,O=C(C1Cc2ccccc2O1)N1CC2(CC(CCO2)Oc2ccccn2)C1
1058,CC(C)OC1=CC=C(C=C1)NC(=S)NCCCC2=CC=CC3=CC=CC=C32,1 62 80 97 110 191 197 253 283 322 555 649 664 667 695 718 730 807 843 844 966 968 1039 1057 1077 1087 1088 1104 1152 1199 1243 1349 1357 1380 1436 1527 1573 1597 1750 1816 1855 1873 1876 1911 1960 1978,CC(C)OC1=CC=C(C=C1)NC(=S)NCCCC2=CC=CC3=CC=CC=C32
1059,CCCOC(=O)C1=C(SCC1=C=O)NC2=CC3=CC=CC=C3C=C2,13 80 145 147 157 167 191 192 203 294 322 329 455 491 598 606 631 650 674 675 683 695 794 807 843 859 870 875 926 1016 1057 1087 1088 1152 1199 1312 1321 1380 1449 1592 1594 1737 1750 1797 1855 1873 1917 2029,CCCOC(=O)C1=C(SCC1=C=O)NC2=CC3=CC=CC=C3C=C2
1060,CC(=O)OC1CCC2(C3CCC(=O)C(=C3C(CC2C1)OC4CCCCO4)CC(=O)OC)C,80 114 119 121 138 161 195 250 296 314 325 361 521 528 588 650 656 689 695 751 770 802 807 841 890 926 950 959 1017 1019 1028 1035 1057 1060 1092 1126 1152 1162 1165 1238 1249 1269 1274 1292 1324 1325 1380 1381 1386 1460 1477 1509 1567 1598 1721 1734 1738 1740 1747 1854 1917 1950 1951,CC(=O)O[C@H]1CC[C@]2([C@H](C1)C[C@H](C3=C(C(=O)CC[C@H]23)CC(=O)OC)OC4CCCCO4)C
1061,CC(C)C1CCC(CC1)(C#N)C2(CCCC(CC2)(C)C)O,1 33 253 283 301 324 522 600 673 674 696 790 807 887 926 933 972 1019 1028 1057 1060 1154 1162 1182 1274 1325 1384 1440 1487 1512 1637 1720 1978 2028,CC(C)C1CCC(CC1)(C#N)C2(CCCC(CC2)(C)C)C3(CCC(CC3)(C)C)C4(CCCC(CC4)(C)C)O
1062,CCCC1=NN=C(O1)C2=CC=C(C=C2)OCC(=O)NC3=CC=CC=C3F,41 80 102 167 192 294 322 378 543 544 650 656 695 699 718 720 794 807 862 896 917 962 1032 1047 1057 1088 1152 1160 1164 1199 1211 1224 1243 1380 1384 1452 1604 1679 1696 1726 1750 1816 1840 1873 1887 1917 1928 1948 2004,CCCC1=NN=C(O1)C2=CC=C(C=C2)OCC(=O)NC3=CC=CC=C3F
1063,COC=C(C1=CC=CC=C1COC2=CC(=C(C=C2)NCC3CC3)F)C(=O)OC,29 80 255 259 278 322 483 491 596 650 654 684 694 695 699 718 745 766 807 841 875 926 971 1019 1057 1088 1152 1199 1224 1255 1272 1325 1349 1380 1416 1447 1452 1501 1597 1604 1609 1671 1719 1750 1824 1840 1846 1856 1873 1874 1915 1917 1928 1991 2020,CO/C=C(\C1=CC=CC=C1COC2=CC(=C(C=C2)NCC3CC3)F)/C(=O)OC
1064,COCOC1=C(C=CC(=C1)F)C2=NC(=C(C(=C2)C3=CC(=CC=C3)Br)C#N)N,80 197 213 335 352 358 378 485 674 680 695 699 728 736 766 780 790 840 841 860 875 909 980 1005 1039 1054 1057 1088 1136 1160 1171 1241 1290 1347 1380 1384 1410 1452 1457 1459 1472 1487 1556 1564 1631 1670 1750 1825 1855 1873 1928 1956 1970,COCOC1=C(C=CC(=C1)F)C2=NC(=C(C(=C2)C3=CC(=CC=C3)Br)C#N)N
1065,C1=CC(=CC(=C1)C2=C(C=CC(=C2F)CBr)Cl)C=O,80 226 251 283 366 446 561 597 650 666 686 694 699 728 736 767 802 875 963 1004 1039 1063 1088 1160 1349 1353 1380 1445 1683 1741 1747 1750 1849 1873 1928 2021 2033,C1=CC(=CC(=C1)C2=C(C=CC(=C2F)CBr)Cl)C=O
1066,C1=CSC(=C1)S(=O)(=O)N/N=C/C2=CC(=C(C=C2)O)O,14 25 241 309 315 350 383 502 589 628 650 675 694 725 737 807 826 864 875 969 1088 1125 1152 1155 1380 1475 1476 1514 1521 1567 1602 1607 1735 1750 1865 1867 1873 2033,C1=CSC(=C1)S(=O)(=O)NN=CC2=CC(=C(C=C2)O)O
1067,CC1=C(C=C(C=C1)F)NC(=O)COC(=O)C2=CC=CC=C2C(=O)C3=CC(=C(C=C3)Cl)[N+](=O)[O-],9 41 74 80 145 147 167 308 311 354 366 561 594 650 658 666 695 699 715 716 753 807 823 838 875 955 1057 1088 1152 1195 1199 1224 1380 1385 1391 1410 1430 1447 1487 1499 1616 1633 1670 1673 1683 1691 1697 1722 1750 1816 1873 1917 1928 1948 1963 1991 1997 2004,CC1=C(C=C(C=C1)F)NC(=O)COC(=O)C2=CC=CC=C2C(=O)C3=CC(=C(C=C3)Cl)[N+](=O)[O-]
1068,CC(=O)C1=C(C2=C(C=C1CC(=O)OC(C)(C)C)C(=O)C3=CC=CC=C3C2=O)O,1 32 80 114 202 231 314 325 352 392 429 466 586 650 695 700 787 807 875 943 973 984 1017 1057 1086 1088 1199 1349 1380 1386 1476 1487 1574 1602 1697 1747 1750 1820 1859 1873 1917 1925,CC(=O)C1=C(C(=CC2=C1C(=O)C3=CC=CC=C3C2=O)CC(=O)OC(C)(C)C)O
1069,CCCOC1=C(C=C(C=C1)C(=O)CCN2CCN(CC2)C(=O)C3=CC=CO3)N,13 74 76 80 94 294 474 500 621 650 656 679 695 732 787 794 807 870 873 875 910 926 935 942 1057 1066 1088 1145 1171 1233 1343 1380 1385 1429 1451 1452 1457 1480 1482 1504 1518 1557 1564 1589 1693 1697 1750 1754 1791 1844 1873 1917 1926 1970 2009,CCCOC1=C(C=C(C=C1)C(=O)CCN2CCN(CC2)C(=O)C3=CC=CO3)N
1070,CC1=NNC(=NC2=NC(=NC3=CC=CC=C32)C(=O)C4=NC5=CC=CC=C5C(=N4)N=C6CC(=NN6)C)C1,9 44 161 289 368 378 389 406 417 569 578 650 725 807 865 903 926 1057 1077 1088 1097 1114 1199 1236 1295 1357 1380 1418 1520 1527 1564 1573 1722 1750 1798 1808 1855 1873 1914 1917,CC1=NNC(=NC2=NC3=CC=CC=C3C(=NC4=NNC(=NC5=NC6=CC=CC=C6C5)C4)C2)C1
1071,CC1=C(C(=CC=C1)C(C)C)NC(=O)C2=C(C=CC(=C2)[N+](=O)[O-])NC,1 121 237 283 381 486 580 581 598 650 715 753 807 838 847 875 964 1039 1057 1088 1089 1152 1195 1224 1274 1380 1391 1408 1430 1485 1498 1682 1722 1750 1809 1814 1816 1856 1866 1873 1917 1940 1954 1963 1991 1999,CC1=C(C(=CC=C1)C(C)C)NC(=O)C2=C(C=CC(=C2)[N+](=O)[O-])NC
1072,CC1CNC(CN1C2=NCCN2)C,89 296 305 313 378 470 635 663 684 734 739 881 926 935 1019 1038 1057 1114 1122 1309 1380 1417 1471 1507 1537 1720 1860 1866 1998,CC1CNC(CN1C2=NCCN2)C3=NCCN3
1073,C[C@]12CC[C@H]3[C@H]([C@@H]1CCC2=O)CC(=O)[C@@]45[C@@]3(CCC(=O)[C@@H]4O5)C=O,7 29 61 121 231 239 314 370 503 519 529 622 650 656 694 758 926 1004 1009 1019 1057 1060 1070 1117 1162 1167 1209 1274 1325 1360 1380 1449 1472 1538 1638 1656 1698 1738 1762 1809 1855 1884 1998,C[C@]12CC[C@H]3[C@H]([C@@H]1CCC2=O)CC(=O)[C@@H]4[C@]35[C@](O4)(C(=O)CCC5=O)C=O
1074,CCC1=NC2=CC=CC(=C2N1C(C)C3CC3)C(=O)O,1 80 248 283 289 294 295 318 378 389 456 515 598 650 673 807 845 862 926 935 1019 1039 1047 1057 1088 1097 1098 1325 1380 1423 1440 1447 1710 1750 1781 1799 1855 1873 1900 1917 1978 1991,CCC1=NC2=CC=CC(=C2N1C(C)C3CC3)C(=O)O
1075,CC(C)(C)OC(=O)N1CC(C1)N2C=C(C(=O)NC2=O)C#N,114 231 314 361 392 464 479 506 577 650 674 695 739 750 758 790 807 869 926 935 1011 1019 1033 1057 1065 1082 1114 1136 1275 1380 1384 1401 1469 1536 1574 1745 1749 1859 1862 1873 1910 1917 2009,CC(C)(C)OC(=O)N1CC(C1)N2C=C(C(=O)NC2=O)C#N
1076,CN(C)S(=O)(=O)C1=CC=CC=C1NC(=O)C2=CC=C(C=C2)S(=O)(=O)N3CCCC3,112 310 319 350 366 374 392 486 492 539 585 650 715 757 763 800 807 815 881 926 935 947 992 1028 1057 1088 1152 1163 1199 1224 1380 1385 1476 1480 1665 1696 1697 1750 1762 1795 1816 1873 1917 1998,CN(C)S(=O)(=O)C1=CC=CC=C1NC(=O)C2=CC=C(C=C2)S(=O)(=O)N3CCCC3
1077,CN1C2CCC1CC(C2)NCC3=NN=C4C3=CC(=CC4)C5=CSC=C5,1 14 80 84 118 187 237 246 255 270 338 378 470 471 552 675 731 732 825 838 904 926 935 944 987 991 1019 1050 1057 1145 1152 1160 1167 1230 1253 1292 1325 1338 1380 1421 1462 1569 1634 1750 1769 1781 1806 1873 1892 1910 1923,CN1C2CCC1CC(C2)NCC3=CC(=CC3)C4=CSC=C4
1078,CC(CCC(C)N(C1CC1)C(=O)C)N(C)C2CC2,1 80 196 283 337 492 509 618 640 650 687 739 807 809 881 926 1017 1019 1057 1154 1163 1169 1318 1325 1418 1588 1684 1917,CC(CCC(C)N(C1CC1)C(=O)C)N(C2CC2)C(=O)C
1079,C1CNC(CN1)CCNCCCN,80 207 261 305 470 600 603 649 667 771 832 926 981 1004 1019 1114 1146 1152 1171 1282 1308 1322 1449 1507 1517 1733 1801 1840 1911,C1CNC(CN1)CCCNCCCN
1080,C1CN2C(=CC(=N2)C=O)C(=O)N1C3=CC=CC=C3,99 165 170 237 314 378 389 539 650 694 811 875 879 926 935 1004 1049 1063 1088 1091 1199 1380 1457 1480 1692 1704 1750 1800 1825 1845 1873 1882 1941 1956 2001,C1CN2C(=CC(=N2)C=O)C(=O)N1C3=CC=CC=C3
1081,C1CC(N(C1)CC(CN2CCOCC2)O)CC3=CC(=CC=C3)F,1 42 80 227 230 446 458 523 656 699 720 807 875 901 926 935 950 953 1019 1028 1039 1044 1066 1081 1088 1325 1367 1380 1405 1441 1480 1487 1489 1552 1599 1627 1670 1714 1750 1754 1791 1849 1873 1922 1928 2022 2038,C1CC(N(C1)CC(CN2CCOCC2)O)CC3=CC(=CC=C3)F
1082,CC(=O)C(CC(=O)NCCO)(C(=O)NCCN)N,41 80 114 197 222 374 473 597 650 667 675 702 723 807 927 981 1017 1057 1061 1152 1171 1194 1344 1376 1496 1643 1710 1760 1826 1840 1917 2025,CC(=O)C(CC(=O)NCCN)(C(=O)NCCO)C(CC(=O)NCCO)(C(=O)NCCO)N
1083,C1=CC(=CC=C1/C=C/C2=CC3=C(C=C2)C4=C(N3)C=CN=C4)N,25 119 178 378 584 586 694 835 875 878 888 991 1114 1168 1171 1208 1299 1357 1380 1457 1535 1586 1603 1615 1626 1649 1733 1745 1750 1804 1866 1873 1992 2033 2041,C1=CC(=CC=C1/C=C/C2=CC3=C(C=C2)C4=C(N3)C=CN=C4)N
1084,CCCC(=C)C(C1=CC=CC=C1)NC(=O)C(Cl)(Cl)Cl,1 80 114 117 284 294 304 305 389 650 794 803 807 843 1022 1057 1088 1147 1152 1159 1199 1265 1344 1357 1365 1366 1380 1564 1580 1581 1673 1683 1750 1842 1873 1917,CCCC(=C)C(C1=CC=CC=C1)NC(=O)C(Cl)(Cl)Cl
1085,CCC1=NC=C(S1)C(=O)N2CCOC[C@H]2CC(=O)C3=CC=CC=C3,80 162 175 193 242 294 303 321 378 389 419 422 431 523 650 656 675 702 807 828 911 926 935 950 1004 1019 1057 1088 1199 1325 1380 1385 1441 1452 1480 1495 1504 1521 1535 1552 1578 1618 1684 1693 1750 1799 1823 1873 1917 1923 1985,CCC1=NC=C(S1)C(=O)N2CCOCC2CC(=O)C3=CC=CC=C3
1086,CC(C)(C)N1C=CN=C(C1=O)NCC2=CSC(=O)N2,80 114 157 237 255 314 316 378 387 391 392 408 504 552 650 675 708 803 892 930 933 935 1057 1101 1114 1152 1203 1380 1416 1451 1452 1546 1567 1647 1745 1866 1873 1939 1994 2025,CC(C)(C)N1C=CN=C(C1=O)NCC2=CSC(=O)N2
1087,COC(=O)C1CCCC2=C(N=C(N12)C3=CC(=CC=C3)F)C(=O)O,42 95 230 354 378 382 389 456 473 490 504 527 531 534 650 695 699 736 807 841 875 926 935 956 979 1019 1028 1034 1039 1055 1057 1074 1088 1152 1160 1268 1325 1380 1422 1442 1487 1670 1722 1738 1750 1855 1873 1917 1928 1967,COC(=O)C1CCCC2=C(N=C(N12)C3=CC(=CC=C3)F)C(=O)O
1088,C1=CC=C(C(=C1)C2=NN=C3N2C(=CC=C3)CN)Cl,3 21 63 80 166 204 269 352 366 378 399 548 561 710 819 935 974 981 984 1039 1083 1088 1154 1164 1171 1199 1356 1380 1508 1683 1722 1748 1750 1873,C1=CC=C(C(=C1)C2=NN=C3N2C(=CC=C3)CN)Cl
1089,CC1=NN=C(S1)NC(=O)CCC2=CSC3=NC(=CN23)C4=CC=CC=C4,9 41 67 80 162 194 305 348 378 385 389 446 464 552 609 650 665 675 710 736 807 935 980 1056 1057 1088 1136 1152 1160 1164 1199 1243 1380 1382 1444 1495 1510 1564 1567 1684 1707 1721 1722 1750 1759 1816 1855 1873 1917 1969 1971,CC1=NN=C(S1)NC(=O)CCC2=CSC3=NC(=CN23)C4=CC=CC=C4
1090,CCN(C1CCCC1)C2=NC=C(C=C2C)CNC(C)C,1 80 109 247 255 259 270 283 294 378 380 747 782 809 875 881 885 890 926 932 1019 1028 1057 1063 1152 1325 1380 1391 1452 1458 1461 1524 1535 1722 1754 1794 1859 1873 2030,CCN(C1CCCC1)C2=NC=C(C=C2C)CNC(C)C
1091,C1COC2=CC=CC=C2C1(CC3=CC(=CC=C3)Cl)C(=O)O,9 80 165 184 216 232 389 441 561 592 610 650 656 671 725 807 855 875 926 950 1039 1060 1066 1088 1162 1199 1295 1380 1411 1460 1481 1529 1655 1683 1734 1750 1754 1834 1873 1905 1917 1980,C1COC2=CC=CC=C2C1(CC3=CC(=CC=C3)Cl)C(=O)O
1092,CCN(CC(=O)NCC1=CC=C(C=C1)F)C(=O)C[C@@H]2CCC[C@H]2N,41 80 90 197 226 255 260 294 309 310 333 545 638 650 699 807 881 926 932 978 983 1004 1008 1019 1028 1057 1063 1152 1164 1171 1190 1238 1250 1325 1380 1397 1410 1537 1573 1670 1750 1754 1832 1873 1917 1928 1932 1999,CCN(CC(=O)NCC1=CC=C(C=C1)F)C(=O)C[C@@H]2CCC[C@H]2N
1093,CCN1CCC(CC1)C2=CN=C3C(=C2)C=CN3CC4=CC=C(C=C4)C(=C)NC,34 80 294 310 345 378 383 400 507 531 674 797 802 807 865 875 888 926 935 1019 1022 1057 1092 1101 1111 1143 1152 1231 1261 1279 1325 1366 1380 1385 1430 1452 1455 1479 1480 1535 1679 1683 1696 1697 1750 1752 1754 1765 1785 1791 1855 1862 1873 2000,CCN1CCC(CC1)C2=CN=C3C(=C2)C=CN3CC4=CC=C(C=C4)C(=C)NC
1094,CC1=C(C(=CC=C1)C(C)C)NC(=O)N2CCCC2C3=C(C=C(C=C3)OC)OC,1 121 170 193 218 231 237 242 249 283 293 322 381 446 521 581 598 635 650 695 718 781 807 841 875 926 927 935 1019 1027 1028 1039 1057 1088 1152 1312 1325 1372 1380 1391 1480 1483 1485 1536 1682 1722 1750 1816 1873 1917 1954 1970 1972 1999,CC1=C(C(=CC=C1)C(C)C)NC(=O)N2CCCC2C3=C(C=C(C=C3)OC)OC
1095,CCNCC1=CC(=NC(=C1)C)N(C)CC2=CC=CS2,14 80 99 196 241 255 267 294 378 383 507 649 656 675 839 875 881 1004 1038 1054 1057 1088 1101 1152 1163 1209 1256 1298 1370 1380 1520 1567 1575 1722 1726 1731 1750 1754 1831 1855 1873 1918,CCNCC1=CC(=NC(=C1)C)N(C)CC2=CC=CS2
1096,CC1=CC(=NC2=NC(=NN12)SC(C)C3=CC=C(C=C3)OC(F)F)C,1 116 117 283 322 378 412 491 627 664 695 718 723 875 883 935 955 968 973 1050 1057 1086 1123 1241 1365 1369 1380 1456 1507 1520 1666 1722 1731 1750 1772 1800 1818 1840 1853 1855 1873 1928 1956 2001,CC1=CC(=NC2=NC(=NN12)SC(C)C3=CC=C(C=C3)OC(F)F)C
1097,CC1=CC=C(C=C1)S(=O)(=O)OC2=C(C=C(C=C2OC)/C=C/3\C(=O)NC(=O)N(C3=O)C4=CC=C(C=C4)Cl)CC=C,80 186 210 216 233 235 249 281 314 319 328 333 348 350 561 623 650 694 695 715 796 816 817 836 841 875 879 935 940 967 1019 1057 1060 1070 1114 1120 1176 1249 1349 1366 1380 1412 1454 1476 1501 1536 1560 1605 1640 1645 1657 1683 1686 1722 1750 1823 1825 1828 1837 1873 1892 1920 1970 2033,CC1=CC=C(C=C1)S(=O)(=O)OC2=C(C=C(C=C2OC)/C=C\3/C(=O)NC(=O)N(C3=O)C4=CC=C(C=C4)Cl)CC=C
1098,C1=CC(=CC=C1CCNCC(COC2=CC=C(C=C2)O)O)NC3C(=O)NC(=O)S3,1 74 80 102 118 191 227 310 314 322 424 430 565 606 650 658 667 675 695 718 745 807 843 987 1004 1019 1034 1045 1060 1091 1114 1152 1169 1243 1313 1380 1381 1443 1445 1452 1481 1507 1589 1599 1602 1699 1750 1754 1778 1873 2038,C1=CC(=CC=C1CCNC[C@@H](COC2=CC=C(C=C2)O)O)NC3C(=O)NC(=O)S3
1099,CC(C)C[C@H](C(=O)O)NC1=C(C=C(C=C1[NH+](O)[O-])[NH+](O)[O-])C(=O)NC2=CC=C(C=C2)Cl,1 9 80 139 171 191 216 253 283 381 389 475 486 561 650 680 690 709 715 736 759 773 807 816 843 847 875 898 961 1057 1070 1077 1152 1188 1380 1482 1514 1554 1624 1683 1750 1816 1844 1847 1873 1917 1928 1978 1991 2010 2031 2040,CC(C)CC(C(=O)O)NC1=C(C=C(C=C1C(=O)NC2=CC=C(C=C2)Cl)[NH+](O)[O-])C(=O)NC3=CC=C(C=C3)Cl
1100,CC1(CCN(CC1=O)CC2=CC=C(C=C2)Br)C,80 310 314 388 650 719 728 909 926 935 953 1036 1057 1060 1157 1162 1195 1274 1280 1380 1480 1493 1631 1649 1683 1750 1754 1765 1771 1791 1855 1873 1946,CC1(CCN(CC1=O)CC2=CC=C(C=C2)Br)C
1101,C1=CC(=CC(=C1)Br)NC(=O)CC(=O)NCC2=CN=CC=C2,41 80 184 191 197 255 296 333 378 437 485 518 636 645 650 703 728 766 807 875 901 909 1039 1043 1066 1088 1152 1356 1380 1535 1573 1586 1603 1631 1750 1754 1815 1816 1866 1873 1917,C1=CC(=CC(=C1)Br)NC(=O)CC(=O)NCC2=CN=CC=C2
1102,CN1C(=O)CCC(=N1)C(=O)NC2=C(C=CC(=C2)C(F)(F)F)OCCOC,13 80 94 114 160 267 314 378 486 556 650 666 676 695 798 807 809 841 875 893 926 935 947 1005 1033 1057 1058 1145 1152 1219 1222 1224 1260 1380 1417 1452 1453 1468 1518 1522 1665 1738 1750 1785 1816 1818 1873 1878 1917 1928 1953 1970,CN1C(=O)CCC(=N1)C(=O)NC2=C(C=CC(=C2)C(F)(F)F)OCCOC
1103,CCNC(=O)N1CCN(CC1)C2=NC(=NC(=C2CC3=C(C=CC=C3Cl)F)COC)C,78 80 130 197 218 246 294 366 378 407 525 541 561 650 695 699 745 798 807 841 854 861 926 935 953 974 1005 1032 1039 1057 1088 1114 1126 1152 1231 1321 1380 1430 1468 1472 1480 1508 1589 1617 1624 1658 1683 1722 1726 1750 1797 1840 1855 1873 1897 1917 1928 2009 2034,CCNC(=O)N1CCN(CC1)C2=NC(=NC(=C2CC3=C(C=CC=C3Cl)F)COC)C
1104,CCOC(=O)OC1=C(C2=C(N1CC3=CC4=NSN=C4C=C3)C=CC(=C2)N(C5=CC=CC=C5)C(=O)N)C6=CC=C(C=C6)C=O,25 45 80 122 139 140 147 245 288 294 310 315 335 368 374 378 389 394 621 624 650 675 694 695 699 735 744 802 807 875 881 896 932 935 960 961 963 965 1004 1056 1057 1058 1060 1063 1088 1096 1097 1160 1171 1199 1210 1238 1239 1281 1357 1380 1511 1558 1640 1708 1722 1729 1736 1747 1750 1754 1765 1873 1884 1891 1917 2021 2033,CCOC(=O)OC1=C(C2=C(N1CC3=CC4=NSN=C4C=C3)C=CC(=C2)C=O)C5=CC=C(C=C5)N(C6=CC=CC=C6)C(=O)N
1105,CC(C)NCC1=C(C(=C(C=C1)F)C2=NC=C3C(=C2)C(=NN3)C4=CN(N=C4)C)F,1 41 43 74 80 88 119 121 216 255 266 283 323 327 378 464 474 698 699 767 782 865 875 926 935 980 1028 1057 1114 1145 1152 1160 1299 1349 1357 1380 1437 1445 1452 1461 1533 1535 1592 1741 1747 1750 1762 1840 1866 1873 1876 1897 1928 1961 2004 2030,CC(C)NCc1ccc(F)c(c1F)c1n[nH]c2cnc(cc12)c1cnn(C)c1
1106,C1CCC2(CC1)OC3(C4CC5C(=O)C6C5(C4)CC3C6)OO2,2 23 38 40 112 225 314 418 528 536 611 650 656 670 679 716 860 926 955 1019 1028 1060 1120 1128 1162 1292 1380 1444 1638 1721 1730 1881 1950,C1CCC2(CC1)OC3(OOC4(OO2)[C@@H]5C[C@H]6C[C@@H]4C(=O)[C@@H]7[C@]6(C5)C[C@@H]3C7)C8CCCCC8
1107,CCC(=C[C@H]1C[C@H]2C[C@@H]([C@@H]1C)C2(C)C)CO,36 80 151 222 294 349 496 519 528 549 694 776 807 898 926 1019 1057 1060 1076 1255 1274 1292 1309 1402 1434 1627 1664 1682 1762 1820 1880 1885,CC/C(=C\C1CC2CC(C1C)C2(C)C)/CO
1108,CCC1=CC2=C(C=C1)NC(=O)C(=C2)[C@@H](C3=NN=NN3CC4=CC=CC=C4)N(CC5=CC=CO5)CC6=CC=CS6,1 14 80 119 145 158 186 196 205 208 237 241 257 294 310 312 314 378 383 389 474 476 507 569 649 650 656 664 675 750 787 794 811 875 881 926 935 1034 1057 1066 1088 1114 1120 1130 1164 1179 1199 1233 1256 1333 1359 1368 1380 1387 1466 1518 1567 1570 1683 1745 1750 1754 1765 1783 1799 1817 1854 1855 1873 1926 1934 1939,CCC1=CC2=C(C=C1)NC(=O)C(=C2)C(C3=NN=NN3CC4=CC=CC=C4)N(CC5=CC=CO5)CC6=CC=CS6
1109,CC(C)[C@@H](C1=NN=C(N1CC=C)SCC(=O)NC2=CC(=CC=C2)OC)NC(=O)C3=CC=C(C=C3)OC,1 41 80 116 117 184 191 269 283 322 341 378 384 390 486 530 562 650 694 695 703 718 747 781 787 802 807 831 841 875 901 935 940 948 1039 1057 1088 1102 1133 1152 1164 1359 1366 1380 1385 1410 1446 1449 1455 1503 1506 1536 1645 1665 1697 1750 1773 1812 1816 1820 1853 1873 1917 1959 1972,CC(C)C(C1=NN=C(N1CC=C)SCC(=O)NC2=CC(=CC=C2)OC)NC(=O)C3=CC=C(C=C3)OC
1110,CCOC1=CC=C(C=C1)N2C(=O)/C(=C/C3=CC(=C(C(=C3)I)O)OCC)/SC2=S,69 80 88 97 102 202 215 233 237 273 281 294 314 322 328 425 582 645 650 661 669 675 694 695 718 807 863 875 879 935 947 1027 1057 1176 1180 1238 1328 1380 1434 1452 1602 1686 1717 1750 1825 1828 1873 1904 1970 1987 2033 2044,CCOC1=CC=C(C=C1)N2C(=O)/C(=C/C3=CC(=C(C(=C3)I)O)OCC)/SC2=S
1111,COC1=CC=CC(=C1)N2C=C(C3=CC=CC=C3C2=O)C4=NC(=NO4)C5=CC=CC=N5,81 118 248 309 314 322 352 378 448 464 504 562 564 650 656 677 695 746 781 841 875 935 980 1039 1047 1049 1057 1088 1155 1186 1199 1289 1309 1357 1367 1380 1385 1452 1536 1542 1573 1750 1825 1851 1855 1866 1873 1910 1972 1985 1997,COC1=CC=CC(=C1)N2C=C(C3=CC=CC=C3C2=O)C4=NC(=NO4)C5=CC=CC=N5
1112,C1CCOC(C1)CN(CCCN)C2CCC2,80 248 361 421 656 802 809 821 834 881 890 926 950 981 1019 1028 1063 1171 1249 1325 1326 1358 1391 1437 1517 1620 1661 1840 1911 1951 1997,C1CCC(C1)N(CCCN)CC2CCCCO2
1113,COCC1=C2CN=C(C3=C(N2C=N1)C=CC(=C3)C4=CC=CC=C4)C5=CC=CC=C5,78 80 91 135 326 352 378 389 564 624 695 704 724 736 745 785 815 825 841 875 881 896 926 932 935 1005 1057 1088 1132 1160 1199 1295 1380 1422 1452 1529 1571 1658 1750 1800 1839 1873 1897 1915 1953 1964,COCC1=C2CN=C(C3=C(N2C=N1)C=CC(=C3)C4=CC=CC=C4)C5=CC=CC=C5
1114,CC(C)C#CCNC(=O)C(C(C(=O)CCCNC(C)C)O)O,1 23 80 125 151 183 197 227 283 307 389 446 485 503 573 650 667 674 782 807 946 1028 1057 1152 1264 1277 1290 1404 1411 1564 1724 1811 1880 1911 1917 2030,CC(C)NCCCC(=O)[C@H]([C@@H](C(=O)NCC#CC(C)C)O)C(=O)CCCNC(=O)C(C(C(=O)NCC#CC(C)C)O)O
1115,CC1=NC=C(S1)CS(=O)(=O)C2=CC(=C(C=C2)F)C(=O)O,5 80 162 216 319 350 378 389 400 456 550 567 650 656 665 675 699 715 720 807 875 888 930 934 1047 1057 1096 1174 1346 1380 1452 1476 1535 1556 1722 1750 1840 1873 1912 1917 1928 1991,CC1=NC=C(S1)CS(=O)(=O)C2=CC(=C(C=C2)F)C(=O)O
1116,CCS(=O)(=O)C1=C(N=NC2=C(C=CC(=C21)F)F)C(=O)O,80 87 165 214 216 294 350 355 378 389 456 490 519 650 663 699 807 901 931 979 1021 1057 1063 1112 1164 1174 1380 1476 1724 1750 1840 1873 1917 1928 1984,CCS(=O)(=O)C1=C(C2=C(C=CC(=C2N=N1)F)F)C(=O)O
1117,CC1=NN(C(=C1CN(CCC(=N)N)C2=CC=CC=C2)Cl)C,80 92 140 288 295 378 389 404 507 561 619 623 716 798 807 881 935 1057 1077 1088 1096 1104 1105 1144 1145 1171 1199 1236 1342 1380 1564 1683 1687 1703 1722 1750 1831 1871 1873 1951 1956 2006 2034,CC1=NN(C(=C1CN(CCC(=N)N)C2=CC=CC=C2)Cl)C
1118,C[C@H](CC1=C(C=C(C=C1)Cl)Cl)NC(=O)C2=CC=C(S2)C3=NC(=NC=C3)NC,1 62 79 80 117 162 165 216 278 283 366 378 419 446 486 561 623 645 650 675 787 807 816 875 965 980 1057 1085 1152 1162 1171 1181 1184 1209 1311 1349 1380 1423 1430 1452 1498 1524 1582 1681 1683 1741 1750 1819 1855 1866 1873 1917 1994 2018,CC(CC1=C(C=C(C=C1)Cl)Cl)NC(=O)C2=CC=C(S2)C3=NC(=NC=C3)NC
1119,CC(C)CCN(C)C1=C(C=C(C=N1)Cl)N,1 80 119 216 259 270 283 378 561 639 659 739 875 881 910 1000 1057 1101 1163 1171 1242 1380 1407 1421 1452 1457 1535 1683 1689 1847 1860 1873 1951,CC(C)CCN(C)C1=C(C=C(C=N1)Cl)N
1120,CC(CN)C1=C(C2=CC=CC=C2N1)Cl,1 80 119 283 502 561 702 880 981 1011 1057 1088 1114 1171 1199 1200 1299 1357 1380 1506 1573 1683 1713 1745 1750 1783 1860 1870 1873 1909,CC(CN)C1=C(C2=CC=CC=C2N1)Cl
1121,CN(C)S(=O)(=O)N(C)CC(=O)NCCOC,13 41 80 197 213 298 329 350 486 566 597 650 667 695 763 780 807 841 881 1005 1057 1152 1163 1190 1476 1537 1681 1790 1795 1917,CN(C)S(=O)(=O)N(C)CC(=O)NCCOC
1122,C1CSN=C1C2=C(C(=CC=C2)C(=O)N)C(=O)N,140 213 309 352 378 480 505 586 650 675 789 807 875 926 984 991 1039 1088 1132 1134 1171 1282 1380 1398 1447 1738 1741 1750 1778 1873 1917 1991 2028,C1CSN=C1C2=C(C(=CC=C2)C(=O)N)C(=O)N
1123,CCC1=C(C(=NN1C)CC)CNC(=NC)NC2CCN(CC2)C3=CC=CS3,14 49 78 80 85 126 197 241 251 255 294 297 317 335 359 378 383 387 394 407 582 587 599 675 725 807 845 908 926 935 943 970 1019 1057 1088 1105 1145 1152 1160 1168 1259 1325 1380 1480 1567 1580 1613 1634 1655 1700 1750 1799 1873 1897 1956 2034,C(=N\c1sccc1)(/NC1CCN(c2sccc2)CC1)\NCc1c(nn(c1CC)C)CC
1124,CC(C)CCCNCC1(CCCCCC1)O,1 2 80 262 283 406 413 667 708 739 771 807 926 1004 1028 1057 1060 1152 1154 1162 1290 1638 1688 1698 1727 1847 1860 1911,CC(C)CCCNCC1(CCCCC1)O
1125,CN1C2=CC=CC=C2N=C1NCCC3=CC=C(C=C3)F,45 80 90 157 289 310 357 378 564 637 667 699 935 954 1045 1057 1088 1097 1145 1152 1199 1243 1285 1380 1410 1416 1507 1611 1670 1750 1754 1804 1855 1873 1928 1962,CN1C2=CC=CC=C2N=C1NCCC3=CC=C(C=C3)F
1126,CCC1CN(C(CN1)C2=CC=CC=C2)CCOCCC=C,13 67 80 245 294 389 401 470 617 653 691 694 695 718 739 926 935 940 989 1019 1057 1064 1088 1114 1145 1199 1279 1312 1366 1377 1380 1433 1454 1495 1507 1608 1645 1661 1663 1733 1750 1873 1992 2004 2022,CCC1CN(C(CN1)C2=CC=CC=C2)CCOCCC=C
1127,CC1=CC(=C(C(=C1CCCC(C)N)C)C)OC,1 80 249 252 283 298 333 422 567 695 739 786 841 875 1044 1057 1171 1174 1238 1243 1380 1391 1404 1457 1536 1722 1873 1911 1943 1970 2034,CC1=CC(=C(C(=C1CCCC(C)N)C)C)OC
1128,CCS(=O)(=O)N1CCC(CC1)C(=O)NC2=CC=C(C=C2)C3=NC4=CC=CC=C4O3,80 120 155 191 212 263 289 294 350 372 378 585 650 656 689 720 785 803 807 843 896 926 935 937 974 1019 1047 1057 1077 1088 1097 1128 1152 1160 1199 1275 1325 1380 1476 1480 1502 1604 1750 1808 1816 1837 1855 1873 1903 1917 1971,CCS(=O)(=O)N1CCC(CC1)C(=O)NC2=CC=C(C=C2)C3=NC4=CC=CC=C4O3
1129,CCC(C(=O)NC1=CC(=C(C=C1)F)Cl)SC2=CC=CC(=C2)NC(=O)/C(=C/C3=CN=CC=C3)/NC(=O)C4=CC=CC=C4,1 27 80 101 116 184 191 216 271 294 318 366 378 389 400 437 465 486 561 573 650 694 699 703 721 807 811 843 850 875 930 955 960 1035 1039 1043 1055 1057 1088 1103 1118 1119 1152 1193 1199 1210 1353 1380 1385 1488 1507 1535 1544 1574 1581 1586 1603 1664 1665 1683 1746 1750 1816 1840 1866 1873 1917 1928 1985 2022 2033,CCC(C(=O)NC1=CC(=C(C=C1)F)Cl)SC2=CC=CC(=C2)NC(=O)/C(=C/C3=CN=CC=C3)/NC(=O)C4=CC=CC=C4
1130,C[C@@H]1C[C@H](OC1)C2=NN(C(=C2)NC(=O)OCC3=CC=CC=C3)C(C)(C)C,80 114 118 147 234 267 378 389 392 408 451 507 567 650 656 695 745 755 802 807 875 893 926 935 980 1019 1042 1057 1065 1066 1088 1148 1152 1199 1262 1292 1309 1326 1377 1380 1432 1750 1754 1758 1801 1816 1873 1914 1917 1923 1956 2035 2042,CC1CC(OC1)C2=NN(C(=C2)NC(=O)OCC3=CC=CC=C3)C(C)(C)C
1131,CCOC1=CC(=NN1CCOC2=C(C3=C(C=C2)C=C(C=C3)Br)Br)C4=CN=CC=C4,13 59 80 94 158 203 237 257 294 378 401 437 442 504 506 650 672 695 728 736 741 766 836 875 909 935 980 1031 1043 1057 1088 1141 1145 1157 1160 1238 1357 1380 1452 1458 1518 1535 1571 1586 1603 1631 1733 1750 1832 1855 1866 1873 1947 1956 1970 2021,CCOC1=CC(=NN1CCOC2=C(C3=C(C=C2)C=C(C=C3)Br)Br)C4=CN=CC=C4
1132,CC1=CC=C(O1)/C=N\NC(=O)C2=CC(=C(C=C2)I)OC,249 270 275 318 324 364 428 442 486 526 582 650 656 661 694 695 725 807 841 864 875 914 924 947 1057 1126 1152 1380 1385 1410 1536 1604 1654 1697 1722 1742 1750 1794 1818 1867 1873 1917 1970 1992,CC1=CC=C(O1)/C=N/NC(=O)C2=CC(=C(C=C2)I)OC
1133,CC1=C(C(=CC=C1)O[C@H]2CN(CC[C@@H]2O)C(=O)OCC3=CC=CC=C3)C,80 147 252 342 389 434 516 524 606 650 652 695 711 739 745 798 807 849 926 935 1019 1039 1057 1065 1066 1088 1199 1257 1325 1380 1391 1395 1410 1480 1490 1614 1662 1722 1750 1754 1873 1914 1917 1970 1999 2002 2005 2009 2042,CC1=C(C(=CC=C1)OC2CN(CCC2O)C(=O)OCC3=CC=CC=C3)C
1134,CC(C1=C(C=C(C=C1)Cl)Cl)NC(=NC2C3CCOC3C24CCC4)N,1 117 140 160 165 216 237 283 302 357 366 469 485 497 561 605 622 656 667 689 725 802 805 807 816 875 902 926 950 1019 1028 1057 1060 1131 1152 1162 1171 1209 1325 1334 1380 1383 1558 1585 1627 1683 1750 1834 1873 1881 1949 2028,CC(C1=C(C=C(C=C1)Cl)Cl)NC(=NC(C2C3CCOC3C4(CCC4)CCO2)C5=C(C=C(C=C5)Cl)Cl)N
1135,C1CCC(C1)OC2=CC=CC(=C2)CCC(=O)NC3=CC=CC=C3SC4=NN=CS4,39 41 80 104 116 119 281 322 377 378 524 552 559 562 595 650 653 675 681 695 807 858 875 888 890 926 999 1019 1025 1028 1039 1066 1074 1088 1090 1147 1152 1164 1199 1200 1224 1243 1325 1380 1382 1415 1564 1567 1696 1711 1712 1721 1750 1754 1811 1816 1873 1917 1948,C1CCC(C1)OC2=CC=CC(=C2)CCC(=O)NC3=CC=CC=C3SC4=NN=CS4
1136,CC(CN(C)CC1=CC=CC=C1)(C(=O)OC)N,70 80 114 389 392 507 610 646 650 675 695 799 807 841 881 884 1012 1057 1066 1088 1147 1152 1163 1171 1199 1236 1380 1714 1750 1754 1781 1873 1917 1940,CC(CN(C)CC1=CC=CC=C1)(C(=O)OC)N
1137,CC1=CSC=C1CNC(=O)NC(C)(C)C(C)(C)C(=O)O,69 80 98 114 197 247 255 286 354 389 392 411 545 552 650 675 735 807 1048 1057 1060 1122 1152 1229 1349 1380 1391 1473 1689 1722 1769 1873 1901 1917 1977 1989,CC1=CSC=C1CNC(=O)NC(C)(C)C(C)(C)C(=O)O
1138,CC1=CC(=C(C(=C1)Cl)NC(=O)CCNCC2CCCO2)C,41 80 204 213 247 248 361 366 381 425 561 650 656 667 802 807 821 875 909 926 950 1004 1019 1028 1057 1152 1325 1380 1382 1391 1396 1468 1549 1564 1604 1683 1695 1722 1731 1779 1816 1823 1873 1909 1917 1953,CC1=CC(=C(C(=C1)Cl)NC(=O)CCNCC2CCCO2)C
1139,CC1=CN=C(C=C1)CCNC(=O)N2CCCC(C2)C(=O)O,2 80 101 197 218 235 369 378 389 446 601 650 667 724 739 772 802 807 828 849 926 935 970 974 1019 1028 1057 1121 1152 1231 1243 1250 1325 1344 1380 1431 1452 1468 1480 1535 1722 1750 1823 1873 1917 1938 2009,CC1=CN=C(C=C1)CCNC(=O)N2CCCC(C2)C(=O)O
1140,C1CN(CCN1)C(=O)N2CCN(CC2)C3=CC(=CC=C3)Cl,165 216 305 407 496 561 592 650 687 807 875 926 935 1015 1039 1049 1088 1114 1308 1380 1390 1480 1508 1516 1589 1683 1750 1825 1873 1917 1940 2009 2020 2038,C1CN(CCN1)C(=O)N2CCN(CC2)C3=CC(=CC=C3)Cl
1141,C1=CC(=CC(=C1)NC(=O)/C=C/C2=CC=C(C=C2)OCC3=CN=CC=C3)CS(=O)(=O)N,5 25 31 80 102 107 184 191 322 327 350 378 395 420 437 458 607 645 650 654 669 694 695 703 718 745 807 835 875 878 1015 1039 1043 1066 1088 1152 1171 1181 1229 1308 1380 1449 1452 1476 1535 1586 1603 1607 1750 1754 1816 1866 1873 1917 2033,C1=CC(=CC(=C1)NC(=O)/C=C/C2=CC=C(C=C2)OCC3=CN=CC=C3)CS(=O)(=O)N
1142,C1=CC=C2C=C(C=CC2=C1)C3=CN=C(N3)[C@H](CCCCCC(=O)N)NC(=O)C4=CN5C=CSC5=N4,1 14 37 80 109 117 140 203 204 291 322 331 353 378 464 486 545 571 598 632 641 650 654 675 739 807 810 855 875 895 896 930 935 1074 1087 1088 1101 1114 1143 1152 1160 1171 1199 1267 1283 1324 1380 1452 1483 1529 1535 1564 1567 1745 1750 1855 1873 1877 1898 1911 1917 1936 1995 2006 2017 2030,C1=CC=C2C=C(C=CC2=C1)C3=CN=C(N3)[C@@H](CCCCCC(=O)N)NC(=O)C4=CN5C=CSC5=N4
1143,CC1=NOC(=C1)C(C)(C)CC2=CN=C(C=N2)C(C)(C)C,8 80 114 235 248 319 378 392 438 656 697 724 826 875 888 960 970 1057 1112 1125 1178 1181 1282 1339 1380 1452 1535 1542 1594 1612 1722 1731 1873 2018 2035,CC1=NOC(=C1)C(C)(C)CC2=CN=C(C=N2)C(C)(C)C
1144,CC(C)(C)OC(=O)C1CNC2=NC3=C(N12)C=C(C=C3)[N+](=O)[O-],31 45 71 114 231 266 357 378 392 470 531 534 550 650 695 715 740 753 807 838 875 926 935 961 1019 1057 1097 1114 1116 1195 1246 1268 1274 1329 1347 1380 1574 1670 1750 1809 1814 1855 1859 1866 1873 1880 1917 1940 1963,CC(C)(C)OC(=O)C1CNC2=NC3=C(N12)C=C(C=C3)[N+](=O)[O-]
1145,C[C@H](C(=O)C1=CC=C(C=C1)NS(=O)(=O)C)OC(=O)C2=C(C=CC=C2F)F,1 69 110 145 191 283 293 350 386 409 586 647 650 692 695 699 732 807 843 1032 1039 1057 1088 1152 1239 1269 1270 1281 1380 1385 1430 1476 1685 1697 1750 1840 1873 1917 1928 1958 1980,CC(C(=O)C1=CC=C(C=C1)NS(=O)(=O)C)OC(=O)C2=C(C=CC=C2F)F
1146,C/C(=C/C(=N)OC1=CC(=C(C=C1)Cl)C(F)(F)F)/N,40 114 140 262 322 366 419 555 561 623 645 666 694 695 718 727 807 809 873 875 1017 1033 1057 1104 1108 1120 1171 1254 1380 1395 1442 1453 1683 1729 1750 1873 1928,C/C(=C\C(=N)OC1=CC(=C(C=C1)Cl)C(F)(F)F)/N
1147,C1CCN(C(C1)C(=O)O)C2=CC(=C(C=C2)C(=O)N)Br,5 67 95 140 233 246 276 278 309 354 389 531 634 650 684 728 807 833 875 890 926 935 1019 1028 1134 1171 1245 1325 1380 1431 1480 1583 1631 1750 1825 1873 1917 1991 1998,C1CCN(C(C1)C(=O)O)C2=CC(=C(C=C2)C(=O)N)Br
1148,CC1=CC(=CN=C1OC[C@@H](C)CC(C)(C)N)C2=CC(=NC=C2)F,1 80 114 118 219 283 378 392 401 552 576 599 610 672 675 695 699 785 787 817 825 828 875 990 1056 1057 1160 1171 1172 1380 1391 1402 1452 1487 1501 1535 1539 1586 1608 1722 1750 1866 1873 1928 1937,CC1=CC(=CN=C1OCC(C)CC(C)(C)N)C2=CC(=NC=C2)F
1149,CCCC(C1=CC=C(S1)C2=C(C=CC=C2F)F)NCC,1 62 80 162 163 220 223 287 291 294 560 572 610 675 698 699 739 747 782 794 1031 1032 1039 1057 1068 1088 1152 1380 1726 1747 1750 1824 1840 1873 1928 1994,CCCC(C1=CC=C(S1)C2=C(C=CC=C2F)F)NCC
1150,C1CCNC2=C(C1)C(=NN2C3=CC=C(C=C3)Br)C4=C(C=C(C=C4)Cl)Cl,49 165 216 233 305 310 323 325 352 361 366 378 404 561 680 728 816 875 909 926 935 1028 1114 1157 1209 1296 1302 1358 1380 1391 1428 1440 1532 1631 1632 1649 1653 1683 1738 1741 1750 1825 1852 1866 1873 1956,C1CCNC2=C(C1)C(=NN2C3=CC=C(C=C3)Br)C4=C(C=C(C=C4)Cl)Cl
1151,C1CCC2CN(CCC2C1)C3CCC4=C3C=CC(=C4)N,191 276 366 585 593 647 713 739 875 888 890 898 926 935 939 1019 1027 1028 1039 1168 1171 1236 1312 1325 1349 1380 1457 1480 1660 1662 1738 1750 1854 1873 1881 1946 1962,C1CCC2CN(CCC2C1)C3CCC4=C3C=CC(=C4)N
1152,CC(=C)C1=NC2=CC(=C(C=C2C(=N1)NC3=CN(C=N3)C4=CC(=C(C(=C4)OC)OC)OC)OC)OC,88 132 219 249 282 333 378 443 464 491 539 569 659 695 708 780 807 841 875 932 935 978 1017 1022 1057 1097 1099 1106 1108 1152 1157 1217 1245 1357 1366 1380 1452 1520 1536 1599 1614 1648 1670 1758 1825 1855 1873 1892 1914 1922 1970,CC(=C)C1=NC2=CC(=C(C=C2C(=N1)NC3=CN(C=N3)C4=CC(=C(C(=C4)OC)OC)OC)OC)OC
1153,COC1=C(C=CC(=C1)CN(C2CC2)C(=O)C3CC4=CC=CC=C4S3)OC(F)F,1 14 50 80 94 231 249 310 397 404 507 650 664 675 695 723 733 807 809 841 875 881 926 949 1019 1027 1050 1057 1068 1088 1104 1112 1154 1186 1199 1236 1245 1325 1348 1380 1443 1456 1536 1686 1708 1710 1750 1754 1785 1873 1917 1928 1932 1970 2010,COC1=C(C=CC(=C1)CN(C2CC2)C(=O)C3CC4=CC=CC=C4S3)OC(F)F
1154,C1C[C@@H](OC1)CN2C(=NN=N2)S[C@H](C3=CC=CC=C3)C(=O)C4=CC=CC=C4,1 80 102 116 158 186 248 257 270 351 361 378 386 389 394 404 605 647 650 656 664 732 747 802 807 821 908 926 935 950 1019 1028 1088 1164 1199 1325 1365 1380 1385 1391 1468 1507 1581 1739 1750 1783 1851 1873 1917 1985,C1CC(OC1)CN2C(=NN=N2)SC(C3=CC=CC=C3)C(=O)C4=CC=CC=C4
1155,CC1=C(N(C2=C1C=C(C=C2C(C)C)C(=O)O)CCN)C,1 80 121 143 157 237 252 283 285 355 389 456 515 598 650 802 807 875 935 981 1057 1138 1145 1171 1357 1380 1385 1411 1433 1440 1497 1655 1718 1722 1766 1840 1873 1881 1917,CC1=C(N(C2=C1C=C(C=C2C(C)C)C(=O)O)CCN)C
1156,CSCC[C@@H](C(=O)O)NC(=O)CCC1=CC(=CC=C1)Br,1 11 41 80 104 116 117 343 389 394 485 650 728 736 739 766 807 875 895 909 1024 1039 1057 1066 1088 1090 1152 1182 1235 1243 1380 1558 1564 1624 1631 1721 1750 1754 1844 1873 1917 1942,CSCCC(C(=O)O)NC(=O)CCC1=CC(=CC=C1)Br
1157,CC(=O)C1=CC(=C2C(=C1)OC(O2)(C3=CC=CC=C3)C4=CC=CC=C4)O,77 125 225 389 556 617 645 650 656 709 772 807 875 976 1017 1057 1060 1088 1147 1199 1282 1294 1357 1380 1385 1602 1607 1667 1750 1820 1873 1882 1905 1917 1921,CC(=O)C1=CC(=C2C(=C1)OC(O2)(C3=CC=CC=C3)C4=CC=CC=C4)O
1158,CC(C)SNC1(CCC1)C2=CSC=C2,1 14 116 128 283 453 552 556 596 675 728 926 962 987 1028 1057 1060 1115 1152 1162 1203 1380 1468 1535 1750 1762 1769 1822 1873 1892 2006 2028,CC(C)SNC1(CCC1)C2=CSC=C2
1159,CN(C(C(F)(F)SC(C(N(C)S(=O)(=O)C(C(C(C(F)(F)F)(F)F)(F)F)(F)F)(F)F)(F)F)(F)F)S(=O)(=O)C(C(C(C(F)(F)F)(F)F)(F)F)(F)F,59 64 114 116 350 539 650 674 716 863 881 886 916 986 1057 1089 1163 1198 1268 1398 1419 1453 1476 1492 1695 1928 2011,CN(C(C(C(C(F)(F)F)(F)F)(F)F)(F)F)SS(=O)(=O)N(C)S(=O)(=O)C(C(C(C(F)(F)F)(F)F)(F)F)(F)F
1160,CNC(=O)CC1=NOC(=N1)CC2=CC3=C(CCCC3)C=C2,41 80 242 248 305 310 325 345 378 419 556 650 656 799 807 839 869 875 883 917 926 944 1028 1057 1152 1236 1327 1380 1400 1430 1542 1580 1626 1738 1750 1754 1855 1873 1917 1939 1980 2013,CNC(=O)CC1=NOC(=N1)CC2=CC3=C(CCCC3)C=C2
1161,CCCN(C)C(=C)C(C)CCCCNC,1 80 138 283 294 334 369 592 667 739 794 796 807 881 1022 1057 1152 1163 1279 1283 1366 1371 1430 1433 1536 1742 1760 1761 1911 1951 1995,CCCN(C)C(=C)C(C)CCCCNC
1162,C1C(C2CC(C1S2)N)N,2 625 675 926 1019 1158 1171 1179 1235 1250 1292 1738 1832,C1C(C2CC(C1S2)N)N
1163,C1=CC(=CC=C1OC2=CC(=CC(=C2)N)Cl)S(=O)(=O)C3=CC=C(C=C3)OC4=CC(=CC(=C4)N)Cl,24 193 216 319 322 350 425 561 650 695 715 718 875 888 1171 1212 1252 1261 1380 1457 1476 1571 1609 1617 1683 1715 1747 1750 1873 1998,C1=CC(=CC=C1OC2=CC(=CC(=C2)N)Cl)S(=O)(=O)C3=CC=C(C=C3)OC4=CC(=CC(=C4)N)Cl
1164,COC1=CSC(=C1)C2=NC(=NO2)C(COC3CCC3)N,0 1 62 80 118 119 150 161 248 322 378 419 462 552 578 656 675 695 704 781 786 823 841 875 920 926 990 1019 1028 1047 1057 1063 1147 1171 1206 1270 1289 1298 1325 1334 1380 1403 1536 1542 1567 1631 1855 1873,COC1=CSC(=C1)C2=NC(=NO2)C(COC3CCC3)N
1165,CC[C@@H](C)C1=CC=CC=C1NC(=O)[C@@H](C)OC2=CC=CC=C2C(=O)NC3=CC=CC=C3,1 80 191 237 283 294 389 395 486 502 573 581 600 650 664 695 703 743 807 847 931 985 1057 1077 1088 1144 1152 1199 1224 1269 1288 1380 1400 1410 1435 1447 1544 1696 1750 1816 1861 1873 1917 1970 1978 1991,CC[C@@H](C)C1=CC=CC=C1NC(=O)[C@H](C)OC2=CC=CC=C2C(=O)NC3=CC=CC=C3
1166,CN1CCN(CC1)C(=O)C2=CSC3=CN=C(C=C32)C(=O)N[C@@H]4C[C@@H]5CCN(C5)C4,14 68 207 309 362 378 387 445 486 552 560 625 650 667 675 739 799 807 855 875 885 917 926 935 942 1010 1019 1024 1057 1145 1152 1236 1260 1292 1325 1357 1380 1428 1444 1446 1452 1473 1480 1491 1504 1535 1567 1573 1589 1634 1641 1873 1895 1917 1991 2009,CN1CCN(CC1)C(=O)C2=CSC3=CN=C(C=C32)C(=O)NC4CC5CCN(C5)C4
1167,CC(C)[C@H](C(=O)NC1=CC=CC(=C1)C#N)N,1 102 184 191 283 305 396 573 650 674 703 727 786 790 807 875 1022 1039 1057 1088 1136 1152 1171 1255 1380 1384 1664 1734 1750 1773 1800 1816 1873 1917 1975,CC(C)[C@@H](C(=O)NC1=CC=CC(=C1)C#N)N
1168,CC(C)N(C[C@@H](COC[C@@H]1C[C@H]2CC[C@H]1C2)O)C(C)C,1 80 115 118 130 210 226 227 283 343 373 585 659 695 743 794 807 870 881 926 1019 1057 1136 1292 1325 1330 1446 1476 1568 1769 1860 1945 1971 1992 2038 2047,CC(C)N(CC(COCC1CC2CCC1C2)O)C(C)C
1169,C=CSC1=C(C(=C(C(=C1Cl)Cl)SC=C)Cl)Cl,59 116 510 561 646 694 829 1011 1366 1380 1615 1645 1683 1716 1936,C=CSC1=C(C(=C(C(=C1Cl)Cl)SC=C)Cl)SC=C
1170,CC(CNC(=NC)N1CCN(CC1)CC2=NOC=C2)N3CCN(CC3)C4=CC=CC=C4,1 74 80 126 178 197 249 283 330 378 389 407 547 606 645 656 687 724 725 784 787 807 926 935 943 1035 1049 1057 1088 1117 1127 1152 1199 1217 1265 1380 1389 1405 1480 1508 1542 1555 1589 1627 1750 1764 1765 1791 1825 1873 1909 1951 2007 2009,CC(CNC(=NC)N1CCN(CC1)CC2=NOC=C2)N3CCN(CC3)C4=CC=CC=C4
1171,CCN1C2=CC(=C(C=C2N=C1CN)Cl)Cl,34 45 80 182 294 318 366 378 437 515 561 647 802 850 875 935 981 1057 1097 1171 1353 1380 1394 1554 1683 1723 1748 1773 1855 1873,CCN1C2=CC(=C(C=C2N=C1CN)Cl)Cl
1172,CC(=O)NC1=NC2=C(S1)C3=NC(=NC=C3CC2)C4=CC=CC=C4,162 168 228 245 317 323 378 384 385 389 499 650 675 736 807 849 926 1017 1057 1088 1122 1152 1159 1160 1199 1236 1326 1369 1380 1385 1452 1485 1535 1610 1644 1665 1738 1750 1816 1855 1873 1891 1917 1948 2018,CC(=O)NC1=NC2=C(S1)C3=NC(=NC=C3CC2)C4=CC=CC=C4
1173,CC(=O)C(CC1=CC=C(C=C1)Cl)C2=CC(=CC=C2)[N+]#[C-],1 79 80 216 310 403 487 561 650 652 746 783 803 807 816 857 875 967 1017 1039 1057 1070 1088 1100 1165 1320 1365 1380 1490 1581 1683 1717 1742 1750 1754 1873 1917 1938 2021,CC(=O)C(CC1=CC=C(C=C1)Cl)C2=CC(=CC=C2)[N+]#[C-]
1174,CCNC(=NCC1=CC(=CC=C1)OC)NCCOCC2=CC=CC=C2,13 80 197 294 322 372 389 488 527 559 562 632 667 695 725 745 781 807 841 875 1022 1039 1057 1066 1088 1152 1160 1199 1274 1380 1536 1624 1658 1690 1726 1744 1750 1754 1790 1873 1898 1924 1972 1992 2042,CCNC(=NCC1=CC(=CC=C1)OC)NCCOCC2=CC=CC=C2
1175,CCN(CC)[SiH](I)I,80 106 294 413 562 661 674 881 932 1057 1074 1107 1209,CCN(CC)C#CI
1176,CC1=NC(=NN1)[C@@H](C)NC(=O)NC2=CC(=NN2C3=CC=CC=C3)C(C)(C)C,1 74 114 117 235 283 319 365 368 378 389 392 460 596 650 693 755 807 838 875 920 935 998 1036 1049 1055 1057 1088 1109 1114 1152 1161 1199 1339 1380 1440 1541 1552 1627 1722 1750 1799 1816 1825 1852 1855 1873 1917 1952 1956 1989 2004,CC1=NC(=NN1)C(C)NC(=O)NC2=CC(=NN2C3=CC=CC=C3)C(C)(C)C
1177,C1CC2(C1)C(C3C2OCC3)NC4=NC=C(N=C4)C(=O)O,252 357 378 389 456 459 485 497 622 650 656 802 807 855 902 905 926 950 1019 1028 1030 1060 1099 1131 1152 1162 1168 1274 1325 1380 1383 1452 1535 1578 1589 1668 1705 1873 1881 1895 1917 2028,C1CC2(C1)CCOC2NC3=NC=C(N=C3)C(=O)O
1178,CCN1CCN(CC1C)C2=CN=CC(=C2)NC3=NC=C4CC(=S)NC5=C(C4=N3)C=CC(=C5)Cl,5 14 20 34 80 97 142 145 165 191 216 294 323 352 361 378 407 458 491 499 544 561 680 734 739 816 875 886 916 926 935 964 1019 1035 1057 1060 1064 1114 1152 1197 1236 1289 1309 1380 1404 1452 1480 1508 1535 1564 1582 1585 1586 1603 1619 1644 1659 1683 1717 1750 1825 1855 1873 1982 1991 2022 2023,CCN1CCN(C[C@@H]1C)C2=CN=CC(=C2)NC3=NC=C4CC(=S)NC5=C(C4=N3)C=CC(=C5)Cl
1179,CC(C)(C)C1=CSC(=N1)C2CCN(CC2)C(=O)C3=NNC4=C3CNCC4,29 74 79 114 235 270 305 319 361 378 392 490 492 521 530 548 552 613 650 652 653 675 676 678 720 802 807 926 935 942 1019 1057 1114 1251 1279 1308 1325 1339 1380 1480 1483 1504 1567 1738 1834 1855 1873 1917 1919 1950 2000 2004 2009 2036,CC(C)(C)C1=CSC(=N1)C2CCN(CC2)C(=O)C3=NNC4=C3CNCC4
1180,CC1=CC=CC=C1CN(C)C2=NC3=C(S2)CCC3C(=O)O,42 80 122 162 253 268 378 389 410 476 478 507 517 650 675 732 807 881 926 964 1019 1057 1088 1101 1129 1163 1199 1218 1316 1325 1349 1370 1380 1391 1431 1464 1597 1722 1738 1750 1855 1873 1917 1999 2004 2033,CC1=CC=CC=C1CN(C)C2=NC3=C(S2)CCC3C(=O)O
1181,CC1=CN=C(N=C1N2C=C(N=C2)C(=O)N[C@H](CNC)C3=CC(=CC=C3)Cl)NC4CCOCC4,1 80 117 130 165 182 216 219 222 291 378 443 464 486 523 544 561 562 565 592 606 646 650 656 716 807 855 870 875 889 926 932 935 950 1019 1039 1050 1057 1074 1088 1143 1152 1325 1365 1367 1380 1391 1405 1430 1452 1535 1581 1582 1589 1634 1683 1722 1746 1750 1814 1855 1873 1890 1917 1953 1964 1995 2006 2017 2030,CC1=CN=C(N=C1N2C=C(N=C2)C(=O)N[C@@H](CNC)C3=CC(=CC=C3)Cl)NC4CCOCC4
1182,C1=CC(=CC(=C1)Cl)C2=NOC(=N2)CNC(=O)C3=CC(=CC=C3)OC4=CC=C(C=C4)C#N,34 80 102 165 193 197 216 248 255 265 305 322 378 486 526 561 562 568 592 650 656 674 695 718 736 790 807 813 875 917 1039 1088 1136 1152 1160 1245 1252 1349 1370 1380 1384 1385 1443 1542 1617 1626 1683 1750 1855 1873 1910 1917 1954 1985 2013 2024,C1=CC(=CC(=C1)Cl)C2=NOC(=N2)CNC(=O)C3=CC(=CC=C3)OC4=CC=C(C=C4)C#N
1183,C[N+](C)(CCCOC=C)CC1=CC=CC=C1,13 38 80 296 358 389 414 565 628 694 695 783 831 868 913 1005 1057 1066 1088 1110 1199 1366 1380 1491 1645 1741 1746 1750 1754 1873 1911,C[N+](C)(CCCOC=C)CC1=CC=CC=C1
1184,C1CN2CC(OCC2CN1CC3=CC=CC=C3)C4=CC=C5N4N=CN=C5N,43 45 74 80 267 378 389 405 412 435 489 510 537 656 739 802 926 935 981 1014 1019 1066 1088 1101 1171 1199 1205 1259 1267 1294 1380 1452 1457 1459 1480 1572 1683 1727 1736 1750 1754 1765 1771 1791 1854 1873 1892 1910 1923 1931 2021 2031 2035,C1CN(CC2N1CC(OC2)C3=CC=C4N3N=CN=C4N)CC5=CC=CC=C5
1185,C1=CC(=CC=C1O)S(=O)(=O)NC2=C(C=C(C=C2)Cl)I,4 165 216 319 350 502 561 582 650 661 715 745 807 816 875 883 947 1118 1152 1224 1270 1313 1380 1476 1568 1602 1683 1750 1778 1790 1856 1873 1930,C1=CC(=CC=C1O)S(=O)(=O)NC2=C(C=C(C=C2)Cl)I
1186,CN(CC1CC(C1)O)CC2=C(C=C(C=C2)F)C(=NO)N,27 29 80 91 140 157 185 343 507 524 590 699 709 725 807 834 839 871 875 881 926 1019 1057 1149 1163 1171 1236 1257 1292 1335 1349 1380 1410 1487 1526 1538 1656 1670 1741 1750 1873 1928 1991,CN(CC1CC(C1)O)CC2=C(C=C(C=C2)F)/C(=N/O)/N
1187,CC1=CC(=NC(=N1)[S@](=O)CC2CCNCC2)Cl,29 80 305 373 378 427 561 650 758 783 822 875 926 1012 1019 1057 1114 1179 1256 1265 1281 1300 1308 1325 1380 1428 1516 1520 1538 1683 1722 1731 1758 1812 1855 1873 1876,CC1=CC(=NC(=N1)S(=O)CC2CCNCC2)Cl
1188,CC1=CC(=C2C(=C1)[C@@]3([C@H]4[C@@H]([C@@H](N3)CCC(=O)O)C(=O)N(C4=O)CCC5=CC=CC=C5)C(=O)N2)C,5 6 80 192 195 196 204 297 309 314 389 445 495 510 536 559 588 650 713 737 807 832 875 935 1019 1045 1057 1060 1066 1088 1114 1145 1181 1199 1225 1243 1261 1287 1349 1380 1391 1406 1417 1457 1564 1637 1722 1737 1750 1754 1798 1823 1873 1883 1917 1947 1953 1980 2026,CC1=CC(=C2C(=C1)[C@@]3([C@H]4[C@@H]([C@@H](N3)CCC(=O)O)C(=O)N(C4=O)CCC5=CC=CC=C5)C(=O)N2)C
1189,CN1C(=NC=N1)CCNC(=O)NC2=CC=C(C=C2)OC3=CC=CC=C3,43 80 191 193 197 312 318 322 378 389 405 425 489 562 650 667 695 718 807 828 843 935 967 977 1057 1077 1088 1105 1145 1152 1199 1243 1252 1380 1452 1467 1518 1530 1617 1750 1816 1873 1917 1989 1990,CN1C(=NC=N1)CCNC(=O)NC2=CC=C(C=C2)OC3=CC=CC=C3
1190,CC(CCO)CNC(=O)NCC1(CCCC1)C2=CC=CC=C2,1 80 89 197 222 283 299 389 473 501 556 567 599 606 650 729 739 772 807 926 933 1028 1057 1060 1088 1152 1162 1199 1380 1411 1638 1659 1661 1727 1750 1830 1873 1917 1972 1989,CC(CCO)CNC(=O)NCC1(CCCC1)C2=CC=CC=C2
1191,CCCC(C(CC1=C(C=C(C=C1)Cl)F)NCCC)OCC,1 79 80 165 199 216 246 289 294 316 561 667 695 699 739 782 794 814 816 875 1057 1099 1145 1152 1230 1238 1241 1257 1290 1349 1380 1399 1422 1654 1656 1683 1741 1750 1824 1840 1873 1928,CCCC(C(CC1=C(C=C(C=C1)Cl)F)NCCC)OCC
1192,CN(CC#CC1=CN=CC=C1)C(=O)C2=CC=CC=C2N,80 102 151 334 341 378 430 437 494 596 650 674 804 807 881 910 1043 1057 1088 1163 1171 1195 1199 1221 1265 1317 1380 1447 1457 1535 1541 1586 1603 1665 1693 1734 1750 1752 1866 1873 1917 1991,CN(CC#CC1=CN=CC=C1)C(=O)C2=CC=CC=C2N
1193,C1CC2=C(C1CC(=O)O)NC3=C2C=C(C=C3)C4=NOC(=N4)C5=CC(=CC(=C5)N)N,80 119 180 248 361 378 389 425 536 650 656 714 721 807 875 888 896 926 1004 1019 1047 1114 1121 1147 1160 1165 1171 1245 1289 1299 1325 1335 1348 1357 1380 1385 1457 1482 1542 1611 1631 1737 1738 1745 1746 1750 1815 1855 1873 1910 1917 1939 1980 2013 2037,C1CC2=C(C1CC(=O)O)NC3=C2C=C(C=C3)C4=NOC(=N4)C5=CC(=CC(=C5)N)N
1194,CC1=CC=CC=C1CCC(=O)NC2=CC(=C(C=C2)N)C,41 80 128 139 184 191 517 569 650 728 807 843 875 876 901 910 1057 1088 1152 1171 1199 1243 1274 1349 1380 1382 1391 1457 1564 1597 1721 1722 1750 1816 1873 1917 1999,CC1=CC=CC=C1CCC(=O)NC2=CC(=C(C=C2)N)C
1195,C1CC1(C#N)NS(=O)(=O)C2=CN3C(=CN=C3C(=C2)N4CCN(CC4)C(=O)N5CCNCC5)C6=NN=C(S6)C(F)F,1 66 113 162 201 231 305 319 350 378 407 464 502 521 566 650 674 675 790 807 875 913 914 926 935 955 988 1015 1050 1060 1091 1114 1152 1162 1164 1170 1220 1231 1292 1295 1308 1324 1341 1380 1384 1386 1390 1405 1424 1440 1452 1476 1480 1508 1516 1535 1553 1589 1692 1696 1712 1747 1873 1917 1928 1934 1940 1969 2009 2019 2020 2038,O=S(=O)(c1cn2c(c(c1)N1CCN(CC1)C(=O)N1CCNCC1)ncc2c1nnc(s1)C(F)F)NC1(CC1)C#N
1196,CCN(CC1=CC=C(S1)Cl)CN2C(=O)C3=CC=CC=C3N=N2,38 80 107 127 158 162 251 268 289 294 314 378 408 413 504 507 527 561 589 650 656 675 688 795 881 898 932 935 1057 1088 1097 1158 1164 1199 1357 1380 1573 1621 1655 1683 1750 1783 1873 1927 1981,CCN(CC1=CC=C(S1)Cl)CN2C(=O)C3=CC=CC=C3N=N2
1197,C[C@H]1CCO[C@H]1C(=O)N2CCN(CC2)CC3=C(N=C4N3CCCC4)C,61 74 80 85 92 117 246 310 375 378 421 440 528 622 642 650 656 784 792 802 807 926 935 950 960 987 1019 1028 1057 1073 1224 1309 1325 1380 1383 1418 1480 1496 1535 1580 1589 1722 1738 1765 1791 1855 1859 1917 1998 2009,CC1CCOC1C(=O)N2CCN(CC2)CC3=C(N=C4N3CCCC4)C
1198,CC1=CC(=C(C=C1C)C(C2=C(C(=CC=C2)Br)C)NN)C,1 7 57 90 182 237 252 484 581 728 774 833 875 1039 1057 1088 1152 1171 1177 1192 1194 1273 1380 1391 1460 1631 1692 1701 1722 1750 1873 1973,CC1=CC(=C(C=C1C)C(C2=C(C(=CC=C2)Br)C)NN)C
1199,CCOC1=CC=CC=C1NC(=O)COC(=O)CCCC(=O)NC2=CC=C(C=C2)OC3=C(C=C(C=C3)Cl)Cl,41 80 94 147 165 167 191 193 216 237 240 264 294 322 366 425 561 650 670 677 695 718 724 807 816 843 875 901 1057 1077 1088 1110 1152 1199 1209 1224 1238 1331 1380 1382 1386 1399 1410 1452 1499 1564 1617 1683 1696 1718 1750 1785 1816 1873 1911 1917 1948 1970 2004,CCOC1=CC=CC=C1NC(=O)COC(=O)CCCC(=O)NC2=CC=C(C=C2)OC3=C(C=C(C=C3)Cl)Cl
1200,C1=CC(=C(C=C1C(F)F)CCC(=O)O)Cl,1 80 283 295 366 389 548 561 569 624 650 666 807 857 875 1050 1243 1287 1349 1365 1380 1405 1558 1564 1683 1737 1750 1853 1873 1917 1928,C1=CC(=C(C=C1C(F)F)CCC(=O)O)Cl
1201,C1CC1C2=CSC(=N2)NC(=O)[C@@H]3CC(=O)N(C3)C4CC4,23 117 231 234 314 338 378 380 385 552 650 675 684 689 739 785 798 807 926 935 974 980 1019 1137 1152 1182 1214 1325 1380 1457 1459 1547 1567 1598 1816 1855 1864 1873 1910 1917 1938 2000,C1CC1C2=CSC(=N2)NC(=O)C3CC(=O)N(C3)C4CC4
1202,C1=CC=C(C=C1)N2C=C(C(=N2)C3=CC=NC=C3)CNC(=O)CCN4C(=NNC4=S)C5=CC=CS5,14 41 62 74 80 97 197 214 241 255 323 333 378 383 389 431 444 464 471 547 552 590 650 675 774 802 807 831 935 1048 1049 1088 1114 1145 1152 1160 1199 1208 1342 1349 1380 1455 1465 1486 1501 1564 1567 1578 1589 1603 1717 1722 1750 1801 1814 1825 1866 1873 1917 1937 1956 1978 2004 2014,C1=CC=C(C=C1)N2C=C(C(=N2)C3=CC=NC=C3)CNC(=O)CCN4C(=NNC4=S)C5=CC=CS5
1203,[CH2-][NH+]1CCC2=C(C=CC=C21)CNC3CCOCC3,80 118 130 255 361 523 646 656 659 716 809 926 950 955 1019 1039 1088 1147 1152 1301 1325 1349 1380 1405 1465 1569 1597 1634 1660 1690 1729 1738 1750 1752 1778 1804 1851 1873 1997,[CH2-][NH+]1CCC2=C(C=CC=C21)CNC3CCOCC3
1204,CC1=C(SC=N1)C2=NC(=NC=C2)NC3=CN=C(C=C3)N4CCCC4,50 92 153 191 217 378 407 457 458 491 527 635 675 680 685 748 787 843 926 935 962 980 1028 1057 1085 1152 1175 1200 1326 1370 1380 1410 1423 1452 1480 1535 1567 1582 1586 1722 1750 1773 1819 1855 1866 1873 1998,CC1=C(SC=N1)C2=NC(=NC=C2)NC3=CN=C(C=C3)N4CCCC4
1205,CC(=O)CCOC(=O)C1=C(C=CC(=C1)SSC2=CC(=C(C=C2)[N+](=O)[O-])C(=O)OCCC(=O)NC)[N+](=O)[O-],13 41 80 116 145 147 345 354 375 584 612 650 695 715 716 753 768 807 811 838 875 994 1002 1017 1057 1152 1195 1255 1348 1351 1380 1430 1550 1564 1592 1673 1750 1795 1873 1917 1956 1963 1989 1991 2009 2013,CC(=O)CCOC(=O)C1=C(C=CC(=C1)SSC2=CC(=C(C=C2)[N+](=O)[O-])C(=O)OCCC(=O)NC)[N+](=O)[O-]
1206,CC1=CC=C(C=C1)S(=O)(=O)N2CC3=CC=CC=C3CC2C4=CC=C(C=C4)OC,201 211 231 235 319 322 350 354 374 628 650 695 715 718 762 781 800 831 841 881 926 935 1019 1057 1088 1199 1236 1279 1305 1312 1377 1380 1476 1527 1536 1708 1722 1750 1803 1823 1873 1920 1946,CC1=CC=C(C=C1)S(=O)(=O)N2CC3=CC=CC=C3CC2C4=CC=C(C=C4)OC
1207,CC(C1=CC=C(S1)Cl)NS(=O)(=O)N2CCCC(C2)CNC,1 29 80 99 162 283 287 334 350 358 446 484 527 539 561 585 650 653 675 739 742 747 876 898 926 935 1019 1028 1057 1152 1158 1176 1229 1325 1380 1430 1476 1480 1558 1573 1604 1627 1683 1750 1807 1873 1941 1995,CC(C1=CC=C(S1)Cl)NS(=O)(=O)N2CCCC(C2)CNC
1208,CCN(CCCCO)C(=O)N(CCCCC(=O)O)C1=CC=C(C=C1)C(C(F)(F)F)(C(F)(F)F)O,0 49 59 80 114 124 222 294 328 389 473 541 650 741 783 807 881 932 960 978 1008 1011 1057 1096 1110 1130 1259 1267 1272 1287 1380 1417 1453 1564 1648 1665 1669 1737 1750 1873 1908 1911 1917 1928 1951 1989,CCN(CC)C(=O)N(CCCCO)C1=CC=C(C=C1)C(C(F)(F)F)(C(F)(F)F)O
1209,CC1=CC=C(C=C1)S(=O)(=O)CC2=NN=C(N2C3=CC=CC=C3)SC4=NC(=CS4)CC(=O)O,5 58 80 105 116 166 235 245 248 291 318 319 325 350 378 389 400 495 552 650 675 715 716 724 747 807 914 918 935 980 999 1030 1049 1057 1088 1121 1164 1174 1199 1380 1449 1476 1567 1682 1722 1737 1750 1823 1825 1855 1873 1917 1920 1936 1993,CC1=CC=C(C=C1)S(=O)(=O)CC2=NN=C(N2C3=CC=CC=C3)SC4=NC(=CS4)CC(=O)O
1210,CCCCN1C2=C(CCCC2)C=C(C1=O)C(=O)N[C@H](C3=CC=C(C=C3)O)C(=O)O,1 25 46 48 80 117 198 284 294 310 314 389 486 504 556 591 650 723 745 794 802 807 875 926 935 1028 1057 1145 1152 1236 1313 1365 1380 1422 1442 1602 1620 1736 1738 1750 1778 1842 1844 1853 1873 1882 1887 1911 1917 1970 1987 1991 2015,CCCCN1C2=C(CCCC2)C=C(C1=O)C(=O)NC(C3=CC=C(C=C3)O)C(=O)O
1211,C/C/1=C/C(=O)/C(=C/C2=CC=CC=C2)/SCCCS1,27 37 84 157 186 273 281 314 389 650 675 694 747 789 877 926 1027 1028 1057 1088 1199 1206 1300 1353 1369 1380 1498 1516 1722 1750 1773 1873 2033,CC1=CC(=O)/C(=C/C2=CC=CC=C2)/SCCCS1
1212,CC1=CC=C(C=C1)N(CC2CC2)C(=O)N3CCN(CC3)C4=CC=CC=C4C,29 80 231 235 283 407 457 599 650 734 741 783 807 834 881 926 935 960 1009 1019 1057 1088 1096 1199 1295 1325 1380 1391 1461 1480 1508 1589 1647 1671 1692 1722 1750 1823 1835 1873 1917 1920 1999 2009,CC1=CC=C(C=C1)N(CC2CC2)C(=O)N3CCN(CC3)C4=CC=CC=C4C
1213,CC(=O)C1=CC(=CC=C1)OC2=CC=CC=C2C(F)(F)F,114 184 240 262 322 419 562 617 650 695 807 809 875 915 1017 1039 1057 1088 1199 1350 1370 1380 1384 1385 1410 1453 1503 1617 1750 1820 1873 1917 1928 1970 1985,CC(=O)C1=CC(=CC=C1)OC2=CC=CC=C2C(F)(F)F
1214,CCOP(=O)(CC1CN(C2C1CCCC2)C(=O)C3=CC=CC=C3)OCC,80 192 226 242 257 294 326 389 486 526 622 650 695 739 807 820 890 926 935 937 1019 1028 1057 1088 1170 1199 1203 1212 1238 1325 1380 1385 1415 1490 1504 1511 1545 1689 1716 1750 1873 1883 1917 1965 1985,CCOP(=O)(C[C@@H]1CN([C@H]2[C@@H]1CCCC2)C(=O)C3=CC=CC=C3)OCC
1215,CCC1CNC2(CCCCC2)CN1C3=CC=CC=C3CC,2 80 293 294 421 470 475 517 556 602 650 684 926 929 935 1019 1028 1057 1060 1088 1114 1162 1199 1295 1349 1380 1418 1454 1552 1597 1605 1638 1647 1678 1750 1799 1872 1873 1885,CCC1CNC2(CCCCC2)CN1C3=CC=CC=C3CC
1216,COC1CCCN(C1)C2=CC(=CC(=C2)CO)F,20 30 58 80 119 222 238 332 407 446 680 695 699 720 739 767 797 807 837 841 875 926 935 937 1019 1028 1057 1147 1181 1325 1380 1480 1558 1670 1754 1825 1873 1928 2026,COC1CCCN(C1)C2=CC(=CC(=C2)CO)F
1217,C1CC(N(C1)S(=O)(=O)C2=CC=CC=C2F)C(=O)NC3=NC(=CS3)CC(=O)O,80 105 117 166 254 325 350 354 373 378 385 389 392 446 507 531 552 650 675 688 689 699 724 800 807 811 914 926 935 960 992 1019 1028 1032 1088 1152 1199 1214 1325 1380 1443 1476 1480 1567 1682 1692 1737 1750 1816 1840 1855 1873 1917 1928,C1CC(N(C1)S(=O)(=O)C2=CC=CC=C2F)C(=O)NC3=NC(=CS3)CC(=O)O
1218,CCCCNC(=O)CC1=CC=CC=C1C#C,41 80 93 197 255 294 325 591 597 650 667 674 728 794 807 895 915 968 974 1057 1062 1088 1152 1199 1349 1380 1510 1597 1629 1750 1862 1873 1876 1911 1917,CCCCNC(=O)CC1=CC=CC=C1C#C
1219,C1CCN(CC1)CCN2C3=CC=CC(=C3N=C2CCl)C#N,2 10 45 80 318 361 378 446 465 674 790 802 926 935 1028 1039 1062 1088 1109 1136 1145 1167 1285 1317 1380 1384 1422 1441 1465 1480 1482 1599 1683 1724 1750 1791 1855 1862 1873 1876 1985 1998,C1CCN(CC1)CCN2C3=CC=CC(=C3N=C2CCl)C#N
1220,CC(=O)CC1=CC=C(C=C1)C2=CC=C(C=C2)C3CCC3,80 109 310 325 650 797 807 896 913 926 1017 1019 1028 1057 1063 1158 1160 1279 1325 1380 1550 1750 1754 1803 1873 1917 1943 1964 2000 2022,CC(=O)CC1=CC=C(C=C1)C2=CC=C(C=C2)C3CCC3
1221,C1C(C(CO1)O)NC2=CC3=C(C=C2)C4=CC=CC=C4C3,191 233 344 352 383 523 611 656 680 733 807 843 849 875 926 984 1019 1023 1042 1088 1095 1152 1199 1217 1236 1257 1380 1403 1564 1589 1614 1638 1708 1750 1873 1923 1980,C1[C@@H]([C@H]([C@@H](CO1)O)NC2=CC3=C(C=C2)C4=CC=CC=C4C3)NC5=CC6=C(C=C5)C7=CC=CC=C7C6
1222,COC1=C(C(=CC(=C1)/C=N\NC2=C(C=C(C=C2)[N+](=O)[O-])[N+](=O)[O-])Cl)OC,174 199 249 309 333 354 366 427 542 561 650 694 695 715 716 723 725 753 838 841 862 864 875 1057 1059 1152 1195 1224 1274 1380 1455 1536 1599 1683 1750 1779 1809 1814 1828 1856 1867 1873 1892 1940 1963 1970 2033 2045,COC1=C(C(=CC(=C1)/C=N\NC2=C(C=C(C=C2)[N+](=O)[O-])[N+](=O)[O-])Cl)OC
1223,CC(C)(C)C1CC2CCNC2C1,114 255 305 392 431 585 821 926 1005 1019 1057 1061 1096 1114 1214 1292 1325 1500 1504 1507 1543 1618 1805,CC(C)(C)C1CCNC(C1)C2CC(CCN2)C(C)(C)C
1224,CC1=NC2=C(C(=CN2C3=CC=C(C=C3)C(=O)OC)OC(=O)C)C4=[N+]1C5=CC=CC=C5N4,116 119 145 233 343 378 385 409 463 464 564 606 650 695 745 778 807 841 875 906 935 969 983 1017 1035 1057 1088 1101 1114 1152 1199 1231 1260 1380 1385 1452 1468 1597 1598 1696 1697 1715 1722 1723 1729 1745 1750 1775 1783 1813 1825 1855 1873 1917 1970 1984,CC(=O)OC1=CN(C2=C1C3=[N+](C4=CC=CC=C4N3)C(=N2)C)C5=CC=C(C=C5)C(=O)OC
1225,CC(COC1=CC=C(C=C1)OC2=CC=CC=C2)OC3=NCC(S3)[N+](=O)[O-],1 54 57 80 102 118 193 283 322 378 389 458 486 528 542 562 650 664 675 695 715 718 753 838 881 926 1016 1019 1056 1057 1068 1088 1161 1199 1252 1380 1443 1445 1452 1612 1617 1648 1750 1873 1935 1963,CC(COC1=CC=C(C=C1)OC2=CC=CC=C2)OC3=NCC(S3)[N+](=O)[O-]
1226,COCCCOCCOC(=O)C1CCCC1N,13 80 147 209 404 412 486 534 650 691 695 807 841 926 1005 1019 1028 1057 1063 1171 1243 1250 1325 1427 1521 1649 1753 1788 1832 1848 1911 1917 1932 1992,COCCCOCCOC(=O)C1CCCC1N
1227,CC(C)C(C1=NC(=NO1)C2CC2)NC(=O)CCC3=CC=CC=C3C(=O)O,1 41 80 115 117 186 248 283 378 380 389 390 421 441 456 486 506 533 569 611 650 656 787 807 895 926 1019 1047 1057 1088 1152 1199 1243 1249 1283 1325 1349 1354 1380 1447 1542 1564 1597 1721 1750 1773 1855 1866 1873 1917 1991 2000,CC(C)C(C1=NC(=NO1)C2CC2)NC(=O)CCC3=CC=CC=C3C(=O)O
1228,CC1=NN(C(=C1)NC(=O)C(C)OC2=CC=C(C=C2)OC)C3=CC=C(C=C3)[N+](=O)[O-],1 35 233 283 322 378 573 650 664 695 715 718 753 755 769 781 807 831 838 841 875 935 968 998 1036 1057 1109 1144 1152 1195 1269 1274 1363 1380 1435 1440 1536 1675 1722 1731 1750 1809 1814 1816 1825 1852 1873 1917 1943 1956 1963,CC1=NN(C(=C1)NC(=O)C(C)OC2=CC=C(C=C2)[N+](=O)[O-])C3=CC=C(C=C3)OC
1229,CC(C)(C)C1=CC=C(C=C1)C(CNC(=O)CCCN)O,1 33 41 42 80 114 197 227 263 392 481 606 632 650 749 807 981 1057 1152 1171 1339 1362 1365 1380 1417 1517 1556 1564 1589 1665 1718 1750 1840 1853 1873 1911 1917,CC(C)(C)C1=CC=C(C=C1)C(CNC(=O)CCCN)O
1230,CCOC1=CC=C(C=C1)/C=C/C(=O)NC(=S)NNC(=O)C2=C(C=C(C=C2)Cl)Cl,25 31 67 69 80 97 102 110 165 216 237 294 322 327 366 475 486 561 650 694 695 709 718 745 807 816 835 875 878 942 1057 1119 1147 1152 1181 1209 1238 1308 1340 1380 1436 1452 1459 1683 1750 1828 1873 1917 1991 2033,CCOC1=CC=C(C=C1)/C=C/C(=O)NC(=S)NNC(=O)C2=C(C=C(C=C2)Cl)Cl
1231,CN1CCC2=C(C1)C(=NN2C3=CC=C(C=C3)CC#N)C4=CN(N=N4)C,80 106 192 207 210 233 242 310 323 361 378 400 425 435 464 549 674 688 790 868 926 935 980 984 1057 1089 1145 1164 1213 1380 1384 1422 1440 1480 1638 1647 1653 1738 1750 1754 1762 1783 1825 1852 1862 1873 1946 1956 1982 2000,CN1CCC2=C(C1)C(=NN2C3=CC=C(C=C3)CC#N)C4=CN(N=N4)C
1232,C[C@@H]1CCC[C@@H](N1C(=O)COC(=O)C2=C(C=CC(=C2)[N+](=O)[O-])NCCOC)C,13 15 80 145 147 263 275 486 650 667 695 715 734 753 807 838 841 858 875 899 926 935 964 1005 1009 1019 1028 1057 1063 1075 1152 1195 1206 1224 1260 1274 1309 1317 1325 1380 1416 1569 1673 1681 1750 1809 1814 1856 1873 1917 1940 1963 1991 1997 2004,C[C@@H]1CCC[C@H](N1C(=O)COC(=O)C2=C(C=CC(=C2)[N+](=O)[O-])NCCOC)C
1233,C/C(=N\NC1=CC=C(C=C1)NC)/C2=CC=C(C=C2)F,72 90 191 364 557 699 700 725 807 843 940 1017 1057 1152 1166 1221 1380 1385 1410 1430 1498 1670 1697 1750 1755 1779 1873 1928 1984,C/C(=N/NC1=CC=C(C=C1)F)/C2=CC=C(C=C2)NC
1234,CC1=C(C(=C(C=C1)C(C2=CC(=CC=C2)Cl)O)OC)C,1 37 61 165 216 222 227 237 252 333 560 561 592 629 695 805 807 824 841 875 1039 1057 1088 1159 1365 1380 1391 1536 1581 1599 1614 1683 1691 1722 1750 1873,CC1=C(C(=C(C=C1)C(C2=CC(=CC=C2)Cl)O)OC)C
1235,CCCC(C(=O)O)NC(=O)C1=CC2=C(S1)CCC(C2)C,1 42 80 101 117 122 162 231 294 343 389 419 486 650 675 703 736 739 794 807 875 926 961 1019 1039 1057 1148 1152 1171 1236 1309 1325 1339 1379 1380 1435 1479 1624 1738 1824 1825 1844 1873 1917 1956,CCCC(C(=O)O)NC(=O)C1=CC2=C(S1)CCC(C2)C
1236,CN(C)C(=O)[CH2+],50 650 663 785 807 881 1057 1163 1653 1917,CN(C)C(=O)N(C)C(=O)N(C)C(=O)N(C)C
1237,C[C@H](C1=C(C=CC=C1F)N2CCC(C2)N3CCOCC3)O,1 227 228 283 335 407 509 523 558 656 699 739 807 847 894 926 935 950 1019 1032 1039 1057 1088 1133 1242 1295 1325 1380 1405 1441 1480 1626 1647 1717 1750 1796 1811 1840 1854 1873 1910 1928 1995,CC(C1=C(C=CC=C1F)N2CCC(C2)N3CCOCC3)O
1238,COC(=O)CC[C@@H]1C(=O)N(C(=O)N1)C2=CC=C(C=C2)C3=CSN=N3,5 14 65 80 115 195 233 301 314 378 395 399 429 552 650 675 695 807 820 832 841 844 896 935 960 980 1019 1057 1114 1128 1152 1160 1164 1176 1380 1386 1391 1475 1564 1686 1750 1791 1816 1825 1859 1873 1917 1924 1971,COC(=O)CCC1C(=O)N(C(=O)N1)C2=CC=C(C=C2)C3=CSN=N3
1239,CN1C(=CC(=C1Cl)Cl)C(=O)N[C@@]2(CCSC2)C(=O)O,184 237 344 366 389 391 392 486 488 561 564 572 619 650 675 719 789 807 866 875 926 935 1057 1060 1063 1145 1152 1162 1239 1240 1311 1380 1381 1442 1560 1683 1831 1873 1899 1917 2039,CN1C(=CC(=C1Cl)Cl)C(=O)NC2(CCSC2)C(=O)O
1240,CC1=CC(=C(C(=C1C)S(=O)(=O)N2CCN(CC2)C(=O)C3CCCN(C3)C(=O)C(C)C)C)C,1 2 42 108 118 246 252 268 283 350 366 369 446 454 585 634 650 739 800 807 867 875 926 935 974 1019 1021 1028 1057 1068 1089 1121 1325 1349 1380 1391 1476 1480 1535 1589 1667 1692 1722 1821 1873 1917 2009,CC1=CC(=C(C(=C1C)S(=O)(=O)N2CCN(CC2)C(=O)C3CCCN(C3)C(=O)C(C)C)C)C
1241,CC(C)(C)[C@H]1CNC(=C1)C2=NC=C(C(=C2)OCC3CC3)C4CC4,29 74 80 114 190 266 335 378 380 392 470 616 695 760 820 859 875 918 926 980 1019 1027 1037 1057 1106 1114 1118 1136 1200 1270 1321 1325 1380 1423 1449 1452 1535 1618 1671 1690 1835 1866 1873 1970 2000,CC(C)(C)C1CNC(=C1)C2=NC=C(C(=C2)OCC3CC3)C4CC4
1242,CC(=O)OCC(COCN1C=NC2=C1N=C(NC2=O)N)OC(=O)C,1 69 80 118 125 131 147 150 174 314 334 378 591 633 650 695 696 697 750 807 845 846 852 932 935 991 1017 1035 1057 1095 1114 1171 1218 1369 1375 1380 1394 1452 1455 1457 1532 1696 1724 1725 1745 1798 1855 1873 1917 1992,[nH]1c(nc2c(c1=O)ncn2COCC(COC(=O)C)OC(=O)C)N
1243,CC(C)OC1=CC=CC(=C1)C(C)NC(C)C2CCOC2,1 52 62 78 283 322 422 523 532 552 555 562 604 656 664 695 716 875 926 950 979 1019 1039 1057 1088 1152 1186 1325 1365 1380 1581 1627 1750 1812 1873 1917 1923 1946 1978 1999,CC(C)OC1=CC=CC(=C1)C(C)NC(C)C2CCOC2
1244,CC1=CC=C(C=C1)C2=NC(=C(C(=C2)C3=CC(=C(C=C3)OC)OC)C#N)S[C@H](C)C(=O)NC4=CC=C(C=C4)Br,1 32 94 116 140 191 196 213 235 249 283 352 358 378 505 573 629 650 674 695 728 780 790 807 841 843 845 875 896 909 916 980 1057 1077 1136 1152 1157 1160 1162 1173 1245 1347 1380 1384 1507 1525 1536 1631 1649 1664 1722 1750 1816 1823 1855 1873 1917 1920 1949 1970 1971,CC1=CC=C(C=C1)C2=NC(=C(C(=C2)C3=CC(=C(C=C3)OC)OC)C#N)SC(C)C(=O)NC4=CC=C(C=C4)Br
1245,CC1=CC(=CC=C1)N(C)CC(COCC2=CC=CS2)O,1 14 80 118 196 227 241 280 288 383 535 614 656 675 695 745 794 807 826 860 870 875 881 1013 1039 1055 1057 1088 1096 1101 1163 1256 1380 1466 1567 1580 1722 1750 1823 1860 1873 1992 2038,CC1=CC(=CC=C1)N(C)CC(COCC2=CC=CS2)O
1246,CCCNC1CCN(CC1)C(=O)C2CC2C,80 209 246 294 650 652 667 794 807 814 926 935 1019 1057 1108 1147 1152 1168 1292 1298 1309 1325 1480 1525 1535 1569 1570 1634 1859 1917 1952 2009,CCCNC1CCN(CC1)C(=O)C2CC2C
1247,C=CCN(C/C(=N\O)/C1=CC=CC=C1)C2=CC=CC=C2,80 91 185 209 288 343 389 694 725 807 881 940 958 976 1077 1088 1096 1190 1199 1329 1366 1380 1385 1391 1475 1632 1645 1687 1750 1873 1962 1985,C=CCN(C/C(=N/O)/C1=CC=CC=C1)C2=CC=CC=C2
1248,CCCCN1C(=C(C(=O)NC1=O)N(C)C(=O)C2CC(=O)N(C2)C3=CC(=C(C=C3OC)OC)Cl)N,54 80 94 231 249 294 314 355 366 407 509 531 561 591 650 682 695 739 750 758 794 798 802 807 841 875 881 896 926 935 958 974 1019 1057 1066 1110 1114 1137 1145 1163 1171 1173 1295 1348 1380 1457 1469 1536 1620 1683 1739 1745 1794 1809 1873 1882 1911 1917 1970 1972 2027,CCCCN1C(=C(C(=O)NC1=O)N(C)C(=O)C2CC(=O)N(C2)C3=CC(=C(C=C3OC)OC)Cl)N
1249,C1=CC=C2C(=C1)C=CN2CCO,45 80 125 205 222 473 781 807 935 944 1087 1088 1101 1145 1199 1285 1380 1455 1679 1750 1785 1820 1855 1873,C1=CC=C2C(=C1)C=CN2CCO
1250,[2H]C1(C(=O)C(=C(O1)N)OS(=O)(=O)CC2=CC=CC=C2)C3=CC=CC=C3F,5 80 86 140 217 276 314 350 371 389 650 656 695 699 750 933 967 971 980 1019 1027 1032 1066 1085 1088 1171 1195 1199 1346 1380 1457 1476 1517 1534 1643 1750 1754 1781 1840 1850 1873 1898 1928 2020,C1=CC=C(C=C1)CS(=O)(=O)OC2=C(OC(C2=O)C3=CC=CC=C3F)N
1251,CCC1=CC=C(C=C1)NC(=O)CN2CC3CNCC3C2,41 80 118 145 191 197 294 310 372 463 470 585 650 739 807 843 901 926 935 1014 1019 1057 1077 1114 1152 1284 1308 1312 1380 1404 1750 1754 1791 1799 1816 1873 1917 1920,CCC1=CC=C(C=C1)NC(=O)CN2C[C@@H]3CNC[C@@H]3C2
1252,CCNC1=NC=C(S1)CN2CCCC(C2)(C)O,80 162 294 330 333 378 385 558 567 602 656 675 802 807 926 935 945 1024 1028 1057 1060 1082 1152 1154 1162 1165 1274 1358 1369 1380 1416 1422 1452 1480 1535 1600 1706 1726 1765 1782 1791 1873,CCNC1=NC=C(S1)CN2CCCC(C2)(C)O
1253,CCNC(=NCCCOC1=CC=C(C=C1)OC)NC2CC2C,13 80 102 137 144 197 294 322 387 695 718 725 781 807 831 841 926 1019 1034 1057 1062 1112 1152 1160 1272 1292 1309 1380 1403 1452 1536 1564 1624 1726 1744 1750 1859 1873 1911 1924 1936 2004,CCNC(=NCCCOC1=CC=C(C=C1)OC)NC2CC2C
1254,C1CNC[C@H]1CNC2=NC=C3C(=N2)N(C(=O)N3)CC4=CC=CC=C4Cl,29 80 119 278 295 305 314 366 378 470 474 544 561 565 649 650 758 802 804 818 926 935 974 987 1019 1066 1088 1114 1152 1179 1199 1306 1308 1325 1349 1380 1416 1452 1466 1535 1582 1590 1597 1604 1683 1696 1745 1750 1765 1812 1855 1873 1934 1961 1990 2032,C1CNCC1CNC2=NC=C3C(=N2)N(C(=O)N3)CC4=CC=CC=C4Cl
1255,CC1=C(C(=C(C(=C1OC2=CC=NC=C2)C#CC3=CN=C4N3C=CC=C4NC5=CN(N=C5)C)NC(=O)C6=CC=CC=C6)F)C(F)(F)F,43 56 95 114 191 193 213 252 322 327 333 361 378 381 383 389 430 464 486 491 580 600 619 650 674 682 695 699 700 793 807 809 819 926 935 945 1057 1088 1101 1116 1131 1145 1152 1190 1199 1208 1212 1224 1231 1243 1314 1324 1368 1380 1385 1445 1452 1453 1535 1603 1617 1665 1696 1706 1722 1750 1762 1785 1790 1795 1816 1866 1873 1878 1917 1928 1957 1969 1975 1985,CC1=C(C(=C(C(=C1NC(=O)C2=CC=CC=C2)F)C(F)(F)F)OC3=CC=NC=C3)NC4=CC=CN5C4=NC=C5C#CC6=CN(N=C6)C
1256,CCS(=O)(=O)C1=CC=CC(=C1)N2C3=CC(=NC=C3CN(C2=O)C4=C(C(=CC(=C4F)OC)OC)F)C5=CN(N=C5C)C,19 49 80 92 146 232 234 249 266 294 314 319 344 350 352 378 464 499 519 552 575 632 650 695 699 716 719 841 875 923 926 935 980 1039 1049 1057 1088 1096 1145 1174 1236 1295 1380 1445 1452 1457 1476 1495 1535 1536 1573 1578 1595 1646 1686 1722 1750 1762 1788 1825 1830 1873 1928 1946 1956 1970 2023 2027,CCS(=O)(=O)C1=CC=CC(=C1)N2C3=CC(=NC=C3CN(C2=O)C4=C(C(=CC(=C4F)OC)OC)F)C5=CN(N=C5C)C
1257,C1=CC=C(C=C1)CN(C2=CC=C(C=C2)C(=N)N)C(C3=CC(=CC=C3)[N+](=O)[O-])C(=O)N,1 17 80 82 140 201 330 334 338 389 507 511 621 623 650 715 753 807 838 875 881 960 984 1039 1066 1088 1096 1104 1147 1171 1195 1199 1212 1274 1365 1380 1385 1388 1414 1581 1610 1697 1750 1754 1770 1809 1873 1917 1940 1963,C1=CC=C(C=C1)CN(C2=CC=C(C=C2)C(=N)N)C(C3=CC(=CC=C3)[N+](=O)[O-])C(=O)N
1258,CC1=CC=C(C=C1)CC(CNC(C)(C)C)C(C)CCOC,1 13 79 80 89 114 235 283 310 353 392 486 603 606 695 722 739 841 843 857 887 909 1005 1055 1057 1152 1380 1578 1722 1723 1750 1754 1785 1823 1873 1906 1920,CC1=CC=C(C=C1)CC(CCOC)C(C)CNC(C)(C)C
1259,CCOC(=O)C1=NN=C(O1)C2=NOC(=C2)C3=CC=C(S3)Br,62 80 121 145 147 162 248 294 356 378 506 534 577 582 606 650 656 675 695 701 728 759 807 841 875 980 1038 1047 1057 1164 1238 1380 1384 1407 1414 1459 1542 1604 1623 1631 1722 1750 1762 1865 1873 1917 1994,CCOC(=O)C1=NN=C(O1)C2=CC(=NO2)C3=CC=C(S3)Br
1260,C[C@@H](C1=CC2=C(C(=C)N1C3=CC=CC=C3)C(=CC=C2)Cl)NC4=NC=NC5=C4C(=CN5)C6CN6,1 35 65 68 80 84 157 159 168 194 283 297 366 378 389 470 489 558 561 597 690 708 719 724 806 840 926 935 974 1019 1027 1039 1049 1057 1075 1088 1114 1152 1171 1176 1199 1366 1367 1380 1448 1452 1507 1521 1627 1683 1686 1747 1750 1810 1825 1863 1873 1879 1880 1920 1922 1984 1999,CC(C1=CC2=C(C(=CC=C2)Cl)C(=C)N1C3=CC=CC=C3)NC4=NC=NC5=C4C(=CN5)C6CN6
1261,COC1=C(C=CC=N1)C(=O)N[C@@H](C2=CC=C(C=C2)C(F)(F)F)C3=C(C=CC=N3)F,1 46 114 117 378 383 401 448 486 588 595 650 672 695 699 807 809 841 940 1017 1032 1043 1057 1088 1152 1192 1260 1365 1380 1390 1417 1447 1452 1453 1536 1629 1665 1750 1795 1840 1842 1853 1866 1873 1917 1926 1928 1991,COC1=C(C=CC=N1)C(=O)NC(C2=CC=C(C=C2)C(F)(F)F)C3=C(C=CC=N3)F
1262,C1CCC(=O)CC(C1)/C=C/C2=CC=CC=C2,193 224 225 231 249 310 314 389 476 650 694 788 835 878 890 926 960 1019 1028 1088 1199 1228 1325 1353 1380 1693 1738 1750 1833 1873 2033,C1CCC(=O)CC(C1)/C=C/C2=CC=CC=C2
1263,CCC1=CC=C(C=C1)C2=CC(C3=NN=C(N3C4=C2C=C(C=C4)OC(F)(F)F)C)CC5=NN=C(O5)C,80 114 145 163 168 294 310 322 352 378 383 458 463 495 544 548 643 654 656 695 718 728 875 896 917 918 935 945 958 990 1019 1056 1057 1149 1160 1164 1167 1185 1280 1295 1333 1380 1406 1409 1453 1456 1598 1604 1710 1722 1739 1750 1754 1799 1813 1873 1915 1928 1993,CCC1=CC=C(C=C1)C2=CC(C3=NN=C(N3C4=C2C=C(C=C4)OC(F)(F)F)C)CC5=NN=C(O5)C
1264,C1=C(C(=C(C(=C1Br)Br)Br)Br)OCCOC2=CC(=C(C(=C2Br)Br)Br)Br,13 80 116 146 235 431 530 676 695 728 833 875 1380 1452 1458 1518 1594 1631 1873 1970,C1=C(C(=C(C(=C1Br)Br)Br)Br)OCCOC2=CC(=C(C(=C2Br)Br)Br)Br
1265,CC1(C(=O)N=C(S1)C[C@H]2C[C@@H]3CC[C@H]2C3)CC4CCN(CC4)C(=O)[C@H]5CCCO5,29 80 114 115 130 178 226 246 314 332 351 361 373 378 458 585 615 650 652 655 656 675 680 749 800 802 807 926 927 935 950 1019 1028 1057 1060 1149 1274 1292 1325 1330 1380 1446 1468 1480 1535 1563 1568 1644 1679 1693 1767 1822 1884 1917 1930 2009 2020 2047,CC1(C(=O)N=C(S1)CC2CCN(CC2)C(=O)C3CCCO3)CC4CC5CCC4C5
1266,CN1C2=CC=CC=C2N=C1C(CCSC)NC(=O)C3=CC4=NN=NN4C=C3,1 11 45 80 106 116 117 131 151 186 219 257 289 291 357 378 394 486 526 564 650 703 739 807 819 875 935 954 957 1027 1057 1088 1097 1101 1102 1117 1145 1152 1164 1182 1199 1285 1328 1359 1380 1385 1431 1558 1571 1750 1783 1822 1855 1873 1917 1933 1942 2006,CN1C2=CC=CC=C2N=C1C(CCSC)NC(=O)C3=CC4=NN=NN4C=C3
1267,C[C@H](CNC(=O)C1=CC2=C(N1)C=CC(=C2)Cl)CN3C=CN=C3,1 52 60 80 119 143 165 197 216 283 299 378 486 494 561 599 606 650 667 668 679 744 807 816 843 875 932 935 1057 1092 1101 1114 1152 1333 1373 1380 1463 1603 1654 1683 1745 1750 1794 1817 1855 1866 1873 1917 1922 1939 2014,CC(CNC(=O)C1=CC2=C(N1)C=CC(=C2)Cl)CN3C=CN=C3
1268,CN(C)[C@@H]1CC2=CC=CC=C2[C@H]1NC(=S)NC3=CC(=CC(=C3)C(F)(F)F)C(F)(F)F,84 97 110 114 140 191 231 233 284 371 387 410 560 602 686 768 807 809 875 881 903 926 990 1019 1027 1057 1088 1152 1158 1163 1199 1236 1260 1341 1380 1417 1436 1453 1708 1750 1755 1816 1873 1928 1960,CN(C)[C@@H]1CC2=CC=CC=C2[C@H]1NC(=S)NC3=CC(=CC(=C3)C(F)(F)F)C(F)(F)F
1269,CC1=CC=CC=C1C(=O)N2CC3(C2)CCNC3,13 193 305 362 447 602 614 650 757 807 926 927 935 1057 1060 1088 1114 1162 1199 1214 1308 1380 1391 1447 1488 1504 1701 1722 1745 1750 1832 1873 1917 1991 1999 2009,Cc1ccccc1C(=O)N1CC2(CCNC2)C1
1270,CC1=CC(=CC=C1)CSC2=NC=C(C=C2)CNC(C)C,1 80 116 117 213 255 283 310 341 378 380 463 762 782 835 875 885 1013 1028 1039 1055 1057 1066 1088 1152 1243 1321 1380 1452 1461 1535 1722 1750 1754 1762 1815 1823 1873 1949 2030,CC1=CC(=CC=C1)CSC2=NC=C(C=C2)CNC(C)C
1271,CC1=CC(=C2C(=C1)OC(=CC2=O)C(=O)N(CC3=CC=C(C=C3)N(C)C)C4=CC=CC=N4)C,80 204 276 283 310 314 338 378 448 495 501 507 528 626 650 656 737 783 807 875 881 960 992 1057 1088 1096 1147 1155 1163 1171 1199 1221 1302 1379 1380 1391 1452 1534 1604 1630 1700 1706 1722 1750 1754 1808 1823 1866 1873 1917 1918 1944 1953 1984,CC1=CC(=C2C(=C1)OC(=CC2=O)C(=O)N(CC3=CC=C(C=C3)N(C)C)C4=CC=CC=N4)C
1272,CS/C(=C\C1=CC=CC=C1)/[S-],34 116 376 389 394 577 694 807 915 1057 1077 1088 1178 1199 1353 1380 1720 1746 1750 1873 1920 2033,CS/C(=C\C1=CC=CC=C1)/C(=C/C2=CC=CC=C2)/[S-]
1273,C1CC(CCC1C(=O)O)NC(=O)N2CCC(CC2)OC3=CC=CC=C3,9 39 119 218 322 336 387 389 524 562 650 652 695 807 888 898 926 935 951 959 974 1019 1088 1152 1199 1250 1325 1380 1415 1431 1468 1480 1634 1655 1750 1873 1917 1988 2009,C1CC(CCC1C(=O)O)NC(=O)N2CCC(CC2)OC3=CC=CC=C3
1274,CCN(CC(COC1=CC2=C(C=C1)NC(=O)C=C2)O)C3=CC=CC=C3,1 26 80 81 82 118 119 180 203 227 288 291 294 314 322 389 650 658 695 718 794 807 835 875 881 932 1057 1077 1088 1096 1114 1199 1380 1445 1452 1501 1611 1687 1745 1750 1817 1855 1860 1873 1895 1939 1975 2038,CCN(CC(COC1=CC2=C(C=C1)NC(=O)C=C2)O)C3=CC=CC=C3
1275,CCC(C)N1C(=CC=N1)N2CC(CC2=O)C#C,1 43 80 94 208 231 249 283 294 314 378 460 650 652 656 674 683 739 798 815 915 926 935 957 974 1019 1029 1057 1058 1255 1288 1380 1457 1539 1544 1591 1750 1866 1873 1888 1890 2005,CCC(C)N1C(=CC=N1)N2CC(CC2=O)C#C
1276,CN1C=C(C=N1)CCNC2=NCCN2,43 80 89 279 305 313 327 378 464 637 667 800 881 926 935 1057 1114 1145 1152 1183 1219 1227 1243 1280 1380 1416 1449 1507 1535 1754 1762 1860 1866 1873 1989,CN1C=C(C=N1)CCNC2=NCCN2
1277,CC1=CC=C(C=C1)NCCNC2=CC=C(C=C2)OC3=CC=CC=C3,62 80 191 193 235 322 389 562 667 695 718 843 1057 1088 1152 1199 1252 1380 1416 1517 1617 1722 1750 1823 1873 1920 1928,CC1=CC=C(C=C1)NCCNC2=CC=C(C=C2)OC3=CC=CC=C3
1278,C[C@@H](C(=O)NC1=C(C=CC(=C1)[N+](=O)[O-])OC)OC(=O)[C@H]2CC(=O)N(C2)CC3=CC=CO3,1 69 80 94 231 249 283 311 314 349 474 534 573 632 650 656 695 707 715 739 753 775 787 798 807 838 841 869 875 923 926 935 974 1019 1057 1058 1088 1089 1117 1137 1144 1152 1195 1224 1233 1269 1274 1380 1466 1518 1536 1635 1750 1765 1809 1814 1816 1861 1873 1917 1926 1934 1940 1963 1970 1984 2030,C[C@@H](C(=O)NC1=C(C=CC(=C1)[N+](=O)[O-])OC)OC(=O)[C@H]2CC(=O)N(C2)CC3=CC=CO3
1279,COC1=C(C=C(C=C1)C2=CC(=NO2)CC(=O)NC3=CC(=CC=C3)[N+](=O)[O-])OC,41 79 80 94 121 140 164 184 191 248 249 250 325 378 422 650 656 675 695 703 715 724 753 807 838 841 845 875 896 901 926 1039 1057 1088 1152 1160 1195 1245 1274 1380 1536 1542 1610 1750 1756 1798 1809 1816 1873 1917 1940 1963 1970,COC1=C(C=C(C=C1)C2=CC(=NO2)CC(=O)NC3=CC(=CC=C3)[N+](=O)[O-])OC
1280,C1CCC(=NCC1)NC2=C(C=CC(=C2)Cl)F,2 24 99 165 216 310 313 378 491 509 561 615 687 699 747 816 875 881 893 926 1028 1152 1205 1211 1224 1380 1683 1738 1750 1822 1840 1873 1928,C1CCC(=NCC1)NC2=C(C=CC(=C2)Cl)F
1281,CCC1=CC(=CC=C1)CNC([C@@H]([C@H](CC2=CC(=CC(=C2)F)F)NC(=O)O)O)C(C)(C)C,1 79 80 114 117 145 182 209 227 255 294 380 387 389 392 525 557 650 699 720 767 782 807 829 875 1039 1057 1066 1088 1152 1165 1368 1380 1399 1405 1521 1540 1596 1670 1722 1750 1754 1771 1773 1779 1799 1819 1873 1917 1928,CCC1=CC(=CC=C1)CNC(C(C(CC2=CC(=CC(=C2)F)F)NC(=O)O)O)C(C)(C)C
1282,CN(CC1=NC=NN1)C(=O)C2=CC(=C(C=C2)OC)N,21 74 80 83 94 126 196 249 334 378 440 489 507 609 650 695 732 807 841 875 881 910 1040 1057 1114 1163 1171 1221 1237 1380 1385 1452 1457 1536 1554 1697 1750 1844 1873 1917 1923 1967 1970 1984,CN(CC1=NC=NN1)C(=O)C2=CC(=C(C=C2)OC)N
1283,CCCC(CCC)C(C1=C(C=CC(=C1)Br)OC)Br,1 80 94 190 237 239 249 294 581 615 674 695 722 728 739 766 794 841 875 909 1057 1157 1281 1380 1476 1536 1631 1750 1824 1873 1946 1970,CCCC(CCC)C(C1=C(C=CC(=C1)Br)OC)Br
1284,C1CC(=O)N[C@@H]1C(=O)N[C@@H](CC2=C(N=CC=C2)Br)C(=O)O,1 79 80 117 132 301 314 362 374 378 380 389 448 457 648 650 689 728 736 807 837 851 924 926 1019 1043 1088 1114 1152 1255 1325 1349 1380 1426 1452 1575 1597 1624 1631 1685 1738 1750 1844 1865 1866 1873 1917 2009,C1CC(=O)N[C@@H]1C(=O)N[C@@H](CC2=C(N=CC=C2)Br)C(=O)O
1285,CCCCS(=O)(=O)OC1=CC=CC=C1S(=O)(=O)C(=[N+]=[N-])C(=O)C2=CC=CC=C2,80 193 210 294 350 389 392 393 481 487 591 650 695 740 794 807 967 992 1057 1074 1088 1174 1195 1199 1250 1253 1352 1380 1385 1410 1435 1449 1476 1554 1585 1635 1750 1828 1835 1870 1873 1911 1917 1970 1985,CCCCS(=O)(=O)OC1=CC=CC=C1S(=O)(=O)C(=[N+]=[N-])C(=O)C2=CC=CC=C2
1286,CC(CC#N)N1CCCC(C1)CNCC(=O)O,1 29 80 91 247 249 283 335 389 390 446 484 650 661 674 739 790 807 903 926 935 1004 1019 1028 1057 1061 1089 1152 1161 1265 1287 1325 1384 1440 1480 1573 1604 1737 1917 1948,CC(CC#N)N1CCCC(C1)CNCC(=O)O
1287,B1(C=C2C(=CN1C)C3=CC=CC=C3O2)[N+]4=CC=CN4C,32 89 106 320 368 423 463 526 534 656 834 852 905 932 935 954 1003 1057 1088 1101 1128 1145 1147 1199 1332 1357 1380 1384 1573 1604 1714 1738 1750 1759 1808 1869 1872 1873 1946 2042,B1(C=CCCC(=CN1C)[N+]2=C3C4=CC=CC=C4OC3=CC=C2)C5=CN(C=CCC5)C
1288,CC1=CC(=C2C(=C1)N=C(S2)N3CCN(CC3)C(=O)C4=C(C=CC=C4Cl)F)C,99 131 162 204 293 308 366 378 407 558 561 577 586 650 675 699 807 833 875 926 935 942 974 1032 1039 1057 1088 1097 1288 1380 1391 1480 1504 1508 1517 1589 1601 1683 1693 1694 1722 1750 1757 1775 1823 1840 1855 1873 1917 1928 1953 2009,CC1=CC(=C2C(=C1)N=C(S2)N3CCN(CC3)C(=O)C4=C(C=CC=C4Cl)F)C
1289,C1=CC=C(C=C1)C(=O)C(C2=CC=C(C=C2)Cl)OC(=O)CNC(=O)CNS(=O)(=O)C3=CC=CC=C3,1 41 69 80 114 197 216 263 317 319 350 386 389 495 502 561 575 650 692 695 732 807 816 883 1070 1088 1107 1152 1199 1233 1359 1365 1380 1385 1386 1407 1422 1440 1476 1497 1626 1683 1743 1750 1853 1873 1917 1985,C1=CC=C(C=C1)C(=O)[C@H](C2=CC=C(C=C2)Cl)OC(=O)CNC(=O)CNS(=O)(=O)C3=CC=CC=C3
1290,C1=C2C3=CC(C(=O)C=C3C4=CC(=O)C(=O)C=C4C2=C[C](C1[O-])[O-])[O-],84 271 273 314 650 696 715 747 918 967 1008 1019 1022 1097 1161 1214 1380 1435 1540 1579 1654 1715 1760 1872 1873 1944,C1=C(C(=CC(=O)C1C2C=C(C(=CC2=O)[O-])[O-])[O-])[O-]
1291,CC(C)N1C(=NN=C1SCC(=O)NCC2=CC=CO2)C3=CSC4=C3CCCC4,1 41 42 80 116 157 166 197 255 279 283 310 333 337 341 352 361 378 384 474 510 552 650 656 675 747 787 807 862 926 935 977 1028 1057 1088 1140 1152 1164 1167 1233 1298 1304 1380 1391 1449 1466 1506 1508 1518 1567 1611 1722 1738 1750 1798 1817 1873 1917 1926 1930 1934 1959,CC(C)N1C(=NN=C1SCC(=O)NCC2=CC=CO2)C3=CSC4=C3CCCC4
1292,CCN1C=NN=C1C2=CC=CC=C2NC(=O)NC3=C(C=C(C=C3)O)C,34 56 80 270 281 294 352 378 381 573 650 745 767 807 875 932 935 984 1014 1057 1077 1088 1129 1152 1164 1199 1224 1233 1297 1313 1380 1391 1442 1453 1455 1477 1602 1696 1722 1750 1816 1856 1873 1917 1975 1989,CCN1C=NN=C1C2=CC=CC=C2NC(=O)NC3=C(C=C(C=C3)O)C
1293,C[C@H]1C(=C2C[C@@H](CN2C(=N1)C(C)C)NS(=O)(=O)/C=C/F)C(C)(C)C,1 48 106 114 182 231 283 350 354 378 392 469 557 598 650 694 739 775 911 926 935 1019 1057 1152 1187 1206 1234 1291 1307 1309 1339 1361 1380 1457 1471 1476 1556 1600 1615 1620 1634 1645 1649 1684 1826 1928 1944,CC1CN(C(=N1)C(C)C)S(=O)(=O)NC2CC(=NC(C2)C)C(C)(C)/C=C/F
1294,CC1CCCC(C1)CNC2=C(C=CC(=C2)Cl)C(=O)OC,29 58 67 80 99 145 165 216 278 288 484 491 561 650 695 807 816 841 875 906 926 936 1019 1028 1057 1063 1141 1148 1152 1224 1292 1309 1325 1380 1416 1604 1683 1750 1795 1873 1883 1899 1917 1991,CC1CCCC(C1)CNC2=C(C=CC(=C2)Cl)C(=O)OC
1295,CC(C)NC(=O)CCNC1(CNC1)CC(=O)O,1 41 76 80 117 283 366 389 425 447 457 650 667 807 895 901 926 959 1028 1057 1060 1062 1114 1151 1152 1308 1404 1446 1564 1663 1737 1862 1917 1992,CC(C)NC(=O)CCNC1(CNC1)CC(=O)O
1296,COCC1=C(C=NN1C2CCCCC2)C3=NC(=NO3)C4=CC=CC(=C4)/C=C/C(=O)O,2 31 43 80 85 248 352 378 389 446 650 656 677 694 695 736 745 757 760 807 835 841 875 890 926 935 970 976 1005 1019 1028 1038 1039 1047 1057 1088 1152 1160 1245 1289 1308 1325 1353 1362 1363 1380 1385 1532 1535 1542 1608 1658 1750 1855 1873 1910 1917 1929 1993 2013 2033 2041,COCC1=C(C=NN1C2CCCCC2)C3=NC(=NO3)C4=CC=CC(=C4)/C=C/C(=O)O
1297,CC(C)(C1=CNC2=CC=CC=C21)OC(=O)COC3=CC=C(C=C3)[S+](C4=CC=CC=C4)C5=CC=CC=C5,80 102 114 119 128 231 322 328 362 389 392 419 643 650 661 695 718 806 807 1017 1038 1057 1088 1114 1199 1357 1380 1386 1413 1418 1451 1452 1522 1529 1573 1750 1783 1815 1824 1861 1873 1879 1887 1917 1937 1965 2004,CC(C)(C1=CNC2=CC=CC=C21)OC(=O)COC3=CC=C(C=C3)[S+](C4=CC=CC=C4)C5=CC=CC=C5
1298,CC1=CC(=O)C(=C(O1)C(CC(=O)N2CCC3=C(C2)NC4=CC=CC=C34)C5=CC6=C(C=C5)OCO6)O,1 80 83 119 166 202 314 318 361 389 441 650 656 676 738 745 807 867 875 926 935 978 1009 1035 1036 1057 1063 1086 1088 1114 1120 1199 1250 1290 1299 1324 1349 1357 1365 1380 1459 1480 1502 1573 1577 1602 1604 1636 1647 1722 1738 1742 1745 1750 1783 1800 1839 1853 1863 1873 1905 1917 1943 1944 1946 2009 2029,CC1=CC(=O)C(=C(O1)C(CC(=O)N2CCC3=C(C2)NC4=CC=CC=C34)C5=CC6=C(C=C5)OCO6)O
1299,C1=CN=C(N=C1)C2=CC=C(C=C2)OCC(C(C(C(C(OC(C(OC(C(C(C(F)(F)F)(F)F)(F)F)(F)F)(F)F)(F)F)(F)F)(F)F)(F)F)(F)F)(F)F,59 80 102 114 123 168 217 262 278 322 378 448 487 667 695 718 886 896 916 943 972 1052 1088 1126 1160 1263 1380 1385 1398 1452 1453 1598 1611 1744 1750 1783 1866 1873 1928,C1=CN=C(N=C1)C2=CC=C(C=C2)OCC(C(C(C(C(C(C(C(C(F)(F)F)(F)F)(F)F)(F)F)(F)F)(F)F)(F)F)(F)F)(F)F
1300,C1CC(C1)N(CCCN)C2=CC=CC(=N2)C(F)(F)F,80 114 309 319 378 575 642 809 881 895 926 981 1019 1028 1039 1063 1064 1088 1171 1325 1358 1380 1434 1453 1517 1534 1719 1750 1794 1840 1855 1859 1873 1911 1918 1928 1951,C1CC(C1)N(CCCN)C2=CC=CC(=N2)C(F)(F)F
1301,CN(CCNC(=O)N1CCOC(C1)CC(=O)O)C2CC2,11 63 80 197 218 248 389 549 650 656 667 726 739 772 802 807 809 849 881 926 935 950 977 1004 1019 1057 1152 1154 1163 1231 1277 1311 1323 1325 1391 1425 1480 1590 1737 1746 1917 1951 2009,CN(CCNC(=O)N1CCOC(C1)CC(=O)O)C2CC2
1302,C1=CC=C(C=C1)OC2=CC=CC=C2C3=NC=C(O3)C4=CC=C(C=C4)O,121 193 240 302 322 352 363 378 389 472 562 656 695 745 807 865 896 923 984 1014 1047 1088 1160 1199 1281 1313 1380 1410 1452 1535 1602 1604 1617 1750 1778 1783 1873 1970,C1=CC=C(C=C1)OC2=CC=CC=C2C3=NC=C(O3)C4=CC=C(C=C4)O
1303,C[C@H]([C@H](C(C1=CC(=CC(=C1)F)F)NCC(C)C)N)O,1 80 100 201 227 283 441 552 606 699 767 782 786 787 807 823 875 1057 1152 1169 1171 1365 1380 1473 1492 1540 1550 1670 1693 1847 1873 1928,CC(C)CNC(C1=CC(=CC(=C1)F)F)C(C(C)O)NCC(C)O
1304,CCCOC(=O)CC(C1=CC=C(C=C1)C)O,1 13 80 147 167 227 235 263 294 650 695 794 807 870 1034 1057 1165 1290 1362 1365 1380 1386 1402 1719 1722 1750 1823 1853 1873 1917 1920,CCCOC(=O)CC(C1=CC=C(C=C1)C)O
1305,COC1=CC=C(C=C1)C2=C3C=CC=CN3C(=N2)C(=O)NCC4=CN=CC=C4,45 80 197 255 322 323 373 378 384 437 471 486 598 600 645 650 695 718 781 807 813 831 841 848 896 935 1043 1057 1066 1088 1101 1152 1160 1199 1285 1327 1380 1535 1536 1567 1573 1586 1603 1750 1754 1815 1855 1866 1873 1917 1922 1969 1981,COC1=CC=C(C=C1)C2=C3C=CC=CN3C(=N2)C(=O)NCC4=CN=CC=C4
1306,CN1C(C(NC1=S)C2=CC=CC=N2)C3=CC=CN3C4=CC=CC(=C4)C(=O)OC,81 95 97 145 224 301 378 398 428 448 469 510 564 588 650 695 807 840 841 875 878 894 906 935 980 1019 1039 1049 1057 1080 1088 1101 1110 1114 1122 1145 1152 1155 1199 1285 1380 1385 1452 1501 1506 1712 1715 1717 1750 1825 1866 1873 1893 1917 1979 1980 1985,CN1C(C(NC1=S)C2=CC=CN2C3=CC=CC(=C3)C(=O)OC)C4=CC=CC=N4
1307,CCOC(=O)CN1C(=O)C(CCCC1(C)C)N,5 80 147 189 294 314 344 384 587 650 695 807 857 926 935 991 1019 1028 1057 1060 1083 1162 1171 1213 1216 1219 1238 1274 1312 1325 1380 1386 1404 1722 1832 1917 2020 2033,CCOC(=O)CN1C(=O)C(CCCC1(C)C)N
1308,CC1=CC(=CC=C1)C2=NC(=CC3=CC(=C(C=C3)OC(=O)C4=CC=CC=C4OC)OC)C(=O)O2,25 94 145 235 236 249 260 281 309 310 314 378 650 656 694 695 707 736 807 841 848 875 927 934 984 1013 1039 1055 1057 1088 1160 1199 1245 1380 1382 1410 1447 1448 1488 1536 1617 1656 1667 1722 1729 1750 1810 1823 1828 1860 1873 1917 1970 1991 2033,CC1=CC(=CC=C1)C2=N/C(=C\C3=CC(=C(C=C3)OC(=O)C4=CC=CC=C4OC)OC)/C(=O)O2
1309,CCC(CCCN1C=CC(=N1)C(F)(F)F)(C#N)NC(C)C,1 51 80 114 189 283 294 295 319 378 423 622 674 734 747 790 809 932 935 998 1028 1057 1101 1145 1152 1273 1308 1366 1380 1384 1434 1437 1453 1594 1689 1750 1873 1899 1911 1928 1954 1956 1999 2006,CCC(CCCN1C=CC(=N1)C(F)(F)F)(C#N)NC(C)C
1310,CN(C)CCCOC1=CC2=C(C=C1)N=C(N2)C3=CC=C(C=C3)C4=NC5=C(N4)C=C(C=C5)C(=O)NCCN,8 13 64 80 119 180 197 265 322 343 373 378 486 526 650 652 667 693 695 718 807 875 881 896 927 946 961 981 1034 1057 1097 1114 1152 1160 1163 1171 1205 1380 1385 1452 1454 1501 1583 1609 1697 1698 1745 1750 1760 1812 1840 1855 1873 1911 1917 1951,CN(C)CCCOC1=CC2=C(C=C1)N=C(N2)C3=CC=C(C=C3)C4=NC5=C(N4)C=C(C=C5)C(=O)NCCN
1311,CC(/N=C(/C1=NC=CC=N1)\NC(=NC)COC2=CC=CC=C2OC)OCCCO,1 13 80 126 140 186 222 249 283 289 316 364 378 411 448 473 634 695 725 807 835 841 902 943 1052 1057 1088 1094 1119 1130 1152 1165 1184 1187 1199 1253 1380 1410 1452 1520 1536 1665 1697 1704 1750 1849 1866 1873 1891 1911 1970 2004,CC(C(=NC)NC(=NC)COC1=CC=CC=C1OC)OCCCO
1312,CC(C)CNCC1=CN(C=N1)CCOC,1 13 80 111 241 255 261 283 378 463 464 486 552 606 695 724 841 932 935 1004 1005 1057 1145 1152 1373 1380 1423 1434 1452 1607 1796 1817 1847 1873 2024,CC(C)CNCC1=CN(C=N1)CCOC
1313,C1=CC(=CC(=C1)Br)OCC(CCN)O,1 48 80 118 227 322 485 562 658 695 728 739 763 766 807 875 909 981 1039 1054 1088 1171 1177 1380 1445 1452 1501 1631 1750 1840 1873 2038,C1=CC(=CC(=C1)Br)OCC(CCN)O
1314,CCN(C1=CC=CC=C1)C(=O)NCCCOC2=C(C=C(C=C2)C(C)(C)C)Br,13 33 58 80 92 94 114 181 193 197 288 294 335 389 392 490 650 655 667 685 695 728 741 783 807 833 875 881 932 1057 1088 1096 1100 1152 1199 1339 1380 1390 1417 1452 1518 1631 1665 1750 1873 1876 1911 1917 1970,CCN(C1=CC=CC=C1)C(=O)NCCCOC2=C(C=C(C=C2)C(C)(C)C)Br
1315,CC(C1CCCN1)C2=CC=CO2,1 26 283 305 474 656 742 787 926 1019 1028 1057 1088 1114 1219 1229 1233 1325 1380 1507 1676 1724 1750 1808 1857 1873 1912 1926 2007 2012,C[C@@H]([C@@H]1CCCN1)C2=CC=CO2
1316,CCCCC(=O)N1CCCN(CC1)S(=O)(=O)C2=CN(C(=N2)C)C,80 268 294 350 366 369 378 464 511 526 539 585 591 650 716 760 794 800 807 917 926 935 962 996 1009 1028 1057 1083 1145 1220 1223 1380 1409 1436 1476 1480 1564 1589 1722 1855 1858 1873 1911 1917 2009,CCCCC(=O)N1CCCN(CC1)S(=O)(=O)C2=CN(C(=N2)C)C
1317,CCOC[C@]1(CC[C@H]2[C@H](C1)CC[C@@H]3[C@@H]2CC[C@]4([C@H]3CC[C@@H]4C(=O)CBr)C)O,80 105 120 206 234 251 294 345 391 413 494 519 522 559 562 585 622 650 679 695 728 745 807 892 915 926 1019 1057 1060 1065 1105 1154 1162 1175 1238 1274 1303 1325 1477 1510 1753 1808 1868 1894 1917 1951 1992 1995 2047,CCOC[C@@]1(CC[C@@H]2[C@@H](C1)CC[C@H]3[C@H]2CC[C@H]4[C@@H]3CC[C@]5([C@H]4CC[C@@H]5C(=O)CBr)C)O
1318,COC1=C(C=C2C=C(C=CC2=C1)Br)OC,203 249 322 442 695 728 766 841 875 909 1057 1142 1157 1245 1380 1536 1631 1750 1855 1873 1933 1970,COC1=C(C=C2C=C(C=CC2=C1)Br)OC
1319,CC1(C2=CC=CC=C2C3=C(C4=CC=CC=C4C=C31)N5C6=C7C8=C(C=CC=C8C9=CC=CC=C9C1=C7C5=CC=C1)C=C6)C,45 125 146 203 215 346 352 408 602 695 725 748 836 866 875 890 914 935 984 999 1039 1057 1060 1087 1088 1199 1257 1274 1279 1285 1357 1380 1460 1523 1573 1747 1750 1855 1862 1873 1980 1984 1993 2021,CC1(C2=CC=CC=C2C3=C1C4=CC=CC=C4N5C6=CC=CC7=C6C8=C(C=CC=C85)C=C7)C
1320,CC12CCCC1C3C(CC2)CC45C(C3OCCO4)OCCO5,191 221 265 291 362 422 470 497 516 519 585 656 663 679 802 854 902 926 950 1017 1019 1028 1057 1060 1162 1216 1239 1274 1325 1365 1391 1424 1455 1657 1712 1801 1898 1997,C[C@@]12CCC[C@H]1[C@@H]3[C@H](CC2)CC4([C@H]5[C@H]3OCCO5)OCCO4
1321,COC1=CC2=C(CCCC2NC3CC=CC3)C=C1,206 322 473 536 556 598 695 718 747 781 841 860 875 926 1019 1020 1027 1028 1057 1128 1152 1236 1325 1380 1427 1445 1536 1591 1598 1634 1734 1738 1750 1873 1972 1980 2000,COC1=CC2=C(CCCC2NC3CC=CC3)C=C1
1322,C1=NNC(=C1CF)C(O)O,1 30 31 74 80 94 227 378 451 553 609 645 702 807 1102 1114 1120 1239 1349 1380 1535 1842 1873 1928,C1=NNC(=C1CF)C(O)O
1323,CC(C)N1C(=NN=C1SCC2=C(C=C(C=C2)Cl)Cl)CN,1 80 116 157 165 216 279 283 298 318 341 366 378 561 747 762 816 862 875 935 965 981 1057 1121 1164 1171 1209 1283 1349 1353 1380 1449 1683 1701 1741 1748 1750 1873 1930 2001 2024,CC(C)N1C(=NN=C1SCC2=C(C=C(C=C2)Cl)Cl)CN
1324,CC=CC=CCC1=NCCCO1,80 87 110 115 208 313 378 424 432 441 483 515 616 623 632 656 694 747 823 844 881 926 939 950 1028 1053 1057 1356 1380,C/C=C/C=C/CC1=NCCCO1
1325,C1=CC(=O)N(C=C1Br)CC2=CC(=NC=C2)N,62 76 80 106 314 377 378 464 493 650 728 744 787 875 909 925 935 1108 1141 1157 1171 1343 1380 1452 1455 1457 1479 1631 1743 1750 1754 1765 1791 1866 1873,C1=CC(=O)N(C=C1Br)CC2=CC(=NC=C2)N
1326,CC(C)C1=CC=C(C=C1)NC2=NC=C(C=C2)NC(=O)C3=CC=C(C=C3)Cl,1 191 211 216 283 378 486 491 561 598 650 807 816 843 967 1057 1060 1070 1099 1152 1365 1380 1385 1410 1452 1524 1535 1665 1683 1697 1750 1795 1804 1816 1853 1873 1884 1917 1955 1978,CC(C)C1=CC=C(C=C1)C(=O)NC2=CN=C(C=C2)NC3=CC=C(C=C3)Cl
1327,C1=CC(=C(C=C1O)C(F)(F)F)C(CCO)N,1 80 114 222 233 237 262 381 419 473 567 708 739 745 786 805 807 809 875 1055 1171 1212 1270 1313 1380 1453 1602 1750 1873 1928,C1=CC(=C(C=C1O)C(F)(F)F)C(CCO)N
1328,CN(CC(=O)NC1=CC=C(C=C1)OC)C(=O)CCNC(=O)C23CC4CC(C2)CC(C4)C3,41 78 80 87 191 197 268 310 322 334 363 382 464 650 667 679 695 714 718 781 807 831 841 843 856 881 882 901 926 1019 1057 1060 1077 1152 1163 1190 1238 1292 1380 1446 1536 1564 1699 1750 1793 1816 1873 1917 1976 2028,CN(CC(=O)NC1=CC=C(C=C1)OC)C(=O)CCNC(=O)C23CC4CC(C2)CC(C4)C3
1329,COC(=O)/C=C/COC1=CC=CC=C1[C@@H]2N3C=CC(=C3CS2(=O)=O)C(F)(F)F,31 80 114 200 207 262 321 371 419 469 474 507 539 577 650 690 694 695 807 809 841 926 935 1019 1027 1057 1073 1088 1101 1109 1152 1168 1199 1343 1356 1380 1393 1410 1422 1446 1448 1452 1453 1522 1611 1617 1735 1750 1773 1873 1917 1928 1932 1955 1970,COC(=O)/C=C/COC1=CC=CC=C1C2N3C=CC(=C3CS2(=O)=O)C(F)(F)F
1330,C1CC1(C(=O)C(CCCCOC2=CC(=CC=C2)F)N3C=NC=N3)Cl,1 13 43 80 82 113 230 322 360 378 489 548 562 598 650 651 659 695 696 699 739 800 807 875 926 932 935 1034 1039 1058 1060 1088 1162 1249 1272 1283 1368 1380 1387 1452 1487 1501 1603 1658 1670 1683 1750 1873 1910 1911 1917 1928 2039,C1CC1(C(=O)C(CCCCOC2=CC(=CC=C2)F)N3C=NC=N3)Cl
1331,C1CN(C(CN1Cl)CC2=CC=CC=C2)CC3=CC=CC=C3,80 140 315 326 389 458 570 709 739 886 901 926 935 1019 1066 1088 1144 1199 1329 1380 1456 1480 1552 1676 1683 1750 1754 1765 1873 2022,C1CN(C(CN(C(CN(C(CN1Cl)CC2=CC=CC=C2)CC3=CC=CC=C3)CC4=CC=CC=C4)CC5=CC=CC=C5)CC6=CC=CC=C6)CC7=CC=CC=C7
1332,CC(C)(C)OC(=O)NCC1=C(C(=C(C=C1)Br)OC)Br,10 80 114 197 231 255 333 339 392 650 695 728 807 833 841 1040 1048 1057 1152 1225 1349 1380 1423 1458 1530 1536 1574 1599 1631 1691 1741 1750 1758 1859 1873 1892 1917,CC(C)(C)OC(=O)NCC1=C(C(=C(C=C1)Br)OC)Br
1333,CCCCNC1=NC(=NC2=C1C(N(C=C2C)CC3=CC=C(C=C3)C(=O)OC)O)N,8 50 80 145 201 261 294 310 323 378 409 423 536 582 591 606 650 667 688 695 708 794 807 841 895 906 935 1019 1057 1063 1152 1171 1240 1257 1380 1385 1416 1436 1439 1457 1648 1683 1697 1707 1715 1722 1750 1754 1765 1768 1769 1817 1855 1873 1911 1917 1972,CCCCNC1=NC(=NC2=C1C(N(C=C2C)CC3=CC=C(C=C3)C(=O)OC)O)N
1334,COC(=O)C1=CC(=C(C=C1)Cl)NC(=O)CNC(=O)C2CC2,41 80 84 93 145 197 366 469 510 561 614 650 666 689 695 698 807 841 875 898 906 926 974 1019 1057 1152 1224 1275 1325 1380 1385 1440 1683 1697 1715 1750 1755 1816 1873 1917 1948,COC(=O)C1=CC(=C(C=C1)Cl)NC(=O)CNC(=O)C2CC2
1335,C1CC1C2=CC(=NN2)NC3=CC(=NC(=N3)OC4=CC5=C(C=C4)C(=O)NN5)N6CCOCC6,74 92 119 123 218 268 314 322 378 380 390 407 428 491 523 527 569 650 656 658 695 711 718 750 875 926 935 950 951 1014 1019 1082 1099 1114 1152 1175 1191 1192 1205 1221 1232 1325 1357 1370 1380 1384 1405 1415 1441 1480 1563 1617 1653 1668 1733 1750 1848 1855 1873 1916 2000 2004,C1CC1C2=CC(=NN2)NC3=CC(=NC(=N3)OC4=CC5=C(C=C4)C(=O)NN5)N6CCOCC6
1336,COC(=O)/C=C/C(CCC1=CC=CC=C1)NC(=O)C(CC2=CC=CC=C2)NC(=O)OCC3=CC=CC=C3,1 29 31 79 80 117 147 200 389 573 629 650 690 694 695 736 739 745 807 841 857 905 925 1045 1057 1066 1073 1088 1110 1145 1152 1199 1243 1262 1380 1597 1616 1624 1659 1750 1754 1758 1873 1914 1917 1977 1987 2006 2042,COC(=O)/C=C/[C@H](CCC1=CC=CC=C1)NC(=O)[C@H](CC2=CC=CC=C2)NC(=O)OCC3=CC=CC=C3
1337,C[C@@H]1CN([C@H](CN1S(=O)(=O)C2=CC=CC(=C2)OC(F)(F)F)C)C(=O)C3=NNN=C3,114 145 242 319 322 350 354 369 378 548 562 575 608 609 650 695 707 734 739 789 800 807 855 875 926 935 1019 1039 1057 1066 1083 1088 1104 1114 1149 1305 1309 1380 1409 1453 1456 1476 1504 1519 1535 1554 1577 1587 1728 1729 1750 1792 1873 1917 1928 2004,CC1CN(C(CN1S(=O)(=O)C2=CC=CC(=C2)OC(F)(F)F)C)C(=O)C3=NNN=C3
1338,CC(C1CC1)NC(=O)CN(CC=C)CC2=CC=CS2,1 14 41 80 117 127 196 241 251 283 383 507 516 613 649 650 656 675 694 807 881 926 940 976 1013 1019 1057 1088 1110 1152 1186 1190 1256 1325 1329 1366 1380 1423 1498 1567 1621 1645 1750 1813 1873 1917 1978,C[C@@H](C1CC1)NC(=O)CN(CC=C)CC2=CC=CS2
1339,C#CCCCCCOC(=O)C1=CC(=CC(=C1)[N+](=O)[O-])[N+](=O)[O-],13 80 145 147 361 413 448 482 550 650 674 695 715 753 807 838 875 915 974 1143 1195 1249 1274 1327 1380 1385 1388 1522 1592 1734 1809 1873 1911 1917 1927 1963,C#CCCCCCCCCCCCCCCCCCCCCCCCCCCCCCCCCCCCCCCOC(=O)C1=CC(=CC(=C1)[N+](=O)[O-])[N+](=O)[O-]
1340,C1=C(C(=C(C(=O)N1)C(F)F)C(=O)O)Cl,1 112 190 314 366 389 456 561 586 615 650 750 806 807 921 955 960 1050 1114 1188 1380 1405 1441 1626 1683 1873 1879 1917 1928,C1=C(C(=C(C(=O)N1)C(=O)O)C(F)F)Cl
1341,C1CCN(CC1)C(=O)C2=CC(=CC(=C2)[N+](=O)[O-])NC(=O)CC#N,2 41 80 84 191 361 369 417 442 482 497 650 674 715 753 790 807 838 839 875 901 926 935 942 1028 1089 1152 1195 1197 1274 1380 1384 1385 1388 1480 1504 1509 1756 1809 1816 1873 1917 1963 1998 2009,C1CCN(CC1)C(=O)C2=CC(=CC(=C2)[N+](=O)[O-])NC(=O)CC#N
1342,CCC1=C2C(=CC=C1)C(=CN2)C(=O)CSC3=NN=C(S3)SCC(=C)C,59 80 91 116 162 294 341 378 650 667 675 706 797 806 807 830 894 978 999 1007 1017 1022 1039 1057 1088 1114 1164 1203 1262 1349 1357 1366 1369 1380 1414 1530 1573 1597 1628 1693 1750 1799 1873 1879 1917 1959 1991 2010,CCC1=C2C(=CC=C1)C(=CN2)C(=O)CSC3=NN=C(S3)SCC(=C)C
1343,CC(COC)OC(=O)C1=C(C=CS1)OC(F)F,1 13 14 69 80 118 145 283 554 650 664 675 695 723 733 781 790 807 841 881 1005 1050 1056 1057 1132 1380 1456 1504 1567 1694 1750 1873 1917 1919 1928 1960 1970 2045,CC(COC)OC(=O)C1=C(C=CS1)OC(F)F
1344,C1=CC=C(C=C1)C(=O)O[C@@H]2[C@H](O[C@H]([C@@H]2OC(=O)C3=CC=CC=C3)N4C=NC(=N4)C#N)CO,75 80 145 222 295 352 369 378 389 504 606 610 650 656 674 695 790 807 932 935 956 965 981 1019 1088 1126 1136 1176 1199 1230 1380 1384 1385 1452 1516 1575 1678 1750 1764 1839 1873 1876 1917 1921 1950 1956 1959 1985 2028,C1=CC=C(C=C1)C(=O)O[C@@H]2[C@H](O[C@H]([C@@H]2OC(=O)C3=CC=CC=C3)N4C=NC(=N4)C#N)CO
1345,CCOC(=O)[C@@]1(CCCN(C1)CC2=CC=CN2C3=NC=CC=N3)C/C=C/C4=CC=CC=C4,80 95 147 166 206 252 294 299 378 389 448 460 485 507 564 602 650 694 695 710 802 807 833 835 878 895 926 935 1028 1057 1060 1082 1088 1089 1101 1162 1199 1238 1256 1353 1356 1380 1415 1422 1452 1455 1480 1501 1572 1685 1722 1750 1765 1771 1791 1866 1873 1917 1944 2016 2033,CCOC(=O)C1(CCCN(C1)CC2=CC=CN2C3=NC=CC=N3)C/C=C/C4=CC=CC=C4
1346,C1=CC=C(C(=C1)C2=NN=C(N2C3=CC=CC(=C3)C(F)(F)F)SCC(=O)NCCC#N)Cl,41 80 114 116 159 197 204 244 337 341 349 352 366 378 384 413 561 597 650 667 674 747 790 807 809 875 935 974 984 1039 1049 1088 1089 1152 1164 1199 1260 1317 1356 1380 1384 1417 1445 1449 1453 1506 1508 1509 1518 1522 1683 1722 1750 1825 1873 1917 1928 1959 1993 2017,C1=CC=C(C(=C1)C2=NN=C(N2C3=CC=CC(=C3)C(F)(F)F)SCC(=O)NCCC#N)Cl
1347,CC1(CC(=O)NC(=O)N1C)C2=CC=CC=C2,42 232 314 389 552 556 650 671 772 798 815 926 935 940 1057 1060 1088 1114 1145 1195 1199 1274 1380 1575 1599 1707 1750 1873,CC1(CC(=O)NC(=O)N1C)C2=CC=CC=C2
1348,C[C@H](COC1=C(C=C(C=C1)C=O)OC(C)C2=CC=CC=C2)C3=CC=CC=C3,1 25 59 63 80 94 118 125 252 274 283 347 389 411 502 551 650 664 694 695 875 963 1004 1057 1063 1088 1199 1353 1365 1380 1452 1581 1678 1750 1828 1849 1873 1970 2033,CC(COC1=C(C=C(C=C1)C=O)OC(C)C2=CC=CC=C2)C3=CC=CC=C3
1349,CC1=CC(=C(C=C1)NCC(=O)NC2=CC(=CC=C2)S(=O)(=O)N3CCCC3)F,41 80 184 191 235 319 350 366 482 539 575 576 585 650 698 699 703 757 800 807 875 878 901 926 935 1013 1028 1039 1057 1088 1152 1224 1255 1380 1416 1440 1476 1480 1669 1722 1729 1750 1816 1823 1840 1856 1873 1915 1917 1928 1998,CC1=CC(=C(C=C1)NCC(=O)NC2=CC(=CC=C2)S(=O)(=O)N3CCCC3)F
1350,C[C@@H](C(=O)NC1=CC=CC=C1F)NC(=O)C2=CC=CC=C2F,1 46 117 283 486 573 650 699 740 807 862 934 989 1032 1057 1088 1152 1199 1211 1224 1380 1447 1696 1750 1762 1816 1829 1840 1861 1873 1892 1917 1928 1991,CC(C(=O)NC1=CC=CC=C1F)NC(=O)C2=CC=CC=C2F
1351,CC1CN(CC(O1)C)C(=O)COC(=O)C2=C(C3=C(S2)N=C4CCCCCN4C3=O)C,2 80 145 147 162 189 199 206 222 252 275 277 310 314 378 382 421 504 511 642 650 656 675 695 701 739 781 807 837 926 935 987 1009 1019 1028 1057 1159 1282 1309 1324 1380 1430 1442 1480 1496 1580 1652 1722 1738 1841 1855 1917 1921 1984 1997 1998 2004 2009,C[C@@H]1CN(C[C@H](O1)C)C(=O)COC(=O)C2=C(C3=C(S2)N=C4CCCCCN4C3=O)C
1352,COC1=CC(=C(C=C1)NC(=O)CNC2=C(C=C(C=C2)OC)S(=O)(=O)C)OC,41 80 249 322 350 392 482 635 650 689 692 695 698 718 724 781 807 841 875 1019 1057 1152 1224 1276 1311 1380 1416 1440 1476 1536 1566 1669 1750 1816 1854 1856 1873 1917 1948 1970 1972,COC1=CC(=C(C=C1)NC(=O)CNC2=C(C=C(C=C2)OC)S(=O)(=O)C)OC
1353,CC1=CC=C(C=C1)S(=O)(=O)N2C(=CC3=CC(=C(C=C32)OCC4=CSC=N4)OC(F)(F)F)CNC(=O)OC(C)(C)C,45 80 114 162 197 231 235 255 319 339 350 374 378 392 463 548 552 650 665 675 695 710 715 724 745 747 800 807 870 872 875 911 932 935 1040 1057 1142 1149 1152 1200 1209 1226 1249 1311 1337 1380 1383 1409 1452 1453 1476 1522 1574 1589 1605 1691 1722 1750 1758 1769 1823 1855 1859 1872 1873 1917 1920 1928 1970,CC1=CC=C(C=C1)S(=O)(=O)N2C3=CC(=C(C=C3C=C2CNC(=O)OC(C)(C)C)OC(F)(F)F)OCC4=CSC=N4
1354,CC1=CC(=C(C=C1)O)C(=O)NC2CCN(C2)C3=C(C=C(C=N3)C(F)(F)F)Cl,114 130 235 272 335 366 378 379 387 407 433 486 546 561 626 650 667 739 774 807 809 875 878 879 926 935 1013 1019 1057 1126 1149 1152 1168 1211 1260 1325 1380 1417 1452 1453 1475 1480 1535 1602 1607 1634 1637 1683 1722 1736 1750 1823 1873 1917 1928 1991,CC1=CC(=C(C=C1)O)C(=O)NC2CCN(C2)C3=C(C=C(C=N3)C(F)(F)F)Cl
1355,C1CN(C2=C1C=CC=C2N)C(=O)CCC3=CC=CC=C3,23 80 146 308 389 426 494 650 729 753 807 910 926 935 1009 1039 1045 1066 1088 1090 1171 1199 1236 1243 1380 1387 1401 1457 1480 1564 1708 1738 1750 1754 1873 1888 1917 1957,C1CN(C2=C1C=CC=C2N)C(=O)CCC3=CC=CC=C3
1356,CC1=C(C=CC=C1[N+](=O)[O-])C(=O)NC(=S)NC2=CC3=C(C=C2)OC(=N3)C4=CC=NC=C4,97 110 155 164 174 184 185 191 252 354 372 378 383 486 552 650 656 715 716 720 753 803 807 838 841 843 875 937 1039 1047 1057 1088 1097 1119 1149 1152 1156 1160 1195 1208 1380 1436 1447 1533 1542 1603 1604 1722 1750 1808 1810 1816 1855 1865 1866 1873 1917 1960 1963 1991,CC1=C(C=CC=C1[N+](=O)[O-])C(=O)NC(=S)NC2=CC3=C(C=C2)OC(=N3)C4=CC=NC=C4
1357,C1[C@H]2[C@@]13C2C4C=CC3[C@@]56[C@H]4[N+]5(N(C6=O)NC(=O)C7=CC=C(C=C7)C(F)(F)F)[O-],114 133 155 173 255 300 314 319 383 434 486 519 543 617 650 670 679 715 735 807 809 862 926 935 1009 1019 1056 1060 1073 1083 1089 1152 1200 1230 1260 1380 1385 1417 1453 1599 1665 1697 1750 1781 1805 1825 1873 1908 1913 1917 1928 1937 2014 2020,C1C2C3C=CC4C2C5([N+]1(C3C=C4)[O-])C(=O)N(C5=O)NC(=O)C6=CC=C(C=C6)C(F)(F)F
1358,CC1=C(C(=CC=C1)OCCSC2=C(C(=CC(=N2)C3=CC=CC=C3)C4=CC=CC=C4)C#N)C,13 32 80 116 213 222 252 341 352 358 378 385 389 607 674 677 695 736 780 790 875 916 980 1039 1057 1088 1094 1136 1160 1182 1199 1380 1384 1391 1410 1452 1490 1518 1525 1614 1722 1749 1750 1855 1873 1949 1970 1971 1999,CC1=C(C(=CC=C1)OCCSC2=C(C(=CC(=N2)C3=CC=CC=C3)C4=CC=CC=C4)C#N)C
1359,CCN(CC)C1=CC=C(C=C1)NC2CC3C2C=CC3,74 80 180 191 294 345 585 598 652 746 843 881 926 932 960 1019 1022 1042 1056 1057 1067 1077 1083 1096 1128 1152 1292 1380 1403 1512 1589 1687 1750 1873 1886 2047,CCN(CC)C1=CC=C(C=C1)NC2CC3C2C=CC3
1360,C1=CC(=C(C=C1CN)[N+](=O)[O-])OCCN2C=CN=C2,13 80 94 306 310 354 378 408 494 650 695 715 716 753 838 843 875 880 930 932 935 981 1101 1145 1171 1195 1269 1373 1380 1423 1452 1463 1518 1603 1654 1748 1750 1754 1832 1866 1873 1901 1963 1970,C1=CC(=C(C=C1CN)[N+](=O)[O-])OCCN2C=CN=C2
1361,COC(=O)C(=O)NC1CS(=O)(=O)CC1O,124 207 236 265 387 469 650 695 738 807 841 849 906 926 1019 1057 1058 1152 1210 1257 1362 1403 1575 1609 1629 1678 1824 1917,COC(=O)C(=O)N[C@H]1CS(=O)(=O)C[C@@H]1O
1362,CCCCCCOC1=C(C=C(C=C1)Br)C(=O)NC(=S)N2CCCCC2,2 13 80 94 97 110 164 185 294 369 486 500 591 650 695 728 749 766 794 807 875 909 926 935 1028 1057 1119 1143 1152 1157 1249 1380 1444 1452 1455 1480 1518 1631 1667 1750 1762 1808 1873 1911 1917 1970 1991 1998 2009,CCCCCCOC1=C(C=C(C=C1)Br)C(=O)NC(=S)N2CCCCC2
1363,COC1=C(C=CC=C1Br)COC2=C(C=C(C(=C2)O)C=O)Cl,36 57 80 270 271 333 366 561 596 650 694 695 728 745 807 833 841 875 961 1004 1039 1057 1063 1079 1088 1110 1210 1226 1349 1380 1452 1536 1538 1597 1599 1602 1607 1631 1662 1683 1750 1815 1873 1892 1970,COC1=C(C=CC=C1Br)COC2=C(C=C(C(=C2)O)C=O)Cl
1364,CCOC(=O)C1=CC=CC=C1NC(=O)N2CCC3(CC2)OCCCO3,58 80 145 147 218 294 368 650 656 695 745 751 759 807 926 935 950 1017 1026 1028 1053 1057 1060 1083 1088 1128 1152 1162 1199 1224 1238 1380 1381 1447 1468 1480 1673 1686 1696 1712 1722 1750 1816 1873 1917 1991 2009,CCOC(=O)C1=CC=CC=C1NC(=O)N2CCC3(CC2)OCCCO3
1365,CCNCC1=C(C=C(C=C1)N(C)C2CCCCC2)Cl,2 72 80 214 255 294 365 366 440 561 809 839 875 881 890 926 960 965 1004 1019 1025 1028 1057 1063 1096 1152 1163 1325 1349 1380 1676 1683 1726 1741 1750 1831 1873 1990,CCNCC1=C(C=C(C=C1)N(C)C2CCCCC2)Cl
1366,C=C[C@H]1C=CC2=CC=CC=C2[C@]13CCC(=O)C=C3,242 314 348 394 405 479 547 617 650 694 696 738 787 847 926 940 1019 1060 1083 1088 1162 1199 1226 1316 1366 1380 1448 1460 1529 1591 1645 1738 1750 1857 1873 1920 1921 1980,C=CC1C=CC2=CC=CC=C2C13CCC(=O)C=C3
1367,CCCN1C(=O)C=CC(=N1)C(=O)OC(C)C(=O)NC2=C(C=CC=C2F)F,1 69 80 110 145 158 265 283 294 314 378 381 468 573 650 695 699 794 807 820 855 882 925 935 1006 1032 1039 1057 1088 1117 1141 1144 1145 1152 1203 1244 1269 1320 1380 1412 1750 1816 1840 1873 1875 1917 1928 1956,CCCN1C(=O)C=CC(=N1)C(=O)OC(C)C(=O)NC2=C(C=CC=C2F)F
1368,C[C@@]12CC[C@@H]1C(=CC2)C3=CC=CC=C3,61 375 389 470 699 736 851 926 1019 1057 1060 1088 1160 1162 1199 1274 1319 1325 1380 1627 1663 1750 1781 1802 1873 1950 1997 2013,CC12CCC1C(=CC2)C3=CC=CC=C3
1369,CC1=CC(=C2C(=C1F)COCO2)O,225 361 441 523 563 609 656 699 711 736 807 832 847 875 926 1019 1057 1294 1349 1380 1391 1445 1602 1607 1685 1722 1813 1873 1886 1928,CC1=CC(=C2COCOC2=C1F)O
1370,COC1=C2CSC[C@H](C2=C(C=C1)F)O,56 94 216 249 361 675 695 699 713 719 770 775 807 841 851 859 926 1019 1039 1057 1257 1380 1536 1648 1699 1747 1750 1828 1840 1873 1928 1970,COC1=C2CSCC(C2=C(C=C1)F)O
1371,CCOC1=C(C(=CC(=C1)C=NNC(=O)C2=CC3=C(O2)C=CC(=C3)Cl)Cl)OCC4=CC=C(C=C4)C(=O)O,80 106 107 165 174 216 237 294 309 310 318 333 366 389 425 456 486 561 650 656 694 695 723 725 744 745 807 816 864 875 924 964 1057 1127 1132 1138 1152 1171 1238 1380 1385 1452 1576 1604 1683 1697 1701 1750 1754 1764 1808 1810 1828 1855 1867 1868 1873 1912 1917 1970 1992 2033 2042 2045,CCOC1=C(C(=CC(=C1)/C=N\NC(=O)C2=CC3=C(O2)C=CC(=C3)Cl)Cl)OCC4=CC=C(C=C4)C(=O)O
1372,CNC1=NC=C(C=C1)CN2C(=O)CSC2=O,80 157 310 314 378 427 475 532 588 650 675 798 859 882 885 926 935 967 1057 1060 1099 1152 1285 1294 1357 1380 1396 1424 1430 1452 1498 1535 1691 1750 1754 1765 1873,CNC1=NC=C(C=C1)CN2C(=O)CSC2=O
1373,C[C@@H]1CCCC[C@@H]1NS(=O)(=O)C2=CC(=C(C=C2)F)C(=O)NC3=CC=CC=C3OC,130 198 216 249 319 350 486 502 650 695 699 715 724 807 841 847 875 890 911 926 934 947 1019 1028 1057 1088 1152 1199 1203 1224 1291 1309 1325 1380 1403 1410 1472 1476 1536 1696 1750 1752 1816 1840 1859 1873 1896 1912 1917 1928 1970 1991 2030 2036,CC1CCCCC1NS(=O)(=O)C2=CC(=C(C=C2)F)C(=O)NC3=CC=CC=C3OC
1374,CCC1=C(C(=C2C(=C1C3=CC4=CC(=NN4C=C3)NC(=O)C5CC5F)C=NN2)NCC)F,32 74 80 86 92 209 219 238 294 378 381 395 426 488 504 609 650 689 699 709 730 793 807 833 875 926 932 935 941 1019 1027 1057 1082 1099 1101 1114 1120 1152 1160 1178 1275 1292 1329 1357 1358 1380 1416 1445 1465 1530 1535 1640 1700 1710 1726 1747 1750 1799 1800 1816 1873 1917 1928 1956 2021 2024 2034,c1(ccn2c(c1)cc(n2)NCC)c1c(c(c(c(c1F)NC(=O)[C@@H]1C[C@H]1F)F)CC)F
1375,C[C@@H]1[C@@H](C[C@H](C[C@@]1(C#N)N=CC(C)C)C(=C)C)C#N,1 58 89 275 283 338 366 472 640 674 679 694 725 790 807 812 926 974 1017 1019 1022 1057 1060 1215 1291 1292 1305 1309 1314 1366 1384 1388 1440 1578 1639 1723 1786 1904 2038 2044,CC1C(CC(CC1(C#N)N=CC(C)C)C(=C)C)C#N
1376,CC(C)CN(CC(C)C)CC(C1=C(C=CC(=C1)F)F)Cl,1 68 80 216 237 251 278 283 693 699 859 875 877 881 914 945 1057 1115 1185 1347 1380 1410 1487 1670 1683 1750 1840 1847 1860 1873 1928,CC(C)CN(CC(C)C)CC(C1=C(C=CC(=C1)F)F)Cl
1377,CCOC(=O)C1=C(C(=C(N1CC=C)C)C(=O)NC2=C(C=CC(=C2)C(F)(F)F)Cl)C,80 84 114 145 147 152 188 252 294 366 486 561 586 614 650 666 694 695 722 734 759 802 807 809 861 875 935 940 947 1057 1133 1152 1170 1222 1224 1238 1260 1366 1380 1385 1417 1453 1503 1522 1645 1665 1679 1683 1722 1750 1766 1816 1820 1873 1917 1928,CCOC(=O)C1=C(C(=C(N1CC=C)C)C(=O)NC2=C(C=CC(=C2)C(F)(F)F)Cl)C
1378,CC(C)(C)OC(=O)N1CCN(CC1)C(=O)C(C)(C)S(=O)(=O)CC(CC(=O)O)C2=CC=CC=C2,1 80 114 145 231 350 389 392 420 454 576 650 664 682 695 807 877 926 935 1033 1047 1057 1065 1088 1128 1141 1199 1275 1290 1365 1380 1392 1474 1476 1480 1574 1581 1589 1621 1704 1737 1750 1859 1873 1880 1917 2009,CC(C)(C)OC(=O)N1CCN(CC1)C(=O)C(C)(C)S(=O)(=O)CC(CC(=O)O)C2=CC=CC=C2
1379,CC1=C(C(=CC=C1)NC(=O)CN(C2=CC=CC3=CC=CC=C32)S(=O)(=O)C)C,41 80 81 252 268 350 410 521 572 650 692 797 807 881 1039 1057 1087 1088 1104 1152 1190 1199 1224 1357 1362 1380 1389 1391 1476 1565 1573 1614 1684 1696 1722 1750 1755 1816 1855 1873 1917 1948 1999 2018,CC1=C(C(=CC=C1)NC(=O)CN(C2=CC=CC3=CC=CC=C32)S(=O)(=O)C)C
1380,CC1=CC(=C(S1)C)C(C#N)NC,1 103 162 237 313 570 674 675 721 749 760 773 790 870 875 1057 1152 1369 1380 1384 1393 1394 1430 1722 1873 1907 1986,CC1=CC(=C(S1)C)C(C#N)NC
1381,CCOC(=O)[C@H](CC1=CC=C(C=C1)NC2=NC=NC3=C2C=C(C=C3)OC(F)(F)F)N,1 60 79 80 114 145 147 191 292 294 310 322 378 489 491 548 629 650 695 708 718 786 794 807 843 857 875 888 919 961 1017 1057 1097 1149 1152 1157 1171 1226 1238 1357 1367 1380 1409 1452 1453 1456 1524 1722 1750 1754 1810 1818 1849 1873 1917 1928,CCOC(=O)C(CC1=CC=C(C=C1)NC2=NC=NC3=C2C=C(C=C3)OC(F)(F)F)N
1382,C1=C(C(=O)N(C=C1Br)CCOCCN)Br,13 80 169 254 314 464 504 524 650 653 691 695 710 728 734 833 862 875 909 935 981 1145 1171 1380 1425 1447 1455 1631 1743 1840 1873 1992,C1=C(C(=O)N(C=C1Br)CCOCCN)Br
1383,C1CNCCC1C2CCN(CC2)C3=CC=C(C=C3)[N+](=O)[O-],191 233 305 335 407 585 650 687 715 753 769 838 926 935 939 1019 1114 1179 1195 1274 1308 1325 1380 1405 1480 1504 1516 1750 1809 1814 1825 1873 1963,C1CNCCC1C2CCN(CC2)C3=CC=C(C=C3)[N+](=O)[O-]
1384,CNC(=O)C1=CC=NC2=C(C=CC(=C12)F)CCNC3=NC=NC(=C3)C4=CN=C(C=C4)C#N,80 216 330 345 378 486 489 532 637 650 657 667 674 680 699 718 787 790 807 813 875 896 930 931 960 980 1057 1099 1136 1147 1152 1160 1228 1243 1316 1349 1362 1380 1384 1394 1416 1430 1452 1487 1535 1661 1691 1701 1724 1741 1750 1810 1840 1866 1873 1917 1928 1939 1984 1991 2008 2046,CNC(=O)C1=C2C(=C(C=C1)F)C(=CC=N2)CCNC3=NC=NC(=C3)C4=CN=C(C=C4)C#N
1385,C1CC1N2C=C(C(=O)C3=CC(=C(C(=C32)F)N4CCC(C4)N=CC5=CC=CC=C5[N+](=O)[O-])F)OC(=O)O,146 164 290 314 326 335 338 354 389 391 392 407 423 441 464 525 577 578 599 650 694 695 699 715 716 725 739 753 807 838 844 864 874 875 926 935 951 961 1019 1049 1057 1088 1159 1165 1195 1199 1325 1332 1353 1357 1380 1402 1440 1445 1480 1563 1701 1703 1729 1750 1774 1840 1849 1873 1910 1917 1919 1928 1963 1970,C1CC1N2C=C(C(=O)C3=CC(=C(C(=C32)F)N4CCC(C4)N=CC5=CC=CC=C5[N+](=O)[O-])F)OC(=O)O
1386,C1=CC=C(C(=C1)/C=N\NC2=CC(=C(C=C2)Cl)C(=O)[O-])[N+](=O)[O-],40 164 191 201 338 354 366 392 441 462 561 630 650 666 694 715 716 725 753 807 838 843 849 864 875 961 1088 1152 1195 1199 1226 1353 1380 1455 1568 1683 1750 1779 1867 1873 1917 1955 1963 1991,C1=CC=C(C(=C1)/C=N\NC2=CC(=C(C=C2)Cl)C(=O)[O-])[N+](=O)[O-]
1387,CC1(CN(CC(O1)(C)C)C2(CCN3CCCC3C2)CN)C,43 80 349 446 470 484 529 558 576 602 638 656 658 679 788 922 926 935 981 1019 1025 1028 1057 1060 1089 1152 1162 1171 1274 1325 1480 1524 1730 1854 1879 1910 1993,CC1(CCC(O1)(CN)N2CCCC(C2)N3CCCC(C3)N4CCCC(C4)(C)CN)C
1388,COC1=CC(=C(C=C1C=NN2C(=CSC2=NCC=C)C3=CC4=CC=CC=C4O3)OC)OC,10 80 117 121 224 249 328 346 552 630 656 675 694 695 725 730 780 789 803 829 841 864 875 935 940 961 983 989 1012 1050 1057 1087 1088 1128 1199 1245 1329 1351 1366 1380 1536 1567 1594 1604 1645 1646 1692 1730 1750 1771 1808 1855 1873 1894 1912 1970 2027,COC1=CC(=C(C=C1C=NN2C(=CSC2=NCC=C)C3=CC4=CC=CC=C4O3)OC)OC
1389,CCCCCCCCCCCCC#CCCC#C,80 151 169 294 413 550 591 674 794 820 915 974 1057 1143 1271 1444 1911 1927 1956 1963,CCCCCCCCCCCCCCCCC#CCCCC#CCCCCC#CCCCCC#C
1390,CCC1=NNC(=N1)CCCCN,74 80 83 294 308 378 404 705 883 981 1057 1082 1114 1171 1184 1243 1332 1380 1395 1517 1757 1780 1799 1840 1855 1911 2004,CCC1=NNC(=N1)CCCCC2=NC(=NN2)CCCCN
1391,CCNCC1=CC(=C(C=C1)OCC(=O)N(C)C2CC2)Br,58 80 94 99 255 294 310 650 695 728 772 807 809 833 839 875 881 926 1004 1009 1019 1057 1152 1154 1163 1187 1238 1250 1325 1380 1390 1452 1487 1631 1720 1726 1750 1754 1779 1831 1873 1917 1967 1970 2004,CCNCC1=CC(=C(C=C1)OCC(=O)N(C)C2CC2)Br
1392,C1=CC2=CC3C(C=C2C=C1)C(=O)C4=C(C3=O)C=C5C=CC(=CC5=C4)Br,167 203 223 276 314 322 352 442 461 650 728 766 875 909 918 933 997 1019 1088 1157 1178 1199 1380 1594 1615 1631 1750 1855 1873 1911 1933,C1=CC2=CC3C(C=C2C=C1)C(=O)C4=C(C3=O)C=C5C=CC(=CC5=C4)Br
1393,CC(C)[C@@H](C(=O)OC1[C@H](O[C@@](C1O)(C#N)N2C=CC(=NC2=O)N)CO)N,1 48 62 80 147 222 283 314 378 424 485 551 610 650 656 674 695 727 742 786 790 802 807 935 1012 1019 1022 1049 1057 1060 1070 1101 1126 1171 1257 1285 1364 1380 1384 1431 1440 1457 1516 1624 1635 1676 1744 1750 1764 1773 1855 1873 1887 1910 1917 1950 2042,CC(C)[C@@H](C(=O)O[C@@H]1[C@H](O[C@@]([C@H]1O)(C#N)N2C=CC(=NC2=O)N)CO)N
1394,CC1=C(C=NNC1=O)N[C@@H](C)CO[C@@H]2CCN(C2=O)C3CCN(CC3)C4=NC=C(N=C4)C(F)(F)F,1 5 49 74 80 114 118 217 252 283 314 319 335 378 407 467 527 609 650 684 690 695 750 807 809 823 847 850 855 901 908 926 935 979 1001 1019 1045 1057 1114 1120 1125 1152 1175 1216 1224 1282 1325 1380 1434 1452 1453 1459 1480 1535 1544 1666 1721 1722 1873 1908 1910 1920 1928 2018 2019,CC1=C(C=NNC1=O)N[C@@H](C)COC2CCN(C2=O)C3CCN(CC3)C4=NC=C(N=C4)C(F)(F)F
1395,CC1(CCCN1)C(=O)OCC2=CC=C(C=C2)Br,80 147 305 310 650 695 728 745 763 807 833 909 926 1028 1057 1060 1114 1126 1157 1162 1176 1244 1262 1274 1380 1418 1517 1631 1649 1714 1750 1754 1760 1873 1914 1917 2042,CC1(CCCN1)C(=O)OCC2=CC=C(C=C2)Br
1396,C[C@H](C1=CC=CC=C1)NC2=C(C(=O)C3=CC=CC=C3C2=O)NC(=O)C4=CC=CS4,1 14 79 241 283 314 352 383 389 392 418 419 486 650 675 690 722 807 834 912 915 984 1057 1088 1117 1152 1199 1365 1380 1460 1476 1567 1581 1627 1685 1695 1741 1750 1816 1873 1917,CC(C1=CC=CC=C1)NC2=C(C(=O)C3=CC=CC=C3C2=O)NC(=O)C4=CC=CS4
1397,C1CCC(C1)(/C(=N\O)/N)NC(=O)C2=C(C=C(C=C2)O)F,67 91 140 200 227 343 344 381 486 560 650 699 725 745 807 875 926 1028 1060 1096 1152 1162 1171 1232 1313 1380 1560 1602 1638 1660 1678 1750 1762 1840 1873 1917 1928 1991 2025 2039,C1CCC(C1)(/C(=N/O)/N)NC(=O)C2=C(C=C(C=C2)O)F
1398,CCN(CC(=O)O)C1CCN(CC1)C(=O)CCC(=O)C2=CC3=C(CCC3)C=C2,80 242 294 389 433 556 605 650 652 679 760 807 809 875 881 892 926 932 935 996 1009 1019 1028 1057 1190 1236 1244 1254 1325 1326 1327 1380 1385 1447 1451 1480 1564 1693 1697 1737 1738 1750 1759 1792 1873 1917 1980 1997 2009 2043,CCN(CC(=O)O)C1CCN(CC1)C(=O)CCC(=O)C2=CC3=C(CCC3)C=C2
1399,CCCN(CC1=CC=CC=C1C)C(=O)NCC[C@H](C)OC,1 17 80 110 193 197 207 253 283 294 507 517 650 667 685 695 739 794 807 841 881 952 963 978 1056 1057 1088 1152 1173 1199 1349 1351 1380 1391 1597 1670 1722 1750 1761 1873 1917 1951 1952 1999,CCCN(CC1=CC=CC=C1C)C(=O)NCCC(C)OC
1400,CCOC(=O)[C@H]1[C@@H](N[C@@]2([C@@]13C4=CC=CC=C4N(C3=O)C)C5=C(C=CC(=C5)Br)N(C2=O)C)C(F)(F)F,19 47 80 114 147 255 294 314 381 516 534 535 582 591 650 677 695 728 766 807 844 875 907 909 935 970 987 1014 1019 1057 1060 1088 1104 1114 1145 1157 1166 1199 1238 1261 1295 1380 1435 1453 1460 1537 1631 1647 1662 1722 1750 1764 1852 1873 1915 1917 1928 1980,CCOC(=O)C1C(NC2(C1C(F)(F)F)C3=CC=CC=C3N(C2=O)C)C(F)(F)F
1401,CC(=O)NC1=C(C2=C(S1)CCCC2)C(=O)OCC(=O)N3CCOC3=O,42 50 54 80 145 147 162 216 220 245 275 310 314 361 441 586 608 650 656 667 675 695 778 807 808 849 865 887 926 935 950 1009 1017 1028 1057 1152 1362 1380 1387 1391 1429 1480 1622 1738 1816 1817 1833 1917 1997 2004,CC(=O)NC1=C(C2=C(S1)CCCC2)C(=O)OCC(=O)N3CCOC3=O
1402,C[C@H]1CC2=CC(=C(C(=C2C3=C(C(=C(C=C3C[C@]1(C)O)OC)OC)OC)OC)OC)O,9 91 231 249 333 514 627 695 735 807 841 875 899 926 940 1019 1043 1057 1060 1154 1236 1274 1303 1309 1380 1416 1536 1588 1599 1602 1607 1670 1673 1715 1738 1747 1873 1892 1970 2026,C[C@H]1CC2=CC(=C(C(=C2C3=C(C(=C(C=C3C[C@]1(C)O)OC)OC)OC)OC)OC)O
1403,CN1C2=C(C(=O)NC1=O)N(C(=N2)NCCCO)CC3=CC=CC4=CC=CC=C43,80 157 222 297 314 378 403 473 501 564 638 649 650 667 750 758 802 807 818 913 935 1029 1039 1057 1086 1087 1088 1104 1114 1130 1145 1152 1199 1349 1357 1380 1416 1440 1469 1573 1597 1618 1696 1745 1750 1765 1848 1855 1873 1877 1911 1962 1972,CN1C2=C(C(=O)NC1=O)N(C(=N2)NCCCO)CC3=CC=CC4=CC=CC=C43
1404,CCN1C(=NN(C1=S)CN2CCCC2C(=O)N(C)C)C3=CC=CS3,14 34 62 71 77 80 97 158 160 241 294 308 354 378 383 446 524 531 650 675 774 802 807 850 881 926 935 960 985 1019 1028 1057 1088 1163 1325 1342 1348 1380 1456 1480 1567 1578 1611 1653 1714 1717 1722 1750 1764 1840 1873 1917 1956 2022 2037,CCN1C(=NN(C1=S)CN2CCC[C@@H]2C(=O)N(C)C)C3=CC=CS3
1405,COC1=CC=CC(=C1)C2C(CCN2)C(=O)O,209 285 305 322 389 434 481 562 650 695 781 796 807 841 875 915 926 1019 1039 1057 1061 1088 1114 1245 1279 1325 1380 1431 1507 1536 1624 1663 1750 1873 1893 1917 1972,COC1=CC=CC(=C1)C2C(CCN2)C(=O)O
1406,CC1=CC=CC=C1OCC(CNC(=O)COC2=C(C=C(C=C2)Cl)Cl)O,1 41 80 94 118 165 192 197 216 219 227 366 430 481 561 606 650 658 695 807 816 846 875 948 991 1057 1088 1110 1152 1187 1199 1209 1353 1380 1391 1410 1452 1683 1722 1750 1873 1917 1970 1999 2004 2012 2038,CC1=CC=CC=C1OCC(CNC(=O)COC2=C(C=C(C=C2)Cl)Cl)O
1407,CC(C)(C(=O)NC1=CC=C(C=C1)C2=CN=CN=C2)N,114 191 257 302 378 392 489 650 675 807 843 869 896 1057 1077 1118 1152 1160 1171 1301 1344 1380 1409 1481 1535 1603 1750 1816 1873 1917 1964,CC(C)(C(=O)NC1=CC=C(C=C1)C2=CN=CN=C2)N
1408,C[C@H](CC1=CC=CC=C1F)C(=O)O,1 79 80 283 389 650 699 807 878 1032 1057 1068 1088 1099 1110 1199 1349 1368 1380 1597 1750 1760 1840 1844 1873 1917 1928,CC(CC1=CC=CC=C1F)C(=O)O
1409,C/C(=N\NC(=O)C1=CC=CC=C1Br)/C2=CC=C(C=C2)Cl,57 216 318 486 561 650 700 723 725 728 742 807 816 833 940 1017 1057 1070 1088 1119 1152 1199 1247 1369 1380 1385 1447 1631 1683 1697 1750 1755 1873 1917 1984 1991,C/C(=N\NC(=O)C1=CC=CC=C1Br)/C2=CC=C(C=C2)Cl
1410,[2H]C([2H])(C1=C[N+](=C(C=C1C)C2=CC=CC=C2C)C)C(C)(C)C,80 114 350 352 392 463 501 554 555 572 673 687 768 875 917 984 997 1006 1057 1071 1088 1136 1137 1199 1218 1349 1380 1391 1436 1530 1643 1722 1750 1873 1999,CC1=CC=CC=C1C2=C[N+](=C(C=C2CC(C)(C)C)C3=CC=CC=C3C)C
1411,CCO[Si](CCCC1=C(C=C(C=C1)F)F)(OC)OCC,80 197 246 294 341 378 379 442 512 534 654 695 699 718 754 841 875 1057 1220 1238 1243 1349 1380 1394 1410 1487 1527 1670 1741 1750 1840 1873 1911 1928 2005,CCO[Si](CCCC1=C(C=C(C=C1)F)F)(OC)OC
1412,CC1=C(C=CC(=C1)CNC(=O)N(CCN(C)C)CC2CCCO2)F,17 80 99 193 197 216 247 248 255 310 361 650 652 656 693 695 699 741 802 807 821 834 875 881 926 950 978 1008 1019 1028 1057 1152 1163 1198 1325 1380 1391 1437 1468 1502 1573 1594 1722 1750 1754 1779 1840 1873 1917 1928 1951,CC1=C(C=CC(=C1)CNC(=O)N(CCN(C)C)CC2CCCO2)F
1413,CC(C)(C)OC(=O)NCC(CO)C1=CC=CC=C1Br,1 57 80 114 184 197 222 231 237 392 482 559 581 584 606 650 695 726 728 807 833 1040 1057 1088 1128 1152 1199 1380 1499 1574 1631 1691 1750 1758 1859 1873 1917 1924,CC(C)(C)OC(=O)NCC(CO)C1=CC=CC=C1Br
1414,COC1=CC=CC(=C1)C(C2C(=O)N3C(=NC(=N3)C4=CC=CO4)S2)N5CCC(CC5)C(=O)N,1 5 52 94 111 121 140 314 322 328 378 424 428 432 474 514 562 650 656 665 675 679 695 738 781 787 807 841 875 926 935 974 1019 1039 1050 1057 1088 1171 1172 1224 1233 1265 1322 1325 1365 1380 1385 1443 1480 1536 1581 1624 1750 1777 1805 1837 1852 1855 1873 1915 1917 1926 1945 1956 1965 1972 1999,COC1=CC=CC(=C1)C(C2C(=O)N3C(=NC(=N3)C4=CC=CO4)S2)N5CCC(CC5)C(=O)N
1415,CN1CCN([C@H](C1)CC(=O)N2CCCC(C2)(C3=CC=CC=C3)C4=CC=CC=C4)C,14 29 80 201 207 280 318 369 389 486 556 602 604 650 739 772 778 802 807 815 926 935 943 1004 1009 1019 1028 1057 1060 1088 1145 1162 1199 1270 1380 1480 1497 1552 1561 1741 1750 1796 1873 1917 2009,CN1CCN(C(C1)CC(=O)N2CCCC(C2)(C3=CC=CC=C3)C4=CC=CC=C4)C
1416,CC(=CC(=O)NC1=CC=CC=C1CC=C)C,50 80 623 650 694 807 940 1017 1057 1088 1120 1152 1181 1199 1224 1249 1257 1276 1349 1366 1379 1380 1443 1455 1597 1640 1645 1685 1696 1750 1816 1873 1917,CC(=CC(=O)NC1=CC=CC=C1CC=C)C
1417,C[C@H](CNC(=O)COC1=CC=CC=C1O)O,1 41 80 192 197 219 227 283 481 606 650 695 807 913 1057 1088 1140 1152 1168 1187 1199 1380 1410 1452 1602 1607 1676 1750 1831 1873 1917 1970 2004 2021,CC(CNC(=O)COC1=CC=CC=C1O)O
1418,C1CCC(CC1)C2=NNC(=S)N2/N=C\C3=CC(=C(C=C3)O)Cl,2 25 74 97 214 328 346 366 378 544 561 596 694 703 723 725 763 803 807 864 875 890 926 935 1019 1028 1114 1155 1325 1380 1475 1598 1602 1607 1683 1717 1733 1750 1784 1801 1806 1873 1943 1963 2000 2004 2033,C1CCC(CC1)C2=NNC(=S)N2N=CC3=CC(=C(C=C3)O)Cl
1419,CC1=CC(=CC(=C1NC(=O)COC2=CC=C(C=C2)S(=O)(=O)N3CCCC3)C)Br,41 80 102 167 192 247 300 319 322 350 366 374 381 539 585 650 695 715 718 728 757 800 807 875 909 926 935 1028 1057 1076 1152 1380 1391 1452 1476 1480 1631 1722 1731 1750 1816 1873 1887 1917 1932 1998 2004,CC1=CC(=CC(=C1NC(=O)COC2=CC=C(C=C2)S(=O)(=O)N3CCCC3)C)Br
1420,CC1C(C=C(C=C1C2=NC(=NO2)C3=CC=CC=N3)C4=CC=NC=C4)C#N,84 176 248 316 378 383 398 438 448 472 552 652 656 674 746 790 918 944 980 1019 1047 1056 1057 1067 1088 1114 1155 1160 1199 1208 1289 1309 1327 1380 1384 1385 1452 1542 1599 1603 1750 1851 1855 1866 1873 1910 1985 2013 2033,CC1C(C=C(C=C1C2=NC(=NO2)C3=CC=CC=N3)C4=CC=NC=C4)C#N
1421,[B]C1=C2N=C(C=C(N2N=C1)NCC3CCN(CC3)C(=O)C4CCCCC4)C5=CC=CC=C5C,2 29 43 53 80 95 107 197 246 278 285 352 378 383 400 412 454 650 652 693 708 755 800 807 865 875 890 926 935 974 980 984 1019 1028 1057 1088 1121 1152 1199 1215 1325 1380 1391 1416 1480 1530 1535 1589 1604 1696 1719 1722 1750 1760 1855 1873 1917 1999 2009 2035,CC1=CC=CC=C1C2=NC3=C(C=NN3C(=C2)NCC4CCN(CC4)C(=O)C5CCCCC5)NCC6CCN(CC6)C(=O)C7CCCCC7
1422,CC1=CC(=C(C(=C1COC(=O)C2=CC=CC=C2NC(=O)CN3C=NN=N3)C)C(=O)C)C,40 41 58 80 118 145 147 186 202 252 281 294 378 466 578 586 650 695 745 747 807 875 932 935 941 1017 1057 1088 1152 1189 1199 1224 1284 1312 1353 1380 1391 1404 1447 1458 1673 1692 1696 1720 1722 1750 1783 1816 1820 1828 1873 1876 1917 1948 1991 2034,CC1=CC(=C(C(=C1COC(=O)C2=CC=CC=C2NC(=O)CN3C=NN=N3)C)C(=O)C)C
1423,COC(=O)C12CCC(C1)(CC2)/C=C/C3=C(ON=C3C4=C(C=CC=C4Cl)Cl)C5CC5,114 147 245 248 323 350 361 366 378 380 432 473 492 561 573 580 597 650 656 694 695 771 807 833 835 841 882 899 926 974 996 1019 1039 1057 1060 1066 1088 1126 1152 1162 1193 1325 1347 1380 1527 1542 1613 1683 1713 1747 1750 1873 1917 1956 2000,COC(=O)C12CCC(C1)(CC2)/C=C/C3=C(ON=C3C4=C(C=CC=C4Cl)Cl)C5CC5
1424,CC1=CC=C(C=C1)S(=O)(=O)NCCC(=O)NC2=CC3=C(C=C2)OC(O3)(F)F,41 80 127 166 184 191 235 251 317 319 350 425 502 650 656 667 675 715 732 807 843 875 883 901 1035 1057 1060 1152 1282 1324 1380 1382 1476 1564 1570 1626 1681 1722 1750 1816 1823 1846 1873 1905 1917 1920 1928,CC1=CC=C(C=C1)S(=O)(=O)NCCC(=O)NC2=CC3=C(C=C2)OC(O3)(F)F
1425,COC1=CC2=C(C=C1)N3C=C(N=C3S2)C4=CC(=C(C(=C4)F)F)F,45 55 162 194 322 323 348 378 406 464 493 559 674 675 681 695 699 718 781 806 841 875 885 935 980 1057 1160 1380 1444 1445 1504 1536 1649 1750 1840 1855 1873 1917 1928 1969 1972 2021,COC1=CC2=C(C=C1)N3C=C(N=C3S2)C4=CC(=C(C(=C4)F)F)F
1426,CN1CCN(CC1)CCOC2=CC=C(C=C2)C(=O)NC3=CC=C(C=C3)N4C=C(C=N4)Cl,13 14 43 74 80 102 109 191 207 216 233 322 378 464 486 533 561 604 650 695 718 807 843 926 935 1034 1057 1077 1145 1152 1236 1360 1380 1385 1452 1455 1480 1482 1535 1665 1683 1697 1741 1750 1791 1795 1816 1825 1832 1873 1897 1917 1978 2014,CN1CCN(CC1)CCOC2=CC=C(C=C2)NC(=O)C3=CC=C(C=C3)N4C=C(C=N4)Cl
1427,CCN1C(=CC(=N1)C)C(CC2=C(C=CC(=C2)F)F)N,1 34 76 79 80 158 216 249 294 301 378 389 510 680 699 786 875 935 1014 1057 1068 1171 1270 1349 1363 1380 1409 1410 1462 1469 1487 1670 1722 1731 1750 1840 1873 1928 1956,CCN1C(=CC(=N1)C)C(CC2=C(C=CC(=C2)F)F)N
1428,C1CC2=C(C1)C=C(C=C2)S(=O)(=O)N3CC[C@@H]([C@H](C3)F)CS,32 80 226 229 242 319 350 556 585 590 650 654 715 739 757 800 875 892 926 935 1008 1019 1028 1082 1236 1325 1327 1351 1380 1459 1476 1479 1480 1693 1729 1738 1739 1749 1750 1873 1903 1928 1980,C1CC2=C(C1)C=C(C=C2)S(=O)(=O)N3CC[C@H]([C@H](C3)F)CS
1429,CCC(CC)(C1=CC(=NC(=N1)OC)OC)O,80 114 135 294 295 319 378 547 640 680 695 807 841 875 887 997 1039 1057 1380 1415 1536 1570 1616 1716 1855 1873 1908 1939 2012,CCC(CC)(C1=CC(=NC(=N1)OC)OC)O
1430,CCCCC(=O)NC1=CC=C(C=C1)[C@H]2C(=C(N(C(=O)N2)C)C)C(=O)OCCOC,13 27 41 80 145 147 191 229 294 301 314 486 555 591 608 650 695 794 807 841 843 893 901 903 926 935 987 1005 1019 1044 1057 1077 1114 1145 1152 1243 1279 1321 1380 1382 1436 1564 1592 1718 1722 1750 1776 1803 1816 1873 1905 1911 1917,CCCCC(=O)NC1=CC=C(C=C1)C2C(=C(N(C(=O)N2)C)C)C(=O)OCCOC
1431,COC(=O)C1=CC=C(C=C1)C2=CC(=C(C(=C2)Cl)CC3CCN(C3=O)C4CCC5=C(C4)C=NN5S(=O)[O-])Cl,5 43 80 145 192 231 241 276 314 366 378 387 427 458 561 606 611 640 650 684 695 699 715 718 719 807 841 875 896 906 926 935 945 1019 1057 1152 1160 1174 1236 1265 1325 1328 1350 1363 1380 1385 1422 1449 1480 1509 1535 1544 1611 1683 1697 1715 1738 1750 1785 1815 1853 1873 1910 1917 1920 1928 1964 1972 2034,COC(=O)C1=CC=C(C=C1)C2=CC(=C(C(=C2)Cl)CC3CCN(C3=O)C4CCC5=C(C4)C=NN5S(=O)[O-])Cl
1432,COC(=O)C1CCCCCCC1O,2 7 42 178 209 534 650 695 807 841 849 890 926 1019 1028 1041 1057 1152 1257 1325 1521 1917 2040,COC(=O)[C@@H]1CCCCCCCCCCCCCC[C@H]1O
1433,CCCCCCCCCCC1=CC(=CC(=C1)S(=O)(=O)O)OC2=CC=CC=C2,24 80 193 204 235 274 294 319 322 350 389 559 562 591 592 626 650 695 707 794 807 875 978 1057 1088 1143 1184 1199 1243 1252 1380 1444 1476 1480 1617 1750 1754 1873 1911,CCCCCCCCCCCCCCCCCCCC1=CC(=CC(=C1)S(=O)(=O)O)OC2=CC=CC=C2
1434,CCN(CC)S(=O)(=O)C1=CC2=C(C=C1)N=C(N2)CSC3=NN=C(O3)C4=CC=CS4,14 62 80 83 116 119 161 241 278 282 294 319 341 343 350 373 378 383 650 656 660 675 696 706 715 762 772 785 805 815 875 881 890 891 932 961 979 1047 1057 1088 1097 1114 1164 1328 1342 1380 1384 1476 1544 1567 1578 1604 1718 1745 1750 1809 1855 1873 1884,CCN(CC)S(=O)(=O)C1=CC2=C(C=C1)N=C(N2)CSC3=NN=C(O3)C4=CC=CS4
1435,C1CNCCC1OCC(=O)C2=CC3=C(C=C2)OCC3,80 93 119 140 305 394 433 441 615 650 656 679 695 807 823 875 926 950 1019 1035 1114 1170 1179 1206 1236 1308 1325 1380 1385 1516 1529 1598 1693 1697 1704 1738 1750 1768 1873 1905 1917 2004,C1CNCCC1OCC(=O)C2=CC3=C(C=C2)OCC3
1436,CC1=CC(=NO1)C(=O)N[C@@H]2CN(C[C@H]2CN(C)C)CC3=CN=CC=C3,80 173 190 226 248 303 339 378 387 437 482 486 645 650 652 656 739 807 834 855 875 878 881 926 935 1019 1043 1057 1066 1077 1088 1122 1152 1163 1184 1345 1380 1396 1398 1403 1444 1535 1542 1586 1603 1722 1742 1750 1754 1765 1771 1791 1866 1873 1917 1999,CN(C)C[C@@H]1CN(Cc2cccnc2)C[C@H]1NC(=O)c1cc(C)on1
1437,CC(C)(C)OC(=O)N1C[C@@H]2C[C@@H](CN2C3=CC(=NN=C31)Cl)OC(=O)C4=CC=C(C=C4)[N+](=O)[O-],114 119 130 145 147 231 279 352 378 392 481 561 606 650 684 695 715 739 753 769 793 807 838 875 926 935 938 1019 1038 1057 1065 1071 1100 1126 1127 1164 1186 1195 1274 1275 1292 1295 1380 1385 1387 1481 1492 1574 1683 1697 1750 1758 1773 1809 1814 1859 1873 1892 1910 1916 1917 1963,CC(C)(C)OC(=O)N1CC2CC(CN2C3=NN=C(C=C31)Cl)OC(=O)C4=CC=C(C=C4)[N+](=O)[O-]
1438,CCOC1=CC=C(C=C1)OCC2=NN=C(N2C3=CC(=C(C=C3)C)Cl)SCC4=NN=C(O4)C5CC5,69 80 102 116 149 188 207 233 237 294 316 318 322 341 366 378 380 467 531 544 561 654 656 695 718 745 747 762 875 899 917 926 935 980 1019 1057 1121 1164 1238 1283 1325 1380 1391 1445 1449 1452 1480 1509 1604 1615 1683 1688 1691 1695 1722 1750 1825 1873 1993 2000,CCOC1=CC=C(C=C1)OCC2=NN=C(N2C3=CC(=C(C=C3)C)Cl)SCC4=NN=C(O4)C5CC5
1439,CC1=CC(=CN(C1=O)CC2=C(C=C(C=C2)C(=O)O)Br)Br,80 169 216 300 314 389 405 456 457 464 504 650 728 753 807 833 875 909 935 1057 1138 1249 1349 1380 1385 1391 1455 1631 1697 1722 1741 1743 1750 1765 1873 1895 1906 1917 2012,CC1=CC(=CN(C1=O)CC2=C(C=C(C=C2)C(=O)O)Br)Br
1440,CCC(CSC)N(C)C1=C(C=CC(=C1)C(=O)N)N,1 80 116 140 294 309 394 451 650 807 875 881 910 975 987 1030 1057 1093 1157 1163 1171 1274 1285 1380 1385 1408 1457 1544 1658 1697 1727 1750 1873 1893 1909 1917 1942 2018,CCC(CSC)N(C)C1=C(C=CC(=C1)C(=O)N)N
1441,CCOC(=O)N1CCC2(C1)CC(C2)N3C[C@@H]4[C@H](C3)C4C(=O)C5CCC56CC6,8 34 80 120 147 241 286 294 335 342 490 532 602 615 622 650 679 695 739 751 807 926 935 1019 1057 1060 1065 1070 1084 1129 1162 1238 1325 1332 1480 1542 1603 1701 1722 1745 1793 1802 1854 1910 1917 1951 2009 2040,CCOC(=O)N1CCC2(CC1)CCN(C2)C3CC4(C3)CCC5(C4)CCN(C5)C(=O)OCC
1442,CCC1=CN=C(S1)CCNC(=O)CN2C3=CC=CC=C3C=N2,41 43 45 80 158 162 197 294 378 393 456 567 597 615 622 650 656 667 675 678 807 828 922 935 1057 1087 1088 1109 1152 1199 1203 1205 1219 1243 1285 1312 1320 1325 1380 1452 1535 1578 1596 1750 1799 1855 1873 1917,CCC1=NC=C(S1)CCNC(=O)CN2C3=CC=CC=C3C=N2
1443,CCC1(CCCN(C1)C(=O)C2=CN=C3N=CNN3C2=O)C(=O)O,44 80 138 162 165 180 184 294 314 362 369 378 389 485 492 504 561 602 650 713 717 774 802 807 913 926 935 1028 1057 1060 1078 1114 1123 1162 1205 1351 1380 1441 1446 1452 1480 1504 1535 1566 1873 1917 1991 2009 2016 2042,CCC1(CCCN(C1)C(=O)C2=CN=C3N=CC(CN3C2=O)(C(=O)O)C(=O)O)CC
1444,CCN1C(=CC(=C1C)CNC2=CC=CC3=C2NN=C3)C,34 74 80 255 294 378 421 426 475 537 600 609 802 850 873 875 883 935 1039 1057 1087 1088 1114 1120 1133 1134 1152 1224 1349 1380 1416 1461 1481 1530 1535 1696 1711 1722 1750 1766 1855 1873 2003,CCN1C(=CC(=C1C)CNC2=CC=CC3=C2NN=C3)C
1445,C=CCNC[C@H]([C@H](CC1=CC=CC=C1)N)O,1 71 79 80 208 227 389 491 510 606 694 723 786 807 857 888 940 1004 1066 1077 1088 1152 1171 1199 1204 1366 1380 1616 1645 1750 1754 1873 1951,C=CCNC[C@H]([C@H](CC1=CC=CC=C1)N)O
1446,CCN1C=CN=C1NC(=O)C2=CN=C(C=C2)OC(F)F,1 34 80 157 294 311 378 387 426 486 650 664 695 723 807 935 1011 1050 1057 1077 1101 1152 1317 1380 1385 1452 1453 1455 1456 1498 1518 1535 1570 1697 1750 1768 1789 1795 1816 1866 1873 1917 1928 1954 2020,CCN1C=CN=C1NC(=O)C2=CN=C(C=C2)OC(F)F
1447,CNC1=CC2=C(C=C1)N=C(C=C2)OCCOC,3 13 72 80 191 192 203 251 378 486 676 695 841 843 875 893 961 1005 1057 1096 1097 1152 1380 1430 1452 1498 1518 1570 1730 1750 1855 1873 1951 2023,CNC1=CC2=C(C=C1)N=C(C=C2)OCCOC
1448,CC1=C(C=C(C=C1)NC(=O)CC2=CC3=C(C=C2)N=CN3)S(=O)(=O)N4CCCC4,41 66 80 119 184 191 310 314 325 350 366 378 392 524 539 585 650 713 715 730 800 806 807 834 843 875 901 926 935 961 1028 1057 1097 1114 1152 1331 1375 1380 1391 1451 1452 1476 1480 1490 1691 1709 1722 1750 1754 1756 1816 1822 1873 1917 1998,CC1=C(C=C(C=C1)NC(=O)CC2=CC3=C(C=C2)N=CN3)S(=O)(=O)N4CCCC4
1449,CCC1C(=O)N2CCCC2C(=O)N1CC(C)(C)C(C)C,1 5 80 94 114 231 283 294 314 392 446 524 634 650 684 926 935 1019 1028 1057 1066 1079 1118 1312 1315 1325 1380 1452 1454 1480 1531 1694 1734 1775 1809 1811 1914,CCC1C(=O)N2CCCC2C(=O)N1CC(C)(C)C(C)C
1450,CC1=CC=C(O1)C(C)NC(=O)NC2=CN=C(C=C2)OC3=CC=C(C=C3)F,1 90 117 191 193 283 311 322 365 378 442 596 650 656 695 699 718 772 807 843 1057 1152 1310 1380 1410 1452 1518 1535 1570 1604 1617 1627 1652 1654 1670 1708 1722 1742 1750 1774 1816 1873 1884 1886 1917 1928 1989 1990,CC1=CC=C(O1)C(C)NC(=O)NC2=CN=C(C=C2)OC3=CC=C(C=C3)F
1451,CC1=NN(C(C1CI)C2=CC=CC=C2)C,80 142 355 378 389 479 556 661 668 795 935 1011 1019 1057 1088 1145 1199 1279 1372 1380 1495 1661 1663 1691 1722 1750 1873 1953 1975 1980,CC1=NN([C@H]([C@@H]1CI)C2=CC=CC=C2)C
1452,CC(C(=O)OC1CCCC(C1)OC)N,1 119 132 147 283 588 650 695 765 786 807 841 926 937 1019 1028 1057 1063 1065 1126 1147 1171 1292 1325 1657 1842 1917 1968 2026,C[C@@H](C(=O)O[C@@H]1CCC[C@@H](C1)OC)N
1453,COC1=C(C=C(C=C1)CNC(=S)NC2=C(C3=C(S2)CCC3)C(=O)OC)OC,42 50 80 94 97 110 140 145 162 197 216 220 249 255 310 361 586 650 675 695 730 807 808 841 875 892 906 926 1027 1028 1057 1152 1245 1380 1391 1411 1436 1536 1573 1622 1738 1750 1754 1762 1779 1816 1817 1833 1843 1873 1917 1970,COC1=C(C=C(C=C1)CNC(=S)NC2=C(C3=C(S2)CCC3)C(=O)OC)OC
1454,CCC1=NN2C(=O)C=C(N=C2S1)CSC(C)C(=O)O,1 64 80 94 116 162 241 283 294 314 373 378 389 410 412 496 650 675 724 762 807 828 875 920 934 935 1003 1057 1141 1162 1186 1380 1578 1615 1759 1799 1828 1844 1855 1873 1917 1956 1983,CCC1=NN2C(=O)C=C(N=C2S1)CSC(C)C(=O)O
1455,CN1CCNCC1C2=NOC(=N2)C3(CCC3)C4=CC=CC=C4,72 115 248 305 378 389 421 470 486 556 649 656 699 772 788 873 926 935 943 1019 1028 1057 1060 1088 1114 1136 1145 1162 1199 1308 1312 1329 1380 1392 1480 1497 1542 1561 1747 1750 1855 1873 2020 2028,CN1CCNCC1C2=NOC(=N2)C3(CCC3)C4=CC=CC=C4
1456,COC(=O)C1(CCCN(C1)CC2=CC=CC=C2)N,80 161 389 602 650 695 718 802 807 833 841 926 935 939 1028 1057 1060 1066 1082 1088 1126 1152 1162 1171 1199 1311 1380 1422 1480 1602 1683 1750 1754 1765 1771 1791 1873 1917 2033,COC(=O)C1(CCCN(C1)CC2=CC=CC=C2)N
1457,CC1=C(C(=C(C(=C1C(=O)[O-])I)C2CC2C(=O)C)I)C3CC3C(=O)C,126 209 252 455 586 650 661 677 692 715 736 807 819 926 947 966 1017 1019 1057 1083 1135 1181 1226 1292 1351 1380 1568 1648 1671 1722 1917 2005 2012,CC1=C(C(=C(C(=C1I)C2CC2C(=O)C)I)C3CC3C(=O)C)C(=O)[O-]
1458,CCOCCCN1C(=O)C(=C(C1=O)NC2=CC3=C(C=C2)OCO3)C4=CC=C(C=C4)OC(C)C,1 13 62 80 127 142 191 221 283 294 314 322 329 354 441 491 555 588 624 650 656 664 695 718 738 843 875 879 892 896 926 935 968 1002 1035 1057 1145 1152 1160 1187 1238 1272 1325 1349 1380 1470 1594 1647 1712 1741 1750 1800 1863 1873 1905 1911 1978 1992,CCOCCCN1C(=O)C(=C(C1=O)NC2=CC3=C(C=C2)OCO3)C4=CC=C(C=C4)OC(C)C
1459,CCCCCCCCCCCCC(CCCCCCC)(O)S(=O)(=O)O,80 114 196 294 350 591 592 613 650 794 807 860 1057 1143 1308 1401 1422 1444 1476 1674 1908 1911,CCCCCCCCCCCCCCCCCCCCCCCCCCCCCCCCCCCCCCCCC(C(O)(S(=O)(=O)O)S(=O)(=O)O)(O)S(=O)(=O)O
1460,CCCOC1=CC=C(C=C1)C2C3=C(CCN2C(=O)OC4=CC=C(C=C4)F)C5=C(N3)C=CC(=C5)Cl,13 76 80 83 90 102 115 119 156 165 216 230 242 289 294 322 361 561 650 651 695 699 718 721 794 807 816 870 875 926 935 1019 1034 1057 1065 1114 1279 1299 1348 1357 1380 1410 1427 1446 1452 1480 1634 1639 1670 1683 1729 1738 1745 1750 1803 1815 1873 1917 1928 1939 1980 1992,CCCOC1=CC=C(C=C1)C2C3=C(CCN2C(=O)OC4=CC=C(C=C4)F)C5=C(N3)C=CC(=C5)Cl
1461,C1=C(C=C(C(=C1I)O)I)COC(=O)C2=C(C(=C(C(=C2F)F)F)F)C(=O)O,54 80 88 141 145 147 191 202 389 456 526 582 586 650 661 695 699 745 807 875 947 955 1057 1380 1408 1445 1602 1754 1873 1876 1913 1914 1917 1928 1959,C1=C(C=C(C(=C1I)O)I)COC(=O)C2=C(C(=C(C(=C2F)F)F)F)C(=O)O
1462,C1[C@H]([C@H](CN1C2=C3C=CNC3=NC(=C2C#N)Cl)F)F,32 143 146 213 339 358 378 407 479 561 660 674 711 739 790 795 806 839 926 935 1015 1019 1026 1082 1114 1136 1152 1235 1252 1344 1357 1380 1384 1506 1683 1750 1850 1855 1873 1928,C1C(C(CN1C2=C(C(=NC3=C2C=CN3)Cl)C#N)F)F
1463,CC1=NC=C(C(=C1O)CN[C@@H](CC2=CNC3=CC=CC=C32)C(=O)O)CO,1 79 80 92 97 119 156 202 222 246 255 284 286 328 364 378 389 409 648 650 705 736 782 806 807 837 1044 1057 1088 1114 1152 1199 1226 1349 1357 1380 1452 1535 1573 1602 1607 1624 1722 1750 1783 1844 1873 1879 1917 1937 1970 2034,CC1=NC=C(C(=C1O)CNC(CC2=CNC3=CC=CC=C32)C(=O)O)O
1464,CC1=CC=C(C=C1)N=C2NC(=O)/C(=C/C3=CC=C(O3)C4=CC=C(C=C4)C(=O)O)/S2,106 121 202 235 237 270 273 281 314 389 456 650 656 675 694 725 732 807 865 870 896 911 926 975 1057 1060 1069 1114 1122 1138 1160 1380 1385 1418 1502 1555 1604 1657 1697 1722 1750 1794 1823 1854 1873 1896 1917 1919 1920 1937 2044,c1cc(ccc1C(=O)O)c1ccc(o1)/C=C/1\S/C(=N\c2ccc(cc2)C)/NC1=O
1465,C1CC(OC1CO[P+](O)(O)OP(=O)(C2=CC=CC=C2)O)N3C=NC4=C(N=CN=C43)N,1 4 80 114 117 192 194 209 227 244 316 378 389 402 428 440 474 486 489 507 577 598 650 656 695 723 807 812 843 912 926 932 935 962 1019 1033 1088 1095 1136 1171 1199 1253 1321 1325 1328 1380 1391 1452 1457 1459 1518 1572 1696 1724 1750 1800 1810 1838 1873 1921,C1C[C@@H](O[C@@H]1COC(O)P(=O)(C2=CC=CC=C2)O)N3C=NC4=C(N=CN=C43)N
1466,CN1CCN(CC1)CCCN(CC2=CC=C(C=C2)C=CC(=O)NO)C(=O)NC(=O)C3=CC=CC=C3,14 25 31 74 80 193 207 233 310 327 389 432 464 486 507 587 650 653 694 807 835 878 881 926 930 935 952 955 978 1057 1088 1119 1145 1147 1152 1181 1199 1236 1272 1308 1380 1385 1480 1482 1631 1665 1750 1754 1791 1873 1911 1917 1951 1985 2029 2033,CN1CCN(CC1)CCCN(CC2=CC=C(C=C2)/C=C/C(=O)NO)C(=O)NC(=O)C3=CC=CC=C3
1467,CN(CC1=CC(CC=C1)F)C2=NC=NC3=C2N=CN3[C@H]4[C@@H]([C@@H]([C@H](O4)COC(=S)NC5=CN=CC=C5)O)O,32 58 75 80 97 110 147 164 191 194 209 231 259 378 437 444 447 454 489 507 547 577 598 610 656 695 703 780 788 807 881 918 926 932 935 1019 1043 1057 1064 1088 1095 1099 1101 1128 1136 1152 1163 1176 1253 1257 1320 1380 1452 1463 1480 1487 1535 1543 1568 1586 1603 1657 1696 1724 1750 1751 1810 1816 1844 1866 1873 1878 1880 1881 1884 1916 1921 1928 1946 2000,CN(CC1=CC(CC=C1)F)C2=NC=NC3=C2N=CN3[C@H]4[C@@H]([C@@H]([C@H](O4)COC(=S)NC5=CN=CC=C5)O)O
1468,CC1(C[N+](C(=O)O1)(C)C)C,42 308 314 349 650 656 691 822 926 1057 1060 1116 1157 1199 1274 1282 1380 1519 1599 1745,CC1(C[N+](C(=O)C(=O)O1)(C)C2=[N+](CC(OC2=O)(C)C)(C)C)C
1469,CCS(=O)(=O)N1C[C@@](N(C[C@@]1(C(F)(F)F)O)S(=O)(=O)C)(C(F)(F)F)O,57 80 114 294 350 404 585 602 650 658 692 731 787 807 926 935 966 1057 1060 1154 1257 1307 1346 1453 1476 1743 1876 1928 1971,CCS(=O)(=O)N1CC(O)(CN(C1)S(=O)(=O)C)C(F)(F)F
1470,CCC(=O)N1CCC2=C1C(=CC(=C2)Br)S(=O)(=O)CCC(=O)N3CCCCC3C,23 49 76 80 146 193 242 270 294 350 392 432 481 650 728 734 807 875 887 890 898 909 925 926 935 1009 1019 1028 1057 1174 1226 1236 1269 1309 1325 1380 1387 1401 1407 1476 1480 1517 1564 1569 1631 1719 1734 1738 1873 1888 1917 1932 1968 1998,CCC(=O)N1CCC2=C1C(=CC(=C2)Br)S(=O)(=O)CCC(=O)N3CCCCC3C
1471,CC1=CC(=CC(=C1C)CN)O,80 118 167 252 336 745 807 875 981 1057 1077 1171 1266 1349 1380 1391 1419 1602 1722 1748 1796 1873,CC1=CC(=CC(=C1C)CN)O
1472,CC(C1=CC=C(C=C1)OC(F)F)N2C3=C(C(=N2)C(F)(F)F)C(=O)NC(=O)N3,1 23 114 283 314 322 373 378 470 549 551 650 664 695 718 723 732 750 768 809 860 935 968 989 1050 1057 1114 1218 1245 1255 1332 1365 1380 1448 1453 1456 1560 1666 1745 1750 1853 1873 1924 1928 1956 1984 2004,CC(C1=CC=C(C=C1)OC(F)F)N2C3=C(C(=N2)C(F)(F)F)C(=O)NC(=O)N3
1473,CC(=O)N1C[C@@H](OC2=CC=CC=C21)C(=O)N[C@@H]3CCC4=NC=CN4C3,40 43 148 243 378 387 421 433 556 630 650 656 689 739 750 807 926 935 1002 1017 1019 1038 1057 1088 1101 1152 1199 1262 1295 1300 1325 1372 1380 1387 1452 1481 1634 1647 1683 1738 1750 1866 1873 1884 1905 1910 1917 1919 1964 1968,CC(=O)N1CC(OC2=CC=CC=C21)C(=O)NC3CCC4=NC=CN4C3
1474,CC1=C(C=CC(=C1)C2=C(C=CC(=C2)OC)F)OC3=CC=C(C=C3)N4C(C(C(=N4)C#N)C5=CC=CC=C5)CC(=O)O,80 89 94 132 193 216 233 240 268 306 322 352 378 389 414 451 463 497 650 674 695 699 718 781 790 807 828 841 875 896 935 942 993 1004 1019 1057 1088 1136 1160 1185 1199 1269 1279 1347 1380 1384 1391 1453 1536 1581 1617 1641 1663 1722 1724 1737 1746 1750 1825 1840 1847 1873 1917 1928 1953 1970 1972 2028,CC1=C(C=CC(=C1)C2=C(C=CC(=C2)OC)F)OC3=CC=C(C=C3)N4[C@@H]([C@H](C(=N4)C#N)C5=CC=CC=C5)CC(=O)O
1475,C1CCC(CC1)CNC(=O)C2=C(C=CC(=C2)Cl)N,2 29 80 165 197 216 352 484 486 561 650 701 807 816 838 875 890 910 926 994 1019 1028 1152 1171 1274 1317 1325 1380 1457 1604 1683 1719 1750 1752 1873 1917 1991,C1CCC(CC1)CNC(=O)C2=C(C=CC(=C2)Cl)N
1476,CC(C)N(C(C)C)P(C)OP,1 45 81 90 199 283 327 605 612 678 695 850 881 1057 1179 1413 1476,CC(C)N(C(C)C)P(N(C(C)C)P(C)OP)OP(C)OP
1477,CC1CCN(C1C(=O)O)CC(=O)N2CCC3=CC=CC=C32,80 112 177 389 576 590 626 650 776 807 926 935 1009 1019 1026 1057 1088 1115 1198 1199 1236 1295 1309 1312 1325 1380 1384 1387 1401 1431 1480 1647 1708 1738 1750 1859 1873 1888 1917 1999 2005 2022,CC1CCN(C1C(=O)O)CC(=O)N2CCC3=CC=CC=C32
1478,CC1=C(C=CC(=C1)C2=CC(=CC(=C2)C(=O)O)C(=O)NC)OC3C(C(C(C(O3)CO)O)O)O,80 94 143 222 287 345 389 456 486 489 506 524 557 610 650 656 695 696 785 806 807 828 875 896 930 945 1019 1037 1057 1138 1152 1160 1234 1257 1323 1380 1385 1391 1430 1487 1516 1563 1722 1724 1750 1764 1844 1873 1917 1921 1970 1977,CC1=C(C=CC(=C1)C2=CC(=CC(=C2)C(=O)O)C(=O)NC)O[C@H]3[C@@H]([C@H]([C@@H]([C@H](O3)CO)O)O)O
1479,CC(C1=NC=CN=C1C2=NC=C(S2)Br)N3C(=O)C4=CC=CC=C4C3=O,1 162 184 283 314 323 352 378 571 650 675 728 732 879 929 935 936 940 984 1057 1071 1088 1111 1197 1199 1368 1380 1452 1535 1601 1623 1631 1727 1750 1843 1865 1866 1873 1920 1926 1934 2042,CC(C1=NC=CN=C1C2=NC=C(S2)Br)N3C(=O)C4=CC=CC=C4C3=O
1480,C/C(=N\N=C(N)N)/C1=CC=C(C=C1)NC(=O)NC2=CC=C(C=C2)C3=CC=CO3,56 121 140 157 191 351 402 474 629 650 656 725 787 807 843 865 896 1017 1057 1077 1088 1123 1152 1160 1171 1233 1380 1385 1697 1743 1750 1755 1777 1805 1816 1822 1873 1917 1926 1984 1989 1990,C/C(=N\N=C(N)N)/C1=CC=C(C=C1)NC(=O)NC2=CC=C(C=C2)C3=CC=CO3
1481,C[C@](COC1=CC=C(C=C1)Cl)(C(=O)N2CCC3=C(C=CC=C32)C#N)O,80 83 102 114 132 145 179 216 274 322 361 392 487 561 607 650 674 695 718 753 790 807 816 926 935 1039 1057 1062 1070 1078 1088 1136 1295 1380 1384 1385 1387 1401 1452 1480 1647 1683 1738 1744 1750 1770 1862 1873 1908 1917,CC(O)(C(=O)N1c2cccc(c2CC1)C#N)COc1ccc(cc1)Cl
1482,C[C@@H](C1=NN([C@H]([C@@H]1C(=O)OC)C(=O)OC)C2=CC=CC=C2)NC(=O)OC(C)(C)C,1 26 41 42 60 114 117 132 197 231 283 305 378 389 392 398 463 534 650 695 752 776 807 841 935 964 1019 1040 1049 1057 1060 1088 1152 1182 1199 1380 1443 1458 1574 1627 1750 1758 1825 1859 1873 1917 1953,C[C@@H](C1=NN([C@@H]([C@H]1C(=O)OC)C(=O)OC)C2=CC=CC=C2)NC(=O)OC(C)(C)C
1483,C1CC(COC1)C(=O)NOCC(=O)N,80 140 422 523 650 656 688 689 695 723 807 836 926 950 974 1019 1028 1121 1152 1171 1323 1325 1468 1564 1715 1898 1917 1923 1933 2003 2004,C1CC(COC1)C(=O)NOCC(=O)N
1484,CN1C=NN=C1CN(C)CCN2CCNCC2,15 76 80 281 305 318 378 507 881 926 932 935 1057 1114 1129 1145 1163 1164 1194 1236 1308 1330 1371 1380 1409 1480 1482 1505 1516 1581 1674 1739 1791 1873 1951 2020,CN1C=NN=C1CN(C)CCN2CCNCC2
1485,CCOC(=O)C(C1=CC=CS1)OC2=CC=CC=C2N3C=CC=C3,1 14 80 144 147 219 241 287 294 380 383 384 412 459 543 565 650 664 675 692 695 766 807 935 1057 1088 1101 1199 1238 1295 1380 1410 1567 1647 1722 1750 1818 1846 1873 1874 1917 1970,CCOC(=O)C(C1=CC=CS1)OC2=CC=CC=C2N3C=CC=C3
1486,C[C@@H](C(=O)OC(C)C)NP(=O)(OC[C@@H]1[C@H]([C@@]([C@@H](O1)N2C=CC(=NC2=O)N)(C)N=[N+]=[N-])O)OC3=CC=C(C=C3)F,1 24 62 69 80 90 106 147 192 283 297 314 322 378 424 485 486 487 577 585 606 610 626 650 656 663 688 695 699 718 725 740 765 767 807 863 876 935 989 1019 1057 1060 1065 1101 1136 1152 1171 1219 1238 1257 1274 1343 1380 1410 1449 1456 1457 1494 1522 1656 1670 1716 1750 1807 1829 1838 1855 1873 1887 1917 1921 1928 1978 2013 2035 2042 2044,C[C@@H](C(=O)OC(C)C)NP(=O)(OC[C@@H]1[C@H]([C@@]([C@@H](O1)N2C=CC(=NC2=O)N)(C)N=[N+]=[N-])O)OC3=CC=C(C=C3)F
1487,COC1=CC(=C(C=C1)N2[C@@H]([C@@H](NC2=S)C3=CC=CC=N3)C4=CC=C(O4)C5=CC=C(C=C5)Br)OC,97 121 224 249 301 322 378 398 428 448 588 635 656 683 695 718 728 781 807 841 865 875 888 896 909 935 958 980 1019 1057 1088 1110 1114 1122 1155 1157 1160 1199 1294 1295 1380 1420 1452 1506 1536 1604 1631 1649 1656 1717 1750 1866 1873 1893 1914 1915 1922 1937 1970 1972 1980,COC1=CC(=C(C=C1)N2C(C(NC2=S)C3=CC=C(O3)C4=CC=C(C=C4)Br)C5=CC=CC=N5)OC
1488,CC1CN(CCC1N)S(=O)(=O)NC(C)C,1 283 350 466 585 650 739 742 752 898 903 926 935 1019 1028 1045 1057 1152 1171 1229 1250 1309 1325 1341 1476 1480 1807 1832 1859 1903 1941,C[C@H]1CN(CC[C@H]1N)S(=O)(=O)NC(C)C
1489,CN(CCN1CC2=CC=CCC2=C1)[C@H]3CCSC4=CC=CC=C34,4 80 157 159 237 296 371 397 406 423 442 511 519 548 560 675 692 719 726 789 862 881 926 935 949 1019 1027 1057 1088 1094 1128 1145 1163 1199 1249 1325 1328 1342 1380 1445 1668 1750 1756 1793 1873 1895 1946 1951 2045,CN(CCN1CC2=CC=CCC2=C1)C3CCSC4=CC=CC=C34
1490,CCN1CCN(CC1)CC(=O)N2C(CC(=N2)C3=CC=C(C=C3)C)C4=C(C=CC(=C4)OC)OC,21 34 74 80 94 231 235 241 249 277 294 320 322 378 507 568 650 695 718 743 781 807 827 841 865 875 896 926 935 991 997 1009 1019 1027 1031 1057 1160 1215 1312 1380 1464 1480 1536 1722 1734 1750 1791 1823 1873 1917 1920 1953 1968 1970 1972,CCN1CCN(CC1)CC(=O)N2C(CC(=N2)C3=CC=C(C=C3)C)C4=C(C=CC(=C4)OC)OC
1491,CC[C@@H](C#N)[Si](C(C)C)(C(C)C)Cl,1 80 283 294 378 674 711 737 790 1051 1057 1194 1369 1372 1384 1544 1579 1632 1660 1683 1950,CCC(C#N)[Si](C(C)C)([Si](C(C)C)(C(C)C)Cl)[Si](C(C)C)(C(C)C)C(CC)[Si](C(C)C)(C(C)C)Cl
1492,CC1(C(C1C(=O)O)C2=C(C=CC=N2)OC)C,116 249 378 389 448 549 650 695 807 841 895 969 1000 1019 1043 1057 1060 1087 1088 1129 1160 1181 1274 1355 1380 1410 1431 1452 1536 1750 1764 1866 1873 1917 1970,CC1(C(C1C(=O)O)C2=C(C=CC=N2)OC)C
1493,CC1=CCC[C@H]2[C@]1(CC[C@@H]3[C@@]2(CC[C@](C3)(C)[C@H](CO)O)C)C,1 10 80 87 222 227 384 478 482 528 551 568 679 689 742 807 914 926 989 996 1019 1057 1060 1147 1162 1210 1258 1274 1325 1380 1477 1486 1616 1722 1756 1781 1792 1873 1884 1921 2018,CC1=CCCC2C1(CCC3C2(CCC4(C3(CCC4C5(CC5)C(CO)O)C)C)C)C
1494,CC1=C(C(=CC=C1)C(C2=CC(=CC=C2)OC)NC)Cl,1 52 173 237 322 483 561 562 581 695 781 841 875 1011 1039 1057 1065 1088 1152 1192 1365 1380 1391 1410 1430 1536 1581 1683 1722 1732 1750 1873 1907 1972 1999,CC1=C(C(=CC=C1)C(C2=CC(=CC=C2)OC)NC)Cl
1495,CC1=CN=C(C2=CC=CC=C12)C3=CC4=C(C=C3)C(C5=C4C=C6C7=CC=CC=C7C8=CC=CC=C8C6=C5)(C)C,40 84 137 323 345 352 378 852 875 888 896 901 914 1056 1057 1060 1088 1160 1199 1256 1274 1279 1357 1380 1391 1406 1452 1486 1535 1568 1573 1722 1746 1750 1775 1839 1862 1873 1980,CC1=CN=C(C2=CC=CC=C12)C3=CC4=C(C=C3)C(C5=C4C=C(C=C5)C6=NC=C(C7=CC=CC=C76)C)(C)C
1496,CCOC(=O)/C=C/C1=NOC(=C1C2=C(C=C(C=C2)Cl)C(=O)C3=C(C(=CC=C3)OC)OC)C(C)C,1 9 31 66 80 147 165 176 189 216 248 249 257 277 283 294 313 333 352 378 561 598 613 650 656 680 694 695 710 733 745 807 815 816 835 841 875 926 949 1039 1057 1073 1088 1238 1380 1410 1431 1447 1536 1542 1588 1599 1675 1683 1722 1747 1750 1778 1873 1917 1970 1977 1991,CCOC(=O)/C=C/C1=NOC(=C1C2=C(C=C(C=C2)Cl)C(=O)C3=C(C(=CC=C3)OC)OC)C(C)C
1497,COP(=O)(C(P(=O)([O-])OS(=O)(=O)C)(Cl)Cl)OC,114 189 192 206 235 319 350 486 563 585 601 650 680 692 695 714 715 803 841 1057 1066 1476 1683 1730 1884 1986,COP(=O)(C(C(P(=O)([O-])OS(=O)(=O)C)(Cl)Cl)(P(=O)([O-])OS(=O)(=O)C)S(=O)(=O)[O-])OS(=O)(=O)C
1498,CCC(CCC(=O)N)(CC1=CC=C(C=C1)F)C#N,2 80 90 114 140 178 294 295 310 404 545 650 674 699 759 790 807 888 1057 1171 1308 1366 1380 1384 1410 1564 1670 1671 1750 1754 1822 1844 1873 1898 1917 1928 1999,CCC(CCC(=O)N)(CC1=CC=C(C=C1)F)C#N
1499,CC1=C(C(=CC=C1)NC(=O)COC2=CC=C(C=C2)/C=N/NC(=O)C3=CC=C(C=C3)Cl)C,25 41 80 102 167 192 216 252 270 309 318 322 410 486 561 650 694 695 718 725 807 816 864 924 1039 1057 1070 1088 1152 1224 1380 1385 1389 1391 1410 1452 1614 1665 1683 1696 1697 1722 1750 1816 1867 1873 1887 1917 1948 1992 1999 2004 2033,CC1=C(C(=CC=C1)NC(=O)COC2=CC=C(C=C2)/C=N/NC(=O)C3=CC=C(C=C3)Cl)C
1500,CC1=C(C=CC(=C1)Cl)OCCNC(C)C2CC2,1 13 77 80 94 165 184 216 283 490 561 667 695 782 816 875 926 941 1019 1057 1110 1152 1186 1325 1380 1391 1423 1452 1518 1683 1722 1724 1750 1853 1873 1970 1978 2012,CC1=C(C=CC(=C1)Cl)OCCNC(C)C2CC2
1501,C1CCC2=C(C1)C=CC=C2C3=CN(N=N3)C(CC4=CC=CC=C4)C(=O)N,1 30 79 80 81 140 192 238 310 352 360 361 378 389 464 556 650 773 807 857 926 934 935 980 984 1028 1039 1047 1066 1088 1113 1164 1171 1199 1212 1236 1291 1380 1391 1708 1738 1750 1754 1783 1786 1873 1887 1917 2039,C1CCC2=C(C1)C=CC=C2C3=CN(N=N3)[C@@H](CC4=CC=CC=C4)C(=O)N
1502,CC(=O)C1=CC(=CC=C1)NC(=O)C2CCCN(C2)S(=O)(=O)C3=CC=C(C=C3)NC(=O)C,184 191 245 263 319 350 374 446 530 539 585 617 650 689 703 715 739 757 785 800 807 843 849 875 926 935 974 1017 1019 1028 1039 1057 1077 1088 1121 1152 1325 1380 1385 1476 1480 1509 1749 1750 1816 1820 1873 1917 1985 2025,CC(=O)C1=CC(=CC=C1)NC(=O)C2CCCN(C2)S(=O)(=O)C3=CC=C(C=C3)NC(=O)C
1503,CC1=CC(=C(C=C1)C2=COC(=N2)C3=CC=C(C=C3)NC(=O)NC4=C(C=CC(=C4)F)F)C,56 74 95 138 191 204 216 235 241 352 378 384 573 650 656 680 699 720 758 807 843 875 896 928 980 1013 1047 1057 1077 1152 1160 1179 1211 1224 1233 1380 1391 1410 1444 1487 1670 1722 1750 1816 1823 1840 1855 1873 1917 1928 1989 1990,CC1=CC(=C(C=C1)C2=COC(=N2)C3=CC=C(C=C3)NC(=O)NC4=C(C=CC(=C4)F)F)C
1504,C1=CC=C(C=C1)[C@H](C(=O)C2=CC=CC=C2)OC(=O)CCN3C4=CC=CC=C4OC3=O,1 45 69 80 123 129 231 263 314 386 389 495 569 650 656 692 695 732 802 807 840 935 1088 1128 1145 1199 1204 1285 1359 1365 1380 1385 1386 1441 1564 1581 1604 1743 1750 1808 1814 1873 1917 1927 1985,C1=CC=C(C=C1)C(C(=O)C2=CC=CC=C2)OC(=O)CCN3C4=CC=CC=C4OC3=O
1505,C1CCC2=NC3=C(C=C2C1)C(=O)N(C(=N3)SCC(=O)N(C4=CC=CC=C4)C5=CC=CC=C5)C6=CC=CC=C6,58 80 116 288 310 314 327 341 378 384 389 394 477 504 514 556 600 615 650 657 682 747 807 875 881 887 891 926 935 965 1028 1049 1067 1088 1096 1199 1236 1238 1304 1357 1380 1382 1484 1602 1646 1738 1750 1825 1855 1873 1917 1948 1959 1993,C1CCC2=NC3=C(C=C2C1)C(=O)N(C(=N3)SCC(=O)N(C4=CC=CC=C4)C5=CC=CC=C5)C6=CC=CC=C6
1506,C1=CC(=O)N(C=C1)CC2=NC3=C(N2CCO)C=CC(=C3)Cl,45 80 90 165 205 216 222 266 314 318 378 384 465 473 515 539 561 650 717 802 807 816 875 935 1003 1072 1088 1097 1101 1141 1145 1199 1380 1394 1455 1506 1683 1750 1765 1791 1855 1873 1912 2021,C1=CC(=O)N(C=C1)CC2=NC3=C(N2CCO)C=CC(=C3)Cl
1507,CC(=CCC1(COC(C=C1)(C)C)COC(=O)C2=CC=CC=C2)C,53 80 145 147 252 276 383 389 392 479 606 609 650 656 694 695 787 807 916 926 998 1017 1057 1060 1065 1088 1199 1224 1226 1257 1274 1380 1385 1451 1455 1522 1582 1624 1737 1750 1873 1917 1985,CC(=CCC1(C=CC(CO1)(C)COC(=O)C2=CC=CC=C2)C)C
1508,COC1=CC=C(C=C1)CN(C2CC2)C(=O)C3=CC=C(C=C3)OC(F)(F)F,41 80 114 145 310 317 322 404 507 548 587 650 695 718 781 807 809 831 841 881 926 1019 1057 1104 1147 1149 1154 1221 1325 1380 1385 1409 1453 1536 1686 1697 1750 1754 1873 1917 1928 2036,COC1=CC=C(C=C1)C(=O)N(CC2=CC=C(C=C2)OC(F)(F)F)C3CC3
1509,COC1=C(C=CC(=C1)CC=C)OS(=O)(=O)OF,80 94 249 310 350 623 650 694 695 809 841 875 917 940 967 996 1027 1036 1057 1245 1366 1380 1476 1536 1547 1569 1640 1644 1645 1716 1740 1750 1754 1873 1928 1970,COC1=C(C=CC(=C1)CC=C)OS(=O)(=O)OF
1510,CCNC(=O)NC1(N=CC=CN1C2=CC(=C3C(=C2)N=CS3)C4=CC=CC=N4)C5CNCCC5(C)C(=O)O,50 55 80 131 150 178 184 197 247 294 305 344 350 352 378 380 389 448 470 478 507 514 537 551 631 646 649 650 675 709 807 812 862 875 923 926 935 954 969 980 1017 1019 1036 1057 1060 1088 1097 1114 1152 1155 1162 1199 1200 1214 1232 1274 1308 1380 1452 1496 1557 1567 1624 1655 1659 1726 1750 1825 1840 1851 1866 1873 1917 1949 1985 1989 2021 2024,CCNC(=O)NC1(C2CNCCC2(C3C1N4C=CC=NC4=C3)C(=O)O)C5=CC6=C(C(=C5)C7=CC=CC=N7)SC=N6
1511,C(CO)C(C(C(C(O)OCCN=[N+]=[N-])O)O)O,1 13 80 144 206 222 227 235 316 415 473 487 567 596 695 725 739 740 807 829 888 1367 1401 1449 1552 1586 1617 1727 1838 1853,C(CO)C(C(C(C(C(O)OCCN=[N+]=[N-])O)O)O)OCCN=[N+]=[N-]
1512,COC1=C(C=C(C=C1)C[NH+]2CCN(CC2)C(=O)COC3=C(C=CC(=C3)Cl)C(=O)[O-])OC,67 80 94 118 140 165 216 222 249 310 413 541 561 586 650 695 715 716 718 760 807 816 841 875 926 935 1009 1027 1057 1183 1187 1226 1245 1380 1452 1480 1536 1568 1683 1690 1729 1750 1754 1800 1840 1873 1914 1917 1926 1955 1970 1991 2004 2009,COC1=C(C=C(C=C1)C[NH+]2CCN(CC2)C(=O)COC3=C(C=CC(=C3)Cl)C(=O)[O-])OC
1513,CCCN(CCONC1=NC(=CC(=N1)C)C)C(=O)C2=CC=CC=C2C3=CC=CC=C3,13 80 207 222 294 341 352 378 389 428 555 650 695 736 756 794 807 836 875 881 978 980 984 1057 1088 1152 1160 1199 1207 1221 1255 1380 1427 1447 1520 1582 1614 1722 1731 1750 1761 1783 1835 1855 1873 1917 1951 1962 1991,CCCN(CCONC1=NC(=CC(=N1)C)C)C(=O)C2=CC=CC=C2C3=CC=CC=C3
1514,C1=CC=C(C=C1)CN2C=C(C3=CC=CC=C32)[C@H](CC(=NNC(=O)C4=CC=C(C=C4)[N+](=O)[O-])C5=CC=CC=C5)C(=O)O,1 45 80 126 237 318 389 464 486 650 700 715 725 753 769 803 807 838 849 914 935 977 1019 1056 1066 1088 1119 1152 1156 1195 1199 1274 1285 1290 1357 1370 1380 1385 1391 1410 1455 1479 1503 1573 1632 1665 1683 1697 1750 1754 1765 1809 1814 1844 1873 1917 1963 1985,C1=CC=C(C=C1)CN2C=C(C3=CC=CC=C32)C(C/C(=N/NC(=O)C4=CC=C(C=C4)[N+](=O)[O-])/C5=CC=CC=C5)C(=O)O
1515,CC(C)(C)NC(=O)C(CC1=CC=C(C=C1)Cl)C#N,1 24 79 80 114 216 227 310 354 392 561 573 603 650 674 790 807 816 836 857 1057 1070 1111 1139 1152 1369 1380 1384 1682 1683 1750 1754 1786 1873 1917,CC(C)(C)NC(=O)C(CC1=CC=C(C=C1)Cl)C#N
1516,CCC1=CC=CC=C1OCC2=C(C=CC(=C2)/C=C/C(=O)O)OC,25 31 80 94 119 249 294 389 596 650 694 695 745 807 835 841 875 970 976 1057 1088 1178 1199 1226 1308 1349 1380 1410 1452 1501 1532 1536 1597 1661 1750 1799 1873 1898 1917 1970 2033 2041,CCC1=CC=CC=C1OCC2=C(C=CC(=C2)/C=C/C(=O)O)OC
1517,CC(=O)NCCC(C1=CC(=CC=C1)OCC2(CCCCCCC2)O)O,1 2 52 80 197 227 245 322 413 562 650 667 695 731 739 807 862 872 875 926 1017 1028 1039 1057 1060 1065 1088 1104 1152 1154 1162 1221 1244 1290 1362 1365 1380 1434 1452 1501 1581 1638 1750 1873 1917 1952 1996,CC(=O)NCCC(C1=CC(=CC=C1)OCC2(CCCCC2)O)O
1518,COC1=C(C=C(C=C1)CCC(=O)NC2=CN=C(C=C2)NC3CCCC3)OC,41 80 94 104 140 191 249 310 378 428 650 671 695 807 841 843 875 890 901 926 967 1019 1027 1028 1057 1060 1090 1099 1143 1152 1243 1245 1325 1380 1382 1410 1452 1535 1536 1564 1589 1634 1721 1750 1754 1816 1873 1884 1917 1970,COC1=C(C=C(C=C1)CCC(=O)NC2=CN=C(C=C2)NC3CCCC3)OC
1519,CC1=NC=C(C(=N1)N2CCCC(C2)(C)C)C(=N)N,130 138 140 338 378 407 486 602 623 680 762 798 802 807 840 887 926 935 1028 1043 1057 1060 1104 1126 1162 1171 1274 1380 1420 1452 1480 1487 1535 1722 1770 1817 1855 1873 1917 1991,CC1=NC=C(C(=N1)N2CCCC(C2)(C)C)C(=N)N
1520,CC(C)NC(C)(CC(C)OCC(F)(F)F)C(=O)O,1 44 72 80 114 213 225 283 316 389 392 487 622 650 682 695 807 809 825 830 932 1028 1056 1057 1152 1265 1293 1422 1453 1917 1928 1977,CC(CC(F)(F)F)OCC(C)(C(=O)O)NC(C)OCC(F)(F)F
1521,C1=CC(=C(C=C1O)N)C=CC(=O)N,31 140 173 381 472 571 595 650 694 745 807 835 875 910 961 1068 1097 1171 1313 1380 1457 1602 1620 1739 1750 1873 1917,C1=CC(=C(C=C1O)N)/C=C/C(=O)N
1522,CC(C1=NN=C(N1C)SCC(=O)NC2=C(C3=C(S2)CCC3)C(=O)OC)OC4=CC=C(C=C4)F,1 14 41 42 50 80 90 114 116 125 145 162 216 220 283 322 341 361 378 384 530 564 586 650 663 664 675 695 699 718 747 807 808 813 841 892 906 926 935 968 1028 1057 1145 1152 1164 1359 1379 1380 1391 1410 1411 1449 1455 1506 1622 1670 1738 1750 1816 1817 1833 1873 1917 1928 1959,CC(C1=NN=C(N1C)SCC(=O)NC2=C(C3=C(S2)CCC3)C(=O)OC)OC4=CC=C(C=C4)F
1523,CC1=C(ON=C1C(=O)OC2=CC=CC3=C2N=CC=C3)C4=C(C=CC=C4Cl)Cl,145 243 248 252 310 359 366 378 404 448 449 490 561 597 650 656 695 807 885 974 1002 1039 1043 1057 1087 1088 1212 1380 1410 1452 1542 1611 1662 1683 1722 1724 1729 1747 1750 1855 1866 1873 1917 1939 1970 2028 2035,CC1=C(ON=C1C(=O)OC2=CC=CC3=C2N=CC=C3)C4=C(C=CC=C4Cl)Cl
1524,CCC1=NC2=C(C(=O)C3=C(O2)C=C(C=C3)OC)C(=O)N1[C@@H](C)C4=CC=CC=C4,1 80 90 283 294 314 318 322 378 389 406 470 478 504 525 543 650 656 673 695 718 732 781 794 841 862 875 917 935 941 1057 1085 1088 1199 1357 1365 1380 1424 1536 1581 1604 1711 1733 1750 1781 1799 1803 1808 1855 1873 1970 1972 1984,CCC1=NC2=C(C(=O)C3=C(O2)C=C(C=C3)OC)C(=O)N1C(C)C4=CC=CC=C4
1525,C1=C(N(C=C1COC=O)N)C(=O)N,80 140 273 287 309 358 362 464 488 650 694 695 745 807 875 935 1004 1036 1154 1170 1171 1245 1309 1380 1488 1647 1705 1754 1873 1917 2003,C1=C(N(C=C1COC=O)N)C(=O)N
1526,C1=CC=C(C=C1)CCC(=O)NC2=CC=C(C=C2)C3=CN4C=CC=CC4=N3,3 41 80 191 378 384 389 464 571 650 701 730 807 819 843 877 896 901 935 980 1045 1066 1077 1088 1090 1101 1152 1160 1172 1199 1243 1380 1382 1444 1494 1564 1721 1750 1754 1816 1855 1873 1917 1971,C1=CC=C(C=C1)CCC(=O)NC2=CC=C(C=C2)C3=CN4C=CC=CC4=N3
1527,C1=CC2=CC3=C(C=CC=C3C4=CC(=C(C=C4)O)O)C=C2C(=C1)C5=CC(=C(C=C5)O)O,315 352 589 594 807 836 875 896 964 984 1039 1087 1088 1160 1317 1347 1357 1380 1475 1602 1607 1750 1855 1873 1914,C1=CC2=CC3=C(C=CC=C3C4=CC(=C(C=C4)O)O)C=C2C(=C1)C5=CC(=C(C=C5)O)O
1528,CC1(CNCCN1C(=O)CCCC2CCC2)C,29 80 114 171 220 305 327 447 484 526 614 650 712 807 832 926 935 1009 1019 1028 1057 1060 1063 1083 1114 1274 1308 1325 1432 1480 1541 1564 1630 1911 1917 1953 2020,CC1(CNCCN1C(=O)CCCC2CCC2)C
1529,CC(=O)CC1=NSC(=N1)NC(=O)C2=CC3=C(C=C2)OC4=CC=CC=C43,29 80 109 122 325 355 368 378 385 486 514 526 536 624 650 656 675 783 807 875 883 1017 1057 1088 1128 1133 1152 1199 1245 1357 1380 1385 1550 1573 1576 1604 1691 1693 1697 1750 1795 1808 1810 1816 1837 1855 1873 1917,CC(=O)CC1=NSC(=N1)NC(=O)C2=CC3=C(C=C2)OC4=CC=CC=C43
1530,CCC1C2=C(CCN1S(=O)(=O)C3=CC=CC=C3Cl)C4=CC=CC=C4N2,80 83 109 119 294 350 354 361 366 373 392 561 650 721 800 842 926 935 974 978 992 1019 1057 1088 1114 1118 1199 1286 1299 1300 1357 1380 1454 1476 1480 1550 1573 1683 1685 1734 1738 1745 1750 1783 1815 1873 1980,CCC1C2=C(CCN1S(=O)(=O)C3=CC=CC=C3Cl)C4=CC=CC=C4N2
1531,C1=CC=C(C(=C1)C=S(=O)=O)C2=CC=C(C=C2)NC(=O)C3=CC(=NN3C4=CC=CC(=C4)C#N)C(F)(F)F,102 114 157 191 222 277 305 319 352 368 378 427 441 472 486 488 650 674 694 790 807 809 820 843 875 896 935 961 984 1039 1049 1077 1088 1094 1104 1136 1152 1160 1199 1265 1291 1354 1380 1384 1434 1453 1527 1605 1679 1734 1750 1816 1825 1852 1873 1917 1928 1949 1956 1975 1978 1998,C1=CC=C(C(=C1)C=S(=O)=O)C2=CC=C(C=C2)NC(=O)C3=CC(=NN3C4=CC=CC(=C4)C#N)C(F)(F)F
1532,C1CN(CCC1C(=O)O)C(=O)C(C2=CC(=CC(=C2)Cl)Cl)O,1 108 216 222 227 274 297 336 389 561 650 652 807 875 926 935 974 1019 1235 1250 1325 1365 1380 1431 1480 1665 1683 1747 1808 1837 1873 1917 1987 2009,C1CN(CCC1C(=O)O)C(=O)C(C2=CC(=CC(=C2)Cl)Cl)O
1533,CN1C2=C(C3=C(C1=O)C=CO3)NC(=O)N2C4=C(C=C(C=C4)I)F,133 164 166 207 221 314 394 504 564 650 656 661 699 758 787 830 875 935 947 1016 1057 1114 1142 1145 1146 1150 1233 1295 1303 1357 1380 1494 1499 1530 1542 1552 1594 1745 1750 1767 1819 1840 1873 1915 1928 1950 1993,CN1C(=O)C2=C(C3=C(C=CO3)C(=C2)C1=O)NC(=O)N(C4=C(C=C(C=C4)I)F)C5=C(C=C(C=C5)I)F
1534,CC(C)(C)C(CCCCCC#C)Br,1 80 114 190 392 413 448 550 615 674 728 739 915 974 1057 1089 1143 1271 1283 1592 1773 1911 1927 1963,CC(C)(C)C(CCCCCCC#C)C(CCCCCC#C)Br
1535,C1C[C@@H]2CC(=O)[C@@]2(C1)CCCCl,80 169 231 314 343 438 480 528 640 644 650 784 795 926 1019 1028 1060 1069 1109 1162 1216 1325 1380 1452 1456 1683 1784 1855 1911,C1CC2CC(=O)C2(C1)CCCCl
1536,C[C@H]1CCC2=C(C1)SC(=C2C(=O)N[C@H]3CCS(=O)(=O)C3)N,42 84 148 162 207 231 265 361 387 436 469 486 586 650 667 675 703 807 920 923 926 936 997 1014 1019 1057 1148 1152 1171 1309 1325 1362 1380 1457 1482 1536 1634 1638 1687 1738 1822 1825 1833 1861 1917,CC1CCC2=C(C1)SC(=C2C(=O)NC3CCS(=O)(=O)C3)N
1537,C1CN(C[C@H]1NCC2=CC=CC=C2C(F)(F)F)C(=O)[O-],80 114 118 255 262 419 650 652 659 715 739 807 809 814 915 926 935 1019 1080 1088 1147 1152 1168 1199 1226 1325 1349 1380 1409 1453 1480 1530 1569 1597 1634 1704 1750 1843 1873 1917 1928 2009,C1CN(CC1NCC2=CC=CC=C2C(F)(F)F)C(=O)[O-]
1538,CC(C)(C)C1=NC(=CS1)CN2CCCC(C2)C(=O)OC,42 80 114 205 378 392 446 502 534 552 587 650 675 695 724 739 807 841 926 935 974 1019 1028 1057 1121 1145 1152 1205 1294 1325 1339 1380 1389 1413 1422 1454 1478 1480 1567 1682 1765 1791 1855 1873 1917 2045,CC(C)(C)C1=NC(=CS1)CN2CCCC(C2)C(=O)OC
1539,C1CN2C(=C(C(=N2)C3=CN=CC=C3)C(=O)N)OC1,29 110 140 257 306 309 323 362 378 437 441 480 586 650 656 700 736 807 882 913 926 935 950 1028 1043 1088 1091 1160 1171 1253 1380 1480 1535 1573 1586 1603 1605 1726 1750 1866 1873 1917 1956,NC(=O)c1c2OCCCn2nc1c1cccnc1
1540,CC1=CC=C(C=C1)CN2CCC(=O)NC3(C2=O)CCCC3,80 235 255 310 314 374 650 716 784 787 884 894 926 935 1028 1057 1060 1089 1114 1162 1380 1465 1480 1575 1638 1683 1722 1738 1745 1750 1754 1765 1823 1859 1873 1920 2045,CC1=CC=C(C=C1)CN2CCC3(CCCC3)NC(=O)CCN(C(=O)C4(CCCC4)NC(=O)CCN(C2=O)CC5=CC=C(C=C5)C)CC6=CC=C(C=C6)C
1541,CC1=C(C=C(C=C1)F)COC2=CC=C(C=C2)S(=O)(=O)C3CCOCC3(C(=O)NO)OC,80 102 190 249 310 311 319 322 350 421 517 523 596 650 654 656 695 699 715 716 718 745 807 841 871 875 878 919 926 950 955 960 963 1019 1057 1060 1152 1224 1235 1272 1308 1325 1349 1380 1391 1410 1452 1476 1487 1567 1592 1631 1635 1670 1691 1722 1750 1873 1917 1928 1985,CC1=C(C=C(C=C1)F)COC2=CC=C(C=C2)S(=O)(=O)C3CCOCC3(C(=O)NO)OC
1542,CC1=CC=C(C=C1)C(=O)N2CCOC(C2)CN(C)CC(=O)O,11 80 235 248 389 437 451 497 549 605 650 656 671 739 802 807 834 843 881 926 935 950 1019 1057 1163 1190 1236 1380 1385 1391 1453 1480 1504 1511 1590 1697 1722 1737 1750 1823 1873 1917 1920 2009,CC1=CC=C(C=C1)C(=O)N2CCOC(C2)CN(C)CC(=O)O
1543,COC1=CC(=C(C=C1/C=N\N=C(N)N)Br)OC,58 140 224 249 351 352 486 629 694 695 725 728 807 833 841 864 875 961 1050 1057 1123 1171 1380 1536 1631 1764 1873 1919 1970 1979 2027,COC1=CC(=C(C=C1/C=N/N=C(N)N)Br)OC
1544,CCCCNC(=S)NCC1=NC=C(O1)C,80 97 110 197 255 294 378 379 591 635 656 667 794 807 895 917 966 1009 1015 1057 1152 1203 1380 1436 1445 1452 1535 1604 1722 1742 1762 1873 1876 1911 2024,CCCCNC(=S)NCC1=NC=C(O1)C
1545,CC(=O)N1CCC(CC1)CCOC2=C3C(=CNC3=NC=C2)C4=CC=C(C=C4)CNS(=O)(=O)C,13 29 80 114 222 255 310 350 352 378 409 424 445 497 560 573 638 650 652 692 695 724 787 800 806 807 832 896 926 935 954 985 998 1017 1019 1057 1114 1152 1160 1227 1300 1325 1380 1452 1463 1476 1480 1518 1586 1626 1671 1750 1754 1866 1873 1879 1880 1917 1970 1984 2009,CC(=O)N1CCC(CC1)CCOC2=C3C(=CNC3=NC=C2)C4=CC=C(C=C4)CNS(=O)(=O)C
1546,CC1(C(CC1OC2CCCCC2)O)C,2 119 197 249 549 695 760 807 837 890 926 1019 1028 1057 1060 1122 1147 1249 1257 1274 1292 1325 1381 1567 1779,CC1([C@H](C[C@H](C([C@H]1OC2CCCCC2)(C)C)O)OC3CCCCC3)C
1547,CC(C)C1(CCN(C1)CCCC(=O)N(C)C)C(=O)O,1 24 80 150 184 275 283 376 389 602 619 650 653 720 807 881 926 935 1057 1060 1145 1157 1162 1163 1181 1238 1239 1280 1480 1564 1653 1764 1791 1911 1917 1957 2045,CC(C)C1(CCN(C1)CCCC(=O)N(C)C)C(=O)O
1548,C1CCOC(C1)C(=O)NC2=C(C=C(C=C2)C(F)(F)F)N,114 361 412 450 650 656 689 749 802 807 809 875 890 910 926 950 1019 1028 1152 1171 1218 1224 1249 1260 1294 1325 1380 1417 1453 1457 1522 1655 1665 1693 1750 1816 1840 1856 1873 1884 1917 1928,C1CCOC(C1)C(=O)NC2=C(C=C(C=C2)C(F)(F)F)N
1549,COC1=CC=C(C=C1)C23C4C(O2)C(C(C3O)(O4)OC)(C5=CC=C(C=C5)O)O,200 322 484 497 554 556 656 695 718 745 781 807 831 841 960 1019 1034 1057 1060 1070 1154 1247 1257 1271 1275 1313 1380 1536 1602 1710 1733 1750 1778 1831 1844 1873 1884 1885 1911 2033,COC1=CC=C(C=C1)C2(C(C3(C(C(O2)C(C4(C3(C5=CC=C(C=C5)O)O4)O)(C6=CC=C(C=C6)O)OC)O)O)O)OC
1550,CC(C1=CN=C(S1)CC2=C(C=CC=C2Cl)F)NC,1 49 80 162 197 246 283 287 366 378 561 569 675 699 861 926 974 1032 1039 1057 1088 1152 1314 1325 1367 1380 1430 1452 1458 1535 1578 1617 1627 1683 1750 1840 1873 1907 1928 2034,CC(C1=CN=C(S1)CC2=C(C=CC=C2Cl)F)NC
1551,CCOC(=O)C1=C(N(N=C1)C)CN2CCCC(C2)O,43 80 85 145 147 267 285 294 297 378 446 528 590 641 650 695 739 759 807 926 935 1005 1019 1028 1057 1105 1145 1183 1205 1238 1257 1325 1380 1422 1480 1535 1673 1722 1765 1768 1791 1873 1887 1917 1991,CCOC(=O)C1=C(N(N=C1)C)CN2CCCC(C2)O
1552,C1=CC=C(C=C1)COC2=C(NC=CC2=O)CO,80 107 222 314 333 389 650 659 695 711 745 779 806 807 837 1066 1088 1114 1132 1199 1380 1452 1506 1648 1750 1754 1777 1823 1873 1944 1973 2001 2042,C1=CC=C(C=C1)COC2=C(NC=CC2=O)CO
1553,CNCCC1=CN(C2=C1C=C(C=C2)Cl)CCC3=CN=C(C=C3)C(F)(F)F,41 45 50 80 114 165 214 216 230 310 319 378 464 561 667 715 809 816 875 885 935 1057 1125 1145 1152 1243 1349 1357 1380 1430 1434 1452 1453 1455 1503 1535 1673 1674 1683 1740 1742 1750 1754 1798 1849 1873 1928 1995 2008 2021 2032,CNCCC1=CN(C2=C1C=C(C=C2)Cl)CCC3=CN=C(C=C3)C(F)(F)F
1554,C/C(=N/NC(=O)C1=C(C=C(C=C1)Cl)Cl)/C2=CC=C(C=C2)O,67 165 216 318 366 486 561 650 700 725 745 807 816 875 940 1017 1057 1119 1147 1152 1209 1247 1313 1369 1380 1385 1602 1683 1697 1750 1755 1778 1828 1873 1917 1984 1991,CC(=NNC(=O)C1=C(C=C(C=C1)Cl)Cl)C2=CC=C(C=C2)O
1555,CC1=CC=C(C=C1)SC2C(C(OC=C2C#N)COCC3=CC=CC=C3)OCC4=CC=CC=C4,53 80 116 235 389 430 455 488 610 652 656 674 695 745 790 811 823 835 883 983 1015 1019 1057 1066 1088 1136 1195 1199 1200 1255 1380 1384 1407 1538 1561 1722 1750 1754 1770 1823 1873 1895 1920 1950 1959 1991 1992 2042,CC1=CC=C(C=C1)S[C@H]2[C@@H]([C@H](OC=C2C#N)COCC3=CC=CC=C3)OCC4=CC=CC=C4
1556,CC1CCCCC1CNC2=C(C(=NC(=N2)C3CC3)Cl)C,80 115 130 132 226 252 339 378 380 441 561 620 708 760 890 926 1019 1028 1051 1057 1134 1152 1164 1213 1309 1325 1380 1416 1604 1614 1653 1658 1683 1722 1855 1859 1908 2000,CC1CCCCC1CNC2=C(C(=NC(=N2)C3CC3)Cl)C
1557,COCCCNC1=C2C=CC(=CC2=NC=C1)Cl,13 80 103 165 216 378 404 486 490 561 667 673 695 724 787 816 841 875 899 975 1005 1057 1097 1152 1224 1357 1380 1416 1452 1506 1637 1683 1733 1750 1866 1873 1911 1972,COCCCNC1=C2C=CC(=CC2=NC=C1)Cl
1558,CC(C)(C)C1=CC=C(C=C1)C(=O)NCC2=CC(=C(C=C2)OCC3CCCO3)OC,33 80 94 114 197 248 249 255 265 310 335 361 392 411 486 490 650 656 695 802 807 813 821 841 875 926 950 1019 1027 1028 1057 1136 1152 1245 1325 1339 1380 1385 1391 1417 1452 1468 1536 1556 1573 1665 1697 1750 1754 1779 1873 1917 1936 1970,CC(C)(C)C1=CC=C(C=C1)C(=O)NCC2=CC(=C(C=C2)OCC3CCCO3)OC
1559,CC1=C(C(=CC=C1)C)OCC(C)NC(=O)C2=CC=C(C=C2)CN,1 80 117 118 283 310 333 486 650 695 737 807 957 981 1039 1057 1088 1102 1139 1152 1171 1380 1385 1391 1452 1565 1665 1681 1697 1722 1748 1750 1754 1873 1901 1917 1952 1999 2018,CC1=C(C(=CC=C1)C)OCC(C)NC(=O)C2=CC=C(C=C2)CN
1560,C=CCNCC(=O)NC1=CC(=CC=C1)N2CCNC2=O,41 80 184 191 210 305 314 650 694 698 703 807 875 901 926 935 940 952 994 1004 1039 1049 1077 1088 1114 1150 1152 1366 1380 1428 1440 1457 1480 1616 1619 1645 1670 1690 1750 1816 1825 1866 1873 1917 1951,C=CCNCC(=O)NC1=CC(=CC=C1)N2CCNC2=O
1561,C1=CC=C(C(=C1)CSC2=NN=C(O2)C3=CC=CC=C3Br)Cl,57 80 116 295 341 352 366 378 561 656 660 696 728 762 833 891 974 979 984 1047 1088 1158 1164 1199 1349 1380 1384 1597 1604 1631 1683 1750 1758 1817 1873 1884 2001 2024,C1=CC=C(C(=C1)CSC2=NN=C(O2)C3=CC=CC=C3Br)Cl
1562,C1CN(CCC2=C1C=CC(=N2)N)C(=O)O,62 378 389 402 424 442 478 650 807 926 935 1051 1067 1171 1236 1380 1448 1457 1480 1677 1738 1750 1839 1855 1873 1888 1917 1948 1980 1994 2009,C1CN(CCC2=C1C=CC(=N2)N)C(=O)O
1563,CC(C)OC(=O)C(C)NP(=O)(CC1=CC2=C(C=C1)SC(=C2)C(=O)OCC=C)OC3=CC=CC=C3,1 24 63 69 80 145 147 162 192 283 295 298 310 322 389 392 419 486 556 562 585 615 650 663 675 694 695 767 807 875 876 885 899 931 940 989 1057 1088 1152 1181 1199 1219 1242 1274 1366 1380 1387 1455 1456 1612 1645 1750 1754 1822 1855 1873 1917 1955 1976 1978 1985,C[C@@H](C(=O)OC(C)C)NP(=O)(CC1=CC2=C(C=C1)SC(=C2)C(=O)OCC=C)OC3=CC=CC=C3
1564,C1=CC=C(C(=C1)C(F)(F)F)NS(=O)(=O)C2=CC3=C(C=C2)NC=NS3(=O)=O,4 74 114 177 198 207 262 319 350 378 412 419 469 493 502 650 715 809 875 915 995 1088 1114 1152 1190 1199 1224 1270 1380 1431 1453 1459 1476 1576 1597 1696 1750 1776 1790 1873 1907 1928 1948 1950 1958 1982,C1=CC=C(C(=C1)C(F)(F)F)NS(=O)(=O)C2=CC3=C(C=C2)NC=NS3(=O)=O
1565,CCC(CC)N(CCC(C)(C)C)C1=CC(=CC(=C1)C)C,1 80 114 294 300 392 451 610 685 833 860 875 881 888 987 997 1057 1096 1308 1380 1414 1544 1565 1722 1823 1828 1873 1951 1953,CCC(CC)N(CCC(C)(C)C)C1=CC(=CC(=C1)C)C
1566,CC1=CC(=CC(=C1)OCCNC(=O)C2COCCN2)C,13 80 195 197 221 305 322 362 422 490 523 610 628 650 656 667 689 695 807 875 888 926 950 992 1019 1034 1054 1057 1114 1152 1192 1380 1452 1507 1669 1722 1736 1790 1823 1873 1917 1923 1953,CC1=CC(=CC(=C1)OCCNC(=O)C2COCCN2)C
1567,CCCN1C(=O)/C(=C\C2=CC(=C(C(=C2)OC)OCC3=C(C=C(C=C3)Cl)Cl)CC=C)/SC1=O,80 165 216 249 273 281 294 314 328 333 366 561 588 596 623 650 675 694 695 745 755 794 816 820 841 863 875 879 935 940 947 965 978 1003 1027 1057 1132 1145 1209 1249 1349 1366 1380 1452 1469 1501 1536 1640 1645 1681 1683 1691 1741 1750 1828 1873 1892 1970 2033 2044,CCCN1C(=O)/C(=C/C2=CC(=C(C(=C2)OC)OCC3=C(C=C(C=C3)Cl)Cl)CC=C)/SC1=O
1568,CC1=C(C=C(C=C1)NC(=O)COC2=CC=CC=C2/C=N\NC(=O)C(=O)NC3=CC=CC=C3C)Cl,41 72 80 167 184 191 192 201 318 353 366 441 531 561 650 658 694 695 725 807 843 864 875 901 924 961 1057 1088 1152 1187 1199 1210 1224 1297 1380 1391 1410 1452 1480 1518 1581 1583 1683 1691 1696 1722 1750 1770 1816 1867 1873 1890 1917 1970 1999 2004,CC1=C(C=C(C=C1)NC(=O)COC2=CC=CC=C2/C=N/NC(=O)C(=O)NC3=CC=CC=C3C)Cl
1569,C1=CC(=C(C=C1F)F)OC2=C3C(=NC=C2)NC(=O)N3,94 175 314 378 569 650 695 699 754 768 787 875 1009 1048 1088 1114 1152 1380 1410 1452 1487 1530 1586 1600 1617 1646 1670 1671 1745 1750 1840 1866 1873 1928 1945 1970 2004,C1=CC(=C(C=C1F)F)OC2=C3C(=NC=C2)NC(=O)N3
1570,C[C@@H](C(=O)OC(C)(C)C)[NH3+],1 90 114 147 231 283 392 397 465 650 695 807 1057 1437 1574 1615 1859 1893 1917,C[C@@H](C(=O)OC(C)(C)C)[NH3+]
1571,C1CCNC(C1)CS(=O)(=O)NC2=C(C=C(C=C2Cl)Br)Cl,80 169 305 325 350 366 381 403 561 650 728 870 875 890 909 926 1019 1028 1114 1146 1152 1270 1325 1380 1454 1476 1507 1549 1631 1683 1733 1734 1795 1832 1873 1895 1912 1932 2020,C1CCNC(C1)CS(=O)(=O)NC2=C(C=C(C=C2Cl)Br)Cl
1572,CCNC1=CC(=NC(=N1)C)NC2=CC=C(C=C2)NC(=O)NC3=CC=CC(=C3)C,56 80 184 191 211 294 378 491 519 541 650 703 807 843 875 885 1013 1039 1055 1057 1077 1088 1091 1099 1126 1152 1232 1358 1380 1416 1524 1722 1726 1750 1752 1816 1823 1855 1873 1917 1959 1989 1990,CCNC1=CC(=NC(=N1)C)NC2=CC=C(C=C2)NC(=O)NC3=CC=CC(=C3)C
1573,C1CN2CCC1C(C2)C3=C(C=CC(=C3)[N+](=O)[O-])OC(=O)O,94 191 389 391 455 480 585 650 695 715 729 739 753 807 838 874 875 926 935 1019 1027 1043 1127 1195 1274 1325 1360 1380 1473 1480 1573 1729 1750 1809 1814 1873 1917 1919 1936 1940 1963 1970 2033,C1CN2CCC1C(C2)C3=C(C=CC(=C3)[N+](=O)[O-])OC(=O)O
1574,CC1=C(NC(=C1C)C(=O)OC(C)(C)C)CC(=O)CC(C)(C)C(=O)C,47 80 87 95 114 145 231 252 325 392 467 484 610 650 695 702 807 853 1013 1017 1057 1061 1114 1282 1380 1432 1465 1495 1569 1574 1722 1745 1765 1777 1859 1917,CC1=C(NC(=C1C)C(=O)OC(C)(C)C)CC(=O)CC(C)(C)C(=O)C
1575,CCN\1C2=C(C=CC(=C2)Cl)S/C1=C\3/C(=O)N(C(=NCCC4=CC=CC=C4)S3)C5CCCCC5,2 4 24 34 80 125 144 165 216 294 314 377 389 403 502 561 588 650 675 725 744 764 789 811 816 875 879 890 917 926 935 949 999 1019 1025 1028 1045 1057 1066 1088 1199 1228 1243 1295 1325 1347 1380 1438 1538 1574 1582 1636 1683 1750 1754 1873 1881 1910 1922 1993 2044,CCN1C2=C(C=CC(=C2)Cl)SC1=C3C(=O)N(C(=NCCC4=CC=CC=C4)S3)C5CCCCC5
1576,CC1=CC(=CC=C1)C(C)NNC2=CC(=NC(=N2)OCCC3=CC=CC=N3)N4CCCCC4,1 2 13 80 90 123 172 283 338 378 407 448 498 527 532 569 655 680 695 711 724 875 913 926 935 1013 1028 1039 1055 1057 1068 1088 1099 1152 1153 1155 1175 1199 1243 1344 1354 1365 1380 1384 1415 1423 1452 1480 1581 1627 1669 1722 1750 1823 1855 1866 1873 1892 1998,CC1=CC(=CC=C1)C(C)NNC2=CC(=NC(=N2)OCCC3=CC=CC=N3)N4CCCCC4
1577,COCCN1CCN(CC1)C(=O)C2=CSC(=N2)C3=CC=CC=C3OCC4=CC(=C(C=C4)F)F,13 74 77 80 107 113 216 241 310 352 378 486 518 531 533 552 650 657 675 695 699 745 807 827 841 855 875 926 935 942 977 984 1005 1057 1088 1145 1199 1226 1380 1410 1452 1480 1482 1504 1539 1567 1589 1630 1750 1754 1791 1840 1841 1855 1873 1917 1928 1934 1970 2009 2021,COCCN1CCN(CC1)C(=O)C2=CSC(=N2)C3=CC=CC=C3OCC4=CC(=C(C=C4)F)F
1578,C1C2C(O2)C3=C(C4C(O4)C(O1)(Br)Br)C(=C(C(=C3Br)Br)O)O,11 160 202 294 490 497 656 728 807 926 927 1010 1017 1019 1043 1055 1060 1088 1137 1185 1241 1380 1458 1538 1602 1631 1648 1707 1740 1751 1819 1862 1921 1923 1974,C1[C@@H]2[C@@H](O2)C3([C@H](O1)C4=C(C(=C(C(=C4Br)Br)O)O)C5C3O5)Br
1579,CCOC(=O)CN1C2=C(C=C(C=C2)C)SC1=NC(=O)C3=CC(=C(C=C3)N4CCOCC4)[N+](=O)[O-],30 45 80 147 162 231 235 246 294 311 354 407 523 595 650 656 675 681 688 695 715 716 725 753 802 807 838 857 875 885 926 935 950 974 1013 1014 1057 1195 1238 1295 1312 1380 1385 1386 1405 1420 1441 1477 1480 1521 1646 1697 1715 1722 1749 1750 1780 1823 1873 1915 1917 1925 1930 1963 2021 2033,CCOC(=O)CN1C2=C(C=C(C=C2)C)SC1=NC(=O)C3=CC(=C(C=C3)N4CCOCC4)[N+](=O)[O-]
1580,CC1(C(=[N+](C2=C1C3=CC=CC=C3C=C2)CCCCSO)/C=C/C=C)C,80 116 131 192 203 210 216 377 392 432 463 622 656 663 694 719 727 784 807 812 835 969 1039 1044 1052 1057 1060 1087 1088 1104 1182 1199 1274 1279 1357 1366 1380 1476 1573 1612 1645 1728 1750 1855 1873 1906 1911 1923,CC1(C(=[N+](C2=C1C3=CC=CC=C3C=C2)CCCCSO)/C=C/C=C)C
1581,C/C/1=C\CCCCN(/C=C(\C1)/S(=O)(=O)C2=CC=CC=C2)CC3=CC=CC=C3,25 80 173 237 319 350 389 423 458 485 575 650 673 721 870 926 935 953 1028 1057 1066 1088 1147 1199 1328 1380 1476 1480 1564 1571 1683 1704 1722 1750 1754 1765 1781 1873 1979 1998 2025 2037,C/C/1=C/CCCCN(/C=C(\C1)/S(=O)(=O)C2=CC=CC=C2)CC3=CC=CC=C3
1582,CCOC(=O)C([C@H](C1=C(C=C(C=C1C)C)C)N)(F)F,1 3 37 70 80 114 147 204 255 294 650 695 786 807 875 916 1034 1057 1066 1171 1238 1380 1391 1453 1626 1710 1722 1823 1873 1917 1928 1953 1982,CCOC(=O)C(C(C1=C(C=C(C=C1C)C)C)N)(F)F
1583,C1=CC(=CC=C1C=CC(=O)C2=C(C(=CC(=C2)Cl)Cl)O)Cl,25 31 202 216 352 366 561 650 694 807 816 835 875 878 925 1070 1209 1308 1380 1512 1602 1667 1683 1747 1750 1754 1817 1873 1917 1918 1991 2033,C1=CC(=CC=C1/C=C/C(=O)C2=C(C(=CC(=C2)Cl)Cl)O)Cl
1584,CC(C)C1=CC(=NC(=N1)C2=CC(=CC(=C2)Cl)F)NN,1 29 71 86 216 283 378 501 521 561 598 699 767 875 1034 1057 1099 1152 1160 1171 1242 1293 1302 1371 1380 1385 1443 1518 1596 1644 1670 1683 1701 1747 1855 1873 1928,CC(C)C1=CC(=NC(=N1)C2=CC(=CC(=C2)Cl)F)NN
1585,CC1=CC=CC=C1NC(=O)COC(=O)/C=C/C2=C(C(=CC=C2)OC)OC(F)F,1 31 37 41 80 147 156 167 176 249 333 441 472 613 650 658 664 694 695 723 807 835 841 961 1039 1050 1057 1073 1088 1152 1199 1224 1297 1380 1391 1410 1456 1499 1536 1563 1588 1696 1722 1750 1816 1873 1917 1928 1948 1970 1999 2004,CC1=CC=CC=C1NC(=O)COC(=O)/C=C/C2=C(C(=CC=C2)OC)OC(F)F
1586,C1CNCCC2=NC3=CC=NN3C(=C21)N4CC(C4)C(=O)N5CC(C(C5)(F)F)(F)F,43 166 182 251 276 277 305 361 378 393 407 412 454 602 650 656 720 739 807 812 819 833 926 935 971 974 1005 1018 1019 1050 1060 1114 1292 1308 1380 1405 1516 1535 1611 1639 1738 1750 1855 1866 1873 1917 1923 1928 1938 1948 1950 2009,FC1(F)CN(C(=O)C2CN(C2)c2c3CCNCCc3nc3n2ncc3)C1
1587,C1CC1CCCS(=O)(=O)O,29 80 114 350 481 592 650 712 807 832 926 984 1019 1097 1325 1405 1476 1671 1672 1911,C1CC(CCC1CCCS(=O)(=O)O)CCCS(=O)(=O)O
1588,CS(=O)CCCNC1=NN2C(=NNC2=O)C=C1,74 80 202 314 318 378 393 412 427 458 532 589 650 667 758 819 935 967 1057 1076 1099 1114 1139 1152 1199 1209 1241 1265 1376 1380 1416 1744 1750 1811 1873 1911 1956 1972 2004 2041,CS(=O)CCCNC1=NN2C(=NNC2=O)C=C1
1589,C1=CC=C(C=C1)COC2=NC(=C(C=C2)C3=C(C=C(C=C3)F)C(F)(F)F)N,73 80 107 114 251 262 352 378 389 419 622 680 695 699 745 809 817 875 1066 1083 1088 1171 1199 1380 1410 1435 1452 1453 1457 1459 1487 1518 1570 1670 1750 1754 1825 1837 1855 1873 1928 2042,C1=CC=C(C=C1)COC2=NC(=C(C=C2)C3=C(C=C(C=C3)F)C(F)(F)F)N
1590,CC1=CC=C(C=C1)C2CC(=O)C(=CCCCN3CCNCC3)C(=O)C2,76 80 118 211 231 235 305 314 401 487 650 653 694 751 770 926 935 1019 1057 1114 1120 1145 1158 1245 1279 1308 1380 1419 1480 1482 1516 1722 1750 1791 1803 1823 1873 1882 1911 1920 1936 2000 2020,CC1=CC=C(C=C1)C2CC(=O)C(=CCCCN3CCNCC3)C(=O)C2
1591,CN1C(=O)C2=C(C1=O)C=C(C=C2)NC3CCCCCC3O,2 191 314 330 352 650 680 807 843 849 875 879 890 926 935 987 1019 1023 1028 1041 1042 1057 1077 1114 1145 1152 1257 1288 1325 1380 1403 1535 1589 1750 1797 1873 1920 2036,CN1C(=O)C2=C(C1=O)C=C(C=C2)NC3CCCCCC3O
1592,CCC(=C=NC1=CC=CC=C1CN=CC2=CSC=C2)C3=CC=CC=C3,14 18 80 160 294 335 342 372 389 442 451 544 552 674 675 694 725 748 752 807 864 898 958 968 987 1057 1070 1088 1199 1207 1349 1378 1380 1385 1589 1597 1692 1750 1769 1801 1873 1892 1947 1985 1994 2033,CCC(=C=NC1=CC=CC=C1CN=CC2=CSC=C2)C3=CC=CC=C3
1593,CSCCC(C(=O)NCC(=O)N1CCCC1C(=O)NC(CC2=CC=CC=C2)C(=O)O)N,1 11 79 80 116 117 143 193 197 242 354 389 394 446 531 573 624 650 689 719 736 739 763 786 807 837 851 857 926 935 1009 1018 1019 1021 1028 1057 1066 1088 1107 1152 1171 1182 1199 1298 1325 1380 1440 1480 1558 1575 1624 1750 1754 1844 1849 1873 1917 1942 2006,CSCCC(C(=O)NCC(=O)N1CCCC1C(=O)NC(CC2=CC=CC=C2)C(=O)O)N
1594,C1C(C=CS1(=O)=O)NC2=CC(=NC=C2)C(=O)O,147 191 197 206 207 265 336 378 389 456 459 469 503 552 650 787 807 855 875 926 1019 1023 1083 1146 1152 1213 1218 1380 1452 1586 1589 1697 1737 1750 1866 1873 1917,C1C(C=CS1(=O)=O)NC2=CC(=NC=C2)C(=O)O
1595,CCNC1=C(C=C(C=N1)S(=O)(=O)NC2=NN=CC=C2)Cl,4 80 279 281 294 315 319 324 350 352 353 366 378 502 561 650 708 808 875 1043 1057 1088 1099 1136 1142 1152 1164 1270 1282 1358 1367 1380 1416 1452 1476 1494 1535 1675 1683 1726 1750 1866 1873 1990,CCNC1=C(C=C(C=N1)S(=O)(=O)NC2=NN=CC=C2)Cl
1596,CC1=CC(=CC=C1)C(=O)NC2=CC(=C(C=C2)N3CCCC3)NC(=O)NC4=CC=C(C=C4)OC,56 184 191 231 322 407 486 526 541 573 650 680 695 718 781 807 831 837 841 843 875 926 935 1013 1028 1039 1055 1057 1077 1088 1152 1224 1295 1380 1385 1480 1536 1722 1750 1778 1793 1795 1816 1823 1873 1915 1917 1978 1985 1989 1990 1998,CC1=CC(=CC=C1)C(=O)NC2=CC(=C(C=C2)N3CCCC3)NC(=O)NC4=CC=C(C=C4)OC
1597,CCCC[S@@](=O)CNC(C)C1CCNCC1,1 21 80 208 283 294 305 403 427 458 591 650 782 794 926 941 1019 1057 1098 1110 1114 1152 1179 1186 1257 1265 1308 1325 1516 1695 1844 1911 1933 1978,CCCCS(=O)CNC(C)C1CCNCC1
1598,CCC1(CC(=CC)C2=[N+]1C3=C4C2=CC=CC4=C(C=C3)Cl)C,80 155 294 303 322 352 366 395 451 463 525 561 580 636 641 666 694 746 844 926 940 984 1039 1057 1060 1088 1274 1305 1351 1357 1380 1476 1527 1573 1612 1664 1683 1700 1750 1873 1924 1984 1986,CCC1(C/C(=C\C)/C2=CC=CC3=C(C=CC(=C32)[N+]1=CC)Cl)C
1599,CC(=O)N(CN1C(=O)C2=C(C1=O)C=C(C=C2)[N+](=O)[O-])C3=CC=CC(=C3)C(=O)[O-],38 80 92 286 288 302 314 330 352 588 642 650 680 715 753 783 807 838 861 875 879 881 935 1017 1039 1047 1057 1088 1096 1128 1195 1226 1274 1302 1380 1385 1531 1568 1588 1750 1809 1814 1873 1896 1917 1920 1940 1963 1985,CC(=O)N(CN1C(=O)C2=C(C1=O)C=C(C=C2)[N+](=O)[O-])C3=CC=CC(=C3)C(=O)[O-]
1600,C1CC1C(COC2=CC=C(C=C2)Br)O,1 80 102 118 227 322 695 718 728 807 859 909 926 971 1019 1157 1325 1380 1423 1445 1452 1506 1631 1649 1750 1873 1978 2022,C1CC1C(COC2=CC=C(C=C2)Br)O
1601,CC(C)C1=CC=C(C=C1)/C=C/2\C(=O)N(C3=C(O2)C=C(C=C3)N)CCC(=O)NN,1 25 41 48 80 116 179 281 283 314 432 561 588 598 647 650 656 694 807 814 875 879 888 935 1057 1145 1152 1168 1171 1229 1252 1295 1365 1380 1397 1457 1564 1596 1693 1699 1701 1750 1773 1794 1804 1810 1853 1873 1905 1915 1917 1978 2033,CC(C)C1=CC=C(C=C1)/C=C\2/C(=O)N(C3=C(O2)C=C(C=C3)N)CCC(=O)NN
1602,CC(/C(=C(\C1=CC=C(C=C1)OC2CCCCC2)/N)/N(C)N)OC(=O)N(C)CC3CCC3,1 2 29 39 69 80 119 140 283 322 334 339 360 484 522 524 650 692 695 718 807 834 881 888 890 926 1019 1028 1057 1063 1080 1147 1163 1171 1239 1263 1269 1325 1380 1385 1461 1586 1697 1706 1750 1752 1873 1917 1954 1988 1996 2000 2033,CC(C(=O)N(C)CC1CCCCC1)OC(=O)N(C)C(=O)C2=CC=C(C=C2)OC3CCC3
1603,C[C@@H](C(=O)NC1CCCC1)N(CC2=CC=CC=C2Cl)C(=O)CSCC3=CC=CC=C3Cl,1 80 116 132 283 295 366 387 428 507 547 561 573 610 650 725 762 779 807 881 890 926 953 974 1019 1028 1057 1088 1152 1155 1186 1199 1238 1266 1325 1349 1380 1386 1404 1597 1634 1655 1683 1750 1861 1873 1917 1959 2001,C[C@@H](C(=O)NC1CCCC1)N(CC2=CC=CC=C2Cl)C(=O)CSCC3=CC=CC=C3Cl
1604,CCNC1=C(C(=NC(=N1)C)NC2=CC=C(C=C2)CC#N)C,70 80 191 252 294 310 344 378 400 491 541 674 708 727 790 843 868 888 984 1057 1089 1126 1136 1152 1213 1358 1380 1384 1416 1524 1653 1722 1726 1750 1754 1855 1873,CCNC1=C(C(=NC(=N1)C)NC2=CC=C(C=C2)CC#N)C
1605,COC(=O)C=CC1=CC2=C3C(=C1)C=CC4=C3C(=CC=C4)C=C2,31 176 199 200 203 650 690 694 695 725 807 835 841 875 1039 1046 1057 1073 1087 1088 1152 1308 1380 1476 1725 1750 1855 1873 1917 1984 2033,COC(=O)/C=C/C1=CC2=C3C(=C1)C=CC4=C3C(=CC=C4)C=C2
1606,CN1CCCN(C1)C(CC2=CC=C(C=C2)NC3[C@@H](O3)/C=C/CC4=CC=C(C=C4)OC)O,1 15 74 79 80 175 191 207 225 227 310 317 322 407 443 519 623 656 694 695 718 781 807 831 834 841 843 857 903 926 935 959 1019 1028 1057 1083 1145 1152 1227 1228 1265 1275 1332 1356 1368 1380 1479 1480 1493 1500 1513 1536 1587 1589 1750 1754 1873 1921,CN1CCCN(C1)C(CC2=CC=C(C=C2)OC)C3C=CC(O3)NC4=CC=C(C=C4)OC
1607,CCCCC1=NN(C(=C1)C(=O)NC2=CC=CC=C2S(=O)(=O)NC(C)(C)C)C3=CC=CC(=C3)C#N,80 102 114 157 277 294 305 310 350 378 392 445 486 488 502 591 603 650 674 724 790 794 807 875 885 895 935 947 975 992 1034 1039 1049 1057 1080 1088 1136 1152 1199 1202 1224 1243 1274 1291 1380 1384 1476 1605 1679 1696 1734 1750 1796 1816 1825 1852 1873 1884 1911 1917 1956 1975,CCCCC1=NN(C(=C1)C(=O)NC2=CC=CC=C2S(=O)(=O)NC(C)(C)C)C3=CC=CC(=C3)C#N
1608,C1CCOC(C1)O[C@H](C2=CC=CC=C2)C(=O)O,1 114 245 361 389 495 650 656 673 692 695 802 807 839 890 920 926 950 1019 1028 1088 1199 1249 1325 1365 1380 1505 1509 1581 1750 1844 1854 1873 1917,C1CCOC(C1)OC(C2=CC=CC=C2)C(=O)O
1609,CCN(C)NC(=O)[C@H](C)N1C(=C)C2=CC=CC=C2C1=O,1 35 80 254 283 294 314 352 573 650 670 700 708 737 753 807 819 879 881 929 932 935 984 1057 1075 1088 1152 1163 1199 1366 1380 1432 1539 1625 1711 1750 1843 1873 1917 1920,CCN(C)NC(=O)C(C)N1C(=C)C2=CC=CC=C2C1=O
1610,C1CSC2=CC=CC3=C2C1CO3,66 91 157 242 397 441 526 560 656 659 675 789 926 949 1019 1039 1088 1325 1380 1445 1481 1648 1750 1814 1873 1905 1923 2000 2034,C1CSC2=CC=CC3=C2C1CO3
1611,C/C(=N\OCC1=CC=C(C=C1)N=O)/C2=CC(=CC=C2)O,65 80 202 215 310 381 427 431 616 650 695 725 745 807 847 864 875 979 1015 1017 1039 1057 1087 1088 1137 1320 1380 1385 1602 1750 1754 1755 1854 1873 1985 2006 2042,C/C(=N\OCC1=CC=C(C=C1)N=O)/C2=CC(=CC=C2)O
1612,CCSCC1=CC=C(C=C1)C(=O)N2CCNCC2C3=NC=CN3C,80 116 165 242 294 305 310 378 387 470 616 623 649 650 670 699 703 746 762 807 926 935 937 940 953 1019 1057 1101 1114 1145 1212 1229 1308 1312 1380 1385 1398 1409 1452 1480 1504 1511 1598 1605 1697 1750 1754 1866 1873 1917 2016 2020,CCSCC1=CC=C(C=C1)C(=O)N2CCNCC2C3=NC=CN3C
1613,CC1(CCN(C1)C(=O)N[C@H]2CC[C@H](C2)C(=O)O)C(=O)NC,9 218 242 285 296 310 345 387 389 602 650 710 751 807 898 926 935 951 974 990 1019 1051 1057 1060 1152 1162 1250 1274 1292 1325 1415 1430 1431 1480 1634 1870 1917 1938 1974 2009,CC1(CCN(C1)C(=O)NC)C(=O)NC2CCC(C2)C(=O)NC3CCC(C3)C(=O)O
1614,CCCC(CC1=CC=CC=C1)C(C)CC[C@@H](C)CC,1 79 80 181 239 283 294 353 389 599 722 739 794 857 872 1057 1066 1088 1199 1380 1407 1544 1617 1750 1754 1785 1824 1873 1906 2002,CCCC(C)CCC(CCC(CCC(C)CC)C(C)CCC(C)CC)CC1=CC=CC=C1
1615,CC(CNC)C(=O)NC1=CC=C(C=C1)NC(=O)N,1 80 140 150 191 283 326 573 606 650 807 843 944 1057 1077 1152 1171 1367 1380 1430 1526 1597 1639 1664 1750 1760 1816 1873 1917 1995,CC(CNC)C(=O)NC1=CC=C(C=C1)NC(=O)N
1616,CC[C@H](C(OC)OC)NC(=O)CC1=CSC(=N1)C2=CC=CC=N2,1 41 80 89 105 117 294 322 325 378 448 518 552 555 601 612 650 675 689 695 724 807 841 926 980 1057 1088 1152 1155 1199 1351 1380 1399 1452 1544 1567 1682 1718 1750 1776 1798 1851 1855 1866 1873 1908 1917 1934 1985,CCC(C(OC)OC)NC(=O)CC1=CSC(=N1)C2=CC=CC=N2
1617,CN(C)C1=NOC(=C1C(=O)N(C)CCC2=CC=CC=N2)C3=CC(=C(C=C3)F)OC,36 69 80 172 216 248 249 259 293 318 334 378 404 448 546 586 650 656 695 699 724 739 807 841 845 875 881 896 925 934 1057 1088 1153 1155 1160 1163 1199 1213 1221 1243 1337 1344 1363 1380 1452 1536 1542 1687 1700 1750 1840 1866 1873 1917 1928 1951 1970 2028,CN(C)C1=NOC(=C1C(=O)N(C)CCC2=CC=CC=N2)C3=CC(=C(C=C3)F)OC
1618,CCN(C1=C(C=CC(=C1)Br)CCl)C(C)COC,1 13 54 80 118 283 294 460 533 695 728 766 841 875 881 909 932 968 1005 1057 1109 1157 1233 1318 1349 1380 1414 1631 1683 1698 1741 1750 1860 1873 1876 2018 2020,CCN(C1=C(C=CC(=C1)Br)CCl)C(C)COC
1619,CCCC1=C2C(=NN1CCN3CCN(CC3)C)C(=O)NC(=N2)C4=CC=CC=C4OCCC,2 13 14 73 74 76 80 85 158 166 207 294 314 352 378 420 435 595 633 650 672 695 750 780 794 870 926 935 977 984 1057 1088 1114 1145 1199 1236 1243 1380 1410 1441 1452 1480 1482 1518 1609 1647 1676 1684 1724 1726 1745 1750 1791 1855 1873 1956 1970,c12c(nn(c2CCC)CCN2CCN(CC2)C)c(=O)[nH]c(n1)c1c(cccc1)OCCC
1620,CC(=O)NC(CCSC)COC1=C(C(=NC(=C1F)F)OC2=C(C=CC(=C2)C#N)OCC3=CC=CC=C3)F,1 11 42 80 94 102 107 116 117 118 179 245 281 305 333 378 389 394 401 411 414 528 627 640 648 650 674 695 699 737 739 745 764 790 807 875 911 1017 1057 1066 1088 1136 1152 1179 1182 1199 1226 1380 1384 1445 1452 1558 1617 1685 1711 1743 1750 1754 1855 1864 1873 1917 1928 1942 1954 1970 1975 2042,CC(=O)NC(CCSC)COC1=C(C(=NC(=C1F)F)OC2=C(C=CC(=C2)C#N)OCC3=CC=CC=C3)F
1621,CCOC(=O)C1=C(NC2=C1C=CC(=C2)C#N)C(C)(C)C3CC=C(C(=C3)Br)OC,54 80 102 114 119 145 147 152 294 305 337 392 476 554 570 586 598 650 674 695 700 703 725 728 759 785 790 807 841 852 875 897 918 926 1019 1057 1114 1136 1155 1167 1238 1357 1380 1384 1423 1518 1536 1631 1649 1697 1722 1733 1745 1750 1781 1823 1873 1917 1954 1975 2024,CCOC(=O)C1=C(NC2=C1C=CC(=C2)C#N)C(C)(C)C3CC=C(C(=C3)OC)Br
1622,C=CCOC(=O)C1=CC2=C(N1)C3=C(C=C(N4C3=C(C2=O)N=C4)C(=O)OCC=C)C(=O)OCC=C,15 36 80 143 145 147 187 314 378 488 525 526 650 694 695 697 776 807 822 861 875 897 931 932 935 940 995 1020 1095 1108 1114 1322 1357 1366 1380 1440 1452 1530 1645 1663 1673 1724 1730 1737 1745 1822 1873 1917 1955 1969 1978 1984 1991,C=CCOC(=O)C1=CC2=C3N1C=NC4=C3NC(=CC4=C5C(=C2C(=O)OCC=C)NC(=CC5=O)C(=O)OCC=C)C(=O)OCC=C
1623,CNC(=O)C1=CC=C(C=C1)CN(C)CC2=CN(N=N2)C,80 106 310 345 378 454 464 486 488 507 557 646 650 688 724 807 847 881 930 935 1057 1145 1147 1152 1163 1164 1236 1380 1385 1430 1665 1697 1750 1754 1762 1783 1869 1873 1917 1928,CNC(=O)C1=CC=C(C=C1)CN(C)CC2=CN(N=N2)C
1624,C1CN(C[C@@H]1NC(=O)C2=CC3=C(C=C2)C(=O)O[C@H](C3)C4=CC=CC=C4)CC5=CC=CC=C5,7 80 218 231 314 352 354 387 389 433 486 526 650 656 667 680 739 750 756 807 848 875 926 935 965 1019 1066 1088 1134 1152 1168 1199 1205 1236 1249 1261 1279 1325 1380 1385 1480 1555 1634 1663 1683 1697 1750 1754 1765 1771 1791 1873 1917 2035,C1CN(CC1NC(=O)C2=CC3=C(C=C2)C(=O)OC(C3)C4=CC=CC=C4)CC5=CC=CC=C5
1625,CN1CCN(CC1)C2=NC(=NC(=C2[N+](=O)[O-])N)NCC3=CC=CC=C3,14 80 81 130 207 244 255 378 389 407 638 650 715 753 838 926 935 1057 1066 1088 1145 1152 1171 1195 1199 1236 1286 1380 1416 1457 1459 1472 1480 1508 1582 1750 1754 1849 1855 1873 1961 1963 2004 2008 2017 2037,CN1CCN(CC1)C2=NC(=NC(=C2[N+](=O)[O-])N)NCC3=CC=CC=C3
1626,CN(C)C1=NC=CC(=C1CN)C2=CC(=CS2)Br,62 80 187 259 352 378 552 675 728 763 787 875 881 909 927 981 1014 1057 1163 1171 1213 1274 1334 1380 1413 1452 1460 1567 1611 1631 1700 1748 1750 1866 1873 2011 2034,CN(C)C1=NC=CC(=C1CN)C2=CC(=CS2)Br
1627,C1C(CSC12CN(C2)C(=O)C3=CC(=C(C=C3)F)F)OC4=CN=CC=C4,13 47 119 216 322 359 378 437 448 497 524 531 562 602 618 642 650 675 679 695 699 807 861 862 875 888 926 935 984 1019 1043 1060 1088 1197 1360 1380 1385 1504 1535 1539 1586 1603 1664 1675 1697 1750 1828 1840 1866 1873 1917 1928 2009,C1C(CSC12CN(C2)C(=O)C3=CC(=C(C=C3)F)F)OC4=CN=CC=C4
1628,COC1=CC=CC=C1C2=NN=C(N2CC=C)SC[C@@H](C(=O)O)N,1 80 116 222 249 341 352 378 389 520 650 694 695 710 747 786 802 807 820 841 935 940 975 984 1057 1088 1093 1133 1164 1171 1199 1318 1366 1380 1410 1427 1449 1503 1508 1536 1645 1662 1722 1750 1820 1844 1849 1853 1873 1917 1970,COC1=CC=CC=C1C2=NN=C(N2CC=C)SCC(C(=O)O)N
1629,COC1=CC(=C(C=C1NC(=O)COC2=CC3=C(CCC3)C=C2)OC)Cl,41 80 167 192 242 249 322 366 556 561 650 695 718 807 841 875 892 926 1019 1028 1057 1058 1110 1152 1224 1236 1327 1380 1447 1452 1476 1501 1536 1677 1683 1738 1750 1809 1816 1873 1887 1917 1948 1970 1980 2004,COC1=CC(=C(C=C1NC(=O)COC2=CC3=C(CCC3)C=C2)OC)Cl
1630,CC(C)[C@@H](C(=O)O)NC(=O)C1=CC(=CC=C1)S(=O)(=O)N2CCCCCC2,1 2 117 283 319 350 366 389 486 507 526 539 575 585 613 650 757 800 807 875 926 935 1028 1039 1057 1088 1102 1118 1152 1310 1343 1380 1385 1476 1480 1729 1750 1773 1776 1844 1873 1917 1985 1998,CC(C)[C@@H](C(=O)O)NC(=O)C1=CC(=CC=C1)S(=O)(=O)N2CCCCC2
1631,C1CC2=CC=CC=C2C3C1C3C(C4CCOCC4)N,1 63 326 334 365 371 408 523 622 656 713 716 786 878 926 950 1019 1027 1079 1088 1171 1199 1236 1325 1380 1399 1405 1445 1457 1708 1738 1750 1812 1873 1978 1988,C1CC2=CC=CC=C2C3C1C3C(C4CCOCC4)N
1632,CC(C)(C)OC(=O)N1C2CCC1CC(C2)(CCOC3=CC=CC=C3)O,13 80 102 114 138 231 248 295 322 338 389 392 413 496 562 650 679 695 795 807 859 926 935 1019 1034 1057 1060 1065 1075 1088 1154 1199 1265 1275 1325 1380 1452 1574 1750 1859 1873 1910 1917 2024,CC(C)(C)OC(=O)N1[C@@H]2CC[C@H]1CC(C2)(CCOC3=CC=CC=C3)O
1633,CC1=CC2=C(C=C1)OC(=O)CN2CC(=O)NC3=CC=CC4=C3N=CC=C4,41 80 235 286 314 378 448 449 650 656 780 796 807 875 892 926 935 970 986 1011 1013 1035 1039 1043 1057 1087 1088 1089 1152 1224 1284 1288 1295 1312 1380 1452 1625 1696 1722 1724 1750 1810 1816 1823 1855 1866 1873 1905 1917 1939 1946 1948 2012,CC1=CC2=C(C=C1)OC(=O)CN2CC(=O)NC3=CC=CC4=C3N=CC=C4
1634,C1C(CNC1=O)C(=O)NC2=CC=C(C=C2)CC#N,75 80 191 231 263 281 310 314 356 399 400 470 650 674 689 785 790 807 843 868 926 974 984 1019 1077 1089 1114 1152 1213 1380 1384 1575 1750 1754 1816 1866 1873 1891 1917,C1C(CNC1=O)C(=O)NC2=CC=C(C=C2)CC#N
1635,CCOC1(CCCC1)C(C(C)CCOC)NN,1 6 13 80 209 283 294 339 381 484 486 620 640 695 739 841 926 950 1004 1005 1028 1055 1057 1060 1152 1162 1171 1174 1238 1636 1638 1701 1723 1785,CCOC1(CCCC1)C(C(C)CCOC)C(C(C)NN)NN
1636,CN1[C]N(C2=CC=CC=C21)C[C]3[CH][CH][CH][CH]3,76 80 137 147 576 922 935 1057 1062 1088 1145 1179 1199 1231 1295 1380 1420 1560 1567 1647 1662 1674 1750 1762 1763 1765 1795 1873,CN1C2=CC=CC=C2N(N1C[C]3[CH][CH][CH][CH]3)C[C]4[CH][CH][CH][CH]4
1637,CC(C)CC(C(=O)OC)NC1=CC=CC=C1S(=O)(=O)NC,1 54 80 147 283 350 392 445 502 565 650 680 690 695 710 736 759 807 841 992 1057 1088 1152 1162 1189 1199 1224 1380 1430 1433 1443 1476 1482 1696 1750 1847 1873 1917 1928,CC(C)CC(C(=O)OC)NC1=CC=CC=C1S(=O)(=O)NC
1638,CN(C)CCCOC(=O)C1=CC(=C(C(=C1)OC)O)OC,13 80 145 147 202 249 428 650 652 693 695 807 841 875 881 946 1057 1163 1234 1327 1380 1385 1522 1536 1583 1592 1602 1734 1873 1911 1917 1951 1970 2021,CN(C)CCCOC(=O)C1=CC(=C(C(=C1)OC)O)OC
1639,[2H]N(C)CN([2H])C,80 216 402 580 1057 1152 1403 1430 1643 1995,CNCNNCNCNCNCNC
1640,CCOC1=C(C=C(C=C1)C(=O)N2CCC(CC2)C3=NN=C(O3)C4CC4)OCC,80 94 149 207 237 294 316 378 380 411 425 428 467 497 618 650 652 656 695 747 802 807 875 926 935 942 1019 1057 1164 1238 1325 1380 1385 1452 1480 1504 1604 1660 1697 1750 1873 1917 1970 2000 2009,CCOC1=C(C=C(C=C1)C(=O)N2CCC(CC2)C3=NN=C(O3)C4CC4)OCC
1641,CNC1=NC(=NN2C1=C(C=C2)C3=NN4C=CN=C4C=C3)NC5CN(CC5F)C6CCC6,2 8 32 34 167 202 204 219 287 311 352 378 387 389 440 593 654 696 708 739 819 890 926 935 980 1019 1025 1027 1028 1057 1063 1082 1101 1107 1152 1180 1254 1325 1366 1380 1403 1406 1430 1440 1452 1498 1582 1583 1589 1671 1697 1750 1854 1855 1866 1873 1910 1928 1956 1993,CNc1nc(N[C@@H]2CN(C[C@@H]2F)C2CCCCC2)nc2ccc(nn12)c1ccn2nc(N[C@@H]3CN(C[C@@H]3F)C3CCCCC3)ccc12
1642,CC1C(=O)NC2=C(S1)C=CC(=C2)C(=O)NC3=CC=C(C=C3)S(=O)(=O)N(C)C,6 7 112 191 314 319 350 486 526 650 675 686 715 744 763 807 815 843 858 875 881 949 1019 1034 1057 1060 1077 1114 1152 1163 1224 1309 1341 1349 1380 1385 1443 1476 1697 1727 1750 1795 1816 1873 1878 1917 1946 1978 1982,CC1C(=O)NC2=C(S1)C=CC(=C2)C(=O)NC3=CC=C(C=C3)S(=O)(=O)N(C)C
1643,C[C@@H](C1=CC2=C(C(=CC=C2)Cl)NC1=O)NC3=CC(=C(C=C3)C#N)OC,1 191 194 237 249 283 314 361 366 463 561 650 661 674 690 695 750 758 790 794 798 841 843 875 974 1034 1039 1057 1071 1087 1088 1114 1136 1146 1152 1380 1384 1401 1530 1536 1627 1683 1712 1721 1745 1750 1754 1790 1855 1862 1873 1970,CC(C1=CC2=C(C(=CC=C2)Cl)NC1=O)NC3=CC(=C(C=C3)C#N)OC
1644,COC[C@]1([C@H]([C@@H]1S(=O)(=O)C2=CC=C(C=C2)Cl)C3=CC(=CC=C3)Cl)N,10 26 80 165 216 319 350 561 592 650 695 715 773 816 841 875 957 1005 1019 1039 1049 1054 1057 1060 1065 1070 1088 1101 1148 1162 1171 1181 1235 1279 1380 1459 1476 1663 1683 1750 1873 1985 2033,COCC1(C(C1S(=O)(=O)C2=CC=C(C=C2)Cl)C3=CC(=CC=C3)Cl)N
1645,CC(C)C1=CC=C(C=C1)NC(=O)N2CCCC2C(=O)NC3=CC(=C(C=C3)C4=CC=CC=C4S(=O)(=O)N)F,1 167 170 184 191 193 218 242 263 283 350 352 354 392 446 531 561 598 624 642 650 680 689 691 699 807 833 843 875 926 927 935 984 992 1019 1028 1057 1077 1088 1107 1152 1171 1199 1325 1365 1380 1399 1476 1480 1607 1678 1692 1733 1750 1804 1816 1840 1853 1873 1917 1928,CC(C)C1=CC=C(C=C1)NC(=O)N2CCCC2C(=O)NC3=CC(=C(C=C3)C4=CC=CC=C4S(=O)(=O)N)F
1646,CN(C1=NC=CS1)C(=[N+]2CCCC2)NC3=CC=CC=C3,14 38 54 96 132 191 378 389 463 477 554 583 591 675 703 807 881 926 936 964 1028 1057 1077 1088 1140 1152 1163 1199 1227 1380 1448 1452 1567 1634 1750 1816 1866 1873 1929 1945,CN(C1=NC=CS1)C(=[N+]2CCCC2)NC3=CC=CC=C3
1647,CC1=C(C(=NN1CC(=O)NC2=NC(=CS2)C3=CNC4=CC=CC=C43)C)[N+](=O)[O-],41 80 81 92 117 119 158 328 352 378 385 505 546 552 577 650 675 702 715 753 806 807 838 853 922 935 959 980 1057 1088 1114 1152 1195 1199 1214 1264 1272 1284 1312 1357 1380 1463 1567 1573 1577 1722 1734 1750 1759 1766 1783 1816 1855 1873 1879 1917 1937 1956 1963 2037,CC1=C(C(=NN1CC(=O)NC2=NC(=CS2)C3=CNC4=CC=CC=C43)C)[N+](=O)[O-]
1648,CC(C)(CNC(=O)CC[C@@]1(C2=CC=CC=C2N(C1=O)C)CC3=CC=CC=C3)CO,41 80 114 115 197 211 222 224 255 266 286 314 389 392 587 650 659 795 807 844 907 935 987 1009 1057 1060 1066 1088 1145 1152 1194 1199 1237 1295 1380 1460 1564 1589 1647 1734 1737 1750 1754 1813 1852 1873 1917 1963 1980,CC(C)(CNC(=O)CCC1(C2=CC=CC=C2N(C1=O)C)CC3=CC=CC=C3)CO
1649,CCNC(=NCCS(=O)(=O)C(C)(C)C)NC1CCCN(C1)C2=CC(=CC=C2)OC,20 80 114 137 144 197 234 292 294 317 322 350 387 392 407 428 433 446 481 496 562 626 650 680 695 725 739 781 807 841 875 877 926 935 1019 1028 1039 1047 1049 1057 1088 1152 1160 1325 1380 1476 1480 1536 1624 1634 1666 1726 1744 1750 1825 1873 1924 1936 1957 1972,CCNC(=NCCS(=O)(=O)C(C)(C)C)NC1CCCN(C1)C2=CC(=CC=C2)OC
1650,CCCN1C=CN(C1=O)CC2=CC=C(C=C2)CC(=O)O,80 119 294 310 314 325 389 408 650 714 771 794 807 820 913 914 935 1057 1101 1145 1230 1261 1380 1455 1479 1662 1683 1737 1750 1754 1765 1873 1917,CCCN1C=CN(C1=O)CC2=CC=C(C=C2)CC(=O)O
1651,C1=CC=C2C(=C1)N(C3=NC(=CC(=O)N23)C4=CC=NC=C4)CC(=O)NC5=C(C=CC(=C5)F)F,41 45 74 80 105 216 225 314 378 383 548 552 650 699 722 802 807 875 916 935 968 980 1050 1079 1088 1141 1152 1160 1199 1208 1211 1224 1284 1285 1312 1380 1410 1444 1487 1603 1653 1670 1750 1816 1817 1840 1855 1866 1873 1917 1928 1948 1971 2006 2034,C1=CC=C2C(=C1)N(C3=NC(=CC(=O)N23)C4=CC=NC=C4)CC(=O)NC5=C(C=CC(=C5)F)F
1652,COCCC(C1=NC=C(N1)C2=CC(=CC=C2)F)N,1 13 80 109 124 230 331 353 378 486 632 695 699 736 739 777 786 841 875 1005 1034 1039 1055 1057 1088 1114 1160 1171 1270 1324 1380 1452 1487 1535 1670 1745 1750 1873 1928 1936 1995,COCCC(C1=NC=C(N1)C2=CC(=CC=C2)F)N
1653,CC1=CC(=CC(=N1)N(C)CCC(C)C)CNC(C)(C)C,1 80 89 114 255 267 283 378 392 478 603 739 875 881 1000 1038 1054 1057 1101 1152 1163 1209 1242 1370 1380 1452 1520 1578 1698 1722 1731 1754 1847 1855 1860 1873 1918 1951,CC1=CC(=CC(=N1)N(C)CCC(C)C)CNC(C)(C)C
1654,CC1=C(C(=CC=C1)Cl)N2C3=CC(=C(N=C3CNC2=O)SC4=C(C=C(C=C4)F)F)Br,22 32 116 146 164 184 314 366 378 507 530 552 561 650 699 724 728 754 819 833 875 926 935 946 974 976 1025 1033 1039 1057 1088 1114 1270 1295 1329 1380 1391 1410 1482 1487 1631 1670 1683 1686 1697 1706 1722 1750 1767 1793 1840 1855 1866 1873 1919 1928 1948 1999,CC1=C(C(=CC=C1)Cl)N2C3=CC(=C(N=C3CNC2=O)SC4=C(C=C(C=C4)F)F)Br
1655,CN1C=C(C=N1)C(C2=C(C=CS2)Br)O,1 14 43 133 227 327 378 455 462 464 554 629 675 728 753 796 807 833 926 935 966 1057 1145 1191 1363 1365 1380 1535 1567 1631 1750 1759 1762 1873,CN1C=C(C=N1)C(C2=C(C=CS2)Br)O
1656,CCCN(CCC)S(=O)(=O)C1=CC2=CC(=C(C(=C2C=C1)[N+](=O)[O-])O)O,80 81 192 193 202 231 282 294 319 350 371 540 650 715 753 785 794 807 815 838 875 881 1057 1195 1328 1357 1380 1415 1476 1602 1607 1656 1733 1750 1761 1840 1855 1873 1880 1951 1963 2037,CCCN(CCC)S(=O)(=O)C1=CC2=CC(=C(C(=C2C=C1)[N+](=O)[O-])O)O
1657,COC(=O)C1=C[C@@H]2C=C[C@H]3[C@@H]2[C@@H]1[C@@H](C3)O,145 503 542 614 650 695 716 742 807 841 848 849 854 906 918 926 1010 1019 1040 1057 1083 1152 1192 1257 1292 1352 1380 1389 1434 1441 1457 1838 1873 1917,COC(=O)C1=CC2C=CC3C2C1C(C3)O
1658,CCCC(CC1=CC2=C(CCC2)C=C1)C(=O)O,1 20 79 80 242 258 294 310 389 556 650 739 794 807 875 892 926 1028 1057 1130 1181 1236 1327 1380 1580 1738 1750 1754 1824 1844 1873 1877 1917 1980 1990,CCCC(CC1=CC2=C(CCC2)C=C1)C(=O)O
1659,CC1=CC(=CC2=C1N=CN2C)N(C)C3=C(C=C(C=C3C)S(=O)(=O)C)F,45 232 270 319 350 378 407 626 650 692 699 842 875 877 881 932 935 1057 1095 1096 1114 1145 1163 1166 1276 1296 1380 1388 1391 1409 1452 1476 1517 1667 1719 1722 1724 1840 1873 1928 1974 2004 2037,CC1=CC(=CC2=C1N=CN2C)N(C)C3=C(C=C(C=C3F)S(=O)(=O)C)F
1660,CC1=NN=C(O1)[C@H](C)N(C)[C@H]2CCCN(C2)CC3=NOC(=N3)C4CC4,1 44 80 149 150 163 186 248 283 318 378 380 446 467 495 613 656 687 739 809 819 881 883 926 935 942 1019 1028 1057 1063 1159 1163 1164 1205 1237 1280 1318 1325 1380 1400 1422 1438 1480 1496 1542 1604 1614 1722 1765 1791 1819 1855 2000,CC(N(C)C1CCCN(Cc2noc(n2)C2CC2)C1)c1oc(C)nn1
1661,CN1C=C(C=CC1=O)NCC2=C(C=CC(=C2)Br)OC,80 87 94 191 249 255 314 464 632 650 695 728 766 841 843 875 909 925 935 1057 1141 1145 1152 1157 1349 1380 1409 1416 1447 1481 1536 1631 1661 1677 1703 1750 1786 1873 1881 1970,CN1C=C(C=CC1=O)NCC2=C(C=CC(=C2)Br)OC
1662,COC1=C(C=C(C=C1)CC(=O)NCCOC2=C(C=C(C=C2)F)Cl)OC,13 41 80 94 140 197 249 310 325 366 490 561 597 650 667 695 699 730 807 841 875 991 1027 1057 1110 1152 1245 1324 1380 1410 1452 1487 1510 1518 1536 1670 1683 1750 1754 1790 1822 1873 1917 1928 1970,COC1=C(C=C(C=C1)CC(=O)NCCOC2=C(C=C(C=C2)F)Cl)OC
1663,C1=C2C=C(NC2=C(C(=C1F)Cl)F)C(=O)O,52 143 204 389 456 561 607 650 694 699 782 807 875 984 1011 1114 1380 1445 1464 1530 1683 1688 1737 1745 1797 1840 1855 1873 1917 1928,C1=C2C=C(NC2=C(C(=C1F)Cl)F)C(=O)O
1664,C1=CC(=CC(=C1)[N+](=O)[O-])/C=C/C(=O)NC2=C(C(=CC=C2)Cl)F,31 327 366 478 561 618 650 694 699 715 753 807 835 838 875 974 1015 1039 1088 1152 1181 1195 1219 1224 1274 1308 1353 1380 1443 1445 1610 1671 1683 1696 1750 1809 1816 1873 1917 1928 1940 1963 2033 2041,C1=CC(=CC(=C1)[N+](=O)[O-])/C=C/C(=O)NC2=C(C(=CC=C2)Cl)F
1665,CC(C(C)O)N1CCC(CC1)CNC(C)(C)C,1 29 80 89 114 227 283 368 392 512 566 603 738 800 807 926 935 1019 1057 1152 1265 1325 1480 1578 1604 1693 1719 1785 1909 1944,CC(C(C)O)N1CCC(CC1)CNC(C)(C)C
1666,CC(C)N1CCCC(CC1)NC2=CC=C(C=C2)C(=O)N,1 74 140 157 191 283 309 428 432 446 650 738 796 807 827 843 903 926 935 1019 1028 1057 1143 1152 1168 1171 1265 1325 1380 1385 1480 1539 1589 1634 1697 1727 1750 1873 1917,CC(C)N1CCCC(CC1)NC2=CC=C(C=C2)C(=O)N
1667,C1=CC=C2C(=C1)C=C(N2)C3=NC(=CS3)C(=O)NCCSC4=CNC5=CC=CC=C54,8 26 80 116 119 149 197 271 310 328 341 351 378 473 486 518 552 588 650 657 667 675 722 753 806 807 844 855 875 1025 1087 1088 1114 1152 1182 1199 1324 1357 1380 1485 1567 1573 1645 1689 1745 1750 1783 1817 1855 1873 1879 1917 1934 1937 2021,C1=CC=C2C(=C1)C=C(N2)C3=NC(=CS3)C(=O)NCCSC4=CNC5=CC=CC=C54
1668,CC(C(C1=CC=CC=C1)N=C=S)SC#N,1 33 97 116 283 371 389 440 531 674 725 790 1014 1029 1057 1088 1181 1183 1199 1245 1259 1365 1380 1384 1581 1750 1795 1873 1938 1955 2004,CC(C(C1=CC=CC=C1)N=C=S)SC#N
1669,CCCN(C1CNC1)C2=CC(=C(C=C2)C)[N+](=O)[O-],80 158 159 197 221 294 354 470 650 715 716 753 794 809 838 875 881 926 960 1019 1057 1078 1096 1114 1195 1238 1308 1331 1380 1391 1595 1691 1722 1750 1761 1794 1873 1951 1963 1976,CCCN(C1CNC1)C2=CC(=C(C=C2)C)[N+](=O)[O-]
1670,CC1=CC=C(C=C1)C(=O)C=CC2=CC=CC=C2OC(=O)C=CC3=CC=CC=C3,31 176 235 389 432 441 472 650 694 695 807 835 878 961 1057 1073 1088 1177 1199 1308 1353 1361 1380 1385 1410 1494 1667 1697 1713 1722 1729 1750 1817 1823 1873 1917 1920 1931 1970 2033,CC1=CC=C(C=C1)C(=O)/C=C/C2=CC=CC=C2OC(=O)/C=C/C3=CC=CC=C3
1671,CC1=NC(=CC(=N1)N(C)CCNC)NCC(C)(C)C,53 80 114 267 378 392 538 541 564 667 875 881 884 997 1009 1057 1060 1091 1099 1101 1126 1152 1163 1380 1416 1430 1515 1660 1698 1722 1742 1855 1873 1918 1951 1959 1995,CC1=NC(=CC(=N1)N(C)CCNC)NCC(C)(C)C
1672,CCCCN1C(=O)C(=O)N(C1=O)CC(=O)NC2=CC(=C(C=C2C)[N+](=O)[O-])OC,41 80 92 249 294 314 317 354 487 588 591 624 650 695 715 716 753 794 807 814 838 841 875 879 880 935 1038 1057 1145 1152 1195 1224 1284 1312 1380 1391 1442 1470 1534 1536 1615 1633 1677 1722 1816 1873 1882 1911 1917 1948 1963 1970,CCCCN1C(=O)C(=O)N(C1=O)CC(=O)NC2=CC(=C(C=C2C)[N+](=O)[O-])OC
1673,CC1=CC(=CC(=C1Cl)N)S(=O)(=O)NCC2(CC2)C3CC3,80 317 319 350 381 502 528 561 650 823 875 910 926 961 962 1011 1019 1057 1059 1060 1083 1152 1162 1171 1296 1325 1380 1391 1457 1476 1514 1626 1683 1693 1722 1727 1732 1784 1873 1977 1980,CC1=CC(=CC(=C1Cl)N)S(=O)(=O)NCC2(CC2)C3CC3
1674,CC1=C(C(=NN1CC2=CC=CC=C2)C)CN[C@H](C)C(=O)NC3=CC=CC4=CC=CC=C43,1 80 92 158 255 283 378 389 540 573 591 650 782 807 935 954 989 1039 1044 1057 1066 1087 1088 1104 1120 1152 1199 1224 1357 1380 1387 1425 1573 1577 1683 1696 1703 1722 1750 1754 1765 1766 1816 1850 1855 1861 1873 1892 1917 1956 2026 2034,CC1=C(C(=NN1CC2=CC=CC=C2)C)CN[C@@H](C)C(=O)NC3=CC=CC4=CC=CC=C43
1675,COC1=CC(=C(C=C1)CNC(=O)/C(=C/C2=CC=C(C=C2)OCC(=O)O)/C#N)OC,25 80 102 179 197 249 255 322 376 389 522 635 650 674 684 694 695 718 781 790 803 807 841 875 876 945 1048 1057 1079 1152 1210 1272 1349 1380 1384 1440 1452 1536 1580 1701 1737 1741 1746 1750 1873 1887 1917 1970 1972 2004 2033,COC1=CC(=C(C=C1)CNC(=O)/C(=C/C2=CC=C(C=C2)OCC(=O)O)/C#N)OC
1676,C[C@]1(CS(=O)(=O)C2(CCOC2)C(=N1)N)C3=C(C=CC(=C3)NC(=O)C4(CC4)C)F,184 191 207 216 310 378 469 523 534 648 650 656 699 788 789 807 831 843 873 875 883 919 926 949 950 1057 1060 1135 1152 1162 1171 1224 1239 1241 1257 1274 1281 1352 1380 1447 1457 1542 1635 1726 1744 1750 1807 1816 1824 1840 1870 1871 1873 1917 1928 1980,C[C@]1(CS(=O)(=O)C2(CCOC2)C(=N1)N)C(=O)NC3=CC(=C(C=C3)F)C4(CC4)CF
1677,CNC(CC1=C(C=CC(=C1)F)F)C2=C(C=C(C=C2F)Br)F,1 79 80 216 249 291 353 699 728 875 909 923 1057 1068 1099 1152 1349 1380 1410 1430 1462 1487 1626 1631 1670 1750 1801 1840 1873 1907 1908 1923 1928 1932,CNC(CC1=C(C=CC(=C1)F)F)C2=C(C=C(C=C2F)Br)F
1678,C1=CC=C(C=C1)/C=C(/C2=CC=CC=C2)\C(=O)NC3=NN(C=C3Br)CC4=CC=C(C=C4)Cl,80 97 216 272 310 376 378 389 412 464 561 599 650 684 692 694 708 728 747 807 816 833 917 935 1070 1077 1088 1152 1199 1210 1296 1347 1353 1380 1385 1631 1683 1746 1750 1754 1765 1778 1816 1873 1917 1956 1983 1985 2033,C1=CC=C(C=C1)/C=C(\C2=CC=CC=C2)/C(=O)NC3=NN(C=C3Br)CC4=CC=C(C=C4)Cl
1679,C1COCCN1C2=NC(=CS2)CC(=O)N/N=C\3/C[C@@H]4[C@@H]3CC=C4,17 41 80 105 231 318 325 359 369 378 407 445 455 523 552 598 631 650 656 675 724 725 807 848 921 926 935 950 996 1014 1019 1047 1083 1128 1152 1280 1307 1364 1380 1405 1441 1480 1512 1567 1601 1682 1757 1798 1845 1855 1873 1917 1918 1999,C1COCCN1C2=NC(=CS2)CC(=O)N/N=C\3/C[C@H]4[C@H]3CC=C4
1680,C1CC(N(C1)CC(CN2CCOCC2)O)CC3=CC=CC=C3,1 42 80 227 389 446 458 523 656 807 901 926 935 950 953 1019 1028 1044 1066 1081 1088 1199 1325 1367 1380 1405 1441 1456 1480 1489 1552 1627 1714 1750 1754 1791 1849 1873 1922 2022 2038,C1C[C@H](N(C1)C[C@@H](CN2CCOCC2)O)CC3=CC=CC=C3
1681,C1=CC=C(C=C1)C(CCCl)C(=O)N,1 80 140 303 389 650 739 798 803 807 1016 1080 1088 1109 1171 1199 1212 1365 1380 1456 1581 1625 1683 1750 1873 1917,C1=CC=C(C=C1)C(CCC(C2=CC=CC=C2)C(=O)N)C(=O)N
1682,CCN1C=C(C(=N1)C(=NNC(=O)C(C)N2C=CC(=N2)C)C)Br,1 34 57 80 96 283 294 318 360 378 382 464 490 573 586 650 655 700 708 725 728 747 807 833 935 1017 1057 1101 1152 1221 1228 1247 1296 1336 1362 1380 1397 1543 1631 1643 1722 1731 1744 1750 1755 1839 1873 1917 1956,CCN1C=C(C(=N1)/C(=N/NC(=O)C(C)N2C=CC(=N2)C)/C)Br
1683,CC(C)C1(CCCCC1)CCl,1 2 80 150 283 392 404 473 827 926 980 1028 1057 1060 1109 1162 1638 1683 1820,CC(C)C1(CCCCC1)C2(CCCCC2)CCl
1684,COC1=C(C(=CC=C1)OC)C(=O)N2CCCC(C2)C3=C4C(=NN3)N=CC=N4,74 160 249 356 369 378 446 451 586 600 606 650 695 721 739 807 833 841 926 935 965 1019 1020 1028 1039 1054 1057 1071 1088 1114 1156 1172 1264 1325 1380 1410 1452 1480 1504 1536 1724 1750 1866 1873 1917 1939 1943 1970 2000 2004 2009,COC1=C(C(=CC=C1)OC)C(=O)N2CCCC(C2)C3=C4C(=NN3)N=CC=N4
1685,CC1=CC(=O)N2C(=N1)SC(=N2)CN3CCCC3C4=C(C=C(C=C4)OC)OC,64 80 162 170 231 249 314 322 378 410 412 446 635 650 675 695 718 778 781 841 875 926 935 938 1003 1019 1027 1028 1039 1057 1141 1186 1312 1325 1372 1380 1480 1520 1521 1536 1578 1714 1722 1731 1750 1759 1765 1766 1855 1873 1917 1956 1970 1972 2021 2022,CC1=CC(=O)N2C(=N1)SC(=N2)CN3CCCC3C4=C(C=C(C=C4)OC)OC
1686,C1CCN(CC1)NC(=O)C2=NC(=C(C=C2)C3CC3)OCC4CC4,2 29 80 104 319 378 380 401 486 516 650 695 696 737 807 855 859 892 926 935 1019 1027 1028 1039 1136 1152 1203 1256 1321 1325 1380 1449 1452 1480 1502 1671 1744 1750 1796 1855 1873 1874 1917 1998 2000,C1CCN(CC1)NC(=O)C2=NC(=C(C=C2)C3CC3)OCC4CC4
1687,CCC1=CN=C(C=C1)CN(C)C(=O)NC2=CC(=CC=C2)N(C)C(=O)C,54 60 80 145 184 191 193 288 294 310 334 378 507 650 703 724 794 801 807 875 881 885 970 1017 1039 1057 1088 1096 1152 1163 1380 1427 1436 1452 1468 1469 1535 1588 1746 1750 1754 1780 1799 1816 1873 1917 1973 2045,CCC1=CN=C(C=C1)CN(C)C(=O)NC2=CC(=CC=C2)N(C)C(=O)C
1688,C1=CC(=CC(=C1)SC2=CC(=C(C=C2)F)C(=O)O)[N+](=O)[O-],27 116 216 268 389 456 552 650 699 715 753 807 811 838 875 885 934 938 1039 1047 1088 1195 1255 1274 1346 1380 1610 1750 1809 1840 1873 1917 1928 1940 1963 1991 2009,C1=CC(=CC(=C1)SC2=CC(=C(C=C2)F)C(=O)O)[N+](=O)[O-]
1689,CC1=CC(=CC(=C1OCC(CBr)O)C)C#N,1 23 39 80 102 118 227 251 305 333 658 674 695 728 737 790 807 875 1031 1057 1136 1371 1380 1384 1391 1452 1513 1722 1873 1952 1983 2038,CC1=CC(=CC(=C1OCC(CBr)O)C)C#N
1690,CC1=CC=C(C=C1)NC(=O)CN2C=CC=C2C(C)N,1 2 41 80 90 95 191 235 283 389 650 701 786 807 843 901 935 1021 1057 1077 1088 1101 1111 1152 1171 1284 1312 1380 1424 1455 1722 1750 1816 1823 1873 1917 1920 2044,CC1=CC=C(C=C1)NC(=O)CN2C=CC=C2C(C)N
1691,CCCNS(=O)(=O)NOCC(C)C,1 80 118 254 283 292 294 350 458 650 667 695 794 814 836 869 1054 1057 1152 1403 1407 1476 1626 1630 1675 1847,CCCNS(=O)(=O)NC(COCC(C)C)NOCC(C)C
1692,CC1CC2=CC=CC=C2N(C1)C(=O)C3=NN=C(C=C3)NN,71 231 378 567 626 650 739 807 855 926 935 967 1019 1039 1057 1088 1099 1110 1148 1152 1164 1171 1199 1203 1236 1251 1295 1309 1378 1380 1387 1504 1510 1518 1526 1647 1701 1708 1750 1756 1873 1908 1917 1944,CC1CC2=CC=CC=C2N(C1)C(=O)C3=NN=C(C=C3)NN
1693,CSCC(=O)N1CCN(CC1)C2=NC3=C(C4=C(S3)CCCC4)C(=O)N2CC=C,24 37 42 80 116 162 197 220 310 314 361 378 394 407 427 504 511 650 675 694 731 760 802 807 900 926 935 940 997 1009 1028 1057 1133 1342 1350 1365 1366 1380 1391 1430 1480 1503 1508 1589 1645 1715 1738 1817 1820 1855 1917 1942 1959 1984 2009,CSCC(=O)N1CCN(CC1)C2=NC3=C(C4=C(S3)CCCC4)C(=O)N2CC=C
1694,CN(CC(=O)N1CCOCC1)C(=O)COC2=CC=CC=C2[N+](=O)[O-],11 80 164 298 334 338 354 464 523 650 656 695 715 716 753 760 807 838 881 926 935 950 1009 1057 1088 1163 1187 1190 1195 1199 1238 1269 1334 1380 1405 1410 1441 1452 1480 1734 1750 1873 1917 1963 1967 1970 2004 2009,CN(CC(=O)N1CCOCC1)C(=O)COC2=CC=CC=C2[N+](=O)[O-]
1695,CC1=NN=NN1C2=C(C=CC(=C2)NC(=O)CCC3=NC=C(O3)C4=CC=CC=C4F)OC,41 80 94 121 131 184 186 191 242 249 257 349 352 371 377 378 379 451 472 650 656 695 699 777 807 841 843 875 901 917 935 942 984 1032 1057 1088 1111 1152 1164 1199 1243 1295 1380 1382 1452 1525 1535 1536 1544 1564 1604 1721 1722 1750 1783 1816 1840 1852 1873 1876 1917 1928 1939 1970,CC1=NN=NN1C2=C(C=CC(=C2)NC(=O)CCC3=NC=C(O3)C4=CC=CC=C4F)OC
1696,CC(C1=C(C=CC(=C1)F)SC2=CC(=C(C=C2)Cl)Cl)N,1 2 116 237 283 366 552 561 666 699 786 811 875 885 888 1025 1033 1057 1092 1171 1185 1255 1380 1402 1408 1410 1487 1497 1554 1670 1683 1750 1804 1873 1928,CC(C1=C(C=CC(=C1)F)SC2=CC(=C(C=C2)Cl)Cl)N
1697,CC1=CN=C(C=C1NC(=O)C2=C(C=CC(=C2Cl)F)OC3=C(C=C(C=C3)OC(F)(F)F)OC)C(=O)C,94 114 145 152 207 216 249 322 327 369 378 419 486 548 561 586 635 650 695 699 718 807 841 855 875 887 947 1011 1017 1057 1149 1152 1183 1224 1245 1380 1391 1397 1409 1452 1453 1456 1535 1536 1600 1617 1633 1683 1722 1746 1750 1816 1820 1840 1873 1882 1895 1917 1928 1970 1980,CC1=CN=C(C=C1OC2=C(C=C(C=C2)OC(F)(F)F)OC)C(=O)NC3=C(C(=C(C=C3)F)Cl)Cl
1698,CCC(CCC(=O)O)CCNC(=O)N(C)CC1CCC1,1 29 80 193 197 288 294 334 360 363 389 484 567 650 667 685 739 807 834 881 926 955 1019 1028 1057 1063 1152 1162 1163 1218 1287 1325 1420 1461 1544 1564 1670 1737 1917 1952,CCC(CCC(=O)O)CCNC(=O)N(C)CC1CCC1
1699,CC1=C(C2=NN=CN2C3=C1C(=C(S3)C(=O)NC4CCC5=CC=CC=C45)N)Cl,162 252 275 281 327 371 378 387 486 561 650 675 685 693 713 781 787 807 926 932 935 949 1011 1014 1019 1022 1027 1057 1066 1088 1123 1129 1152 1164 1171 1199 1236 1325 1380 1445 1446 1457 1544 1631 1680 1683 1696 1708 1722 1738 1750 1784 1873 1917 1969 1984 1987 2000 2010,CC1=C(C2=NN=CN2C3=C1C(=C(S3)C(=O)NC4CCC5=CC=CC=C45)N)Cl
1700,CC1=C(C=C(C=C1)[N+](=O)[O-])S(=O)(=O)NC2=CC(=CC=C2)S(=O)(=O)NC3=CC=CC=C3C(=O)O,4 191 198 319 350 389 392 456 502 575 576 650 703 715 743 744 753 807 838 863 875 1039 1047 1057 1088 1152 1195 1199 1224 1270 1274 1283 1380 1391 1447 1476 1490 1506 1527 1691 1696 1722 1750 1790 1809 1814 1873 1906 1917 1940 1963 1991,CC1=C(C=C(C=C1)[N+](=O)[O-])S(=O)(=O)NC2=CC(=CC=C2)S(=O)(=O)NC3=CC=CC=C3C(=O)O
1701,CC1=C(C=CC(=C1)CN2CCC(CC2)N3[C@H](CCC3=O)C(=O)OC)Cl,41 42 80 247 248 310 314 366 377 531 534 561 650 666 695 744 784 798 807 841 847 875 926 935 1000 1019 1045 1057 1150 1152 1247 1261 1325 1380 1391 1480 1594 1683 1722 1738 1750 1754 1765 1771 1791 1873 1910 1917 1967 2045,CC1=C(C=CC(=C1)CN2CCC(CC2)N3C(CCC3=O)C(=O)OC)Cl
1702,CC1=CC=CC=C1SC2=CC(=C(C=C2)C(=N)/C=C/C3=CC=CC=N3)NC,31 67 83 116 182 266 377 378 448 552 623 648 694 807 811 835 875 885 1014 1025 1057 1088 1089 1092 1104 1123 1152 1155 1199 1224 1255 1332 1380 1391 1430 1449 1452 1498 1702 1722 1750 1766 1866 1873 1881 1991 1999 2001,CC1=CC=CC=C1SC2=CC(=C(C=C2)C(=N)/C=C/C3=CC=CC=N3)NC
1703,C1CCC2=C(C1)C(=C(S2)/N=C/C3=CC=C(O3)C4=CC(=CC=C4)Cl)C#N,42 121 162 165 213 216 220 250 270 310 358 361 364 524 561 592 656 659 661 674 675 694 725 736 790 864 875 926 956 1028 1039 1088 1116 1122 1136 1160 1240 1316 1380 1384 1391 1443 1604 1683 1738 1750 1794 1817 1873 1919 1934 1937,C1CCC2=C(C1)C(=C(S2)/N=C/C3=CC=C(O3)C4=CC(=CC=C4)Cl)C#N
1704,C1=CC=C(C=C1)N2C3=C(C4=CC=CC=C42)C5=C(C=C3)N(C6=C5C=CC(=C6)C7=NC=C8C9=CC=CC=C9SC8=N7)C1=CC=CC=C1,45 58 162 239 260 292 378 389 461 490 511 668 675 710 789 808 866 875 885 896 907 935 996 1049 1088 1159 1160 1199 1245 1283 1285 1357 1380 1385 1415 1452 1535 1573 1733 1744 1750 1825 1855 1873 1891 1984 1993 2021,C1=CC=C(C=C1)N2C3=C(C4=CC=CC=C42)C5=C(C=C3)C6=CN=C(N=C6S5)C7=CC8=C(C=C7)C9=CC=CC=C9S8
1705,CC1=CC(OC1=O)C2=CC=CC=C2CN(C)C(=O)O,80 182 314 334 371 389 442 446 459 483 507 530 650 656 750 807 881 918 932 943 1019 1027 1057 1081 1088 1147 1163 1199 1349 1380 1597 1673 1707 1722 1750 1768 1873 1917,CC1=CC(OC1=O)C2=CC=CC=C2CN(C)C(=O)O
1706,C1C(OC(=O)N1)CN2CC(=O)N(C2=O)CCN3C=NC4=CC=CC=C43,45 80 92 128 278 289 314 378 398 442 470 512 588 601 650 656 661 714 750 797 798 908 926 932 935 938 1000 1019 1088 1089 1097 1114 1145 1199 1237 1285 1288 1375 1380 1391 1452 1455 1467 1500 1750 1866 1873 1893 1898 1911 1946,C1C(OC(=O)N1)CN2C(=O)CN(C2=O)CCN3C=NC4=CC=CC=C43
1707,C1=CSC(=C1)C(=O)NC2=CC=C(C=C2)C3C(=O)NC(=O)N3,14 25 27 79 191 241 301 314 383 419 486 650 675 722 807 816 843 915 926 1019 1034 1060 1068 1077 1088 1114 1152 1250 1279 1380 1567 1685 1750 1803 1816 1873 1917 1951 1974 1978,C1=CSC(=C1)C(=O)NC2=CC=C(C=C2)C3C(=O)NC(=O)N3
1708,CCC(CC)CNCC(COC1=CC=C(C=C1)Br)O,1 80 102 118 227 294 322 430 606 658 695 718 728 807 909 1004 1057 1152 1157 1218 1292 1380 1420 1445 1452 1481 1544 1631 1640 1643 1649 1750 1873 2038,CCC(CC)CNCC(COC1=CC=C(C=C1)Br)O
1709,CCCNC1=CC(=NC(=N1)SC)SC2=NC(=CC(=O)N2)N,62 80 81 116 156 294 314 378 394 532 552 650 659 667 794 797 814 875 938 990 1007 1057 1086 1091 1099 1114 1115 1152 1171 1310 1380 1416 1457 1622 1629 1652 1723 1745 1766 1828 1855 1857 1873 1949 2025,CCCNC1=CC(=NC(=N1)SC)SC2=NC(=NC(=C2)N)SC
1710,CC(C)CN1C=NN=C1C2CN(CC23CCOCC3)C(=O)C4=CC=C(O4)Br,1 12 80 281 283 310 378 446 458 523 574 602 650 656 728 739 807 921 926 932 935 950 1019 1030 1057 1060 1106 1129 1131 1162 1164 1201 1380 1405 1429 1455 1504 1526 1539 1548 1598 1604 1631 1644 1750 1754 1824 1847 1873 1904 1917 1922 1950 1975 1988 2009 2032 2040,CC(C)Cn1cnnc1C1CN(CC21CCOCC2)C(=O)c1oc(Br)cc1
1711,CC1CC2=CC=CC=C2N1C3=NC=NC(=C3Br)NC,130 149 167 231 378 489 497 524 528 567 708 728 734 926 935 1019 1057 1088 1152 1199 1236 1295 1309 1358 1367 1380 1426 1430 1452 1458 1489 1498 1631 1647 1679 1708 1750 1810 1873 1922,CC1CC2=CC=CC=C2N1C3=NC=NC(=C3Br)NC
1712,COC(=O)C[C@@H](C1=CC=CC=C1)NC(=O)CNC(=O)[C@@H]2C3=CC=CC=C3C(=O)N2C4CC4,1 41 80 117 123 195 197 246 291 314 338 352 371 389 650 661 689 695 707 807 841 849 879 926 935 984 1005 1019 1027 1057 1088 1150 1152 1199 1249 1286 1290 1325 1365 1380 1386 1440 1465 1483 1532 1581 1601 1715 1750 1755 1829 1873 1910 1917 2045,COC(=O)CC(C1=CC=CC=C1)NC(=O)CNC(=O)C2C3=CC=CC=C3C(=O)N2C4CC4
1713,CC1=C(C(=NN1C)C)CN2C(=C(C(=N2)C)NC(=O)C3=NN(C=C3)CCC(=O)O)C,51 66 80 92 139 158 282 371 378 381 389 423 486 580 650 657 747 807 855 935 1057 1084 1101 1105 1145 1152 1220 1287 1342 1380 1425 1564 1565 1577 1672 1683 1700 1703 1722 1737 1750 1765 1766 1816 1873 1885 1917 1956 2034,CC1=C(C(=NN1C)C)CN2C(=C(C(=N2)C)NC(=O)C3=NN(C=C3)CCC(=O)O)C
1714,C1CCC(C(C1)OCCC2CC2)I,1 13 29 80 114 172 298 622 661 695 798 823 832 890 926 1019 1028 1227 1325 1457 1633 1671 1697 1893,C1CCC(C(C1)OCCC2CC2)I
1715,CC(C)C(=O)[C@@H]1CCOC(=O)N1,1 176 203 213 283 301 314 362 434 441 650 656 745 807 869 926 950 973 1019 1057 1114 1288 1325 1349 1380 1735 1917,CC(C)C(=O)C1CCOC(=O)N1
1716,CC1CCC(CC1)NC(=O)COC(=O)CN2C=NC3=C(C2=O)OC4=CC=CC=C43,9 13 41 80 133 147 179 224 264 314 368 378 387 504 618 650 656 695 764 807 857 926 932 935 973 1019 1057 1088 1095 1110 1128 1148 1152 1199 1309 1312 1325 1357 1375 1380 1386 1452 1455 1499 1515 1573 1604 1634 1655 1724 1750 1806 1808 1818 1833 1873 1917 2004,CC1CCC(CC1)NC(=O)COC(=O)CN2C=NC3=C(C2=O)OC4=CC=CC=C43
1717,CC(C(=O)N1CCOCC1)OC2=C(C=C(C=C2)Br)Cl,1 11 94 108 283 366 517 523 561 582 650 656 664 695 728 766 807 875 909 926 931 935 950 1057 1110 1137 1157 1269 1380 1405 1441 1480 1631 1665 1683 1750 1873 1895 1917 1970 2009,CC(C(=O)N1CCOCC1)OC2=C(C=C(C=C2)Br)Cl
1718,CC1(N=C(N=C(N1C2=CC=CC(=C2)CCC(=O)CCl)N)N)C,80 104 148 238 342 378 650 667 759 807 815 875 880 927 935 1035 1039 1049 1057 1060 1062 1066 1081 1088 1090 1109 1171 1243 1274 1334 1380 1432 1457 1545 1564 1593 1680 1683 1750 1754 1825 1871 1873 1892 1917 2026,CC1(N=C(N=C(N1C2=CC=CC(=C2)CCC(=O)CCl)N)N)C
1719,COC1=C(C=C(C(=C1)/C=C/2\C(=O)NC(=O)N(C2=O)C3=CC=C(C=C3)Cl)Br)OCC4=CC=CC=C4,80 107 116 160 216 233 249 281 314 325 389 561 650 694 695 728 745 747 796 816 817 833 841 875 879 935 961 1012 1019 1057 1060 1066 1070 1088 1093 1114 1120 1176 1199 1226 1245 1380 1412 1452 1536 1560 1605 1631 1657 1683 1686 1750 1754 1825 1873 1970 2042,COC1=C(C=C(C(=C1)/C=C/2\C(=O)NC(=O)N(C2=O)C3=CC=C(C=C3)Cl)Br)OCC4=CC=CC=C4
1720,C1=CC=C(C=C1)C2=CC=C(C=C2)N(C3=CC4=C(C=C3)C=CC5=C4C6=CC=CC=C6O5)C7=CC=CC(=C7)C8=CC=CC=C8,119 170 203 288 294 368 389 656 709 736 785 875 881 896 960 1039 1088 1096 1104 1128 1160 1199 1210 1211 1245 1357 1380 1520 1573 1582 1604 1750 1808 1810 1855 1873 1964 1984 2032,C1=CC=C(C=C1)C2=CC=C(C=C2)N(C3=CC=CC=C3)C4=CC=C(C=C4)C5=CC(=CC=C5)N(C6=CC=CC=C6)C7=CC8=C(C=C7)C=CC9=C8C1=CC=CC=C1O9
1721,CN1CCN(CC1)C2=NC=CC(=C2)CNC(=O)C3C4CNCCC4NN3,14 80 129 197 207 255 305 378 407 431 470 493 527 530 622 639 646 649 650 689 787 807 873 875 926 935 1019 1057 1114 1145 1152 1175 1179 1211 1236 1308 1325 1380 1452 1480 1508 1552 1573 1646 1669 1711 1725 1750 1754 1779 1813 1866 1873 1917 1920 1975,CN1CCN(CC1)C2=NC=CC(=C2)CNC(=O)[C@@H]3CNCCN3C4CCNC4
1722,C1C[C@@H](CN(C1)C(=O)C2=CC=CO2)C3=NC4=C(C(=O)N3)N=NN4CC5=CC=CC=C5,80 158 188 314 339 369 378 389 446 451 474 500 621 633 650 656 659 678 739 750 787 795 807 914 926 935 1019 1028 1066 1088 1114 1120 1164 1199 1233 1280 1325 1380 1429 1480 1496 1504 1683 1696 1724 1745 1750 1754 1765 1783 1855 1873 1917 1926 1940 1943 2000 2009 2015,c12c(nnn2Cc2ccccc2)c(=O)[nH]c(n1)C1CN(C(=O)c2occc2)CCC1
1723,C[C@]12CC[C@H]3[C@H]([C@@H]1C[C@H](C2=O)O)CCC4=CCCC[C@]34C=O,56 182 196 222 314 408 499 503 504 519 529 622 650 694 803 807 926 934 1004 1019 1028 1057 1058 1060 1095 1098 1147 1162 1237 1257 1274 1292 1325 1380 1469 1617 1711 1724 1738 1781 1873 1884 1994 2037 2044,C[C@]12CCCC=C1CC[C@@H]3[C@@H]2CC[C@]4([C@H]3C[C@H](C4=O)O)C=O
1724,C1COC2=C(C(=CC(=C2)CNCC(C(=O)N)O)Br)OC1,1 80 99 110 140 227 252 255 441 463 498 606 650 656 728 807 833 854 875 884 926 944 950 1004 1028 1054 1083 1152 1171 1212 1246 1250 1294 1380 1514 1529 1631 1711 1754 1873 1905 1917 1932,C1COC2=C(C(=CC(=C2)CNCC(C(=O)N)O)Br)OC1
1725,CC(CNC(=NC)NCC1=CC=CC=C1F)C2=CC=CS2,1 14 78 80 126 197 241 255 283 287 334 383 459 502 543 599 606 675 699 725 807 943 951 987 1032 1048 1057 1068 1088 1152 1160 1199 1212 1349 1380 1412 1567 1597 1750 1840 1873 1913 1928,CC(CNC(=NC)NCC1=CC=CC=C1F)C2=CC=CS2
1726,CN1C=CN(C1=N)CC2=CC3=C(C(=C2)Br)OCCNC3=O,80 252 305 314 352 405 408 422 441 462 524 556 575 623 650 656 663 728 833 842 854 875 883 926 935 950 980 1057 1101 1114 1145 1250 1294 1331 1380 1409 1455 1479 1631 1657 1691 1754 1765 1836 1866 1873 2034,CN1C=CN(C1=N)CC2=CC3=C(C(=C2)Br)OCCNC3=O
1727,CCCCCCC/C=C(/N1C2=CC=CC=C2N=N1)\OC3=CC=CC=C3,45 80 214 289 294 322 378 389 401 429 450 479 562 591 694 695 737 794 807 935 952 1057 1088 1097 1143 1164 1165 1199 1285 1380 1440 1444 1446 1623 1626 1635 1655 1729 1750 1783 1873 1911 2023,CCCCCC/C=C(/N1C2=CC=CC=C2N=N1)\OC3=CC=CC=C3
1728,CN1C(=O)C=CC(=N1)C(=O)OCC2=NC=C(O2)C3=CC=CC=C3,80 121 145 147 314 378 379 389 472 476 538 575 650 656 695 701 736 745 807 855 861 865 917 925 935 1014 1057 1088 1105 1141 1145 1160 1199 1203 1380 1452 1525 1535 1569 1604 1750 1873 1876 1917 1956,CN1C(=O)C=CC(=N1)C(=O)OCC2=NC=C(O2)C3=CC=CC=C3
1729,CC(C)(C)CC(CN)C(=O)NC1=C(C=NC=C1)F,1 80 103 114 265 378 392 573 650 699 807 825 862 886 942 981 997 1057 1152 1171 1208 1224 1380 1425 1535 1586 1603 1750 1787 1816 1827 1840 1861 1866 1873 1877 1909 1917 1928,CC(C)(C)CC(CN)C(=O)NC1=C(C=NC=C1)F
1730,CC\1=C(C2=C(/C1=C\C3=CC=C(C=C3)S(=O)C)C=CC(=C2)F)CCONC(=O)C(=O)C,12 13 25 80 153 281 352 427 589 626 636 650 680 694 695 699 768 807 836 875 917 990 1017 1057 1093 1120 1122 1152 1171 1210 1226 1243 1258 1265 1314 1380 1410 1487 1502 1603 1670 1689 1690 1722 1734 1750 1762 1773 1873 1917 1928 2033 2043,CC\1=C(C2=C(/C1=C\C3=CC=C(C=C3)S(=O)C)C=CC(=C2)F)CCONC(=O)C(=O)C
1731,C1CC2=C(C=CC(=C2)CC(=O)N(CC(=O)O)C3=CC=CC=C3)OC1,80 110 142 288 310 325 389 394 441 556 605 615 650 656 741 783 807 875 881 926 950 1028 1035 1088 1096 1190 1199 1221 1236 1238 1380 1517 1529 1580 1584 1737 1738 1750 1754 1822 1873 1887 1905 1917,C1CC2=C(C=CC(=C2)CC(=O)N(CC(=O)O)C3=CC=CC=C3)OC1
1732,C1CC2=C(C1C(=O)O)N=C(S2)C3=CC=C(C=C3)Br,42 122 162 173 378 387 389 476 478 650 675 728 732 807 896 909 926 1019 1129 1157 1160 1218 1325 1380 1431 1464 1631 1649 1738 1750 1754 1855 1873 1917 1934 1949 2033,C1CC2=C(C1C(=O)O)N=C(S2)C3=CC=C(C=C3)Br
1733,CCOC(=O)C(=CNC1=CC(=O)NC(=N1)C2=CC=NC=C2)C(=O)OCC,80 81 147 154 294 314 325 378 383 390 506 539 552 650 689 694 695 739 807 875 1057 1099 1114 1115 1152 1160 1208 1238 1380 1384 1454 1489 1603 1609 1678 1698 1722 1745 1750 1766 1855 1866 1873 1917 1991,CCOC(=O)C(=CNC1=CC(=O)NC(=N1)C2=CC=NC=C2)C(=O)OCC
1734,CC(=O)C1=NN(C(=C1)C2=CC=C(C=C2)Cl)C,216 327 378 561 575 650 807 816 855 875 896 935 963 1017 1057 1070 1105 1129 1145 1160 1380 1446 1557 1683 1692 1750 1820 1873 1917 1956 1963,CC(=O)C1=NN(C(=C1)C2=CC=C(C=C2)Cl)C
1735,CC(C)(C)OC(=O)NCCCCS(=O)(=O)CCCN,16 80 114 197 231 350 392 481 517 592 650 667 695 807 908 981 1040 1057 1152 1171 1222 1280 1476 1517 1574 1691 1700 1758 1840 1859 1876 1911 1917,CC(C)(C)OC(=O)NCCCCS(=O)(=O)CCCN
1736,C=CC(CCCF)(F)F,80 114 145 190 473 579 694 921 981 1239 1308 1366 1453 1485 1645 1911 1928 1937,C=CC(C(CCCF)(CCCF)F)(F)F
1737,CCC1=CC=C(C=C1)C(C2=CC=C(C=C2)[N+](=O)[O-])N(C)CC3C(C3(C)C)C=O,1 36 80 145 294 310 323 463 487 549 583 650 694 715 753 769 834 838 874 881 890 1004 1019 1057 1060 1130 1136 1163 1182 1195 1253 1274 1365 1380 1648 1750 1754 1799 1809 1814 1853 1870 1873 1963 1997,CCC1=CC=C(C=C1)C(C2=CC=C(C=C2)[N+](=O)[O-])N(C)C[C@@H]3[C@H](C3(C)C)C=O
1738,C1C=C2[C@@H](CC3=C([C@H]2C4=CC=C(O4)CO)C(=O)C=C(C3=O)Br)[C@@H]5[C@H]1C(=O)N(C5=O)C6=CC=C(C=C6)Br,5 48 80 84 129 141 221 222 231 233 250 290 314 392 455 464 476 509 532 578 598 650 656 674 728 747 748 807 826 837 878 900 909 926 935 1019 1157 1171 1176 1185 1244 1294 1306 1337 1362 1380 1406 1457 1476 1479 1582 1604 1631 1649 1686 1750 1781 1825 1873 1914 1934 1973,C1C=C2C(CC3=C(C2C4=CC=C(O4)CO)C(=O)C=C(C3=O)Br)C5C1C(=O)N(C5=O)C6=CC=C(C=C6)Br
1739,CC(C)C1=C(C=C(C=C1)C(CN)C(=O)O)Cl,1 80 121 237 283 366 389 413 447 561 598 650 803 805 807 875 981 1057 1171 1365 1370 1380 1490 1683 1695 1750 1844 1853 1873 1909 1917 1949 1954,CC(C)C1=C(C=C(C=C1)C(CN)C(=O)O)Cl
1740,C1CN(C2=CC=CC=C21)S(=O)(=O)NC(=O)CC3=CC(=C(C=C3)F)F,34 41 80 177 216 307 310 325 350 474 531 554 650 699 730 807 827 875 926 935 1051 1075 1088 1152 1199 1229 1236 1287 1295 1380 1389 1476 1480 1539 1647 1708 1738 1750 1754 1822 1840 1873 1888 1917 1928,C1CN(C2=CC=CC=C21)S(=O)(=O)NC(=O)CC3=CC(=C(C=C3)F)F
1741,CC1=CC(=CC(=C1)N(C)CCCC(C)(C#N)NC2CC2)C,9 80 114 392 674 790 820 858 860 875 881 888 894 926 934 1019 1030 1057 1096 1101 1152 1163 1183 1290 1308 1325 1351 1366 1380 1384 1399 1423 1634 1722 1823 1873 1911 1951 1953 1994,CC1=CC(=CC(=C1)N(C)CCCC(C)(C#N)NC2CC2)C
1742,CN(C)CCN1C=CN=C1C2CCCN(C2)C(=O)C3CCC(CC3)O,53 80 241 369 378 387 446 454 590 607 650 652 693 703 739 802 806 807 881 898 926 935 974 1011 1019 1028 1045 1057 1101 1145 1163 1192 1257 1325 1380 1452 1455 1480 1527 1535 1598 1866 1873 1914 1917 1943 1951 2000 2009,CN(C)CCN1C=CN=C1C2CCCN(C2)C(=O)C3CCC(CC3)O
1743,CC1=CC=CC=C1CCNC(=O)CNC2=C(C=CC(=C2)CO)Cl,41 58 80 84 139 190 197 222 310 366 482 517 561 597 650 666 667 777 807 828 837 875 1057 1088 1152 1199 1224 1243 1321 1349 1380 1391 1416 1422 1440 1597 1669 1683 1722 1750 1754 1873 1917 1999 2008,CC1=CC=CC=C1CCNC(=O)CNC2=C(C=CC(=C2)CO)Cl
1744,CC(C)N1C2=CC=CC=C2N=C1N3CC4CN(CC4C3)C(=O)C5=NC=NN5,1 9 45 74 85 99 126 157 283 289 357 378 407 437 489 585 609 650 694 739 789 807 862 926 935 1019 1057 1088 1097 1114 1199 1232 1285 1365 1380 1396 1452 1476 1504 1544 1671 1750 1828 1847 1855 1873 1917 1930 1967 2009,CC(C)n1c(nc2ccccc12)C(=O)N1C[C@@H]2CN(C[C@@H]2C1)c1ncn[nH]1
1745,CC(CCN1C=NN=C1Cl)S(=O)C,1 80 281 283 342 378 427 530 561 589 650 739 772 868 919 932 935 992 1057 1129 1145 1164 1265 1298 1346 1380 1455 1473 1683 1738 1873 1975,CC(CCN1C=NN=C1Cl)S(=O)C
1746,CCCN(CCC)C(=O)CCCC(=O)NCC1=CN=C(C=C1)N2CCCCCC2,2 41 80 197 207 217 255 294 310 333 378 407 486 527 619 635 650 670 680 794 807 881 885 926 935 978 1028 1057 1152 1175 1238 1370 1380 1442 1452 1480 1535 1564 1573 1589 1718 1750 1754 1761 1815 1873 1911 1917 1951 1998,CCCN(CCC)C(=O)CCCC(=O)NCC1=CN=C(C=C1)N2CCCCC2
1747,CN1C2=CC=CC=C2N=C1NCC3=CNC=C3,45 80 157 255 276 289 357 378 564 672 758 767 935 954 1057 1088 1097 1114 1145 1152 1199 1229 1285 1380 1416 1506 1611 1651 1750 1754 1804 1855 1873 1879 2004,CN1C2=CC=CC=C2N=C1NCC3=CNC=C3
1748,C1=CC(=C(C(=C1)F)C#N)OCC2=C(C=CC(=C2)C#N)F,80 89 97 102 188 213 216 253 305 358 596 674 695 699 745 762 790 875 1032 1039 1068 1088 1136 1226 1349 1380 1384 1410 1452 1750 1840 1873 1928 1954 1970 1975,C1=CC(=C(C(=C1)F)C#N)OCC2=C(C=CC(=C2)C#N)F
1749,CC(C1=CC=CC=C1)NC(=O)N[C@@H](CO)C(=O)O,1 80 117 151 222 283 308 389 482 596 650 736 807 1057 1088 1152 1199 1365 1380 1476 1554 1581 1624 1627 1695 1750 1844 1873 1917 1929 1989,C[C@@H](C1=CC=CC=C1)NC(=O)N[C@@H](CO)C(=O)O
1750,CCCCCCNC1=CC(=NC(=N1)CC)OC,80 294 308 378 532 591 592 640 667 695 794 841 850 875 883 997 1057 1082 1091 1099 1143 1152 1238 1380 1416 1444 1536 1570 1799 1855 1873 1902 1911 1972,CCCCCCCCNC1=CC(=NC(=N1)CC)OC
1751,C1COCCC12CN([C@H]2C3=CC=CC=C3)S(=O)(=O)C4=C(N=CC(=C4)Cl)N,20 99 119 194 216 350 354 359 373 378 389 392 461 523 561 602 650 656 800 823 875 926 935 950 1019 1060 1088 1162 1171 1187 1198 1199 1279 1380 1405 1407 1452 1457 1459 1476 1527 1535 1644 1663 1683 1750 1824 1873 2016 2040,Nc1ncc(Cl)cc1S(=O)(=O)N1CC2(CCOCC2)[C@H]1c1ccccc1
1752,CCCCCCC1=CC=C(C=C1)S(=O)(=O)NC2=CC(=CC=C2)Cl,4 80 165 191 216 294 310 319 350 502 561 591 592 650 703 715 743 744 794 875 883 978 1039 1045 1057 1088 1128 1143 1152 1184 1243 1270 1380 1444 1476 1683 1750 1754 1873 1911,CCCCCCCCCCCCCCCCCCCCCCCCCCCCCCCCCCCCCCCCCCCCCCCCCCCCCCCCCCCCCCCCCCCC2
1753,CCC1CCC(N1C(=O)NC(C)(C)CC(=O)O)C,80 114 135 218 270 294 353 354 389 392 475 631 650 734 807 926 935 956 1019 1057 1061 1075 1152 1191 1290 1309 1317 1325 1454 1552 1600 1737 1738 1876 1917,CCC1CCC(N1C(=O)NC(C)(C)CC(=O)O)C
1754,CCC(C(=O)OCl)OC(=O)C,1 69 80 147 294 333 650 695 719 780 806 807 1017 1035 1057 1292 1300 1394 1532 1544 1683 1917 1939,CCC(C(=O)OC(CC)C(=O)Cl)OC(=O)C
1755,CN(C)[C@H]1C[C@H](CC[C@@H]1NC2=CC(=C(C=C2)S(=O)(=O)N(C3=NC=NC=C3)OC=O)F)C4=CC(=CC=C4)C(F)(F)F,114 140 155 191 273 287 329 350 358 377 378 380 392 401 476 489 560 640 650 694 695 699 753 809 815 843 850 861 875 881 926 1004 1005 1019 1023 1039 1042 1057 1083 1088 1152 1163 1208 1260 1279 1292 1325 1341 1380 1403 1417 1428 1441 1452 1453 1476 1491 1522 1589 1603 1614 1663 1678 1704 1750 1840 1860 1866 1873 1918 1928 1949 2000 2017 2029,CN(C)C1CC(CCC1NC2=CC(=C(C=C2)S(=O)(=O)N(C)C3=NC=NC=C3)F)C4=CC(=CC=C4)C(F)(F)F
1756,C1=CC(=CC(=C1)[N+](=O)[O-])C=CC(=O)NC2=C(C=C(C=C2)[N+](=O)[O-])Cl,31 272 327 366 561 618 650 694 715 753 807 835 838 875 888 1015 1039 1088 1152 1181 1195 1224 1274 1308 1353 1380 1443 1517 1610 1683 1750 1809 1814 1816 1856 1873 1917 1940 1963 2033 2041,C1=CC(=CC(=C1)[N+](=O)[O-])/C=C/C(=O)NC2=C(C=C(C=C2)[N+](=O)[O-])Cl
1757,CC1=NOC(=N1)CCNC(=NC)NCCC2=CC=CC=N2,78 80 101 126 172 197 248 378 448 656 667 724 725 756 807 828 917 943 1057 1088 1126 1152 1153 1155 1160 1199 1243 1344 1380 1452 1542 1626 1704 1722 1750 1769 1855 1860 1866 1873 1898 1913 2047,CC1=NOC(=N1)CCNC(=NC)NCCC2=CC=CC=N2
1758,C1COCCC1NC2=NC=C(C(=N2)C3=CC4=C(CN(C4=O)CC(NC5COC6=CC=CC=C56)O)C=C3)Cl,1 66 80 145 182 209 227 267 314 323 352 366 369 370 371 378 441 453 523 544 561 646 650 656 716 721 772 807 875 879 896 926 935 950 959 985 1019 1027 1056 1088 1089 1143 1152 1160 1197 1199 1236 1325 1380 1405 1452 1464 1481 1535 1582 1589 1590 1634 1683 1746 1750 1760 1839 1855 1873 1883 1905 1922 1923 1946 1964 1980 2000 2009,C1COCCC1NC2=NC=C(C(=N2)C3=CC4=C(CN(C4=O)CC(O)O)C=C3)Cl
1759,CC1=C2C=CC=C(C2=CC=C1)C(=O)NCC(=O)N3CC(C[C@H]3C#N)(F)F,80 197 242 251 283 299 383 472 475 486 525 541 602 650 674 679 763 790 804 807 901 926 935 1009 1019 1039 1057 1060 1088 1152 1247 1298 1317 1357 1380 1384 1391 1440 1447 1463 1548 1573 1695 1722 1750 1873 1912 1917 1928 1991 1999,CC1=C2C=CC=C(C2=CC=C1)C(=O)NCC(=O)N3CC(CC3C#N)(F)F
1760,CN(C)S(=O)(=O)C1=CC=C(C=C1)NC(=O)C2=CC3=C(CCCC3)C=C2,112 191 242 310 319 350 433 486 526 556 650 686 715 763 807 815 843 875 881 926 1028 1057 1077 1152 1163 1236 1327 1380 1385 1476 1697 1738 1750 1795 1816 1873 1917 1946 1978 1980,CN(C)S(=O)(=O)C1=CC=C(C=C1)NC(=O)C2=CC3=C(CCCC3)C=C2
1761,CC(C)C(=O)N[C@H]1CC(OC2=CC=CC=C12)(C)C,1 283 349 371 387 419 573 650 656 679 807 917 926 1019 1027 1057 1060 1088 1105 1152 1157 1189 1199 1274 1282 1349 1380 1388 1481 1648 1750 1873 1905 1917 1930 2000,CC(C)C(=O)NC1CC(OC2=CC=CC=C12)(C)C
1762,CC(C(=O)N(C)CC1=CC=C(C=C1)OC(F)F)NC(=O)C2=CC(=CC=C2)[N+](=O)[O-],1 80 117 283 310 322 334 460 482 484 486 507 526 650 654 664 680 695 715 718 723 740 753 807 838 875 881 968 976 989 1039 1050 1057 1088 1102 1147 1152 1163 1195 1274 1380 1385 1456 1610 1666 1750 1754 1809 1873 1917 1928 1940 1963 1985,CC(C(=O)N(C)CC1=CC=C(C=C1)OC(F)F)NC(=O)C2=CC(=CC=C2)[N+](=O)[O-]
1763,C1CC(CN(C1)C(=O)C2=CNC3=CC=CC=C3C2=O)N4CCNC4=O,92 119 210 302 305 314 328 362 369 446 451 525 650 684 739 806 807 918 926 927 935 1019 1028 1082 1088 1114 1150 1199 1317 1325 1357 1380 1423 1480 1504 1573 1729 1750 1783 1866 1873 1879 1910 1917 1937 1991 1993 2009 2010,C1CC(CN(C1)C(=O)C2=CNC3=CC=CC=C3C2=O)N4CCNC4=O
1764,CC1=CC=C(C=C1)[C@H]2C[C@@H]([C@H](CN2C(=O)C3CCCCC3)N4C=C(N=N4)C5=CC=C(C=C5)F)O,2 53 90 192 216 235 242 265 323 378 464 650 699 739 807 845 849 890 896 926 935 965 974 980 1019 1028 1052 1057 1070 1121 1160 1164 1247 1257 1279 1292 1312 1325 1353 1360 1377 1380 1410 1535 1670 1689 1722 1750 1783 1803 1823 1873 1903 1915 1917 1920 1928 1971,CC1=CC=C(C=C1)[C@H]2C[C@H]([C@@H](CN2C(=O)C3CCCCC3)N4C=C(N=N4)C5=CC=C(C=C5)F)O
1765,CC1=C(C(N(C(=S)N1)C(=O)C)C2=CC=CS2)C(=O)OC,14 97 145 177 241 383 398 415 649 650 666 675 677 695 807 841 906 935 1017 1019 1057 1060 1088 1114 1152 1167 1210 1300 1338 1380 1427 1437 1464 1502 1518 1567 1651 1717 1722 1750 1873 1917 1984,CC1=C(C(N(C(=S)N1)C(=O)C)C2=CC=CS2)C(=O)OC
1766,CCOC1CC(C12CCCCC2)NC(=NC)NCCCOCC3CCOC3,2 13 29 39 78 80 126 180 192 197 204 249 294 357 387 393 422 490 523 582 656 667 695 716 725 762 807 823 847 848 926 943 950 1019 1028 1057 1060 1136 1152 1160 1162 1238 1292 1325 1424 1545 1562 1605 1638 1781 1876 1881 1898 1911 1923 1992,CCOC1CC(CC12CCCCC2)COCCCNC(=NC)NC3CCOC3
1767,C1[C@H]2[C@@H]([C@]2(CN1)CC3=CC=CC=C3)C=O,80 286 327 364 389 447 470 519 560 650 694 780 890 926 1004 1019 1046 1060 1066 1088 1114 1136 1199 1308 1380 1437 1618 1734 1750 1754 1873 1881 1997,C1C2C(C2(CC3=CC=CC=C3)CN1)C=O
1768,CC1=C(SN=N1)C(=O)N2CCCC(C2)COC3=C(C=CC=N3)C(F)(F)F,29 80 92 114 219 238 262 313 369 378 383 401 419 446 448 451 484 514 650 675 690 695 739 781 807 809 836 841 893 915 926 935 1019 1028 1043 1057 1088 1136 1164 1235 1325 1380 1449 1452 1453 1475 1480 1502 1504 1722 1750 1846 1866 1873 1917 1928 2009 2027,CC1=C(SN=N1)C(=O)N2CCCC(C2)COC3=C(C=CC=N3)C(F)(F)F
1769,C1CN(CN2C(=CC3=C(C=CC1=C32)C4=C(C(=O)NC4=O)C5=CN=C6N5C=CC=C6)C(F)(F)F)C(=O)N7CCOCC(C7)(F)F,3 11 96 114 170 251 271 283 314 352 378 384 423 428 446 523 546 600 602 650 656 680 729 807 809 819 875 926 935 950 955 974 1015 1017 1060 1088 1101 1114 1150 1199 1224 1236 1267 1347 1357 1380 1440 1441 1452 1453 1479 1480 1488 1496 1535 1594 1620 1621 1635 1657 1692 1738 1750 1786 1839 1858 1859 1862 1873 1888 1917 1928 1969 1980 2009 2038 2047,C1CN(CN2C1=CC3=C(C=CC(=C32)C4=C(C(=O)NC4=O)C5=CN=C6N5C=CC=C6)C7=CN(CCO7)C(=O)N8CCOCC(C8)(F)F)C(=O)N9CCOCC(C9)(F)F
1770,COC1=C(C=C(C=C1)N)NC(=O)C2=CC3=CC=CC=C3O2,94 249 486 647 650 656 695 807 811 841 875 888 947 983 1041 1057 1058 1087 1088 1128 1152 1168 1171 1199 1224 1380 1457 1536 1576 1604 1750 1754 1764 1808 1816 1855 1873 1912 1917 1970 2030,COC1=C(C=C(C=C1)N)NC(=O)C2=CC3=CC=CC=C3O2
1771,C1=CC2=NC(=C(N2C=C1)CF)C(=O)O,3 63 80 85 123 325 378 382 384 389 456 490 553 600 650 807 819 935 979 1088 1101 1197 1199 1239 1380 1750 1855 1873 1917 1928 1969,C1=CC2=NC(=C(N2C=C1)CF)C(=O)O
1772,CC1=NC(=NO1)C(=O)NC2CCN(CC2(C)C)C,207 248 378 387 486 508 602 650 656 807 878 900 926 935 970 993 1000 1019 1057 1060 1145 1152 1184 1232 1274 1280 1325 1380 1424 1480 1520 1539 1542 1632 1722 1728 1849 1853 1855 1917 1939,CC1=NC(=NO1)C(=O)NC2CCN(CC2(C)C)C
1773,C[C@H](C(=O)NC1=CC=CC=C1[N+](=O)[O-])OC(=O)CCOC2=CC=C(C=C2)C(C)(C)C,1 13 33 69 80 102 112 114 139 164 283 322 354 392 573 642 650 695 715 716 718 753 807 838 1034 1057 1088 1117 1144 1152 1195 1199 1224 1269 1339 1380 1386 1417 1441 1452 1556 1564 1665 1696 1750 1816 1861 1873 1917 1963 1977 2026,C[C@@H](C(=O)NC1=CC=CC=C1[N+](=O)[O-])OC(=O)CCOC2=CC=C(C=C2)C(C)(C)C
1774,C1OC2=C(O1)C=C(C=C2)C3=C4C(=NC=C3)NC(=N4)C5=NNC6=C5N=C(C=C6)C7=CC(=CN=C7)NC(=O)C8=CC=CC=C8,74 88 119 142 154 160 191 226 257 323 352 378 379 389 441 486 544 606 650 656 672 738 787 807 875 896 926 927 980 1025 1035 1064 1088 1114 1152 1160 1199 1221 1347 1349 1380 1385 1452 1535 1586 1592 1603 1609 1612 1647 1658 1665 1724 1745 1750 1795 1800 1816 1831 1855 1863 1866 1873 1905 1917 1939 1978 1985 2004 2027 2032 2036,c1cnc2c(c1c1cc3c(cc1)OCO3)nc([nH]2)c1n[nH]c2c1nc(cc2)c1cncc(c1)NC(=O)c1ccccc1
1775,C1CC1CCC(CC2=CN=CC=C2)N,1 29 79 80 114 208 378 437 518 645 739 786 832 926 960 1013 1019 1043 1066 1088 1171 1325 1380 1442 1535 1586 1603 1618 1671 1750 1754 1866 1873,C1CC1CCC2CCC(CC2)CCC(CC3=CN=CC=C3)N
1776,CC1=NC=CN1C2=CC=CC(=N2)C3=CC(=CC=C3)OC[C@@H](CO)O,1 80 118 190 222 227 322 378 387 432 482 526 527 552 562 564 592 658 695 736 806 807 875 879 917 935 974 980 1039 1057 1088 1101 1160 1380 1445 1452 1501 1680 1722 1750 1777 1851 1855 1866 1873 1977 2036 2038,CC1=NC=CN1C2=CC=CC(=N2)C3=CC(=CC=C3)OCC(CO)O
1777,CN(C)C(=O)CN1C=CC2=C1C=CN=C2NC3=C(C=CC4=C3CCO4)Cl,45 80 157 220 255 361 366 378 381 384 441 491 561 650 656 666 708 787 794 807 881 926 935 950 1030 1035 1057 1101 1140 1152 1163 1238 1284 1312 1314 1344 1357 1373 1380 1407 1452 1455 1503 1529 1653 1679 1683 1704 1738 1750 1764 1866 1873 1905 1917 1941 1957,CN(C)C(=O)CN1C=CC2=C1C=CN=C2NC3=C(C=CC4=C3CCO4)Cl
1778,CCCC1=C(SC(=N1)C2=CC=CC=N2)CNCCC,80 162 255 294 303 320 378 448 555 634 667 675 743 770 794 814 980 1004 1057 1088 1152 1155 1199 1243 1380 1452 1523 1667 1726 1727 1750 1851 1855 1866 1873 1897 1934 1950 1985 1990,CCCC1=C(SC(=N1)C2=CC=CC=N2)CNCCC
1779,C1COC(O1)CN2C=NC=N2,43 80 378 489 548 651 656 658 747 751 766 802 807 908 926 932 935 950 1019 1024 1424 1603 1695 1701 1873,C1COC(O1)CN2C=NC=N2
1780,CC1=CC2=NC(=C(N2C=C1)C(=O)O)C3=CC=NC=C3,227 255 323 378 383 389 456 471 552 650 807 819 859 861 875 879 935 1013 1057 1101 1153 1160 1208 1277 1380 1463 1603 1722 1750 1753 1823 1855 1866 1873 1917 1952 1969,CC1=CC2=NC(=C(N2C=C1)C(=O)O)C3=CC=NC=C3
1781,CC1=NC=CN=C1CC(=O)CC(C)C,1 80 92 115 139 283 320 325 350 378 429 520 650 807 1057 1071 1186 1290 1380 1389 1432 1452 1722 1847 1866 1873 1897 1917,CC1=NC=CN=C1CC(=O)CC(C)C
1782,CC[C@H]([C@@H](C)[C@H](CC1=NC(=CO1)/C=C/[C@H](C[C@@H]2CC3=C(C(=CC=C3)O)C(=O)O2)OC)O)O,1 79 80 83 222 227 231 253 283 294 314 344 356 378 384 533 650 656 684 694 695 735 750 765 778 807 835 841 874 888 917 918 926 987 1019 1035 1039 1057 1088 1106 1164 1181 1233 1236 1293 1297 1351 1380 1381 1391 1471 1544 1547 1602 1607 1624 1708 1718 1747 1750 1831 1855 1873 1881 1885 2001,CC[C@H]([C@H](C)[C@@H](C[C@@H]1CC2=C(C(=CC=C2)O)C(=O)O1)/C=C/C3=COC(=N3)C[C@@H](/C=C/C4=COC(=N4)C[C@@H]([C@@H](C)[C@@H](CC)O)O)OC)O
1783,B1(OC(C(O1)(C)C)(C)C)/C=C/C2=CC(=CS2)B(O)O,135 170 191 230 271 285 310 431 445 472 519 552 575 624 656 675 694 807 835 875 897 915 935 1057 1060 1116 1274 1380 1565 1567 1705 1714 1753 1873,B1(OC(C(O1)(C)C)(C)C)/C=C/C2=CC(=CS2)B(O)O
1784,CCOC(=O)C1=C(N(C(=C1C(C)C)SC2=CC(=CC(=C2)Cl)Cl)CC3=CC=NC=C3)C,1 54 80 116 145 147 216 283 294 296 335 343 378 383 407 441 493 552 561 586 598 633 650 659 695 759 802 807 811 865 875 935 1057 1170 1208 1235 1238 1380 1398 1603 1626 1683 1722 1747 1750 1754 1756 1765 1766 1866 1873 1917,CCOC(=O)C1=C(N(C(=C1C(C)C)SC2=CC(=CC(=C2)Cl)Cl)CC3=CC=NC=C3)C
1785,C[C@@H](COCC1=CC=CC=C1)/C=C\C[C@@H](COCC2=CC=CC=C2)O,1 41 80 118 227 267 283 389 488 535 694 695 745 807 870 1057 1066 1088 1157 1199 1356 1380 1465 1559 1624 1747 1750 1754 1824 1842 1873 1992 2038 2042,C[C@@H](COCC1=CC=CC=C1)/C=C/C[C@H](COCC2=CC=CC=C2)O
1786,CC[C@@H](C(=O)NC(C)C)N1C2=C(C=CC(=C2)Cl)C(=O)N(C1=O)C3=CC=CC(=C3)C,1 45 80 116 117 122 165 216 283 294 303 314 390 504 561 573 650 771 807 816 819 862 875 935 958 994 1013 1028 1039 1049 1055 1057 1088 1152 1207 1334 1357 1380 1404 1443 1445 1486 1544 1602 1683 1722 1733 1750 1823 1825 1873 1917 1993 2039,CCC(C(=O)NC(C)C)N1C2=C(C=CC(=C2)Cl)C(=O)N(C1=O)C3=CC=CC(=C3)C
1787,CCN(CC(=O)NCCOCCOCC(=O)O)C(=O)N1C2=CC=CC=C2C(=N1)C(=O)O,13 41 45 59 80 124 197 283 294 378 389 456 485 490 592 597 650 667 684 691 695 807 881 932 935 978 979 1008 1016 1022 1057 1088 1152 1190 1199 1200 1275 1285 1357 1380 1537 1573 1649 1737 1750 1790 1873 1894 1917 1956 1982 1992 1999 2004 2023,CCN(CC(=O)NCCOCCOCC(=O)O)C(=O)N1C2=CC=CC=C2C(=N1)C(=O)O
1788,CC(=O)CN(COC1=C(C=C(C=C1)Cl)Br)C2=CC=CC(=C2)C(=O)O,46 58 80 94 165 216 265 288 389 456 561 640 650 695 728 807 816 833 875 881 1017 1039 1057 1088 1096 1138 1190 1249 1302 1334 1380 1385 1390 1452 1550 1631 1683 1687 1750 1770 1832 1873 1898 1917 1928 1970 1985,CC(=O)CN(COC1=C(C=C(C=C1)Cl)Br)C2=CC=CC(=C2)C(=O)O
1789,CCCCC1=NC(=C(N1)C(C(=S)NC(=O)C2=CC=CC=C2)NC3=C(NC=N3)C(=O)N)Cl,1 80 83 97 110 140 284 294 309 339 342 378 389 465 478 486 561 591 644 650 653 690 702 708 713 779 794 806 807 834 930 975 982 1041 1057 1088 1114 1119 1152 1171 1199 1236 1243 1272 1282 1380 1385 1435 1452 1494 1622 1665 1683 1745 1750 1757 1855 1864 1873 1911 1917 1985,CCCCC1=NC(=C(N1)C(C(=S)NC(=O)C2=CC=CC=C2)NC3=C(NC=N3)C(=O)N)Cl
1790,CC(=O)N[C@@H]1[C@H]([C@@H]([C@H](O[C@H]1OC(=O)C)COC(=O)C)F)OC(=O)C,32 58 80 147 216 235 245 387 388 521 538 564 610 650 656 695 696 807 846 1017 1019 1035 1057 1126 1136 1152 1177 1276 1293 1323 1612 1614 1731 1917 1921 1928 1950 1977,CC(=O)N[C@@H]1[C@H]([C@@H]([C@H](O[C@@H]1OC(=O)C)COC(=O)C)F)OC(=O)C
1791,CC1=C(C=CC(=N1)NCCCOC)Br,13 80 92 273 378 404 476 486 490 532 533 667 695 728 833 841 967 1005 1057 1099 1152 1225 1380 1416 1574 1631 1722 1750 1855 1873 1911 1972,CC1=C(C=CC(=N1)NCCCOC)Br
1792,CC1=CC(=CC=C1)C2=C3CCCC(=O)C3=CN2,2 155 236 314 352 361 650 736 751 806 875 892 926 1013 1028 1039 1055 1057 1088 1114 1160 1318 1339 1380 1387 1391 1463 1722 1738 1750 1762 1823 1866 1873 1879 1906,CC1=CC(=CC=C1)C2=C3CCCC(=O)C3=CN2
1793,C1CC1COC2=CC=CC=C2CN=C(NCCC3=CC=CO3)NCCN4CCOCC4,29 80 197 335 372 474 523 527 586 656 663 667 695 714 725 787 807 828 859 926 935 950 1019 1038 1088 1136 1145 1152 1160 1183 1199 1233 1243 1325 1349 1380 1405 1410 1439 1441 1449 1452 1466 1480 1482 1518 1597 1671 1690 1744 1750 1791 1849 1873 1898 1926 1934 1970,C(=N\Cc1c(OCC2CC2)cccc1)(/NCCN1CCOCC1)\NCCc1occc1
1794,CC(C(=O)NC1=CC=CC=C1C(F)(F)F)N2C(=O)CCC3=C2C=CC(=C3)Br,1 114 197 262 283 314 419 573 650 670 708 728 766 798 807 809 875 886 909 915 925 926 929 935 1057 1088 1152 1157 1199 1219 1224 1236 1295 1319 1380 1384 1411 1453 1597 1631 1665 1696 1738 1750 1816 1861 1873 1915 1917 1928 1943,CC(C(=O)NC1=CC=CC=C1C(F)(F)F)N2C(=O)CCC3=C2C=CC(=C3)Br
1795,CN(C1CCS(=O)(=O)C1)C(=O)C2(CC2)C(=O)N3CCCCCC3,2 148 207 265 369 469 516 632 650 807 809 881 926 935 1004 1019 1028 1057 1060 1162 1163 1229 1325 1360 1362 1445 1480 1481 1487 1638 1753 1788 1824 1861 1917 1998 2000 2009 2037,CN(C1CCS(=O)(=O)C1)C(=O)C2(CCCCC2)C(=O)N3CCCCC3
1796,CCC1=CC=CC=C1N2C(=O)/C(=C/C3=C(N(C(=C3)C)C4=CC=CC(=C4)C(=O)OCC)C)/C(=O)NC2=O,80 145 147 160 281 294 314 469 650 694 695 703 722 759 796 807 817 875 878 879 883 911 935 961 1019 1039 1049 1057 1060 1088 1114 1120 1199 1238 1285 1295 1314 1349 1356 1380 1385 1412 1445 1504 1522 1560 1597 1647 1657 1686 1722 1750 1766 1799 1825 1873 1917 1985 1993,CCC1=CC=CC=C1N2C(=O)/C(=C\C3=C(N(C(=C3)C)C4=CC=CC(=C4)C(=O)OCC)C)/C(=O)NC2=O
1797,CC1=C(C(=C(C=C1)F)[C@H]2CNC(=O)N2)Cl,216 301 314 422 438 470 561 650 699 803 840 926 1011 1019 1057 1114 1285 1380 1391 1447 1526 1648 1683 1691 1722 1747 1750 1840 1866 1873 1887 1907 1928 1974,CC1=C(C(=C(C=C1)F)C2CNC(=O)N2)Cl
1798,COC1=CC=C(C=C1)C[NH+]2CCN(CC2)C(=O)C3=C(C=C(C=C3)[N+](=O)[O-])Cl,67 80 118 310 322 362 366 413 561 650 695 715 716 718 753 781 807 831 838 841 875 926 935 942 1057 1147 1183 1195 1218 1274 1380 1480 1504 1517 1536 1683 1690 1729 1750 1754 1777 1809 1814 1840 1873 1917 1926 1940 1963 1991 2009,COC1=CC=C(C=C1)C[NH+]2CCN(CC2)C(=O)C3=C(C=C(C=C3)[N+](=O)[O-])Cl
1799,CCCCCCCCN1CCCC1CC(C)O,1 80 175 227 283 294 446 591 656 794 807 893 913 926 935 1019 1028 1057 1143 1145 1251 1325 1367 1444 1480 1552 1714 1718 1911 1960 2018 2022,CCCCCCCCCCCCCCCCCCN1CCCC1CC(C)O
1800,COC1=CC=C(C=C1)C2=NSC3=C2N=CN=C3SCC(=O)NC4=CC(=C(C=C4)OC)OC,32 41 80 94 116 122 131 140 179 184 191 249 322 323 341 351 378 471 489 514 634 650 675 695 718 758 762 770 781 807 831 841 843 875 896 901 1057 1067 1152 1160 1245 1380 1452 1455 1506 1536 1724 1750 1757 1810 1816 1864 1873 1906 1917 1959 1970,COC1=CC=C(C=C1)C2=NSC3=C2N=CN=C3SCC(=O)NC4=CC(=C(C=C4)OC)OC
1801,C[C@@H]1CCC2=C(C1)C3=C(N2)C=CC(=C3)C(=O)NCCNC(=O)C4=CC=CC=C4,1 8 80 119 122 197 231 265 355 361 389 486 526 650 667 676 703 807 875 926 1019 1057 1088 1114 1148 1152 1199 1256 1290 1299 1309 1318 1325 1348 1357 1380 1385 1665 1697 1738 1745 1750 1825 1873 1917 1939 1978 1985,CC1CCC2=C(C1)C3=C(N2)C=CC(=C3)C(=O)NCCNC(=O)C4=CC=CC=C4
1802,CC1=C(C(C(=C(N1)C)[N+](=O)[O-])C2=CC=NC=C2)C(=O)OCCO[N+](=O)O,13 57 80 145 147 295 367 378 383 650 692 695 715 744 753 807 838 841 1005 1019 1033 1057 1060 1114 1171 1195 1208 1243 1279 1314 1321 1380 1464 1508 1549 1592 1603 1651 1722 1750 1852 1866 1873 1904 1917 1963 2032 2034,CC1=C(C(C(=C(N1)C)[N+](=O)[O-])C2=CC=NC=C2)C(=O)OCCOC
1803,C[C@@]1(C(O[C@H]2[C@@H]([C@H](OC([C@@H]2O1)OCC=C)CO)O)(C)C)OC,80 204 221 222 390 478 573 610 656 676 694 695 700 704 807 823 841 847 915 921 931 940 960 1019 1057 1060 1070 1225 1234 1257 1274 1323 1366 1430 1487 1516 1580 1645 1764 1921 1955 1977,CC1(C(OC2C(O1)C(OC(C2O)CO)OCC=C)(C)OC)C
1804,CC(C)C1=CC=C(C=C1)CC(C2=CC=C(C=C2)F)N,1 79 80 90 283 310 561 598 699 786 857 1033 1057 1171 1270 1365 1380 1410 1496 1670 1750 1754 1771 1804 1853 1873 1928,CC(C)C1=CC=C(C=C1)C(CC2=CC=C(C=C2)F)N
1805,COC1=CC=C(C=C1)OC[C@H]2CN(CC[C@@H]2C3=CC=C(C=C3)F)CC(=O)O,80 90 102 107 226 293 307 322 389 455 650 695 699 718 739 749 781 804 807 831 841 926 935 1019 1057 1136 1208 1248 1261 1267 1279 1296 1312 1325 1345 1380 1410 1452 1480 1536 1670 1737 1750 1791 1803 1873 1917 1928,COC1=CC=C(C=C1)OCC2CN(CCC2C3=CC=C(C=C3)F)CC(=O)O
1806,C[C@@H]1CN(C[C@@H]1N2C3=CC=CC=C3C(=N2)CC(=O)O)S(=O)(=O)C4=CC=C(C=C4)OC(F)F,1 45 80 160 259 319 322 325 350 374 378 389 433 571 585 650 664 695 715 718 723 739 757 761 800 807 903 914 926 935 968 998 1019 1050 1057 1088 1199 1285 1306 1309 1335 1357 1380 1456 1476 1573 1608 1666 1689 1737 1750 1847 1859 1873 1897 1917 1928 1956 2030,C[C@H]1CN(C[C@@H]1N2C3=CC=CC=C3C(=N2)CC(=O)O)S(=O)(=O)C4=CC=C(C=C4)OC(F)F
1807,C#CC1=CC(=C(C=C1)N2CC(=O)N([C@]3(C2=O)CCN(C3)C(=O)C4CCC4)CC5=CC=C(C=C5)C(F)(F)F)F,53 80 102 114 130 164 207 255 310 314 379 383 454 599 602 650 674 699 712 751 798 807 809 814 875 881 901 915 926 935 974 1013 1019 1028 1060 1063 1094 1121 1162 1173 1260 1295 1325 1375 1380 1404 1417 1453 1457 1480 1535 1629 1651 1665 1683 1750 1754 1765 1840 1873 1915 1917 1928 1946 1954 1996 2009,C#CC1=CC(=C(C=C1)N2CC(=O)N(C3(C2=O)CCN(CC3)C(=O)C4CCC4)CC5=CC=C(C=C5)C(F)(F)F)F
1808,CN1CCCC1CC2=CN(C3=C2C=CC=N3)C,80 201 376 378 446 448 458 464 486 494 502 562 752 873 926 935 1019 1028 1043 1057 1088 1145 1325 1349 1357 1367 1380 1409 1452 1480 1546 1552 1573 1696 1750 1780 1866 1873 1914,CN1CCCC1CC2=CN(C3=C2C=CC=N3)C
1809,CC(CNC(=O)/C=C/C1=COC=C1)(C2=CC=C(C=C2)C3=CC=CC=C3)O,31 80 102 114 141 197 278 327 384 389 392 396 536 650 656 685 694 736 787 807 835 896 1006 1009 1057 1088 1152 1160 1181 1199 1302 1308 1380 1417 1432 1441 1665 1706 1750 1873 1908 1917 1959 1964 2033,CC(CNC(=O)/C=C/C1=COC=C1)(C2=CC=C(C=C2)C3=CC=CC=C3)O
1810,CC(C)CN1C(=C(C(=O)NC1=O)N(CCOC)C(=O)CN2C(=O)COC3=C2C=C(C=C3)Cl)N,1 3 13 24 80 165 216 283 314 333 366 407 422 441 466 486 531 561 588 609 650 656 695 728 750 758 783 798 802 807 816 841 875 881 926 935 1005 1035 1057 1066 1114 1171 1238 1273 1295 1304 1312 1380 1398 1457 1469 1539 1541 1671 1683 1708 1739 1745 1750 1846 1847 1873 1905 1917 1922 1951 2026,CC(C)CN1C(=C(C(=O)NC1=O)N(CCOC)C(=O)CN2C(=O)COC3=C2C=C(C=C3)Cl)N
1811,C1C(C2C3=CC=CC=C3C1C4=CC=CC=C24)CNC(=O)CNC(=O)C5=CC=CC=C5,41 80 118 197 226 265 292 357 371 389 486 650 654 807 926 1019 1027 1088 1109 1152 1199 1292 1380 1385 1422 1440 1453 1471 1499 1548 1604 1665 1715 1720 1750 1760 1873 1917 1985,C1C(C2C3=CC=CC=C3C1C4=CC=CC=C24)CNC(=O)CNC(=O)C5=CC=CC=C5
1812,CC1=CC=C(C=C1)/C=C/[C@H]2[C@@H](C[C@H]3[C@@H]2CC(C3)CCCCCOC)O,13 25 29 80 193 235 334 404 431 486 585 622 694 695 712 807 818 832 835 841 849 878 892 926 1005 1019 1057 1143 1206 1228 1249 1250 1257 1292 1341 1342 1380 1481 1652 1722 1741 1750 1823 1873 1911 1920 2033,CC1=CC=C(C=C1)/C=C/[C@H]2[C@@H](C[C@H]3[C@@H]2CC(C3)CCCCCCOC)O
1813,CN1C=CC=C1CN(C2CC2)C(=O)CN(CCCOC)S(=O)(=O)C,13 80 81 95 136 166 189 350 404 486 507 562 650 692 695 710 807 809 841 881 926 935 976 996 1005 1019 1057 1088 1101 1104 1127 1145 1154 1187 1190 1238 1325 1328 1380 1409 1476 1583 1750 1873 1896 1911 1917 1951 2016,CN1C=CC=C1CN(C2CC2)C(=O)CN(CCCOC)S(=O)(=O)C
1814,CC1=CC=C(S1)C(=O)CCC(=O)NC2=C(C=CC(=C2)C(=O)N)N3CCCCC3,2 41 80 140 162 231 309 407 419 510 623 650 675 680 691 721 807 840 875 926 935 936 1028 1057 1152 1171 1224 1244 1285 1295 1380 1382 1385 1465 1480 1564 1693 1697 1722 1727 1733 1750 1778 1793 1816 1873 1915 1917 1941 1948 1998,CC1=CC=C(S1)C(=O)CCC(=O)NC2=C(C=CC(=C2)C(=O)N)N3CCCCC3
1815,CN(C)C1=NC=CC(=N1)N2C[C@@H]([C@@H](C2)OC)NC3CCCN4C3=CC=N4,29 43 61 145 343 378 407 446 510 527 560 586 642 656 695 739 787 798 841 860 881 887 926 935 937 1019 1020 1028 1057 1087 1091 1152 1163 1296 1309 1325 1380 1390 1392 1403 1413 1422 1452 1480 1595 1682 1700 1750 1855 1864 1866 1873 2000,CN(C)C1=NC=CC(=N1)N2CCCC(C3=CC=NN3C2)NC4CN(CC4OC)C5=NC(=NC=C5)N(C)C
1816,C(CF)C(C(C(C(C(C(C(C(F)(F)F)(F)F)(F)F)(F)F)(F)F)(F)F)F)(F)F,1 59 80 114 340 445 535 561 569 886 916 939 972 981 1050 1125 1239 1308 1390 1398 1453 1507 1928,C(CF)C(C(C(C(C(C(C(C(C(C(C(C(C(C(F)(F)F)(F)F)(F)F)(F)F)(F)F)(F)F)(F)F)(F)F)(F)F)(F)F)(F)F)F)(F)F)(F)F
1817,COC1=CC=C(C=C1)C2=CC3=C(C=C2)NN=C(C3)N,74 101 309 322 378 478 695 718 781 785 814 831 841 875 896 903 926 1057 1114 1160 1170 1171 1236 1283 1380 1457 1536 1564 1666 1746 1750 1798 1873 1964 1982,COC1=CC=C(C=C1)C2=CC3=C(C=C2)NN=C(C3)N
1818,CC(C)C1=CC=C(C=C1)C2=NN3C(=NN=C3S2)C4CCCN(C4)S(=O)(=O)C,1 109 122 162 283 288 350 378 383 384 412 446 539 561 585 598 650 675 692 739 833 896 904 926 935 966 1019 1028 1030 1045 1057 1160 1164 1325 1365 1380 1426 1476 1480 1598 1750 1754 1796 1804 1853 1873 1917 1934 1943 1956 1993 2000,CC(C)C1=CC=C(C=C1)C2=NN3C(=NN=C3S2)C4CCCN(C4)S(=O)(=O)C
1819,C1=CC=C(C=C1)OCCNC2=NC3=C(C(=N2)NC4=CC=CC(=C4)C(F)(F)F)NC=N3,13 61 80 102 114 191 322 329 378 389 452 469 490 491 562 600 667 695 703 708 713 806 809 834 875 888 988 990 1034 1039 1088 1114 1152 1199 1206 1215 1260 1366 1380 1416 1417 1452 1453 1522 1530 1582 1587 1750 1855 1873 1928 1961 2008 2017,C1=CC=C(C=C1)OCCNC2=NC3=C(C(=N2)NC4=CC=CC(=C4)C(F)(F)F)NC=N3
1820,CC1=CC(=CC=C1)N2CCN(CC2)[C@@H](C)C3=NC(=NC(=N3)N(C)C)N,1 57 283 378 380 407 409 496 687 732 819 875 881 920 926 935 1013 1023 1039 1049 1055 1057 1088 1163 1171 1240 1265 1309 1328 1380 1422 1457 1480 1508 1627 1700 1710 1722 1724 1750 1823 1825 1855 1873 1945,CC1=CC(=CC=C1)N2CCN(CC2)C(C)C3=NC(=NC(=N3)N(C)C)N
1821,CCC1=CC=CC=C1N(C2=CC=CC=C2)S(=O)(=O)O,77 80 288 294 343 350 389 547 592 650 654 807 881 1057 1088 1096 1129 1199 1258 1349 1362 1380 1476 1597 1750 1799 1873 1963 2018,CCC1=CC=CC=C1N(C2=CC=CC=C2)S(=O)(=O)O
1822,C[C@@H](C1CCCCC1)NC(C)C2=CC3=C(CCC3)C=C2,1 2 78 242 283 469 532 552 556 875 890 892 926 979 1019 1028 1057 1110 1152 1186 1236 1325 1327 1365 1380 1627 1634 1738 1750 1853 1873 1978 1980 1999,CC(C1CCCCC1)NC(C)C2=CC3=C(CCC3)C=C2
1823,CC(C)C(=O)OCC(CO)OCC(C)COC(=O)CC(C)C1=CC=CC=C1,1 80 118 125 147 222 283 316 347 389 482 501 502 546 579 582 599 650 695 718 729 801 807 991 1057 1088 1166 1199 1290 1349 1365 1380 1386 1464 1581 1584 1713 1719 1750 1844 1873 1917,CC(C)C(=O)OCC(CO)OCC(C)COC(=O)CC(C)C1=CC=CC=C1
1824,COCC1=C(C2=C(C=C1)OCCO2)C3(CCCC3)N=C=O,80 194 304 340 427 441 507 650 656 674 695 725 745 802 824 841 854 871 926 950 1005 1016 1028 1035 1039 1057 1060 1063 1162 1294 1349 1380 1443 1529 1638 1658 1741 1750 1860 1873 1905 1984,COCC1=C(C2=C(C=C1)OCCO2)C3(CCCC3)N=C=O
1825,CCC1=NN(C(=C1Br)COC2=CC=CC(=C2)C(C)O)CC,1 34 52 80 85 158 227 233 282 283 294 322 378 394 562 589 644 654 695 728 745 807 875 935 1039 1057 1088 1365 1380 1452 1458 1459 1469 1501 1581 1631 1750 1775 1796 1799 1833 1853 1873 1897 1956,CCC1=NN(C(=C1Br)COC2=CC=CC(=C2)C(C)O)CC
1826,CC1=NN=C(N1C)SC2=C(C=CC(=N2)C(F)(F)F)C(=N)N,32 67 114 116 140 243 319 320 338 378 552 564 623 715 747 789 807 809 895 917 929 935 1043 1056 1057 1104 1145 1164 1171 1380 1434 1440 1449 1453 1722 1750 1855 1873 1889 1928 1991 1992,CC1=NN=C(N1C)SC2=C(C=CC(=N2)C(F)(F)F)C(=N)N
1827,CCC(C)(C(=O)O)NCCOC1=CC(=CC=C1)Cl,13 80 89 114 165 216 294 295 322 369 389 392 471 490 507 561 562 592 650 667 682 695 807 830 875 1034 1039 1057 1088 1152 1261 1380 1452 1501 1683 1722 1750 1873 1917 1977,CCC(C)(C(=O)O)NCCOC1=CC(=CC=C1)Cl
1828,COC(=O)C1(CN(C1)C(=O)OCC2C3=CC=CC=C3C4=CC=CC=C24)CO,80 147 150 222 301 342 352 371 485 561 602 650 695 708 807 833 841 926 935 984 1019 1027 1057 1060 1065 1088 1126 1136 1152 1199 1297 1337 1376 1380 1390 1413 1690 1733 1750 1873 1917 2009,COC(=O)C1(CN(C1)C(=O)OCC2C3=CC=CC=C3C4=CC=CC=C24)CO
1829,CC(C)C1=NC(C(S1)(C)C)C#N,1 104 106 283 378 469 472 598 674 675 760 790 811 1013 1019 1057 1060 1140 1149 1274 1380 1384 1509 1644 1867 1947,CC(C)C1=NC(C(S1)(C)C)C2=NC(C(S2)(C)C)C#N
1830,COC1=CC(=CC(=C1OC)OC)[Se](=O)C2=CC3=C(C=C2)N=C(N3)NC(=O)OC,16 69 119 249 282 333 343 373 378 427 500 650 695 739 781 790 807 841 875 884 925 934 961 1057 1097 1114 1152 1194 1380 1394 1536 1599 1694 1745 1750 1758 1788 1791 1816 1855 1873 1892 1917 1970 1998 2035,COC1=CC(=CC(=C1OC)OC)NC(=O)ONC2=NC3=C(N2)C=C(C=C3)NC(=O)OC
1831,COCCCNC1=NC(=NC(=C1)C2=CC=C(C=C2)OC)Cl,13 80 322 378 404 486 490 532 561 602 667 695 718 781 831 841 875 896 916 930 980 1005 1057 1091 1099 1152 1160 1337 1380 1416 1536 1670 1683 1691 1750 1855 1873 1911 1971 1972,COCCCNC1=NC(=NC(=C1)C2=CC=C(C=C2)OC)Cl
1832,CC1=NN=C(O1)SC2=NC(=C(C=C2)N)C#N,116 117 163 378 495 552 656 674 722 790 891 910 965 1057 1136 1164 1171 1202 1274 1280 1290 1335 1380 1384 1457 1559 1604 1722 1750 1796 1855 1871 1873 1884 1909 1949,CC1=NN=C(O1)SC2=NC(=C(C=C2)N)C#N
1833,CCC1=CC=C(C=C1)NC(=O)C(C)N2CCN(CC2)CC(=O)NC(C)(C)C,1 41 74 80 114 145 191 277 283 294 310 354 392 463 573 603 650 708 807 843 926 935 1057 1077 1079 1152 1265 1312 1380 1411 1480 1553 1559 1561 1627 1664 1682 1750 1754 1791 1799 1816 1873 1917 1920,CCC1=CC=C(C=C1)NC(=O)[C@@H](C)N2CCN(CC2)CC(=O)NC(C)(C)C
1834,CCC1=C(NC(=N1)C(=O)NC2CCN(C[C@@H]2OC)C3=NC(=C(S3)C(=O)O)C(=O)N(C)C)C,65 66 80 99 111 133 161 162 186 190 294 335 377 378 387 389 394 401 407 456 486 490 642 650 675 692 695 739 781 798 807 841 870 881 884 926 935 937 1019 1057 1061 1114 1152 1163 1221 1232 1271 1325 1328 1380 1385 1392 1403 1458 1480 1595 1601 1653 1722 1745 1799 1855 1897 1917,CCC1=C(SC(=N1)N2CC[C@H]([C@H](C2)OC)NC(=O)C3=NC(=C(N3)C)C(=O)N(C)C)C(=O)O
1835,CC1=CC(=NC2=C(C=C(C=C2)N(C)C)OC)C(=C(C1=O)C)N,18 25 84 126 249 314 324 564 650 695 725 781 798 841 875 881 960 972 1057 1093 1096 1163 1171 1213 1214 1289 1379 1380 1418 1457 1476 1536 1598 1604 1652 1700 1722 1750 1768 1829 1873 1970,CC1=CC(=NC2=C(C=C(C=C2)N(C)C)OC)C(=C(C1=O)N)C
1836,CCC(C)C(C)(CNC(=O)NCC1=NC=NN1C)O,1 43 80 114 133 197 255 283 294 311 318 370 378 392 405 489 501 518 650 685 807 935 977 1009 1057 1060 1105 1145 1152 1380 1452 1467 1530 1544 1547 1721 1868 1873 1908 1917 1989,CCC(C)C(C)(CNC(=O)NCC1=NC=NN1C)O
1837,COC1=C(C(=C(C=C1)C=C(C#N)C(=O)NCCC2=CC=CC=C2Cl)OC)OC,32 80 94 179 197 249 295 333 366 412 561 613 650 667 674 694 695 790 803 807 828 841 899 945 961 974 1057 1079 1088 1097 1152 1160 1199 1210 1243 1349 1380 1384 1432 1536 1597 1599 1683 1701 1746 1750 1873 1917 1932 1970 2008,COC1=C(C(=C(C=C1)/C=C(\C#N)/C(=O)NCCC2=CC=CC=C2Cl)OC)OC
1838,C[C@@H](CC#N)C1=CC(=O)NS1,1 80 81 283 287 306 314 335 502 650 674 675 708 790 875 903 1057 1089 1114 1161 1312 1348 1380 1384 1386 1436 1535 1873 1948,CC(CC#N)C1=CC(=O)NS1
1839,CC(C)NC(CCSCC(CO)O)C(=O)OC,1 54 72 80 90 116 147 222 227 243 283 482 500 650 695 736 739 778 807 841 953 979 1024 1028 1057 1093 1152 1162 1182 1484 1810 1917 1977 2038,CC(C)NC(CCSCC(CO)O)C(=O)OC
1840,CC(C1=NC=C(C=N1)OC)NC2=NC3=C(C=CN3)C(=N2)NC4=CN(C=N4)C,1 227 283 322 378 464 479 491 586 614 690 695 708 711 781 795 806 841 920 932 935 950 978 1026 1057 1061 1099 1114 1145 1152 1173 1272 1309 1336 1357 1366 1380 1383 1452 1506 1535 1536 1582 1614 1627 1670 1750 1758 1782 1855 1873 1878 1918,C[C@@H](C1=NC=C(C=N1)OC)NC2=NC3=C(C=CN3)C(=N2)NC4=CN(C=N4)C
1841,CC(=O)OC1=C(C=C2C=C(CCC2=C1)C(=O)NC34CC5CC(C3)CC(C5)C4)OC(=O)C,84 172 217 269 337 344 486 596 643 650 664 679 695 807 818 875 926 1017 1019 1035 1057 1060 1152 1236 1257 1267 1292 1380 1446 1448 1468 1542 1665 1670 1673 1699 1729 1738 1775 1873 1901 1917 1970 1976,CC(=O)OC1=C(C=C2C=C(CCC2=C1)C(=O)NC34CC5CC(C3)CC(C5)C4)OC(=O)C
1842,CCC(CCNCC#CC1=CC=CC=C1)CC=C,1 80 102 151 250 294 389 430 641 655 667 674 694 739 743 804 940 980 1004 1057 1088 1140 1152 1157 1162 1199 1218 1267 1366 1380 1420 1544 1645 1734 1750 1873 2015,CCC(CCNCC#CC1=CC=CC=C1)CC=C
1843,CC(C)(C)OC(=O)N1[C@@H](C=C[C@@H]1C2=CNC3=C2N=CN=C3N=[N+]=[N-])CO,11 13 58 80 81 114 222 231 351 378 392 425 453 487 489 558 650 695 725 740 770 806 807 865 935 1019 1027 1057 1065 1075 1083 1114 1138 1203 1215 1236 1275 1305 1380 1449 1452 1516 1530 1573 1574 1681 1724 1741 1773 1810 1838 1859 1873 1879 1915 1917 2024,CC(C)(C)OC(=O)N1[C@@H](C=C[C@@H]1C2=CNC3=C2N=CN=C3N=[N+]=[N-])CO
1844,CCN(C(C)CN(C)C)C(=O)[C@@H]1CC2=CC=CC=C2CN1,1 80 162 199 231 283 294 297 362 465 558 628 650 652 689 738 807 881 926 932 1019 1057 1088 1114 1163 1199 1216 1236 1318 1348 1380 1507 1577 1708 1749 1750 1860 1861 1873 1917 1919,CCN(C(C)CN(C)C)C(=O)C1CC2=CC=CC=C2CN1
1845,C1=CC=C(C(=C1)C2=NC=CC3=C2OC(=CC3=O)C4=CN=CC=C4)F,28 121 133 257 314 323 351 352 365 378 437 451 571 650 656 699 736 787 854 875 984 1032 1043 1088 1160 1199 1357 1380 1452 1500 1535 1586 1603 1604 1606 1690 1750 1803 1840 1866 1873 1911 1928 1944 2044,C1=CC=C(C(=C1)C2=NC=CC3=C2OC(=CC3=O)C4=CN=CC=C4)F
1846,C1C[C@@H](CN(C1)S(=O)(=O)N2CCCC(C2)C(=O)O)O,350 389 446 460 539 585 590 641 650 739 807 926 935 974 1019 1028 1121 1250 1257 1325 1431 1476 1480 1584 1768 1917 1938 1945 1993 2025,C1CC(CN(C1)S(=O)(=O)N2CCCC(C2)O)C(=O)O
1847,COCCNCC1=C(C=CC(=C1)Cl)OCCCO,13 80 94 165 216 222 238 255 473 486 561 667 695 807 816 841 875 1001 1004 1005 1057 1130 1152 1253 1349 1380 1452 1518 1676 1681 1683 1703 1750 1873 1898 1911 1970 1990,COCCNCC1=C(C=CC(=C1)Cl)OCCCO
1848,CCOC(=O)C1=NNN=C1C2=C(C=CC(=C2)C(C)(C)C)O,33 80 94 114 145 147 294 323 352 378 392 490 569 650 655 678 695 708 759 807 869 875 1057 1104 1110 1114 1238 1339 1380 1417 1466 1475 1602 1607 1657 1665 1722 1750 1873 1917 1966 2004,CCOC(=O)C1=NNN=C1C2=C(C=CC(=C2)C(C)(C)C)O
1849,CCC(CC)NC(=O)COC1(CCCC1)CN,1 41 80 117 292 294 420 650 688 695 788 807 872 911 916 926 981 1004 1028 1057 1060 1152 1162 1171 1240 1544 1616 1633 1638 1717 1917 1989 2004,CCC(CC)NC(=O)COC1(CCCC1)CN
1850,CC1=CC(=C(C2=N[Se]N=C12)C)F,24 252 378 545 591 616 699 791 875 1057 1073 1231 1272 1374 1380 1391 1722 1724 1840 1873 1928 1974 2035,CC1=CC(=C(C2=N[Se]N=C12)C)F
1851,C[C@@]1(CCC(=O)NC1=O)N2C=NC3=C(C2=O)C(=CC=C3)Cl,48 172 268 289 314 366 378 504 506 551 561 650 713 745 798 801 926 932 935 974 992 1000 1039 1057 1060 1088 1097 1114 1162 1189 1274 1380 1406 1452 1526 1575 1636 1683 1738 1750 1873 1984 1997,CC1(CCC(=O)NC1=O)N2C=NC3=C(C2=O)C(=CC=C3)Cl
1852,C1CC2(CC1C3=C2C(=O)NC3=O)C4=CC=CC=C4C#N,10 54 314 361 480 650 674 679 708 790 926 1019 1023 1060 1061 1062 1088 1114 1136 1162 1199 1325 1356 1380 1384 1455 1460 1561 1578 1582 1649 1657 1750 1825 1838 1858 1862 1873 1980 2000,C1CC2(CC1C3=C2C(=O)NC3=O)C4=CC=CC=C4C#N
1853,CCC(=O)C1=CC(=CC=C1)NS(=O)(=O)C2=CC3=C(C=C2)NC(C4C3OCC4)C5=CC6=C(C=C5)OCC6,4 35 74 80 140 191 198 294 301 319 350 394 441 481 485 502 519 615 622 650 656 679 703 715 716 743 744 802 807 875 898 908 926 950 1019 1027 1035 1039 1057 1088 1114 1152 1236 1270 1279 1325 1380 1383 1385 1471 1476 1509 1529 1609 1616 1688 1693 1704 1738 1750 1793 1796 1803 1873 1893 1905 1917 1982 1985 1990,CCC(=O)C1=CC(=CC=C1)NS(=O)(=O)C2=CC3=C(C=C2)NC(C4C3OCC4)C5=CC6=C(C=C5)OCC6
1854,CC(C)OC(=O)CC(C1=CC=C(C=C1)OC)NC(=O)CCNC(=O)CCC(=O)C2=CC=CS2,1 7 14 41 69 79 80 117 197 241 246 283 291 322 363 383 419 425 585 597 650 661 667 675 691 695 718 781 807 831 840 841 844 895 915 1057 1088 1152 1244 1290 1317 1365 1380 1386 1465 1532 1536 1564 1567 1589 1693 1750 1853 1873 1917 1978,CC(C)OC(=O)CC(C1=CC=C(C=C1)OC)NC(=O)CCNC(=O)CCC(=O)C2=CC=CS2
1855,CC(C)(C)N1C(=O)C2C(NC(C2C1=O)(CCCNC(=O)N)C(=O)O)C=CC3=CC=CC=C3,5 80 114 140 144 155 184 193 197 314 389 392 408 470 609 650 667 670 694 759 795 807 835 878 892 935 974 998 1019 1048 1057 1060 1088 1114 1152 1158 1171 1179 1181 1199 1228 1261 1353 1380 1457 1520 1526 1560 1603 1687 1750 1873 1876 1911 1917 1934 2025 2033,CC(C)(C)N1C(=O)C2C(NC(C2C1=O)(CCCNC(=O)N)C(=O)O)/C=C/C3=CC=CC=C3
1856,CCN1CCCN(C1=O)C(=O)/C=C/CC2=CC=CC=C2,31 34 80 92 294 314 358 389 407 598 623 650 694 807 926 935 1028 1057 1066 1083 1088 1089 1123 1145 1197 1199 1215 1332 1356 1380 1387 1480 1504 1588 1750 1754 1873 1912 1917 2041,CCN1CCCN(C1=O)C(=O)/C=C/CC2=CC=CC=C2
1857,CCO[P+](=O)C(C1=CN=C2C=CC(=CC2=C1)C(=O)O)F,1 80 155 168 220 236 268 294 378 389 434 456 650 695 807 875 961 981 1050 1057 1097 1119 1138 1139 1150 1191 1238 1249 1365 1380 1385 1452 1535 1572 1603 1644 1697 1750 1855 1873 1906 1917 1928 1950,CCO[P+](=O)C(C1=CN=C2C=CC(=CC2=C1)C(=O)O)F
1858,CC(C1=NC=C(S1)C2=CC=C(C=C2)C(=O)O)N(C)C(=O)OC(C)(C)C,1 62 106 114 162 231 266 283 378 389 392 456 512 650 675 695 781 807 813 881 896 1039 1057 1073 1091 1138 1160 1163 1263 1380 1385 1452 1535 1574 1597 1697 1728 1737 1750 1819 1859 1873 1917 1985,CC(C1=NC=C(S1)C2=CC=C(C=C2)C(=O)O)N(C)C(=O)OC(C)(C)C
1859,C1NC2=C(N1C(C(=O)O)O)N=C(NC2=O)N,1 103 130 227 297 314 334 378 389 650 652 679 697 750 807 811 878 926 935 974 1075 1084 1107 1114 1171 1380 1457 1500 1532 1703 1745 1844 1855 1866 1917 1971,[nH]1c(nc2c(c1=O)NCN2C(C(=O)O)O)N
1860,C1CN(C(CN1)C(=O)O)CC2CC(C(=O)O2)(F)F,80 251 271 305 314 347 389 470 530 531 561 649 650 656 679 750 807 824 908 926 935 969 1019 1060 1099 1114 1135 1308 1380 1385 1391 1431 1480 1583 1597 1627 1917 1928 2020 2022,C1CN(C(CN1)C(=O)O)CC2CC(C(=O)O2)(F)F
1861,CC1=CC=C(C=C1)C(=O)N2CCN(CC2)C3=CN=C(C(=C3)C)N,133 194 235 378 407 497 650 687 800 807 875 926 935 942 1057 1171 1213 1283 1380 1385 1391 1452 1457 1459 1480 1504 1508 1511 1535 1585 1589 1697 1722 1750 1823 1825 1873 1917 1920 2009,CC1=CC=C(C=C1)C(=O)N2CCN(CC2)C3=CN=C(C(=C3)C)N
1862,CCCCCCCC1=NC2=CC(=O)C=C(N2N1)C,80 83 294 314 378 458 591 650 654 794 819 827 854 875 883 930 935 946 1057 1114 1143 1151 1184 1242 1243 1334 1380 1444 1660 1722 1757 1855 1873 1911 1944 2042,CCCCCCCCCCCCCCCCCCC1=NC2=CC(=O)C=C(N2N1)C
1863,C1CO[C@H](CN1CC2=CC=NC3=CC=CC=C23)C4=CC=CC(=N4)C5=CN=CN=C5,80 257 289 302 360 378 388 428 489 556 629 656 739 787 802 913 926 935 950 980 1019 1039 1088 1097 1160 1199 1205 1257 1301 1349 1357 1380 1452 1480 1535 1573 1590 1602 1603 1637 1680 1750 1765 1791 1792 1849 1851 1855 1866 1873 2035 2036,C(N1CCOC(C1)c1cccc(n1)c1cncnc1)c1ccnc2ccccc12
1864,CCCCCOC1=CC=C(C=C1)C(=O)NC2=CC=CC(=C2)C(=O)N,13 80 102 140 184 191 294 309 322 486 591 650 695 703 718 794 807 875 1034 1039 1057 1088 1152 1171 1249 1285 1380 1385 1444 1452 1509 1665 1697 1727 1750 1795 1816 1873 1911 1917 1978 1985,CCCCCOC1=CC=C(C=C1)C(=O)NC2=CC=CC(=C2)C(=O)N
1865,CC1=C(C=C(C=C1)C(=O)N2CCC(CC2)NC(=O)C3=CC(=CC=C3)Br)C,277 294 387 485 486 497 503 526 618 650 652 667 728 766 807 875 909 926 935 942 1019 1039 1057 1088 1152 1168 1249 1273 1325 1380 1385 1391 1480 1504 1631 1634 1655 1691 1697 1722 1750 1873 1917 1985 2009,CC1=C(C=C(C=C1)C(=O)NC2CCN(CC2)C(=O)C3=CC(=CC=C3)Br)C
1866,CC1=CC(=C(C=C1)C2=CC3=C(C=C2)N=CN3CC(C)(C)O)OC,45 80 114 235 249 352 378 392 423 490 510 661 680 695 807 841 855 875 896 932 935 961 1000 1013 1019 1057 1097 1110 1160 1347 1375 1380 1452 1455 1507 1536 1722 1750 1795 1811 1823 1873 1908 1918 1970,CC1=CC(=C(C=C1)C2=CC3=C(C=C2)N=CN3CC(C)(C)O)OC
1867,C1=CC(=CC=C1N2C=C(C=N2)O)F,43 90 233 378 464 604 699 700 745 807 935 1280 1360 1380 1410 1455 1535 1598 1602 1670 1750 1825 1873 1928 2014,C1=CC(=CC=C1N2C=C(C=N2)N3C=C(C=N3)O)F
1868,CC1=CC(=NC(=N1)C(C)C)N2CCN(CC2)C(=O)CC3=CC4=C(C(=C3)Cl)OCCCO4,1 80 110 261 283 325 366 378 407 441 527 528 561 569 598 650 656 684 760 807 854 875 920 926 935 944 950 971 1009 1028 1057 1083 1175 1294 1308 1343 1380 1480 1508 1514 1516 1520 1529 1589 1625 1683 1722 1731 1754 1855 1873 1905 1909 1917 2009 2021,CC1=CC(=NC(=N1)C(C)C)N2CCN(CC2)C(=O)CC3=CC4=C(C(=C3)Cl)OCCCO4
1869,C1=CC(=C(C=C1C2=NC3=C(N2)C=NC=C3)O)N,119 180 343 344 378 419 473 567 807 875 896 910 964 1097 1114 1156 1160 1171 1208 1274 1380 1403 1454 1457 1535 1586 1602 1603 1607 1609 1745 1750 1812 1855 1866 1873,C1=CC(=C(C=C1C2=NC3=C(N2)C=NC=C3)O)N
1870,CSN1CCN(CC1)S(=O)(=O)N(CC2=C(C=C(C=C2)C3=NN=C(O3)C(F)(F)F)F)C4=CC(=CC=C4)F,2 80 89 114 116 140 192 222 230 246 268 288 350 363 378 394 507 510 560 585 650 656 699 749 773 783 809 857 875 881 896 917 926 935 1039 1047 1057 1088 1096 1160 1164 1180 1241 1349 1380 1384 1439 1453 1476 1480 1487 1604 1649 1653 1670 1684 1741 1750 1835 1840 1873 1918 1928 1985,CSC(C)(C)S(=O)(=O)N1CCN(CC1)S(=O)(=O)N(CC2=C(C=C(C=C2)C3=NN=C(O3)C(F)(F)F)F)C4=CC(=CC=C4)F
1871,CC(C1=CN=CC=C1)N2CCN(CC2)C(=O)[C@@H]3CCCN3C(=O)C4=CC=CS4,1 14 79 186 193 241 242 246 283 334 354 378 383 419 437 446 531 553 650 675 686 732 807 915 926 935 1019 1028 1043 1057 1088 1154 1265 1325 1365 1380 1466 1480 1504 1535 1539 1567 1581 1586 1589 1603 1627 1710 1750 1866 1873 1917 2009,CC(C1=CN=CC=C1)N2CCN(CC2)C(=O)C3CCCN3C(=O)C4=CC=CS4
1872,CC(C)C1=CNC(=C1)/C=N\NC(=O)N,1 43 140 283 318 348 598 650 694 725 806 807 864 875 924 1057 1114 1127 1152 1171 1244 1305 1336 1365 1380 1526 1586 1804 1867 1871 1873 1879 1917 2008,CC(C)C1=CNC(=C1)C=NNC(=O)N
1873,C1=CC(=C(C(=C1)F)C(=S)N)OC2=CC(=C(C=C2Cl)Cl)Cl,97 110 140 293 366 561 586 695 699 807 875 1032 1039 1088 1110 1113 1171 1183 1291 1362 1380 1410 1447 1554 1600 1617 1683 1750 1840 1851 1868 1873 1928 1970,C1=CC(=C(C(=C1)F)C(=S)N)OC2=CC(=C(C=C2Cl)Cl)Cl
1874,C1COC2=C1C=C(C=C2)C3=NN(C(=O)C=C3)CC4=CC=CC=C4,80 140 158 314 378 389 394 441 615 650 656 672 806 875 896 925 926 935 950 980 1006 1009 1025 1035 1066 1088 1120 1141 1160 1170 1199 1236 1380 1529 1683 1704 1738 1750 1754 1765 1873 1883 1905 1956,C1COC2=C1C=C(C=C2)C3=NN(C(=O)C=C3)CC4=CC=CC=C4
1875,CC(C)NC(=O)N1CC(C1)N2C=CN=N2,1 107 117 218 242 281 283 378 650 714 739 741 807 926 935 965 1019 1028 1057 1082 1101 1152 1192 1228 1300 1404 1556 1620 1783 1866 1873 1910 1917 2009,CC(C)NC(=O)N1CC(C1)N2C=CN=N2
1876,B(C1=CC=C(C=C1)C2=CC=C(C=C2)B(O)OC(C)(C)C(C)(C)O)(O)OC(C)(C)C(C)(C)O,82 114 271 392 459 575 695 717 721 807 896 913 1019 1057 1160 1380 1427 1565 1750 1839 1845 1852 1873 1908 1964,B(C1=CC=C(C=C1)C2=CC=C(C=C2)B(O)OC(C)(C)C(C)(C)O)(O)OC(C)(C)C(C)(C)O
1877,CC1=CC(=NC(=N1)Br)C2=CC3=C(C=C2)N(C(=O)C3)C,3 314 378 440 497 517 650 675 728 777 798 806 875 896 916 926 935 971 980 987 1055 1057 1074 1145 1160 1170 1209 1236 1295 1380 1520 1564 1631 1722 1731 1750 1855 1873 1915,CC1=CC(=NC(=N1)Br)C2=CC3=C(C=C2)N(C(=O)C3)C
1878,C1CCC(C1)S(=O)(=O)C2=CC=C(C=C2)NC(=O)C3=CC=C(C=C3)CN4C(=O)CCC4=O,80 191 310 314 319 350 475 486 588 630 650 715 798 807 843 890 926 935 1019 1028 1077 1152 1184 1219 1235 1325 1330 1380 1385 1426 1476 1515 1665 1683 1697 1738 1750 1754 1765 1795 1812 1816 1873 1917 1978 1985,C1CCC(C1)S(=O)(=O)C2=CC=C(C=C2)NC(=O)C3=CC=C(C=C3)CN4C(=O)CCC4=O
1879,CCN[C@H](CC1=CC=CC=C1)C(=O)OC,1 54 79 80 147 163 294 389 650 695 736 782 807 841 857 1057 1066 1088 1152 1162 1199 1380 1554 1602 1726 1750 1754 1873 1917 2006,CCN[C@@H](CC1=CC=CC=C1)C(=O)OC
1880,CCN(CC)C1=CC=C(C=C1)C=NNC(=O)CN2C(=CC(=C(C2=O)C#N)COC)C,25 41 80 180 213 270 294 309 314 318 358 504 623 650 674 694 695 725 745 790 802 807 841 864 873 875 881 883 924 932 935 960 1005 1057 1077 1096 1136 1152 1190 1302 1312 1349 1380 1384 1658 1687 1708 1722 1750 1817 1867 1873 1876 1917 2003 2033 2047,CCN(CC)C1=CC=C(C=C1)/C=N\NC(=O)CN2C(=CC(=C(C2=O)C#N)COC)C
1881,C[C@@H](C1CCCCC1)NCC2=C(C=CO2)C(=O)O,1 2 35 52 80 166 196 255 283 389 434 456 515 551 650 656 782 787 807 890 926 941 1019 1028 1047 1057 1110 1135 1152 1186 1233 1325 1380 1634 1750 1873 1917 1978 1991,CC(C1CCCCC1)NCC2=C(C=CO2)C(=O)O
1882,CC(C)(C1=CC(=C(C=C1)C2=CC(=C(S2)NC3=CC=CC(=N3)CC[P+](=O)O)C(=O)N)F)O,50 62 76 80 114 140 162 172 236 309 315 352 378 392 434 491 589 650 675 680 699 721 724 807 875 892 1017 1039 1057 1082 1088 1099 1107 1134 1152 1171 1218 1243 1261 1266 1296 1348 1362 1380 1392 1417 1649 1652 1665 1750 1818 1840 1855 1873 1908 1917 1928 1960 1980 1991 2012 2042,CC(C)(C1=CC(=C(C=C1)C2=CC(=C(S2)NC3=CC=CC(=N3)CC[P+](=O)O)C(=O)N)F)O
1883,CCN(CC1=CC=CC=C1)C(=O)CN2C=CN(C(=O)C2=O)C3=CC=C(C=C3)OCC,69 80 98 102 233 237 294 314 322 389 408 504 507 564 587 624 650 695 718 807 881 890 932 935 978 1008 1057 1066 1088 1101 1147 1199 1238 1260 1305 1312 1314 1380 1452 1455 1750 1754 1825 1873 1905 1917 1953 2033,CCN(CC1=CC=CC=C1)C(=O)CN2C=CN(C(=O)C2=O)C3=CC=C(C=C3)OCC
1884,CCCNC(=O)C(C1=C(C=CC(=C1)Cl)F)Cl,1 33 68 80 165 197 216 237 294 373 512 561 573 607 650 667 699 794 807 814 816 875 914 1057 1133 1152 1222 1317 1380 1683 1750 1840 1873 1917 1928,CCCNC(=O)C(C1=C(C=CC(=C1)Cl)F)Cl
1885,CC(C)(C)C1=NN=NN1C2=C(C=C(C=C2Cl)Cl)C(=O)O,114 124 146 186 216 242 257 352 366 378 389 392 456 561 632 649 650 807 822 875 935 1047 1057 1164 1209 1339 1380 1434 1497 1633 1648 1683 1747 1783 1852 1873 1917 1991,CC(C)(C)C1=NN=NN1C2=C(C=C(C=C2Cl)Cl)C(=O)O
1886,CC(C(=C(C)C)C)OC1=CC(=C(C=C1)C#N)Cl,1 35 120 194 283 322 361 366 561 664 674 695 717 718 756 766 790 807 875 1017 1057 1136 1269 1380 1384 1454 1530 1683 1750 1763 1862 1873 1917,CC(C(=C(C)C)C)OC1=CC(=C(C=C1)C#N)Cl
1887,C1=CC=C2C=C3C(=CC2=C1)C=CC4=C3[C@H]([C@H](C=C4)O)O,21 109 164 203 322 547 807 836 875 1019 1057 1083 1087 1088 1196 1199 1257 1316 1344 1357 1380 1448 1557 1560 1648 1703 1750 1797 1855 1873 1914,C1=CC=C2C=C3C(=CC2=C1)C=CC4=C3C(C(C=C4)O)O
1888,CCCOC(=O)N1C[C@H](C[C@]2([C@@H]1C([C@H](O2)C(=O)NC=O)C)C)C,13 80 98 147 167 176 242 260 274 294 334 349 353 380 539 650 656 679 689 694 695 739 794 807 870 926 935 960 978 1004 1019 1022 1057 1060 1065 1070 1146 1148 1152 1274 1309 1329 1403 1519 1685 1885 1917 1962 2040,CCCOC(=O)N1C[C@H](C[C@]2([C@@H]1[C@H]([C@H](C[C@](O2)(C)[C@H]3[C@@H]([C@H](C[C@@](O3)(C)C4C(C(CC(O4)(C)C)NC=O)C)NC=O)C)NC=O)C)C)C
1889,CCCNC(=O)C1=CSC(=C1C)S(=O)(=O)N,8 80 197 252 294 350 471 486 552 650 667 675 794 807 814 833 865 917 1057 1078 1133 1152 1171 1317 1341 1342 1380 1476 1567 1607 1722 1873 1917 1991,CCCNC(=O)C1=CSC(=C1C)S(=O)(=O)N
1890,C1=CC=C(C=C1)C2=NN(C3=C2C=CC(=C3)/C=C/CO)C4=NC(=CS4)OC=O,25 45 80 222 273 287 323 378 389 471 552 582 635 650 675 694 695 736 807 835 875 935 975 1004 1088 1089 1160 1189 1199 1312 1356 1357 1380 1385 1397 1488 1508 1567 1570 1599 1601 1653 1733 1750 1792 1842 1845 1851 1852 1855 1873 1956 1993 2033 2041,C1=CC=C(C=C1)C2=NN(C3=C2C=CC(=C3)/C=C/CO)C4=NC(=CS4)OC=O
1891,COC(=O)[C@@H]1C[C@@H](CN1CC2=CC=CC3=CC=CC=C32)NC(=O)C4=CC=CC=N4,37 42 80 298 378 387 448 471 486 531 534 552 560 649 650 667 695 739 807 841 855 913 926 935 1019 1039 1057 1087 1088 1104 1152 1155 1199 1292 1349 1357 1380 1444 1452 1512 1573 1597 1634 1683 1750 1765 1855 1866 1873 1917 1967 1985 2022,COC(=O)[C@@H]1C[C@H](CN1CC2=CC=CC3=CC=CC=C32)NC(=O)C4=CC=CC=N4
1892,C1CC1(CO)NCC2=COC=C2,5 80 148 222 255 384 396 656 734 787 807 909 926 1006 1060 1062 1152 1162 1167 1188 1379 1380 1413 1538 1750 1754 1873 1959 1992,C1CC1(CO)NCC2=COC=C2
1893,COCCN(CCC(=S)N)C(=O)C1CC2CCC1C2,13 80 97 110 130 140 209 280 373 397 408 466 486 585 650 695 774 807 841 881 926 978 1005 1019 1028 1057 1148 1171 1292 1300 1325 1345 1348 1446 1564 1568 1614 1646 1917 1951 2047,COCCN(CCC(=S)N)C(=O)C1CC2CCC1C2
1894,CC1=CC(=C(C=C1NC(=O)C2=CC(=CC=C2)NS(=O)(=O)C3=CC=CC=C3)OC)OC,4 191 249 319 350 389 422 486 502 526 575 650 695 703 743 744 807 841 875 883 947 1039 1057 1088 1152 1199 1224 1245 1270 1380 1385 1391 1442 1476 1509 1536 1633 1677 1722 1750 1795 1816 1873 1917 1970 1985,CC1=CC(=C(C=C1NC(=O)C2=CC(=CC=C2)NS(=O)(=O)C3=CC=CC=C3)OC)OC
1895,C1=CC=C(C=C1)CC2=C(N=C3C=C4C=C(C=CC4=C3N2)O)NC(=O)CC5=CC=C(C=C5)I,41 80 155 276 286 310 325 378 381 389 400 503 600 650 661 708 730 745 807 875 903 913 947 960 980 1049 1063 1066 1088 1114 1152 1199 1296 1313 1357 1380 1415 1430 1494 1529 1594 1602 1664 1733 1745 1750 1754 1756 1777 1816 1855 1873 1887 1917,C1=CC=C(C=C1)CC2=C(N=C(N2)C3=NC4=C(C=CC(=C4)O)C(=C3)NC(=O)CC5=CC=C(C=C5)I)NC(=O)CC6=CC=C(C=C6)I
1896,C1CN(C(=O)CN1C2=C(C(=O)N(N=C2)C3=CC=CC=C3)Cl)CC4=CC=C(C=C4)Cl,43 80 215 216 295 310 314 374 378 389 407 504 561 632 650 798 816 858 926 935 1011 1049 1070 1088 1089 1199 1237 1250 1263 1295 1380 1383 1440 1460 1480 1508 1535 1683 1750 1754 1765 1825 1852 1873 1879 1946 2038,C1CN(C(=O)CN1C2=C(C(=O)N(N=C2)C3=CC=CC=C3)Cl)CC4=CC=C(C=C4)Cl
1897,C1CN(CCC1NC(=O)CCC2=CC(=CC=C2)F)C(=O)C3=CN=CC=C3,41 80 104 142 230 378 387 437 497 650 652 699 720 783 807 875 926 935 942 1019 1039 1043 1066 1088 1090 1110 1152 1168 1243 1325 1380 1385 1480 1487 1504 1535 1564 1586 1603 1634 1655 1670 1721 1750 1754 1866 1873 1917 1928 1962 1985 2009,C1CN(CCC1NC(=O)CCC2=CC(=CC=C2)F)C(=O)C3=CN=CC=C3
1898,CC1CCN(CC1)C2=NC(=CS2)C3=CN(N=N3)COCCOC,13 80 192 225 335 378 407 464 486 552 675 695 747 781 821 841 852 893 896 926 935 945 973 980 996 1005 1019 1057 1148 1164 1264 1309 1325 1370 1380 1418 1480 1567 1601 1609 1649 1662 1757 1783 1845 1855 1873 1992,CC1CCN(CC1)C2=NC(=CS2)C3=CN(N=N3)COCCOC
1899,CC[C@@](C)(CC(=O)O)NC(=O)C1=CN=C(C=C1)C,12 80 114 294 295 335 354 378 389 392 426 486 564 650 689 748 758 807 1043 1057 1059 1061 1073 1152 1380 1385 1452 1535 1697 1722 1731 1737 1750 1768 1873 1876 1917,CCC(C)(CC(=O)O)NC(=O)C1=CN=C(C=C1)C
1900,CC1=CC(=C(C=C1)[C@@H](C(C)C)NC(=S)NC2=CC(=C(C=C2)N3CCCC3=O)C)C,1 7 51 97 110 117 184 191 204 215 235 237 283 314 390 650 787 798 805 807 843 875 876 926 935 1013 1028 1047 1057 1113 1138 1152 1182 1295 1327 1380 1391 1436 1457 1480 1704 1722 1733 1738 1750 1773 1782 1816 1823 1873 1915 1960,CC1=CC(=C(C=C1)C(C(C)C)NC(=S)NC2=CC(=C(C=C2)N3CCCC3=O)C)C
1901,CCC1=CC=C(C=C1)N2C(=O)[C@H]3CC4=C([C@@H](N3C2=S)C)NC5=CC=CC=C45,5 80 97 119 145 160 231 233 244 294 310 314 361 463 487 646 650 721 748 926 935 978 1013 1019 1057 1088 1114 1150 1176 1199 1269 1294 1299 1309 1312 1357 1380 1459 1573 1589 1630 1686 1717 1745 1750 1754 1783 1799 1815 1825 1873,CCC1=CC=C(C=C1)N2C(=O)[C@@H]3CC4=C([C@H](N3C2=S)C)NC5=CC=CC=C45
1902,CC1=CC(=NC(=N1)NS(=O)(=O)C2=CC=C(C=C2)NC(=S)NC(=O)C=CC3=CC=CC=C3)C,4 31 80 97 110 191 319 327 341 350 378 389 502 650 694 715 807 835 843 875 878 883 1057 1077 1088 1119 1152 1181 1199 1255 1270 1308 1353 1380 1436 1459 1476 1520 1582 1722 1731 1750 1816 1855 1865 1873 1917 1960 2033,CC1=CC(=NC(=N1)NS(=O)(=O)C2=CC=C(C=C2)NC(=S)NC(=O)/C=C/C3=CC=CC=C3)C
1903,C[C@@H]1C2=CC(=C(C=C2CCN1C(=O)CSC3=NN=C(S3)C)O)OC,40 80 116 160 162 242 249 305 341 378 410 419 614 650 651 665 675 695 717 735 797 807 826 841 875 926 935 999 1007 1009 1019 1027 1057 1164 1236 1309 1380 1414 1480 1510 1536 1557 1602 1607 1660 1664 1722 1738 1743 1873 1888 1917 1959 1970,CC1C2=CC(=C(C=C2CCN1C(=O)CSC3=NN=C(S3)C)O)OC
1904,C[C@@]1(CC(=O)[C@H]([C@@H]([C@H]1C(=O)OCCOC)C2=CC(=C(C=C2)F)OC3=CC=CC=C3)C(=O)OCCOC)O,13 80 147 193 216 227 240 314 322 370 389 486 534 562 582 650 695 699 807 841 860 875 893 925 926 940 993 1005 1019 1057 1060 1088 1154 1199 1243 1274 1279 1303 1380 1396 1457 1567 1617 1642 1655 1750 1764 1772 1788 1803 1818 1840 1873 1917 1928 1970 2000,CC1(CC(=O)C(C(C1C(=O)OCCOC)C2=CC(=C(C=C2)F)OC3=CC=CC=C3)C(=O)OCCOC)O
1905,C1CN(S(=O)(=O)C2=C(N1CC3=CC=CC=C3)C=CC(=C2)Br)CC4=CN=CN4,19 80 94 207 295 315 374 378 389 469 650 713 728 766 806 875 892 909 926 935 973 990 1066 1088 1089 1114 1157 1199 1295 1380 1399 1457 1480 1535 1603 1624 1631 1646 1683 1750 1754 1765 1783 1873 1891 1902 1910 1915 1942 1948 1978,C1CN(S(=O)(=O)C2=C(N1CC3=CC=CC=C3)C=CC(=C2)Br)CC4=CN=CN4
1906,C1COCCN1C2=NC=CN=C2OC3=CC=C(C=C3)C(=O)NC4=CC=C(C=C4)Br,130 191 193 322 378 383 401 407 426 486 523 650 656 695 718 728 788 807 843 909 926 935 950 1014 1071 1077 1089 1152 1157 1380 1385 1405 1441 1452 1472 1480 1617 1631 1649 1665 1697 1750 1795 1816 1845 1866 1873 1917 1978,C1COCCN1C2=NC=CN=C2OC3=CC=C(C=C3)C(=O)NC4=CC=C(C=C4)Br
1907,CCOC1=C(C=C2C(=COC2=C1C)C)/C(=C/C(=O)NC(CC(C)C)C(=O)O)/C,1 80 117 133 145 237 252 283 294 333 384 389 469 650 656 680 694 695 736 759 807 860 875 1017 1057 1120 1152 1181 1233 1238 1250 1357 1360 1380 1391 1452 1482 1512 1560 1624 1665 1683 1722 1784 1820 1844 1847 1873 1917 1961 1964 1991 2001,CCOC1=C(C=C2C(=COC2=C1C)C)/C(=C/C(=O)NC(CC(C)C)C(=O)O)/C
1908,CCC1=C(C(=CC(=C1)[N+](=O)[O-])Br)OC,80 294 333 350 650 695 715 728 753 833 838 841 875 1057 1113 1195 1274 1349 1380 1388 1473 1536 1538 1599 1631 1799 1809 1873 1882 1963,CCC1=C(C(=CC(=C1)[N+](=O)[O-])Br)OC
1909,CNC[C@@]1(C2=CC=CC=C2CCO1)N3C=CN=C3,80 140 323 378 385 470 474 580 612 656 843 926 932 935 950 1007 1017 1057 1060 1088 1095 1101 1152 1154 1199 1236 1380 1399 1415 1430 1460 1603 1643 1654 1708 1727 1738 1750 1866 1873 1980 1995,CNCC1(C2=CC=CC=C2CCO1)N3C=CN=C3
1910,CC1=CC=C(C=C1)N(C2=NC(=CS2)CNCC(CC(C)C)C(=O)O)C(=O)C,1 20 80 235 245 255 283 378 389 394 440 459 463 477 552 606 636 650 675 680 724 759 807 881 893 960 964 965 1004 1017 1057 1096 1123 1152 1380 1459 1567 1588 1682 1722 1750 1817 1823 1830 1844 1847 1855 1873 1877 1917 1920,CC1=CC=C(C=C1)N(C2=NC(=CS2)CNCC(CC(C)C)C(=O)O)C(=O)C
1911,CC1CCC(CC1)CNS(=O)(=O)C2=CN(N=C2)CCO,29 43 80 205 222 232 317 319 350 378 464 473 502 650 747 807 821 926 935 973 984 1019 1057 1145 1148 1152 1221 1224 1309 1325 1375 1380 1397 1476 1535 1604 1626 1671 1719 1818 1873 1945,CC1CCC(CC1)CNS(=O)(=O)C2=CN(N=C2)CCO
1912,CC1=CC(=C(C=C1)C)OCCN2C3=CC=CC=C3N=C2COC4=CC=C(C=C4)C(C)C,1 13 45 80 102 235 283 289 318 322 357 378 465 515 561 598 654 695 718 745 790 802 875 935 948 1013 1057 1088 1097 1110 1145 1199 1274 1285 1365 1380 1391 1452 1518 1615 1691 1722 1750 1804 1823 1832 1853 1854 1855 1873 1912 1970,CC1=CC(=C(C=C1)C)OCCN2C3=CC=CC=C3N=C2COC4=CC=C(C=C4)C(C)C
1913,CC1=CC=C(C=C1)CN2CCC(CC2)NC3=C(C=CC(=C3)OC4=C(C=C(C=C4C)C)C)[N+](=O)[O-],39 80 112 204 235 310 322 333 354 441 524 650 695 715 716 718 753 784 838 875 926 935 1019 1057 1143 1152 1167 1168 1195 1224 1261 1314 1325 1348 1370 1380 1391 1480 1589 1617 1634 1683 1722 1750 1754 1765 1771 1791 1823 1844 1873 1920 1953 1963,CC1=CC=C(C=C1)CN2CCC(CC2)NC3=C(C=CC(=C3)OC4=C(C=C(C=C4C)C)C)[N+](=O)[O-]
1914,CCCCCC(CCC)CO,1 80 205 222 294 482 591 739 794 807 1057 1283 1321 1420 1444 1499 1530 1824 1911,CCCCCC(CCC)CCCCC(CO)CO
1915,COC1=CC=CC=C1C(=O)NC(C2(CCNCC2)C3=CC=CC=C3)S(=O)(=O)N4C=CN=C4,1 46 117 235 240 249 305 309 346 350 378 389 486 556 560 604 629 650 695 770 772 807 841 843 926 932 935 948 1057 1060 1088 1101 1114 1152 1162 1192 1196 1199 1214 1308 1380 1400 1410 1447 1476 1516 1536 1552 1594 1603 1653 1654 1750 1866 1873 1917 1970 1991,COC1=CC=CC=C1C(=O)NC(C2(CCNCC2)C3=CC=CC=C3)S(=O)(=O)N4C=CN=C4
1916,C1CNCCC1(CNC(=O)C2=CC3=CC=CC=C3N2CC4=CC=NC=C4)F,45 80 100 197 251 305 335 378 383 416 433 452 486 488 493 541 650 753 802 807 820 875 879 926 935 1060 1087 1088 1099 1114 1133 1152 1162 1199 1208 1214 1285 1308 1380 1516 1603 1652 1683 1727 1750 1754 1765 1855 1866 1873 1917 1928,C1CNCCC1(CNC(=O)C2=CC3=CC=CC=C3N2CC4=CC=NC=C4)F
1917,C/C=C/C1=CC2=C(S1)C(=C3C=C(SC3=C2OC=C)C)OC,13 103 131 162 208 273 333 373 452 470 568 675 694 695 721 835 841 844 875 915 935 1045 1057 1284 1357 1366 1380 1491 1536 1599 1645 1677 1691 1722 1795 1858 1873 1996,C/C=C/C1=C(C2=C(C(=C1OC=C)OC)SC(=C2)C)OC
1918,C1=CC(=O)N(C=C1)CCNS(=O)(=O)C2=C(C=C3C(=C2)SC(=N3)NCCN4C=CN=C4)Cl,42 58 80 90 162 306 314 350 366 378 384 385 392 443 485 494 502 561 570 650 667 675 716 717 732 836 843 875 885 932 935 1064 1088 1097 1101 1118 1141 1145 1152 1158 1180 1199 1274 1373 1380 1416 1455 1463 1476 1592 1603 1626 1654 1669 1683 1723 1750 1791 1855 1866 1873,C1=CC(=O)N(C=C1)CCNC2=NC3=CC(=C(C=C3S2)S(=O)(=O)NCCN4C=CN=C4)Cl
1919,C1CCS(=O)(=O)C(C1)C(=O)NC2=CC=C(C=C2)C#CCN,80 102 108 151 191 207 263 410 430 469 629 650 674 689 768 804 807 843 890 926 981 1019 1028 1077 1140 1152 1171 1325 1380 1396 1455 1576 1617 1638 1705 1750 1768 1816 1873 1917 1954 2006,C1CCS(=O)(=O)C(C1)C(=O)NC2=CC=C(C=C2)C#CCN
1920,CC(C)OC1=C(C=CC=N1)NCC(C)C(=O)N,1 80 140 283 378 383 401 448 555 606 650 664 695 766 807 812 877 1043 1046 1057 1088 1118 1152 1171 1212 1224 1280 1372 1380 1416 1452 1696 1750 1760 1866 1873 1917 1978,CC(C)OC1=C(C=CC=N1)NCC(C)C(=O)N
1921,CC1=C2C(=C(SC2=C(C=C1)C)CNC(C)C)CC(C)C,1 79 80 131 162 255 283 360 475 602 675 707 782 854 922 1016 1028 1057 1152 1380 1391 1461 1691 1699 1722 1727 1750 1764 1847 1873 1888 1984 2030 2034,CC1=C2C(=C(SC2=C(C=C1)C)CNC(C)C)CC(C)C
1922,CCS(=O)(=O)CCCOC1=CC2=C(C=C1)C(=O)CO2,13 80 93 294 314 322 350 352 373 441 481 609 650 656 680 695 718 751 875 908 926 1010 1019 1034 1057 1138 1141 1155 1222 1374 1380 1452 1476 1501 1708 1750 1873 1905 1911,CCS(=O)(=O)CCCOC1=CC2=C(C=C1)C(=O)CO2
1923,CCC1CCCN(C1)C(=O)C2=C(C=C(C=C2)NC)C,3 29 67 72 80 191 193 294 362 369 446 451 484 503 650 739 807 843 875 876 926 935 1019 1028 1057 1152 1235 1325 1380 1391 1430 1454 1480 1498 1504 1675 1697 1722 1750 1873 1917 1991 2009,CCC1CCCN(C1)C(=O)C2=C(C=C(C=C2)NC)C
1924,CC(=O)[C@H](CC(=O)C1=CC(=CC=C1)OC)C2=CC=CC=C2,1 80 322 389 403 562 650 679 695 702 746 781 803 807 841 875 954 1017 1039 1057 1088 1199 1290 1365 1380 1384 1385 1536 1581 1625 1693 1750 1751 1873 1917 1972 1985,CC(=O)C(CC(=O)C1=CC(=CC=C1)OC)C2=CC=CC=C2
1925,C1CCC(C1)S(=O)(=O)N(CC(=O)O)C2=CC=CC=C2,66 80 255 288 350 389 416 589 605 650 807 881 890 926 1019 1028 1088 1096 1184 1190 1199 1325 1380 1426 1469 1476 1684 1737 1748 1750 1873 1917,C1CCC(C1)S(=O)(=O)N(CC(=O)O)C2=CC=CC=C2
1926,COC1=CC=C(C=C1)C2=NC3=NNC(=C3C(=C2)C(=O)NCC4=CC=C(C=C4)F)C5=CC=C(C=C5)F,74 80 90 155 197 255 310 322 378 485 486 543 600 638 650 661 695 699 718 732 781 799 807 813 831 841 875 896 912 916 965 980 1057 1114 1152 1160 1239 1317 1380 1410 1536 1573 1670 1750 1754 1784 1855 1873 1917 1928 1971 1984 1991 2004,COC1=CC=C(C=C1)C2=NC3=NNC(=C3C(=C2)C(=O)NCC4=CC=C(C=C4)F)C5=CC=C(C=C5)OC
1927,CCC1C(CCO1)CNC(=S)NCCCOCC,13 80 97 110 118 127 197 226 294 490 610 656 667 695 802 807 828 892 926 950 966 1015 1019 1057 1152 1187 1238 1268 1325 1327 1383 1436 1454 1604 1876 1889 1911 1992,CCC1C(CCO1)CNC(=S)NCCCOCC
1928,CC(C)C(CCC1=CC=CC=C1)NN,1 65 80 283 383 389 484 739 1045 1057 1066 1088 1152 1171 1199 1243 1380 1399 1566 1597 1701 1702 1750 1754 1773 1873,CC(C)C(CCC1=CC=CC=C1)NNN
1929,CC1=CC2=NC=C(C(=O)N2C=C1)NC(=O)NCCOC,13 80 197 312 314 378 399 425 486 504 546 573 650 667 695 807 819 841 872 875 935 1005 1013 1057 1101 1152 1153 1224 1380 1452 1463 1535 1681 1688 1722 1750 1753 1790 1816 1823 1873 1917 1969 1989 2007,CC1=CC2=NC=C(C(=O)N2C=C1)NC(=O)NCCOC
1930,CC1=CC(=C(C=C1)F)NC(=S)NC(C)C,1 97 110 117 206 216 235 237 283 699 725 807 875 929 1013 1028 1057 1152 1211 1224 1380 1404 1436 1444 1722 1750 1816 1823 1840 1873 1928,CC1=CC(=C(C=C1)F)NC(=S)NC(C)C
1931,C1CCN(CC1)CCCNCCCCC2=CC=CC=C2,2 80 389 592 653 667 771 926 935 978 1004 1028 1045 1066 1088 1145 1152 1184 1199 1243 1322 1374 1380 1422 1480 1482 1750 1754 1791 1873 1911 1998,C1CCN(CC1)CCCNCCCCC2=CC=CC=C2
1932,CNC1(CCCC(C1)N2C=NC3=CC=CC=C32)C#N,45 194 285 289 378 484 577 661 674 679 790 913 926 932 935 966 1000 1019 1028 1057 1060 1088 1097 1102 1152 1162 1199 1213 1216 1285 1325 1380 1384 1424 1430 1440 1452 1562 1750 1873 1910 1916 1982 1993,CNC1(CCCC(C1)N2C=NC3=CC=CC=C32)C#N
1933,CCOC(=O)[C@H](C)OC1=NC(=C(C=C1)[N+](=O)[O-])N,1 80 147 283 294 323 354 378 650 664 695 701 715 716 731 753 807 838 851 1057 1171 1195 1238 1269 1348 1365 1380 1457 1459 1518 1570 1722 1750 1818 1837 1855 1873 1917 1963,CCOC(=O)C(C)OC1=NC(=C(C=C1)[N+](=O)[O-])N
1934,CC(C)C1=C(SC2=CC=CC=C21)C(CC3=CC(=C(C=C3)F)F)P(=O)(OC(C)C)OC(C)C,1 79 80 137 162 192 214 216 283 310 461 486 496 531 598 628 633 650 675 695 698 699 827 875 885 966 1006 1057 1088 1191 1199 1311 1357 1380 1527 1539 1573 1626 1744 1750 1754 1761 1785 1840 1873 1928 1958 1978 1990,CC(C)C1=C(SC2=CC=CC=C21)C(CC3=CC(=C(C=C3)F)F)P(=O)(OC(C)C)OC(C)C
1935,CN(CC1=CC=CC=C1)C2=NC(=CN=N2)N3CCCCC3,2 80 145 281 294 378 389 407 411 507 527 680 881 926 935 1028 1057 1066 1088 1101 1147 1163 1164 1175 1199 1309 1380 1480 1535 1630 1750 1754 1757 1852 1855 1873 1998 2000,CN(CC1=CC=CC=C1)C2=NC(=CN=N2)N3CCCCC3
1936,COC1=CC=CC2=C1C3(CCN(CC3)C(=O)C4=NN5C=CC=NC5=N4)OCC2,75 115 140 249 378 406 448 528 611 633 650 656 679 695 751 807 841 926 935 942 950 1017 1027 1039 1057 1060 1088 1101 1123 1146 1154 1162 1163 1171 1236 1380 1410 1452 1457 1480 1504 1520 1536 1550 1673 1674 1708 1738 1750 1855 1860 1866 1873 1917 1956 1970 2009 2035,COC1=CC=CC2=C1C3(CCN(CC3)C(=O)C4=NN5C=CC=NC5=N4)OCC2
1937,CC1CCNC(C1)C(=O)N2CCSCC2,203 232 246 305 362 561 650 675 719 789 807 926 935 1019 1057 1061 1114 1124 1137 1148 1292 1309 1325 1470 1480 1507 1535 1736 1883 1917 1989 2009,CC1CCNC(C1)C(=O)N2CCSCC2
1938,C1=CC=C(C=C1)C(=O)C2=CC=CC=C2C(=O)NCCC3=NC(=CS3)C4=CC=C(C=C4)[N+](=O)[O-],8 9 80 197 378 389 486 552 650 667 675 715 753 769 807 813 828 838 896 955 980 1088 1152 1160 1195 1199 1203 1243 1264 1266 1274 1317 1373 1380 1385 1427 1430 1447 1567 1578 1750 1775 1809 1810 1814 1855 1873 1917 1963 1971 1985 1991,C1=CC=C(C=C1)C(=O)C2=CC=CC=C2C(=O)NCCC3=NC(=CS3)C4=CC=C(C=C4)[N+](=O)[O-]
1939,CCCC1=CC=C(C=C1)/C=C\2/C(=O)N(C(=O)S2)CCN,25 80 143 273 281 294 310 314 588 650 675 694 755 783 794 863 879 935 947 981 1003 1027 1045 1057 1145 1171 1243 1380 1433 1469 1691 1726 1750 1754 1773 1840 1873 2033 2044,CCCC1=CC=C(C=C1)/C=C\2/C(=O)N(C(=O)S2)CCN
1940,C1=CC(=CC=C1C2=CSC(=N2)C(=C(C3=CN=C(C=C3)Cl)O)C#N)Br,278 298 352 355 378 389 552 561 674 675 685 728 790 803 807 896 909 980 1139 1157 1159 1160 1264 1266 1292 1366 1380 1384 1385 1452 1535 1567 1631 1649 1683 1697 1705 1727 1750 1758 1768 1851 1855 1864 1873 1971,C1=CC(=CC=C1C2=CSC(=N2)C(=C(C3=CN=C(C=C3)Cl)O)C#N)Br
1941,CC(C)(C)[Si](C)(C)OC[C@@H]1C[C@H](C(=O)N1C(=O)O)O[Si](C)(C)C(C)(C)C,5 80 114 275 299 314 337 378 389 392 442 465 478 593 650 656 666 695 807 917 926 935 1019 1057 1064 1136 1162 1164 1228 1292 1380 1491 1521 1552 1578 1642 1721 1766 1917,CC(C)(C)[Si](C)(C)OC[C@@H]1C[C@@H](C(=O)N1C(=O)O)O[Si](C)(C)C(C)(C)C
1942,CN=C(NCCCF)N1CCN(CC1)CC2=NOC=C2,74 80 126 178 197 330 378 451 579 645 656 667 724 725 784 787 807 926 935 943 981 1035 1057 1152 1217 1239 1380 1389 1480 1542 1589 1714 1750 1764 1765 1791 1873 1876 1909 1911 1928 1951 2007 2009,CN=C(NCCCF)N1CCN(CC1)CC2=NOC=C2
1943,C1CC1N(C2=C(C=CC(=C2)F)CN)C(=O)C(F)(F)F,80 114 336 346 490 590 650 699 716 797 807 809 833 875 881 926 981 1019 1154 1171 1325 1349 1380 1410 1453 1487 1527 1670 1741 1748 1750 1763 1873 1917 1928 2016 2018 2046,C1CC1N(C2=C(C=CC(=C2)F)CN)C(=O)C(F)(F)F
1944,CNC(CSC)C1CCOC1,1 80 116 394 422 523 656 716 890 926 950 1019 1057 1092 1093 1152 1286 1325 1430 1520 1812 1907 1923 1942 1946 1978 1985,CNC(CSC)C1CCOC1
1945,CCC1=CN=C2C(=C1NC3=CN=CC=C3)C(=O)N(C(=O)N2C)C,80 191 284 294 314 378 381 400 437 491 504 564 650 685 703 771 935 1004 1019 1024 1043 1057 1064 1088 1145 1152 1231 1258 1349 1367 1380 1452 1482 1535 1537 1586 1603 1696 1750 1799 1866 1873 1944 1984,CCC1=CN=C2C(=C1NC3=CN=CC=C3)C(=O)N(C(=O)N2C)C
1946,CCCCCCCCC(CC)SCC,1 31 35 80 116 165 294 591 739 794 1057 1143 1283 1324 1444 1514 1544 1602 1615 1791 1911,CCCCCCCCCCCCCCCCCC(CCC(CC)SCC)SCC(CC)SCC
1947,CC1(C(C2=CC(=C(N=C2O1)C(=O)[O-])C(=O)[O-])O)C,82 378 490 642 650 656 708 715 807 875 1019 1027 1032 1057 1060 1226 1257 1274 1282 1380 1424 1453 1482 1522 1568 1624 1674 1723 1774 1855 1873 1917 1955 1988 1991,CC1(C(C2=CC(=C(N=C2O1)C(=O)[O-])C(=O)[O-])O)C
1948,CC(CO)CSC1=C(C=C(C=N1)[N+](=O)[O-])Br,1 32 47 80 116 164 222 283 341 378 393 414 482 599 650 715 728 753 807 833 838 875 950 1036 1057 1093 1195 1224 1274 1380 1452 1535 1631 1809 1873 1882 1963 2024,CC(CO)CSC1=C(C=C(C=N1)[N+](=O)[O-])Br
1949,CC1=CC2=C(C=C1)O[C@H](CN(C2)CC(=O)NC3CCCC3)C4=CSC=C4,14 41 80 175 235 387 428 552 556 650 653 656 675 734 739 750 807 875 890 892 926 935 953 987 1001 1013 1019 1025 1028 1035 1057 1110 1152 1236 1279 1312 1325 1380 1393 1511 1634 1655 1722 1750 1769 1791 1823 1873 1892 1905 1917 1920 1946 2023 2031 2035,CC1=CC2=C(C=C1)OC(CN(C2)CC(=O)NC3CCCC3)C4=CSC=C4
1950,CSCCN=C(NCCC1=CC=CO1)NC2CC3CCC2C3,11 80 116 130 137 144 197 373 387 394 474 585 656 663 667 712 725 787 807 828 926 995 1019 1057 1088 1152 1160 1182 1233 1243 1292 1325 1380 1403 1439 1446 1457 1466 1518 1536 1564 1568 1744 1750 1873 1898 1926 1934 1936 1942 2047,CSCCC(=NCCC1=CC=CO1)NC2CC3CCC2C3
1951,CC1=CSC(=N1)S(=O)(=O)CCO,19 80 222 350 378 473 481 485 552 625 641 650 675 807 821 985 1057 1174 1274 1380 1395 1476 1567 1722 1731 1855 1873 1924,CC1=CSC(=N1)S(=O)(=O)CCO
1952,CC(C)(C(=NO)N)N1CCN(CC1)S(=O)(=O)N(C)C,91 114 140 186 268 343 350 363 392 409 585 650 725 763 774 807 881 921 926 935 1057 1087 1163 1168 1171 1205 1435 1476 1480 1794,CC(C)(/C(=N/O)/N)N1CCN(CC1)S(=O)(=O)N(C)C
1953,CCCCCCCC(C)CCCN1C=C(N=N1)COC(C)(C)C,1 80 114 283 294 378 392 448 464 488 508 548 591 599 695 724 739 745 747 755 781 794 935 1057 1141 1142 1143 1145 1155 1164 1209 1283 1380 1444 1689 1773 1783 1859 1873 1911 2027,CCCCCCCCCCCCCCCCCC(C)CCCN1C=C(N=N1)COC(C)(C)C
1954,CC1=C(C2=C(C=CC(=C2N=C1C(F)(F)F)OC)OC)NN,71 94 114 230 249 252 279 378 381 382 506 536 549 677 695 809 841 933 1057 1152 1171 1197 1218 1380 1453 1536 1672 1701 1722 1724 1750 1855 1873 1928 1970 1984,CC1=C(C2=C(C=CC(=C2N=C1C(F)(F)F)OC)OC)NN
1955,C1CCN(CC(C1)C2=CC=C(C=C2)F)C(=O)NCCCC3=CC=CC=C3,80 90 197 218 351 369 389 650 667 699 739 772 807 844 849 890 926 935 978 1019 1028 1045 1066 1088 1152 1158 1199 1231 1243 1279 1325 1380 1410 1480 1670 1750 1754 1803 1873 1876 1911 1917 1928 1943 1998 2000 2009,C1CCN(CC(C1)C2=CC=C(C=C2)F)C(=O)NCCCC3=CC=CC=C3
1956,CC(CC1CCC1)NC2CCCC2O,1 29 80 283 484 521 577 807 849 926 954 1019 1028 1041 1057 1063 1152 1175 1257 1288 1325 1403 1715 1718 2009 2018 2036,CC(CC1CCC1)NC2CCCC2O
1957,CC(CN)CN1C2=C(C=CC(=C2)Br)C(=O)C1=O,1 80 283 314 321 352 527 588 599 650 680 728 766 875 879 901 909 935 981 982 1057 1157 1171 1196 1295 1380 1473 1476 1631 1676 1739 1750 1873 1897 1909 1922,CC(CN)CN1C2=C(C=CC(=C2)Br)C(=O)C1=O
1958,C1C(=NOC1(C2=CC(=CC(=C2)Cl)F)C(F)(F)F)C3=CN=CC=C3,18 114 192 216 242 257 378 437 458 556 561 576 605 629 656 662 699 736 767 875 926 940 991 1043 1060 1088 1135 1136 1160 1242 1257 1380 1453 1482 1510 1535 1586 1603 1670 1683 1747 1750 1852 1866 1873 1928,C1C(=NOC1(C2=CC(=CC(=C2)Cl)F)C(F)(F)F)C3=CN=CC=C3
1959,C1=CC(=CC=C1C2=CC=C(O2)C=C(C#N)C3=NC(=CS3)C4=CC=C(C=C4)I)[N+](=O)[O-],38 73 121 270 278 378 453 503 552 650 656 661 674 675 685 694 715 753 769 790 803 807 838 865 896 947 980 1122 1160 1195 1264 1266 1274 1380 1384 1462 1494 1521 1567 1594 1604 1705 1746 1750 1794 1809 1814 1855 1873 1898 1919 1937 1963 1971,C1=CC(=CC=C1C2=CC=C(O2)/C=C(\C#N)/C3=NC(=CS3)C4=CC=C(C=C4)I)[N+](=O)[O-]
1960,CC1=C(N=NN1C2=CC(=CC=C2)[N+](=O)[O-])C(=O)NCC(=O)N3CCCC3,80 144 161 197 256 277 369 378 486 490 650 715 753 760 763 807 826 838 875 926 935 1009 1025 1028 1039 1049 1057 1088 1106 1152 1164 1195 1274 1380 1440 1480 1514 1548 1563 1610 1722 1750 1766 1783 1809 1825 1852 1873 1917 1940 1963 1998 2009,CC1=C(N=NN1C2=CC(=CC=C2)[N+](=O)[O-])C(=O)NCC(=O)N3CCCC3
1961,CC1CCN(CC1)C(=NCC2=CC=C(C=C2)C(=O)NC)N,80 140 310 345 372 486 557 593 624 650 652 725 807 858 926 930 935 945 973 1019 1057 1148 1152 1171 1202 1309 1325 1380 1385 1430 1480 1658 1665 1697 1744 1750 1754 1873 1889 1917 2009,CC1CCN(CC1)C(=NCC2=CC=C(C=C2)C(=O)NC)N
1962,C1CC(CCC1NC(=O)NCC2=CC=CS2)OC3=NC=C(C=C3)C#N,9 14 39 80 98 102 119 196 197 241 255 305 311 378 383 387 489 524 536 650 656 674 675 695 727 790 796 807 926 1018 1019 1060 1088 1136 1152 1238 1256 1291 1325 1380 1384 1452 1518 1535 1567 1570 1599 1634 1655 1750 1873 1917 1954 1989,C1CC(CCC1NC(=O)NCC2=CC=CS2)OC3=NC=C(C=C3)C#N
1963,CCCN(CC(=O)OCC)S(=O)(=O)C1=CC(=C(C=C1)C)C(F)(F)F,54 80 114 147 223 256 262 282 294 319 331 350 419 428 540 650 695 715 785 794 807 809 815 875 881 1057 1190 1238 1328 1380 1386 1391 1443 1453 1476 1691 1722 1750 1761 1873 1917 1928 1951 2033,CCCN(CC(=O)OCC)S(=O)(=O)C1=CC(=C(C=C1)C)C(F)(F)F
1964,CC(C)N1C=CN=C(C1=O)N2CCCC2CCCCl,1 80 130 131 157 283 314 327 363 377 378 387 426 427 446 502 504 634 650 684 832 926 935 1019 1028 1057 1101 1109 1325 1367 1380 1392 1452 1456 1480 1552 1658 1683 1813 1866 1873 1911 1996,CC(C)N1C=CN=C(C1=O)N2CCCC2CCCCl
1965,C1=CC=C(C=C1)C(CO)NC2=NN=C(C=C2)C3=CC=C(C=C3)F,1 80 90 222 291 378 389 482 563 564 625 690 699 807 896 967 980 998 1025 1088 1099 1152 1160 1164 1199 1328 1365 1378 1380 1410 1465 1581 1670 1750 1762 1873 1928 1971,C1=CC=C(C=C1)[C@H](CO)NC2=NN=C(C=C2)C3=CC=C(C=C3)F
1966,C1CC12CC2CN=C(N)NC3=C(C=CC(=C3)F)F,74 80 98 139 140 216 241 393 468 679 689 699 725 807 875 926 1019 1060 1152 1162 1171 1211 1224 1259 1376 1380 1410 1444 1487 1670 1744 1750 1753 1806 1816 1832 1840 1873 1928 2040,C1CC12CC2CN=C(N)NC3=C(C=CC(=C3)F)F
1967,C1CC(CCC1C(=O)O)(CN2C=NC(=C2C#N)C#N)O,37 60 80 95 336 338 378 389 413 417 650 674 745 755 776 790 807 860 926 932 935 965 974 999 1019 1060 1136 1154 1162 1250 1290 1325 1375 1380 1384 1431 1452 1455 1873 1917 2017,C1CC(CCC1C(=O)O)(CN2C=NC(=C2C#N)C#N)O
1968,CC(C)(C)C1CCCN(CC1)CCNCC2CC2,21 29 80 114 255 392 410 446 667 714 799 807 926 935 1004 1019 1028 1057 1096 1145 1152 1261 1325 1422 1480 1482 1604 1610 1618 1671 1719 1779 1791,CC(C)(C)C1CCCN(CC1)CCNCC2CCC(CC2)CNCC3CC3
1969,CC1=CC=CN2C1=NC(=CC2=O)C,67 95 245 314 378 579 600 650 653 771 875 935 938 1057 1088 1101 1141 1380 1391 1520 1696 1722 1731 1750 1855 1873 1969 1999,CC1=CC=CN2C1=NC(=CC2=O)C
1970,CC1=C(C=C(C=C1)OCC2=CC=C(C=C2)OC)C(=C)C3=C(C=C(C=C3)NC4=C(C=C(C=C4)F)F)N=O,18 67 80 107 191 310 322 329 454 459 491 650 654 695 699 718 725 745 754 781 807 819 831 841 843 864 875 927 979 1022 1057 1152 1224 1366 1380 1391 1410 1452 1477 1487 1493 1501 1536 1552 1670 1691 1710 1722 1750 1754 1840 1856 1873 1915 1928 1991 2042,CC1=C(C=C(C=C1)NC2=C(C=C(C=C2)F)F)C(=C)C3=C(C=C(C=C3)OCC4=CC=C(C=C4)OC)N=O
1971,COC1=C(C=C(C=C1)CCNC(=O)C2CC3=C(C4N2C(=O)C5=CC=CC=C45)NC6=CC=CC=C36)OC,80 94 104 119 123 140 197 221 231 249 310 314 352 361 371 531 646 650 667 689 695 707 721 732 807 828 841 875 879 926 935 978 984 1019 1027 1057 1088 1114 1150 1152 1199 1243 1245 1299 1357 1377 1380 1427 1501 1507 1536 1573 1639 1688 1745 1750 1754 1783 1815 1873 1917 1946 1953 1970,COC1=C(C=C(C=C1)CCNC(=O)C2CC3=C(C4N2C(=O)C5=CC=CC=C45)NC6=CC=CC=C36)OC
1972,CC(C)CN1CCCCC1CCNS(=O)(=O)C2=CC=NN2C(C)C,1 42 43 80 157 201 283 350 378 382 502 650 656 667 705 732 832 865 890 926 935 1019 1028 1029 1057 1152 1255 1277 1325 1355 1367 1380 1476 1480 1539 1552 1626 1700 1714 1750 1791 1847 1866 1873 1904 1922 1998 2022 2029,CC(C)CN1CCCCC1CCNS(=O)(=O)C2=CC=NN2C(C)C
1973,CC1=CC(=C(C=C1)C)OC2=CC=C(C=C2)NC(=O)CCC(=O)OC(C)C(=O)C3=CC(=CC=C3)Cl,1 41 69 80 90 165 191 193 216 235 240 283 322 386 561 592 647 650 695 718 807 840 843 875 901 948 1013 1039 1057 1077 1088 1110 1152 1269 1281 1380 1382 1385 1386 1391 1423 1441 1564 1617 1623 1683 1691 1722 1750 1816 1823 1858 1873 1917 1970 1977 1985,CC1=CC(=C(C=C1)C)OC2=CC=C(C=C2)NC(=O)CCC(=O)OC(C)C(=O)C3=CC(=CC=C3)Cl
1974,CC1=CC(=C(N1C2=CC=C(C=C2)OCC3=CC=CC=C3F)C)C=NN4C(=O)C5C6CC(C5C4=O)C=C6,5 58 80 102 233 314 322 328 398 536 596 650 654 694 695 699 703 718 725 745 802 848 864 875 878 883 926 935 961 1019 1032 1057 1068 1083 1088 1107 1199 1246 1292 1349 1356 1380 1389 1452 1457 1504 1516 1525 1597 1722 1730 1750 1762 1766 1825 1831 1840 1873 1928 1993,CC1=CC(=C(N1C2=CC=C(C=C2)OCC3=CC=CC=C3F)C)C=NN4C(=O)C5C6CC(C5C4=O)C=C6
1975,CC1=CC=CN2C1=NC(=C2)C3=CC(=CC=C3)NC(=O)C4=CC=CC=C4SC(F)F,1 38 95 116 184 191 285 377 378 403 464 486 571 579 650 703 730 736 806 807 847 875 935 971 980 984 1025 1039 1050 1057 1088 1101 1152 1160 1199 1250 1380 1391 1444 1447 1494 1507 1612 1645 1662 1696 1722 1750 1816 1855 1873 1917 1928 1978 1991 1999,CC1=CC=CN2C1=NC(=C2)C3=CC(=CC=C3)NC(=O)C4=CC=CC=C4SC(F)F
1976,CC1=C(C2=C(N1)C=CC(=C2)C(=O)O)CC3=C(C=C(C=C3)C4=CC=CO4)Cl,80 119 121 125 138 250 355 366 389 452 456 474 561 650 656 692 787 807 875 896 965 1057 1088 1114 1138 1160 1177 1233 1249 1299 1349 1357 1380 1385 1430 1683 1697 1722 1730 1741 1743 1745 1750 1777 1805 1853 1873 1917 1926 1939 1961 2034,CC1=C(C2=C(N1)C=CC(=C2)C(=O)O)CC3=C(C=C(C=C3)C4=CC=CO4)Cl
1977,C=CC1=CC=C(CC=C1)C=O,227 237 238 399 468 547 576 627 650 694 837 902 909 926 1004 1063 1128 1249 1366 1380 1441 1645 1778 1873 1934,C=CC1=CC=C(C/C=C\C(=C/C=C(\C=C\C1)/C=O)\C=O)C=O
1978,C1CCN2C(=C(C=N2)C(=O)N3CCN(CC3)C(=O)CCS(=O)(=O)C4=CC=CC=C4)C1,29 43 80 245 310 319 350 362 378 389 432 481 575 650 760 807 924 926 935 942 978 996 1009 1028 1063 1088 1091 1174 1199 1367 1380 1407 1422 1442 1450 1476 1480 1504 1535 1564 1589 1738 1750 1873 1887 1917 1991 1998 2009,C1CCN2C(=C(C=N2)C(=O)N3CCN(CC3)C(=O)CCS(=O)(=O)C4=CC=CC=C4)C1
1979,CNC(=NC)NC1=NC(=CS1)CSCCN=C2C(=N[S+](N2)[O-])N,78 80 91 116 117 126 144 158 221 254 345 378 385 386 393 404 541 552 675 715 724 725 762 789 807 943 953 1022 1057 1114 1152 1160 1171 1182 1214 1380 1393 1430 1457 1459 1520 1556 1567 1623 1653 1661 1682 1791 1803 1816 1833 1855 1873 1987 1996,[S+]1(N/C(=N\CCSCc2nc(N/C(=N/C)/NC)sc2)/[S+](N1)[O-])[O-]
1980,CC1=C(C=C(C=C1S(=O)(=O)NCC2CCC(=O)N2)Br)N,80 155 252 300 301 314 350 392 502 638 650 728 783 875 909 910 926 1019 1057 1091 1114 1129 1152 1158 1171 1226 1255 1325 1380 1397 1430 1457 1476 1575 1604 1626 1631 1722 1733 1738 1824 1865 1873 1932,CC1=C(C=C(C=C1S(=O)(=O)NCC2CCC(=O)N2)Br)N
1981,CC(C)CN1CCC(CC1)NCC2=CC(=C(C=C2)OCC3=CC=NC=C3)OC,1 80 94 107 118 249 255 283 310 378 383 411 493 695 745 841 875 926 935 1019 1027 1057 1147 1152 1168 1208 1226 1245 1261 1272 1286 1325 1380 1452 1480 1489 1536 1539 1569 1603 1634 1750 1754 1779 1791 1847 1866 1873 1922 1970 2042,CC(C)CN1CCC(CC1)NCC2=CC(=C(C=C2)OCC3=CC=NC=C3)OC
1982,COCCC1=NN=CN1C2CCN(CC2)S(=O)(=O)C3=CC=CC(=C3)OC,13 80 229 281 318 319 322 326 350 366 369 378 486 562 575 577 585 650 695 707 741 757 781 800 841 847 849 875 926 932 935 1005 1019 1039 1057 1088 1129 1164 1243 1325 1380 1409 1476 1480 1536 1729 1739 1750 1873 1903 1910 1972,COCCC1=NN=CN1C2CCN(CC2)S(=O)(=O)C3=CC=CC(=C3)OC
1983,COC(=O)/C(=C/C1=CC=CC=C1[N+](=O)[O-])/C(Br)Br,1 164 190 299 307 354 441 520 650 694 695 715 716 728 749 753 807 838 841 961 1057 1088 1152 1195 1199 1279 1341 1353 1380 1609 1746 1750 1824 1873 1917 1963 1974,COC(=O)/C(=C/C1=CC=CC=C1[N+](=O)[O-])/C(Br)Br
1984,C[C@@H](C1=NC(=NO1)C(C)C)N2CCN(CC2)CCC(C)(C)C,1 19 41 74 80 114 161 186 248 283 378 392 598 656 685 732 853 920 926 935 997 1057 1145 1243 1265 1308 1380 1480 1482 1499 1542 1627 1710 1791 1855 1866 2021,CC(C)C1=NOC(=N1)C(C)N2CCN(CC2)CCC(C)(C)C
1985,C1=CC(=C(C=C1C(CC#N)N)I)Br,1 50 80 99 335 582 596 603 661 674 728 786 790 805 833 875 947 953 1089 1161 1171 1225 1270 1365 1380 1384 1631 1750 1853 1873,C1=CC(=C(C=C1C(CC#N)N)I)Br
1986,CC(CCC(C)CC(C(=O)N)N)C[C@@H](C(=O)N)N,1 80 140 283 384 599 650 680 739 786 807 1009 1057 1171 1212 1602 1617 1654 1849 1917,CC(CCC(C(=O)N)N)CC(C)CC(C(=O)N)N
1987,C1=CC2=C(C=C1OC(F)(F)F)NN=C2N,74 114 119 145 322 378 548 695 718 864 875 1076 1114 1149 1171 1205 1357 1380 1409 1453 1456 1457 1459 1592 1733 1750 1790 1873 1928 2004,C1=CC2=C(C=C1OC(F)(F)F)NN=C2N
1988,CCCCNC(=O)CN(CCCN(C)C)CCC(=O)O,41 80 197 251 294 389 591 597 650 652 667 693 794 807 881 895 946 1034 1057 1120 1152 1163 1190 1287 1498 1537 1564 1581 1737 1757 1876 1911 1917 1951,CCCCNC(=O)CN(CCCN(C)C)CCCN(CCC(=O)O)CC(=O)NCCCN(CCCN(C)C)CCC(=O)O
1989,CCOP(=O)(/C=C/CC1=C(C(=O)CCC1)CC=C)OCC,80 192 294 314 381 403 484 486 549 609 623 650 689 694 695 751 872 892 926 940 1028 1057 1203 1238 1356 1366 1380 1387 1464 1614 1632 1640 1645 1716 1734 1738 1870 1886 1931,CCOP(=O)(/C=C/CC1=C(CCCC1=O)CC=C)OCC
1990,COC1CC(C1)NS(=O)(=O)CCCO,80 119 169 195 222 350 413 473 481 650 695 807 841 911 926 937 1019 1057 1061 1130 1152 1292 1476 1525 1560 1606 1634 1678 1911 2026,COC1CC(C1)NS(=O)(=O)CCCO
1991,CCC(C1=NC=C(C=N1)CN)OCC,1 80 129 243 294 316 378 695 799 885 920 981 1057 1171 1173 1238 1241 1380 1452 1535 1544 1711 1748 1754 1757 1761 1873 1901,CCC(C1=NC=C(C=N1)CN)OCC
1992,C/C=C/CC(CC1=CC=CC=C1)C(=O)N,1 79 80 140 186 208 216 258 381 389 650 694 807 821 844 857 1057 1066 1088 1157 1171 1199 1212 1356 1380 1564 1750 1754 1873 1877 1917,C/C=C/CC(CC1=CC=CC=C1)C(=O)N
1993,C1COCCN1C2=CC=CC(=C2)C(=O)/C=C/C3=CC=C(C=C3)F,12 25 31 90 407 496 523 650 656 687 694 699 807 835 875 878 926 935 950 1014 1039 1049 1088 1285 1308 1380 1385 1405 1410 1441 1480 1667 1670 1713 1750 1817 1825 1873 1917 1928 1985 2033,C1COCCN1C2=CC=CC(=C2)C(=O)/C=C/C3=CC=C(C=C3)F
1994,CCNC(CCCOC)C1CN2CCCC2CO1,1 13 80 163 294 404 432 446 486 656 695 724 739 782 802 812 841 926 935 1005 1015 1019 1028 1057 1092 1119 1124 1152 1267 1294 1325 1342 1353 1480 1524 1726 1768 1854 1910 1911 1923 1993,CCNC(CCCOC)C1CN2CCCC2CO1
1995,C1CN(C(=O)C2=C(C(=O)C(=CN21)C3=NC=CS3)O)CC4=CC(=CC(=C4)Cl)OCC5=CC=CC=C5,14 43 80 83 107 202 216 231 289 295 314 322 352 369 374 378 389 464 525 554 559 561 628 650 654 675 695 725 745 774 807 842 875 879 926 935 1066 1088 1089 1199 1256 1261 1298 1380 1452 1480 1567 1602 1683 1722 1729 1747 1750 1754 1757 1765 1866 1873 1891 1929 1934 2010 2035 2042,c1(cc(cc(c1)CN1CCn2c(C1=O)c(c(=O)c(c2)c1sccn1)O)Cl)OCc1ccccc1
1996,C1CC(NC1)C2=C(C=CC(=C2)C(F)(F)F)Br,114 305 521 580 597 728 742 809 833 840 875 926 1019 1027 1028 1114 1150 1225 1260 1325 1380 1417 1453 1507 1522 1567 1631 1665 1714 1750 1873 1912 1928,C1CC(NC1)C2=C(C=CC(=C2)C(F)(F)F)Br
1997,CC1=CC(=C(C(=C1)O[C@H](C)C(=O)NCCN(C)C)C)C,1 33 59 80 118 197 204 252 283 573 650 652 664 667 693 695 807 875 881 931 1057 1110 1152 1163 1269 1277 1358 1380 1391 1435 1490 1722 1823 1873 1917 1951 1953 1970,CC1=CC(=C(C(=C1)O[C@@H](C)C(=O)NCCN(C)C)C)C
1998,C1C2=CC3=C(C=C2C(=NN4C1=NC=C4)C5=CC=C(C=C5)[N+](=O)[O-])OCO3,148 263 352 378 387 421 441 546 599 650 656 659 715 724 738 753 769 838 875 896 920 926 935 1101 1132 1160 1195 1236 1274 1349 1358 1380 1452 1564 1571 1750 1800 1809 1814 1863 1866 1873 1905 1929 1953 1963 1980 1992 2041,C1C2=CC3=C(C=C2C(=NN4C1=NC=C4)C5=CC=C(C=C5)[N+](=O)[O-])OCO3
1999,C1CN(CCN1C=O)SC2=CC=CC(=C2)C(=O)O,27 116 342 389 391 456 483 650 694 793 807 811 857 875 926 935 1004 1039 1088 1138 1180 1199 1249 1380 1385 1450 1480 1750 1873 1917 1985 1992 2038 2047,C1CN(CCN1C=O)SC2=CC=CC(=C2)C(=O)O
2000,CC1=C(C=C(C=C1)NC(=S)N[C@@H](C)C2=CC(=C(C=C2)OC)F)Cl,1 94 97 110 117 118 184 191 237 249 283 366 531 532 561 695 699 807 841 843 875 1057 1152 1340 1365 1380 1391 1436 1465 1480 1536 1581 1627 1683 1691 1722 1750 1816 1840 1853 1873 1928 1929 1945 1960 1970,CC1=C(C=C(C=C1)NC(=S)N[C@H](C)C2=CC(=C(C=C2)OC)F)Cl
