,MACCS,Avalon,RDK4,RDK4-L,HashAP,TT,HashTT,ECFP0,ECFP2,ECFP4,FCFP2,FCFP4,AEs,ECFP2*,ECFP4*,Avg_Tc,Invalid (%),String-exacts (%)
ECFP4,93.01905668839059,84.64040880202396,83.51560161997996,84.09234514797046,78.42442464203522,78.62593690090331,78.6951610202423,86.76934740369401,83.48830854051546,79.07214716400934,83.68634084040862,79.81862673156725,83.41364823431906,90.9910402195564,82.92076924726734,83.41154421352556,4.15,0.0
