,MACCS,Avalon,RDK4,RDK4-L,HashAP,TT,HashTT,ECFP0,ECFP2,ECFP4,FCFP2,FCFP4,AEs,ECFP2*,ECFP4*,Avg_Tc,Invalid (%),String-exacts (%)
ECFP4,89.15876583582238,81.12783183673996,80.04970415275079,80.6025128243297,75.16981101939076,75.36296051951582,75.42931183790223,83.16841948644071,80.02354373608408,75.79065305670295,80.21335769553167,76.5061537222072,79.95198183259481,87.21491205044481,79.47955732350576,79.94996512866425,4.15,0.0
