id,SMILES_input,fingerprints_input_ECFP4,SMILES_output_ECFP4
1,OCCCCN1CCCC1,51 80 222 422 473 541 594 646 653 740 743 765 774 807 810 893 926 935 997 1028 1100 1145 1157 1220 1313 1322 1422 1480 1482 1616 1791 1836 1911 1998,C1CCN(C1)CCCCN2CCN(P2(=NP3(=NP(=NP(=N3)(O)O)(O)O)N4CCCC4)N5CCCC5)CCO
2,N#CN(CC(N)=O)c1ccc(Cl)cc1-c1cccnn1,46 59 73 80 140 165 184 212 216 218 281 322 352 353 378 456 545 561 609 650 674 676 678 790 807 816 843 866 869 875 881 889 894 907 934 980 1043 1059 1081 1086 1088 1131 1164 1171 1190 1327 1334 1354 1367 1380 1384 1385 1443 1493 1497 1546 1683 1750 1825 1838 1851 1866 1873 1898 1917 1945 2018 2023 2031,C1=CC(=NN=C1)C2=C(C=CC(=C2)Cl)N(CN(CN(C#N)C3=C(C=C(C=C3)Cl)C4=NN=CC=C4)C#N)C#N
3,Cc1cc[n+](C)cc1-c1ccccc1,101 106 222 238 263 307 349 350 352 389 391 440 463 482 522 548 673 691 730 736 766 812 1003 1022 1057 1088 1149 1160 1199 1299 1380 1391 1493 1522 1527 1530 1625 1643 1674 1717 1722 1750 1758 1858 1860 1873 1948 1954 2002 2018 2020 2025,CC1=C(C=[N+](C=C1)C)C2=CC=C(C=C2)[S+]3C=CC(=C3)C4=CC=CC=C4
4,COC(=O)NC1CCN(C(=O)CCCCC(=O)N2CCCCC2)C1,2 16 80 129 194 202 222 348 369 387 433 505 526 650 652 678 695 739 742 746 760 777 807 814 841 853 910 913 926 935 993 1009 1019 1028 1057 1152 1168 1267 1325 1330 1348 1402 1480 1541 1564 1634 1703 1758 1798 1911 1917 1923 1951 1960 1968 1998 2009,COC(=O)NC1CCN(C1)C(=O)CCCCC(=O)N2CCC(C2)NON3CCCCC3
5,COc1cccc(S(=O)(=O)NCC(=O)OC=CC2=CC=C2C(=O)Nc2ccc(OCCN3CCCC3=O)cc2)c1,13 80 102 155 191 198 240 261 263 314 317 319 322 350 359 398 414 440 486 502 534 535 562 575 627 650 658 662 664 680 694 695 707 718 723 727 781 798 807 835 841 855 875 882 899 926 935 960 965 993 1012 1028 1034 1039 1057 1077 1088 1089 1099 1123 1133 1138 1145 1152 1174 1182 1249 1306 1380 1386 1440 1452 1476 1478 1480 1497 1499 1521 1536 1567 1606 1626 1651 1677 1738 1747 1750 1766 1816 1832 1873 1917 1935 1971 1972 1978,COC1=CC(=CC=C1)S(=O)(=O)NCC(=O)O/C=C/C2=C(C=C(N=C2)C(=O)NC3=CC=C(C=C3)OCCN4CCCC4=O)S(=O)(=O)CCN5CCCC5=O
6,CCCCNC(C)C(=O)N(CC)c1ccc(C#N)cc1Cl,1 46 47 76 80 102 122 212 283 294 305 307 366 430 441 460 561 591 650 667 669 674 721 782 783 790 794 807 812 822 875 881 895 932 955 989 1044 1057 1100 1136 1152 1254 1262 1296 1347 1380 1384 1676 1683 1712 1714 1750 1873 1911 1917 1954 1972 1975 2011 2016 2018,B1(C=C1)C#CC2=CC(=C(C=C2)N(CC)C(=O)C(C)NCCCC)Cl
7,O=C1N(CCN2CCCC2)CCN1c1ccn(-c2ccc(F)c(F)c2)c1,80 92 139 161 216 219 228 233 260 295 314 350 367 371 419 463 464 477 478 515 531 547 650 699 732 811 872 875 878 888 918 935 985 990 1010 1028 1044 1089 1101 1145 1205 1234 1380 1395 1422 1441 1446 1457 1480 1482 1524 1539 1548 1565 1701 1726 1737 1750 1755 1791 1795 1825 1840 1873 1874 1892 1909 1928 1998,C1CCN(C1)CCN2CCN(C2=O)[N+]3=CN(C=C3)C4=CN5C(=C4)C=CN(C5=O)C6=CC(=C(C=C6)F)F
8,CS(=O)(=O)N1CCC(O)C1C(CC(F)(F)c1ccccc1)NC(=O)c1ccccc1,1 80 106 114 117 147 225 286 350 354 389 428 436 484 486 496 515 550 650 692 759 781 807 825 849 881 926 935 949 953 962 966 1019 1021 1057 1088 1092 1102 1152 1153 1183 1199 1209 1257 1259 1276 1307 1325 1380 1385 1393 1398 1417 1423 1443 1453 1476 1480 1568 1642 1665 1742 1750 1782 1873 1917 1928 1972 1985 2005 2011 2017,[3H]C(N(C(CC(C1=CC=CC=C1)(F)F)NC(=O)C2=CC=CC=C2)S(=O)(=O)C)N(C(C(C3=CC=CC=C3)(F)F)(F)F)N4CCC(C4S(=O)(=O)C)O
9,O=C(NCc1ccccc1)c1cc2c(Oc3ccccc3)n(c1=O)C2,27 48 80 193 197 210 255 285 290 314 322 341 374 389 410 486 504 505 562 636 638 650 695 793 805 807 813 868 875 903 926 935 937 972 1019 1066 1070 1088 1152 1192 1199 1212 1236 1317 1338 1362 1380 1404 1489 1496 1531 1555 1573 1617 1670 1684 1703 1750 1754 1820 1851 1873 1887 1910 1917 1938 1946 1991 2011,C1C2=C(N(N3N1C(=O)N(C3=O)OC4=CC=CC=C4)OC(=O)NCC5=CC=CC=C5)N(C(=O)C(=C2)C(=O)NCC6=CC=CC=C6)OC7=CC=CC=C7
10,O=C(NC(=O)N1CCCCC1)OC1C2COC1C(=O)O2,2 16 84 171 185 192 218 222 277 314 369 435 562 601 639 650 656 695 750 764 782 796 801 802 807 835 845 926 935 941 1019 1028 1049 1088 1103 1105 1119 1126 1152 1159 1280 1338 1380 1417 1468 1480 1487 1500 1565 1717 1722 1748 1754 1758 1766 1819 1917 1923 1950 1961 1982 1998 2009 2023,C1CCN(CC1)C(=O)N/C(=C\2/C=C([C@H]3OC[C@H]([C@H]2OC(=O)NC(=O)N4CCCCC4)OC3=O)C)/[C@H]5[C@@H]([C@H]6[C@H](CO5)OC(=O)[C@H](O6)O7)OC(=O)N8CCCCC8
11,c1ccc(-c2ccnc(NC3CCC4CCC3C4)n2)cc1,44 78 122 130 155 199 233 276 300 378 380 388 389 585 639 712 719 736 787 874 926 980 1019 1045 1085 1088 1152 1158 1160 1199 1292 1294 1325 1380 1403 1423 1446 1452 1500 1568 1582 1589 1671 1725 1750 1786 1819 1855 1866 1873 1952 1964 1971 2036 2047,C1CC2CC1CCC2NC3=NC=CC(=N3)C4=CC=C(C=C4)C5=NC(=NC=C5)NC6CC7CCC6C7
12,CN1C(=O)C2=CC=C(Br)CC(CC2)C1=O,5 18 34 61 118 231 283 296 312 314 358 368 406 425 456 499 500 650 674 690 693 728 762 798 879 926 935 936 987 992 1019 1023 1036 1057 1145 1148 1213 1249 1299 1300 1325 1380 1528 1535 1631 1737 1738 1764 1873 1925 1953 1963 1995 2000 2014 2026,CN1C(=O)CC(C1=O)[N+](=C=C2CCC(=CC=C2Br)Br)N3C(=O)C(=O)N(N3C#CN4C(=O)CC5C4=CC=C(CC5)Br)C
13,CC(=O)Nc1ccc(N(C)C(=O)c2ccccc2)c(Nc2ccccc2O)n1,6 17 37 46 54 174 245 378 389 491 558 587 650 708 807 811 843 849 873 881 917 967 1017 1057 1088 1099 1129 1152 1163 1199 1201 1220 1224 1367 1380 1385 1415 1493 1600 1602 1607 1653 1664 1696 1712 1726 1750 1758 1801 1816 1818 1831 1852 1855 1873 1905 1917 1919 1929 1930 1982 1985 2014 2018 2029,CC(=O)NC1=NC(=C(C=C1)N(C)/C(=C/2\C=CC(=N2)NC3=CC=CC=C3O)/C4=CC=CC=C4)NC5=CC=CC=C5O
14,Nc1cccc2c(=O)n(CCCCCCN3CCCCC3)ncc12,2 43 65 80 90 100 138 158 168 221 261 275 293 313 314 378 428 464 494 504 527 543 557 650 653 682 804 813 817 825 879 893 910 926 935 994 1012 1028 1039 1088 1109 1111 1143 1145 1171 1192 1235 1357 1367 1380 1422 1457 1480 1482 1492 1516 1535 1573 1646 1739 1750 1764 1791 1806 1873 1891 1911 1922 1927 1952 1998 2016,C1CCN(CC1)CCCCCCN2C=C(C=N2)N3C(=C(C4=C(C3=O)C=CC=C4N)N)N5C(=O)C6=CC=CC7=C6C=NN(C7=O)CCN8CCCCC8
15,O=C(NCCc1cc2ccc1cc2)N1CCN(CCN2CCCC2)C1=O,15 80 92 197 198 203 218 260 295 302 308 358 371 384 389 482 640 650 667 772 807 809 821 825 828 875 926 935 961 1028 1078 1089 1112 1145 1152 1159 1226 1243 1328 1349 1380 1387 1422 1441 1480 1482 1516 1538 1548 1635 1744 1750 1762 1772 1791 1845 1855 1873 1886 1917 1952 1987 1998 2008,C1CCN(C1)CCN2CCN(C2=O)C(=O)NCCC3=C(C=C4C=CC(=C(O)O)C=C4C3)CCNC(=O)N5CCN(C5=O)CCN6CCCC6
16,O=C(c1cccc(Cl)c1)N1CCCC(c2cccs2)CC1,14 165 177 216 239 241 259 369 383 418 446 470 497 561 592 618 649 650 652 660 675 677 699 709 738 740 800 802 807 815 837 875 894 926 935 942 1019 1028 1039 1088 1175 1190 1215 1249 1276 1325 1380 1385 1413 1480 1504 1552 1567 1683 1735 1750 1858 1873 1892 1911 1917 1943 1985 2000 2009,C1CC(CCN(C1)C(=O)C2=CC(=CC=C2)Cl)C3=CC=C4C(N3Cl)CCN(N4C(=O)C5=CC(=CC=C5)Cl)C(=O)C6=CC(=CC=C6)Cl
17,CC(=CCCn1c(C)nc2ccccc2c1=O)c1ccc(C)cc1,47 57 65 80 107 235 272 278 289 314 378 389 401 479 485 504 568 623 650 652 654 694 802 807 935 958 1017 1029 1057 1076 1088 1097 1124 1145 1158 1199 1345 1357 1380 1385 1429 1433 1459 1492 1519 1573 1691 1696 1697 1722 1750 1784 1823 1855 1873 1920 1932 1975,CC1=CC=C(C=C1)/C(=C/CCN2C(=N)N=C3C4=CC=CC=C4C(=O)N(C3=NC2=N)O)/C
18,CC(=O)OCC(=O)NCCCN(CCN1C(=O)C2=Nc3nc2c(s3)C1=O)c1ccc(C)cc1,41 45 80 121 147 155 162 197 214 219 235 314 323 373 378 473 493 539 579 588 597 602 624 647 650 667 675 688 695 702 724 778 789 807 846 863 879 881 885 927 935 977 1017 1035 1057 1060 1077 1096 1145 1152 1232 1326 1380 1392 1460 1487 1499 1508 1528 1610 1632 1662 1687 1722 1750 1783 1823 1855 1873 1876 1878 1911 1917 1920 1951 1977 2004 2041,CC1=CC=C(C=C1)P(C2=NC3=C(S2)C(=O)N(C(=O)C3=NC(=O)N(CCCNC(=O)COC(=O)C)CCNC(=O)COC(=O)C)CCNC(=O)COC(=O)C)C4=CC=C(C=C4)C
19,Cn1c(=O)[nH]c(=O)c2ccc3c(c2)c2ccc(c1c2)C(O)=C3,45 84 129 139 197 203 264 265 305 314 352 365 496 557 564 650 680 750 758 781 798 807 836 875 935 955 992 1057 1100 1114 1145 1196 1259 1267 1298 1357 1358 1359 1362 1380 1443 1448 1469 1527 1602 1632 1668 1715 1745 1750 1766 1785 1848 1855 1873 1914 1981 2025,CN1C2=CC3=C(C=C2C(=O)NC1=O)N(C(=O)N3C)C4=C5C=C6C(=CC=C7C6=CC(=CC=C7C8=CC(=C(NC8=O)O)O)O)N(C5=CC4=O)C
20,CC(C)(C)OC1OC2C3CCC(C)(C)C3C3C2OC1C3(C)C,21 31 114 152 179 205 214 221 273 392 422 460 497 536 549 559 564 573 622 656 695 831 844 882 926 946 1009 1019 1035 1044 1057 1060 1084 1158 1162 1184 1232 1239 1240 1274 1323 1325 1373 1391 1406 1423 1435 1474 1493 1505 1545 1552 1713 1779 1823 1859 1871 1896 1921,C[C@@]12CC[C@@H]3[C@H]1[C@@H]4[C@H](O[C@H]3C([C@H]2OC(C)(C)C)(C)C)[C@]56CCC([C@@H]5[C@H]7[C@H](O7)[C@@H]8[C@H](O6)C([C@H]9[C@H](O8)[C@H]1[C@H](CCC9(C)C)[C@H](O1)OC(C)(C)C)(C)C)(C)C
21,COc1ccccc1-c1cc(NC(=O)N2CCCC2)ccc1C,90 114 140 184 191 203 218 249 288 295 335 336 352 369 385 617 635 650 692 695 710 792 807 841 843 854 875 926 935 953 984 1028 1057 1062 1088 1152 1199 1226 1380 1381 1391 1399 1410 1468 1480 1485 1530 1536 1691 1722 1750 1777 1797 1816 1873 1917 1970 1998 2009,CC1=C(C=C(C=C1)NC(=O)N2CCCC2)C3=C(C=C(C=C3)NC(=O)N4CCCC4)C(C(=O)N5CCCC5)(C(=O)OC)N6CCCC6
22,O=C(c1ccccc1)c1ccc(CCCCCCCC(=O)N2CCCCC2)cc1,2 9 50 80 105 121 310 328 369 389 429 447 526 535 540 542 548 576 621 650 700 760 791 807 926 935 943 978 996 1009 1028 1045 1088 1116 1143 1167 1184 1199 1205 1243 1267 1298 1332 1380 1385 1426 1431 1449 1480 1532 1564 1697 1750 1754 1775 1815 1825 1838 1873 1911 1917 1948 1985 1998 1999 2009 2028 2035,C1CCN(CC1)C(=O)CCCCCCCCCCCCCCCCCCCCCCCCCCC2=C=C=C(C=C2)C(=C3C=CC(=C(O)O)C=C3)C4=CC=C(C=C4)C(=O)C5=CC=CC=C5
23,C=CC=C(Br)C(=O)N1C(=O)NC(=O)C(O)C1CC,24 80 127 153 164 190 191 199 256 294 300 314 370 379 634 650 666 694 728 750 784 807 849 935 1019 1022 1034 1057 1060 1077 1095 1110 1114 1126 1190 1254 1257 1319 1355 1366 1380 1397 1435 1454 1491 1524 1535 1642 1645 1679 1834 1847 1917 1929,CCC1C(C(=O)NC(=O)N1C(=O)C(=C)Br)C(=O)N2C(C(C(=O)NC2=CC=C)O)CC
24,CN(CCN(c1ccccc1)S(=O)(=O)c1ccccc1)c1nn2c(nc3ccccc32)s1,45 64 66 80 126 162 254 288 289 317 319 350 357 378 389 412 460 483 531 552 565 575 635 650 657 675 804 815 881 924 935 958 964 1009 1026 1051 1057 1088 1096 1097 1101 1141 1163 1199 1260 1267 1285 1333 1352 1380 1438 1446 1452 1462 1476 1595 1684 1714 1750 1819 1855 1860 1872 1873 1917 1946 1956 2021 2024 2045,CN(CN(C1=CC=CC=C1)S(=O)(=O)C2=CC=CC=C2)C3=NN4C5=CC=CC=C5N=C4S3
25,Cc1ccc(C(=O)Nc2cccc(C#N)c2)cc1,22 100 102 154 184 191 235 286 305 486 650 674 703 790 807 861 875 1032 1039 1057 1088 1136 1152 1255 1272 1347 1380 1384 1385 1484 1557 1665 1680 1697 1721 1722 1734 1750 1795 1816 1823 1873 1882 1902 1917 1920 1975 1978 1989,CC1=CC=C(C=C1)C(=O)NC2=CC=CC(=C2)C#CNC(=O)NNC3=CC=C(C=C3)C(=O)NC4=CC=CC(=C4)C#N
26,CCn1c(=O)nc(C)ncc2ccccc2c(=O)[nH]c1=O,3 34 45 80 103 150 183 294 314 378 384 436 456 501 571 647 650 726 747 750 758 762 770 771 802 840 850 890 935 1043 1057 1066 1067 1087 1088 1114 1126 1133 1199 1316 1357 1380 1389 1452 1469 1535 1573 1599 1636 1677 1722 1730 1745 1750 1777 1816 1851 1855 1873 1887 1961 2026,CCN1C2=C(NC(=O)N(C1=O)CC)[N+](N3C(=N2)N=C4C=CC=CC4=NC3=O)(C)C5=CC=CC6=CC=CC=C65
27,Cc1cccc(S(=O)(=O)NC(=O)N2C(=O)N(C)C=Cc3ccccc32)c1,49 55 92 94 126 198 218 307 314 319 331 350 362 461 502 547 575 650 687 750 800 807 844 873 875 921 935 968 1013 1031 1039 1055 1057 1059 1088 1145 1150 1152 1184 1199 1242 1256 1295 1348 1380 1448 1476 1519 1582 1647 1722 1750 1758 1805 1823 1824 1840 1873 1917 1920 1987,CC1=CC(=CC=C1)S(=O)(=O)NC(=O)N2C3=CC=CC=C3C=CN(C2=O)C(=O)N4C5=CC=CC=C5C=CN(C4=O)C
28,COc1ccccc1C(=O)N(C(=O)c1ccc(-c2ccccc2)cc1)C(C)(C)C,14 114 191 193 235 249 337 389 392 404 426 532 587 650 660 684 695 709 736 760 807 841 881 896 953 976 1001 1006 1057 1072 1088 1160 1199 1221 1239 1380 1385 1410 1447 1521 1536 1682 1723 1750 1784 1791 1873 1917 1964 1970 1991,[B-](N(C(=O)C1=CC=CC=C1OC)C(C)(C)C)(N(C(=O)C2=CC=C(C=C2)C3=CC=CC=C3)C(C)(C)C)(N(C(=O)C4=CC=CC=C4)C(C)(C)C)O
29,O=C(CN1CCCCC1)OCCOC(=O)c1ccccc1,2 13 80 145 147 160 234 274 277 345 389 450 457 500 544 606 642 649 650 695 709 761 795 807 821 857 926 928 935 953 1028 1034 1088 1154 1199 1219 1240 1243 1312 1380 1385 1386 1400 1422 1479 1480 1522 1523 1592 1612 1625 1645 1702 1750 1801 1873 1881 1889 1917 1918 1930 1985 1998,C1CCN(CC1)N2CN(CN2CC(=O)OCCOC(=O)C3=CC=CC=C3)CN4CCCCC4=C5N(CCCCC5)CC(=O)OCCOC(=O)C6=CC=CC=C6
30,CC(=O)Nc1ccc(C=C2c3ccccc3N=CN2C(=O)N2CCCC2)cc1,12 25 139 191 245 281 352 355 369 378 440 463 500 529 530 552 650 653 659 694 807 843 849 926 935 944 984 1017 1028 1057 1077 1088 1152 1199 1203 1237 1258 1280 1301 1380 1469 1480 1481 1514 1555 1665 1729 1750 1764 1770 1773 1816 1873 1882 1895 1900 1917 1932 1940 1943 1980 1998 2009 2033 2038 2041,CC(=O)NC1=CC=C(C=C1)/C=C\2/C3=CC=CC=C3N=CN2C(=O)N4CCCC4
31,CN(Cc1ccc(C(=O)c2cccc3ccccc23)c([N+](=O)c2ccccc2)c1)C(=O)c1cccc2ccccc12,9 14 67 80 115 139 190 192 310 334 389 409 440 466 479 480 507 519 579 650 676 716 753 801 807 875 881 930 937 949 976 999 1023 1039 1057 1087 1088 1091 1100 1104 1145 1160 1163 1199 1210 1274 1301 1337 1357 1380 1447 1477 1541 1546 1573 1610 1727 1750 1754 1759 1796 1855 1873 1917 1963 1991 2014 2019,CN(CC1=CC(=C(C=C1)C(=O)C2=CC=CC3=CC=CC=C32)[Ge](C4=CC=CC=C4)(C5=CC=CC=C5)C6=CC=CC=C6)C(=O)N(C)C[Ge](C)(C)[CH2-]
32,COc1cc(C=C2C=CC(=O)c3ccc([N+](=O)[O-])cc32)c2ccccc2c1,12 53 114 188 263 281 314 322 352 494 500 535 547 615 650 680 694 695 715 747 753 781 786 833 835 836 838 841 859 875 961 963 1003 1057 1069 1076 1087 1088 1154 1169 1195 1199 1218 1223 1224 1230 1240 1257 1274 1327 1357 1380 1530 1531 1536 1555 1560 1573 1617 1624 1631 1693 1709 1750 1797 1809 1814 1817 1855 1857 1871 1873 1890 1940 1963,COC1=CC(=C2C=CC(=CC2=C1)[N+](=O)[O-])/C=C/C(C(/C=C/3\C=CC(=O)C4=C3C=CC(=C4)[N+](=O)[O-])(OC5=C(C(=O)C=C5)OC)OC)(OC)OC
33,CC(=O)OC1(C(C)(C)C(=O)OCCOC(=O)c2cc(F)cc(F)c2)CCCCC1,2 13 21 34 51 70 80 82 114 145 147 243 269 293 309 329 345 349 354 392 414 430 467 545 623 650 660 695 699 750 762 767 779 807 865 875 926 929 1017 1028 1057 1060 1128 1129 1148 1153 1162 1174 1232 1236 1243 1281 1327 1380 1385 1502 1522 1534 1540 1592 1638 1670 1873 1917 1928 1971 2024 2040,CC(=O)[N+](C1(CCCCC1)C(=O)OC2(CCCCC2)C(C)(C)C(=O)OCCOC(=O)C3=CC(=CC(=C3)F)F)(OO)OO
34,C1=CN2CCN(CCCCCCN3c4cccnc43)CCOC1=CC=C2c1[nH]c2nc1S2,13 38 74 77 80 130 155 314 320 337 378 421 426 435 438 441 448 474 498 547 548 566 582 588 611 653 656 661 675 757 796 827 833 843 893 926 935 942 950 1043 1052 1082 1088 1114 1143 1145 1167 1249 1257 1259 1265 1268 1295 1303 1362 1380 1403 1452 1470 1480 1482 1582 1610 1644 1647 1687 1704 1719 1724 1745 1750 1790 1791 1831 1840 1846 1849 1855 1866 1873 1883 1890 1911 1942 1962 1966 2038 2043 2044,C1CN(CCN1CCCCCN2C3=C(N=CC=C3)SC4=C2C=CC=N4)P56(C=CC(=O)N5)N7C=CC8=C(N6)N=C9N8C(=N[N-]9)CO7
35,O=C(NCCOc1ccccc1C(F)(F)F)Nc1ccc(C(=O)O)cc1,13 33 80 102 106 114 191 197 262 312 389 419 425 456 467 470 473 490 650 667 695 724 800 807 809 843 895 904 915 1045 1077 1088 1138 1152 1171 1199 1214 1380 1385 1406 1410 1452 1453 1503 1518 1612 1637 1697 1790 1796 1816 1867 1873 1881 1917 1928 1970 1987 1990 2028,C1=CC=C(C(=C1)C(F)(F)F)OCCN/C(=C/2\C(=C(C(F)(F)F)C(F)(F)F)C(=C(C(F)(F)F)C(F)(F)F)C(=O)O)/NC3=CC=C(C=C3)C(=O)O
36,O=C(Nc1ccccc1)C1CCCCN1C1CCCN(C(=O)c2ccc(C=Cc3ccccc3)cc2)C1=O,5 25 109 191 231 301 314 354 400 444 446 531 584 650 689 694 703 710 757 794 807 829 835 854 878 890 926 935 1018 1019 1028 1071 1077 1088 1092 1096 1111 1126 1152 1169 1199 1215 1245 1312 1322 1325 1353 1380 1385 1387 1451 1480 1504 1511 1515 1517 1539 1676 1692 1697 1750 1792 1806 1816 1855 1873 1917 1998 2033,C1CCN(C(=O)C(C1)N2CCCC2C(=O)NC3=CC=CC=C3)C(=O)C4=CC=C(C=C4)/C=C/C5=C6CC(C(=O)N6CCC5)C(=O)NC7=CC=CC=C7
37,CC(C)(C)OC1CCCCCCCC(N)C1O,2 30 78 114 115 230 343 392 422 427 695 774 798 807 890 926 1019 1028 1053 1057 1135 1171 1238 1250 1257 1325 1346 1402 1435 1487 1517 1545 1660 1832 1859 1869 1876 1893 1896 1932,CC(C)(C)OC1CCCCCCCCCCCCCCCCCCCCCCCCC(C(C(CCCCCC1)N)O)C(C)(C)C(C)(C)C(=S(C)C)OC2CC(CCC2O)N
38,Cc1cc(-c2n[nH]c3c(N=C4C=C(C(F)(F)F)C5=NCCCN5C4=O)ccc(F)c23)ccc1F,18 60 74 84 88 95 114 126 202 215 216 313 314 319 323 360 378 402 564 650 699 719 725 732 740 747 786 798 809 818 828 830 838 875 879 881 896 926 931 935 951 958 980 1010 1022 1028 1037 1039 1041 1056 1057 1114 1137 1160 1225 1239 1273 1279 1380 1390 1391 1418 1453 1457 1480 1502 1530 1587 1594 1601 1611 1630 1722 1750 1757 1824 1840 1873 1928 1934 1981 1984 2004,CC1=CC(=C(C=C1C)N=NC2=CC(=NC3=C(C=CC(=C3)C4=NNC5=C4C(=CC(=C5C6=NCCCN6C2=O)C(F)(F)F)F)F)C)C
39,CC(C)(C)N(CCCCN1CCCCC1)Cc1ccc([N+](=O)[O-])nn1,2 75 80 114 136 144 215 337 362 365 378 392 426 461 483 507 509 595 647 653 715 724 753 759 825 838 860 881 893 926 935 937 961 986 1028 1057 1073 1109 1138 1145 1164 1195 1223 1234 1363 1380 1401 1422 1439 1442 1452 1468 1480 1482 1503 1528 1581 1669 1700 1719 1750 1791 1876 1877 1911 1921 1934 1951 1963 1981 1998 2020,CC(C)(C)N(CCCCN1CCCCC1)CC2=NN=C(C=C2)C[S+](C3=CC=C([Se]3)N(C)C)C4=NN=C(C=C4)[N+](=O)[O-]
40,O=C(CN1C(=O)CCCn2cc1n1c3ccccc3nc21)N1CCCCC1,2 43 45 80 96 105 132 166 225 287 289 314 357 369 378 438 464 548 588 640 649 650 748 760 798 807 812 926 935 942 945 1009 1028 1088 1097 1107 1131 1138 1182 1199 1281 1285 1312 1313 1330 1343 1380 1391 1402 1423 1480 1499 1508 1531 1546 1555 1614 1631 1653 1731 1738 1750 1767 1837 1855 1873 1882 1888 1917 1941 1998 2009,C1CCN(CC1)C(=O)CN2C(=O)CCN3C2=CN4C3=NC(=C4)N5C(=O)N(C6=NC7=CC=CC=C7N65)CC(=O)N8CCCCC8
41,COc1ccc(-c2c(C)n(CCCN3CCCCC3)c(=O)n2C)cc1,2 44 80 211 289 313 314 322 351 409 484 501 564 650 653 695 718 771 781 802 804 831 834 841 896 926 935 948 1014 1028 1057 1145 1160 1188 1214 1364 1380 1422 1480 1482 1536 1546 1608 1619 1620 1722 1750 1766 1791 1808 1854 1873 1911 1988 1998 2043,CC1=C(N(C(=O)N1CCCN2CCCCC2)CCCN3C(=C(N(C3=O)C)C4=CC=C(C=C4)OC)C)[Sn](N5CCCCC5)(OC)OC
42,O=C(c1ccccn1)N1CCN(S(=O)(=O)c2cccc(F)c2)CC1CCN1CCCCC1,2 20 53 76 80 100 140 230 268 283 319 350 378 448 471 552 572 575 585 589 605 632 647 650 686 699 739 740 757 797 800 807 832 855 875 925 926 935 1019 1028 1039 1088 1145 1155 1186 1199 1279 1380 1422 1452 1476 1480 1482 1487 1504 1521 1552 1625 1670 1724 1729 1749 1750 1762 1791 1792 1866 1873 1917 1928 1998,C1CCN(CC1)CCC2CN(CCN2N3CCN(CC3)S(=O)(=O)C4=CC=CC(=C4)F)S(=O)(=O)C5=CC=CC(=C5)F
43,O=C(c1c(Br)ccoc1=O)C(c1cc(Cl)cc(Br)c1)S(=O)(=O)c1ccc(Cl)cc1,1 20 69 83 166 193 216 222 231 307 314 319 350 386 403 560 561 586 587 599 602 650 656 715 728 787 807 816 825 833 854 875 888 909 932 940 959 977 996 1018 1052 1070 1147 1155 1170 1225 1233 1255 1281 1354 1360 1365 1380 1399 1468 1476 1526 1552 1566 1631 1683 1702 1730 1738 1739 1747 1750 1790 1863 1873 1884 1917 1932 1942 1962 2046,C1=CC(=CC=C1S(=O)(=O)C(C2=CC(=CC(=C2)Br)C(C(=O)C3=C4C(=C(C=C3Br)Br)C(=O)C5=C(C4=O)C(=O)OC=C5)S(=O)(=O)C6=CC=C(C=C6)Cl)Br)Cl
44,CN1CCNC1=Nc1cccs1,14 37 120 150 210 241 250 280 305 383 508 599 608 647 675 694 710 725 892 899 900 916 926 935 979 1000 1057 1088 1090 1114 1145 1159 1172 1300 1380 1418 1480 1525 1567 1624 1690 1693 1717 1750 1861 1866 1873 1954 1976 1996,CN\1CCN/C1=N\C2=C3C=CSC3=C[NH+]2[N-]C4=CC=CS4
45,Cc1nc(NC(N)=O)c2cccnc2n1,140 160 204 344 378 448 465 470 541 557 584 596 600 650 675 708 807 941 944 1043 1057 1088 1101 1126 1152 1171 1284 1340 1357 1380 1452 1526 1573 1591 1651 1722 1743 1750 1816 1833 1855 1866 1873 1917 2030,CC1=NC2=C(C=CC=N2)C(=N1)NC(=O)N
46,OC1=Cc2cccn3c(ccc23)C=CSC=C1,45 84 85 93 95 111 128 131 238 272 356 547 567 600 611 626 643 675 677 704 705 758 807 935 956 1088 1101 1241 1252 1253 1380 1435 1448 1575 1602 1653 1660 1710 1750 1826 1873 1912 1920 1957 1969 1976 2021 2036,C1=CN2C(=C1)C=CC3=C2C=CC4=C5C(=CC6=CC=CN64)C=CC(=C3)/C=C\7/C=CC8=CC=CN8C7=C/9\C=CS9
47,O=C(c1ccccc1C(F)(F)F)n1c(-c2ccccc2)cn(Cc2cccc(Cl)c2)c1=O,80 88 114 147 165 216 262 295 302 314 364 389 402 403 419 464 498 561 592 618 626 630 650 725 736 744 771 807 857 875 915 935 957 1009 1039 1066 1069 1088 1105 1160 1199 1282 1330 1371 1380 1445 1446 1447 1453 1455 1479 1503 1504 1640 1683 1692 1750 1754 1765 1818 1873 1917 1928 1991,C1=CC=C(C=C1)C2=CN(C(=O)N2C(=O)C3=C(C(=CC=C3)C(F)(F)F)F)CC(CC(=O)N4C(=CN(C4=O)CC5=CC(=CC=C5)Cl)C6=CC=CC=C6)(F)F
48,CCCCC(=NC1=Nc2nc1cs2)c1ccc(C)cc1,10 58 80 235 294 314 378 429 443 523 532 552 591 675 725 752 770 807 835 927 962 977 980 1045 1057 1065 1094 1125 1159 1235 1262 1264 1380 1385 1391 1436 1454 1486 1558 1564 1567 1592 1605 1613 1619 1632 1689 1697 1698 1722 1735 1750 1763 1823 1855 1873 1911 1920,CCCCC(=NC1=NC(=CS1)C2=CSC(=N2)N=C(C3=CC=C(C=C3)C)C4=NC(=O)N=C4)C5=NC(=CS5)C
49,O=C1OCCN1C(=O)c1cccc(C2=C3C(=O)N(CCCCCc4ccccc4S2)C(=O)c2cc[nH]c23)c1,2 6 106 131 155 156 194 215 273 310 314 352 360 397 441 472 493 541 556 573 583 585 608 609 618 650 656 675 711 736 778 806 807 811 838 875 879 926 941 947 949 950 956 980 1028 1039 1058 1080 1088 1114 1160 1183 1199 1212 1236 1362 1380 1385 1387 1429 1457 1480 1486 1504 1506 1539 1594 1636 1700 1708 1738 1750 1780 1814 1873 1917 1946 1985 1998 2044,C1CCC2=C(/C(=C/3\C4=C(C5=CC=CC=C5S3)NC=C4)/C1)N(CCOC2)C(=O)C6=CC=CC(=C6)C7=C8C(=CC=CN8)COC7=O
50,C=CSc1cccc(C=Cc2c3cccc2c2cc3c2)c1C(=O)n1nnn(CCCC(=O)N(C)C)c1=O,24 80 116 141 158 188 299 314 350 377 378 431 441 586 619 650 694 712 771 807 810 829 835 875 881 935 961 973 1025 1030 1039 1044 1057 1088 1145 1163 1186 1238 1265 1268 1318 1344 1357 1359 1366 1380 1415 1471 1473 1482 1504 1525 1564 1573 1579 1615 1645 1653 1676 1691 1750 1783 1784 1816 1826 1841 1855 1873 1911 1917 1936 1951 1957 1967 2016 2019 2023,CN(C)C(=O)CCCN1C(=O)N(N=N1)C(=O)C2=C3C=CC=C(C3=CC4=CC5=C(C=CC=C5SC=C)C(=C42)/C=C/C=C)SC=C
51,COC(=O)c1ccc(F)cc1S(=O)(=O)c1cccc(N2CCCCC2=O)c1,30 67 96 121 132 133 145 215 258 292 310 314 315 319 350 368 392 420 449 461 467 575 650 664 695 699 713 728 798 807 835 841 867 875 901 902 906 926 935 936 952 974 1028 1039 1049 1057 1075 1088 1115 1152 1182 1290 1327 1380 1402 1410 1457 1475 1476 1480 1487 1495 1571 1610 1670 1692 1738 1750 1825 1830 1871 1873 1895 1917 1928 1943 1991 1998,COC(=O)C1=C(C=C(C=C1)F)S(=O)(=O)C2=CC(=CC=C2)S(=O)(=O)C3=C(C=CC(=C3)F)C(=O)OS(=O)(=O)ON4CCCCC4=O
52,CN(CCN1CCN2CCN(CCC(=O)NC3COC4=NC3=N4)CC2C1=O)C(=O)Nc1ccc(C#N)cc1,5 34 41 74 80 102 148 191 193 215 218 295 305 314 334 369 378 385 387 441 449 507 640 650 656 674 739 745 757 783 790 807 843 862 869 873 926 927 935 1000 1019 1057 1077 1085 1089 1136 1143 1145 1152 1163 1263 1268 1285 1312 1314 1380 1384 1399 1416 1427 1436 1455 1480 1484 1518 1526 1554 1556 1564 1578 1608 1647 1675 1692 1736 1750 1791 1816 1854 1856 1873 1917 1923 1928 1951 1954 1978 1985 2000 2014,CN(CCN1CCN(CC1)N2CCN(CC2)CC(=O)NC3COC4=NC5=NC(=NN5C34)C#N)C(=O)NC6=CC=C(C=C6)C#N
53,CCCCCC(OC(=O)c1ccc(C(C)=O)cc1)C(=O)OC1CCCC1,1 40 62 69 80 89 98 119 145 147 202 294 383 591 599 606 617 648 649 650 695 739 794 806 807 890 891 926 973 1017 1019 1028 1057 1065 1071 1082 1091 1126 1147 1213 1215 1246 1279 1283 1325 1380 1385 1410 1444 1467 1491 1697 1750 1820 1845 1873 1911 1917 1941 2035,CCCCCC(C(=O)OC1CCCC1)OC(=O)C(CCCCC)OC(=O)C2=CC=C(C=C2)C(=O)OC(C(=O)C)OC(=O)C3=CC=C(C=C3)C(=O)C
54,COc1ccc(C(=O)N(CCCCCCc2ccc(OC)c(OC)c2)C(=O)c2ccccc2)cc1,80 94 104 109 140 192 244 249 310 322 378 389 409 442 587 650 695 703 718 768 781 790 807 831 841 875 881 937 978 1001 1027 1057 1088 1143 1167 1172 1184 1193 1199 1221 1243 1245 1348 1380 1385 1431 1456 1536 1648 1655 1669 1697 1750 1754 1785 1834 1873 1911 1917 1930 1951 1962 1970 1975 1985 2006 2031,COC1=CC=C(C=C1)C(=O)N(CCCCCC2=CC(=C(C=C2)OC)OC)C(=O)N(C[Si](OC)(OC)OC)C(=O)N(CCC3=CC(=C(C=C3)OC)OC)C(=O)C4=CC=CC=C4
55,CC(C)(C)c1ccc(CCCCC2CCCCC2)cc1,2 29 33 70 80 114 148 167 310 334 392 443 484 505 511 583 711 712 725 822 831 832 890 926 978 992 1019 1028 1045 1057 1166 1184 1243 1325 1339 1361 1380 1417 1444 1470 1472 1523 1556 1619 1622 1665 1725 1750 1754 1814 1911 1917 1984,CC(C)(C)C1=CC=C(C=C1)CCCCC2C(=N[NH2+]C2CCCCC3CCCCC3)C(C)(C4=CC=C(C=C4)C(C)(C)C)N=[NH2+]
56,CN(c1cc(I)c(-c2n[nH]c(=O)[nH]2)o1)C1C(N)C1O,3 17 24 72 74 233 275 314 378 443 502 533 536 537 577 582 591 650 656 661 715 779 806 807 875 881 906 912 947 950 955 978 988 1019 1021 1057 1063 1069 1098 1106 1114 1163 1171 1213 1257 1274 1363 1380 1433 1439 1474 1487 1504 1572 1604 1609 1660 1684 1687 1700 1702 1745 1776 1832 1873 2004 2014 2028,CN(C)C1=CC(=C(O1)C2=C(C=C(N2)C3C(C(C(C(C3O)N(C)C4=C(C=C(O4)I)I)O)N)O)I)I
57,CC(NC(=O)OC(Cl)(Cl)OP(=O)(O)OC(CCCN1CCCCC1=O)C(=O)NC1CC1)=C(F)Cl,1 9 72 80 87 114 155 191 192 231 264 292 310 314 331 387 420 426 432 486 488 520 527 548 573 610 650 695 739 747 788 798 803 806 807 900 926 935 951 973 980 989 992 1017 1019 1028 1056 1057 1089 1116 1119 1123 1152 1161 1182 1252 1292 1325 1380 1451 1467 1480 1548 1634 1655 1656 1683 1720 1738 1740 1758 1785 1806 1811 1836 1838 1911 1914 1917 1928 2028 2041 2044,C/C(=C(\C(CCCC(C(=O)NC1CC1)OP(=O)(O)OC(Cl)(Cl)Cl)C(=O)NC2CC2)/F)/NC(=O)OP(=O)(O)OC(CN3CCCC3=O)(Cl)Cl
58,COC(=O)N(N)Cc1cc(C)c2ccccc2c1,11 55 80 122 143 177 247 283 295 311 355 392 417 455 458 476 490 507 511 537 573 650 695 733 738 800 807 841 875 881 966 997 1057 1058 1063 1082 1087 1088 1152 1171 1199 1245 1263 1328 1335 1357 1374 1375 1380 1391 1517 1573 1587 1671 1722 1738 1750 1754 1757 1855 1861 1873 1907 1917 1954,CC1=CC(=CC2=CC=CC=C12)CN(C(=O)N(C(=O)OC)N(C(=O)OC)N)N(C(=O)N(C(=O)OC)N)N(C(=O)OC)N
59,COc1cc(O)ccc1OC(=CC#Cc1ccc(C(=O)N2CCCC2)cc1F)[N+](=O)[O-],44 91 94 116 128 194 245 249 289 369 381 430 431 473 497 598 599 618 650 655 659 674 689 694 695 699 715 716 745 753 806 807 838 841 845 858 866 875 897 926 934 935 942 954 1004 1028 1057 1195 1212 1245 1308 1313 1360 1380 1385 1429 1447 1480 1486 1504 1506 1525 1536 1564 1591 1602 1610 1660 1697 1729 1750 1775 1789 1840 1847 1862 1873 1917 1928 1963 1970 1986 1998 2007 2009 2011 2021,COC1=C(C=CC(=C1)O)C#C/C=C\2/C(=C/SC(=O)OC3=C(C=C(C=C3)C(=O)N4CCCC4)OC)/CC(=C([N+](=O)[O-])F)N2OC
60,COc1ccc(C(=O)OC2CCCCCC2)c2ccccc12,2 12 67 87 94 109 119 145 177 187 219 237 249 299 452 512 598 650 695 724 785 807 841 890 926 941 1017 1019 1028 1057 1071 1088 1126 1133 1147 1199 1221 1325 1357 1380 1410 1536 1573 1601 1654 1750 1820 1833 1873 1903 1917 1970 1991,CC(=O)C1=CC=C(C2=CC=CC=C21)/C(=C/3\C=CC=C(C4=CC=CC=C43)OC)/O[Si]C5=CC=CC=C5OC6CCCCC6
61,Cc1cccc(S(=O)(=O)c2cc(C(=O)N3CCN(c4ccccc4)C(=O)C3)ccc2O)c1,19 203 314 319 350 389 392 449 497 540 575 618 638 650 688 743 798 807 811 835 867 875 926 935 1013 1039 1049 1055 1057 1088 1100 1199 1250 1380 1385 1388 1417 1457 1471 1475 1476 1480 1504 1545 1571 1588 1602 1607 1691 1697 1701 1722 1750 1766 1812 1823 1824 1825 1845 1873 1902 1917 1921 1936 1946 2009,CC1=CC(=CC=C1)S(=O)(=O)C2=C(C=CC(=C2)C(=O)N3CCN(C(=O)C3)N4C(=O)CN(C4=O)C5=CC=CC=C5)O
62,CC(=O)N(C(=O)c1ccc(Cl)cc1)c1ccc(F)cc1,20 21 22 90 141 166 204 216 282 513 522 561 587 618 650 699 788 807 812 816 881 906 909 960 1017 1057 1070 1096 1103 1165 1189 1221 1380 1385 1410 1521 1557 1584 1586 1588 1670 1683 1697 1750 1806 1873 1905 1917 1922 1928 1993 2010,CC(=O)N(C1=CC=C(C=C1)N(C(=O)C2=CC=C(C=C2)Cl)C(=O)C3=CC=C(C=C3)Cl)C(=C4C=CC(=CN4C(=O)C)F)N(C5=CC=C(C=C5)F)C(=O)C
63,CCOC1CCCC(C)(OC2=C(C)SC2=CC=C2N3CCCN(C3=O)S2(=O)=O)C1,61 65 75 80 92 104 106 119 166 207 215 265 273 294 314 330 350 462 469 487 568 593 650 675 679 694 695 707 728 742 773 823 851 855 890 926 934 935 948 978 990 1019 1028 1034 1057 1060 1083 1088 1147 1162 1216 1220 1238 1251 1274 1325 1380 1404 1409 1422 1438 1443 1457 1473 1480 1518 1521 1522 1545 1597 1665 1688 1722 1764 1799 1815 1901 1916 1935 1948 1969 2044,CCC1=C2C3C(C(CCCC34C(=C(SC4=CC=C5C6(S5(=O)=O)CC(CCCN6C(=O)N4CCCC(C1)OCC)OCC)C)C)(C)C)(S2(=O)=O)C
64,CC(C)(C)CC1C(=O)OCN1S(=O)(=O)c1ccc(C(F)(F)F)cc1,80 85 114 139 252 314 319 350 354 374 382 383 392 400 441 556 580 588 650 656 715 800 809 830 849 864 926 935 941 989 997 1019 1028 1057 1069 1118 1165 1202 1260 1293 1298 1305 1380 1414 1417 1453 1476 1567 1606 1659 1665 1700 1729 1730 1750 1791 1808 1812 1833 1873 1928 2032 2047,CC(C)(C)CC1C(=O)OCN1S(=O)(=O)C2=CC=C(C=C2)S(=O)(=O)N3COC(=O)C3CC4C(=O)OCN4S(=O)(=O)C5=CC=C(C=C5)C(F)(F)F
65,O=C1N2CCN3CCC2C2CC(CN12)Oc1cccc(n1)S3(=O)=O,14 70 92 178 207 243 269 271 307 308 314 339 378 463 469 487 493 579 613 622 644 649 650 652 656 684 735 739 750 794 926 927 930 986 990 1019 1020 1028 1039 1088 1114 1248 1292 1303 1325 1380 1401 1461 1480 1524 1538 1559 1592 1610 1655 1671 1689 1722 1750 1757 1774 1840 1855 1873 1910,C1CC2CN3C4CCC4[N+]5=C(C6=C(C(=NC(=N6)C7C8CC(CC8)OC(=O)C8=CC=CC(=C8S(=O)(=O)N2)S3(=O)=O)C)N=C5)C
66,Cc1nnnc(NC(=S)Nc2ccccc2-c2cc(Cl)ccc2-c2ccc(Cl)cc2)n1,2 15 97 110 114 165 169 186 216 222 237 264 270 352 378 396 454 458 492 554 561 639 680 688 763 807 816 843 871 875 895 896 914 929 941 954 984 1053 1057 1070 1088 1126 1152 1160 1164 1168 1199 1224 1233 1375 1380 1428 1436 1582 1585 1602 1650 1671 1683 1696 1711 1720 1722 1750 1816 1837 1855 1872 1873 1916 1998 2010 2018,CC1=NC(=NN=N1)NC(=S)NC2=CC=CC=C2C3=C(C=C(C=C3)Cl)C4=CC=CC=C4NC(=S)NC5=NC(=CC(=N5)O)NC6=NN=NN6
67,Cc1ccc(-c2scc(C#N)c2C(=O)N2CCN(C)CC2)cc1,14 125 207 235 312 345 361 431 465 532 552 583 586 618 650 674 675 705 790 807 833 876 896 926 935 942 963 1020 1054 1057 1062 1136 1145 1160 1224 1236 1274 1321 1326 1341 1380 1384 1480 1504 1567 1589 1719 1722 1731 1750 1823 1862 1865 1866 1873 1917 1920 1953 2009 2023,CC1=CC=C(C=C1)C2=C(C(=CS2)C#N)C(=O)N3CCN(CC3)C(=O)C4=C(SC=C4C#N)C5=CC=C(C=C5)C
68,COc1cc(F)ccc1-c1nc(NCC(=O)O)ncc1-c1ccccc1,80 137 222 249 323 335 352 377 378 389 390 391 544 650 662 680 695 699 706 736 743 773 807 841 875 899 976 1057 1088 1152 1160 1169 1197 1199 1224 1257 1306 1307 1362 1380 1410 1416 1440 1452 1462 1487 1535 1536 1538 1545 1582 1621 1651 1670 1706 1737 1750 1787 1795 1855 1873 1917 1928 1955 1970,COC1=C(C=CC(=C1)F)C2=NC(=NC=C2C3=CC=CC=C3)NC4=C(C=CC(=C4)F)C5=NC(=NC=C5C6=CC=CC=C6)NCC(=O)O
69,CS(=O)(=O)N1C(=O)CCN(C(=O)c2ccccn2)C1=O,16 92 126 246 256 282 299 314 320 350 378 379 393 448 453 464 471 488 552 562 632 650 652 692 798 807 855 926 935 936 966 1057 1088 1134 1153 1155 1156 1177 1189 1199 1219 1380 1387 1401 1452 1453 1476 1480 1488 1499 1504 1512 1635 1738 1748 1750 1756 1798 1861 1866 1873 1917,CS(=O)(=O)N1CCN(C1=O)C(=O)C2=CN(N3N2C(=O)N(CC3)S(=O)(=O)C)C(=O)C4=CC=CC=N4
70,Brc1ccc2nnn-2c(SCCc2ccccc2)n1,80 116 125 195 235 265 338 340 341 344 378 389 409 434 522 527 598 617 635 646 728 747 765 820 825 913 935 997 1045 1047 1065 1066 1088 1119 1164 1167 1182 1199 1243 1323 1380 1410 1510 1545 1563 1631 1656 1744 1750 1754 1783 1789 1796 1852 1855 1873 1884 1898 1996,C1=CC=C(C=C1)CCSC2=NN=NN2C3=NC(=C(C=C3)Br)N4C(=NC(=N4)SCCC5=CC=CC=C5)SCCC6=CC=CC=C6
71,CC(C)(C)C(=O)N1C(=O)CCCC1=O,114 145 192 244 270 314 382 392 461 574 650 798 799 807 821 826 892 904 926 935 1025 1028 1041 1057 1155 1182 1380 1412 1426 1450 1478 1579 1594 1672 1738 1790 1917 1937,CC(C)(C)C(=O)N1C(=P(C(=C2CCCC2=O)C(C)(C)C(=O)C(C)(C)C)(C(=O)C(C)(C)C)C(=O)C(C)(C)C)CCCC1=O
72,CCN1C(=O)N(Cc2ccccc2OC)C=NC1c1ncc(Cl)cc1F,34 80 92 119 172 185 216 244 249 286 289 294 314 341 378 440 522 561 638 645 650 661 695 699 729 841 846 858 861 875 918 935 1019 1057 1078 1088 1099 1110 1123 1129 1189 1199 1204 1324 1380 1398 1407 1410 1452 1471 1481 1499 1535 1536 1597 1661 1683 1704 1715 1750 1765 1775 1816 1836 1840 1856 1873 1900 1921 1928 1970 2010 2041,CCN1C2C(C=C(N(C(=O)N2CC3=CC=CC=C3OC)CC4=CC=CC=C4OC)CN5C=NC6=C5N=CC(=C6)Cl)N=C1
73,CN=C(c1ccccc1)N1N=c2[nH]c1nc2=CC=CC=C(C#N)CN(C)c1cccc(O)c1,34 63 65 80 101 120 126 135 160 184 245 253 288 319 378 381 389 432 437 448 570 614 674 694 725 735 745 790 803 807 811 875 881 890 934 935 937 943 975 1039 1057 1088 1096 1101 1114 1118 1163 1172 1190 1193 1199 1288 1317 1319 1380 1384 1385 1388 1416 1417 1483 1505 1506 1515 1529 1550 1561 1602 1608 1619 1637 1645 1686 1697 1745 1750 1799 1810 1814 1841 1855 1868 1873 1884 1953 1985 2026 2040,CN=C(C#N)C1=CC(=CC=C1)N(C)C/C(=C/C=C/C=C/2\NC(=NN2C3=CC=CC=C3)N(C)CN(C)C4=CC(=CC=C4)O)/C5=CC=CC=C5
74,COc1ccc(C=CC=CC(N)=NN=C(C)c2ccccc2)cc1,25 31 42 140 157 267 287 322 389 402 416 432 625 629 636 678 694 695 718 725 775 781 791 807 831 835 841 859 864 878 1017 1040 1057 1088 1114 1162 1171 1199 1223 1280 1312 1380 1385 1394 1484 1519 1536 1706 1750 1755 1861 1873 1953 1984 1985 2029 2033 2041,C/C(=N\N=C(/C=C/C=C/C(=C(\C1=CC=CC=C1)/N)/C2=CC=CC=C2)\C(=N/N=C/C3=CC=C(C=C3)OC)\C(=N\N=C/C4=CC=C(C=C4)OC)\N)/C5=CC=CCCC=C5
75,CN(CCSc1ccc2nc3sc2c1S3)CC(C)(C)C,28 31 49 50 80 104 114 116 131 141 162 232 243 244 263 278 296 326 339 341 378 392 493 566 603 675 702 739 789 854 873 881 957 961 974 997 1025 1029 1033 1038 1057 1095 1097 1110 1163 1182 1236 1288 1353 1380 1403 1457 1645 1703 1745 1750 1781 1825 1855 1873 1886 1951 2007 2044,CC(C)(C)CN(C)CCSC1=C2C(=C(C=C1)SCCN(C)CC(C)(C)C)SC(=N2)SC3=C4C(=C(C=C3)SCCN(C)CC(C)(C)C)SC(=N4)S4
76,Cc1nc(NC(=O)Nc2cc([N+](=O)[O-])ccc2OC(C)(C)C)oc1C,56 61 90 92 94 114 152 182 306 310 378 392 399 548 573 650 656 695 707 715 721 734 753 765 769 804 807 827 835 838 870 875 906 994 999 1057 1058 1152 1190 1195 1224 1274 1288 1326 1380 1394 1514 1580 1604 1683 1722 1750 1800 1809 1814 1816 1819 1853 1855 1859 1873 1917 1940 1963 1970 1989,CC1=C(OC(=N1)NC(=O)NC2=C(C=CC(=C2)[N+](=O)[O-])OC(C)(C)C)NC(=O)NC3=NC(=C(O3)C)C
77,O=C(O)CCOCOCC(=O)O,13 59 70 80 246 354 367 389 424 549 636 650 671 684 695 746 747 779 807 929 1089 1127 1253 1287 1473 1478 1564 1737 1821 1859 1876 1917 1956 1962 1970 1981 1988 1992 2004 2039 2040,C(COCOCC(=O)O)C(=O)O
78,CC(=O)OC(=O)C(OC(C)(C)C)C(O)C1OCC2OC(C(O)C3CCCCO3)OC2C1O,1 21 36 63 114 147 150 175 221 227 247 258 266 308 341 361 392 406 508 558 609 620 650 656 695 771 784 796 802 807 812 851 882 890 898 922 926 950 976 990 1017 1019 1028 1035 1042 1043 1057 1175 1249 1257 1325 1414 1444 1487 1502 1531 1547 1594 1628 1722 1726 1776 1779 1819 1831 1856 1859 1877 1908 1917 1921 1923 1959 2000 2016 2044,CC(=O)OC(=O)C(C1C(C2C(CO1)OC(O2)C(C3C(C4C(O3)COC(O4)(C)C)O)O)O)C(C(C5CCCCO5)OC(C)(C)C)O
79,O=C(NC(CCN1CCCC1)C(=O)Nc1ccc(C(=O)N2CCCCC2)cc1)c1ccc(C(F)(F)F)cc1,1 2 80 114 117 191 214 340 369 383 462 486 497 573 650 683 692 723 736 739 807 809 843 871 913 926 935 1028 1077 1102 1145 1152 1260 1279 1380 1382 1385 1392 1417 1422 1435 1453 1480 1482 1504 1511 1513 1526 1567 1618 1643 1644 1664 1665 1697 1708 1750 1763 1791 1816 1873 1917 1928 1998 2009,C1CCN(CC1)CCC(C(=O)NC2=CC=C(C=C2)C(=O)N3CCCC3)NC(=O)C4=CC=C(C=C4)C(=O)N5CCCC5
80,COc1c(O)cccc1C(=O)Nc1cccc(C(F)(F)F)c1,67 100 102 114 184 191 223 305 328 333 354 360 486 516 541 569 627 650 665 687 695 703 768 804 807 809 817 841 843 847 862 871 875 886 986 990 996 1039 1057 1088 1100 1116 1152 1195 1260 1380 1417 1436 1447 1453 1522 1536 1599 1602 1607 1630 1641 1658 1662 1717 1750 1777 1816 1831 1834 1838 1873 1882 1917 1928 1978 1984 1991 2001 2017,COC1=C(C=CC=C1O)C(=O)NC2=CC(=C(C=C2)C(=O)NC(C(F)(F)F)(C(F)(F)F)C(F)(F)F)C(=O)NC3=CC(=CC=C3)S(=O)NC4=CC=CC(=C4)C(F)(F)F
81,O=C(C#CCCCN1CCCCC1)N1CCCCC1,2 99 151 369 413 446 461 542 581 611 650 653 674 722 734 807 847 880 892 926 935 993 1028 1072 1075 1141 1145 1209 1227 1271 1341 1422 1443 1480 1482 1521 1558 1580 1693 1791 1799 1801 1832 1911 1917 1998 2009 2019,C1CCN(CC1)CCCC#CC(=O)N2C3=S(C2C(=O)C#CC(=O)N4CCCC4)CCCN3C(=O)C#CCN5CCCCC5
82,BrCCCCCCCCCCC(Br)=C(Br)C(Br)=C(Br)Br,80 90 115 165 237 251 256 278 366 421 495 526 578 587 728 751 807 1143 1160 1180 1238 1264 1267 1326 1385 1399 1507 1564 1590 1705 1709 1763 1801 1911 2001 2034,C(CCC(=C(C1=CC(=C(C(=C(CCCCCBr)Br)Br)CCCCBr)C(=C1)Cl)Br)Br)CCC(=C2C(=C(C(=C(Br)Br)Br)Br)C(=C(Br)Br)Br)Br
83,C=Cc1cc2cc(C(=O)OCCC(=O)O)ccc2c(=O)o1,3 13 80 145 147 190 227 228 240 314 389 469 496 501 621 642 650 656 668 694 695 711 747 807 875 916 929 947 994 1036 1054 1176 1251 1287 1338 1357 1366 1376 1380 1385 1415 1442 1468 1471 1495 1522 1564 1592 1604 1645 1697 1733 1737 1746 1750 1794 1796 1855 1873 1912 1917 1950 1953 2033,C=CC1=CC(=C2C=C(C=CC2=C1)C(=O)OCCC(=O)O)/C=C(\CCOC(=O)C3=CC4=C(C=C3)C(=O)OC(=C4)C=C)/OCCC(=O)O
84,COC(=O)CCCCOC(=O)OC(OC)=C(Br)C(Br)=C(Br)Br,13 14 49 57 80 88 92 147 195 243 245 256 279 297 366 368 392 539 586 621 622 646 650 695 699 709 728 789 807 841 898 899 970 992 1057 1152 1180 1249 1267 1326 1386 1399 1533 1559 1564 1566 1734 1802 1818 1911 1917 1931 1970 2046,COC(=O)CCCCOC(=O)OC(=C(Br)Br)OC(=O)OC(=C(Br)Br)OC(=O)OCCCCC(=O)OC
85,CCCCN(CCCCn1cc2c3[nH]c1c2c1nc3-c2nc(NC(C)=O)ccc2-1)C(=O)NNC(C)=O,4 27 41 80 84 153 193 211 221 222 239 245 257 279 294 323 348 351 352 370 378 383 407 415 449 464 490 503 591 650 680 716 722 745 754 777 794 807 846 849 860 881 893 919 935 967 978 1004 1017 1057 1058 1099 1114 1145 1152 1175 1203 1272 1288 1357 1370 1380 1429 1437 1455 1492 1530 1545 1600 1636 1669 1672 1726 1745 1750 1752 1767 1814 1816 1841 1855 1873 1911 1917 1929 1951 1962 1984,CCCCN(CCCC)C(=O)NC1=NC(=C(C=C1)C2=CN(C3=C2C4=C(N3)C(=NC(=C4N(CCCC)CO)C(=O)NNC(=O)C)NNC(=O)C)CCCC)C(=O)C
86,CCN(C(C)=O)C(=O)c1cc(-c2ccc(F)cc2)c2cccc(I)c2n1,80 90 159 222 245 269 294 352 378 390 415 499 522 582 608 644 650 661 666 699 753 766 806 807 850 855 875 881 896 917 932 947 953 1001 1017 1039 1057 1063 1088 1138 1160 1221 1240 1320 1337 1357 1361 1380 1395 1410 1502 1503 1573 1580 1584 1588 1598 1648 1670 1679 1693 1717 1724 1750 1817 1855 1873 1917 1924 1927 1928 1985 2042,CCN(C(=O)C)C(=O)C1=NC2=C(C=CC=C2I)C(=C1)C3=CC=C(C=C3)P4C=C(C5=C(P4C(=O)N(CC)C(=O)C)C(=CC=C5)I)C6=CC=C(C=C6)F
87,COC(=CC=C(c1ccc(Cl)cn1)c1ccc(OC)c2ccccc12)c1ccccc1,27 66 67 94 109 117 181 216 218 249 270 299 352 378 389 561 572 580 598 694 695 705 756 807 816 841 855 1002 1028 1057 1088 1090 1098 1102 1128 1152 1199 1203 1239 1252 1298 1319 1357 1380 1385 1407 1452 1496 1535 1536 1538 1567 1573 1635 1637 1683 1702 1750 1821 1841 1873 1895 1929 1970 1985 1991 2021 2035 2041,COC1=CC=C(C2=CC=CC=C21)/C(=C/C=C(\C3=CC=CC=C3)/NO/C=C(\C4=NC=C(C=C4)Cl)/C5=NC=C(C=C5)Cl)/C6=NC=C(C=C6)Cl
88,CC1CCC2C(C1)NC(=O)C1=CC=C(S(=O)(=O)N(C)C(=O)CC(C)(C)C)C12,17 78 80 114 131 171 227 301 314 316 350 372 392 412 431 484 522 597 622 650 662 720 807 813 815 860 869 878 881 920 926 955 990 997 1019 1061 1114 1116 1132 1148 1163 1209 1226 1238 1249 1273 1292 1309 1311 1322 1325 1380 1383 1453 1476 1533 1573 1596 1657 1693 1783 1818 1873 1883 1917 2013,C1CC2C(C1)NC(=O)C3=CC=C(C4C2C(=CC=C4S(=O)(=O)N(C)C(=O)CC(C)(C)C)C3=O)C(=O)CC(C)(C)C
89,Cc1ccc(C(=O)N(C)c2nc(C)nc3cc(Cl)ccc23)cc1,54 165 172 216 235 259 264 378 468 541 561 587 617 629 640 650 654 753 807 815 816 819 843 845 875 881 1057 1097 1106 1126 1158 1163 1165 1183 1221 1303 1357 1380 1385 1386 1506 1662 1683 1697 1722 1733 1750 1823 1855 1873 1917 1920 1965 2014,CC1=CC=C(C=C1)C(=O)N(C)C2=NC(=NC3=C2C=CC(=C3)Cl)N(C)N(C)C4=NC(=NC5=C4C=CC(=C5)Cl)C
90,CC(OC(=O)N1CCCCC1)C1=CC=C(C(=O)OC(C)(C)C)CC1,1 2 69 114 125 145 167 231 269 283 336 369 386 392 428 462 467 478 576 634 650 680 695 780 790 807 818 825 829 865 935 984 1028 1048 1057 1065 1068 1072 1102 1218 1249 1251 1268 1296 1318 1326 1349 1380 1390 1398 1480 1574 1583 1629 1636 1738 1795 1859 1873 1917 1952 1957 1969 1998 2009,[B](C(=O)C(C)C)C(=O)C(C)CC(CC(C)C(=O)C1=CC=C(CC1)C(=O)OC(C)(C)C)OC(=O)N2CCCCC2
91,O=c1[nH]c(=C[N+](=O)[O-])ccc1=CC=Cc1ccc2cc[nH]c2n1,51 113 174 185 203 273 314 378 382 398 432 470 479 525 650 657 694 711 715 750 753 806 812 817 828 835 837 838 890 977 1013 1100 1114 1152 1157 1252 1265 1300 1349 1359 1380 1397 1481 1484 1506 1510 1534 1671 1700 1707 1745 1750 1753 1773 1816 1855 1861 1873 1920 1923 1941 1942 1963 2001 2007 2046,C1=CC(=NC2=C1C=CN2)/C=C/C=C/3\C(=O)C(=C/C=C/4\C=CC(=C/[N+](=O)[O-])/C(=C/[N+](=O)[O-])/N4)C(=O)N3
92,COC1=CC=C2N=C3N=C1N2CCCCN1CC(N3)c2ccccc21,3 95 114 144 155 177 215 216 301 371 378 407 454 565 680 695 703 725 739 775 816 829 840 841 871 926 927 935 1019 1027 1028 1057 1088 1114 1174 1199 1215 1240 1249 1254 1267 1295 1380 1408 1433 1450 1457 1480 1483 1492 1498 1536 1601 1607 1632 1647 1697 1728 1750 1792 1843 1873 1978 1982 1995 1998 2043,COC1=CC=C2C(=N1)N3CC(N2)C4=CC=CC=C4N5C3=NC(=NC6=CC=CC=C65)C7CN(C=N7)C8=CC=CC=C8N9CCCC9
93,COc1ccc(OC(C)(C)C(=O)[O-])cc1C=C(C)C,38 49 94 114 249 322 362 392 437 548 650 694 695 715 718 770 773 807 841 875 961 1017 1057 1081 1159 1207 1226 1230 1237 1249 1257 1328 1380 1454 1456 1460 1494 1535 1536 1666 1714 1746 1750 1847 1873 1890 1894 1917 1970 2027,B1(C(=CC=C(C=C1)OC(C)(C)C(=O)[O-])OC)C2=CC(=C(C=C2OC)OC(C)(C)C(=O)[O-])/C=C(\C)/C(C)(C)C
94,C1CCc2nnc([nH]2)C1,57 73 109 146 310 378 509 567 634 697 716 788 926 934 1028 1114 1164 1372 1380 1407 1448 1522 1531 1738 1745 1810 1817 1819 1887,C1CCC2=C(C1)CCCC2=[N+](C3=NN=C(N3)C4=NN=C(N4)C5=NN=C(N5)C6=NN=C7CCCCC8=C9C(=NN=C(N8)N=N7)CCCC9)C1=NN=C(N1)CCCC6
95,CCN(c1ccc(NC(=O)c2ccccc2)cc1)c1cccc(=O)[nH]c2c(Cl)cc1-2,11 80 81 155 170 191 211 280 294 304 314 338 352 366 372 389 463 486 518 523 550 561 650 764 805 807 843 875 880 881 932 960 1039 1043 1057 1077 1084 1088 1096 1114 1116 1152 1199 1321 1344 1362 1380 1385 1432 1458 1540 1542 1611 1614 1642 1645 1665 1683 1745 1750 1792 1795 1816 1873 1908 1917 1978 1985 1995 2006 2018,CCN(C1=CC=C(C=C1)NC(=O)C2=CC=CC=C2)C3=CC(=C(C=C3Cl)C4=[N+](C5=CC=CC(=O)N5)CC(=O)C[N+]6=C(C=CC=C6Cl)Cl)Cl
96,CCCCCN(C)C(=O)c1c(OC)c2ccc(F)cc2c2ccc(cc2C#N)[nH]c1=O,146 166 193 294 303 314 333 334 345 361 546 586 591 650 668 674 695 699 707 716 747 750 790 794 807 841 875 881 905 960 1057 1077 1114 1136 1163 1221 1257 1357 1374 1380 1384 1410 1444 1473 1487 1524 1536 1540 1565 1595 1599 1609 1625 1627 1645 1652 1669 1670 1687 1719 1733 1745 1750 1779 1862 1865 1873 1896 1911 1917 1928 1937 1949 1951,CCCCCN(C)C(=O)C1=C(C2=C(C=CC(=C2)F)C(=C1OC)N(C)C3=C(C4=C(C=C(C(=C4)C#N)C#N)C(=O)N3)OC)OC
97,C=CC=C1OCC2C3CN(CCOc4ccc(Cl)cc4C(F)(F)F)CCN3C(=O)N12,13 41 74 80 90 92 94 114 165 216 243 262 293 314 380 419 441 501 525 533 561 650 653 656 684 694 695 716 739 780 784 805 809 816 846 869 875 877 890 904 926 935 1019 1030 1053 1082 1145 1182 1225 1252 1345 1366 1369 1380 1405 1414 1452 1453 1480 1518 1628 1645 1668 1681 1683 1689 1701 1750 1791 1832 1840 1873 1922 1923 1928 1970 1982 2043,C=C/C=C\1/N2CCN(CC2C3N1C(=O)N4C(CO3)C5CN(CCN5C4=O)CCOC6=C(C=C(C=C6)Cl)C(F)(F)F)CCOC7=C(C=C(C=C7)Cl)C(F)(F)F
98,O=C1C2CCCN1CCN1C(=O)OCCN(C(=O)C2)C1=O,5 88 91 92 94 168 231 313 314 402 407 438 441 446 476 545 608 650 656 680 778 798 805 811 838 874 926 950 952 1001 1019 1028 1135 1211 1219 1325 1362 1380 1457 1480 1505 1508 1512 1543 1606 1611 1621 1632 1657 1690 1699 1842 1857 1899 1942 1943 1961 2000,C1CC2CC(=O)[NH+](CCCN3CCN(C3=O)C4=C5C(=O)OCCN5CCOC4=O)C(C1)C(=O)N26CCN7CCOC(=O)N(C7=O)CCO6
99,CN(C)c1nc2ccc3cc(O)ccc3c2n1COc1ccccc1Br,57 75 80 125 155 203 248 286 291 378 381 386 484 594 667 695 707 728 736 745 793 798 802 803 807 833 836 837 847 852 875 881 935 940 961 989 1057 1067 1084 1088 1097 1121 1158 1163 1199 1223 1224 1313 1335 1357 1365 1380 1410 1440 1452 1530 1541 1602 1629 1631 1658 1700 1733 1750 1855 1873 1955 1969 1970,CN(C)C1=NC2=C(N1COC3=CC=CC=C3Br)C4=C(C=C2)N=C(N4COC5=CC=CC=C5Br)[Se]OCC6=CC=CC=C6Br
100,CN(C)CC1(F)c2cc(Cl)c3c1c[nH]c3c2C(=O)Nc1ccccc1,45 80 152 191 227 251 273 281 366 369 389 450 486 561 570 586 650 652 703 758 806 807 845 875 881 893 955 1011 1057 1060 1077 1088 1114 1152 1163 1199 1203 1284 1288 1333 1380 1415 1436 1444 1522 1530 1624 1660 1661 1683 1750 1816 1828 1873 1879 1891 1917 1928 1978 1980 1984,CN(C)CC1(C2=CC(=C(C(=C2C3=C(C4=C(C(=CN4)Cl)C(=C31)Cl)Cl)Cl)C(=O)NC5=CC=CC=C5)Cl)F
101,NC(=S)Nc1nc2ncc(-c3cccs3)c-2cn1CCO,14 62 80 97 110 125 140 157 205 222 241 352 378 383 464 473 484 507 520 539 593 612 613 633 640 675 743 772 789 807 811 852 923 935 941 963 1084 1088 1145 1152 1171 1286 1334 1354 1380 1385 1405 1418 1452 1455 1535 1567 1578 1666 1693 1694 1706 1727 1750 1816 1855 1865 1873 1891,C1=CSC(=C1)C2=CN=C(N=C2)C3=CN(C(=N3)NC(=S)N)CC4=C(C=CS4)C5=CC=CS5
102,C=CC=C1C(=O)NC(=O)c2cc(O)cc([N+](=O)[O-])c21,24 31 38 167 178 268 269 314 352 354 446 588 650 694 715 716 745 753 784 807 838 842 844 875 890 1060 1114 1120 1195 1300 1331 1366 1380 1412 1498 1518 1593 1595 1602 1636 1645 1657 1681 1708 1747 1800 1858 1873 1963 1975,C=C/C(=C\C=C\1/C2=C(C(=CC(=C2)O)[N+](=O)[O-])C(=O)NC1=O)/C=C/3\C4=C(C(=CC(=C4)O)[N+](=O)[O-])C(=O)N3
103,CCN(CC)CCCn1c(SC)nc(-c2ccccc2)c(-c2ccc(Cl)cc2)c1=O,80 81 116 154 161 216 251 294 314 323 335 378 389 394 471 504 561 620 624 650 665 682 718 736 747 761 801 802 816 881 896 932 935 955 958 1027 1057 1070 1088 1133 1145 1160 1199 1268 1297 1331 1353 1357 1380 1394 1406 1577 1581 1582 1620 1624 1683 1713 1723 1747 1750 1855 1873 1911 1951 1981 1989 2028 2035 2040,CCN(CC)CCCN1C(=O)C(=C(N=C1SC)C2=CC=C(C=C2)[Al](C3=CC=CC=C3)C4=C(N=C(N(C4=O)CCCN(CC)CC)SC)C5=CC=CC=C5)C6=CC=CC=C6
104,CCCCCCCCN(CCN1CCCC1)C(=O)NN=NN=C1CCCC1,15 58 80 98 193 264 277 290 294 310 318 338 391 407 429 462 543 563 591 650 725 736 794 807 881 935 964 975 978 1009 1018 1028 1057 1063 1076 1106 1116 1143 1145 1152 1272 1380 1421 1422 1444 1472 1480 1482 1499 1572 1615 1669 1714 1723 1738 1771 1791 1823 1833 1898 1899 1911 1913 1917 1949 1951 1976 1986 1998 2022,B1(CCCCN1CCN(CCCCCCC)C(=O)N/N=C/2\CCN(CC2)C3=CCCC3)CCCCCCCCCCCCCCC
105,COc1cccc2cc(CN(CCN(C)C(=O)C3=CC4=CC=CC4=C3)C(=O)C3=CC4=CC3=C4)ccc12,14 51 80 81 84 192 198 207 249 283 302 310 334 340 345 389 402 414 427 499 507 547 579 587 650 673 695 742 762 776 796 807 811 836 841 862 875 881 944 949 972 978 1006 1020 1038 1039 1043 1057 1087 1088 1095 1106 1112 1139 1151 1163 1164 1174 1198 1221 1249 1357 1380 1387 1410 1427 1512 1536 1547 1573 1580 1594 1637 1653 1677 1687 1722 1733 1747 1750 1754 1808 1815 1855 1873 1917 1932 1970,CN(C)C(=O)C1=CC(=CC=C1)C2=C(C(=CC3=C2C=CC(=C3)CN(CC4=CC5=C(C=C4)C(=CC=C5)OC)C(=O)N(C)C)OC)C6=C7C=CC=CC7=CC=C6OC
106,CN(C)c1ccc(N2CCN(Cc3ccccc3)C2=O)cc1,62 80 92 170 233 243 295 314 364 374 389 423 541 590 650 737 811 838 881 926 935 960 1014 1057 1066 1088 1089 1096 1139 1162 1163 1199 1296 1379 1380 1395 1457 1480 1511 1578 1596 1608 1683 1691 1700 1701 1750 1754 1765 1825 1845 1866 1873 1898 1904 1956 1957,CN(C)C1=CC=C(C=C1)N2CCN(C2=O)C3=CN4C(=O)N(CCN4C=C3N(C)C)CC5=CC=CC=C5
107,O=C(O)c1ccc(Br)cc1NC(=O)c1ccccc1C(Oc1ccc(O)cc1)=C(O)Br,29 67 69 322 360 389 392 410 456 465 485 486 529 636 650 670 671 695 717 718 722 728 745 766 807 847 875 908 909 947 1047 1088 1097 1152 1157 1199 1224 1313 1349 1373 1380 1442 1446 1447 1518 1532 1579 1602 1609 1631 1729 1750 1778 1816 1873 1887 1906 1917 1927 1940 1946 1951 1991,C1=CC=C(C(=C1)C(=O)NC2=C(C=CC(=C2)Br)C(=O)O)C(=O)N/C(=C(\C3=C(C=C(C=C3)Br)C(=O)O)/OC4=CC=C(C=C4)O)/C(=O)OC5=CC=C(C=C5)O
108,CCCCCN(CCn1nnn2c(C)cnc12)CC(C)C,1 48 71 80 105 158 241 246 251 283 293 294 378 412 559 591 644 649 693 713 794 818 821 877 881 883 935 937 1018 1047 1057 1098 1135 1145 1262 1303 1310 1361 1380 1409 1444 1452 1535 1581 1624 1669 1683 1722 1774 1783 1784 1847 1860 1873 1877 1882 1911 1912 1951 1982 2030,[B]P=PCN(CCCC)CCN1C(=CN=N1)C
109,Cc1cccc(C(=O)NC(=O)C(N)c2ccccc2-c2ccc[nH]2)c1,1 38 74 95 176 186 237 253 267 333 352 353 414 486 493 526 560 573 581 615 650 709 764 786 806 807 837 875 883 909 923 925 930 933 984 1013 1039 1047 1053 1055 1057 1076 1088 1114 1119 1152 1171 1199 1291 1309 1324 1380 1385 1400 1506 1540 1559 1563 1589 1722 1733 1750 1823 1863 1873 1885 1917 1985 2015 2035,CC1=CC(=CC=C1)C(=O)NC(=O)[N+](C2=CC=CC=C2C3=CC=CN3)(C4=CC=CN4)C(C(=O)NC(=O)C5=CC=CC(=C5)C)N
110,COC(=O)c1c(-c2nn3c(=NC#N)c4ccccc4n3c3c(Cl)cccc23)c2n(c1O)CCC2,0 11 45 53 145 172 218 221 281 309 323 366 378 389 463 530 561 573 579 586 650 674 695 724 733 782 790 807 818 819 841 906 926 935 974 987 1028 1039 1057 1068 1071 1088 1096 1138 1152 1176 1199 1285 1315 1347 1357 1380 1384 1411 1422 1433 1440 1442 1480 1496 1518 1537 1573 1577 1602 1633 1651 1676 1683 1738 1747 1750 1764 1766 1869 1873 1917 1956,COC(=O)C1=C2CCCN2C3=C1C4=NN([N+](=C4C=C3)C5=C(C=CC=C5Cl)Cl)C(=O)NNC6=NN(C7=CC=CC=C76)C#N
111,O=C1CCSC(=O)N(C(=O)C2CCCC2)C2CCCN1C2=O,5 14 43 53 81 157 164 215 231 314 345 354 380 436 446 650 666 675 741 782 789 798 807 818 819 857 890 926 935 941 944 960 974 1019 1028 1035 1070 1121 1312 1325 1327 1331 1348 1380 1404 1457 1465 1474 1480 1535 1691 1703 1738 1849 1917 1940 1979 2017 2046,C1CCC(C1)C(=O)N2C(CC2=O)C(=O)N3C(CCC3)C(=O)N4CCCC4C(=O)N5C(=O)CCSC6=C5CCS6
112,O=c1ccsc2sc([nH]1)=NC(=Cc1cccc(C(F)(F)Oc3ccccc3)c1)N=2,14 81 96 114 152 162 281 305 314 319 322 356 378 389 399 459 527 548 554 562 650 675 694 695 829 875 935 953 1039 1040 1053 1088 1114 1179 1188 1199 1203 1229 1280 1302 1345 1353 1380 1382 1388 1409 1417 1437 1453 1563 1567 1596 1611 1634 1647 1732 1745 1750 1766 1790 1838 1842 1870 1873 1876 1910 1918 1928 1984 1988 2017 2021 2033,C1=CC=C(C=C1)C(C2=CC=CC=C2)(OC3=CC=CC(=C3)/C=C\4/N5C(=C6C=CC(=O)NC6=O)S/C5=C/C7=CC=CS7)F
113,N#Cc1ccc([N+](=O)[O-])c(Cl)c1N(CCCN1CCCNC1=O)Cc1ccc(F)cc1F,19 41 49 80 82 108 194 217 246 278 304 305 314 346 354 361 407 507 560 561 608 650 652 663 674 699 715 716 731 753 754 790 838 875 881 912 926 935 950 951 955 1011 1028 1089 1114 1123 1136 1145 1150 1164 1195 1298 1302 1348 1349 1354 1380 1384 1410 1415 1427 1480 1487 1498 1539 1540 1556 1645 1670 1683 1687 1741 1750 1781 1840 1862 1866 1873 1884 1921 1928 1951 1963 1977 1997,C1CNC(=O)N(C1)CCN(CC2=C(C=C(C=C2)F)F)C3=C(C=CC(=C3Cl)C#N)[N+](=O)[O-]
114,CC(=Nc1nc2ccccc2n1C)c1ccc(C)nc1,30 45 141 150 280 289 295 317 335 343 344 357 378 412 564 638 640 651 673 689 725 747 771 807 935 954 962 1017 1029 1043 1051 1057 1088 1097 1145 1199 1244 1275 1285 1380 1385 1402 1418 1452 1535 1613 1688 1697 1722 1750 1755 1768 1845 1855 1864 1873 1947 1990,CC1=CN=C(N1O)/N=C(\C)/C2=CC=C(C=C2)/C(=N/C3=NC4=CC=CC=C4N3C)/N=C5N(C6=CC=CC=C6N5C)C
115,Cc1ccc2n1C(=O)N(CCCCC1CCCCC1)C2=O,2 29 30 80 92 94 110 114 314 334 372 413 484 532 588 624 650 651 656 712 717 747 748 778 832 879 883 890 893 896 926 935 955 1019 1028 1057 1116 1145 1149 1183 1206 1225 1246 1291 1325 1380 1382 1411 1470 1534 1596 1692 1722 1743 1750 1827 1841 1862 1873 1911 1919 1986 1993,CC1=CC=C2N1C(=C3C(=O)N(C(=O)N3C2=O)CCCCC4CCCCC4)C5=CC=C6N5ON(C6=O)CCCCC7CCCCC7
116,O=C(O)c1cc(S(=O)(=O)OS(=O)(=O)O)ccc1C(=O)c1ccccc1,9 67 77 80 115 173 186 269 319 350 373 384 389 456 464 469 592 650 695 701 715 807 875 892 915 940 955 997 1041 1043 1047 1088 1110 1117 1129 1199 1206 1232 1351 1380 1385 1430 1476 1510 1595 1685 1750 1763 1775 1873 1912 1917 1985 1991 2005,C1=CC=C(C=C1)C(=O)C2=C(C=C(C=C2)S(OS(=O)(=O)O)(OS(=O)(=O)O)OS(=O)(=O)O)C(=O)C3=C([NH2+]S(=O)(=O)O)S(=O)(=O)O
117,COc1ccc([N+](=O)[O-])c(OCCN2c3cccc(c3)N(CCN(C)C)C(=O)c3ccccc32)c1,13 29 35 59 80 128 269 314 322 338 352 354 429 461 497 588 626 635 642 650 652 693 695 715 716 718 753 781 829 841 855 875 877 879 881 935 984 1039 1049 1057 1088 1145 1163 1185 1195 1199 1232 1242 1295 1299 1334 1348 1380 1452 1493 1504 1518 1528 1536 1647 1688 1747 1750 1825 1832 1873 1914 1919 1951 1963 1970 1972 1978 1991,CN(C)CCN1C2=CC=CC=C2N(C(=O)C3=C(C1=O)C(=CC=C3)OCCN(C)C)C4=CC=CC(=C4)N5C6=CC=CC=C6C5=O
118,CCOC(=O)C=CBr,31 80 106 112 147 184 237 260 264 279 281 294 379 399 408 435 455 536 538 650 661 694 695 728 807 815 905 912 931 955 1003 1015 1057 1073 1238 1304 1331 1385 1387 1399 1437 1555 1588 1654 1722 1771 1824 1917 1938 1955 1960 2009,CCOC(=O)/C=C/C(=C/1\C=CC(=C1)/C(=C\2/C=C/C(=C/C(=O)OCC)/C(=C2)/C=C/Br)/OCC)/OC/C=C/C(=O)OCC
119,O=C(NCCCCN1CCOCC1)c1cnc2ncc3cc3c12,8 65 80 138 197 295 317 319 327 378 414 486 523 592 600 606 607 615 640 650 653 656 667 709 721 737 770 807 810 837 853 875 893 903 926 935 950 952 953 1027 1145 1152 1220 1267 1317 1357 1380 1405 1441 1452 1480 1482 1535 1599 1609 1791 1820 1833 1849 1855 1864 1873 1876 1896 1911 1914 1917 1984 1987 1991 2021,C1COCCN1CCCCNC(=O)C2=CN=C3C4=C2C=C5C=C6C(=CC5=C4C=N3)C(=C[N+]67CC7)C(=O)NCCCCN8CCOCC8
120,Fc1ccc(F)c(N=C2NCCS2)c1,18 157 216 237 250 270 305 328 440 622 675 679 698 699 725 750 789 848 874 875 893 904 923 926 1004 1027 1051 1114 1188 1220 1299 1375 1380 1410 1418 1487 1489 1549 1670 1691 1750 1834 1838 1840 1866 1871 1873 1928 1970,C1CS/C(=N\C2=C(C=CC(=C2)F)F)/C(=N\C3=C(C=CC(=C3)F)F)/N1
121,O=C(O)COC(=O)c1ccc(-c2c3oc(=O)c4cc3oc24)o1,57 80 121 131 133 145 147 161 232 263 302 310 314 389 515 531 618 649 650 656 684 695 711 719 723 807 841 844 875 934 1020 1165 1202 1281 1285 1351 1357 1380 1424 1435 1440 1468 1495 1504 1571 1604 1632 1737 1747 1750 1754 1757 1781 1793 1808 1873 1915 1917 1924 1937 1997 2004 2044,C1=CC2=C3C(=C1)C(=C(O3)CC4=CC=C(O4)C(=O)OCC(=O)O)C5=CC6=C(O5)C7=C(C=C(OC(=O)O7)C(=O)OCC(=O)O)C(=O)O6
122,FC(F)(F)C(c1ccccc1)=c1nc(N2CCCCC2)n2cccc12,2 24 45 95 114 195 231 268 277 278 334 378 389 407 490 546 600 655 680 795 806 807 926 935 972 988 1011 1028 1088 1101 1144 1146 1199 1201 1253 1272 1275 1285 1309 1365 1380 1385 1453 1480 1496 1533 1578 1613 1680 1704 1750 1815 1855 1858 1873 1928 1969 1985 1998 2011 2014,C1CCN(CC1)C2=NC(=C3N2C=CC=C3)/C(=C\4/C=NC(=N4)/N=C(/C5=CC=CC=C5)\C(F)(F)F)/C6=C(N7C=CC=C7C=N6)N8CCCCC8
123,O=C(CN1CCCC1)NC=CC=c1sc2nc3ccccc3n12,9 41 45 80 93 162 184 237 238 252 289 319 357 378 432 531 546 548 650 675 694 698 772 790 807 861 890 900 926 935 942 978 1028 1088 1097 1150 1152 1189 1199 1268 1285 1312 1380 1422 1425 1466 1480 1512 1668 1750 1768 1787 1822 1855 1873 1881 1893 1917 1920 1998,C1CCN(C1)NC(=O)CN2C3=CC=CC=C3N=C2C(=O)C4=C5N=C/C=C/N=CN5C6=CC=CC=C6N4
124,CC(C)(c1cccc(C#N)c1)c1cccc2c(=O)c(C#N)cccc12,7 8 18 45 55 66 102 114 128 270 290 305 308 314 361 392 419 525 589 624 650 674 772 790 875 915 1034 1039 1057 1062 1080 1088 1122 1136 1252 1322 1357 1380 1384 1409 1417 1458 1460 1573 1654 1689 1702 1734 1745 1750 1862 1873 1957 1975 2017 2035,CC(C)(C1=CC=CC(=C1)C#N)C2=CC=CC3=C2P(C4=C(C=CC=C4C(C)(C)C5=CC=CC(=C5)C#N)C#N)C(=C6C(=O)C(=O)C6=O)C#N
125,CC(C1=CC=C(Oc2ccccc2Cl)C1=O)c1cccc(Cl)c1,151 164 165 182 216 222 283 314 366 373 380 388 461 592 609 635 650 695 725 760 775 875 974 1011 1039 1057 1088 1167 1199 1225 1249 1269 1301 1331 1359 1365 1380 1387 1394 1409 1410 1422 1476 1492 1497 1581 1594 1617 1683 1693 1700 1750 1873 1970,C1=CC=C(C(=C1)OC2=CC=CC=C2Cl)OC3=C4C(=CC=C(C4=O)OC5=C(C(=CC=C5)Cl)Cl)C(=O)C3=O
126,OC(C=CC=Cc1ccccc1)=CC=Cc1ccccc1,31 320 380 383 389 415 432 518 603 612 636 692 694 698 774 807 835 878 904 906 947 1088 1132 1199 1249 1272 1274 1312 1319 1353 1380 1580 1582 1750 1873 1895 1979 2029 2033,C1=CC=C(C=C1)/C=C/C=C/C(=C/C=C2[CH][CH]C=C2)/C=C/C=C/3\C=CC=C([CH]3)/C=C/C=C(/C=C/C4=CC=CC=C4)\O
127,Cc1cc(Cl)cc(Cl)c1Cc1nnc2n1CCCN2C,80 96 164 184 216 318 366 378 428 449 561 676 875 912 926 935 944 987 1021 1028 1056 1057 1083 1121 1145 1153 1156 1164 1174 1209 1296 1365 1380 1391 1404 1430 1435 1471 1480 1496 1529 1620 1643 1683 1693 1694 1722 1747 1826 1842 1866 1873 1974 2034 2041,CC1=CC(=CC(=C1CC2=NN=C3N2CCCN3C)Cl)Cl
128,CC(C)(C)CCc1c(C(=O)OC(C)(C)C)nc2c3ccc(c4ccccc43)n12,45 80 85 114 115 137 145 231 246 263 268 371 373 378 392 422 446 467 483 486 490 493 548 577 588 609 650 685 692 695 703 718 727 755 778 782 807 824 898 935 987 995 997 1018 1057 1088 1140 1172 1199 1243 1284 1289 1308 1357 1380 1382 1397 1473 1475 1561 1573 1574 1584 1682 1696 1733 1750 1756 1855 1859 1873 1890 1912 1917 1986 2021 2037,CC(C)(C)CCC1=C(N=C2N1C3=C(C=C2)C4=CC=CC=C4C5=CC=CC=C53)C(=O)C(C)(C)OP6(N=C(C7=CC=CC=C76)C(=O)OC(C)(C)C)OP=O
129,C=CC=C(c1ccc(F)cc1Cl)c1ccc(-c2ccc3c(C(=O)N4CCC4)c[nH]c3c2)oc1=O,67 86 119 121 181 250 275 314 350 362 366 369 404 471 473 495 514 524 561 564 567 601 639 650 656 694 699 764 784 806 807 820 875 896 926 935 942 954 1022 1028 1080 1083 1114 1122 1147 1150 1160 1163 1254 1319 1324 1355 1357 1366 1380 1381 1410 1427 1439 1468 1480 1487 1504 1560 1604 1621 1645 1670 1683 1702 1733 1750 1791 1873 1879 1917 1928 1937 1979 1991 2009 2010,C=C/C=C(\C1=CC=C(O1)C2=CC3=C(C=C2)C(=CN3)C(=O)N4CCC4)/C5=CC=C(O5)C6=CC7=C(C=C6)C(=CN7)C(=O)N8CCC8
130,O=C(NC=CC=Cc1ccc(F)cc1)c1cnncn1,25 90 214 238 245 281 318 378 432 486 489 526 564 650 655 675 694 699 740 807 835 855 878 908 978 1081 1144 1152 1312 1380 1410 1452 1475 1523 1535 1578 1605 1625 1647 1668 1670 1750 1751 1768 1808 1873 1917 1928 2029 2033,C1=CC(=CC=C1/C=C/N/C(=C\C2=CN=NC=C2)/C3=CN=NN3NC(=O)C4=CN=NC=N4)F
131,COc1ccc2c(NC(=O)C3CN4CCN3C4=O)ccc(OC)c2c1,20 52 60 92 94 160 226 249 314 322 379 399 407 408 485 513 531 532 650 684 686 689 695 718 739 781 807 811 824 841 875 914 926 933 935 993 994 1019 1057 1058 1065 1152 1169 1224 1261 1288 1294 1338 1344 1357 1380 1387 1480 1508 1516 1536 1637 1654 1692 1722 1733 1747 1750 1754 1816 1840 1856 1873 1886 1917 1970 1972 1983,CC1=C(C(=C(C(=N1)C)C2=C(C=CC3=C2C=CC(=C3)OC)OC)C4=C5C=C(C=CC5=C(C=C4)OC)OC)C6=CC(=O)N(CCN6C(=O)OC)C(=O)OC
132,COC(=O)C(CCCSc1ccccc1)NS(=O)(=O)N1CCCCC1,1 2 13 27 54 62 80 116 147 341 350 379 389 471 539 585 650 679 695 713 739 742 807 811 827 841 858 926 935 1028 1057 1088 1152 1162 1182 1199 1227 1229 1344 1374 1380 1393 1434 1457 1473 1476 1480 1709 1750 1873 1911 1917 1921 1948 1998,COC(=O)C(CCCSC1=CC=CC=C1)N2CCN(CC2)S(=O)(=O)N3CCCCC3
133,O=C(O)c1cc(-c2cc(C(=NOc3ccccc3)c3ccccc3)cnc2C(Cl)=Cc2cccc(Cl)c2)ccc1O,61 165 216 312 314 322 352 378 386 389 427 431 440 456 488 490 504 561 562 592 650 661 694 695 725 738 801 807 842 843 856 867 875 878 881 896 1006 1039 1047 1051 1056 1065 1086 1088 1145 1160 1166 1199 1211 1254 1273 1286 1292 1347 1353 1380 1385 1447 1452 1475 1523 1535 1563 1602 1607 1616 1629 1683 1746 1750 1768 1871 1873 1878 1917 1938 1985 1991 2033,C1=CC=C(C=C1)/C(=N\OC2=CC(=CC=C2)Cl)/C3=NC=C(C=C3C4=CC(=C(C=C4)O)C(=O)O)/C(=N/OC5=CC=CC=C5)/C6=CC=CC=C6C(=O)O
134,CCSc1ccc(C(=O)N2CCCN(C(=O)CC)C2=O)c2ccccc12,16 26 67 76 80 92 95 116 135 193 294 299 314 341 502 552 610 650 685 768 807 863 898 923 926 935 1009 1025 1028 1033 1037 1057 1080 1083 1088 1114 1187 1199 1215 1357 1367 1380 1387 1409 1470 1476 1477 1480 1482 1504 1573 1623 1663 1734 1750 1795 1836 1862 1873 1875 1897 1911 1917 1923 1954 1991,CCC(=O)N1CCCN(C1=O)C(=O)C2=CC=C(C3=CC=CC=C32)SC4=CC=C(C5=CC=CC=C54)C(=O)N6CCCN(N6)C(=O)CC
135,COc1ccc(Nc2ccccc2NC(=O)Nc2ccsc2)cc1,14 44 56 61 67 110 167 191 322 371 387 490 491 552 557 573 613 650 675 695 718 725 731 781 807 819 831 841 843 881 959 987 1027 1057 1088 1152 1199 1218 1224 1240 1293 1380 1397 1524 1526 1536 1606 1652 1696 1750 1769 1816 1873 1891 1892 1913 1914 1917 1922 1989 1990,COC1=CC=C(C=C1)NC2=CC=CC=C2NC(=O)NC3=CC=CC=C3P(C4=CSC=C4)(C5=CSC=C5)(C6=CSC=C6)OC
136,O=C1NC(C(=O)[O-])CSc2nc3cc1ccc3s2,11 53 83 157 162 243 301 314 332 362 378 472 518 522 566 570 602 675 715 722 729 731 781 807 840 875 885 896 920 926 963 980 985 1001 1019 1058 1063 1097 1114 1123 1160 1181 1199 1225 1226 1380 1464 1478 1479 1657 1659 1750 1802 1828 1839 1873 1910 1917,C1C(NC(=O)C2=CC3=C(C=C2)SC(=N3)C(=O)NC(CSC4=CC=C(S4)C(=O)NC(CSC5=CC=C(S5)C(=O)N1)C(=O)[O-])C(=O)[O-])C(=O)[O-]
137,COC(=O)NCB(O)NC(=O)OC,0 13 16 80 271 579 596 598 622 650 666 695 807 841 851 856 957 971 980 999 1057 1152 1175 1346 1409 1419 1423 1534 1537 1565 1617 1758 1849 1852 1917 1929 2035,B(O)(O)OCCOB(OB(O)OB(O)OCCOB(O)OC(=O)OC)OB(O)OB(O)OCCOB(O)O
138,C[N+](C)(C)CC(=O)OC(=O)C=CCCCCCCCCCCCCC(=O)[O-],23 25 31 80 167 178 181 319 345 384 391 400 401 414 487 488 628 640 650 661 662 694 695 714 715 735 775 785 807 847 857 897 898 930 983 1057 1073 1084 1138 1143 1226 1242 1267 1356 1386 1402 1440 1546 1564 1585 1619 1701 1735 1774 1814 1838 1892 1911 1916 1917 1932 1943 1949,C[N+](C)(C)CC(=O)OC(=O)/C=C/CCCCCCCCCCCCCCCCCCCCCCC(=O)/C(=C/C(=O)OC(=O)C[N+](C)(C)C)/C=C=[N+]=[N-]
139,COC(=O)c1cc(N2CCCCC2)ncc1-c1ccc2c(O)ccc(OC)n2c1=O,2 45 64 145 195 217 314 349 352 378 391 407 419 492 504 519 527 548 623 650 678 680 695 741 743 757 786 807 841 875 906 926 935 936 994 1028 1057 1083 1096 1124 1152 1175 1235 1296 1325 1380 1452 1464 1475 1480 1535 1536 1562 1602 1607 1691 1735 1750 1817 1873 1912 1917 1920 1948 1991 1998 2011 2021,COC1=CC=C2N1C(=O)C(=CC=C2C(=O)OC)C3=CN=C(C=C3O)N4CCCN(CC4)C5=NC=C(C(=C5)C(=O)OC)O
140,CCCC1CCCCC1N(Cc1ccccc1C)c1ncccc1-c1nnc(-c2ccccc2)[nH]1,3 28 36 80 189 226 232 253 259 294 298 352 378 389 415 448 451 476 492 507 514 517 560 686 694 703 716 736 794 832 881 890 926 981 982 984 1019 1028 1043 1057 1063 1088 1114 1153 1160 1164 1168 1199 1280 1295 1312 1325 1344 1349 1380 1391 1431 1450 1452 1522 1597 1609 1611 1632 1645 1698 1722 1733 1745 1750 1785 1794 1866 1873 1875 1946 1999,CCCC1CCCCC1N(CC2=CC=CC=C2C)C3=C(C=CC=N3)C4=NN=C(N4)C5=CC=CC=C5C6=NN=C(N6)C7=CC=CC=C7
141,COc1ccc2c(c1)C1(C)CCCN1C2=O,8 30 63 79 229 263 265 314 322 346 347 352 449 505 573 633 650 673 680 695 718 742 781 790 798 802 819 841 875 879 926 935 975 1028 1057 1060 1162 1184 1274 1306 1380 1384 1395 1424 1441 1468 1480 1507 1536 1541 1544 1546 1558 1571 1623 1679 1707 1710 1750 1811 1873 1886 1890 1938 1972 1980,CC1(CCCN1C2(CCCN2C3(C4=C(C=CC(=C4)OC)C(=O)N3S)N5C(=O)C6=C(P5(S)S)C=C(C=C6)OC)C)C
142,CC(C)(C)C1(C)c2ccc3c4ccc(oc(N=C(N)N)n2)c3ccc41,11 17 30 72 84 114 137 271 285 287 351 368 378 392 442 453 466 579 656 684 725 807 872 914 916 959 961 990 1057 1060 1094 1133 1171 1274 1296 1343 1357 1380 1391 1589 1604 1613 1733 1750 1807 1808 1810 1815 1836 1855 1873 1883 1980 2043,CC1(C2=C(C3=C(C=C2)OC(=C3)N=C(N)N)OC1=N/C(=C\4/C=CC5=C(O4)C=CC6=C5C=CC7=C6C=CC8=C7C=CC9=C8C=CC(=N9)C(C)(C)C)/N)C(C)C
143,O=C1N(c2ccccn2)CCC2CCCN12,3 68 92 93 282 314 347 368 378 388 446 448 511 527 530 634 650 664 678 684 706 844 847 878 879 914 926 935 938 1019 1028 1088 1131 1155 1157 1166 1199 1325 1380 1452 1457 1459 1463 1480 1525 1541 1586 1630 1637 1644 1667 1750 1771 1866 1873 1900 1910 1970 1993 2000 2027,[B](C1CCN(CC1)C2CCN(CC2)C3=CC=CC=N3)N4CCC(CC4)N5CCCC6CCN6C5=O
144,CN1CCCC1Cc1cccs1,1 14 80 201 241 287 366 383 387 440 446 458 486 502 515 523 562 572 601 656 675 725 821 926 931 935 961 1018 1019 1028 1057 1088 1145 1169 1256 1325 1367 1380 1388 1450 1480 1552 1567 1589 1606 1750 1764 1766 1780 1847 1873 1908 1963,CN1CCCC1CC2=C(C(N(O2)C)C(C3=CC=CS3)N=NC4=CC=CS4)N=PC(C5=CC=CS5)C6=CC=CS6
145,COc1cccc(C(=O)NC(=O)n2c3ccc4c(ccc42)cc3[N+](=O)[O-])c1C(C)=O,45 93 148 166 185 203 218 239 249 354 356 364 466 486 498 586 588 603 609 650 695 715 716 733 753 761 807 830 836 838 841 845 875 935 1017 1039 1057 1061 1088 1119 1152 1195 1282 1357 1380 1410 1447 1499 1531 1536 1603 1604 1733 1750 1777 1820 1855 1857 1873 1899 1900 1917 1963 1970 1991 2000 2021 2029,CC(=O)C1=C(C=CC=C1OC)C(=O)NC(=O)N2C3=C(C=C2[N+](=O)[O-])C4=C(C=C3)C5=C(C=C4)C(=C(C=C5)OC)C(=O)C
146,COC(=O)c1ccc(C(=O)Nc2ccccc2)c(-c2cc(OC)ccc2S(N)(=O)=O)c1,4 67 105 145 167 191 322 350 352 358 389 392 432 469 486 587 628 640 650 651 691 695 703 718 781 807 831 833 841 847 873 875 906 957 989 1036 1057 1077 1088 1152 1158 1171 1185 1199 1286 1380 1385 1452 1457 1474 1476 1532 1536 1607 1697 1750 1771 1816 1842 1873 1917 1972 1978 1991,COC1=CC=C(C=C1)/C(=C/2\C=C(C=C2)C(=O)OC)/C3=CC(=C(C=C3)S(=O)(=O)N)C4=C(C=CC(=C4)C(=O)NC5=CC=CC=C5)C(=O)N
147,CC(=O)C(=CC=Cc1ccccc1)C(=O)O,154 331 389 432 436 446 580 631 636 650 671 682 694 721 774 807 826 835 848 853 878 887 970 1017 1057 1088 1101 1199 1275 1280 1319 1353 1380 1410 1497 1657 1723 1750 1807 1873 1877 1917 2029 2033,CC(=O)/C(=C/C=C(/C(=C/C=C/C1=CC=CC=C1)/C(=C(\C(=C/C=C/C2=CC=CC=C2)\C(=O)O)/C(=O)O)/C(=O)C)\C(=O)O)/C(=O)O
148,O=C(Cn1cnnn1)NC(=O)NC(=O)Nc1ccccc1,40 41 80 86 118 142 186 191 200 202 281 294 336 354 378 389 529 560 650 651 688 703 718 747 772 793 807 932 935 941 1015 1055 1077 1088 1119 1152 1182 1189 1199 1312 1339 1366 1380 1456 1696 1750 1783 1816 1847 1873 1917 1989 1990 2016 2027,C=P=C=C(CN1C=NN=N1)NC(=O)NC(=O)NN2C=NN=C2NC(=O)NC3=CC=CC=C3
149,O=S1(=O)OCc2c(Cl)cccc21,207 250 252 257 361 366 407 414 469 513 544 561 563 609 626 650 656 727 771 796 888 895 926 974 1039 1064 1079 1088 1144 1255 1267 1358 1380 1395 1428 1505 1528 1535 1593 1619 1624 1654 1683 1729 1750 1782 1873 1948,C1C2=C(C=CC=C2Cl)S(=O)(=O)OS(=O)(=O)C3=C(C=CC=C3S(=O)(=O)O1)S4(=O)OS(=O)(=O)O4
150,O=C(CCCCCCCCCCC[N+](=O)[O-])OC1CCCCC1,2 74 80 119 316 541 607 650 681 682 695 715 753 807 838 890 902 914 926 951 988 989 997 1019 1028 1126 1143 1147 1234 1267 1284 1325 1386 1399 1403 1410 1457 1564 1644 1864 1911 1917 1920 1963 1966 1988,C1CCC(CC1)OC(=O)CCCCCCCCCCCCCCCCCCCCCCCCCCCC(=O)OC2CCCCCCCCCCCCCCC[N+](=O)CC[N+](=O)[O-]
151,N#Cc1c2nc(O)nc1N(c1ccccc1)C(NC(=O)CN1CCCC1)=N2,27 41 80 82 87 118 130 210 213 277 342 348 358 378 389 422 431 575 598 604 617 625 650 658 671 674 680 703 790 798 801 805 807 926 927 935 951 952 1028 1049 1071 1082 1088 1136 1152 1176 1199 1284 1312 1316 1368 1380 1384 1422 1480 1483 1515 1519 1565 1590 1602 1641 1686 1700 1750 1791 1816 1825 1855 1871 1873 1917 1920 1998,n1(c2c(n(/c/1=C/1\N=C(N=N1)O)c1ccccc1)nc(nc2O)O)c1ccccc1
152,Cc1ccc(C(=O)N(CCN(C)C)C(=O)C(=Cc2ccccc2Cl)Oc2ccc(O)cc2)cc1,67 80 125 225 235 279 322 366 390 441 445 561 587 625 650 652 693 694 695 718 745 796 807 881 950 961 974 1008 1057 1088 1163 1195 1199 1221 1313 1377 1380 1385 1446 1447 1453 1586 1602 1648 1659 1683 1697 1722 1743 1746 1750 1778 1797 1810 1823 1851 1873 1917 1920 1922 1940 1951 2007 2009 2031,CC1=CC=C(C=C1)C(=O)N(CCN(C)C)/C(=C/C2=CC=CC=C2Cl)/C(=O)N(CCN(C)C)C(=O)C3=CC=C(C=C3)O
153,COC(C=Cc1cn2c(nc3ccccc32)s1)=CC=CN=C(C)N(C(=O)c1ccc(OC)cc1)C1CC1,31 45 119 162 166 238 289 290 322 354 357 378 387 432 464 468 531 534 559 587 624 639 650 668 675 680 694 695 718 725 726 781 807 809 831 835 841 881 886 926 935 948 998 1017 1019 1029 1057 1065 1088 1097 1152 1154 1181 1199 1221 1272 1285 1289 1319 1325 1363 1379 1380 1384 1385 1388 1435 1497 1504 1514 1536 1601 1697 1750 1820 1855 1873 1917 1953 1969 2009 2014 2028,C/C(=N\N(C1CC1)C(=O)C2=CC=C(C=C2)OC)/C=C/C=C/C3=CN4C5=CC=CC=C5N=C4S3
154,CN(CCNC(=CC=C(Br)Br)[N+](=O)[O-])CCOP(=O)=O,13 43 45 80 83 140 197 235 256 353 473 476 481 496 519 635 650 667 677 694 695 715 728 753 807 820 838 880 881 891 925 982 995 1007 1025 1036 1057 1103 1152 1163 1229 1236 1249 1269 1277 1319 1334 1350 1393 1436 1467 1527 1537 1630 1705 1759 1893 1951 1963 1989 2034,CN(CCN/C(=C/C=C(Br)Br)/OP(=O)=O)CCOP(=O)=O
155,Cc1ccc2c(N3C(=O)N(Cc4ccccc4)C4CCC3C4)cccc2c1,40 60 80 92 229 235 274 279 280 314 338 389 518 565 650 727 786 813 822 836 875 891 914 915 926 935 939 1013 1019 1039 1057 1065 1066 1087 1088 1108 1185 1199 1209 1228 1294 1295 1325 1357 1376 1380 1389 1440 1524 1579 1587 1626 1647 1681 1683 1714 1722 1733 1750 1754 1765 1775 1783 1805 1823 1855 1873 1910 1922 1970,B1(N(C(=O)N(C(=O)N1C2=CC=CC3=C2C=CC(=C3)C)C4=CC=CC5=C4C=CC(=C5)C)CC6=CC=CC=C6)N7C8CCC7CC8
156,CCCCCn1c(SCC(=O)O)nc(C)c1C(=O)N1CCCCC1,2 7 64 80 92 116 179 294 341 351 355 369 378 384 389 575 591 650 665 741 747 749 794 802 805 807 834 861 893 915 926 935 942 954 1014 1018 1022 1028 1057 1063 1072 1145 1238 1339 1366 1373 1380 1420 1444 1458 1464 1469 1480 1504 1534 1620 1629 1655 1722 1737 1815 1855 1861 1885 1911 1917 1957 1959 1969 1998 2005 2009,CCCCCN1C(=C(N=C1SCC(=O)O)C)C(=O)N2CCCCC2
157,COc1cc(F)ccc1C=Cc1ccccc1O,56 60 133 224 249 255 335 432 441 507 601 688 694 695 699 789 807 835 841 875 961 979 1057 1063 1088 1097 1199 1200 1227 1238 1268 1336 1380 1385 1410 1432 1456 1485 1487 1536 1602 1607 1608 1670 1750 1755 1800 1831 1873 1904 1928 1948 1970,COC1=CC=CC=C1/C=C/C2=C(C=C(C=C2)F)/C=C/C3=C(C=C(C=C3)F)/C=C/C4=CC=CC=C4O
158,CC(C)=CCCCCCCCCCCCP(=O)(O)OP(=O)=O,27 45 80 105 119 146 192 314 318 321 353 378 401 479 486 548 635 650 673 694 695 783 807 863 879 900 952 1017 1018 1057 1143 1257 1390 1440 1457 1492 1496 1532 1539 1574 1582 1621 1654 1681 1837 1838 1911 1913 1917 1964 1995,CC(=CCCCCCCCCCCCP(=O)(O)O[Si](C(=O)P(=O)(CCCCCCCCCCCC=C(C)C)C(=O)P(=O)(O)O)(O)P=O)C
159,NN=C(c1ccc(Cl)cc1)c1ccc(Cl)c(Cl)c1Cl,67 79 97 117 166 216 350 366 382 400 440 464 561 597 666 717 725 807 816 1011 1050 1070 1149 1171 1202 1255 1269 1347 1380 1385 1395 1473 1541 1683 1697 1750 1859 1873 1878 1991 1992,C1=CC(=CC=C1/C(=N/N)/C(=C(\C2=C(C(=C(C=C2)Cl)Cl)Cl)/C(=N/N)/C3=C(C(=C(C=C3)Cl)Cl)Cl)/C(=N/N)/C4=C(C(=C(C=C4)Cl)Cl)Cl)Cl
160,O=C(OCCCC(=O)N1C(=O)CCC1=O)c1cccc(-c2ccccc2)n1,13 80 145 147 314 378 389 390 461 471 525 526 650 651 695 701 736 772 777 798 807 855 926 935 980 989 1009 1039 1054 1062 1088 1160 1199 1219 1248 1320 1343 1380 1426 1496 1508 1564 1592 1639 1724 1734 1738 1750 1851 1855 1873 1911 1917 1971 2013 2036,C1CC(=O)N(C1=O)C(=O)CCCOC(=O)C2=CC=CC(=N2)C3=NC(=CC=C3)C4=CC=CC=C4
161,COC(=O)CC(=O)c1csc(-c2cccc(F)c2)n1,52 80 157 195 200 230 233 258 280 286 325 378 380 410 460 518 552 553 650 657 675 695 699 736 807 841 855 875 901 1001 1034 1039 1057 1071 1088 1152 1160 1175 1266 1317 1367 1380 1386 1468 1487 1567 1587 1670 1693 1729 1740 1750 1854 1855 1873 1917 1928 1934 1954 1973 1986 2012 2021,COC(=O)CC(=O)C1=CSC(=C2SC=C(N2)C3=CC(=CC=C3)F)N=C1OC(=O)CC(=O)OC
162,N#CN=C(C(C#N)=C1Cc2ccccc2N1c1ccccc1)N1CCCCC1,2 8 26 85 152 207 300 349 357 369 389 391 460 552 577 625 674 713 725 735 788 790 803 807 926 935 984 1028 1049 1088 1114 1129 1145 1176 1197 1199 1236 1295 1297 1329 1380 1384 1448 1480 1547 1564 1630 1647 1691 1708 1750 1766 1801 1808 1815 1825 1829 1840 1848 1873 1998 2009 2019 2023,C1CCN(CC1)C(=NC#N)/C(=C\2/CC3=CC=CC=C3N2C4=CC=CC=C4)/C(=C\5/C=NNN5C6=CC=CC=C6)/C#N
163,CCCN(CCNC(=O)c1ccccc1)c1c2ccc3c(nc(C)nc13)N2,8 57 74 80 105 138 159 197 265 289 294 378 388 389 407 486 495 496 530 541 650 667 695 760 763 772 782 789 794 807 847 881 939 1002 1057 1060 1082 1086 1088 1114 1126 1131 1142 1152 1194 1199 1224 1277 1290 1357 1360 1364 1376 1380 1385 1426 1470 1490 1665 1686 1687 1692 1722 1724 1729 1733 1750 1761 1855 1873 1951 1966 1982 1985,CCCN(CCNC(=O)C1=CC=CC=C1)C2=C3C=CC4=C(C3=NC5=C2N=C(N5)C)N=C6C(=N4)NC7=CC=CC=C7N6
164,C=C1C=C1S(=O)(=O)N1C(=O)C2OC3CCCCCCC(CC(C)(C)C)CC2C31,2 5 11 13 29 35 71 80 84 113 114 172 214 228 263 292 314 348 350 366 392 424 431 484 537 568 622 650 656 720 729 737 739 764 800 890 910 926 935 961 987 997 1019 1026 1028 1049 1057 1083 1088 1103 1292 1325 1366 1380 1443 1463 1476 1496 1664 1700 1729 1776 1819 1840 1873 1921,CC(C)(C)CC1CCCCC1CC(C)(C)C2=CC(=C)N2S(=O)(=O)C3=CC4=CC5C(N4C3)C6CCCCC6O5
165,Cc1csc(Nc2nc3ccccc3s2)n1,2 117 162 204 289 378 385 411 414 453 461 465 491 552 557 641 664 667 675 716 885 888 911 962 980 996 1055 1057 1088 1097 1152 1180 1199 1224 1360 1380 1475 1521 1567 1568 1611 1683 1714 1722 1731 1750 1855 1873 1911 1913 1924,B1(C2=CC=CC=C2SC(=N1)NC3=NC4=CC=CC=C4S3)NCCC[N+](C5=NC(=CS5)C)(C6=CC=CC=C6)Cl
166,COc1ccc(NCCN2CCCCC2)c(C(=O)N2CCN(S(=O)(=O)c3ccc(Cl)cc3)CC2)c1,2 58 80 100 154 179 216 249 268 319 322 329 350 362 366 370 374 447 561 585 650 660 667 677 695 706 714 715 718 754 757 781 794 796 800 807 816 841 858 875 899 926 934 935 942 982 1028 1057 1070 1145 1152 1224 1380 1416 1422 1476 1480 1482 1504 1518 1536 1589 1683 1750 1791 1856 1873 1917 1972 1991 1998 2009,COC1=CC(=C(C=C1)NCCN2CCCCC2)C(=O)N3CCN(CC3)S(=O)(=O)C4=CC(=C(C=C4)NCCN5CCCCC5)OC
167,CCOC(=O)CCSc1cc2cc(c1OC)Oc1ccccc1-2,46 51 80 116 147 160 177 193 244 271 272 294 295 332 333 341 352 495 558 624 650 656 664 677 695 729 807 841 875 915 984 1025 1035 1088 1160 1182 1199 1238 1276 1292 1347 1374 1380 1386 1414 1452 1481 1536 1564 1593 1599 1645 1722 1750 1783 1805 1810 1834 1838 1873 1905 1917 1939 2006 2033,CCOC(=O)CCSC1=CC(=CC(=C1OC)C2=CC(=C(C(=C2)SCCC(=O)OCC)OCC)SCCC(=O)OCC)C3=C4C(=CC=C3)OC5=CC=CC=C5O4
168,O=C1OCC(CCCCCCN2CC(CCOC(=O)C3=CCC(C(=O)O)C(Cl)=C3)OC2=O)O1,13 18 26 61 80 84 98 145 147 219 263 265 266 283 286 314 334 363 389 433 441 449 482 561 598 599 606 608 650 655 656 695 739 750 807 832 893 926 935 951 1000 1019 1053 1064 1089 1134 1143 1145 1164 1241 1283 1365 1380 1386 1391 1399 1411 1423 1431 1464 1467 1545 1546 1592 1683 1749 1763 1781 1812 1839 1873 1874 1911 1917 1923 1995 2001 2033,C1C=C(C=C(C1C(=O)O)C(=O)OCCN2CC(OC2=O)CCCCCCCCN3CC(OC3=O)CCCCN4CC(OC4=O)C(=O)O)Cl
169,CC(=O)N(CCSc1ccc(Cl)cc1)c1cccc(Cl)n1,10 13 35 80 116 129 140 216 259 341 378 415 458 561 650 783 807 811 816 881 928 936 1039 1047 1057 1065 1070 1088 1115 1118 1182 1203 1227 1255 1380 1494 1511 1534 1575 1588 1636 1683 1750 1758 1855 1872 1873 1917 1918 1951 1994 2033,CN(C1=NC(=CC=C1)Cl)C(=O)N(C2=NC(=CC=C2)Cl)N(CCSC3=CC=C(C=C3)Cl)C(=O)SCl
170,COc1ccc(Cl)c(Sc2c3n(c(=O)[nH]c2=O)CCO3)c1,29 116 172 228 272 281 314 322 366 399 415 421 441 456 507 552 561 562 567 572 613 650 656 666 695 718 750 758 781 841 870 875 913 926 935 950 995 1025 1057 1114 1117 1182 1204 1253 1259 1265 1362 1380 1423 1469 1480 1496 1536 1549 1566 1605 1654 1683 1716 1745 1750 1835 1851 1858 1871 1873 1921 1972,COC1=CC(=C(C=C1)Cl)SC2=C3N(CCO3)C(=C(C=C2Cl)Cl)SCCN4C(=O)NC(=O)C(=C4SC5=C(C=CC(=C5)OC)Cl)SC6=C(C=C7N(CCO7)C(=O)N6)Cl
171,CNS(=O)(=O)C=Cc1cc(Nc2cc(C#N)c3ccccc3c2)ccc1Cl,32 191 192 211 286 329 350 361 366 378 393 491 561 565 639 650 666 674 694 718 749 790 831 833 835 836 843 875 879 904 961 965 1057 1087 1088 1107 1136 1152 1195 1199 1234 1325 1355 1357 1361 1379 1380 1384 1430 1468 1476 1518 1524 1546 1572 1573 1619 1627 1646 1653 1683 1745 1750 1789 1836 1844 1855 1862 1873 1915 1934,CNS(=O)(=O)/C=C/C1=CC(=C(N=C1C#N)NC2=CC=C(C=C2)NC3=CC(=C(C=C3)Cl)C#N)/C=C/S(=O)(=O)NC4=CC(=C(C=C4)Cl)C#N
172,COc1cccc(S(=O)(=O)c2ccc(C)ccccc3cc4nc-3sc4s2)c1,31 45 129 162 174 235 291 319 322 325 350 378 389 432 466 490 518 534 562 575 593 650 675 695 707 734 736 742 781 835 841 875 920 934 1039 1055 1057 1088 1097 1117 1160 1199 1212 1371 1380 1466 1476 1478 1497 1521 1536 1538 1561 1571 1722 1750 1823 1837 1855 1873 1920 1934 1939 1949 1972,CC1=CC=C(C=C1)S(=O)(=O)C2=CC=C(S2)S(=O)(=O)P(C3=CC=CC(=C3)C4=NC5=C(S4)SC(=C5)C6=CC=CC=C6)OC7=CC=CC(=C7)OC
173,O=C(c1ccccc1)N1CCN(C(=O)c2ccccc2)C(C(=O)N2CCN3CCC2C3)C1,60 90 126 133 242 341 389 451 462 487 497 531 564 572 612 650 686 712 729 739 771 807 847 878 925 926 935 1019 1056 1088 1199 1212 1325 1357 1380 1385 1388 1419 1430 1473 1480 1504 1511 1535 1553 1573 1589 1628 1694 1730 1750 1873 1910 1917 1945 1985 2009,C1CN2CCC1N(CC2)C(=O)C3CN(CCN3C(=O)C4CN(CCN4C(=O)C5=CC=CC=C5)C(=O)C6=CC=CC=C6)C(=O)C7=CC=CC=C7
174,NC1=NC2=CC=C3C=CC=CC3(N1)SC(N)=N2,103 146 198 374 378 387 398 478 547 567 597 604 623 675 676 687 766 787 858 862 878 884 905 912 927 928 980 1060 1068 1114 1129 1155 1171 1249 1307 1312 1380 1386 1387 1457 1486 1535 1578 1591 1623 1644 1655 1667 1727 1728 1765 1783 1803 1860 1873 1985,C1=CC2=C3C(=C1)NC4(C=CC=C5C4=NC(=N5)N)C6=C7C=CC=CC7=C8C6(N3)C=CC(=N8)N
175,CCN(C(C)=O)C(=O)c1ccc(Br)c(OC)c1,80 92 249 294 352 354 428 429 573 645 650 695 707 728 807 828 833 841 855 875 881 917 932 1017 1057 1107 1138 1221 1225 1301 1352 1380 1385 1510 1536 1588 1631 1648 1697 1750 1802 1817 1873 1917 1957 1970 1984 2031,CCN(C(=O)C)C(=O)C1=CC(=C(C=C1)Br)C2=CC(=C(C=C2OC)O[Hg]N(CC)C(=O)C3=CC(=C(C=C3)Br)OC)OC
176,CCN1c2ccc(-c3cccc(=O)n3CCCCCCCN(C)C)c1n2,34 80 130 132 146 202 232 240 256 294 307 314 352 378 425 527 584 635 650 652 680 685 693 700 717 729 741 774 802 873 881 893 914 935 946 1039 1057 1088 1141 1143 1145 1163 1172 1277 1309 1380 1515 1560 1569 1574 1576 1620 1648 1669 1692 1693 1750 1855 1873 1881 1883 1911 1931 1951 2010,CCN1C2=CC=CC(=O)N2C3=NC(=C(C=C3)C4=CC=CC(=O)N4CCCCCN(C)C)N(C5=C(C=CC(=N5)N1C)C6=CC=CC(=O)N6CC)CCCCN(C)C
177,C=C1SC=CC=C1OC,35 141 188 238 341 354 370 391 548 617 620 675 689 693 695 725 789 841 862 888 1044 1057 1113 1171 1172 1249 1330 1366 1380 1391 1536 1577 1615 1645 1653 1672 1675 1697 1718 1861 1873,COC\1=CC=CS/C1=N\POC2=CC=CSC2=C
178,CC(C)=C(C(=O)OCCCCCCCCCCC(=O)O)[N+](=O)[O-],1 13 80 120 147 167 230 232 262 350 388 389 459 473 650 655 695 699 715 753 807 838 848 855 867 1017 1052 1057 1110 1143 1249 1256 1262 1267 1287 1481 1564 1609 1650 1664 1701 1734 1737 1767 1807 1819 1826 1864 1866 1911 1917 1963 1995,CC(=C(C(/C(=C(\CCC(=O)O)/[N+](=O)[O-])/C(=O)OCCCCCC(=O)O)[N+](=S=O)(=O)[O-])C(=O)OCCCCCC(=O)O)C
179,CN(C)C(=S)c1ccccc1OC1=CC=C2C=c3cccc(Cl)c3=C21,8 41 73 84 97 110 183 320 366 461 561 583 695 696 725 760 791 794 807 809 864 881 912 930 933 944 958 960 974 1016 1039 1057 1088 1097 1163 1199 1249 1312 1326 1335 1350 1378 1380 1410 1447 1492 1546 1580 1594 1617 1653 1683 1718 1747 1749 1750 1768 1839 1873 1970 1991 2041 2046,CN(C)C(=S)C1=CC=CC=C1OC2=CC(=CC=C2Cl)C3=C4C(=CC=C5C=CC=CC5=C4Cl)C=C3OC6=CC=CC=C6C(=S)N(C)C
180,O=C(NC1CCN(Cc2ccccc2)C1=O)N1CCCCCCC1,2 5 80 129 218 242 284 314 369 374 387 389 481 632 650 760 768 807 926 935 951 1019 1023 1028 1045 1066 1088 1089 1092 1124 1152 1199 1246 1325 1380 1422 1461 1468 1480 1502 1696 1712 1747 1750 1754 1765 1785 1834 1873 1917 1918 1936 1979 1998 2000 2009,C1CCN(CC1)C(=O)N[C@H]2CCN(C2=O)CC3=CC=CC=C3[Te]C4CCN4C(=O)N5CCCC5
181,CCCN(C(=O)NC(=NC1=C(OC)c2ccccc2NS1(=O)=O)OC)c1ccc(OC)cc1,0 80 85 193 196 231 294 322 352 409 469 545 567 578 636 650 661 695 718 725 741 781 783 794 807 831 840 841 858 881 930 960 984 1014 1036 1057 1088 1094 1096 1114 1119 1152 1174 1199 1221 1264 1353 1377 1380 1392 1423 1446 1470 1472 1487 1522 1536 1555 1605 1613 1635 1643 1686 1694 1726 1746 1750 1761 1781 1786 1805 1849 1873 1917 1951 1982,CCCN(C1=CC=C(C=C1)OC)C(=O)N/C(=N/C2=C(C3=CC=CC=C3N2)OC)/N(CCC)C(=O)N(CCC)/C(=C/I)/ONCC
182,CC(=O)CCN(Cc1ccccc1)S(=O)(c1ccc(C)cc1)(c1ccc(Cl)cc1)N1CCCC1,2 6 26 50 52 80 190 216 235 241 320 342 347 389 420 486 507 557 561 578 620 650 664 736 768 778 807 816 881 926 935 942 952 1017 1028 1057 1066 1070 1088 1147 1199 1245 1289 1380 1395 1414 1480 1497 1550 1564 1571 1586 1619 1621 1683 1722 1750 1754 1823 1873 1917 1920 1951 1998,[B-](C1=CC=C(C=C1)Cl)(C2=CC=C(C=C2)C)(C3=CC=C(C=C3)Cl)(C4=CC=C(C=C4)Cl)N(CCC(=O)C)N5CCCCC5
183,CCCN(C(=O)c1ccccc1OC)C(=O)C(C)(C)C,78 80 114 229 235 249 270 294 368 392 427 430 650 695 794 807 821 841 881 928 1039 1057 1058 1088 1138 1166 1199 1221 1267 1364 1380 1410 1447 1478 1481 1516 1521 1536 1593 1603 1648 1689 1741 1750 1761 1824 1873 1917 1923 1951 1958 1964 1970 1991 2046,CCCN(C(=O)C1=CC=CC=C1OC)C(=O)C2=C(C(=CC=C2)OS(=O)CCC)N(C(=O)C3=CC=CC=C3OC)C(=O)C(C)(C)C
184,COC(=O)c1cc(C(=O)c2cc(OC)cc([N+](=O)[O-])c2)ccc1C(=O)OCC1OC(C)C(OC(=O)c2ccccc2)C1O,2 9 20 28 58 67 80 105 121 145 147 322 346 352 375 389 443 482 500 555 579 594 606 610 646 650 656 695 715 722 729 753 765 776 781 823 838 841 875 906 936 1019 1053 1057 1088 1126 1136 1139 1145 1152 1195 1199 1218 1220 1257 1274 1309 1319 1332 1361 1380 1384 1385 1388 1389 1487 1509 1536 1545 1673 1678 1685 1697 1728 1750 1769 1809 1841 1873 1878 1917 1921 1950 1963 1985 1991 2007,C[C@H]1[C@@H]([C@H]([C@H]([C@@H](O1)OC[C@@H]2[C@H]([C@@H]([C@H]([C@@H](O2)[N+](=O)[O-])O)OC(=O)C3=C(C=C(C=C3)C(=O)C4=CC(=CC(=C4)OC)[N+](=O)[O-])C(=O)OC)O)O)OC(=O)C5=CC=CC=C5)O
185,CC1=CC2=C(C(=O)[O-])C(C(C)(C)C)C3CCCC2(C)C3(C)C1,4 58 63 84 114 117 165 264 267 295 318 332 381 392 418 470 493 511 519 650 663 664 715 779 807 813 831 899 926 940 969 979 987 1012 1019 1028 1057 1060 1134 1162 1216 1226 1274 1325 1380 1436 1446 1536 1568 1618 1722 1780 1873 1906 1917 1951 1979 1991,CC1=CC2=C3C=C(C4=CC(=C(C(=O)[O-])C(C)(C)C)CC4([C@]3(CCC2(C1)C)C)C)C(=O)[O-]
186,CC(C)OC(=O)c1nc(N)c2ccccc2c1C#N,1 48 69 77 106 126 139 145 213 278 283 343 358 378 449 481 490 501 555 557 585 650 674 695 751 780 790 807 847 878 885 888 900 1042 1054 1057 1071 1088 1136 1171 1199 1236 1336 1357 1380 1384 1395 1457 1459 1507 1573 1686 1748 1750 1772 1855 1873 1917 1968 1978 1997,CC(C)OC(=O)C1=NC(=C(C2=CC=CC=C21)C#N)C(C3=NC(=C(C(=C3)C(C)OC(=O)C4=NC(=C(C5=CC=CC=C54)C#N)N)C#N)N)C(C)C
187,COc1cccc(S(=O)(=O)N(CCOCCCN2C(=O)c3ccnc2n3)c2ccccc2OC)c1,13 50 51 80 188 239 249 314 319 322 350 378 460 552 562 575 588 599 635 650 691 695 707 756 781 785 787 815 841 875 879 881 935 980 1039 1052 1062 1063 1077 1085 1088 1145 1160 1199 1256 1325 1339 1362 1380 1410 1452 1470 1476 1536 1549 1660 1684 1712 1750 1834 1841 1855 1866 1873 1877 1884 1911 1916 1951 1970 1972 1992 2018,C1(=O)N(C(=O)N(C1=O)CCCOCCN(S(=O)(=O)c1cc(ccc1)OC)c1c(cccc1)OC)c1nccc(n1)c1ccnc(c1)OC
188,COc1c(Oc2ncc(C=C3C=NNC3=O)n2-c2ccccc2)cc(Cl)cc1C(F)(F)F,58 99 114 216 249 262 281 297 314 333 378 389 412 419 437 501 535 541 561 580 598 606 628 650 694 695 709 733 780 809 821 841 875 903 935 984 1036 1049 1057 1078 1088 1111 1114 1116 1139 1146 1199 1221 1244 1261 1380 1448 1452 1453 1535 1536 1566 1599 1617 1657 1683 1747 1750 1787 1825 1873 1881 1928 1950 1967 1969 1993 2000 2027 2047,COC1=CC(=CC2=C1NC(=O)C(=C2)/C=C/3\C=NNC4=C3C=C(C=C4C(F)(F)F)Cl)Cl
189,CCOc1ccc(C(=O)NCCN2CCCCC2)cc1,2 8 22 25 32 69 80 102 104 152 167 177 197 233 237 265 283 294 322 325 486 586 593 650 655 667 695 714 718 807 826 926 935 946 1028 1057 1145 1152 1238 1239 1266 1276 1356 1380 1422 1452 1480 1482 1486 1588 1643 1665 1689 1697 1750 1791 1845 1873 1890 1917 1920 1987 1998 2002,CCOC1=CC=C(C=C1)C(=O)NCCN2CCN(P2(C3=CC=C(C=C3)C(=O)NCCN4CCCCC4)(OCC)OCC)CCN5CCCCC5
190,CN(C)CCCNCCN1C(=O)n2c3ccccc3n3nc1nc23,21 37 45 58 80 92 105 136 173 183 226 265 314 340 378 383 412 415 473 584 588 650 652 667 693 762 771 826 881 896 911 935 946 1004 1057 1088 1141 1145 1152 1163 1199 1216 1256 1285 1294 1322 1380 1403 1455 1513 1520 1571 1603 1649 1750 1855 1873 1893 1911 1951 1956 1993,CN(C)CCCNCCN1C2=CC=CC=C2N(C1=O)C3=NN4C(=O)N(C(=O)N(C4=N3)C5=NN6C7=CC=CC=C7N(C6=N5)CCN(C)C)CCN(C)C
191,CC(C)CCN1C(=O)C2CN(CC(C(C)C(=O)Nc3nc4c(=O)c(s3)=CC=4)C2C(C)(C)C)C1=O,1 5 30 75 80 81 92 114 162 179 186 212 258 278 283 314 317 339 346 351 377 378 385 389 392 407 455 525 573 588 601 609 650 675 678 739 749 757 807 824 870 879 918 926 935 985 1019 1049 1054 1057 1125 1145 1152 1191 1223 1245 1249 1264 1299 1327 1344 1371 1380 1431 1452 1484 1486 1508 1515 1599 1618 1721 1768 1816 1847 1855 1860 1873 1890 1897 1917 1950 2022 2036,CC(C)CCN1C(=O)C2CN(CC2C1=O)C3=CC=C4C[N+](C(=O)N(C4=C3)CCC(C)C)(C(C)C)N5C(=O)C6CN(C5=O)C(C6C(C)(C)C)C(=O)O
192,COc1ccc(Cl)cc1-n1c(=O)c2sc1nc2Nc1cccc(N2CCCCC2)c1,1 2 24 48 94 95 130 131 162 165 191 216 249 266 314 329 378 407 476 491 496 504 535 560 561 633 650 668 675 680 687 695 703 708 785 816 819 841 875 888 916 926 935 942 1000 1028 1039 1049 1057 1088 1143 1152 1192 1219 1272 1295 1380 1450 1480 1536 1546 1577 1599 1619 1683 1729 1750 1793 1825 1855 1868 1873 1917 1939 1961 1970 1976 1993 1998,COC1=C(C=C(C=C1)Cl)N2C3=C(C(=O)N(C(=N3)N4CCCCC4)NC5=CC(=CC=C5)N6CCCCC6)SC2=O
193,CC(C)C(=NN=C1C=CC=C1)c1ccc(Br)cc1,1 74 181 206 283 326 448 463 464 499 534 546 547 575 578 583 613 629 631 705 707 721 725 728 758 807 862 871 909 953 973 1057 1157 1162 1317 1318 1349 1380 1385 1387 1481 1527 1553 1631 1649 1666 1697 1750 1775 1820 1873 1882 1976 1987,CC(C)/C(=N\N=C\1/C=CC=C/C1=C(/C2=CC=C(C=C2)Br)\[N+]3=C(C=CC=C3)C(C)C)/C4=CC=C(C=C4)Br
194,CSC(C)(C)NC(=O)N1CCN(C)CC1,14 58 67 92 101 114 116 126 138 166 207 218 318 354 392 394 402 419 491 528 650 679 798 807 926 931 935 1032 1057 1096 1145 1152 1194 1198 1202 1236 1319 1424 1468 1480 1500 1517 1541 1589 1617 1627 1773 1782 1853 1917 2009,CC(C)(C(C)(C(C)(C1CC(C(C(C1)(SC)SC)SC)(SC)SC)NC(=O)N2CCN(CC2)C)SC)NC(=O)N3CCN(CC3)C
195,S=C1CSc2c(sc3ccccc23)Sc2ccccc2S1,3 71 97 123 157 162 179 215 304 326 331 396 397 461 493 495 549 601 615 638 675 833 859 885 926 949 992 1029 1088 1099 1199 1289 1297 1357 1380 1425 1462 1573 1579 1598 1624 1717 1744 1750 1849 1873 1902 1943 1973 2044,C1C2=C(SC3=C(S1)SC4=CC=CC=C43)SC(=C5SC6=CC=CC=C6S5)C2=C7SC(=S)SCS7
196,CCCOc1ccc2c(C(=O)[SiH2]CCC)cc3ccccc3c2c1,13 27 60 76 80 107 294 299 322 330 345 385 495 536 576 641 650 695 718 722 763 781 782 794 807 831 836 846 870 875 877 985 1034 1057 1087 1088 1199 1246 1324 1357 1380 1406 1431 1452 1458 1465 1501 1538 1560 1573 1603 1655 1665 1722 1733 1750 1824 1855 1873 1888 1909 1917 1928 1991 2037 2039,CCCOC1=CC2=C(C=C1)C(=C=C2)C(=O)C3=CC4=CC=CC=C4C5=C3C=CC(=C=C=C=C5)OOCCC
197,N#[N+]c1cc(Cl)ccc1SCCCCCCCCc1cccc2cc(F)ccc12,80 116 122 136 147 165 210 216 227 253 341 379 446 487 549 561 649 699 767 799 816 836 838 853 875 953 957 981 1025 1033 1039 1052 1087 1088 1143 1153 1182 1184 1243 1298 1349 1361 1380 1384 1410 1487 1514 1527 1563 1587 1597 1645 1653 1670 1683 1716 1733 1750 1781 1855 1873 1905 1911 1928 1940 1950,C1=CC2=C(C(=C1)CCCCCCCCCCCCCCCSC3=C(C=C(C=C3)F)[N+]#N)C(=CC=C2)CCCCCSC4=C(C=C(C=C4)Cl)[N+]#N
198,COc1cccc2-c3ccc(cc3C)-c(O)=c(C(=O)O)-n-2c(=O)c2cc(ccc1)ccc2OC,3 59 66 72 94 138 177 188 223 249 302 311 314 322 352 384 389 456 470 504 562 571 648 650 680 687 695 729 781 807 828 831 841 875 896 899 935 936 937 949 1027 1039 1057 1063 1088 1106 1131 1155 1160 1291 1328 1357 1364 1380 1389 1391 1486 1512 1536 1602 1605 1637 1675 1722 1750 1753 1762 1764 1845 1873 1917 1970 2023,CC1=C(C=CC(=C1)C2=C(C(=C(N(C2=O)PN3C(=C(C4=C(C=CC(=C4C3=O)OC)OC)O)C(=O)O)C(=O)O)O)O)C5=CC=C(C=C5)OC
199,CC(C=Cc1ccc(F)cc1)=CC(=O)c1ccccc1,20 25 31 45 47 90 131 143 350 389 430 432 531 565 603 650 694 699 726 807 835 878 891 961 1017 1044 1057 1088 1095 1113 1120 1177 1199 1230 1250 1288 1308 1380 1385 1410 1512 1547 1667 1670 1684 1742 1750 1775 1794 1873 1917 1928 1985 2011 2033 2039,C/C(=C\C(=C\P(/C(=C(/C)\C=C\C1=CC=C(C=C1)F)/C2=CC=CC=C2)/C(=C/C(=O)C3=CC=CC=C3)/C)\C4=CC=CC=C4)/C=C/C5=CC=C(C=C5)F
200,CN(C(=O)c1ccccc1)c1nc2ccncc2s1,6 34 54 119 122 162 304 354 369 378 387 389 433 442 473 506 522 545 551 557 587 590 599 642 650 675 706 728 807 843 881 885 954 964 1057 1075 1088 1097 1111 1151 1163 1199 1208 1211 1221 1241 1245 1380 1385 1442 1535 1549 1586 1603 1658 1750 1786 1806 1814 1855 1866 1873 1907 1917 1985 1993,CN(C1=NC2=C(S1)C=NC=C2)C(=O)N(C3=NC(=C4SC=CS4)S3)N(C(=O)C5=CC=CC=C5)C(=O)N(C)N(C(=O)C6=CC=CC=C6)C(=O)C7=CC=CC=C7
201,CCN(C)P(=O)(Oc1ccccc1C)c1ccc(N(C)C)nc1-c1ccccc1,24 80 138 192 284 294 300 317 323 378 389 471 477 485 486 586 650 676 695 736 881 892 920 925 932 948 1047 1057 1088 1126 1160 1163 1198 1199 1215 1355 1363 1380 1391 1410 1473 1515 1519 1700 1722 1737 1741 1750 1780 1804 1826 1855 1873 1918 1942 1970 1987 1999 2001,CCN(CC)N(CC)P(=O)(C1=C(N=C(C=C1)N(C)C)C2=CC=CC=C2)OC3=CC=CC=C3C
202,C#CC(=O)N1CCN(CCCCCCCCN(CC(=O)O)C(=O)c2ccccn2)C1=O,33 80 92 186 192 197 206 222 248 279 295 306 314 358 367 368 371 378 389 448 463 471 481 482 522 536 552 605 650 674 693 757 807 855 881 893 915 926 935 951 967 974 978 1002 1004 1088 1089 1141 1143 1145 1155 1190 1199 1221 1272 1294 1295 1380 1387 1452 1480 1518 1552 1635 1669 1672 1737 1750 1774 1820 1866 1870 1873 1883 1911 1917 1951 1987,[B]CN1CCN(C1=O)CCCCCN(CC(=O)O)C(=O)C2=[N+](C(=O)N(C=N2)CC(=O)O)C(=O)N(CCCCCN3CCN(C3=O)C#C)CO
203,COc1ccc(C(=O)OC2CCCC2OC(=O)OC(C)(C)C)cc1OC,94 114 140 141 145 231 245 249 302 352 387 392 428 469 488 567 570 580 650 695 714 739 760 798 807 841 875 881 918 926 962 1019 1028 1057 1063 1126 1149 1245 1273 1325 1380 1385 1536 1574 1629 1640 1697 1750 1818 1844 1859 1873 1893 1908 1917 1970 2021 2026,CC(C)(C)OC(=O)OC1=C[C@@H]2CCC[C@H]([C@@H]2C=C1OC(=O)OC(C)(C)C)OC(=O)C3=CC(=C(C=C3)OC)OC
204,COc1ccc2c(C)ccc(NC(=O)CC3CCCOC3=O)c2c1,25 35 41 60 80 110 202 259 314 322 409 441 460 468 541 566 596 600 650 656 695 702 766 781 806 807 841 846 852 854 875 901 906 926 941 950 959 1004 1019 1028 1057 1112 1152 1157 1224 1260 1325 1357 1380 1387 1391 1397 1464 1466 1468 1515 1536 1611 1620 1622 1658 1691 1703 1722 1733 1750 1816 1856 1873 1917 1947 1948 1972 1986,CC1=C2C=C(C=CC2=C(C=C1)NC(=O)CC3CCCOC3=O)NC(=O)CC4CCCOC4=O
205,O=C1CCCCC(C2CC(=Cc3ccc(F)c(Cl)c3)C3=CC(=O)N2C3=O)N1,25 84 118 139 216 229 231 257 280 281 301 310 314 322 366 395 409 431 465 477 497 513 538 561 585 597 646 650 694 699 704 723 756 829 875 879 890 899 909 926 935 943 1019 1028 1077 1108 1114 1167 1241 1258 1260 1319 1325 1369 1380 1382 1485 1488 1545 1551 1575 1637 1683 1689 1738 1750 1805 1840 1865 1873 1922 1928 1955 2005 2033,C1CCC2C(C1)NC(=O)CCCCC(=O)N2C3=C/C(=C\4/C=C5C(=CC(=O)N5C6CCCCC6N4)Cl)/C(=O)N3
206,CCCN(C(=O)C(C)(C)C)c1cccc(C(=O)N2C(=O)C3CCCB(OC(C)=O)N3C(=O)C2CC)c1,5 21 32 38 80 86 114 231 270 288 291 294 314 379 382 392 393 406 487 534 610 618 650 666 695 783 794 807 857 860 875 881 926 935 947 1017 1019 1028 1035 1039 1057 1062 1082 1088 1096 1118 1174 1221 1242 1283 1302 1312 1325 1349 1380 1385 1402 1415 1454 1461 1478 1497 1504 1555 1586 1616 1689 1714 1734 1750 1756 1761 1816 1873 1896 1917 1951 1971 1985 2023 2046,CCCN(C1=CC=CC(=C1)C(=O)N2C3CCC(N2C(=O)C4=CC(=CC=C4)N(C(=O)C(C)(C)C)C(=O)C(C)(C)C)C(=O)OOC(=O)C)C(=O)C(C)(C)C
207,CN(C)c1cc(Cl)ccc1N1CCCCC1,2 58 69 71 120 165 186 216 231 273 321 407 411 561 636 671 680 686 816 875 881 926 935 965 1028 1042 1057 1062 1070 1163 1176 1184 1264 1295 1327 1416 1477 1480 1537 1542 1575 1583 1683 1700 1726 1750 1806 1873 1884 1889 1915 1935 1998 2006 2018,CN(C)C1=C(C=CC(=C1)Cl)N2CCCCC2
208,COC(=O)C(C)(C)OC(=O)c1ccc(OCCC(=O)OC(C)=O)s1,13 70 80 102 114 139 145 162 231 308 392 419 543 623 642 644 650 673 675 692 695 798 799 807 812 841 882 898 1017 1035 1057 1082 1128 1152 1174 1197 1204 1207 1260 1372 1380 1386 1400 1452 1507 1564 1569 1577 1578 1617 1669 1687 1732 1743 1750 1873 1885 1906 1912 1917 1952 2016,CC(=O)OC(C)(C)C(=O)OC(=O)C1=CC=C(S1)OC2=CC=C(S2)C(=O)OC(C)(C)C(=O)OC(C)(C)C(=O)OC(=O)CCOC3=CC=CCS3
209,O=C(C=CC=C1CCCCCC1=O)NCCCCCC(=O)NC1CCCC1,2 9 31 37 41 64 80 120 141 197 206 266 310 314 353 387 392 395 428 432 466 507 576 592 650 667 672 694 717 751 783 807 817 890 919 926 1019 1028 1088 1110 1143 1152 1173 1181 1242 1267 1281 1325 1335 1380 1387 1485 1520 1526 1528 1564 1576 1634 1718 1738 1876 1908 1911 1917 1948 1965,C1CCC(CC1)NC(=O)CCCCCNC(=O)/C=C/C=C/2\CCCCC2=O
210,CCCCC=CC1=C(C(C)(C)C)P(=O)(OP(=O)(O)O)NC1=O,80 114 192 211 240 241 294 314 345 392 401 427 486 591 607 650 660 670 676 694 695 775 794 807 810 835 887 912 949 979 1022 1057 1114 1121 1197 1210 1236 1279 1289 1299 1339 1356 1366 1380 1403 1430 1459 1520 1523 1657 1754 1764 1784 1810 1819 1838 1904 1911 1913 1987 1992,CCCC/C=C/C1=C(/C(=C(\CC2=C(C(=CP2(=O)OP(=O)(O)O)C(C)(C)C)C(C)(C)C)/C(=C)OP(=O)(O)O)/C(=O)N1)C(C)(C)C
211,N#CN=C(Nc1ccccc1)c1ccncc1,91 191 289 291 341 348 357 378 383 387 389 423 497 674 679 703 725 735 746 790 798 805 807 843 932 1077 1088 1113 1152 1199 1208 1209 1252 1277 1288 1349 1371 1380 1384 1385 1476 1603 1700 1750 1766 1816 1866 1873 1888 1961 1967 1979,C1=CC=C(C=C1)NC(=NC#N)N=C2C(=NC#N)C(=C(NC3=CC=CC=C3)NC4=CC=CC=C4)N=CN2
212,COc1ccc(C(=O)N2CCCCC2)cc1C(=O)OC(=O)CCCCC(=O)N1CCCCC1,2 80 94 145 190 235 249 299 369 393 497 526 618 650 655 695 733 760 807 841 875 898 903 926 935 942 944 996 1009 1028 1057 1229 1242 1267 1332 1380 1385 1386 1399 1439 1480 1504 1536 1564 1607 1697 1750 1843 1862 1873 1885 1911 1917 1954 1970 1991 1998 2009,COC1=C(C=C(C=C1)C(=O)N2CCCCC2)C(=O)OC(=O)CCCCC(=O)N3CCCCC3
213,CCCCCCc1nn(C)c(=O)n1CC,34 80 92 164 247 249 270 294 314 318 378 464 510 560 591 609 650 771 794 802 817 835 850 927 935 1037 1057 1064 1086 1098 1105 1131 1143 1145 1179 1184 1231 1243 1380 1444 1456 1472 1647 1679 1723 1764 1911 1956 2001,CCCCCCCCCCCCCCCCCC1=NN(C(=O)N1CC)C2=NC3=NN(C(=NC4=NN(C(=O)N4CC)C)N3N=N2)C
214,COc1cccc(-c2ccc(OC)c(S(=O)(=O)c3ccc4scc(OC)c4c3C#N)c2)c1,19 32 80 90 94 129 136 140 213 249 259 266 268 322 350 358 386 392 472 552 558 562 602 640 650 674 675 687 695 719 736 741 781 785 790 836 841 867 875 885 896 957 1008 1010 1039 1057 1088 1136 1160 1181 1247 1380 1384 1476 1513 1534 1536 1567 1571 1609 1614 1641 1750 1777 1779 1820 1831 1835 1873 1906 1931 1970 1972 1984 2020,COC1=C(C=C(C=C1)C2=CC(=CC=C2)OC)S(=O)(=O)C3=C(C4=C(C=C3)SC=C4[As](COC#N)OC)C#N
215,CCCCCCCCN1CCC(O)CC1CCCCC,27 29 77 80 104 108 164 237 294 330 334 354 377 500 590 591 712 739 768 794 807 832 840 893 926 935 1019 1022 1050 1057 1108 1143 1145 1216 1223 1256 1257 1274 1292 1325 1444 1452 1480 1552 1675 1886 1911 1960 1999 2018 2022,CCCCCCCCCCCCCCCCCCN1CC(CC1CCCCCCCCCCCCCCC)CCN2CCC(CC2C[S+]3CCC(C3)O)[S+]4CCC(C4)O
216,COc1ccc(-c2nncn2N=C(c2ccccc2)N2CCNC(=O)C2)cc1,16 33 48 149 170 187 210 229 253 280 281 305 314 322 378 389 416 490 551 560 607 650 659 695 705 718 725 744 766 781 807 831 841 896 914 926 932 935 1037 1057 1088 1109 1114 1129 1160 1164 1182 1199 1233 1235 1288 1307 1317 1355 1380 1385 1390 1480 1520 1531 1536 1552 1575 1618 1641 1674 1722 1750 1866 1873 1946 1985 2001 2009,COC1=CC=C(C=C1)C2=NN=CN2/N=C(\C3=CC=CC=C3)/N4CCN/C(=N\N5C=NN=C5C6=CC=C(C=C6)OC)/C7=CC=CC=C7
217,COc1ccc(C)cnc(CC(=O)C2CC2)nnn1,80 132 172 186 235 237 325 378 383 494 556 590 601 650 693 695 802 807 840 841 883 898 926 931 962 974 997 1019 1042 1050 1057 1096 1162 1163 1164 1185 1325 1335 1377 1380 1415 1452 1459 1479 1518 1535 1536 1570 1718 1722 1734 1737 1744 1750 1764 1774 1823 1824 1873 1916 1917 1975 1979,CC1=CN=C(C=C1)O[Si]C2=C(C(=NN=N2)OC)CC(=O)C3CCC(CC3)C(=O)C4=NC=C(N=C4)OC
218,CC1(C(=O)n2c3ccc2c2cc(C(C)(C)C)ccc23)CCN(Cc2ccccc2F)C1=O,33 45 80 106 112 114 230 255 314 345 392 483 492 548 581 606 609 650 655 807 814 843 868 875 894 902 926 935 981 1032 1057 1060 1068 1088 1089 1155 1162 1199 1274 1282 1318 1339 1349 1357 1372 1380 1381 1412 1417 1424 1480 1513 1581 1597 1640 1665 1733 1750 1765 1797 1819 1829 1840 1856 1873 1917 1928 1970 2000 2021 2047,CC1(CCN(C1=O)CC2=CC=CC=C2F)C(=O)N3C4=C(C=C(C=C4)C(C)(C)C)C5=C3N6C7=C(C=CC(=C7)C(C)(C)C)C8=C6C=CC(=C8)C(C)(C)C
219,CN(N=c1c2c(N)nc3n1CC(=O)n23)c1ccc(C(F)(F)F)cc1,12 45 52 105 114 125 196 204 304 314 325 340 378 381 383 489 556 650 725 752 779 794 798 809 829 837 881 912 926 935 955 960 1057 1062 1096 1152 1163 1171 1242 1260 1278 1284 1315 1320 1363 1378 1380 1417 1420 1440 1453 1457 1459 1598 1665 1694 1735 1750 1778 1781 1794 1855 1873 1917 1928 1937 1946 1965 1976 1993 2015 2022 2037,CN(C1=CC=C(C=C1)C(F)(F)F)P2N=C(C3=C(N=C(N32)N(C)N=C4N=C(N=NN)N5C(=O)CN(C5=O)N)N)N
220,O=C(c1ccc(P(=O)=O)cc1)N1CCC(CCOP(=O)=O)CC1,13 29 45 74 80 114 150 229 231 303 353 388 443 481 487 493 497 523 527 529 635 650 652 695 725 800 807 820 832 858 918 926 935 942 965 1019 1034 1227 1236 1289 1325 1347 1358 1369 1380 1382 1385 1480 1504 1511 1577 1697 1716 1743 1750 1873 1917 1933 2009 2034,C1CN(CCC1CCOP(N2C(CC2=C(P(P(P(S)P(S)P(S)P(S)P(S)P(S)P(S)P)P(S)S)S)P(P(S)S)P(S)S)C=C(P(S)S)P(S)S)P(S)S)C(=O)C3=C3
221,CCN(CCCCN1c2ccc(cc2)S1(=O)=O)C(=O)Nc1ccsc1,14 80 83 142 191 193 207 230 233 294 349 363 417 446 469 478 552 650 675 731 764 807 863 881 893 932 935 978 987 990 1008 1057 1145 1152 1174 1269 1272 1285 1289 1380 1397 1422 1427 1459 1464 1523 1577 1603 1614 1631 1669 1676 1727 1737 1750 1783 1816 1825 1873 1884 1892 1911 1913 1917 1951,CCN(CCCCN1C(=C2N(C3=CC=C(C=C3)N(S2(=O)=O)CCCN(CC)C(=O)NC4=CSC=C4)C)N(S1(=O)=O)C)C(=O)NC5=CSC=C5
222,Cc1ccc(S(=O)(=O)N(CCOc2ccc(-c3ccccc3)cc2)c2nc(C)nc3ccccc23)cc1,13 27 80 89 102 124 131 196 235 259 289 319 322 340 350 378 389 391 416 508 515 541 552 578 650 655 685 694 695 715 718 736 815 823 845 881 896 901 1034 1052 1057 1077 1088 1097 1118 1126 1160 1183 1197 1199 1206 1293 1357 1380 1386 1447 1452 1476 1496 1501 1573 1684 1722 1750 1823 1839 1841 1855 1872 1873 1920 1922 1946 1951 1964 1965 2015 2026,CC1=CC=C(C=C1)S(=O)(=O)N(CCOC2=CC=C(C=C2)C3=CC=CC=C3)C4=NC(=NC5=CC=CC=C54)/C=C/N(C6=NC(=NC7=CC=CC=C76)C)S(=O)(=O)C
223,Cc1nc2ncc(-c3cc(C(F)(F)F)cc(S(C)(=O)=O)c3C(F)(F)F)cc2cc1Cl,114 204 247 248 350 352 366 378 392 442 488 532 540 542 557 561 600 650 675 692 707 794 809 843 875 876 919 945 955 986 1057 1158 1160 1200 1242 1260 1276 1356 1376 1380 1417 1434 1452 1453 1468 1476 1487 1535 1556 1591 1599 1683 1704 1722 1734 1749 1804 1832 1838 1854 1855 1873 1878 1928 1966 2021 2033 2047,CC1=NC2=NC=C(C=C2[N+]1(C3=NC(=C(N=C3)S(=O)(=O)C)S(=O)(=O)C)C4=C(C(=CC(=C4)C(F)(F)F)Cl)C(F)(F)F)C5=C(C(=CC(=C5)C(F)(F)F)Cl)C(F)F)F
224,C=C(C)C1=C(C)C2CCC1C(C)C2(C)C,37 47 54 88 140 156 261 310 337 400 455 509 520 549 619 656 678 724 740 807 834 851 865 869 902 925 926 1017 1019 1022 1060 1081 1175 1213 1218 1274 1277 1286 1309 1325 1330 1354 1366 1380 1386 1491 1506 1565 1670 1722 1782 1950 2031 2038,CC1C2CCC3C(=C2C4=C(C5CCC4C1(C)C)[Si]67C(C(C(O6)(O[Si]7(O[Si]5(O3)O)C(=C)C)C(=C)C)C)(C)C)C
225,COC(=O)COc1cc(OC)c(O)c(NC(=O)NC(=O)OCCNC(C)=O)n1,13 80 131 147 193 195 197 202 245 249 288 323 347 355 365 372 378 407 419 434 543 615 643 650 667 695 708 731 807 808 841 873 875 899 957 1017 1021 1025 1057 1062 1081 1109 1119 1152 1237 1244 1272 1273 1377 1380 1386 1452 1456 1482 1536 1570 1602 1657 1695 1708 1709 1757 1758 1790 1812 1816 1855 1873 1917 1970 1989 2004 2021 2033,CC(=O)NCCOC(=O)NC(=O)NC1=NC(=CC(=C1O)OC)O[Si]C2=C(C(=CC(=N2)OCC(=O)OC)[Si]OCC(=O)OC)O
226,O=C1COc2ccc1c(C(=O)OCc1ccc(Cl)c(Cl)c1Cl)c2,25 80 110 145 147 151 179 276 288 314 326 352 366 373 423 437 441 561 594 609 623 650 656 666 680 695 706 745 751 801 807 813 875 926 930 956 982 1011 1135 1155 1157 1221 1224 1255 1269 1297 1313 1349 1380 1392 1466 1486 1509 1534 1621 1673 1683 1741 1750 1786 1800 1873 1876 1917 1923 1936 1991 2017 2018 2039,C1C(=O)C2=C(C=C(C=C2)OCOC3=CC(=C(C=C3)C(=O)OCC4=C(C(=C(C=C4)Cl)Cl)Cl)C(=O)OCC5=C(C(=C(C=C5)Cl)Cl)Cl)C(=O)O1
227,CCCOC(=O)c1c(Cl)cc(Cl)c(Cl)c1Br,13 52 54 80 145 147 151 167 223 229 253 294 366 452 561 568 586 598 602 630 639 650 658 695 728 794 807 852 870 875 945 955 1011 1057 1140 1252 1296 1362 1380 1391 1415 1458 1491 1554 1574 1592 1606 1617 1631 1683 1770 1790 1873 1917 1945,CCCOC(=O)C1=C(C(=C(C(=C1Cl)Cl)Cl)Br)C(=O)OC2=C(C(=C(C(=C2)Cl)Cl)Cl)C(=C3C=C(C=C(C3=C(C(=C(C(=C4Cl)Cl)Cl)Br)Br)Cl)Cl)OS
228,COC(=O)C(CCCOC(=O)C1CCCCC1C(C)(C)C)=C(C)COC(=O)c1ccc(F)cc1,13 80 90 100 114 145 147 209 289 392 409 412 511 534 556 606 650 695 699 777 807 841 855 890 910 926 1017 1019 1028 1050 1057 1117 1152 1187 1232 1310 1325 1380 1385 1410 1487 1521 1522 1564 1609 1618 1673 1697 1734 1750 1778 1787 1788 1824 1873 1911 1913 1917 1928 1997 2004 2022 2043,C/C(=C(/CCCOC(=O)C1CCCCC1C(C)(C)C)\C(=O)OC)/COC(=O)C2=CC=C(C=C2)C(=O)OCCCC(=O)C(=O)OC
229,CN1CCCCC1c1ccccc1C#Cc1ccc(OC(F)(F)F)cc1,51 102 112 114 125 145 189 227 231 247 277 317 322 371 430 462 486 494 548 562 674 695 718 760 890 926 935 948 1019 1027 1028 1057 1062 1088 1093 1140 1145 1149 1199 1233 1312 1325 1380 1386 1392 1409 1410 1413 1453 1480 1528 1641 1665 1750 1839 1841 1862 1873 1928 1954 1988 1998,CN1CCCCC1C2=CC=CC=C2C#CC3=[NH+]C(=CC=C3)C#CC4=CC=C(C=C4)OC(F)(F)F
230,COc1cc(Cl)ccc1CN1CCc2cc(C#N)ccc21,80 102 164 165 176 209 216 249 305 522 541 561 674 695 701 716 746 761 790 816 841 850 875 876 885 926 935 940 1057 1089 1136 1165 1236 1295 1349 1380 1384 1407 1420 1480 1536 1546 1649 1683 1738 1741 1750 1757 1765 1819 1873 1888 1902 1915 1953 1954 1970 1975,COC1=C(C=CC(=C1)Cl)CN2CCC3=C2C=CC(=C3)C#N
231,CN1CCCCCCc2nc1n(C)c2-c1ccc([N+](=O)[O-])cc1,2 50 100 142 285 289 310 318 351 378 476 564 568 650 700 715 741 753 769 838 896 926 935 948 1008 1028 1057 1100 1105 1145 1156 1160 1189 1195 1218 1274 1276 1296 1304 1365 1380 1382 1439 1480 1535 1651 1686 1693 1738 1750 1809 1814 1855 1873 1909 1948 1963 1998,CN1CCCCCC2=C1N(C(=N2)[N+](=O)C3=CN=C4N3C(=C(N4C)C5=CC=C(C=C5)[N+](=O)[O-])C6=CC=C(C=C6)[N+](=O)[O-])C
232,CCCCCCCCN1C(=O)N(C)c2nc(=O)nc1s2,23 64 80 89 92 96 294 314 378 416 456 459 492 537 567 583 588 591 602 650 671 675 748 794 815 843 889 893 931 935 987 1008 1035 1057 1103 1143 1145 1260 1380 1444 1470 1522 1601 1630 1772 1775 1780 1819 1855 1911 1962 1967 1989,CCCCCCCCN1C2=CN=NS2=NSN=C3N=C(N=C4N3C(=O)N(C(=O)N4C)C)N(C1=O)CCCCCCCC
233,CCN(C)C(=O)CN(C(C)=O)C(=O)c1cc(C)ccc1C#N,80 194 235 274 285 294 334 361 377 410 468 643 647 650 674 790 805 807 871 875 878 881 916 928 932 1013 1017 1055 1057 1071 1076 1095 1136 1138 1163 1190 1221 1226 1238 1380 1384 1588 1648 1722 1750 1753 1756 1823 1841 1862 1873 1917 1991 1997 2019,CCN(C)C(=O)CN(C(=O)C1=C(C=CC(=C1)C)C#N)C(=O)CN(C)C(=O)CN(C(=O)C)C(=O)C2=C(C=CC(=C2)C)C#N
234,O=C1C=CC=C1C(=O)OCCC1CCCC1,13 29 49 73 80 114 145 147 314 322 345 414 484 547 593 650 689 695 697 714 724 747 807 832 862 890 921 926 1019 1028 1053 1068 1130 1175 1185 1193 1227 1249 1272 1325 1380 1395 1407 1456 1460 1478 1531 1546 1592 1682 1690 1727 1735 1781 1873 1917 1936 2001 2009,[B-]12(C3CCCC1)C(=CC=C2C(=O)OCCC4CCCC4)C(=CC=C3)C(=O)OCCC5CCCC5
235,O=C(O)C1(Cl)C=C(Cl)C=C1Cl,84 113 115 130 132 180 184 369 389 400 432 478 523 558 561 644 650 718 720 749 755 807 890 905 1013 1039 1060 1158 1380 1478 1512 1557 1611 1679 1683 1821 1873 1917 1920 2046,C1=C(C=C(C(C1=CC=C2C=C(C(C(=C2)Cl)(C(=O)O)Cl)Cl)(C(=O)O)C3(C=C(C=C(C3(C(=O)O)Cl)Cl)Cl)Cl)Cl)Cl
236,COC(=O)c1c(I)ccc2c1SCCS2,137 142 145 157 169 197 220 253 326 400 420 481 522 560 582 586 650 661 675 694 695 699 744 773 789 807 841 851 854 905 906 926 947 949 969 1057 1126 1152 1191 1301 1329 1334 1343 1380 1407 1411 1550 1622 1629 1682 1750 1784 1873 1917,[B-]1(/C(=C/C2=C(C=CC3=C2SCCS3)I)/C4=C(S1)C=CC(=C4C(=O)OC)I)(C5=C(C=CC6=C5SCCS6)I)OC
237,CC(C)CCNC(=O)CCOc1ccc2c3ncc(nc1-2)c(=O)[nH]3,1 13 41 45 80 94 139 197 215 247 283 303 314 323 352 354 378 497 502 503 560 597 605 650 667 680 689 695 702 739 750 803 807 843 844 881 897 936 990 1002 1032 1057 1097 1101 1114 1115 1152 1158 1262 1284 1290 1328 1380 1452 1455 1518 1535 1564 1589 1635 1687 1730 1745 1750 1847 1855 1860 1873 1903 1917 1952 1970,CC(C)CCNC(=O)CCOC1=C2C(=C(C=C1)C3=NC4=CN=C5C(=C4NC3=O)C=CN5N(CC(C)C)CC(C)C)NC(=O)C(=O)N2
238,O=C1N2CCC(C2)N1Cc1ccc(C(F)(F)F)cc1,25 58 80 86 92 112 114 117 134 169 310 314 335 373 383 407 422 429 528 532 539 650 692 739 749 762 809 847 901 904 910 914 926 932 935 1019 1048 1232 1248 1259 1260 1320 1325 1380 1417 1449 1453 1480 1573 1607 1665 1666 1683 1750 1754 1765 1775 1783 1811 1873 1910 1928 1975 2002 2038,C1CN2CC1N(C2=O)CC(CN3CCN(P3Cl)C4CCN(C4)C5=CC=C(C=C5)C(F)(F)F)(F)F
239,CN1C2=CC=C3N=C(N=CCC1NC3=O)N2,28 126 144 210 260 261 301 314 378 390 404 412 420 459 543 545 552 598 614 650 672 704 852 878 926 927 935 1019 1057 1060 1095 1107 1114 1145 1249 1269 1320 1380 1414 1435 1447 1656 1657 1751 1767 1873 1874 1885 1910 1940 1974 1983,CN1C2CC=NC1=CC=C3C24C(=NC(=O)N4)N=C5C(=O)NC(=O)N=C5N3C
240,CCN1CCN(c2nc3sc2c2cc(OC)ccc32)C(=O)C1,17 32 34 60 74 80 85 130 131 154 162 203 256 294 301 314 322 329 360 378 482 511 529 609 650 670 675 695 704 715 718 781 789 798 811 841 865 875 879 926 935 973 982 1022 1036 1057 1101 1146 1291 1357 1380 1457 1480 1536 1539 1551 1555 1641 1733 1750 1791 1855 1873 1907 1919 1946 1972 2036,CCN1CCN(C(=O)C1)N2C(=O)CN(C2=O)C3=C4C=CC5=C(C4=C6C=NN(N6C5=O)CC)SC7=C3C=CC(=C7)OC
241,COc1ccc2c(c1)C(=O)N(C(C=Cc1ccccc1)COc1ccc(Cl)cc1)C2=O,1 66 80 102 118 143 216 280 314 322 330 352 365 389 491 524 561 650 680 693 694 695 699 715 718 781 816 835 837 841 875 878 879 929 935 973 1025 1057 1063 1069 1070 1088 1127 1153 1164 1185 1199 1200 1297 1298 1380 1445 1452 1533 1536 1572 1624 1683 1695 1698 1750 1799 1823 1843 1873 1892 1920 1952 1972 2001 2006 2033,COC1=CC2=C(C=C1)C(=O)N(C2=O)C(/C=C/C3=CC(=NN=C3)/C=C/C(COC4=CC=C(C=C4)Cl)N5C(=O)C6=C(C5=O)C=C(C=C6)OC)[O-]
242,COC1=CC2=CC3=C1C2(C(=O)N(CC(=O)O)C(=O)CCC(=O)NC1COC(C)C1O)c1ccc(F)cc13,0 18 20 41 50 54 80 84 186 233 268 322 352 387 389 391 425 464 506 533 556 557 565 604 605 627 650 656 672 695 699 722 724 725 747 773 781 783 802 805 807 840 841 875 879 880 881 910 926 954 994 1019 1060 1087 1119 1152 1190 1211 1219 1231 1238 1257 1309 1312 1314 1371 1380 1403 1410 1448 1459 1461 1464 1470 1485 1487 1515 1536 1560 1564 1568 1648 1670 1688 1697 1737 1749 1750 1767 1771 1782 1842 1851 1873 1895 1917 1922 1923 1928 1980 2037,C1C(C(C(O1)C)O)NC(=O)CCC(=O)N(CC(=O)O)C(=O)C2(C3=C(C=C(C=C3)F)C4=C2C(=CC5=C4C=CC(=C5)F)OC)C(=O)NC6COC(C6O)C
243,Cc1ccc(NC(=O)c2ccccc2)cc1NC(=O)N1CCCC1,157 171 184 191 218 368 369 377 389 395 486 504 541 581 650 658 807 829 843 875 926 935 1028 1057 1088 1118 1152 1199 1224 1235 1276 1368 1380 1381 1385 1391 1415 1468 1478 1480 1633 1663 1665 1691 1693 1722 1750 1795 1816 1873 1917 1955 1978 1985 1998 2009,CC1=C(C=C(C=C1)NC(=O)C2=CC=CC=C2)NC(=O)N3CCCN3C(=O)NC4=C(C=CC(=C4)NC(=O)N5CCCC5)C
244,OCCN(N=NSc1sc2nc1N2)c1ccccc1,28 37 80 84 112 116 119 162 222 288 339 367 378 389 473 551 675 725 737 767 807 813 846 849 881 900 1016 1025 1060 1088 1096 1114 1126 1149 1199 1232 1331 1352 1366 1380 1387 1391 1444 1458 1476 1598 1620 1633 1692 1750 1772 1820 1846 1855 1873 1914 1951 1964,C=C=C1C=C2C(=CN1)SC(=N2)N(C3=CC=CC=C3)SN(CCO)C4=CC=CC=C4
245,C=CC(C)=C1CCC2C(CCOc3cccc(F)c3)CCC(=O)N2C1=O,13 49 80 162 195 226 230 245 280 314 322 402 453 497 562 650 694 695 699 712 776 796 798 807 832 875 879 903 926 935 959 998 1000 1017 1019 1034 1039 1057 1088 1164 1272 1325 1366 1376 1380 1385 1390 1452 1487 1495 1501 1527 1530 1586 1645 1670 1689 1738 1750 1873 1922 1928 1939 1966,C/C(=C(\C=C)/C1=CC(=CC=C1)F)/C2C(CCC(=O)N2C3CCC(=O)N3C4=CC(=CC=C4)F)CCOC5=CC(=CC=C5)F
246,CC1=CC=CCC1(C(=O)C(C)C1C2CCC(C)(C(C)C2=O)C1C)C1(C)CCCCC1,1 2 59 61 82 90 156 273 283 314 332 447 455 480 568 604 611 643 650 728 738 757 807 823 847 862 883 911 926 991 1019 1028 1046 1060 1067 1125 1128 1162 1230 1249 1274 1295 1298 1309 1313 1325 1327 1380 1389 1399 1421 1430 1434 1477 1478 1497 1520 1625 1638 1673 1722 1822 1873 1875 1885 1890 1917 1932 1951 2002 2038,C1CCC2(CC1)CCC3C(C(C(C(C3=O)C)C(C)C(=O)C45CC=CC=C4C)C)P(C6(CC=CC=C6C)C(C2=O)C)(C7(CCCCC7)C)(Br)Br
247,N#Cc1ccc(Cl)cc1C(=O)N1CCNC1=O,17 165 175 194 216 305 314 352 355 361 415 461 482 552 561 650 674 734 790 807 816 822 875 926 935 969 982 1076 1114 1136 1150 1183 1317 1334 1359 1380 1384 1387 1396 1430 1432 1451 1474 1480 1487 1504 1546 1683 1746 1750 1754 1780 1802 1862 1866 1873 1875 1917 1933 1968 1991 2030,C1CN(C(=O)N1)C#CN2CCN(C2=O)C(=O)C3=C(C=CC(=C3)Cl)C#N[Hg]C4=CC(=C(C=C4)C#N)C5=C(C=CC(=C5)Cl)C#N
248,CCCC(=O)N(Cc1ccccc1Cl)C(=O)c1ccccc1,80 294 295 361 366 381 389 412 507 561 570 587 650 676 693 781 794 807 813 881 930 974 986 1030 1057 1073 1088 1199 1219 1221 1238 1266 1292 1330 1349 1357 1380 1385 1564 1597 1648 1663 1683 1750 1779 1811 1830 1873 1917 1935 1985 2031,CCCC(=O)N(C(=C1[Se]C=C[Se]1)N(CC2=CC=CC=C2Cl)N(CC3=CC=CC=C3Cl)C(=O)C4=CC=CC=C4)C(=O)Cl
249,CN(C)c1ccccc1C=CC(=O)c1ccsc1C(=O)Nc1ccccc1,14 31 174 190 191 206 323 352 389 441 472 481 486 554 593 632 650 675 694 703 781 782 807 835 881 892 925 961 1057 1077 1088 1089 1140 1152 1163 1184 1199 1222 1235 1236 1280 1362 1380 1400 1452 1483 1494 1567 1667 1700 1750 1816 1817 1824 1848 1873 1878 1902 1906 1917 1978 1984 1991 2018 2032,CN(C)C1=CC=CC=C1/C=C/C(=O)C2=C(SC=C2)/C(=C\3/C=CSS3)/C4=C(SC=C4)C(=O)NC5=CC=CC=C5
250,Cc1nc2nn1c1nc(NC(=O)c3cccc(CCCc4ccccc4)c3)cc-1cnc1n2CCCN1,29 71 80 85 87 104 158 199 247 305 378 389 398 412 424 448 486 496 524 526 567 572 594 607 638 650 660 807 875 880 881 887 890 917 919 926 935 978 987 1006 1028 1039 1045 1056 1057 1066 1070 1088 1099 1109 1114 1123 1152 1160 1199 1243 1302 1309 1344 1380 1385 1449 1452 1455 1480 1486 1487 1496 1535 1540 1571 1581 1596 1619 1621 1627 1722 1745 1750 1754 1795 1855 1866 1873 1911 1917 1921 1956 1985,CC1=NC=C(N1)C2=NN3C(=N2)NC4=NC(=NN4C3=NCCCC5=CC=CC=C5)N(C6=NC=CC=N6)NC(=O)C7=CC=CC(=C7)CCCC8=CC=CC=C8
251,CCCCN(C(=O)OCC)C(C)(C)C,80 114 147 294 301 328 348 392 394 426 482 591 601 650 695 794 807 881 903 935 1057 1059 1203 1215 1238 1244 1263 1278 1442 1479 1492 1566 1578 1665 1680 1690 1722 1735 1798 1911 1917 1951 1970 2043 2046,CCCCN(C(=O)C(C)(C)N(C(=O)OCC)C(C)(C)C)C(C)(C)O[Si](C(=O)OCC)O[Si](C(C)(C)C)N(CCCC)C(=O)OCC
252,COc1ccc(C#N)cc1OCCCc1ccc(C(=O)N2CCCCC2)c(OC)c1,2 13 53 67 80 94 102 104 140 249 266 305 310 330 357 362 369 560 562 650 674 695 747 790 792 807 841 853 857 875 926 935 942 964 975 978 1027 1028 1057 1136 1137 1175 1243 1254 1338 1370 1380 1384 1424 1452 1480 1504 1518 1533 1536 1566 1625 1711 1731 1750 1754 1755 1781 1873 1911 1917 1954 1964 1975 1991 1998 2009,COC1=C(C=C(C=C1)CCCOC2=C(C=CC(=C2)C#N)C(=O)N3CCCCC3)OCCCC4=CC[S+](C=C4)C#N
253,CC1(C)CCN(CCCN2C3=Nn4c3nc(-c3ccc([N+](=O)[O-])cc3)c42)C1,80 95 128 220 230 252 277 285 321 323 378 391 425 471 528 588 602 637 650 653 684 704 715 720 753 769 773 797 804 809 838 881 896 926 935 984 1057 1060 1144 1145 1160 1162 1195 1274 1280 1380 1395 1400 1455 1470 1480 1487 1641 1722 1750 1791 1809 1814 1831 1832 1855 1873 1911 1917 1936 1953 1963 1977 1999 2036,CC1=C(N=C2C3(CCN(C3)CCCN4C5=C(C(=NN5CC(C4)(C)C)C6=CC=C(C=C6)[N+](=O)[O-])C)N(N=C1N2CCCC(C)(C)C)C)C7=CC=C(C=C7)[N+](=O)[O-]
254,COC(=O)CSC(=NNC(=O)c1cccc2ccccc12)N(C)C(=O)N(C)C,52 80 110 116 129 142 182 195 312 318 468 482 486 543 650 676 688 695 700 725 776 785 801 807 841 856 879 881 959 1036 1039 1057 1087 1088 1104 1119 1152 1163 1168 1185 1199 1247 1275 1357 1369 1380 1386 1413 1447 1519 1573 1648 1653 1750 1776 1803 1855 1873 1892 1917 1959 1982 1991 2028,CN(C)C(=O)N(C)/C(=N/NC(=O)C1=CC=CC2=CC=CC=C21)/N(C)C(=O)N(C)/C(=N/NC(=O)C3=CC=CC4=CC=CC=C43)/SCC(=O)OC
255,CCCCCCC(=O)NC(=O)NC(C)=O,41 80 203 229 233 245 294 316 344 382 507 513 560 565 588 591 609 619 650 718 794 807 985 1017 1057 1119 1143 1152 1212 1267 1444 1482 1507 1564 1718 1766 1885 1892 1911 1917 1942 1989 2034,CCCCCCCCCCCCCCCCCC(=O)NC(=O)NNC(=O)CCCCCCCCCCCCCCCCCC(=O)NC(=O)NC(=O)NNC(=O)C
256,O=C(Nc1cccc(F)c1)c1nc2cc(F)ccc2[nH]1,20 119 180 184 191 213 230 232 235 377 378 439 468 486 535 628 650 699 703 807 875 1027 1039 1088 1097 1114 1151 1152 1157 1232 1284 1329 1380 1410 1487 1670 1703 1718 1744 1745 1750 1767 1816 1855 1873 1874 1917 1928 1939 1978 1989,c1(ccc2c(c1)nc([nH]2)C(=O)Nc1cccc(c1)F)NC(=O)NS(=O)(=O)Nc1nc2c([nH]1)ccc(c2)F
257,COc1ccc(C(F)(F)F)c(C(=Nc2nc(C(F)(F)F)ns2)N2CCCC2)c1,114 115 122 161 171 172 215 220 231 262 298 322 329 369 378 419 439 504 514 584 614 623 675 684 695 718 722 725 781 807 809 841 875 918 926 935 1020 1028 1036 1057 1077 1098 1123 1143 1158 1200 1317 1330 1369 1380 1421 1453 1454 1471 1473 1480 1518 1536 1613 1645 1662 1670 1737 1750 1787 1855 1873 1928 1972 1991 1998 2009 2042,COC1=CC(=C(C=C1)C(F)(F)F)/C(=N/C2=NC(=NS2)C(F)(F)F)/N3CCCN3/C(=N/C4=NC(=NS4)C(F)(F)F)/N5CCCC5
258,Cc1nc2c(C(=O)OC(C)C)c(C)ccc2s1,1 9 69 145 162 242 245 283 378 440 481 585 586 632 650 665 675 695 761 805 807 861 875 878 885 896 967 985 992 1057 1061 1063 1123 1154 1181 1308 1323 1331 1380 1391 1430 1495 1565 1691 1722 1724 1750 1809 1837 1855 1869 1873 1880 1917 1934 1972 1978 2008,CC1=C(C2=C(C=C1)SC(=N2)C3=CC(=C(S3)C(=O)C4=C(C=CC5=C4N=C(S5)C)C)OC(=O)OC(C)C)C(=O)OC(C)C
259,N=C(N)NC(=O)NC(=O)c1cc(Cl)cc2ccccc12,113 140 146 185 187 216 233 294 352 486 560 561 606 623 628 650 744 779 801 807 836 875 881 891 1083 1087 1088 1104 1109 1119 1152 1171 1181 1199 1318 1351 1357 1403 1451 1467 1573 1683 1747 1750 1855 1873 1917 1989 1991 2020,N(C(=N)N)(NC(=O)NC(=O)c1c2c(cc(c1)Cl)cccc2)NC(=O)NC(=O)c1c2c(cc(c1)Cl)cccc2
260,CN(C)C(=O)C(CCCc1ccccc1)c1c2c3ccc([N+](=O)[O-])cc3c3ccc-2cc13,1 64 80 96 137 321 326 345 380 389 450 460 520 548 569 650 714 715 732 739 753 783 803 807 838 844 875 881 896 958 978 1044 1045 1057 1066 1088 1138 1144 1152 1160 1163 1195 1199 1228 1243 1295 1344 1357 1380 1422 1424 1538 1591 1626 1631 1650 1653 1661 1718 1733 1747 1750 1754 1770 1809 1814 1873 1899 1911 1917 1940 1950 1963 1997 2021,CNC(=O)C(CCCC1=CC=CC=C1)C2=C3C=C(C=CC3=C(C4=C2C=CC(=C4)[N+](=O)[O-])C5=CC6=C(C=C5)C7=C(C=CC(=C7)[N+](=O)[O-])C8=C6C=CC(=C8)[N+](=O)[O-])[O-])[N+](=O)[O-]
261,CC1OC(=O)C2=C(CCCCCCCCC2)C(=O)OC2CCCCC12,2 25 27 108 142 149 160 172 262 310 314 339 353 397 441 525 622 626 650 653 656 677 722 750 890 926 937 988 1019 1028 1034 1057 1067 1088 1158 1222 1309 1325 1342 1380 1417 1495 1603 1738 1809 1819 1860 1894 1973 2034,C[C@H]1[C@@H]2CCCCCCCCCCCC3=C(C(=O)O1)O[C@H]4CCCCC[C@H]4[C@H](OC3=O)CCCCCCCCCCCCCCC5=C6C(=C(C(=O)O6)CCO2)C(=O)O5
262,Cc1ccccc1-c1nc2c3cc1c(=CC#N)c2n(CCN(C)C)n3,73 78 80 117 120 142 157 158 251 264 317 323 352 356 373 403 578 621 652 674 693 694 698 761 764 779 790 810 818 855 875 881 935 984 1015 1055 1057 1088 1097 1145 1163 1190 1199 1267 1293 1320 1357 1380 1384 1391 1413 1432 1435 1440 1530 1537 1587 1611 1691 1722 1724 1750 1855 1873 1914 1916 1926 1929 1951 1956 1999,[B]P1/C(=C/C#N)/C2=CC3=C4C(=CC5=C(C=CC(=C51)C)C)C(=NN4CCN(C)C)C(=P3(N(C)C)N(C)C)CN(CCN(C)C)CCN(C)C
263,CCCCCCC1C(C)=C(C)C(=O)N1Cc1ccccc1OC,34 54 80 223 249 294 310 314 331 334 465 522 591 650 695 785 794 832 841 879 935 983 1019 1057 1088 1093 1118 1143 1188 1199 1205 1270 1342 1349 1380 1410 1444 1455 1476 1536 1597 1611 1645 1661 1687 1706 1722 1739 1750 1765 1775 1804 1807 1873 1911 1959 1970,CCCCCCCCCCCCCCCCCCC1C(=C(C(=O)C(=O)N1CC2=CC=CC=C2OC)C3=C(C(=O)C(=O)N3CC)C)C
264,COc1ccc(C(=O)NCc2ccccc2NC(=O)NC(C)=O)cc1,80 96 151 245 255 265 316 322 360 376 486 496 573 593 603 620 650 695 718 779 781 807 812 813 831 841 871 944 1014 1017 1048 1057 1077 1088 1119 1152 1199 1224 1330 1349 1379 1380 1385 1456 1536 1597 1665 1696 1697 1750 1766 1797 1816 1873 1888 1917 1936 1989 2000 2012,CC(=O)NC(=O)NC1=CC=CC=C1CN/C(=C(/C2=CC=C(C=C2)OC)\NC(=O)NC3=CC=CC=C3NC(=O)NC(=O)C4=CC=C(C=C4)OC)/OC
265,CCCN1C(C)C(O)C1CC,24 31 80 100 163 176 294 363 735 794 807 820 935 960 984 1002 1019 1054 1057 1094 1131 1145 1257 1259 1309 1331 1378 1419 1454 1479 1485 1487 1578 1652 1736 1778 1847 1915,CCCN1C(C(C(C(C1CC)[Al](C2C(N(C(C(C2O)O)C)CCC)C)C3C(N(C(C(N3CCC)C)C)CCC)C)O)O)CC
266,CCC(OC(C)=O)C(=O)n1ccccc1=O,1 19 59 69 80 98 108 129 148 282 294 314 338 384 462 498 542 640 650 695 717 780 806 807 880 917 935 1017 1035 1057 1088 1101 1115 1141 1156 1199 1268 1288 1300 1360 1380 1394 1456 1486 1544 1747 1750 1788 1873 1917,CCC(C(=O)N1C=CC=CC1=O)O/C(=C(\C(CC)OC(=O)C)/N2C=CC=CC2=O)/C(C(=O)N3C=CC=CC3=O)OC(=O)C
267,C#CN(CCCOC(=O)c1ccc(N(C)C)cc1)C(=O)NCc1ccc(C(=O)OCC)cc1,13 39 80 99 104 145 147 163 193 197 215 255 292 294 310 376 378 487 507 517 529 543 586 606 638 650 658 674 676 695 737 759 768 807 814 827 881 915 929 960 974 1008 1038 1057 1096 1115 1152 1163 1198 1238 1265 1272 1363 1379 1380 1385 1522 1550 1573 1583 1592 1697 1700 1722 1734 1750 1754 1789 1873 1893 1911 1917 1951 1953 1982,CCOC(=O)C1=CC=C(C=C1)N(CCCN(C#C)C(=O)NCC2=CC=C(C=C2)N(C)C)N(C#C)C(=O)NCC3=CC=C(C=C3)C(=O)OCC
268,O=C(c1nn[nH]c1-c1ccc(Cl)cc1)N1CCC(O)C1OC1CCCCC1,2 25 37 38 74 119 143 155 167 199 216 242 268 378 490 543 561 574 650 661 695 738 791 807 816 835 837 849 890 896 926 935 1006 1019 1028 1070 1076 1114 1123 1125 1147 1160 1164 1257 1325 1380 1381 1468 1480 1504 1507 1515 1522 1571 1683 1750 1771 1840 1873 1917 1941 1946 1964 2005,c1(ccc(cc1)c1c(nn[nH]1)C(=O)N1CC[C@H]([C@@H]1OC1CCCCC1)O)c1ccc(cc1)C1=CC=C(CN1I)OC1CCCCC1
269,O=C(Nc1ccc2oc-2n[nH]1)OC1OC(O)C(O)C1O,71 74 121 158 163 209 378 402 445 489 566 576 608 650 656 695 778 807 827 869 882 923 930 991 1019 1047 1103 1108 1114 1126 1152 1171 1252 1257 1323 1328 1331 1355 1380 1448 1487 1535 1604 1667 1683 1698 1750 1758 1764 1816 1830 1873 1917 1921 1937 1975 2004 2022 2036 2037 2043,C1=C(OC(=C1)C2=NOC(O2)O)C3=CC=C(O3)C4=NC(=NN4)NC(=O)OC5C(C(C(O5)O)O)O
270,CCCCCCN1CCN(C2=C(Br)C=C2OC)C1=O,80 84 92 245 256 294 295 314 351 371 429 539 591 650 695 725 728 794 811 841 870 893 926 935 1041 1057 1071 1089 1093 1097 1117 1143 1145 1201 1351 1380 1395 1444 1457 1480 1536 1584 1631 1653 1654 1697 1752 1753 1851 1873 1903 1911 1989 1990,CCCCCCCCCCCCCCCCCN1CCN(C1=O)C2=C(C=C(C3=C2N(CCN3CCCC[Si]OC)CCCCCCCCCCCCC)Br)OC
271,CCOc1cc(I)ccc1OCCN1CCCCC1,2 13 29 80 94 178 237 258 294 371 391 411 425 450 464 533 593 658 661 695 747 765 824 874 875 926 935 947 954 1028 1057 1136 1145 1146 1182 1238 1267 1295 1373 1380 1411 1422 1443 1452 1480 1482 1493 1494 1518 1594 1750 1791 1832 1873 1966 1970 1998,CCOC1=C(C=CC(=C1)I)OCCN2C=C3C(=C2)N(C4=CN(C=C4N3CCN5CCCCC5)CCN6CCCCC6)CCN7CCCCC7
272,O=C(c1ccc2cccsc1-2)N1CCN(C(=O)C2CCN(C3CCOCC3)CC2)CC1,14 53 67 84 112 130 170 217 237 241 246 362 383 440 454 518 523 553 558 593 650 656 660 675 716 736 780 807 876 896 926 935 942 950 974 1019 1088 1160 1290 1325 1326 1380 1383 1384 1405 1480 1498 1504 1535 1567 1589 1595 1636 1672 1720 1745 1750 1832 1837 1854 1873 1910 1917 1991 1992 2001 2009,C1CN(CCC1C(=O)N2CCN(CC2)C(=O)C3=C(SC=C3)C4=CC=CS4)C5CCN(CC5)C(=O)C6=C7C=CSN7C=C6
273,O=C(CNC(=O)c1ccccc1)c1cccccc(O)ccc1,36 65 69 78 80 167 197 265 287 389 424 427 486 568 650 745 798 807 822 948 1039 1088 1152 1162 1164 1199 1238 1255 1269 1380 1385 1440 1447 1454 1462 1548 1602 1618 1657 1665 1693 1750 1778 1861 1873 1888 1917 1985,C1=CC=C(C=C1)C(=O)CNC(=O)C2=CC=CC(=C2)C(=O)NN[P+](=C(C3=CC=C(C=C3)O)C4=CC=C(C=C4)O)(C5=CC=CC=C5)C6=CC=CC=C6
274,O=C(COc1ccccc1)NCCN1c2cccc1n2,29 41 80 102 114 182 192 197 219 265 285 322 345 378 389 415 420 452 480 547 561 562 586 587 588 597 628 638 650 658 667 695 807 824 849 862 927 935 998 1013 1018 1086 1088 1145 1152 1166 1199 1213 1249 1259 1380 1438 1452 1545 1698 1722 1750 1873 1877 1883 1887 1899 1917 1924 1966 1971 2004 2046,C1=CC=C(C=C1)OCC(=O)NCCN2C(=C3C=CC(=PC(=O)COC4=CC=CC=C4)N=C3C)C=CC=C2OCC(=O)NCCN5C(=CC=CC5=O)C
275,CC1(C)CCN(c2ccc([N+](=O)[O-])cc2)C(=O)O1,1 93 112 226 233 266 273 314 323 349 391 444 518 579 580 597 608 650 656 670 715 753 766 769 770 838 926 935 953 1057 1060 1118 1162 1195 1215 1223 1224 1254 1274 1282 1309 1380 1457 1480 1652 1750 1809 1814 1825 1845 1873 1931 1961 1963,CC1(CCN(C1=O)C2=CC=C(C=C2)[NH2+]C(C3(CCN(C(=O)O3)C4=CC=C(C=C4)[N+](=O)[O-])C)N5CCC(OC5=O)(C)C)C
276,Cn1c(=O)c2n(CCC3(C)CCCC3)c1=NC(C#N)=CC=2,80 129 314 319 378 405 504 543 561 563 564 597 614 641 650 674 748 790 795 802 810 828 892 906 926 927 935 1028 1057 1060 1077 1136 1145 1160 1162 1208 1249 1265 1274 1285 1380 1384 1395 1434 1470 1517 1524 1534 1638 1742 1744 1755 1813 1851 1873 1874 1967 2033,CC1(CCCC1)CCN2C3=NC4=CC=C(C(=O)N(C4=NC(=C3)C2=O)C)C#N
277,CCSC1=Nc2nccc(OC)c2CN1C(=O)N1CCCCC1,2 13 80 116 118 165 249 275 294 310 341 345 361 369 378 463 561 650 651 658 686 695 713 735 787 796 807 841 846 926 927 935 1028 1044 1057 1091 1118 1239 1291 1295 1301 1380 1387 1452 1480 1487 1536 1545 1608 1612 1623 1671 1731 1750 1792 1866 1871 1873 1897 1900 1908 1917 1940 1946 1947 1970 1972 1998 2009 2038,CCSC1=NC2=[N+](C3=NC=CC(=C3CN2C(=O)N4CCCCC4)OC)C5=C(C=CN=C51)OC
278,CC(OC(=O)c1ccco1)C(C)(C)C(C)(C)C1CCCCC1CC1CCc2ccccc2C1=O,1 69 80 114 145 176 226 234 264 276 283 310 314 352 392 393 398 418 445 474 520 522 556 621 650 656 695 713 718 734 787 792 805 807 868 890 926 984 996 1019 1028 1038 1043 1057 1066 1069 1088 1121 1156 1164 1186 1199 1233 1236 1250 1325 1351 1377 1380 1406 1550 1611 1623 1632 1708 1738 1750 1754 1873 1917 1926 1938 1942 1947 1973 1995 2003,CC(C(C)(C)C(=O)[NH+]=C1CCCCC1CC2CCC3=CC=CC=C3C2=O)OC(=O)C4=CC=CO4
279,Cn1c(=O)n(C)c2c3c(ccc21)NC(=O)CO3,6 45 74 139 314 400 436 441 475 521 564 609 641 650 656 690 714 716 771 772 790 830 916 926 935 939 958 971 996 1037 1057 1060 1114 1145 1190 1194 1244 1250 1257 1273 1294 1364 1379 1380 1408 1440 1501 1575 1646 1746 1750 1838 1873 1923 1973 1982 2021 2027,CN1C2=C(C3=C(C=C2)NC(=O)CO3)N(C1=O)/C/4=C/5\COC6=C(N5)C=CC7=C6OCC(=O)N7
280,COC(=O)c1ccc(C(=O)Oc2ccc(C=Cc3cccc(CC(=O)O)c3)cc2)cc1,25 79 80 145 212 322 325 389 447 452 539 568 584 606 627 650 694 695 718 755 807 835 841 857 866 875 878 904 906 914 947 970 1022 1039 1057 1066 1088 1152 1230 1246 1300 1353 1380 1385 1446 1478 1644 1677 1697 1715 1729 1737 1750 1754 1758 1822 1838 1873 1917 2033 2041,COC(=O)C1=CC=C(C=C1)OC(=O)C2=CC=C(C=C2)/C=C/C3=CC(=CC=C3)/C=C/NC(=O)OC4=CC=C(C=C4)C(=O)OC
281,O=S(=O)(Nc1nc2cc(-c3ccccc3-c3ccccc3)c1cn2)c1ccccc1,4 53 119 148 188 222 241 260 294 319 350 352 378 389 411 458 469 491 502 527 575 583 623 650 679 708 728 736 843 848 875 883 885 887 890 984 1080 1088 1105 1152 1160 1199 1266 1270 1343 1349 1357 1380 1437 1452 1467 1476 1535 1585 1594 1658 1750 1754 1763 1799 1828 1851 1855 1862 1873 1892 1978,C1=CC=C(C=C1)C2=CC=CC=C2C3=NC4=C(C=C(C=N4)CC)C(=N3)NC5=CC(=C(C=C5)PNS(=O)(=O)C6=CC=CC=C6)C7=CC=CC=C7
282,COc1ccc(C(=O)N2CCCN(c3nc4ccccc4c4ccccc34)C2=O)cc1,13 16 72 92 130 137 146 187 195 215 266 280 289 296 314 322 378 389 536 591 650 695 781 807 831 841 904 923 926 935 943 1028 1051 1052 1057 1071 1076 1083 1088 1093 1097 1199 1215 1216 1323 1334 1344 1357 1380 1385 1387 1416 1440 1457 1462 1480 1504 1511 1522 1536 1539 1573 1662 1697 1750 1797 1810 1855 1873 1917 2003 2037,COC1=CC=C(C=C1)C(=O)N2CCCN3C2=NC4=CC=CC=C4C5=C3C(=O)OC(=O)C6=C5N7CCCN(C7=N6)C(=O)C8=CC=C(C=C8)OC
283,COC1=CC(NC(=O)COC(=O)c2ccc(O)cc2C(=O)Nc2ccccc2)=C1,41 67 80 84 94 98 110 145 147 167 188 191 195 208 381 389 400 486 584 650 659 670 695 703 745 807 823 841 847 875 895 965 1024 1055 1057 1077 1079 1088 1136 1152 1170 1179 1199 1307 1313 1378 1380 1499 1536 1564 1580 1602 1603 1673 1721 1750 1789 1793 1816 1873 1917 1923 1972 1978 1991 1997 2004,COC1=CC(=C(C=C1)C(=O)OCC(=O)NPC2=C(C=CC(=C2)O)C(=O)NC3=CC=CC=C3)COC(=O)C4=C(C=C(C=C4)O)C(=O)NC5=CC=CC=C5
284,CN(CC(=O)Nc1ccccc1NS(=O)(=O)N(C)C)c1ccccc1,25 41 80 98 102 104 202 268 288 350 366 371 389 405 600 650 655 763 770 807 881 1057 1088 1090 1096 1101 1136 1152 1163 1190 1199 1224 1270 1281 1380 1436 1476 1493 1526 1550 1555 1559 1644 1696 1698 1750 1779 1785 1816 1850 1872 1873 1917 1948 1992,CN(C)S(=O)(=O)NC1=CC=CC=C1NNN(C2=CC=CC=C2)S(=O)(=O)NC3=CC=CC=C3NC(=O)CN(C)C4=CC=CC=C4
285,Cn1c(=O)c2c3ccccc3[nH]c2n(CCn2c(=O)[nH]c3ccccc32)c1=O,9 45 80 119 143 286 303 314 332 504 508 509 556 564 650 758 771 791 802 860 889 911 935 936 987 989 1019 1057 1066 1088 1114 1145 1199 1214 1217 1258 1285 1299 1322 1337 1357 1380 1391 1422 1484 1573 1587 1591 1599 1683 1745 1746 1750 1766 1783 1811 1873 1984 1986 1995 2015,CN1C2=CC=CC=C2NC1=O
286,CCCCN1C(=O)c2nc1n(C(=O)c1ccccn1)c(=O)n2,12 80 219 294 314 378 416 448 471 552 588 591 632 650 794 807 855 879 919 935 1057 1063 1088 1102 1145 1155 1199 1216 1243 1282 1283 1360 1365 1380 1385 1386 1401 1426 1452 1470 1501 1504 1528 1647 1653 1665 1691 1714 1736 1750 1803 1821 1855 1866 1873 1882 1887 1911 1917 1955 1962 1972 2035,B1(C2=CC=CC=C2N(C(=O)[NH+]1CCCC)C(=O)C3=CC=CC=N3)C4=NC(=O)N(C(=O)N4CCCC)C(=O)C5=CC=CC=N5
287,O=C1N2CCCCCN1CCCN(Cc1ccc(-c3ccccc3)[nH]1)CCCC2,2 80 92 273 314 389 396 407 520 541 590 620 650 680 683 697 736 784 842 892 926 935 1028 1053 1083 1088 1099 1114 1116 1136 1160 1172 1199 1218 1229 1258 1324 1380 1422 1455 1480 1605 1745 1750 1765 1791 1801 1814 1871 1873 1899 1916 1930 1998,C1CCN(CC1)CC2=CC=C(N2)CN3CCCN(C3=O)N4CCCN(C4=O)CC5=CC=C(N5)C6=CC=CC=C6
288,CC(C)(C)CCN1C(=O)C(=NN2C(=O)N(c3ccc(Cl)cc3)CC2C(=O)c2ccccn2)c2cc(Cl)ccc21,42 80 92 114 147 161 165 216 230 233 297 314 351 352 378 392 448 471 475 531 552 561 588 619 650 655 685 725 739 763 764 807 816 822 843 855 875 879 926 935 985 997 1019 1027 1057 1070 1088 1123 1127 1145 1155 1167 1176 1192 1199 1295 1308 1380 1414 1444 1452 1457 1463 1499 1669 1683 1693 1705 1727 1750 1825 1845 1854 1866 1873 1879 1889 1915 1917 1925 1982 1991 2032,CC(C)(C)CCN1C2=C(C=C(C=C2)Cl)/C(=N/N3CC(N(C3=O)C)C(=O)C4=CC=CC=N4)/C5=C1C=CC(=C5)Cl
289,O=C(Nc1ccccc1)Nc1cccc2c1-c1nc[nH]c1SC2,10 19 56 101 103 105 157 165 176 191 256 270 296 323 378 389 573 650 675 703 713 789 791 806 807 819 821 829 834 859 869 926 1013 1039 1074 1077 1088 1114 1152 1199 1207 1224 1236 1248 1276 1300 1380 1430 1452 1460 1510 1583 1614 1657 1696 1708 1747 1750 1782 1787 1816 1829 1873 1917 1935 1980 1989 1990,C1C2=C(C(=CC=C2)NC(=O)NC3=CC=CC=C3)C4=C(S1)NC=NC5=C4C6=C(CS5)C=CC=C6NC(=O)NC7=CC=CC=C7
290,COc1ccccc1-c1cnc2nc1N2,12 51 122 161 182 228 249 288 316 352 378 463 530 546 552 581 650 695 710 723 743 774 841 984 1057 1060 1088 1114 1199 1341 1342 1380 1410 1452 1484 1535 1536 1560 1592 1650 1692 1750 1781 1832 1840 1855 1873 1902 1958 1970 2012,COC1=CC=CC=C1C2=CN=C3NC4=[N+](C=NC4=[N+]3C2=O)C5=CC=CC=C5OC
291,COC(=CC=Cc1ccc(OC)cc1C(=O)NC(=O)NC(C)=O)C=C(C=Cc1ccccc1)[N+](=O)[O-],31 105 185 233 245 250 316 322 329 389 405 410 432 442 468 473 486 558 560 596 612 650 694 695 715 718 753 759 774 781 803 807 835 838 841 875 878 898 961 1012 1017 1057 1069 1088 1097 1119 1120 1152 1181 1199 1217 1251 1255 1308 1319 1353 1379 1380 1401 1536 1609 1750 1766 1861 1873 1882 1917 1963 1989 1991 2017 2033,CC(=O)N/C(=C/C=C/C1=C(C=C(C=C1)OC)C(=O)N/C(=C(\C=C\C2=CC=CC=C2)/OC(=O)OC)/C(=O)OC)/NC(=O)/C=C/C3=CC=CC=C3
292,COc1cccc(S(=O)(=O)N2CCCN(c3cc(OC)ccc3O)C2=O)c1,1 4 41 92 215 245 314 319 322 350 498 562 575 576 650 695 707 718 741 781 800 810 841 875 926 935 1028 1039 1051 1057 1083 1088 1212 1255 1295 1380 1442 1444 1457 1475 1476 1480 1516 1524 1536 1539 1600 1602 1607 1642 1671 1729 1731 1750 1759 1809 1811 1873 1955 1972 2035,COC1=CC(=CC=C1)S(=O)(=O)N2CCCN(C2=O)C3=C(C=CC(=C3)OC)P4(=CP(=O)(N(C(=O)N4C5=C(C=CC(=C5)OC)O)C6=CC=CC(=C6)OC)OC)OC
293,C=NN=NC1=C(C(=O)c2ccc(Cl)cc2)CCCC1,9 107 171 184 216 310 386 391 489 496 561 573 591 616 650 713 725 807 816 926 931 969 1002 1019 1028 1030 1070 1092 1110 1289 1356 1380 1385 1390 1463 1464 1485 1486 1506 1563 1567 1588 1612 1683 1697 1738 1743 1750 1775 1867 1873 1917 2038,C1CCC(=C(C1)C(=O)C2=CC=C(C=C2)Cl)N=NN=C3CCC(=C(C3N=NN=C4CCCC4)C(=O)C5=CC=C(C=C5)Cl)C(=O)C6=CC=C(C=C6)Cl
294,O=c1c2cccn1CCCCCCCCCC2,2 43 95 310 314 504 556 558 606 650 776 813 926 935 945 998 1002 1025 1028 1088 1101 1236 1239 1380 1391 1448 1472 1480 1738 1750 1760 1873 1958 1970 1998,C1CCC2=CC=CN(C2=O)CCCCC3=CC=CN(C3=O)CC1
295,CCC1n2cccc(c2=O)C1(C)C,80 95 109 176 188 294 314 406 433 439 504 568 577 606 619 641 650 712 735 751 795 910 911 923 935 954 955 957 972 1019 1029 1057 1060 1088 1101 1206 1230 1237 1274 1372 1380 1454 1460 1465 1480 1502 1566 1680 1750 1776 1849 1865 1873 1950 1980 2003 2021,CCC1C(C2=CC=CN2N1CCC34C(C(C5=CC=CN5C3N6C=CC=C(C6=O)C(C7=CC=CN47)(C)C)(C)C)CC)(C)C
296,CCC(=O)n1cccc(C(=O)c2ccccc2)c1=O,9 22 53 76 80 95 127 140 294 314 324 389 462 504 581 593 633 646 650 805 807 815 874 875 898 917 935 1009 1057 1088 1101 1199 1254 1380 1385 1430 1434 1447 1450 1513 1567 1659 1750 1775 1788 1873 1917 1949 1985 1991 2015 2034,CCC(=O)N1C=CC=C(C1=O)CC2=C(C=C(N(C2=O)C(=O)CC)C(=O)C3=CC=CC=C3)C(=O)C4=CC=CC=C4
297,CC(C)(C)CCN(CCCc1ccccc1)C(=O)c1cccc(-c2c3cccc2-3)c1,55 65 80 114 119 132 246 274 352 389 392 602 634 650 685 710 736 794 806 807 828 875 881 927 978 984 997 1039 1045 1054 1057 1066 1088 1096 1097 1160 1199 1243 1252 1272 1308 1326 1374 1380 1385 1390 1427 1509 1543 1672 1741 1747 1750 1754 1762 1828 1846 1873 1901 1911 1917 1951 1968 1984 1985 2021,[B](C(=O)C1=CC=CC=C1)C(=O)C2=CC=CC(=C2)C3=C4C=CC=C5C4=C(C=C3)C5=C6C=CC=CC6=CC(=O)N(CCCC7=CC=CC=C7)CCC(C)(C)C
298,O=C(NCC1CN2CCN1CC2)NC1=CC=C2NN=C1N2,48 71 80 90 144 145 197 216 268 283 312 325 329 378 380 478 543 645 650 680 729 739 758 807 818 903 926 935 961 966 976 980 981 988 1019 1058 1060 1114 1152 1200 1249 1259 1335 1355 1367 1374 1380 1468 1472 1480 1499 1552 1573 1604 1617 1713 1736 1789 1798 1816 1833 1854 1873 1917 1989 2003 2031,C1CN2CCN1CC2CNC(=O)NC3=NNC4=NNC(=CC=C4C3)NC(=O)NCC5CN6CCN5CC6
299,CN1Cc2nc(-c3c4c(=O)c5ccccc5n3CCC4)[nH]c2C1=O,4 10 45 68 107 119 155 161 261 289 299 314 339 361 378 406 463 523 525 650 811 836 879 913 920 926 935 965 979 987 1009 1021 1028 1057 1067 1076 1088 1114 1138 1145 1199 1224 1231 1247 1256 1285 1346 1354 1357 1369 1373 1380 1391 1398 1402 1431 1480 1496 1529 1553 1573 1609 1644 1693 1718 1722 1738 1745 1750 1751 1755 1847 1855 1864 1873 1946 1948 1952 1992,CC1=NC2=NC3=C4C(=O)N(C(=O)[N+]4=C(N=C3N2)N5CCCC6=C(C5=O)N7CCCC8=C(C7=N6)NC9=C8CN(C9=O)C)C
300,CCC1CCN2CC1N(C(=O)C1=CC=C(C(F)(F)F)C1=CC=C(C)C)C2=O,56 79 80 92 114 141 167 226 243 294 311 314 321 333 335 337 407 414 481 532 607 614 650 666 676 694 735 739 766 807 809 890 926 935 936 1007 1008 1017 1019 1052 1056 1057 1112 1113 1120 1149 1153 1162 1180 1198 1225 1257 1319 1325 1329 1380 1382 1390 1453 1454 1480 1504 1516 1562 1567 1689 1773 1812 1856 1873 1917 1928 1937,CCC1CCN2CC1N(C2=O)C(=O)C3=C(N(C(=O)N3/C(=C/C=C/4\C(CCN4C(F)(F)F)O)/C)C(=O)C=C(C)C)C(F)(F)F
301,O=C(c1ccc2c(ccn2CCCCCCCCCN2CCCC2)c1)N1CCC1,45 80 100 190 221 346 369 497 610 618 623 650 653 713 781 834 875 888 893 926 935 942 1019 1028 1079 1083 1101 1143 1145 1165 1241 1263 1380 1385 1403 1422 1455 1480 1482 1504 1589 1669 1679 1697 1750 1785 1791 1798 1820 1855 1873 1911 1917 1950 1998 2009 2021,C1CCN(C1)CCCCCN2C=CC3=C2C=CC(=C3)C(=O)N4CCCN(CC4)C(=O)C5=CC6=C(C=C5)N(C=C6)C=N
302,COc1cc2cc(c1)S(=O)(=O)N2C(=O)S(=O)(=O)NC(C)=O,36 81 127 165 176 204 207 245 306 307 309 310 320 322 350 469 524 569 650 695 721 781 807 841 875 889 892 935 983 990 1017 1057 1099 1129 1130 1152 1171 1218 1222 1250 1380 1429 1459 1476 1498 1536 1545 1548 1621 1643 1679 1687 1701 1749 1750 1760 1793 1803 1825 1873 1905 1917 1978,CC(=O)NS(=O)(=O)N1C2=CC(=CC(=C2)N3/C(=C(\C)/S(=O)(=O)NN)/C=CS3(=O)=O)S(=O)(=O)N1C4=CC(=CC(=C4)OC)OO
303,N#C[N+](=O)NC1CCCC(O)C1N1C(=O)[N-]c2nnc1[nH]2,19 99 112 145 147 168 170 190 263 314 356 378 398 525 555 579 613 650 651 674 676 720 753 790 796 807 828 849 903 926 935 967 1019 1028 1039 1041 1063 1114 1152 1164 1198 1201 1257 1259 1269 1296 1325 1327 1360 1376 1380 1384 1403 1416 1745 1753 1764 1798 1846 1867 1871 1898 1900 1922 1940 1958 1963 2032 2036,C1CC(C(C1)O)NC2=NNC3=C(C2=O)N4C5C(=NN3)NN=C6N5C(=NN6)C7=C4C(=O)C8=C(N7)CC9C(N8C7=O)C(CCC9)O
304,CN(CCN(C)c1ncc2c(n1)-c1ccccc1CC2)c1ccccc1,5 80 226 242 270 288 323 336 352 368 378 389 479 499 500 881 926 932 980 984 1038 1057 1065 1088 1096 1101 1151 1163 1186 1199 1236 1309 1333 1351 1380 1452 1462 1468 1505 1535 1540 1555 1589 1610 1665 1680 1708 1738 1739 1830 1855 1873 1951 1966,CN(CCN(C)N(C1=CC=CC=C1)C2=NC=C3CCC4=CC=CC=C4C3=N2)C5=NC=C6CCC7=CC=CC=C7C6=N5
305,CCOCCn1c(=O)n(-c2nc3ccccc3s2)c(=S)n(C2CCCCC2)c1=O,2 13 77 80 97 105 162 289 294 303 314 378 423 437 461 532 545 557 632 650 653 675 689 695 771 802 814 885 890 892 926 930 935 980 1010 1019 1028 1057 1088 1097 1145 1187 1199 1238 1268 1325 1335 1349 1375 1380 1403 1601 1648 1676 1694 1707 1717 1750 1764 1835 1854 1855 1873 1886 1910 1940 1992 1993 2046,CCOCCN1C(=CN(N(C1=S)C2=NC3=CC=CC=C3S2)C4=NC5=CC=CC=C5S4)N6C(=O)N(C(=O)N6C7CCCCC7)C8CCCCC8
306,CN(C(=O)c1cccc2ccccc12)c1nc2ccccc2o1,30 47 54 192 197 212 232 289 378 402 424 528 559 599 637 650 651 656 692 801 803 807 881 910 1039 1057 1087 1088 1097 1104 1119 1128 1160 1163 1199 1221 1245 1307 1357 1380 1439 1447 1492 1534 1554 1558 1573 1599 1604 1637 1750 1808 1825 1855 1873 1894 1917 1991 1992,CN(C1=NC2=CC=CC=C2O1)C(=O)[N+]3(N=NC4=CC=CC=C4O3)N(C(=O)C5=CC=CC6=CC=CC=C65)C(=O)C7=CC=CC8=CC=CC=C87
307,COc1ccc(C(=O)N(CC(=O)N2CCCC2=O)C(C)=O)cc1,80 174 314 322 360 459 587 588 642 650 693 695 718 781 798 807 815 831 841 881 926 935 937 959 1009 1017 1028 1031 1057 1093 1110 1138 1174 1182 1190 1215 1221 1226 1269 1293 1380 1385 1387 1417 1453 1480 1535 1536 1588 1614 1648 1659 1697 1738 1750 1801 1873 1874 1917 2031,[B][NH+](CN1C(=O)CCCC1=O)C(=O)C(=O)N(CC(=O)N2CCCC2=O)C(=O)C3=CC=C(C=C3)OC
308,Cc1ccccc1CN(C(=O)CC(C)(C)C)c1cc2ccc1OS2(=O)=O,16 20 80 96 114 207 227 253 269 288 315 354 364 375 392 469 507 517 547 650 656 712 730 783 807 846 875 878 881 919 975 997 1027 1035 1057 1061 1088 1099 1169 1199 1216 1226 1301 1349 1380 1391 1459 1470 1528 1597 1631 1722 1750 1833 1858 1873 1905 1907 1917 1930 1999 2018,CC1=CC=CC=C1CN(C2=CC3=C(C=C2C)OS(=O)(=O)C=C3)C(=C4C=CC(=C(CC(C)(C)C)C(=O)NO)C=C4)CC(C)(C)C
309,CN(Cc1ccc(OCc2ccccc2)cc1)C(=O)c1ccccc1C(=O)Nc1ccc(C#N)cc1,12 34 80 102 107 143 191 197 248 305 310 322 334 336 389 433 440 486 507 520 573 597 650 654 674 695 718 745 750 790 807 843 847 881 976 1028 1057 1066 1077 1088 1136 1147 1152 1163 1199 1221 1228 1294 1301 1306 1373 1380 1384 1435 1447 1448 1452 1541 1701 1744 1750 1754 1800 1816 1871 1873 1917 1954 1978 1991 2042,CN(CC1=CC=C(C=C1)C#N)C(=O)C2=CC=CC=C2C(=O)NC3=CC=C(C=C3)CN(C)C(=O)NCS4=CC=CC=C4OCC5=CC=CC=C5
310,OCC1OC(=CC(=C(I)c2ccccc2)c2ccccc2)OC1O,1 80 98 222 321 366 389 446 535 549 576 610 654 656 661 694 711 718 750 771 805 807 835 863 1019 1088 1107 1166 1199 1210 1257 1260 1292 1327 1335 1342 1373 1380 1385 1402 1411 1421 1455 1516 1551 1678 1750 1764 1873 1931 1985,C1[C@@H](/C(=C(/C2=CC=CC=C2)\I)/O[C@@H]1O)/C(=C/C(=C/3\[C@H]4C[C@@H]([C@H](O3)CO)/C4=C/C(=C(/C5=CC=CC=C5)\I)/I)/C6=CC=CC=C6)/I
311,CC(C)(C)C(=O)N1CC2CCCCCC3=CC=C3N(C2)C1=O,2 54 92 114 145 247 266 270 281 282 296 310 314 334 364 392 400 436 548 566 650 719 739 807 810 814 845 890 926 935 940 993 1019 1028 1035 1056 1057 1062 1145 1249 1325 1351 1365 1380 1387 1410 1446 1457 1524 1525 1719 1738 1755 1771 1873 1917 1937 1953 1969 1984,CC(C)(C)C(=O)N1CC2CCCCCCC3=CC=C4C5=C(CCCCCC5CN4C(=O)N3C2)C(=O)N(C1=O)C
312,COC(=O)CCCC(=O)Nc1ccc(SCC(=O)N2CCCC2)c(OC)c1,14 41 80 116 133 150 160 184 191 195 240 249 341 369 410 525 532 650 670 695 739 758 760 807 841 843 864 875 901 918 926 935 938 1000 1002 1009 1022 1025 1028 1033 1057 1082 1152 1187 1270 1273 1350 1380 1382 1386 1399 1480 1489 1508 1536 1549 1558 1564 1573 1601 1689 1718 1733 1750 1816 1873 1903 1911 1917 1959 1970 1998 2006 2009,COC1=C(C=CC(=C1)NC(=O)CCCC(=O)OC)SCC(=O)N2CCN(C2)NCC(=O)SC3=CC(=C(C=C3)SCC(=O)N4CCCC4)OC
313,O=C(c1ccc(Cl)cc1-c1cccc2ccc(Cl)cc12)N1CCN2CCCCC2C1,37 59 67 165 203 216 230 352 362 451 558 650 677 739 807 816 843 873 875 883 890 894 926 935 981 984 1005 1019 1028 1039 1082 1087 1088 1104 1236 1317 1325 1343 1357 1380 1480 1499 1504 1516 1524 1589 1683 1692 1701 1735 1736 1750 1854 1855 1873 1910 1917 1991 1993 1998 2009,C1CCN2CCN(CC2C1)C(=O)C3=C(C=C(C=C3)Cl)C4=CC=CC5=C4C=C(C=C5)Cl
314,COc1ccc2c3ccc(c2c1)C(=O)N1CCCC3C1=O,5 60 75 215 258 263 314 319 322 332 352 446 495 513 575 589 649 654 680 695 718 781 813 820 841 862 875 879 918 926 935 948 1002 1019 1027 1028 1039 1057 1058 1192 1325 1357 1380 1396 1430 1438 1457 1480 1536 1584 1710 1733 1745 1750 1814 1873 1972,CNN1C(=O)C2CCCN3C2=CC1C4=C(C3=O)C=C(C=C4)OC
315,COc1ccc(OC(=O)C=Cc2ccccc2N(C)C)cc1,9 31 112 122 176 188 322 342 352 451 472 573 650 694 695 701 718 781 807 813 831 835 839 841 881 940 961 1057 1073 1088 1163 1184 1199 1280 1361 1362 1416 1446 1536 1629 1700 1729 1742 1750 1819 1873 1878 1895 1917 1930 2018,CN(C)C1=CC=CC=C1PN(C2=CC=CC=C2N(C)C)C(=O)POC3=CC=C(C=C3)OC(=O)/C=C/C4=CC=C(C=C4)OC
316,CN1C(=O)N(C(=O)NC2=CC(Cl)=C2)C(C2CCSC2(C)C)C(=O)Nc2ccccc21,7 84 92 113 115 149 218 311 314 339 343 400 519 537 546 561 596 650 654 659 666 675 689 713 789 807 822 861 870 913 926 935 965 967 987 996 1019 1034 1042 1057 1060 1088 1114 1145 1149 1152 1199 1274 1295 1314 1318 1325 1329 1380 1408 1466 1470 1473 1484 1496 1560 1561 1647 1683 1750 1790 1816 1849 1873 1917 1929 1980 1982 2036,CC1(C2C(C(=O)NC3=CC=CC=C3N2C(=O)NC4=CC(=CC5=C4C=CC6=C5N(C(=O)N6C)C)Cl)N(S1)C(=O)C7CCS7)C
317,CC(C)(C)C1C(Cl)=Nc2nnc(-c3cc(Cl)ccc3Oc3cccc(C(F)(F)F)c3)n2C1C(=O)O,94 107 114 120 164 165 216 223 240 303 322 329 352 378 389 392 470 504 516 549 561 562 622 650 694 695 701 748 776 807 809 816 843 876 915 927 935 958 976 1019 1039 1057 1087 1088 1132 1134 1164 1198 1260 1268 1281 1370 1380 1384 1417 1431 1453 1457 1460 1508 1522 1603 1617 1618 1683 1719 1722 1750 1837 1873 1917 1928 1929 1970 1976 2005 2017,CC(C)(C)C1C2C(C(N1C3=NN=C(N3C2C(=O)O)C4=C(C=CC(=C4)Cl)OC5=CC=CC(=C5)C(F)(F)F)C(=O)O)C(=NC(=O)O)C(F)(F)F
318,NS(=O)(=O)NC1=NC2=NN(c3ccccc3)C1=C1C=CC=C(c3ccccc3)N21,191 203 225 235 293 345 350 378 389 396 412 476 478 482 547 566 617 618 620 623 626 632 650 665 731 736 771 775 846 862 910 927 935 985 1049 1088 1093 1152 1158 1160 1164 1171 1199 1249 1270 1356 1380 1442 1476 1483 1489 1592 1607 1613 1619 1620 1632 1686 1750 1792 1825 1873 1953 1954 1975 1999,C1=CC=C(C=C1)C2=CC=CC3=C4C(=NC(=NN4C5=CC=CC=C5)NS(=O)(=O)N)N=C3N2C6=CC=CC=C6
319,COc1cccc(N(C(=O)c2nc(-c3ccccc3)[nH]c2C(=O)N2CCCC2)C2C(=O)N3CCC2C3)c1,5 147 161 175 191 214 285 288 314 322 323 335 336 346 369 378 381 389 400 407 490 562 585 650 656 673 683 695 736 753 777 781 807 841 875 881 926 935 942 974 1018 1019 1028 1039 1057 1088 1096 1114 1160 1177 1199 1221 1241 1242 1270 1282 1325 1380 1396 1434 1454 1479 1480 1504 1521 1537 1606 1609 1698 1745 1750 1752 1766 1855 1873 1881 1917 1921 1972 1998 2009,COC1=CC=CC(=C1)N(C2C3CCN(C2=O)CC3)C(=O)C4=C(N=C(N4)C5=CC=CC=C5)C(=O)N6CCCC6
320,COc1ccccc1OCCCCC(=O)n1c2ccc(NC(C)=O)cc2c(=O)c2ccc(C)cc21,13 45 80 82 140 184 191 235 239 245 249 314 393 402 411 487 525 526 530 626 650 695 712 713 755 775 807 841 843 849 875 887 891 899 922 935 992 1009 1013 1017 1057 1088 1100 1152 1199 1209 1220 1249 1264 1267 1282 1331 1357 1360 1380 1410 1452 1518 1529 1535 1536 1564 1722 1733 1750 1801 1816 1823 1846 1873 1878 1911 1917 1970 2019 2021 2043,CC1=CC2=C(C=C1)N(C3=C(C2=O)C=CC(=C3)NC(=O)C)C(=O)CCCCOC4=CC=CC=C4OOC(=O)O[Al](OC5=CC=CC=C5OC)OC(=O)OC
321,CC(C)(C)C1OC2=CC=C2C(OC2CCCCC2)C1O,0 2 7 28 85 108 114 119 202 370 386 392 565 568 577 590 656 680 695 742 750 755 762 807 837 840 875 890 903 916 926 996 1019 1028 1047 1057 1104 1105 1111 1116 1147 1198 1203 1223 1249 1257 1289 1325 1360 1380 1381 1487 1618 1800 1802 1860 1873 1875 2013,CC(C)(C)C1CCCCC1OC2C3=C(C4C(=CC=C5C4=CC(=CC(=C2)O5)[Hg]OC6CCCCC6)C(C3O)OC7CCCCC7)O
322,CCC(=O)OC1C(COc2cccc(NC(=O)c3cccc(Cl)c3)c2)N1S(=O)(=O)c1cccc(-c2ccc(C)nn2)c1,42 64 67 80 87 165 180 184 189 191 216 294 307 319 322 326 335 350 378 387 449 486 502 509 526 561 562 563 573 575 592 625 650 693 695 703 736 746 749 755 800 806 807 811 875 898 900 906 935 980 1019 1025 1039 1057 1088 1126 1128 1136 1152 1160 1164 1218 1352 1355 1380 1384 1385 1386 1410 1412 1446 1452 1476 1501 1529 1545 1562 1596 1660 1683 1722 1729 1731 1750 1771 1795 1816 1847 1858 1873 1875 1894 1917 1954 1978 1985,CCC(=O)OC1C(N1S(=O)(=O)C2=CC=CC(=C2)NC(=O)C3=CC(=CC=C3)Cl)COC4=CC=CC(=C4)C(=O)C(=O)NS(=O)(=O)C5=CC=CC(=C5)C6=NN=C(C=C=C6)C)C
323,Cc1ccc(C(=O)NC(=O)CCCCCN(C)C(=O)C2=CC=C(Cl)C2=O)cc1,9 41 80 116 149 235 314 334 382 414 486 556 561 576 597 650 807 881 904 907 922 930 995 1011 1057 1118 1119 1143 1152 1163 1221 1249 1267 1285 1374 1380 1385 1457 1476 1564 1567 1652 1665 1669 1683 1687 1695 1697 1704 1718 1722 1750 1758 1823 1873 1875 1911 1914 1917 1920 1950 1951 1995 2015 2018 2033,CC1=CC=C(C=C1)C(=O)N/C(=C/2\C(=O)C(=C(C2=O)Cl)Cl)/C(=O)N(C)CCCCCC(=O)NC(=O)[N+](C)(C)C3=CC=C(C=C3)C
324,COc1ccc(NC(=O)N2CCN(C(=O)NCCOc3csc(C(=O)N4CCOCC4)c3)C2=O)cc1,0 11 13 80 86 92 191 197 198 206 218 314 322 363 419 490 502 523 546 552 650 656 667 675 695 718 723 772 780 781 807 831 841 843 875 915 923 926 935 942 950 1034 1057 1077 1152 1380 1387 1399 1405 1406 1441 1452 1480 1504 1536 1554 1567 1599 1635 1725 1750 1790 1816 1819 1824 1864 1873 1875 1884 1917 1997 2009,COC1=CC=C(C=C1)NC(=O)N2CCN(C2=O)C(=O)NCCO[N+]3(CCOCC3)C(=O)C4=CC(=CS4)C(=O)N5CCOCC5
325,CC(=CC1=Cc2cc(ccc2C)C1(F)F)N=C(N=C(C)C)NC(C)C,1 3 15 26 72 84 112 117 160 251 283 285 363 403 484 494 556 694 704 725 782 786 807 816 875 979 986 1000 1002 1017 1028 1057 1060 1152 1226 1228 1241 1309 1312 1347 1380 1404 1448 1488 1502 1619 1627 1648 1691 1720 1722 1746 1750 1812 1873 1893 1928 1942 1970 2012,CC(C)N/C(=C\C1=CC2=CC(=C1)C(C(=C2)C(C)NC(C)C)(F)F)/N=C(NC(C)C)N=C(C)N=C(C)C
326,CC(C)(C)c1ccc(=O)n(C2COC(C3CCCCN3C(=O)c3ccc(O)cc3)C2O)c1,26 33 41 92 114 184 193 216 221 242 298 310 314 340 351 392 464 541 577 580 614 650 656 681 711 744 745 802 807 809 890 905 925 926 935 957 1019 1028 1048 1057 1074 1141 1212 1257 1304 1313 1325 1339 1380 1381 1385 1417 1442 1480 1487 1504 1511 1602 1665 1689 1697 1708 1715 1750 1778 1827 1852 1873 1917 1923 1929 1973 1998 2037,CC(C)(C)C1=CN(C(=O)C=C1)[C@H]2CO[C@H]3[C@@H]2OC[C@H]([C@@H]3O)N4CCCCN(C4=O)C(=O)C5=CC=C(C=C5)C(C)(C)C6N(CCCCO6)C(=O)C7=CC=C(C=C7)O
327,COc1ccc2c(c(C(=O)n3c(=O)[nH]c4ccccc43)cn2-c2ccccc2)c1OC,45 94 119 126 137 147 249 268 305 314 333 389 432 434 464 564 593 613 650 656 695 758 771 807 810 817 841 935 958 987 1049 1057 1088 1114 1199 1260 1282 1285 1380 1462 1504 1536 1557 1587 1599 1615 1652 1745 1750 1783 1791 1812 1825 1873 1885 1901 1917 1924 1939 1970 1984 1991 2021 2036,COC1=C(C2=C(C=C1)NC(=O)N2C(=O)C3=CN(C4=C3C(=C(C=C4)OC)OC)C5=CC=CC=C5)OC
328,CCCCCCC(=O)NC(C(=O)Nc1nc2c(C)c-2n1)C(C)NC(=O)CC,1 41 75 80 117 197 233 252 283 294 323 348 378 405 550 573 591 608 637 650 718 739 743 768 794 807 842 885 895 898 911 1005 1057 1118 1141 1143 1144 1152 1185 1197 1267 1380 1425 1444 1517 1564 1582 1718 1722 1787 1816 1855 1866 1904 1911 1917 1925,CCCCCCCCCCCCCCCCCC(=O)NC(C)C(C(=O)NC1=NC2=C(C(=N1)C2=NC(CCCC)CNC(=O)CC)C)NC(=O)CC
329,CCCC1C2OC3C4C(CCCCCCCCCCCCC5=CC=C5C)C(=O)N3C(C2O)C14,5 77 80 142 221 224 234 263 291 294 298 311 314 334 353 363 443 470 471 570 580 647 650 656 682 783 793 794 807 832 854 860 872 916 935 944 1003 1005 1019 1023 1057 1143 1150 1176 1184 1195 1205 1215 1243 1249 1257 1380 1487 1493 1584 1585 1604 1722 1768 1844 1854 1873 1911 1921 1979 2043,CCCC1C2C3C4N(C2O3)C1=C/C=C(/C(=C/C=C(/C(C4O)CCCCCCCCCC5C6C7C(C(C6O7)O)N8C5=O)\C)/C)\C
330,Cn1nc(-c2ccccc2-c2cncnc2)nc1C(C)(C)c1ccccc1,8 114 199 257 302 352 378 389 392 402 423 469 489 609 618 649 670 679 887 935 984 992 1014 1047 1057 1071 1075 1088 1101 1105 1139 1145 1160 1199 1278 1289 1301 1380 1385 1417 1474 1508 1535 1585 1603 1630 1698 1750 1782 1855 1873 1881 1946 1956 1984 2017 2034,CC(C)(C1=CC=CC=C1)C2=NC(=NN2C)C3=CC=CC=C3C4=NN(C(=N4)C(C)(C)N5C=CC(=C5)C6=CN=CN=C6)C
331,O=C1C#CCCCCCCCC1,2 45 99 102 151 160 173 179 287 310 314 366 525 571 576 650 808 820 870 926 957 1028 1054 1086 1367 1380 1392 1455 1483 1499 1513 1565 1577 1637 1662 1738 1886 1973 2046,C1CCCCCC2=C(C2=O)C#CC#CC3=C(CCCC1)C(=O)C4=C(C3=O)C#CCCCCCCCCCCCCCCC4
332,CC(=O)CC1NC(=O)c2ccsc2Sc2ccccc21,3 14 32 80 115 185 190 204 249 301 313 314 350 352 359 368 371 397 518 554 581 595 643 650 666 675 678 728 807 949 953 1004 1017 1019 1027 1057 1088 1114 1127 1153 1156 1199 1366 1380 1401 1550 1566 1567 1574 1585 1641 1647 1657 1693 1732 1750 1772 1785 1791 1804 1849 1873 1897 1917 1985 2022 2044,C/C(=C(\C)/C(=O)NC(C1=CC=CC=C1SC2=C(C=CS2)C(=O)NC(C3=CC=CC=C3SC4=CC=CC=C4[As](Br)Br)CC(=O)C)CC(=O)C)/C(=O)C
333,CC(C)N(C)S(=O)(=O)c1cccc(S(=O)(=O)O)c1,1 283 312 319 350 370 575 592 605 626 650 704 746 785 803 807 815 875 881 972 1039 1057 1088 1102 1123 1163 1173 1271 1280 1365 1380 1408 1438 1451 1473 1476 1480 1518 1528 1540 1700 1750 1763 1764 1873,CC(C)N(C(C)C)S(=O)(=O)C1=CC=CC(=C1)S(=O)(=O)C(C2=CC(=CC(=C2)S(=O)(=O)O)S(=O)(=O)O)N(C)C(C)C
334,O=C(Oc1cccnc1)N1Cc2cc(N3CCCC3)ccc2C1=O,22 79 106 112 156 233 314 322 352 378 386 407 437 489 496 562 650 680 687 695 701 751 763 807 843 875 879 889 926 935 982 1002 1028 1043 1065 1088 1172 1197 1236 1272 1302 1327 1370 1380 1387 1470 1480 1535 1549 1586 1603 1642 1713 1729 1750 1795 1825 1866 1873 1917 1946 1998 2033 2038 2041,C1CCN(C1)C2=CC3=C(C=C2)C(=O)N(C3)C(=O)N4CC5=C(C4=O)C=CC(=C5)N6CCCC6
335,Cc1ccc(C(=O)NCCNC(=O)c2ccccc2)s1,8 41 80 162 197 265 278 295 389 419 486 623 650 667 675 724 732 807 813 891 955 1057 1088 1100 1146 1152 1199 1214 1256 1316 1380 1385 1465 1601 1637 1665 1722 1725 1733 1750 1855 1873 1917 1941 1985,CC1=CC=C(S1)C(=O)NCCNC(=O)C2=CC=C(S2)C(=O)NCCNC(=O)C3=CC=CC=C3
336,CC1(C)CCN(C(=O)C#N)C[C-]1Oc1ccc([N+](=O)c2ccc(F)cc2)cc1,8 90 264 318 322 383 425 486 551 620 650 674 676 695 699 718 751 753 770 790 803 807 926 935 936 977 1038 1057 1060 1080 1128 1141 1162 1211 1244 1252 1263 1274 1380 1384 1410 1460 1478 1480 1500 1521 1535 1670 1680 1750 1788 1790 1796 1813 1814 1836 1873 1885 1917 1928 1963 2009,CC1(CCN(C1(C)C)C(=O)C2(CCN(CC2)[N+](=C(C#N)C#N)C3=CC=C(C=C3)F)C(=O)N4CCC(CC4)(C)OC5=CC=C(C=C5)F)C
337,CN(CCC(=O)N1C(=O)CCCC1(C)C)S(=O)(=O)c1ccc(C(F)(F)F)cc1,80 90 93 114 213 226 268 285 314 319 350 376 383 444 496 552 650 683 715 798 807 809 815 824 881 926 935 985 1009 1028 1056 1057 1060 1083 1097 1162 1163 1182 1219 1260 1274 1346 1380 1405 1417 1426 1450 1453 1476 1564 1625 1662 1665 1693 1738 1750 1766 1825 1854 1873 1886 1917 1918 1928 1946 1951 2000 2027,CC1(CCCC(N1C(=O)CCN(C)S(=O)(=O)C2=CC=C(C=C2)C(F)(F)F)(C)C(=O)N3C(=O)CCC3(C)C)C
338,N#CC=CC=c1ccccc1=CC=Cc1cccc2cc(Cl)cc(C(=O)O)c12,4 149 157 165 185 189 199 216 266 274 325 352 359 364 389 414 432 441 456 471 491 549 561 590 650 674 690 694 704 744 790 812 835 875 890 894 961 988 1039 1047 1073 1087 1088 1199 1257 1290 1313 1367 1380 1384 1392 1528 1609 1683 1709 1725 1729 1747 1748 1750 1773 1780 1797 1827 1855 1868 1873 1917 1984 1991 2014 2015,C1=CC=C(C(=C1)/C=C/C=C/2\C=C(C3=C4C2=CC(=CC4=CC(=C3C5=C(C=C6C=CC=C7C6=C5C=CC(=C7)Cl)C(=O)O)C(=O)O)C(=O)O)C(=O)O)/C=C/C#N
339,COc1cc(Cl)ccc1-c1csc(=S)n(-c2n[nH]c(-c3ccccc3)n2)c1=O,74 97 165 216 224 241 249 288 304 314 324 352 378 389 422 475 496 504 510 534 541 552 561 650 657 673 675 680 695 719 722 736 811 816 841 875 935 996 1057 1088 1114 1160 1199 1256 1264 1380 1397 1567 1609 1683 1685 1698 1717 1750 1754 1790 1795 1855 1871 1873 1942 1970 1993 2004,COC1=C(C=CC(=C1)Cl)C2=CSC(=C2C3=NNC(=S)N3C4=NNC(=N4)C5=CC=CC=C5)C6=CSC(=S)N6C7=NNC(=N7)C8=CC=CC=C8
340,O=C(Nc1nccc(-c2cccc(Cl)c2)n1)c1ccccc1,10 165 216 323 378 381 389 486 561 592 635 650 724 736 787 806 807 875 980 1013 1039 1085 1088 1144 1150 1152 1160 1170 1171 1199 1321 1380 1385 1423 1443 1452 1557 1577 1582 1595 1603 1663 1665 1683 1750 1795 1816 1819 1855 1866 1873 1917 1975 1985 2036,C1=CC=C(C=C1)C(=O)NC2=C(N=C(N=C2C3=NC(=NC=C3)NC(=O)C4=CC=CC=C4)NNC(=O)C5=CC=CC=C5)C6=CC(=CC=C6)Cl
341,O=C(Nc1ccc(S(=O)(=O)N2CCCC2)cc1)C1CCCCO1,182 191 192 223 263 272 319 350 361 366 374 539 585 650 656 689 715 749 757 800 802 807 843 890 899 926 935 950 1015 1019 1028 1044 1152 1218 1224 1249 1270 1325 1380 1476 1480 1548 1618 1655 1675 1691 1693 1750 1816 1864 1873 1878 1884 1911 1917 1998,C1CCOC(C1)C(=O)NC2=CC=C(C=C2)S(=O)(=O)N3CCCC3
342,Cc1cc(I)c(-c2cc3ccccc3c(=O)n2CCC(C)C(C)O)s1,1 32 77 80 94 103 104 111 157 162 227 241 283 314 317 456 504 582 625 650 655 661 675 712 721 739 756 785 787 792 802 807 822 830 835 836 845 875 935 947 1056 1057 1087 1088 1145 1198 1199 1243 1326 1332 1357 1380 1423 1484 1573 1682 1692 1693 1696 1722 1750 1785 1855 1873 1995,CC1=CC(=C(S1)C2=CC3=CC=CC=C3C(=O)N2CCC(C)C(C4=C(C=C5N4C(=CC6=CC=CC=C65)I)I)C(C)O)I
343,CN(CCn1c(-c2ccccc2)nn(-c2ccc(-c3c[nH]c(N)c3)cc2)c1=O)C(N)=O,80 140 222 233 314 331 334 342 368 378 389 490 555 640 650 671 736 763 765 771 791 802 806 807 875 881 892 896 908 935 963 966 1057 1088 1114 1145 1160 1163 1171 1190 1196 1199 1220 1278 1288 1349 1350 1351 1380 1434 1438 1440 1457 1460 1722 1750 1825 1852 1854 1858 1865 1873 1879 1917 1926 1951 1956 1957 1964 2024,CN(CCN1C(=NN(C1=O)C2=CC=C(C=C2)C3=CNC(=C3)N)C4=CC=C(C=C4)N5C(=CC(=N5)N)N)C(=O)N
344,Cc1ccc(-c2nc(=O)n(Cc3cccc(C)c3)c(=O)n2C)cc1,80 94 109 235 278 297 314 335 378 490 564 571 599 650 744 771 802 835 860 875 895 896 935 1013 1039 1055 1057 1066 1088 1145 1151 1160 1175 1214 1380 1407 1414 1440 1607 1627 1644 1686 1697 1705 1722 1750 1754 1765 1823 1855 1873 1887 1901 1912 1920,CC1=CC=C(C=C1)C2=NC3=C(N2C)N(C(=O)N(C(=O)N3CC4=CC=CC(=C4)C)C5=NC(=O)N(C(=O)N5C)CC6=CC=CC(=C6)C)C
345,Cc1ccccc1C=CC(=O)c1cc(=O)n(C)c(=S)[nH]1,31 97 143 172 227 283 314 342 356 359 417 441 472 473 564 650 694 744 745 775 807 835 865 875 882 913 935 960 961 973 977 985 1017 1034 1057 1088 1114 1141 1145 1173 1199 1218 1256 1313 1380 1382 1391 1494 1625 1667 1698 1717 1722 1745 1750 1783 1801 1817 1834 1873 1917 1929 1945 1946 1999 2008,CC1=CC=CC=C1/C=C/C(=C(/C)\N2C(=O)C=C(N2)C(=O)/C=C/C3=CC=CC=C3/C=C/C(=O)C4=CC(=O)N(C(=S)N4)C)/C
346,Cc1ccc2[nH]c(NC(=O)CN(c3ccccc3)S(=O)(=O)c3ccncc3)nc2c1,41 66 75 80 119 216 226 235 262 268 285 288 319 350 352 378 383 389 473 524 535 552 650 683 760 790 797 807 815 831 875 881 1013 1057 1088 1096 1097 1114 1152 1190 1194 1199 1208 1212 1242 1284 1380 1438 1461 1476 1567 1580 1603 1684 1693 1722 1745 1750 1782 1816 1823 1849 1855 1866 1873 1917 1939 1946 1947 1969 1998 2018 2035,O=S(=O)(N(c1c(c2c([nH]c(NC(=O)CN(S(=O)(=O)c3ccncc3)c3ccccc3)n2)C(=O)CN(S(=O)(=O)c2ccncc2)c2ccccc2)csc1)CC(=O)C)c1ccncc1
347,FC(F)(F)c1cccc(OC(CCCNc2nccc(Cl)n2)N2CCc3ccccc32)c1,1 61 80 114 120 121 149 177 206 229 302 317 322 378 380 390 524 561 562 664 667 679 688 695 704 708 739 787 809 875 909 926 935 952 1003 1039 1065 1077 1088 1152 1199 1236 1260 1295 1296 1306 1356 1380 1404 1416 1417 1452 1453 1480 1522 1569 1582 1601 1619 1647 1669 1683 1708 1738 1750 1758 1786 1819 1852 1855 1862 1866 1873 1888 1911 1913 1917 1926 1928 1972 1994 2010 2017,C1CN(C2=CC=CC=C21)C(CCCNC3=NC=CC(=N3)Cl)C(C4=NC=CN=C4NS)OC5=CC=CC(=C5)C(F)(F)F
348,Cc1c2c3c4ccccc4c1C(C(C)O2)N3C(C)(C)C,50 83 106 114 146 156 168 204 252 294 392 408 460 495 534 656 691 722 750 777 814 821 877 901 925 926 935 991 1004 1019 1057 1068 1088 1135 1199 1294 1309 1347 1353 1357 1380 1444 1471 1551 1573 1599 1648 1722 1750 1756 1873 1980,CC1C2C3=C(C4=CC=CC=C4C5=C3[N+](CN2C(C)(C)C)(C(=N1)C)C(C(O5)C)C)C
349,O=C1C2=C(c3cc([N+](=O)[O-])ccc3OC2)N1CCC1CCCCC1,2 7 29 80 95 114 191 205 314 352 386 441 484 532 557 572 588 609 613 650 656 715 753 832 838 875 879 884 890 897 926 935 990 1011 1019 1028 1035 1047 1093 1113 1117 1145 1195 1274 1325 1347 1348 1355 1380 1415 1531 1696 1708 1750 1799 1809 1814 1856 1873 1904 1905 1940 1963 1973 1997 2007 2010 2024,C1CCC(CC1)CCN2/C(=C/3\COC4=C3C=C(C=C4)[N+](=O)[O-])/C5=C(C2=O)N(C(=O)C6=C5OC6)CCC7CCCCC7
350,COc1ccc2c(C)ccc(C(=Cc3c4ccc5cc4oc35)C(=O)N3CCCC4(C)C(OC)C(O)C(N)C34)c2c1,18 60 67 120 121 132 133 158 193 203 242 322 350 380 388 406 474 533 541 618 650 656 684 694 695 718 736 742 781 802 807 828 834 841 875 886 895 901 926 935 937 959 1019 1026 1028 1047 1049 1057 1060 1110 1162 1171 1257 1259 1274 1357 1380 1384 1385 1391 1446 1477 1480 1487 1516 1526 1536 1573 1594 1602 1604 1607 1654 1656 1660 1691 1722 1733 1746 1750 1808 1832 1853 1855 1873 1909 1917 1972 1991,CC1=C2C=C(C=CC2=C(C=C1)/C(=C/C3=C(C=C(C4=C3C=C(O4)C5=NC6=C(O5)C=C(C=C6)OC)C)O)/C(=O)N7CCC[C@@]8([C@H]7[C@H]([C@@H]([C@H]([C@@H]8OC)O)N)O)C)C
351,O=C1COCCN(S(=O)(=O)c2ccccc2F)CC2CCCCN12,92 127 128 199 207 288 314 317 323 350 372 377 392 460 507 523 585 609 634 650 656 684 699 739 752 798 800 844 890 926 935 950 960 969 992 1017 1019 1028 1032 1088 1100 1119 1199 1325 1380 1404 1441 1457 1462 1476 1480 1486 1490 1607 1632 1672 1749 1750 1791 1840 1873 1910 1928 1934 1993 1998 2041,C1CCN2C(C1)CN(C2=O)C3CN(C3)CN4C(=O)COCCN(C4=O)S(=O)(=O)C5=CC=CC=C5F
352,CCN(CCN(CCn1c2cc(C)c1nn2)C(=O)n1c(=O)c2ccc1cc2)C(=O)C1=CC=C1,13 80 95 115 136 168 202 248 283 285 294 314 318 323 345 378 395 399 493 504 547 586 647 650 688 781 802 807 819 827 862 875 881 932 935 974 978 999 1008 1057 1076 1145 1154 1160 1164 1190 1198 1221 1249 1251 1262 1282 1367 1379 1380 1387 1391 1413 1443 1462 1467 1470 1507 1525 1658 1696 1718 1722 1750 1821 1855 1873 1917 1927 1951 1998,CCN(CCN1C2=C(C=C(C1=O)C)C=CC3=CC=CC(=C32)C)C(=O)C4=C5C=CC(=C6C=CC7=CC=CC(=C7C(=O)N6N5C4=O)C)C=C5C
353,O=C(NC(Oc1cccc([N+](=O)[O-])c1)c1cc(O)ccc1F)c1ccc(O)[nH]1,1 26 68 71 117 143 187 200 211 216 237 305 322 351 381 419 432 460 465 469 486 491 497 553 557 562 596 612 650 652 664 695 699 715 745 753 783 796 807 838 875 880 977 1010 1039 1048 1083 1088 1114 1147 1152 1195 1274 1313 1345 1360 1361 1380 1602 1610 1614 1653 1720 1745 1750 1809 1840 1872 1873 1917 1928 1940 1963 2001 2018,C1=CC(=CC(=C1)OC(C2=C(C=CC(=C2)O)F)NC(=O)C3=CC=C(N3)NC4=C(C=CC(=C4)[N+](=O)[O-])F)[N+](=O)[O-]
354,CC1(C)CCCOC1=O,110 122 141 282 283 314 467 502 549 650 656 743 868 907 926 950 953 1028 1057 1060 1112 1135 1142 1160 1162 1274 1344 1349 1380 1439 1446 1536 1600 1652 1748 1847 1926 1937,CC1(CCC(C(=O)O1)(C)[Si]C2(CCCO2)[Si]C3(CCCO3)C)C
355,COC(=O)c1c(NC(=N)Nc2ccccc2)nc(OC)nc1N1CCN(CCN2CCCC2)C(=O)C1,50 80 123 130 135 145 155 166 191 236 295 314 378 407 450 502 557 573 586 623 632 650 695 703 708 798 807 810 841 853 906 926 935 938 1028 1057 1077 1088 1089 1104 1141 1145 1152 1175 1194 1199 1201 1208 1324 1369 1380 1411 1415 1422 1441 1480 1482 1484 1498 1508 1536 1548 1656 1672 1684 1687 1707 1750 1772 1791 1816 1826 1855 1873 1879 1905 1917 1932 1946 1968 1998 2012 2018,COC1=NC(=C(C(=N1)N2CCN(C(=O)C2)CCN3CCCC3)C(=O)OC)NP4(=[Se])N(CCN4C(=N)NC5=CC=CC=C5)C
356,CN1C(=O)N2C(=O)N3C1C2C1(C)C(c2ccn(C(C)(C)C)c2)OC(C)(C)C3C1C(C)(C)C,18 92 93 114 117 140 141 149 187 192 204 227 282 314 380 392 407 408 420 464 574 624 631 650 656 666 738 818 862 878 905 935 953 1019 1030 1057 1060 1070 1101 1145 1149 1150 1161 1181 1256 1274 1279 1294 1321 1349 1380 1424 1463 1473 1491 1618 1656 1691 1699 1750 1836 1849 1873 1904 1922 1924 1951 1957 2006 2029,CC1(C2C3N(C(=O)N2C4=CN(C=C4)C(C)(C)C)C(=O)N(C(C(O1)(C)C)C(C)(C)C)C5=CN(C(C(O5)(C)C)C(C)(C)C)C)C
357,CCCN(CC(C)(C)C)S(=O)(=O)c1ccc(Nc2ncc3c(n2)N3)cc1OCC,75 80 114 118 129 141 191 194 208 214 227 237 294 329 350 360 364 373 378 388 392 425 458 491 499 540 544 548 640 641 650 689 691 695 758 794 815 821 843 860 875 881 910 997 1057 1060 1084 1114 1125 1152 1222 1238 1328 1335 1380 1452 1476 1523 1535 1567 1582 1586 1675 1681 1692 1694 1702 1750 1761 1764 1781 1801 1855 1869 1873 1890 1891 1905 1951 1970 1982 2032,CCCN(CC(C)(C)C)S(=O)(=O)C1=C(C=C(C=C1)NC2=NC=C3C(=N2)P(C4=CC(=NC=C4N3)OCC)(OCC)(OCC)OCC)OCC
358,CCOc1ccc(C(=O)N2CCC3C(C2)C2CCC3C(C)(C)C2)cc1S(=O)(=O)c1ccccc1,16 72 80 94 126 136 237 294 319 332 345 350 389 392 425 451 497 519 562 575 585 618 622 650 652 678 679 695 739 774 807 825 867 875 926 935 1000 1010 1019 1057 1060 1088 1186 1199 1218 1232 1238 1274 1325 1330 1360 1380 1382 1385 1452 1476 1480 1504 1571 1579 1598 1606 1610 1611 1685 1692 1697 1721 1750 1766 1797 1808 1820 1826 1873 1917 1941 1945 1970 1998 2009 2010 2032 2047,CCOC1=C(C=C(C=C1)C(=O)N2CCC3C(C2)CCC4C3CC(C4)(C)C)S(=O)(=O)C5=CC(=C(C=C5)OCC)S(=O)(=O)C6=CC=CC=C6
359,CN(CCC1CCCCN1C(=O)c1cccc(F)c1)S(=O)(=O)c1ccccc1,15 27 80 99 132 175 193 213 230 242 293 319 350 362 389 575 584 618 650 699 807 815 832 875 881 890 910 926 935 1003 1019 1028 1039 1057 1088 1146 1163 1199 1212 1325 1332 1336 1367 1380 1385 1476 1480 1487 1504 1521 1552 1566 1644 1666 1670 1750 1755 1766 1873 1913 1916 1917 1928 1946 1951 1985 1998 2027,CN(CCC1CCCCN1C(=O)C2=CC(=CC=C2)F)N(C3N(N=CN3C(=O)C4=CC(=CC=C4)F)C(=O)C5=CC(=CC=C5)F)S(=O)(=O)C6=CC=CC=C6
360,NC(=O)N(C=C(N)c1ccc(C(F)(F)F)cc1)S(=O)(=O)Nc1ccccc1,15 16 114 121 140 170 191 202 292 350 368 383 389 409 476 534 622 646 650 677 694 703 763 791 807 809 881 889 909 911 1053 1088 1152 1171 1199 1260 1270 1277 1380 1385 1400 1401 1409 1417 1425 1453 1476 1608 1665 1672 1685 1697 1750 1799 1873 1882 1917 1928 1989,C1=CC=C(C=C1)NS(=O)(=O)N(C(=O)N)N(/C=C(\C2=CC=C(C=C2)C(F)(F)F)/C(=C/N(C(=O)N)S(=O)(=O)N(F)F)/C3=CC=C(C=C3)C(F)(F)F)F
361,C#Cc1nc2cc(F)c(OC)cc2n1CCCN1CCN2C(=O)C1CN(C)C2=O,5 45 72 80 92 100 181 221 234 249 278 314 366 378 531 551 650 674 695 699 708 739 756 802 804 811 841 875 879 886 895 915 926 928 935 974 998 1019 1057 1097 1125 1145 1205 1212 1278 1281 1305 1312 1331 1340 1363 1380 1394 1399 1436 1457 1480 1536 1576 1584 1620 1629 1693 1773 1790 1840 1855 1872 1873 1910 1911 1928 1945 1960 1970 1990 2022,CN1CCN(C1=O)C2CN(C(=O)N(C2)C)CCCN3C4=CC(=C(C=C4N=C3C#C)F)OC
362,CC(C)(C)Oc1cccc(=O)n1CCCCC(=O)N1CCN(C(=O)c2ccccc2)CC1,93 114 133 146 257 314 389 392 487 497 526 548 650 695 717 741 760 769 802 807 846 876 893 897 926 935 942 993 996 1009 1039 1057 1066 1088 1141 1145 1194 1199 1267 1285 1336 1347 1380 1385 1394 1445 1480 1504 1511 1564 1589 1620 1698 1750 1790 1801 1816 1826 1846 1859 1873 1882 1911 1917 1935 1985 2009,CC(C)(C)OC1=CC=CC(=O)N1CCCCC(=O)N2CCN(CC2)C(=O)C3=CC=CC(=O)N3CCC(=[N+]=[N-])OC(C)(C)OC(C)(C)C
363,CC1=CC(=NN=C(NN=NC#N)c2ccccc2)n2c1c(C)c1ccccc12,14 45 84 213 252 289 318 324 335 336 350 389 425 537 581 629 674 725 790 807 935 999 1057 1088 1097 1098 1106 1108 1151 1152 1166 1199 1209 1219 1285 1327 1357 1375 1380 1384 1385 1399 1528 1573 1686 1713 1722 1750 1766 1768 1795 1803 1851 1873 1874 1898 1976 1983 1985 1993,CC\1=C/C(=N\N=C(/C2=CC=CC=C2)\N/N=C/3\C4=CC=CC=C4N5C3=C(C(=C5C)C)C)/N6C1=C(C7=CC=CC=C76)C
364,[O-][n+]1nc2cc(Cl)cc3cc(Cl)cc(c1=CC=Cc1ccc(-c4ncccc4F)cc1Cl)c32,65 105 185 191 207 211 216 230 302 303 323 366 378 389 432 448 463 468 552 561 571 594 694 699 715 733 744 749 780 800 835 875 890 896 930 961 963 1012 1024 1032 1043 1056 1059 1088 1097 1146 1160 1314 1319 1357 1380 1452 1506 1558 1565 1609 1677 1683 1747 1750 1829 1830 1840 1853 1855 1866 1873 1928 1984 1996 1998,C1=CC(=C(N=C1)C2=CC(=C(C=C2)/C=C/C=C\3/C=NC4=C3C5=C(C=C4)N=C(N=[N+]5[O-])C6=C(C=C(C=C6F)Cl)Cl)Cl)F
365,CSC1=CC=CSC1=C(Sc1ccc(C(=O)O)s1)C(=O)N1C2=CSC1=NC=C2,12 74 90 116 162 169 175 187 224 227 240 258 292 298 310 378 389 394 397 419 456 458 461 547 558 570 575 623 641 650 675 726 738 745 763 791 794 807 816 841 862 863 906 935 937 991 994 1024 1035 1057 1066 1084 1110 1111 1145 1171 1249 1271 1337 1376 1380 1387 1391 1403 1419 1427 1436 1532 1645 1653 1695 1723 1750 1873 1889 1917 1933 1947 1965,CN\1C(=CS/C1=C(/C(=O)N2C=CC=C/C2=C/3\C=CN=C4C3=CC=CS4)\SC5=CC=C(S5)C(=O)O)SC
366,CCN(C)S(=O)(=O)c1ccccc1C(=NO)c1ccc([N+](=O)[O-])cc1,66 80 91 124 155 213 233 294 296 298 318 321 326 343 350 381 392 440 512 524 541 561 650 715 725 753 769 807 815 838 881 922 932 959 992 1057 1065 1074 1088 1163 1195 1199 1268 1274 1319 1380 1385 1420 1447 1476 1639 1689 1697 1740 1750 1807 1809 1814 1821 1873 1878 1889 1905 1933 1940 1963 1991 2036,CCN(CC)S(=O)(=O)C1=CC=CC=C1/C(=N/O)/C2=CC=CC=C2S(=O)(=O)N(C)/C(=N/O)/C3=CC=C(C=C3)/C(=N/O)/C4=CC=C(C=C4)[N+](=O)[O-]
367,COC(=O)c1c(CCCN2CCCCC2)n[nH]c1C,2 74 80 145 164 189 311 378 388 430 475 542 586 643 653 679 692 695 754 807 824 841 904 906 926 935 942 1028 1057 1060 1114 1145 1152 1172 1197 1243 1267 1309 1380 1387 1411 1422 1436 1480 1482 1497 1603 1722 1729 1734 1791 1815 1845 1897 1911 1917 1932 1998 2004,CC1=C(C(=NN1)CC2(C(=C2C(=O)OC)C(=O)OC)CC3=C(C(=NN3)CCCN4CCCCC4)C(=O)OC)C(=O)OC
368,COc1ccc(Nc2nc3ncc2n3CCN2CCCC2)c(Br)c1,36 45 80 200 322 348 378 485 491 497 670 695 708 718 728 757 781 793 802 833 841 850 875 884 886 926 935 960 1015 1027 1028 1057 1097 1123 1145 1152 1164 1224 1306 1380 1422 1441 1446 1452 1480 1482 1492 1535 1536 1599 1631 1695 1750 1791 1855 1856 1873 1905 1906 1910 1927 1956 1958 1972 1998,COC1=CC(=C(C=C1)NC2=NN3C(=N2)N=CC4=C3N=C(N4CCN5CCCC5)Br)Br
369,CCc1ccc(OC=CC=Cc2cc(OC)cnc2Sc2ccc(C(=O)OC)cc2)cc1,21 32 47 56 80 116 145 177 190 219 273 294 304 310 322 347 378 432 438 463 552 606 614 627 650 658 676 694 695 718 725 752 781 807 811 835 841 875 906 918 961 1057 1084 1104 1152 1190 1230 1255 1279 1298 1299 1301 1309 1312 1380 1385 1404 1452 1496 1535 1536 1537 1549 1551 1572 1595 1601 1609 1697 1715 1745 1750 1754 1756 1786 1799 1802 1808 1831 1873 1917,CCC1=CC=C(C=C1)SC2=C(C=C(C=N2)O/C=C/C=N/OC3=CC=C(C=C3)C(=O)OC)/C=C/C4=CC(=CN=C4SC5=CC=C(C=C5)C(=O)OC)CC
370,COc1c2c(cc3ccccc13)OCC(=O)O2,53 213 220 314 333 356 377 387 441 444 454 463 485 609 650 656 658 695 808 836 841 847 875 925 926 944 970 1057 1087 1088 1172 1199 1262 1288 1294 1331 1357 1367 1380 1408 1502 1535 1536 1573 1599 1708 1750 1776 1810 1855 1873 1905 1984 2025 2030,COC1=C2C(=CC3=C1OC(=O)CO3)OC4=CC5=CC=CC=C5C(=C4O2)[N+]6=CC(=O)OC6
371,CCN1CCC(N(C)c2nc3ccc4nc([nH]2)sc4c3)C1,34 72 80 95 145 150 162 245 268 294 298 319 322 378 418 454 475 555 557 659 675 722 739 771 809 865 875 881 885 906 916 926 935 961 981 1018 1019 1057 1097 1114 1163 1261 1318 1325 1340 1380 1406 1416 1468 1480 1492 1533 1537 1561 1613 1669 1693 1729 1745 1750 1791 1806 1855 1863 1873 1875 2025 2043,CCN1CCC(CC1)N(C)C2=NC3=C(S2)C=C(C=C3)OP=PN4CCC(C4)N(C)C5=NC6=C(N5)C=C(C=C6)OC(=PN7CC7)N(C)CC
372,COc1ccccc1S(=O)(=O)N1CCN(C)CCCCCN(C(=O)C2=CC=CC=CS2)C1=O,2 14 16 33 61 92 111 207 249 313 314 331 350 392 445 493 510 558 618 630 650 664 667 675 695 737 800 807 822 834 841 848 856 858 862 926 935 992 1028 1034 1051 1057 1088 1145 1199 1212 1215 1236 1249 1340 1380 1387 1391 1410 1418 1476 1480 1504 1536 1641 1645 1653 1702 1750 1753 1771 1814 1858 1872 1873 1885 1917 1948 1970 1992 1998 2045 2047,CN1CCCCCN(C(=O)N(CCN(CC1)C)S(=O)(=O)C2=CC=CC=C2OC)C(=O)C3=C4C=CC=CC=CSN4C(=O)N3S(=O)(=O)C5=CC=CC=C5OC
373,CCCN(C)C(=O)NC(CO)C(=O)N1N=NC(O)C1C(=O)O,1 21 25 73 80 108 117 118 124 151 193 222 266 294 320 329 330 334 378 389 409 435 482 569 598 620 650 705 721 736 762 763 776 794 807 822 839 881 927 935 1019 1033 1037 1057 1130 1136 1152 1163 1237 1257 1371 1408 1419 1431 1445 1479 1485 1575 1609 1640 1653 1687 1692 1761 1826 1839 1913 1917 1951 2005,CCCN(C)C(=O)NC(CO)C(=O)N1C(C(N=N1)O)C(=O)N2C(C(N=N2)O)C(=O)O
374,COc1c(Cl)cccc1-c1ccccc1C,143 175 202 333 344 352 366 409 525 542 561 711 730 841 962 974 984 1039 1057 1084 1088 1110 1199 1233 1289 1327 1380 1391 1413 1478 1530 1536 1599 1683 1722 1728 1737 1750 1793 1873 1901 1917 1999 2007,CC1=CC=CC=C1C2=C(C(=CC=C2)C3=C(C(=CC=C3)Cl)OC)[Si]C4=C(C(=C(C(=C4OC)OC)OC)OC)OC
375,CC(C)(C)OC(=O)c1ccc(-c2nn3c(=O)n2CC3)s1,62 114 115 130 145 162 165 231 283 314 378 392 419 467 469 508 581 623 628 650 675 695 725 771 777 804 807 833 926 935 956 990 1057 1074 1091 1171 1184 1196 1206 1315 1380 1435 1480 1496 1497 1560 1574 1617 1722 1723 1750 1779 1859 1873 1917 1931 1952 1956 1994,CC(C)(C)OC(=O)C1=CC=C(S1)C2=NN3CCN4C(=NN(C4=O)C3=N2)/N=C/C(C)(C)N
376,Cn1c(=O)c(SCCO)ccc(-c2ccc3ccccc3c2)c1=O,34 80 116 194 203 204 222 314 322 341 352 360 466 469 473 475 493 504 564 598 633 650 680 803 807 875 896 935 1025 1033 1043 1057 1087 1088 1145 1160 1182 1199 1239 1347 1380 1384 1397 1415 1417 1487 1622 1644 1645 1750 1855 1873 1900 2010 2029,CN1C(=C(C=C(C1=O)C2=CC3=CC=CC=C3C=C2)C4=CC5=CC=CC=C5C=C4)C(=C6C=CC7=CC=CC=C7C6=O)SCCO
377,COc1ccc(S(=O)(=O)N2CCCCCCc3cc(cc(=O)n(C(=O)N4CCCC4)c3=O)C2=O)cc1,2 8 118 139 245 310 314 319 322 350 369 374 469 504 519 556 614 650 695 715 718 781 800 807 817 823 831 841 875 879 899 926 935 952 1028 1031 1051 1057 1111 1141 1160 1170 1181 1236 1251 1278 1282 1373 1380 1407 1425 1444 1476 1479 1480 1536 1570 1651 1738 1750 1769 1794 1873 1917 1940 1998 2001 2038,COC1=CC=C(C=C1)S(=O)(=O)N2CCCCCC3=C2N(C(=O)C(=C3)C4=CC(=O)N(C(=C4)OC)C(=O)N5CCCCC5)C(=O)N6CCCCC6
378,CCN(CC1CCCN1C(=O)c1ccccc1)c1nc2sccc2s1,14 43 44 70 80 107 119 162 172 180 192 193 242 294 313 345 378 389 446 488 511 554 650 675 738 767 807 834 881 885 914 926 932 935 964 974 1018 1019 1028 1057 1088 1158 1172 1199 1212 1274 1325 1353 1367 1380 1385 1434 1456 1480 1504 1511 1521 1552 1567 1678 1687 1750 1855 1873 1908 1917 1985 2014 2046,CCN(CC1CCCN1C(=O)C2=CC=CC=C2)C3=NC4=C(S3)C=C(S4)C5CCCN5C(=O)C6=CC=CC=C6
379,CC1(C)CCC2CCCCC2N1S(=O)(=O)C1=CC(F)=C1,81 84 106 129 199 233 276 350 361 585 587 650 654 699 790 800 812 882 890 926 935 1019 1028 1043 1057 1060 1064 1083 1084 1124 1139 1162 1239 1271 1274 1278 1325 1344 1380 1443 1465 1476 1496 1625 1636 1646 1650 1653 1689 1819 1840 1873 1928,CC1(CCC2CCCCC2N1S(=O)(=O)C3=CC4=C(C=C(C4C=C3)F)F)C
380,O=C1C2CCN1CCCCCN2C(=O)c1ccc(Cl)cc1-c1ccccn1,2 5 67 150 165 193 213 216 242 314 335 343 352 378 407 423 448 453 462 561 621 647 650 680 717 807 816 833 843 860 875 926 935 964 973 980 993 1001 1010 1019 1028 1088 1099 1155 1166 1199 1229 1236 1312 1325 1347 1358 1373 1380 1452 1480 1496 1504 1536 1572 1655 1668 1683 1708 1750 1753 1851 1866 1873 1917 1948 1985 1991 1998 2041,C1CCN(CC1)C2=NC(=CN2C3CCN(C3=O)C(=O)C4=C(C=C(C=C4)Cl)C5=CC=CC=N5)C(=O)N6CCC7C(=C6)C=CN=C7
381,CC1(C)CCCN2CC(CN(c3ccccc3)C2=O)N(S(=O)(=O)c2ccc(Cl)o2)CC1,17 92 104 133 201 252 301 314 350 354 389 407 423 448 464 482 532 561 650 656 659 680 712 739 800 802 861 887 924 925 926 935 1019 1024 1028 1049 1057 1060 1088 1162 1199 1238 1274 1305 1380 1395 1457 1476 1480 1487 1501 1573 1579 1603 1604 1660 1683 1705 1744 1747 1750 1768 1811 1825 1845 1873 1910 1959 2002,CC1(CCCN(C1)C2=CN(C(=O)N2C3CN(C3)C4=CC=CC=C4)S(=O)(=O)C5=CC=C(O5)Cl)C
382,O=C(OCCCc1ccn2c(N3CCCC3c3ccccc3)nnc2n1)c1ccc(F)cc1,13 36 80 90 133 145 147 231 234 258 296 360 367 378 384 389 446 488 490 579 606 633 634 650 684 695 699 724 776 807 833 912 926 935 946 955 1017 1019 1026 1028 1088 1101 1102 1116 1123 1133 1153 1164 1199 1223 1243 1279 1312 1325 1338 1357 1365 1377 1380 1385 1393 1410 1460 1480 1522 1592 1663 1670 1697 1734 1750 1828 1855 1873 1884 1910 1911 1917 1928 1969 2012,[B](C)C(=O)C1=C(N=C2N1C=CC=C2)C(=O)OCCCC3=NN=C(N=C3)N4CCCC4C5=CC=CC=C5
383,CN1CCCN(C2=NC(=O)N(C)C(=O)C2=CC=C2N=C3C=C2c2ccccc2N3)C(=O)C1,51 81 84 95 142 203 207 215 242 244 251 276 314 352 378 425 477 563 640 650 694 707 737 754 776 792 798 822 834 879 890 891 909 926 927 935 964 984 987 1027 1028 1057 1060 1083 1088 1105 1114 1120 1143 1145 1167 1194 1199 1210 1217 1218 1224 1272 1336 1380 1412 1457 1470 1480 1481 1511 1543 1627 1670 1750 1789 1856 1869 1873 1946 1982 2025,CN1CCCN(C(=O)C1)N2C=NC(=C/C=C/3\C4=CC=CC=C4NC3=O)C=C2/C=C/5\C(=O)N(C(=N5)N6CC(=O)N(C7=NC(=O)C=C76)C)C
384,CC1NC(=O)C(Nc2nc(C(N)=O)ncc2Cl)C2OP(C)(=O)OC12,53 132 140 163 217 221 233 301 309 314 315 366 378 456 505 521 561 636 644 650 656 662 666 708 721 754 772 792 797 807 810 960 1008 1019 1034 1036 1057 1099 1114 1152 1163 1171 1309 1356 1375 1380 1404 1438 1452 1520 1535 1589 1603 1624 1683 1709 1748 1750 1758 1834 1835 1855 1873 1877 1896 1897 1904 1917 1919 1940,C[C@@H]1[C@@H]2[C@@H](C(=O)N1)NC(=O)[C@@H](NC(=O)[C@@H](NC(=O)[C@@H]3[C@H]([C@H](P(=O)(O2)C)C(=O)N)OP(=O)(O3)C)C)NC4=CN=C(C=N4)Cl
385,N#Cc1nccc(NC(=O)C(CCC(=O)O)CCC(=O)NC2=NN=N2)n1,1 41 80 84 100 167 189 212 270 378 389 470 506 573 597 617 650 674 739 775 780 787 790 807 814 823 829 910 936 938 942 955 1010 1099 1136 1144 1152 1176 1191 1201 1224 1263 1270 1287 1300 1306 1307 1339 1380 1382 1384 1404 1406 1452 1479 1552 1564 1575 1669 1721 1737 1750 1776 1816 1834 1839 1855 1866 1873 1877 1917 1921 1929 1946 1961 1962,C1=CN=C(N=C1NC(=O)CCC(CCC(=O)NC2=NC(=NC=C2)C#N)C(=O)NC3=CC(=NC=C3)NC(=O)C4=NN=NN4)C#N
386,CC(C)(C)N(c1ccccc1)S(=O)(=O)c1ccc(NC(=O)c2ccc(F)cc2)cc1,15 60 83 85 90 114 191 199 243 288 319 350 389 392 426 461 486 521 563 615 650 686 699 715 782 807 815 843 881 924 1041 1057 1077 1088 1090 1096 1126 1152 1199 1240 1309 1380 1385 1410 1470 1476 1665 1670 1697 1750 1781 1795 1816 1869 1873 1875 1917 1928 1946 1974 1978,CC(C)(C)N(C1=CC=CC=C1)S(=O)(=O)C2=CC=C(C=C2)NC(=O)C3=CC=C(C=C3)/C(=C\4/C=CC(=CN4C5=CC=CC=C5)F)/NC6=CC=C(C=C6)F
387,Cc1ncc(-c2ccccc2OCc2ccccc2)cn1,30 80 107 126 215 269 352 378 380 389 403 654 667 674 695 726 745 762 795 937 977 984 1019 1057 1066 1088 1126 1160 1199 1209 1226 1243 1261 1370 1380 1410 1452 1487 1506 1535 1574 1722 1750 1754 1767 1873 1970 1984 2022 2042,CC1=NC=C(C=N1)C2=CN=C(N=C2)CCC3=C=C[Si]3(OCC4=CC=CC=C4)OC5=CC=CC=C5C6=CC=CC=C6OCC7=CC=CC=C7
388,O=C(Nc1ccccc1)N1CC(N2CCCc3ccc(Cl)c(c3)C2=O)C(N2CCCC2=O)C1=O,5 87 122 163 191 200 218 231 282 314 322 330 340 352 366 389 561 586 628 634 641 650 666 684 689 703 739 747 768 791 798 807 875 879 926 935 1019 1028 1077 1088 1098 1129 1138 1140 1152 1182 1199 1206 1236 1356 1380 1387 1399 1466 1480 1506 1620 1683 1689 1750 1776 1816 1833 1873 1905 1917 1924 1965 1979 1980 2006,[B](C(=O)NC1=CC=CC=C1)NC(=O)[C@@H]2C3=CC4=C(C[C@H]5[C@H]6CN(C(=O)C(=O)N6CCCN5C4=O)C(=O)NC7=CC=CC=C7)C=C3
389,CCN(CCOc1cnc2n3cnn2c3ccc1OC)c1ccccc1,4 13 43 48 80 94 105 108 126 140 173 180 249 270 288 294 361 378 389 409 412 455 568 662 695 723 813 841 851 867 881 884 932 935 966 975 985 1031 1057 1077 1088 1096 1102 1199 1246 1380 1394 1452 1476 1518 1524 1534 1535 1536 1581 1605 1687 1721 1750 1839 1873 1939 1951 1969 1970,CCN(CCOC1=C2N=CN3C(=CN=C3N2N=C1)N(C4=CC=CC=C4)N(C5=CC=CC=C5)C6=CC=CC=C6)C7=NN=CN7OC
390,CNc1nc(-c2ccc(OC)cc2)c2ccccc2n1,40 209 289 322 323 342 378 389 471 491 591 634 695 718 754 781 828 831 841 896 964 1057 1079 1088 1097 1152 1160 1181 1197 1199 1310 1357 1380 1417 1422 1429 1430 1453 1468 1498 1500 1539 1573 1582 1594 1597 1604 1739 1750 1755 1855 1873,[B](C1=CC=C(C=C1)C2=NC(=NC3=CC=CC=C32)NC4=NC5=CC=CC=C5C(=N4)C6=CC=C(C=C6)OC)C7=NC8=CC=CC=C8C(=N7)C9=CC=C(C=C9)OC
391,COc1cccc(NC(=O)c2ccnc(N3C(=O)N(C(C)=O)CCC3C(=O)NC3CCCCC3)c2)c1F,2 57 92 106 194 223 249 314 335 368 378 387 428 486 497 526 527 530 531 541 558 574 582 650 656 689 695 699 717 728 748 750 772 783 787 788 794 807 820 841 875 890 926 935 947 1003 1017 1019 1025 1028 1039 1057 1076 1088 1152 1182 1219 1224 1300 1302 1325 1370 1380 1385 1387 1410 1445 1452 1480 1536 1634 1655 1693 1696 1724 1750 1816 1847 1850 1866 1873 1917 1922 1928 1968 1970 1986 2027,CC(=O)N1CCC(N(C1=O)C2=NC=CC(=C2)C(=O)NC3CCCCC3)C(=O)NC4=C(C(=CC=C4)OC)F
392,COc1ccc(CNC(=O)C(C)NC(=O)N2CCCCC2)cc1,1 2 41 64 80 92 107 117 132 140 197 198 218 223 239 255 283 302 310 322 369 567 573 638 643 650 684 695 718 781 807 810 831 841 906 926 935 989 1028 1057 1127 1152 1219 1283 1343 1380 1468 1480 1500 1518 1536 1573 1646 1715 1750 1754 1829 1873 1917 1998 2001 2009 2033,C[C@@H](C(=O)NCC1=CC=C(C=C1)OC)NC(=O)CNP2(=NP(=NP(=N2)(NC(=O)N3CCCCC3)N4CCCCC4)(NC(C)C)N5CCCCC5)N6CCCCC6
393,Cc1cn(CCCC(=O)c2ccc(C(F)(F)F)cc2)nn1,60 80 114 174 182 184 205 343 352 378 383 464 522 650 781 807 809 935 971 1022 1050 1057 1058 1141 1145 1164 1260 1285 1380 1385 1417 1451 1453 1533 1564 1618 1665 1689 1693 1697 1722 1731 1750 1783 1793 1873 1908 1911 1917 1928 1947 1951 2045,CC1=CN(N=N1)C(C2=CC=C(C=C2)C(F)(F)F)(N3C=C(N=N3)C)N4C=C(N=N4)C(=O)CCCN5C=C(N=N5)C
394,CCN(CCN(C)C(=O)c1ccc(C)cc1)C(C)=O,21 80 169 235 253 294 334 380 555 587 618 650 807 881 900 932 978 1008 1017 1019 1057 1092 1162 1163 1198 1210 1212 1221 1231 1380 1385 1518 1588 1594 1687 1688 1697 1722 1750 1823 1873 1917 1920 1945 1951 2021,CCN(CCN(C)C(=O)C1=CC=C(C=C1)C)C(=C2[CH][C]([CH][C]2C)C)N(CC)CCN(CC)C(=O)C3=CC=C(C=C3)C
395,Nc1nc2ccc(N3CCN4CCCC3C4)nc2n1-c1ccccc1,58 90 92 133 324 343 378 381 389 395 446 482 506 522 527 559 635 654 684 729 739 743 752 888 926 935 961 964 1019 1028 1049 1088 1097 1171 1199 1258 1290 1310 1318 1325 1333 1380 1457 1480 1500 1506 1573 1696 1720 1731 1750 1788 1825 1840 1851 1855 1873 1910 1950 1993 2042,C1CC2CN(C1)CCN2C3=NC4=C(C=C3)N=C(N4C5=CC=CC=C5)N6CCN7CCCC6C7
396,O=C(COc1ccc(C(F)(F)F)cc1)N1CC(=O)N1C(=O)c1ccccc1,2 60 80 102 114 171 206 309 314 322 346 353 383 389 446 483 592 647 650 695 703 718 798 807 809 819 926 935 956 974 1009 1088 1094 1122 1197 1199 1260 1296 1298 1380 1385 1417 1452 1453 1479 1497 1504 1511 1566 1601 1659 1661 1665 1750 1754 1800 1873 1887 1917 1928 1946 1982 1985 2004 2009,C1C(=O)N(N(CN1C(=O)COC2=CC=C(C=C2)C(F)(F)F)C(=O)C(=O)O)C(=O)CN3CN(CC(=O)N3C(=O)C4=CC=CC=C4)C(=O)C5=CC=CC=C5
397,COc1ccc(C(=O)OCCC2CCc3ccccc3C2)cc1,13 29 80 145 147 150 231 242 322 423 567 606 611 628 650 683 689 695 713 718 781 807 831 832 841 878 926 953 1019 1053 1057 1078 1088 1091 1117 1227 1236 1325 1380 1385 1400 1514 1522 1536 1545 1592 1601 1661 1697 1708 1738 1750 1803 1873 1917 1967 2009,COC1=CC=C(C=C1)C(=O)OCCC2CCC3=C(C2)CC(CC3)CCOC(=O)C4=CC=C(C=C4)OOC
398,CC(C)(C)C(=O)N1CCN(CCOc2ccc(-c3ccccc3C#N)cc2)C1=O,13 80 92 102 104 113 114 145 163 222 233 270 295 314 320 322 334 352 358 361 371 392 419 452 650 664 674 695 718 790 807 896 926 935 984 1034 1035 1057 1062 1088 1089 1111 1134 1136 1145 1160 1179 1199 1286 1314 1380 1384 1387 1452 1480 1485 1603 1635 1658 1745 1750 1832 1862 1873 1876 1917 1937 1938 2044,CC(C)(C)C(=O)N1CCN(C1=O)C(C)(C2=CC=CC=C2C#N)N3CCN(C3=O)CCOC4=CC=C(C=C4)C5=CC=CC=C5C#N
399,COC1=CC=C1NC(=O)Cn1c(-c2nc(C)c(C)s2)ccc1-n1c(C)cnc1C,39 41 80 92 162 168 175 182 215 236 267 313 372 378 618 650 675 695 725 802 807 841 883 891 917 935 974 994 996 1057 1078 1093 1140 1152 1175 1200 1206 1249 1250 1262 1263 1284 1312 1380 1430 1452 1492 1535 1536 1614 1692 1697 1703 1721 1722 1733 1750 1762 1813 1816 1817 1833 1855 1873 1888 1917 1921 1934 1940 1990 1993 2026,CC1=CC=C(N1CC(=O)NC2=CC=C(N2/N=N/NC)CC3=CN=C(N3C4=CN=C(N4C5=CC=C(N=C5C)OC)C)C)C6=NC(=C(S6)C)C
400,O=C1OCC(O)C(O)C(O)CO1,164 200 201 217 237 314 404 413 437 441 452 469 650 656 739 743 807 833 849 899 926 1019 1064 1130 1166 1257 1283 1380 1392 1487 1508 1566 1587 1777 1839 1884 1888 1896 1921 1923 1957 2012 2026 2043,C1C(C(C(C(O1)C2=C3C(C(C(O2)COC(=O)OCC(C(C(C(C(C(C(C4=C5C(C(CO5)O)O)O)O)O)O)O)O)O)O)O)O)O)O
401,NC(=NC=C(O)C=Cc1ccccc1)N=C(c1ccccc1)c1ccc(S(N)(=O)=O)c(Cl)c1,31 140 145 202 252 291 347 350 366 389 392 440 561 608 640 649 650 674 691 692 694 725 807 833 835 846 875 878 895 933 1052 1054 1088 1105 1171 1199 1308 1353 1357 1380 1385 1423 1476 1585 1592 1599 1607 1627 1636 1681 1683 1697 1699 1750 1873 1878 1975 1985 2004 2028 2033,C1=CC=C(C=C1)/C=C/C(=N/C(=C(/C2=CC(=C(C=C2)S(=O)(=O)N)Cl)\N=C(C3=CC=CC=C3)C4=CC(=C(C=C4)S(=O)(=O)N)Cl)/N)/N
402,CCC(=O)Nc1nnc(SC(=S)Nc2ccccc2)s1,41 80 97 110 116 140 141 151 162 163 191 278 284 369 378 385 389 458 573 584 623 650 651 666 675 703 807 898 999 1028 1056 1057 1077 1088 1111 1141 1152 1164 1198 1199 1380 1414 1433 1481 1500 1544 1707 1750 1759 1796 1816 1873 1891 1897 1917 1980 1993,CC(=O)NC1=NN=C(S1)SC(=S)NNC(=O)C(C2=NN=C(S2)NC(=O)SC3=NN=C(S3)NC(=O)CC(=O)NN=N)NC4=CC=CC=C4
403,CCN(C(C)=O)C(=O)NS(=O)(=O)c1ccc(Cl)cccnc2ccccc[nH]c(C)c12,29 80 144 150 193 216 289 294 307 350 365 378 389 392 448 502 561 587 592 640 650 692 705 750 806 807 816 846 877 881 909 917 930 932 939 1017 1043 1057 1070 1088 1097 1114 1138 1152 1199 1241 1242 1331 1380 1388 1430 1452 1472 1476 1506 1526 1563 1588 1637 1648 1683 1692 1701 1707 1722 1815 1866 1873 1879 1917 1978 1984,CCN(C(=O)C)NC(=O)N(C(=O)C)NS(=O)(=O)C1=C2C(=CNC2=C(C=C1)S(=O)(=O)NC(=O)N(C(=O)C)NC3=CC=C(C=C3)Cl)S(=O)(=O)C
404,CCCCCCCCc1ccc(OC)c(C=C(C)C(=O)OC)c1,5 80 94 104 135 249 294 310 354 437 502 589 591 650 687 694 695 728 737 746 769 794 807 841 855 875 961 978 1017 1057 1070 1118 1143 1152 1184 1227 1243 1249 1380 1430 1444 1480 1508 1521 1536 1605 1609 1746 1750 1754 1824 1830 1873 1911 1917 1970 1973 1974 2017,CCCCCCCCC1=CC(=C(C=C1)OC)/C=C(\C(=C/C2=CC=C(C=C2OC)CCCCCCCC)\C)/N/C=C(\C)/C(=O)OC
405,O=C1C(=O)N2c3ccc(cc31)OCCC1CCC2N1S(=O)(=O)c1ccccc1,19 24 64 85 198 203 237 314 319 326 338 350 352 374 389 406 434 441 466 575 600 650 656 700 706 800 861 875 879 926 935 938 950 997 1019 1040 1059 1088 1092 1149 1199 1202 1247 1295 1297 1315 1325 1327 1380 1430 1438 1466 1473 1476 1523 1529 1561 1618 1644 1658 1750 1775 1873 1910 1915 1922,C1CC1N2C3=C(C=C(C=C3)OCCC4N(C5=C(N4S(=O)(=O)C6=CC=CC=C6)C=C7C(=C5)C(=O)N(C8N7C9=CC=CC=C9)S(=O)(=O)C1=CC=CC=C1)S(=O)(=O)C2=C1)C=C=
406,CN1C(=O)C(=C2C=C2)N(C)C1=O,92 129 314 393 436 547 567 650 711 721 768 770 879 889 897 915 925 935 939 987 1057 1093 1142 1145 1178 1307 1380 1448 1491 1609 1671 1693 1786 1873 1908 1929 1987,CN\1C=C/C(=C/2\C(=O)N(C(=O)N2C)C)/C=C/C1=C\3/C(=O)N(C(=O)N3C)C
407,FC(F)(F)c1ccnc(OCCCc2c3n4c5nnc4n2C5CC3)c1,13 49 70 77 80 85 105 114 158 215 265 323 354 371 378 383 548 615 626 695 749 787 809 818 843 875 926 927 935 982 1019 1083 1086 1164 1243 1260 1268 1312 1325 1338 1380 1394 1417 1422 1425 1452 1453 1474 1494 1521 1522 1552 1556 1557 1564 1570 1581 1598 1712 1730 1738 1750 1767 1777 1786 1809 1818 1825 1866 1873 1911 1928 1952 1962 1976 1984 2013 2014,C1CC2=C(N=C3N2C1C4=NN=C(N43)C5C=C5)CCCOC6=NC=CC(=C6)C(F)(F)F
408,C#CN(c1ccc(N2CCCCCC2)cc1C(=O)NC(=O)c1ccc(Cl)c(Cl)c1)C1CC2CCCN2C1,2 46 133 160 185 233 328 347 366 407 446 486 496 526 561 650 651 659 666 674 680 687 739 742 772 807 809 820 824 870 875 876 881 901 915 919 926 930 935 974 1008 1019 1028 1119 1125 1152 1165 1214 1267 1282 1292 1325 1380 1385 1402 1442 1456 1480 1524 1554 1620 1666 1683 1697 1750 1822 1825 1854 1872 1873 1907 1910 1917 1991 1993 1998 2018 2030,C#CN(C1CCCN(C1)C2CCCN(C2)C3CCC3)C4=C(C=C(C=C4)N5CCCCC5)C(=O)NC(=O)C6=CC(=C(C=C6)Cl)Cl
409,Cc1ccccc1-c1cc(NS(=O)(=O)c2ccccc2S(=O)(=O)N2CCCC2)cs1,62 149 157 167 191 209 225 314 350 352 366 392 449 502 539 552 555 561 585 650 675 685 743 753 780 800 875 926 935 984 992 1009 1014 1028 1046 1057 1088 1152 1199 1227 1270 1277 1334 1361 1380 1391 1422 1476 1480 1527 1528 1530 1567 1606 1647 1690 1722 1750 1873 1910 1946 1998 1999,CC1=CC=CC=C1C2=CC(=CS2)NS(=O)(=O)C3=CC=CC=C3S(=O)(=O)N4CC5=C(C4)SC(=O)N5S(=O)(=O)N6CCCC6
410,CC1=CC=c2c1cccc2=CC=CN=c1n2nc3n1C1CN(CCN4CCC(CC4)CC1N3)CC2,4 71 90 106 165 175 212 229 239 300 301 347 352 353 360 369 378 382 401 431 432 454 554 602 694 725 729 739 812 890 899 926 928 935 951 954 984 1010 1019 1039 1057 1088 1091 1093 1097 1114 1125 1167 1189 1202 1249 1268 1292 1318 1325 1380 1413 1446 1473 1480 1487 1501 1572 1573 1574 1689 1722 1750 1765 1768 1773 1818 1872 1873 1893 1956 2009 2027,CC\1=CC=C2/C1=C/C=C\3/C(=C(C(N3)C4CN5CCC(C5)CCN6CCC4N=C6N/C(=C/C=C/S)/C7=CC=CC2=N7)C)C
411,CCN(C)C(=O)c1cn2c(=O)n1CC2,10 43 53 80 83 111 122 294 314 334 413 450 464 466 476 488 650 760 771 782 798 807 857 875 881 926 932 935 1044 1055 1057 1145 1163 1194 1218 1221 1297 1300 1399 1405 1472 1480 1496 1554 1621 1687 1712 1722 1737 1752 1763 1764 1806 1866 1873 1917 1939,CCN(C)C(=O)C1=CN(C(=O)N1[N-]N2C(=C(N(C2=O)N(C)C(=O)C3=CC(=CN3C)[N-]N4C(=O)CCN5C4=O)C)C)C
412,COc1csc(Sc2nnc(C(=O)N3CCC4CCCCC4C3)s2)c1,0 29 97 116 162 191 276 322 343 378 402 408 451 552 585 597 633 639 650 652 675 695 728 739 759 760 781 807 841 875 890 926 928 935 939 980 983 998 999 1019 1028 1057 1164 1265 1298 1321 1325 1336 1380 1414 1464 1480 1504 1536 1567 1600 1607 1633 1671 1705 1715 1767 1821 1823 1844 1873 1881 1889 1917 1943 1987 2009 2041,COC1=CSC(=C1)SC2=NN=C(S2)C(=O)N3CCC(C3)C4CCN(CC4)C(=O)C5=NC(=CS5)C6N=CC=N6
413,FC(F)(F)c1cc(Br)c(C(F)(F)F)c(CCC(F)(F)C(F)(F)C(F)(F)F)c1,59 80 85 88 110 114 122 184 215 280 335 505 621 624 652 696 728 790 809 833 872 875 883 886 945 1052 1085 1091 1101 1110 1117 1158 1168 1174 1243 1260 1308 1349 1380 1398 1417 1441 1453 1489 1510 1631 1676 1727 1873 1878 1911 1928,C1=C(C=C(C(=C1CC[Ge](CCCC(C(C(F)(F)F)(F)F)(F)F)(C2=C(C=C(C=C2Br)C(F)(F)F)Br)[Ge](C)(C)C)C(F)(F)F)Br)C(F)(F)F
414,O=C(Nc1ccccc1)c1c(F)n(CCC2OC(OP(=O)(O)O)C(O)C2O)c(=O)[nH]c1=O,30 69 80 82 139 148 152 191 192 215 250 310 378 389 486 489 547 586 610 643 650 656 692 695 699 703 747 750 758 787 802 807 832 845 921 926 935 1019 1066 1075 1077 1088 1100 1114 1133 1145 1152 1199 1257 1323 1328 1380 1393 1414 1469 1487 1745 1750 1816 1819 1838 1844 1873 1891 1917 1921 1928 1977 1978 2029 2044,C1O[C@@H]([C@H]([C@@H](O1)OP(=O)(O)O)O)CCN2C(=C(C(=O)NC2=O)C(=O)NC3=CC=CC=C3)F
415,C=C(C=CNC(=O)c1ccc(Cc2cc(-c3nn(C)nc3-c3cc(OC)ccc3C)ccc2F)cc1)OCC,31 45 71 80 131 147 216 255 294 310 322 323 352 378 486 509 543 596 608 650 682 694 695 699 718 754 762 777 781 784 807 811 841 875 894 896 913 935 944 946 978 989 1022 1034 1039 1056 1057 1063 1068 1075 1145 1152 1160 1185 1192 1223 1238 1304 1324 1349 1353 1366 1380 1385 1391 1430 1437 1462 1501 1508 1530 1536 1544 1596 1665 1691 1697 1722 1750 1754 1768 1799 1808 1840 1873 1917 1928 1956 1972 1983 1999,CCC1=C(C=CC(=C1)C2=NN(N=C2C3=CC(=C(C=C3)F)CC4=CC=C(C=C4)C(=O)N/C=C/C(=C)OCC)C)C
416,CCN=C(SC)SCCN1C(=O)c2ccccc2C1=O,74 80 85 116 179 251 294 314 345 352 394 510 588 608 624 642 650 723 725 730 807 811 878 879 883 935 984 1057 1077 1088 1091 1095 1107 1145 1168 1182 1199 1205 1380 1427 1647 1744 1750 1823 1873 1912 1920 1925 1958 1992,CCN=C(N1C(=O)C2=CC=CC=C2C1=O)S/C(=C\3/N(C4=CC=CC=C4C(=O)N3CCSC(=NCC)SC)C)/SC
417,CCOC(=O)C1(CCCC(=O)OC(C)(C)C)c2ccccc2OC(=O)C1(C)C,47 80 114 147 169 189 231 259 285 294 314 360 378 388 392 507 577 650 656 679 688 695 700 745 795 807 833 899 916 1005 1021 1057 1060 1088 1135 1137 1160 1171 1199 1238 1274 1313 1355 1386 1398 1399 1409 1460 1463 1481 1510 1525 1552 1564 1567 1574 1600 1608 1722 1750 1810 1859 1873 1888 1905 1911 1917 1978 1980 2023,CCOC(=O)C1(C2=CC=CC=C2OC(=O)C1(C)CCCC(=O)OC(C)(C)C)C(=O)N3C(=O)C45C3(C6=CC=CC=C6OC4=O)N=N5
418,CCCCN1Cc2ccccc2N=C1NC(=O)N1CCCCC1,2 80 215 218 227 294 313 370 374 378 431 440 583 591 631 650 675 709 765 788 794 807 808 843 926 927 935 944 951 966 991 1028 1057 1088 1089 1145 1152 1179 1199 1207 1236 1275 1280 1301 1380 1381 1468 1480 1494 1600 1697 1708 1749 1750 1816 1873 1882 1911 1917 1946 1998 2009,CCCCN1CC2=CC=CC=C2N=C1NC(=O)N3CCN(SC(=NC4=CC=CC=C4C3)NC(=O)N5CCCCC5)CCCC
419,COC=CC=C1c2ccc(c(=O)n2C(N)=O)N2N=C(Sc3ccccc32)N1C,45 106 140 146 147 152 157 205 237 286 314 372 378 397 435 482 504 515 627 629 640 650 659 675 694 695 698 764 807 841 851 865 890 917 935 949 966 974 987 1055 1057 1072 1088 1097 1145 1152 1171 1182 1195 1199 1210 1226 1282 1295 1380 1402 1419 1449 1494 1647 1657 1692 1731 1747 1750 1785 1797 1847 1865 1873 1874 1915 1917 1922 1953 1962 2025 2044,CN\1C2=CC=CC=C2S/C1=C\C=C\3/C4=C(C(=O)N3C(=O)N)N(C5=CC=C(N5C(=O)N)C6=CC=C(N6C(=O)N)/C=C/OC)C(=O)OC
420,COC(=O)CN(c1nc2ccc(OC)cc2s1)C1CCCN(C(C)=O)C1,4 57 80 119 162 195 227 292 322 343 369 378 446 488 493 506 557 573 589 650 675 695 718 739 746 781 807 809 841 875 881 885 926 935 961 964 965 1017 1019 1028 1057 1063 1073 1097 1152 1190 1278 1300 1325 1380 1386 1428 1460 1480 1491 1511 1516 1528 1536 1618 1649 1669 1750 1765 1794 1873 1907 1917 1972 2009 2023,CC(=O)N1CCCC(C1)N(C2=NC3=C(S2)C=C(C=C3)OC)C4=NC5=C([Se]4)C=C(C=C5)[Se]CC(=O)OC
421,COc1ccc(CCCn2c3ccc(C)cccn4c(nnc24)n3)cc1,80 165 216 240 306 310 322 338 378 430 543 547 578 586 588 604 615 635 653 685 695 718 781 806 831 841 846 862 876 912 927 935 978 1018 1044 1045 1057 1145 1164 1243 1246 1249 1258 1267 1365 1380 1407 1438 1460 1470 1536 1621 1663 1721 1722 1750 1754 1840 1873 1911 1935 2029 2031,CC1=NC2=CC=CN(C2=NC(=C(N=C3C=CC(=CC=C3)OC)C)C=C1)CCCC4=CC=C(C=C4)OC
422,CC(C)CC(Cl)Cl,1 38 80 102 188 221 232 235 283 536 680 718 759 773 814 816 831 914 918 971 1057 1081 1155 1166 1192 1208 1338 1391 1403 1544 1546 1552 1560 1561 1628 1675 1683 1749 1847 1900 1956 2042,CC(C)CC(C(CC(C)C)PC1=CC(C(C(C(C)Cl)Cl)PC(C)Cl)PC(CC(C)C)Cl)Cl
423,COc1ccc(C(=O)c2ccc(C(=O)O)cc2)cc1C(=O)OCCCCCCC(=O)OC(C)(C)C,9 13 25 80 94 105 106 113 114 145 147 231 235 249 388 389 392 403 450 456 594 650 695 700 780 807 841 861 875 889 909 979 1007 1057 1134 1138 1143 1249 1267 1332 1380 1385 1386 1399 1501 1536 1564 1574 1592 1673 1692 1697 1734 1750 1775 1859 1873 1911 1917 1970 1975 1991 2012 2035,CC(C)(C)OC(=O)CCCCCCOC(=O)C1=C(C=CC(=C1)C(=O)C2=C(C=C(C(=C2)C(=O)OC(C)(C)C)C(=O)O)C(=O)O)OC(C)(C)C
424,COC(=O)CCCCCCCCOC(=O)c1ccc(C(=O)OC2C3OC(C(=O)OCC(=O)O)C(O3)C2O)c(C(=O)O)c1,12 13 14 67 80 145 147 194 195 221 379 386 389 456 469 534 650 656 684 695 701 726 778 800 807 810 823 841 875 922 924 938 939 942 960 1019 1047 1057 1125 1126 1143 1152 1239 1249 1257 1267 1295 1332 1342 1375 1380 1385 1386 1399 1464 1487 1522 1564 1592 1678 1697 1699 1734 1737 1750 1813 1873 1911 1915 1917 1921 1950 1963 1991 2004 2039,COC(=O)CCCCCCCCCCOC(=O)C1C2C(C(C(O1)O2)CP3(=O)OC4C(C(C(O3)OC4C(=O)OCC(=O)O)O)O)OCC(=O)O
425,CSc1nc(CCCN2CCN(Cc3ccccc3)CC2)c[nH]1,74 80 116 118 195 221 278 298 309 378 389 394 408 430 562 568 612 639 653 678 724 784 806 860 866 874 926 934 935 1057 1066 1074 1088 1114 1145 1153 1189 1199 1243 1281 1288 1310 1330 1353 1380 1480 1482 1683 1723 1751 1754 1765 1771 1791 1855 1873 1879 1884 1911 1917 1945,CSc1nc(CCCN2CCN(Cc3ccccc3)CC2)c[nH]1
426,Cc1cccc(CCCN2CCCC2)cc2c(cc1)c1ccc2c2nccn12,33 45 80 221 235 293 306 345 378 387 405 430 486 609 614 653 676 793 833 834 875 902 926 935 978 979 1028 1039 1044 1055 1057 1066 1081 1088 1101 1121 1145 1243 1341 1357 1380 1422 1452 1471 1477 1480 1482 1539 1546 1643 1696 1722 1729 1733 1750 1754 1786 1791 1823 1866 1873 1911 1920 1932 1969 2021,CC1=CC=C(C=C1)N2C3=C(C=C(C=C3)C)C4=C2C=C5C(=C4)C6=NC=CN6C7=NC=CN57
427,CCCCCCCN(CC)CC(=O)Nc1ccc(C(C)=Nc2nc3ccccc3s2)cc1,2 19 41 80 102 105 162 191 251 268 275 289 294 369 378 395 461 557 591 596 629 650 675 684 725 794 807 843 857 881 885 901 932 953 980 1016 1017 1057 1071 1077 1088 1097 1114 1143 1152 1190 1199 1222 1240 1248 1253 1268 1276 1380 1385 1413 1423 1431 1444 1498 1533 1581 1613 1639 1663 1669 1697 1750 1755 1784 1793 1845 1853 1855 1873 1911 1917 1940 1951 1965 1981 1984,CCCCCCCCN(CC)CC(=O)NC1=CC=C(C=C1)/C(=N/C2=NC3=CC=CC=C3S2)/C4=N/C(=N/NNC5=NC6=CC=CC=C6S5)/C=CN4
428,Cc1nc2ccccc2n1C1C(=O)OC(C)C1CN1CCCCC1,2 45 80 82 139 183 257 270 289 313 314 330 336 357 378 433 485 598 628 650 656 722 750 751 816 908 917 926 935 941 1019 1028 1048 1057 1088 1097 1157 1199 1268 1284 1285 1309 1310 1318 1380 1391 1422 1480 1537 1550 1586 1722 1742 1750 1788 1791 1855 1873 1907 1930 1954 1980 1998 2039 2040,CC1C(C2C(=O)OC(C(C(C(=O)O1)N3C(=NC4=CC=CC=C43)C)CN5CCCCC5)N6C(=NC7=CC=CC=C76)C)CN8CCCCC8
429,N#Cc1nc(SCC(=O)CCc2cccc3c2=CC=3)c(-c2ccccn2)cc1S(=O)(=O)O,32 80 116 124 148 150 156 159 341 350 352 378 392 448 461 475 509 555 569 592 610 626 650 674 751 759 790 807 836 851 875 888 922 933 965 980 1039 1088 1097 1112 1136 1155 1199 1243 1249 1290 1349 1380 1384 1405 1432 1452 1459 1476 1564 1597 1674 1710 1716 1740 1750 1793 1794 1815 1851 1855 1864 1866 1872 1873 1917 1959 1985 2004 2013,C1=CC=NC(=C1)C2=CC3=NC(=C(C=C3C=C2S(=O)(=O)O)S(=O)(=O)O)SCC(=O)CCC4=CC=CC5=CC=C(C(=NC5=C4)C#N)S(=O)(=O)O
430,CN1c2ccc(cc2F)N=C2N3CCN2C(Oc2ccccc2)C(C3)N(C)S1(=O)=O,24 75 99 164 176 187 205 207 243 268 322 332 378 389 407 469 511 524 562 650 676 683 684 694 695 699 710 731 739 746 875 901 907 926 927 935 994 1019 1042 1057 1145 1196 1199 1281 1283 1295 1311 1380 1472 1480 1508 1512 1538 1599 1609 1620 1622 1643 1689 1723 1750 1753 1771 1796 1825 1840 1873 1874 1915 1928 1949 1978 1988 2034,CN1CCN(S1(=O)=O)C2=CC(=C(C=C2)N3CCN4C(C3)C([N+](C5=NC(=NC4=N5)N6CC6)(C7=CC=CC=C7)C8=CC=CC=C8)OC9=CC=CC=C9)F
431,C#CCCN1CCN(S(=O)(=O)c2ccc(F)cc2Br)C(c2cc(OC)ccc2OCC)C1=O,5 69 80 94 148 154 157 237 292 294 295 314 322 344 350 354 373 376 392 413 425 550 611 640 650 674 676 677 695 699 718 728 740 781 798 800 833 841 869 875 881 915 926 935 957 973 974 1019 1027 1029 1056 1057 1059 1089 1115 1145 1158 1190 1219 1238 1246 1341 1410 1427 1436 1448 1452 1476 1480 1487 1514 1536 1631 1670 1697 1734 1750 1789 1817 1873 1928 1963 1969 1970 1972,CCOC1=C(C=C(C=C1)OC)C2C(=O)C(C(=O)N3N2C(=O)CN(CC3)N(CCC#C)CCC#C)N4C(=O)CCN(C4=O)O
432,N#CN=C1SCCN1c1ccccc1N1C(=O)CCCC1=O,78 157 192 202 314 512 554 650 674 675 725 789 790 798 806 810 853 877 892 926 935 951 963 1013 1028 1088 1176 1182 1199 1204 1244 1253 1293 1295 1380 1384 1390 1457 1480 1498 1518 1527 1636 1647 1664 1669 1682 1686 1720 1732 1738 1746 1750 1766 1779 1829 1864 1873,C1CC(=O)N(C1)P(=NC#N)(N/N=C\2/N(C3=CC=CC=C3N2C4=CC=CC=C4N5CCCSC5=O)C6=CC=CC=C6N7CCCC7=O)N8CCCC8=O
433,COC1=CC=C2Oc3cc1n1c3C3=CC(N)=CC=CC=C3OCCN(CC1)C2=O,11 50 75 84 252 254 260 275 289 314 368 407 441 457 497 557 575 579 596 630 650 653 656 661 665 695 709 725 780 807 815 841 860 862 875 879 926 935 950 1014 1056 1057 1072 1108 1167 1171 1176 1228 1247 1249 1289 1341 1362 1377 1380 1418 1444 1457 1479 1480 1483 1492 1496 1508 1536 1687 1692 1697 1724 1800 1810 1845 1873 1905 1996 2002,COC\1=CC2=C(C=C3C(=O)N4CCN(CN4C(=O)/C3=C\C1=N\I)N5CCN6C(=C(C7=C6C(=O)N(CCO7)OC)N)C5=O)OC(=O)O2
434,CCOc1ccc(CN2c3nc(C)c(s3)-c3ccccc32)cc1,7 69 80 92 102 162 232 237 273 294 310 322 352 378 436 475 533 588 595 675 695 699 718 756 787 796 935 960 984 1057 1085 1088 1128 1199 1238 1255 1295 1326 1380 1401 1452 1544 1601 1630 1647 1677 1683 1722 1750 1754 1760 1765 1819 1823 1855 1873 1908 1960 1967 1976 1979 1991 2004 2029,CCOC1=CC=C(C=C1)CN2C3=CC=CC=C3C4=C(N=C(S4)N5C=CC=N5)N(C6=CC=CC=C6C7=C2N=C(S7)C)CC8=CC=C(C=C8)OCC
435,CN(C(=O)COc1cnc(Cl)cc1Cl)c1n[nH]c2[nH]c3cc([N+](=O)[O-])ccc3c12,29 54 74 80 119 155 173 245 255 259 322 356 366 378 383 405 428 456 532 538 561 563 586 639 650 695 715 753 807 838 875 881 977 986 1057 1110 1114 1163 1169 1187 1188 1195 1238 1274 1292 1327 1355 1357 1380 1452 1465 1535 1539 1596 1649 1658 1683 1714 1733 1745 1750 1758 1765 1809 1814 1873 1917 1940 1963 1967 1970 1982 1984 1986 2004,CN(C)NC(=O)COC1=CN=C(C=C1Cl)N(C)C(=O)C2=C3C=CC4=C5C3=C(C=C2)NN=C5NN=C4N(C)C(=O)COC6=C(C=C(C=C6)[N+](=O)[O-])Cl
436,C1CCN(CCN2CCCCC23CCCC3)C1,80 168 179 328 412 442 481 623 637 650 662 697 800 804 873 894 926 935 1020 1028 1060 1066 1071 1090 1095 1104 1145 1162 1422 1427 1441 1480 1482 1537 1638 1640 1712 1720 1732 1791 1798 1828 1960 1998,C1CCN(C1)CCN2CCCCC23CCN(C34CCN(CC4)CCN5CCCCC56CCN(CC6)C(=N)N7CCCC7)CCN8CCCCC8
437,COc1cc2ccccc2cc1-n1c2ccc1c(NCCN1CCN(C(C)=O)CC1)c2,45 58 74 80 106 139 194 249 313 322 395 479 520 523 573 647 650 657 667 695 704 714 716 774 807 815 821 841 847 875 879 890 896 899 926 935 958 985 1004 1017 1057 1079 1087 1088 1126 1142 1144 1145 1152 1199 1224 1295 1300 1325 1380 1416 1480 1482 1516 1536 1546 1589 1654 1664 1693 1718 1750 1779 1784 1791 1840 1855 1873 1917 1970 1993 2009 2021,CC(=O)N1CCN(CC1)CCNC2=CC3=C(C=C2OC)N(C=C3)C4=C(C=C5C=CC(=PC5=C4)C(=O)CNCCN6CCN(CC6)C(=O)C)OC
438,O=C(CN1CCCC1=O)Nc1ccccc1C1=CO1,19 41 80 191 212 227 236 255 270 314 352 361 368 462 468 650 656 732 796 798 807 910 926 935 966 984 988 1022 1028 1042 1088 1089 1123 1138 1152 1170 1172 1182 1195 1199 1224 1284 1289 1312 1318 1380 1424 1480 1677 1696 1738 1750 1756 1789 1816 1873 1917 1930 1941 1948 2001 2039,C1CC(=O)N(C1)CC(=O)NC2=CC=CC=C2C3=COC4=C([S+]3CC(=O)NC5=CC=CC=C5C6=COC(=O)O6)C=CC=C4
439,Nc1cc(Cl)c(Br)c(S(N)(=O)=O)c1,189 350 366 380 392 425 561 596 598 618 650 678 690 691 728 748 833 875 888 1171 1213 1271 1380 1431 1457 1458 1476 1607 1613 1631 1683 1814 1835 1873 1907,C1=C(C=C(C(=C1Cl)Br)S(=O)(=O)N)N=C(C2=C(C=C(C(=C2Br)Br)S(=O)(=O)N)S(=O)(=O)N)C3=C(C=C(C=C3Br)N)Cl
440,O=C1N2CCC1(N1CCCCC1)CC2,96 179 190 220 255 314 338 342 407 442 469 472 520 643 650 814 827 880 926 935 952 1018 1027 1028 1038 1057 1060 1083 1162 1166 1191 1239 1250 1375 1380 1397 1480 1554 1590 1675 1682 1745 1857 1879 1998 2020 2032,[B-]12(N3CCCN1CCC3)N4CCC(CC4)(C(=O)N2)N5CCCC56CCN7CCCC7(C6=O)N8CCCC8
441,C#Cc1cc(Cl)ccc1C1(c2ccc(Cl)cc2)C(=O)NC(=O)N(c2ccccc2)C1=O,84 93 102 116 165 228 239 255 314 345 389 404 484 541 556 561 605 650 674 713 715 790 816 817 825 875 908 915 970 974 1049 1060 1070 1088 1092 1114 1175 1176 1199 1259 1285 1298 1380 1394 1629 1683 1686 1750 1825 1862 1873 1962 1977 1980 1999,C#CC1=C(C=CC(=C1)Cl)C2(C(=O)NC(=O)N(C2=O)C3=CC=CC=C3)C4=C(C=C(C=C4)C5(C(=O)NC(=O)N(C5=O)C6=CC=CC=C6)C7=CC=C(C=C7)Cl)C#N
442,COc1cc(Cl)ccc1COC(=O)C1C=C(C(F)(F)F)C([N+](=O)[O-])=C1c1ccc[nH]1,25 80 114 147 165 216 249 267 310 353 417 534 541 561 618 650 695 715 745 753 806 807 809 816 838 841 875 876 893 911 918 975 1010 1019 1040 1057 1088 1109 1114 1167 1195 1225 1237 1274 1297 1324 1325 1349 1380 1390 1400 1425 1427 1453 1506 1536 1540 1563 1582 1633 1644 1683 1741 1750 1756 1873 1905 1917 1928 1946 1963 1970 1972 1982 1984 2034,COC1=C(C=CC(=C1)Cl)COC(=O)C2C=C(C(=C2C3=CC=CN3)[N+](=O)[O-])C(F)(F)F
443,NS(=O)(=O)c1ccc(O)c(C(F)(F)c2ccccc2)c1,84 87 114 153 221 319 350 363 389 419 428 449 505 638 650 715 751 807 833 840 859 875 947 1027 1088 1147 1156 1169 1171 1197 1199 1208 1274 1326 1380 1413 1417 1453 1470 1475 1476 1572 1577 1602 1605 1607 1686 1750 1825 1835 1873 1913 1928 1976 2017,C1=CC=C(C=C1)C(C2=CC(=C(C(C3=C(C=CC(=C3)S(=O)(=O)N)O)(F)F)C(C4=C(C=CC(=C4)S(=O)(=O)N)O)(F)F)C=C2O)(F)F
444,CCOC(=O)c1cc(C(=O)OC)c2c3ccc(o3)c(=O)oc3cc(C)c1c2c3,15 80 123 145 147 181 206 233 244 274 292 294 295 304 312 314 358 488 581 618 650 656 695 726 759 770 807 815 820 841 875 906 909 936 947 984 1057 1152 1187 1238 1239 1245 1320 1357 1380 1391 1419 1468 1574 1587 1604 1673 1706 1722 1730 1750 1753 1808 1810 1873 1910 1932 1959 1984 1991 2009,CCOC(=O)C1=CC(=C2C3=C(C=CC(=C3)P4C5=C(C=C(C6=C5C=C(C(=C6)C)C(=O)OC)C)OC4=C7C=C(C(=O)O7)C(=O)OC)OC2=C1)C(=O)OCC
445,CN(C)CCn1c2nc3c(cccc31)CS2,45 68 80 128 157 176 263 344 378 406 543 599 652 675 693 718 758 784 791 802 859 881 926 935 998 1039 1057 1088 1145 1163 1167 1188 1190 1208 1236 1285 1296 1316 1351 1380 1560 1580 1596 1688 1708 1724 1750 1834 1855 1873 1914 1951 1999 2004,CN(C)CCN1C2=CC=CC3=C2N=C1SCC4=C5C(=CC=C4)N(C(=N5)SC3)CCN(C)C
446,N#Cc1ccc(CNc2ccc(Cl)c(Cl)c2)cc1,34 80 87 102 191 210 255 300 305 310 366 426 469 560 561 584 638 666 674 790 816 843 845 875 877 1118 1136 1152 1154 1169 1205 1286 1380 1384 1402 1416 1525 1554 1581 1634 1683 1750 1754 1765 1873 1894 1913 1929 1954 2004,C1=CC(=CC=C1CNC2=CC(=C(C=C2)Cl)Cl)CN3C=CC(=C3)CNC4=CC(=C(C=C4)Cl)Cl
447,O=C(NNS(=O)(=O)c1ccc(F)cc1)c1ccc(C(F)(F)F)cc1,34 49 90 102 103 114 194 304 319 350 378 383 432 486 502 566 650 699 713 715 739 745 749 807 809 816 883 965 1024 1074 1093 1152 1187 1194 1260 1380 1385 1410 1417 1453 1454 1476 1504 1580 1665 1670 1697 1750 1766 1794 1873 1917 1928 2023,C1=CC(=CC=C1C(=O)NNS(=O)(=O)C2=CC=C(C=C2)S(=O)(=O)NNC3=PC=NP3=O)C(F)(F)F
448,COc1ccc([N+](=O)[O-])cc1NC(=O)c1ccccc1,88 94 152 186 216 249 389 422 486 494 650 695 707 715 721 733 753 807 835 838 841 875 947 1019 1055 1057 1058 1088 1105 1152 1195 1199 1224 1274 1380 1385 1502 1511 1533 1536 1665 1750 1795 1797 1809 1814 1816 1873 1882 1917 1940 1963 1970 1985 2030,COC1=C(C=C(C=C1)[N+](=O)[O-])NC(=O)C2=C=C(C(C(=C2)NC(=O)C3=CC=CC=C3)[Si]OC)NC(=O)C4=CC=CC=C4
449,CC(C)(C)C(=O)C(F)(F)C1(C)C(=O)N2CCN1C2=O,42 61 73 92 114 126 133 183 255 270 271 314 318 392 447 650 666 669 683 747 781 788 807 811 835 935 938 947 1007 1020 1057 1060 1146 1274 1380 1441 1453 1457 1480 1547 1629 1635 1659 1671 1855 1917 1928 1981 1991,B(C(=O)C(C)(C)C)(C(=O)C(C)(C)C)C(=O)C1(C(=O)N2CCN3C2(N1C(=O)N(C3=O)C(=O)C(C)(C)C)C)C
450,C#CC(=O)NC(=S)C(=O)c1ccccc1-c1cccc([N+](=O)[O-])c1,97 110 352 446 504 650 674 683 700 715 736 753 763 799 807 838 856 899 915 974 980 984 1039 1042 1050 1070 1088 1119 1152 1160 1195 1199 1205 1207 1274 1294 1319 1347 1352 1379 1380 1416 1447 1519 1539 1610 1714 1718 1750 1809 1837 1873 1876 1917 1926 1940 1950 1963 1991,C#C/C(=C/C=C(/C#C)\NC(=S)C(=O)C1=CC=CC=C1C2=CC(=CC=C2)[N+](=O)[O-])/C3=CC=CC=C3C4=CC(=CC=C4)[N+](=O)[O-]
451,CCN1CCn2c(ccc(NC(=O)Nc3ccccc3Cl)c2=O)C1,7 34 39 56 74 80 84 151 159 166 177 266 272 294 314 366 504 505 561 573 591 628 650 671 679 807 865 879 926 935 974 993 1057 1088 1152 1153 1178 1199 1224 1261 1266 1343 1380 1383 1428 1480 1496 1535 1563 1608 1683 1687 1692 1696 1748 1750 1791 1816 1852 1856 1873 1917 1946 1989 2025 2033,CCN1CCN(CC1)N2C(=O)C(=CC=C2NC(=O)NC3=CC=CC=C3Cl)NC(=O)N4CCN5C(=CC(=C(C5=O)NC(=O)NC6=CC=CC=C6Cl)Cl)C4
452,N#CN1CCCC2CC(CCCCCCN3CCCCC3)CCC21,2 29 32 80 92 128 168 175 200 255 276 277 290 299 320 334 372 387 446 451 515 517 585 653 674 675 695 712 739 753 790 824 832 893 911 912 926 935 1019 1028 1065 1108 1127 1143 1145 1179 1198 1216 1292 1307 1325 1342 1384 1411 1422 1480 1482 1671 1688 1689 1774 1791 1853 1858 1911 1960 1998,C1CCN(CC1)CCCCCC2CCC3C(C2)CN(N3C#N)OC(=O)N4CCCC(C4)CCCCCN5CCCC(C5)C6CCCN(S6)C#N
453,CC(C)(C)OC(=O)c1[nH]cc2c1C(=O)NC2=O,114 125 131 145 216 231 252 314 352 379 392 467 513 546 574 611 650 670 695 739 806 807 881 899 1004 1019 1057 1060 1062 1114 1132 1202 1235 1282 1333 1380 1399 1463 1476 1495 1498 1548 1573 1574 1657 1716 1729 1747 1818 1858 1859 1873 1879 1917,CC(C)(C)OC(=O)C1=C2C(=CN1)C(=O)C(=O)NC2=O
454,N#CN=c1[nH]c(=O)[nH]c(=Nc2cccc(Cl)c2)s1,54 56 125 162 165 175 209 216 302 314 499 529 534 561 572 592 650 663 674 675 699 725 768 770 790 817 832 875 975 1024 1039 1086 1088 1114 1145 1176 1380 1384 1418 1452 1469 1495 1518 1677 1683 1706 1745 1750 1753 1766 1777 1791 1854 1873 1968 1983 2004,C1=CC(=CC(=C1)Cl)N=C2C(=C3NC(=O)NC(=O)N3)SC(=C4C=CC(=NC#N)S4)N2
455,COc1ccc(CN(C(=O)Nc2ncncn2)c2ccccc2)cc1,80 105 193 233 288 310 322 378 384 389 401 456 483 489 507 539 626 627 650 661 675 695 718 727 740 741 781 783 794 807 831 841 881 931 1057 1061 1070 1088 1096 1117 1147 1152 1199 1213 1238 1255 1276 1371 1380 1452 1492 1536 1582 1603 1670 1697 1750 1754 1770 1816 1865 1873 1912 1915 1917 1947 1956 2029,COC1=CC=C(C=C1)CN(C2=CC=CC=C2)C(=O)NC3=NN(C=N3)CO[Si](C4=C(C(=NS4)C(=O)O)C(=O)O)(I)I
456,CC(=O)N1CCCCCN(C)c2nc3ccccc3c(=O)n2CC1,2 107 172 250 258 289 290 314 319 332 369 378 389 464 504 573 650 690 789 807 935 985 1017 1028 1057 1065 1088 1097 1145 1156 1174 1193 1199 1266 1278 1296 1300 1357 1365 1376 1380 1480 1496 1517 1573 1687 1693 1750 1793 1802 1852 1855 1873 1917 1958 1967 1998 2009,CC(=O)N1CCCCC1)[Hg]C2=CN(C(=O)C3=CC=CC=C32)C4=NC5=CC=CC=C5C(=O)N4N6CCN(C6=C7C(=CN7C)[Hg]C(=O)O)C
457,CC(=O)N1CCN(C(=O)c2cccc(NCCc3ccccc3)n2)C(C(C)C(=O)Nc2ccccc2)C1,1 42 80 93 186 191 234 242 253 261 283 298 315 357 378 382 389 394 471 488 502 532 541 573 637 650 664 667 703 739 807 843 855 925 926 935 965 1017 1019 1038 1039 1045 1056 1057 1066 1070 1077 1088 1099 1113 1126 1129 1152 1199 1238 1242 1243 1247 1280 1300 1327 1365 1380 1416 1442 1480 1504 1507 1514 1574 1589 1664 1725 1750 1754 1792 1816 1855 1873 1890 1905 1917 2009,CC(C)C1CN(CCN1C(=O)C2=NC(=CC=C2)NCCC3=CC=CC=C3)C(=O)C4=NC(=CC=C4)NN5CCN(C5C(C)C)C(=O)C
458,N#Cc1ccc(S(=O)(=O)N2CCC3(CCCCC3)C2)cc1C(=O)N1CCCC1,2 69 194 227 319 350 361 362 369 490 501 573 585 602 637 650 662 674 715 757 790 800 807 875 924 926 935 942 1012 1028 1060 1065 1070 1076 1136 1162 1174 1380 1384 1476 1480 1504 1535 1600 1638 1729 1745 1750 1754 1793 1862 1873 1900 1912 1917 1991 1998 2002 2009,C1CCC2(CC1)CCN(C2)C(=O)C3=C(C=CC(=C3)S(=O)(=O)N4CCC5(C4)CCCC5)C#N
459,COc1ccc(NC(=O)c2cccc(OCCn3cc(-c4ccc(OC)cc4)n(C)c3=O)c2)cc1,5 13 80 88 166 191 209 306 314 322 464 486 526 529 562 564 567 650 695 718 771 781 797 807 817 825 831 841 843 875 896 935 942 953 1034 1039 1057 1077 1088 1134 1145 1152 1160 1305 1380 1384 1385 1402 1425 1446 1452 1455 1501 1536 1665 1679 1692 1750 1795 1816 1827 1832 1873 1907 1917 1927 1955 1978 1985 2034,CN1C(=CN(C1=O)CCOC2=CC=CC(=C2)C(=O)NC3=CC=C(C=C3)C4=CC(=O)N(C(=O)N4C)C)C5=CC=C(C=C5)NC(=O)C6=CC=C(C=C6)OC
460,CCOc1cc2sc3[nH]c(c1Br)c2c3N(C)C(C)C,1 3 33 80 88 162 187 202 233 235 237 276 283 294 407 425 433 445 524 570 602 609 670 675 695 728 787 819 823 871 875 881 885 900 936 1030 1036 1057 1085 1106 1114 1163 1238 1277 1308 1309 1380 1405 1452 1458 1476 1530 1571 1616 1631 1745 1761 1814 1873 1951 1970 1984,CCOC1=CC2=C(C(=C1N(C)C(C)C)Br)C3=C(S2)NC4=C3C(=C(C(=C4Br)N(C)C(C)C)Br)N(C)C(C)C
461,CCOc1ccc(OC)cc1C=Cc1cc(CCC(=O)N2CCN(C)CC2)nnn1,14 15 34 80 90 94 158 186 207 237 294 322 326 376 378 401 425 452 462 480 504 540 547 650 675 694 695 718 719 724 753 760 781 807 813 835 841 875 926 934 935 961 980 986 988 996 1009 1057 1077 1145 1164 1230 1234 1236 1238 1243 1268 1305 1321 1380 1411 1452 1480 1518 1525 1536 1564 1589 1687 1750 1755 1868 1873 1916 1917 1942 1948 1970 1972 1994 2001 2009 2011,CCN1C2=C(C=CS1)C=CC(=N2)CC/C=C/C3=C(C=CC(=C3)OC)OCCC(=O)N4CCN(CC4)C
462,COC(=O)C=CC=C1CC1,31 79 93 200 209 228 317 327 360 432 493 534 640 643 650 690 694 695 709 795 807 810 841 890 926 1001 1057 1073 1152 1344 1380 1417 1485 1598 1692 1736 1738 1744 1750 1882 1905 1917 1966 1975,COC(=O)/C=C/C=C/1\CCP(=C1)(C2=CC=C(C=C2)P3(=CC=CC3)/C=C/C=C/C(=O)OC)C(=O)OC
463,CSc1nc2ccccc2n1Cc1ccccc1N,45 80 82 116 175 192 288 289 330 344 357 378 394 486 494 634 681 682 694 747 761 802 818 855 866 910 935 1057 1088 1097 1171 1173 1192 1199 1218 1245 1285 1328 1331 1349 1380 1454 1457 1540 1597 1630 1723 1750 1765 1855 1873 1883 1912 1937 2001,[B](/C=C/P(=O)(/C=C/1\N=C2C=CC=CC2=N1)/C=C/3\N=C4C=CC=CC4=N3)N5C6=CC=CC=C6N=C5SC
464,CC1=CCC(=O)c2ccccc2OC1,216 237 314 352 379 441 453 459 511 609 619 640 650 656 685 751 766 926 984 1057 1076 1088 1141 1199 1251 1355 1380 1481 1522 1557 1652 1676 1702 1708 1722 1750 1781 1873 1895 1905 1979 2027,C/C/1=C\C/C(=C/C/C(=C/CC(=O)C2=CC=CC=C2OC1)/C)/C3=CC=CC=C3
465,NC(=O)c1ccc(-c2ccc(C(=O)N3CC3)[nH]2)cc1,31 113 140 143 190 205 300 309 314 419 432 451 457 497 541 623 650 654 784 785 807 816 859 896 900 916 926 935 942 1053 1078 1114 1160 1171 1172 1324 1376 1380 1385 1421 1480 1483 1504 1506 1579 1589 1697 1721 1727 1745 1750 1845 1873 1899 1916 1917 1932 1979 2009,C1CN(CCN1C(=O)C2=CC=C(N2)C3=CC=C(C=C3)C(=O)N)C(=O)C4=CC=C(N4)C5=CC=C(N5)C6=CC=C(C=C6)C7=CC=C(N7)C(=O)N
466,COc1cc2ccc1OC2C1=Nc2ccccc21,148 227 249 352 378 399 440 516 561 655 656 680 689 695 733 750 824 831 841 858 875 927 944 975 984 1019 1035 1057 1071 1088 1105 1125 1199 1212 1222 1279 1380 1536 1617 1652 1709 1726 1742 1750 1803 1833 1858 1873 1905 1970 2000,COC1=C(C=CC(=C1)C2C(OC3=C(O2)C=C(C=C3)C4C(=NC5=CC=CC=C5O4)C6=C(C=C(C=C6)C7C(=NC8=CC=CC=C8C(=N7)OC)OC)OC)C9=CC(C=C9)OC)OC
467,COc1c2c3ccc1n(C(=O)c1ccc(Cl)nc1)c2ccc3-c1ccc(O)cc1,45 135 142 176 222 277 298 330 333 336 352 355 359 378 477 481 505 561 594 605 650 680 682 695 745 751 807 841 870 896 935 967 976 1007 1057 1101 1143 1160 1171 1191 1220 1282 1292 1313 1348 1357 1380 1385 1403 1420 1424 1452 1475 1504 1511 1535 1536 1589 1599 1602 1640 1683 1697 1733 1750 1758 1768 1778 1873 1876 1917 1930 1984 2021 2032,COC1=C(C=CC2=C1C3=C(N2C(=O)C4=CN=C(C=C4)Cl)C=CC5=C3C=CN5C(=O)C6=CN=C(C=C6)Cl)C7=CC=C(C=C7)O
468,CC1OC(=O)C2=C(C(=O)O)C(=O)C(CCCCCC3CCCCC3)C(C)(C)C21,2 25 29 80 104 114 243 276 314 334 389 456 484 549 563 650 656 677 704 712 719 722 750 776 782 807 832 888 890 900 925 926 949 955 1019 1028 1057 1060 1088 1143 1181 1205 1274 1309 1325 1364 1380 1469 1582 1613 1681 1689 1815 1839 1911 1912 1917 1941 2029,C[C@@H]1[C@@H]2C(=O)C(=C(C2(C)C)C(=O)O1)CC(CC3=C(C(=O)OC3=O)C(=O)O)(CC4=C(C(=O)OC4C)C(=O)O)C5=C(C(=O)OC5CCCCCCCCC6CCCCC6)C(=O)O
469,CNC(=O)Nc1nc(-c2ccccc2NC(=O)c2ccccc2)cs1,117 130 172 178 233 270 314 345 352 378 385 389 422 486 552 599 636 650 662 675 702 721 722 733 774 807 947 980 984 1006 1057 1088 1152 1196 1199 1214 1216 1224 1264 1272 1343 1380 1385 1395 1400 1428 1430 1567 1606 1665 1677 1696 1720 1750 1795 1816 1842 1848 1855 1873 1917 1985 1989 2021,CNC(=O)NC1=NC(=CS1)C2=CC=CC=C2NC(=O)C3=CC=CC=C3C4=CSC(=N4)NNC5=CC=CC=C5C6=CC=CC=C6NC(=O)C7=CC=CC=C7
470,CC1(C)CCCN1C1CN2C(=O)C1N(C1CCCOC1COc1cc3ccc1cc3)C2=O,5 44 47 80 92 105 108 153 184 203 302 314 335 361 457 478 597 610 637 650 656 673 686 695 715 739 802 834 875 892 904 926 935 950 979 1015 1019 1022 1024 1028 1037 1039 1051 1057 1060 1083 1130 1136 1150 1162 1187 1219 1249 1274 1325 1347 1350 1360 1365 1380 1384 1452 1457 1466 1468 1480 1482 1518 1547 1600 1653 1681 1689 1732 1750 1754 1762 1780 1799 1832 1845 1855 1873 1917 1970 1980,C[C@@]12CCCN1C(=O)N3[C@@H]2CN4[C@H]3C(=O)N5[C@H](C4)[C@@H](C=CC5=O)OC[C@@H]6[C@H]7CN8C(=O)N9CCC[C@@H]9[C@@]8(C1=C7C=CC2=C1C(=CC(=C2)C[S+]([O-])[O-])OCCCO7)C
471,CCn1cccc1-c1c(C)nc(-c2ncccc2F)n1C,34 59 80 86 90 95 138 271 289 294 323 355 378 420 448 564 571 589 699 748 768 804 877 894 895 935 937 942 977 982 1020 1032 1043 1057 1088 1101 1145 1172 1253 1293 1319 1380 1396 1452 1453 1455 1643 1657 1692 1722 1732 1750 1754 1766 1784 1840 1855 1866 1873 1928 1940,B(C1=C(N(C(=N1)C2=C(C=CC=N2)F)C)C3=C(N=C4N3C=CC=C4C5=C(C=CC=N5)F)C6=C(C=CC=N6)F)(C(F)(F)F)C(F)(F)F
472,NC(=O)c1ccc(SC=CC=C2Nc3ccc2cc3)c(C(=O)O)c1,19 53 91 116 140 179 239 309 332 355 389 432 456 469 505 528 574 594 613 650 694 695 708 712 730 807 829 842 874 875 890 896 923 998 1013 1025 1033 1047 1060 1114 1160 1171 1285 1306 1310 1332 1352 1377 1380 1385 1437 1441 1593 1670 1697 1727 1750 1760 1776 1779 1819 1821 1857 1868 1873 1912 1917 1991,C1=CC2=CC=C1/C(=C/C=C/SC3=C(C=C(C=C3)C(=O)N)C(=O)O)/N/C(=C/C=C/SC4=C(C=C(C=C4)C(=O)N)C(=O)O)/N2
473,CC1=NC2(N=CC=CS2)C(C2OC3OC2C3O)=N1,34 129 138 184 221 247 262 274 321 378 379 394 465 481 500 517 533 571 587 656 675 698 710 727 733 763 807 811 818 838 849 862 906 923 924 927 1019 1057 1060 1075 1098 1234 1257 1339 1354 1380 1385 1487 1496 1578 1653 1654 1661 1698 1699 1700 1722 1769 1804 1823 1871 1873 1921,CC1=NC23C4C(C5C(C(C4(N=C3N=C2N=CC=CS5)C6=NC7(C(C(C8C(C7O8)O)O)O)N=C6C)O)O)OC9C7OC1O9
474,O=C(c1cc(F)cc(F)n1)C1CCC(NS(=O)(=O)c2ccccc2CC2CC2)CC1,29 80 122 162 296 300 378 392 455 458 464 502 517 524 573 619 632 650 668 699 767 807 855 858 875 898 923 926 930 942 974 992 1019 1038 1088 1147 1152 1172 1199 1259 1325 1349 1357 1366 1380 1410 1455 1476 1597 1630 1634 1656 1670 1671 1748 1750 1855 1872 1873 1879 1900 1917 1928 1932 2021,C1CC1CC2=CC=CC=C2S(=O)(=O)NC3CCC(CC3)C(=O)C4=CN(C(=N4)F)CC5=CC(=CC(=N5)F)F
475,Nc1ncccc(Br)cccn(-c2ccccc2)ncn1,43 80 90 95 232 271 329 339 378 389 405 409 448 483 485 489 496 544 657 728 827 892 900 901 909 913 935 1043 1049 1080 1088 1101 1102 1109 1171 1199 1302 1380 1452 1455 1457 1468 1523 1631 1649 1661 1665 1681 1704 1718 1750 1825 1866 1873 1939 1942 1960 2000 2009 2014,B(CN1C=CC=C1B(C2=CC=C(C=C2)Br)C3=CC=CN3B(C4=CC=C(C=C4)Br)C5=CC=CN5C6=NC=NN6C7=CC=CC=C7)(C8=NC=CC=N8)C9=NC=NN9
476,CCN(C(N)=O)C1=CNC2=NNC(N)=NC2=C1F,26 80 140 234 262 271 294 310 329 368 378 427 459 512 531 562 568 650 699 701 730 766 775 783 807 818 822 830 878 881 882 900 903 927 932 989 1057 1077 1100 1114 1134 1150 1171 1173 1237 1265 1269 1306 1380 1431 1444 1454 1455 1457 1482 1533 1751 1798 1873 1917 1928 1971,B(CC)(CC)C1=C(C(=NC(=C1F)N)N(CC)C(=O)N)N(CC)C(=O)CS(=O)C2=NC(=NN2)C3=NC(=NN3)N
477,COC(=O)c1cc(C(=O)OCCOC(=O)c2ccccc2)co1,13 80 121 147 229 384 389 495 525 534 606 625 650 656 695 807 841 842 862 875 906 950 1057 1088 1103 1152 1199 1233 1238 1243 1266 1380 1385 1404 1506 1510 1522 1551 1592 1598 1641 1750 1754 1842 1868 1873 1882 1894 1932 1934 1985 2006,CO/C(=C\1/[Si](O[Si]1(S)S)(S)S)/C2=CC(=CO2)CCOOCCO/C(=C(\OC)/OC)/C3=CC=CC=C3
478,COc1ccccccc(F)c2c3cccnc(c2c(Cl)c1F)n1c(SC)nnc31,68 116 131 249 250 287 378 389 394 413 448 464 478 484 548 561 644 695 699 747 761 841 865 931 935 1007 1011 1032 1037 1043 1055 1057 1088 1154 1156 1164 1191 1199 1264 1265 1270 1357 1376 1380 1410 1438 1445 1449 1452 1496 1533 1536 1546 1550 1557 1573 1581 1599 1658 1683 1693 1696 1723 1750 1768 1836 1840 1856 1866 1873 1928 1970 1982 1984,COC1=CN(N=C1)OC2=C(C3=C(C4=C(C=CC=N4)C(=C3C(=C2F)Cl)Cl)C5=C(C6=C(N5C(=NN=C6SC)SC)SC)Cl)F
479,Cc1nc(N(C)CCCCCN2CCN3CC2C3=O)nc2ccccc12,5 33 80 92 159 178 233 285 289 314 363 378 389 403 407 567 621 650 709 739 753 775 881 886 893 926 935 989 1019 1022 1057 1081 1088 1097 1101 1104 1143 1145 1163 1199 1215 1309 1312 1330 1357 1380 1399 1443 1480 1483 1496 1508 1540 1541 1573 1584 1597 1621 1669 1722 1725 1750 1790 1855 1870 1873 1879 1911 1951 1960 2000 2022,CC1CN2C(=C3C=CC=CC3=NC2=N1)N4CCN(C(C4)C)CCCCCCN(C)C5=NC(=C6N5CC(CN6C)C)C
480,CCCCCN(CC)CCCOC(=O)C1=C(O)S1,13 61 80 145 147 171 251 293 294 421 496 555 572 577 591 615 650 668 675 695 700 706 715 722 794 807 881 932 977 1015 1057 1090 1200 1249 1305 1380 1404 1444 1467 1532 1581 1583 1592 1602 1669 1678 1682 1734 1775 1791 1825 1826 1828 1911 1917 1951 1981 2022 2032 2038 2044,[B-]1(C(=C(S/C(=C\2/S/C(=C(\S2)/C(=O)OCCCCN(CC)CC)/C(=O)OCCCCC)/S1)C(=O)OCCCCC)C(=O)OCCCCC)([O-])[O-]
481,CCCCCCCn1c2cc3c(=O)n-2[nH]c3c1=O,80 229 260 294 314 355 356 450 486 504 591 595 607 633 650 751 763 793 794 802 875 893 935 968 1024 1057 1114 1143 1145 1177 1334 1337 1342 1356 1357 1380 1412 1444 1456 1530 1545 1575 1600 1620 1654 1659 1751 1804 1819 1873 1888 1911 1934 1960 1965 1967 2041,CCCCCCCCCCCCN1C2=C(C(=O)N(N2)C3=CC4=C(N3)NN(C4=O)C5=CC6=C(N5CCCCCCCCCCC)NN(C6=O)S)NC1=O
482,O=C(NCCN1CCCN(C=Cc2ccccc2)C1=O)c1cccc(Cl)c1,8 69 80 92 165 191 197 216 246 265 300 314 362 371 381 389 398 420 486 526 546 560 561 564 586 592 638 650 667 694 719 752 783 807 835 862 875 878 913 916 926 935 1008 1028 1039 1076 1083 1085 1088 1089 1120 1123 1134 1145 1152 1199 1200 1276 1353 1355 1380 1385 1416 1480 1496 1653 1672 1683 1710 1750 1757 1797 1836 1854 1858 1873 1917 1985 2033,C1CN(C(=O)N(C1)CCNC2=C(N(C(=C2/C(=C/C(=O)N3CCC3)/O)/C=C/C4=CC=CC=C4)C)/C(=C/C5=CC=CC=C5)/O)CCNC(=O)C6=CC(=CC=C6)Cl
483,CCCCCCCCOC(CN)C(N)CO,1 13 18 80 108 187 222 280 294 316 406 433 442 482 510 513 516 574 591 605 695 786 789 794 807 905 942 981 1057 1143 1146 1171 1222 1223 1249 1257 1290 1305 1403 1423 1444 1524 1697 1763 1778 1862 1909 1911 1927,CCCCCCCCCCCCCCCCCOC(CN)C(CC(=C=C=C=C=CCCCCCCCCCCC)C(CO)N)OCCCCCCCCCCCCCCCCC
484,COc1ccccc1N(C(=O)N(C)C)c1ncncc1-c1cnncc1C(=O)NCCc1ccccc1,8 11 32 80 99 197 218 249 259 281 302 324 352 378 383 389 483 486 489 650 667 695 773 788 807 828 841 881 965 1045 1057 1066 1085 1088 1105 1152 1163 1199 1243 1259 1274 1275 1303 1317 1335 1362 1365 1380 1410 1429 1452 1482 1487 1507 1519 1532 1535 1536 1625 1648 1653 1750 1751 1754 1757 1790 1873 1884 1912 1916 1917 1970 1991 2018 2029,CN(C)C(=O)N(C1=CC=CC=C1OC)C2=NC=C(C=C2C(=O)NCCC3=CC=CC=C3)N(C4=NC=NC=C4OC)C(=O)N(C)C
485,N#CC(=O)C(=O)N1CCN(Cc2ccc(Cl)cc2)C1=O,23 51 80 92 216 295 310 314 358 374 391 524 541 561 571 583 650 674 709 790 803 807 816 860 867 926 935 940 960 995 1002 1070 1089 1110 1132 1305 1343 1380 1384 1387 1498 1635 1642 1652 1683 1750 1754 1765 1779 1838 1864 1873 1899 1917 1977 2025 2036,[3H]C(=C([3H])[3H])C(=O)C(=O)N1CN(C(=O)N(C1=O)CC2=CC=C(C=C2)Cl)CC3=CC=C(C=C3)CN4CN(C4=O)CC5=CC=C(C=C5)Cl
486,O=C(NC(=O)c1cccc2c(=O)n2ccc1)c1ccccc1,45 60 95 246 314 328 389 401 486 504 519 528 568 600 650 710 807 818 915 930 935 936 1039 1066 1088 1101 1119 1124 1152 1199 1241 1252 1285 1314 1351 1368 1380 1385 1465 1517 1605 1665 1670 1750 1797 1873 1904 1917 1969 1985,C1=CC=C(C=C1)C(=C2C=CC=C3N2C(=O)C4=CC=CN4C3=O)C(=C5C=CC=C6N5N7C=CC=C7C(=O)N6C(=O)C8=CC=CC=C8)NC(=O)C9=CC=CC=C9
487,CCN1CCN(CCCN(CC)C2=c3nc(N)c(c4ccc(OC)cc34)=CC=C2Br)CCNC1=O,28 34 60 74 76 80 155 173 180 210 230 259 285 294 295 305 314 322 330 378 476 492 556 608 636 650 653 695 700 718 728 740 781 822 837 841 875 881 921 923 926 932 935 955 976 978 1035 1057 1072 1089 1097 1114 1135 1145 1150 1171 1249 1263 1307 1324 1325 1357 1380 1407 1425 1457 1459 1468 1480 1482 1536 1631 1637 1687 1702 1727 1733 1750 1791 1848 1855 1866 1872 1873 1911 1930 1956 1970 1972 1977 2038 2041,CCN1CCN(C1=O)CCCN2CCN(CC2)N(CC)C3=NC4=C(C=CC(=C4)OC)C(=C3)O[Ge](CC)(CC)OC5=CC=C(C(=C5)Br)Br
488,Cc1ccc(NC(=O)CCCN2CCCC2=O)cc1,21 41 80 94 155 191 235 314 338 339 397 406 511 639 650 700 798 807 821 843 901 926 935 951 955 1028 1057 1077 1084 1089 1123 1138 1145 1152 1182 1380 1382 1444 1480 1483 1564 1648 1677 1718 1722 1738 1750 1816 1823 1873 1895 1911 1917 1920 1932 1938 1961 1988 2045,C[C]1[CH][C]([C]([CH]1)C)NC(=O)CCCN2CCCC2=O
489,CCN(CCCNC(=O)c1ccccc1)C(=O)Nc1cc(F)ccc1-n1cc(C)cn1,8 43 46 74 80 192 193 197 248 265 294 340 352 378 389 410 417 458 464 473 486 495 604 611 650 667 699 755 807 818 851 875 880 881 932 935 978 1008 1057 1088 1115 1124 1152 1199 1216 1224 1272 1295 1335 1362 1367 1380 1385 1410 1455 1487 1523 1535 1536 1614 1665 1670 1671 1699 1722 1750 1816 1823 1830 1873 1876 1905 1911 1915 1917 1928 1947 1951 1985 2008 2024,CCN(CC)C(=O)NC1=C(C=CC(=C1)F)N2C=C(C=N2)CP(=O)(CNC(=O)C3=CC=CC=C3)N(CC)CCCNC(=O)C4=CC=CC=C4
490,CCCNC(=O)N(CCNc1nc(N(C)C)nn1C)C1OC2C(=O)NC1C2O,14 80 118 119 137 157 191 193 197 241 291 294 301 314 378 398 404 407 415 492 503 507 650 656 667 685 789 794 807 814 834 881 935 958 1005 1019 1034 1044 1057 1088 1105 1114 1133 1145 1152 1163 1257 1277 1309 1325 1373 1380 1416 1422 1433 1487 1500 1501 1510 1513 1576 1700 1731 1757 1822 1855 1917 1921 1925 1951 1956 1962 2009 2022,CCCNC(=O)N(CCN(C)C1=NC(=NN1C)N(C)C)C2C(C3C(C(=O)N2)OC(CCC(O3)O)O)O
491,COc1cccc2cc3c(C(=O)OC4CCC4)ccc(OCC(=O)N4CCCOCC4)c3cc12,11 12 51 67 80 94 119 128 145 177 222 244 249 291 295 331 369 523 650 656 659 690 695 760 807 836 841 861 875 887 926 935 941 950 1009 1019 1028 1039 1047 1057 1063 1071 1074 1087 1088 1126 1147 1187 1210 1260 1288 1325 1357 1380 1393 1405 1410 1429 1441 1452 1480 1536 1546 1564 1573 1637 1660 1704 1750 1771 1794 1800 1855 1873 1897 1906 1914 1917 1930 1946 1970 1991 2003 2004 2009 2036,COC1=CC=C(C2=CC3=C(C=CC=C3C=C12)OCC(=O)N4CCOCC4)C(=O)ON5CCCN5C(=O)CCC(=O)N6CCOCC6
492,O=C(OCCCNS(=O)(=O)c1ccc(Br)cc1)c1cccc(F)c1,5 13 80 145 147 221 230 267 293 317 319 350 460 469 490 495 502 572 582 650 667 695 699 715 728 732 807 862 871 875 883 896 909 1033 1039 1088 1152 1157 1197 1204 1293 1380 1385 1418 1461 1476 1487 1559 1592 1626 1631 1646 1649 1670 1734 1750 1782 1797 1807 1814 1873 1881 1886 1902 1911 1917 1928 1985,C1=CC(=CC(=C1)F)C(=O)OCCCNS(=O)(=O)CC2=C(S(=C=C2F)(NCCCOC(=O)C3=CC(=CC=C3)F)NCCCOC(=O)C4=CC(=CC=C4)F)Br
493,CC1=CC(C(=O)N2CCN(CC(=O)N3CCCCC3)CC2)=CC1=O,2 74 80 84 103 129 277 283 314 341 350 369 536 568 648 650 720 747 760 761 775 807 868 915 926 935 942 947 983 1009 1028 1057 1080 1144 1216 1312 1313 1380 1387 1480 1504 1589 1687 1722 1768 1791 1873 1917 1998 1999 2009,CC1=CC(=CC(=O)C1=O)C(=O)N2CCN(CC2)CC(=O)N3CCN(CC3)C(=O)CN4CCN(CC4)C(=O)CN5CCCCC5
494,CC(C)N1CCc2cc3ccccc3cc2C(=O)N2CCN(CC2)C(=O)C1,1 27 101 148 157 210 283 290 299 314 322 352 371 410 496 538 617 650 653 741 792 796 798 835 875 879 926 935 997 1002 1057 1087 1088 1106 1118 1199 1236 1265 1315 1357 1380 1480 1508 1590 1608 1646 1738 1750 1769 1855 1873 1888 1911 1946 1991 2013 2044,CC(C)N1CCC2=CC3=CC=CC=C3C=C2C(=O)N(C(=O)C1)C(C)C4=C5C=CC=CC5=C6N4N7CCN(CC7=O)C(C)C
495,CCOc1cccc(C(C)=C(Cl)C=C(Cl)C2CC(=O)N3CCN2C3=O)c1,24 69 80 92 94 194 231 237 246 252 263 294 314 322 438 515 521 531 534 562 568 648 650 684 691 694 695 780 798 805 807 809 811 875 901 924 926 927 932 933 935 1004 1017 1019 1039 1057 1063 1087 1088 1120 1128 1146 1238 1292 1370 1380 1384 1385 1405 1450 1452 1457 1462 1480 1501 1541 1580 1587 1628 1673 1683 1697 1705 1715 1750 1766 1840 1873 1906 1973 2035,CCOC1=CC=CC(=C1)/C(=C(/C=C(\C)/C2=CC(=C(C=C2)C3CC(=O)N4CCN(C4=O)C5=C(CC=CC5)C=O)C=O)\Cl)/C
496,CSC(=O)N(C)C(C)=O,1 31 116 268 394 475 634 650 688 708 759 807 839 881 950 1017 1046 1057 1077 1163 1176 1384 1441 1508 1559 1588 1600 1635 1649 1711 1735 1764 1905 1917 1953 1954,[B](C(C(=O)N(C)C(=O)C)N(C(=O)C)C(=O)C)C(=O)C(=C(SC)SC)N(C)C(=O)C(=O)SC
497,CCC(=C(C)C(=O)OC)c1ccccc1,23 55 71 80 95 138 294 319 346 349 389 428 504 571 643 650 651 679 695 702 805 807 841 898 959 1017 1037 1057 1088 1090 1092 1152 1199 1272 1285 1357 1380 1385 1411 1458 1473 1600 1609 1680 1712 1750 1764 1824 1855 1861 1873 1897 1917 1985 2002,CC/C(=C(\CC)/C(=C(\C)/C(=C(/C1=CC=CC=C1)\O)/C(=O)OC)/C(=C(\C)/C(=C(/C2=CC=CC=C2)\OC)/C(=O)OC)/C(=O)OC)/C3=CC=CC=C3
498,COC(=CCN1CCC(C)(C)CC1=O)C1=C(C(=O)N2CCCCC2)CO1,2 80 109 181 184 208 233 252 259 314 369 441 479 536 555 609 619 650 656 694 695 711 715 798 803 807 841 850 887 926 935 940 942 1028 1057 1060 1083 1089 1110 1124 1133 1141 1162 1236 1265 1274 1289 1317 1363 1368 1380 1422 1480 1487 1503 1504 1513 1548 1567 1569 1651 1719 1764 1822 1917 1944 1952 1998 2009,CC1(CCN(C(C1)(C)C)C/C=C(\C/C(=C/CN2CCCC2=O)/C(=O)N3CCCCC3)/C(=O)N4CCCCC4)C
499,COC(=O)c1ccc2c(c1)C(C)(C(=O)OC1C(O)C3OC(=O)CCC(=O)OC3C1O)C(=O)O2,120 145 184 188 198 221 314 438 469 482 508 555 650 656 684 692 695 717 736 750 766 800 807 833 841 849 875 906 914 921 926 947 970 1019 1021 1035 1043 1057 1060 1077 1120 1126 1135 1152 1257 1274 1291 1298 1358 1380 1385 1463 1487 1544 1587 1660 1697 1715 1738 1750 1810 1852 1873 1888 1905 1917 1918 1950 1965 1980,CC1(C2C(C(C3=C1C4(C5=C(C=CC(=C5)C(=O)OC)OC4=O)C(=O)OC)(C(=O)OC)C(=O)OC)OC(=O)CCC(=O)O2)C
500,CCOc1ccccc1NC=Cc1ccccc1NC(=O)C(CC)NC(=O)c1ccc(C)cc1,1 18 35 80 117 171 218 228 235 237 292 294 324 410 423 425 441 486 557 573 650 662 694 695 717 736 756 778 782 807 818 835 871 883 913 944 961 1057 1060 1088 1102 1152 1197 1199 1224 1238 1297 1305 1306 1380 1384 1385 1410 1411 1435 1452 1511 1544 1629 1631 1665 1696 1697 1702 1722 1744 1750 1768 1775 1785 1816 1820 1823 1861 1873 1917 1918 1920 1936 1970 1998,CCC(C(=O)NC1=CC=CC=C1OCC)NCNC(CC)C(=O)NC2=CC=CC=C2/C=C/[Te]C(=C3C=CC(=C3)C)NC4=CC=CC=C4OCC
501,COc1ccc(C(=O)N2CCCCCCCC2)cc1,2 68 99 127 322 369 389 497 597 622 631 650 695 708 718 725 781 807 831 841 926 935 942 1028 1057 1069 1322 1380 1385 1415 1480 1481 1504 1511 1517 1536 1559 1571 1631 1697 1750 1858 1864 1873 1998 2003 2009 2045,COC1=CC=C(C=C1)C(=O)N2CCN(CC2)N3/C(=N/[Si](OC)(OC)OC)/C(=C(/O)\OC)/N3C4=CC=C(C=C4)C(=O)N5CCCCC5
502,O=C1N2CCC(C2)CN1c1ncc2ccccc2n1,22 28 35 71 92 289 314 335 364 378 407 419 532 545 642 650 729 739 745 770 802 868 926 935 984 1014 1019 1020 1041 1086 1087 1088 1097 1150 1164 1199 1256 1292 1325 1365 1380 1393 1398 1407 1446 1452 1457 1477 1480 1501 1535 1580 1622 1655 1750 1751 1855 1873 1951 2019,C1CN(CC2CC1C2)C3=NN=C(N=N3)N4CCN(C4=O)N5C6CCN(C5=O)C7=NC8=CC=CC=C8C=N7
503,Cc1cccc(CN2C(=O)N(c3ccc(F)cc3)c3nc(C)nc2n3)c1,60 80 90 92 110 140 146 172 233 252 295 310 314 346 378 475 541 558 588 650 699 744 829 835 875 935 1013 1032 1039 1055 1057 1066 1070 1072 1085 1088 1126 1176 1211 1256 1319 1336 1380 1410 1570 1626 1670 1686 1720 1722 1750 1754 1765 1823 1825 1855 1860 1873 1928,CC1=CC(=CC=C1)CN2C3=C(N=C(N=C3N(C2=O)C4=NC(=NC(=N4)C)N5C(=O)N(C6=C(C5=O)C(=CC=C6F)F)C7=CC=C(C=C7)F)C)C
504,COc1ccc(Cl)cc1C(=O)N(C)C,7 12 94 165 216 235 352 441 451 466 495 561 650 695 699 732 801 807 816 841 875 881 955 977 980 997 1057 1061 1129 1180 1221 1326 1380 1465 1468 1536 1620 1653 1683 1750 1769 1873 1883 1893 1917 1942 1970 1985 1989 1991,COC1=C(C=C(C=C1)Cl)C2=CC(=C(C=C2C(=O)N(C(=O)[Si]Cl)[Si]Cl)C(=O)N(C)C)C3=C(C=CC(=C3)Cl)O[Si]Cl
505,COc1cccc(-c2c(OC)cc3cc2C(=NC=Cc2cccnc2)c2ccccc2NC3=O)c1,20 88 142 157 161 241 249 314 322 328 352 378 400 401 527 562 583 650 694 695 725 736 754 781 819 835 845 853 854 875 971 975 984 991 1027 1039 1043 1057 1060 1088 1114 1141 1160 1163 1199 1223 1242 1304 1353 1380 1429 1470 1530 1535 1540 1557 1558 1570 1571 1586 1599 1603 1630 1650 1657 1669 1734 1747 1750 1759 1773 1777 1792 1839 1866 1873 1970 1972 1982 2009 2021 2029 2033,COC1=CC=CC(=C1)C2=C(C=NC=C2C3=CC(=CC=C3)OC)C4=C(/C(=C/5\C6=CC=CC=C6NC5=O)/C7=CN=CC=C7)C8=CC=CC=C8NC4=O
506,O=C1c2ccccc2CN1CCCOc1ccccn1,13 61 72 80 164 239 267 314 352 370 378 448 618 626 650 683 687 695 705 879 926 935 951 970 984 985 1012 1088 1089 1145 1155 1172 1199 1214 1236 1343 1380 1441 1452 1570 1585 1708 1712 1730 1750 1810 1866 1870 1873 1911 1938 1946 1963 1996 2022,C1C2=CC=CC=C2C(=O)N1CCN3CC4=CC=CC=C4C(=O)N3CCCOC5=CC=CC=N5
507,Cc1cc(Cl)cc(OC2c3sc4nnc(SCCCCN5CCCCC5)n4c32)c1,2 25 80 85 116 132 162 210 216 244 311 322 341 343 378 379 461 524 548 561 610 634 648 653 675 684 695 747 765 801 873 875 893 903 926 935 981 1019 1028 1053 1057 1145 1162 1164 1171 1182 1261 1262 1380 1386 1407 1422 1426 1429 1449 1460 1480 1482 1609 1666 1683 1685 1722 1743 1747 1769 1791 1823 1873 1911 1917 1949 1953 1966 1992 1998 2005,CC1=CC(=CC(=C1)Cl)OC2C3=C(N4C2=NN(C4=NN3CCCCSC5=NN=C6N5C7=CC(=CC(=C7)Cl)C)COCN)CN
508,O=C1OC(=O)C(c2ccccc2)=C1C(=O)c1ccc(F)cc1,9 90 92 133 314 354 389 488 511 536 546 580 622 638 650 656 699 736 807 973 993 1035 1088 1092 1096 1160 1199 1208 1363 1380 1385 1410 1448 1545 1581 1594 1595 1670 1697 1701 1744 1750 1775 1806 1810 1873 1912 1917 1922 1928 1985 2029,C1=CC=C(C=C1)C2=C(C(=C(C3=CC=CC=C3)C4=C(/C(=C(\C5=CC=C(C=C5)F)/C(=O)C6=CC=CC=C6)/C(=O)OC4=O)C7=CC=CC=C7)OC2=O)C(=O)C8=CCC=CCC=CCC
509,CC(=O)N(CCOc1ccccc1)CN1C(=O)c2cccc(c2O)C1=O,6 11 13 38 80 102 162 202 286 314 322 334 352 373 389 426 430 494 535 555 562 588 608 642 650 695 782 807 871 879 881 886 935 941 978 984 1017 1034 1039 1057 1088 1108 1126 1175 1199 1380 1395 1413 1452 1501 1512 1515 1588 1602 1614 1688 1732 1740 1750 1823 1839 1844 1867 1873 1917 1951 2015 2016,CC(=O)N(CCOC1=CC=CC=C1)N(CN2C(=O)C3=CC=CC=C3C2=O)CN4C(=O)C5=C(C(=CC=C5)C4=O)O
510,C=CSc1cc(NC(=O)c2cc(S(N)(=O)=O)ccc2F)cc2ccccc12,40 65 79 84 86 116 150 191 192 216 264 273 319 350 419 424 486 491 515 532 550 643 650 694 699 715 807 829 833 836 847 875 934 938 988 1025 1046 1087 1088 1152 1158 1171 1197 1199 1265 1307 1320 1357 1366 1379 1380 1465 1476 1523 1572 1573 1607 1615 1645 1661 1750 1752 1816 1820 1840 1855 1860 1873 1886 1892 1896 1912 1917 1928 1936 1978 1991 2045,C=CSC1=CC(=CC2=CC=CC=C21)NC3=C/C(=C\P(=O)(C4=CC(=CC5=CC=CC=C54)NC(=O)C6=C(C=CC(=C6)S(=O)(=O)N)F)NC=C)/C=C3
511,COC(=O)c1c[nH]c2cc(OC)c3ccc(NC(=O)C4CCCC(=O)N4C)cc3c12,7 87 119 138 145 154 184 191 212 249 263 274 314 354 415 446 449 473 474 500 524 531 542 598 609 650 689 695 798 806 807 841 843 868 875 878 898 906 922 926 935 936 939 1019 1028 1057 1114 1121 1145 1152 1182 1187 1252 1298 1325 1357 1380 1397 1513 1536 1608 1645 1692 1726 1733 1738 1742 1744 1750 1774 1778 1816 1857 1873 1879 1916 1917 1937 1957 1970 1984 1991 2010,CN1C(CCCC1=O)C(=O)NC2=CC3=C(C=C(C4=C3C(=CN4)C(=O)OC)OC)C(=C2)OC5CCCC(=[NH+]C6CCCC(=O)N6C)C=C5
512,CN(C(C)(C)C)S(C)(=O)=O,81 89 91 114 179 257 263 276 350 392 421 426 522 536 650 692 716 718 734 881 979 1014 1023 1057 1074 1115 1163 1200 1416 1476 1574 1624 1670 1679 1722 1905 1954 1995 1996 2006,CC(C)(C)N(C(C)(C)C)C(C)(C)N(C(C)(C)C)C(C)(C)N(C(C)(C)C)C(C)(C)N(C(C)(C)C)C(C)(C)N(C(C)(C)C)N=S(=O)(C)C
513,Cc1ccc(N=C(SC(=Nc2ccccc2)N(C)C)N2CCCC2)cc1,29 31 52 68 74 82 116 123 167 202 235 259 330 369 372 389 405 433 477 562 635 644 645 725 741 806 807 823 881 926 935 964 965 1028 1057 1086 1088 1157 1163 1199 1257 1262 1377 1380 1480 1613 1653 1677 1709 1722 1750 1770 1823 1854 1861 1863 1873 1904 1920 1924 1998 2009,CC1=CC=C(C=C1)N=C(N2CCCC2)N(C3=CC=C(C=C3)C)/C(=C(\N4CCCC4)/SSC(=NC5=CC=CC=C5)N(C)C)/N(C)C
514,O=C(Nc1c(S(=O)(=O)N2CCCC2=O)sc2nc(O)ccc12)c1ccccc1,93 220 245 258 314 350 378 381 389 460 486 490 511 559 580 601 602 650 675 715 789 798 799 800 807 926 935 963 1028 1051 1068 1088 1089 1102 1125 1138 1152 1167 1182 1199 1203 1288 1314 1342 1349 1357 1380 1385 1471 1476 1480 1495 1535 1587 1602 1665 1674 1679 1695 1733 1738 1750 1795 1816 1834 1838 1840 1855 1873 1917 1985 2010 2015 2020 2034,S(=O)(=O)(N1C(=O)CCC1)c1c(c2c(n1)snc2)NNc1nc(S(=O)(=O)N2C(=O)CCC2)ncc1CN1C(=O)CCC1
515,CCN1C(=O)C(=Nc2cccs2)SC1=NC(=O)c1ccccc1,14 30 34 80 241 256 294 296 306 314 383 389 402 508 588 650 675 687 713 725 733 807 809 879 895 900 935 1000 1057 1088 1191 1199 1303 1376 1380 1385 1403 1418 1477 1485 1497 1521 1525 1567 1574 1595 1600 1636 1665 1728 1750 1824 1873 1914 1917 1931 1946 1968 1982 1985 2035 2044,CCN\1C(=O)/C(=C(\C2=CC=CC=C2)/N=C3N(C(=NC(=O)C4=CC=CC=C4)C(=O)N3CC)CC)/S/C1=C/5\C(=O)N(C(=NCC)S5)CC
516,CCCN1C(=O)c2c3c1c(N=c1sc4cc(C(F)(F)F)ccc4n1CCC)n2CC3,45 80 83 114 118 146 162 273 281 289 294 314 319 326 361 380 398 434 437 455 522 532 574 588 650 675 681 725 775 794 802 809 820 875 879 885 926 935 948 1049 1057 1145 1152 1199 1260 1362 1380 1409 1417 1418 1453 1464 1480 1496 1522 1534 1537 1639 1646 1655 1665 1715 1738 1750 1804 1852 1873 1928 1930 2015 2021 2037,CCCN\1C2=C(C=C(C=C2)C(F)(F)F)S/C1=N\C3=C4CCN(C4=C5N3CCN5CCC)NCCC
517,Oc1ccccc1OCCSc1nnc(-c2ccccc2Br)n1-c1cccnn1,13 57 80 116 159 241 281 341 342 352 353 378 385 508 527 578 583 594 681 695 728 747 765 807 826 833 879 902 935 984 1043 1088 1135 1140 1164 1168 1182 1199 1309 1336 1367 1380 1405 1410 1449 1452 1468 1508 1509 1518 1602 1607 1631 1654 1664 1666 1704 1710 1722 1749 1750 1817 1831 1842 1858 1866 1873 1926 1970 1990 1993 1996,C1=CC=C(C(=C1)C2=NN=C(N2C3=NN=CC=C3)SCCOC4=CC=CC=C4O)C5=NN=C(N5C6=NN=CC=C6)SCCOC7=CC=CC=C7Br
518,CC1(C)CCC=CC1=O,16 130 137 161 252 279 314 362 382 387 417 429 443 542 547 582 594 650 696 926 953 1029 1057 1060 1091 1128 1140 1147 1162 1164 1274 1300 1365 1380 1400 1492 1505 1513 1527 1580 1873 1895 2009,CC1(CC/C=C\CCC(C(=O)/C=C/C(=C/2\C=CC(=O)C2(C)C)/C=C/C1=O)(C)[N-]C3=C4C=CC(=O)C4(CC3)C)C
519,O=C(COCCN1CCCCC1)Nc1cccc(-c2ccc(C(F)(F)F)cc2)n1,2 41 80 92 106 114 167 187 260 280 312 315 378 383 408 533 546 600 611 650 653 695 758 789 807 809 859 896 926 935 973 980 1028 1039 1065 1088 1099 1122 1145 1148 1152 1160 1162 1230 1260 1263 1275 1380 1417 1422 1453 1480 1482 1601 1616 1659 1665 1670 1700 1727 1750 1791 1816 1851 1855 1873 1917 1928 1929 1971 1992 1998 2004 2036,C1CCN(CC1)CCN2CCN(CC2)C(=O)ONC3=CC=CC(=N3)C4=NC(=CC=C4)NC(=O)COCC(=O)NC5=CC=CC(=N5)C6=CC=C(C=C6)C(F)(F)F
520,CC1=c2c(nc(C)c3cc(Cl)cc(OCN(C)C)c23)=N1,57 80 92 124 157 216 230 265 293 378 419 533 541 561 607 634 652 690 695 705 723 732 803 875 881 927 991 1007 1057 1073 1163 1187 1280 1302 1314 1334 1337 1357 1380 1452 1481 1506 1559 1566 1581 1677 1683 1718 1722 1727 1747 1818 1855 1873 1938 1970 1984 2000,CC1=C2C(=CC(=CC2=C3C(=N1)N=C([Se]3)C)Cl)OC[Si]4(C(=NC(=N4)C5=C(N=C(N=C5C)Cl)C)C)CN(C)C
521,O=C1c2n(CCO)c(=O)[n-][n+]2CC[N+]12CCCCC2,2 38 80 165 205 214 222 242 266 278 290 314 359 361 404 426 463 470 473 596 631 650 655 696 802 807 827 879 926 935 948 1023 1028 1104 1117 1127 1145 1188 1259 1298 1380 1408 1435 1556 1599 1630 1631 1674 1739 1778,C1CC[N+]2(CC1)C3=C(C(=O)N2CCO)N(C4=[N+]3CCCC[N+]45CCCCC5)CCO
522,Cc1ccc(-c2ccccc2C(=O)NCCC(F)=CC=C2OCCCC2=O)cc1,8 80 110 197 222 235 314 344 352 363 406 441 466 486 493 524 545 576 592 650 656 661 667 694 751 768 807 828 853 890 896 915 921 926 927 950 964 980 984 1028 1057 1088 1152 1160 1163 1199 1238 1252 1317 1319 1380 1385 1387 1447 1564 1705 1722 1738 1750 1798 1810 1823 1842 1873 1887 1917 1920 1928 1946 1991 2027 2028 2034 2044,CC1=CC=C(C=C1)C2=CC=CC=C2C(=O)NCC/C(=C/C=C\3/C(=O)CCCO3)/F
523,CCOC(=O)c1ccc2cc1C1=C(N1CCCCCN1CCCCC1=O)S2(=O)=O,34 67 80 104 145 147 155 191 207 294 310 314 352 364 443 448 469 504 520 555 580 588 629 639 650 695 730 738 759 798 807 824 859 875 891 893 926 935 951 1028 1057 1089 1093 1123 1132 1143 1145 1163 1182 1237 1238 1298 1328 1380 1459 1470 1480 1585 1631 1646 1652 1673 1722 1738 1750 1762 1836 1853 1873 1911 1917 1991 1998 2004,CCN1C2=C(C3=C(S1(=O)=O)C(=C4C=C(C(=O)N(C4=C3)CCCCCCN5CCCCC5=O)C(=O)OCC)C)N(CCCC2)CC
524,CNC(=O)NCCn1c2ccccc2c2[nH]c(S(=O)(=O)N3CCCCC3)cc21,2 45 80 197 285 290 345 350 366 370 371 373 425 442 519 539 585 586 648 650 667 710 741 773 800 802 807 869 875 926 935 996 1028 1057 1091 1094 1114 1145 1152 1196 1199 1239 1270 1285 1302 1322 1357 1364 1380 1422 1430 1476 1480 1530 1573 1745 1750 1765 1868 1873 1917 1933 1989 1998 2020,CNC(=O)NCCN1C2=CC=CC=C2C3=C1C=C(N3)CN4C5=CC=CC=C5C6=C4C=C(N6)S(=O)(=O)N7CCCCC7
525,C=CC=C1CCCC(=O)N(CCC(C)C)C(=O)CC1,1 51 80 283 314 317 433 534 588 650 685 694 739 742 757 784 798 890 892 902 926 930 935 940 954 1028 1057 1090 1145 1182 1219 1260 1330 1344 1366 1372 1380 1569 1622 1645 1681 1721 1729 1738 1847 1860 1890 1911 1934 1983 2020,CC(C)CCN1C(=O)CCC1=CC=C2CCCC(=CP3(N(C(=O)CC3)CCC(C)C)(CC=C)CC=C)C2
526,CCN1C(=O)c2ccc3cc(C)c(C)cc3cc(Cl)cc(c2)C1=O,34 79 80 139 189 203 216 294 297 303 314 322 561 588 647 650 665 680 730 744 875 879 896 933 935 957 992 1057 1143 1160 1227 1273 1274 1349 1359 1380 1391 1443 1457 1543 1574 1683 1693 1722 1747 1750 1855 1873 1933 1936 2002,CCN1C(=C2C(=CC(=CC2=C1Cl)Cl)C)C3=CC4=C(C=C3)C=C(C=C4)C5=C6C(=C(N(C6=O)CC)C7=CC8=C(C=C7)C=C(C(=C8)C)C)C=C5C
527,NC(=O)Nc1ncc2cccc-2cccc2ccccc2n1,113 140 176 182 289 307 319 322 345 353 373 378 393 544 580 650 702 736 807 869 877 928 944 1039 1087 1088 1089 1097 1152 1160 1171 1199 1233 1251 1259 1364 1380 1487 1526 1535 1582 1739 1750 1793 1816 1855 1873 1898 1900 1917 1951 1964 1977 2040,C1=CC=C2C(=C1)C=NC(=N2)NC(=O)N
528,CN1CCN(CCc2cc3c(NCCOc4ccc(Cl)cc4)nccn3n2)CC1,13 14 45 74 80 102 115 157 204 207 216 218 230 322 378 387 421 433 435 476 490 561 604 617 637 667 695 699 700 708 718 724 816 837 875 885 913 926 935 1006 1027 1034 1057 1070 1085 1101 1105 1145 1152 1206 1236 1243 1321 1380 1411 1416 1439 1452 1453 1480 1482 1484 1526 1527 1563 1657 1660 1683 1750 1791 1866 1873 1898 1956 1965 2011,CN1CCN(CC1)CCC2=NN3C=CN=C(C3=C2)NCCC4=NN(C(=C4)C5=NN(C(=N5)NCCOC6=CC=C(C=C6)Cl)C)C
529,COc1ccc(C(=O)OC2CCCC2C(OC(C)=O)C(C)=O)c(C(F)(F)F)c1,1 12 67 69 81 107 114 145 202 207 262 302 322 387 403 404 419 439 478 496 589 633 650 695 718 781 793 798 807 809 841 848 849 875 892 926 998 1017 1019 1028 1035 1052 1057 1063 1067 1121 1126 1134 1191 1197 1216 1254 1313 1325 1380 1394 1396 1453 1458 1483 1523 1536 1539 1576 1750 1776 1815 1844 1859 1873 1893 1917 1928 1972 1991,CC(=O)C(C1CCCC1OC(=O)C2=C(C=C(C=C2)OC)C(F)(F)F)OC(=O)C3=C(C=C(C=C3)OC)C(F)(F)F
530,CCCCOc1ccc(OC(C)NC(=O)C(=CC=C2C(=O)c3cc4ccc2cc4s3)OC)c(O)c1,1 9 11 13 40 62 80 91 94 117 120 141 162 201 203 273 283 294 314 322 412 466 472 476 499 551 591 605 634 650 664 675 694 695 718 745 794 807 841 850 875 881 885 890 896 908 909 936 1034 1057 1071 1075 1095 1105 1120 1126 1152 1160 1197 1210 1251 1311 1314 1318 1319 1324 1338 1380 1423 1452 1453 1476 1501 1547 1602 1607 1630 1750 1821 1855 1873 1911 1917 1951 1970 2021,CCCCOC1=CC2=C(C=C1)C=C(S2)C3=CC(=C(C=C3)OC(C)NC(=O)/C(=C\C=C/4\C(=O)/C(=C/C(C)C)/S4)/OC)O
531,CCCc1ccc2c(c1)nc(-c1ccccc1)n2C1=Nc2nc(N)nc(n2)S1,45 52 80 104 127 171 213 242 294 310 326 345 378 389 409 465 490 675 720 736 783 794 869 875 893 927 935 1044 1057 1085 1088 1097 1160 1171 1199 1240 1243 1356 1358 1372 1380 1394 1419 1436 1442 1457 1556 1597 1629 1656 1703 1722 1726 1736 1750 1754 1793 1855 1873 1900 1993 2021 2027 2038 2044,CCCC1=CC2=C(C=C1)N3C(=C(N=C3S2)N4C(=NC5=C(N=C(N=C54)N)C6=CC=CC=C6)C)C
532,CCCCCCOC(=O)c1cc2c(ccc3[nH]ccc32)nc1NC(C)=O,13 34 37 80 98 119 145 191 245 294 328 358 378 389 522 582 591 595 650 654 695 708 711 794 806 807 849 875 943 961 981 1004 1017 1026 1057 1097 1114 1123 1143 1152 1249 1276 1288 1357 1360 1380 1395 1417 1435 1444 1483 1484 1499 1506 1553 1566 1592 1615 1629 1673 1704 1724 1734 1750 1803 1816 1835 1855 1860 1873 1911 1917 1921 1939 1991,CCCCCCCCONC(=C1C=C2C(=NC(=NC2=C1)[S-])NC(=O)C)C3=C(N=C4C(=C3)C5=C(N4)C=CC6=C5C=CN6)NC(=O)C
533,COC(C=C1C=CC(Cl)=C1)=CC(C(=O)N1CC1)=c1c2cccc1[nH]n2,74 75 84 119 126 133 154 155 157 171 183 205 214 216 256 265 286 289 311 319 339 378 400 502 531 547 549 561 574 579 596 603 606 612 650 680 683 694 695 802 807 823 841 914 924 925 926 935 963 1039 1057 1088 1097 1110 1114 1120 1152 1167 1172 1181 1195 1369 1379 1380 1458 1480 1491 1585 1587 1589 1592 1618 1683 1750 1783 1842 1873 1887 2004 2009,CO/C(=C\1/C=CC(=C1)Cl)/C=C(/CON2CCN(CC2)NC3=NNC4=C3C(=CC=C4)Cl)\C=C\5/C=CC(=C6C5=CC(=C(Cl)Cl)C=C6)Cl
534,CN(CCNc1ccccc1)C(N)=Nc1ccccc1-c1ccccc1,5 18 53 62 80 89 140 154 191 259 334 352 389 484 499 514 522 557 606 667 703 725 728 736 807 881 890 923 958 984 1057 1059 1088 1089 1152 1160 1163 1171 1199 1308 1378 1380 1416 1480 1497 1510 1613 1653 1679 1750 1873 1879 1928 1951 1984 2008 2013 2030,CN(C)C(=NC1=CC=CC=C1C2=CC=CC=C2N=C(N)N(C)CCNC3=CC=CC=C3)N(C)C(=NC4=CC=CC=C4C5=CC=CC=C5)N
535,CCOC(=O)c1cc2c(OC)cccc2c(N2CCCN(Cc3cc4ccc(OCC)cc4o3)C2=O)n1,52 68 69 75 80 92 117 130 145 147 203 215 225 237 249 294 313 314 322 378 507 541 602 634 646 650 656 667 695 701 718 727 743 750 753 759 807 841 855 863 875 891 904 926 932 935 983 1006 1028 1030 1039 1057 1083 1088 1089 1123 1219 1238 1288 1357 1380 1384 1395 1399 1410 1452 1457 1461 1462 1479 1480 1522 1532 1536 1573 1604 1635 1637 1722 1750 1764 1765 1803 1805 1808 1855 1873 1917 1934 1970,CCOC1=CC2=C(C=C1)C=C(O2)CN3CCCN4C3=NC(=C5N4CN(C(=O)O5)C6=C(N=C7C(=N6)C=CC=C7OC)C)C
536,CCN1C2=NON=C1c1ccccc1C2=CC=COc1ccccc1,1 9 34 56 80 95 143 159 267 273 294 322 352 378 385 388 389 430 432 562 576 579 585 588 598 627 656 694 735 837 866 890 902 935 954 968 984 1057 1088 1101 1120 1142 1152 1164 1199 1211 1226 1247 1277 1301 1323 1329 1380 1435 1440 1501 1529 1574 1579 1604 1750 1799 1808 1835 1873 1874 1875 1886 1952 1970 1975 2025 2026 2043,CCN\1C2=CC=CC=C2/C(=C/C=C/OC3=CC=CC=C3)/C4=CC=CC=C4/C1=C/C=C/C(C5=NN=C(O5)CC)N6C=CC=C6C(N7C=CC=C7)OC8=CC=CC=C8
537,COc1ccc(C(=O)Nc2ccccc2NC(=O)N(C(=O)N2CCCC2)c2ccc(OC)cc2)cc1,161 193 224 283 321 322 369 405 410 425 485 486 650 669 695 708 718 746 781 807 831 841 881 926 935 942 947 960 1002 1028 1057 1088 1096 1152 1197 1199 1224 1372 1380 1385 1480 1526 1536 1665 1684 1692 1696 1697 1750 1795 1816 1872 1873 1905 1917 1998 2009,COC1=CC=C(C=C1)C(=O)NC2=CC=CC=C2NC(=O)N(C3=CC=C(C=C3)OC)NC(=O)N(C4=CC=C(C=C4)OC)C(=O)N5CCCC5
538,Fc1cc2[nH]c(=NNc3nnc[nH]3)c1=CC=CC=2,229 231 281 332 335 346 369 378 389 404 480 501 537 699 713 725 789 806 821 835 845 862 875 1114 1144 1152 1156 1164 1249 1267 1319 1320 1336 1339 1380 1383 1418 1437 1537 1620 1667 1694 1745 1774 1779 1825 1840 1866 1872 1873 1928 1991 1996 1998 2014,c1(c(cc(=NN/C=c\2/c(=N/c3[nH]cnn3)/c(=N/c3[nH]cnn3)/c3ccccc3F)[nH]/c2=N/c2[nH]cnn2)F)nnc[nH]1
539,CN(C)C(=O)N1CCN(C(=O)O)C(=O)CCN(C(=O)OCc2ccccc2)C1=O,80 92 104 147 151 220 236 241 262 280 283 314 345 348 389 396 445 459 478 502 514 562 650 690 695 745 798 807 881 898 926 935 1057 1065 1066 1088 1123 1163 1178 1199 1304 1380 1387 1401 1427 1480 1484 1537 1635 1653 1657 1662 1704 1738 1750 1754 1765 1869 1873 1914 1917 1988 2012 2042,CN(C)C(=C1CCN(C1=O)C(=O)OCC2=CC=CC=C2)OC(=C3CCN(C3=O)C(=O)N4CCC(=O)N4C(=O)OCC5=CC=CC=C5)N(C)C
540,N#Cc1coc2c(SCCC(=O)NCCCN3CCCC3)ccc-2c1,36 41 46 80 102 116 197 285 289 304 305 310 328 341 384 474 597 614 624 650 653 656 667 674 775 790 807 818 875 896 926 935 1025 1028 1033 1043 1136 1145 1152 1160 1173 1182 1233 1283 1308 1329 1374 1380 1384 1422 1456 1480 1482 1494 1536 1551 1564 1589 1645 1686 1750 1791 1825 1852 1873 1876 1911 1917 1998 2028 2030 2040 2043,C1CCN(C1)CCCNC(=O)CCSC2=C(C=C(C=C2)C3=C(C=C(O3)C#N)C#N)SCCC(=O)NCCCN4CCCC4
541,COC(=O)c1ccc(C(=O)N2CCN(C)C2=O)c2ccc(Cl)cc12,16 67 92 145 165 177 216 230 299 300 314 335 348 448 503 518 552 561 650 695 714 793 807 816 841 875 906 926 935 936 1032 1057 1120 1145 1152 1357 1380 1387 1480 1481 1504 1635 1660 1683 1693 1733 1750 1873 1911 1917 1958 1991,CN1CCN(C1=O)C(=O)C2=C3C=C(C=CC3=C(C=C2)C(=O)OC)Cl
542,CN1CCC(Cc2cc3ccccc3o2)(C(=O)N2CCCCC2)C1=O,2 80 114 142 159 255 256 295 314 369 376 650 656 723 807 855 863 875 879 926 935 958 983 1002 1015 1028 1057 1060 1082 1087 1088 1128 1132 1145 1162 1182 1199 1224 1273 1292 1360 1361 1380 1396 1420 1445 1461 1480 1526 1604 1605 1607 1653 1693 1734 1750 1751 1808 1855 1873 1878 1912 1917 1934 1969 1989 1998 2000 2009,CN1CCN(C(=O)C1=O)C2(CCC3(CC2)COC4(O3)CCN(C(=O)O4)C(=O)N5CCCCC5)CC6=CC7=CC=CC=C7O6
543,Cc1cccc(C(=O)OC2CC(C(C)(C)C)C3CCC4C5(C)CC3C24OC5=O)c1,56 64 100 114 145 147 200 249 275 310 314 346 352 388 469 478 519 522 622 650 653 656 679 695 755 807 837 863 875 910 926 1013 1019 1039 1055 1057 1060 1088 1103 1111 1120 1126 1133 1135 1142 1227 1274 1282 1292 1305 1356 1380 1385 1392 1454 1477 1487 1500 1518 1532 1540 1618 1701 1702 1722 1734 1736 1750 1783 1823 1872 1873 1884 1917 1925 1985 2012,CC1=CC(=CC=C1)C(=O)O[C@H]2C[C@H]3[C@@H]4CC(C[C@H]5[C@]3(C2)[C@]67[C@]5(C[C@H]([C@@H]6C4)OC(=O)C8=CC=CC(=C8)C)C(=O)OC(OC7=O)(C)C)(C)C
544,CNC(=O)N(C)CCc1nc2ccccc2n1C,0 45 69 79 80 95 191 193 251 269 289 318 320 334 335 341 345 357 359 378 397 515 532 562 564 590 650 794 807 842 863 881 934 935 954 987 1013 1057 1088 1097 1107 1115 1145 1152 1199 1218 1243 1285 1288 1292 1323 1324 1380 1430 1522 1617 1633 1638 1692 1750 1780 1796 1831 1852 1855 1873 1888 1917 1951,CNC(=O)N(CCN(CCC1=NC2=CC=CC=C2N1C)NN3C4=CC=CC=C4N=C3C5=CC=C(N5C)C(=O)NC)NC(=O)NC
545,CCCCCCN(C#N)C(=O)N(CCC#N)C(C)(C)C,0 7 26 56 77 80 89 114 171 175 199 237 244 250 280 294 378 392 413 426 472 529 591 601 650 674 790 794 807 812 813 827 881 1012 1057 1066 1089 1138 1143 1268 1346 1384 1423 1426 1444 1450 1493 1501 1504 1542 1644 1648 1669 1888 1907 1911 1917 1951 2043,CCCCCCCCN(C(=O)N(CCC#N)C(C)(C)C)C(C)(C)N(CCCCCCC)C(=O)N(C1=NC(=NC#N)N(CCCCC)C#N)C(C)(C)C
546,COc1cnc2c(c1)N(S(=O)(=O)c1ccc3[nH]c4ccc(OC)cc4c3c1)CCC2,60 119 164 245 319 322 336 350 378 457 498 614 650 660 695 713 715 718 767 781 782 800 825 826 841 875 926 935 1011 1028 1051 1057 1114 1138 1155 1164 1217 1237 1290 1295 1299 1304 1309 1333 1357 1380 1444 1452 1480 1495 1535 1536 1626 1729 1734 1738 1744 1745 1750 1786 1873 1906 1926 1939 1948 1972 2001,COC1=CC2=C(C=C1)NC3=C2C=C(C=C3)S(=O)(=O)N4CCCC5=C4C=C(C=N5)OC(=[NH2+])OC6=CC7=C(CCCN7S(=O)(=O)[O-])N=C6
547,CCN1C(=O)C(=C(SC)C(=O)N2CCC2)N(C(C)(C)C)C1=O,34 80 92 114 116 283 294 314 369 392 394 398 408 430 547 588 609 646 650 655 745 759 807 815 879 926 934 935 1028 1033 1057 1077 1083 1084 1110 1118 1207 1286 1334 1336 1380 1435 1471 1480 1503 1536 1560 1574 1776 1810 1857 1917 1952 1963 2009 2045,CCN1C(=O)C(=C2C=CC(=[N+](C(=O)SC)C(=O)C(=O)N3CCC3)C=C2)N(C1=O)C(C)(C)C
548,CNc1ccccc1C=C1C=CSC(N2CCNC2=O)=N1,9 21 63 130 205 210 251 281 305 314 353 378 441 443 487 512 530 547 650 675 694 730 793 805 832 880 926 927 935 961 1006 1057 1061 1071 1088 1089 1102 1114 1150 1152 1194 1199 1224 1261 1274 1291 1369 1380 1391 1419 1428 1430 1445 1457 1480 1498 1570 1588 1653 1670 1696 1737 1750 1829 1849 1865 1866 1873,CNC1=CC=CC=C1/C=C/2\C=CSC(=N2)N3CCNC3=C4N=C5N(N4C6=NC=CN=C6N7CCNC7=O)C=CS5
549,COC(=O)C1(C)CC=C(OC)C(NCc2ccccc2)=C1C,12 45 61 80 110 141 255 309 318 389 413 497 564 609 638 650 695 725 784 807 817 822 833 841 917 926 967 1057 1060 1066 1088 1103 1126 1152 1199 1292 1380 1382 1416 1424 1536 1666 1679 1690 1697 1722 1741 1750 1754 1772 1781 1803 1825 1873 1917 2004 2028,CC1=C(C(=C2C1(C(=CC2)OO)C(=O)OC)NCC3=CC=CC=C3)NCC4=CC=CC=C4
550,N#Cc1ccccc1OC1CCCCC1OC(=O)c1c[nH]cc1C#N,9 12 42 145 209 225 266 302 361 451 524 555 642 650 674 695 711 740 790 798 805 807 821 890 918 926 941 967 1019 1028 1062 1071 1088 1114 1126 1128 1136 1145 1194 1196 1199 1271 1312 1325 1380 1384 1410 1488 1504 1682 1737 1750 1790 1800 1837 1862 1868 1873 1879 1893 1917 1970 1991 2001,[B-]12(C3CCCCC3OC(=O)C4=CNC=C4C#N)C(C=C(C1CCCC2)C(=O)C5=CC6C=C(C5N6)C(=O)OC7CCCCC7OC8=CC=CC=C8C#N)OC9=CC=CC=C9C#N
551,COc1cc#cc(-c2sc(N3CCCC3)nc3cccc2-3)c1,49 94 99 113 144 158 162 322 352 378 407 464 570 576 592 621 623 624 669 675 680 695 696 717 727 763 781 785 796 841 869 875 926 935 942 980 984 1028 1039 1057 1088 1191 1210 1240 1326 1337 1353 1380 1414 1456 1480 1487 1506 1516 1536 1601 1611 1612 1654 1662 1685 1750 1757 1758 1845 1851 1855 1873 1900 1914 1970 1998 2012 2014 2047,COC1=CC2=C(C=C1)[NH2+]C3=CC=CC(=C32)C4=CN(C=N4)[Si]5(C=C=C=C6C5=CC=C6)C7=CC=CC(=N7)C8=C(C=C(S8)N9CCCC9)OC
552,O=C(Nc1ccc(CN2Cc3c2[nH]c2cccc(Cl)c32)cc1)c1cccc(Cl)c1,80 119 165 172 185 188 191 216 261 294 310 361 366 374 405 455 464 486 526 561 592 598 602 650 721 747 796 807 813 843 875 926 935 974 1011 1038 1039 1071 1077 1088 1089 1114 1123 1152 1153 1242 1355 1380 1382 1385 1445 1540 1566 1605 1608 1626 1683 1745 1750 1754 1765 1783 1795 1816 1849 1851 1858 1873 1917 1946 1948 1978 1984,C1C2=C(C3=C(N2)C=CC=C3Cl)C4=C(CN1CC5=CC=C(C=C5)NC(=O)C6=CC(=CC=C6)Cl)NC7=CN(C(=C74)Cl)PCC
553,CCCCCn1nc(C(=O)N2CCCCC2)c2c1CCCN(c1ccc(F)cc1C(F)(F)C(F)(F)F)C2=O,2 59 80 100 112 114 151 158 215 235 294 314 369 378 419 456 490 521 553 571 591 632 650 658 699 700 775 778 794 807 864 875 877 879 893 926 935 942 954 1015 1016 1021 1028 1057 1138 1145 1209 1233 1295 1380 1403 1410 1422 1435 1442 1444 1453 1457 1459 1480 1487 1504 1542 1629 1670 1674 1728 1738 1747 1750 1873 1890 1911 1915 1917 1928 1956 1973 1998 2016,CCCCCN1C2=C(C(=N1)C(=O)N3CCCCC3)C(=O)N(CCC2)C4=C(C=C(C=C4)F)C(C(N5CCCC5)(F)F)(F)F
554,COc1ccccc1OC(=O)NC(=O)Oc1ccc([N+](=O)[O-])cc1,140 148 249 298 322 429 497 531 569 650 684 695 715 718 753 757 769 799 807 838 841 934 1003 1057 1088 1108 1119 1152 1193 1195 1199 1214 1274 1290 1362 1363 1380 1389 1410 1446 1478 1516 1536 1604 1657 1715 1729 1750 1758 1771 1777 1809 1814 1873 1917 1963 1970 2029,COC1=CC=CC=C1O/C(=C/2\C(=C(C=C2)OC(=O)NC(=O)OC3=CC=C(C=C3)[N+](=O)[O-])C(=O)OC4=CC=C(C=C4)[N+](=O)[O-])/NC(=O)OC5=CC=CC=C5OC
555,CCCCN(C(=O)c1ccccc1)C(=O)c1c(C(C)=O)oc2ccccc12,60 80 126 154 185 260 264 348 368 389 466 586 587 591 628 650 656 694 715 794 795 807 853 878 881 999 1001 1017 1057 1072 1088 1128 1199 1221 1239 1249 1257 1264 1278 1357 1359 1380 1385 1436 1480 1528 1573 1604 1640 1641 1648 1681 1682 1750 1808 1820 1873 1911 1917 1951 1956 1985 2006 2031,[B-]1(C2=CC=CC=C2C(=C1[NH+](C=C(C(=O)N(CCCC)C(=O)C3=CC=CC=C3)C(=O)C4=C(C5=CC=CC=C5O4)C(=O)C)[O-])C(=O)C)([O-])[O-]
556,COc1sc(=O)n2c(=O)c1N(C(=O)N1CCCN(CCCCCCCCO)C1=O)CC2,6 15 63 77 80 92 117 146 162 168 176 222 248 314 358 371 389 440 473 500 504 520 541 622 632 650 675 695 731 807 841 893 913 926 935 951 982 1028 1057 1083 1089 1123 1130 1143 1145 1155 1179 1185 1215 1237 1265 1300 1324 1351 1380 1387 1409 1480 1496 1536 1635 1662 1686 1687 1763 1810 1831 1879 1911 1917 2020 2038,CN1CCN(C1=O)C(=O)N2CCCN3C2=C(C(=O)N(C3=O)C4=C(SC(=C4)OC)OC)N5CCCN(C5=O)CCCCCO
557,CCCCCc1nncn1-c1cc(-c2ccc3c(c2)NC(=O)CO3)c2ccccc2c1,53 58 79 80 81 259 281 294 314 316 318 327 333 352 378 380 382 441 510 515 564 591 609 650 656 690 794 836 873 875 896 925 926 928 932 935 945 963 971 1024 1035 1036 1057 1060 1087 1088 1091 1114 1119 1129 1164 1171 1184 1199 1243 1257 1294 1316 1320 1347 1357 1371 1380 1408 1444 1446 1573 1575 1619 1646 1708 1724 1739 1750 1774 1825 1855 1873 1882 1905 1911 1912 1924 1982,CCCCCC1=NC2=C(C3=CC=CC=C3C=C2C4=CC5=C(C=C4)OCC(=O)N5)OP(N1N)N6C=NN=C6CCCCC
558,Cc1nnc(-c2ccccc2)n1Cc1csc2ccccc12,80 103 104 210 230 378 389 461 490 552 642 675 715 736 802 818 825 864 885 917 935 1027 1056 1057 1069 1086 1088 1151 1160 1164 1199 1349 1357 1376 1380 1423 1508 1567 1568 1573 1641 1663 1722 1724 1750 1765 1834 1851 1860 1873,CC1=NN=C(N1CC2=CSC3=CC=CC=C32)N4C(=NN=C4C5=CC=CC=C5)C6=CSC7=CC=CC=C76
559,CCCN(CCc1ccnc2ccccc12)C(=O)Nc1cc(F)ccn1,80 148 193 207 253 273 286 289 294 329 359 374 378 407 440 466 498 516 629 650 699 787 794 807 821 875 881 882 945 978 993 1016 1057 1088 1097 1099 1144 1152 1199 1232 1243 1270 1321 1349 1357 1380 1452 1469 1487 1517 1523 1573 1617 1637 1638 1670 1680 1750 1761 1770 1816 1834 1866 1873 1917 1928 1951 1982 1987 2036,CCCN(CCC1=CC=NC2=CC=CC=C12)C(=O)NC3=NS(=NC=C3)(=O)N(C4=C5C=CC=CC5=NC=C4)C(=O)NC6=NC=CC(=C6)F
560,C=CC(=CC=CC=CC(=C)C#N)c1ccc(S(=O)(=O)N2CCCN(C(=O)CN3CCOC3=O)CC2)cc1,0 7 31 80 139 206 232 268 314 319 350 354 366 369 374 380 381 432 441 491 539 585 608 628 636 650 656 674 678 694 709 715 757 760 778 790 800 803 807 829 922 926 935 950 959 1009 1022 1028 1046 1083 1089 1140 1235 1312 1313 1319 1353 1362 1366 1380 1384 1385 1406 1436 1461 1476 1480 1500 1503 1515 1589 1638 1645 1670 1697 1743 1750 1780 1860 1873 1917 1962 2009,C=CC(=C)/C=C/C=C/C=C(\C#N)/C1=CC=C(C=C1)S(=O)(=O)N2CCCN(CC2)C(=O)CN3CCOC3=O
561,COc1ccc(C(=O)C2(C(=O)O)CCCCC2=O)c(C)c1,23 44 67 97 184 310 314 321 322 367 389 396 453 476 650 695 718 751 770 781 804 830 841 875 885 923 926 960 991 1016 1028 1057 1060 1090 1156 1162 1312 1380 1391 1439 1536 1638 1697 1722 1738 1750 1756 1839 1855 1873 1917 1972 1991,CC1=C(C=CC(=C1)OC)C(=O)C2(CCCCC2=O)C3(CCC(CC3)(OC)OC)C4(CCCCC4=O)C(=O)O
562,Nc1ncc(Cl)cc1N1C(Cl)=Cc2ccccc(Cl)ccc1n2,22 24 37 73 84 119 121 194 216 347 378 428 453 527 560 561 592 612 632 635 676 780 816 865 875 934 935 977 980 1044 1047 1070 1077 1081 1088 1171 1199 1204 1215 1295 1321 1380 1400 1407 1452 1457 1459 1517 1535 1630 1650 1683 1686 1687 1750 1839 1855 1873 1925 1934 1966 2004 2032 2035,C1=CC2=C3C=C4C=CC=CC4=C(N3C5=C(N=CC(=C5)Cl)N)N=C2C=C1
563,CC(C)(C)OC(=O)NC(=O)N1CCSCC1,114 218 231 232 275 278 392 440 644 650 675 695 719 782 789 801 807 911 926 935 1040 1057 1116 1119 1124 1152 1314 1324 1397 1425 1459 1468 1480 1574 1758 1762 1823 1859 1893 1917 1982 1989 2009,CC(C)(C)OC(=O)NC(=O)NC(=O)NN1CCSCCN(CCSCC1)C(=O)NC(=O)N2CCSCC2
564,Cc1nc(N)nc(N(CCc2cc(O)cc3ccccc23)C(C)C)n1,1 80 88 167 193 224 241 273 283 286 378 409 413 459 541 591 611 649 745 759 790 805 807 831 836 875 879 881 931 932 1009 1057 1087 1088 1126 1171 1199 1210 1219 1240 1243 1309 1349 1357 1380 1414 1419 1454 1457 1476 1527 1550 1573 1602 1722 1724 1739 1750 1767 1855 1873 1894 1951 1997,CC1=NC(=NC(=N1)N(CCC2=CC(=CC3=CC=CC=C32)O)C(C)C)N(CCN(C4=NC(=NC(=N4)N)N)C(C)C)C(C)C
565,Cc1ccc(C(=O)N(C)C)cc1,149 229 235 237 357 437 587 650 789 807 821 881 915 1004 1057 1061 1163 1221 1268 1380 1385 1523 1569 1651 1653 1697 1698 1722 1750 1823 1873 1889 1917 1920,CC1=CC=C(C=C1)C(=O)N(C)N(C)C(=O)N(C)N(C)C(=O)N(C)C(=O)C2=CC=C(C=C2)C(=O)N(C)C
566,CC1(C)C(=O)N2C(=O)OCCC2C1C(O)C(O)CC1C=C(F)C(F)=CC1,1 34 80 131 188 203 227 255 314 441 472 483 505 546 591 598 608 650 656 666 672 699 725 749 778 806 807 888 903 905 918 926 935 949 950 964 1003 1015 1019 1057 1060 1091 1164 1257 1274 1296 1325 1341 1380 1426 1429 1485 1519 1536 1537 1590 1592 1609 1614 1639 1645 1689 1696 1718 1781 1803 1831 1873 1922 1928 1948 2031,CC1(C(/C(=N/F)/N(C1=O)C(C(CC2CCOC(=O)N2C3(C(C=C(C(=O)C3(C)C)F)O)C)O)O)N4C5CCOC4=O)C
567,COC(=Cc1ccc(OCc2ccccc2)cc1C(C)=O)c1ccccc1,17 80 107 109 117 128 178 322 329 338 351 369 389 480 522 531 562 650 654 691 694 695 718 731 745 807 832 841 848 875 941 961 1017 1057 1066 1088 1097 1152 1199 1241 1327 1330 1370 1380 1385 1429 1452 1501 1511 1567 1627 1651 1694 1746 1750 1754 1761 1804 1820 1873 1898 1903 1917 1935 1978 1980 1991 2042,C/C(=C(/C1=CC(=CC(=C1)OCC2=CC=CC=C2)/C(=C/C3=C(C=C(C=C3)OCC4=CC=CC=C4)C(=O)C)/OC)\OC)/ONNOC
568,CCn1c2nc3nc(c(C)nc1s2)N(C(C)C)S3(=O)=O,1 9 34 80 92 130 157 162 166 207 226 283 294 366 376 378 386 405 418 469 496 580 650 675 719 802 850 935 990 992 993 1008 1057 1220 1223 1234 1303 1320 1352 1380 1408 1424 1513 1550 1617 1633 1641 1722 1754 1817 1855 1917 1946 1978 2026,CCN1C2=C(N=C1C(=O)C(C)C(=O)C3=C(N=C(S3)C(C)C)C)N(S(=O)(=O)C4=C(N=C(S4)C(C)C)C)C(C)C
569,O=C(Nc1cccc(F)c1)C1(C2CN3CCN2CC3)CN2CCCC21,28 80 81 90 94 145 155 182 184 191 230 307 310 335 385 421 446 551 578 602 650 699 703 729 739 807 856 875 926 935 1007 1019 1028 1029 1039 1046 1049 1057 1060 1088 1101 1134 1143 1151 1152 1196 1261 1325 1358 1380 1480 1482 1487 1524 1542 1573 1615 1635 1670 1682 1736 1750 1760 1783 1816 1834 1842 1854 1873 1917 1928 2034,[B-]1(N2CCN3CCCC3[C@@]1(C2)C(=O)NC4=CC(=CC=C4)F)(CC5=C6C=CN(CC6N(CC5)O)O)C7=CC=C(C=C7)F
570,COC(=O)CCCOC(=O)c1ccc(C(=O)OC2CCCCC2)c(C(=O)OC)c1,2 12 13 14 47 66 67 80 119 145 147 166 195 272 313 469 475 650 695 766 767 777 823 841 872 875 890 906 926 936 974 996 1019 1028 1057 1071 1126 1147 1152 1156 1176 1325 1332 1380 1385 1386 1393 1399 1410 1491 1522 1564 1587 1592 1697 1711 1734 1741 1750 1873 1911 1917 1920 1991,COC(=O)CCCOC(=O)C1=C(C=C(C=C1)C(=O)OC2CCCCC2)C(=O)OCCC/C(=C/3\C=CC(=C3)C(=O)OC)/CCOC4CCCCC4
571,COC(=O)C1=CC(=O)CCS1,22 81 84 100 107 145 157 187 242 246 294 309 314 334 355 490 504 516 593 650 675 695 697 789 807 834 838 841 893 906 926 981 1057 1104 1152 1157 1187 1299 1380 1469 1580 1620 1624 1710 1738 1873 1894 1917 1992 1993,COC(=O)C1=C2C(=CC(=O)CCS2)C(=C3C(=CC(=O)CC3)C(=O)OC)C(=C4CCC(=O)C=C4C(=O)OC)S1
572,O=C(Nc1ccc(Cl)cc1Cl)C(=NC(F)(F)F)c1ccc(Cl)cc1,72 73 114 139 143 159 165 207 216 252 264 272 366 433 538 561 571 650 653 715 725 807 816 875 883 888 905 925 989 1070 1097 1106 1112 1152 1209 1210 1212 1224 1246 1324 1380 1385 1453 1498 1565 1570 1679 1683 1697 1727 1750 1776 1816 1856 1860 1873 1890 1917 1928 1931 1975,C1=CC(=CC=C1/C(=N/C(F)(F)F)/C(=O)C(=O)NC2=C(C=C(C=C2)Cl)Cl)P3(C(=C(C(=O)NC4=C(C=C(C=C4)Cl)Cl)C(F)(F)F)C(F)(F)F)([O-])[O-]
573,COc1cc(CCN(CCN2CCc3c(c4ccc3[nH]4)C2)S(=O)(=O)c2ccccc2)co1,1 15 61 80 83 119 193 280 282 294 319 326 361 384 389 446 462 495 543 571 575 579 640 650 656 673 674 695 739 749 804 815 841 869 872 873 875 916 926 935 957 1010 1040 1057 1088 1114 1127 1145 1163 1199 1226 1233 1243 1328 1380 1422 1476 1480 1526 1536 1595 1626 1631 1681 1738 1745 1750 1751 1754 1779 1791 1822 1836 1873 1939 1946 1951 2021,COC1=CC(=CO1)CCN2CCC3=C(C2)NC4=C3CCN(C4)CCC(C5=C6CCN(NC6=CC7=C5CCN7C)C)S(=O)(=O)C8=CC=CC=C8
574,COC(=O)C1=CC=C(C(=O)N2CCCCCC2)C1=O,2 145 188 262 313 314 318 369 381 414 546 584 608 650 674 695 752 807 836 841 848 905 906 913 926 935 942 949 1028 1057 1152 1249 1323 1380 1384 1385 1463 1476 1480 1504 1567 1678 1782 1828 1873 1917 1998 2009 2032,COC(=O)C1=CC=C(C(=O)C1=C(NC#N)[N+](C)(C)C2=C(C(=C(C2=O)C(=O)N3CCCCC3)NC#N)NC#N)C(=O)OC
575,c1ccc(N2c3nc(cs3)-c3ccccc32)cc1,73 255 352 357 372 378 389 552 562 649 675 762 780 801 821 935 980 984 1049 1088 1119 1157 1176 1199 1264 1272 1295 1332 1380 1514 1561 1567 1601 1647 1662 1686 1701 1750 1825 1845 1855 1873 1909,C1=CC=C(C=C1)N2C3=CC=CC=C3C4=CSC(=N4)N5C6=CC=CC=C6C7=CSC(=N7)N(C8=CC=CC=C8C2=N5)C9=CC=CC=C9
576,Cn1c(Sc2ncns2)nccc1=O,5 22 54 97 116 130 314 366 368 377 378 396 489 514 525 552 564 650 665 675 708 747 787 886 918 935 999 1016 1033 1057 1084 1141 1145 1161 1249 1256 1269 1326 1376 1380 1389 1452 1590 1615 1626 1684 1716 1738 1750 1866 1873 1906 2007,CN1C(=O)C=CN=C1SC2=C3C(=NC=CC(=O)N3C)N(N(C2=O)C4=NSC=N4)C5=NSC=N5
577,COC1=CC(N2CCCC2)=C1Br,84 125 136 148 236 327 407 481 573 623 649 672 680 695 718 725 728 841 867 926 935 1028 1057 1140 1253 1380 1402 1441 1480 1536 1628 1631 1697 1792 1798 1816 1873 1891 1998,COC\1=CC(=C(/C1=N\N=C/2\C=C(C(=C(C2=N\N3CCCC3)Br)Br)OC)Br)N4CCCC4
578,CCSC(C(=O)N(C)CC)=C1C(=O)N(CC2CCCCC2)C(=O)c2ccccc21,2 29 80 116 130 138 165 214 239 241 248 294 314 320 334 343 349 352 353 397 484 490 588 642 650 771 797 807 834 879 881 890 908 910 926 932 935 956 984 994 1012 1019 1028 1055 1057 1084 1088 1161 1163 1168 1199 1245 1325 1380 1561 1593 1597 1659 1665 1750 1813 1833 1873 1914 1917 1920 1961 1962 1981,CCN(C)C(=O)/C(=C\1/C2=CC=CC=C2C(=O)N(C1=O)CC3CCCCC3)/SN(C)C(=O)/C(=C/4\C5=CC=CC=C5C(=O)N4CC6CCCCC6)/SCC
579,c1ccc(CCN(CCc2noc3cnccc23)Cc2ccccc2)cc1,26 80 120 181 242 248 251 378 389 433 458 507 521 524 656 701 764 838 845 881 953 959 979 1045 1066 1088 1115 1116 1147 1199 1208 1225 1243 1276 1278 1357 1380 1384 1456 1500 1501 1535 1542 1586 1601 1603 1679 1719 1750 1754 1808 1836 1851 1866 1873 1897 1945 1951 2036 2044,C1=CC=C(C=C1)CCN(CC2=CC=CC=C2)CC3=NOC4=C3C=CN=C4
580,CCC(C(C)=O)C1C(=O)CCCC1C(C)(C)C,1 65 80 114 132 208 249 294 314 370 382 392 403 473 494 502 525 532 538 556 649 650 696 723 807 924 926 936 959 978 1017 1019 1028 1057 1058 1073 1075 1096 1114 1301 1319 1325 1380 1431 1487 1544 1560 1590 1618 1659 1690 1738 1820 1869 1873 1888 1897 1917 1963 2025,CCC(C1C([Se]C2=C(C1=O)NC=C(C2=O)C(=O)C)C(=O)C[NH+]3C(CCCC3=O)C(C)(C)C)C(=O)C
581,FC1(F)N=C1N1CCN2CCCCC2C1,207 251 316 349 378 407 495 520 558 681 707 724 739 890 894 926 935 1019 1028 1060 1131 1176 1185 1202 1235 1256 1325 1380 1480 1491 1508 1522 1524 1634 1736 1800 1811 1854 1871 1910 1928 1993 1998 2024,C1CCN2CCN(CC2C1)C3=NC(N=C3N4CCN5CCCCC5C4)(N6CCN7CCCCC7C6)F
582,CCOCCCCN(Cc1ccc(C)cc1)c1nc(C)c(C)s1,13 29 80 92 162 235 280 294 310 313 317 378 491 507 549 597 675 695 734 779 824 849 881 892 894 943 964 984 986 996 1057 1147 1187 1238 1249 1325 1380 1397 1432 1571 1669 1687 1722 1750 1754 1823 1855 1873 1911 1920 1940 1951 1977 1992,CCOCCCCN(CC1=CC=C(C=C1)C)N(C2=NC(=C(S2)C)C)N(CCN(CC3=CC=C(C=C3)C)C4=NC(=C(S4)C)C)CCOCC
583,CCOC(C(=O)N1CCCC1=O)C1OCC(C)O1,1 68 80 108 206 212 214 231 294 314 316 372 420 459 556 650 656 676 695 798 802 807 872 926 935 948 1019 1028 1057 1058 1067 1138 1143 1182 1215 1238 1241 1246 1259 1271 1309 1338 1379 1380 1384 1387 1480 1496 1551 1594 1648 1657 1676 1738 1917 1919 1921 1923 1979 2003 2041,CCOC(C1C2=C3CC(OC(N3CCCC(=O)N1N4CCCC4=O)C5=C2CC(O5)C)C)C(=O)N6CCCC6=O
584,Cc1cccc(NC(=O)N(C)CCCN(C)S(=O)(=O)c2ccccc2)c1,79 80 184 191 193 213 290 319 334 350 375 575 650 703 803 807 815 875 881 952 1013 1039 1055 1057 1071 1088 1152 1163 1193 1199 1228 1234 1427 1436 1455 1470 1476 1549 1570 1652 1692 1722 1750 1752 1757 1766 1816 1823 1873 1911 1917 1946 1951 1968 2018 2027 2038,CC1=CC(=CC=C1)NC(=O)N(C)CCCN(C)C(=O)N(CCCN(C)S(=O)(=O)C2=CC=CC=C2)N(C)S(=O)(=O)C3=CC=CC(=C3)C
585,Cc1sc2nc1C(=O)N2CC1=C(C(=O)C(C)C)C=C1,1 55 80 86 89 136 162 177 283 298 313 314 323 331 354 378 380 386 388 526 547 588 639 642 650 675 749 807 847 871 879 884 891 935 1057 1092 1242 1299 1311 1349 1356 1376 1380 1485 1539 1542 1601 1722 1746 1757 1765 1776 1795 1819 1855 1873 1917 1935,CC1=C2C=CN(C(=O)C2=C(C=C1)C(=O)C(C)C)C3=NC(=C(S3)C)C4=C(SC(=N4)N5C(=O)C(=C6C=CC(=C(C(C)C)C(=O)C(C)C)C5=O)C)C
586,CC(C=Cc1ccccc1)=CC=C(C)C(=O)N1CCCN(Cc2ccccc2)C1,18 31 41 55 70 80 160 226 278 369 389 454 495 561 577 650 685 694 728 807 816 835 856 878 926 935 979 1002 1017 1028 1040 1057 1066 1083 1088 1110 1149 1199 1243 1288 1304 1308 1319 1327 1350 1353 1380 1422 1450 1479 1480 1627 1683 1724 1742 1750 1754 1765 1771 1782 1791 1873 1917 1925 2009 2027 2033,C/C(=C\C=C(/C)\C(=O)N1CCCN(C1)CC2=CC=CC=C2)/C=C/C(=O)N3CCCN(C3)CN4C=CC(=C4)Cl
587,COC1=CC=CSc2c1n(C)c(=O)n2C(N)=O,140 144 189 289 314 432 435 442 453 473 527 536 564 620 650 675 678 695 714 725 771 807 841 842 862 888 935 1005 1057 1109 1112 1145 1171 1188 1249 1259 1263 1266 1291 1322 1372 1380 1391 1402 1428 1536 1580 1590 1645 1653 1658 1697 1824 1873 1886 1917,CN1/C(=C/2\C(=CC=CS2)OC)/N(N(C1=O)C(=O)N)/N=C/3\C(=CC=CS3)O[Sn](C)(C)C
588,Cc1ccc(CCCCOc2ccc(C(F)(F)F)c(C(F)(F)F)c2)c(=O)n1C,13 80 114 120 124 159 198 220 223 262 298 314 322 391 419 450 504 531 564 623 650 680 695 699 718 773 809 875 883 935 974 994 1033 1034 1044 1053 1057 1078 1114 1143 1145 1150 1183 1184 1202 1212 1243 1249 1254 1321 1349 1380 1405 1452 1453 1499 1501 1527 1722 1741 1750 1835 1873 1911 1928 2039,CC1=CC=C(N1C)CCCCCC2=C(N(C(=O)C(=C2)C(F)(F)F)C)N3C(=C(C=CN3)CCOC4=CC(=C(C=C4)C(F)(F)F)C(F)(F)F)C
589,CCOC(=O)c1cc2ccc1C(=O)C1COC(=O)C1OC2=O,47 80 115 145 147 276 282 294 303 314 337 352 441 454 455 481 586 608 623 649 650 656 680 695 723 750 759 789 796 807 860 875 896 926 941 1019 1046 1057 1082 1088 1147 1160 1188 1234 1238 1253 1317 1350 1380 1420 1514 1563 1640 1673 1719 1722 1727 1750 1782 1873 1917 1923 1947 1950 1991 2035,CCOC(=O)C1=C2C=CC(=C1)C(=O)C(COC2=O)O[Sn](CC)(CC)CC3C(=O)C4=C(C=C(C=C4)C(=O)O3)C(=O)OCC
590,CCN1CCCN(C(C)=O)C1=O,34 80 92 117 294 314 342 347 358 443 463 598 650 726 772 807 895 926 935 946 1017 1028 1057 1083 1089 1123 1190 1215 1227 1300 1347 1380 1387 1459 1480 1580 1847 1869 1917 1968 1991 2041,CCN1CCCN(C1=O)C(=O)[N+]2=CN(C(=O)N(C2)C(=O)C)C(=O)N3CCCN(C3=O)C(=O)C
591,Cc1ccccc1NC(=O)c1ccc(C(=O)OCc2ccccc2)cc1,77 80 93 145 147 277 328 376 389 486 503 606 638 650 658 695 722 745 748 947 965 1007 1057 1066 1088 1152 1153 1169 1199 1224 1273 1297 1380 1385 1391 1398 1422 1477 1522 1529 1665 1673 1696 1697 1722 1741 1750 1754 1795 1810 1816 1858 1873 1876 1880 1911 1914 1917 1955 1999 2005 2012 2042,CC1=CC=CC=C1NC(=O)C2=CC=C(C=C2)C(=O)NC3=C(C(=C(N3C4=CC=CC=C4C)NC5=CC=CC=C5C)NC6=CC=CC=C6C)C(=O)OCC7=CC=CC=C7
592,COc1cc(C(=O)Oc2ccc(OC)c(OC)c2)n(C)c(=O)c1,94 106 140 145 249 301 314 322 466 488 506 541 555 558 564 609 635 641 650 669 683 695 718 777 781 807 836 841 866 875 935 968 969 1034 1039 1057 1082 1141 1145 1164 1177 1218 1245 1284 1321 1380 1519 1534 1536 1600 1651 1666 1729 1750 1780 1853 1873 1917 1970,CN1C(=CC(=CC1=O)OC)C(=O)OC2=CC(=C(C=C2)[Si](=C3C=C(C=C3OC)OC)OC4=C(C=C(C=C4OC)OC)OC)OC
593,CN(C)C(Cl)=CC=C1C(Cl)=CC(Cn2ncnc2-c2cccc(C#N)c2)=C1Br,23 43 80 84 102 158 161 196 233 294 305 318 335 346 349 378 405 459 473 489 525 561 589 674 680 694 697 728 736 757 790 797 807 818 867 875 881 890 891 925 935 936 1039 1054 1055 1057 1088 1102 1120 1136 1160 1163 1256 1292 1319 1371 1380 1384 1400 1452 1462 1507 1531 1575 1585 1631 1653 1683 1722 1734 1750 1765 1864 1868 1975 2010 2015 2042,CN(C)/C(=C/C=C/1\C=C(C(=C1CN2C(=NC=N2)C3=CC=CC(=C3)C#N)Br)Cl)/C=C(/C=C(\N4C(=NC=N4)C5=CC=CC(=C5)C#N)/Cl)\Cl
594,CCOc1ccc(C=CN=C(N=C(Cl)c2ccc(Cl)c(F)c2)N2CCCCC2)cc1,2 25 69 80 102 170 173 204 230 237 294 322 366 369 372 490 561 622 640 666 694 695 699 718 725 742 751 765 766 789 807 828 835 837 856 875 878 926 935 1028 1057 1093 1164 1238 1240 1292 1360 1368 1374 1380 1385 1452 1480 1627 1630 1683 1697 1707 1750 1808 1830 1840 1854 1873 1883 1905 1928 1998 2009 2028 2033 2035,CCOC1=CC=C(C=C1)/C=C/N=C(C2=CC(=C(C=C2)Cl)F)/N=C(/C3=CC(=C(C=C3)Cl)F)\N4CCCCC4
595,O=C(c1ccccc1)N1CCN(CC(Cc2ccccc2)c2cccc(Cl)c2)CC1,1 55 74 79 80 85 86 165 216 222 259 307 388 389 497 561 592 650 745 750 753 771 807 857 875 926 942 1039 1066 1088 1094 1128 1199 1281 1314 1341 1365 1374 1380 1385 1397 1419 1466 1477 1480 1489 1504 1511 1563 1581 1589 1604 1683 1710 1750 1754 1759 1791 1873 1917 1922 1985 2009 2044,C1CN(CCN1CC(CC2=CC=CC=C2)C3=CC(=CC=C3)Cl)C(=O)C4=CC=CC(=C4)C(=O)N5CC=CCN5C(=O)C6=CC=CC=C6
596,CCCCCCCCCC(=O)n1cc(OC)cc(OC)c1=O,18 51 80 218 249 294 314 320 322 412 426 464 504 591 635 650 662 695 728 781 786 794 807 841 864 875 917 935 940 1009 1039 1057 1110 1126 1143 1191 1267 1349 1356 1380 1434 1444 1536 1564 1707 1751 1815 1873 1911 1916 1917 1950 1970,CCCCCCCCCCCCCCCCCC(=O)N1C=C(C(=O)N2N1C=C(C=C(C2=O)OC)OC)C[Si]Br
597,Cc1ccn(C(=O)c2c3c4n(-c5ccccc5)cnn4c2N(C)C3)c1,27 43 57 126 131 184 236 277 361 378 380 389 412 454 464 479 564 586 650 678 751 926 932 935 1025 1049 1057 1088 1123 1134 1145 1152 1159 1199 1210 1250 1260 1319 1342 1380 1499 1504 1517 1549 1613 1693 1722 1750 1753 1772 1819 1823 1825 1849 1864 1873 1904 1914 1917 1946 2002 2018 2030,CC1=CN(C=C1)NC(=O)C(=[Se])C2=C3N(C=NN3C4=C2CN5C=C(C=N5)C)C6=CC=CC=C6
598,Nc1nc(C(F)(F)c2ccccc2)c(N2CCCC2)s1,54 101 114 162 179 185 208 216 378 389 407 426 469 560 637 638 675 680 842 926 935 993 994 1001 1011 1028 1033 1088 1171 1199 1218 1220 1264 1301 1380 1417 1430 1453 1457 1480 1495 1544 1686 1709 1750 1816 1855 1873 1928 1990 1998 2017,[CH2-]C(C1=CC=CC=C1)(C2=C(SC(=N2)N)N3CCCC3)C(C4=C(SC(=N4)N)N5CCCC5)(C(C6=CC=CC=C6)(F)F)F
599,O=C1CCCN1C1CCN(S(=O)(=O)c2ccccc2)CC1,17 164 251 314 319 350 360 366 374 389 487 520 575 585 604 634 650 684 723 757 798 800 847 872 926 935 1019 1028 1032 1061 1088 1096 1099 1138 1182 1199 1236 1292 1293 1325 1377 1380 1459 1466 1476 1480 1599 1607 1738 1750 1873 1885 1903 1910,C1CC(=O)N(C1)C2CCN(CC2)[N+]3(CC4CC(CC3C4)N5CCCC5=O)C6CCN(CC6)S(=O)(=O)C7=CC=CC=C7
600,O=C(Nc1ccc(Cc2ccccc2Cl)cc1)c1cccc2ccc([N+](=O)[O-])cc12,80 102 149 191 203 295 310 326 348 366 370 427 486 560 561 636 650 715 753 807 838 843 847 875 974 1039 1063 1077 1084 1087 1088 1104 1147 1152 1181 1184 1195 1199 1231 1247 1271 1274 1314 1349 1357 1377 1380 1409 1430 1447 1597 1649 1683 1730 1750 1754 1809 1814 1816 1833 1855 1873 1917 1940 1963 1966 1978 1991 1999 2005,C1=CC=C(C(=C1)CC2=CC=C(C=C2)NC(=O)C3=CC=CC4=C3[N+](=C(C=C4)C(=O)NC5=CC=C(C=C5)CC6=CC=CC=C6Cl)[O-])[N+](=O)[O-]
601,COc1ccc2oc3ccc(C(=O)N4CCCC4CCOc4ccccc4)nc3c2c1,13 18 60 80 99 102 193 229 242 322 352 368 378 389 446 502 562 650 656 695 718 781 798 807 832 841 850 855 875 926 935 984 998 1019 1028 1034 1057 1088 1102 1199 1203 1206 1245 1247 1287 1325 1329 1331 1332 1357 1367 1380 1452 1478 1480 1504 1511 1521 1524 1536 1552 1604 1720 1724 1750 1765 1785 1792 1808 1810 1811 1855 1873 1908 1917 1922 1972 1977 1987,COC1=CC2=C(C=C1)OC3=C2N=C(C=C3)C(=O)N4CCCC4CCOC5=CC=CC=C5
602,Oc1ccccc1-c1nc(O)c(-c2ccccc2)[nH]1,105 106 119 155 157 162 352 378 388 389 635 661 678 736 764 765 780 807 815 839 843 924 975 984 1006 1009 1077 1088 1114 1160 1182 1199 1348 1380 1396 1411 1432 1438 1510 1602 1607 1609 1663 1740 1745 1750 1817 1831 1855 2015 2028 2043,C1=CC=C(C=C1)C2=C(N=C(N2)C3=CC=CC=C3O)C4=NC(=C(N4)C5=CC=CC=C5)C6=NC(=C(N6)C7=CC=CC=C7)C8=NC(=C(N8)C9=CC=CC=C9)O
603,COc1ccc(-c2ccc(C#N)c(N3CCCC3=O)c2)c(Br)c1,18 65 78 194 215 314 322 352 361 396 534 542 612 650 668 674 680 695 718 721 728 780 781 790 798 833 838 841 875 893 896 926 935 958 1028 1057 1136 1138 1154 1160 1182 1327 1347 1363 1380 1384 1398 1457 1480 1536 1544 1624 1631 1717 1738 1750 1782 1830 1862 1873 1972 1974 1992 1993,COC1=CC(=C(C=C1)C2=CC(=C(C=C2)C#N)C3=CC(=C(C=C3)C#N)N4C(=O)CCCN5C4=C(C=C5)C#N)Br
604,CC(C)(C)CCN(c1nc2nnc1CC2)S(=O)(=O)c1ccccc1,26 69 80 109 114 162 198 259 308 319 350 358 378 389 392 431 552 575 650 685 750 752 809 815 827 881 882 926 932 951 997 1057 1088 1095 1164 1199 1210 1246 1287 1291 1293 1308 1369 1373 1380 1388 1476 1528 1549 1561 1684 1705 1738 1750 1828 1855 1873 1894 1946 1948 1951 2005,CC(C)(C)CCN(C1=NC2=C(CCC3=C(N=C(N=N3)N(CCC(C)(C)C)S(=O)(=O)C4=CC=CC=C4)N(C2)S(=O)(=O)C5=CC=CC=C5)N=C1)S(=O)(=O)C6=CC=CCC=C6
605,COc1ccc2c(c1)n(Cc1sc(C(N)=O)cc1C#N)c(=O)n2C,45 80 140 162 284 309 314 322 361 371 419 519 523 564 608 641 650 674 675 695 718 723 771 781 790 802 807 841 850 875 935 981 1020 1057 1136 1145 1161 1171 1214 1233 1264 1266 1280 1380 1384 1455 1498 1503 1536 1565 1704 1727 1750 1762 1765 1835 1843 1846 1862 1873 1917 1950 1965 1972 1987 2021,CN1C2=C(C=C(C=C2)OC)N(C1=O)CC3=C(C=C(S3)C(=O)N)C#CC#CC#N
606,COc1ccc(CNC(=O)C2CCCN2C(=O)c2ccc(C#N)cc2)cc1,34 80 102 171 193 197 242 255 267 305 310 322 354 378 382 405 446 487 489 531 606 616 624 638 650 669 674 686 689 695 718 781 790 807 831 841 855 926 935 975 1019 1028 1057 1108 1132 1136 1152 1171 1209 1212 1260 1325 1380 1384 1385 1420 1431 1480 1495 1504 1511 1525 1532 1536 1573 1688 1697 1707 1750 1754 1873 1917 1922 1954 1959 1975 2016,COC1=CC=C(C=C1)CNC(=O)C2CCCN2C(=O)C3=CC=C(C=C3)CNC(=O)C4CCCN4C5=NC=NN5ON
607,Cc1ccc(S(=O)(=O)Nc2cccc(N3CCc4ccccc43)c2)cc1,4 23 54 152 177 188 191 235 236 257 319 350 502 538 541 650 703 715 743 744 875 883 926 935 952 989 1039 1049 1057 1088 1152 1181 1199 1202 1236 1270 1279 1295 1380 1457 1476 1480 1619 1647 1680 1708 1722 1738 1750 1823 1825 1873 1888 1920 1961 2021 2022,CC1=CC=C(C=C1)S(=O)(=O)NC2=CC(=CC=C2)N3CCC4=CC=CC=C43
608,O=C1CN(CC2CCCCC2)CCN1C(=O)c1ccccc1,2 9 29 46 74 80 214 273 314 389 484 584 650 760 798 807 890 908 926 935 966 1019 1028 1051 1067 1088 1111 1199 1325 1359 1380 1385 1387 1396 1419 1432 1434 1480 1504 1511 1539 1606 1635 1641 1750 1760 1791 1809 1836 1860 1873 1883 1917 1946 1985 1988,C1CCC(CC1)CN2CCN3C(N2CC4CCCCC4)N5CCN(C5=C3C(=O)C6=CC=CC=C6)C(=O)C7=CC=CC=C7
609,CC(=O)c1ccccc1C(C(=O)c1ccccc1C)=C(C)c1cccc2ccccc12,31 117 136 263 320 521 613 650 704 724 748 801 807 927 932 953 1017 1039 1057 1071 1074 1087 1088 1104 1199 1352 1357 1380 1391 1447 1496 1531 1561 1571 1573 1593 1597 1599 1700 1722 1750 1814 1816 1820 1855 1873 1917 1978 1991 1999,CC1=CC=CC=C1C(=O)C(=C2N=C(C(=C(C)C3=CC=CC4=CC=CC=C43)[N+]2(O)O)NC(=O)C5=CC=CC6=CC=CC=C65)C7=CC=CC=C7C
610,CCCCSc1cccc(S(=O)(=O)c2ccc(OC)cc2)c1,13 27 68 80 87 94 116 170 192 294 319 322 341 350 379 556 575 591 650 695 715 718 781 794 811 831 835 841 875 979 1039 1051 1057 1088 1113 1182 1209 1212 1277 1361 1380 1405 1476 1536 1571 1702 1710 1729 1750 1869 1873 1911 1913 1998,CCCCOP(=CSC1=CC(=CC=C1)S(=O)(=O)C2=CC=C(C=C2)OC)(SCCCC)S(=O)(=O)C3=CC=CC(=C3)S(=O)(=O)C4=CC=C(C=C4)OC
611,CCCCCCCCCCNC(=O)c1ccc(C(=O)O)c(=O)oc2ccccc2cc1,8 67 80 175 197 203 257 265 294 305 310 314 389 456 486 591 592 650 656 667 794 807 911 994 1047 1057 1087 1088 1118 1128 1143 1152 1199 1380 1381 1385 1444 1468 1517 1604 1639 1640 1665 1697 1750 1808 1855 1873 1876 1911 1912 1917 1951 1991 2033,CCCCCCCCCCCCCCCCCCNC(=O)C1=CC=C(C=C1)C(=O)NCCCCCCNC(=O)C2=CC=C(C(=O)O2)C(=O)O
612,O=C(Oc1ccccc1)c1ccc(O)c2ccccc12,67 94 145 177 264 299 322 367 389 396 562 638 650 695 807 843 866 905 922 928 983 1088 1097 1199 1287 1357 1361 1364 1380 1446 1475 1496 1573 1593 1602 1607 1617 1656 1723 1729 1750 1873 1917 1959 1962 1991 1997 2024,C1=CC=C(C=C1)OC2=CC=C(C3=CC=CC=C32)C(=O)OC4=CC=C(C5=CC=CC=C54)C(=O)OC6=CC=C(C7=CC=CC=C76)OC8=CC=CC=C8
613,O=C(c1ccccc1C(=O)N1CCCC1)N1CCCC1,47 176 351 362 492 552 650 671 807 903 926 935 942 1028 1088 1297 1340 1380 1415 1447 1480 1504 1512 1621 1666 1750 1785 1873 1906 1907 1917 1972 1991 1994 1998 2009,C1CCN(C1)C(=O)C2=CC=CC=C2[S+](C3=CC=CC=C3C(=O)N4CC4)N5CCCC5
614,O=S1(=O)N(CCCCCCCOc2cc3ccc2o3)CCCN1CCN1CCCCC1,2 13 19 46 80 99 156 184 187 207 254 285 305 469 559 650 656 678 695 731 875 893 913 926 935 960 997 1008 1028 1083 1110 1143 1145 1235 1249 1380 1422 1441 1452 1480 1482 1486 1518 1604 1624 1662 1698 1750 1780 1791 1808 1810 1834 1862 1873 1911 1937 1959 1965 1968 1970 2030 2038,C1CN(CC1)CCN2CCCN(S2(=O)=O)CCCCCOC3=C4C=CC(=C3)O4
615,O=C(NC(=O)N1CCCC1C12CCN(C1=O)C2=O)c1ccccc1,36 62 93 94 103 128 161 193 218 241 242 255 293 311 314 360 365 389 446 450 478 486 523 551 558 587 631 650 716 746 807 848 906 926 930 934 935 1019 1028 1060 1066 1088 1095 1119 1152 1162 1165 1199 1240 1325 1379 1380 1385 1457 1480 1503 1526 1578 1604 1665 1681 1750 1760 1841 1873 1894 1917 1985 2021,C1CC2C34CCCN(C3CCN2C(=C5C6C7CCCC6(CCC7N5C(=O)NC(=O)C8=CC=CC=C8)C(=O)N4C(=O)O)NC1)C(=O)O
616,O=CC=C1CCC(C(=O)N2CCCC2)N(CCN2C(=O)c3ccccc3C2=O)C1=O,14 36 41 78 80 84 92 134 160 246 275 293 314 352 369 383 386 395 493 531 535 588 596 624 642 650 655 694 801 807 862 879 882 890 926 935 984 1004 1019 1028 1088 1145 1197 1199 1200 1289 1325 1329 1380 1468 1478 1480 1503 1517 1535 1539 1585 1627 1646 1727 1738 1746 1750 1769 1775 1848 1873 1893 1917 1920 1970 1975 1998 2003 2009,C1CCN(C(C1)C(=O)N2CCCC2)N3C(=O)N(C(=O)N3CN4C(=O)/C(=C/C5=C/C(=C/C=O)/C6=CC=CC=C65)/CCC4=O)CCN7C(=O)C8=CC=CC=C8C7=O
617,CCOC1C2C3CN(CC)C(=O)N(C(=O)c4nc([nH]c4OC)C(=O)N4CCCCC14)C2CNC3=O,11 25 27 34 80 92 140 144 145 216 246 282 294 314 323 378 455 466 470 486 532 600 634 650 680 684 695 739 746 747 757 823 840 841 854 879 890 893 907 926 935 938 939 981 1019 1028 1031 1034 1043 1057 1079 1080 1089 1114 1182 1186 1218 1238 1244 1325 1361 1380 1480 1530 1536 1545 1609 1611 1620 1689 1694 1723 1724 1744 1745 1784 1832 1841 1855 1866 1922 1947 1950 1981 1998 2000 2041 2045,CCN1CC2C(C(N=CN2)OCC)C3C(CNC(=O)C4CCCCN4C(=O)C5=C6C(=C7C(=N5)N=C(N7)OC)N=C(N6)C(=O)N(C1=O)CC)C(=O)NC3
618,CN(C)C(CCc1ccc(O)c2ccccc12)C(O)c1ccccc1,1 80 90 104 105 129 220 227 253 257 389 447 493 555 577 633 647 648 739 807 843 881 886 919 945 1035 1057 1064 1088 1089 1163 1199 1243 1349 1357 1365 1380 1457 1475 1477 1573 1581 1593 1602 1607 1642 1702 1719 1741 1750 1769 1811 1838 1873 1932 2010,[3H]C(C1=CC=CC=C1)N(C)[C@H](CCC2=CC=C(C3=CC=CC=C23)O)[C@H](C4=CC=CC=C4)N([3H])C([3H])([3H])C([3H])[3H]
619,CN1c2nn3c(C(=O)NS(=O)(=O)c4ccccc4)c2C(=CC(C(=O)Oc2cc(Cl)ccc2Cl)=N3)OS1(=O)=O,19 56 84 130 145 165 182 187 207 216 262 275 293 295 297 307 310 319 331 350 366 378 389 394 410 468 469 486 502 511 532 541 561 575 599 619 650 656 666 685 695 735 738 769 807 816 861 875 883 896 935 945 953 975 994 1057 1088 1090 1145 1149 1152 1186 1194 1289 1360 1380 1476 1507 1583 1601 1679 1688 1729 1747 1750 1753 1758 1873 1917 1926 1938 1946 1953 1956 1970 1981,CN1C(=C2C(=NN(C2=N1)C)C(=O)NS(=O)(=O)C3=CC=CC=C3)C(=O)OC4=C(C=CC(=C4)Cl)Cl
620,CC(O)CCNC(=O)c1c(-c2ccccc2)n[nH]c1-c1ccccc1,1 8 74 80 88 133 155 160 197 227 283 323 378 389 471 486 530 586 650 661 667 732 739 759 807 913 979 1057 1088 1099 1103 1114 1152 1160 1197 1199 1275 1353 1380 1385 1490 1582 1677 1683 1750 1843 1873 1898 1917 1952 2004 2023,CC(CCNC(=O)C1=C(NN=C1C2=CC=CC=C2)C3=NC(=NN3)NC(C)O)O
621,CNC(=O)NS(=O)(=O)c1ccc2c(c1)c(OC)cc1cc(Cl)sc12,71 74 131 162 191 198 249 300 307 319 331 345 350 393 480 494 502 561 650 675 695 699 715 756 807 837 841 868 875 979 1057 1098 1142 1152 1156 1158 1196 1288 1338 1353 1357 1369 1380 1430 1473 1476 1483 1536 1591 1606 1651 1662 1683 1733 1750 1783 1786 1855 1873 1917 1946 1970 1989 2027,CNC(=O)NS(=O)(=O)C1=CC2=C(C=C1)C(=CC(=C2SC3=C4C=CC(=CC4=C(C=C3OC)OC)S(=O)(=O)NC(=O)NC)OC)OC
622,Cc1ncccc1CN=S(=O)(c1ccccc1)N1CCN(C(=O)C#CC#N)CC1,80 92 109 187 188 232 242 254 261 268 306 319 328 350 372 378 389 448 575 585 650 674 678 725 767 790 807 834 871 892 926 935 1020 1043 1057 1088 1135 1141 1199 1244 1304 1331 1349 1380 1384 1452 1476 1480 1521 1566 1589 1597 1677 1688 1693 1697 1722 1750 1794 1866 1873 1895 1917 1942 1975 1980 2009 2032,CC1=C(C=CC=N1)CN=S(=O)(C2=CC=CC=C2)N3CCN(CC3)/C(=C(\C#N)/PC#N)/N4CCN(CC4)S(=O)(=O)C5=CC=CC=C5
623,CC1=NC2=NC(N3CCCC3CN3CCCC3)=NC2=N1,15 33 80 129 281 282 358 378 384 446 486 508 514 571 607 634 665 684 706 767 822 892 908 926 927 935 1018 1019 1028 1057 1065 1101 1254 1273 1275 1325 1367 1380 1422 1444 1468 1480 1552 1586 1722 1791 1816 1857 1886 1919 1998 2038,CC1=NC2=NC(=NC3=NC(=NC(=N1)N23)N4CCCC4CN5CCCC5)N6CCCC6CN7CCCC7
624,COc1ccc(C(F)(F)F)cc1C1=CN=C2SC(NC(=O)C(C)C)=C1S2,1 24 47 79 94 114 212 242 249 257 283 291 342 352 378 455 462 465 573 594 606 650 675 695 705 710 738 739 769 779 807 809 811 841 856 875 905 938 1024 1057 1081 1091 1139 1152 1167 1169 1189 1223 1260 1285 1334 1335 1349 1380 1417 1421 1431 1453 1522 1536 1593 1594 1632 1665 1670 1722 1750 1763 1800 1816 1873 1906 1912 1917 1926 1928 1963 1966 1970 2014 2044,CC(C)C(=O)NC1=NC=C(S1)C2=C(C(=C3C2=NC=C(S3)NC(=O)C(C)C)C4=C(C=CC(=C4)C(F)(F)F)OC)C5=C(C=CC(=C5)C(F)(F)F)OC
625,COc1ccccc1CN(CCSc1nnc(N2CCN(C)CCCC2=O)s1)c1ccc(C)cc1,14 46 60 80 82 109 116 126 154 162 207 235 249 295 299 300 314 341 378 407 411 507 548 650 674 675 695 702 733 797 798 811 819 834 838 841 875 881 926 935 936 960 999 1028 1057 1077 1088 1096 1138 1145 1164 1182 1199 1207 1236 1260 1288 1327 1349 1380 1410 1414 1457 1493 1497 1536 1559 1576 1597 1601 1645 1661 1683 1687 1722 1738 1750 1764 1780 1823 1873 1886 1920 1951 1970 1999,CC1=C(N(CCC1)C2=NN=C(S2)SCCN(CC3=CC=CC=C3OC)C4=CC5=C(CCCC(=O)N5C6=CC=C(C=C6)C)C=C4OC)Cl
626,COC(=O)CN1C(=O)COC(=O)c2cccc3ccc(nc23)C(=O)OCCN2CCCC1C2=O,5 36 80 130 164 195 203 204 231 246 257 311 314 324 352 378 383 407 424 441 446 449 500 609 621 639 650 656 680 695 714 798 807 841 892 926 935 950 980 984 998 1001 1014 1019 1025 1028 1039 1057 1087 1088 1152 1213 1277 1306 1312 1325 1362 1380 1386 1480 1507 1526 1633 1642 1658 1710 1724 1750 1773 1775 1846 1855 1873 1917 1983 1993 2001 2013,COC(=O)CN1C(CCC1=O)C2=C3CC(C(=O)N3CCO2)N4CCCC(C4=O)C5=NC6=C(C=CC=C6C7=CC=CC8=C7N=C(C=C8)C9=CC(=O)OC9)C=C5
627,O=C(COc1ccccc1)N(CCCN1CCCC1)CC1=NC=C1,80 82 102 121 322 378 386 389 435 441 461 507 509 547 562 567 650 653 685 695 738 791 807 837 881 926 935 955 978 1017 1028 1088 1096 1138 1145 1193 1199 1209 1238 1271 1272 1276 1298 1335 1380 1396 1397 1422 1442 1452 1480 1482 1566 1573 1600 1695 1750 1791 1809 1851 1873 1887 1911 1917 1940 1951 1967 1998 2004,C1CCN(C1)CCCN(CC2=NC=CC(=C(C)N3C(=NN=C3OCC(=O)N(CCCN4CCCC4)CCCN5CCCC5)C)C=C2)C(=O)COC6=CC=CC=C6
628,COc1ccc(C(=O)OC2CCCC2OC(=O)c2ccccc2)cc1,70 76 87 92 145 178 292 302 322 352 389 606 650 695 718 775 781 798 803 807 828 831 841 918 926 1019 1028 1041 1055 1057 1063 1088 1126 1199 1325 1380 1385 1394 1421 1422 1520 1536 1600 1618 1697 1750 1759 1817 1857 1873 1893 1917 1978 1985 2007,COC1=CC=C(C=C1)C(=O)OC2CCCC(C=C3C2C=C(C=C3OC(=O)C4=CC=CC=C4)OC)OC(=O)C5=CC=CC=C5
629,CCC1CN(c2ccc(C)cc2-c2cc(F)cc(OC)c2)CCO1,80 175 235 248 278 294 322 352 354 357 375 407 445 495 513 656 662 695 699 739 767 781 841 926 935 937 950 1013 1014 1019 1034 1038 1042 1057 1120 1160 1218 1272 1295 1380 1391 1454 1480 1498 1536 1590 1670 1694 1708 1722 1740 1750 1777 1823 1859 1873 1915 1928 1995 1998,CCC1CN(CCO1)C2=C(C=C(C=C2)C)C3=CC(=CC(=C3)F)N4C(CN(CCO4)C5=C(C=C(C=C5)C)C6=CC(=CC(=C6)F)OC)OC
630,O=C1c2cc3cc(c3)c2=CC=c2c3cccc2=CC=C(c2ccccc2)OCN1CCO3,186 210 256 294 310 314 352 374 382 389 399 407 441 461 464 594 602 605 627 650 656 736 762 776 805 875 879 926 933 935 950 1014 1030 1039 1088 1097 1160 1199 1237 1249 1289 1341 1345 1353 1362 1379 1380 1385 1404 1422 1459 1480 1481 1529 1614 1619 1637 1740 1750 1762 1800 1826 1833 1855 1872 1873 1905 1948 1998 2013 2022,C1CCN2COC3=CC=CC=C3OCCN4C=C5C=C6C=CC=CC6=CC5=C4C(=O)N7C=C8C=CC=C(OCCN1C2=O)C9=CC=CC=C9
631,CN(C)C(=O)N(CC(=O)O)C(=O)Nc1nc2ccccc2cc1-c1cccc2ccc(Cl)cc12,20 56 80 165 193 203 216 230 246 289 352 378 389 442 444 486 495 561 605 650 675 693 708 731 807 816 875 881 926 959 984 997 1039 1057 1085 1087 1088 1096 1097 1104 1152 1163 1190 1199 1224 1252 1275 1317 1357 1380 1418 1516 1540 1648 1653 1683 1735 1737 1750 1809 1816 1855 1873 1917 1921 1951 1985 2019,CN(C)C(=O)N(CC(=O)O)C(=O)NC1=CC(=C(C=C1NC(=O)N(C)C)C2=CC=CC3=C2C=C(C=C3)Cl)[NH2+]C4SCS4
632,Cc1ccc2nc1c1cc3ccc1c(nncn3C(=O)N1CCCCC1)c2=O,2 59 84 220 256 262 272 281 286 314 322 344 369 378 392 395 429 466 525 552 612 620 647 650 729 736 749 792 807 875 917 926 932 935 936 950 961 1028 1032 1057 1097 1129 1164 1166 1184 1221 1234 1357 1380 1391 1432 1475 1480 1534 1691 1722 1724 1730 1733 1750 1834 1855 1873 1910 1917 1934 1940 1991 1998 2009 2038,CC1=C2C(=C(C=C1)C(=O)C3=CC4=CC5=NN=CN5C(=O)N6CCCCC6)C=CC(=N2)N4C(=O)N7CCCCC7
633,O=C(N1CCCC1)N(C=Cc1ccccc1)c1ccccc1,0 24 108 196 225 236 283 288 312 352 369 389 393 478 650 694 771 807 813 835 878 881 889 892 926 935 1028 1088 1096 1110 1185 1199 1218 1285 1353 1380 1385 1392 1415 1480 1582 1659 1692 1699 1750 1793 1808 1873 1908 1917 1929 1998 2009 2033,C1CCN(C1)C(=O)C(=[Se])N2CCCN2N(C3=CC=CC=C3)C(=O)C(=O)N(/C=C/C4=CC=CC=C4)N5CCCC5
634,CCN(CCCn1c(N(C)C(=O)COc2ccc(OC)cc2)nc(C)c1C(=O)OC)C(C)=O,5 54 64 80 92 102 110 127 145 157 174 253 294 322 333 378 425 441 555 585 596 695 718 781 802 807 831 841 861 881 906 932 935 955 978 1008 1017 1057 1060 1145 1152 1163 1171 1224 1238 1272 1332 1380 1396 1424 1452 1536 1588 1620 1722 1750 1765 1855 1873 1887 1911 1917 1951 1967 2004,CCN(CCCN1C(=C(N=C1NN(C)C(=O)COC2=CC=C(C=C2)OC)C)C(=O)OC)C(=O)C
635,O=C1NC(=S)N2CCN(C(=O)Nc3ccccn3)CCN3C(=O)N(c4ccc([N+](=O)[O-])cc4)C2C13,92 94 97 201 215 218 233 281 314 315 364 378 398 430 448 483 630 650 656 684 708 715 753 769 774 807 838 866 926 935 946 949 993 996 998 1010 1019 1034 1060 1088 1097 1099 1114 1152 1155 1183 1187 1195 1199 1215 1238 1256 1274 1312 1380 1381 1452 1458 1468 1480 1555 1589 1598 1629 1717 1750 1768 1809 1814 1816 1825 1840 1866 1873 1917 1922 1931 1962 1963 1980 2009 2043,C1CN2C(C(=O)NC2=O)N3CCN1C(=O)N(C3N4C=CN(C4=S)C(=O)NC5=CC=CC=N5)C6=CC=C(C=C6)[N+](=O)[O-]
636,COc1ccc(C(O)=CC=CSc2ccccc2-c2nn(C)c(=O)n2C)cc1,75 116 159 212 239 295 300 314 322 352 373 377 378 382 389 432 527 532 548 564 566 625 650 694 695 699 712 718 771 781 807 829 831 841 856 923 935 984 1025 1057 1062 1081 1088 1105 1111 1140 1145 1164 1199 1205 1211 1319 1332 1370 1380 1385 1393 1578 1582 1593 1597 1646 1686 1697 1722 1750 1794 1816 1873 1881 1953 1956 1963 2019 2024,CN1C(=NN(C1=O)C)N/C(=C/C=C/SC2=CC=CC=C2C3=NN(C(=O)N3C)C4=NN=C(C=C4)OC)/O
637,C=NN(C)c1c(F)cccc1-c1cc2ccc1N(c1ccccc1)C(=O)N2,33 78 111 168 314 352 374 389 407 484 515 574 594 650 699 725 799 817 821 875 881 935 984 1032 1039 1049 1057 1060 1061 1076 1088 1097 1114 1133 1163 1199 1201 1217 1267 1295 1304 1366 1380 1381 1399 1500 1504 1555 1608 1612 1643 1658 1686 1695 1750 1778 1821 1825 1840 1843 1861 1873 1909 1915 1928 1987 1995,CN(C1=C(C=CC=C1F)F)C2(C(=O)N(C3=C(N2N=C)C=C(C=C3)NC(=O)N(C4=CC=CC=C4)N=C)C5=CC=CC=C5)N(C)N=C
638,CCOC(=O)C(NC(=O)Nc1ccc(I)cc1)c1ccccc1,1 25 36 80 117 147 191 205 227 284 294 320 365 389 503 627 650 661 695 699 706 746 807 843 947 993 1057 1077 1088 1152 1189 1199 1238 1350 1365 1380 1443 1452 1494 1518 1581 1594 1606 1619 1722 1750 1816 1818 1842 1873 1917 1989 1990 2021,CCOC(=O)C(C1=CC=CC=C1)NC(=O)NC(C2=CC=CC=C2)C(=C(NC(C3=CC=CC=C3)C(=O)OCC)O)NC(=O)NC4=CC=C(C=C4)I
639,Cc1nn(CCC(=O)NC2CCCC2O)c(=O)n1C(F)(F)c1ccccc1,26 41 80 114 158 314 378 387 389 482 486 501 510 532 574 613 617 650 690 700 747 771 778 783 793 807 828 837 849 917 926 935 1019 1028 1041 1057 1063 1088 1102 1124 1145 1152 1162 1199 1249 1257 1288 1325 1329 1370 1380 1403 1417 1453 1461 1488 1496 1564 1622 1638 1722 1750 1774 1873 1917 1928 1935 1956 2017 2021 2036,CC1=NN(C(=O)N1NC(C2=CC=CC=C2)(F)F)CCC(=O)NC3CCCC4=CC=C(N4C3)C(=O)NC5CCCC5O
640,O=c1c2ccc(-c3nc4ccccc4c4ccccc34)n1CN1CC[S+]([O-])C(CC2)C1,72 87 107 137 162 171 187 237 281 289 314 323 372 378 389 422 434 504 577 593 627 631 650 652 713 715 739 904 918 926 935 960 1019 1022 1057 1085 1088 1095 1097 1116 1139 1199 1236 1253 1325 1357 1380 1459 1462 1479 1480 1496 1568 1573 1645 1661 1692 1730 1738 1750 1752 1812 1855 1873 1947 1958 1980,c1ccc2c(c1)c(=O)n1c(n2)C2=CC(CC1)[S+](CC2)[O-]
641,CC(=O)OC1C(O)C(O)C(OC2CCC(C)(C)C3CCCC23)C2CCC(C)CC21,26 270 355 456 488 499 519 521 522 556 564 604 622 644 650 663 695 701 725 789 798 807 812 825 893 908 926 937 944 946 1017 1019 1028 1035 1057 1060 1063 1122 1126 1148 1162 1210 1232 1257 1274 1277 1285 1292 1309 1325 1326 1381 1477 1487 1501 1552 1563 1565 1593 1600 1818 1820 1833 1883 1893 1917 1950,C[C@@H]1CC[C@H]2[C@@H](C1)[C@]3(CC[C@@H](C[C@@H]3[C@H]([C@@H]2O)OC(=O)C)N=C4C(=C[C@@]5(CC[C@@H]6[C@@H]([C@H]5C4)CCCC6(C)C)C)C(=O)C)C
642,CC(C)(C)C(=O)N(C(=O)N=C=O)C1CCCCC1,2 26 36 65 114 217 248 267 270 284 392 421 441 456 507 508 534 617 639 650 674 725 732 777 806 807 809 823 848 881 889 890 926 977 1016 1019 1028 1057 1063 1075 1151 1325 1359 1478 1528 1586 1638 1675 1917 1953 2046,CC(C)(C)C(=O)C(C)(C)C(=O)N(C1CCCCC1)C(C)(C)C(=O)C(C)(C)N(C2CCCCC2)C(C)(C)C(=O)N(C3CCCCC3)N=C=O
643,CC1C2ON=C(SC(=O)N1C)S2,15 35 314 378 430 437 576 650 656 666 675 718 771 785 824 856 878 920 935 1016 1019 1020 1057 1145 1148 1163 1166 1241 1309 1373 1380 1386 1416 1420 1443 1479 1560 1590 1652 1691 1716 1733 1793 1802 1869 1967 2044,C[C@H]1[C@H]2C#CC#C[C@@H]3[C@H](N(C(=O)N1C)C)SC4=NO[C@H]5C4=NO[C@H]5C#CC6=NO[C@H]([C@@H]6C)N7C(=O)N([C@@H]([C@H](N(C7=O)C)C)C)C
644,COC(=O)c1c2ccc(OC)c1NC(=O)N(CCN1CCCC1=O)Cc1ccccc1-2,80 94 110 145 155 191 221 249 267 297 314 352 370 424 440 456 458 521 586 635 650 680 695 798 807 820 841 851 901 906 926 927 935 984 1028 1057 1059 1060 1088 1089 1114 1123 1138 1145 1152 1168 1182 1199 1236 1380 1389 1411 1434 1480 1521 1536 1548 1602 1614 1691 1697 1708 1738 1750 1772 1873 1917 1946 1970 1976 1988 2030,COC1=C(C2=C(C=C1)C(=C3C(=C(C4=CC=CC=C4CN3CCN5CCCC5=O)O)N2)O)C(=O)OC
645,O=C(c1ccc(N2CCN(c3ccccc3)CC2)cc1)N1CC1,128 233 385 389 407 497 650 687 725 807 815 888 915 926 935 937 942 970 1049 1088 1199 1380 1385 1405 1480 1508 1510 1511 1589 1625 1687 1697 1709 1750 1825 1873 1917 1919 2009 2014 2033,C1CN(CCN1C2=CC=CC=C2)N3CCN(CC3)C(=O)C4=CC=C(C=C4)N5N(N(N=N5)C6=CC=CC=C6)C7=CC=CC=C7
646,CCOc1ccc(C(=O)n2c(=O)c(C=C(C#N)OC)cc3ccccc32)cc1,26 45 69 80 102 173 237 275 294 314 322 327 359 398 454 470 477 504 522 650 674 694 695 718 772 790 803 807 841 875 897 932 935 961 1003 1033 1057 1067 1087 1088 1139 1152 1199 1204 1210 1238 1282 1285 1347 1380 1384 1385 1402 1433 1443 1452 1457 1504 1511 1557 1596 1629 1641 1697 1711 1746 1750 1802 1853 1854 1855 1873 1882 1917,CCOC1=CC=C(C=C1)C(=O)N2C3=CC=CC=C3C=C(C2=O)/C=C(\C(=O)N[Hg]NC(=O)/C(=C/OC)/C#N)/OC
647,CCCCCCCCc1ccc(C(=O)O)oc1=O,80 114 243 294 310 314 381 389 396 456 581 591 650 656 682 717 758 794 807 968 1057 1143 1184 1205 1243 1291 1336 1349 1380 1411 1444 1468 1511 1527 1537 1543 1561 1604 1642 1671 1695 1741 1750 1754 1855 1873 1874 1917,[3H]C([3H])([3H])C([3H])([3H])C1=CC=C(OC1=O)C([3H])([3H])C2=CC=C(O2)CCC3=CC=C(OC3=O)C(=O)O
648,Cc1ccc(C(=O)OCCCC2CCCN(S(=O)(=O)c3ccc(Br)cc3)C2=O)c(C)c1,5 13 67 80 145 147 182 204 235 285 287 297 314 319 342 343 350 374 421 446 476 494 619 623 650 695 715 728 735 784 800 807 832 846 875 909 913 926 935 942 1013 1019 1028 1042 1051 1057 1112 1157 1227 1231 1247 1325 1366 1368 1380 1391 1444 1463 1476 1480 1588 1592 1611 1631 1649 1673 1697 1722 1724 1731 1734 1750 1823 1873 1911 1917 1935 1991,CC1=CC(=C(C=C1)/C(=C/2\C=C(C(=CC2=O)Br)C(=O)C3CCCN(C3=O)S(=O)(=O)C4=CC=C(C=C4)Br)/OCCCC5CCCN(C5=O)S(=O)(=O)C6=CC=C(C=C6)Br)Br)C
649,CCNC(=O)c1c(C(F)(F)F)cc(OC)c(Cl)c1C(F)(F)F,66 80 114 154 165 197 262 294 296 358 419 486 544 555 561 586 650 695 783 797 807 809 841 861 875 945 1000 1011 1057 1090 1135 1152 1172 1375 1380 1453 1498 1536 1624 1683 1717 1725 1726 1737 1849 1865 1873 1878 1886 1904 1917 1920 1928 1963 1970 2037,CCNC(=O)C1=C(C(=C(C(=C1Cl)C(F)(F)F)C(F)(F)F)C(=O)[Si]OC2=C(C(=C(C(=C2)C(F)(F)F)Cl)C(F)(F)F)Cl)C(F)(F)F
650,CCN1CC(C(=O)N2CCCCC2)=C(C(=O)c2ccc(F)cc2)C1=O,2 9 34 43 77 80 90 184 234 256 294 314 334 369 371 546 650 673 699 807 808 846 879 926 935 942 946 968 1028 1066 1089 1184 1198 1317 1380 1385 1410 1429 1432 1451 1480 1485 1504 1511 1626 1659 1670 1697 1750 1775 1873 1917 1928 1936 1998 2009 2029 2041,C1CCN(CC1)C(=O)C2=C(/C(=C/3\C(=O)N(C(=O)N3CC)CC)/N(N(C2=O)CC)C(=O)C4=CC=C(C=C4)F)C(=O)C5=CC=C(C=C5)F
651,Clc1ccc(N2CCCn3cnnc32)nc1,43 210 215 216 217 269 281 378 453 455 514 527 557 561 635 656 681 705 816 829 858 893 914 918 926 932 935 953 1028 1078 1083 1129 1155 1164 1196 1215 1365 1380 1391 1407 1452 1457 1480 1535 1544 1683 1750 1873 1927,C1CN2C=NN=C2N(C1)C3=CC=C(C=N3)N4CCCN5C4=NN=C5
652,COc1cc(Cl)cc(C(=O)Nc2ncccc2C(=O)CCc2cc(C)c(C(=O)OC3CCCC3)o2)c1,80 104 119 145 157 164 211 216 240 246 269 280 322 378 389 439 448 486 518 543 561 573 611 641 650 656 670 693 708 781 792 807 839 841 853 875 890 919 926 1014 1019 1028 1043 1057 1071 1088 1126 1147 1152 1218 1243 1261 1316 1322 1324 1325 1349 1380 1384 1385 1391 1410 1419 1447 1452 1464 1477 1530 1536 1563 1564 1604 1630 1635 1683 1693 1722 1747 1795 1816 1858 1866 1873 1876 1917 1919 1934 1991 2003 2021 2027,CC1=CC(=C(C=C1CCC(=C2CCC=N2)O)C(=O)NC3=C(C=CC=N3)C(=O)OC4CCCC4)CCC(=O)C5=CC(=CC(=C5)Cl)OC
653,CCCCCCCOC(=O)C(C(=O)OC)=C(C(=O)OC)C(=O)OCC(=O)OCC(=O)OCC(=O)OC,13 23 80 147 183 195 264 294 296 586 591 650 695 703 704 794 807 841 913 1041 1057 1078 1121 1143 1152 1249 1257 1360 1376 1377 1386 1444 1497 1524 1575 1609 1625 1703 1734 1824 1835 1845 1866 1911 1917 1937 1948 1983 1996 2004,CCCCCCCCCCCCCCCCOC(=O)CO/C(=C(\C(=C(/C(=O)OC)\OCC(=O)OC)\C(=O)OC)/C(=O)OC)/COC(=O)COC(=O)CC(=O)OC
654,CCC1C2CCC(C(=O)N2)N1C(=O)Cc1ccc(C(=O)Oc2ccccc2C)c2cc(OC)ccc12,19 24 60 67 80 111 129 145 177 200 259 260 294 301 310 314 322 325 357 431 459 486 504 590 597 638 650 689 695 708 718 734 781 807 817 840 841 875 917 926 935 948 1009 1019 1034 1036 1057 1059 1072 1075 1088 1114 1181 1199 1236 1300 1312 1325 1349 1357 1380 1391 1396 1410 1454 1470 1508 1536 1602 1606 1617 1656 1660 1722 1729 1733 1741 1750 1847 1860 1868 1873 1905 1917 1970 1972 1991 1999 2034 2039,CCC1C2CCC(N2C(=O)CC3=C4C=C(C=CC4=C(C=C3)C(=O)OC5=CC=CC=C5C)OC)NC(=O)C1OC6=CC=CC=C6C
655,COc1cc2n3c(n(C)c4ccccc14)=NN(C=2)CC3,45 46 48 61 109 145 249 348 373 378 391 423 543 564 602 618 695 709 731 841 868 926 935 992 1020 1043 1046 1057 1076 1088 1145 1184 1199 1216 1228 1285 1307 1357 1380 1398 1430 1460 1470 1480 1496 1516 1530 1534 1536 1573 1579 1686 1687 1726 1747 1750 1752 1796 1873 1910 1953 1970 2029,CN1CCN2C3=CC=CC=C3C(=C2C1)C4=C5N(C=C6N4C7=CC=CC=C7C(=NN6C)OC)CCN5C8=CC=NN8C
656,CCn1c(CN2CCCCC2)nc2ccc(OC)nc21,2 34 80 160 294 318 343 378 515 661 695 708 783 784 802 807 841 850 926 935 942 961 997 1028 1057 1067 1072 1097 1150 1306 1310 1361 1380 1422 1435 1474 1480 1516 1518 1532 1536 1570 1573 1590 1696 1750 1765 1791 1851 1855 1860 1873 1897 1952 1954 1998 2026 2046,CCN1C(=NC2=C1N=C(C=C2)OC)CN3C4=C(C=CC(=N4)OC)N=C3CN5CCCCC5
657,NC(=O)Cc1ccc(-c2ccccc2)n1N=NNc1ccccc1,8 71 80 105 140 147 185 191 242 291 301 325 331 372 389 394 409 425 494 589 650 672 703 710 725 736 791 803 807 818 831 935 995 1088 1091 1152 1160 1171 1199 1207 1221 1319 1346 1380 1446 1549 1584 1692 1750 1753 1757 1779 1816 1832 1873 1898 1917 1996 2022 2038,C1=CC=C(C=C1)C2=CC=C(N2/C(=C/C(=N/NC3=CC=CC=C3)/N)/N4C=CC=C4C5=CC=CC=C5)CC(=O)N
658,CN1C(=O)CCCC(NC(=O)Nc2ccc(F)c(-c3ccccc3Oc3ccccc3)n2)C1=O,5 9 127 193 240 285 300 314 322 323 352 378 387 389 473 546 562 641 650 695 697 699 798 807 905 926 935 946 967 976 984 987 1019 1020 1028 1052 1057 1088 1099 1117 1145 1152 1158 1182 1199 1263 1281 1319 1325 1380 1384 1410 1434 1458 1511 1515 1617 1664 1669 1678 1735 1738 1750 1752 1816 1840 1855 1873 1917 1928 1929 1961 1970 1979 1989 2000 2014 2015,CN1C(=O)CCCC(C1=O)NC(=O)NC2=NC(=C(C=C2)F)C3=CC=CC=C3ONC(=O)NC4=NC(=C(C=C4)F)C5=CC=CC=C5OC6=CC=CC=C6
659,COC(=O)c1ccc(I)c(C=C(I)CCCCOC2C3CCC(C)(C)C2O3)c1,13 30 78 80 93 104 145 154 175 184 189 220 307 402 459 469 497 582 615 650 656 661 694 695 758 786 807 823 841 875 906 926 946 947 961 972 1019 1057 1060 1084 1108 1126 1127 1138 1152 1162 1167 1218 1232 1238 1242 1249 1267 1274 1325 1343 1380 1385 1532 1564 1678 1697 1715 1746 1750 1768 1819 1846 1873 1911 1917 1921 1929 1950 2019,CC1(CC[C@@H]2[C@@H]([C@H]1O2)OCCCC/C(=C/C3=C(C=CC(=C3)C(=O)OC)I)/C(=C/C4=C(C=CC(=C4)C(=O)OC)I)/I)C
660,O=C(CN1CCCC1=O)N1CCN(CCn2c3ccc4c(=O)c3nnc42)CC1,45 74 80 84 93 191 236 314 342 355 357 378 475 518 525 621 650 760 795 798 802 807 865 894 926 935 1009 1028 1089 1108 1123 1138 1145 1164 1167 1182 1246 1263 1312 1313 1318 1330 1357 1380 1394 1404 1412 1441 1480 1482 1589 1599 1634 1696 1706 1724 1733 1738 1750 1779 1791 1860 1873 1917 1933 2009 2021,C1CC(=O)N(C1)CCN2CCN(CC2)C(=O)CN3C4=C(C(=O)C5=CC6=CC7=CC(=CC=C7N6CC(=O)N8CCCC8=O)C=C53)N=N4
661,CC(=O)n1c(=O)ccccc1=O,94 109 122 230 232 271 286 314 500 630 650 686 717 752 759 805 807 916 932 933 935 1015 1017 1049 1057 1080 1088 1141 1190 1199 1218 1282 1300 1380 1586 1594 1750 1798 1873 1912 1917,B(C1=CC=C(N1C(=O)C)B(C2=CC=CC=C2B(C3=CC=CC=C3)C4=CC=CC=C4B(C5=CC=CC=C5)C(=O)C)C(=O)C)(N6C(=O)C=CC=CC6=O)N7C(=O)C=CC
662,COc1ccc2nc(NC(=O)Oc3c(Cl)cc(Cl)cc3OC)oc2c1,8 23 212 216 249 308 322 333 366 378 429 538 541 561 594 625 641 650 656 661 695 718 741 758 781 807 821 841 875 961 1036 1057 1097 1139 1152 1160 1183 1209 1261 1288 1320 1326 1380 1417 1455 1536 1604 1619 1621 1683 1729 1747 1750 1758 1775 1785 1800 1803 1808 1816 1855 1856 1873 1875 1892 1917 1970 1972 1989 2045,COC1=CC2=C(C=C1)N=C(O2)NC(=O)OC3=C(C=C(C=C3Cl)C4=C(C=C(C=C4Cl)Cl)OOC)OOCI
663,COc1ccc2cccc(C(=O)NCCN3CCCC3)c2c1,8 49 60 80 102 194 197 203 287 322 486 561 586 650 667 695 714 718 781 798 807 841 875 926 935 1028 1031 1039 1057 1066 1087 1088 1089 1102 1104 1115 1135 1137 1145 1152 1153 1168 1247 1286 1287 1317 1357 1375 1380 1422 1439 1447 1480 1482 1536 1736 1750 1758 1791 1806 1855 1857 1873 1917 1972 1991 1998,COC1=CC2=C(C=C1)C=CC=C2C(=O)NCCN3CCN(C3=POC(=O)NCCN4CCCC4)CCNC(=O)C5=CC=CC6=C5C=C(C=C6)OC
664,CC1CCCCN1C(=O)N1CCN(C(=O)c2ccc(C(F)(F)F)c3ccccc23)CC1,36 67 114 179 193 242 262 270 294 299 358 362 401 419 427 616 623 650 726 734 763 786 807 809 889 890 926 935 942 1019 1028 1057 1084 1088 1199 1236 1269 1274 1283 1309 1325 1352 1357 1380 1447 1453 1480 1487 1504 1569 1571 1573 1589 1712 1750 1873 1911 1917 1928 1940 1991 1998 2009 2038,CC1CCCCN1C(=O)N2CCN(CC2)C(=O)C3=CC=C(C4=CC=CC=C43)C(=O)C(=O)N5CCCCC5C(F)(F)F
665,CCCCCN(CC)C(=O)NCCCCCN1C2=Nc3sc(c1c3-c1ccccc1)S2,3 17 80 146 162 166 190 193 197 230 294 297 378 384 386 389 415 433 524 546 566 584 588 591 592 624 634 650 654 667 675 685 736 794 807 881 893 927 932 935 978 1008 1057 1074 1088 1143 1145 1152 1160 1199 1241 1272 1287 1298 1316 1380 1382 1386 1419 1423 1444 1470 1476 1614 1669 1747 1750 1758 1767 1825 1836 1840 1873 1876 1911 1917 1951 1957 2011 2044,CCCCCCCCNC(=O)N(CC)CCCCCN1C2=C(N=C3C1=C(C(=C4N3C=CN(C=C4)NCC)C5=CC=CC=C5)C6=CC=CC=C6)SC=C2
666,CCOc1ccc2oc3cccc(C(=O)N(CC(=O)OC)C(=O)c4ccc(Br)cc4)c3c2c1,4 37 60 67 69 109 150 195 237 251 262 286 294 322 354 366 368 380 397 519 587 650 656 695 706 718 728 807 841 875 881 899 901 909 928 1023 1039 1057 1088 1118 1128 1152 1157 1190 1221 1238 1245 1291 1357 1380 1385 1386 1388 1419 1447 1452 1501 1601 1604 1631 1648 1649 1697 1750 1770 1776 1808 1810 1832 1870 1873 1917 1978 1984 1991 2031 2043,CCOC1=CC2=C(C=C1)OC3=CC=CC(=C32)/C(=C\4/C=C[NH+]=C4)/N(C(=O)C5=CC=C(C=C5)Br)C(=O)CN(CC(=O)OC)CC(=O)OC
667,CC1=NC(=O)C(Sc2nc(C(=O)N3CCCC(O)C3)cs2)=C1,12 84 116 142 208 245 279 314 369 378 389 398 440 446 451 482 495 552 590 598 641 650 675 716 739 776 787 799 807 846 855 907 926 927 935 999 1019 1028 1057 1112 1165 1186 1222 1257 1259 1325 1380 1450 1480 1492 1504 1541 1547 1567 1630 1648 1666 1722 1732 1763 1768 1840 1841 1855 1873 1917 2009 2021,CC1=CC(=O)N=C2C1=NC(=N2)SC3=NC(=CS3)C(=O)N4CCCC(C4)O
668,Cc1ccc(NC(=O)c2ccc(S(=O)(=O)OS(=O)(=O)O)cc2)c2cccnc12,50 77 100 186 210 289 319 320 350 373 374 378 448 486 507 592 650 667 695 715 731 807 947 1015 1041 1043 1057 1069 1088 1118 1123 1144 1152 1166 1173 1182 1206 1224 1230 1265 1357 1380 1385 1387 1391 1452 1463 1476 1507 1532 1573 1665 1691 1697 1722 1724 1750 1783 1795 1816 1837 1856 1862 1865 1866 1873 1887 1917 1939 1950 2005,CC1=C2C(=C(C=C1)NC(=O)C3=CC=C(C=C3)S(=O)(=O)OS(=O)(=O)OS(=O)(=O)C4=CC=C(C=C4)C(=O)NC5=C6C=CC=NC6=C(C=C5)C)C=CC=N2
669,CCOC(=O)N1Cc2ccc1c(CCN(C(=O)c1ccc3c4ccc(cc1-3)s4)C(C)C)c2,1 67 80 87 147 162 194 216 273 283 294 307 340 352 413 428 522 524 546 604 650 661 675 680 695 721 807 828 873 875 881 885 926 935 946 1003 1057 1065 1181 1221 1238 1243 1295 1343 1347 1349 1380 1387 1391 1476 1529 1583 1616 1633 1710 1711 1722 1731 1750 1766 1835 1839 1861 1869 1873 1915 1916 1917 1937 1946 1951 1969 1979 1991 2027 2031,CCOC(=O)N1CC2=CC(=C(C=C2)C(=O)N(CCC3=C(C=CC(=C3)CN(C4=C1C=CC5=C4C=C(S5)C)C(=O)OCC)C(=O)N(C(C)C)C(C)C)C(C)C)C
670,COc1ccccc1N(C(C)=O)S(=O)(=O)c1ccccc1,3 23 159 181 240 249 319 343 350 389 394 430 464 503 549 575 650 695 771 776 807 815 818 841 881 997 1017 1057 1072 1088 1119 1199 1235 1362 1380 1401 1406 1410 1469 1476 1496 1510 1531 1536 1540 1588 1604 1636 1750 1772 1786 1805 1873 1876 1884 1917 1921 1946 1970 2018,CC(=O)N(C1=CC=CC=C1N(C(=O)C)S(=O)(=O)C2=CC=CC=C2)N(C3=CC=CC=C3OC)C(=C4C=CC=C4)N(C5=CC=CC=C5OC)S(=O)(=O)C6=CC=CC=C6
671,O=C1c2ccccc2-c2c1cc(O)c(O)c2-c1cccc(Br)c1,1 202 220 249 314 342 352 484 485 572 579 606 615 650 692 695 707 728 736 766 767 787 807 840 851 875 909 936 953 984 1039 1088 1105 1160 1199 1290 1380 1476 1530 1602 1607 1631 1747 1750 1840 1849 1873 1925 1947 2005 2021,C1=CC=C2C(=C1)C(=O)C3=CC(=C(C(=C3C2=O)C4=CC(=CC=C4)Br)O)OOC5=CC(=C(C6=C5C(=O)C7=CC=CC=C7C6=O)O)O
672,COc1cc(S(=O)(=O)N(CCS)c2ccccc2)ccc1N1C=NCC1,66 80 188 229 238 249 288 313 319 343 344 350 378 389 462 478 494 509 552 565 630 650 652 695 708 715 785 810 815 841 874 875 881 922 926 935 958 963 1056 1057 1087 1088 1096 1142 1172 1199 1212 1295 1302 1344 1380 1425 1432 1459 1470 1476 1480 1481 1536 1581 1582 1684 1750 1795 1873 1915 1939 1945 1951 1956 1970,COC1=C(C=CC(=C1)S(=O)(=O)N(CCS)C2=CC=CC=C2)N3C=NC(=N3)N4CCN=C4N5CCN=C5
673,COc1ccc(CN(C(=O)N(CCCCN2CCCC2)c2ccc(F)cc2)c2ccccc2)cc1,49 80 90 180 288 296 303 310 322 352 389 507 520 524 626 650 653 667 673 691 695 699 718 741 781 783 807 831 841 853 870 881 893 926 935 960 1023 1028 1057 1088 1092 1096 1099 1128 1145 1147 1199 1217 1231 1259 1308 1380 1410 1422 1448 1480 1482 1536 1636 1648 1669 1670 1673 1719 1750 1754 1791 1837 1873 1911 1917 1928 1951 1957 1998,COC1=CC=C(C=C1)N(CC2=CC=C(C=C2)F)C(=O)N(C3=CC=CC=C3)C(=O)N(C4=CC=C(C=C4)OC)N(CCCCN5CCCC5)C6=CC=C[N-]6
674,C=CC=c1nc2n(C(=O)N3CCN(C(=O)CCCc4cccc(Cl)c4Cl)C3=O)c1=NC=N2,30 63 64 73 77 80 92 100 117 136 137 165 168 198 227 285 314 357 362 366 376 378 384 398 402 469 502 508 521 526 538 552 561 598 602 650 681 694 729 738 784 807 817 883 890 919 935 974 995 999 1009 1011 1039 1086 1088 1095 1168 1243 1269 1273 1282 1289 1349 1366 1380 1387 1393 1413 1440 1476 1478 1480 1520 1527 1543 1557 1564 1597 1635 1645 1681 1683 1727 1736 1741 1750 1795 1820 1855 1873 1900 1911 1917 1935 2038,C=C/C=C/1\C(=O)C2=NC=NC2=N1
675,CCN1CCN(C(=O)c2cccc3c(F)cc4ccccc4c23)CC1,34 53 74 80 90 107 133 215 254 271 294 355 362 381 458 502 507 536 574 650 699 772 782 807 836 839 865 875 926 935 942 1057 1087 1088 1153 1165 1199 1281 1357 1380 1447 1474 1480 1504 1573 1589 1659 1683 1750 1780 1791 1840 1855 1873 1917 1928 1933 1983 1984 1991 2009,c1ccc2c(c1)c(c1c(c2[S+](c2c(cc(c(c2)F)C(=O)N2CCN(CC2)CC)F)Cl)c(cc2c1cccc2)F)N1CCN(CC1)CC
676,COc1cc(Cl)ccc1N(C)c1nc(C(=O)N2CCCCC2)nn1-c1cc(Cl)ccc1F,2 10 11 24 46 56 87 165 216 249 261 321 344 369 378 525 541 561 604 636 650 695 699 707 816 839 841 875 881 926 935 942 1057 1092 1150 1163 1165 1224 1295 1327 1380 1395 1414 1420 1480 1504 1520 1536 1588 1673 1675 1683 1719 1720 1750 1763 1786 1840 1855 1873 1883 1917 1928 1956 1970 1998 2009 2018 2033 2035,CN(C1=C(C=C(C=C1)Cl)F)C2=C(C=C(C(=C2)F)N3N=C(N=N3)C(=O)N4CCCCC4)N(C)C5=NC(=NN5C6=C(C=CC(=C6)Cl)F)C(=O)N7CCCCC7
677,CN(C(=O)CCCCC(=O)N1CCN(C(=O)c2ccccc2)CC1)c1nc(=O)ncs1,50 54 80 115 141 212 314 378 389 393 497 534 610 619 650 675 760 807 855 881 926 935 942 964 996 1009 1057 1088 1119 1133 1138 1163 1199 1200 1206 1238 1260 1267 1285 1380 1385 1396 1452 1480 1504 1511 1564 1567 1581 1589 1638 1639 1653 1719 1750 1790 1843 1844 1855 1870 1873 1908 1911 1916 1917 1921 1926 1958 1985 2009,CN(C)C(=O)CCCCC(=O)N(C)C1=NC(=CS1)C(=O)N(C)C2=NC(=CS2)C(=O)N3CCN(CC3)C(=O)C4=CC=CC=C4
678,CC1(C)CCN(CCCN2CC3=C(N=C(c4ccccc4)N4CCN=C34)C2=O)C1=O,64 80 86 95 99 113 144 217 253 255 278 289 313 314 349 378 389 494 650 714 731 736 804 879 881 903 926 927 935 942 951 953 1057 1058 1060 1088 1089 1119 1145 1160 1162 1180 1195 1199 1214 1221 1269 1274 1331 1341 1380 1412 1457 1477 1480 1496 1527 1546 1551 1601 1641 1703 1750 1830 1873 1886 1911 1912 1946 1973 1974 2007 2021 2045,CC1(CCN(C1=O)CCCN2CCN3C2=NC4=C(C3=O)CN5C4=NC6=C(C5=O)CN7C6=NCCC7(C)C)C
679,O=C(c1ccccc1)N(Cc1ccccc1)C1CCCCC1,2 9 41 80 264 375 389 404 487 507 561 587 629 650 705 721 727 744 807 809 881 890 926 962 991 1019 1028 1063 1066 1088 1104 1147 1199 1221 1271 1325 1380 1385 1602 1686 1750 1754 1842 1873 1917 1922 1975 1985 2036,C1CCC(CC1)N(CC2=CC=CC=C2)C(=O)C3=C(C(=[N+]=C(C4=CC=CC=C4)C5=CC=CC=C5)C(=C=[N+]=O)C6=CC=CC=C6)O
680,CC(C)(C)CC(N1CCc2c1c1ccccc1oc2=O)C(C)(C)C,1 80 83 114 146 163 263 305 314 361 368 392 410 475 507 529 543 557 579 648 650 656 679 795 825 892 926 935 942 997 1004 1057 1088 1128 1156 1199 1222 1252 1290 1318 1330 1357 1380 1468 1472 1480 1484 1573 1604 1738 1750 1773 1783 1787 1808 1813 1862 1873 1929,CC(C)(C)CC(CC(C)(C)C)N1CCC2=C1C(=O)OC3=CC=CC=C23
681,COc1ccc(-c2nc(N(C)C)n(CCN3CCCCC3)n2)cc1,0 2 80 88 158 168 274 322 378 384 435 439 446 476 572 664 667 695 718 740 781 825 831 841 881 896 926 935 1028 1057 1128 1145 1153 1160 1163 1224 1242 1355 1380 1385 1422 1441 1480 1482 1527 1536 1700 1741 1750 1791 1818 1855 1873 1925 1949 1956 1998 2007,CN(C)C1=NN(C(=N1)N(C)C)CCN2CCCN(CC2)CCN3C(=NC(=N3)C4=CC=C(C=C4)OC)N(C)C
682,CN(C(=O)N1CCNC(=O)NC1=O)C(=O)n1ccsc1=Nc1ccc(C(=O)N2CCN(c3ccccc3)CC2)cc1,14 37 58 65 78 95 99 155 202 205 210 258 283 305 314 366 389 407 424 443 497 540 650 675 687 688 697 725 807 854 870 881 887 917 926 935 942 964 968 1049 1057 1060 1088 1101 1114 1163 1178 1184 1193 1199 1294 1332 1347 1349 1369 1380 1385 1387 1394 1401 1405 1418 1420 1480 1504 1508 1511 1567 1589 1646 1697 1720 1747 1750 1767 1804 1807 1825 1850 1854 1866 1873 1917 1974 2008 2009 2030,CN(C1=NC2=CC=C(C=C2)C(=O)N3CCN(CC3)C4=CC=CC=C4)C5(C(NC(=O)N5)(N6C=CSC6=NC7=CC=C(C=C7)C(=O)N8CCN(CC8)C9=CC=CC=C9)N1)C
683,COc1ccc(F)cc1NC(=O)NC(C)c1ccc(C(C)(C)C)cc1,1 33 56 74 94 114 117 152 153 233 243 249 283 306 311 365 368 392 499 518 530 546 565 573 596 650 695 699 807 841 875 1052 1057 1058 1104 1143 1152 1224 1339 1365 1380 1410 1417 1468 1487 1536 1556 1627 1665 1670 1695 1750 1787 1816 1853 1873 1894 1917 1928 1929 1970 1989 2030,CC(C1=CC=C(C=C1)C(C)(C)C)NC(=O)C(C2=CC=C(C=C2)C(C)(C)C)NONC3=C(C=CC(=C3)F)NC(=O)NC4=C(C=CC(=C4)F)OC
684,O=c1[nH]ccn1CCCc1ccc(Br)nc1,15 80 199 202 221 259 265 273 310 314 378 399 404 430 440 551 569 630 632 650 702 719 723 728 758 806 820 875 885 935 978 997 1015 1077 1101 1111 1114 1145 1166 1243 1270 1380 1452 1455 1487 1506 1535 1631 1740 1744 1750 1754 1817 1827 1844 1873 1886 1911 1947,C1=CC(=NC=C1CCCN2C=CN[Si]2(N3C=CNC3=O)N4C=CNC4=O)Br
685,O=c1c2ccc(cc2)c2ccccc2oc2ccc([N+](=O)[O-])n2c2nc1cs2,2 93 141 203 272 314 368 378 408 439 461 525 531 548 552 609 624 627 630 650 656 663 675 715 753 823 838 935 1081 1088 1097 1104 1126 1128 1195 1196 1199 1247 1274 1335 1352 1357 1380 1493 1567 1573 1590 1604 1685 1702 1750 1808 1815 1820 1828 1840 1855 1873 1914 1917 1936 1940 1953 1963 1973 2002,C1=CC=C2C(=C1)C=CC3=C2OC4=C(C3=O)N5C=CN(C5=C(C4=O)C(=O)C6=NC7=CSC(=C7C=C6)[N+](=O)[O-])[N+](=O)[O-]
686,COc1ccc(C(=O)C2=C(OCCCC3(C)CCCCC3)C=C2C(C)=O)cc1,2 9 13 80 84 98 102 223 322 348 388 414 462 546 551 563 599 609 650 695 718 749 756 781 795 807 831 841 842 852 882 906 910 926 1017 1028 1036 1057 1060 1100 1162 1265 1274 1283 1323 1337 1375 1380 1385 1409 1411 1452 1500 1508 1536 1638 1663 1685 1697 1737 1744 1750 1755 1775 1820 1873 1879 1911 1917 1941 2029,CC(=O)C1=C2C=C(C(C[NH2+]2)(C(=C1C(=O)C)OCCCC3(CCCCC3)C)C)C(=O)C4=CC=C(C=C4)OC[N+](C)(C)C5(CCCCC5)C
687,COC1=C(n2nc3nc2S3)C(N2CCCCC2)=C(S(=O)(=O)N2CCC3(CCCOC3)C2)C1=O,2 120 134 135 148 156 173 246 314 350 351 378 407 415 469 485 490 518 523 529 555 585 602 637 646 648 650 656 675 680 695 800 833 838 841 849 926 935 950 979 982 1012 1028 1057 1060 1065 1088 1093 1121 1162 1224 1236 1364 1380 1436 1439 1468 1476 1480 1495 1514 1536 1540 1555 1564 1577 1600 1635 1745 1746 1852 1855 1881 1952 1956 1998 1999 2037 2044,COC1=C(C(=O)N=C2N1N=C(S2)S(=O)(=O)N3CCC4(C3)CCCOC4)N5CCCCC5
688,CC(=Cc1ccc(C)c(S(=O)(=O)c2ccc(F)cc2)c1)C(=O)N1CCCCC1=O,12 25 27 83 90 175 278 310 312 314 319 335 350 381 392 459 494 506 650 694 699 715 728 773 798 807 829 867 875 895 900 926 935 1017 1028 1033 1057 1097 1110 1182 1189 1215 1331 1351 1380 1387 1391 1410 1476 1480 1490 1523 1571 1586 1691 1712 1722 1738 1746 1750 1762 1815 1873 1917 1918 1928 1983 1998 2033,CC1=C(C=C(C=C1)/C=C(\C)/C(=O)N2CCCCC2=O)S(=O)(=O)C3=C(C=CC(=C3)[Te]C(=O)N4CCC(=C(C4=O)Br)C)C
689,COc1ccc(Cl)c(-n2cnc3ccc(Cc4ccc(CN5CCCCC5)cc4)nc32)c1,2 52 80 135 192 218 283 310 322 360 366 378 409 498 561 564 652 666 667 695 704 718 724 781 782 784 793 811 841 875 910 925 926 932 935 959 961 1000 1028 1057 1063 1097 1101 1295 1336 1361 1380 1422 1430 1447 1452 1468 1480 1527 1536 1557 1576 1602 1615 1683 1696 1700 1739 1750 1754 1765 1767 1769 1771 1791 1808 1855 1873 1912 1972 1998,COC1=CC(=C(C=C1)Cl)N2C=NC3=C2N=C(C=C3)CC4=CC=C(C=C4)CN5C=CC6=C5N=C7C=CC(=CC7=N6)CN8CCCCC8
690,CC(=O)N(C(=O)c1ccc(F)cc1C#N)C1CCN(C)C1=O,5 13 67 146 156 159 221 266 314 325 326 360 361 400 485 497 534 543 643 650 674 699 708 740 779 790 807 839 875 881 885 910 926 935 1017 1019 1057 1063 1071 1136 1140 1145 1221 1265 1325 1380 1384 1385 1410 1452 1457 1463 1471 1480 1487 1588 1670 1677 1680 1693 1743 1750 1759 1778 1862 1873 1917 1928 1991,CC(=O)N(C1CCN(C1=O)C)C(=O)C2=CC(=C(C(=C2)C#N)N3CCN(C3=O)C)C(=O)CC(=O)C4=C(C=C(C=C4)F)C#N
691,CCCCCc1ccc2c(Cl)c3cc(c2c1)N=C3C1=CCCN(CCCc2ccccc2)C1=O,38 80 104 294 310 314 352 357 362 378 389 440 464 561 591 635 650 713 724 794 819 849 875 879 893 926 927 935 951 969 972 978 1011 1012 1026 1029 1045 1057 1066 1088 1089 1133 1145 1147 1167 1176 1184 1199 1206 1229 1243 1252 1289 1357 1380 1442 1444 1480 1499 1506 1539 1566 1571 1598 1614 1632 1661 1683 1706 1733 1750 1754 1781 1791 1852 1867 1873 1911 1923 1998 2035,CCCCCC1=CC2=C(C=C1)C3=NC4=CCCN(C4=CC3=N2)CCN5CCC=C6C5=NC7=C(C6=N5)C=CC(=C7)CCCCC8=CC=CC=C8
692,COC(=O)c1cc(OC)ccc1C(=O)N1C(=O)c2c3cccc2C1=C=C3,2 57 67 81 145 178 206 314 322 329 352 356 368 461 576 590 650 672 695 704 706 718 745 781 793 807 841 875 879 895 906 925 935 936 984 1025 1039 1057 1088 1152 1193 1336 1344 1380 1432 1448 1504 1536 1544 1554 1575 1747 1750 1785 1821 1828 1873 1917 1920 1972 1991 2006 2040,COC1=CC(=C(C=C1)C(=O)N2C(=O)C3=CC=CC4=C3C(=C=C=C4)C2=O)C(=O)N5C(=O)C6=C(C5=O)C(=C(C=C6)C(=O)OC)C(=O)OC
693,O=C(CCCCCS(=O)(=O)O)OCOS(=O)(=O)c1ccc(CC(=O)Oc2ccc(S(=O)(=O)O)cc2)cc1S(=O)(=O)O,22 80 86 87 91 147 153 186 230 310 319 322 325 350 367 392 462 481 517 592 626 640 650 667 677 695 715 718 769 807 813 836 875 901 1007 1013 1024 1029 1097 1143 1195 1258 1267 1276 1379 1380 1386 1399 1405 1446 1468 1476 1480 1525 1564 1653 1672 1723 1729 1733 1750 1754 1822 1843 1865 1873 1911 1917 1956,C1=CC(=CC=C1OC(=O)CCCCCCCCCCCCCCCCCCC(=O)OCOS(=O)(=O)C2=C(C=C(C=C2)CC(=O)S(=O)(=O)O)S(=O)(=O)O)S(=O)(=O)O
694,COC(=O)c1ccccc1C(=O)N1CCC(N2CCCCC2)CC1,2 145 218 332 353 362 392 405 440 558 600 608 639 650 652 663 695 807 823 841 847 906 926 930 935 942 962 1013 1019 1028 1057 1063 1088 1152 1199 1226 1324 1325 1362 1380 1442 1447 1480 1504 1508 1524 1595 1675 1750 1785 1854 1873 1902 1910 1917 1991 1998 2002 2009,COC(=O)C1=CC=CC=C1C(=O)N2CCC(CC2)[S+](C3CCC3)NC(=O)N4CCC(CC4)N5CCCCC5
695,CN1CCN(C(=O)NC(=O)Nc2ccc(OCc3ccccc3N=c3ccc4cn3-4)cc2)CC1,14 18 75 80 102 121 191 198 207 233 247 322 464 503 564 593 596 650 654 679 692 695 718 725 745 783 804 807 825 843 869 900 910 926 935 974 979 985 1023 1035 1057 1064 1088 1119 1130 1145 1199 1236 1333 1349 1372 1378 1380 1452 1456 1468 1480 1505 1509 1589 1597 1605 1683 1750 1792 1816 1825 1865 1873 1917 1982 1989 1990 2009,CN1CCN(CC1)/C(=N/C2=CC=CC=C2COC3=CC=C(C=C3)N4C=C(C=C4Cl)NC(=O)N/C(=N/N5CCN(CC5)C)/N6CCN(CC6)C)/N=O
696,CCC(CC)N(C(=O)c1cccc2cc(Cl)ccc12)c1nc(-c2cccc(OC)c2)cs1,1 39 80 121 165 181 216 224 276 294 322 347 378 440 451 552 561 562 568 650 675 695 721 736 742 744 758 773 781 792 801 806 807 816 836 841 861 875 881 924 964 973 980 987 999 1039 1057 1085 1087 1088 1160 1201 1221 1240 1264 1266 1273 1299 1357 1380 1447 1483 1535 1536 1544 1567 1575 1683 1729 1733 1750 1777 1799 1855 1873 1917 1972 1985 1991 2042,CCC1=CSC(=CS1)OC(=O)N(C2=NC(=CS2)C3=CC(=CC=C3)OC)C(CC)CC
697,CC[S+](Cc1ccc(OC2=CC=C3NC2=CC=C3C(=O)[O-])cc1)C(=O)N1CCN(c2cccc(OC)c2)CC1,3 77 80 133 146 150 193 197 206 259 261 282 284 293 294 310 317 322 332 362 407 414 496 546 562 650 687 695 715 718 725 732 739 751 781 791 807 808 832 840 841 875 926 932 935 945 1039 1049 1057 1060 1064 1088 1114 1200 1226 1249 1263 1277 1286 1287 1311 1325 1343 1380 1480 1492 1508 1536 1567 1568 1589 1617 1682 1711 1742 1750 1753 1754 1825 1833 1865 1873 1917 1964 1972 1992 1993 2009,[B-]1(N2CCN1CC2)(CC3=CC=C(C=C3)OC4=CC=C(N4)C(=O)[O-])N=C5N(C=CS5)C6=CC(=CC=C6)OC
698,CCOC(=CC=Cc1nn[nH]n1)C=C1C=CC=C1C(=O)N=C1C(F)=CC=C1c1cccc([N+](=O)[O-])c1C,30 36 75 78 80 119 142 147 164 252 294 345 352 354 378 414 420 432 468 488 503 535 547 549 574 581 650 689 694 695 699 715 716 725 749 753 774 807 835 838 862 895 897 914 984 1027 1039 1054 1057 1074 1088 1104 1106 1114 1122 1156 1164 1167 1181 1195 1207 1211 1238 1249 1281 1313 1319 1361 1380 1388 1402 1403 1460 1477 1588 1618 1700 1722 1750 1828 1841 1873 1892 1917 1928 1946 1963 2004 2034,CCOC(=O)/N=C/C=C/1\C=CC=C(C1=CC(=O)N=C2C=CC(=C3C=CC=C3C4=NNN=N4)C=C2)F
699,COC1=CC=CC1=CC=C1C(N(C)CCC2CCOC2)=NN=C(C)N1C,9 27 29 31 36 46 47 50 70 80 129 152 180 188 192 248 252 270 332 345 378 408 422 470 517 523 530 535 547 591 656 659 694 695 716 725 733 741 830 832 841 862 881 885 888 890 926 935 950 964 987 1019 1057 1096 1101 1145 1151 1163 1205 1211 1228 1238 1249 1325 1377 1380 1409 1449 1536 1619 1697 1718 1722 1744 1789 1838 1848 1873 1923 1951,CC1=C(N(C(=CC=C1)OC)C)N(C)CCN(C)C2=NN=C(N2C)N(C)CCC3CCOC3
700,[O-][N+]1([O-])SC2=[N+](N=C2c2ccccc2)c2ccccc21,63 66 164 229 378 389 399 434 438 448 463 465 470 512 552 675 715 724 736 803 856 965 1007 1020 1088 1153 1160 1197 1199 1263 1380 1382 1421 1525 1544 1555 1571 1591 1599 1612 1708 1711 1750 1780 1781 1798 1828 1831 1836 1870 1873 1989 2001 2021 2045 2046,C1=CC=C(C=C1)C2=N[N+](=C3[N+]2(C4=CC=CC=C4[N+]5(C3=CSN=C5)[O-])[O-])C6=CSC=[N+]6C7=CC=CC=C7
701,CCCCCCCOC(=O)COC(=O)COC(C)=O,13 65 69 80 135 146 147 264 294 314 457 493 589 591 631 650 676 695 771 778 779 794 807 846 849 936 1017 1034 1035 1057 1143 1183 1249 1386 1444 1588 1605 1734 1741 1911 1917 1934 1948 1987 1996 2004,CCCCCCCCCCCCCCCCOC(=O)COC(=O)COC(=O)COC(=O)COC(=O)COC(=O)C(=[NH2+])COC(=O)COC(=O)C
702,CCCCCc1cccc(C(=O)N2CCSC2=NC=CC#N)c1,24 80 104 157 212 223 294 340 343 381 401 410 434 437 447 469 491 591 603 618 650 658 674 675 694 725 755 765 789 790 794 797 807 862 875 880 888 926 935 957 963 978 1025 1039 1057 1066 1073 1088 1184 1243 1253 1256 1274 1367 1380 1384 1385 1387 1390 1444 1480 1504 1539 1554 1612 1636 1664 1690 1750 1754 1765 1777 1787 1809 1873 1880 1911 1917 1939 1942 1968 1985 2009 2028 2039,CCCCCC1=CC(=CC=C1)C(=O)N2CCSC2=NC3=CC(=CC=C3)C(=O)N4CC[NH+](C=C4)/C=C/C#N
703,O=C(c1cnc[nH]1)N1CCCC2CCN3CCN(CC1)C(=O)C23,5 60 143 144 167 181 191 276 314 369 378 407 446 570 585 593 650 702 713 749 786 806 807 820 857 872 890 899 904 926 935 942 973 1001 1019 1028 1041 1114 1179 1212 1233 1267 1325 1358 1380 1480 1504 1506 1508 1535 1559 1589 1603 1624 1646 1727 1736 1741 1854 1873 1917 1942 1980 2009 2029 2034 2036,C1CCC(C1)C2C(=O)C(=C3N2N4CCN(CC4)C3)C(=O)N5CCCC(C5=O)C6CCN(CC6)C(=O)C7=CN=CN7
704,COc1cccc(C2=C(C(=O)O)CCN(C(=O)c3ccccc3)S2(=O)=O)c1,2 140 172 184 207 320 322 389 417 443 456 461 469 545 562 622 650 658 695 735 736 746 781 803 807 841 875 926 935 936 990 1039 1057 1088 1096 1160 1198 1199 1284 1360 1364 1368 1380 1385 1407 1480 1504 1511 1536 1544 1568 1738 1750 1757 1777 1870 1873 1917 1919 1925 1972 1985,COC1=CC=CC(=C1)C2=C(N(/C(=C/3\CCN(S3(=O)=O)C(=O)C4=CC=CC=C4)/S2(=O)=O)C(=O)C5=CC=CC=C5)C(=O)O
705,CC(C)n1c(N(C)C#N)nc(C(F)(F)c2cccnc2)c1C(=O)Nc1ccccc1,1 101 114 157 191 248 283 311 344 356 378 380 382 389 407 437 486 492 498 580 630 650 674 703 720 745 790 807 861 862 875 881 935 952 975 1034 1043 1057 1077 1088 1110 1152 1163 1199 1218 1224 1278 1321 1338 1351 1380 1384 1417 1453 1493 1503 1535 1586 1587 1603 1686 1700 1709 1750 1760 1793 1816 1855 1866 1873 1917 1928 1930 1972 1978 2017,CC(C)N1C(=C(N=C1N(C)C)C(C2=CN=CC=C2)(C3=C(C(=C(N3C#N)N(C)C)N(C)C)N(C)C)F)C(=O)NC4=CC=CC=C4
706,Cc1ccc(N(C(=O)C2=NC3=CC(=O)C2=NC3=O)c2cccc(Br)c2)cc1Cl,7 64 84 219 228 240 267 288 314 358 365 366 378 405 413 423 455 465 485 510 531 549 561 614 628 650 660 724 728 747 766 799 807 838 875 881 892 909 927 960 965 967 1015 1020 1039 1057 1088 1092 1096 1221 1281 1349 1380 1391 1480 1506 1523 1534 1536 1553 1555 1571 1631 1683 1691 1722 1750 1760 1783 1811 1873 1914 1917 2019,CC1=C(C=C(C=C1)N(C2=CC(=CC=C2)Br)C(=O)C3=CC(=O)C(=C4C(=NC(=O)C(=C4)C(=O)N(C5=CC(=CC=C5)Br)C6=CC(=C(C=C6)C)Cl)C3=O)Cl)Cl
707,COc1ccc(C=CN=CS(=O)(=O)NC(=O)c2ccccc2)cc1,25 92 98 251 277 293 307 322 350 389 404 431 453 486 566 650 694 695 718 725 775 781 807 817 831 835 841 863 873 877 878 910 935 984 1057 1062 1064 1088 1106 1152 1199 1238 1267 1361 1380 1383 1385 1476 1502 1536 1630 1633 1656 1665 1743 1746 1750 1815 1866 1873 1917 1985 2009 2033,COC1=CC=C(C=C1)/C=C/N=S(=O)(NC(=O)C2=CC=CC=C2)N3/C(=C/C4=CC=C(C=C4)OC)/C5=CC=CC=C5C3=N/OS(=O)(=O)NC(=O)C6=CC=CC=C6
708,CN1c2c(N3CCN(C(=O)Nc4ccccc4Cl)CC3)c3cc4ccccc4nc3n2C2OC1C(O)C2O,84 106 146 218 272 277 289 366 368 378 405 407 454 485 561 650 656 724 805 807 849 875 878 892 901 926 935 974 1013 1019 1057 1087 1088 1096 1097 1145 1152 1176 1184 1199 1224 1247 1257 1268 1316 1357 1380 1381 1391 1468 1480 1487 1508 1517 1589 1638 1655 1683 1696 1723 1725 1750 1816 1827 1855 1873 1887 1888 1914 1917 1921 1951 2009,CN1C(N=C2C1=NC3=C(C4=CC5=CC=CC=C5N=C4N3C2O)N6CCN(CC6)C(=O)NC7=CC=CC=C7Cl)O
709,C1CCN(c2nc(C3=NN3C3CCCC3)n[nH]2)CC1,2 74 95 113 132 257 286 378 388 397 407 418 480 680 714 723 741 890 895 926 935 1001 1019 1028 1088 1102 1112 1114 1138 1244 1266 1325 1371 1380 1385 1416 1420 1468 1480 1639 1847 1855 1879 1910 1938 1948 1953 1958 1964 1993 1998 2004,C1CCC(CC1)N2C(C3=NN(C(C3=N2)(C4=NC(=NN4)C5=CNN=C5[NH3+])C6CCCCC6)C7CCCCC7)(C8=CC=CN8)C9CCCCC9
710,C=C(C=CC(=Cc1nc2ccc1c(=O)o2)OC(F)(F)F)c1ccccc1OC,31 66 72 89 105 114 231 233 235 249 314 334 378 405 417 418 490 555 558 650 652 656 678 694 695 711 765 791 807 820 831 841 881 996 1022 1057 1064 1088 1095 1176 1181 1199 1234 1291 1297 1336 1357 1366 1372 1380 1409 1410 1447 1453 1455 1468 1536 1604 1662 1733 1746 1750 1791 1827 1855 1873 1902 1922 1928 1970 1991,COC1=CC=CC=C1/C(=C/C2=C3C=CC(=O)OC3=NC(=N2)/C(=C/C(=C)OC(F)(F)F)/OC(F)(F)F)/C=C/C(=C)C(F)(F)F
711,CN(C)C(=O)Nc1cc2ccc1cc2,193 203 264 272 286 302 356 410 640 650 807 875 881 901 915 987 1005 1057 1063 1092 1107 1130 1152 1163 1190 1191 1224 1243 1304 1379 1380 1389 1447 1489 1528 1633 1653 1726 1733 1750 1762 1816 1845 1855 1873 1897 1917 1955,CN(C)C(=O)NC1=C(N=C2C(=C1)C=C[C]3[C]2[CH][CH][C]3NC(=O)N(C)N(C)C(=O)N(C)C)CCC4=C(C=C(C=C4NC(=O)N(C)C)N(C)C)NC(=O)N(C)C
712,Cc1ccccc1N(c1ccc(C(F)(F)F)cc1)c1cc2nc(n1)N(C(=O)Nc1ccccc1)C2,114 149 170 191 192 208 218 279 294 310 322 356 369 378 383 389 424 433 503 555 582 650 696 703 740 807 809 833 868 875 881 914 926 935 958 960 1019 1033 1057 1060 1077 1088 1096 1103 1152 1180 1199 1216 1256 1260 1274 1280 1295 1296 1362 1380 1387 1391 1399 1417 1453 1603 1639 1665 1676 1686 1721 1722 1750 1762 1766 1816 1855 1860 1862 1873 1889 1901 1917 1918 1928 1946 1999 2002 2007 2018,CC1=CC=CC=C1N(C2=CC=C(C=C2)C(F)(F)F)C3=NC(=NC(=C3)C4(C(C4(C)C)N(C5=CC=CC=C5C)C(=O)NC6=CC=CC=C6)C)N7C(=C(C7)C)C
713,O=C(c1ccc(C(F)(F)F)c(F)c1)N1CCc2ccc(F)c3c(cccc23)C1,40 48 107 114 117 216 262 387 419 497 507 512 526 618 623 650 699 747 765 806 807 809 868 875 876 926 931 935 1023 1039 1088 1189 1197 1236 1346 1357 1380 1385 1448 1453 1480 1504 1573 1691 1697 1708 1738 1750 1800 1839 1840 1873 1888 1909 1928 1946 1951 1969 1980 1984 2009,C1CN(CC2=CC=C(C3=C(C=CC1=C23)F)C(F)(F)F)C(=O)C4=CC5=C(CCN(C5)C(=N)C6=CC(=C(C=C6)C(F)(F)F)C(F)(F)F)C=C4
714,CCCOCC1CN(c2nc3c(-c4cc(F)c(Cl)c(F)c4)[nH]cc3s2)CC(=O)N1,13 53 80 99 146 155 162 261 277 287 288 294 301 314 351 373 378 398 400 407 499 561 597 600 602 618 675 695 696 699 739 741 791 794 806 870 875 885 926 935 956 984 1011 1017 1019 1057 1064 1079 1091 1114 1136 1160 1170 1212 1216 1327 1375 1380 1398 1549 1553 1562 1575 1601 1638 1649 1683 1721 1724 1733 1840 1855 1866 1869 1873 1879 1928 1945 1946 1992,CCCOCCOCC1CN(CC(=O)N1)C2=NC3=C(S2)C=C(C(=C3Cl)N4CC(C4)OF)C5=C(C(=CN5)F)Cl
715,COc1cccc(OC)c1S(=O)(=O)NC(=O)Nc1cccc2ccccc12,88 249 307 350 461 502 540 573 595 629 650 695 723 807 841 857 990 995 1021 1039 1057 1087 1088 1104 1123 1152 1163 1199 1205 1224 1228 1357 1380 1387 1410 1422 1476 1490 1536 1573 1591 1606 1696 1732 1750 1784 1816 1855 1864 1873 1914 1917 1970 1989,COC1=C(C(=CC=C1)OC)S(=O)(=O)NC(=O)NS(=O)(=O)NC(=O)NS(=O)(=O)NC(=O)NC2=CC=CC3=CC=CC=C32
716,CCC(C)N(C)C(=O)Nc1c2c3ccc1cc3N2,1 80 193 203 269 283 294 297 381 442 464 499 512 524 629 650 716 721 735 807 812 847 875 881 1044 1057 1060 1111 1114 1129 1152 1163 1172 1242 1265 1318 1357 1380 1461 1479 1513 1518 1530 1544 1663 1733 1750 1812 1816 1855 1873 1874 1888 1917 1980 1982,CCC(C)N(C)C(=O)NC1=C2C=CC3=C(C2=CC4=C1NC5=CC6=C(C=C5N4)NC7=C(C6(N3)N(C)C(C)CC)C=C8C=CC9=C(C8=C7)NC(=C9)C(C)CC)NC(C)CCCC
717,CCN1CCN2C(=O)C(=CCC(F)(F)c3ccccc3)N=C12,4 34 35 69 80 114 294 295 314 332 360 378 386 389 418 420 432 519 538 557 561 624 648 650 694 707 744 770 792 811 846 879 881 926 927 934 935 962 1057 1088 1089 1097 1150 1199 1202 1284 1380 1417 1447 1453 1454 1457 1480 1558 1613 1619 1656 1750 1801 1873 1882 1928 2002 2011 2017 2041,CC/C=C/1\C(=O)N2CCN(C2=N1)N(C3=N/C(=C\CC)/C(=O)N3CC)C(CC)(C4=CC=CC=C4)C(CC)(F)F
718,CC(=O)Nc1cc([N+](=O)[O-])ccc1CCC(=O)N1CCNC1=O,80 145 210 245 305 314 569 600 650 707 715 729 753 786 796 807 838 849 870 875 926 935 1009 1010 1017 1057 1083 1114 1150 1152 1179 1195 1224 1243 1274 1349 1357 1380 1387 1442 1480 1564 1577 1637 1741 1746 1750 1756 1781 1809 1814 1816 1840 1866 1873 1917 1940 1963 2003 2030,CC(=O)NC1=C(C=CC(=C1)[N+](=O)[O-])CCC(=O)N2CCNC2=O
719,CCCC1=Cc2c(nc(SC)nc2-c2ccccc2)C1=O,80 84 116 124 286 294 314 323 378 389 394 425 465 471 537 556 650 736 767 794 797 886 911 989 1057 1086 1088 1122 1141 1160 1170 1199 1205 1243 1276 1329 1331 1366 1380 1445 1476 1533 1584 1619 1655 1723 1726 1740 1750 1757 1761 1820 1846 1855 1873 1876 1885 1928 2025,CCCC1=CC2=C(N=C(N=C2C(=O)C1=O)SC)C3=C(C(=C(C(=C3)CCC)[Al](CC)CC)F)C4=CC=CC=C4
720,O=C(NNc1nccs1)N1CCCN(C(=O)Nc2ccccc2)C1=O,13 14 92 191 218 307 314 322 378 385 389 393 452 456 472 491 501 502 521 546 554 585 650 675 693 703 745 762 807 926 935 956 1028 1066 1068 1077 1083 1088 1152 1171 1173 1199 1215 1303 1380 1387 1399 1423 1452 1454 1476 1480 1483 1509 1538 1549 1567 1700 1733 1750 1816 1866 1873 1917 1929 1959,C1CN(C(=O)N(N(C1)C(=O)NNC2=NC=CS2)C(=O)NC3=CC=CC=C3)C(=O)NC4=CC=CC=C4
721,COc1cc(Cl)c2c(C(C)(C)C)c1C(=O)C=C2C(=O)N1CCCCC1,2 84 114 173 249 308 314 366 369 383 392 414 416 523 561 608 650 695 747 807 841 875 878 926 935 942 977 997 1028 1057 1201 1339 1370 1380 1399 1447 1478 1480 1504 1530 1533 1536 1683 1729 1734 1747 1756 1863 1873 1878 1917 1970 1998 2009 2010,CC(C)(C)C1=C2C(=O)C=C(C(=O)C2=C(C=C1OC)Cl)C(=O)N3CCCCC3
722,Fc1ccc(-c2cccnnc(-c3ccc(F)cc3)ccc2)cc1,90 141 167 194 281 303 353 378 389 563 600 699 718 736 866 896 950 980 1001 1039 1043 1088 1096 1160 1164 1227 1367 1380 1410 1471 1607 1670 1750 1770 1786 1851 1866 1869 1873 1904 1928 1942 1964 1971,C1=CC(=CC=C1)C2=NN=C(C=C2)C3=CC=C(C=C3)OP=C(C4=CC=C(C=C4)C5=CC=C(C=C5)F)C6=NN=CC=C6
723,CCN1C(=O)N(Cc2cccc(C)c2)C1=NC(=O)N1CCCCC1,2 30 34 41 42 58 80 89 92 204 294 314 369 391 405 475 543 588 650 660 671 700 709 725 744 782 795 807 829 831 835 848 875 897 926 935 957 1013 1028 1036 1038 1039 1055 1066 1088 1224 1258 1293 1311 1324 1329 1352 1380 1450 1480 1574 1581 1659 1692 1722 1733 1750 1754 1765 1822 1823 1825 1873 1883 1910 1917 1971 1998 2009 2010 2013,C1CCN(CC1)/C(=N/N=C\2/C=C3C(=CC(=O)N3CC4=CC=CC(=C4)C)N(C(=O)N2CC)CC5=CC=CC(=C5)C)/C(=O)C(=O)N6CCCCC6
724,Cc1cccc(C(=O)NNC(=O)c2ccc(-n3cccc3)c(-c3cccs3)c2)c1,14 49 52 62 111 219 226 241 304 344 352 383 384 397 412 420 462 486 506 511 514 524 526 549 575 588 606 650 664 675 689 745 749 759 807 840 875 926 933 935 942 1013 1039 1055 1057 1088 1101 1152 1286 1295 1309 1342 1380 1385 1428 1475 1515 1567 1578 1607 1612 1666 1697 1722 1744 1750 1796 1823 1846 1873 1915 1917 1985 2020 2039,CC1=CC(=CC=C1)C(=O)NNC(=O)C2=CC(=C(C=C2)N3C4=C(C=C(C=C4)C(=O)NNC(=O)C5=CC(=CC=C5)C)C6=C3SN=N6)C7=CC=CS7
725,C=CC(F)=CC=CC=C(C=Cc1ccc(N(C)CCCCNC(=O)C2CNC(=O)N2)cc1)C(=O)OC,25 31 47 80 125 136 197 221 278 296 301 314 315 333 362 384 391 432 438 462 470 592 607 619 650 667 689 694 695 769 807 825 835 841 881 926 959 960 981 992 1019 1048 1057 1096 1097 1101 1104 1113 1114 1152 1163 1193 1229 1265 1308 1319 1338 1351 1366 1380 1399 1417 1515 1526 1543 1555 1574 1588 1609 1645 1660 1669 1671 1750 1824 1843 1852 1866 1873 1876 1909 1911 1912 1917 1928 1929 1951 1963 1974 2004 2011 2033 2044,CN(CCCCN/C(=C(/C=C/C1=CC=C(C=C1)/C=C/C=C(\C=C)/C(=O)OC)\F)/C(=O)OC)C2=CC=C(C=C2)/C=C/C=C(\C=C)/C3CNC(=O)N3
726,COC(=O)C(N)CCCCc1ccccc1,1 54 80 91 129 147 216 346 389 412 415 483 488 578 650 663 695 739 786 807 841 978 1045 1048 1057 1066 1088 1118 1152 1171 1184 1199 1240 1243 1283 1380 1587 1750 1754 1778 1814 1834 1849 1873 1911 1917,COC(=O)[C@H](CCCCC1=CC=CC=C1)NC(C(=O)OC)C(=C(O)OC)C(CCCCC2=CC=CC=C2)N
727,COc1cccc2c3ccc(c12)C(=CC(=CC(C)=O)NC(=O)COC(C)=O)C3=O,41 80 99 104 147 173 230 249 282 314 352 417 493 527 547 549 554 556 557 650 680 694 695 781 804 807 841 846 913 940 975 985 1013 1017 1035 1038 1039 1057 1076 1088 1119 1120 1141 1152 1236 1357 1380 1410 1476 1485 1499 1505 1521 1536 1552 1566 1573 1582 1650 1725 1750 1873 1909 1917 1930 1970 1984 2004,CC(=O)/C=C(\COC(=O)C)/C=C/1\C=CC2=C(C1=O)C=CC3=C2C(=O)C(=C4C=CC5=C6C4=CC=CC6=C7C5=CC=CC7=C3OC)OC
728,CCOc1cccc(N2C(=O)Nc3ccc2cc3-n2nc3n(c2=O)CCCS3)c1,19 35 37 42 56 69 74 80 144 157 221 233 237 238 294 314 322 378 399 444 467 557 562 608 614 634 650 675 695 703 751 771 789 817 875 926 935 951 980 987 1028 1039 1049 1052 1057 1060 1088 1114 1216 1221 1233 1238 1243 1295 1329 1380 1419 1430 1437 1452 1480 1496 1501 1556 1662 1686 1726 1750 1825 1849 1852 1873 1956 1982 1986 1999,CCOC1=CC=CC(=C1)N2C(=O)NC3=C(C2=C4N5CCCSC5=NN4C6=CC(=CC=C6)OCC)C=C(C=C3)N7CCCSC7=O
729,COc1ccccc1Nc1ncc2nc(N)n(-c3cccc(C)c3)c(=O)n12,17 65 149 157 164 217 249 252 314 346 347 378 491 548 575 646 650 695 696 724 728 751 771 819 835 841 875 902 935 964 1000 1013 1015 1039 1049 1055 1057 1088 1148 1152 1171 1173 1187 1192 1199 1220 1224 1257 1380 1410 1445 1452 1457 1515 1535 1536 1696 1721 1722 1738 1750 1767 1788 1823 1825 1855 1873 1876 1970 1993 2030,CC1=CC(=CC=C1)N2C(=O)N(N(C2=O)C3=CC=CC(=C3)C)C4=C(C(=C5N4C(=NC=C5NC6=CC=CC=C6OC)N)C)C
730,CCn1nc(Sc2ccc(Cl)c3cc(OC)ccc23)nc1C,26 29 34 60 80 116 122 139 158 266 272 294 303 322 366 378 474 492 543 552 561 599 653 666 691 695 718 728 781 800 807 812 835 841 875 917 935 1012 1025 1033 1057 1086 1123 1239 1279 1357 1380 1469 1536 1589 1595 1683 1707 1716 1722 1733 1750 1755 1855 1865 1873 1891 1948 1956 1970 1972 2040,CCN1C(=NC(=N1)SC2=C3C=C(C=CC3=C(C=C2)[NH+]=C(N4C(=NC(=N4)SC5=C(C=CC(=C5)OC)Cl)C)OC)OC)C
731,COc1ccc(S(=O)(=O)Oc2c(S(=O)(=O)OP(=O)(O)OCCOP(=O)=O)nnn(C)c2=O)c(OC)c1,13 45 61 80 186 188 192 249 250 311 314 322 333 350 353 361 378 392 444 481 486 504 557 621 629 635 640 650 666 692 695 718 756 762 781 807 818 820 833 841 875 896 915 921 935 967 980 1057 1058 1063 1066 1105 1143 1145 1146 1164 1216 1217 1227 1252 1300 1342 1369 1380 1448 1476 1536 1554 1559 1639 1653 1704 1716 1750 1766 1783 1837 1838 1850 1851 1863 1873 1914 1970 1972 2034,CN1C(=O)C(=C(N=N1)S(=O)(=O)OC2=C(C=C3C=NN(C(=O)C3=C2)CCS(=O)(=O)C)OC)CP(O)(O)OCCS(=O)(=O)C
732,COc1ccccc1C1=C2N(CCN3CCN4Cc5cc(Cl)ccc5C=C3C=C4[N+](=O)[O-])CCN12,21 80 84 109 165 169 172 216 224 249 295 308 317 336 352 390 393 407 428 471 561 584 647 650 683 695 706 710 715 753 794 811 816 838 841 849 875 908 926 935 943 951 984 1057 1058 1080 1088 1089 1093 1136 1145 1173 1195 1196 1199 1236 1334 1380 1392 1400 1410 1427 1448 1457 1479 1480 1508 1517 1536 1548 1551 1583 1644 1665 1676 1683 1704 1750 1873 1929 1946 1954 1963 1970 2032,COC1=CC=CC=C1C2=C(N3CCN2CCN4C3=C5C(=CC6=C(N5C4)C=C(C=C6)Cl)OC)CO[N+](=O)C7=CC8=C(CN7C)C=C(C=C8)Cl
733,O=C(Nc1ccncc1)c1c2ccnc-2csc1Oc1ccc(C(F)(F)F)cc1,4 114 152 191 193 246 271 279 317 322 342 352 368 378 383 426 486 520 552 585 586 612 650 675 695 718 787 794 807 809 813 835 908 916 917 919 927 946 976 980 1042 1077 1136 1146 1152 1186 1208 1260 1264 1309 1367 1378 1380 1417 1452 1453 1480 1567 1594 1600 1603 1617 1665 1739 1750 1779 1816 1866 1873 1917 1928 1937 1956 1965 1978 1985,C1=CC(=CC=C1C(F)(F)F)OC2=C(C(=NC=C2)C3=CSC(=C3C(=O)NC4=CC=NC=C4)OC5=CC=C(C=C5)C(F)(F)F)C(=O)NC6=NC(=CS6)C(F)(F)F
734,CCOC(N)OCCOCCOC,1 13 35 54 80 109 145 153 246 266 294 316 419 486 487 520 691 695 729 786 828 841 886 887 890 893 934 1005 1057 1066 1086 1104 1171 1180 1238 1241 1408 1565 1627 1649 1778 1821 1835 1906 1915 1992 2032,CCOC(C(C(C(N)OCCOCCOC)OCCOCCOC)OC(OCC)OCCOCCOC)OC(C1=C(C(=C)C1=[N+]=[N-])OC)N
735,CC(=O)NC(=O)NC=O,62 80 90 146 245 260 266 316 404 451 499 568 623 650 694 723 739 802 807 978 979 1004 1017 1025 1057 1119 1144 1152 1267 1382 1564 1661 1685 1743 1766 1785 1791 1857 1917 1989,CC(=O)NC(=O)N/C(=C(\CCC(=C(NC=O)NC=O)NC=O)/NC(=O)NC(=O)C)/C=CNC=O
736,CN1CCC(C(=O)Nc2ccc(C(F)(F)F)cc2)NC1=O,21 49 114 115 191 202 246 263 301 314 321 362 370 383 650 689 807 809 827 843 887 892 926 935 947 984 1019 1057 1063 1077 1114 1145 1152 1260 1279 1325 1380 1417 1453 1464 1480 1645 1648 1665 1693 1750 1816 1863 1873 1917 1928 1951 1967 2009 2033,CN1CCC(NC1=O)C(=O)NC2=C3C(C(=O)CC(C3=C(N2)C(F)(F)F)C(=O)NC4=CC=C(C=C4)C(F)(F)F)C(=O)NC5=CC=C(C=C5)C(F)(F)F
737,O=C1OCC(C(O)c2cccc(Cl)c2)OC1=Cc1ccc(O)cc1,1 25 48 79 99 112 136 156 165 213 216 222 227 229 233 254 265 281 314 326 344 394 441 450 548 561 584 592 650 656 694 745 750 807 812 875 926 947 1019 1039 1088 1101 1250 1252 1300 1313 1365 1380 1398 1402 1444 1446 1487 1503 1569 1581 1589 1602 1668 1683 1750 1773 1778 1787 1795 1830 1844 1873 1923 2008 2018 2033,C1C(O/C(=C\C2=CC=C(C=C2)O)/C(=O)O1)C(C3C(=CC4=CC=C(C=C4)O)OC(CO3)C(C5=CC(=CC=C5)Cl)C6=CC(=CC=C6)Cl)O
738,OC1C2COC(C(CN=CN=Nc3ccccc3OC(F)(F)F)O2)C1O,18 41 77 80 90 105 114 129 165 184 221 247 254 335 357 367 406 417 475 516 548 610 632 656 694 695 719 725 783 802 807 872 894 926 931 958 1007 1017 1019 1073 1088 1149 1194 1199 1257 1259 1378 1380 1409 1410 1453 1467 1471 1481 1487 1489 1512 1585 1605 1609 1652 1682 1722 1750 1788 1819 1830 1836 1873 1913 1914 1921 1923 1928 1970 1972 2040,[B-]1(OCC2C(O1)C(C(C(O2)CN=CN=NC3=CC=CC=C3OC(F)(F)F)/C(=C/N=NC4=CC=CC=C4OC(F)(F)F)/C)O)(F)F
739,COC(=O)C(N)C(NC(=O)OC(C)(C)C)C(=O)NN=NN(C)C,1 38 54 114 117 147 179 187 231 252 269 318 392 477 500 571 573 603 619 650 657 695 725 727 752 767 786 807 841 861 870 881 1019 1022 1040 1057 1118 1152 1163 1171 1225 1260 1431 1434 1452 1465 1569 1571 1574 1758 1811 1857 1859 1885 1898 1899 1912 1917 1979 1994,CC(C)(C)NN(C)C(=O)/N=C(/C(C(C(=O)OC)N)NC(=O)C(C(C(=O)OC)N)NC(=O)OC(C)(C)C)\N(C)C(C)(C)C(C(=O)OC)N
740,O=C1CNC(=O)C(Oc2ccccc2)=Cc2ccccc2Oc2ccccc2O1,78 84 89 193 267 286 314 322 330 389 411 483 524 562 650 656 695 725 730 760 780 808 840 926 959 970 973 1088 1110 1114 1138 1199 1207 1380 1448 1481 1521 1617 1639 1657 1699 1750 1783 1810 1865 1866 1873 1884 1889 1905 1919 1920 1950 1951,C1C(=O)OC(=O)CNC(=O)/C(=C/C2=CC=CC=C2OC3=CC=CC=C3C=C(C(=O)N1)OC4=CC=CC=C4)/OC5=CC=CC=C5
741,COC1=CC=CC(OC)(C(=O)c2cc(OC)ccc2NC(=O)c2ccccc2)C1,28 142 145 192 209 253 264 322 329 360 368 389 457 459 486 508 563 650 695 718 729 745 781 787 807 811 841 862 875 897 914 917 926 944 947 960 1057 1060 1088 1141 1152 1199 1224 1231 1249 1308 1321 1380 1385 1469 1536 1611 1665 1750 1795 1816 1849 1856 1873 1917 1921 1972 1974 1985 1991 2009,COC1=CC(=C(C=C1)NC(=O)C2=CC=CC=C2)C(=O)OP(=O)(C3(CC(C=C3)(OC)OC)OC)NC4=CC=CC=C4
742,COc1ccc2c(c1)N(S(=O)(=O)N1CCC(C)CC1)CCO2,305 316 322 350 422 441 460 493 498 585 600 650 656 695 698 718 752 781 790 813 841 875 926 935 945 950 969 973 1010 1019 1035 1051 1057 1148 1199 1216 1267 1283 1284 1295 1309 1325 1362 1380 1416 1442 1476 1480 1529 1536 1676 1685 1692 1750 1813 1850 1873 1903 1905 1919 1938 1972,CC1CCN(CC1)S(=O)(=O)N2CCOC3=C2C=C(C=C3)ON4CCC([NH2+]C5=C4C=C(C=C5)OC)S(=O)(=O)N6CCC(CC6)C
743,COC(=O)N=C(N1CCCC1)N(CCCN1CCCCC1)c1ccc2c(OC)c1C2,2 26 46 49 51 80 83 101 142 235 251 333 350 361 369 421 460 539 650 653 695 712 724 725 729 757 783 807 841 845 847 870 881 914 925 926 935 955 1009 1028 1057 1075 1120 1145 1152 1236 1251 1255 1322 1348 1378 1380 1422 1463 1480 1482 1536 1555 1564 1598 1599 1627 1644 1688 1731 1750 1764 1791 1851 1873 1911 1917 1946 1951 1962 1980 1998 2001 2009 2018,COC1=C(C=CC2=C1CN(C2)C(=O)CC(=O)N3CCCC3)N(CCCN4CCCCC4)/C(=N/C(=O)OC)/N5CCCCC5
744,CCCCCCCCn1c(=O)nc(SC)n(C)c1=O,80 116 198 204 294 314 378 394 440 493 531 564 571 574 591 650 747 761 771 784 794 802 820 853 893 905 924 935 1034 1057 1143 1145 1214 1313 1380 1434 1444 1521 1580 1613 1620 1637 1658 1712 1723 1776 1835 1855 1887 1911 2033,CCCCCCCCCCCCCCCCCCN1C(=NC(=O)N(C1=O)C)N2C(=O)N=C(N(C2=O)C)SN3C(=O)N=C(N(C3=O)C)SC
745,NC(CCN(c1cccnc1)c1nc(-c2ccc[nH]2)ccc1Cl)C(F)(F)F,1 9 20 26 44 80 107 114 119 132 136 138 156 240 259 266 267 288 311 345 355 366 378 437 483 501 526 561 609 666 739 786 806 836 849 881 891 931 970 980 1025 1043 1057 1059 1072 1088 1096 1114 1116 1171 1172 1189 1287 1324 1380 1400 1440 1446 1453 1506 1509 1512 1535 1540 1563 1586 1603 1683 1686 1750 1772 1855 1866 1869 1873 1928 1951 1972 1986 2018,C1=CC(=CN=C1)N(CCC(C(F)(F)F)N)C2=C(C=CC(=N2)C3=CC=CN3)N(C4=CN=CC=C4)C5=NC(=CN=C5)C(C(F)(F)F)N
746,CN(Cc1ccccc1)C(=O)c1ccc2cccc(N)c2c1,21 27 68 80 90 95 203 258 296 334 355 356 389 440 494 507 650 744 807 846 862 875 881 910 913 934 952 976 1039 1057 1066 1087 1088 1104 1147 1163 1171 1199 1221 1357 1380 1385 1457 1463 1470 1582 1594 1697 1730 1750 1754 1791 1855 1873 1907 1917 1968 1984,CN(CC1=CC=CC=C1)C(=O)C2=CC3=C(C=C2)C=CC4=C3C(=C5C=CC=C[C]5N)C(=C6C=CC7=C6C(=CC=C7)N)C=C4
747,N#CN=Cc1ccccc1,28 42 245 270 351 389 673 674 694 721 725 731 788 790 864 870 901 1002 1010 1032 1081 1088 1199 1257 1265 1316 1322 1346 1353 1380 1384 1510 1537 1566 1575 1606 1614 1621 1640 1740 1750 1763 1766 1846 1873 1884 1906 1921 1956 2033,C1=CC=C(C=C1)/C=N/N=C/N=C/C2=CC=C(C=C2)/C=N/C=C/3\C=CC(=C=NC#N)C=C3
748,CN1C(=O)N=C(c2cccc(F)c2)OC2CCCC21,41 99 125 127 136 162 172 230 314 339 349 378 383 425 467 482 537 555 557 578 650 656 699 709 736 750 848 854 858 875 878 926 927 935 965 1019 1028 1033 1034 1039 1052 1057 1063 1088 1118 1145 1160 1171 1239 1260 1325 1380 1448 1470 1487 1488 1597 1670 1689 1700 1709 1727 1750 1781 1819 1828 1873 1877 1890 1928 1957 1962 1971 2041,CN1C2CCCC3C2C(CCC3)OC(=O)C4=CCC(=CCP5(C(=NC(=N5)C6=CC(=CC=C6)F)C7=CC(=CC=C7)F)(N)F)N=C1
749,O=C(CN1CCCCC1=O)NCc1cc2ccccc2c2ccccc12,41 80 129 137 169 191 197 236 250 255 291 296 310 314 333 410 508 518 532 578 622 641 650 657 708 796 798 807 823 836 841 853 875 890 895 926 935 980 1028 1048 1087 1088 1089 1123 1133 1152 1182 1199 1312 1349 1357 1380 1480 1490 1506 1540 1573 1738 1750 1772 1848 1855 1858 1873 1900 1917 1959 1997 1998 2003,C1CCN(C(=O)C1)CNC(=O)CC(=O)NN2C(=[Se])C(=C3C2=CC=CC=C3)[Si]4(CCCCN4CC(=O)NCC5=CC6=CC=CC=C6C7=CC=CC=C75)C
750,c1ccc(-c2cnc3sc(N4CCCC4)nn23)cc1,162 225 295 363 378 389 407 412 418 480 540 599 628 647 675 680 736 790 852 926 935 953 955 959 984 1022 1028 1071 1072 1081 1088 1095 1112 1160 1170 1199 1234 1245 1255 1294 1380 1389 1404 1437 1446 1452 1480 1517 1535 1547 1692 1750 1757 1778 1824 1873 1917 1947 1956 1998,C1CCN(C1)C2=NN3C(=CN=C3S2)C4=CC=CC=C4
751,O=C(O)CS(=O)(=O)c1ccccc1-c1ccc(-c2ccc(F)cc2Br)c2ccccc12,80 223 266 279 285 350 352 389 392 456 488 539 612 629 631 642 650 680 699 709 714 728 807 833 863 875 984 988 992 1010 1063 1088 1108 1144 1149 1174 1176 1182 1198 1199 1201 1243 1283 1357 1380 1410 1476 1487 1573 1631 1651 1670 1695 1700 1735 1737 1750 1772 1788 1789 1800 1873 1917 1928 2023,C1=CC=C2C(=C1)C(=CC=C2S(=O)(=O)CC(=O)O)C3=C(C=C(C=C3)F)S(C4=CC=CC=C4S(=O)(=O)CC(=O)O)(C5=C(C=C(C=C5)F)Br)(F)F
752,COC(=O)c1c(OC)c2cc(cc3ccc(OC)cc3oc1=O)C1=C3SC=C2C1(C(=O)O)CCN(C)C3=O,11 54 62 145 184 203 204 224 239 314 319 322 333 352 389 481 524 586 642 650 656 667 675 715 718 764 781 807 811 841 842 850 873 875 879 906 920 926 931 935 966 983 987 1057 1060 1074 1082 1120 1145 1152 1153 1160 1162 1261 1302 1353 1380 1391 1411 1468 1480 1536 1542 1599 1604 1625 1693 1750 1753 1803 1808 1837 1839 1855 1873 1888 1897 1917 1972 2024 2042,CN1CCC(C1=O)(C(=O)O)NCCN2C(=CSC23C(=C(C(=O)N(C3=O)C)C(=O)OC)C4=CC5=C(C=C(C=C5)OC)OC4=O)C6=CC7=C(C=C(C=C7)OC)OC6=O
753,COc1cc(Sc2cccc(Br)c2C(=O)C=Cc2ccc(Br)cc2)ccc1F,25 31 39 42 57 116 171 216 249 292 377 444 503 552 586 650 694 695 699 711 728 807 811 833 835 841 875 878 885 909 925 970 978 998 1025 1039 1057 1059 1088 1092 1098 1147 1157 1255 1306 1308 1363 1380 1408 1422 1442 1498 1536 1631 1639 1649 1667 1693 1697 1750 1780 1817 1840 1862 1873 1909 1917 1928 1970 1988 2002,COC1=C(C=CC(=C1)SC2=C(C(=CC=C2)SC3=CC(=C(C=C3)F)OC)C(=O)/C=C/C4=CC(=C(C=C4)[NH2+]C5=CC=C(C=C5)Br)F)F
754,COc1cc2ccc1OC2(F)F,134 148 189 202 249 251 278 340 484 511 539 545 556 627 656 695 819 832 841 875 935 982 1022 1035 1057 1060 1107 1182 1225 1282 1322 1361 1380 1454 1526 1536 1577 1579 1739 1750 1786 1873 1905 1927 1928 1932 1970 2006 2020 2033,COC1=C2C(=CC(=C1)C3(C(C(C(O3)(F)F)(F)F)(F)F)F)OC4(N2C(C(O4)(F)F)(F)F)C5=CC6=C(C=C5)OC(C(O6)(F)F)(F)F
755,COC1=CC(S(=O)(=O)NC(=O)S)=C1,41 43 84 117 208 211 229 307 350 354 397 409 502 505 648 650 695 714 719 742 762 807 841 883 1024 1057 1136 1152 1215 1256 1291 1307 1378 1380 1385 1436 1455 1460 1476 1517 1536 1538 1625 1668 1719 1755 1827 1831 1873 1917 1945 2046,COC1=CC(=CC(=C1)[Si]O[Si]NS(=O)(=O)NC(=O)CC(=O)NS(=O)(=O)C2=C(C=C(C(=C2)OC)OC)OC)OC
756,CCCCN1CCCCC1C(C)n1nc(Nc2cccc(C(=O)O)n2)c2ccccc2c1=O,1 12 54 80 130 159 160 215 246 283 294 295 314 315 332 378 383 389 396 403 449 456 459 471 491 504 591 612 650 680 708 717 792 794 807 814 816 855 890 926 935 1019 1028 1039 1057 1070 1088 1099 1126 1145 1152 1193 1199 1204 1222 1255 1293 1325 1336 1348 1357 1367 1380 1412 1450 1476 1480 1528 1554 1573 1714 1750 1758 1761 1814 1855 1873 1881 1882 1911 1917 1956 1960 1993 1998 2015 2022 2024 2034,CCCCN1CCCCC1C(C)N2C(=O)C3=CC=CC=C3C(=N2)N4C(=O)C5=CC=CC=C5C(=O)C4=O
757,COC(=O)C1Oc2ccccc2CC1NC(=O)c1cc(Oc2ccccc2C)ccc1OC,42 87 94 123 153 168 190 231 233 235 240 249 272 288 306 314 321 322 329 366 387 388 486 503 534 566 593 650 656 682 695 707 718 750 753 780 784 807 813 819 841 875 926 948 960 1019 1025 1057 1088 1152 1158 1199 1227 1236 1252 1285 1343 1349 1370 1380 1391 1410 1536 1567 1569 1617 1702 1708 1722 1727 1731 1740 1750 1762 1797 1828 1873 1905 1917 1970 1991 1999,CC1=CC=CC=C1OC2=C(C=C(C=C2)OC3=CC4=C(CC(O4)C(=O)OC)C=C3)C(=O)N[C@H]5[C@H]([C]6[CH][CH][CH][C]6C(=O)[C]7[C]5[CH][CH][CH]7)C(=O)OC
758,C=C1Oc2c(F)ccc(Br)c2C=C1NS(=O)(=O)c1ccc(OC)cc1,4 22 35 84 87 150 170 173 186 216 319 322 350 424 502 579 589 627 650 656 695 699 715 718 728 730 781 824 831 833 841 883 907 946 1057 1083 1152 1200 1225 1262 1270 1294 1355 1366 1380 1391 1474 1476 1520 1525 1536 1608 1629 1631 1648 1750 1796 1809 1810 1840 1873 1882 1885 1924 1928 1977,COC1=CC=C(C=C1)S(=O)(=O)NC2=CC3=C(C=CC(=C3OC2=C)F)S(=O)(=O)O/C/4=C/C5=C(C=CC(=C5OC(=C)O4)Br)F
759,CC(C)(C)OC(=O)C1CCCCCCCC(C2CCCCC2)C1,2 61 62 73 114 178 231 276 316 321 333 377 392 413 456 480 534 580 585 650 695 698 807 847 890 926 939 974 1019 1027 1028 1057 1121 1134 1243 1274 1292 1325 1368 1499 1574 1606 1654 1702 1719 1859 1866 1880 1917,CC(C)(C)OC(=O)C1CCCCC(C1)C2CCCCC2
760,COc1ccc2c(C(=O)Nc3ccccn3)c(NC(C)=O)[nH]c2c1,1 70 117 119 143 148 152 191 213 245 250 314 315 322 333 340 378 486 538 554 570 586 624 650 695 718 781 807 840 841 849 875 966 993 1017 1057 1068 1070 1088 1099 1109 1114 1152 1155 1199 1205 1312 1324 1331 1357 1375 1380 1445 1452 1474 1536 1577 1602 1608 1649 1733 1745 1750 1815 1816 1866 1873 1911 1917 1949 1972 2014,CC(=O)NC1=CC2=C(C=C(N2)C(=O)NC3=CC=CC=N3)C(=C1)C(NC4=CC=C(N4)O)NNC5=CC=CC=N5
761,CN1C(=O)C2CN3CCN2C(CCC(c2ccccc2)C1COc1cccc(Cl)c1)C3,5 80 90 98 123 133 165 216 274 314 322 338 369 389 455 561 562 581 592 650 695 739 749 831 875 878 883 886 926 935 1007 1019 1039 1042 1057 1088 1130 1136 1145 1193 1199 1219 1260 1279 1296 1303 1312 1325 1336 1380 1428 1446 1452 1455 1480 1511 1519 1537 1573 1594 1663 1683 1694 1750 1772 1847 1873 1910 1984,CN1C2CCC(C1=O)N(C2)C3CCC(N(C3=O)C)N4CC5CCC4N(C5)COC6=CC(=CC=C6)Cl
762,CC1(C)CCC(Cn2c(=O)c3ccc4c-3c3c(Cl)ccc4n3c2=O)C1,29 44 45 66 70 80 145 160 170 184 224 239 288 314 342 352 366 370 392 504 546 548 561 581 624 649 650 666 679 680 771 802 844 904 908 926 935 1019 1048 1057 1060 1073 1162 1165 1194 1214 1224 1243 1256 1259 1274 1322 1325 1357 1380 1440 1487 1583 1676 1682 1683 1690 1715 1733 1747 1750 1784 1828 1873 2021 2034 2046,CC1(CCC(C1)CN2C3=C(C=CC(=C3CCC4=C(C=CC5=C4[Se]C=C5Cl)Cl)Cl)N(C2=O)CN6C(=O)C7=CC=C([Se]7)I)C
763,CCOc1c(OC)cc(C)cc1C(=O)NC(=O)c1ccc2cc1S2(=O)=O,29 67 80 131 181 185 207 237 249 294 296 302 307 328 333 348 379 464 469 486 487 572 580 584 650 695 718 807 841 875 878 900 1057 1066 1110 1119 1129 1132 1152 1203 1238 1280 1346 1380 1422 1452 1459 1536 1594 1631 1651 1665 1722 1750 1752 1763 1769 1806 1823 1873 1877 1888 1892 1917 1948 1953 1970 1991 2037,CCOC1=C(C=CC(=C1OCC)C(=O)NC(=O)C2=C(C=C3C(=C2)S(=O)(=O)C4=CC(=CC(=C4S3(=O)=O)OC)C)OC)C(=O)NO
764,O=C(Nc1cc(-c2ccccc2)c(Nc2ccccc2Cl)n2ccnc12)c1cccs1,14 79 84 96 124 133 181 222 241 331 352 366 378 383 387 389 395 419 446 486 491 493 497 517 527 561 564 598 638 650 675 713 722 736 765 793 807 875 915 935 947 974 1075 1088 1101 1152 1160 1162 1199 1224 1249 1352 1380 1452 1519 1546 1557 1567 1645 1681 1683 1685 1696 1714 1747 1750 1786 1788 1866 1873 1894 1917 1969,C1=CC=C(C=C1)C2=C(N3C=CN=C3C(=C2)/C(=C(\C4=CC=CS4)/C(=O)O)/C(=O)C5=CC=CS5)NC6=CC=CC=C6Cl
765,Cc1ccccc1-c1cc2ccc1cc2C(=O)N1CCC(C)CC1,109 202 203 236 272 352 362 486 650 652 807 846 875 922 926 935 942 945 971 973 984 997 1009 1019 1054 1057 1088 1148 1163 1199 1308 1309 1325 1376 1380 1391 1442 1480 1485 1504 1530 1639 1662 1722 1747 1750 1831 1855 1873 1901 1903 1917 1942 1991 1999 2009,CC1CCN(CC1)C(=O)C2=C([O+]=C3C=C(C(=CC3=C2)C4=CC=CC=C4C)C)C5=C(C=C6C=CC(=C(C6=[O+]5)C7=CC=CC=C7C)C)C
766,CC1=C(C(=O)N2CCCCC2)CCc2ccccc2C=C1S(=O)(=O)N1CCCC1,2 43 84 153 184 292 302 350 365 366 369 380 539 585 619 621 650 683 773 800 807 886 907 926 935 942 949 993 1012 1028 1052 1057 1088 1093 1153 1196 1198 1199 1236 1317 1344 1380 1396 1448 1476 1480 1504 1525 1566 1596 1598 1601 1608 1665 1708 1722 1736 1738 1750 1858 1873 1902 1903 1917 1920 1998 2009 2021,CC1=C2C=CC(=CC2=CC3=CC=CC=C3CC1)S(=O)(=O)N4CCCCC4=C5C(=C(C(=C6N5N=C6)C(=O)N7CCCCC7)C)S(=O)(=O)N8CCCCC8
767,O=C(c1cc(Nc2cccc(Br)c2)ncn1)N1CCCCC1,2 16 148 191 204 211 250 329 368 369 377 378 464 485 489 491 579 629 636 650 668 703 705 728 750 766 807 855 875 887 909 926 935 942 951 1028 1039 1088 1099 1120 1144 1152 1228 1274 1312 1380 1452 1480 1502 1504 1630 1631 1750 1810 1861 1873 1917 1998 2009,C1CCN(CC1)C(=O)C2=CN(C(=N2)NC3=CC(=CC=C3)Br)N4C=C(N=C4NC5=CC(=CC=C5)Br)C(=O)N6CCCCC6
768,O=C1CN2C(=O)NC(=O)C(=Cc3ccc(Cl)s3)C(c3cccc(Cl)c3)=C2N1,51 162 165 216 235 281 314 387 429 522 527 533 559 561 570 587 592 650 652 675 686 694 701 736 875 898 926 935 999 1022 1037 1039 1055 1060 1088 1114 1120 1123 1158 1160 1239 1243 1271 1319 1365 1380 1404 1412 1418 1443 1457 1493 1560 1567 1570 1575 1594 1657 1665 1669 1683 1688 1744 1750 1779 1830 1852 1873 1892 1946 1985 2031 2033,C1C(=O)NC(=O)N1/C=C/2\C(=C\C3=CC(=CC(=C3)[S+](C4=CC(=CC=C4)Cl)C5=CC(=CC=C5)Cl)C(=C6C(=O)NC(=O)N6)C7=CC(=CC=C7)Cl)/S2
769,CC(C)(C)C(=O)N1C(=O)OC2C(Oc3ccccc3)CCCC21,84 102 111 114 145 221 270 297 314 322 389 392 416 480 514 524 562 608 623 650 656 666 695 708 718 750 798 807 809 824 843 898 926 935 975 1019 1028 1057 1063 1088 1199 1280 1288 1292 1325 1368 1380 1419 1423 1553 1565 1591 1689 1750 1863 1873 1893 1917 1937 1981 1988 2006,CC(C)(C)C(=O)C=C(N1[C@@H]2CCC[C@@H]([C@@H]2OC1=O)OC3=CC=CC=C3)C(=O)OC(=O)C4=CC(=C=N)[C@H]5[C@@H](N4C(=O)O5)OC6=CC=CC=C6
770,COc1ccc(NC(=O)CCC(CCC(=O)NCCc2ccc(C(F)(F)F)cc2)C2=NNc3cc2cnn3)c(Cl)c1,1 10 41 80 82 114 165 197 241 272 281 310 322 366 378 383 411 440 441 536 561 594 597 650 667 695 718 739 781 807 808 809 817 828 831 841 875 888 901 903 917 931 1036 1045 1087 1105 1114 1123 1128 1152 1160 1164 1224 1243 1257 1260 1300 1307 1380 1382 1417 1426 1450 1453 1454 1499 1507 1535 1536 1564 1589 1603 1614 1630 1665 1683 1694 1750 1754 1758 1798 1816 1837 1846 1856 1873 1917 1928 1948 1960 1972 1989,C1=CC(=CC=C1CCNC(=O)CCC(C2=NN=CC(=C2)C3=NN=CN3)NC(=O)NC4=C(C=C(C=C4)OC)Cl)C(F)(F)F
771,Cc1ccc(C(=O)OCCCCC(C(=O)OCC2OC3OC2C3O)=C2c3ccc(oc3=O)[N+]2=O)cc1,13 40 44 58 71 77 80 145 147 155 215 221 230 235 301 314 334 352 463 528 606 610 650 656 680 683 695 735 778 798 807 859 924 951 1006 1019 1057 1107 1136 1143 1220 1237 1249 1257 1267 1299 1330 1342 1345 1380 1385 1458 1468 1487 1522 1541 1564 1592 1604 1609 1651 1697 1699 1700 1701 1710 1722 1734 1750 1804 1823 1873 1877 1895 1911 1917 1920 1921 1973,CC1=CC=C(C=C1)C(=O)OCCCCCCCCCCCCCCCCCCC(=C2C3=CC=C(C=C3)C)C(=O)OCC4C(C5C(C(O4)O[N+]5=O)O)O
772,O=c1[nH]cccc1[SH](=O)(Nc1nncs1)c1ccccc1,54 103 138 207 267 281 314 378 385 389 434 450 459 478 606 636 650 675 740 750 754 802 806 822 849 930 1088 1098 1114 1137 1148 1152 1156 1164 1199 1200 1294 1296 1380 1393 1415 1435 1506 1563 1566 1567 1570 1601 1643 1666 1684 1750 1789 1811 1817 1831 1833 1873 1969 2047,C1=CC=C(C=C1)S2(=C3C(=O)NC=CC=C3)C(=C4C=CC=CN4)C(=C5C=CNC5=O)C2=C6N=CSN=N6
773,CN(C)c1nc2ccc([N+](=O)[O-])cc2n1C(=O)Oc1ccccc1Sc1cccc(Cl)c1,19 27 45 66 116 120 165 216 220 245 357 377 378 387 487 550 552 561 587 609 615 650 667 695 715 753 767 807 811 838 875 881 885 935 947 961 983 1025 1039 1040 1057 1065 1088 1092 1097 1161 1163 1195 1199 1224 1274 1282 1283 1335 1336 1380 1386 1398 1410 1502 1512 1526 1631 1683 1700 1703 1729 1750 1763 1769 1809 1814 1831 1840 1855 1873 1917 1940 1963 1970 1995,CN(C)C1=NC2=C(N1C(=O)OC3=CC=CC=C3SC4=CC(=CC=C4)Cl)C=C(C=C2)[N+](=O)OC5=NC6=C(N5[N+](=O)[O-])C=C(C=C6)[N+](=O)[O-]
774,CCOC(=O)C1=CC=C2C(=O)N3CCCCCCC(OC1=O)C2CCCC3,2 64 80 145 147 149 172 189 241 294 314 327 404 407 414 455 596 650 653 656 680 689 695 733 744 750 759 807 879 890 926 935 988 1004 1019 1028 1057 1088 1116 1176 1204 1238 1249 1287 1325 1380 1407 1447 1450 1468 1480 1484 1567 1619 1644 1656 1701 1722 1732 1814 1819 1862 1873 1889 1917 1998 2013,CCOC(=O)C1=C(N2CCCCC2)N(C(=O)C1=C3C4CCCCC4OC=C3C(=O)OCC)P
775,COc1ccc(C(=O)OC(=Cc2ccc(C)cc2)[N+](=O)[O-])cc1,25 80 94 145 218 235 289 322 408 425 473 606 633 650 684 694 695 715 718 753 781 807 808 826 831 838 841 880 894 898 954 979 1025 1057 1083 1138 1308 1333 1341 1365 1369 1380 1385 1534 1536 1604 1697 1700 1722 1746 1750 1820 1823 1873 1917 1920 1963 2031 2033,CC1=CC=C(C=C1)C(=O)O/C(=C/C2=CC=C(C=C2)OC)/C(=C(\C3=CC=C(C=C3)OC)/[NH+](CCO)[O-])/[N+](=O)[O-]
776,COc1ccccc1N1CCN(C(=O)N(C)C2=CS2)CC1,39 54 144 146 224 231 249 260 275 283 407 563 604 638 650 675 684 695 807 826 841 875 881 926 935 1057 1081 1088 1155 1163 1189 1199 1209 1295 1331 1380 1391 1410 1424 1480 1508 1536 1589 1604 1647 1692 1750 1787 1804 1809 1873 1902 1917 1939 1970 2009,CN(C1=CC2=CSC(=CS2)N3C1=CSC3=O)C(=O)N4CCN(CC4)C5=CC=CC=C5OC
777,Cc1c(N(C)C)nc(NC(=O)N2CCCC2)n1C,32 65 75 157 218 235 259 268 287 321 369 378 379 383 463 564 647 650 714 807 837 881 926 935 1028 1030 1057 1128 1145 1152 1163 1213 1291 1380 1381 1468 1480 1551 1700 1722 1762 1766 1816 1844 1855 1888 1917 1931 1932 1949 1998 2009,CC1=C(N=C(N1C)[N+]2=CN=C(N2C)NC(=O)N3CCCC3)N(C)C4=C(N=C(N4C)NC(=O)N5CCCC5)N(C)C
778,COc1cccc(-c2nc(C(=O)N3CCCCC3=O)n[nH]2)c1,57 74 176 199 225 304 310 314 322 378 458 459 502 561 562 567 607 650 661 695 781 798 801 807 841 875 926 928 935 1028 1039 1057 1088 1103 1114 1152 1160 1182 1215 1260 1263 1375 1380 1387 1396 1480 1504 1520 1536 1551 1589 1609 1738 1750 1777 1835 1837 1855 1873 1917 1942 1967 1972 1985 1988 1998 2001 2004,COC1=CC=CC(=C1)C2=NC(=NN2)C(=O)N3CCCCC3=C4CCC(=O)CCN4C(=O)C5=NNC(=N5)C6=CC(=CC=C6)OC
779,O=C(NC1CCCN2CCCN(CC2)C1)C1=CC(Cl)=C1,21 84 90 131 154 271 283 327 347 378 387 400 409 428 433 446 450 486 510 519 561 585 625 650 654 667 721 729 739 807 822 926 935 1018 1019 1028 1038 1083 1152 1202 1310 1325 1368 1380 1387 1472 1480 1494 1523 1570 1596 1634 1647 1683 1791 1797 1841 1873 1875 1895 1917 1977,B(N1CCCC(C1)NC(=O)C2=CC(=CC(=C2)Cl)Cl)(N3CCCC(C3)NC(=O)C4=CC(=CC5=CC(=CC=CC45)Cl)Cl)N6CCC(CC6)C7C=CC(=CC(=C7)Cl)Cl
780,CC=CC(=Cc1cccc2cccc(C(=O)OCCOCC)c12)NC(=O)c1ccccc1,13 22 31 80 139 145 147 155 208 238 261 294 389 441 486 495 527 604 650 654 694 695 725 744 802 807 818 844 892 930 961 988 1029 1039 1057 1059 1087 1088 1119 1128 1152 1187 1199 1238 1243 1373 1380 1385 1447 1481 1521 1592 1649 1659 1665 1673 1746 1750 1824 1855 1873 1917 1984 1985 1991 1992 2025,CCOCCOC(=O)C1=CC=CC2=C1C(=CC=C2)/C=C(/C3=CC=CC=C3C(=O)/C=C/C)\NC(=O)C4=CC=CC=C4
781,CC(=O)N1CCN(C(=O)c2cc(Cl)ccc2NC(=O)c2ccc(Cl)cc2)CC1,2 100 165 190 216 257 293 352 362 392 421 447 486 561 573 650 664 680 704 745 807 814 816 875 926 931 935 942 947 959 961 985 1017 1057 1070 1152 1192 1224 1300 1312 1380 1385 1446 1460 1480 1504 1589 1605 1665 1683 1697 1728 1750 1795 1816 1843 1856 1873 1883 1917 1947 1991 2009 2043,CC(=O)N1CCN(CC1)C(=O)C2=C(C=CC(=C2)Cl)C3=C(C=C(C=C3)Cl)NC(=O)C4=CC=C(C=C4)[S+](C)NNC(=O)C5=CC=C(C=C5)Cl
782,COc1ccccc1-n1c2cc3oc2c(C(=O)Nc2cccc([N+](=O)[O-])c2)c31,35 45 93 97 133 152 179 184 191 207 249 363 391 418 459 463 464 486 519 540 586 589 606 618 650 695 703 715 745 753 807 838 841 861 875 935 946 975 1003 1039 1057 1088 1152 1195 1199 1248 1274 1290 1295 1357 1380 1410 1440 1483 1486 1536 1604 1610 1647 1750 1756 1808 1809 1816 1873 1917 1928 1939 1940 1963 1970 1974 1978 1993 2018,COC1=CC=CC=C1N2C3=CC4=C(C=C3C(=C2C(=O)NC5=CC(=CC=C5)[N+](=O)[O-])C(=O)NC6=CC(=CC=C6)[N+](=O)[O-])[N+]7=CC=CC=C74
783,CC(=O)OCCCOC(=O)c1ccc(C(C)=O)c2ccc(C)cc12,13 40 67 70 80 119 134 145 147 177 209 235 299 312 462 650 670 695 715 776 807 846 875 1013 1017 1035 1041 1045 1057 1147 1157 1185 1333 1338 1357 1362 1380 1472 1555 1567 1574 1592 1660 1673 1722 1733 1734 1741 1750 1753 1820 1823 1858 1873 1911 1917 1978 1991,CC1=CC2=C(C=CC(=C2C=C1)C(=O)C)C(=O)OCCCOC(=O)C3=C4C=CC(=CC4=C(C=C3)C(=O)OCCCOC(=O)C)C
784,CC(C)(C)C(CCCOc1cccc(C(F)(F)F)c1)=C(C#N)N1CCCCC1=O,13 18 48 52 80 114 120 156 164 270 310 314 322 392 459 562 597 621 633 650 674 695 745 790 798 803 807 809 864 875 896 926 935 936 939 1028 1034 1039 1057 1088 1182 1215 1260 1380 1384 1386 1387 1417 1452 1453 1469 1480 1501 1522 1549 1564 1567 1585 1724 1738 1750 1804 1811 1873 1911 1920 1928 1933 1998 2017,CC(C)(C)/C(=C(/CCCOC1=CC=CC(=C1)C(F)(F)F)\N2CCCCC2=O)/CN3CCCCC3=O
785,CCCC(=O)N1C(=O)N2CCC1C(N1CCN(CCOC3=CC4=CC(C(F)(F)F)=CC4=C3)CC1)C2,7 13 71 74 80 84 92 113 114 139 167 246 271 273 294 314 335 377 406 407 453 497 533 591 650 666 676 695 736 739 794 807 809 834 879 926 935 944 946 1009 1019 1024 1057 1110 1145 1272 1312 1325 1357 1371 1380 1388 1396 1448 1452 1453 1480 1482 1493 1506 1553 1564 1686 1689 1736 1758 1784 1791 1832 1854 1856 1867 1873 1907 1917 1928 2043,B(C1CN(CCN1C(=O)CCC)[C@@H]2CCN(C[C@H]2OC(F)(F)F)C3=CC4=CC(=C(C(=O)N4C3=O)OCCN5CC5)C(F)(F)F)(F)F
786,c1=c2c3cccc2c2[nH]c-1c1c(ccc(CN4CCCNC4)c1cc3)N=NN=2,11 21 25 38 54 80 84 135 203 212 270 296 305 367 378 398 440 588 592 599 652 742 766 848 875 913 925 926 935 938 971 993 1028 1039 1080 1087 1088 1106 1114 1122 1183 1232 1233 1242 1281 1300 1308 1349 1357 1380 1422 1445 1461 1480 1557 1573 1673 1733 1741 1745 1757 1758 1765 1772 1773 1779 1791 1792 1798 1819 1855 1872 1873 1921 1974 1984 1989 2008 2032,C1CNCN(C1)CC2=C3C=CC=C4C3=C(C=C2)N=N4
787,CCCCOC(=O)CCCCCC=CC=C(C)C#N,10 13 74 80 122 147 271 293 294 335 343 401 402 432 584 591 639 650 674 677 694 695 718 775 790 794 799 803 807 924 1017 1034 1057 1143 1170 1202 1267 1319 1323 1356 1364 1384 1386 1399 1440 1451 1501 1502 1518 1543 1564 1734 1737 1767 1777 1823 1911 1917 1958 2032,B(CCCC)(CCCC)O/C(=C/C=C/CCCCCCC(=O)OCCCC)/C(=C(\C)/C=C/C=C(\C)/C#N)/CCCCCC(=O)OCCCC
788,COC(=O)N1CCCC(NC(=O)NCCn2c(-c3cccc(Cl)c3)nnc2-c2ccccc2F)C1,80 98 155 165 197 216 228 352 369 373 378 387 418 425 428 446 451 497 509 561 586 592 606 630 650 654 667 695 699 709 725 736 739 797 802 807 814 825 841 875 926 935 945 975 984 1018 1019 1028 1032 1039 1055 1057 1065 1075 1088 1145 1151 1152 1160 1164 1199 1224 1325 1366 1367 1380 1443 1480 1508 1543 1554 1634 1683 1704 1722 1750 1788 1840 1852 1873 1917 1928 1956 1975 1989 2009,COC(=O)N1CCCC(C1)NC(=O)NCCN2C(=NN=C2C3=CC=CC=C3F)C4=CC(=CC(=C4)C5=CC(=CC=C5)Cl)C6=CC(=CC=C6)Cl
789,Nc1ccc2ccccc2oc2cccc3c4cccc(c5nc1o5)c4oc23,122 133 151 199 203 331 378 408 436 448 550 592 613 656 675 910 934 935 971 1039 1059 1085 1087 1088 1128 1171 1199 1245 1274 1333 1357 1380 1390 1398 1435 1457 1494 1496 1497 1539 1573 1604 1640 1672 1750 1808 1855 1873 1910 1912 2005,C1/C=C\CN2C(=C3C=CC=C4C3=CC=CC4=C2N)OC5=C(C=CC6=C5OC7=CC=CC=C76)N
790,CN(C)CCCCN(C)c1sc2cc1N2,49 80 162 216 360 461 465 571 596 652 675 693 783 875 881 897 946 1057 1060 1101 1112 1114 1149 1163 1200 1281 1303 1339 1352 1380 1399 1408 1411 1480 1513 1556 1669 1796 1873 1903 1911 1916 1944 1951 1982 1991 2026,CN(C)CCCCN(C)C1=C(C=C(S1)N(C)CCCN(C)C)C(=C2NC=CN2)C3=CC4=C(S3)NC=CN4
791,FC(F)(F)CNC(=NC(F)(F)C(F)(F)C(F)(F)F)C(F)(F)C(F)(F)F,59 80 114 179 197 213 235 311 315 375 390 454 468 482 525 527 545 571 588 632 655 686 725 807 817 876 886 917 968 970 1009 1095 1096 1133 1152 1171 1211 1395 1398 1453 1557 1603 1625 1829 1838 1928 1941 1942 1954 1961,C(C(F)(F)F)N/C(=C(/C(C(F)(F)F)(F)F)\N=NC(C(C(F)(F)F)(F)F)(C(F)(F)F)F)/C(C(F)(F)F)(C(F)(F)F)N
792,COC(=CC(OC)=C(Cl)C(C)=NC(=O)NS(=O)(=O)OC)c1cccc(Cl)c1,2 109 142 145 165 216 298 307 350 513 579 592 598 622 632 650 694 695 725 780 807 827 841 850 865 875 931 989 1017 1024 1039 1046 1057 1088 1120 1152 1186 1292 1361 1380 1384 1385 1476 1518 1567 1596 1610 1627 1651 1683 1750 1804 1858 1873 1917 1985 2017,C/C(=C\C(=N\OC)\C1=CC(=CC=C1)Cl)/C(=N/C(=O)NS(=O)(=O)O)/C=C(/C2=CC(=CC=C2)Cl)\Cl
793,COc1c(N=C(NC(=O)N2CCCCC2)c2ccc(Br)cc2)cc(C)cc1[N+](=O)[O-],2 18 78 218 253 289 295 324 333 336 354 369 409 466 498 509 547 650 656 695 715 716 719 724 725 728 753 807 838 841 863 875 877 909 926 935 953 1028 1057 1119 1121 1152 1157 1195 1209 1256 1275 1277 1347 1368 1380 1385 1391 1408 1441 1443 1453 1457 1468 1480 1486 1536 1599 1613 1631 1647 1649 1671 1682 1697 1722 1805 1823 1831 1857 1873 1917 1925 1929 1953 1963 1982 1998 2009 2020 2037,[B-]1(N2C(=C(O1)/C(=N/C3=C(C(=CC(=C3)C)[N+](=O)[O-])OC)/NC(=O)N4CCCCC4)C(=CC(=N2)C5=CC=C(C=C5)Br)C)(O[N+](=O)[O-])O[N+](=O)[O-]
794,O=C1N2CCC(C3C4CCC3N3c5sc6nncc-6c(F)c5CC43)N1CC2,53 55 82 92 141 155 162 231 243 271 281 314 335 352 361 366 378 407 469 475 514 522 622 650 675 684 699 779 842 854 911 926 927 935 962 993 1000 1019 1048 1085 1150 1161 1164 1249 1254 1277 1281 1325 1380 1445 1480 1508 1513 1535 1536 1618 1630 1689 1707 1755 1808 1840 1843 1873 1928 1934 1938 1977,C1CC2C3C(C1N4CCN(CC4=O)C5=C(C(=C(S5)F)F)F)CCC6C3C(CC7=C(N6C2=O)SN=C7)N8CCN9C8=NC(=O)C9=O
795,CCN(C(=O)CCc1cccc(C)c1)C(=O)C(=O)NCCc1ccc(S(=O)(=O)O)cc1Cl,78 80 103 104 197 279 290 294 319 350 366 412 430 504 561 592 626 642 650 667 715 781 807 828 835 875 881 897 917 932 948 965 1013 1039 1055 1057 1066 1085 1088 1090 1125 1152 1160 1191 1210 1238 1243 1319 1349 1370 1380 1391 1476 1480 1528 1564 1648 1659 1663 1683 1722 1734 1739 1741 1750 1754 1823 1836 1863 1873 1905 1917 1919 1924 1944 2008,CCN(/C(=C/1\C=C(C=C1C)S(=O)(=O)O)/C(=O)NCCC2=C(C=C(C=C2)S(=O)(=O)O)Cl)C(=O)CCC3=CC=CC(=C3)C
796,COc1nc(NC2C(C)OP(=O)(OC)OC3OP(=O)(OP(=O)(O)O)OC32)nc(SC(=C(Cl)Cl)N(C)C)n1,71 79 116 135 192 214 221 235 271 294 333 378 402 458 486 612 629 650 656 659 676 695 722 727 768 807 810 841 880 881 902 913 921 924 961 1005 1019 1057 1063 1079 1086 1109 1114 1152 1163 1180 1254 1264 1287 1292 1309 1325 1366 1375 1379 1380 1415 1458 1536 1578 1581 1582 1585 1589 1614 1636 1643 1653 1683 1701 1711 1744 1764 1819 1838 1855 1897 1899 1904 1907 2012 2020 2036,CC1C(C2C(O1)C(C(OP2(=O)O)C)NC3=NC(=NC(=N3)SC(=C(Cl)Cl)N(C)C)OC)NC4=NC(=NC(=N4)OC)NN
797,O=C(O)C(c1ccccc1)c1nnc2c(-c3ccccc3)c1N2,1 20 40 118 166 280 297 378 389 521 569 603 624 650 736 742 757 762 799 807 856 946 954 990 1033 1041 1060 1078 1088 1114 1128 1148 1160 1164 1172 1199 1225 1242 1355 1365 1380 1522 1551 1581 1692 1747 1750 1799 1844 1873 1917 1922 1926 1946,C1=CC=C(C=C1)C2=C(C3=C(C(=C2C4=CC=CC=C4)C5=CC=CC=C5)NC(=NN3)C(C6=CC=CC=C6)C(=O)O)C7=C(N=NN7)C(C8=CC=CC=C8)C(=O)O
798,c1ccc2c(c1)CCN(CCOc1ccc3oc4ccc5cc4c(c1-3)CCC5)C2,13 55 80 87 94 121 175 242 248 251 285 361 368 457 533 551 628 630 656 658 695 801 825 836 875 878 892 919 926 935 1019 1028 1032 1088 1143 1145 1199 1285 1357 1363 1380 1391 1452 1480 1518 1526 1527 1604 1708 1738 1747 1750 1751 1791 1808 1810 1832 1833 1873 1888 1937 1946 1970 1979 2018 2021,C1CC2=CC3=C(C=C2)OC(=C3C4=CC=C(O4)C5=C(C=CC6=C5CCC6)OCCN7CCC8=CC=CC=C8C7)C=C1
799,N#Cc1nc2cc(Cl)cc(COCc3ccc(Cl)cc3C(F)(F)F)c2s1,26 68 80 114 131 162 165 210 216 238 262 292 378 419 428 561 674 675 695 745 780 790 809 816 825 875 886 914 1032 1038 1061 1097 1136 1152 1172 1177 1216 1288 1318 1342 1349 1380 1384 1453 1506 1549 1599 1623 1688 1741 1747 1750 1828 1854 1855 1873 1928 1992 1997 2030,C1=CC(=C(C=C1Cl)C(F)(F)F)COCC2=C(C=C(C=C2)Cl)CONC3=NC4=CC(=CC(=C4S3)C(F)(F)F)Cl
800,CC1=NC=NN=C(NC(=O)c2ccccc2)N1C,46 49 73 87 138 198 270 290 378 389 396 415 416 431 486 497 505 650 662 738 807 931 932 935 987 1057 1068 1088 1101 1107 1145 1152 1168 1170 1199 1311 1313 1380 1385 1457 1593 1665 1722 1733 1750 1759 1773 1782 1792 1795 1816 1830 1873 1917 1985,CC1=NN=C2C1=C3C(=NC=N3)N4C=CC(=C4N2C)NC(=O)C5=CC=CC=C5
801,COc1cc(OC2CN3C(=O)NC2C3C(C)(C)C)ccc1F,102 114 116 174 214 216 233 249 284 301 314 322 392 396 398 404 524 573 582 586 595 635 650 658 674 684 695 699 718 736 739 798 841 858 875 885 923 925 926 934 935 937 939 971 972 1019 1028 1051 1056 1057 1083 1114 1152 1211 1250 1290 1314 1342 1344 1363 1380 1390 1396 1527 1536 1569 1587 1608 1618 1695 1750 1803 1840 1873 1928 1970 2021,CC(C)(C)C1CN2C(N1)NC(=C=CNC3C=CC(C4C3NC(=O)N4)OC5=CC(=C(C=C5)F)OC)C2=O
802,CN1CCC2CCC(=O)N(c3ccccc3C(=O)n3c4c(C(F)(F)F)n5cc4nc35)C2C1,14 29 49 103 105 114 141 147 191 207 314 378 464 574 585 614 650 685 730 739 748 798 807 809 835 852 926 935 953 993 1000 1019 1031 1037 1057 1066 1088 1097 1098 1145 1178 1199 1236 1282 1295 1325 1376 1378 1380 1440 1447 1449 1453 1466 1480 1504 1545 1647 1678 1689 1738 1750 1819 1825 1855 1872 1873 1917 1922 1928 1947 1969 1991,CN1CCC(CC1)C2CCC(=O)N2C3=CC=CC=C3C(=O)N4C(=CN5C4=NC6=C5C7=CN(CCN7C=C6)C)C(F)(F)F
803,CCCC(=O)c1ccc2c3cc(F)cc(OC)ccc1c2=CC=C(C(F)(F)C(F)(F)F)C=C3,12 59 67 80 114 187 240 273 279 294 316 322 367 475 482 547 581 589 623 632 650 670 673 686 695 699 718 744 767 780 781 784 794 807 809 841 875 990 1025 1030 1032 1048 1057 1082 1097 1125 1216 1249 1272 1292 1344 1352 1357 1380 1409 1443 1453 1470 1498 1536 1564 1648 1670 1680 1693 1706 1733 1750 1833 1872 1873 1888 1917 1928 1972 1991,CCCC(=O)C1=C2C=CC(=CC2=C(C=C1)/C(=C/3\C=CC(=CC=C3C(C(F)(F)F)(F)F)F)/C(=O)C(=O)C4=C(C=C(C=C4)OC)F)F
804,CC(C)(C)N=C1C=CC(=O)N1C1CCCCC1,2 16 66 86 100 114 122 225 244 261 266 314 321 339 369 392 491 547 650 725 735 743 871 890 919 926 935 936 1012 1015 1019 1028 1057 1147 1167 1217 1258 1305 1317 1325 1327 1347 1380 1420 1482 1497 1508 1518 1519 1591 1618 1710 1825 1873 1910 1922 1923 1993,CC(C)(C)C1CCC=C2N1N3C(=O)C=CC3=C2N=C4C=CC(=NC5CCCCC5C(C)(C)C)C(N4C6CCCCC6)N7C(=O)C=CC7=O
805,O=C(Nc1ccc(I)cc1)n1cnnc1,13 26 84 98 191 218 281 292 312 378 503 506 573 614 650 661 662 807 816 819 822 843 849 893 932 935 947 1000 1077 1091 1152 1226 1239 1380 1399 1430 1438 1439 1471 1494 1594 1695 1750 1816 1817 1848 1849 1873 1917 1986,C1=CC(=CC=C1NC(=O)N2C(=CC(=C3N2N=CN=C3)NC(=O)N4C=NN=C4)NC5=CC=C(C=C5)I)I
806,CCC1CCC2=C(C)C1=C2,27 80 84 148 238 294 301 358 374 478 481 751 879 926 1019 1057 1093 1121 1141 1154 1176 1230 1325 1380 1454 1521 1611 1682 1722 1728 1738 1836 1847 1873 1944 2013,[B-]1(C2=C(C(=C1CCC3C(=CC4=C(C(=C(CC4)CC)C)CC3)C(CC2)CC)C)C)(CC)CC
807,O=C1C=CC(C2CCCCC2)=C1,2 84 109 194 239 314 427 537 547 553 588 591 592 650 660 700 746 890 926 967 972 1019 1028 1075 1110 1286 1302 1325 1331 1380 1547 1634 1703 1724 1873 1877 1932 1943 1973 1997 1999 2000 2018,C1CCC(CC1)C2=C3C=CC(=O)C=C3C(=C4C=CC(=O)C=C4)C2=C5C=CC(=C6C=CC(=O)C=C6)C=C5
808,O=C(C1=C(c2cc(F)cs2)C=C1)N1CCN2CCN(CC3CC3)CC2C1,14 29 62 74 77 80 87 136 214 337 388 400 410 445 451 517 547 552 558 650 675 687 696 699 719 739 807 875 908 916 926 935 949 969 981 1019 1020 1081 1082 1146 1248 1325 1334 1450 1480 1485 1497 1504 1534 1567 1589 1670 1671 1710 1736 1772 1786 1791 1808 1809 1840 1854 1873 1910 1917 1928 1957 2009 2020,C1CC1CN2CCN(CC2)C3CN(C3)C(=O)C4=CC5=C(C=C4)C6=C(C=CN(C6C=C5)CC7CC7)C8=CC(=CS8)F
809,N#Cc1ccccc1N1Cc2ccccc2N(C(=O)N2CCCCC2)C(Nc2ccccc2)=NC1=O,0 2 37 43 75 165 191 216 238 286 314 335 344 361 364 369 378 380 389 394 405 425 431 461 491 586 593 648 650 658 674 681 703 780 790 807 814 828 883 926 927 935 1028 1062 1070 1088 1136 1152 1199 1236 1295 1368 1380 1384 1405 1457 1462 1480 1499 1524 1581 1587 1611 1647 1708 1750 1827 1862 1873 1917 1924 1940 1946 1995 1998 2009 2020 2038,C1CCN(CC1)C(=O)N2CC3=CC=CC=C3N(C2=O)C4=C5C=CC=CC5=C6N4CC(=N6)NC7=CC=CC=C7
810,CC1=C(C=Cc2ccccc2)CN(C(=O)N2CCCCCC2)C2CCC2O1,2 28 42 95 140 242 348 351 369 373 389 426 528 564 584 650 653 654 656 694 750 807 835 847 854 878 911 926 935 980 1019 1028 1057 1182 1199 1302 1325 1353 1380 1480 1571 1601 1602 1608 1689 1717 1722 1750 1811 1819 1873 1883 1914 1917 1940 1946 1998 2009 2020 2031 2033 2038,CC1=C(CN(O1)[C@@H]2CC[C@H]3[C@@H]2[C@@H]4CCN(O4)C(=O)N5CCCCC5)/C=C/C6=CC=CC=C6
811,COc1ccccc1N(C1CCCCC1)C1CCCC1,2 14 52 91 128 132 141 169 196 229 234 249 364 518 525 541 695 730 744 756 785 809 841 881 890 926 1004 1019 1028 1057 1063 1088 1120 1199 1249 1325 1348 1362 1377 1380 1410 1420 1499 1536 1706 1750 1835 1867 1873 1884 1920 1946 1954 1968 1970 2018,COC1=CC=CC=C1N(C2CCCCC2)C(=C3C(=CC=C4C3C(=CC=C4OC)OC)OC)N(C5CCCCC5)C6CCCCC6
812,CCCN(CCN1CCC(CC)NC1=O)c1c2nc(N)n1C1=NN2C2=CC1=C2,34 80 84 95 130 158 191 294 301 308 314 324 378 383 430 443 471 522 616 619 629 650 676 722 735 782 794 822 881 885 914 926 927 935 943 944 950 964 967 1019 1057 1089 1114 1134 1141 1145 1171 1225 1286 1310 1325 1380 1391 1402 1411 1422 1427 1433 1452 1454 1455 1457 1466 1480 1601 1618 1639 1654 1687 1719 1731 1733 1761 1788 1855 1873 1925 1931 1934 1951 1953 1985 1993,CCCN(CCC)C1=C(N=C2N1C(=NC3=CC(=O)C=C4C3N2CCN4CC)N)N(CCC)C5=NN(C6=NC(=NN(C6N5)CC)N)CC
813,O=C(Nc1ccccc1)c1cnc(Nc2ccc(NC(=O)N3CCCC3)cc2)s1,140 152 162 191 218 229 335 369 378 385 389 419 486 491 621 650 675 702 703 704 722 736 798 807 843 926 935 971 1006 1028 1077 1088 1152 1199 1245 1317 1339 1380 1381 1399 1419 1452 1468 1480 1524 1535 1750 1782 1816 1851 1873 1917 1948 1978 1998 2008 2009,[B-](C1=CC=CC=C1)(C2=CC=CC=C2)(C3=CC=CC=C3)(C4=CC=CC=C4)NC5=CC=C(C=C5)NC(=O)C6=CN=C(S6)NC7=CC=CC=C7
814,CN1CCN(S(=O)(=O)N(CCCN2CCCC2)C(=O)c2cccc(C(F)(F)F)c2)C1=O,17 80 92 114 299 314 319 344 350 363 412 448 490 495 501 650 653 793 807 809 862 875 881 926 935 955 983 1010 1028 1039 1051 1057 1088 1093 1145 1198 1221 1248 1260 1297 1359 1374 1380 1385 1405 1417 1422 1453 1476 1482 1522 1640 1693 1750 1791 1873 1911 1917 1928 1951 1972 1984 1985 1998 2017 2033 2041,CN1C(=C(N(C1=O)S(=O)(=O)C(F)(F)F)C(=O)CS(=O)(=O)N(CCCN2CCCC2)C(=O)C3=CC(=CC=C3)C(F)(F)F)C(F)(F)F
815,CC(C)(C)N1CCC(NC(=O)N2CCCCC2)C1,2 81 114 127 218 248 369 387 392 408 433 463 517 525 650 705 739 773 791 807 858 877 921 926 935 946 951 1019 1028 1057 1087 1152 1155 1168 1181 1197 1198 1218 1238 1296 1325 1365 1415 1468 1480 1501 1634 1639 1655 1873 1917 1973 1998 2009,CC(C)(C)N1CCC(C1)NC(=O)N2CCCC(C2)NC(=O)N3CCCCC3[N+]4=CC=CC(C4)NC(=O)N5CCCCC5
816,CCCCCCCCC1CCCc2c1c1ccc(Cl)cc1oc2=O,80 141 149 165 182 211 215 216 278 294 305 314 334 361 406 408 473 561 564 591 648 650 656 679 681 690 794 816 832 875 926 937 1019 1028 1057 1112 1143 1144 1169 1188 1226 1231 1289 1290 1325 1330 1357 1380 1391 1417 1442 1444 1468 1485 1604 1611 1648 1683 1712 1733 1738 1750 1792 1808 1836 1873 1911 1938 2025 2032 2036,CCCCCCCCCCCCCCCCCCC1CCCC2=C1C3=C(C4=C(C=C(C=C4)Cl)OC3=O)OC(=O)C5=C2CCC(O5)CCCCCCCCCCCCCC
817,CCCOc1csc2cc(C(=O)NC(=O)Nc3ccncc3)cc-2c1,0 13 17 62 76 80 95 140 191 227 232 233 294 322 360 378 383 454 486 510 552 583 587 650 675 695 734 794 806 807 822 870 875 915 930 1022 1034 1057 1077 1119 1146 1152 1160 1208 1293 1334 1380 1385 1387 1452 1456 1563 1565 1567 1603 1686 1695 1737 1750 1771 1777 1816 1866 1873 1917 1983 1989 1990 2046,CCCOC1=CSC(=C1)C2=CC(=CC(=C2)C(=O)NC(=O)NC3=CC=NC=C3)C4=CC(=CS4)C(=C5C=NC=N5)NOCCC
818,Cc1sc2c3nc(n2C)n(CCC(N)CC(C)(C)C)c13,1 80 105 114 216 280 313 378 391 392 401 403 493 542 550 564 602 623 675 702 710 739 786 802 809 825 871 935 938 967 982 997 1057 1064 1073 1101 1123 1145 1171 1235 1303 1380 1423 1440 1495 1548 1556 1618 1624 1671 1689 1722 1724 1767 1772 1787 1790 1796 1820 1855 1861 1870 1905 1909 1923,CC1=N[Se]C(=N1)C(CC(C)(C)C)C(CCN2C3=C4C(=NC5=NCC(N5C)C(C)(C)C)[Se]C=NCC(N4C)C(C)(C)C)N
819,COc1ccc(SC=CC(=O)N(C)C(=O)N(C)C)cc1,31 45 46 66 116 129 136 151 238 239 257 282 297 311 322 418 487 557 650 688 694 695 718 781 807 811 829 831 839 841 858 881 896 956 1042 1057 1155 1163 1231 1255 1269 1275 1354 1380 1536 1548 1648 1653 1734 1738 1739 1750 1859 1873 1917,CN(C)C(=O)N(C)C(=O)N(C)C(=O)N(C)C(=O)N(C)C(=O)/C=C/SC1=CC=C(C=C1)OP(SC2=CC=C(C=C2)OC)SC3=CC=C(C=C3)OC
820,CC(C(=O)O)N(C(=O)c1ccc2ccccc2c1)S(C)(=O)=O,1 50 81 86 90 193 203 283 300 319 322 327 350 389 477 485 598 650 668 692 746 766 779 807 875 880 881 898 902 979 1001 1008 1057 1065 1087 1088 1138 1199 1221 1234 1366 1380 1385 1476 1506 1550 1597 1697 1750 1824 1844 1855 1873 1889 1917 1950 1964 1984,CC(C)N(C(C)C(=O)C(=O)C(C)N(C(C)C(=O)O)C(=O)C1=CC2=CC=CC=C2C=C1)N(C(=O)C3=CC4=CC=CC=C4C=C3)S(=O)(=O)C
821,CC(=O)OCCN(C(=O)Nc1ccc([N+](=O)[O-])cc1)C(=O)n1c(=O)c2ccc1c(C)c2,13 14 45 69 80 108 147 191 193 203 220 223 251 283 312 314 343 367 407 482 504 534 603 634 650 695 715 753 769 780 807 815 826 838 843 846 875 881 895 920 935 958 983 1017 1035 1057 1077 1152 1181 1195 1209 1218 1225 1274 1282 1343 1380 1391 1427 1470 1472 1479 1557 1581 1648 1661 1668 1695 1722 1750 1809 1814 1816 1855 1873 1885 1889 1917 1936 1951 1963 2003 2019 2021,CC1=CC2=C(C=C(C(=O)N2C(=O)N(CCOC(=O)C)C(=O)NC3=CC=C(C=C3)[N+](=O)[O-])C)N(C1=O)N(CCOC(=O)C)C(=O)NC4=CC=C(C=C4)[N+](=O)[O-]
822,CC(=CC(=O)NC(=O)C(F)(F)c1ccccc1)C(=O)N1CCCCC1,2 26 47 62 73 114 123 280 287 369 389 522 524 547 650 694 728 807 829 844 866 907 926 935 1017 1028 1057 1088 1110 1119 1120 1152 1181 1199 1344 1380 1388 1417 1453 1480 1522 1560 1605 1639 1687 1695 1750 1768 1782 1873 1886 1917 1928 1984 1998 2009 2017 2029,C/C=C(\C=C(/C)\C(=O)N1CCCCC1)/NC(=O)/C=C(\C(C2=CC=CC=C2)(F)F)/NC(=O)C(C(F)(F)Br)(F)F
823,CN1CCCC(CCC2CCC3C(NC(=O)c4ccccc4)CCC4CCCN2C43)C1=O,5 18 38 63 80 129 155 190 263 276 285 292 314 324 375 387 389 446 486 522 585 622 623 650 704 807 832 874 926 935 936 956 1019 1028 1057 1062 1083 1088 1111 1112 1114 1127 1141 1145 1152 1156 1192 1199 1228 1249 1265 1320 1325 1332 1362 1380 1385 1386 1403 1405 1480 1552 1559 1611 1665 1666 1693 1726 1734 1750 1829 1862 1873 1917 1969 1985 1992 2047,CN1CCCC(C1=O)CCC2C=CC3N2CCC4C3CCC5C4N6CCCC(C6=O)NC(=O)C7=CC=CC=C7
824,COCCN(CCN1CCCCC1)S(=O)(=O)c1ccc2nc1O2,2 13 15 38 61 80 144 193 350 378 380 392 402 441 466 467 486 499 616 640 650 656 695 702 779 815 841 881 926 935 1005 1028 1057 1145 1161 1222 1302 1314 1328 1376 1380 1453 1476 1480 1482 1484 1521 1592 1708 1750 1752 1790 1791 1810 1855 1873 1951 1982 1998 2028,COCCN(CCOC)S(=O)(=O)C1=C2N=C(C=C1)OC(=N2)S(=O)(=O)N(CCN3CCCCC3)CCN4CCCCC4
825,CCOc1ccc(OC=Cc2sc(NC(=O)N(C)CC)nc2C)cc1,11 21 69 80 92 102 109 162 193 196 227 237 273 294 317 322 334 335 378 380 385 392 531 627 637 639 650 675 694 695 711 718 733 766 779 807 835 881 919 932 1055 1057 1152 1163 1166 1204 1238 1243 1283 1301 1367 1380 1392 1436 1452 1546 1706 1722 1726 1747 1750 1766 1808 1816 1855 1873 1877 1917 1947 1980 1992,CCN(C)C(=O)NC1=NC(=C(S1)/C=C/ON(C)C(=O)NC2=NC(=C(S2)/C=C/OC3=CC=C(C=C3)OCC)C)C
826,CC(C)(C)c1cnn2c(NS(=O)(=O)c3cccc(F)c3)cnc2n1,4 43 105 114 198 223 230 235 256 319 349 350 378 392 412 502 650 699 718 755 807 875 917 932 935 1039 1057 1088 1123 1152 1270 1279 1339 1366 1380 1404 1446 1452 1471 1476 1487 1535 1569 1586 1589 1670 1686 1729 1750 1752 1766 1834 1839 1845 1855 1873 1887 1928,CC(C)(C)C1=NC2=NC=C(N2N=C1)NS(=O)(=O)C3=CC(=NC(=C3)F)S(=O)(=O)NC4=CC(=CC=C4)F
827,CC(=O)N(Cc1ccc(C)cc1)c1ccc(C)c2cc(C)ccc12,21 46 58 80 146 157 235 275 310 440 472 495 507 541 626 650 753 783 807 875 881 922 989 1013 1017 1047 1057 1147 1357 1362 1380 1383 1391 1411 1516 1588 1606 1691 1722 1733 1750 1754 1793 1807 1823 1837 1845 1873 1876 1884 1906 1917 1920 2018,CC1=CC=C(C=C1)CN(C2=CC(=C(C3=C2C=C(C=C3)C)N(CC4=CC=C(C=C4)[C]5[C](C=C[C]([C]5C)C)C)C(=O)C)C)C(=O)C
828,CCOc1ccc2c(c1)N(c1c(C)n3c(=O)n1CC3)CCC2,69 80 167 177 215 237 277 294 314 322 331 392 445 488 498 525 556 650 679 695 718 771 875 926 935 1028 1046 1057 1138 1154 1174 1236 1238 1295 1327 1359 1379 1380 1403 1452 1457 1480 1496 1501 1532 1558 1571 1656 1662 1687 1722 1738 1750 1766 1853 1873 1929 1980,CCOC1=CC2=C(CCCN2C3=C(C(=O)C3=O)N4CCN5C(=C(N(C5=O)CCC6=C(CCC6)C=C7CCCC7=C6)C)C4)C=C1
829,CNC(=O)C1=C(NC(=O)NC(=O)c2ccccc2)C(=Cc2cc3cc(OC)ccc3c(=O)[nH]2)C(=O)O1,30 52 59 86 144 222 233 281 314 322 345 362 379 384 389 486 546 565 592 650 656 694 695 718 734 750 776 781 786 807 816 835 838 841 875 930 1057 1088 1114 1119 1120 1152 1164 1199 1207 1255 1305 1357 1380 1381 1385 1389 1411 1415 1422 1424 1430 1456 1488 1530 1536 1655 1665 1729 1733 1741 1745 1750 1810 1816 1827 1855 1873 1917 1920 1968 1972 1985 1989 2001 2026,CNC(=O)C1=C(/C(=C/C2=CC3=CC(=O)ON=C3N2)/C(=O)O1)NC(=O)NC(=O)C4=CC=CC=C4
830,O=C(c1cccs1)N1CC(=O)N(C(F)(F)c2ccccc2)C1=O,14 23 27 79 92 114 134 175 222 241 307 314 352 360 383 389 419 475 476 539 582 588 650 675 686 700 759 760 761 798 807 815 915 926 935 957 971 1031 1088 1092 1154 1183 1199 1303 1333 1380 1387 1417 1453 1504 1567 1606 1681 1739 1750 1837 1850 1873 1897 1902 1905 1917 1928 1946 2002 2017 2021,C1C=CN(C(=O)N1C(=O)C2=CC=CS2)C(=O)N3CC(=O)N(C3=O)C(=C4C=CN(C(=O)N4C(=O)C5=CC=CS5)C(C6=CC=CC=C6)(F)F)F
831,O=C(c1cccc(CCCC2Cc3ccccc3N(C(=O)c3ccc(F)cc3)C2)c1)N1CCOCC1,11 29 80 90 97 104 191 231 294 487 497 523 555 567 611 618 624 626 644 650 656 699 712 739 801 807 832 875 880 926 935 942 950 968 978 1001 1019 1032 1039 1066 1088 1091 1105 1167 1199 1236 1243 1295 1380 1385 1387 1391 1396 1405 1410 1441 1480 1504 1510 1511 1539 1565 1600 1647 1670 1680 1697 1708 1750 1754 1827 1853 1873 1890 1911 1917 1928 1985 2009,C1COCCN1C(=O)C2=CC=CC(=C2)CCCC3CC4=CC=CC=C4N(C3)C(=O)[N+]5=COCC(C5)CCCC6=CC(=CC=C6)C(=O)N7CCOCC7
832,CCOC(=O)CC(c1ccc(C=CC=C(OC)C(C)=O)cc1)C1OC(CC)C(O)C1O,1 16 25 31 80 106 110 127 147 259 285 294 349 372 432 509 610 624 636 644 650 656 694 695 703 761 774 781 807 835 841 878 916 994 1017 1019 1057 1071 1125 1152 1220 1234 1238 1257 1290 1296 1319 1365 1370 1379 1380 1386 1425 1453 1454 1471 1487 1498 1592 1607 1621 1719 1722 1750 1798 1819 1844 1853 1873 1917 1918 1921 2029 2033 2042 2044,CCC1C(C(C(C(O1)C(CC(=O)OCC)C(=O)/C(=C/C=C/C2=CC=C(C=C2)C(C3C(C(C(O3)/C=C(\C)/OC)O)O)OC)/C(=O)C)O)O)O
833,COc1cc2cc3c1c1ccc(c-1c2OC(C)(C)C)C(C1C2OCC4C(OC41)C2O)=C(O)O3,41 114 178 187 221 249 288 333 352 391 392 433 487 517 548 594 622 643 656 680 695 729 769 802 807 815 841 845 875 926 997 1019 1057 1109 1116 1120 1142 1156 1212 1251 1257 1263 1286 1294 1321 1351 1380 1404 1457 1487 1527 1535 1536 1582 1602 1609 1646 1648 1747 1750 1755 1757 1810 1855 1859 1873 1884 1905 1921 1923 1970 1984 2024,CC(C)(C)OC1=C2C3=C(C4=C5C6C(CO6)C(C7=C5C(=C(C=C74)OC)C8=C(O2)C=C(C9=C8C1C(C9O)O)OC)O)OC(C)(C)C
834,CCN(CCOc1cccc(OC)c1)C(=O)CSCC(=O)OCCNS(=O)(=O)c1ccccc1,6 13 80 116 147 231 294 317 319 322 323 334 350 375 389 429 502 562 575 592 603 650 667 694 695 781 789 807 841 875 881 883 918 932 943 953 961 978 999 1005 1008 1013 1031 1034 1039 1057 1064 1081 1088 1152 1174 1188 1199 1238 1260 1374 1380 1386 1404 1427 1452 1456 1476 1501 1536 1551 1582 1614 1626 1630 1750 1756 1768 1839 1873 1883 1917 1951 1959 1972 2005,CCN(CCOC1=CC=CC(=C1)OC)C(=O)CSCC(=O)N(CCNS(=O)(=O)C2=CC=CC=C2)/C=C/NOC(=O)CSCC(=O)OC
835,O=C1c2c(N3CCCC3)n[nH]c2CN2CCN1CC2,4 44 74 85 90 129 130 187 227 242 314 378 407 460 475 650 653 676 680 734 749 781 846 879 926 935 991 1028 1064 1095 1114 1251 1333 1380 1472 1480 1495 1508 1511 1573 1611 1747 1762 1946 1973 1998 2004 2042,C1CCN(C1)C2=NNC3=C2C(=O)N4CCN(C3)CC5=C6C(=NN5)CN7CCN(CC7=C6C4=O)C8=NNC9=C8C(=O)N1CCCC1
836,CCN(C)CCCc1ccc(C(=O)Nc2ccc3c(Sc4ccccc4Cl)nc(SC)nc3c2)o1,18 32 80 116 184 191 250 294 296 310 366 377 378 394 449 486 552 555 561 562 579 650 656 727 780 806 807 823 843 862 875 881 906 911 952 966 974 997 1025 1041 1057 1062 1086 1088 1096 1097 1106 1149 1152 1163 1199 1236 1243 1259 1283 1324 1357 1380 1428 1468 1504 1522 1530 1582 1586 1604 1661 1683 1685 1688 1723 1733 1750 1754 1793 1794 1816 1843 1855 1873 1887 1911 1917 1934 1951 1978 1982 1994 2025 2039,CC[As](CC)CCCC1=CC=C(O1)C(=O)NC2=CC3=C(C=C2)C(=NC(=N3)SC)SC4=CC=CC=C4Cl
837,CC(=O)Nc1cnc(N2CCCN(CCCCCCn3c(=O)c4ccc3cc4)C2=O)s1,80 92 145 162 203 215 245 285 314 360 371 378 393 395 431 435 504 515 580 645 647 650 675 695 773 802 807 842 849 864 893 926 935 951 1017 1028 1036 1057 1059 1080 1083 1089 1117 1123 1143 1145 1152 1218 1231 1271 1315 1318 1380 1395 1407 1452 1457 1458 1474 1480 1483 1535 1560 1601 1609 1620 1653 1750 1816 1855 1873 1884 1911 1917 1946,CC(=O)NC1=CN=C(S1)N2CCCN(C2=O)CCCCCN3C/C(=C/4\C=CC5=CN=C(N5CCCCCN6CCCN(C6=O)C7=NC=C(S7)NC(=O)C)S4)/C3=O
838,Cc1cnc(NC(C)CN2CCCC(NC(=O)c3ccccc3)C2=O)s1,1 5 36 80 154 162 283 304 314 378 385 387 389 446 451 486 518 611 650 675 690 721 730 740 747 760 763 767 807 909 926 935 1019 1020 1022 1028 1057 1088 1089 1091 1123 1151 1152 1199 1245 1249 1263 1325 1342 1380 1385 1401 1452 1480 1523 1535 1542 1665 1692 1722 1750 1782 1873 1917 1922 1979 1985 2000 2018 2032,CC1=CN=C(S1)C(C)NC2CCCN(C2=O)CC(C)NC3=NC=C(S3)C
839,N#Cc1ccc2nc3c4c(N5CCCCC5)nc=4n(c2c1)CCCC3,2 29 45 102 130 166 178 305 310 357 366 378 407 420 436 438 608 674 680 712 714 790 875 894 926 935 956 961 987 1016 1028 1066 1097 1102 1115 1134 1136 1226 1234 1247 1304 1380 1384 1458 1472 1480 1496 1556 1605 1616 1653 1718 1727 1738 1750 1770 1789 1802 1855 1865 1873 1948 1954 1958 1975 1998 2040,C1CCC2=C(CC1)N=C3C(=N2)CCN4C3=C(C=C5C4=C=C=C=C=C5)[Ge](C#C)(C#N)C6=NC7=C(N6CCCC7)C=C(C=C7)C#N
840,CCCN(C)C(=O)Nc1ccccc1NC1=CC=C2C=NC=C21,20 41 80 193 197 251 293 294 334 359 378 410 415 443 475 491 518 589 592 650 666 794 807 822 861 872 881 916 944 998 1049 1057 1088 1146 1152 1163 1167 1199 1200 1209 1212 1224 1249 1260 1371 1380 1436 1465 1526 1548 1617 1692 1696 1718 1750 1761 1816 1833 1873 1890 1891 1896 1903 1917 1927 1951,CCCN(CCC)CP12(C=CN=CC1=CC=N2)CNC(=O)CC(=O)NC3=CC=CC=C3NC4=CN=CC=C4NC5=CN=CC=C5NC(=O)N(C)CCC
841,O=C(NCCOS(=O)(=O)O)OCCOC(=O)OCCSCCO,6 13 26 80 91 116 147 197 222 227 230 234 245 283 336 349 350 360 401 473 500 592 642 650 667 695 772 789 807 845 928 953 1041 1046 1128 1152 1182 1189 1209 1243 1250 1280 1391 1476 1482 1490 1534 1758 1790 1840 1916 1917 1951 2020 2027,C(CSCCOC(=O)NCCSCCOC(=O)OCCSCCO)C1=C(C(=C(C(=C1SCCO)OS(=O)(=O)O)S(=O)(=O)O)OS(=O)(=O)O)CCSCCO
842,COc1cccc(NC(=O)c2cccc(C(=O)N(CC(=O)O)C(=O)NC(=O)CC#N)c2)c1,20 21 41 80 81 101 104 184 191 193 287 322 361 373 389 417 486 487 526 562 580 581 605 650 657 674 695 703 763 781 790 807 826 839 841 875 881 1039 1057 1062 1088 1089 1119 1127 1152 1161 1190 1221 1380 1384 1385 1410 1503 1536 1559 1632 1648 1649 1686 1734 1737 1750 1795 1816 1917 1927 1943 1960 1968 1972 1978 1984 1985 2031,COC1=CC=CC(=C1)C(=O)NC2=CC(=CC=C2)NC(=O)C3=CC(=CC=C3)C(=O)N(CC(=O)O)C(=O)NC(=O)N(CC#N)C(=O)CC#N
843,O=C(Nc1nc2c(Cl)c3c1n2CO3)N1CCCCC1,2 59 68 118 218 369 375 378 382 402 408 441 458 550 561 615 628 650 656 708 784 807 863 892 926 935 937 1011 1018 1028 1152 1262 1294 1380 1381 1440 1468 1480 1496 1581 1619 1632 1645 1683 1692 1696 1739 1792 1816 1827 1855 1901 1917 1960 1998 2009 2017,C1CCN(CC1)C(=O)NC2=C(C3=C(C(=N2)NC(=O)N4CCCCC4)OCN5C3=CC6=C(C(=C(N=C65)NC(=O)N7CCCC7)Cl)Cl)Cl
844,CC(=O)Oc1cc(C(F)(F)F)ccc1OCCC1Oc2cccc(c2)C1=O,13 80 94 114 141 146 168 190 237 276 314 326 378 411 432 550 570 583 637 650 656 695 736 750 772 807 809 832 838 875 913 933 977 998 1017 1019 1035 1039 1057 1084 1088 1142 1160 1194 1260 1264 1356 1365 1380 1417 1452 1453 1468 1518 1522 1537 1542 1586 1591 1612 1626 1665 1669 1670 1686 1729 1750 1775 1835 1873 1883 1917 1928 1970,CC(=O)OC1=C2C=C(C=C1)C(=O)C(O2)CCOC3=C(C=C(C=C3)C(F)(F)F)OCCC4C(=O)C(=C5C=CC=C5O4)[Si](C)(C)C
845,CCCCCCCN1CCCN(CCO[N+](=O)[O-])C1=O,13 80 92 119 204 248 294 314 320 371 425 486 493 511 591 650 664 692 695 702 715 753 794 808 809 838 893 926 935 951 1028 1057 1083 1089 1123 1143 1145 1226 1380 1397 1444 1480 1577 1665 1687 1713 1831 1911 1955 1963 1979 2032,CCCCCCCCCCCCCCCCCN1CCCN(C1=O)[Si](CC)(CC)CCN2CCCN(C2=O)CCO[N+](=O)[O-]
846,Cc1ccc(-c2ccc(Cl)cc2-c2ccccc2)[n+]2c(CC(C)(C)C)cncc12,43 80 84 112 114 142 165 216 222 268 293 328 343 352 378 389 392 463 476 486 554 561 573 648 680 716 736 749 757 769 816 843 875 888 943 997 1057 1081 1083 1088 1089 1108 1122 1157 1160 1196 1199 1280 1331 1380 1391 1405 1409 1519 1531 1535 1597 1603 1683 1691 1722 1750 1804 1853 1873 1900 1912 2011,CC1=C2C=C(C=C1)/C=C/3\C=C(C=C([N+]3=N2)CC(C)(C)C)C4=C(C=CC(=C4)Cl)C5=CN=CC(=C5)C6=C(C=CC(=C6)Cl)C7=CC=CC=C7
847,COc1ccccc1-n1c(=O)n(C)c2nc(C)ccc21,11 45 57 97 196 249 297 314 335 378 394 564 585 600 616 618 647 650 681 695 771 841 935 943 955 999 1024 1057 1060 1088 1145 1183 1199 1248 1295 1330 1380 1410 1498 1536 1543 1544 1633 1647 1696 1722 1731 1750 1807 1855 1873 1879 1939 1970 1993 2021,CC1=NC2=C(C=C1)N(C(=N2)[Se]C3(C4=C(C=CC(=N4)C)N(C3=O)C)C5=NC6=C(C=C5)N(C(=O)N6C)C)C7=CC=CC=C7OC
848,CCC(=O)Nc1ncc(-c2cccc3ccccc23)s1,1 41 62 80 162 200 273 294 352 378 381 385 528 542 650 671 675 807 850 898 907 984 1034 1039 1044 1057 1087 1088 1104 1139 1141 1152 1166 1199 1209 1290 1316 1357 1361 1380 1452 1535 1573 1750 1759 1782 1796 1815 1816 1855 1873 1917 1957 2028 2046,CCC(=O)NC1=C(C=CC=C1C2=CN=C(S2)NC(=O)CC)C(CC(=O)NC3=NC=C(S3)C4=CC=CC5=CC=CC=C54)CC(=O)NC6=NC=CC7=CC=CC=C76
849,COc1ccc(C=C(C(=O)N2CCCCC2C)c2ccc(OC)cc2)cc1,25 82 193 242 272 286 299 317 376 396 412 502 650 661 684 694 695 718 734 781 801 807 831 841 854 877 890 935 999 1019 1020 1028 1057 1077 1096 1110 1238 1269 1309 1325 1380 1385 1480 1507 1536 1563 1569 1697 1703 1707 1746 1750 1782 1873 1916 1917 1998 2033,CC1CCCCN1C2=CC=C(C=C2)/C(=C/C3=CC=C(C=C3)OC)/C(=O)N4CCCCC4C(=O)C(=CI)C5=CC=C(C=C5)OC
850,C1=Cc2ccc(o2)C(CN2CCN3CCCC3C2)=C1,28 74 80 120 121 246 300 343 345 351 446 547 558 561 655 656 683 739 766 768 781 862 894 900 926 935 981 998 1019 1028 1063 1135 1170 1187 1205 1249 1318 1325 1338 1368 1380 1480 1524 1579 1589 1604 1736 1750 1765 1791 1854 1873 1910 1931 1933 1937 1968 1993 2033,C1CC2CN(CCN2C1)CC3=CC=C4C=CC=C(C45CCCC(C5)N6CCCC6)C7=CC=C(O7)C8=CC=C(O8)C9=CC=C3O9
851,CC(=O)OCCCC(=O)N(Cc1ccc(C)cc1)c1ccc([N+](=O)[O-])cc1,11 13 50 80 147 220 235 284 310 312 486 507 598 619 626 650 695 715 741 753 769 777 783 789 807 838 846 881 960 1017 1035 1057 1077 1096 1100 1127 1147 1195 1238 1274 1311 1380 1559 1564 1597 1722 1734 1750 1754 1809 1814 1823 1840 1873 1886 1905 1911 1917 1920 1963 2024,CC1=CC=C(C=C1)N(CC2=CC=C(C=C2)[N+](=O)[O-])C(=O)N(C3=CC=C(C=C3)C)C(=O)N(CCCC(=O)N(CCOC(=O)C)C(=O)CCCOC(=O)C)C(=O)C
852,COC(=O)c1cc(C=CN2CCNC2=O)cc(OC)c1,8 17 35 145 169 188 191 198 210 305 314 322 323 367 376 399 466 595 607 630 631 635 650 663 694 695 776 781 807 835 841 851 875 906 926 935 1034 1057 1085 1114 1150 1152 1164 1218 1276 1284 1327 1380 1384 1385 1424 1476 1480 1536 1553 1638 1644 1695 1715 1744 1757 1802 1804 1812 1866 1873 1879 1892 1917 2033,COC1=CC(=CC(=C1)C(=O)OC)/C=C/N2CCNC2=C3C(=O)C(=CN3)N4CCNC4=C5N(N5)/C=C/C6=CC(=CC(=C6)OC)C(=O)OC
853,CC(N)COCOC(C)C,1 80 118 122 159 283 316 457 567 643 647 695 724 786 1057 1164 1171 1319 1355 1447 1603 1605 1636 1719 1805 1929 1956 1958 1978 1982 1992 2012,CC(C)OCOCC(C)N
854,O=c1c2nc3c1c(OS(=O)(=O)N(CCCN1CCCCC1)CCOc1ccc(C(F)(F)F)cc1)c1c2c31,2 10 13 25 80 102 114 124 206 211 218 314 322 333 345 350 378 383 497 525 553 575 650 653 695 709 718 727 740 742 771 807 809 828 845 881 926 935 955 967 1028 1034 1048 1101 1130 1137 1145 1158 1161 1212 1235 1260 1282 1328 1380 1396 1417 1422 1431 1452 1453 1476 1480 1482 1587 1616 1665 1702 1720 1724 1750 1791 1839 1848 1855 1873 1882 1911 1928 1951 1984 1998,C1CCN(CC1)CCCN(CCOC2=CC=C(C=C2)C(F)(F)F)ON3C=CN(C3=O)/C(=C\4/C(=O)C(=O)C4=O)/S(=O)(=O)OC5=CC=C(C=C5)C(F)(F)F
855,C#COC1=CSC(NC(=O)c2ccccc2)=Nc2ncccc21,6 82 111 224 310 313 352 368 378 389 448 486 580 594 608 650 658 674 675 695 725 798 807 890 915 927 974 984 1039 1043 1067 1088 1103 1152 1199 1310 1344 1380 1385 1391 1395 1434 1452 1555 1617 1640 1665 1671 1721 1734 1743 1750 1752 1765 1770 1776 1786 1795 1816 1866 1873 1874 1890 1917 1985 1996,C#CO/C/1=C/SC(=N1)OC2=CSC(=N2)OC3=NC4=C(C=CC=C4C5=C3N=CC=C5)C6=CC=CC=C6
856,O=C(Nc1cccc2c(=O)[nH]c3ccncc3c12)c1cccc(Cl)c1O,7 49 54 80 117 119 178 202 278 314 366 378 399 434 486 561 580 650 750 785 807 847 888 947 974 991 1039 1048 1088 1100 1114 1152 1153 1208 1224 1231 1290 1299 1302 1357 1380 1447 1454 1512 1535 1551 1573 1586 1594 1602 1603 1616 1653 1674 1683 1696 1737 1745 1750 1784 1802 1816 1854 1866 1873 1917 1984 1991 2026,C1=CC2=C(C(=C1)NC(=O)C3=C(C(=CC=C3)C(=O)NC4=CC=CC5=C4C(=O)NC6=C5C=NC=C6)O)C(=O)NC7=C2C(=CC=C7)Cl
857,COC1=CC(Cl)=CC=c2oc(=O)n(C)c2=C1Cl,60 84 89 314 339 367 400 448 522 561 564 650 656 695 711 725 752 817 841 935 951 1000 1051 1055 1057 1145 1182 1200 1204 1240 1249 1260 1380 1448 1465 1480 1504 1536 1580 1604 1683 1697 1825 1853 1873 1877 1884 1929 1983 2023 2040,CN\1C(=O)O/C1=N\N=C/2\C=C(C(=C/C2=C/3\C(=C(/C(=C/C=C/4\C=C(OC(=O)N4C)OC)/OC)\Cl)OC(=O)N3C)Cl)OC
858,CCOS(=O)(=O)OS(C)(=O)=O,6 15 80 91 203 219 294 346 350 395 425 438 555 596 647 650 692 695 787 809 954 1047 1057 1156 1171 1238 1299 1374 1384 1420 1457 1476 1599 1669 1730 1777 1818 1832 1930 2005,CCOS(=O)(=O)C[N+]1(C(=C([N+](C1=C2C=CC(=C2)N)(C3=C([N+](C(=C3N)N)(CC)OS(=O)(=O)C)N)OS(=O)(=O)C)N)N)OS(=O)(=O)C
859,O=S(=O)(c1ccccc1)N(c1ccccc1)c1nc(-c2cccc(-c3ccccc3)n2)ns1,77 122 130 143 211 230 260 288 291 298 319 350 364 374 378 389 494 514 575 595 650 675 736 815 881 964 974 980 995 1039 1054 1072 1088 1096 1129 1131 1140 1157 1160 1178 1199 1232 1257 1365 1375 1380 1385 1415 1476 1534 1750 1851 1855 1873 1908 1946 1961 1984 2036,C1=CC=C(C=C1)C2=NC(=CC=C2)C3=NSC(=N3)N(C4=CC=CC=C4)S(=O)(=O)N(C5=CC=CC=C5)C6=NC(=NS6)C7=NC(=CC=C7)S(=O)(=O)C8=CC=CC=C8
860,O=C1N(S(=O)(=O)c2nccc(Br)c2Br)CCc2nc3ccccc3n21,1 3 45 60 76 92 195 226 249 289 314 350 357 378 421 525 526 554 650 728 736 774 779 787 800 833 926 935 1048 1051 1088 1095 1097 1181 1199 1212 1229 1285 1351 1380 1407 1443 1452 1458 1476 1477 1480 1512 1528 1630 1631 1670 1681 1704 1738 1750 1770 1792 1855 1866 1873 1874 1990 1993 2027,C1CN(C2=C(C1=O)N3C4=CC=CC=C4N=C3N2S(=O)(=O)C5=NC=CC(=C5Br)Br)S(=O)(=O)C6=NC7=CC=CC=C7N6C8=NC9=CC=CC=C9N8
861,Cc1ccc(C#N)c(C(=O)N2CCN(CCCC3CCCOC3=O)CC2)c1F,74 80 108 110 182 193 194 314 361 389 421 441 476 576 586 650 653 656 674 699 729 750 790 799 806 807 832 833 881 890 926 935 941 942 950 1019 1028 1057 1084 1104 1112 1136 1145 1265 1325 1380 1383 1384 1391 1437 1445 1463 1464 1468 1480 1482 1504 1611 1687 1691 1722 1750 1791 1830 1862 1873 1911 1917 1928 1933 2009,CC1=C(C(=C(C=C1)C#N)C(=O)N2CCN(CC2)CCCC3CCCOC3=O)F
862,CC(C)(C)C1(C(=O)OCCC2(C(=O)C3CCCCC3)CCCCC2)CCCC1,2 13 80 114 141 147 239 306 392 453 483 485 522 558 580 650 685 695 705 792 795 807 833 890 926 955 974 1019 1028 1057 1060 1108 1121 1143 1162 1260 1325 1406 1468 1549 1557 1638 1706 1890 1917 1952 2010 2016 2043,CC(C)(C)C1(CCCC1)CCOC(=O)C2(CCCCC2)CP3(CCCCC3)(CC4(CCCC4)C(=O)C5CCCCC5)(C(=O)C6CCCCC6)C(C)(C)C
863,CC(C)(C)CC=C1CCN(C(=O)c2cc3c(=O)[nH]c4ccc5c2=CC=c5c4=3)CC1,31 37 45 46 80 114 119 166 210 258 308 314 317 362 389 392 414 512 522 537 551 586 611 616 650 681 694 750 752 770 807 854 875 930 935 942 964 990 997 1054 1057 1091 1097 1104 1114 1138 1202 1249 1319 1357 1378 1380 1440 1480 1504 1691 1718 1733 1738 1739 1745 1749 1750 1772 1839 1841 1854 1868 1872 1873 1917 1939 1991 2009,CC(C)(C)C/C=C/1\CCN(CC1)C(=O)C2=CC3=C(C=C2C(=O)N4CCC(=CC=C5C=C6C(=CC7=C8C(=CC(=C7N67)NC5=O)C(=O)N8)C(=O)N4)C(=O)N3)C(=O)O
864,C#CC1=C2CCCN(S(=O)(=O)c3ccccc3)CCN2CCN1C(=O)C(C)(C)C,48 82 114 145 165 167 210 235 268 270 319 334 350 366 374 389 392 407 472 539 575 583 585 650 667 674 725 757 800 807 842 915 926 935 951 974 1028 1057 1081 1088 1138 1154 1199 1225 1246 1335 1380 1387 1462 1476 1480 1508 1514 1629 1635 1649 1738 1750 1823 1826 1867 1873 1917 1929 1937 1979,CC(C)(C)C(=O)N1CCCC(=C1C#C)N2CCN(CC2)S(=O)(=O)C3=CC=CC=C3
865,CC(C)(C)C1=C(C(=O)N2CCCN(S(=O)(=O)c3ccc(F)cc3F)S2(=O)=O)C(=O)C=C1,41 114 133 134 156 207 314 325 326 350 392 444 469 479 523 547 640 650 693 699 717 731 747 754 791 800 807 829 875 900 926 935 938 942 960 1014 1028 1033 1057 1083 1154 1161 1239 1254 1272 1339 1348 1380 1410 1465 1476 1480 1487 1489 1504 1670 1737 1748 1750 1758 1798 1840 1856 1873 1881 1917 1925 1928 1933 1939 1991 2029,CC(C)(C)C1=C(C(=O)C=C1)C(=O)N2CCCN(S2(=O)=O)S(=O)(=O)C3=C(C=C(C=C3)F)C(=O)N4C(=C(C=CS4(=O)=O)C(C)(C)C)F
866,CC1C(=O)c2ccccc2CC1NC(=O)c1ccccc1,55 78 89 135 190 206 224 231 234 276 304 314 352 387 389 438 486 553 650 707 757 780 782 807 831 892 922 926 940 984 1007 1019 1057 1088 1152 1199 1236 1249 1309 1320 1340 1380 1385 1394 1403 1406 1446 1485 1529 1607 1665 1686 1708 1730 1750 1873 1888 1909 1917 1951 1985 2037,CC1C(CC2=CC=CC=C2C1=O)NC(=O)C3=CC=C(P3C4=CC=C5C(C(CC6=CC=CC=C65)NC(=O)C7=CC=CC=C7)C)C(=O)NC8CC9=CC=CC=C9C8=O
867,COC(=O)CCCC1Oc2ccc(Cl)cc2OC2CCCOC1C2O,16 80 165 172 180 184 195 216 221 306 361 362 384 561 602 610 640 650 656 661 695 750 802 803 807 816 832 841 871 875 906 926 950 967 1019 1028 1035 1057 1133 1152 1245 1257 1283 1325 1376 1380 1386 1399 1468 1478 1487 1537 1564 1612 1659 1683 1686 1695 1750 1807 1819 1853 1873 1905 1909 1911 1917 1953,COC(=O)CCC[C@@H]1[C@@H]([C@@H]2[C@H](CCCO2)OC3=C(O1)C=CC(=C3)Cl)[S+](C)C[C@@H]4[C@H]([C@H]5[C@H](CCCO5)OC6=C(O4)C=CC(=C6)Cl)O
868,CCn1c(=O)c2cc(OC)ccc2n(-c2cc(OC)ccc2OC)c1=O,34 45 60 80 94 174 239 249 258 294 297 314 322 331 344 375 473 498 502 504 507 575 603 650 692 695 718 740 771 781 802 833 841 850 875 935 1010 1057 1076 1091 1118 1144 1280 1295 1357 1380 1441 1474 1528 1536 1546 1554 1611 1639 1696 1729 1750 1790 1811 1846 1873 1939 1941 1950 1959 1970 1972 1993 2021,CCN1C2=C(C=C(C=C2)OC)N(C1=O)C3=C(C=CC(=C3)OC)N4C(=O)C5=C(N(C4=O)CC)N(C(=O)N(C5=O)CC)C6=C(C=CC(=C6)OC)OC
869,O=C1NC(=O)C(=C(c2ccc(Cl)c(C(=O)O)c2)N2C3CCC4C(OC42)C3O)C=C1C(=O)Nc1ccc(Cl)cc1,31 76 84 169 191 205 216 218 221 263 264 311 314 366 389 414 456 486 522 561 595 617 622 632 650 656 666 764 807 816 843 849 875 911 926 935 1019 1035 1045 1047 1060 1070 1075 1077 1114 1116 1145 1149 1152 1156 1176 1211 1257 1316 1325 1332 1361 1380 1385 1442 1470 1487 1566 1617 1623 1657 1667 1683 1688 1689 1697 1733 1745 1750 1779 1816 1854 1858 1873 1917 1921 1926 1950 1978 1991 2018 2034,C1CC2C3C(C1C(N2C(=O)NC4=CC=C(C=C4)Cl)N5C6C(CCC7C6OC5C8C7OC(N8C(=O)NC9=CC(=C(C=C9)Cl)C(=O)O)O)O)O3
870,CC(=O)N(Cc1ccc(F)cc1C)C(=O)Nc1cccc2ccccc12,6 80 149 193 253 303 348 410 468 472 507 540 576 613 643 650 699 724 807 875 881 911 939 1017 1022 1039 1057 1071 1087 1088 1104 1121 1138 1152 1199 1224 1258 1330 1349 1357 1380 1387 1391 1410 1487 1573 1588 1598 1618 1648 1667 1670 1679 1696 1722 1728 1741 1750 1816 1855 1873 1917 1928 1970 2019,CC1=C(C=CC(=C1)F)CN(C(=O)C)C(=O)N(CC(=C2C=CC=CC#C2)CN(C(=O)C)C(=O)NC3=CC=CC4=CC=CC=C43)C(=O)C
871,CC(C)(C)OC(=O)CCCCC(=O)C(=O)O,68 80 104 114 178 192 231 249 352 388 389 392 404 446 517 650 695 700 715 807 929 1057 1075 1088 1126 1229 1267 1313 1386 1399 1427 1546 1564 1574 1854 1859 1882 1911 1917,CC(C)(C)OC(=O)CCCC/C(=C(/C(=O)CCC(=O)OC(C)(C)C)\OC(C)(C)C)/C(=O)C(=O)CC(=O)C(=O)CCC(=O)C(=O)O
872,C=CC=CC=C(Cl)c1cccc2nc(SC)c3ccc(S(=O)(=O)N4CCN(CC)C4=O)cc3c12,23 32 34 60 80 92 116 166 183 192 241 272 294 295 314 319 320 350 378 394 432 478 493 504 531 592 598 650 668 694 715 784 800 807 826 862 875 926 935 1039 1051 1057 1088 1089 1097 1212 1273 1292 1313 1319 1357 1366 1380 1418 1435 1443 1444 1447 1476 1480 1514 1515 1560 1645 1680 1683 1690 1723 1729 1733 1750 1775 1786 1805 1843 1855 1873 1932 1957 1984 1991 2004 2011 2015 2041 2044,CCN1CCN(C1=O)S(=O)(=O)C2=CC3=C(C=C2)C(=NC4=C3C=CC(=C4)S(=O)(=O)N5CC[NH+](C5=O)/C=C/C=C)SC
873,C=C(C)C1CC2C(=O)C3CCC(C)(C3C3CCCC(C)(C)C23)C(C(=O)OCC)C1(C)C,43 80 89 120 123 147 173 200 294 314 337 378 425 432 455 488 534 536 549 577 611 622 650 677 695 712 807 831 883 926 937 979 1009 1017 1019 1022 1026 1028 1035 1036 1057 1060 1066 1078 1096 1115 1162 1196 1216 1232 1238 1254 1274 1292 1298 1313 1325 1366 1380 1424 1477 1561 1668 1698 1705 1722 1730 1786 1917 1951,CCOC(=O)[C@@H]1C[C@@H]2[C@H](C1(C)C)[C@H]3CC[C@]4([C@@H](C[C@@H]5[C@H]4[C@@H](C3=O)C[C@H](C5=O)C(=C)C)C(=C)C)C
874,COc1nc(Nc2cccc(Cl)c2)ncc1-c1ccccc1C,7 69 163 165 191 216 315 319 329 350 352 378 401 458 486 487 491 544 561 592 672 695 703 720 743 823 841 872 875 889 919 920 946 984 1003 1013 1039 1057 1088 1128 1152 1163 1175 1199 1243 1304 1331 1374 1380 1391 1452 1530 1535 1536 1582 1586 1658 1659 1683 1722 1730 1750 1786 1842 1852 1855 1873 1888 1901 1923 1985 1999 2024 2032,CC1=CC=CC=C1C2=CN=C(N=C2O[Al](NC3=CC(=CC=C3)Cl)NC4=CC(=CC=C4)Cl)NC5=CC(=CC=C5)Cl
875,CC(C)(C)Oc1ccccc1S(=O)(=O)NC1CCCCC1,2 114 142 348 350 392 407 428 452 502 523 548 552 565 650 659 695 717 769 771 787 860 890 911 926 944 992 1000 1019 1028 1057 1079 1088 1152 1176 1199 1204 1325 1366 1380 1410 1423 1431 1476 1602 1630 1634 1639 1667 1682 1683 1691 1750 1763 1831 1859 1873 1905 1932 1937 1970 2021,CC(C)(C)OC1=CC=CC=C1S(=O)(=O)NC2CCCCC2NS(=O)(=O)C3=CC=CC=C3S(=C)(=O)NOC4=CC=CC=C4S(=C)(=O)NC5CCCCC5
876,COC(=O)c1ccc(F)c(OCC2CCC3(CCCCC3)CC2)c1,2 9 29 50 73 80 86 145 216 298 303 332 335 394 425 428 469 482 637 644 650 695 699 807 841 859 875 906 912 925 926 990 1019 1028 1048 1057 1060 1136 1148 1152 1162 1222 1256 1284 1325 1338 1361 1380 1385 1447 1449 1452 1600 1638 1690 1697 1715 1745 1750 1751 1840 1873 1900 1917 1928 1970 1992,COC(=O)C1=CC(=C(C=C1)F)OCC2CCC3(CC2)CCC(C=C3C(=O)C4=CC5(CCCCC5)CC4)(COCC6CCC7(CCCCC7)CC6)F
877,N#CN1CCN(C(=O)c2ccc(Cl)cc2)C(COc2ccccc2)C1=O,5 51 58 80 82 99 100 102 128 179 216 222 242 314 322 389 461 488 509 561 562 650 674 695 723 749 790 807 816 925 926 935 973 1019 1070 1077 1088 1118 1136 1174 1199 1212 1370 1380 1384 1385 1393 1411 1452 1480 1504 1511 1625 1650 1661 1662 1665 1683 1697 1722 1750 1873 1917 1918 1931 1962 1978,C1CN(C(N1C(=O)C2=CC=C(C=C2)Cl)COC3=CC=CC=C3)C(=O)[Te]C4=C(N(C4=O)C(=O)C5=CC=C(C=C5)Cl)C#N
878,C=NC=CC=C1C=C(C(=O)c2ccccc2)C(=O)NC1=O,9 23 84 176 200 280 314 347 359 389 412 414 432 463 535 542 555 577 650 667 694 725 759 781 807 842 843 890 904 955 961 984 1041 1060 1088 1114 1167 1199 1233 1244 1366 1380 1385 1496 1540 1599 1612 1657 1750 1762 1775 1856 1858 1873 1917 1985 2009,C=N[N+]1=C(C(=O)NC1=O)/C=C/C=C/2\C=C(C(=O)NC2=O)[N+]3=C(C4=CC=CC=C43)C(=O)C5=CC=CC=C5
879,O=C1CCCCN1C(=O)[N+]1=C(c2ccccc2CCc2ccccc2)c2ccccc2C1=O,23 48 80 109 156 174 205 212 229 283 310 314 352 362 389 427 432 459 463 499 528 538 650 706 798 807 823 890 900 926 935 944 984 1028 1045 1066 1088 1182 1199 1215 1243 1253 1298 1305 1349 1380 1387 1480 1588 1589 1597 1616 1723 1738 1750 1754 1873 1917 1937 1944 1998 2024,C1CCN(C(=O)C1)C(=O)[N+]2=C(C=CC(=C2)CCC3=CC=CC=C3)C4=CC=CC=C4C[S+](C5=CC=CC=C5)S
880,O=C(NCCN1C=C2C=C(C=N2)S1(=O)=O)c1ccc(CN2CCCCC2)cc1,2 8 71 80 84 130 163 187 197 207 265 305 310 332 378 409 419 423 452 469 471 486 513 549 586 599 616 650 667 668 686 704 772 784 807 883 886 912 926 935 938 990 1028 1102 1108 1121 1122 1130 1145 1146 1152 1271 1325 1380 1385 1403 1422 1431 1439 1472 1480 1567 1603 1665 1683 1697 1743 1750 1754 1765 1771 1791 1849 1873 1885 1917 1998,C1CCN(CC1)CC2=CC=C(C=C2)C(=O)NCCN3C=C4C=C(C=NS4(=O)=O)C(=O)NCCN5C=C6C=NS(=O)(=O)N6C5=C3
881,COc1ccnc(NC(=O)N(C)C(=O)N2CC2)c1,79 112 136 193 283 322 329 340 359 368 378 439 483 619 650 688 695 781 787 807 841 875 881 902 903 926 935 955 993 1013 1038 1057 1099 1138 1152 1163 1342 1380 1452 1480 1514 1536 1589 1592 1595 1688 1692 1714 1750 1754 1816 1818 1866 1873 1876 1917 1972 2009,B1(N2CCN1CC2)N3CCN(C3=O)C(=O)N(C)C(=O)NC4=NC=CC(=C4)OC
882,CC1CN(C(=COCCc2c[nH]c(-c3ccc(-c4ccccc4)[nH]3)c2)NC2CCNC2=O)C(=O)N1,13 42 80 127 170 193 223 253 265 296 301 305 314 342 358 387 389 606 650 694 695 736 739 806 807 875 916 926 935 944 993 1019 1032 1034 1053 1057 1088 1114 1152 1160 1178 1199 1216 1243 1257 1309 1324 1325 1351 1352 1363 1380 1387 1429 1432 1461 1512 1532 1637 1665 1694 1708 1714 1745 1750 1754 1817 1861 1866 1873 1874 1879 1893 1899 1916 1918 1937 1946 2000 2020 2023,CC1CN(C(=O)N1)/C(=C/OCCC2=CNC(=C2)C3=CC=CC=C3)/NC4CCNC4=O
883,CC1(c2ncnc(NC3=NN3)n2)CCCCC1,2 38 72 123 232 303 357 378 413 458 489 491 551 556 623 758 903 926 1028 1034 1045 1057 1060 1114 1144 1152 1162 1244 1274 1275 1280 1294 1372 1380 1392 1452 1472 1527 1544 1571 1582 1637 1638 1647 1648 1697 1731 1798 1810 1855 1873 1919 1949 1973 2032 2046,CC1(C2=C3CNN=C3CNC2=NN1)C4=NC(=NC=N4)NC5=NNC(=NN5)NC6=NC(=NC=N6)C7(CCCCC7)C
884,CCOC(=O)CCCn1c(=O)sc(CC)c(C(C)=O)c1=O,0 63 64 80 83 112 136 137 147 154 162 294 314 339 394 424 466 504 586 650 675 677 695 754 782 802 807 935 1014 1017 1057 1117 1145 1161 1238 1261 1380 1386 1399 1422 1430 1485 1563 1564 1597 1620 1669 1708 1722 1727 1728 1799 1820 1822 1848 1857 1903 1911 1917 2005 2022 2033 2045,CCC1=C(C(=O)N(S1)CCCC(=O)OCC)C(=O)C2=C(SC(=C2C(=O)C)CC3=C(C(=O)N(S3)CCCC(=O)OCC)C(=O)C)CC
885,CCCN(CCCN(C(=O)C#N)C(C)(C)C)C(=O)c1ccc(OC)cc1,80 81 114 183 207 294 301 322 363 376 392 406 426 501 538 587 601 607 650 666 674 690 694 695 718 728 738 756 781 790 794 803 807 828 831 837 840 841 870 873 881 961 978 1057 1221 1258 1272 1380 1384 1385 1427 1434 1536 1594 1606 1697 1750 1757 1761 1817 1873 1911 1917 1918 1951 2043,CCCN(CCCN(CCCN(/C(=C/[Si](Br)Br)/C#N)C(C)(C)C)C(=O)C1=CC=C(C=C1)OC)C(=O)C2=CC=C(C=C2)OC
886,CC(C)(C)OC(=O)N1C(=O)CCCN(CCCCC2CCCCC2)C1=O,2 29 50 53 80 92 114 146 182 231 267 314 334 371 392 442 461 484 507 523 650 681 695 712 733 798 807 813 832 890 893 926 935 951 1019 1028 1047 1057 1065 1066 1087 1089 1123 1138 1145 1182 1275 1325 1380 1397 1426 1468 1480 1499 1509 1574 1738 1798 1819 1843 1859 1871 1890 1911 1917 1996,CC(C)(C)OC(=O)N1C(=O)CCCN(P12(N(C(=O)N2C(=O)OC(C)(C)C)C(=O)OC(C)(C)C)OC(C)(C)C)CCCCN3CCCC3=O
887,CC(O)N(C(=O)O)C(=O)O,1 82 183 227 267 283 291 389 526 650 704 720 807 881 919 1057 1147 1206 1286 1605 1704 1742 1917 1925 1984 1985,CC(N(C(=O)O)C(=O)O)N(C(=O)N(C(=O)O)N(C(=O)O)C(=O)O)N(C(=O)O)C(=O)N(C(C)O)C(=O)O
888,Cc1nnc(-c2ccccc2N2CCCC2)s1,32 82 88 132 139 162 231 266 269 305 342 352 378 407 550 634 655 665 675 680 813 926 935 942 984 1028 1057 1088 1164 1199 1295 1380 1420 1422 1423 1425 1480 1493 1498 1510 1647 1722 1742 1750 1811 1848 1873 1934 1998 2015 2019,[B](C1=CC=CC=C1C2=NN=C(S2)C)N3C4=C(C=CC(=C4C5=NN=C(S5)C)C6=CC=CC=C6N7CCCC7)N=N3
889,CC1(C)CN2CCN3CCN(C2=O)C2CCCN(C2)C2=CC=C(C=C4NC(=O)C2=C4NC3=O)O1,84 92 170 264 273 314 332 349 362 407 446 536 566 582 602 621 650 656 680 684 731 739 754 757 765 821 830 886 926 935 977 993 1019 1028 1057 1060 1111 1114 1190 1199 1200 1249 1274 1282 1319 1325 1327 1359 1380 1407 1465 1472 1480 1488 1492 1501 1508 1509 1594 1596 1644 1657 1675 1679 1719 1771 1811 1815 1832 1840 1856 1873 1910 1917 1944 1973 1989 1993,CC1(CN2CCN(CC2CN1C3=CC(=C4C(=C5C(=CC6=CC=C7C(O6)(CN8CCC[C@H]8CN79)C)NC5=O)C4=O)OC3(C)C)C1=CC(=O)NC1=O)C
890,Clc1ccc(Sc2nnc3n2CCC3)c(Cl)c1,79 116 129 165 174 178 216 313 338 347 366 378 421 507 552 556 561 602 639 747 816 842 875 926 935 987 1025 1028 1033 1138 1164 1174 1209 1235 1272 1299 1318 1325 1375 1378 1380 1449 1480 1496 1567 1580 1609 1646 1647 1652 1662 1683 1738 1741 1750 1761 1768 1798 1868 1873 1938 2039 2043,C1CC2=NN=C(N2C1)SC3=CSC4=C3C=C(C=C4)Cl
891,CCNC(=O)NC(C)C,1 80 117 143 197 247 265 283 294 322 507 588 608 609 650 709 727 745 807 945 1006 1028 1152 1198 1247 1267 1329 1404 1474 1589 1601 1624 1665 1693 1726 1731 1733 1873 1881 1917 1989 2039,CCNC(=O)NC(C)NC(=O)NNC(C)/C=C/C(C(=O)CNC(=O)NC(C)C)NNC(=O)NC(C)C
892,CCOC(=O)c1c(C(=O)OCCCCCC2OC(=O)C3CCCCC23)ccc2c1CCCC2=O,2 13 27 30 54 63 67 80 145 147 162 191 261 294 314 334 352 361 419 455 476 523 586 610 613 614 622 650 656 680 695 750 751 759 807 832 838 890 892 937 941 972 1019 1028 1057 1143 1164 1238 1249 1252 1283 1325 1358 1380 1387 1447 1456 1459 1592 1667 1673 1699 1722 1734 1738 1750 1819 1820 1873 1903 1911 1917 1930 1985 1991,CCOC(=O)C1=C(C2=C(C=C1)C(=O)CCC2)C(=O)OCCCCCCCCCCCCCCCCCCCCCCCCCCCCCCCCCCCCCCCCCCCCCCCCCCCCCCCCCCCCC
893,COc1c(Oc2ccccc2)ccc(-c2ccc(C)cc2)c1C(=O)c1ccc2ccccc2n1,9 94 106 139 193 203 211 222 235 289 319 322 333 352 378 389 440 467 562 586 642 650 680 695 711 807 841 855 896 1057 1087 1088 1097 1131 1160 1178 1196 1199 1203 1337 1357 1363 1371 1380 1391 1418 1434 1436 1536 1552 1591 1599 1617 1681 1721 1722 1750 1784 1823 1855 1873 1900 1917 1920 1951 1970 1992 2024,CC1=CC=C(C=C1)C2=C(C(=C(C=C2)OC3=CC=CC=C3)OC4=CC=CC=C4)C(=O)C5=C(C=CC6=C5N=C(C=C6)C(=O)C7=NC8=CC=CC=C8C=C7)C
894,O=C(CCc1ccccc1)Nc1ccc(SC(=Cc2ccccc2)C(=O)c2ccccc2)cc1,27 41 80 116 119 191 194 258 376 388 389 397 409 458 474 493 518 524 592 650 694 783 807 811 843 861 901 999 1008 1021 1027 1045 1060 1066 1077 1088 1090 1152 1199 1243 1250 1255 1352 1353 1367 1372 1380 1382 1385 1414 1448 1518 1558 1564 1671 1710 1721 1746 1750 1754 1816 1873 1917 1939 1985 2001 2033,C1=CC=C(C=C1)CCC(=O)NC2=CC=C(C=C2)S/C(=C/C3=CC=CC=C3)/C(=O)CC(=O)/C(=C/C4=CC=CC=C4)/SC5=CC=CC=C5
895,COc1ccc2c(c1)c(=O)c1ccc(S(=O)(=O)O)cc1n2C(=O)c1cc(Cl)cc(Cl)c1Cl,45 60 147 151 211 216 239 314 319 322 350 352 366 525 561 592 626 650 655 684 695 713 715 718 742 781 803 807 841 875 904 935 1011 1057 1096 1172 1174 1191 1209 1282 1336 1353 1357 1380 1409 1415 1476 1480 1504 1528 1529 1536 1638 1653 1660 1663 1683 1689 1697 1733 1747 1750 1846 1850 1873 1917 1950 1955 1972 1991 2010 2021 2043,COC1=CC2=C(C=C1)N(C3=C(C2=O)C=CC(=C3)S(=O)(=O)O)C(=O)C4=C(C(=CC(=C4)Cl)Cl)C5=C6C=C(C=CC6=C7C=C(C=CC7=C5Cl)Cl)S(=O)(=O)O
896,O=C(NC1C2CCCC1N1CCCC21)c1c2c(F)cn1nc2-c1cccc(Cl)c1,5 18 39 113 158 165 189 216 275 323 358 378 387 446 458 462 464 467 486 509 561 590 592 593 598 622 650 699 712 736 807 829 849 861 875 903 922 926 935 937 946 960 1019 1027 1028 1039 1056 1063 1088 1111 1136 1152 1160 1166 1210 1227 1234 1325 1380 1443 1480 1483 1571 1614 1683 1689 1700 1730 1750 1757 1772 1794 1798 1840 1873 1878 1917 1928 1956 1980 1984 2010 2021,C1CC2C(C1)N3CCC2C(C3C4=CN5C(=C4C(=O)NC6C7CCCC6N7C8CCC8)C(=N5)C9=CC(=CC=C9)Cl)NC(=O)C(=O)NF
897,CN(C(=O)CC(=O)C(F)(F)c1ccccc1)C(=O)NN=C1Cn2c(-c3ccccc3)nn1c2=O,80 114 133 186 193 232 287 314 318 354 368 369 378 383 389 490 504 555 569 650 688 711 714 725 729 736 771 785 807 881 889 901 926 935 945 1002 1007 1057 1088 1091 1130 1152 1160 1163 1199 1233 1238 1240 1255 1267 1297 1336 1380 1381 1417 1438 1453 1483 1496 1503 1522 1529 1558 1562 1605 1625 1750 1852 1869 1873 1917 1928 1946 1956 1961 2014 2017,CN(C(=O)CC(=O)C(F)(F)F)C(=O)N/N=C/1\CN2C(=O)C(=NN(C2=O)C3=CC=CC=C3)C(=O)N1C4=NN(C(=O)C(F)(F)F)C(C5=CC=CC=C5)(F)F
898,COc1cccc(S(=O)(=O)NCCOc2ccc(C)cc2)c1N(C)CCCl,13 80 102 200 235 249 264 292 305 322 333 340 349 350 391 392 407 439 490 499 502 667 670 695 699 712 718 727 732 749 776 784 841 843 881 916 940 992 1013 1028 1034 1039 1057 1088 1101 1109 1152 1158 1163 1166 1174 1380 1410 1452 1456 1467 1476 1494 1536 1540 1574 1626 1683 1722 1750 1769 1823 1873 1920 1951 1970 2004 2032,CC1=CC=C(C=C1)OCCNS(=O)(=O)C2=CC=CC(=C2ON(C)CCCl)S(=O)(=O)NCCOC3=C(C=CC=C3S(=O)(=O)NCCCl)OC
899,CCCCCC1=C(C)C(=O)CC(C)(C)C1,80 91 149 179 197 219 228 263 294 314 402 584 591 650 751 763 772 773 794 795 872 926 940 1001 1057 1060 1093 1184 1205 1243 1274 1301 1316 1380 1385 1444 1487 1576 1577 1628 1654 1677 1713 1722 1858 1880 1899 1911 1996 2000,CCCCCC1=C(C(=O)CC(C1)(C)C)CCC2(C(=C(C(=O)C2(C)CCC3=C(C(=O)CC(C3)(C)C)C)C)C)C4=C(C(=O)CC(C4)(C)C)C
900,COc1c2c3ccc-2c(C(NC(=O)Nc2ccccc2C(F)(F)F)N2CC2)ccc1s3,1 100 114 117 162 197 214 237 262 333 352 365 419 457 475 573 650 675 680 695 757 805 807 809 841 885 910 915 926 935 1010 1057 1088 1093 1110 1129 1152 1181 1199 1224 1236 1265 1334 1340 1380 1453 1480 1489 1523 1536 1596 1597 1599 1627 1657 1672 1696 1703 1747 1750 1808 1816 1873 1917 1928 1989 2004 2036,COC1=C(C=CC2=C1C3=C(S2)C=CC(=C3OC)C(C(=O)NC(N4CC4)NC(=O)NC5=CC=CC=C5C(F)(F)F)NC(=O)NC6=CC=CC=C6C(F)(F)F)C(F)(F)F
901,Cc1nc2cccc3c1cc(=O)n(CCN1CCCN(C(=O)Nc4ccccc4)C1=O)c23,18 65 77 80 83 92 142 172 191 195 218 248 280 289 314 322 358 371 378 389 409 439 493 516 558 577 619 650 655 703 802 807 819 875 926 935 970 989 1001 1006 1028 1039 1057 1077 1083 1088 1089 1097 1123 1141 1145 1152 1171 1199 1215 1292 1316 1357 1380 1387 1399 1440 1450 1480 1506 1538 1548 1573 1576 1599 1659 1722 1729 1750 1816 1855 1873 1917 2000 2044,CC1=NC2=CC=CC=C2C3=C1N(C(=O)C=C3)CCN4C(=O)C=C5N4N(CCCN5C(=O)NC6=CC=CC=C6)C(=O)N7CCCN7C(=O)NC8=CC=CC=C8
902,N#Cc1[nH]c(N)nccnc(N)c1C1CC1,15 31 64 80 203 205 275 285 294 333 345 378 380 452 466 575 583 674 697 790 926 936 1019 1071 1114 1134 1136 1168 1171 1184 1315 1325 1375 1380 1384 1426 1452 1457 1459 1464 1631 1648 1745 1796 1866 1873 1926 1930 1994 2000 2041,C1CC1C2=C(NC(=C2C3CCC(CC3)S4=NC=NC(=N4)C#N)N)C5C(=C(N=C5)C#N)N
903,COC(C=CC(=O)NC1CC1)=Cc1ccc(-c2ccccc2)c(=O)o1,9 31 36 218 222 270 283 314 352 387 389 453 550 555 612 650 656 657 665 694 695 736 807 829 841 871 926 958 1019 1057 1073 1088 1152 1160 1181 1199 1325 1345 1379 1380 1428 1437 1440 1442 1464 1468 1489 1521 1544 1579 1604 1634 1655 1703 1717 1731 1750 1794 1817 1849 1873 1886 1895 1917 1985 1991,CO/C(=C\1/C(=C2C(=CC=C(O2)C3=CC=CC=C3)C4=CC=CC=C4)C(=O)O1)/C=C/C(=O)NC5CCC(CC5)NC(=O)/C=C/C(=O)NO
904,CCCCCC(=O)C1=C2C(=O)C(=CC=C2c2ccc3c(OC)ccc-3[nH]2)C=C1,41 80 94 111 130 136 142 294 309 314 352 388 547 564 567 591 650 680 695 710 794 807 841 890 944 994 1020 1057 1058 1101 1114 1131 1132 1133 1152 1167 1200 1209 1233 1249 1267 1290 1324 1347 1380 1429 1430 1444 1476 1489 1536 1564 1594 1619 1652 1655 1693 1696 1708 1745 1750 1805 1873 1899 1911 1917 1927 1936 1970 2003 2030,CCCCCC(=O)C1=CC=C(N1)C2=C3C=CC(=C4C=CC(=C(C5=CC=C(N5)C(=C6C=CC2=C6OC)OO)C(=O)CCCCC)N4)N3
905,Cc1cc2c3cc1ccc(CCCCCN1CCOC1=O)cnc2Nc1c[nH]c-3c1,25 39 52 80 91 140 158 173 179 203 233 252 253 310 314 352 378 417 418 441 468 551 590 594 608 650 656 680 722 778 786 806 820 875 885 888 893 912 926 935 950 951 978 997 1016 1057 1060 1075 1089 1111 1114 1117 1143 1145 1184 1243 1324 1341 1357 1362 1380 1391 1452 1480 1525 1535 1577 1598 1601 1664 1670 1688 1692 1716 1722 1743 1750 1754 1766 1785 1824 1855 1873 1879 1911 2042,CC1=CC2=C(C=C1C3=CC4=CN=C(NC5=NC=C(C=C5)CCN6CCOC6=O)N=C4N3)C(=CN2)CCCCCN7CCOC7=O
906,C=Cc1ccccc1C=Cc1c(OC)nc2nc1C(=O)N2CCOc1ccc(C(F)(F)F)cc1OC,13 60 80 94 114 151 152 159 227 249 314 323 327 331 350 378 401 411 441 447 562 588 650 669 694 695 742 760 776 782 809 835 841 875 879 922 935 961 1057 1077 1088 1120 1145 1199 1245 1256 1260 1268 1339 1356 1357 1366 1368 1380 1417 1425 1439 1452 1453 1507 1518 1522 1536 1612 1645 1648 1665 1703 1728 1741 1750 1769 1826 1832 1842 1845 1855 1873 1915 1919 1928 1970 2040,COC1=C(C=C(C=C1)C(F)(F)F)OCC/C=C/C2=C(N=C(N=C2OC)N3C(=O)C(=C(C3=O)C=C)/C=C/C4=CC=CC=C4C=C)OC
907,CCN1CCN(CCCCn2ccccc2=O)CC1,32 34 74 80 90 93 94 221 294 314 384 507 527 566 650 653 710 717 836 847 865 893 926 930 935 1057 1088 1101 1141 1145 1157 1199 1238 1256 1380 1437 1448 1455 1480 1482 1565 1649 1750 1791 1828 1852 1873 1911 1912 2001 2029,CCN1CCN(CC1)CCCCN2C=CC(=N2)N3C=CC=C3CN4C=CC=CC4=O
908,CC1(C)CCC(=O)N(CCCS(=O)(=O)c2nc3ncc2c(=O)[nH]3)C1,29 80 166 191 199 230 260 283 314 350 378 481 514 525 552 573 602 614 650 664 750 798 899 926 935 951 1057 1060 1064 1089 1114 1126 1139 1145 1162 1174 1190 1205 1260 1270 1274 1327 1357 1380 1409 1452 1476 1487 1535 1539 1590 1620 1648 1660 1669 1701 1704 1738 1745 1855 1873 1878 1879 1911 1917 1924 2026,CC1(CCC(=O)N1C2=NC=C3C(=O)NC(=O)C(=NC3=N2)S(=O)(=O)CCCN4CC(CCC4=O)(C)C)C
909,COc1ccc(-c2cccc(C(=O)Nc3ncncn3)n2)cc1,33 104 126 206 273 304 322 378 471 486 489 647 650 695 718 742 781 807 831 841 848 855 896 921 980 983 986 991 1039 1057 1088 1094 1152 1160 1175 1198 1248 1333 1344 1351 1357 1380 1431 1452 1458 1492 1536 1582 1595 1603 1683 1697 1750 1816 1838 1841 1851 1855 1873 1896 1912 1917 1971 2029 2036,COC1=CC=C(C=C1)C2=NC(=CC=C2)C(=O)NC3=NC(=CC=N3)C4=NC(=CC=C4)C(=O)NC5=NC(=CC=N5)C6=NC=NC=N6
910,O=C(c1cc(F)cn2nc(C3CCCCC3)nc12)N1CCCCC1,2 88 98 115 124 136 192 319 362 369 378 441 464 492 607 650 680 699 807 839 875 890 914 926 935 942 978 1019 1027 1028 1179 1231 1325 1326 1327 1335 1341 1367 1380 1385 1392 1395 1480 1494 1504 1539 1548 1559 1670 1690 1696 1800 1817 1855 1873 1917 1928 1943 1956 1991 1998 2000 2009 2044,C1CCC(CC1)C2=NN3C=C(C=C(C3=N2)C(=O)N4CCCC4)C(=C(F)F)C5=NN6C=C(C=C(C6=N5)C(=O)N7CCCC7)F
911,COc1cc(Cl)nc(Sc2cccc(Cl)c2)n1,27 77 79 110 116 161 165 216 295 296 378 482 552 561 576 592 594 640 650 695 780 811 836 839 841 844 875 885 997 1039 1057 1088 1171 1212 1229 1380 1398 1417 1492 1509 1536 1570 1627 1683 1750 1758 1786 1854 1855 1873 1876 1913,COC1=CC(=NC(=N1)[Si]O[Si]C2=CC=CC(=C2)SC3=CC=CC(=C3)Cl)Cl
912,CC(=O)N1CCCN(S(=O)(=O)c2cnc3c(C(F)(F)F)c(C)nc(O)c3c2)CC1,45 92 106 114 168 228 242 268 319 350 366 369 378 417 469 497 499 539 573 585 650 690 716 757 799 800 809 846 875 903 926 927 935 945 967 976 985 1007 1017 1028 1057 1083 1093 1141 1148 1215 1245 1282 1295 1300 1309 1333 1357 1362 1380 1400 1452 1453 1476 1480 1506 1535 1589 1602 1610 1623 1720 1722 1724 1786 1855 1873 1878 1903 1917 1928 1935 2009 2045,c1(c2c(ncc(c2)S(=O)(=O)N2CCN(CC2)C(=O)C)cc2c1nc(n2C(=O)C)C(F)(F)F)N1C(=NC(=NC1=O)C)C
913,CN1CCn2c(-c3nc(NC(=O)N4CC4)[nH]c3-c3ccccc3)ccc21,25 111 119 128 155 168 218 305 323 334 363 372 378 389 448 455 494 589 631 650 654 660 661 674 736 740 747 798 807 854 926 935 996 1004 1057 1064 1082 1088 1112 1114 1126 1145 1152 1194 1199 1294 1380 1381 1417 1454 1468 1476 1480 1496 1525 1582 1589 1652 1687 1692 1693 1745 1750 1789 1816 1855 1873 1888 1917 1998 2009 2027 2046,CN1CCN(C1=C(C#CI)C#CI)C(=O)NC2=NC3=C(N2)C4=CC=C5N4CCN5C(=O)NC6=NC(=NC(=N6)NI)NC(=O)N7CCN(CC7)C
914,COc1ccc(C23CN=C(N=C2c2ccccc2)S3)cc1C(=O)N1CCCCC1,2 3 24 40 94 136 154 165 235 249 272 281 326 362 369 378 389 415 444 484 553 556 561 583 607 646 650 675 695 733 736 807 830 841 843 875 881 926 927 935 942 1001 1003 1024 1028 1057 1060 1088 1160 1199 1206 1279 1380 1480 1504 1536 1556 1627 1630 1644 1679 1693 1711 1750 1873 1889 1900 1917 1934 1970 1991 1998 2009,COC1=C(C=C(C=C1)C23CN=C(N=C2N=C(S3)OC)C4=CC=CC=C4)C(=O)N5CCCCC5
915,COc1cc(CCc2c(C)n(C)c3ccccc23)ccc1F,0 13 45 54 80 104 146 216 249 310 381 456 499 564 609 676 695 699 841 846 875 917 925 935 941 1027 1057 1060 1088 1145 1179 1199 1236 1243 1285 1357 1363 1380 1393 1533 1536 1573 1630 1722 1726 1750 1754 1756 1766 1806 1840 1873 1928 1970 1974 1993 2026 2034,CC1=C(C2=CC=CC=C2N1C)CCC3=CC(=C(C(=C3)OC)N4C(=C(C5=CC=CC=C54)CCC6=CC(=C(C=C6)F)OC)C)OC
916,CC(C)(C)CCCS(=O)(=O)OC(C)(C)CCC(=O)OCCC(C)(C)C,13 80 99 107 114 162 241 264 299 335 350 392 463 481 526 549 650 673 677 679 683 685 695 778 807 848 929 973 997 1034 1042 1057 1195 1269 1282 1308 1322 1386 1435 1476 1531 1555 1564 1689 1711 1911 1917 1938 2025,CC(C)(C)CCCC(C)(C)OOS(=O)(=O)CCC(=O)OCCC(C)(C)OS(=O)(=O)CCCC(=O)OCCC(C)(C)OC1=C[N+](=C[N+](=C1)C)C
917,O=P1(CC(=CC=CCl)c2ccccc2Cl)OCCO1,71 80 136 159 366 432 447 449 464 561 562 584 613 650 656 658 694 738 774 793 807 810 849 926 950 974 1026 1029 1055 1088 1144 1165 1179 1199 1319 1380 1447 1515 1527 1535 1542 1601 1683 1748 1750 1824 1867 1873 1904 1962 1986 1991 2016 2041,C1COP(=O)(O1)C/C(=C/C=C/Cl)/P2(=O)OCCOP(=O)(O2)/C(=C/C=C/Cl)/C3=CC=CC=C3Cl
918,COc1ccc2cc3cc(c2c1)N(c1ccccn1)CC(=O)NNC(=O)N3,19 60 171 203 314 322 364 378 437 448 469 496 511 527 530 594 627 650 682 695 718 781 836 841 875 879 891 914 922 935 978 984 1021 1057 1060 1087 1088 1114 1155 1169 1199 1237 1295 1296 1332 1357 1380 1452 1457 1478 1485 1514 1536 1575 1669 1750 1813 1855 1866 1873 1904 1909 1946 1972 1974,COC1=CC2=C(C=C(C=C2C=C1)NC(=O)NN3CC(=O)NN=C3N4CC(=O)NC5=CC(=CC(=C5)NC4=O)N6CC(=O)NC(=O)N6)C7=CC=CC=N7
919,COc1cc2ccc1cc2C(=O)NC1C(O)C(O)CC(O)C1O,202 203 237 249 263 272 317 342 387 434 460 486 490 650 695 720 721 758 807 841 846 849 875 920 926 1019 1057 1142 1152 1200 1257 1292 1380 1390 1413 1431 1474 1481 1487 1536 1587 1614 1673 1676 1687 1716 1725 1750 1770 1807 1829 1855 1873 1878 1909 1917 1926 1970 1991 1996,COC1=C(C=C2C=CC(=C(C2=C1)C(=O)NC3C(CC(C3O)O)O)OC)C(=O)NC4C(CC(C(C4O)NOC5C(C(CC(C5O)O)O)O)O)O
920,COc1ccc2c(c1)C(=O)c1ccccc1C(=O)C(C)(C)OC(=O)CC2,1 73 108 119 306 310 314 322 324 352 468 480 505 650 656 695 718 721 781 792 841 849 874 875 926 970 984 985 1010 1011 1029 1038 1053 1055 1057 1060 1088 1161 1185 1199 1224 1229 1236 1274 1282 1296 1309 1380 1405 1449 1454 1463 1476 1536 1595 1665 1706 1722 1738 1750 1873 1925 1928 1929 1972 1975 1980,CC1=C2C3(C4=C(CCC(=O)O3)C=CC(=C4)OC)C5(C1[Si]OC6(C(=O)C7=CC=CC=C7C6=O)C)C(=O)C8=CC=CC=C8C(=O)C9=CC=CC=C9C5=O
921,O=C(NC1CN(C2CCOC2)CC(Cc2ccccc2)O1)C1=CC=C1,34 56 59 80 113 213 234 237 283 299 316 345 352 387 389 422 458 486 523 547 549 584 642 650 656 716 729 730 739 748 807 862 903 926 935 950 1006 1066 1088 1119 1152 1187 1199 1203 1249 1254 1307 1325 1380 1391 1456 1462 1469 1495 1510 1525 1693 1750 1754 1800 1827 1854 1873 1895 1897 1910 1917 1921 1923 1956 2004,C1COCC1N2CC(OC(C2)CC3=CC=CC=C3)C(=O)C4=CC=C5C=CC=C(N5C4)C(=O)NC(=O)C6=CC=CC=C6
922,COC1=CC=C1N(C)C(=O)c1nnc(C2(C)CC(O)C(O)C2)[nH]1,54 96 98 135 149 158 177 316 378 426 490 527 549 558 650 659 663 679 695 725 807 841 849 881 906 926 970 992 1019 1057 1060 1076 1114 1163 1164 1221 1232 1249 1257 1274 1294 1299 1380 1388 1406 1412 1428 1455 1492 1498 1536 1614 1666 1697 1724 1745 1843 1873 1917 1919 1936 1947 1982,CC1(CC(C(C(C1)O)N(C)C(=O)C2=NN=C(N2)C3(CC(C3C4=NCC(=CC=C(N4)OC)OC)O)C)O)C
923,O=C(c1ccc(F)s1)c1ccc(O)n(-c2ccc(Br)cc2)c1=O,9 58 67 118 162 192 233 301 313 314 341 419 462 504 558 623 638 650 675 698 699 725 728 801 807 909 935 1015 1092 1157 1173 1174 1360 1380 1384 1457 1476 1602 1613 1631 1649 1696 1750 1767 1823 1825 1835 1868 1873 1892 1917 1928 1991 1993 1996 2006,C1=CC(=CC=C1N2C(=CC=C(C2=O)C(=O)C3=CC=C(S3)/N=C(/C4=CC=C(S4)F)\N=C5C(=O)C(=C(S5)O)F)O)Br
924,COC(=O)C(=Cc1ccc(OC)cc1C(=O)OCC(=O)O)C(=O)OC(=O)C1CCC(=O)C1,7 79 80 82 143 145 147 154 225 231 240 314 322 329 389 427 476 534 562 586 643 650 668 684 694 695 718 765 778 781 807 841 875 898 926 932 961 974 1019 1024 1036 1040 1057 1079 1097 1152 1168 1209 1224 1286 1325 1353 1379 1380 1394 1482 1536 1609 1623 1673 1688 1707 1734 1737 1738 1746 1750 1784 1824 1873 1906 1915 1917 1972 1991 1997 2004,COC1=CC(=C(C=C1)/C=C(\C(=C(/C2CCC(C2)C(=O)OCC(=O)O)\OC(=O)C3CCC(=O)C3)\C(=O)OC)/C(=O)OC)C(=O)OCC(=O)O
925,CC1=C(Cl)C1=CC(=O)N(Cc1cccc(Cl)c1Cl)c1nccs1,14 80 197 216 296 297 351 366 378 395 469 477 507 549 554 561 650 675 694 702 707 763 783 807 823 860 872 881 936 964 974 1011 1039 1057 1088 1093 1095 1120 1166 1177 1226 1269 1327 1349 1380 1401 1452 1489 1556 1567 1580 1597 1605 1683 1722 1750 1753 1773 1856 1866 1873 1896 1906 1917 1929 1932 1960 2024,CC\1=C(C(=C(/C1=C\C(=O)N(CC2=C(C(=CC=C2)Cl)Cl)C3=NC=CS3)C=C(C=C4C(=C(C(=C4Cl)Cl)Cl)C)Cl)Cl)Cl
926,Cn1c(=Nc2cccc3ccccc23)sc2ccc(N)nc21,18 62 64 162 239 378 424 564 570 675 725 779 782 836 885 925 935 1010 1039 1057 1058 1087 1088 1104 1145 1171 1181 1199 1229 1294 1299 1357 1378 1380 1409 1418 1438 1457 1483 1532 1573 1646 1664 1696 1750 1855 1872 1873 1885 1930 1952 1994 1995 2018,CN1C=NC2=C1N=C(N2C)C3=CC=C(S3)C4=CC=CC(=NC5=CC=CC6=CC=CC=C65)N4C
927,COC(=CC=CC=C1SCC(=O)N(C)C1=O)C(=O)NC(=O)c1ccc(C)cc1Cl,11 26 67 99 125 157 185 235 248 273 298 314 366 432 480 486 519 561 567 617 650 675 694 798 802 807 841 851 859 875 879 881 890 909 926 935 986 1013 1057 1071 1096 1119 1141 1145 1147 1152 1210 1220 1285 1304 1319 1337 1364 1380 1440 1453 1502 1515 1551 1671 1683 1722 1750 1751 1822 1823 1828 1873 1884 1917 1991,CC1=CC(=C(C=C1)C(=O)N/C(=C/C=C/C=C\2/C(=O)N(C(=O)CS2)C)/C(=O)N/C(=C/3\C(=CC(=CC3=O)C)Cl)/OC)Cl
928,CCOC1=CC=CCC1COC(C)=O,70 80 147 196 237 246 294 298 315 499 505 508 598 606 613 650 653 695 752 807 835 846 862 926 1017 1019 1021 1035 1057 1128 1136 1177 1215 1220 1238 1239 1249 1342 1380 1403 1452 1548 1611 1649 1668 1679 1873 1917,CCOC1=C2CC=CC=C2C(C1)COC(=O)C
929,Cn1c2ccc1-c1ccc(c(Cl)c1)C(=O)N(C(=O)CCCCN1CCCCC1)CCC2,2 19 50 80 117 118 152 169 196 217 232 275 305 314 352 366 369 372 526 561 564 601 628 650 653 680 729 807 875 879 893 896 926 933 935 987 1009 1028 1031 1057 1138 1145 1156 1160 1177 1215 1267 1301 1358 1380 1387 1422 1480 1482 1521 1549 1563 1564 1596 1632 1639 1683 1692 1717 1738 1750 1791 1814 1853 1873 1911 1917 1998 2015 2038,CN1C(=CC=C1C2=C(C=C(C=C2)[As](C3=CC=C(C=C3)C4=C(C=C(C=C4)C5=CC=C6CCCN(C(=O)C6=O)C(=O)CCCCN7CCCCC7)Cl)(C8=CC=CCC8)C)Cl)Cl
930,CN1C(=O)CC(C)(C)N(CCN2CCN(c3ccccc3C(=O)NC(=O)c3ccccc3)C2=O)C1=S,80 92 97 101 102 185 253 259 268 295 314 328 330 371 389 409 423 444 486 497 650 727 742 779 798 800 807 811 831 926 930 935 940 958 966 981 987 997 1057 1060 1081 1083 1085 1088 1089 1119 1145 1152 1157 1175 1189 1198 1199 1255 1274 1295 1380 1385 1395 1404 1447 1457 1480 1511 1548 1587 1589 1599 1616 1620 1640 1647 1665 1717 1750 1811 1816 1845 1873 1896 1917 1937 1946 1955 1966 1985 1991 2012,CC1(CC(=CN1CCN2C(=O)N(C(=O)N(C2=S)C)C)NC(=O)C3=CC=CC=C3N4CCN(C4=O)C5=CC=CC=C5C(=O)NC(=O)C6=CC=CC=C6)C
931,O=C(c1ccc(Cl)cc1)N1CCC(Sc2ccc([N+](=O)[O-])cc2)(C(=O)O)C1=O,26 37 64 82 99 116 184 190 216 255 274 314 317 389 455 561 650 715 749 753 769 807 811 815 816 825 838 866 873 887 896 926 935 944 945 981 1060 1070 1098 1162 1184 1195 1255 1274 1285 1380 1385 1387 1400 1467 1480 1504 1511 1538 1539 1591 1622 1647 1683 1687 1697 1750 1809 1814 1858 1873 1917 1928 1963 1988 2009 2038,C1CN(C(=O)C12C(C23CCN(C3=O)C(=O)N4CCC(C4=O)(C(=O)O)SC5=CC=C(C=C5)Cl)(C(=O)O)C(=O)O)C(=O)C6=CC=C(C=C6)[N+](=O)[O-]
932,CN1CCCN(CCCCCC2CN3CCCN(C2)S3(=O)=O)S1(=O)=O,29 80 162 187 207 255 285 309 318 334 469 494 537 562 608 644 650 694 712 731 737 739 832 863 893 926 935 1008 1017 1019 1028 1031 1046 1057 1061 1083 1125 1137 1143 1145 1155 1311 1321 1337 1379 1401 1419 1461 1480 1486 1515 1564 1624 1640 1774 1804 1911 1969,C/C(=C\N1CCCN(S1(=O)=O)CCCCC2CN(S(=O)(=O)N(C2)C)CCCCCN3CCCN(S3(=O)=O)C)/CCC4CN(S(=O)(=O)C4)C
933,COc1cccc(C(Sc2nc3ccccc3s2)=C2CCC(=O)N(CC(=O)O)C2=O)c1,2 53 75 80 116 119 140 162 243 289 307 314 322 378 380 389 449 454 458 461 464 468 530 557 562 650 675 695 706 781 798 807 836 841 875 879 885 897 901 926 935 956 980 998 999 1011 1039 1057 1088 1097 1153 1178 1199 1219 1243 1312 1322 1330 1380 1384 1385 1416 1487 1492 1530 1536 1541 1542 1737 1738 1750 1784 1816 1855 1873 1879 1917 1919 1932 1959 1972 1985 2002 2015,COC1=CC=CC(=C1)/C(=C/2\CCC(=O)N(C2=O)CC(=O)O)/SC3=NC4=CC=CC=C4S3
934,CNC(=O)C1CN(C(C)=O)C(=O)N1C(C)=O,71 92 113 120 209 221 227 314 318 345 531 581 650 658 666 689 739 746 807 885 935 1017 1019 1036 1057 1064 1100 1107 1110 1152 1300 1355 1380 1387 1430 1640 1727 1788 1917 1934 1968 1982 1984 1992 2011,CC(=C(C(=O)N1CC(N(C1=O)C(=O)C)C(=O)NC)[Ge](C)(C)C2CN(C(=O)N2C(=O)C)C(=O)C)C
935,CCCN(CC)C(=O)OC1=CC=CCC1,28 80 173 207 245 273 294 336 391 459 464 535 650 679 695 781 794 807 862 872 881 909 926 932 944 978 998 1008 1057 1099 1128 1147 1185 1249 1263 1337 1380 1386 1488 1666 1668 1721 1729 1738 1761 1873 1917 1945 1951,CCCN(CC)C(=O)OC1=C(CCC=CCC1)COC(=O)OC2=CC=CCC2
936,COc1cc(Cl)ccc1-c1sc2nc1C(=O)N2CCCOC(C)(C)C,13 80 114 123 137 162 165 185 216 249 314 323 352 378 392 448 508 541 544 561 588 612 650 675 680 695 763 796 805 814 816 841 864 875 879 935 940 1040 1057 1145 1191 1236 1242 1267 1326 1327 1356 1366 1380 1416 1429 1470 1504 1536 1548 1601 1615 1683 1712 1740 1750 1795 1819 1855 1859 1867 1873 1911 1917 1970,CC(C)(C)OCCCN1C2=NC3=C(S2)C(=O)N(C(=O)C4=C3C=C(C=C4)Cl)C5=NC6=C(S5)C(=O)N(C6=O)CCCOC(C)(C)C
937,CN1C(=O)N2CCCn3c1c(C(=O)N1CCCC1)c(C(=O)c1cccc(C(F)(F)F)c1)c32,9 92 114 199 215 221 277 281 314 319 369 563 586 594 624 650 663 669 678 748 807 809 833 875 926 935 942 987 1028 1039 1057 1058 1083 1088 1145 1210 1260 1311 1380 1385 1417 1434 1453 1457 1480 1482 1485 1487 1496 1504 1521 1522 1624 1646 1709 1725 1737 1750 1873 1881 1917 1928 1941 1985 1998 2000 2009 2017,CN1C2=C(C(=C3N2CCCN3C1=O)C(=O)C4=CC(=CC=C4)C(F)(F)F)C(=O)N5CCCN(C5=O)C(=O)C6=CC(=CC=C6)C(F)(F)F
938,COc1cccc(NC(=O)c2nc3n(n2)CCc2nc(-c4ccc(Cl)cc4N4CCCC4)cn2-3)c1,24 66 132 165 171 184 191 210 216 231 255 322 326 352 378 383 392 407 421 464 486 494 508 538 561 562 564 571 608 650 680 695 698 703 705 706 781 807 815 816 841 925 926 935 980 1028 1039 1088 1091 1093 1152 1295 1331 1365 1380 1410 1418 1423 1437 1440 1480 1512 1520 1536 1579 1610 1634 1660 1661 1683 1691 1738 1750 1755 1816 1845 1855 1873 1917 1956 1972 1978 1998 2043,C1CCN(C1)C2=C(C=CC(=C2)Cl)C3=CN4C=C(N=C4C(=N3)N5CCCC5)C6=C7C(=NC(=NN7CC6)C(=O)NC8=CC(=CC=C8)OC)OC
939,CSc1nc2ccc1n(CCCCC(=O)N(C)C)c2=O,24 32 45 80 116 160 252 314 341 350 378 390 394 493 504 619 650 720 802 807 881 893 935 957 961 1032 1057 1085 1097 1114 1126 1145 1163 1232 1238 1247 1267 1331 1332 1339 1380 1412 1462 1564 1586 1620 1653 1723 1750 1787 1801 1843 1855 1873 1904 1911 1917 1957 2000 2021,CN(C)C(=O)CCCCN1C2=C(C=CC3=C2N(C(=O)C(=N3)SC)CCCCC(=O)N(C)C)N=C(C1=O)SC
940,Cc1cc(-c2ccccc2)nn1S(=O)(=O)c1cc(F)ccc1Cl,126 233 239 350 366 378 389 392 417 428 432 434 473 504 561 588 604 608 650 666 699 736 746 747 800 875 883 894 903 935 980 1007 1057 1088 1141 1160 1199 1273 1290 1300 1314 1335 1380 1410 1476 1487 1524 1549 1670 1683 1707 1722 1750 1846 1849 1873 1898 1899 1907 1928 1944 1956 1971 1973,CC1=CC(=NN1S(=O)(=O)C2=C(C=CC(=C2)F)Cl)[N-]S(=O)(=O)N3C(=CC(=N3)C4=CC=CC=C4)[N-]S(=O)(=O)C5=C(C=CC(=C5)F)Cl
941,CCCCCCCCCCN1CCCN(C2=NC3=NC(OC)=NC3=C2F)C1=O,15 25 80 92 95 101 147 195 215 256 266 271 294 314 371 378 474 580 591 609 640 650 695 699 746 794 832 839 841 882 893 926 927 935 951 1028 1057 1083 1089 1123 1143 1145 1239 1241 1269 1320 1334 1380 1394 1395 1434 1444 1457 1480 1536 1594 1702 1718 1753 1904 1911 1928 1982 1996 2002 2020,B(N1CCCN(C1=O)CCCCCCC)(N2CCCN(C2=O)CCCCCC)N3C(=NC4=NC(=NC5=NC(=NC5=C4F)OC)OC)C(=C(C3=O)F)F
942,Cc1nc(N)ccc1-n1c(C#N)cnc1Sc1ccccc1O,46 62 92 116 143 165 181 197 256 263 377 378 390 398 424 476 552 643 674 680 682 747 790 807 871 897 914 935 986 1025 1028 1057 1088 1108 1136 1170 1171 1199 1252 1295 1306 1337 1344 1380 1384 1452 1457 1502 1535 1602 1607 1636 1637 1646 1722 1746 1750 1758 1831 1855 1871 1872 1873 1890 1915 1930 1946 1957 1974 1993 1994 2019,CC1=C(C=CC(=N1)N)N2C(=CN=C2SC3=CC=CC=C3O)C#N
943,COc1ccccc1S(=O)(=O)NC(CCCN1CCCC1)C(=O)Nc1ccc2c(c1)c1cnc2n1C,1 29 33 36 45 80 83 122 140 184 191 211 249 277 330 342 349 350 368 378 392 486 502 548 558 562 564 573 650 653 681 695 698 736 739 807 841 843 871 875 922 926 935 992 1010 1028 1051 1057 1088 1145 1152 1199 1231 1256 1282 1357 1376 1380 1393 1403 1410 1422 1452 1463 1476 1480 1482 1492 1516 1535 1536 1631 1664 1680 1688 1691 1696 1733 1750 1791 1816 1834 1841 1873 1880 1911 1917 1941 1970 1998,CN1C2=C(C=CC(=C2)NC(=O)C(CCCN3CCCC3)NS(=O)(=O)C4=CC=CC=C4OC)C5=CN=C6N5C1=NC=C6
944,COC(=O)C1OC2C3OC1CCC3OC(=O)N2C(=O)CCc1ccccc1,42 63 80 84 87 190 195 214 221 244 314 368 389 534 608 650 656 666 695 747 750 753 807 812 841 888 926 935 938 960 984 1009 1011 1018 1019 1045 1053 1057 1066 1088 1090 1149 1152 1176 1199 1243 1325 1378 1380 1509 1564 1584 1712 1727 1748 1750 1754 1811 1819 1820 1873 1896 1907 1917 1921 1956 2002,COC(=O)[C@@H]1[C@H]2CC[C@@H](O2)[C@@H](O1)N3C4=CC(=O)C(=CC4=O)C5C(O5)C(=O)OC
945,COc1cccc(C(=O)N2C=C(c3ccc(C)cc3)c3ncc2n3CC(C)(C)O)c1,39 79 80 102 114 126 147 185 231 235 322 378 392 423 495 539 562 565 585 618 624 650 666 667 695 700 728 781 807 808 841 855 875 896 935 1039 1057 1088 1160 1167 1270 1287 1354 1380 1384 1385 1452 1498 1499 1502 1504 1535 1536 1681 1709 1722 1750 1777 1806 1811 1823 1873 1882 1888 1908 1917 1920 1972 1985,CC1=CC=C(C=C1)C2=CN(C3=NC=C(N3C2=O)C(C)(O)OC(=O)C4=CC(=CC=C4)OC)CC(C)(C)O
946,CC1=CC=C(N2CCNC(=O)C2)C(=CC(C)C)N1,1 2 125 210 283 301 305 314 342 407 566 618 650 694 719 727 749 766 804 832 861 875 916 926 935 1052 1057 1060 1074 1111 1114 1170 1222 1244 1249 1281 1314 1322 1380 1381 1480 1575 1594 1599 1641 1677 1683 1691 1719 1722 1821 1866 1873 1946 1991 2007,CC1=CC2=C3C(=CC=C([N+]3(C(=O)N2)Cl)C)N1
947,COc1cc(Cl)c(OC)c(OCCCCN2C=C(S(=O)(=O)N3CCCCC3)C2=O)c1,2 6 13 53 62 80 243 273 292 302 314 322 333 335 350 366 386 423 425 488 495 539 561 564 585 605 635 650 695 781 800 841 862 875 879 893 926 935 993 1028 1057 1085 1101 1117 1142 1145 1208 1218 1249 1261 1380 1452 1454 1476 1480 1499 1518 1536 1599 1683 1868 1873 1881 1911 1921 1970 1998 2028 2039 2045,CN1C(=CN(C(=O)C1=O)CCCCOC2=C(C(=CC(=C2)OC)Cl)OC)S(=O)(=O)N3CCCCC3
948,Cc1ccc(-c2ccccc2N2CCN(C(=O)c3ccc(O)cc3)C2=O)cc1,16 53 63 92 96 126 158 222 235 236 266 280 314 328 341 352 449 575 597 650 668 722 745 748 807 811 872 873 896 926 935 960 984 992 998 1057 1088 1102 1105 1160 1199 1219 1244 1290 1313 1359 1380 1385 1387 1425 1457 1478 1480 1504 1511 1539 1602 1635 1647 1697 1722 1735 1738 1750 1778 1823 1839 1873 1912 1917 1920 1955 1996,CC1=CC=C(C=C1)C2=CC=CC=C2C3=CC=C(C=C3)C(=O)N4CCN(C4=O)C(=O)N5CCC(=C6C7=CC=C(C=C7)O)N8N5CCN(C8=O)C(=O)C
949,Cn1c(=O)c2ccc(Cl)cc2n(-c2ccccc2)c1=O,11 45 58 136 165 216 292 306 314 389 390 504 561 564 565 596 598 642 650 676 713 754 771 808 816 842 875 935 978 984 1049 1057 1088 1100 1142 1145 1199 1207 1215 1221 1258 1268 1324 1357 1380 1477 1584 1683 1684 1733 1750 1825 1873 1988 1993 1997 2012,CN1C(=O)C2=C(C=C(C=C2)Cl)N(C1=O)N3C4=CC=CC=C4N(C3=O)N5C6=C(C=CC(=C6)Cl)C(=O)N(C5=O)C7=CC=CC=C7
950,COc1cccc(-c2ccccc2Cn2c(=O)n(CCN3CCCCC3)c3ccc(C#N)cc32)c1,2 45 80 102 158 161 177 236 265 305 314 322 352 360 407 562 585 586 650 674 695 719 736 771 781 790 802 818 841 875 912 926 928 935 984 1028 1039 1057 1076 1079 1088 1136 1142 1145 1155 1160 1268 1280 1282 1347 1349 1350 1380 1384 1420 1422 1441 1480 1482 1536 1579 1581 1597 1598 1599 1750 1765 1777 1791 1798 1818 1865 1873 1906 1954 1972 1975 1987 1998 2021,COC1=CC=CC(=C1)C2=CC=CC=C2CN3C4=C(C=C(C=C4)C#N)N(C3=O)C(=O)N5C6=C(C=C(C=C6)C#N)N(C5=O)CCN7CCCCC7
951,Nc1nc(=O)n2cnc1c2NC(=O)C1OC(CO)C(O)C1O,20 80 83 222 314 339 378 459 542 610 650 656 689 807 861 885 932 935 951 958 960 1019 1038 1095 1100 1152 1171 1194 1234 1256 1257 1268 1279 1353 1380 1419 1422 1452 1457 1459 1469 1472 1487 1504 1512 1516 1520 1557 1616 1701 1724 1764 1774 1782 1816 1844 1855 1873 1887 1894 1917 1921 1969,C1=NC2=C(N1C3C(=NC(=N3)C(=O)N4C=NC5=C4N(C(=O)N=C5N)C6C(C(C(O6)CO)O)O)N)N=CN=C2N
952,O=C(c1cccc(C(F)(F)F)ccc(Cl)cc1)N(CCc1ccccc1)S(=O)(=O)c1ccccc1F,54 80 114 216 350 355 383 389 392 394 501 507 561 650 663 699 807 809 815 816 881 972 974 983 985 992 1028 1032 1039 1045 1049 1066 1070 1088 1191 1199 1221 1243 1260 1277 1320 1380 1385 1417 1419 1453 1476 1481 1482 1506 1665 1683 1697 1750 1753 1754 1763 1804 1836 1840 1860 1873 1892 1917 1928 1951 1985 2017,C1=CC=C(C=C1)CCN(C(=O)C2=CC=C(C=C2)C(F)(F)F)N(C(=O)C3=CC(=CC=C3)C(C4=CC=CC=C4)(F)F)S(=O)(=O)C5=CC=CC=C5F
953,CCN1CCN(C(=O)c2cccc3sc(SC4=NC5=CC(=C5)S4)nc23)CC1,34 74 80 84 116 162 195 294 348 362 369 378 461 467 506 507 529 542 552 563 639 650 675 704 807 814 826 865 885 926 927 935 942 999 1022 1030 1039 1057 1088 1102 1108 1123 1141 1218 1288 1304 1380 1447 1480 1504 1542 1566 1573 1580 1589 1702 1724 1750 1791 1855 1867 1873 1917 1922 1991 2009 2014 2044,CCN1CCN(CC1)C(=O)C2=C3C(=CC=C2)SC(=N3)SC4=CC(=C5C=C(SC(=N5)SC6=NC7=C(C=CC=C7S6)C(=O)N8CCN(CC8)CC)CC)C=C4
954,O=C(N1CCCCC1)N1CCN(c2ccccc2-c2cccnc2)c2ccccc21,2 121 164 183 257 298 352 369 378 437 461 477 490 554 563 650 668 722 736 754 807 811 846 856 926 935 958 984 1028 1030 1043 1081 1088 1158 1160 1199 1218 1295 1299 1315 1380 1387 1399 1418 1427 1445 1457 1480 1533 1535 1586 1593 1603 1635 1647 1750 1776 1829 1866 1917 1940 1998 1999 2009 2038,C1CCN(CC1)C(=O)N2CCN(C3=CC=CC=C32)C(=O)N4CCN(C5=CC=CC=C54)C(=O)N6C7=CC=CC=C7C8=CN=CC=C8
955,COC(=O)c1ccc(CN2CCCC(C3CCSC3=S)C2=O)cc1,5 80 88 97 132 141 145 157 179 208 296 300 310 314 374 445 446 455 499 520 535 539 632 636 650 675 695 732 789 807 841 895 906 915 926 935 1019 1028 1031 1057 1089 1123 1134 1152 1205 1212 1237 1325 1380 1385 1445 1447 1480 1500 1518 1530 1595 1648 1683 1697 1715 1717 1750 1752 1754 1765 1873 1917 1946 1968,COC(=O)C1=CC=C(C=C1)CN2CCCC(C2=O)C3/C(=C/4\CN(C(=S)S4)CC5=CC=C(C=C5)C(=O)OC)/SCCS3
956,CCNC(=O)C(=Cc1ccccc1C)S(=O)(=O)N1CCN(c2ccc(F)cc2)C(=O)C1,80 90 116 175 180 197 203 233 268 282 294 314 350 352 357 441 449 575 585 608 650 654 694 699 798 807 811 926 935 961 986 1057 1088 1090 1152 1184 1188 1199 1210 1330 1380 1391 1410 1427 1457 1463 1467 1476 1480 1536 1542 1624 1633 1670 1702 1722 1726 1746 1750 1816 1825 1832 1833 1845 1873 1917 1928 1945 1946 1999,CCNC(=O)/C(=C\C1=CC=CC=C1C)/S(=O)(=O)N2CCN(C(=O)C2)S/C(=C/C3=CC=CC=C3C)/C(=O)NCC
957,Cc1ccc2nc3[nH]c(=O)n(C)ccc2c1N(C)CCS3,82 146 157 214 255 264 314 378 389 517 519 628 650 675 724 758 769 789 836 854 881 894 926 935 961 1007 1057 1097 1101 1114 1134 1141 1145 1177 1357 1380 1391 1405 1409 1463 1480 1617 1644 1664 1691 1693 1696 1722 1724 1738 1745 1750 1770 1780 1803 1816 1827 1855 1873 2003 2007,CC1=C2C3=C(C=C1)N=C4C(=N3)N(C=CC4=N2)N5C(=O)NC(=O)N5CCC6=C4SCC6
958,O=C(c1nc2sc1c(=O)n2C1CCCC1)N1CCCCC1,14 35 131 132 162 238 264 369 378 454 458 468 476 490 492 504 521 650 675 807 890 891 899 926 935 942 1019 1028 1066 1157 1184 1194 1233 1268 1306 1325 1380 1480 1504 1814 1855 1860 1893 1909 1910 1917 1993 1998 2009 2010 2019 2028 2046,C1CCC(C1)N2C3=C(N=C2S3)C(=O)N4CCCCC4C5=NC(=C(S5)C6=NC(=C(S6)C7CCCC7)C(=O)N8CCCC8)C(=O)N9CCCC9
959,CC(=O)N(C)Cc1cc(Cl)ccc1-c1ccc(S(=O)(=O)N2CCCC2)nc1C(F)(F)F,15 80 114 165 175 216 238 334 350 352 366 378 459 507 517 539 549 561 585 650 679 680 800 807 809 816 834 875 881 914 926 935 983 1017 1028 1057 1083 1090 1160 1163 1218 1220 1272 1329 1349 1362 1380 1416 1453 1476 1480 1487 1567 1577 1583 1588 1616 1683 1748 1750 1759 1855 1873 1917 1921 1924 1928 1998,CC(=O)N(C)CC1=C(C=CC(=C1)Cl)C2=CC(=NC(=C2)S(=O)(=O)N3CCC3)C4=C(N=C(C=C4)S(=O)(=O)N5CCCC5)C(F)(F)F
960,CCCCN(C)CCCCNC(=O)N1C2=CC=C(c3ncnc4c3=CC=4)C1=CC=C2F,80 119 142 156 197 204 214 218 247 276 294 323 348 378 423 461 481 489 549 566 591 592 650 667 677 693 699 749 772 794 807 808 877 881 921 935 1024 1045 1057 1061 1065 1097 1104 1114 1152 1163 1166 1167 1183 1201 1236 1249 1264 1380 1388 1406 1452 1476 1530 1618 1620 1628 1669 1696 1719 1724 1762 1810 1872 1873 1876 1897 1899 1911 1917 1928 1951 1966 1988 2019,CCCCN(C)CCCCNC(=O)N1C=C(C2=CN(C=C2C1=C3C(=CC=C(N3C(=O)NCCCCN(C)CCCC)F)F)C(=O)NCCCC)F
961,CCCCCn1c(SCCCC)nc2ccccc2c2ncc1cc2P(=O)=O,45 80 91 116 140 172 230 289 294 341 354 378 379 389 395 423 502 551 588 591 634 635 650 710 716 747 765 794 802 829 858 875 893 935 990 1047 1057 1088 1097 1134 1145 1164 1182 1199 1273 1299 1357 1380 1438 1444 1449 1452 1535 1540 1543 1562 1573 1620 1653 1655 1724 1729 1750 1789 1855 1873 1911 2001,CCCCCN1C(=NN=C1SCCCC)C2=NC3=CC=CC=C3C4=NC5=C(C=C(C=C5P(=O)=O)P(=O)=O)N(C4=N2)CCCCC
962,CCOC(=O)C(=NNc1nc2ccccc2c(=O)n1CC)c1cccnc1,34 35 80 92 107 133 147 157 200 207 289 294 309 314 378 389 408 437 452 483 488 650 653 689 695 700 725 802 807 850 872 935 973 1012 1043 1045 1054 1057 1088 1097 1152 1174 1199 1238 1276 1357 1380 1385 1399 1423 1535 1573 1586 1603 1609 1611 1670 1696 1722 1750 1772 1779 1855 1866 1873 1917 1921 1962 1985,CCN1C(=CC2=CC=CC=C2N=C1N/N=C(/C3=CN=CC=C3)\C(=O)OCC)/C(=N/NC4=NC5=CC=CC=C5C(=N4)C)/C(=O)OCC
963,CCOC(=O)C(C)c1ccc2sc(Sc3cccc4ccccc34)nc2c1,1 26 55 80 116 147 162 243 283 294 347 377 378 436 520 532 543 552 570 650 675 695 751 760 807 812 834 858 875 885 900 953 980 999 1006 1025 1039 1057 1087 1088 1097 1104 1144 1181 1199 1213 1223 1238 1306 1322 1357 1365 1380 1537 1542 1573 1601 1617 1663 1669 1675 1722 1750 1777 1818 1839 1853 1855 1867 1873 1898 1917 1966 1984 2021,CCOC(=O)C(C)C1=CC2=C(C=C1)SC(=N2)OC3=C(N=C(S3)SC4=CC=CC5=CC=CC=C54)SCSCCSCC
964,CCCN(CCC)C(=O)c1ccc(C(=O)N2CCN(CC)C2=O)n1C,16 34 80 92 207 292 294 295 314 358 424 457 488 544 564 586 598 650 661 736 749 776 794 807 881 887 905 926 935 941 978 1033 1052 1057 1061 1089 1145 1162 1192 1200 1221 1363 1380 1387 1393 1427 1434 1466 1480 1504 1566 1567 1618 1635 1750 1761 1781 1873 1909 1917 1924 1951 2033 2041,CCCN(CCC)C(=O)C1=CC=C(N1C)C(=O)N2CCN(C2=O)C(=O)C3=CC=C(N3C)C(=O)N4CCN(C4=O)CC
965,COc1cc(Cl)ccc1Nc1nc2cccc(Cl)c2c(=O)n1C,65 82 157 165 172 216 249 288 289 314 324 366 378 417 491 493 504 541 561 564 650 695 700 718 752 779 816 841 875 876 902 935 974 1019 1039 1057 1088 1097 1116 1145 1150 1152 1179 1184 1189 1224 1258 1380 1399 1441 1473 1536 1560 1611 1683 1708 1750 1781 1855 1856 1868 1873 1970 1979 1984 1995,CN1C(=O)C2=C(N=C1NC3=C(C=C(C=C3)Cl)OC)N(C(=N2)NC4=C(C=C(C=C4)Cl)NC5=NC6=C(C(=CC=C6)Cl)C(=O)N5C)C
966,Cc1ccc(C)c(N2Cc3cc(-c4ccccc4)nn3C2=O)n1,30 92 93 120 130 286 314 316 335 378 389 394 518 524 635 650 708 736 769 875 890 905 921 924 926 935 980 1000 1014 1051 1057 1088 1116 1141 1145 1160 1182 1199 1217 1218 1273 1307 1336 1338 1380 1391 1398 1415 1457 1467 1500 1563 1577 1673 1691 1722 1731 1750 1822 1825 1852 1855 1857 1872 1873 1946 1956 1971,CC1=C(N=C(C=C1)C)N2CC3=CC(=NN3C2=O)C4=CC(=O)N(N=C4N5C(=O)C=C(N=C5C6=CC=CC=C6)C7=CC=CC=C7)C
967,CCN(C)S(=O)(=O)c1ccn2nnn(-c3cc(F)ccc3OC)c12,16 45 80 94 127 143 158 205 213 219 249 261 266 294 296 350 378 387 392 508 595 644 650 653 665 695 699 721 815 841 850 875 881 916 932 935 966 1019 1027 1057 1065 1101 1102 1161 1163 1188 1234 1268 1295 1380 1410 1417 1476 1487 1503 1536 1544 1670 1750 1783 1819 1820 1825 1829 1852 1873 1928 1934 1939 1970 2025,CCN(C)S(=O)(=O)C1=C(C=CC(=C1)F)OCN2C3=C(C=CN3OCN(C)S(=O)(=O)C4=C(C=CC(=C4)F)OC)N(N=N2)C5=C(C=CC(=C5)F)OC
968,CC1(C2CCCN(C(=O)c3ccc(C#N)cc3)C2)CCCCC1,2 34 85 102 157 305 343 369 446 451 470 497 515 528 650 666 674 678 683 739 790 807 926 935 974 1019 1028 1057 1060 1114 1136 1162 1274 1308 1325 1380 1384 1385 1480 1504 1511 1536 1554 1638 1697 1712 1750 1860 1873 1912 1917 1942 1954 1962 2009,CC1(CCCCC1)C2CCCN(C2)C(=O)C3CNCCN(C3)C(=O)C4=CC=C(C=C4)C#N
969,CCCCCN(CC1CC1O)C(=O)c1cc2c(cc1I)=CC=2C,31 37 80 84 87 129 161 216 226 237 280 294 314 461 489 540 562 568 582 591 616 624 644 650 661 673 746 756 775 778 794 800 807 821 834 849 875 881 915 926 947 978 984 1019 1052 1057 1086 1150 1221 1257 1272 1292 1380 1444 1529 1610 1648 1668 1669 1722 1873 1883 1911 1917 1930 1937 1951 1991 2022,CCCCCN(CC1CC1O)C(=O)C2=CC(=C(C=C2I)C(=O)N(CCCCC)CC3CC(=C4C=C5C=C(C=C(C5=C4)I)C)C=C3C)I
970,CN(C)C(=O)C(COc1ccccc1F)n1c(C2=C(C#N)N2C)nc2cc(C(F)(F)F)ccc21,1 28 80 114 118 127 157 183 229 262 283 350 353 378 429 460 511 548 557 574 584 650 653 674 695 699 790 800 807 809 825 862 875 881 925 935 987 1032 1057 1088 1089 1090 1093 1097 1112 1136 1145 1163 1188 1199 1238 1260 1295 1332 1335 1353 1362 1380 1384 1394 1410 1417 1452 1453 1522 1545 1653 1665 1713 1722 1750 1791 1807 1828 1840 1855 1864 1873 1890 1917 1928 1970 2021 2039,CC1=C(N(C2=C(C=CC(=C2)C(F)(F)F)N=C1C#N)C(CC(C(=O)N(C)C)N3C(=C(N=C3S)S)S)COC4=CC=CC=C4F)C#N
971,CCNC(=O)n1[nH]c(=O)[nH]c1=O,80 87 179 186 197 218 294 314 369 371 422 425 533 552 575 641 646 650 753 758 807 935 1057 1114 1152 1153 1162 1222 1227 1253 1300 1380 1382 1624 1726 1745 1788 1790 1871 1878 1912 1917 2004,CCNC(=O)N1C(=O)NC(=O)N1[N-]N2C(=O)NN(C2=O)[N-]C(=O)N3C(=O)NC(=O)N3C(=O)NCC
972,C#CCCN1CCCCC1,2 80 157 192 193 292 413 550 638 657 674 815 835 843 915 926 935 953 974 1028 1046 1145 1293 1323 1338 1358 1365 1383 1422 1439 1463 1480 1482 1541 1689 1692 1720 1722 1791 1852 1856 1891 1963 1998 2004 2028,C#CCCN1CCCCC1
973,Cc1cc(F)ccc1C(=O)Nc1ccc2nnn(-c3nc4ccccn4n3)c2c1,3 20 45 67 74 184 191 198 303 378 384 429 486 576 650 699 723 736 759 767 805 807 817 819 843 847 853 865 875 935 954 961 971 975 991 1027 1040 1057 1060 1061 1088 1097 1101 1152 1157 1164 1199 1256 1269 1304 1354 1375 1380 1391 1410 1487 1494 1550 1563 1613 1655 1670 1697 1722 1726 1750 1758 1777 1783 1816 1852 1855 1873 1917 1928 1934 1945 1956 1978 1991,[B-](C1=C(C=C(C=C1)F)C)(C2=C(C=C(C=C2)F)C)(C3=C(C=C(C=C3)F)C)NC(=O)C4=CC5=C(C=C4)N=NN5C6=NN7C=CC=CC7=N6
974,CC(C)Oc1cccc(S(=O)(=O)N2CCCC2)c1,1 45 62 154 201 267 283 319 322 350 363 366 539 555 562 572 575 585 633 650 664 691 695 707 757 800 875 926 935 965 1028 1033 1039 1057 1088 1380 1401 1463 1476 1480 1555 1588 1599 1605 1729 1750 1873 1917 1922 1925 1972 1978 1998 2041,CC(C)OC1=CC(=CC=C1)S(=O)(=O)N2CC[N+](CC2)(C(C)C)C(=O)OC3=CC(=CC=C3)S(=O)(=O)N4CCCC4
975,CCN(Cc1ccc([N+](=O)c2ccccc2)cc1)C(C)=O,66 80 178 182 236 294 310 318 377 389 397 471 507 555 587 650 655 676 686 723 753 802 807 811 862 881 963 978 1008 1017 1046 1057 1088 1141 1147 1199 1274 1380 1420 1460 1524 1588 1608 1610 1750 1754 1796 1814 1873 1917 1963,CC[P+](=C(N(CC1=CC=C(C=C1)[N+](=O)C2=CC=CC=C2)C(=O)C)N(CC3=CC=C(C=C3)[N+](=[Se])C4=CC=CC=C4)C(=O)C)C5=CC=CC=C5
976,CN(C(=O)c1cn(C)c2ccccc12)c1ccc[nH]1,11 45 54 102 164 235 267 317 388 460 464 511 599 646 650 751 806 807 834 881 935 1057 1088 1100 1114 1145 1163 1199 1221 1285 1350 1357 1380 1386 1409 1481 1506 1548 1563 1573 1578 1602 1734 1750 1801 1802 1812 1867 1873 1917 1972 1991,CN1C=C(C2=CC=CC=C21)C(=O)N(C)N3C=C(C4=CC=CC=C43)C(=O)N(C)C5=CC=CN5
977,CN1CCCN(C(=O)Nc2ccccc2Cl)CCCC1=O,5 30 51 84 174 195 218 272 314 342 366 368 369 372 379 420 561 582 596 650 693 743 798 807 831 914 926 935 974 1028 1057 1083 1088 1098 1138 1145 1152 1156 1182 1199 1204 1224 1329 1380 1381 1468 1480 1534 1566 1581 1683 1693 1696 1738 1750 1816 1873 1890 1917 1929 2009 2041,CN1CCCN(C1=O)P2(CCCN2C(=O)NC3=CC=CC=C3Cl)(C4=CC=CC=C4Cl)N5CCCC5=O
978,O=C(O)C=c1ccccc1=CC=CC=C1OC(=O)C(=O)OC1=O,4 21 112 269 314 352 389 428 432 472 507 534 536 549 565 650 656 694 807 812 833 890 950 976 1055 1064 1088 1117 1199 1214 1252 1257 1354 1380 1422 1447 1625 1745 1750 1773 1778 1810 1849 1873 1884 1917 1990,C1=CC=C2C(=C1)C(=CC=C3C(=CC(=C4C=CC(=C5C=CC=CC5=CC(=O)O)C(=C4)C6=CC=CC=C6)C(=O)O3)C(=O)O2)C7=CC=CC=C7
979,COC(=O)C(=C(C(C)=O)c1ccc(C(F)(F)F)c(Cl)c1)c1ccccc1SC,114 116 262 293 347 366 367 377 384 394 419 558 561 587 603 623 626 636 650 682 695 795 807 809 841 844 875 917 989 1017 1025 1057 1088 1152 1159 1199 1294 1359 1372 1380 1385 1402 1447 1453 1566 1599 1607 1609 1683 1690 1697 1703 1704 1723 1739 1750 1753 1824 1873 1917 1919 1928 1955 1991,C/C(=C(\C1=CC(=C(C=C1)C(F)(F)F)Cl)/C(=O)OC)/C(=C(\C2=CC=CC=C2SC)/C(=O)OC)/C3=CC(=C(C=C3)SC)Cl
980,CCCCCCCCCC1CCCN(C(=O)c2[nH]c(=O)[nH]c2C)C1=O,5 80 84 109 182 294 314 321 330 334 409 433 446 497 528 591 623 650 659 660 692 768 794 807 832 926 935 1019 1028 1057 1112 1114 1143 1201 1207 1215 1257 1280 1282 1325 1344 1375 1380 1387 1444 1480 1504 1611 1645 1668 1691 1722 1731 1745 1779 1801 1824 1855 1857 1911 1917 2004,CCCCCCCCCCCCCCCCCC1CCCN(C1=O)C(=O)C2=CC3=CC(=N)C(C(=O)N3N2)O
981,OC1C2CN(CCCCc3ccccc3Nc3ccc(-c4cc(F)cs4)cc3)C1CO2,62 80 89 98 191 432 491 552 602 616 656 661 675 699 739 802 807 819 843 864 870 875 893 896 909 926 935 969 1019 1020 1026 1036 1039 1048 1057 1088 1103 1145 1152 1160 1184 1199 1224 1228 1243 1257 1271 1334 1349 1380 1386 1391 1478 1487 1515 1524 1527 1567 1577 1597 1610 1670 1689 1696 1701 1732 1750 1766 1772 1811 1819 1852 1873 1897 1911 1923 1928 1953 1960 1961 1978 2000 2012 2022 2046,C1C(C2=CC(=CS2)F)N(CC3C(C(CO3)OCC(C(C4CO4)O)N1CCCCC5=CC=CC=C5NC6=CC=C(C=C6)C7=CC(=CS7)F)O)CCI
982,Clc1ccc(COC2=Cc3ccccc32)cc1,11 78 80 84 90 107 152 216 248 310 352 357 426 439 461 484 522 561 672 695 725 745 816 829 918 984 1005 1070 1088 1199 1380 1448 1452 1463 1508 1677 1683 1750 1754 1825 1873 1875 1920 2038 2042,C1=CC=C2C(=C1)C=C3C=C(C(=CC3=C2)OCC4=CC=C(C=C4)Cl)OCC5=CC=C(C=C5)Cl
983,COc1ccc(Nc2ccccn2)nc1NC(=O)C(N)CN(C)C,1 80 94 146 169 217 249 315 378 391 448 491 547 573 602 649 650 652 695 708 720 738 755 786 807 841 874 881 941 964 967 993 1037 1057 1084 1088 1099 1119 1146 1152 1155 1163 1171 1176 1191 1199 1348 1379 1380 1452 1467 1475 1491 1503 1506 1536 1537 1553 1574 1687 1722 1750 1757 1801 1816 1832 1849 1855 1860 1866 1873 1914 1917 1955 1962 1970 1997 2030,CC1=C(C=N[Si](N1)(N)N)NC2=NC(=C(C=C2)OC)NC3=NC(=C(C=C3)OC)NC4=NC(=C(C=C4)OC)NC(=O)C(CN(C)C)N
984,Cc1cc(C(=O)NCCc2ccc3ccc(C(=O)N(O)S(C)(=O)=O)nc3n2)c2ccccc2c1,8 63 71 80 81 101 125 197 203 283 294 308 350 353 369 378 392 404 486 509 557 600 650 651 667 692 724 727 801 807 828 836 855 875 878 881 892 956 988 1017 1022 1027 1029 1057 1087 1088 1139 1152 1199 1203 1221 1243 1317 1357 1380 1403 1440 1451 1468 1476 1495 1573 1606 1694 1700 1722 1741 1750 1823 1843 1855 1859 1873 1917 1953 1965 1991,CCS(=C(C)NO)(N(C(=O)C1=NC2=C(C=C1)C=CC(=N2)CCNC(=O)C3=CC(=CC4=CC=CC=C43)C)S(=O)(=O)C)N(O)S(=O)(=O)C
985,COC1=c2ccc(c(=O)o2)=CC(CNC(C)=O)=C1,80 84 197 236 245 247 255 270 314 339 341 415 416 455 461 500 540 595 615 650 656 695 731 749 763 807 813 841 882 885 977 1017 1057 1152 1165 1278 1367 1380 1427 1468 1480 1516 1536 1573 1604 1611 1716 1750 1786 1836 1873 1893 1917 1953 2004,CC(=O)NCC1=CC(=C(OC1=O)OC)O[Si]OC(=O)OC2=CC(=C(OC2=O)OC)OC
986,CN(C(=O)c1ccc(-c2ccccc2)cc1Br)S(=O)(=O)N1CSCC1=O,1 32 67 91 95 219 259 314 350 363 375 389 394 499 596 629 644 650 675 710 719 728 736 780 785 798 801 807 833 842 859 869 875 881 890 896 926 935 949 964 1051 1057 1077 1079 1088 1137 1160 1163 1199 1209 1221 1225 1230 1312 1359 1380 1476 1519 1606 1631 1750 1873 1903 1917 1964 1971 1991,CN(C(=O)C1=C(C=C(C=C1)C2=CC=CC=C2)Br)N(C)S(=O)(=O)N3CSCSC3=CN(C)S(=O)(=O)N4C(=O)CSC4=O
987,CCOC(=O)NC(C)C(OC(C)=O)C(=O)NCC(C)C,1 65 69 80 117 147 197 199 259 283 294 348 457 552 567 570 573 606 650 683 695 702 807 818 905 966 978 1017 1035 1057 1121 1152 1238 1341 1365 1394 1494 1504 1547 1722 1757 1758 1776 1785 1820 1847 1917 2000 2009 2037 2039,CCOC(=O)NC(C)C(C(=O)NCC(C)C)NC(=O)C(C(C)NC(=O)OCC)OC(=O)C(C(C)NC(=O)OCC)OC(=O)C
988,CC(C)(C)C1CN(Cc2ccccc2)C(=O)c2cc(F)ccc21,43 80 93 114 134 135 237 314 352 374 389 392 393 402 428 441 574 699 739 744 748 864 875 879 926 935 982 985 994 1019 1027 1039 1057 1066 1088 1089 1145 1199 1218 1242 1314 1344 1380 1392 1410 1452 1487 1525 1618 1670 1682 1683 1750 1754 1765 1873 1928,[B-]12(C3=CC=CC=C3)C4=C(C=C(C=C4)F)C(=O)N(CC(C(C)(C)C)CN1CC5=CC(=CC=C5)CN6CC(C7=C(C6=O)C=C(C=C7)F)C(C)(C)C)C
989,O=C(NC1=CC=C1S(=O)(=O)NCC1CCN(CCN2CCCC2=O)CC1)c1ccc(Cl)cc1,29 103 108 155 158 191 205 216 232 236 292 314 322 350 444 486 502 561 562 584 650 666 704 734 798 800 807 816 828 907 926 935 951 1019 1028 1070 1089 1123 1138 1145 1152 1182 1200 1249 1261 1325 1337 1380 1385 1397 1441 1476 1480 1482 1510 1548 1556 1604 1624 1626 1661 1665 1674 1683 1697 1719 1738 1750 1791 1795 1809 1816 1830 1833 1873 1917 1957 1965,C1CC(=O)N(C1)CCN2CCC(CC2)CNS(=O)(=O)C3=CC=C(C=C3)C(=O)NC4=CC=C(C(N4S(=O)(=O)NCC5CCN(CC5)CCN6CCCC6=O)Cl)Cl
990,O=C(C#CC(=O)N1CCCC1)NC1CCCCC1,2 24 31 80 193 197 369 387 428 501 527 528 650 674 727 801 807 833 847 890 892 926 935 1019 1028 1032 1037 1038 1141 1152 1309 1325 1480 1521 1530 1565 1634 1655 1693 1785 1876 1917 1996 1998 2009,C1CCC(CC1)NC(=O)C#CC(=O)NC/C(=C(/NC2CCCC2)\N3CCCC3)/N4CCCC4
991,COc1ccc(OCC2C3NC(=O)N(C)C23)cc1C(I)=CC=COc1cccc(C)c1,31 56 80 94 231 235 249 263 273 284 301 314 322 398 432 510 562 604 610 627 636 650 661 669 694 695 718 749 753 807 841 875 878 887 935 980 986 1013 1019 1039 1055 1057 1088 1114 1136 1145 1319 1380 1420 1452 1461 1462 1501 1529 1536 1537 1559 1654 1657 1678 1685 1722 1728 1750 1754 1770 1808 1823 1843 1844 1873 1875 1970 1991 2039 2046,CC1=CC(=CC=C1)OCC2C3C(C4C2N(/C(=C/C=C/C(=C/I)/C5=C(C=CC(=C5)C)OC)/C(=O)N4)C)NC(=O)N3C
992,COC(=O)c1cc2ccc1c(SCc1ccccc1)n2,14 31 32 62 80 116 145 222 252 253 303 319 341 378 389 451 459 463 468 482 485 621 623 628 650 662 695 762 807 841 858 875 906 936 968 983 1057 1066 1088 1152 1169 1174 1199 1201 1202 1248 1260 1298 1340 1357 1380 1427 1589 1601 1664 1733 1750 1754 1855 1873 1875 1917 1931 1991,COC(=O)C1=CC2=C3C=CC(=[N+]4C3=C1C=CC4=NC2=C(CO)CO)SCC5=CC=CC=C5
993,CN(C)c1ncc(C(=O)C#N)n1Cc1ccc([N+](=O)[O-])cc1,73 80 161 265 310 311 335 378 488 623 627 634 650 667 671 674 681 708 715 753 769 790 802 803 807 838 881 935 1016 1033 1057 1098 1115 1163 1195 1224 1266 1274 1336 1380 1384 1396 1438 1452 1535 1595 1656 1683 1700 1750 1754 1765 1809 1814 1830 1860 1873 1917 1961 1963 1984,CN(C)C1=NC=C(N1CC2=CC=C(C=C2)[N+](=O)[O-])C(=C=N)C#N
994,O=P([O-])([O-])OC1C(O)C(O)C(O)C(O)C1O,192 219 257 355 486 558 563 578 643 650 675 695 715 751 807 869 1019 1037 1054 1165 1213 1257 1487 1499 1600 1829 1848 1919 1950 1991 2034 2046,[C@H]1([C@H]([C@@H]([C@H]([C@@H]([C@H]1OP(=O)([O-])[O-])O)O)O)O)OP(=O)([O-])O[C@@H]2[C@H]([C@@H]([C@H]([C@@H]([C@H]2OP(=O)([O-])[O-])O)O)O)OP(=O)([O-])[O-]
995,CC(C)OC(=O)COC(N)=O,1 7 69 80 89 118 140 147 271 283 421 465 585 650 695 751 807 950 959 993 1036 1057 1075 1171 1186 1386 1511 1592 1634 1701 1703 1733 1818 1830 1917 1932 1948 1967 1978 2004,B(C(COC(=O)N)C(=O)OC(C)C)(C(COC(=O)COC(=O)N)C(=O)OC(C)C)OC(=O)COC(=O)C(C)OC(=O)N
996,FC(F)(F)C(F)(c1cccc(I)c1)C(F)(F)F,49 50 59 107 114 119 252 348 351 419 661 725 814 875 930 947 1000 1039 1088 1146 1160 1185 1366 1380 1409 1417 1436 1453 1497 1594 1691 1692 1750 1774 1779 1790 1802 1873 1913 1928 2017,C1=CC(=CC(=C1)I)C(C(C2=CC(=CC(=C2)I)C3=CC(=CC(=C3)I)I)(F)I)(C(F)(F)F)C(F)(F)F
997,CCOc1ccc(-c2[nH]c3ccc4c(C(=O)O)c3c24)c(CCC2CCCN2C)c1,4 10 35 43 45 52 69 80 88 103 119 124 155 174 201 237 269 279 294 311 322 336 352 389 392 397 446 456 486 548 549 562 571 586 622 650 671 680 695 718 740 749 787 807 828 832 875 887 926 935 940 955 1019 1028 1049 1057 1114 1132 1136 1139 1145 1210 1238 1243 1325 1349 1357 1367 1380 1452 1479 1480 1483 1501 1536 1552 1564 1573 1733 1745 1750 1873 1917 1928 1939 1948 1984,CCOC1=CC(=C(C=C1)C2=C(C3=C(N2)C=CC4=C3C=C(N4)OCC5CCCN5C)C(=O)O)CCC6CCCN6C
998,CCCCCC1NC(=O)N(c2ccccc2F)CCCC2CCCCC2CC(O)C2OC12,28 31 63 80 130 215 221 276 294 301 314 325 334 446 517 533 544 585 591 650 656 699 724 794 807 832 847 849 885 890 897 926 935 939 976 1019 1028 1032 1034 1052 1057 1088 1114 1126 1150 1167 1199 1257 1271 1292 1295 1325 1330 1380 1400 1404 1441 1444 1457 1463 1480 1481 1499 1504 1630 1647 1726 1750 1812 1840 1873 1895 1911 1921 1928 2011 2026 2036,CCCCCC1C(NC(=O)C2N1C3CCCCC3CC2O)N4CCCC5C4C(=O)NC(C5)C6CCCCC6O
999,CC(=O)NC(CC(=O)Nc1ccc(F)cc1)C(=O)Nc1ccccc1,1 41 80 90 117 191 214 245 257 311 358 371 389 433 551 573 603 630 650 681 699 703 736 778 798 807 842 843 871 901 943 1001 1017 1057 1077 1088 1111 1131 1147 1152 1199 1287 1290 1300 1380 1410 1448 1507 1515 1605 1664 1670 1750 1772 1816 1864 1873 1905 1917 1928 2025,CC(=O)NC(C(=O)NC1=CC=C(C=C1)F)NNC(=O)CC(C(=O)NC2=CC=CC=C2)NC(=O)C(C(=O)NC3=CC=CC=C3)[N-]C4=CC=CC=C4
1000,O=C1CN(CC2CCCC2)CCCN1S(=O)(=O)c1ccc(F)cc1,29 80 90 97 136 218 230 245 314 319 350 374 429 484 510 563 610 624 650 699 715 761 798 800 845 862 890 908 926 935 1019 1028 1051 1077 1080 1083 1111 1177 1288 1325 1329 1348 1352 1380 1410 1422 1444 1476 1480 1641 1670 1750 1762 1783 1791 1809 1873 1928 1946 2001,C1CCC(C1)CN2CCCN(CC2)CC3C=CC4N3CCCN(C(=O)CN4S(=O)(=O)C5=CC=C(C=C5)F)S(=O)(=O)C6=CC=C(C=C6)F
1001,Cc1cc2c(nnn2C)c(N2CCCCC2)c1C(=O)Nc1ccccc1,2 45 141 146 152 167 191 260 378 389 407 410 440 486 489 586 650 680 703 731 735 807 875 892 926 935 1028 1056 1057 1077 1088 1102 1105 1145 1152 1156 1159 1164 1166 1183 1191 1199 1210 1280 1304 1342 1380 1388 1391 1480 1534 1566 1581 1688 1712 1722 1724 1727 1750 1783 1815 1816 1828 1873 1909 1917 1956 1978 1988 1990 1998 2045,CC1=CC2=C(C(=C1C(=O)NC3=CC=CC=C3)N4CCCCC4)N=NN2C(=C5C=C(C(=C(C5=O)N6CCCCC6)C(=O)NC7=CC=CC=C7)C)C(=O)NC8=CC=CC=C8
1002,CCNC(=O)CN(CC(=O)O)C(=O)OCCCCC(=Nc1ccccc1C)N=C1C(C)=CC=C1OC,13 18 30 41 49 80 147 197 227 231 241 266 294 353 367 389 413 419 424 556 559 605 650 681 695 698 725 754 807 841 852 881 890 959 978 1018 1020 1027 1057 1088 1123 1152 1178 1190 1199 1208 1210 1249 1255 1263 1267 1319 1334 1357 1378 1380 1391 1442 1492 1510 1527 1536 1537 1564 1613 1624 1695 1697 1721 1722 1726 1734 1737 1750 1768 1794 1812 1822 1873 1897 1911 1917 1999 2047,CCNC(=O)CN(CC(=O)O)C(=O)OCCCC/C(=C/C=C/1\C(=CC=CC1=NC(=O)C(=O)NCC)C)/N(CC(=O)O)C(=O)OCNCC
1003,CC(C)=CCOC(=O)OCCN(CCNC(=O)NCCNC(=O)OCCO)C(=O)O,13 80 99 145 147 197 222 245 389 425 470 473 479 501 627 636 650 667 687 694 695 765 789 807 824 858 881 903 932 978 1017 1057 1147 1152 1153 1209 1249 1256 1257 1277 1280 1328 1369 1482 1485 1494 1557 1582 1614 1668 1758 1776 1803 1810 1917 1951 1952 1955 1989 2011 2020,CC(=CCO/C=C/OC(=O)NCCN(CCNC(=O)NCCOC(=O)OCCO)/C(=C/OC(=O)OCCO)/C(=O)C)C
1004,CC(C)(C)CCCCN1C(=O)C2=C(C1=O)c1ccccc1CCC2,44 80 114 160 247 314 348 352 386 392 556 588 624 633 650 685 726 747 778 860 879 882 892 893 926 935 961 984 997 1017 1020 1028 1038 1057 1088 1089 1145 1199 1236 1272 1308 1380 1381 1399 1470 1516 1594 1639 1705 1708 1738 1750 1821 1857 1865 1873 1911 1939 1973 2015,CC(C)(C)CCCCN1/C(=C/2\C3=CC=CC=C3CCCC4=CC=CC=C42)/C(=C/5\CCCC6=CC=CC=C65)/C(=O)N(C1=O)CN7C(=O)C8=C(C7=O)CCC8
1005,O=C(c1cccc2sc3nnc(N4CCCC4)n3c12)N1CCc2ccccc21,20 24 52 65 162 177 221 269 343 378 383 407 461 548 549 552 583 633 650 668 674 675 680 765 787 807 817 885 912 926 935 1028 1039 1088 1103 1164 1199 1236 1295 1322 1365 1371 1380 1387 1401 1421 1426 1440 1447 1480 1504 1511 1647 1705 1708 1738 1750 1823 1873 1888 1895 1917 1991 1998,C1CCN(C1)C2=NN=C3N2C4=C(C=CC=C4S3)C(=O)N5CCC6=CC=CC=C65
1006,CN1C(=O)NC(COc2ccccc2)C1C(F)(F)c1cc2ccc1s2,13 51 80 102 114 162 202 301 314 322 340 414 419 556 561 562 604 650 675 695 699 749 785 828 875 878 885 935 1019 1026 1057 1088 1114 1126 1136 1145 1181 1190 1199 1210 1250 1350 1380 1414 1452 1453 1529 1539 1708 1750 1839 1873 1916 1928 1998 2026 2039,CN1C(C(C(NC1=O)COC2=CC=CC=C2)COC3=CC=CC=C3)C(C4=CC5=C(S4)C=CC(=C5)F)(F)F
1007,CC#CC(=O)N1CCC(C)(C)CC1,190 252 301 351 562 590 615 638 650 674 751 807 888 892 926 935 1057 1060 1093 1141 1162 1168 1206 1227 1274 1339 1430 1480 1487 1521 1531 1563 1599 1693 1770 1786 1862 1897 1917 2003 2009 2025,CC#CC(=O)N1CCC(CC1)(C)C(=O)[N+]2(CCC(CC2)(C)C)C(=O)C#CC(=O)N3CCC(CC3)(C)C
1008,CC(C)(C)OC(=O)N[Si](C)(C)C,41 107 114 179 184 231 290 308 378 392 399 559 650 656 686 693 695 741 774 807 822 849 1017 1040 1057 1086 1152 1174 1347 1434 1486 1574 1615 1672 1703 1758 1859 1917 1964 1999,[B]C1=C(C(=C(C(C)(C)O[Si](C)(C)C)O[Si](C)(C)N[Si](C)(C)C)C(=O)N[Si](C)(C)C)C(C1=[Si](C)(C)C)([Si](C)(C)C)[Si](C)(C)NC(=O)OC(C)(C)C
1009,CC(C)(C)CCCCN1C(=O)C2=CC=C(C2=O)C1=O,27 67 80 114 142 287 305 314 320 384 392 423 523 588 593 610 624 628 650 664 685 778 788 820 860 879 893 928 935 976 997 1057 1090 1104 1130 1145 1167 1184 1237 1249 1279 1308 1380 1394 1447 1470 1472 1476 1532 1538 1772 1831 1873 1909 1911 1985,CC(C)(C)CCCCN1C(=O)C2=CN(C=C3C2=CC=C4C3=CN(C=C4C(=O)C1=O)CCCCC(C)(C)C)CCCCC(C)(C)C
1010,O=C(c1cc2cc3cccnc3nc2[nH]c1=O)N(CCCCN1CCCC1)Cc1ccccc1F,80 110 160 195 263 291 314 320 360 378 448 488 507 560 594 600 608 650 653 699 750 756 807 843 850 875 881 893 926 935 949 978 1010 1028 1032 1043 1068 1087 1088 1102 1114 1145 1152 1199 1221 1224 1264 1272 1310 1344 1380 1422 1452 1480 1481 1482 1519 1524 1580 1597 1599 1669 1745 1750 1791 1840 1855 1857 1866 1868 1873 1911 1917 1918 1928 1951 1991 1998,C1CCN(C1)CCCCN(CC2=CC=CC=C2F)C(=O)C3=CC4=C(N=CC=C4)N=C3NN5C=NC6=C5C=CC=N6
1011,COc1cccc(NC(=O)NC=CC(=O)O)c1,11 31 81 168 184 191 338 389 466 543 562 610 650 694 695 703 727 781 807 841 875 976 978 1039 1057 1088 1146 1152 1162 1239 1380 1410 1532 1562 1719 1750 1768 1816 1831 1873 1917 1930 1972 1989 1990 2015 2039,COC1=CC=CC(=C1)NC(=O)N/C=C/C(=C(/C=C/C(=O)O)\NC(=O)NC2=CC(=CC=C2)OC)/NC3=CC(=CC=C3)OC
1012,COc1ccc(C(=O)N2CCCC2)cc1S(=O)(=O)N1CCC(N2CCC3(CCCOC3=O)C2=O)CC1,37 94 101 110 136 143 198 249 255 283 314 321 350 362 366 369 392 401 441 442 497 518 558 585 618 650 656 684 695 800 807 841 847 866 875 926 935 942 943 950 966 997 1019 1028 1057 1060 1131 1135 1146 1162 1171 1226 1285 1325 1380 1385 1428 1439 1459 1462 1476 1480 1504 1522 1536 1561 1662 1697 1750 1766 1853 1873 1903 1910 1917 1949 1970 1998 2009 2024 2035,COC1=C(C=C(C=C1)C(=O)N2CCCC2)S(=O)(=O)N3CCC(CC3)N4CCC5(C4=O)CCCOC5=O
1013,O=C(NC1=CCCN(CCOc2ccccc2)C(=O)CC1)c1ccc(CN2CCCC2)cc1,11 13 25 80 102 123 127 155 191 278 310 314 322 370 475 486 526 562 650 664 695 713 760 784 798 807 809 823 843 888 926 935 977 1028 1032 1034 1039 1047 1088 1089 1145 1147 1152 1157 1189 1199 1219 1380 1385 1422 1452 1480 1591 1656 1665 1683 1685 1697 1706 1738 1750 1754 1765 1771 1773 1781 1791 1795 1816 1825 1832 1860 1861 1868 1873 1917 1955 1959 1998,C1CCN(C1)CC2=CC=C(C=C2)C(=O)NC3=CCCN(C3=O)CCOC4=CC=C(C=C4)CN5CCC=C6C5=CCCN6CCOC7=CC=CC=C7
1014,CCN(C)C(=O)C1C(C(=O)Nc2cc[si]3cccc(C)c3n2)NC(=O)N1CC(C)(C)C,80 88 114 129 212 231 253 270 294 301 314 334 378 391 392 465 554 567 604 621 632 650 652 654 669 689 776 807 845 881 900 932 935 997 1019 1029 1055 1057 1069 1088 1099 1114 1133 1152 1163 1267 1275 1348 1380 1391 1430 1461 1500 1562 1607 1618 1640 1722 1728 1730 1746 1750 1753 1758 1775 1811 1816 1855 1873 1892 1917 1929 1977 1994 1999,CCN(C)C(=O)C1C(NC(=O)N1CC(C)(C)C)CC2CC(=O)N(C(=N2)NC(=O)C3C(NC(=O)N3O)C(C)(C)C)CC(C)(C)C
1015,CCOc1ccc(N=Cc2ccccc2)cc1,36 69 75 80 102 199 202 219 237 270 281 290 294 322 389 406 623 694 695 714 718 725 864 880 925 956 1057 1078 1088 1172 1199 1238 1353 1380 1381 1452 1625 1664 1666 1750 1809 1854 1873 2033,CCOC1=CC=C(C=C1)N=CC2=C(C(=CC3=CC=CC=C3)C2=CC4=CC=CC=C4)N=CC5=CC=C(C=C5)N=CC6=CC=CC=C6
1016,CC(NS(=O)(=O)c1ccc(Cl)cc1)C(=O)N1CCCCC1,1 2 83 97 159 175 216 283 319 350 368 369 502 514 556 561 650 715 807 816 819 839 883 926 929 935 989 1028 1046 1057 1070 1152 1280 1380 1469 1476 1480 1527 1530 1543 1664 1665 1683 1738 1750 1873 1917 1926 1935 1941 1998 2009,C[C@@H](/C(=C/1\CCN(N1C(=O)N2CCCCC2)C(=O)N3CCCCC3)/S(=O)(=O)C4=CC=C(C=C4)Cl)NS(=O)(=O)C5=CC=C(C=C5)Cl
1017,COC(=O)C1C2CCC3CCCCC3(C)CCCCN2C(=O)N1C(=O)C=Cc1ccc(C)cc1,25 31 41 42 71 75 84 92 105 132 157 235 243 314 330 343 372 470 492 528 534 600 609 627 634 650 666 676 684 694 695 776 807 835 838 841 878 890 911 926 935 993 1019 1028 1037 1060 1084 1152 1162 1274 1278 1308 1321 1325 1380 1424 1480 1638 1689 1702 1712 1722 1750 1823 1873 1912 1917 1920 1961 1962 1967 1980 1998 2012 2033,C1CCN2C(C1)CCC3C24CC(CC3)(C(N4C(=O)/C=C/C5=CC=C(C=C5)C)C(=O)OC)C(=O)N6C7CCC8CCCCC8(C7C(=O)OC)C
1018,COc1ccc(C(=O)N(CC2CCCCC2)C(=O)c2c(OC)c3cc4cc-3sc24)cc1,2 29 62 80 131 153 162 177 215 284 322 333 352 484 487 549 557 569 586 587 627 645 650 666 675 695 718 749 768 781 807 831 834 841 875 881 890 906 926 986 997 1019 1028 1057 1095 1136 1144 1196 1221 1295 1325 1353 1380 1385 1461 1470 1528 1536 1573 1599 1616 1627 1648 1649 1697 1750 1808 1855 1873 1917 1947 1949 1959 2031,COC1=CC=C(C=C1)C(=O)N(C(=O)C2=C3C(=CC(=C2OC)C4=CC5=C(S4)C(=C(C(=C5)C6=CC(=[N+]=COCC7CCCCC7)C=C6)OC)OC)C=C(S3)OC)N(CC)C
1019,Cc1nc2c([nH]1)C(O)C(O)C1NC(=O)N2C(=O)C1O,5 21 121 130 142 164 220 226 284 301 314 335 378 394 398 511 591 653 721 728 807 830 838 845 858 935 995 1009 1019 1030 1036 1050 1057 1114 1222 1257 1324 1380 1389 1391 1395 1406 1486 1487 1686 1722 1745 1793 1855 2001 2022,CC1=NC2=C(N1)/C(=C/3\C(=C(N3)/C(=C/4\C(C5C(N4)C(C(=O)N5C6=C(C(=C(N6)C)O)O)O)O)/O)O)/N7C(=O)C(C(C7=O)O)O
1020,COc1ccc(C(=O)N2CCCCC2=O)nc1-c1ccccc1S(=O)(=O)N1CCCC1,58 94 136 249 310 314 323 350 352 366 378 392 400 459 539 585 649 650 652 695 707 798 800 807 816 841 842 855 926 935 953 984 992 1028 1057 1084 1088 1182 1184 1199 1203 1215 1247 1296 1380 1387 1396 1439 1440 1470 1476 1480 1504 1507 1536 1572 1573 1738 1750 1756 1855 1873 1917 1970 1976 1998 2017,COC1=C(N=C(C=C1)C(=O)N2CCCCC2=O)C3=CC=CC=C3S(=O)(=O)N4CCCCC4=C5CCCCN5C(=O)C6=NC(=C(C=C6)OC)C7=CC=CC=C7S(=O)(=O)OC
1021,CCCN1CCN(C(=O)C2=CC=CN(CCN3CCCOC3=O)S2(=O)=O)CC1,74 80 110 165 202 207 274 294 314 339 347 441 469 519 563 603 604 608 612 650 656 666 765 778 794 807 820 862 926 935 938 942 950 990 1028 1048 1057 1070 1089 1123 1145 1249 1367 1380 1395 1398 1480 1482 1504 1548 1549 1567 1573 1589 1716 1768 1791 1840 1855 1857 1873 1913 1917 1945 1961 1971 2009 2016,CCCN1CCCOC1=O
1022,O=C1c2c(F)ccc(C(F)(F)F)c2CN1c1ccccc1,1 114 118 157 216 256 262 314 352 361 389 401 473 499 623 627 650 658 698 699 752 769 793 796 809 837 879 926 933 935 1033 1049 1053 1088 1133 1199 1310 1370 1380 1418 1427 1453 1457 1477 1523 1614 1674 1747 1750 1782 1825 1840 1845 1873 1894 1896 1928 1939 1946,C1C2=C(C=CC(=C2C(=O)N1C3=CC=CC=C3)F)C4=C(N(N(C4=O)C5=CC=CC=C5)N6CC7=C(C=CC(=C7C6=O)F)C(F)(F)F)C(F)(F)F
1023,c1ccc(OCCNC(=Nc2cccnc2)c2ccccc2)cc1,13 80 97 102 103 197 260 289 322 378 389 405 430 437 490 544 562 640 642 649 650 667 695 725 728 766 807 845 948 1017 1034 1043 1086 1088 1135 1152 1199 1209 1219 1284 1289 1349 1358 1380 1385 1452 1535 1575 1586 1587 1603 1613 1750 1790 1854 1855 1866 1873 1907 1985,C1=CC=C(C=C1)C(=NC2=CN=CC=C2)C(=NC3=CN=CC=C3)C(=NC4=CN=CC=C4)NCCOC5=CC=CC=C5
1024,Cc1ccc(SC(N)=Nc2nc(-c3ccccc3)c3c(C)c2-3)[n+]([O-])c1,38 68 100 116 140 149 172 235 252 276 319 323 350 376 378 381 389 417 444 458 463 471 557 567 573 593 680 699 715 725 736 807 858 865 907 939 957 972 1014 1057 1088 1124 1144 1145 1160 1165 1171 1199 1204 1314 1322 1353 1359 1377 1380 1407 1447 1613 1632 1658 1676 1690 1699 1722 1729 1747 1750 1760 1817 1823 1855 1873 1983 1989,CC1=C[N+](=C(C=C1)S/C(=N/C2=NC(=C(C(=N2)N=C(N)N)C3=C(C(=[N+](C=C3C)[O-])N=C(N)N)C)C4=CC=CC=C4)/N)[O-]
1025,C=CSc1cc(OC(C)=O)ccc1OC,94 116 219 249 298 313 322 555 628 650 694 695 704 718 729 807 829 834 841 875 942 997 1017 1025 1035 1057 1075 1182 1185 1204 1225 1265 1276 1314 1349 1366 1418 1562 1615 1645 1652 1729 1750 1775 1808 1827 1837 1873 1917 1936 1970 1992 2001,CC(=O)OC1=CC(=C(C=C1)OC(=O)C)SCCSC2=C(C=C(C(=C2)OC(=O)C)SC=C)SC=C
1026,COC(=O)CN1CN(c2cccc(OC)c2)C(=O)c2ccccc2C1=O,80 88 129 135 149 195 223 229 268 314 315 322 335 352 500 525 562 650 665 695 769 781 807 841 875 879 926 935 952 984 985 1039 1049 1057 1071 1088 1089 1152 1166 1199 1312 1380 1386 1457 1476 1479 1536 1586 1643 1701 1750 1776 1814 1825 1873 1917 1920 1938 1955 1968 1972,COC1=CC=CC(=C1)N2CN(C(=C3C(=O)C4=CC=CC=C4C3=O)N(C2)CC(=O)OC)C5=CC(=O)C(=O)C(=C6C7=CC=CC=C7C(=O)N6S)OC
1027,Cc1ccccc1-c1nc2n(n1)C(=O)C(C(=O)n1cncn1)=C2c1ccccc1,43 70 121 206 309 314 352 354 378 389 428 476 489 548 550 573 626 650 651 671 712 736 743 761 796 807 872 875 879 932 935 971 978 984 1007 1032 1057 1081 1088 1160 1184 1199 1218 1358 1380 1385 1391 1414 1475 1504 1530 1576 1591 1594 1603 1612 1634 1654 1686 1696 1698 1722 1749 1750 1783 1852 1855 1873 1905 1917 1956 1999 2029,CC1=CC=CC=C1C2=NN3C(=N2)C(=C(C3=O)C4=CC=CC=C4)C(=O)N5C(=CC(=N5)C6=CC=CC=C6C)N7C=NC=N7
1028,CCCCCCN(C(=O)CN1CCCCC1=O)C(=O)N(CC)C(C)=O,80 98 144 191 200 236 253 268 294 310 314 362 492 544 591 648 650 717 733 746 794 798 807 881 917 925 926 932 935 956 957 996 1017 1028 1057 1089 1123 1138 1143 1182 1185 1238 1312 1317 1380 1396 1399 1410 1444 1445 1480 1588 1648 1663 1669 1680 1716 1738 1905 1911 1917 1923 1932 1951 1980 1998 2006 2043,CCCCCCCCCCCCCCCCCN(C(=O)C)C(=O)N1CCCCN1C(=O)N(CC)C(=O)N2CCC(=O)N2C(=O)N(CC)C(=O)CN3CCCC3=O
1029,CSC(=O)NC(=O)N(C)C(=O)CN(C(C)=O)C(=O)c1ccc(C(F)(F)F)cc1,14 37 75 80 114 116 186 193 233 277 306 355 383 385 394 504 522 536 546 587 650 688 807 809 815 881 890 1007 1017 1057 1077 1119 1138 1152 1163 1190 1215 1217 1221 1226 1238 1260 1274 1305 1358 1367 1380 1385 1398 1417 1453 1457 1471 1479 1489 1543 1575 1588 1648 1665 1697 1723 1750 1893 1917 1928 1933 1986 1997 2019 2031,CC(=O)N(C)C(=O)NC(=C1C=CC(=C(SC)SC)C=C1)N(C)C(=O)CN(C(=O)C)C(=O)N(C)C(=O)N(C)C(=O)C2=CC=C(C=C2)C(F)(F)F
1030,N#CCCCCC(=O)NCCCN1CCCCC1,1 2 41 71 77 80 81 197 244 413 493 597 650 653 656 667 674 716 744 790 807 906 926 935 983 1028 1036 1089 1145 1176 1242 1246 1267 1340 1374 1384 1422 1480 1482 1564 1589 1605 1669 1718 1791 1846 1876 1904 1911 1912 1917 1927 1969 1998,C1CCN(CC1)CCCNC(=O)CCCCC#N
1031,CCCS(=O)(=O)c1ccc2ccccc3c(OCCC(=O)OCC)cc=3c2c1,13 24 33 37 80 139 147 203 294 317 319 332 350 481 583 610 612 638 642 650 677 695 715 721 794 807 875 942 954 978 1027 1057 1079 1087 1088 1096 1104 1174 1199 1235 1238 1309 1357 1380 1386 1450 1452 1476 1518 1527 1551 1564 1566 1624 1639 1695 1698 1722 1750 1786 1855 1873 1880 1917 1970 2033,CCCC(=O)S(=O)(=O)C1=CC2=C(C=C3C=C(C=C(C3=C2C=C1)OCCC(=O)OCC)S(=O)(=O)CCC)S(=O)(=O)CCC(=O)OCC
1032,O=C(c1cccc2ccc(Cl)cc12)N1CCCC1,102 161 165 203 216 237 276 279 296 335 362 380 561 650 705 738 807 816 843 875 926 935 942 985 1022 1028 1039 1087 1088 1090 1104 1241 1357 1380 1424 1435 1447 1480 1504 1661 1683 1712 1750 1765 1836 1855 1863 1873 1911 1917 1991 1998 2009,Clc1ccc2cccc(C(=O)N3CC[S+](CC3)CCC[S+](C3=CC=CC4=C3C=C(Cl)cc4)C(=O)N3CCCC3)c2c1
1033,COc1cc2c(cc1C1CCCN(CCNC(=O)N3CCCC3)C1)C2,48 80 170 188 197 218 232 249 257 354 364 369 377 383 440 446 493 552 572 586 644 650 667 684 695 712 714 739 751 762 771 772 795 807 836 841 869 875 926 935 937 946 1006 1019 1027 1028 1057 1058 1079 1145 1152 1231 1236 1325 1380 1422 1468 1480 1500 1536 1564 1666 1673 1710 1791 1803 1873 1917 1943 1970 1998 2000 2009,COC1C(C2=C(N1CCNOC)CC3=CC(=C(C=C3C2)C4CCCN(C4)C(=O)NCCN5CCCC5)OC)(OC)OC
1034,COC(=O)N1CCN(C(=O)C2=CC=C3N=C(C)N=C3C2=O)CC1,10 136 235 262 314 332 378 414 509 535 571 576 584 608 614 650 695 720 724 745 803 807 841 926 927 935 942 954 1057 1065 1146 1152 1224 1249 1258 1275 1285 1326 1380 1413 1443 1476 1480 1496 1504 1567 1578 1589 1641 1681 1722 1767 1845 1873 1917 1994 2008 2009,CC1=CC=C(C(=O)C(=N1)C(=O)N2CCN(CC2)C(=O)OC)C(=O)NN3C(=O)C=NN4C3=NC(=CC=C4C)C
1035,COc1cc2ccccc2c(OC)c1NC(N)=O,10 14 30 140 179 217 249 308 333 381 387 438 520 650 680 695 771 785 807 836 841 848 854 875 885 942 944 995 1057 1087 1088 1094 1114 1142 1152 1171 1196 1199 1220 1329 1357 1369 1373 1380 1439 1526 1536 1573 1599 1750 1812 1816 1855 1873 1917 1970 2024,COC1=CC2=CC=CC=C2C(=C1NC(=O)N)O[Si]O[Si]O[Si]OC3=C(C4=CC=CC=C4C(=C3OC)NC(=O)N)OC
1036,CC1CSCCC1NC(=O)NC(=O)Nc1ccccc1,191 250 308 354 387 389 398 492 524 538 616 650 675 703 719 771 789 807 844 848 849 863 926 1019 1057 1077 1088 1119 1128 1133 1152 1166 1199 1309 1325 1380 1403 1423 1456 1543 1657 1750 1816 1828 1859 1873 1892 1917 1979 1989 1990 2009,CC1CSCCC1NC(=O)NC(=O)NC2CSCCC2NC(=O)NC3=CC=CC=C3
1037,Cc1ccc2c(c1)C(=O)OC(=O)c1ccccc1O2,6 86 235 254 314 352 363 371 445 453 473 484 521 536 650 656 823 875 955 984 1013 1033 1035 1057 1088 1113 1161 1199 1219 1292 1370 1380 1481 1485 1550 1722 1750 1753 1783 1784 1810 1823 1873 1905 1958 1975,CC1=CC2=C(C=C1)OC3=C(C2=C4C5=CC=CC=C5OC4=C6C7=CC=CC=C7OC6=O)C=C(C=C3)C
1038,Cc1ccc(-c2ccc(C(=O)c3ccccc3)cc2)c(=O)n1CN1C(=O)Cc2ccccc21,9 80 87 105 160 222 300 314 352 386 389 452 465 504 541 581 588 601 650 680 798 802 807 819 883 896 926 935 982 1029 1057 1088 1101 1138 1152 1160 1182 1183 1199 1209 1211 1236 1287 1295 1334 1380 1385 1417 1449 1502 1561 1564 1572 1589 1647 1681 1697 1708 1722 1750 1775 1873 1917 1980 1985 2014,CC1=CC=C(C(=O)N1CN2C(=O)CC3=CC=CC=C32)C4=CC=C(C=C4)C(=O)C5=CC=C(C=C5)C6=CC=C(N(C6=O)O)NN7C=CC=C(C7=O)C
1039,COC(C(=O)N1CCCNC1=O)=C(O)c1cc(C(F)(F)F)ccc1OC,82 85 94 114 122 163 231 235 249 270 305 314 315 318 343 375 389 414 535 594 650 695 807 809 810 841 875 899 919 926 935 944 1028 1057 1110 1114 1150 1152 1208 1215 1260 1290 1298 1300 1302 1380 1387 1411 1417 1430 1453 1480 1522 1536 1606 1635 1665 1706 1727 1746 1750 1866 1873 1917 1921 1928 1970 1977 1991 2019 2022,CNP1(=C(C2=C(C=CC(=C2)C(F)(F)F)OC)C(=O)N3CCCNC3=O)C(=C(C4=C(C=CC(=C4)C(F)(F)F)OC)C(=O)O)N1C(=O)O
1040,CN(C(=O)Nc1ccccc1)c1nc(-c2ccccn2)nc2ccccc12,14 46 54 57 191 193 249 259 264 289 378 389 448 466 472 478 527 629 650 689 703 766 807 827 843 881 961 980 1027 1057 1077 1086 1088 1097 1152 1155 1163 1199 1232 1309 1324 1357 1380 1385 1386 1427 1452 1508 1573 1585 1687 1716 1750 1769 1816 1851 1855 1861 1866 1873 1917 1943 1953 1985,CN(C1=NC(=NC2=CC=CC=C21)C3=CC=CC=N3)/C(=C(/C4=CC=CC=C4)\[Se]C5=NC(=NC6=CC=CC=C65)C7=CC=CC=N7)/NC8=CC=CC=C8
1041,CS(=O)(=O)N1CCCCC1CCCc1[nH]c2ncc3cccc2c13,33 80 90 143 184 342 350 353 354 377 378 391 503 546 650 688 692 731 744 770 794 832 834 849 877 890 926 935 955 966 1001 1019 1025 1028 1034 1039 1057 1087 1088 1114 1122 1142 1152 1243 1246 1287 1325 1357 1361 1367 1380 1412 1417 1442 1452 1476 1480 1530 1531 1535 1552 1573 1657 1745 1750 1777 1800 1855 1873 1911 1983 1984 1996 1998 2021,CS(=O)(=O)N1CCCCC1CCCC2=C3C4=CC=CC5=CN=C(N=C54)NC(=C3N2)CCCC6CCCCN6S(=O)(=O)C
1042,Cc1ccccc1-c1cc(S(=O)(=O)Nc2ccccc2S(C)(=O)=O)c(C)s1,62 162 167 257 313 348 350 352 366 392 410 502 541 561 650 672 675 692 700 806 875 984 992 1051 1057 1088 1152 1197 1199 1224 1270 1276 1314 1380 1391 1476 1519 1527 1530 1649 1696 1722 1750 1790 1799 1854 1873 1923 1986 1996 1999 2034,CC1=CC=CC=C1S(=O)(=O)NC2=CC=CC=C2S(=O)(=O)NC3=C(SC(=C3)C4=CC=CC=C4S(=O)(=O)C)C5=CC(=C(S5)C)Cl
1043,CCCCCNC(=O)c1ccc(C(=O)NCCN2CCCC2)c2ccc(C#N)cc12,8 29 67 80 102 105 113 197 294 299 305 431 486 500 552 586 591 592 610 643 650 667 674 714 790 794 807 825 875 926 932 935 988 1028 1046 1057 1136 1145 1152 1247 1317 1342 1357 1359 1366 1384 1401 1422 1444 1480 1482 1613 1616 1618 1660 1673 1706 1733 1750 1791 1873 1876 1911 1917 1954 1975 1991 1998,CCCCCNC(=O)C1=C2C=C(C=CC2=C(C=C1)C(=O)NCCN3CCCC3)C#N
1044,CCCCCCCCCOC(N)=O,13 80 120 140 147 294 299 447 536 554 580 591 606 640 650 695 735 794 807 1057 1075 1077 1107 1124 1143 1171 1249 1444 1511 1546 1578 1659 1734 1911 1917 1987,CCCCCCCCCCCCCCCCCOC(=O)N
1045,O=C(OCCc1c(Br)ccc2[nH]c3ncc4nc(ccc4c3-c3ccccc3)c12)c1ccc(O)c(Cl)c1,0 13 31 80 115 119 121 145 147 156 157 307 316 347 366 378 389 422 469 503 561 596 624 643 650 695 728 736 763 776 807 833 873 875 894 922 952 961 1015 1023 1032 1088 1097 1114 1152 1160 1199 1225 1243 1257 1287 1300 1357 1380 1385 1440 1452 1475 1476 1486 1520 1522 1535 1560 1592 1602 1607 1631 1657 1683 1697 1712 1733 1745 1747 1750 1815 1855 1873 1917 1939 1948 1984 2034 2035 2041,C1=CC=C(C=C1)C2=C3C4=CC(=NC=C4N=C3NC5=C2C6=C(C=C5)C(=C(N6)Br)CCOC(=O)C7=CC(=C(C=C7)O)Cl)C(=O)OCCOC(=O)C8=CC(=C(C=C8)Br)Cl
1046,COc1cc(S(=O)(=O)N2CCCC3(C)C2CC(Cc2cccn2C)C3S(=O)(=O)O)ccc1Br,58 80 95 111 136 166 189 200 226 249 271 319 322 329 337 350 352 354 458 496 542 592 614 630 650 688 695 707 710 715 728 800 802 807 833 841 875 926 935 954 1019 1028 1057 1060 1088 1101 1145 1162 1225 1227 1274 1292 1305 1354 1380 1409 1420 1449 1459 1476 1477 1480 1536 1568 1631 1643 1656 1665 1674 1729 1744 1748 1750 1760 1767 1847 1873 1875 1896 1970 2028,CC1(C2(CCCN(C2CC(C1(C)C)CC3=CC=CN3C)S(=O)(=O)C4=CC(=C(C=C4)Br)OC)CS(=O)(=O)N5CCCC5S(=O)(=O)O)C
1047,COc1cc(F)cc2ccc3c4csc3nc(cc(F)c12)NC(=O)C4,81 116 199 203 241 249 314 335 378 511 516 552 561 630 650 675 695 699 767 832 841 844 875 888 926 997 1014 1015 1057 1060 1097 1114 1139 1162 1170 1221 1236 1251 1257 1275 1279 1345 1348 1357 1380 1394 1530 1536 1564 1567 1575 1609 1651 1670 1677 1678 1724 1733 1750 1770 1840 1850 1855 1873 1884 1908 1928 1964 1970 1984,COC1=CC(=CC2=C1NC3=C4C(=CSC4=NC5=C3C=C2)C=CC6=CC(=C7C(=C65)C=CC(=O)N7)F)F
1048,CC(C)(C)C(=O)N1C(=O)SCCCCCCCC(C)(C)C1=O,2 37 114 125 145 157 195 255 270 314 392 416 461 477 650 675 776 789 807 863 912 926 931 935 953 1028 1057 1060 1070 1104 1144 1162 1218 1274 1349 1380 1462 1556 1578 1594 1633 1638 1649 1691 1734 1794 1830 1876 1917 1937 2009,CC1(CCCCSC1=C2C(=C3SCCCCS3)C(=O)N(C2=O)C(=O)C(C)(C)C)CC4(CCCCC4)C(=O)C(C)(C)C
1049,C=C(c1cccc(C(=O)O)c1C=C1C=C(C(=O)O)c2ccccc2N1)C(F)(F)F,67 84 112 114 142 169 201 281 288 350 352 389 401 414 420 433 456 490 548 650 658 694 698 753 807 841 852 879 890 899 920 936 972 984 1022 1030 1039 1047 1060 1069 1088 1101 1114 1199 1267 1351 1366 1380 1447 1453 1460 1470 1557 1645 1715 1750 1866 1873 1899 1910 1917 1928 1967 1982 1991 2002 2016 2017,C=CC(C1=CC=CC=C1C2=C/C(=C/C3=C(C=CC(=C3/C=C/4\C5=CC=CC=C5N4)C(=O)O)C(=O)O)/NC6=CC=CC=C26)(C(=C)C(F)(F)F)C(F)(F)F
1050,CN(COCCNS(=O)(=O)C(=Nc1cccc(F)c1)c1cccnc1)S(=O)(=O)c1cc2ccc1cc2,13 57 62 80 137 145 173 179 203 213 230 233 302 309 350 378 392 419 424 437 557 596 650 667 695 699 725 764 807 810 815 844 875 881 889 893 895 983 985 1022 1039 1043 1057 1059 1065 1086 1152 1157 1163 1168 1174 1270 1334 1335 1352 1362 1380 1385 1397 1476 1484 1487 1526 1535 1572 1586 1603 1613 1626 1670 1701 1739 1750 1756 1762 1822 1824 1845 1854 1855 1866 1873 1885 1928 1962 1985 1992 2014,CN(COCCN/C(=N\C1=CC(=CC=C1)F)/[Se]C2=C(C=C3C=CC(=CC3=C2)F)S(=O)(=O)N(C)OO)S(=O)(=O)C4=CN=CC=C4
1051,Cc1ccccc1NS(=O)(=O)Nc1cc[nH]c1,94 136 143 146 191 207 263 276 288 320 350 458 506 531 650 655 658 696 758 887 986 1057 1068 1083 1088 1104 1145 1152 1199 1224 1270 1300 1380 1391 1476 1506 1598 1696 1715 1722 1750 1873 1879 1895 1999,CC1=CC=CC=C1NS(=O)(=O)[N-]S(=O)(=O)NNC2=CC=CC=C2[Si]3(C=CN(C=C3)C)NC4=CNC=C4
1052,CCC(=O)c1cccnc1-c1nc(CC)[nH]c(=O)c1C=CCCCC1CCCCC1,2 29 36 44 63 80 83 114 146 259 284 294 309 314 315 323 350 378 401 422 437 448 484 571 610 633 650 681 694 704 712 750 775 807 832 835 890 898 919 926 936 956 1019 1028 1039 1043 1057 1088 1114 1236 1325 1356 1380 1428 1447 1452 1693 1745 1750 1783 1796 1799 1855 1866 1873 1904 1911 1917 1991 2007,CCC1=NC(=C(C(=O)N1)/C=C/CCCC2CCCCC2)C3=C(C=CC=N3)C(=O)CC
1053,CCCCN(CCC#N)C(=O)NC1=C2C=CN=C(S1)N2c1ccccc1,80 81 89 193 244 294 348 364 378 389 407 413 425 522 547 563 591 606 630 650 674 675 738 779 790 791 794 807 827 830 841 863 881 883 896 935 978 1008 1049 1057 1088 1089 1131 1152 1176 1199 1272 1275 1380 1384 1392 1419 1422 1523 1553 1677 1686 1695 1750 1754 1792 1816 1825 1873 1879 1911 1917 1951 1955 2038 2044,CCCCN(CCC#N)C(=O)NC1=NN(/C(=C/2\C=CN=C3N2C4=CC=CC=C4)/S1)C5=CC=CC=C5
1054,CCCN1CCN(c2nncc3c(OCC)cc4ccccc4c23)C1=O,37 80 83 92 130 133 187 237 281 294 295 314 360 368 371 378 408 425 440 458 487 530 554 650 695 705 711 772 794 795 811 820 831 836 844 875 904 926 935 937 1057 1087 1088 1089 1142 1145 1164 1190 1199 1238 1248 1288 1357 1376 1380 1395 1452 1457 1480 1535 1573 1630 1688 1750 1764 1779 1855 1873 1970 1984,CCCN1CCN(C1=O)C2=C3C(=CN=N2)C(=CC4=CC=CC=C43)OCN5CCN(C5=O)C6=NC7=CC=CC=C7C8=C6C(=CN=N8)OCC
1055,Cc1nnc(Sc2ccccc2-c2ccc3[nH]c(cc(Cl)c2)[nH]c3=O)n1-c1ccccn1,7 64 109 116 119 183 184 216 314 352 377 378 448 527 530 552 561 592 650 700 747 750 819 831 875 879 896 917 925 934 935 984 1025 1030 1056 1057 1088 1114 1120 1155 1160 1164 1190 1199 1313 1331 1347 1414 1424 1443 1449 1452 1646 1683 1722 1736 1745 1747 1750 1770 1866 1873 1921 1934 1936 1939 1993,CC1=NN=C(N1C2=CC=CC=N2)SC3=CC=CC=C3C4=CC5=C(C=C4)NC(=O)C6=C5C(=O)N(N=N6)C7=CC(=CC(=C7)Cl)Cl
1056,CCCN(C(C)=O)c1ncc(Sc2ccccc2)c2c(NC(=O)C3CC3)cccc12,27 80 81 89 102 116 156 259 270 294 296 302 378 389 397 424 455 479 552 624 650 689 750 783 785 794 807 811 846 881 898 926 968 974 1017 1019 1025 1039 1047 1057 1067 1083 1088 1092 1152 1174 1199 1224 1275 1294 1325 1336 1346 1357 1380 1429 1452 1464 1520 1535 1573 1588 1689 1696 1703 1745 1750 1761 1802 1815 1816 1873 1917 1951 1984,CCCN(C1=NC=C(C2=C1C=CC=C2NC(=O)C3CCC(C=C3)C(=O)NC4=CC=CC5=C4C=CC=C5NC(=O)C6CC6)SC7=CC=CC=C7)C(=O)C
1057,Cc1ccc2c(n1)SC2=NNS(=O)(=O)c1ccccc1,44 116 141 244 306 319 350 352 369 371 378 389 394 438 502 520 534 575 623 650 675 680 725 737 883 930 953 1012 1057 1088 1089 1114 1124 1152 1199 1238 1299 1339 1380 1476 1604 1659 1722 1724 1731 1750 1780 1784 1793 1812 1839 1855 1873 1901 1937 1979 2044,CC1=NC2=C(C=C1)C(=NNS(=O)(=O)C3=CC=CC=C3)SC4=C2N=C(NS4)SC
1058,O=C1C=C(Cl)C=C1c1ccccc1O,47 84 94 198 255 263 314 336 352 355 385 400 491 561 635 650 678 726 747 776 807 845 914 984 1131 1167 1199 1380 1398 1488 1602 1607 1610 1662 1683 1747 1750 1831 1873,C1=CC=C(C(=C1)C2=CC(=CC(=C2C3=CC(=O)C4=C(C=C(C=C34)Cl)C5=CC=CC=C5O)O)Cl)O
1059,CN1CCCN(CC(=O)Nc2ccc(S(=O)(=O)Nc3ccc(Cl)c4c5ccc(cc5)c34)cc2)C1=O,4 33 41 80 92 172 191 203 255 314 319 350 366 467 502 515 533 540 555 561 650 666 691 715 725 736 793 796 807 843 858 883 901 926 935 1028 1057 1077 1083 1089 1123 1145 1152 1156 1212 1224 1270 1284 1299 1312 1342 1380 1395 1476 1480 1683 1693 1750 1790 1816 1844 1855 1856 1873 1917 1984,CN1CCCN(C1=O)CC(=O)NC2=CC=C(C=C2)S(=O)(=O)NC3=C4C(=CC=C(C4=C(C=C3)Cl)Cl)NS(=O)(=O)C5=CC=C(C=C5)NC(=O)CN6CCCN(C6=O)C
1060,CCNC(=Nc1ccccc1)Sc1cccnc1N,80 116 145 167 171 197 294 377 378 389 448 458 477 575 702 723 725 733 807 860 866 915 1025 1043 1057 1086 1088 1152 1165 1171 1199 1218 1245 1291 1303 1380 1419 1452 1457 1459 1479 1482 1607 1613 1624 1726 1750 1777 1780 1808 1811 1854 1866 1873 1933 1985 2013,CCNC(=NC1=CC=CC=C1)S/C(=C(\C2=CC=CC=C2)/SC3=C(N=CC=C3)N)/SC4=NC=CC=N4
1061,CCN(C)c1cc(OC)ccc1CN1c2ccccc2C=C(c2ccccc2)S1(=O)=O,8 25 26 64 80 84 142 172 207 266 294 303 322 347 364 386 389 392 469 650 679 695 698 713 718 729 736 740 781 819 863 875 881 932 935 942 974 990 1032 1057 1058 1088 1100 1101 1125 1150 1160 1163 1199 1295 1325 1349 1380 1384 1448 1515 1536 1605 1647 1651 1664 1741 1750 1765 1873 1877 1920 1972 2006 2018,CCN(C)C1=C(C=CC(=C1)OC)CN2C(=CC3=CC=CC=C3N(S2(=O)=O)CC4=C(C=C(C=C4)OC)N(C)C)N(C)C
1062,Cc1ccc([N+](=O)c2cc3c(C)c4c5ccc(cc5C=C3N3CCCCCCCCCC3)c24)cc1,2 24 84 199 203 218 235 239 252 280 352 397 407 412 419 444 464 517 566 650 676 680 706 716 751 753 795 875 891 926 934 935 936 956 996 999 1023 1028 1057 1106 1121 1138 1153 1274 1281 1286 1328 1333 1357 1358 1380 1396 1448 1468 1480 1506 1653 1654 1722 1733 1750 1796 1814 1823 1855 1859 1873 1920 1963 1984 1998,CC1=CC=C(C=C1)[N+](=O)C2=CC3=CN(C=C3C=C2)[Si]4(C5=C(C=CC6=C5C7=C(C=C6)C(=CN7[NH2+]C8=CC=C(C=C8)C)N9CCCCC9)C=C4N1CCCCC1)N1CCCCCC1
1063,CN(CCCCCN1CCCCC1)c1ncnc(=O)n1C,2 80 112 222 279 314 318 378 416 489 516 545 564 582 599 650 653 665 679 881 893 926 935 950 986 1028 1034 1049 1057 1061 1079 1101 1143 1145 1163 1209 1224 1317 1380 1399 1422 1452 1480 1482 1581 1669 1674 1725 1791 1810 1867 1873 1887 1911 1951 1998 2002 2038,CN1C=CN(C1=O)N(C)CCCCCCCCCCCCN(C)C2=NC=NC(=O)N2CCCCCN3CCCCC3
1064,C#CC(=O)Nc1ccc(I)cc1C(F)(F)F,79 114 119 197 211 223 262 396 419 493 520 522 650 661 674 713 746 783 807 809 812 840 853 862 875 915 941 947 974 1055 1070 1146 1152 1184 1197 1224 1262 1270 1294 1322 1380 1420 1447 1453 1494 1519 1594 1750 1816 1856 1873 1876 1917 1928,C#CC(=O)NC#CNC(=O)NC1=C(C=C(C=C1)I)C(F)(F)F
1065,CCN(CC(C)C)C(=O)c1nc2c(C)nc1n2OC,1 8 54 80 92 132 142 184 192 236 283 294 362 378 401 469 490 650 695 751 807 839 841 877 878 881 932 935 978 1008 1018 1026 1044 1056 1057 1101 1221 1257 1290 1380 1384 1390 1444 1489 1551 1631 1639 1673 1696 1722 1808 1847 1855 1860 1917 1952 2026,CCN(CC)C(=O)C1=C(N=C2C(=C(N(C2=N1)OC)C)P=[Se])C(=O)N(CC(C)C)CC(C)OP=O
1066,COC(=O)COc1ccccc1Sc1nc(=O)c(-c2ccc(F)cc2)cs1,69 80 90 116 134 195 222 242 314 352 377 378 495 510 524 540 552 587 643 648 650 663 675 695 699 705 716 794 807 841 854 858 896 901 928 939 973 999 1025 1057 1088 1112 1152 1160 1170 1187 1199 1213 1361 1377 1380 1386 1410 1452 1454 1514 1567 1630 1670 1691 1750 1768 1855 1873 1917 1928 1970 2004,COC(=O)COC1=CC=CC=C1SSC2=NC(=O)C(=CS2)C3=CSC(=NC3=O)SC4=CC=CC=C4OCC(=O)OC
1067,COc1c[nH]c2cc(C34CCN(CC(C5CCCCC5)C3)C4=O)cc(F)c12,2 21 119 138 171 249 255 276 314 338 371 407 457 550 556 585 650 660 679 695 699 739 747 761 806 841 875 890 898 909 926 935 939 1019 1023 1028 1038 1057 1060 1114 1139 1162 1171 1213 1226 1250 1325 1330 1380 1396 1418 1480 1531 1536 1561 1627 1651 1702 1748 1820 1840 1873 1879 1928 1937 1938 1945 1946 1970 1984,COC1=C(C=C2C(=C1)NC=C2C34CCN(C3=O)C5(C4)CC(C5)C6CCCCC6)F
1068,c1ccc(C2=NCCCC2)cc1,21 69 127 130 310 313 378 389 503 551 559 603 616 632 652 705 736 747 791 828 881 926 991 1028 1088 1160 1198 1199 1205 1296 1380 1504 1738 1750 1779 1812 1873 1912 1951 1970 1976 1984,C1CCN=C(C1)C2=NCCCC2=NN(CCN(C3=NCCCC3)N4CCC(=NC4)C5=CC=CC=C5)N6CCC(=NC6)C7=CC=CC=C7
1069,CC1(C)c2ccc(c(Cl)c2)OCC1N,66 155 188 194 366 441 447 484 533 556 561 648 656 720 875 926 1009 1019 1035 1047 1057 1058 1060 1061 1115 1127 1153 1158 1163 1171 1195 1201 1274 1369 1446 1499 1607 1683 1750 1778 1832 1846 1865 1873 1905 1923,CC1(C2C(C2N)C(C3C1COC4=C(C3(C)C5=CC(=C(C=C5)OCC(C(C6C(C6N)N)N)N)Cl)C=C4)N)C
1070,Fc1ccccc1-c1nnc(-c2ccccc2)s1,65 82 162 352 378 389 401 428 449 451 675 699 734 736 814 851 868 984 989 1032 1087 1088 1160 1164 1199 1303 1380 1381 1452 1750 1754 1768 1840 1873 1928 1934 2019 2032,C1=CC=C(C=C1)C2=NN=C(S2)C3=CC=CC=C3C4=NN=C(S4)C5=CC=CC=C5C6=NN=C(S6)C7=CC=CC=C7F
1071,CC(=O)N(c1ccccc1)S(=O)(=O)c1ccccc1S(=O)(=O)OCc1ccccc1,77 80 91 122 186 284 288 334 350 378 389 392 496 517 581 602 650 695 745 804 807 815 881 905 992 1013 1017 1057 1066 1088 1096 1102 1195 1199 1276 1294 1324 1331 1380 1392 1406 1454 1476 1531 1588 1641 1653 1726 1750 1754 1786 1789 1794 1815 1825 1873 1893 1917 1941 1945 1956 2003 2008 2042,CC(=O)N(C1=CC=CC=C1)O[Al](COS(=O)(=O)C2=CC=CC=C2S(=O)(=O)N(C3=CC=CC=C3)C4=CC=CC=C4)N(C5=CC=CC=C5)C(=O)C
1072,CCCCCCCCCN1CCN(C(=O)c2ccc(OC)cc2)C1=O,16 80 92 130 294 295 314 322 345 358 371 372 437 441 550 573 591 650 651 718 725 737 781 794 807 831 841 848 849 893 920 926 935 951 1006 1057 1065 1089 1124 1137 1143 1145 1361 1380 1385 1387 1431 1442 1444 1480 1511 1536 1539 1635 1697 1727 1750 1841 1847 1873 1901 1911 1917 1944 1974 1995 2032,CCCCCCCCN1CCN(C1=O)C(=O)[Ge](C)(C)CN2CCN(C2=O)C(=O)N3CCN(C3=O)CCCCCCCC
1073,CCCCCN1CCCN(C(=O)c2c(C)sc3nc(-c4ccc(OC)cc4)nn23)C1=O,16 64 80 92 109 149 162 168 204 215 294 313 314 322 358 371 378 412 482 545 591 618 650 675 685 695 718 781 794 807 831 841 861 885 893 894 896 926 935 938 939 951 1028 1054 1057 1083 1089 1123 1145 1160 1196 1203 1215 1281 1340 1352 1380 1385 1387 1388 1394 1444 1456 1458 1480 1504 1527 1536 1539 1650 1683 1716 1722 1750 1855 1873 1911 1917 1934 1944 1956 1986 2024,CCCCCN1CCCN(C1=O)C(=O)C2=C(N=C3N2N=C(S3)C4=NC(=C(S4)C)C)C5=NC(=C(S5)C)C(=O)C(=O)C6=C(N=C7N6N=C(S7)C8=CC=C(C=C8)OC)C
1074,Cc1nc2c(C)cc3cc2c3nnc2cc3cc2c1cc(Cl)c3S(=O)(=O)N1CCCC1,66 83 92 105 126 141 164 173 183 350 355 366 378 423 499 539 561 585 617 650 749 800 829 867 875 926 930 935 955 1021 1028 1057 1092 1097 1105 1127 1157 1164 1208 1236 1300 1357 1380 1391 1472 1476 1480 1525 1566 1576 1596 1621 1683 1722 1724 1855 1873 1892 1914 1936 1974 1998 2000 2036,CC1=CC2=CC3=C(C=C2C4=C1N=C5C=C(C(=CC5=C4)Cl)S(=O)(=O)N6CCCC6)N=NC7=C3N=C(C(=C7)C)S(=O)(=O)N8CCCC8
1075,c1ccc(C2COc3ccc2cc3)cc1,36 84 96 121 193 208 245 326 389 416 441 477 515 644 654 656 706 731 794 838 872 926 1019 1044 1066 1067 1088 1162 1199 1279 1351 1380 1434 1482 1523 1535 1569 1584 1618 1663 1681 1692 1709 1750 1803 1867 1873 1997 2023,C1OC2=CC=C(C=C2)C3C4=CC=C(C=C4)OCOC5=CC=C(C=C5)C6C(=CC7=CC8=C(O1)OCO8)C=C6OCO3
1076,CCCCCCn1c(C)nc2c1C(=O)c1ccccc1-2,1 2 28 77 80 94 152 190 198 236 257 289 294 308 314 323 352 365 378 496 579 591 650 737 749 794 802 893 917 935 984 1057 1068 1088 1113 1143 1145 1148 1194 1199 1212 1225 1235 1363 1380 1404 1444 1476 1510 1519 1536 1620 1700 1722 1750 1855 1873 1911 1934 1969,CCCCCCCCN1C(=NC2=C1C(=O)C(=O)C3=CC=CC=C32)C([Si]C4=CC=CC=C4)[Si]=[Se]
1077,CC1(C)C2CCC3(C)C4OC(C23)C2C3OC(=O)C(C3O)C2(C)C41,12 21 29 41 50 68 126 141 160 204 220 221 314 382 419 470 483 492 497 519 529 549 632 647 648 650 656 692 733 750 807 826 920 926 939 941 1009 1018 1019 1024 1027 1057 1060 1106 1148 1162 1169 1181 1182 1213 1257 1274 1325 1380 1435 1477 1487 1585 1592 1649 1723 1780 1788 1812 1842 1921 1940 1951 2012,C[C@@]12CC[C@@H]3[C@@H]([C@H]1C(=O)O[C@H]2O)[C@]4([C@@H]([C@@H]([C@@H]5[C@@]3(C4)CC[C@H]6[C@@]5([C@@H]7[C@@H](O7)[C@@H]8[C@@]6(CC[C@H]9[C@@H]8C9(C)C)C)C)O)O)C
1078,Cn1ncnc1Nc1cc([N+](=O)[O-])ccc1N1CCCCC1,2 43 157 196 231 232 289 367 378 405 407 437 489 491 540 569 609 650 680 707 715 753 768 830 838 867 875 902 926 935 1019 1028 1057 1068 1105 1145 1148 1152 1195 1224 1274 1295 1380 1452 1467 1479 1480 1490 1614 1727 1745 1750 1770 1778 1798 1809 1814 1873 1915 1940 1950 1963 1997 1998,CN1C(=NC=N1)NNC2CC(=NN2C)NC3=C(C=CC(=C3)[N+](=O)[O-])N4CCCCC4
1079,O=C(Nc1nc2c3n(c1=O)CCCC=CC=C(O2)c1ccccc1-3)c1ccccc1,39 40 117 246 268 289 314 335 336 347 352 378 389 410 439 486 504 618 650 656 708 719 784 807 816 862 923 926 935 952 978 984 987 1005 1028 1088 1105 1128 1147 1152 1199 1202 1249 1289 1298 1331 1340 1371 1380 1385 1444 1453 1480 1496 1532 1584 1639 1665 1668 1715 1750 1795 1810 1812 1816 1855 1873 1899 1917 1985 2045,C1CC=CC=C(C1)/C(=C\2/C3=CC=CC=C3/C(=C/4\C5=NC(=C(N5CCC/C=C\C=C(\C6=CC=CC=C64)/O)C7=CC=CC=C7)NC(=O)C8=CC=CC=C8)/O2)/O
1080,COc1cc(NC(=O)C2CN(C3CC4(C)C5CCCN4C(=O)CC35)C(=O)O2)cc2ccc(C(F)(F)Cl)cc12,3 34 84 101 109 114 191 192 203 217 231 249 263 309 310 314 446 470 519 525 556 557 608 622 634 644 650 651 656 663 675 679 684 689 695 739 742 750 758 772 798 803 807 836 841 843 868 875 897 902 926 935 943 955 960 1005 1019 1028 1057 1060 1108 1121 1152 1205 1274 1275 1325 1334 1357 1380 1392 1395 1417 1441 1453 1459 1480 1483 1518 1536 1555 1585 1616 1645 1655 1665 1683 1689 1741 1750 1755 1794 1816 1827 1841 1853 1855 1873 1884 1894 1917 1928 1970 2024,CC12CC(C3CC(=CC(C3C1)(C(=O)NC4=CC5=C(C=C4)C=C(C=C5OC)NC(=O)C6C7CCCN7C(=O)O6)OC)OC)N8C2CCC8
1081,COc1ccc2sc(C=CC=Cc3ccccc3N(C)C)nc2c1,85 162 218 253 287 322 352 358 378 382 409 421 432 441 447 570 675 694 695 718 781 783 788 799 835 841 875 881 885 887 961 980 1046 1057 1088 1163 1181 1184 1199 1225 1250 1262 1264 1267 1303 1312 1328 1336 1340 1362 1380 1417 1536 1609 1637 1667 1700 1702 1706 1724 1750 1803 1814 1855 1873 1878 1972 2018,CN(C)C1=CC=CC=C1/C=C/C=C/OC2=CC3=NC4=C(C=C(C=C4N(C)C)OC)SC3=C(S2)C(=C5N=C6C=C(C=CC6=N5)OC)N(C)C
1082,[O-][S+](CCCNCCc1ccc(Cl)cc1)c1ccc(Cl)cc1,10 58 80 216 287 292 310 362 397 475 499 550 561 596 667 715 731 766 770 771 816 941 1004 1045 1070 1152 1169 1180 1243 1281 1322 1380 1418 1507 1683 1745 1750 1754 1799 1826 1842 1863 1873 1900 1911 1965 1982 1991 1992 2037,[S+](CCCNCCc1ccc(cc1)[S+]([O-])CCCNCCc1ccc(cc1)Cl)(CCCNCCc1ccc(cc1)Cl)c1ccc(cc1)Cl
1083,CSc1nc2sc1c(=O)n2CCCCN(C)Cc1ccc(C)c(C#N)c1,14 32 77 80 116 131 162 247 310 314 331 361 371 378 388 394 476 504 507 560 646 650 666 674 675 686 717 790 802 875 881 893 904 935 974 1014 1040 1046 1057 1136 1145 1163 1236 1291 1301 1327 1380 1384 1391 1419 1425 1472 1530 1612 1620 1669 1674 1691 1722 1723 1750 1754 1798 1823 1843 1855 1862 1873 1898 1907 1911 1917 1978 2004,CC1=C(C=C(C=C1)CN(C)CCN2C(=O)C3=C(N=C2SC)N(C(=O)S3)CCCCN(C)CC4=CC(=C(C=C4)C)C#N)C#N
1084,CCN(CC(C)O)c1cc(F)ccc1-c1nc(-c2ccccc2)ccc1-c1ccccc1,1 80 96 139 156 180 206 222 227 248 283 294 323 352 378 389 502 507 540 660 680 699 720 736 807 831 834 875 881 905 913 914 932 980 1009 1025 1057 1088 1090 1105 1160 1199 1257 1258 1380 1410 1487 1615 1670 1687 1750 1842 1855 1860 1871 1873 1928 1971 2018 2036,CCN(CC(C)O)C1=C(N=C(C=C1)C2=CC=CC=C2)C3=C(C=CC(=N3)C4=CC=CC=C4)C5=C(C=C(C=C5)F)N(CC)CC(C)O
1085,Cc1ccc(C(=O)Nc2ccc(-c3ccc4cc3NC4=O)cc2)[nH]1,20 83 97 143 188 191 208 222 314 315 319 333 352 448 486 497 510 527 602 650 680 727 807 843 875 896 904 975 1057 1060 1064 1077 1114 1152 1158 1160 1215 1239 1361 1380 1404 1428 1476 1593 1653 1657 1672 1722 1745 1750 1765 1816 1873 1917 1978 1982,CC1=CC=C(N1)C(=O)NC2=CC=C(C=C2)C3=C4C=CC(=C3)C(=C5C(=O)C(=O)NC(=C5)C)C=C(N4)C(=O)NP=S
1086,COc1ccc(C(=O)C=Cc2cccc(NC(=O)NC(C)Cc3ccccc3OC)c2)cc1,1 10 31 79 80 117 136 141 171 184 191 213 244 249 283 313 322 351 365 392 403 446 524 544 650 694 695 703 718 739 781 807 831 835 841 858 875 1039 1051 1057 1060 1088 1127 1177 1199 1217 1265 1308 1349 1353 1367 1380 1382 1385 1398 1400 1410 1462 1476 1493 1517 1524 1536 1546 1586 1597 1661 1667 1697 1713 1750 1800 1816 1817 1869 1873 1917 1970 1989 1990 2018 2028 2033 2041,CC(CC1=CC=CC=C1OC)NC(=O)NC2=CC=CC(=C2)/C=C/C(=O)/C=C/C3=CC(=CC=C3)NC(=O)NOC4=CC5=CC=C(C=C5)OC
1087,COc1ccc(NC(=O)n2c(CN3CCCC3)c3cc4sc3c2N4)cc1,50 80 85 131 141 162 176 191 218 224 268 322 328 404 504 528 538 570 619 650 656 663 675 695 717 718 758 781 784 807 831 841 843 848 875 907 926 935 939 950 1017 1028 1057 1060 1114 1152 1234 1282 1339 1357 1373 1380 1399 1413 1422 1480 1536 1563 1683 1692 1699 1715 1750 1765 1791 1813 1816 1833 1873 1917 1944 1998,CC(=C1NC2=C3C(=C(N2C(=O)NC4=CC=C(C=C4)OC)CN5CCCC5)C=C(O3)CN6CCCC6)C
1088,CCCN(CC)C(=O)c1ccc(F)cc1,80 90 164 207 255 294 298 321 586 587 650 699 721 726 789 794 807 828 881 904 932 978 1008 1057 1080 1213 1221 1282 1380 1385 1410 1435 1437 1577 1583 1632 1670 1697 1750 1761 1873 1886 1917 1928 1943 1951,CCCN(CCC)C(=O)C1=C(C(=C(C(=C1C(=O)N(CC)CC)C(=O)N(CC)CC)F)C(=O)N(CC)CC)C(=O)N(CC)CC
1089,Cn1cccc1Nc1ccccc1NC(=O)Nc1ccccc1,56 67 95 136 191 203 292 313 389 400 425 491 494 573 577 703 725 755 807 811 828 935 1035 1057 1077 1088 1095 1101 1145 1152 1173 1199 1224 1248 1287 1329 1380 1409 1422 1426 1462 1486 1510 1525 1526 1696 1728 1750 1788 1792 1816 1873 1874 1885 1891 1917 1921 1989 1990 2002,CN1C=CC=C1NC(=NN2C=CC=C2NC3=CC=CC=C3NC(=O)NC4=CC=CC=C4)NC5=CC=CN5C6=CC=CN6C
1090,CCCn1c(=O)n2c(=O)n(c1=O)C(C(=O)NC#N)C2C,80 294 314 404 455 577 642 650 674 689 702 769 771 776 790 794 802 807 814 820 905 916 935 938 949 962 992 1019 1057 1145 1146 1152 1173 1210 1268 1309 1380 1384 1403 1448 1472 1479 1491 1543 1602 1833 1846 1890 1917 1936 2004,CCCN1C(=C(N(C1=O)C2C(N(P2(C3=C(N(C(=O)N3CCC)CCC)O)(C)C)C)C(=O)NC#N)O)O
1091,O=c1[nH]c(=O)c2c(-c3cccnn3)cc3cc4ccccc4cc3c2[nH]1,23 128 151 187 281 314 322 352 353 373 378 423 459 565 650 711 717 750 768 776 866 875 980 997 1028 1043 1048 1088 1114 1164 1199 1334 1342 1344 1357 1367 1380 1414 1415 1516 1529 1530 1569 1610 1667 1690 1745 1750 1773 1851 1855 1866 1873 1914 1984 2004,C1=CC=NN=C1C2=CC3=CC4=C(C5=C3C(=C2C6=NN=CC=C6)NC(=O)NC5=O)NC(=O)C7=C4C(=O)NC(=O)N7
1092,Clc1cccc(NCCNc2nnc3cc(Cl)ccn23)c1,157 165 191 215 216 378 399 437 556 561 592 667 703 788 795 800 819 824 875 892 935 953 959 1039 1077 1088 1101 1128 1137 1152 1153 1164 1205 1286 1380 1416 1469 1517 1549 1667 1683 1695 1713 1725 1750 1782 1873 1909 1928 1930 1962 1969 1996,C1=CC(=CC(=C1)Cl)NCCNC2=NN=C3N2C=CC(=C3)N4C=CN=CN4F
1093,CC(=O)NC(CN(Cc1ccc(C(F)(F)F)cc1)C(=O)c1ccc(C#N)cc1)C(=O)O,1 34 55 72 80 102 114 117 124 130 151 172 245 268 273 305 310 335 352 383 389 471 479 507 566 587 650 674 703 736 790 798 807 809 828 881 883 978 1017 1057 1136 1147 1152 1199 1220 1221 1260 1352 1367 1380 1384 1385 1417 1453 1521 1565 1607 1624 1664 1665 1697 1723 1746 1750 1754 1844 1860 1864 1873 1888 1917 1928 1954 2044,CC(=O)NC(CN(CC1=CC=C(C=C1)C(F)(F)F)C(=O)C2=CC=C(C=C2)C(=O)/C(=C/3\C(=O)C4=CC=C(C=C4)C#N)/S3)C(=O)O
1094,CCCOCCCCCCCCN1C(=O)c2c3c(nc4c2nc-3n4C)CCN(C)C1=O,13 26 47 80 86 92 110 184 205 294 314 378 415 494 499 512 564 588 600 624 650 691 695 743 793 794 806 809 814 828 852 870 879 893 926 935 1043 1049 1057 1064 1065 1103 1112 1132 1143 1145 1168 1249 1325 1352 1362 1380 1470 1480 1529 1549 1562 1590 1649 1677 1680 1693 1696 1722 1724 1738 1747 1855 1911 1948 1992 2009 2027,CCCOCCOCN1C(=O)C2=C(N=C3C(=C2C1=O)C(=NC(=N3)C)C)C
1095,CN(CCN1CCN(C2CCCNC2)S1(=O)=O)c1cc(Cl)cc(Oc2cc(Cl)ccc2F)c1,24 75 80 99 135 161 165 167 190 207 216 240 260 305 322 359 387 469 470 498 500 504 541 561 636 649 650 662 694 695 699 731 742 766 816 875 881 921 925 926 935 941 1008 1019 1028 1057 1080 1096 1101 1114 1117 1145 1163 1170 1218 1261 1275 1290 1308 1322 1325 1351 1380 1391 1399 1407 1414 1425 1471 1480 1567 1571 1583 1590 1624 1683 1716 1747 1750 1840 1873 1910 1919 1928 1951 1970 1983 1993,CN(CCN1CCN(S1(=O)=O)C2CCCNC2)C3=CC(=CC(=C3)Cl)ON4CCN(S4(=O)=O)C5CCCNC5
1096,CN1CCc2ccc(C(F)(F)F)cc2C1,21 112 114 130 158 194 207 242 285 335 356 401 592 646 671 730 809 822 839 875 926 935 974 1057 1086 1145 1236 1260 1362 1380 1396 1417 1453 1465 1480 1522 1524 1592 1665 1730 1738 1750 1793 1862 1873 1888 1928 1946 1980 2013,CN1CCC2=C(C1)C=C(C=C2)C(F)(F)F
1097,COC(=O)C1(C)CCCCC1,2 568 650 695 740 807 833 840 841 926 961 964 1028 1057 1060 1097 1126 1152 1162 1263 1274 1395 1447 1482 1603 1609 1638 1723 1836 1870 1884 1917 1944,CC1(CCCCC1)C(=O)C2(CCCCC2)OC(=O)C(=O)OC3(CCCCC3)C(=O)C4(CCCCC4)C(=O)OC
1098,CCCC(C)(C)CC(=O)Nc1ccc(C(=O)OCC)o1,1 80 90 114 117 138 145 147 167 294 302 310 346 377 392 468 576 578 587 631 650 656 689 691 695 736 759 794 807 918 929 938 1057 1058 1061 1152 1178 1184 1205 1206 1238 1246 1269 1271 1306 1308 1313 1380 1421 1440 1604 1650 1722 1734 1750 1754 1804 1816 1819 1831 1839 1873 1917 1936 1945 2034,CCCC(C)(C)CC(=O)NC(CC(C)(C)CCC)C(=O)NC1=CC=C(O1)C(=O)OCC
1099,COP(=O)(OCCn1c(=O)[nH]c(=O)n(C2C(C(=O)O)OC3C4OC(OC32)C2OC4OC2C)c1=O)OP([O-])([O-])([O-])O,5 13 47 80 86 92 108 109 133 156 169 192 203 204 221 234 263 314 389 407 476 477 486 503 598 601 624 650 656 676 683 689 694 695 715 722 758 760 771 794 802 807 814 834 838 841 924 935 947 952 958 960 962 1009 1019 1044 1057 1066 1114 1145 1167 1214 1244 1253 1268 1309 1331 1380 1421 1431 1502 1503 1507 1542 1627 1670 1699 1716 1745 1763 1853 1854 1914 1917 1921 2031,CC1C(O1)C2C(OC3C(O2)C(OC3C(=O)O)OP(=O)(OC)OCCN4C(=O)C(N(C4=O)C5C(OC6C5OC(O6)OC)C)C(=O)O)C
1100,NS(=O)(=O)NC(=NC(=O)NC(=O)Nc1ccc(Cl)cc1)c1ccccc1,87 111 142 167 191 216 278 289 307 350 389 530 557 561 587 650 651 685 691 725 807 814 816 843 852 909 948 959 1069 1070 1074 1077 1078 1088 1119 1152 1171 1199 1348 1380 1381 1385 1422 1428 1440 1456 1476 1477 1502 1524 1579 1592 1607 1627 1678 1683 1750 1800 1813 1816 1873 1894 1910 1913 1917 1976 1985 1989 1990,C1=CC=C(C=C1)/C(=C\2/C(=N/C(=O)NC3=CC=C(C=C3)Cl)/N4C(=NS(=O)(=O)N)N2NS(=O)(=O)N)/N=C(NC(=O)NC5=CC=C(C=C5)Cl)NS(=O)(=O)N
1101,Cc1ccc(CC(=O)N2CCN(CCCc3ccccc3)CC2)n1C,23 74 80 85 93 117 210 263 325 389 430 564 650 653 687 699 708 710 760 807 835 883 926 935 956 978 1009 1045 1057 1065 1066 1088 1144 1145 1183 1199 1243 1343 1346 1380 1480 1482 1496 1589 1703 1722 1741 1750 1754 1791 1873 1885 1911 1917 1924 2009,CC1=CC=C2N1CCN3C(=CC=C3CC(=O)N4CCN(CC4)CCCC5=CC=CC=C5)N2C
1102,COC=C1c2sc(nc2C(=O)N2CCCC2)N1C,96 161 162 168 247 248 369 378 433 490 508 521 577 650 659 675 681 691 694 695 717 718 771 796 807 821 841 855 882 887 926 935 942 987 1028 1057 1081 1100 1145 1180 1273 1302 1326 1335 1372 1380 1430 1474 1480 1491 1498 1504 1571 1599 1601 1771 1779 1818 1855 1874 1914 1917 1931 1984 1998 2009 2039,CN/C=C\1/C(=C/OC)/N(C2=NC(=C(S2)C3=C(N=C(S3)[N+]4(CCCC4)OC)C(=O)N5CCCC5)C(=O)N6CCCC6)N1C
1103,COc1ccc(C(=O)Oc2c3ccc(c2OC)C(=O)C(C)(C)O3)c(OC(C)=O)c1,67 68 103 140 143 145 161 212 267 304 314 322 324 333 352 384 449 635 650 656 695 718 781 807 841 850 875 885 984 1017 1035 1057 1060 1121 1123 1274 1282 1296 1380 1406 1418 1449 1468 1536 1546 1579 1582 1593 1656 1680 1719 1729 1750 1775 1822 1873 1905 1917 1928 1970 1972 1983 1991,CC(=O)OC1=C(C=CC(=C1)OC)C(=O)OC2=C(OC(C3=C2C4=CC5=C(C=C4OC3(C)C)OC(C5=O)(C)C)(C)C)OC(=O)C
1104,CCN(C(=O)N1CCCC1)c1cc(N=C(S)NC(=O)Nc2ccccc2)ccc1F,80 191 197 202 216 228 229 283 294 316 369 389 585 597 601 643 650 699 703 712 714 720 725 734 783 807 810 811 845 875 881 891 926 932 935 980 1028 1053 1057 1077 1088 1100 1119 1152 1199 1243 1291 1319 1336 1380 1396 1456 1479 1480 1485 1613 1692 1707 1750 1816 1840 1854 1873 1917 1928 1989 1990 1998 2009 2018,N1(/C(=N/c2cc(N(C(=O)N3CCCC3)CC)c(cc2)F)/S)CN(C(=O)NC(=O)Nc2ccccc2)CC1
1105,COc1cccc(C(=O)N2CCN3c4ccccc4CC3C2)c1,14 159 170 194 209 231 240 251 254 322 419 438 451 497 562 567 617 618 650 678 681 684 695 717 739 774 781 807 820 841 875 926 935 938 969 980 995 1019 1020 1039 1057 1069 1082 1088 1199 1212 1236 1295 1336 1360 1367 1372 1380 1384 1385 1480 1496 1504 1525 1536 1567 1589 1612 1647 1708 1712 1725 1750 1761 1815 1840 1873 1910 1917 1972 1985 2009 2032 2033,COC1=CC=CC(=C1)C(=O)N2CCN3C(C2)CN(C4=C3C=CC=C4)C(=O)C5CC6=CC=CC=C6N7C5N8CCN9C7=CC=CC9=C8OC
1106,CCOc1ccc(OC)c(C=C(C)C(=O)OC2C3CCC(O3)C2OC(C)=O)c1,15 69 80 94 118 153 185 237 249 294 321 322 340 404 424 437 521 526 564 589 650 656 694 695 718 728 787 807 841 851 875 877 893 897 926 959 961 1017 1019 1034 1035 1057 1070 1095 1126 1230 1238 1249 1256 1259 1300 1325 1361 1365 1380 1411 1434 1452 1479 1501 1536 1597 1609 1668 1693 1718 1746 1750 1768 1785 1807 1811 1819 1825 1830 1873 1875 1904 1917 1921 1950 1970,CCOC1=CC(=C(C=C1)OC)/C=C(\C)/C(=O)OC2C3CCC(C2OC(=O)C)O3
1107,O=C(O)Cc1ccc(C(=Cc2ccccc2)NC(=O)Nc2ccccn2)cc1,42 80 106 169 258 310 315 325 376 378 389 413 448 483 518 543 581 650 662 681 694 708 807 837 913 914 946 993 1088 1099 1119 1126 1152 1155 1199 1230 1307 1312 1332 1334 1335 1336 1353 1380 1385 1452 1456 1502 1674 1697 1737 1746 1750 1754 1755 1816 1866 1873 1908 1917 1989 2033,C1=CC=C(C=C1)/C=C(/C2=CC=C(C=C2)CC(=O)O)\NC(=O)N/C(=C/C3=CC=CC=C3)/NC(=O)NC4=CC=CC=N4
1108,COc1ccccc1N1CCN(c2nc3cccoc-3c2N2CC(O)C(C)NC2=O)C1,20 33 47 59 63 130 146 152 196 249 301 314 378 396 404 407 474 650 653 656 695 739 745 771 787 801 807 841 849 926 935 954 964 980 1007 1015 1019 1057 1088 1114 1135 1157 1183 1187 1199 1223 1233 1257 1295 1309 1353 1356 1371 1380 1410 1414 1443 1457 1479 1480 1508 1536 1593 1603 1647 1750 1760 1804 1844 1851 1852 1855 1873 1905 1926 1939 1964 1967 1970 1971 1976 1979 1999 2002 2028,C[C@H]1[C@H](CN2C(=O)N1)NC3=C(C4=NC(=CC=C4)C5=CC=CO5)N(C(=O)N3C2=O)C6=CC=CC=C6N7CCN(CC7)C8=CC=CC=C8OC
1109,COc1ccc(C2C3CCN(C3=O)C2C(=O)N2CCC3(CCN(C)C3=O)CC2)nc1,5 66 107 246 255 300 314 319 322 378 430 454 455 550 552 606 646 650 677 684 695 718 751 776 781 807 823 838 841 875 882 926 935 980 1015 1019 1050 1057 1060 1074 1082 1104 1145 1159 1162 1181 1187 1212 1309 1312 1324 1325 1380 1412 1436 1452 1457 1489 1535 1536 1693 1750 1873 1917 1920 1926 1933 1972 1991 2006 2009,CN1CCC(C1=O)C2=NC=C(C=C2)OC3=CC(=C(C=C3)C(=O)C4=C(N=CC(=C4)OC)C5(CC5)C6C7C(C(=O)N(C7=O)C)C8=NC=C(C=C8)OC)C(=O)OC
1110,CCON1C(=O)N1c1cccnc1SCCCCCCNS(=O)(=O)c1ccc(Cl)cc1,28 32 80 92 116 125 171 205 210 216 237 255 294 314 317 319 328 331 341 350 378 379 448 451 462 495 502 533 561 592 607 650 667 695 715 725 732 735 816 883 913 935 1043 1057 1070 1088 1132 1136 1143 1144 1152 1182 1238 1295 1380 1386 1434 1452 1476 1503 1614 1626 1647 1683 1713 1741 1750 1785 1794 1809 1819 1866 1873 1886 1911 1996 2014,CCON1C2=C(N=CC=C2)N(C1=O)/N=C/3\N=CN=C3SCCCCCNS(=O)(=O)C4=CC=C(C=C4)Cl
1111,CCOc1ccc(C=CN=C(N2CCC3NC(=O)NC3C2)N(C)c2ccccc2)cc1,21 25 54 69 80 102 237 241 272 288 294 301 314 322 389 431 515 529 619 650 652 694 695 718 725 739 807 832 835 851 881 886 926 935 983 1003 1019 1057 1088 1096 1114 1132 1163 1199 1238 1325 1380 1452 1480 1583 1630 1637 1676 1706 1717 1750 1764 1766 1798 1824 1854 1857 1873 1932 1961 1974 2009 2028 2033 2046,CCOC1=CC=C(C=C1)/C=C/N2CCC(C2)N3CCC(C3)O/N=C(/N4CCC5C(C4)NC(=O)N5)\N(C)C6=CC=CC=C6
1112,C=C(COC(=O)c1ccccc1)C(=O)Nc1ccc(OC)c(OC)c1,8 9 80 93 94 140 145 147 161 184 191 249 347 389 407 479 492 592 601 606 650 660 695 758 791 807 841 843 875 906 949 974 1022 1057 1088 1103 1125 1152 1199 1210 1245 1284 1321 1366 1380 1385 1442 1522 1536 1750 1761 1816 1873 1917 1970 1985 1997 1998 2004,COC1=C(C=C(C=C1)NC(=O)C(=C)COC(=O)C2=CC=CC=C2)NC(=C3C=C(C(=C(O3)OC)OC)OC)C(=C)COC(=O)C4=CC=CC=C4
1113,O=P1(C=C2C=C2)OCCC(CC2CCCCC2)O1,2 29 80 152 170 171 177 198 288 304 306 416 484 543 547 650 656 694 810 865 882 890 914 926 950 963 1019 1028 1069 1118 1119 1144 1195 1258 1281 1325 1375 1380 1391 1529 1563 1582 1642 1676 1682 1717 1753 1766 1769 1795 1833 1873 1904 1947 2013 2025,[B-]1(OCCO1)(C2=C3C(OP(=O)(O3)/C=C/4\C=COP4(=O)CC5CCCCC5)CC6CCCCC6)OCCO2
1114,CCCc1sc2ccccc2c1C(=O)OC,80 100 145 162 294 461 586 616 650 675 695 742 794 807 812 813 841 860 885 906 977 1057 1088 1095 1126 1130 1152 1198 1199 1243 1257 1263 1328 1357 1374 1380 1401 1411 1414 1502 1573 1673 1726 1727 1744 1750 1799 1872 1873 1879 1902 1912 1917 1937 2035,CCCC1=C(C(=C(S1)CC)C(=O)OC)C(=O)OC
1115,Cc1ccc(N2CC(C(=O)NC3=C4C(=Nc5ccc(C(=O)N6CCN(C)CC6)nc54)c4ccccc43)NC2=O)cc1,14 21 63 73 114 126 143 207 233 235 242 252 255 301 314 323 352 362 378 437 440 592 650 689 700 702 724 739 807 815 848 851 855 904 926 927 935 942 961 984 1004 1017 1019 1057 1087 1088 1114 1116 1133 1145 1152 1178 1194 1199 1203 1235 1236 1247 1304 1380 1391 1432 1457 1459 1480 1504 1533 1572 1589 1594 1630 1650 1652 1714 1722 1741 1750 1816 1821 1823 1825 1845 1855 1873 1879 1909 1917 1920 1992 2009,B1(O[C@@H](CN1C2=CC=C(C=C2)C)C(=O)NC3=C(C(=NC4=C3C=C(C=C4)C(=O)N5CCN(CC5)C)C6=CC=CC=C6C)C)C7=CC=C(C=C7)C
1116,N#Cc1cc(N2CCCCN3C(=O)CN(CC3=O)C2=O)ccc1I,92 138 203 215 233 237 279 310 314 361 407 493 509 530 582 650 661 674 713 790 798 809 822 832 875 935 940 947 952 1028 1082 1101 1103 1123 1126 1152 1193 1212 1321 1331 1380 1384 1421 1424 1457 1480 1501 1644 1646 1680 1701 1719 1743 1750 1825 1845 1862 1873 1879 1916 1946 1951 1998 2026 2037,C1CCN2CC(=O)N3C(=C(N4C3=C2N(C1)C4=O)NN5C=CC(=C5)C#N)N6CCCC6
1117,O=C(c1ccc(C(=O)N2CCCC2)nc1)c1ccccc1Cl,9 28 227 274 340 366 369 378 415 506 510 561 632 650 741 807 810 849 855 925 926 935 942 974 1028 1088 1199 1203 1345 1355 1380 1385 1430 1437 1442 1447 1452 1462 1480 1489 1504 1535 1611 1630 1683 1697 1743 1750 1768 1836 1873 1895 1917 1929 1938 1991 1992 1998 2009,C1CCN(C1)C(=O)C2=NC=C(C=C2)C(=O)C3=NC=C(C=C3)C(=O)P4(=C(C5=CC=CC=C5Cl)C(=O)N6CCCC6)N7CCCC7
1118,COC(=O)C(CN(C)C)NC(=O)c1ccc(OC)cc1,1 4 54 80 117 147 322 460 486 633 650 652 659 681 695 718 736 738 773 781 807 813 831 841 881 1001 1055 1057 1102 1146 1152 1162 1163 1333 1380 1385 1435 1459 1499 1536 1623 1665 1697 1750 1860 1873 1876 1917 1989,CN(C)CC(C(=O)OC)NC(=O)NNC(=O)NN(C)C(=O)C(CN(C)C)NC(=O)C1=CC=C(C=C1)OC
1119,COc1cc(C)c(=O)n(CCCN2CCCC(C)(C)C2)c1,80 160 216 221 253 311 314 322 464 504 578 602 650 653 691 695 720 751 781 802 804 841 864 875 887 926 935 1017 1028 1057 1060 1145 1162 1274 1320 1335 1380 1391 1421 1422 1447 1455 1480 1487 1536 1543 1638 1657 1691 1707 1722 1744 1791 1809 1832 1873 1906 1911 1917,CC1=CC(=CN(C1=O)CCCN2CCCC(C2)(C)C)OCN3CCCC(C3)(C)C(=O)C
1120,COC1=CC(=CC=C2C(OC)=CC=C2C2C(C(=O)Oc3ccc4ccc[nH]c3-4)NC(=O)CC3CC4CN(C(=O)N4)C32)C=C1,79 84 94 129 134 149 154 155 180 231 233 236 263 267 280 286 301 314 389 439 442 489 534 547 585 650 661 677 694 695 711 725 729 736 739 747 806 807 837 841 855 873 890 896 914 926 935 938 971 1019 1024 1057 1088 1114 1116 1120 1143 1160 1195 1249 1288 1292 1322 1328 1378 1380 1382 1389 1416 1433 1457 1492 1506 1536 1543 1563 1575 1646 1674 1676 1695 1697 1721 1729 1750 1798 1811 1856 1873 1917 1970 2009 2013,COC\1=CC(=O)C(=C/C1=C/C=C/2\C=C(C=CC2=O)C3=C(NC=C3)C4=CC=C(C=C4)C5=CC=CN5)OC(=O)C6CC7CN6C7
1121,CCCCOC(=CC=Cc1ccc(C)cc1)NC(=O)c1ccccc1,13 25 57 80 147 200 235 257 294 321 370 389 421 424 432 486 498 591 650 657 694 695 696 718 774 794 807 813 835 878 930 951 1057 1088 1119 1152 1158 1185 1186 1199 1319 1325 1380 1385 1521 1528 1586 1640 1658 1665 1692 1711 1712 1722 1734 1735 1750 1817 1823 1830 1841 1854 1873 1911 1917 1920 1985 1993 2029 2033,CCCCO/C(=C\C=C\C1=CC=C(C=C1)C)/C(=C2/C(=C(\[Se]C3=CC=CC=C3)/[Se]C4=CC=CC=C4)/C(=C2[Se]C5=CC=CC=C5)[Se]C6=CC=CC=C6)/NC(=O)C7=CC=CCC
1122,CSC(=O)N(CSc1cccs1)c1ccc([N+](=O)[O-])cc1,14 28 50 80 116 190 212 235 241 257 341 383 394 442 505 592 595 650 675 715 741 753 769 783 807 838 881 960 1037 1057 1077 1088 1108 1195 1274 1291 1306 1380 1393 1467 1497 1551 1567 1607 1608 1614 1711 1739 1750 1809 1814 1873 1887 1889 1905 1917 1934 1941 1955 1963 2021,CSC(=O)N(CSC1=CC=CS1)C2=C(SC(=C2SC3=CC=CS3)SCSC4=CC=C(C=C4)[N+](=O)[O-])SCSC5=CC=CS5
1123,COc1ccc(NC(=NNC(=O)c2ccc(Cl)c(Cl)c2)NCCCn2cccc2C)cc1OC,70 80 90 94 95 140 184 191 197 220 221 249 272 318 341 347 366 451 486 512 526 561 602 631 650 666 667 695 696 700 725 758 807 808 815 841 843 875 883 935 948 1019 1032 1057 1088 1097 1101 1105 1119 1138 1145 1152 1160 1190 1242 1245 1295 1328 1339 1374 1380 1394 1402 1410 1455 1536 1554 1588 1656 1683 1697 1714 1722 1750 1816 1873 1876 1898 1911 1917 1940 1970,c1(c(cc(cc1)N/C(=N\NC(=O)c1ccc(c(c1)Cl)Cl)/NCCCn1c(ccc1)C)OC)n1n(c(cc1)C)C(=O)NCCCn1c(ccc1)OC
1124,CP(=O)(O)c1cc(Br)ccc1C(=O)Nc1ccccn1,5 67 192 315 325 342 378 444 448 470 486 614 662 728 729 766 807 845 847 875 909 911 993 1025 1053 1057 1070 1088 1099 1130 1152 1155 1157 1199 1231 1253 1312 1380 1452 1477 1481 1615 1631 1702 1726 1750 1776 1780 1816 1838 1859 1860 1866 1873 1917 1991 2031,CP(=C(C1=C(C=CC(=C1)Br)C(=O)NC2=CC=CC=N2)NP(=O)(C3=C(C=CC(=C3)Br)C(=O)NC4=CC=CC=N4)O)(C)C
1125,N#Cc1ccc(S(=O)(=O)N2CCC(Cn3ccnc3-c3ccccc3)CC2)cc1,18 29 34 80 102 214 305 319 350 366 372 374 378 387 389 490 585 618 650 674 692 715 725 736 757 790 800 908 926 935 937 938 944 1011 1019 1045 1088 1101 1136 1138 1158 1160 1194 1199 1225 1249 1271 1301 1325 1373 1380 1384 1404 1452 1455 1476 1564 1589 1722 1740 1750 1771 1812 1835 1847 1866 1871 1873 1882 1903 1954 1994,C1CN(CCC1CN2C(=CC=C(N2CC3CCN(CC3)S(=O)(=O)C4=CC=C(C=C4)C#N)C5=CC=CC=C5)C6=CC=CC=C6)S(=O)(=O)C7=CC=C(C=C7)C#N
1126,Cc1ccc2cccccc(-c3ccccc3)c3c(C(=O)O)c(c4cc(c2c1)OC4=O)C(=O)C3=O,37 65 127 203 222 235 314 352 361 389 416 456 584 586 621 650 652 656 707 736 774 793 807 823 875 909 920 955 984 1013 1057 1063 1080 1087 1088 1104 1148 1160 1199 1240 1263 1275 1309 1337 1357 1362 1380 1476 1528 1618 1722 1730 1747 1750 1753 1810 1823 1847 1855 1873 1905 1917 1929 1975,CC1=CC2=C(C=C1)C=CC3=C2C(=O)/C(=C/4\C=C(C5=C(O4)C=C6C(=C5C7=CC=CC=C7)C(=O)C8=CC=CC=C8C6=O)C9=CC=CC=C9)/O3
1127,CN(CCCCn1cc[nH]c1=O)C(=O)c1ccccc1,21 31 32 80 221 241 334 376 389 431 440 479 587 614 650 719 758 798 806 807 881 893 935 954 982 1020 1042 1057 1088 1101 1111 1117 1145 1163 1199 1221 1380 1385 1455 1506 1652 1669 1687 1702 1733 1750 1790 1804 1844 1873 1878 1886 1911 1917 1951 1976 1985 2029,CN(CCCCN1C=CC(=C2C=CC=CC2=C(C3=CC=CC=C3)C4=CC=CC=C4)[Si]1(N(C)C)N(C)C)C(=O)C5=CC=CC=C5
1128,O=C(NCCc1ncc(Cl)n1-c1ccccc1)Nc1ccc(Cl)cc1,54 58 80 191 197 216 312 314 318 347 358 367 378 389 425 451 459 512 561 597 622 636 650 667 675 778 807 816 828 843 859 935 967 1049 1070 1077 1088 1100 1152 1199 1243 1276 1334 1366 1380 1425 1452 1535 1662 1683 1687 1750 1816 1825 1873 1917 1958 1989 1990 1993,C1=CC=C(C=C1)N2C(=CN=C2CCNC(=O)NC3=CC=C(C=C3)Cl)CCN/C(=C/4\C(=O)SSN4)/NC(=O)NC5=CC=C(C=C5)Cl
1129,O=C1OCOC2=C1C=C(C(=O)c1c(I)cc(-c3cc(I)cc(I)c3Cl)c(I)c1Cl)C2=O,9 39 54 66 82 84 125 160 249 255 314 352 353 410 414 438 441 507 558 561 582 586 633 650 656 661 715 784 807 810 875 926 947 994 1011 1042 1088 1131 1223 1231 1260 1267 1302 1344 1349 1380 1384 1438 1464 1476 1485 1509 1564 1570 1594 1683 1687 1722 1752 1765 1778 1794 1805 1853 1863 1873 1917 2002 2005,C1C2=C(C=C(O1)C(=O)C3=C(C(=C(C=C3I)I)Cl)I)C(=O)C(=C4C=C(C(=O)C(=C4)I)I)C2=O
1130,CCCCNc1nc(C)c(C(=O)Nc2ccc(Cl)cc2)c(=O)o1,80 92 152 191 216 231 251 294 314 378 486 503 530 561 586 591 650 656 667 715 721 778 794 807 816 843 860 895 914 1022 1057 1067 1070 1077 1127 1136 1152 1188 1219 1288 1298 1380 1400 1416 1457 1468 1604 1640 1662 1683 1722 1750 1794 1816 1855 1865 1873 1911 1917 1972 1978 1994,CCCCNC1=NC(=C(C(=O)O1)C(=O)NC2=CC=C(C=C2)N[S+](NCCCC)[O-])C
1131,COc1nc(N2CCN(C)C2=O)c2ccccc2n1,13 81 92 100 125 130 135 137 214 221 249 289 290 314 378 389 448 554 650 689 695 767 793 811 841 866 904 926 927 935 953 1057 1088 1097 1129 1145 1194 1199 1239 1245 1357 1380 1415 1457 1462 1480 1536 1559 1573 1678 1693 1750 1855 1873 1956 1963 1968 2012,CN1CCN(C1=O)C2=NC(=NC3=C2N=C4C5=CC=CC=C5C(=[N+](C6=NC7=CC=CC=C7C8=CC=CC=C86)C9=NC(=NC1=CC=CC=C19)OC)N=C4N3C)OC
1132,O=C(NN=C(c1ccc(O)cc1F)N1CCCCC1=O)c1ccc(C(=O)OCCN2CCCC2)cc1,13 21 67 79 80 139 145 147 153 198 309 310 314 318 351 381 421 459 486 533 539 567 588 600 606 650 695 699 700 724 725 733 745 747 781 798 807 851 875 913 926 935 1004 1028 1118 1119 1125 1145 1152 1158 1182 1215 1232 1313 1317 1332 1380 1385 1387 1410 1422 1437 1463 1480 1482 1504 1522 1592 1602 1660 1665 1697 1699 1736 1738 1746 1750 1791 1840 1873 1881 1917 1928 1968 1991 1998,C1CCN(C(=O)C1)C(=O)C2=C(C=C(C=C2)C(=O)N/N=C(/C3=CC=C(C=C3)C(=O)OCCN4CCCC4)\NC(=O)C5=C(C=C(C=C5)O)F)F
1133,C=C1C=C(OCC)C(C(=O)c2ccccc2)=Cc2ccc(cc2C(=O)OCC)S1,9 35 80 84 145 147 237 281 341 365 389 414 453 554 562 633 650 675 695 715 718 725 759 794 807 875 887 940 974 993 1013 1057 1058 1088 1092 1130 1196 1199 1238 1241 1283 1366 1380 1385 1448 1452 1453 1464 1540 1673 1722 1748 1750 1775 1813 1825 1873 1917 1944 1962 1982 1985 1991 2016 2041 2044 2045 2047,CC1=C/C(=N\N=C/2\C(=CC(=C)S2)C(=O)OCC)/C=C(S1)/C=C/3\C=C(C(=CC3=C)C(=O)C4=CC=CC=C4)C(=O)OCC
1134,COc1ccc(-c2nc3cc(-c4ccccc4NC(C)=O)c2n3C)cc1,120 216 245 270 322 323 340 352 378 471 553 554 564 646 650 690 695 718 781 807 819 831 832 841 849 875 896 900 957 984 996 1012 1017 1057 1079 1088 1106 1145 1152 1160 1199 1224 1377 1380 1440 1512 1520 1528 1530 1536 1556 1577 1602 1637 1692 1696 1750 1816 1832 1855 1873 1917 1952 1979 2001,CC(=C(C1=NC(=C2C(=N1)C=C(N2C)C3=CC=CC=C3NC(=O)C)C4=CC=C(C=C4)OC)NOC)C
1135,CCc1cccccc2cc(Cl)ccc2cc1,6 28 78 80 92 145 156 165 203 216 264 275 294 310 322 389 398 463 561 598 657 744 816 875 880 1025 1057 1066 1087 1088 1199 1246 1299 1380 1438 1450 1650 1663 1683 1711 1750 1754 1799 1855 1873 1894 1927 1942 1953 1997,CCC1=CC=C(C=C1)[P+](CC2=CC=CC=C2)(C3=CC=CC=C3)C4=CC5=CC=CC=C5C=C4
1136,COc1ccnc(-c2nc3c(C)c-3c2Cc2ccccc2)c1,80 101 115 217 252 322 323 378 388 389 418 464 466 619 648 695 766 767 781 787 841 875 905 980 999 1011 1052 1057 1063 1066 1088 1199 1380 1401 1430 1452 1536 1651 1681 1722 1747 1750 1754 1783 1855 1866 1869 1873 1972 1985 2034 2038,CC1=C(C(=C(N=C1C2=NC=CC(=C2)OC)C3=C(C(=C(C(=C3C)CC4=CC=CC=C4)C)C5=NC=CC(=C5)OC)C)C)CC6=CC=CC=C6
1137,O=C1N2CCCC3CC4CCC3(C4)CN(c3ccc(Cl)cc3)CCN1c1nnc2s1,0 34 92 162 215 216 233 309 314 325 343 356 378 407 446 528 561 573 602 650 675 679 787 811 816 819 926 935 1019 1028 1035 1060 1070 1108 1162 1164 1199 1281 1292 1325 1342 1380 1397 1405 1407 1446 1457 1480 1497 1508 1543 1559 1561 1574 1601 1612 1627 1683 1715 1750 1756 1786 1802 1825 1843 1873 1921 2006 2012 2040,C1CC2CC3CCC2(C3)CN(C1)C4=NN=C(S4)N5CCN(CC56CC6)C7=CC=C(C=C7)N8CCCN(C8=O)C9=CC=C(C=C9)Cl
1138,NC(=O)NCc1ccc(-c2cccc(-c3cc(Cl)cnc3N)c2)cc1,63 64 80 119 121 140 181 194 197 216 226 243 255 310 352 378 545 561 562 628 630 638 650 736 785 807 841 843 875 896 956 957 1039 1058 1088 1120 1125 1152 1153 1160 1164 1166 1171 1218 1270 1347 1380 1407 1422 1452 1457 1459 1474 1520 1526 1535 1543 1573 1683 1750 1754 1856 1917 1923 1962 1964,C1=CC(=CC(=C1)C2=C(N=CC(=C2)Cl)N)C3=CC(=CC=C3)C4=C(C=CC(=C4)C5=CC=C(C=C5)CNC(=O)N)NC(=O)N
1139,O=C(O)Cn1nncc1C=Cc1cccnc1,28 49 80 115 158 275 281 307 314 319 365 378 389 400 428 437 472 520 558 584 593 650 694 769 794 807 835 873 892 935 1034 1043 1078 1088 1166 1311 1312 1353 1380 1471 1535 1557 1586 1603 1677 1700 1737 1750 1783 1793 1866 1873 1915 1917 2033,C1=CC(=CN=C1)/C=C/C2=C(C(=O)N=CN2CC(=O)O)/C=C/C3=CN=NN3CC(=O)O
1140,CCCOS(=O)(=O)c1ccc(S(=O)(=O)n2c3nc4c2CC(CC4)C3)cc1,13 27 80 91 138 186 210 231 294 310 311 319 350 361 374 378 383 387 421 590 650 695 715 736 765 774 794 800 814 825 866 870 889 926 932 935 1019 1047 1057 1215 1226 1232 1317 1325 1380 1422 1434 1446 1476 1571 1580 1613 1622 1639 1738 1750 1799 1855 1873 1898 1923 1948 1977,CCCOS(=O)(=O)C1=CC=C(C=C1)S(=O)(=O)N2C3=C(CCC4C3)N=C2S(=O)(=O)C5=CC=C(C=C5)S(=O)(=O)OCCC
1141,CC(=O)OC(=CC=C(Cl)C=c1c(Cl)cc2cc3cc(C)ccc3c3ccc[nH]c(=O)[nH]c1c23)NCC(C)N,1 28 80 126 197 235 267 283 294 314 366 417 452 457 538 549 555 561 567 606 641 650 694 695 716 769 786 806 807 875 882 898 899 919 970 995 1001 1002 1013 1017 1024 1035 1048 1057 1088 1098 1114 1141 1152 1171 1213 1265 1292 1319 1344 1357 1380 1381 1415 1440 1455 1456 1460 1491 1506 1520 1530 1563 1573 1586 1673 1683 1691 1722 1733 1745 1750 1761 1823 1855 1873 1917 1977 1984 2004,CC/C(=C\C=C(/C(C)C(C1=CC=CN1)C2=C3C=CC4=C(C3=C(N2)C5=C(C=C(C=C5)C)Cl)C=CC6=C4C=CC(=C6)C)\OC(=O)C)/NCC(C)N
1142,Cc1cccc2ccc(C(=O)N(C)C(=O)OC3CCC(O)C4C3C3C5CC6CCC5(C)C4C63C)cc12,7 10 26 42 91 97 141 203 218 272 294 355 395 423 437 519 528 541 556 596 605 650 655 685 688 695 696 733 786 798 807 849 854 875 881 926 945 1009 1019 1039 1043 1057 1058 1060 1087 1088 1104 1126 1154 1162 1163 1196 1221 1228 1242 1257 1258 1263 1274 1292 1325 1357 1380 1385 1391 1414 1418 1428 1429 1477 1524 1542 1599 1618 1692 1697 1722 1750 1762 1780 1784 1809 1822 1855 1911 1917 1951 1970 1984 1999 2011,CC1=C2C=C(C=CC2=CC=C1)C(=O)N(C)C(=O)O[C@H]3CC[C@]4([C@H]3[C@]5(CC[C@H]([C@H]5[C@@H]([C@@H]6[C@@H]4C[C@@H]7[C@@]6(CC[C@@H](C7)O)C)OC(=O)N(C)C(=O)C8=CC(=C(C=C8)C)C)O)C)O
1143,O=C1NC(=O)N2C(=O)OC(C3CCCCCO3)C2O1,2 129 161 172 191 221 286 314 361 384 417 468 480 608 614 650 656 669 750 759 760 802 844 890 926 935 950 957 959 1019 1028 1060 1105 1109 1114 1130 1171 1176 1195 1233 1249 1272 1288 1300 1325 1380 1381 1434 1609 1676 1698 1724 1819 1836 1846 1852 1866 1895 1922 1969 1974,C1CCCCCOC2C3C(C(O2)N4C5=COC(=C5)C6(C7=COC8=COC(=C7OCCC1)N86)C9=COC(=O)N9)OC(=O)N3
1144,O=C(CN1CCN(C(=O)c2ccccn2)CC1)N1CCc2c(sc3c4nc5ccc4n5c23)C1,3 42 45 74 80 83 131 155 162 202 227 277 361 378 395 448 471 477 548 552 568 641 650 675 744 788 802 805 807 811 819 840 855 867 892 896 907 926 935 942 950 956 1003 1009 1045 1088 1155 1199 1203 1312 1313 1336 1380 1423 1440 1452 1480 1504 1508 1589 1630 1633 1712 1724 1738 1739 1748 1750 1768 1791 1797 1825 1839 1855 1866 1873 1907 1917 1946 2009 2021,C1CN(CC2=C1C3=C(S2)C4=C(C=C3)N5C6=C(C7=C(C=C6)N8C(=N7)C=CC9=C8N=C1N9C(=N7)C=CC=N1)N=C5S4)C(=O)CN1CCN(CC1)C(=O)C1=CC=CCC=N1
1145,CN(C(=O)COC(=O)c1ccccc1)C(=O)NC(=O)OC1CCCCC1,2 32 37 80 99 119 145 147 153 193 376 389 477 606 629 639 650 679 688 695 782 807 881 890 926 1019 1028 1050 1057 1086 1088 1119 1126 1147 1152 1163 1199 1238 1325 1380 1410 1452 1522 1630 1726 1750 1758 1768 1846 1873 1894 1904 1917 1923 1997 2004,CN(C(=O)COC(=O)C1=CC=CC=C1[As](C2=CC=CC=C2)C3=CC=CC=C3)C(=O)NC(=O)OC4CCCCC4
1146,Nc1ccccc1NC(=O)Nc1nc2c3ccccc3ccn2n1,56 210 219 347 369 377 378 494 501 573 639 650 696 712 800 807 817 910 935 948 1004 1027 1087 1088 1101 1104 1152 1171 1179 1199 1208 1224 1309 1357 1380 1406 1457 1573 1582 1597 1670 1696 1750 1758 1767 1785 1807 1816 1835 1840 1855 1873 1917 1934 1956 1989 2023 2032,C1=CC=C2C(=C1)C=CN3C2=NC(=N3)N4C=CN(C4=NC5=NC(=NN5C(=O)NC6=CC=CC=C6N)NC(=O)NC7=CC=CC=C7N)N
1147,CC1CC(C(=O)NNC(=O)c2ccc(F)cc2)=CC=C1[N+](=O)[O-],85 90 100 102 164 231 261 269 304 314 486 487 613 650 699 715 745 753 765 772 780 784 807 838 926 942 983 1019 1057 1100 1152 1195 1249 1277 1308 1309 1311 1367 1380 1385 1392 1410 1450 1501 1502 1659 1662 1665 1670 1674 1697 1709 1750 1775 1873 1895 1917 1928 1929 1963,CC1CC(=CC=C1[N+](=O)[O-])C(=O)NNC(=O)C2=CC=C(C(=C(NNC(=O)C3=CC=C(C=C3)F)[N+](=O)[O-])C2)[N+]#[C-]
1148,O=C(O)C1=C(CCCN2CCCC2)CCC(C2CCN3CCN2C3=O)=C1,57 70 80 84 89 92 118 136 273 289 314 335 389 390 407 413 430 456 465 482 584 600 601 622 629 650 653 684 748 807 842 853 872 926 932 935 993 1019 1028 1073 1089 1122 1145 1243 1255 1294 1312 1325 1380 1422 1438 1480 1482 1510 1587 1618 1646 1690 1701 1708 1713 1731 1738 1791 1822 1840 1873 1911 1917 1928 1942 1998 2015,C1CCN(C1)CCCC2=C3C4CCN5C[NH+](CC5C4CC2)CCN6CCN(C6=O)CC(=O)C=C7CCC(=C7)C(=O)O
1149,O=C(O)CCCCCCCCCNC(=O)CSC(=S)SCCSC(=O)NC(=O)OP(=O)(O)O,41 58 80 97 110 116 192 197 273 299 312 337 389 483 486 592 597 650 667 695 793 801 807 866 889 903 1080 1110 1119 1143 1152 1168 1182 1267 1269 1287 1371 1375 1447 1469 1492 1546 1562 1564 1669 1688 1721 1737 1758 1799 1819 1838 1876 1905 1911 1917 1919 1959 1986,C(CCC(=O)O)CCNC(=O)CSC(=S)NC(=O)OP(=O)(O)OC(=O)NC(=S)NCCCCCC(=O)NC(=O)OP(=O)(O)O
1150,CCN(CC)C(=O)C1=C(OC)C(=O)NC1=O,7 53 80 83 151 192 270 294 314 378 520 551 569 581 608 633 650 651 695 713 789 807 841 881 898 932 942 943 978 981 1008 1057 1060 1088 1114 1221 1280 1365 1380 1407 1417 1455 1490 1535 1536 1657 1746 1858 1917 2029,CCN(CC)C(=O)C1=C(C(=O)NC1=O)C2(C(=O)NC(=O)N=C2OC)CC3=NN=C(N3)OC
1151,COC1=C2N=C(N3CCC4CCN(CC4)CC3(C)C)C(=C1)C2=O,18 84 86 95 178 206 216 224 289 290 314 378 385 447 484 589 602 632 650 663 695 701 741 749 822 841 852 926 927 935 997 1010 1019 1057 1060 1063 1083 1084 1110 1122 1167 1269 1274 1280 1292 1325 1354 1367 1380 1441 1446 1460 1473 1476 1480 1536 1556 1573 1644 1749 1779 1855 1873 2033,CC1(CN1N2C(=O)C3=CC(=C4C(=O)C(=CC(=N4)OC)OC)C=C(C3=N2)OC)C56CN7CCC(C5)CC7C=C6
1152,CCOc1ccn(C(=O)N2CCCCC2)c(=O)n1,2 69 80 90 109 231 237 251 294 314 369 378 447 470 502 554 650 669 695 715 759 807 833 840 858 875 917 926 935 936 948 1028 1057 1101 1234 1238 1265 1270 1380 1452 1480 1570 1688 1750 1795 1855 1873 1885 1887 1917 1927 1940 1998 2007 2009 2038,CCOC1=NC(=O)N(C=C1)C(=O)N2C=CC(=C2OCC)ON3CCCCC3
1153,CSc1nc2ccccc2c(=O)n1C(C)=O,16 107 116 289 314 378 389 394 417 492 504 539 650 674 747 761 800 807 856 932 935 952 1017 1034 1057 1065 1088 1097 1113 1169 1199 1282 1316 1357 1380 1411 1540 1573 1594 1613 1723 1750 1766 1775 1790 1839 1855 1873 1917 1942 1961 2045,CC(=C=C=C1C2=CC=CC=C2N=C1SC)N3C=NN(C3=O)C(=O)N4C(=O)C5=CC=CC=C5N=C4SC
1154,O=C(CCCCN1Cc2cccc(c2Cl)-n2c(=O)c3cn2c1n3)Nc1ccccc1,34 41 80 126 191 314 318 347 366 370 378 389 446 464 491 504 550 561 590 615 650 664 669 703 706 708 734 789 807 893 901 909 926 935 951 963 992 1011 1039 1073 1077 1088 1089 1097 1145 1147 1152 1199 1236 1242 1267 1287 1295 1365 1380 1382 1491 1552 1564 1581 1631 1647 1682 1683 1708 1718 1735 1750 1752 1816 1855 1873 1911 1913 1917 1946 1969,C1C2=CC=CC=C2N(CN1CCCCC(=O)NC3=CC=CC=C3)CCC4=NC5=CN(C(=O)C(=C5Cl)NC6=CC=CC=C6)C(=O)C(=O)O
1155,C=CC=C1CCC(=O)N(C)C1,181 185 201 244 314 317 342 361 534 643 650 694 738 784 798 890 926 935 994 1021 1057 1145 1219 1236 1307 1344 1366 1372 1380 1442 1481 1569 1605 1645 1681 1693 1720 1738 1809 1839 1841 1946 2022,CN\1CC2=C3CC/C(=C\C=C)/CN3N(C2=C/C1=C/4\CCC(=O)N4C)C=C5CN(C(=O)CC5)C
1156,Cc1ccc(N=Nc2nc(N)cs2)[nH]1,22 62 83 106 145 315 343 378 488 552 566 675 684 725 727 746 861 869 909 931 971 1015 1057 1114 1133 1154 1171 1380 1434 1447 1457 1461 1496 1502 1567 1605 1633 1680 1688 1710 1712 1722 1745 1750 1855 1873 1888 1896 1974 1990,CC1=CC=C(N1)/N=N/C2=NC(=CS2)/N=N/C3=NC(=CS3)/N=N/C4=N/C(=C/5\NC(=CS5)C6=NC(=CS6)N)/C(=N4)N
1157,COc1ccc(-c2nc3[nH]c2n(C(=O)N2CCCCC2)c3=O)c2ccc(C3CCCCC3)cc12,2 94 111 193 232 249 252 273 314 323 352 356 369 377 378 504 515 613 650 680 695 766 797 807 823 841 853 860 875 890 926 935 1019 1028 1057 1114 1115 1139 1152 1177 1198 1279 1282 1288 1325 1357 1373 1380 1480 1529 1536 1600 1633 1637 1691 1733 1744 1745 1750 1803 1855 1873 1917 1923 1930 1940 1943 1970 1998 2000 2007 2009 2027 2038,COC1=C2C=C(C=CC2=C(C=C1)C3=C4NC(=C(NC4=N3)C(=O)N5CCCC5)C6=C(C=C(C=C6)C7CCCCC7)OC)C8CCCCC8
1158,CC1CCC2C=CC=C(C(=O)C3CCCCN3C(=O)c3ccc(Cl)c(Cl)c3)C12,10 142 144 193 197 225 242 347 354 366 423 531 534 561 618 619 650 652 666 686 716 798 807 836 848 862 875 890 918 926 935 1017 1019 1028 1057 1083 1102 1116 1212 1213 1222 1271 1309 1314 1322 1325 1372 1380 1385 1402 1434 1457 1480 1501 1504 1554 1585 1683 1692 1697 1717 1750 1825 1859 1860 1873 1917 1939 1968 1973 1986 1998 2031,CC1CCN(C2C1C(=CN(C=C2C(=O)C3CCCCN3C(=O)C4=CC(=C(C=C4)Cl)Cl)C(=O)C5=CC(=C(C=C5)Cl)Cl)C(=O)C6CCCCN6C(=O)C7=CC(=C(C=C7)Cl)Cl)C
1159,COc1ccc(C(=O)NCC(=O)Nc2ccc(Nc3nc4ccccc4[nH]3)cc2)cc1,3 31 41 80 119 191 197 202 247 265 289 322 343 349 378 486 491 535 650 662 695 698 718 764 781 790 807 831 841 843 896 901 965 976 1003 1057 1077 1082 1088 1097 1114 1152 1199 1327 1385 1440 1524 1536 1608 1665 1697 1715 1745 1750 1783 1816 1855 1873 1881 1917 1982 1998 2035,COC1=CC=C(C=C1)NC2=NC3=CC=CC=C3N2
1160,C=CC=C(I)C=CC(=O)C(=O)[O-],31 142 235 283 336 513 637 650 694 709 715 784 798 807 823 901 941 943 967 1068 1142 1226 1251 1254 1319 1343 1366 1399 1416 1525 1528 1598 1645 1678 1720 1821 1872 1875 1907 1917 1958 2024 2030,C=C/C=C(/C=C/C(=C(\C=C\C(=C\C=C)\C(=O)[O-])/C(=O)[O-])/C(=O)[O-])\C(=C/C=C)\C(=O)/C=C/C(=C/C=C)\C(=O)[O-]
1161,CCCC(=O)Nc1nc(C=Cc2cc3ccccc3s2)c2c(N)nsc2n1,18 41 66 78 80 122 162 294 353 378 461 472 511 514 520 607 608 650 663 675 694 724 780 794 807 835 843 853 875 885 899 935 1023 1035 1057 1087 1088 1090 1106 1152 1153 1171 1199 1242 1284 1324 1342 1357 1380 1382 1406 1457 1459 1489 1508 1517 1564 1582 1734 1750 1816 1855 1862 1873 1917 1934 1967 1968 1984 2027,CCCC(=O)NC1=NSC(=N1)C2=NC(=C3C(=NSC3=N2)N)/C=C/C4=C5C=C6C=CC=CC6SC5=N4
1162,COc1ccccc1C(=O)CCCCN1CCC(OC(=O)c2ccc(Cc3ccccc3)cc2)C(O)C1,70 80 86 145 234 235 249 297 302 310 352 384 389 433 448 541 606 650 653 655 670 673 695 739 793 798 807 841 849 869 884 893 926 935 1019 1057 1058 1063 1066 1088 1126 1145 1199 1204 1257 1261 1263 1267 1325 1380 1385 1410 1430 1443 1447 1480 1509 1516 1536 1564 1598 1653 1693 1697 1750 1754 1791 1839 1843 1873 1911 1917 1970 1991 2043,COC1=CC=CC=C1C(=O)CCCCN2CC[C@H]([C@@H](C2)O)OC(=O)C3=CC=C(C=C3)CC4=CC=C(C=C4)C(=O)O[C@@H]5CCN(C[C@H]5O)C
1163,Cc1ncc(C(=O)NCCCOc2ccccc2)c2ccccc12,8 13 24 80 88 92 95 102 138 156 176 197 299 322 378 389 410 486 490 527 562 615 633 650 667 695 699 718 730 807 819 1034 1051 1057 1088 1152 1170 1186 1199 1300 1317 1357 1378 1380 1406 1452 1520 1535 1542 1573 1641 1722 1750 1780 1790 1819 1873 1876 1911 1917 1991,CC1=NC=C(C2=CC=CC=C12)C(=O)NCCCOC3=CC=C(C=C3)[N-]C(=O)C4=NC=C(C5=CC=CC=C54)C(=O)NCCOC6=CC=CC=C6
1164,COCCn1c(C2=CC=C3C=C3C=C2Nc2ccc(C(F)(F)F)cc2)c2sccn2c1=O,13 14 37 41 53 80 84 114 119 142 151 159 166 171 191 241 281 283 289 314 325 340 359 367 375 383 394 466 486 491 506 650 655 675 695 698 760 771 795 802 809 841 843 887 903 935 944 1005 1057 1097 1101 1123 1145 1152 1167 1198 1200 1249 1260 1286 1343 1380 1417 1453 1524 1542 1567 1611 1665 1677 1750 1756 1758 1808 1854 1870 1873 1928 1942 1969 2024,COCCN1C(=C2C(=CC=C(N2C1=O)CC(=O)NC3=CC=C(C=C3)C(F)(F)F)C4=C(N5C=CSC5=C4)NC6=CC=C(C=C6)C(F)(F)F)C(F)(F)F
1165,CN1CCN(c2ncc(-c3ccc(Cl)cc3)s2)C1=C1C=C(c2ccccc2Cl)c2cc(Cl)ccc21,1 62 73 84 129 162 165 216 352 366 369 378 448 494 524 561 675 680 691 781 811 875 896 922 926 935 974 984 1036 1039 1057 1070 1088 1100 1115 1124 1145 1160 1167 1199 1218 1308 1318 1334 1343 1356 1380 1452 1457 1462 1480 1485 1505 1535 1601 1683 1693 1723 1742 1745 1750 1868 1873 1939 1964 1985 1986 2003 2020,CN1CCN(C1=C2C=C(C(=C2)C3=CC=CC=C3Cl)C4=CC=C(C=C4)C5=CN=C(S5)N6CCN(C6=C7C=C(C=CC7=C5)Cl)C)C
1166,N#Cc1ccccc1N1CCSC(c2ccccc2F)C1=O,5 106 143 154 177 256 314 319 361 371 380 568 649 650 674 675 684 699 764 780 789 790 794 807 823 926 935 998 1019 1027 1032 1062 1088 1136 1199 1229 1285 1295 1322 1327 1380 1384 1411 1457 1480 1498 1571 1586 1647 1670 1750 1800 1840 1862 1873 1895 1898 1928 1956 1981 2000 2031,C1CN(C(=O)C2N1C(=O)C(S2)C3=CC=CC=C3F)C4=CC=CC=C4N5CCSC(C5=O)C6=CC=CC=C6C#N
1167,CNS(=O)(=O)c1csc2nccc3ccc4c(OC)ccc(n12)n34,45 136 142 154 162 188 215 249 325 339 350 372 378 394 395 405 471 502 548 552 565 605 609 620 633 646 647 650 662 675 695 714 787 790 792 841 935 996 1008 1057 1103 1111 1123 1152 1189 1333 1366 1380 1394 1420 1430 1452 1476 1532 1536 1561 1567 1600 1640 1651 1750 1791 1793 1797 1866 1873 1917 1970 1973 2021,CNS(=O)(=O)C1=C2C=CC3=C(SC=C(N32)N4C(=CC=C4S(=O)(=O)NC)S(=O)(=O)NC)S(=O)(=O)NC
1168,COC1=CC=C2C(=O)c3ccc(o3)C(=O)N3CCCN(CC3)S(=O)(=O)C2=CC=C1OC,2 121 142 144 177 193 203 207 314 407 418 426 469 475 502 562 644 650 653 656 657 680 695 725 731 748 752 841 844 879 926 935 990 1026 1028 1044 1057 1063 1083 1100 1131 1167 1239 1249 1250 1277 1309 1344 1362 1380 1465 1476 1480 1492 1508 1536 1604 1697 1706 1750 1757 1774 1873 1877 1910 1937 2023 2030,COC1=CC=C2C(=C1)C(=O)C(=C(C2=O)OC)C3=CC=C(O3)C4=CC=C(C(=O)N5CCCN(S5(=O)=O)CC4)OC
1169,COC(=O)COc1cc(NC(=O)CN2CCCn3c2nc2ccc(OC)cc23)ccc1OC,24 41 45 80 94 118 140 177 184 191 195 203 209 226 244 249 284 314 322 357 378 594 598 613 643 650 695 703 718 742 747 758 781 789 796 807 841 843 875 901 926 935 961 968 987 1026 1028 1036 1057 1083 1089 1097 1123 1152 1187 1247 1284 1312 1365 1367 1377 1380 1386 1452 1480 1496 1536 1539 1554 1750 1816 1855 1873 1906 1917 1960 1970 1972 1995 2004,COC1=CC2=C(C=C1)N=C3N2CCCN3CC(=O)NC4=CC(=C(C=C4)OC)OCC(=O)N5CCCN(C5=O)CC(=O)OC
1170,CCCNC(=O)c1c(-c2cccc(F)c2)c2c(OCCCCCNS(=O)(=O)CC)c3c4cc2c3c1o4,8 13 80 168 169 197 230 294 304 328 333 350 486 501 550 586 592 602 618 650 656 667 691 695 699 736 794 807 814 875 918 999 1017 1020 1034 1039 1057 1088 1133 1143 1152 1160 1175 1249 1352 1357 1380 1409 1420 1452 1476 1481 1487 1490 1556 1574 1604 1626 1649 1670 1747 1750 1780 1805 1808 1855 1873 1886 1909 1911 1917 1921 1928 1947 1984 2021 2027,CCCNC(=O)C1=C(C2=C(C3=CC4=C(C=C3OC2=C1C5=CC(=CC=C5)F)OC(=C(C)C)O4)OCCCCCNS(=O)(=O)CC)OCCCCCCNS(=O)(=O)O
1171,O=C(Nc1ccc(Cl)c(Cl)n1)OC(C(=O)Nc1ccccc1)C(=O)Nc1cc(Cl)ccc1Cl,1 18 69 84 99 125 126 153 165 191 204 216 274 330 339 366 378 389 464 503 520 561 573 608 614 650 666 695 696 703 807 816 875 879 949 967 1027 1055 1070 1072 1077 1080 1088 1099 1152 1154 1187 1196 1199 1211 1220 1224 1243 1268 1333 1380 1420 1493 1539 1551 1664 1683 1750 1758 1816 1849 1855 1861 1873 1905 1917 1929 1992,C1=CC=C(C=C1)NC(=O)C(C(=O)NC2=C(C=CC(=C2)Cl)Cl)C(=O)C(C(=O)NC3=NC(=C(C=C3)Cl)Cl)OC(=O)NC4=NC(=C(C=C4)Cl)Cl
1172,Nc1ncnc(NCCN(CCNC(=O)NC(=O)Cl)c2ncc(Cl)c(Cl)c2[N+](=O)[O-])n1,61 80 81 155 197 259 270 366 378 407 409 415 425 489 561 566 606 650 667 715 721 753 807 838 852 881 958 979 1008 1011 1048 1051 1086 1102 1119 1124 1137 1152 1171 1195 1264 1277 1278 1292 1306 1320 1380 1416 1452 1457 1477 1479 1488 1511 1525 1535 1536 1548 1557 1582 1653 1683 1687 1697 1708 1755 1799 1810 1851 1855 1873 1917 1921 1951 1957 1961 1963 1989 2007 2037,C1=C(C(=C(C(=N1)N(CCNC(=O)NC(=O)NNNNNNNNC2=NC=NC(=N2)N)CCN(S(=O)(O)O)Cl)[N+](=O)[O-])Cl)Cl
1173,CCCCCNS(=O)(=O)c1ccc(C(=O)NCCCN2CCN(C(=O)C(C)(C)C)C2=O)cc1,8 49 80 92 114 132 145 163 197 216 265 270 294 295 314 317 319 334 350 352 358 371 392 436 486 502 591 592 641 650 667 715 732 794 807 873 883 926 935 951 954 958 1006 1049 1057 1065 1089 1108 1145 1152 1167 1208 1223 1275 1291 1374 1380 1385 1387 1404 1444 1476 1480 1481 1626 1635 1665 1697 1750 1873 1876 1886 1911 1917 1937,CCCCCNS(=O)(=O)C1=CC=C(C=C1)C(=O)NCCCN2C(=O)N(CCN2C(=O)C(C)(C)CC)CCCN3CCN(C3=O)C(=O)C(C)(C)C
1174,COc1cc(Cl)cc(N2CCn3c(-c4ncc5n4CCS5)nnc32)c1,11 12 13 90 157 196 197 216 234 290 322 378 386 505 507 556 561 585 600 641 650 675 695 781 789 804 811 841 875 912 926 935 971 995 1057 1126 1139 1164 1180 1218 1239 1261 1303 1365 1380 1393 1415 1452 1454 1457 1480 1496 1508 1535 1536 1537 1591 1664 1683 1686 1687 1722 1723 1747 1750 1785 1825 1873 1928 1933 1938 1970 2001,COC1=CC(=CC(=C1)N2C3=C(C4=NN=C(N4CC3)SC)SC5=C2N=CC(=C5)Cl)ON6CCSC7=C6N=CC(=C7)Cl
1175,CCC1=CC=C(C(C)(C)C)C1=O,13 80 108 114 180 294 298 314 347 392 454 461 552 634 650 732 748 807 847 885 930 973 1007 1057 1123 1171 1205 1249 1339 1380 1476 1528 1570 1658 1684 1685 1799 1804 1844 1869 1873 1918 1991,CCC1=CC=C([NH2+]C1=C2C(=O)C(=C[NH2+]2)C(C)(C)C)C(C)(C)C3=C4C(=CC=C([NH2+]4)C(C)(C)C)C3=O
1176,CN1C(=O)CN(S(C)(=O)=O)C(=O)CCC2(CC2)C1=O,34 37 133 141 207 255 314 346 350 550 566 584 650 692 747 798 855 857 860 918 926 935 966 987 1014 1048 1051 1057 1060 1117 1139 1145 1159 1162 1163 1239 1246 1322 1366 1380 1430 1476 1477 1535 1738 1745 1755 1760 1771 1776 1888 1893 1946 1961 1965 2000 2005 2023,CN1CC(=O)N(C(=O)C1)C2=CC(N(N2S(=O)(=O)C)S(=O)(=O)C)(S(=O)(=O)C)S(=O)(=O)CC34CCC(CC3)(CC4)C5=CC(=O)N(C(=O)CN5S(=O)(=O)C)C)C
1177,Cc1ccc(-c2cnc[nH]c2=O)cc1,85 210 222 235 313 314 352 378 650 669 678 682 686 713 736 750 806 896 973 1057 1114 1118 1160 1168 1303 1307 1355 1380 1514 1535 1563 1602 1603 1695 1722 1750 1823 1873 1920 1942 1964 1995,CC1=CC=C(C=C1)C2=CC=C(C=C2)C3=CN=CNC3=C4C=CC(=CC=C4)C5=C(C(=O)NC=N5)C6=CC=C(C=C6)C7=CC=C(C=C7)C
1178,COc1ccc(CNC(=O)c2ccc(C(=O)Nc3ccccc3)s2)cc1,47 80 162 191 197 255 278 310 322 329 389 419 486 495 621 623 638 650 675 695 703 706 718 722 740 781 796 807 813 831 841 915 918 939 941 1057 1077 1088 1152 1199 1214 1296 1380 1479 1484 1526 1536 1573 1653 1754 1816 1848 1871 1873 1917 1922 1950 1978 1989 2004 2018,COC1=CC=C(C=C1)CNC(=O)C2=CC=C(S2)C(=O)NOCC(=C3SC(=C(S3)C(=O)NC4=CC=CC=C4)C(=O)NC5=CC=CC=C5)OC
1179,Cc1nnc(N=c2[nH][nH]c(=N)n2C)[nH]1,41 107 128 160 207 223 296 335 378 409 439 497 564 623 630 658 705 725 773 786 815 830 838 841 899 935 1057 1096 1114 1118 1145 1164 1336 1380 1418 1587 1651 1657 1675 1691 1717 1722 1745 1749 1769 1770 1811 1848 1851 1862 2046,CC1=NN=C(N1)/N=C\2/C(=N)N(C(=N)N2C)CN3C(=N)N=NN3/N=C\4/C(=N/C5=NN=C(N5C)C)/C(=N/C6=NN=C(N6)C)/N4C
1180,CCOCCN1CCN(C(=O)c2ccc3c4ccc(c3c2)C(CC)O4)C(=O)C1CC(=O)OC,5 13 46 80 109 110 195 274 294 314 331 348 355 396 419 579 582 617 618 650 653 656 695 750 784 807 841 875 886 892 926 935 965 967 1004 1019 1027 1031 1035 1039 1057 1066 1118 1126 1142 1145 1152 1174 1187 1238 1252 1328 1353 1357 1359 1380 1385 1386 1387 1389 1454 1480 1504 1539 1576 1594 1604 1635 1664 1681 1697 1711 1725 1730 1733 1750 1873 1888 1905 1916 1917 1920 1992 2019 2022 2034,CCC1C2=C(C3=C(C=C2)C(=C4C=CC(=CC4=C3)C(=O)N5CCN(C(C5=O)CC(=O)OC)CCOCC)CC)C6(O1)OC7=C(O6)C=C(C=C7)C(=O)OC
1181,CC(=O)N(CCOc1ccc([N+](=O)[O-])cc1NS(=O)(=O)c1ccccc1)C(C)=O,4 13 80 94 155 255 319 350 389 455 462 502 521 575 585 603 650 695 707 715 753 777 807 838 875 881 883 910 996 1017 1057 1088 1138 1152 1195 1199 1224 1239 1270 1274 1282 1322 1380 1384 1452 1476 1518 1588 1644 1648 1740 1750 1785 1790 1809 1814 1839 1873 1914 1917 1940 1951 1963 1970,CC(=O)N(CCOC1=C(C=C(C=C1)[N+](=O)[O-])NS(=O)(=O)C2=CC=CC=C2)C(=O)N(CCOC3=C(C=C(C=C3)[N+](=O)[O-])NS(=O)(=O)C4=CC=CC=C4)C(=O)C
1182,O=C1OC2CCN3C4CCN(Cc5cccc(Cl)c5)CCN(C(=O)c5cccc1c5)C2CCN(CC4)S3(=O)=O,39 42 74 80 149 165 207 209 216 271 314 337 469 470 475 495 504 506 526 555 561 592 602 616 644 650 651 656 669 672 684 688 725 731 735 736 744 750 784 789 811 847 854 875 879 880 926 933 935 941 984 992 1019 1039 1066 1088 1160 1243 1261 1308 1325 1380 1422 1480 1520 1543 1648 1683 1689 1717 1750 1754 1765 1771 1791 1806 1819 1836 1840 1848 1866 1867 1873 1910 1924 1939 1978 1995,C1CN(CCC1N2CCN(S2(=O)=O)CCC3=CC(=CC=C3)Cl)CC4=CC(=CC=C4)C5=C6C7C(CCN7C(=O)C8=CC(=CC=C8)Cl)OC(=O)C6C9=C5C=CC=C9Cl
1183,COC(=O)C1=CC=C2NC(=O)C(C(=O)N3CCOC4OCC(O)C(OC)C43)=C1O2,145 152 203 242 263 298 301 314 318 332 364 414 431 466 505 515 519 546 586 635 650 656 695 802 807 841 849 876 906 924 926 929 935 937 942 950 955 961 983 1019 1057 1060 1091 1114 1119 1152 1164 1249 1257 1346 1380 1413 1454 1480 1491 1504 1506 1567 1578 1590 1657 1709 1722 1734 1747 1799 1810 1843 1858 1873 1900 1917 1923 1936 1950 1961 2029,CO[C@H]1[C@@H]2CO[C@@H]3[C@H]([C@@H](CO3)O)N2/C(=C\4/C5=C(C(=C(C(=C5C(=O)N4)C(=O)OC)C(=O)OC)C(=O)OC)C(=O)N6CCO[C@@H]7[C@H]6[C@H](CO7)O)/OC1
1184,CC(=O)Oc1ccc(C(=O)OCC(=O)OC(=O)c2ccccc2)cc1,80 121 145 147 158 248 285 319 322 328 389 454 466 547 606 650 695 718 807 898 979 1017 1035 1057 1088 1147 1199 1273 1349 1351 1355 1380 1385 1386 1429 1439 1446 1492 1515 1522 1563 1697 1729 1750 1775 1820 1873 1948 1985 1997 2004,CC(=O)OC1=CC=C(C=C1)/C(=C\2/C=C/C(=C(\C3=CC=CC=C3)/OC(=O)C4=CC=CC=C4)/C=C2)/COC(=O)C5=CC=C(C=C5)OC(=O)C
1185,CC1(C2CCN3CCCCC23)CCN(c2ccccc2C#N)CC1,96 105 123 137 191 231 338 361 407 428 470 519 593 646 650 674 707 723 780 790 843 865 884 890 910 926 935 950 966 1019 1028 1039 1057 1060 1062 1088 1091 1136 1150 1162 1199 1274 1295 1325 1332 1380 1384 1388 1471 1480 1483 1524 1647 1689 1691 1702 1750 1801 1854 1862 1873 1998 2011,CC12CCN(CC1)C3=CC=CC4=C3C5(C6CCN7CCCCC7C6CC8=C(C=CC=C8N7C5N4CC2)C#N)C
1186,CN(C)C(=O)CN(C)C(=O)c1ccc(C=Cc2ccccc2)cc1,21 23 25 80 131 303 334 359 365 389 424 431 502 584 587 650 694 716 807 835 878 881 884 893 983 1006 1033 1057 1069 1072 1088 1093 1136 1163 1178 1187 1190 1199 1210 1221 1238 1241 1320 1326 1353 1378 1380 1384 1385 1480 1547 1653 1697 1750 1873 1903 1917 1957 1983 2015 2033,CN(C)C(=O)CN(C)C(=O)C1=CC=C(C=C1)/C=C/C2=C(P(C(=C2/C=C/C3=CC=CC=C3)/C=C/C4=CC=CC=C4)N(C)C(=O)N(C)C)/C=C/C5=CC=CC=C5
1187,O=C(Nc1ccc(Cl)cc1)c1sc2c(c1C(=O)O)CCN2Cc1ccc(Cl)cc1,19 80 83 115 162 191 216 239 254 310 361 374 386 389 456 469 486 509 526 561 586 627 650 716 781 807 816 843 853 914 926 935 943 955 1030 1045 1070 1077 1085 1089 1152 1160 1237 1350 1380 1431 1480 1502 1668 1683 1691 1718 1738 1750 1754 1765 1779 1816 1832 1846 1848 1873 1887 1917 1923 1926 1978,C1CN(C2=C1C(=C(S2)C(=O)NC3=CC=C(C=C3)Cl)C(=O)O)CC4=CC=C(C=C4)NC(=O)C5=C6CCN(C6=C(C(=C5C(=O)O)C(=O)O)C(=O)O)C(=O)O
1188,O=C1OCCn2c(=O)ccc(F)c(c2=O)CN1C(=O)c1ccccc1,20 104 152 157 167 216 255 314 339 361 382 389 394 414 441 472 504 536 608 650 656 660 668 699 725 759 778 807 839 856 907 925 935 950 1011 1088 1113 1141 1199 1215 1253 1269 1302 1357 1362 1380 1385 1387 1393 1480 1485 1487 1496 1504 1511 1539 1750 1840 1841 1872 1873 1915 1917 1928 1946 1985 2027,C1COC(=O)N1C(=O)N2CC3=C(C=CC(=C3C2=NN4COC(=O)N4C(=O)C5=CC=CC=C5)F)N6CCOC6=O
1189,COC(=O)C1=C(C)C(=O)C(=C(C(=O)O)C(=O)c2ccccc2)C(C)=C1,84 129 136 145 155 241 300 314 362 389 446 537 650 656 685 695 720 771 793 807 841 906 913 1057 1088 1093 1141 1152 1199 1250 1337 1352 1380 1385 1476 1500 1560 1604 1722 1734 1750 1768 1836 1873 1883 1901 1917 1985,CC1=C/C(=C(\C(=C(C2=CC=CC=C2)C(=O)C3=CC=CC=C3)C(=O)O)/C(=O)C4=CC=CC=C4)/C=C(C1=O)C(=O)OC
1190,Cc1ccc(-c2ccc3cc(c(C)cs2)C(=O)NS3(=O)=O)o1,15 62 67 80 121 162 183 184 207 219 312 314 331 352 442 469 515 537 544 552 650 656 675 806 840 857 875 900 977 1036 1057 1114 1188 1192 1224 1334 1354 1374 1380 1390 1391 1459 1480 1485 1498 1567 1586 1604 1618 1631 1651 1654 1657 1722 1728 1742 1750 1786 1803 1805 1827 1873 1937 1994 2004,CC1=CC=C(O1)C2=CSC(=C2)C3=C(NS(=O)(=O)C(=C3)C4=C(NS(=O)(=O)C(=C4)C5=CC(=O)OC(=C5)C)C)C
1191,CN(C)C(=O)N(C)c1ccc2cc(Cl)ccc2n1,54 138 165 199 215 216 320 378 389 429 449 561 564 582 650 723 744 793 799 807 816 844 875 881 961 1017 1021 1057 1096 1097 1159 1163 1216 1275 1352 1380 1449 1591 1648 1653 1683 1750 1855 1873 1917 1918 1951 1999,C/C(=C(/C(=O)C1=C(C=CC(=C1)Cl)N(C)C(=O)N(C)C)\N(C)C2=NC3=C(C=C2)N=C(C=C3)N(C)C(=O)N(C)C)/N(C)C
1192,CCCCCNC(=O)C1=CC=C(C(=O)c2ccccc2)C1=O,8 9 11 18 26 57 80 179 187 197 294 313 314 389 414 486 492 537 542 591 592 666 667 715 777 794 807 893 935 1017 1057 1088 1110 1152 1199 1249 1267 1380 1385 1439 1444 1445 1460 1476 1513 1540 1552 1567 1643 1740 1750 1764 1775 1873 1876 1900 1911 1917 1955 1985 2006,CCCCCNC(=O)C1=CC=C(C(=O)C1=O)C(=O)NCCCCN/C(=C/2\C(=O)C(=CC=C2C(=O)C3=CC=CC=C3)C(=O)C4=CC=CC=C4)/C
1193,COc1csc(C(=O)NNC(=O)c2cccc3ccccc23)c1,0 38 119 176 281 322 355 419 475 486 499 552 650 675 695 708 745 781 801 807 841 875 923 926 942 956 1039 1057 1087 1088 1096 1104 1152 1180 1199 1203 1206 1247 1298 1322 1357 1380 1386 1406 1447 1536 1567 1573 1675 1685 1750 1757 1844 1855 1873 1917 1991,COC1=CSC(=C1)C(=O)NNC(=O)C2=CC(=CS2)OOC3=CC=CC4=CC=CC=C43
1194,COC1(CCCCC2OC(=O)C(O)C3C(C(F)(F)F)=CC=C(N(C)c4ccc(F)cc4C(F)(F)F)C23)CC1,46 72 80 114 164 174 205 241 262 307 314 318 334 419 421 432 496 511 523 557 569 610 650 656 657 673 681 695 699 735 750 773 795 807 809 832 841 875 880 881 912 926 931 937 941 960 1019 1022 1057 1060 1155 1162 1163 1249 1257 1283 1309 1364 1380 1410 1435 1453 1457 1473 1486 1487 1577 1670 1717 1719 1742 1750 1771 1873 1911 1928 2018,CN(C1C(C(C(=O)O1)O)O)C2=CC=C(C=C2C(F)(F)F)[S+]3CCC(CC3)(CCCCC4C(C(C(=O)O4)O)OC)OC
1195,CC12CCN(CC1)CC2C(N)C(F)(F)F,1 8 23 26 114 136 214 247 287 307 327 349 368 396 470 729 739 786 806 832 884 926 935 937 966 1019 1057 1060 1153 1162 1171 1183 1204 1274 1283 1366 1397 1419 1453 1480 1508 1533 1573 1733 1757 1770 1783 1856 1918 1928 1947 1949 1996,CC1(CCN2CCN1CC(C2)C(CCC(C(F)(F)F)N)(C(F)(F)F)C(C(F)(F)F)N)C
1196,O=S(=O)(C1=C[N+]2=C(N3CC3)C=C1[N+]2([O-])[O-])N1CCCC1,21 84 160 163 212 213 292 302 328 350 366 399 407 434 453 463 476 501 527 535 539 541 585 592 614 650 681 692 715 729 800 926 935 1028 1061 1063 1121 1145 1187 1316 1323 1367 1380 1393 1431 1471 1476 1480 1508 1545 1566 1599 1730 1733 1739 1771 1813 1830 1873 1990 1998,C1CCN(C1)S(=O)(=O)[N+]2=CN(CC2)C3=CC4=C[N+](=CN5CCCC5)C(=CC4=C3)N6CCN(CC6)S(=O)(=O)C7CCC7
1197,N#CNC(=O)Nc1cccnc1-c1ccccc1F,75 213 323 352 378 401 448 451 571 573 650 674 690 699 702 789 790 807 854 949 984 1027 1032 1043 1088 1123 1152 1159 1177 1199 1210 1224 1260 1315 1340 1345 1380 1384 1452 1457 1508 1550 1696 1715 1750 1816 1822 1840 1866 1873 1917 1928 1966 1989,C1=CC=C(C(=C1)C2=C(C=CC=N2)NC(=O)NC#N)C3=C(C(=C4C3C4C5=CC=CC=C5F)F)C#N
1198,O=C(CCn1c(C(=O)c2ccc(Cl)cc2)c[nH]c1=O)NCc1cccc(Cl)c1,9 16 28 41 45 80 133 165 197 216 255 275 314 333 488 561 592 650 666 725 758 802 805 806 807 816 875 935 1039 1054 1066 1068 1070 1087 1088 1114 1128 1134 1145 1152 1273 1335 1341 1380 1385 1437 1451 1478 1549 1564 1573 1589 1591 1683 1697 1708 1750 1754 1774 1775 1779 1790 1814 1857 1873 1879 1917 1978 1996,C1=CC(=CC(=C1)Cl)CNC(=O)CCN2C3=C(C=C2C(=O)C4=CC=C(C=C4)Cl)N(C(=C3)C(=O)C5=CNC(=O)N5)NNC6=CNC(=O)N6CCC(=O)NCC7=CC(C=CC=C7)Cl
1199,O=c1ccccc2ccc(o1)c(-c1ccc(Br)o1)c2,38 121 153 302 304 306 311 314 351 352 458 538 548 562 574 650 651 656 660 674 690 721 728 742 791 837 852 875 975 1043 1088 1096 1106 1122 1199 1212 1222 1228 1353 1380 1406 1480 1502 1548 1604 1631 1638 1648 1662 1666 1729 1750 1762 1808 1810 1827 1845 1873 1885 1896 1937,C1=CC=C2C(=C1)OC(=C=C=C3C=CC(=C4C=CC(=C=C=C5C=CC(=C6C=CC(=C=C=C6O5)Br)O4)OO3)O2)C7=CC=C(O7)Br
1200,CCN(N=Nc1cc2ccc1n(C)c2=O)C(=NC#N)Nc1ccccc1-c1ccccc1,17 18 45 46 80 95 96 203 222 265 267 270 294 314 352 357 389 402 422 425 504 516 564 584 598 650 663 674 725 729 735 736 783 790 807 863 875 881 931 932 935 984 987 1051 1057 1088 1145 1152 1160 1182 1199 1224 1260 1276 1282 1297 1354 1380 1384 1395 1409 1417 1425 1564 1695 1696 1726 1750 1766 1779 1816 1855 1873 1920 1925 1934 1935 2021 2034,CCN(C1=C(N(C2=CC(=C(C=C2)N(C1=O)C)N=NC#N)C)C#N)C(=NC#N)NC3=CC=CC=C3C4=CC=CC=C4
1201,COCCSCc1c(C)[nH]c(=O)n1C(=O)c1cc(F)ccc1C,8 13 34 80 85 116 147 314 336 340 400 456 486 501 521 525 626 650 687 692 695 699 758 762 771 807 812 816 839 841 875 927 935 948 953 1005 1057 1114 1135 1182 1205 1282 1283 1294 1380 1391 1410 1487 1504 1507 1532 1594 1615 1623 1640 1656 1670 1691 1712 1722 1733 1745 1750 1822 1873 1898 1900 1916 1917 1928 1939 1991,CC1=C(C=C(C=C1)F)C(=O)N2C(=C(N(C2=O)C(=O)C3=C(NC(=C(C3=O)C)C(=O)N4C(=O)NC(=O)N4CC)C)CSCCOC)CSCCOC
1202,O=C1CN(CCCc2ccc(S(=O)(=O)N3CCCCCCC3)o2)C1=O,0 2 17 80 90 199 314 350 366 396 430 456 506 539 569 585 650 656 659 671 725 727 751 800 838 879 925 926 935 951 1028 1031 1089 1138 1143 1145 1155 1196 1214 1234 1243 1246 1350 1380 1414 1469 1476 1480 1582 1604 1632 1666 1711 1721 1750 1794 1853 1873 1911 1934 1946 1947 1949 1998,C1CCN(CC1)S(=O)(=O)C2=CC=C(O2)CCCN3CC(=O)/C(=N\S(=O)(=O)N4CCCC4)/C3=O
1203,CCN(CCCCN1CCCCC1)c1nc(NC(=O)c2ccccc2)ccc1-c1ccc(F)cc1Cl,2 44 79 80 180 213 234 259 266 294 325 352 366 378 389 482 486 529 540 561 648 650 653 680 683 693 699 769 797 807 875 876 881 893 898 902 926 932 935 967 1028 1057 1070 1088 1099 1145 1152 1199 1324 1353 1380 1385 1410 1422 1480 1482 1483 1487 1616 1632 1665 1669 1670 1683 1687 1750 1791 1795 1816 1855 1873 1907 1911 1917 1928 1929 1942 1951 1977 1979 1985 1998,CCC(=O)NC1=NC(=C(C=C1)C2=C(C=C(C=C2)F)Cl)N(CC)CCCCN(CC)C3=C(C=CC(=N3)NC(=O)C4=CC=CC=C4)C5=C(C=C(C=C5)F)Cl
1204,CC(C)N1C(=O)c2cc3ccc2c1[n+]3[O-],1 157 165 166 283 310 314 352 355 367 463 474 497 508 539 571 650 715 727 748 875 879 929 935 969 986 1057 1147 1208 1300 1314 1357 1380 1445 1449 1466 1495 1530 1572 1624 1723 1733 1750 1786 1827 1843 1857 1871 1872 1873 2006,CC(C)N1C2=C(C1=O)C=CC(=[N+]2[O-])[N-]C3=CC4=C(C=C3)C(=C5C=CC(=[N+]6C(=CC=[N-])C6=O)C=C5C4=O)[N-]C(C)C
1205,O=C(c1ccc(-c2ccccc2Cl)c(Cl)c1)N1CCN2CC3C4CCN(CC3C2C1)C4=O,5 77 107 124 294 314 335 347 352 366 375 389 407 451 455 497 506 561 618 622 632 633 650 680 736 739 753 807 855 875 876 926 935 974 984 1019 1023 1070 1088 1168 1199 1242 1273 1325 1342 1356 1380 1385 1480 1504 1589 1632 1657 1683 1689 1697 1723 1736 1750 1771 1784 1792 1833 1841 1854 1873 1880 1890 1917 2009,[B-]12(C3CCN1CCN(C3)C(=O)C4=CC(=C(C=C4)C5=CC=CC=C5Cl)Cl)CCN(CCN2C(=O)C6C7C6CN(C7)C8=CC=CC=C8Cl)C(=O)O
1206,Cc1ccc2nc(C(F)(F)c3ccccc3)cc(C(=O)NC(=O)OC(C)(C)C)c2n1,1 114 127 185 231 319 334 335 378 383 389 392 394 486 580 638 650 655 660 695 807 840 875 961 992 1040 1057 1088 1097 1116 1119 1124 1152 1198 1199 1301 1306 1347 1351 1380 1417 1453 1562 1574 1590 1686 1722 1724 1731 1750 1758 1812 1814 1825 1855 1859 1873 1917 1928 1966 1991 2017 2019 2028,CC1=NC2=C(C=C1)N=C(C=C2C(=O)NC(=O)OC(C)(C)C)C(C(C3=CC=CC=C3)(F)F)(C(C4=CC=CC=C4)(F)F)F
1207,O=C(CCn1cccc(-c2c3ccc(F)c2-3)c1=O)N1CCCCC1,2 80 90 95 145 186 214 216 260 314 352 369 393 454 457 473 504 585 650 665 680 698 699 726 760 807 834 926 935 936 962 984 994 995 996 1009 1028 1088 1101 1105 1111 1145 1180 1303 1368 1380 1433 1455 1469 1480 1505 1564 1645 1688 1718 1747 1750 1758 1760 1840 1873 1906 1917 1928 1998 2004 2009 2021,C1CCN(CC1)C(=O)CCN2C=CC=C(C2=O)C3=C(C=CC(=C3C4=CC=CN(C4=O)N5CCCC5)F)F
1208,O=C(CCN1CCCCC1)NC(=Nc1ccc(F)c(C(=O)O)c1C(=O)O)Sc1cccc(F)c1,2 18 20 27 41 80 110 116 126 152 200 216 230 240 281 293 299 355 356 357 382 389 395 401 456 458 529 562 586 650 675 699 725 807 811 819 844 873 875 926 935 948 955 996 1008 1028 1039 1088 1093 1103 1119 1122 1145 1152 1165 1167 1380 1386 1422 1480 1482 1487 1515 1564 1592 1613 1657 1670 1739 1750 1754 1791 1840 1873 1917 1928 1978 1993 1998,C1CCN(CC1)CCC(=O)NC(=NC2=C(C(=C(C=C2)F)C(=O)O)C(=O)O)S/C(=C\3/C=CC(=C(N3C4=CC(=CC=C4)F)F)F)/NC(=O)CSC5=CC=CC(=C5)F
1209,Cc1nc2c(S(=O)(=O)c3ccc(-c4ccc(Cl)cn4)cc3)nnc-2c(C)n1C,123 154 216 266 319 323 339 350 378 448 533 557 561 564 650 689 705 715 816 827 896 917 935 980 985 1025 1043 1057 1132 1145 1160 1164 1244 1291 1380 1407 1442 1452 1476 1492 1535 1571 1683 1704 1722 1739 1750 1766 1789 1808 1811 1829 1855 1873 1917 1934 1971 1998,CC1=C(N=C(N1C)C)S(=O)(=O)C2=CC=C(C=C2)C3=NN=C(C=C3)C4=NN=C(C=C4)C5=NC=C(C=C5)Cl
1210,CCN(C)C(=O)c1c(C#N)cc(C(F)(F)F)cc1C(F)(F)F,48 71 80 114 262 272 294 334 361 419 490 517 546 580 586 650 674 677 689 692 705 730 790 807 808 809 858 861 875 881 932 962 1055 1136 1158 1163 1221 1260 1359 1380 1384 1417 1444 1453 1554 1671 1765 1806 1815 1862 1873 1885 1917 1928 1973,C1=C(C=C(C(=C1C#N)C(=O)N(C)N(C)C(=O)C2=C(C=C(C(=C2C(F)(F)F)C(=O)N(C)CC)C(F)(F)F)C#N)C(F)(F)F)C(F)(F)F
1211,CCCn1c(C(=O)Nc2nnc(C)s2)ccc(OC)c1=O,9 44 80 90 94 129 162 197 249 254 294 305 314 341 361 378 385 399 455 470 486 488 504 544 619 624 650 665 675 695 702 738 794 802 820 841 935 965 988 991 1056 1057 1136 1143 1145 1152 1164 1173 1198 1226 1291 1298 1343 1380 1510 1536 1537 1580 1588 1618 1619 1693 1707 1722 1743 1749 1750 1816 1873 1917 1970 1971,CCCN1C(=CC=C(C1=O)OC)C(=O)C2=CC=C(N2CCC)C(=O)C3=CC=C(N3C)C(=O)NC4=NN=C(S4)C
1212,CC(C)(CN1CCCOC1=O)OC(=O)c1ccc(C(=O)N2CCCC2)o1,10 80 93 99 110 111 114 122 145 231 310 314 369 392 421 441 608 632 650 656 682 688 695 756 778 807 911 921 926 935 942 950 1028 1057 1084 1089 1123 1174 1250 1340 1380 1414 1429 1440 1480 1504 1563 1573 1604 1670 1699 1750 1753 1754 1811 1873 1917 1998 2009,CC(C)(CN1CCCOC1=O)OC(=O)C2=CC=C(O2)C(=O)N3CCCC3
1213,CCC1CCC(C)(C)C(C(O)C2CCC(=O)N2C(=O)OC(C)=O)C1(C)C,1 80 139 153 164 175 191 227 254 271 294 314 336 376 387 425 549 650 663 666 695 725 752 798 807 828 837 882 898 926 935 946 978 994 1000 1017 1019 1035 1057 1060 1062 1065 1125 1126 1162 1211 1223 1232 1274 1319 1325 1346 1380 1391 1454 1673 1679 1738 1761 1890 1893 1917 1932 1977 1979,B(CC)(CC)C(/C(=N/B1(C(CCC1(C)C)CC)OC(=O)N2C(CCC2=O)CC)/OC(=O)C)O
1214,CC(=O)NC(=O)c1ncc([N+](=O)[O-])c(-c2ccccc2)n1,14 32 55 190 245 315 316 323 347 354 378 389 391 459 471 485 486 650 679 715 716 720 722 736 753 779 793 807 838 880 974 1000 1004 1017 1057 1088 1119 1152 1160 1195 1199 1259 1380 1452 1494 1520 1535 1569 1717 1750 1855 1871 1873 1917 1931 1963 1973 1990 1993 2006,CC(=O)NC(=O)C1=NC=C(C(=N1)C2=CC=CC=C2)[N-]C3=CN=C(N=C3C4=CC=CC=C4)C(=O)NC(=O)C5=NC=C(C(=N5)C6=CC=CC=C6)[N+](=O)[O-]
1215,C#CCN1CC2CN(CC(C)(C)C)CCN2S1(=O)=O,0 32 44 74 80 114 164 193 207 221 345 392 469 504 550 600 611 632 633 650 674 731 739 915 926 935 941 974 981 997 1019 1041 1043 1054 1055 1057 1250 1271 1283 1318 1322 1443 1480 1486 1592 1624 1660 1712 1716 1791 1800 1811 1815 1881 1910 1979,CC(C)(C)CN1CCN(CC1)CC#CN2CC3CN(S2(=O)=O)CCN(S(=O)(=O)N3CC(C)(C)C)CC(C)(C)CN4CCN(CC4)CC#C
1216,CCOc1ccc(OCC)c(S(=O)(=O)N2CCN(c3nc4c(OC)cccc4s3)C2=O)c1,27 69 80 92 94 115 162 192 215 233 237 249 272 292 294 313 314 322 324 350 378 392 425 461 476 499 506 516 576 650 675 689 695 718 772 800 811 825 830 841 852 862 875 885 926 935 993 1039 1051 1057 1088 1091 1123 1209 1212 1238 1312 1363 1375 1380 1407 1410 1452 1457 1476 1480 1501 1536 1581 1590 1601 1626 1656 1673 1692 1719 1724 1750 1855 1873 1889 1970 2011 2024,CCOC1=CC(=C(C=C1)OCC)S(=O)(=O)N2CCN(C2=O)C3=NC4=C(C=CC=C4S3)OCN5CCN=C=C5
1217,CCCCC(C(=O)NC(C)C(=O)N1CCCCC1)N(C)C,1 2 75 80 89 108 117 189 254 283 294 325 347 369 395 396 517 552 573 591 607 650 739 752 794 807 881 926 934 935 989 1028 1057 1097 1152 1163 1168 1188 1283 1288 1328 1342 1347 1480 1527 1613 1665 1691 1856 1911 1917 1921 1959 1998 2009,CCCCC(C(=O)NC(C)C(=O)N1CCCCC1)N(C)[Sn](CCCC)(CCCC)N(C)C(CCCC)C(=O)N2CCCCC2
1218,CCCNC(=O)N(C)CCc1nnc(C)n1-c1ccccc1,10 18 58 69 80 154 167 168 183 193 197 210 217 288 294 318 334 378 389 439 491 530 650 667 685 720 794 807 814 881 917 935 1049 1056 1057 1066 1088 1121 1133 1152 1163 1164 1165 1199 1243 1287 1288 1306 1338 1380 1381 1474 1510 1550 1653 1692 1722 1747 1750 1825 1836 1873 1917 1951 1993,CCCNC(=O)N(C)CCC1=NN=C(N1C2=CC=CC=C2)N(CCC3=NN=C(N3C4=CC=CC=C4)C)N(C)C(=O)N(C)CCN(C)C(=O)N(C)C
1219,CCCC(OC(C)=O)C(OC1=CC=C2C(OC)=CC=C12)C(=O)O,1 10 36 69 80 117 142 294 354 387 389 409 448 451 517 565 567 650 664 695 725 739 794 807 841 862 912 925 929 954 1004 1006 1017 1035 1057 1167 1194 1217 1228 1249 1257 1280 1380 1394 1471 1492 1536 1565 1654 1673 1697 1756 1759 1824 1843 1844 1873 1917 2000 2021 2022,CCCC(C(C(C(=O)O)OC(=O)C)[Si]O[Si]OC)OC1=C2C(=CC=C2OC)C(=CC=C1OC)OC
1220,Cc1ccc2cc(C(=O)N(C)CCN(C)CCn3ccccc3=O)ccc2c1,21 53 80 90 96 166 192 203 235 314 322 334 369 370 384 396 514 575 607 626 650 677 717 807 836 875 881 890 899 935 978 1013 1053 1057 1058 1088 1099 1101 1141 1145 1163 1172 1199 1221 1236 1330 1380 1385 1427 1431 1440 1448 1455 1496 1594 1634 1687 1697 1722 1726 1750 1791 1822 1823 1834 1851 1855 1873 1876 1917 1940 1950 1951 1954 1984,CC1=CC2=C(C=C1)C=C(C=C2)C(=O)N(CCN(C)CCN3C=CC=CC3=O)CCN(C)CCN4C=CC5=C6C4=C7C(=C5)C=CC(=O)N7CCN6CCN8C=CC=CC8=O
1221,CC(=O)OC(=O)CCCCC(=O)N1CCCCC1=O,28 80 179 290 310 314 384 459 526 530 650 695 701 729 798 803 807 882 894 898 926 933 935 937 1009 1017 1028 1035 1057 1106 1148 1182 1215 1233 1267 1380 1386 1387 1399 1400 1473 1480 1488 1545 1564 1730 1738 1811 1885 1911 1917 1998 2039,CC(=O)OC(=O)CCCCC(=O)ON1CCC(=C(OC(=O)C)OC(=O)C)CC1
1222,CCOC(=O)C(CCOc1ccccc1)=C(c1ccccc1)c1ccc(OC)cc1,17 59 80 102 139 147 232 294 319 322 389 435 528 562 585 650 689 695 698 706 718 777 781 785 804 807 841 860 882 893 940 955 977 1034 1057 1088 1095 1199 1224 1238 1256 1289 1320 1380 1452 1536 1564 1609 1630 1654 1697 1722 1750 1822 1873 1897 1917 1971 1985 2022,CCOC(=O)/C(=C(/C1=CC=CC=C1)\C2=CC=C(C=C2)OC)/C(=C(\C3=CC=CC=C3)/C(=C(/C4=CC=CC=C4)\OC)/C(=O)OCC)/C(=O)OCC
1223,CCN1C(=O)N(CCN2C(=O)N=NC(=CC=CC3OCC3C(C)(C)C)C2=O)C(=O)C1CC(C)C,1 5 34 80 92 101 114 141 146 164 171 225 230 269 283 294 295 314 335 351 378 392 411 415 425 432 453 536 588 630 634 650 656 688 694 707 802 815 861 863 872 879 890 926 931 932 935 1003 1019 1030 1057 1079 1090 1092 1108 1118 1143 1145 1216 1217 1228 1380 1458 1487 1584 1618 1718 1742 1775 1778 1842 1847 1873 1893 1921 1923 2034,[B](C(C)C)N1C(C(=O)N(C1=O)CCN2/C(=C/C=C/C3COC(O3)C(C)(C)C)/C(=O)N(C2=O)CC)CC(C)C
1224,CCCCN(Cc1ccc(C(=O)OCC)cc1)Cc1ccc2ccsc2c1,14 39 55 80 145 147 203 251 294 310 348 351 410 426 507 554 559 591 606 650 675 695 759 772 794 807 875 876 881 885 914 921 1013 1057 1072 1147 1167 1225 1238 1380 1385 1522 1529 1551 1567 1581 1672 1695 1697 1722 1750 1754 1799 1855 1873 1881 1905 1911 1917 1951 2042,CCCCN(CC1=CC=C(C=C1)C(=O)OCC)CN(CC2=CC3=C(C=C2)C=CS3)CC4=CC5=C(C=C4)C=CS5
1225,CC(C)CCOC(=O)N(C)C,1 13 63 80 120 147 179 194 274 283 293 402 413 470 527 650 695 739 757 807 881 936 951 1042 1057 1083 1161 1163 1198 1232 1237 1263 1303 1462 1552 1653 1847 1860 1895 1917 1961 1990,CC(C)CCOC(=O)N(C)N(C)CC(C)N(C(=O)C(=PC(CCC(C)C)CN(C)C)C(=O)C(=O)N(C)C)N(C)C
1226,Cc1nc(Oc2ccc(Cl)cc2)nc2c([N+](=O)[O-])cccc12,92 151 164 193 213 216 238 259 322 354 377 378 455 521 561 635 650 655 675 695 715 718 753 761 816 838 961 1005 1008 1039 1057 1066 1070 1088 1192 1195 1357 1380 1415 1456 1476 1518 1573 1581 1600 1604 1617 1629 1653 1672 1683 1687 1722 1724 1750 1855 1873 1934 1961 1963 2000,CC1=C(C(=NC(=N1)OC2=CC=C(C=C2)Cl)C)OC3=C4C=CC=C(C4=NC(=N3)OC5=CC=C(C=C5)Cl)[N+](=O)[O-]
1227,CCCCCC1CCN(CCC(O)N2C3=CC=C(C#N)C2=CC=C3)CC1,1 29 80 114 123 220 227 289 294 334 338 340 345 503 519 547 559 566 591 674 685 712 739 789 790 794 800 807 832 848 862 906 914 926 929 935 985 1008 1019 1035 1057 1136 1145 1219 1249 1261 1325 1380 1384 1393 1427 1444 1480 1482 1599 1791 1812 1873 1876 1911 1925 1960,CCCCCC1CCN(CC1)CCC(C(C2=CC=CC3=CC=CC(=C4N3C2C(=CC=C4)C#N)C#N)O)N5C6=CC=CC7=CC=CC(=C75)C#N
1228,COC(=CC=Cc1ccccc1)C(=CC=C(C=Cc1c2c3ccc1cc3NC2=O)Nc1ccc(OC)cc1)OC,29 31 55 126 191 203 216 308 314 322 350 389 432 472 497 527 582 598 610 612 623 650 694 695 718 721 735 774 781 807 831 835 841 843 875 878 1028 1057 1060 1071 1077 1079 1081 1088 1114 1141 1152 1199 1220 1246 1250 1256 1319 1332 1347 1353 1357 1380 1403 1453 1479 1503 1521 1536 1559 1654 1657 1733 1747 1750 1792 1799 1816 1825 1855 1873 1879 1898 1982 2029 2033,COC1=CC=C(C=C1)N/C(=C\2/C3=C(C=CC4=CC=CC=C43)NC2=O)/C=C/C=C(\C=C/C5=CC=CC=C5)/C6=C(C(=O)NC6=O)/C(=C/NO)/OC
1229,COc1ccc2ccc(NC(=O)NCCNCCN(CCN)S(=O)(=O)Nc3ccc(O)cc3)cc2c1,8 74 80 183 184 191 192 197 202 203 206 249 308 312 322 350 419 425 435 501 598 625 650 659 667 678 695 718 745 750 781 804 807 835 841 843 875 881 897 981 995 1004 1057 1106 1152 1162 1171 1236 1256 1270 1297 1313 1322 1328 1380 1400 1476 1536 1602 1643 1646 1685 1750 1778 1816 1840 1855 1873 1878 1885 1917 1933 1951 1972 1974 1989 1990,COC1=CC2=C(C=CC(=C2)NC(=O)NCCNCCN(CCN)S(=O)(=O)NC3=CC=C(C=C3)O)C=C1
1230,COc1ccc(C(C)C2Oc3nc(C)ccc3N(Cc3ccc(C(=O)c4ccccc4C)cc3)C2=O)cc1,1 5 9 26 52 65 80 283 310 314 322 335 351 378 394 427 475 486 584 588 650 656 682 695 718 750 781 807 831 841 896 902 919 920 927 935 937 958 987 1019 1033 1057 1059 1081 1088 1110 1170 1199 1236 1278 1289 1295 1303 1313 1363 1365 1380 1385 1391 1412 1430 1447 1453 1536 1549 1683 1697 1722 1731 1750 1754 1765 1853 1855 1873 1915 1917 1950 1955 1991 1999 2033 2041,CC1=NC2=C(C=C1)N(C(=O)C3C2OC(=NC3=O)C(C)C4=CC=C(C=C4)OC)CC5=CC=C(C=C5)C(=O)C6=CC=CC=C6C
1231,COc1cccc(CN2C(=O)C(C)=C(C(=O)c3ccc(Cl)cc3)C2=O)c1,9 12 80 128 216 230 314 322 410 475 546 559 561 562 565 588 650 680 695 744 781 807 816 841 875 879 935 962 1039 1057 1066 1070 1088 1093 1123 1214 1244 1380 1499 1536 1581 1683 1697 1722 1750 1754 1765 1775 1873 1884 1907 1917 1929 1972 2029,CC1=C(C(=O)N(C1=C2C(=C(C(=O)N2CC3=CC(=CC=C3)OC)C(=O)C4=CC=C(C=C4)Cl)C)CC5=CC(=CC=C5)OC)C(=O)C6=CC=C(C=C6)Cl
1232,O=c1c2c3ccc([nH]3)c2n(C2CC2)c(=O)n1CCN1CCCC1,18 37 49 80 119 284 287 314 338 371 375 504 650 771 795 802 814 926 935 997 1019 1028 1072 1114 1145 1212 1268 1325 1334 1350 1380 1422 1440 1441 1468 1480 1482 1504 1599 1619 1626 1660 1688 1715 1745 1750 1783 1791 1873 1910 1914 1939 1948 1984 1998 2046,C1CCN(C1)CCN2C(=O)C3=C(NC4=C3C5=C(C=C4)NC(=O)N5C6CC6)N(C2=O)CN7C(=O)C8=C(C7=O)N(C(=O)N8C9CC9)C1CC1
1233,COc1cccc(NC(=O)N(CCC(=O)Nc2nccc3ccccc23)c2ccc(F)cc2)c1,8 41 57 68 80 90 114 115 157 175 184 191 193 235 271 282 322 378 381 394 400 476 511 562 650 669 695 699 703 708 741 756 781 783 787 807 810 841 850 875 881 939 960 1015 1057 1087 1088 1096 1104 1152 1167 1174 1198 1199 1264 1296 1357 1380 1382 1410 1427 1452 1536 1564 1573 1620 1632 1670 1700 1721 1750 1770 1816 1855 1863 1866 1873 1917 1928 1931 1951 1959 1972 1993,B(NC1=CC(=CC=C1)OC)(NC2=CC(=CC=C2)OC)OC(C3=NC=CC4=CC=CC=C43)(N(C5=CC=C(C=C5)F)C(=O)NC6=CC(=CC=C6)OC)NC7=CC(=CC=C7)F
1234,Cc1cccc(C(O)C2OC(=O)N(c3cc(C(F)(F)F)ccc3C#N)C2C)c1,1 67 114 194 205 227 233 276 314 361 367 369 584 608 650 656 665 674 750 780 790 804 807 809 875 888 935 962 979 1013 1019 1039 1047 1055 1057 1088 1136 1141 1250 1260 1295 1309 1354 1365 1380 1384 1417 1453 1479 1522 1581 1665 1666 1722 1750 1823 1854 1862 1866 1873 1922 1928 2016 2031 2044,C[C@H]1[C@H](OC(=O)N1C2=C(C=CC(=C2)C(F)(F)F)C#N)[C@@H](C3=CC=CC(=C3)C)[C@@H](C4=CC=CC(=C4)C)O
1235,CC(=O)Nc1nnc2c(C(F)(F)c3ccccc3)cccn12,85 95 100 114 157 173 245 353 378 389 419 481 534 571 600 624 638 650 807 812 849 855 915 935 990 1017 1035 1054 1057 1088 1101 1152 1164 1186 1199 1380 1417 1453 1470 1484 1493 1617 1621 1658 1665 1686 1688 1696 1750 1816 1824 1870 1873 1917 1928 1969 2017 2036,CC(=O)NC1=NN=C2N1C=CC=C2C(C3=CC=CC=C3)(C4=CC=C(C=C4)C(C5=CC=CC=C5)(C6=CC=CN7C6=NN=C7NC(=O)C)F)F
1236,O=C1CCCN1C(=O)CCC1CCCCC1,2 13 21 29 71 80 114 140 187 273 308 314 349 459 484 624 650 729 795 798 807 829 832 861 890 922 926 935 937 969 977 981 987 1009 1013 1019 1028 1051 1060 1138 1176 1179 1182 1202 1215 1235 1296 1325 1326 1346 1380 1387 1437 1480 1564 1713 1738 1892 1916 1917 1924 2037,C1CCC(CC1)CCC(=O)N2CCCC2=C3C(=O)C4(C(=O)[C]5[CH][C]([CH][C]5C4(N3C(=O)CCC6CCCCC6)CCC7CCCCC7)C(=O)N8CCCC8=O)CCC9CCCCC9
1237,Cc1[nH]c(=O)n(CCCCN2CCOCC2)c1-c1ccccc1C#N,53 62 80 146 147 289 314 352 361 384 468 475 523 641 650 653 656 660 674 692 693 695 758 790 847 893 926 935 950 984 1023 1057 1061 1062 1066 1088 1114 1136 1145 1180 1199 1375 1380 1384 1405 1441 1454 1480 1482 1532 1620 1644 1722 1733 1745 1750 1787 1791 1849 1862 1868 1873 1874 1884 1911 1932 2003,CC1=C(C(=O)NC(=O)N1)N2C(=C(N(N2CCCCN3CCOCC3)CCCCN4CCOCC4)C5=CC=CC=C5C#N)C6=CC=CC=C6C#N
1238,CC1C(=O)OC(C)(C)CN1C(=O)c1sc(Cl)cc1Cl,133 160 162 238 242 306 314 319 349 366 378 393 428 445 464 487 561 602 611 617 631 650 656 675 704 712 720 767 781 807 834 855 875 926 935 941 1008 1019 1025 1051 1057 1060 1147 1158 1195 1249 1274 1282 1305 1309 1360 1380 1504 1591 1675 1683 1715 1829 1873 1917,CC1C(=O)OC(CN1C(=O)C2=CN(C(=C2)Cl)C3=COC=C(O3)Cl)(C)C
1239,COC(=O)c1cc(C(Br)=C(OC)C(Br)=Cc2ccc(OP(=O)(O)OCC(C)C)cc2)ccc1-c1ccccc1,1 24 25 72 80 108 118 145 192 222 254 256 283 318 322 352 376 389 414 461 486 488 544 623 633 650 660 680 694 695 702 718 728 736 802 807 811 830 841 875 906 936 970 980 983 1005 1042 1057 1079 1088 1107 1109 1152 1160 1199 1208 1280 1332 1380 1385 1456 1513 1535 1550 1657 1670 1697 1707 1716 1746 1750 1817 1838 1847 1873 1912 1917 1991 2016 2033,CC(C)COP(=O)(O)OC1=CC=C(C=C1)/C=C(\C2=CC(=C(C=C2)C3=CC=CC=C3)C(=O)OC)/[N+](CCCl)(CO)C(=O)C4=CC(=C(C=C4)C5=CC=CC=C5)Br
1240,CCOc1ccccc1-n1nc2nc1C=C(N=NN1CCC(=O)N(CCSCC)C1=O)S2,28 80 84 92 116 117 165 237 294 314 324 350 378 425 479 562 567 588 642 650 651 653 675 695 714 725 752 798 818 839 850 864 878 903 926 931 935 940 953 992 1057 1064 1088 1095 1134 1145 1152 1157 1182 1199 1238 1295 1300 1330 1392 1410 1436 1452 1480 1504 1540 1647 1658 1679 1707 1709 1724 1738 1750 1756 1777 1839 1852 1855 1861 1873 1881 1904 1956 1970 2042 2044,CCOC1=CC=CC=C1N2C(=NC(=N2)N=NC3=CC(=O)C(=NOCC)S3)N=NC4=CC=CC=C4N5CCC(=O)N(C5=O)CCSCC
1241,O=C(c1ccccc1)N1CCOc2ccc(NS(=O)(=O)C(=O)Nc3cc(F)cc(Cl)c3)cc21,30 71 73 84 124 186 191 216 240 288 309 350 389 416 422 441 554 561 650 656 694 699 720 728 733 744 767 790 806 807 828 843 875 926 935 950 1012 1034 1035 1088 1096 1128 1151 1152 1199 1205 1242 1270 1295 1300 1362 1380 1385 1387 1391 1429 1456 1476 1480 1504 1511 1529 1539 1563 1647 1670 1683 1713 1747 1750 1816 1857 1861 1873 1875 1876 1895 1905 1914 1917 1921 1928 1937 1985 2004,C1CON(N1/C=C/2\N(CCO2)C(=O)C3=CC=CC=C3)C4=CC(=CC(=C4)Cl)NS(=O)(=O)/C(=C/N5C6=CC=CC=C6OCC5)/NC7=CC(=CC(=C7)F)Cl
1242,COC(=O)C1CCN(c2ccc(C(F)(F)F)cc2)C(=O)N1,21 42 63 200 202 233 301 314 362 383 442 455 534 536 602 605 618 638 650 695 807 809 841 890 926 935 994 1000 1019 1057 1092 1114 1127 1152 1170 1196 1246 1247 1260 1263 1325 1380 1417 1453 1457 1461 1480 1589 1645 1665 1721 1750 1764 1774 1825 1845 1873 1917 1928 1970 2043,COC(=O)C1CCN(C(=O)N1)[S+](C2CCN(C(=O)N2)C3=CC=C(C=C3)C(F)(F)F)OC4CCN(C(=O)N4)C5=CC=C(C=C5)C(F)(F)F
1243,O=C(NCCNc1cscc1C(F)(F)c1ccc(O)cc1)Nc1ccccc1,80 114 191 197 295 312 332 362 378 389 395 413 419 425 444 496 509 511 537 545 552 556 557 638 650 667 675 703 745 771 807 899 1003 1077 1088 1152 1156 1160 1199 1224 1256 1313 1380 1416 1417 1453 1462 1470 1511 1517 1602 1665 1686 1750 1769 1778 1816 1871 1873 1874 1877 1917 1928 1961 1976 1989 1990,C1=CC=C(C=C1)NC(=O)NCCNC2=C(N=CC=C2)[S+](CC(C3=CC=C(C=C3)O)(F)F)C4=CSC=C4NCC([NH2+]C(F)(F)F)(F)F
1244,CCCCCCCCCNC(=O)C1=C=NC=NC1=Nc1cc(OC)cc2ccc(OC)cc12,8 18 24 29 60 80 122 186 197 198 203 219 253 280 287 294 322 377 378 388 391 419 438 486 499 552 574 576 586 591 592 641 650 667 672 695 718 725 731 738 781 794 807 817 829 835 836 841 875 972 1035 1057 1132 1143 1152 1218 1232 1357 1380 1418 1444 1481 1536 1616 1619 1633 1656 1682 1750 1855 1876 1879 1911 1917 1924 1972,CCCCCCCCNC(=O)C1=C2C=C(C=CC2=CC(=C1C(=O)NOC3=CC4=C(C=C3)C=CC5=C4N=CN=C5)N=C6C=CC=N6)OC
1245,CCCN(CCC)C(=O)c1nnn2c3ccccc3n(CCc3ccccc3)c12,45 80 134 142 207 284 294 305 339 376 378 389 412 438 490 511 598 650 654 794 797 802 807 836 860 881 913 919 935 978 1045 1057 1066 1068 1079 1088 1106 1114 1145 1164 1199 1221 1243 1285 1324 1361 1380 1427 1456 1476 1571 1750 1754 1761 1767 1783 1798 1819 1842 1873 1915 1917 1951,CCCN(CCC)C(=O)C1=C2NN=NN2C3=CC=CC=C3N1CCC4=CC=CC=C4
1246,COc1cccc(-c2cccc(-c3ccc(C=C(N=[N+]=[N-])C(=O)NC(C(=O)O)C(O)C(C)(C)C)cc3)c2)c1,1 25 114 117 156 172 209 227 289 322 356 376 389 392 416 444 487 562 650 694 695 725 736 740 755 773 781 785 789 807 825 841 875 880 896 923 978 993 1001 1024 1039 1053 1057 1069 1071 1088 1101 1110 1118 1152 1160 1210 1237 1253 1280 1304 1340 1343 1380 1432 1449 1536 1543 1546 1615 1746 1750 1773 1777 1800 1838 1844 1873 1917 1964 1972 1988 2027 2033,CC(C)(C)[C@@H]([C@@H](C(=O)O)NC(=O)/C(=C/C1=CC=C(C=C1)C2=CC(=CC=C2)OC)/N=[N+]=[N-])[NH2+][C@H](C(=O)O)O[NH2+]C3=CC=CC(=C3)C4=CC(=CC=C4)OC
1247,CCC1C(=O)N(C)CCN1C(=NC#N)c1cccc(C(F)(F)F)c1,5 35 75 80 114 160 179 211 242 294 314 317 319 357 444 448 453 519 649 650 674 725 735 785 790 807 809 824 875 925 926 935 991 1007 1019 1039 1057 1068 1088 1118 1145 1148 1162 1233 1260 1265 1290 1317 1380 1384 1385 1411 1417 1453 1454 1456 1480 1522 1675 1693 1734 1743 1750 1766 1817 1868 1870 1873 1901 1910 1928 1952 1985 1994 2017 2044,CCC1C(=O)N(CCN1/C(=C(\C2=CC(=CC=C2)C(F)(F)F)/[NH2+]C#N)/F)CN3CCN(C3=NC#N)C
1248,C1=C2C(=N1)N(CCCCNc1ccccc1)CCCc1ccccc12,62 78 80 95 158 191 197 202 261 308 352 378 389 422 481 513 529 556 592 667 703 738 782 847 869 893 920 926 935 951 984 996 1006 1028 1038 1088 1089 1123 1138 1145 1152 1167 1199 1236 1260 1314 1380 1416 1431 1462 1476 1480 1594 1708 1738 1750 1848 1873 1911 1928 1953 1972,C1CC2=CC=CC=C2C3=NN(S4=C3C(=NC=N4)C1)CCCCNC5=CC=CC=C5
1249,O=S(=O)(c1ccccc1Cl)N1CCCCCCCC1,2 87 296 314 350 366 392 509 539 561 585 650 800 926 935 974 979 992 1028 1088 1091 1196 1199 1286 1300 1380 1476 1480 1497 1565 1662 1683 1712 1750 1779 1781 1860 1873 1878 1960 1998,C1CCN(CC1)S(=O)(=O)[N-]C2=CCN(CC=C(C2=O)Cl)S(=O)(=O)C3=CC=CC=C3Cl
1250,CC(=O)OCc1ccc(C)s1,64 80 126 137 147 162 209 271 380 386 411 414 504 516 564 650 656 667 668 675 695 721 726 745 807 808 846 1009 1017 1035 1057 1174 1246 1247 1317 1355 1371 1380 1405 1465 1645 1722 1733 1750 1799 1806 1843 1873 1917,B(C1=CC=C(S1)C)(C2=CC=C(S2)C)C3=C4C=CC(=C4C=C3)COC(=O)C
1251,CCc1cc(Cl)cc(-c2ncnc(CC)n2)c1,57 80 91 123 145 165 216 217 270 294 308 423 489 521 561 570 655 725 759 766 789 875 883 948 960 1057 1124 1159 1160 1171 1208 1380 1385 1443 1452 1538 1597 1642 1647 1683 1725 1747 1754 1778 1799 1810 1855 1873 1897,CCC1=CC(=CC(=C1)Cl)C2=C(N=CN=C2[Se]CC3=C4C(=NC=N3)N=C(C5=CC(=CC(=C5)CC)Cl)N=N[Se]4)C[Se]CC
1252,N#CCC1CCCCN1C(=O)OC(F)(F)F,80 86 104 114 181 193 231 239 242 270 299 360 393 557 594 617 627 650 674 695 790 807 890 909 935 936 969 979 1019 1028 1064 1065 1089 1259 1325 1367 1384 1390 1409 1441 1453 1480 1500 1517 1531 1549 1551 1552 1772 1888 1901 1917 1928 1955 1998,C1CCN(C(C1)CC#N)C(=O)OC(C(C(C(C(C(C(C(C(C(F)(F)F)(F)F)(F)F)(F)F)(F)F)(F)F)(F)F)(F)F)(F)F)(F)F
1253,CC(C)(C)CC(=O)CCCn1c(=O)n2c(=O)nc1c1ccccc12,45 50 80 114 181 229 248 314 315 318 360 378 392 399 465 548 650 710 771 793 802 807 878 935 945 997 1025 1051 1056 1057 1059 1061 1088 1097 1145 1151 1159 1179 1194 1199 1206 1227 1236 1270 1285 1357 1380 1422 1432 1516 1527 1554 1563 1564 1573 1592 1619 1620 1682 1696 1750 1853 1855 1873 1887 1911 1917 2003 2045,CC(C)(C)CC(=O)CCN1C2=CC=CC=C2N(C1=O)CCCC(=O)CCN3C4=NC(=O)N(N(C4=NC3=O)C(C)(C)C)[Si](C(C)(C)C)(C(C)(C)C)S
1254,CCCCCCN(C(C)=O)[Si](=O)N(C(=O)NCCCC)C(C)C,1 24 80 100 155 193 197 229 259 283 294 301 380 404 424 491 528 591 650 667 685 690 785 794 807 823 881 886 895 998 1057 1098 1143 1282 1297 1392 1403 1407 1420 1444 1473 1476 1529 1588 1605 1669 1730 1785 1852 1876 1911 1917 1951 2006,CCCCCCCCN(C(=O)N(CCCCCCC)[Si](C(C)C)C(C)C)[Si](C(C)C)[Si](C(C)C)[Si](C(C)C)[Si](C(C)C)[Si](CCCC)C(C)C
1255,O=S(=O)(NCc1ccncc1)c1ccc(Cl)cc1,26 29 80 216 255 262 299 317 319 334 350 378 383 397 493 502 561 577 638 650 715 816 871 883 907 976 1031 1070 1080 1124 1152 1208 1232 1380 1476 1525 1537 1572 1603 1606 1626 1627 1683 1698 1750 1754 1812 1866 1873 1933,C1=CC(=CC=C1S(=O)(=O)NCC2=CC=NC=C2)S(=O)(=O)NCN=S(=O)(C3=CC=C(C=C3)Cl)NS(=O)(=O)NCC4=CC=NC=C4
1256,CCCCCn1c2nc(c1-c1ncc(C(=O)NC(=O)c3ccccc3)s1)SCC2,38 41 80 81 157 162 184 256 275 289 293 294 319 325 328 378 389 419 421 438 486 542 591 650 675 702 708 789 794 798 800 802 807 856 893 926 930 935 1038 1057 1087 1088 1119 1145 1152 1170 1171 1199 1293 1380 1385 1440 1444 1452 1463 1506 1535 1572 1603 1620 1645 1660 1665 1738 1740 1747 1750 1814 1822 1855 1873 1911 1917 1934 1974 1985 2013,CCCCCN1C2=C(C3=C1C(=C(S3)CC(=O)NC(=O)C4=CC=CC=C4)C5=NC=C(S5)C(=O)NC(=O)C6=CC=CC=C6)N=C7CCS2
1257,CCN1C(=O)C2=CC(F)(F)C3(CCCCC3)CCN(C2=O)C1=O,2 34 64 80 92 93 147 251 294 310 314 372 398 528 588 606 644 650 681 702 735 748 879 926 935 976 1028 1057 1060 1063 1087 1091 1162 1167 1264 1336 1360 1380 1395 1447 1457 1480 1487 1574 1606 1608 1615 1621 1638 1666 1691 1789 1863 1873 1877 1905 1928 1931,CCN1C(=O)C2=CC3(CCCCC3)C4(C2(C1=O)F)N5CCC(C=C5C6(CCCCC6)N7C4=CC8(CCCCC8)CC7)(F)F
1258,Cn1cnnc1N1CCCC(CCN2CCCC2)C1,20 29 80 165 184 191 281 378 407 428 446 484 541 546 566 652 660 680 739 832 926 932 935 999 1028 1057 1129 1145 1155 1164 1300 1325 1365 1377 1380 1409 1422 1462 1477 1480 1482 1505 1515 1635 1655 1735 1791 1797 1848 1873 1968 1998,CN1C=NN=C1[N-]N2CCCC(C2)CCN3CCCC(C3)CCN4CCCC(C4)CCN5CCCC5
1259,COc1cccc(Oc2ccccc2CC(Cc2ccc(F)cc2)Nc2nccc3ccccc23)c1,1 8 42 79 80 90 109 157 177 224 240 322 378 484 517 551 562 626 690 695 699 708 724 781 787 841 857 875 911 993 1031 1039 1057 1087 1088 1104 1139 1152 1188 1199 1217 1237 1327 1349 1357 1370 1380 1410 1438 1452 1479 1518 1536 1537 1573 1597 1615 1617 1644 1670 1677 1721 1724 1736 1750 1754 1796 1807 1855 1866 1873 1885 1928 1970 1972 1983,COC1=CC(=CC=C1)OC2=C3C(=CC(=C2)CC(CC4=CC=C(C=C4)F)NC5=NC=CC6=CC=CC=C65)C7=CC=CC=C7C(=N3)OC
1260,O=C(O)C1=CC=C(O)C1=NNC(=O)c1ccccc1,9 36 45 106 240 244 246 318 350 369 389 414 415 456 486 548 650 662 725 735 759 798 807 880 914 985 1027 1067 1088 1152 1199 1249 1302 1380 1385 1410 1567 1602 1634 1665 1750 1752 1887 1917 1960 1985 2002,C1=CC=C(C=C1)C(=O)N/N=C/2\C(=CC=C3N2C(=C4N3/C(=N\NC(=O)C5=CC=CC=C5)/C(=N4)C(=O)O)C(=O)O)C(=O)C6=CC=CC=C6
1261,CCC(C)CN(c1nc2ccccc2s1)S(=O)(=O)c1ccc(OC)cc1OC,1 80 119 162 194 211 235 249 283 289 294 322 350 378 379 392 430 461 506 557 599 635 640 650 675 695 718 730 781 799 801 815 841 875 881 885 964 980 991 1057 1088 1097 1110 1199 1270 1310 1321 1369 1380 1476 1536 1544 1661 1684 1750 1851 1852 1855 1860 1873 1970 1972 2002,CCC(C)CN(C1=NC2=CC=CC=C2S1)S(=O)(=O)C3=C(C=C(C=C3)OC)S(=O)(=O)N(CC(C)CC)C4=NC5=CC=CC=C5S4
1262,COCCCCOC(=O)c1cc(-c2cc3sccc3cc2OC)cc2ccc(C(F)(F)F)cc12,13 14 80 91 102 107 114 142 145 147 157 203 204 215 249 257 352 365 387 404 486 495 545 554 647 650 675 695 807 809 836 841 843 875 876 885 913 921 1005 1038 1057 1142 1160 1162 1249 1260 1324 1357 1380 1397 1403 1417 1453 1522 1529 1536 1563 1567 1592 1664 1665 1673 1728 1734 1750 1763 1782 1795 1852 1855 1873 1911 1917 1928 1932 1970 1973 1991,COCCCOC(=O)C1=C2C=C(C(=CC2=CC(=C1)C3=C(C=C4C(=C3)C=CS4)OC)OC)C5=CC(=C6C=C(C=CC6=C5)C(F)(F)F)C(=O)OCCCOC
1263,Cc1cccc(C(=Nc2ccccc2)C(=O)N2CCCC2)c1,101 161 167 221 369 389 513 547 650 653 725 793 807 837 875 890 904 926 935 956 983 1013 1028 1039 1055 1057 1086 1088 1110 1122 1195 1199 1316 1380 1382 1385 1480 1581 1613 1722 1750 1767 1768 1792 1815 1823 1854 1873 1875 1917 1985 1998 2009 2044,CC1=CC(=CC=C1)C(=NC2=CC=CC=C2)C(=C3C=CC(=C4C=CC(=C5C=CC(=C4)C)C=C5)C=C3)C(=O)N6CCCC6
1264,CC(=O)Nc1ccc2c(c1)Sc1nc-2cn1CCCc1cc(Cl)c([N+](=O)[O-])cc1C,62 80 118 132 181 184 191 221 232 245 308 317 352 354 360 366 378 380 416 425 430 431 464 561 599 619 650 675 680 715 716 753 807 838 843 849 875 935 949 980 1016 1017 1032 1057 1071 1116 1145 1152 1158 1195 1239 1243 1284 1340 1349 1379 1380 1391 1418 1455 1527 1559 1649 1683 1689 1722 1750 1800 1816 1834 1855 1859 1866 1873 1886 1909 1911 1917 1929 1963 1999 2016 2044,CC1=CC(=C(C=C1CCCN2C=C(N=C2[N+](=O)[O-])C3=C(C=C(C=C3)NC(=O)C)C)Cl)C4=CN(C(=N4)[N+](=O)[O-])[N+](=O)[O-]
1265,CCN(C(=O)N1CCCCC1)C(=O)N(C(=O)N(C)C)C(C)(C)C,2 37 80 114 157 205 224 283 294 307 333 369 392 426 496 518 554 647 650 757 760 799 807 811 875 881 915 917 926 932 935 1028 1057 1060 1072 1161 1163 1217 1258 1275 1404 1437 1480 1487 1522 1549 1629 1648 1650 1653 1669 1692 1779 1917 1998 2009,CCN(C(=O)N1CCCCC1)C2(C(=CC(=C(N2C(=O)N(C)C)N(C)C(C)(C)C)N(C)C(=O)N(C)C)N(C(=O)N(C)C)C(C)(C)C)C(=O)N(C)C
1266,CCCC[N+](=O)c1cc(C(=O)N2CCCCC2)ccc1C(C)(C)C,74 80 114 135 231 294 311 369 382 392 396 419 472 497 542 591 618 623 624 650 716 718 753 771 794 807 875 926 935 942 1028 1031 1057 1099 1253 1273 1339 1380 1385 1405 1415 1440 1480 1504 1551 1559 1573 1615 1628 1631 1697 1750 1785 1827 1873 1911 1917 1950 1963 1998 2009,CCCC[N+](=N)C1=C(C=CC(=C1)C(=O)N2CCCC2)C(C)(C)C(=O)C(C)(C)N3CCCC3
1267,COc1ccccc1C=C(COC(=O)C(C)OC(C)=O)OC1CCCC1,1 69 80 119 125 131 147 249 283 348 441 501 533 650 654 694 695 731 775 807 827 841 883 890 926 961 994 1017 1019 1028 1035 1057 1088 1125 1126 1147 1155 1199 1205 1228 1249 1269 1279 1300 1313 1325 1377 1380 1394 1410 1536 1543 1589 1606 1658 1746 1750 1873 1917 1970 2004,CC(/C(=C\C1=CC=CC=C1OC)/OCC(=O)OC2CCCC2)OC(=O)C(C)OC(=O)C(C)OC(=O)C
1268,CCC1CC(S(C)(=O)=O)CCN1C(=O)c1cc(C(F)(F)F)ccn1,8 11 38 80 114 129 223 235 242 258 294 350 378 403 475 484 505 529 552 650 692 712 745 807 809 855 875 911 926 935 942 968 1014 1019 1057 1157 1224 1260 1288 1292 1325 1380 1383 1417 1426 1452 1453 1454 1476 1480 1504 1521 1522 1552 1611 1659 1662 1664 1750 1792 1866 1873 1887 1917 1928 1934 1952 1981 2045,CCC1CC(CCN1C(=O)C2=NC=CC(=C2)C(F)(F)F)S(=O)(=O)C(=O)NNC(=O)N3CCC(CC3CC)S(=O)(=O)C
1269,O=C1N2CCCN1CCN(C(=O)n1nc3cccc-3n3ccnc13)CC2,92 105 273 290 299 314 378 387 389 407 503 650 673 680 733 807 839 842 878 893 926 935 973 980 1028 1039 1083 1088 1101 1172 1304 1380 1423 1452 1480 1508 1589 1641 1692 1714 1750 1773 1786 1799 1801 1851 1866 1873 1917 1940 1956 1969 1986 2009 2023 2038,C1CN(CCN(C1)C(=O)N2CCN(CC2)C(=O)N3CCCN(CC3)C4=NC=CN4C(=O)O)C5=CC=CC(=N5)C6=NN(C=C6)C(=O)O
1270,Cn1c(=O)n(CCn2c(=O)[nH]c3ccccc32)c2ccccc21,45 68 80 108 119 161 164 286 297 314 415 456 461 564 621 641 650 677 758 771 802 828 888 935 940 987 990 1033 1057 1066 1079 1088 1114 1145 1199 1214 1285 1327 1380 1382 1482 1558 1582 1587 1599 1609 1727 1745 1750 1783 1811 1861 1873 1891 1933 1950 2015,CN1C2=CC=CC=C2N(C1=O)CCN3C4=CC=CC=C4[N+](C3=O)(C)C[Ge](C)(C)CN5C6=CC=CC=C6NC5=O
1271,CC12CC(CCO1)N1C3=NC4=CC=C(S3)c3oc4cc3N(CCC1(C)C)C2,36 62 82 121 171 190 218 237 241 338 378 385 407 432 448 450 546 602 614 631 656 675 679 708 742 814 828 831 875 890 897 926 927 935 950 957 1017 1019 1053 1057 1059 1060 1074 1083 1131 1142 1162 1175 1202 1234 1274 1295 1325 1380 1419 1440 1480 1535 1594 1604 1648 1651 1664 1706 1767 1816 1873 1889 1910 1946 1985 2028 2044,CC1(CCOC2(N1C3CC3)CCN(CC2)C4=CN=C(O4)C5=CC6=C(O5)N=C7N(C68CCN(CC8)N9C(CCO9)(C)C)C1CC1)C
1272,Cc1ccc(NCc2cncnc2N)c(C#Cc2cc3ccc2NS3(=O)=O)c1,74 80 91 170 175 207 235 255 302 378 430 451 469 489 618 650 666 674 730 750 789 840 865 875 970 977 1013 1057 1061 1114 1134 1152 1171 1224 1236 1241 1349 1355 1380 1413 1416 1423 1448 1452 1457 1459 1480 1481 1513 1535 1570 1572 1586 1603 1604 1614 1617 1631 1694 1722 1750 1782 1786 1823 1856 1862 1873 1901 1908 1982 2029 2047,CC1=CC(=C(C=C1)NCC2=CN=CN=C2N)C#CC3=CC4=C(C=C3)NS(=O)(=O)N=C4NC5=CN=CN=C5N
1273,COc1c2c3nnc1c(OC)c1cc(Cl)cc(c1c1n[nH]cc1n3)CN1CCCCN(CC1)C2=O,90 100 108 109 216 230 314 333 355 378 407 470 508 521 535 560 561 570 600 623 638 650 653 680 695 734 769 781 783 841 872 875 879 926 935 937 955 979 999 1006 1024 1028 1051 1057 1058 1092 1097 1114 1164 1173 1211 1236 1310 1357 1380 1444 1480 1508 1519 1526 1536 1573 1599 1633 1683 1719 1724 1747 1808 1855 1865 1873 1879 1895 1946 1981 1984 1998 2004 2012,c1(c2c(cc3c1c1c(CN(C3=O)OC)cc(cc1c1c3c(nc4c1n[nH]c4)nc1c(c3OC)c[nH]n1)Cl)CN1CCCC1)c1c(n2)n[nH]c1
1274,Cc1cc2ncc1c(=O)n2CCN1CCCN(CCCOc2ccccc2)C1=O,13 80 92 102 198 205 260 303 314 322 371 378 389 502 504 508 515 546 562 650 695 702 802 819 875 897 926 935 951 1028 1034 1057 1063 1083 1088 1089 1123 1145 1199 1269 1357 1380 1391 1452 1464 1480 1506 1526 1535 1548 1558 1574 1599 1614 1677 1696 1712 1722 1750 1759 1803 1873 1893 1911 1924 1927 1992,CC1=CC2=NC=C3C(=O)N(C(=O)[N+](C3=O)(N2N=C1C)OCCN4CCCN4CCCOC5=CC=CC=C5)CCOC6=CC=CC=C6
1275,C#COCCC1(C)CCC2CCC1C2COc1ccc2c(c1)sc1ccccc12,13 25 80 152 162 176 274 322 326 364 461 493 519 562 565 585 674 675 695 706 718 749 778 795 825 834 875 885 900 905 915 926 937 945 962 971 974 1019 1057 1058 1060 1088 1115 1121 1136 1162 1199 1200 1220 1239 1274 1286 1325 1357 1380 1415 1418 1428 1445 1446 1452 1501 1513 1573 1654 1672 1725 1733 1744 1750 1873 1890 2035 2039 2047,CC1(CCC2CCC1C2COC3=CC4=C(C=C3)C5=CC=CC=C5S4)CCC6(CCC7CCC6C7COC8=CC=CC=C8)OC#C
1276,CCCNc1ncc(N)nc1-c1ccc(NC(=O)N2CCCCC2)c2ccccc12,1 2 10 20 62 68 80 98 134 182 197 218 294 323 352 368 369 377 378 392 432 440 526 641 650 667 680 708 733 768 794 807 814 854 905 926 935 1028 1057 1088 1113 1125 1152 1171 1199 1224 1290 1357 1380 1381 1387 1416 1439 1443 1452 1457 1468 1480 1535 1539 1573 1589 1629 1631 1650 1743 1750 1784 1816 1855 1856 1873 1880 1907 1917 1990 1998 2009,CCCNC1=NC=C(N=C1NC(=O)N2CCN(CC2)C(=O)NC3=CC=C(C4=CC=CC=C43)C5=NC=C(N=C5NCCC)N)N
1277,COc1c(Cl)nc2c(c1C(=O)N1CCCC1)CCCC2,27 207 276 310 333 339 369 378 420 561 586 589 601 649 650 807 830 833 841 924 926 935 942 946 978 1028 1051 1057 1132 1133 1142 1151 1205 1304 1380 1391 1480 1504 1536 1599 1683 1738 1855 1917 1923 1948 1998 2009,COC1=C(C2=C(CCCC2)N=C1Cl)C(=O)N3CCN(S(=C(C4=NC(=C(N=C4Cl)Cl)Cl)C(=O)N5CCCC5)(C3)C)C
1278,CC1=CC(c2ccnnc2O)=C1,0 84 106 242 278 281 321 352 378 401 439 685 744 807 814 927 940 944 1057 1137 1141 1164 1220 1261 1310 1325 1380 1496 1602 1722 1750 1781 1799 1815 1866 1873 1879 1910 1925 1935 1950,c12N=C3C(=CC(=CC3)C)C=C(c1ccnn2)O
1279,Nc1nnc(-c2ccccc2N)[nH]1,352 371 378 380 494 584 600 608 694 697 704 867 910 927 938 943 981 984 1008 1026 1088 1114 1164 1171 1192 1199 1279 1351 1380 1433 1457 1609 1684 1745 1750 1873 1881 2044,C1=CC=C(C(=C1)C2=NN=C(N2)/C=C/3\N=C4C(=N3)N=C(N=N4)C5=CC=CC=C5N)N
1280,COc1ccc(OC(C)(C)C)cc1C(=O)N1CCCC1,94 114 131 222 235 249 298 322 326 329 362 369 392 495 548 650 695 718 739 769 807 841 845 850 875 926 935 942 1028 1057 1195 1283 1312 1380 1455 1456 1459 1480 1504 1536 1550 1750 1859 1873 1905 1917 1966 1970 1989 1991 1995 1998 2009,CC(C)(C)OC1=CC(=C(C=C1)OC)C(=O)N2CCCC2[S+](C3=CC(=C(C=C3)OC)C(=O)N4CCCC4)OC(C)(C)C
1281,O=c1n(CCCCOc2ccccc2Cl)c(=O)n2ccn12,13 19 62 80 96 126 145 182 302 314 366 422 485 504 561 602 650 651 695 771 802 875 890 893 912 935 974 991 1004 1027 1056 1088 1101 1121 1137 1145 1199 1249 1251 1341 1380 1403 1410 1429 1446 1452 1518 1620 1631 1646 1653 1667 1670 1683 1750 1799 1873 1911 1917 1949 1970 1971,C1=CC=C(C(=C1)OCCCCN2C(=O)C(=O)N(N(C2=O)OC(=O)C3=CC=CC=C3Cl)N4C=CN(C4=O)OC5=CC=CC=C5Cl)Cl
1282,N=C(N)N=C(N)NC(=O)c1ccccc1O,49 78 132 140 185 252 285 297 446 486 566 615 623 630 650 689 725 739 807 881 941 958 967 989 991 1088 1093 1104 1119 1152 1171 1211 1244 1249 1350 1380 1400 1447 1519 1602 1607 1627 1658 1750 1771 1821 1831 1851 1873 1917 1957 1980 1991,C1=CC(=C(C=C1)C(=O)NC(=N)N(C(=N)N)N(C(=N)N)C(=N)N=NC(=O)N=C(N)NC(=O)C2=CC=CC=C2O)O
1283,CC(C)(C)OCC1OC1COc1ccc(C#N)cc1,34 80 102 114 115 285 305 310 322 387 392 431 448 508 544 610 656 674 695 718 749 790 791 802 956 979 1019 1057 1118 1136 1238 1357 1380 1452 1498 1512 1561 1681 1741 1750 1848 1859 1921 1922 1954 2015,CC(C)(C)OCC1C(O1)C[Si](C2OCC(OC2COC(C)(C)C)COC3=CC=C(C=C3)C#N)(C4OC(C(O4)COC(C)(C)C)COC(C)(C)C)C(C)(C)C
1284,CCOC(C)(C)c1nc2n3c(n(C)cc(Br)ccc13)=N2,23 45 80 114 128 165 284 294 378 392 448 449 451 464 467 489 510 548 661 695 720 728 758 780 791 882 889 909 927 928 935 964 996 1023 1040 1047 1055 1057 1083 1108 1128 1145 1156 1157 1158 1159 1168 1218 1238 1279 1380 1384 1409 1443 1460 1465 1470 1631 1690 1750 1814 1849 1855 1867 1873 1897 2021,CCOC(C)(C)C1=NC(=C2[NH+](C=C[NH+]2I)C)N=C1C(C)(C)OC3=CN(C4=C3C=C(C=C4)Br)C
1285,O=C(Nc1cccc(F)c1)C1(c2nc3ncc(F)cc3o2)CCOC1,29 41 63 96 184 191 222 230 263 292 310 378 391 409 523 547 553 600 615 650 656 688 691 703 717 807 871 875 920 926 950 1039 1060 1088 1095 1126 1151 1152 1162 1179 1209 1224 1333 1380 1452 1487 1535 1542 1604 1629 1635 1670 1747 1750 1808 1816 1824 1848 1855 1873 1910 1917 1928 1934 1954 1993 2021,C1CC(CO1)(C2=NC3=NC=C4C(=C3O2)N=C(O4)C5(CC5)C(=O)NC6=CC(=CC=C6)F)C(=O)NC7=CC(=CC=C7)F
1286,O=C(O)c1cn(-c2ccc(Cl)nc2NCCC(CN2CCCC2)c2ccccc2)c2cc(C(F)(F)F)ccc12,1 11 45 80 86 114 122 166 298 317 340 374 378 389 456 464 478 561 564 590 621 622 650 667 671 682 708 733 739 745 807 809 831 851 875 926 935 958 1006 1028 1047 1088 1122 1128 1152 1157 1190 1199 1226 1233 1246 1260 1295 1326 1327 1357 1365 1380 1416 1417 1422 1439 1453 1461 1480 1489 1498 1522 1581 1604 1654 1665 1683 1733 1750 1758 1791 1855 1873 1875 1886 1915 1917 1922 1928 1991 1994 1998 2023,C1CCN(C1)CC(CCNC2=C(C=CC(=N2)Cl)N3C=C(C4=C3C=C(C=C4)C(F)(F)F)C(=O)O)C5=CC=CC=C5
1287,COc1ccc(CN(CCCNC(=O)c2ccccc2)C(C)=O)cc1,8 9 15 56 80 172 181 187 197 262 265 310 316 322 389 439 443 473 486 507 555 587 628 650 656 667 695 718 781 807 831 841 881 978 1017 1057 1088 1103 1147 1152 1190 1199 1266 1272 1349 1380 1385 1395 1414 1510 1536 1575 1588 1638 1646 1665 1746 1750 1754 1798 1807 1873 1876 1890 1911 1917 1951 1966 1985 2012,CC(=O)N(CCCNC(=O)C1=CC=CC=C1)CP2(OC(=C(O2)OC)OC)(CN(CC3=CC=C(C=C3)OC)C(=O)C)NCCCNC(=O)C4=CC=CC=C4
1288,Cc1cccc(-c2nc3nc(NC(=O)c4cccnn4)c2s3)c1,94 123 131 143 162 175 220 236 281 323 353 378 410 439 457 471 486 551 650 659 675 684 708 723 736 807 819 855 875 900 944 952 1013 1039 1043 1055 1056 1057 1068 1084 1088 1152 1160 1164 1186 1202 1271 1301 1367 1380 1390 1439 1494 1683 1689 1715 1722 1750 1785 1816 1823 1855 1866 1873 1917 2023,CC1=CC(=CC=C1)C2=C(N=C(C(=N2)NNC(=O)C3=NN=CC=C3)C4=CC=CC(=C4)C)C5=NC(=C(S5)C(=O)[Se])C6=CC=CN=N6
1289,CCCN(CCCOc1cc2cc3[nH]c2cc13)CCOC(C)=O,13 37 80 119 147 188 241 251 294 304 312 431 569 617 650 674 695 719 769 794 807 824 844 846 875 881 891 1017 1035 1057 1060 1114 1142 1147 1160 1172 1173 1196 1210 1270 1333 1357 1361 1362 1380 1394 1452 1518 1581 1583 1602 1605 1626 1646 1649 1668 1701 1745 1761 1773 1855 1873 1911 1917 1951 1970 2020,CCCN(CCC)CCCOC1=CC2=C3C=C4C(=CC5=C(C=C(N5)C=C6C(=CC(=C1)N6)C=C2N3)OCCOC(=O)C)C4(CN(CCC)CCOC(=O)C)COC(=O)C
1290,CCOc1cccc(S(=O)(=O)N2CCCCCN(c3cc4ccc3c(=O)n4C)CC2)c1,2 29 62 69 80 119 231 237 260 268 294 314 319 322 323 350 366 395 403 407 467 504 539 562 564 575 585 610 647 650 680 695 699 707 757 800 875 882 926 935 1014 1039 1057 1077 1080 1088 1090 1142 1145 1238 1273 1279 1295 1325 1357 1380 1417 1431 1452 1465 1476 1480 1501 1508 1521 1551 1632 1729 1733 1750 1873 1998,CCOC1=CC(=CC=C1)S(=O)(=O)N2CCN(CC2)C3=CC4=C(C=C3N5CCCCC5)C(=O)N(C6=C4C=CC(=C6)S(=O)(=O)OC7CC7)C
1291,Cc1ccc(F)c(NC(=O)N2CCn3c(=O)n(c4cnccc43)CC2)c1,45 82 86 207 213 216 218 220 235 314 368 378 445 650 699 725 740 771 807 810 875 926 933 935 951 1013 1057 1152 1208 1211 1224 1320 1360 1374 1380 1381 1402 1444 1468 1480 1496 1526 1535 1586 1589 1595 1603 1619 1634 1668 1687 1722 1750 1788 1816 1823 1840 1866 1873 1917 1928 1997 2009,CC1=CC(=C(C=C1)F)NC(=O)N2CCN3C4=C(C=NC=C4)N(C3=O)N=S5(=O)N(C=N5)C
1292,O=C(NCCCC(=O)N1CCCC1)OS(=O)(=O)c1ccccc1,80 86 109 125 140 173 186 197 210 258 350 369 389 526 568 575 648 650 667 695 698 730 746 760 770 807 925 926 935 946 996 1009 1028 1088 1104 1152 1153 1179 1199 1241 1257 1280 1319 1380 1424 1436 1476 1480 1541 1564 1590 1650 1652 1750 1758 1770 1860 1873 1876 1911 1917 1998 2009,C1CCN(C1)C(=O)CCCNC(=O)OS(=O)(=O)C2=CC=CC=C2
1293,O=C(c1cccc(Cl)c1)N1C(=O)N(C2CCCC2)CC12CCSC2,43 71 145 165 181 216 255 257 285 299 313 314 398 412 420 518 555 561 590 592 602 618 650 675 684 719 789 807 834 869 875 890 926 935 970 998 1019 1025 1028 1039 1060 1063 1073 1088 1108 1162 1172 1192 1207 1212 1259 1325 1338 1353 1372 1380 1385 1442 1455 1459 1504 1530 1590 1594 1671 1683 1750 1757 1784 1858 1873 1894 1899 1910 1917 1985 1993,C1CCC(C1)N2CC3(C2=O)CCSC3C4=CC=CC(=C4)C(=O)N5C67CCCC(N6C(=O)C8=CC(=CC=C8)Cl)SC7
1294,CCCCCC(=O)N(CC)S(=O)(=O)c1cccc(N(C=NC)c2nc3ccccc3s2)c1,51 80 119 162 188 204 207 221 287 288 289 293 294 319 350 355 362 377 378 461 462 506 557 575 591 619 650 675 694 725 761 785 794 807 815 854 875 881 885 932 943 950 964 980 983 1001 1014 1039 1057 1088 1096 1097 1165 1199 1202 1212 1238 1263 1267 1294 1380 1444 1476 1484 1564 1584 1744 1750 1798 1855 1873 1877 1911 1917 1964,CCCCCC(=O)N(C1=CC(=CC=C1)S(=O)(=O)N(CC)C2=NC3=CC=CC=C3S2)N(C4=NC(=NC)PC=NC)C(=O)CCCCC
1295,O=P(O)(OCC(F)F)C(F)(F)C(F)(F)C(F)(F)C(F)(F)C(F)(F)C(F)(F)Cl,1 16 27 43 80 101 114 118 140 184 192 213 237 361 486 499 572 650 695 765 783 803 807 921 922 943 945 972 993 1041 1050 1151 1182 1256 1316 1386 1398 1453 1479 1572 1683 1716 1731 1763 1780 1789 1804 1838 1928 1953 1970 2001 2009 2010,C(C(F)F)OP(=O)(C(C(C(C(C(C(C(C(C(C(C(C(F)(F)Cl)(F)F)(F)F)(F)F)(F)F)(F)F)(F)F)(F)F)(F)F)(F)F)(F)F)(F)F)OP(=O)(C(F)(F)F)Cl)Cl
1296,CN1C(=O)N(c2ccccc2)CCn2c3ncc2c1cccs3,3 14 36 45 92 153 204 218 241 305 314 375 378 383 389 486 537 603 634 641 650 675 726 811 871 888 926 935 975 987 1049 1055 1057 1059 1088 1133 1139 1145 1199 1258 1273 1295 1329 1380 1424 1437 1438 1452 1457 1480 1496 1518 1535 1567 1582 1591 1647 1649 1687 1701 1703 1750 1825 1845 1873 1917 2000 2017,[B](C1=CC=CS1)N2C3=CN=C4N(CCN4C3=NN(C2=O)C5=CC=CC=C5)C6=CC=CC=C6N7CCN(C7=O)C8=CC=CC=C8
1297,Cc1c2nc(n3c(C(=O)N4CCN(CCN5CCCCC5)CC4C)ccc13)O2,2 45 47 74 80 127 242 252 260 333 378 488 529 544 548 579 592 650 656 692 734 739 807 845 866 869 925 926 935 942 991 1003 1005 1019 1028 1057 1080 1145 1309 1380 1419 1422 1441 1453 1462 1480 1482 1504 1511 1587 1722 1741 1750 1791 1810 1855 1873 1895 1917 1932 1998 2021,C[C@@H]1CN(CCN1C(=O)C2=CC=C3N2C(=C(C(=C3C)C)C)C)CCN4CCN(CC4)CCN5CCCCC5
1298,O=C(NC(=O)c1ccc(C(F)(F)F)cc1)C1=CC=C(Oc2cc(Br)ccc2O)C1=O,114 275 306 314 328 346 383 414 486 489 553 561 586 640 650 679 695 725 728 760 766 769 807 809 866 875 909 930 940 944 1108 1119 1152 1157 1168 1179 1210 1229 1249 1260 1380 1385 1417 1453 1475 1476 1492 1567 1602 1607 1617 1631 1665 1671 1697 1700 1750 1873 1917 1928 1955 1970 2020 2044,C1=CC(=CC=C1C(=O)NC(=O)/C(=C\2/C(=CC=C(C2=O)OC3=C(C=CC(=C3)Br)O)OC4=C(C=CC(=C4)Br)O)/F)C(F)(F)F
1299,CC(=O)OC(=O)NCCOc1ccccc1[N+](=O)[O-],13 70 80 164 197 198 246 278 282 338 354 490 584 650 667 695 715 716 753 763 807 838 853 882 898 907 937 1017 1035 1057 1088 1105 1110 1152 1195 1199 1234 1269 1280 1284 1355 1380 1410 1452 1518 1691 1750 1758 1782 1790 1873 1917 1963 1970 1984,C/C(=C(\C(=O)OC(=O)C)/OC(=O)C)/OCCNC(=O)OCCOC1=CC=CC=C1[N+](=O)[O-]
1300,COc1ccc2c(c1)N(c1ccccc1C(C)=O)C(=O)C2=O,286 314 322 352 383 436 463 498 573 650 680 687 695 718 807 813 841 842 875 879 935 982 1017 1052 1057 1088 1199 1295 1352 1380 1394 1447 1476 1536 1556 1637 1647 1686 1750 1752 1820 1873 1899 1917 1972 1978 1991 2028,CC(=O)C1=CC=CC=C1N2C3=C(C=CC(=C3)OC)/C(=[N+]\4/C5=C(C=CC(=C5)OC)C(=O)C4=O)/C2=O
1301,COC(=O)c1cc(OC)ccc1S(=O)(=O)c1cc(C(=O)N2CCCC2)ccc1O,145 200 322 329 350 360 369 383 392 497 540 583 618 638 640 643 650 701 718 743 771 781 807 808 811 834 841 875 906 926 935 936 942 1001 1010 1028 1057 1102 1118 1152 1247 1283 1311 1376 1380 1385 1475 1476 1480 1504 1536 1549 1571 1600 1602 1607 1616 1686 1697 1750 1766 1873 1893 1917 1972 1985 1991 1994 1998 2004 2009,COC1=CC(=C(C=C1)S(=O)(=O)C2=C(C=C(C=C2)C(=O)N3CCCC3)S(=O)(=O)C4=C(C=C(C=C4)C(=O)N5CCCC5)C(=O)OC)C(=O)OC
1302,COc1cccc(S(=O)(=O)N2CCN(C(=O)c3ccccc3C=CC(=O)NC(C)C)CC2)c1,1 31 93 112 117 235 268 283 296 319 322 327 350 362 366 405 435 441 472 562 575 585 638 650 694 695 707 755 757 781 800 807 835 841 875 926 935 942 961 972 1028 1039 1057 1088 1152 1166 1181 1199 1380 1404 1430 1447 1476 1480 1482 1504 1516 1536 1545 1556 1589 1635 1729 1750 1765 1873 1901 1917 1958 1972 1991 2009,CC(C)NC(=O)/C=C/C1=CC=CC=C1C(=O)N2CCN(CC2)S(=O)(=O)C3=CC=CC(=C3)S(=O)(=O)N4CCN(CC4)P
1303,CC(C)(C)C1CCCC2(CCCC(C(=O)O)(C(=O)Oc3cc(Cl)ccc3F)O2)C1,6 17 52 58 86 114 149 165 176 184 191 193 216 255 302 389 392 418 420 423 541 549 561 563 611 612 650 656 679 695 699 719 785 799 807 816 824 825 833 867 875 878 925 926 1019 1028 1033 1054 1057 1060 1096 1113 1131 1162 1216 1229 1325 1380 1383 1434 1502 1618 1643 1664 1683 1692 1729 1730 1750 1766 1840 1873 1917 1928 1970 1984 2002 2025 2028,CC(C)(C)C1CCCC2(C1)CCC3(O2)C(C4(CCCC(C4(O3)C(=O)O)(C(=O)O)C(=O)OC5=C(C=CC(=C5)Cl)F)F)(C(=O)O)C(C)(C)C
1304,COc1ccc(NC(=O)CCn2c(=O)n(CC3CCCS3)c(=O)c3ccccc32)cc1,41 45 80 85 154 161 191 204 304 314 322 360 373 466 504 535 545 642 650 675 694 695 718 771 781 789 791 802 807 831 841 843 901 904 908 926 935 998 1019 1028 1057 1077 1088 1098 1145 1150 1152 1188 1196 1199 1207 1237 1239 1285 1290 1323 1325 1328 1357 1380 1382 1386 1397 1476 1513 1526 1536 1540 1564 1573 1574 1696 1750 1814 1816 1825 1873 1917 1929 1978 2016,COC1=CC=C(C=C1)NC(=O)CCN2C3=CC=CC=C3C(=O)N(C2=O)CC4C(=O)N(C(=O)N4C5CCCS5)C=C6SCCCS6
1305,CNC(=Cc1ccc(OC)cc1)Sc1ccccc1,25 27 45 116 247 322 345 376 389 458 499 545 575 686 692 694 695 718 781 807 809 811 831 835 841 974 1057 1071 1088 1152 1198 1199 1315 1325 1380 1414 1430 1536 1605 1705 1722 1746 1750 1870 1873 1890 1959 2033 2041,CC1=C(C(=C(SC2=CC=CC=C2)SC3=CC=CC=C3)P(OC(=CC4=CC=C(C=C4)OC)NC)OC5=CC=CC=C5)C=CC6=CC=C(C=C6)OC
1306,COC(=O)c1cc(OC(C)(C)C)ccc1C(=O)OC1CCCOC1=O,2 12 19 33 37 96 110 114 145 184 268 288 314 322 329 362 392 397 441 548 619 650 653 656 691 695 718 769 785 807 823 841 875 906 926 936 941 950 972 1019 1028 1057 1063 1126 1135 1152 1194 1283 1325 1367 1380 1432 1440 1456 1464 1468 1512 1543 1635 1641 1721 1745 1750 1754 1767 1804 1859 1873 1917 1991 2003 2009,CC(C)(C)OC1=CC(=C(C=C1)[S+](C2=C(C=C(C=C2)OC(C)(C)C)C(=O)OC)C(=O)OC3CCCC(C3=O)C(=O)C4CCCOC4=O)C(=O)OC
1307,CCC(=O)Nc1cccc2c1=CC=C(Br)C=CC=2,14 41 80 216 256 294 345 456 461 547 608 620 650 728 737 807 862 898 909 933 1039 1041 1057 1085 1088 1097 1099 1141 1152 1224 1249 1292 1311 1330 1338 1353 1380 1459 1567 1584 1631 1640 1642 1696 1699 1735 1750 1796 1816 1872 1873 1917 1921 1948,CCC(=O)NC1=CC=CC2=CC=CC(=C(C(=C3C=CC(=C4C=CC(=CC=C4)Br)C=C3)Br)Br)C=CC2=C1
1308,Cc1nc2ccc1cc2NC(=O)CCCOC(=O)COc1cccc(F)c1,13 41 59 80 92 143 147 203 207 230 256 308 322 378 409 515 552 560 562 643 650 695 699 777 807 875 882 903 961 1034 1039 1057 1088 1097 1117 1152 1178 1224 1272 1277 1313 1362 1380 1382 1386 1390 1452 1482 1487 1501 1507 1564 1632 1670 1691 1718 1722 1734 1750 1816 1855 1873 1887 1911 1914 1917 1928 1948 1962 1996 2004 2021 2026,CC1=C(C=C2C=CC3=C(C2=N1)S(C=N3)(F)F)NC(=O)CCCOC(=O)COC4=CC(=CC=C4)F
1309,COc1ccc2c(OC(=O)N(CCCCC(C)C)CCCN(C)S(C)(=O)=O)c1C=CC2=O,1 7 18 80 81 94 185 213 249 276 283 314 333 350 352 356 370 371 406 547 636 646 650 654 680 692 695 702 708 739 747 781 807 841 851 881 934 963 976 978 994 1057 1154 1163 1244 1263 1272 1283 1294 1321 1334 1337 1352 1380 1387 1411 1473 1476 1536 1550 1669 1729 1747 1750 1757 1811 1814 1833 1847 1860 1873 1885 1911 1917 1951 1968 1969 1970 2033 2043,CC(C)CCCCN(CCCN(C)S(=O)(=O)C)C(=O)OC1=C(C2=C(C=C1)C(=O)C(=C(C2=O)OC)ON(C)S(=O)(=O)C)OC(=O)N(C)S(=O)(=O)C
1310,CSc1nc(Sc2ccccc2)nc(=O)n1S(=O)(=O)c1ccccc1,27 116 158 161 178 206 263 314 319 350 374 378 389 394 445 489 505 506 552 575 650 682 729 747 761 800 808 811 926 932 935 1057 1086 1088 1171 1199 1226 1245 1322 1328 1380 1403 1435 1476 1480 1530 1535 1551 1560 1627 1723 1741 1750 1802 1873 1887 1893,CSC1=NC(=O)N(C(=N1)SC2=CC=CC=C2)S(=O)(=O)C3=CC=CC=C3
1311,Cn1c2cc3ccc2c(C(=O)N2CCOCC2)c31,11 22 45 203 254 422 517 530 564 580 586 616 650 656 671 696 743 807 820 833 875 926 935 942 946 950 1057 1079 1114 1143 1145 1182 1337 1357 1380 1405 1440 1441 1480 1504 1562 1603 1663 1733 1750 1754 1815 1855 1873 1893 1917 1931 1981 2009,CN1C2=CC3=C(C=C2C4=C1C5=C(C=C4)C(=C6C=CC7=CC8=C(C(=C7N6C)C(=O)N9CCON9)N(NO8)C)C(=O)N1CCOCC1)NO3
1312,CC(=O)N(Cc1cccc(Cl)c1)c1ccccc1C(=O)C#N,10 14 47 80 146 161 165 216 260 325 423 455 507 530 561 592 626 650 674 681 725 767 783 790 803 807 857 866 875 881 886 1017 1039 1047 1054 1057 1066 1088 1199 1210 1298 1362 1380 1384 1437 1447 1588 1637 1655 1677 1683 1750 1754 1839 1873 1917 1991 2018 2038,C/C(=C(\C#N)/C1=CC=CC=C1N(CC2=CC(=CC=C2)Cl)C(=O)C)/C3=CC=CC=C3N(CC4=CC(=CC=C4)Cl)C(=O)C
1313,CCCCNC(=O)N(CC)CCN(C(N)=O)C(=O)OC,10 17 80 140 144 158 193 197 294 308 354 368 369 419 534 550 591 598 612 650 667 685 695 777 794 807 841 846 881 895 932 978 1008 1023 1057 1082 1152 1171 1177 1198 1263 1416 1573 1614 1648 1767 1768 1826 1876 1905 1911 1917 1940 1951,CCCCNC(=O)N(CCN(CC)C(=O)N(CC)C(=O)N(CC)C(=O)N(CC)C(=O)N)C(=O)N(C(=O)N)C(=O)N(CC)C(=O)OC
1314,Cc1nn2c(C)cccc2c1C(=O)N1CCN(CC(=O)N2CCC2)CC1(C)C,45 74 80 92 171 212 304 369 412 451 485 492 531 568 586 597 602 629 636 650 676 680 718 734 752 760 775 807 855 883 926 935 1009 1023 1028 1039 1057 1058 1060 1075 1083 1088 1138 1274 1285 1296 1301 1312 1313 1316 1338 1380 1480 1504 1680 1722 1730 1739 1750 1777 1791 1855 1873 1878 1917 1956 2009 2035,CC1=CC=CC2=C(C(=NN12)C)C(=O)N3CCCN(CC3)C(=O)CN4CCN(CC4(C)C)C(=O)C5(CC(N6C(C5)(C)C)(C)C)C
1315,Nc1nnc(N=CC2=Cc3cc4cc(ccc4Cl)c3=N2)s1,20 84 158 162 202 203 231 241 254 296 366 378 561 571 666 675 684 694 725 758 786 809 858 864 875 882 897 906 927 933 956 1009 1014 1117 1123 1151 1164 1171 1234 1264 1278 1344 1354 1380 1394 1396 1398 1431 1448 1457 1512 1560 1568 1586 1655 1671 1683 1687 1750 1788 1814 1816 1855 1873 1959 1968 1992,C1=CC(=C2C=C3C=C4C(=CC5=C(N=C(C(=C5)C=C6C=C7C=CC(=NC7=CC6=C4N=C3N=C21)N)N)N=CC8=NN=C(S8)N)C=C4Cl)Cl
1316,CCCCn1nc2nc3[nH]c(=O)c(=CC=C4CCCCO4)nc1n2c1ccccc31,45 63 76 80 105 110 130 158 197 201 217 225 240 289 294 310 314 378 411 414 420 441 479 548 556 591 650 656 694 750 764 794 810 814 843 881 890 926 935 950 1008 1028 1030 1057 1075 1088 1092 1114 1123 1145 1152 1199 1249 1285 1324 1357 1369 1380 1447 1562 1573 1581 1595 1682 1717 1738 1745 1750 1757 1855 1866 1873 1882 1887 1911 1956 1989 2016 2018,CCCCN1C2=NN3C(=C4C=CC=CC4=C3NC(=O)C5=CC=CC=C5N2C(=N1)NCCCC)C6=CC=NO6
1317,COCC(=O)COc1cc(F)cc(F)c1-c1cc(F)ccc1Cl,54 80 133 212 240 275 299 335 352 366 371 561 650 666 695 699 700 754 767 807 841 875 999 1005 1057 1061 1064 1130 1147 1176 1187 1314 1356 1380 1400 1410 1432 1437 1452 1482 1487 1642 1670 1683 1747 1749 1750 1840 1873 1917 1928 1949 1970 1983 2000 2004,[3H]C(=C([3H])OC1=CC(=CC(=C1C2=C(C=CC(=C2)F)Cl)F)F)C(=O)COC3=C(C(=CC(=C3)F)F)C4=C(C=CC(=C4)F)Cl
1318,CC(=O)Nc1cc(-c2cc(OCc3ccc(F)cc3)ccc2Oc2ccc3ccccc3c2)[nH]n1,37 74 80 90 94 107 168 203 240 245 248 284 310 322 352 378 389 398 428 487 598 600 650 654 693 695 699 718 745 807 835 849 868 875 895 911 921 1013 1017 1057 1087 1088 1099 1114 1126 1152 1185 1199 1281 1324 1370 1372 1380 1410 1418 1452 1501 1617 1670 1726 1750 1754 1782 1816 1855 1873 1880 1899 1917 1928 1970 1993 2004 2042,[B]C1=NC2=NNC(=C2C=C1)C3=C(C=CC(=C3)OCC4=CC=C(C=C4)F)OC5=CC6=CC=CC=C6C=C5
1319,CC(C#N)=Nc1c(CN2CCCCC2)nc2n1CCN2c1ncc(C)cc(Cl)ccc2nc3ccccc3c-2n1,2 34 80 118 165 204 216 220 289 323 378 389 494 500 561 598 628 648 652 653 674 725 732 784 790 802 803 807 811 816 828 861 875 926 935 977 980 1017 1025 1028 1041 1057 1088 1097 1122 1141 1142 1199 1233 1256 1280 1298 1357 1365 1376 1380 1384 1416 1422 1452 1457 1480 1496 1507 1518 1535 1540 1573 1580 1613 1683 1687 1722 1730 1742 1750 1765 1778 1791 1823 1850 1855 1856 1873 1897 1998 2009 2018,CC1=CN=C(N=C1)N2CCN3C2=NC(=C3C4=NC5=CC=CC=C5C(=C4)CN6CCCCC6)C7=NC(=C(C=C7)Cl)CN8CCCCC8
1320,COC(=O)CCCCCOC(=O)c1ccccc1C#N,13 14 29 51 80 104 122 145 146 147 195 361 387 401 421 475 547 558 561 577 650 674 679 692 695 790 807 841 896 920 951 1039 1057 1062 1076 1088 1130 1136 1143 1152 1163 1178 1199 1249 1267 1346 1380 1384 1385 1386 1392 1399 1447 1461 1564 1592 1673 1734 1750 1816 1844 1862 1873 1874 1911 1917 1935 1939 1991,COC(=O)CCCCCCOC(=O)C1=CC=CC2=C1[NH+]=C3C=CC(=C(C4=CC=CC=C4C#N)NC(=O)OCCCCCC(=O)OC)C=C3
1321,Nc1cccc(OC(=CC=Cc2cccnc2)c2cccc([N+](=O)[O-])c2)c1,109 322 378 400 432 437 482 496 549 555 562 616 630 644 647 650 694 695 715 742 753 774 785 789 796 807 835 838 875 885 888 1001 1011 1027 1039 1043 1088 1150 1171 1189 1195 1243 1262 1274 1319 1353 1377 1380 1385 1415 1457 1518 1535 1557 1584 1586 1588 1590 1603 1609 1610 1695 1729 1750 1760 1809 1866 1873 1934 1940 1963 1985 2029 2033,C1=CC(=CC(=C1)[N+](=O)[O-])/C(=C\C=C\C2=CN=CC=C2)/C(=C(/C=C/C3=CN=CC=C3)\OC4=CC=CC(=C4)N)/C5=CC(=CC=C5)[N+](=O)[O-]
1322,Cc1ccc(=O)n2c1N(CS(=O)(=O)c1ccc([N+](=O)[O-])cc1)CC2,80 95 107 170 199 245 277 295 311 314 319 326 350 403 406 609 649 650 708 715 753 769 770 828 838 907 925 926 935 961 1044 1057 1086 1089 1112 1141 1174 1195 1213 1245 1256 1274 1289 1380 1391 1465 1476 1480 1496 1610 1621 1654 1687 1691 1722 1750 1756 1759 1809 1814 1867 1873 1963 1977 2038,CC1=C2N(CCN2C(=O)C=C1)CS(=O)(=O)C3=CC=C(C=C3)[N+](=O)C4=C(N(C(=O)C=C4)CS(=O)(=O)C5=CC=C(C=C5)[N+](=O)[O-])C
1323,CN(CCCCC1=CNc2c(-c3ccccc3)c1n1ncsc21)CCNC(=O)c1ccccc1,8 43 74 80 97 141 197 249 265 289 297 376 378 389 412 461 486 604 624 647 650 667 675 677 680 699 736 762 781 807 850 881 885 886 900 935 995 1057 1079 1088 1114 1123 1152 1160 1163 1184 1190 1199 1200 1205 1208 1236 1243 1277 1286 1289 1294 1379 1380 1385 1402 1417 1431 1461 1501 1530 1567 1577 1665 1669 1673 1677 1747 1750 1873 1911 1917 1932 1951 1960 1985 2026 2044,CN(CCCCC1=CNC2=C(C3=C(N2N=C1)SC=N3)C4=CC=CC=C4)CCNC(=O)C5=CC=CC=C5
1324,CC(C)(C)COc1nc2nc(-c3ccc(F)cc3)nn2c2c1CCCO2,29 56 75 80 90 110 114 168 180 182 204 280 361 378 392 401 405 412 441 487 531 595 656 673 692 695 699 730 741 768 887 896 913 926 935 938 939 950 955 997 1028 1057 1104 1123 1160 1281 1328 1380 1385 1391 1395 1410 1452 1527 1605 1643 1670 1698 1705 1738 1749 1750 1855 1873 1876 1887 1928 1997,CC(C)(C)COC1=C2CCCOC2=NC3=NC(=NN31)C4=CC=C(C=C4)C5=NC(=NC(=N5)OCC(C)(C)C)C6=CC=C(C=C6)F
1325,CC(Cn1c(=O)c2nn3cc(nc3n2C)c(=O)n(C)c1=O)C(=O)Nc1ccccc1F,1 80 105 149 283 314 378 402 441 464 483 504 551 564 573 620 650 674 699 721 748 753 771 791 802 807 836 842 849 859 862 896 925 935 963 1027 1032 1057 1088 1097 1145 1152 1183 1199 1211 1214 1224 1258 1279 1282 1330 1380 1399 1413 1516 1555 1639 1678 1688 1696 1750 1760 1767 1816 1840 1849 1855 1861 1873 1906 1917 1922 1928 1944 1946 1956,CC(CN1C2=NN(C=C2C(=O)N(C1=O)C)C(C)C(=O)NC3=CC=CC=C3F)C(=O)NC4=NN(C(=O)N4F)C(=C=O)F
1326,CCN(CC(=O)N(C)C)C(=NN=C1N=Cc2ccccc2Sc2ccccc21)Nc1ccccc1,28 80 191 249 291 294 337 352 378 389 397 429 504 538 552 629 650 675 690 703 725 738 795 807 852 881 932 938 939 940 949 978 984 1006 1008 1057 1077 1088 1123 1141 1146 1152 1163 1183 1190 1199 1212 1238 1380 1440 1448 1562 1585 1616 1653 1750 1768 1816 1843 1848 1873 1894 1896 1917 1920 1927 1934 1957 1976 2044,CCN(CC(=O)N(C)C)C(=O)CN(C(=O)CN/C(=N/N=C\1/C2=CC=CC=C2SC3=CC=CC=C31)/NC4=CC=CC=C4)N5C=NC6=CC=CC=C65
1327,O=C(NC(=O)Sc1cccc(Br)c1)NC(Cc1ccccc1)C(=O)O,1 27 79 80 116 117 294 335 389 458 485 529 558 650 728 736 746 766 787 795 807 811 851 857 875 909 923 937 959 1039 1046 1066 1078 1088 1119 1128 1136 1152 1153 1173 1199 1269 1380 1411 1486 1489 1549 1554 1624 1631 1650 1663 1750 1754 1844 1873 1917 1919 1928 1940 1986 1989 2006,C1=CC=C(C=C1)CC(C(=O)O)NC(=O)NC(=O)SC2=CC=CC(=C2)CC(C(=O)SC3=CC(=CC=C3)Br)NC(=O)SF
1328,Cc1cc(S(=O)(=O)N(CCCc2ccccc2)Cc2ccccc2)cc2c1=CC=2,17 80 246 262 275 282 312 319 332 336 349 350 389 396 461 497 507 574 587 643 650 678 703 807 815 847 875 876 881 895 926 978 1011 1036 1045 1057 1066 1088 1096 1097 1141 1143 1147 1199 1243 1249 1296 1328 1380 1391 1402 1452 1476 1722 1740 1750 1754 1787 1872 1873 1911 1920 1951 1954 2046 2047,CC1=CC(=CC2=CC=C(S(=O)CC12)N(CCCC3=CC=CC=C3)CC4=CC=CC=C4)S(=O)(=O)N(CCCC5=CC=CC=C5)CC6=CC=CC=C6
1329,COC(=O)NC(=O)N1C(=O)OCCC1C(O)C(O)C1CN(CCOC(=O)O)C(=O)N1,1 13 16 35 45 79 80 118 147 203 218 227 248 272 291 301 314 441 473 475 521 559 560 571 597 608 616 627 650 656 664 666 695 739 778 782 807 841 861 874 926 935 950 972 1019 1049 1057 1088 1089 1099 1111 1114 1118 1119 1126 1145 1152 1193 1210 1263 1283 1319 1325 1380 1424 1507 1608 1673 1699 1758 1764 1801 1808 1831 1855 1917 1980 2027 2038,COC(=O)NC(=O)C(C(C1CCOC(=O)N1)O)NCC(COC(=O)N2C3C(NC2=O)CN(C(=O)N3)CCOC(=O)NC(=O)OC)O
1330,O=C(O)Cc1c(-c2ccccc2)ccc2nnc3ccccc3c12,80 86 94 181 206 222 233 235 282 289 294 325 337 352 378 389 467 497 589 601 643 650 673 680 693 716 727 782 807 914 955 961 1017 1057 1088 1096 1097 1141 1160 1164 1199 1294 1339 1350 1357 1380 1396 1415 1573 1610 1621 1737 1750 1873 1876 1917 1927 1984 2034,[B]=CC1=C(C2=C(C=C1)N=NC3=CC=CC=C32)CC(=O)O
1331,COc1ccc(C=C2C(C)=CC(=O)N2C(=O)N(C)C)cc1,25 61 84 194 200 281 283 314 319 322 330 446 461 549 650 659 694 695 718 781 807 831 841 878 881 884 887 935 940 1006 1057 1077 1163 1199 1213 1254 1258 1280 1307 1380 1388 1414 1438 1525 1536 1653 1665 1686 1722 1750 1765 1768 1773 1819 1873 1917 1973 2008 2033,CC\1=CC(=O)N(/C1=C\C2=CC=C(C=C2)OC)C3=CC(=CC4=CC=C(N4C(=O)N(C)C)C=C5C=C(C(=CC(=O)N(C)C)N5C(=O)N(C)C)C)C=C3C
1332,COC1=CC=C(C(F)(F)F)C1=CC=C(OC)C1CN2CCCN(C1)S2(=O)=O,7 36 71 114 145 207 246 318 337 469 562 614 644 650 686 690 694 695 712 713 725 731 739 747 789 807 809 841 849 863 890 917 926 935 936 974 1007 1019 1025 1028 1057 1083 1120 1147 1152 1203 1221 1225 1249 1265 1299 1319 1380 1390 1437 1453 1480 1492 1536 1601 1633 1638 1660 1661 1697 1703 1788 1873 1928 2000 2008 2011,COC1=CC=C(C(C1=NN2CCCS2(=O)=O)/C(=C/C=C(/NN3CC(C3)N4CCCS4(=O)=O)\OC)/OC)C(F)(F)F
1333,N#Cc1ccc(N2CCCN(c3ccsc3)C2=O)cc1,12 14 34 92 102 112 174 215 229 233 305 314 343 445 483 495 552 650 674 675 784 790 926 935 971 987 1028 1075 1083 1136 1174 1380 1384 1457 1480 1511 1543 1555 1701 1750 1769 1825 1836 1845 1849 1867 1873 1892 1954 2043,C1CN(C(=O)N(N(C1)S)N2CCCN(C2=O)C3=CSC=C3)C4=CC=C(C=C4)C#N
1334,CN1CCc2cccc3c4cccc-4nc1n23,16 45 146 298 311 352 378 389 548 563 623 679 737 760 838 926 935 980 984 1039 1046 1057 1088 1102 1145 1146 1168 1221 1285 1296 1303 1365 1380 1469 1480 1519 1563 1567 1687 1693 1717 1738 1750 1756 1795 1817 1851 1855 1873 1890 1898 1910 2014 2042,CN1CCC2=CC=C3N2C1=C4C=CC=C(N4CC3)C5=NC(=CC=C5)P67CCN(C8=CC=CC(=C86)C=N7)C
1335,COc1ccc(C(=NNC(=O)N2CCCC2)c2ccc(OC)c3ccccc23)cc1,56 67 71 218 249 265 299 318 322 369 440 445 490 540 558 598 624 650 651 695 699 700 718 725 781 807 831 841 865 926 935 970 983 986 1000 1028 1057 1088 1152 1199 1214 1311 1357 1368 1380 1385 1399 1468 1480 1536 1573 1637 1638 1697 1750 1873 1878 1917 1936 1970 1976 1991 1998 2009 2039 2044,COC1=CC=C(C=C1)/C(=N\NC(=O)N2CCCC2)/C3=CC=C(C4=CC=CC=C43)/C(=N\N/C(=N/NC(=O)N5CCCC5)/N6CCCC6)/C7=CC=C(C8=CC=CC=C87)OC
1336,O=C(C=CN=Cc1ccccc1)NC(=O)c1cccc(F)c1,5 21 31 51 74 80 113 230 254 270 293 302 389 430 441 486 526 570 610 650 694 699 725 807 863 864 875 897 930 1039 1088 1119 1145 1152 1179 1181 1199 1233 1275 1353 1380 1385 1389 1426 1465 1487 1570 1576 1592 1599 1670 1679 1698 1744 1747 1750 1873 1917 1928 1930 1985 2009 2033,C1=CC=C(C=C1)/C=C/C(=O)NC(=NC[N+]2(C(=CC(=C2F)F)F)C(=O)C3=CC(=CC=C3)F)NC(=O)C4=CC(=CC=C4)F
1337,C(C=Cc1ccccc1)=CNc1cccc(-c2ccc[nH]2)c1,86 165 191 267 280 315 389 432 433 451 507 598 608 609 623 632 694 703 736 806 835 875 878 912 944 1039 1052 1088 1114 1152 1160 1199 1216 1312 1324 1353 1367 1380 1384 1397 1400 1443 1475 1506 1520 1540 1563 1612 1618 1750 1753 1768 1809 1873 1936 2025 2029 2033 2042,C1=CC=C(C=C1)/C=C/C=C/NC2=CC=CC(=C2)C3=CC=CN3/C=C/C=C/NC4=CC=CC(=C4)C5=CC=CN5
1338,C1=CC(CCN2CCC2)=C1,33 80 105 120 125 218 241 255 273 299 345 357 377 424 459 547 579 650 674 752 802 835 862 926 935 985 1028 1073 1075 1083 1122 1136 1145 1243 1247 1249 1303 1321 1380 1422 1480 1482 1647 1685 1791 1809 1811 1873 1999 2000,C1CN(C1)CCC2=CC=CC(=C=C3C=CC(=C=C4C=CC=C([NH2+]4)C#C[Se]3)C=C2)CCN5CCC5
1339,CCn1nc(C)nc1C=CC(=Cc1ccc(OC)nc1)c1cccc(OC)c1,25 31 34 80 89 139 144 158 249 294 311 322 378 430 442 523 562 684 694 695 738 781 795 800 807 835 841 870 875 878 925 926 935 951 997 1030 1039 1055 1057 1088 1126 1140 1146 1205 1212 1235 1340 1380 1384 1385 1406 1423 1452 1469 1494 1503 1512 1518 1535 1536 1570 1668 1670 1696 1722 1746 1750 1758 1793 1855 1873 1920 1931 1956 1972 1985 2007 2033,CCN1C2=NC(=NN2C(=N1)/C(=C/C3=CN=C(C=C3)OC)/C=C/C4=CN=C(C=C4)OC)C
1340,CC(C)N1CCCn2c1nc1ccc(-c3ccc(Cl)cc3)cc12,1 45 130 145 157 216 257 283 293 357 378 447 490 534 561 568 613 673 679 684 767 785 789 812 816 875 896 923 926 933 935 961 987 1028 1057 1064 1070 1083 1097 1137 1138 1160 1247 1256 1282 1340 1365 1380 1396 1411 1428 1480 1496 1599 1606 1672 1683 1750 1752 1793 1855 1873 1964,CC(C)N1CCCN2C1=NC3=C2C=C(C=C3)C4=CC5=C(C=C4)N=C6N5CCCN6C7=NC8=C(N7C(C)C)C=C(C=C8)C9=CC=C(C=C9)Cl
1341,CCCc1nc2ccc(S(=O)(=O)N3CCCC3)cc2n1-c1cc(Br)ccc1F,45 46 80 216 235 294 318 319 350 357 366 378 404 497 515 539 585 650 679 699 715 727 728 757 766 775 794 800 869 875 890 909 926 935 961 1023 1028 1057 1080 1097 1113 1150 1157 1243 1282 1290 1295 1318 1366 1380 1476 1480 1515 1545 1562 1585 1631 1657 1676 1680 1726 1729 1750 1758 1764 1788 1817 1840 1855 1873 1928 1993 1998 2010 2027,CCCC1=NC2=C(N1C3=C(C=CC(=C3)Br)F)C=C(C=C2)S(=O)(=O)N4CCCC4=C=S(=C)(=O)C5=NC6=C(N5C7=C(C=CC(=C7)Br)F)C=C(C=C6)S(=O)(=O)N8CCCCCCCCCCC
1342,O=C(C=CC1=CCCCC1=O)CCCc1ccccc1,31 41 70 80 105 127 196 314 341 355 389 424 426 524 650 678 694 715 751 798 807 816 835 926 978 996 1028 1045 1066 1085 1088 1131 1147 1156 1243 1306 1380 1387 1564 1607 1619 1716 1734 1741 1750 1754 1766 1781 1873 1911 1917 1961 2037,C1CC=C(C(=O)C1)CCC(=O)/C=C/C2=C(C(=O)CC2=O)CCC(=O)/C=C/C(=O)CCCC3=CC=CC=C3
1343,COc1ccc(Cl)cc1C=CC=CN=C(N)NC(=O)Nc1ccc(Cl)cc1,47 94 140 165 191 216 221 236 249 314 328 432 539 561 650 687 689 694 725 791 807 816 835 841 843 875 883 961 986 1057 1070 1077 1096 1119 1152 1162 1171 1196 1237 1249 1301 1310 1312 1344 1363 1380 1386 1387 1402 1456 1536 1609 1654 1683 1718 1750 1787 1816 1839 1840 1873 1917 1934 1965 1970 1989 1990 2009 2028,COC1=C(C=C(C=C1)Cl)/C=C/C=N/N/C(=C(\C(=O)OC)/N=C/N/C=C(\N)/NC(=O)NC2=CC=C(C=C2)Cl)/N
1344,O=C(CCCCN1CCCCC1=O)Nc1ccc(Sc2ccc(COC(=O)C(=O)N3CCCC3=O)[nH]2)cc1,24 41 80 102 105 116 147 155 191 197 226 310 314 459 552 650 695 745 798 807 811 843 845 877 892 893 900 901 926 935 951 1028 1056 1077 1081 1089 1110 1114 1123 1138 1145 1152 1172 1182 1215 1255 1267 1325 1382 1387 1424 1427 1480 1564 1609 1709 1718 1738 1745 1750 1784 1802 1816 1834 1873 1911 1917 1998 2004,C1CCN(C(=O)C1)CCCCC(=O)NC2=CC=C(C=C2)SC3=CC=C(N3)COC(=O)C(=O)N4CCCC4=O
1345,CC(C)(C)CCOc1ccc2c(c1)C(=O)OC2=O,13 61 75 80 114 230 241 314 322 327 335 352 392 437 444 480 516 535 536 620 637 650 656 680 685 695 718 840 875 976 997 1034 1057 1088 1150 1179 1185 1205 1308 1380 1435 1451 1452 1471 1498 1501 1564 1750 1810 1815 1850 1865 1873 1955 1975,CC(C)(C)CCOC1=CC\2=C(C=C1)C(=O)O/C2=C/3\C4=C(C=C(C=C4)OCCC(C)(C)C(C)(C)CCC(C)(C)C)C(=O)OC3=O
1346,CC(C)n1c(=O)n(C)c2nc(N)[nH]c21,1 3 154 157 221 277 283 314 315 334 378 491 503 542 550 564 592 650 659 691 697 771 796 860 862 935 1024 1057 1114 1122 1145 1171 1355 1369 1380 1457 1682 1696 1745 1849 1850 1855 1856 1913 2021,[B-]1(N2C3=C(N=C(N3)N)N(C2=O)C(C)C)(N4C5=C(N=C(N5)N)N(C4=O)C)N(C6=C1N=C(N6)N)C(C)C
1347,CCOC(=O)N1C(=O)C2CCCC(CCCN(C(=O)c3ccccc3)C1=O)C2,5 16 80 92 147 246 294 300 314 389 396 446 455 461 472 650 675 695 776 807 926 935 1019 1028 1038 1046 1057 1063 1065 1088 1127 1132 1145 1199 1215 1238 1251 1292 1325 1380 1385 1387 1459 1480 1494 1501 1504 1511 1539 1668 1722 1727 1741 1750 1814 1847 1873 1883 1917 1919 1921 1943 1985 2000,CCOC(=O)N1C(=O)C2CC3CCCN(C3=C4C(C2)C(=O)N4C(=O)C5=CC=CC=C5)C(=O)C6=CC=CC=C6
1348,CC(=O)NC(=O)C(F)=CC(=O)NC(=O)CN(C)C,41 80 82 135 245 292 316 326 423 452 464 524 611 621 627 628 650 652 678 694 807 829 881 885 911 978 995 1017 1057 1065 1079 1119 1120 1152 1163 1181 1190 1203 1210 1229 1325 1409 1529 1546 1559 1787 1809 1836 1877 1917 1927 1928,CC(=O)N/C(=C/C(=O)NC(=O)CN(C)C)/C(=C/C(=O)/C=C(\C)/NC(=O)CN(C)C)/NC(=O)CN(C)C
1349,CCC(=O)C1=CC(OC)=Cc2ccccc2C(=O)N1CC,34 43 67 69 80 84 108 287 294 314 352 381 410 439 536 551 588 632 642 650 653 695 761 776 807 810 841 849 879 892 898 935 984 1024 1057 1084 1085 1088 1100 1111 1136 1199 1276 1315 1359 1378 1380 1429 1448 1536 1574 1693 1695 1724 1750 1796 1861 1873 1917 1920 2011,CCC(=O)C1=C(C=C(C=C1)OC)C(=O)CP2(=CC3=CC=CC=C3C2=O)C(=C4C=C(C(=CC5=CC=CC=C54)OC)OC)OC
1350,COC(=O)NCCn1c(=O)nc2n(c1=O)CCN2CCCN1CCCN(C2CCCC2)C1=O,11 16 56 80 92 151 197 255 314 371 373 378 454 524 571 586 634 635 650 666 667 668 671 684 695 724 771 802 804 807 820 841 890 893 926 935 937 951 1018 1019 1024 1028 1057 1063 1083 1089 1123 1145 1147 1152 1175 1206 1212 1235 1280 1325 1361 1365 1376 1380 1440 1459 1480 1496 1569 1623 1687 1758 1771 1855 1876 1886 1887 1910 1911 1917 1939 1993 1995 2028 2038,COC1C(C=CN1CCCCN2CCCN3C2=NC(=O)N(C3=O)CCCNC(=O)OC)NCC4=NC(=O)N(C(=O)N4C5CCCC5)C6CCCC6
1351,CCOc1ccc(-c2cccn2C(=O)C2CCCc3ccccc3C(=O)N3CCC(=O)N2C3=O)c2[nH]nnc12,49 74 80 92 94 95 128 143 151 182 192 229 237 282 294 314 352 354 378 425 473 483 531 541 556 562 622 650 680 695 701 772 788 798 807 879 917 926 930 935 945 984 1019 1023 1028 1038 1057 1088 1101 1114 1139 1164 1172 1199 1236 1238 1325 1380 1450 1452 1457 1480 1530 1535 1621 1646 1656 1669 1692 1708 1716 1724 1738 1750 1753 1788 1796 1814 1815 1912 1917 1922 1946 1955 1970,c1(=O)n(c(=O)c2n([nH]n1)ccc2)C1N(C(=O)CN2C1=O)C(=O)C1N(C(=O)c3c(CCC1)cccc3)CC2
1352,CCCn1c(NC(=O)N2CCCC2)nc2ccccc21,45 80 157 189 218 289 294 357 369 378 455 590 637 650 760 789 794 802 807 820 837 883 914 921 926 933 935 1028 1057 1088 1097 1145 1152 1199 1202 1218 1380 1381 1468 1480 1521 1611 1633 1638 1713 1728 1750 1773 1816 1855 1858 1873 1912 1917 1998 2009,CCCN1C2=CC=CC=C2N=C1NC(=O)N3CCCCN(CC3)C(=O)NC4=NC5=CC=CC=C5N4CCC
1353,CC(C)=CCCOC(=O)c1ccccc1,13 20 35 61 80 99 145 147 212 255 281 389 401 469 479 556 606 650 671 683 689 694 695 786 807 817 858 919 964 1017 1057 1088 1107 1177 1199 1257 1323 1380 1385 1522 1574 1582 1592 1750 1756 1873 1881 1888 1917 1938 1985 2005,CC(=CCC/C=C/1\C(=C/C(=C(/C)\OCCOC(=O)C2=CC=CC=C2)/C1=C/CCOC(=O)C3=CC=CC=C3)\CCOC(=O)C4=CC=CC=C4)C
1354,COc1cccc(Oc2ccccc2CCCN2C(=O)c3ccccc3C2=O)c1,39 49 80 120 149 184 212 240 272 276 314 322 352 381 430 450 484 508 562 580 588 624 625 642 650 695 704 726 772 781 807 841 843 875 879 935 945 981 984 1016 1031 1039 1057 1088 1145 1158 1199 1243 1292 1349 1370 1380 1410 1470 1478 1512 1527 1536 1538 1594 1597 1617 1626 1736 1750 1801 1873 1894 1911 1920 1970 1972 1989 2012,COC1=CC(=CC=C1)OC2=CC=CC=C2CCN3/C(=C/4\C(=O)C5=CC=CC=C5C4=O)/C(=C/6\C7=CC=CC=C7C6=O)/OOOC8=CC=CC(=C8)OC
1355,COC(=O)C(=O)N(CCc1cc(=O)cc(C)s1)C(=O)c1ccccc1,4 62 69 80 103 150 162 196 209 242 294 314 364 389 470 587 650 654 656 675 679 687 695 721 807 812 841 857 881 939 946 986 1012 1057 1066 1088 1152 1199 1221 1243 1306 1342 1380 1385 1441 1479 1609 1648 1659 1722 1740 1750 1806 1817 1824 1873 1917 1951 1985 2016 2021 2031,CC[NH+](CC)N(CCC1=CC=CC=C1)C(=O)C(=O)N(CN(C(=O)C2=CC=CC=C2)C(=O)C3=CC=CC=C3)NCN(C(=O)C4=CC=CC=C4)C(=O)C(=O)OC
1356,CCOC(=O)c1nc(C(=O)NCc2ccc(C(F)(F)F)cc2)c(C)s1,78 80 114 145 147 162 255 294 308 310 313 329 345 359 378 383 399 486 490 538 615 638 650 656 675 688 695 759 806 807 809 813 815 866 906 1023 1057 1152 1238 1241 1260 1264 1364 1380 1417 1419 1453 1514 1569 1573 1595 1665 1705 1722 1750 1754 1831 1842 1855 1873 1900 1910 1917 1920 1924 1926 1928 2005 2006,CCOC(=O)C1=C(SC(=N1)C(=O)O[Si](C)(C)C2=C(SC(=N2)C(=O)NCC3=CC=C(C=C3)C(F)(F)F)C)[Si](C)(C)O[Si](C)(C)CC
1357,COc1cc(C(=O)N2CCN(C(=O)C3=C4CCCCN(C)CCN(CC3)C4=O)CC2)ccc1F,14 51 96 184 207 216 249 310 314 354 407 417 428 451 497 577 618 650 653 662 687 695 699 722 786 807 819 834 841 875 879 925 926 935 942 999 1028 1029 1056 1057 1107 1236 1317 1333 1363 1380 1385 1445 1480 1504 1508 1516 1536 1589 1615 1639 1697 1738 1750 1783 1840 1873 1917 1928 1970 1973 1998 2009,CN1CCCCN(C(=O)C2=C(CCCC2)C(=C3C=CC(=C(C3)OC)F)N4CCN(CC4)C(=O)C5=CC(=C(C=C5)F)OC)C(=O)C1
1358,COC(C=CN(C)C(=O)c1ccccc1)=CC=C1C=C(OC)C=C1c1ccc(-c2cccc(OC)c2)cc1Br,21 31 61 106 225 251 256 298 322 352 389 456 473 535 537 554 562 587 612 650 680 694 695 728 736 743 778 781 785 794 807 833 841 875 881 890 892 896 926 946 1024 1033 1039 1057 1088 1136 1152 1160 1163 1167 1181 1192 1199 1221 1230 1311 1319 1378 1379 1380 1385 1441 1452 1458 1463 1536 1593 1631 1638 1687 1732 1750 1777 1873 1917 1972 1985 1994 2001,CN(/C(=C/C=C\1/C=C(C2=C1C=CC(=C2)C3=CC(=CC=C3)OC)C4=CC(=C(C(=C4Br)Br)Br)Br)/C=C/C(=O)N/C=C/C(=O)OC)C(=O)C5=CC=CC=C5
1359,O=C1OC1=CC=CCCCCCCCC1OC2OC1OC1CCCOC12,21 57 65 80 121 172 214 221 247 314 320 334 361 362 401 425 432 504 509 610 631 639 650 656 688 694 735 775 802 832 881 890 907 924 926 946 950 1012 1019 1028 1034 1088 1128 1143 1215 1252 1283 1325 1356 1380 1440 1453 1468 1621 1625 1681 1762 1782 1810 1819 1853 1869 1886 1911 1921 1923 2013 2047,C1CC[C@@H]2[C@H](C1)CO[C@@H]3[C@H](O2)CC[C@H]4[C@H]3O/C(=C\C=C\CCCCCCCCCCCCCCCCCCCCCCCCCCCCCCCCCCCCCCCCCCCCCCCCC6OCCO6)/C(=O)O4
1360,CN=C(N)SCCCCCCNC(=O)NC1CNC(=O)NC1C(=O)O,8 80 81 98 116 126 129 140 197 210 242 301 314 353 387 389 425 430 438 450 466 470 534 559 565 592 650 652 667 691 702 713 725 798 807 863 926 943 956 958 1019 1057 1114 1143 1152 1168 1171 1182 1204 1238 1380 1403 1431 1526 1531 1643 1717 1774 1784 1852 1866 1876 1911 1917 1955 1974 1989 1996 2026,CN=C(N)SCCCCCNC(=O)NC1CNC(=O)NC1C(=O)O
1361,Cc1ccc(C(=O)N(CCN(C)C(=O)Nc2ccccc2C)c2cc(F)ccn2)cc1,38 43 80 96 119 124 193 235 334 378 410 418 495 559 587 650 658 670 671 699 741 745 774 779 783 787 807 828 875 881 891 930 957 986 1057 1088 1152 1163 1199 1217 1221 1224 1297 1308 1321 1376 1380 1385 1391 1419 1436 1452 1464 1487 1531 1594 1612 1640 1670 1692 1696 1697 1722 1726 1750 1775 1823 1834 1866 1873 1917 1918 1920 1922 1928 1951 1999,CC1=CC=C(C=C1)C(=O)N(C)CN(C2=NC=CC(=C2)F)C(=O)N(CCN(C)C(=O)N(C3=CC(=CC(=[O+]3)C)C)NC4=CC=CC=C4C)NC5=CC=CC=C5C
1362,O=C(O)CCCCCCCCCCCCC(=O)C(=O)c1ccc(I)cc1,80 89 104 326 330 389 441 488 503 650 661 712 715 807 947 1110 1129 1143 1242 1250 1267 1287 1380 1385 1451 1460 1494 1560 1564 1593 1594 1616 1669 1697 1737 1742 1750 1812 1827 1873 1911 1917 2036,C1=CC(=CC=C1/C(=C/2\C=CC(=CC2=O)I)/C(=O)CCCCCCCCCCCCCCCC(=O)O)[As](CCCCC(=O)O)CCC(=O)O
1363,CCCN(CCc1[nH]c2nc1-c1ncccc1S2)C(=O)c1cccc(F)c1,3 5 55 80 124 190 207 230 293 294 323 374 376 378 397 448 506 554 571 609 650 654 675 693 699 715 749 794 807 828 855 875 881 914 915 945 949 978 1031 1039 1043 1057 1088 1114 1182 1207 1221 1243 1252 1317 1380 1385 1427 1440 1452 1487 1488 1521 1610 1670 1724 1728 1745 1750 1756 1761 1777 1806 1835 1855 1861 1866 1873 1917 1920 1928 1951 1958 1974 1984 1985 2044,CCCN(CCC1=C2C(=C(N1)CCN(C(=O)C3=CC(=CC=C3)F)S4(C5=C(C=CC=N5)SC6=C4C=CC=N6)[O-])N=C7C(=N2)C8=C(S7)C=CC=N8)C(=O)F
1364,COc1ccc2nc(Sc3cc(C(=O)N(C)S(=O)(=O)c4ccccc4)nn3C)sc2c1,116 162 319 322 350 370 378 382 389 415 418 493 494 552 557 575 650 675 695 718 745 773 781 790 807 815 841 855 875 881 885 935 961 999 1039 1057 1088 1097 1105 1145 1149 1163 1199 1209 1211 1213 1221 1303 1322 1380 1459 1476 1536 1542 1640 1669 1690 1750 1855 1867 1873 1897 1917 1946 1956 1972,CN1C(=NC(=N1)C(=O)N(C)S(=O)(=O)C2=CC=CC=C2)SC3=NC4=C(S3)C=C(C=C4)OC
1365,CC1(C)CCCN1S(=O)(=O)c1ccc2c3ccc(c2c1)C(=O)N1CCC(C3=O)C2Cc3ccccc3C21,73 107 113 170 176 231 254 272 314 319 350 352 371 374 455 470 495 589 622 638 650 660 680 684 715 731 757 764 800 802 813 821 875 879 926 935 1019 1027 1028 1036 1041 1057 1060 1083 1088 1140 1162 1199 1200 1219 1236 1237 1274 1325 1341 1357 1380 1404 1458 1460 1461 1473 1476 1563 1619 1621 1663 1690 1708 1720 1729 1733 1750 1755 1769 1782 1786 1873 1920 1922 1980 1988 2047,C[C@@]12CCC[NH+]1[C@@H]3[C@H](CC4=CC=CC=C24)[C@@H]5CC6=CC=CC=C6[C@]37CC[C@@](C5(C)C)(N7S(=O)(=O)C8=CC9=C(C=C8)C(=O)N9[C@@H]1C=C[C@@H]2CCCC12)C
1366,CCN(C)C1=NCn2c(SCCNC(=O)c3ccccc3)nnc2S1,8 17 69 80 116 168 197 224 252 265 268 271 294 341 378 386 389 441 470 486 491 495 510 613 632 650 667 675 706 747 753 765 807 881 926 932 935 1057 1088 1101 1152 1163 1164 1175 1182 1199 1255 1262 1286 1287 1348 1380 1385 1449 1496 1561 1597 1665 1722 1750 1873 1917 1989 1999 2044,CCN(C)N1C(=CSC1=O)C(=O)NCCSC2=NN=C3N2CN=C(S3)N(C)C4=CC=CC=C4
1367,CN(CCc1ccc(C(F)(F)F)cc1)CCN1CCCCC1,2 15 58 80 114 120 125 126 224 239 310 383 655 677 758 785 809 837 840 881 926 935 1028 1045 1052 1057 1145 1163 1165 1203 1232 1236 1243 1260 1330 1339 1380 1417 1422 1453 1457 1459 1472 1480 1482 1665 1750 1754 1791 1836 1873 1928 1951 1968 1998 2041,CN(CCC1=CC=C(C=C1)C(F)(F)F)CCN(CCC2=CC=C(C=C2)C(F)(F)F)N(C)CCN3CCCCC3
1368,COc1cc2cc3n4n(c(=O)n-2n(c1)C(=O)N(C(F)(F)c1ccccc1)C4)CC3,5 21 71 72 92 114 142 149 164 220 244 310 314 322 352 366 389 435 456 464 510 650 657 695 700 719 771 781 783 834 841 853 864 875 904 908 926 935 1011 1057 1088 1117 1162 1199 1219 1221 1271 1275 1320 1380 1398 1409 1417 1438 1453 1479 1480 1486 1508 1525 1536 1562 1563 1652 1677 1699 1717 1738 1750 1825 1873 1891 1928 1962 1985 2017 2021,COC1=CN2C(=C1)CCN3N2C(=O)N(C3=O)N4CN(P4C(C5=CC=CC=C5)(F)F)C(C6=CC=CC=C6)(C7=CC=CC=C7)OP8OC(F)(F)F
1369,CC1(C)CCN(C#N)C1=O,122 234 255 308 314 334 335 346 358 630 650 674 787 790 869 926 935 946 953 973 1034 1057 1060 1086 1097 1162 1180 1195 1274 1323 1377 1380 1384 1411 1425 1437 1458 1459 1480 1597 1650 1687 1722 1830 1850 1852 1853 1961 2016,CC1=C2C(CCN2C3(C=CC4(CCC(C(=O)N4C3=O)(C)C)N5CCC(C5=O)(C)C)N(C1=O)C#N)(C)C
1370,O=C(c1ccccc1)N1c2ncc(-c3cncnc3)n2CC1c1ncncn1,38 64 115 146 222 257 301 302 307 378 389 476 482 489 650 666 684 739 802 807 808 894 926 931 935 955 973 1003 1014 1019 1073 1088 1137 1160 1168 1177 1199 1210 1220 1301 1312 1365 1380 1385 1419 1444 1452 1492 1496 1504 1511 1535 1563 1603 1619 1643 1667 1692 1750 1873 1892 1914 1917 1985 2029,C1C2N(C3=C(N2C(=O)C4=CC=CC=C4)C5=CN=CN=C5[Se]N=C3N1C(=O)C6=CC=CC=C6)C(=O)C7=CC=CC=C7
1371,CCCCCn1c(-n2cc(S(=O)(=O)O)c(C)c2C(=O)NCCOCCC)nc2ccccc21,8 13 45 61 80 83 118 169 176 197 200 252 289 294 350 357 378 392 408 414 459 464 486 497 517 540 542 564 591 592 600 617 626 640 650 667 684 691 695 789 794 802 807 836 861 870 893 903 934 935 937 1022 1034 1036 1057 1069 1088 1097 1115 1145 1152 1199 1230 1256 1285 1311 1323 1365 1374 1380 1444 1476 1575 1608 1620 1694 1697 1722 1750 1790 1816 1855 1870 1873 1894 1911 1912 1952 1967 1992,CCCCCN1C2=CC=CC=C2N=C1N3C=C(C(=C3NOCCNS(=O)(=O)CC)C)S(=O)(=O)C4=C(C(=C(C=C4)S(=O)(=O)O)C)C
1372,CCN1C(=O)C(=CC=C(OC)C(=O)NC2CCCCC2)N(C(=O)OC)C1=O,2 34 80 92 100 128 145 181 214 230 251 294 314 358 387 398 428 461 483 588 650 659 694 695 754 767 782 807 841 849 853 879 881 890 896 926 935 1019 1028 1057 1065 1071 1152 1161 1189 1210 1224 1319 1325 1338 1380 1429 1453 1466 1574 1634 1642 1655 1724 1782 1878 1917 1973 1983,[3H]C1C(N(C(=C1)C(=C/C=C\2/C(=O)N(C(=O)N2C(=O)OC)CC)C(=O)NC3CCCCC3)C(=O)OC)[3H]
1373,O=C1OCCCOC(=O)c2ccc(c(OC3C(O)C(O)C(O)C3O)c2)C(=O)OC2=CC1=C2,84 110 217 231 314 352 431 441 524 588 630 650 656 663 680 695 702 735 760 769 789 807 841 845 875 890 892 896 926 944 982 1019 1028 1033 1037 1039 1067 1069 1083 1088 1121 1160 1192 1213 1257 1380 1487 1519 1582 1600 1642 1644 1750 1810 1873 1950 1962 1970 1975 2037,C1CC2=C(C3C=CC(=C4C(CC(=C4)C5=CC(=C(C=C5)C(=O)OC1)OC6C(C(C(C(C6O)O)O)O)O)O)C=C3O)C(=O)OC2=O
1374,CCOc1ccc2c(c1)OC1C(CCC3CCCN(CCCc4ccc([N+](=O)[O-])cc4)C31)O2,2 69 80 92 171 195 221 236 237 246 263 276 294 310 322 339 340 430 446 541 585 628 650 656 695 698 715 718 753 769 838 875 905 926 935 967 975 978 1010 1019 1028 1035 1045 1050 1057 1141 1145 1195 1217 1238 1243 1274 1303 1310 1325 1380 1385 1452 1480 1501 1612 1614 1676 1695 1714 1750 1754 1778 1809 1811 1814 1819 1852 1873 1905 1953 1960 1963 1967 2017 2022 2026 2047,B1(N2C(=CC(=C2)OCC)B(OC3=C(O1)C=C(C=C3)OCC)OCC)N4CCCN(C4C5CCC(CC5)[N+](=O)[O-])CCC6=CC=C(C=C6)[N+](=O)[O-]
1375,N#Cc1nn(CCCNC(=O)Cn2c3ccc2nc3)c2cccc(Cl)c12,41 45 72 80 142 152 153 154 158 172 181 197 202 235 366 378 395 420 457 511 531 541 546 561 577 597 622 647 650 654 667 674 767 777 790 802 807 819 893 927 935 949 965 974 977 982 1039 1088 1125 1136 1141 1145 1152 1159 1240 1267 1285 1290 1312 1313 1356 1374 1380 1384 1411 1452 1535 1560 1570 1595 1614 1683 1750 1817 1873 1876 1911 1917 1956 1984 2016,C1=CC2=C(C(=C1)Cl)C(=NN2CCCNC(=O)CN3C4=C(C(=CC=C4)Cl)C5=C3N=C6C=CC7=CN=C(C(=[NH2+])N7N6)C#N)C#N
1376,O=C(Nc1c2nn(c1-c1cccc([N+](=O)[O-])c1)C2=O)Oc1cccc(Cl)c1,142 165 216 289 314 322 323 378 381 429 474 551 555 562 592 605 626 650 695 715 724 736 753 807 838 875 879 935 945 967 1009 1039 1045 1054 1088 1105 1160 1183 1195 1214 1230 1240 1261 1274 1308 1380 1539 1562 1591 1597 1610 1653 1655 1671 1681 1683 1729 1750 1758 1809 1816 1852 1873 1902 1917 1940 1956 1963,C1=CC(=CC(=C1)[N+](=O)[O-])C2=C(C(=NN2C(=O)OC3=CC(=CC=C3)Cl)C4=CC(=CC=C4)Cl)NC(=O)O[NH+]=C5C=CC(=CC5=O)[N+](=O)[O-]
1377,Cc1cccc(P2(=O)OCCN2C)c1,17 24 32 57 130 203 224 256 375 388 428 589 599 650 656 682 708 720 751 810 875 914 926 935 950 958 1013 1039 1055 1057 1088 1124 1144 1145 1217 1380 1451 1480 1497 1621 1697 1722 1750 1769 1821 1823 1847 1873 1876 1889 1904,CC1=CC(=CC=C1)P2(=O)N(CCN2P3(=O)N(CCO3)P4(=O)N(CCN4C)C)C
1378,COc1cccc(C(C(=O)NC(N)=O)=C(F)C=Cc2cc(OC)ccn2)c1,31 62 83 140 193 250 287 316 322 366 368 378 479 543 553 562 619 650 683 688 694 695 736 781 787 807 835 841 859 875 982 1039 1057 1088 1115 1119 1152 1171 1187 1210 1223 1257 1332 1346 1354 1380 1384 1385 1407 1452 1526 1536 1599 1607 1616 1712 1750 1866 1873 1917 1928 1937 1972 1978 1985 1998 2001 2043 2044,[B-](/C(=C(/C(=O)NC(=O)N)\F)/C1=CC(=CC=C1)OC)(/C(=C(\C=C\C2=NC=CC(=C2)OC)/C3=CC(=CC=C3)OC)/F)(F)F
1379,C=CCCCCCCC(=CC)C(=O)OC(C)(C)C,31 80 114 124 150 161 231 254 392 401 527 650 652 681 694 695 795 807 812 844 887 904 936 940 1057 1064 1090 1119 1143 1267 1366 1368 1424 1435 1440 1489 1495 1564 1574 1577 1609 1645 1716 1732 1770 1859 1885 1911 1914 1917 1991,C/C=C(\CCCCCCCCCCCC=C)/C(=C(/C=C/C(=C/C)/C(=O)OC(C)(C)C)\C(=O)OC(C)(C)C)/C(=O)C(C)(C)OC(C)(C)C
1380,Cc1cccc(S(=O)(=O)c2cnn[nH]2)c1,74 177 281 319 347 350 357 378 570 575 600 623 650 658 711 738 818 835 845 875 987 1013 1039 1055 1057 1088 1091 1114 1226 1230 1354 1380 1476 1550 1571 1722 1750 1805 1823 1824 1873 1921 1946 1978 2000 2012,CC1=CC(=CC=C1)S(=O)(=O)C2=C(N=NC3=C(NN=N3)NN=N2)S(=O)(=O)C4=CC=CC(=C4)C
1381,O=C(Oc1ccccc1)c1c[nH]c(=O)c(C=CC(F)(F)C(F)(F)c2ccccc2)c1,0 114 145 182 189 190 197 212 283 314 322 389 440 451 504 534 562 632 650 693 694 695 749 750 768 771 806 807 835 840 848 866 875 887 961 1088 1094 1114 1157 1199 1218 1251 1365 1380 1385 1417 1446 1453 1485 1500 1642 1645 1672 1673 1729 1742 1750 1763 1812 1873 1879 1910 1917 1927 1928 1948 1970 2017,C1=CC=C(C=C1)C(C(C(C(/C=C/C2=CC(=CNC2=O)C(=O)OC3=CC=CC=C3)(F)F)(F)F)(F)F)(C(C4=CC=CC=C4)(F)F)F
1382,CCCCCC1C2CC(OC(=O)c3ccc(C(=O)OC)cc3C)C(C1C)C(C(C)(C)C)O2,12 67 80 114 145 159 177 216 277 287 294 302 334 390 392 469 518 591 604 626 643 650 656 693 695 725 728 765 781 794 798 807 832 841 854 875 906 926 952 960 996 1008 1019 1032 1047 1057 1060 1079 1126 1152 1211 1220 1255 1272 1278 1292 1309 1380 1385 1391 1401 1428 1444 1529 1573 1618 1697 1700 1706 1715 1722 1750 1819 1820 1854 1873 1885 1911 1917 1921 1991 2009 2039,[B]N=C1C(C(CC(O1)C(C)(C)C)OC(=O)C2=C(C=C(C=C2)C(=O)OC)C)C3C(C(C(C(O3)C(C)(C)C)(OC)OC)O[B])CCCCC
1383,N#Cc1cc(N2CCN3CCCCC3C2)ccc1S(N)(=O)=O,20 233 350 361 392 407 496 513 558 605 640 650 672 674 691 717 739 790 833 847 875 890 894 926 935 1019 1028 1039 1043 1087 1123 1133 1136 1170 1171 1217 1325 1380 1384 1421 1470 1476 1480 1508 1524 1594 1595 1607 1716 1736 1737 1750 1754 1796 1811 1825 1846 1854 1862 1870 1873 1910 1993 1998,C1CCN2CCN(CC2C1)C3=CC(=C(C=C3)S(=O)(=O)N)C#CC4CN(CCN4C5=CC(=C(C=C5)S(=O)(=O)N)C#N)C6CCCC6
1384,COc1ccc(-c2ccccc2NC(=O)CN2CCCCC2=O)cc1,41 89 191 222 236 270 310 314 322 352 585 650 695 718 728 729 781 796 798 807 831 841 879 896 926 935 979 984 1028 1036 1057 1088 1089 1099 1123 1152 1160 1182 1194 1198 1199 1224 1230 1284 1312 1335 1349 1380 1480 1536 1647 1696 1738 1741 1750 1772 1777 1816 1873 1890 1917 1937 1943 1948 1998,COC1=CC=C(C=C1)C2=CC=CC=C2NC(=O)CN3CCCCC(=O)N3N4CCC(=C4[Se])C5=CC=C(C=C5)OC
1385,C=C(Cl)C(=O)N(CN1CCCCC1)c1nc2cc(Cl)ccc2s1,2 38 80 119 162 165 192 198 216 232 237 297 378 394 478 498 504 506 559 561 570 639 650 675 692 783 807 816 875 881 883 885 926 935 964 980 1022 1028 1097 1137 1181 1220 1245 1275 1286 1291 1292 1295 1366 1380 1392 1422 1467 1480 1506 1513 1517 1529 1659 1667 1683 1690 1706 1731 1750 1791 1855 1873 1877 1911 1917 1939 1998 2017 2043,C=C(C(=O)N(CN1CCCCC1)C2=NC3=C(S2)C=CC(=C3)Cl)N(C4=NC5=CC6=C(C=C5S4)[NH+]7CCCC7)C(=O)C(=C)Cl
1386,CCCOc1ccc(NN=CNC(=O)CC)c2ccc(Cl)cc12,2 3 13 20 41 76 80 94 165 216 230 258 260 294 303 319 445 561 628 650 675 694 695 725 726 794 797 807 808 816 870 875 898 915 934 963 978 983 1009 1057 1059 1141 1152 1224 1259 1288 1357 1380 1440 1452 1517 1518 1534 1589 1591 1683 1733 1737 1750 1760 1779 1794 1832 1851 1856 1867 1873 1906 1917 1940 1970 2036,CCCOC1=C2C=C(C=CC2=C(C=C1)N/N=C/C(=C/3\C4=C(C=C(C=C4)Cl)C(=C[NH2+]3)OCCC)/C=N/NC(=O)CC)Cl
1387,Cc1cc(CCN2CCN(C)C2=O)cc(NC(=O)C(C)O)ccc(F)s1,1 34 36 80 91 92 103 162 184 191 204 223 227 242 283 295 313 314 371 395 396 448 516 517 573 625 650 675 699 721 737 770 790 793 798 807 812 833 843 861 875 926 935 973 1046 1057 1089 1145 1152 1212 1243 1360 1380 1442 1480 1560 1619 1664 1670 1693 1722 1750 1754 1798 1816 1831 1848 1873 1917 1928 1995,CC1=CC(=C(S1)C)CCN2CCN(C2=O)CC(=O)C3=C(C=C(C=C3)NC(=O)C(C(C)O)C(=O)N4CCN(C4=O)C)F
1388,CCN(C)C(=S)NC(=O)c1ccc(-c2nc3ccc2o3)cc1,1 49 78 80 97 110 118 126 139 148 164 247 294 323 334 378 418 471 486 524 650 656 807 881 896 930 932 947 1021 1055 1057 1095 1119 1152 1160 1163 1208 1284 1372 1380 1385 1393 1435 1483 1592 1601 1604 1665 1690 1691 1697 1704 1744 1750 1774 1783 1787 1808 1810 1855 1873 1917 1964 1980 2032,CCN(C)C(=S)NC(=O)C1=CC=C(C=C1)C2=CC=C(C=C2)C3=C4C=CC(=N4)OC5=C(N=C(C=C5)[Si](C)(C)C)C6=CC=C(C=C6)C(=O)NC(=S)N(C)CC
1389,COC(=O)C(Cc1ccc(C#N)cc1)N1CCCC(=CC=C(C(N)=O)c2ccccc2)C1=O,1 34 54 61 79 80 102 140 147 172 218 219 281 292 299 305 310 314 332 389 395 412 495 531 569 579 650 674 679 684 694 695 743 790 807 841 857 879 890 919 926 935 949 971 1028 1057 1088 1136 1138 1152 1171 1199 1210 1291 1319 1340 1380 1384 1385 1480 1616 1618 1627 1672 1711 1738 1750 1754 1823 1861 1873 1897 1917 1954 1985 2009,COC(=O)[C@H](CC1=CC=C(C=C1)C#N)NN2CCC/C(=C\C=C(\C3=CC=CC=C3)/C(=O)N)/C2=O
1390,O=c1[nH]c2c[nH]c3ccc4c(Cl)cccc4ccc1c-3c2,47 158 186 203 218 253 303 314 352 366 384 464 561 621 650 684 750 806 875 974 1014 1039 1087 1088 1114 1157 1324 1332 1334 1357 1380 1404 1405 1473 1540 1667 1683 1733 1745 1750 1853 1855 1873 1879 1899 2026,C1=CC2=C(C(=C1)Cl)NC(=O)C(=C2)C3=CC4=C(C=CC5=C4C=C(NC5=O)C6=CNC(=O)C(=O)N6)C(=O)N3
1391,CCN(CCN(C)c1cnnc(-c2ccc(OC)c(Br)c2)n1)C(=O)N1CCCCC1,2 21 44 58 80 85 94 146 249 281 283 294 355 369 378 383 464 592 607 623 650 695 700 728 769 807 811 833 841 875 881 896 926 932 935 976 978 1008 1028 1057 1083 1101 1121 1160 1163 1164 1170 1230 1245 1333 1380 1385 1480 1492 1535 1536 1549 1588 1630 1631 1692 1698 1750 1809 1855 1873 1917 1918 1951 1962 1970 1998 2009 2020 2021,CCN(CC)C(=O)N1CCCN(CC1)C(=O)N(C)CCN(C)C2=NN=CC(=C2)C3=CC(=C(C=C3)OC)Br
1392,COc1ccc(NC(=O)c2nc(Nc3ccccc3)n(-c3ccccc3)c2O)cc1,20 53 58 157 160 191 221 246 268 312 322 378 389 486 490 491 599 602 608 650 695 703 718 781 807 819 831 841 843 854 865 935 967 994 1049 1057 1077 1088 1152 1190 1199 1290 1305 1360 1380 1461 1511 1524 1536 1585 1602 1628 1658 1747 1750 1816 1825 1855 1863 1873 1875 1877 1889 1917 1920 1935 1960 1974 1978 1993 2013 2046,COC1=CC=C(C=C1)NC2=NC(=C(N2C3=CC=CC=C3)O)C(=O)NC4=CC=C(C=C4)NC5=NC(=C6N5N7C(=N6)C=CN7C8=CC=CC=C8)C(=O)NC9=CC=CC=C9
1393,CC1CCCCN1c1nc2ccc1[nH]2,32 39 44 112 119 130 174 245 291 299 378 436 476 629 684 734 760 765 890 903 926 935 966 982 985 1019 1028 1044 1057 1082 1091 1114 1188 1224 1301 1309 1325 1372 1380 1385 1418 1480 1533 1569 1745 1750 1806 1822 1855 1857 1865 1873 1939 1998,CC1CCCCN1C2=NC(=NC3=CC=C(N3)C(=C4C=CC(=N4)N=C5C=CC(=N5)N=C6C=CC2=N6)N7CCCCC7C)N8CCCCC8C
1394,COc1cc(C(=O)NCC(=O)NC(=O)N2CCCCC2)ccc1S(=O)(=O)N1CCN(C(C)=O)CC1,2 41 55 80 85 197 218 249 265 268 314 350 366 369 392 428 468 469 486 526 573 585 640 695 755 800 807 841 858 875 926 935 985 1017 1028 1057 1072 1119 1120 1152 1300 1372 1380 1385 1440 1448 1450 1468 1476 1480 1510 1536 1548 1578 1589 1598 1603 1607 1697 1715 1732 1750 1752 1790 1812 1823 1851 1873 1890 1917 1958 1970 1982 1998 2009,CC(=O)N1CCN(CC1)S(=O)(=O)C2=C(C=C(C=C2)C(=O)NCC(=O)NC(=O)N3CCN(CC3)S(=O)(=O)ONC(=O)N4CCCCC4)OC
1395,COc1ccc2nc(N)nc3nc(n4nc5cc4c2cc5c1)N(c1ccccc1C)CCN3,45 116 127 155 210 220 221 266 305 318 322 348 378 389 394 397 402 409 412 436 599 650 695 718 781 796 835 841 862 875 882 890 904 926 935 961 1005 1008 1044 1057 1059 1088 1097 1114 1171 1199 1240 1295 1347 1357 1360 1361 1365 1380 1391 1419 1457 1480 1524 1526 1536 1609 1647 1670 1722 1733 1750 1762 1827 1855 1866 1873 1887 1914 1916 1947 1956 1972 1991 1999,CC1=CC=CC=C1N2C(=NC(=N2)N)C3=NC4=C(N3SC)C=C(C=C4)P(C5=CC=CC=C5)C6=CC7=C(C=CC(=C7)OC)N=C6SC
1396,COc1ccc(Cl)c(NS(=O)(=O)Nc2c#cc(NS(=O)(=O)N(C)C)cc2)c1,25 84 102 103 112 131 202 210 225 234 257 322 350 366 397 441 450 457 458 498 557 561 576 626 650 666 695 718 728 763 781 841 863 874 875 881 1054 1057 1067 1097 1130 1152 1163 1165 1189 1213 1221 1224 1242 1270 1289 1309 1331 1345 1380 1389 1408 1476 1506 1536 1640 1658 1683 1715 1750 1753 1808 1828 1834 1863 1873 1895 1972 2013,CN(C)S(=O)(=O)NC1=C(C=CC(=C1)OC)[Si]2(C(=CC(=C3[Si](C(=C(C=C3)OC)[Si](Cl)(Br)Br)(Br)Br)[Si](N2)(Br)Br)OC)NS(=O)(=O)N(C)C
1397,Cn1c(C(=O)N2CCCCC2)ccc1-c1ccc([N+](=O)[O-])cn1,2 49 190 251 266 305 341 369 372 378 488 501 544 564 587 589 591 604 650 715 753 767 790 807 838 869 882 912 926 935 942 980 1025 1028 1038 1057 1102 1138 1145 1195 1240 1322 1341 1377 1380 1452 1480 1504 1535 1568 1595 1640 1692 1750 1809 1814 1838 1873 1917 1921 1962 1963 1998 2009,CN1C(=CC=C1C2=NC=C(C=C2)[N+](=O)[O-])C3=CC=C(N3C)C(=O)N4CCCCC4=C5N=CC=C(N5C)C(=O)N6CCCCC6
1398,COc1ccc(OC=CC=Cc2cccc(S(=O)(=O)N(C)c3ccccc3Cl)c2)cc1,56 80 198 273 319 322 350 366 432 539 561 568 575 627 650 694 695 709 718 721 755 781 785 815 831 835 841 866 875 881 974 984 1039 1057 1088 1153 1163 1174 1199 1240 1301 1312 1353 1359 1362 1380 1389 1422 1476 1536 1647 1683 1730 1750 1808 1818 1873 1942 1994 2018 2029 2033 2036 2041,CN(C1=CC=CC=C1Cl)S(=O)(=O)C2=CC=CC(=C2)/C=C/C=C/OC3=CC(=CC=C3)S(=O)(=O)N(C)C4=CC=C(C=C4)OC
1399,Cc1ncc(C(=O)NC(=O)Nc2ccccc2)n1C,4 14 87 190 191 233 378 389 479 486 488 564 567 579 604 616 623 645 650 703 724 767 807 891 917 935 942 946 1057 1077 1088 1093 1119 1145 1152 1195 1199 1212 1280 1380 1416 1418 1452 1456 1535 1550 1554 1722 1746 1750 1816 1831 1873 1917 1946 1955 1973 1989 1990 1997 2047,CC1=C(N(C(=C1NC2=CN=C(N2C)C)NC(=O)NC(=O)NC3=CC=CC=C3)C)NC4=CN=C(N4C)NC(=O)C5=CN=C(N5C)C
1400,CCN(C(=O)C=C1C=C1)C(=O)C(C)O,1 10 44 80 169 227 252 283 294 297 388 396 460 547 549 650 694 777 804 807 881 914 917 932 1057 1090 1195 1380 1404 1483 1554 1564 1637 1648 1657 1675 1709 1722 1730 1769 1794 1834 1856 1873 1878 1917,CCN(C(=O)C(C)O)C(=O)/C=C/1\C=CC(=C(C1=C(C(=O)N(CC)C(=O)C(C)O)N(CC)C(=O)C(C)O)C)C
1401,CNC(C=Cc1cccc(S(=O)(=O)NN2CCN(c3ccccc3)C2=O)c1)=CO,23 31 81 92 97 130 198 215 251 312 314 319 345 350 376 389 414 450 461 475 502 575 577 646 650 691 694 807 811 835 875 901 926 935 952 1039 1049 1057 1074 1088 1117 1152 1199 1215 1283 1291 1305 1308 1353 1380 1430 1457 1459 1476 1480 1521 1526 1569 1632 1701 1729 1742 1750 1767 1792 1825 1845 1873 1883 1906 1910 1942 2003 2033 2041,CN/C(=C\N1CCN(C1=O)NS(=O)(=O)C2=CC=CC(=C2)N3CCN(C3=O)C4=CC=CC=C4)/C=C/C5=CC(=CC=C5)S(=O)(=O)NN6CCN(C6=O)C7=CC=CC=C7
1402,CCC(C)C(=O)Nc1nc(N)c(C#CC#N)s1,1 12 80 128 162 194 202 278 283 294 317 375 378 385 430 431 570 573 589 609 650 662 665 675 767 781 790 807 967 982 987 1020 1057 1092 1147 1152 1171 1380 1384 1388 1411 1457 1459 1496 1544 1584 1616 1629 1639 1754 1760 1794 1816 1848 1855 1914 1917 1965 2031,CCC(C)C(=O)NC1=NC(=C(S1)C(=O)P(C#N)(C(C)CC)(C(=O)C2=C(N=C(S2)NC(=O)C(C)CC)N)N)N
1403,Cc1ccc(C(=O)NS(=O)(=O)c2cc(C(F)(F)F)c3ccccc3c2)c(C)n1,45 67 92 114 124 192 223 262 295 307 319 331 335 350 362 378 394 419 428 460 477 486 502 543 629 650 778 800 807 809 836 875 893 974 1057 1087 1088 1102 1106 1152 1199 1280 1309 1351 1357 1374 1375 1380 1453 1476 1514 1515 1573 1722 1731 1750 1824 1855 1871 1873 1917 1928 1991,CC1=NC(=C(C=C1)C(=O)NP(=O)(C2=C(C=C(C=C2C(F)(F)F)S(=O)(=O)NC(=O)C3=CC4=CC=CC=C4C(=C3)C(F)(F)F)C(F)(F)F)C(F)(F)F)C
1404,C[S+]([O-])C(=O)n1ccccc2cc(C(F)(F)F)ccc2[nH]c1=O,26 44 114 119 187 314 362 384 419 454 578 588 593 640 650 666 715 758 807 809 875 895 903 910 917 935 974 987 1057 1087 1088 1101 1114 1199 1247 1259 1260 1281 1311 1350 1380 1384 1391 1417 1452 1453 1522 1546 1665 1745 1746 1750 1788 1817 1855 1873 1917 1928 1939 1982,c1([S+]([O-])C(=O)N2C=CC=C2)c(C(c2cc(C(F)(F)F)ccc2NC(=O)n2c(=O)[nH]c3c2cc(cc3)C(F)(F)F)(F)F)cc2c([nH]1)ccc(c2)C(F)(F)F
1405,CC1(C)CCCCN1C(=O)C=C1C=C1,28 53 75 97 113 161 171 547 549 560 650 655 689 694 789 807 871 889 914 926 935 1028 1057 1060 1083 1162 1174 1178 1195 1219 1244 1274 1319 1332 1354 1380 1480 1638 1657 1773 1829 1842 1873 1877 1899 1912 1917 1972 1998,CC1(CCCCN1C(=O)/C=C/2\C=CC(=CC(=O)N3CCCCC3(C)C)C=C2)C
1406,C=C(C)C(=O)OC1C2OC(C1O)C(C(OC(C)(C)C)C1(C)CCCCC1C1C=CC(=O)C1C)O2,1 87 107 114 118 154 221 268 269 290 314 392 406 438 519 547 610 614 621 650 656 663 695 705 800 807 853 866 890 910 924 926 994 1017 1019 1022 1028 1052 1056 1057 1060 1083 1087 1089 1126 1138 1152 1162 1255 1257 1265 1274 1289 1309 1325 1366 1369 1380 1464 1487 1521 1540 1570 1591 1596 1605 1609 1613 1638 1678 1689 1699 1779 1813 1816 1859 1871 1873 1879 1917 1921 1950 2025 2031 2044,CC1CCCCC1C2(C3CCCCC3C4(C25C(C(C6C(C5C=CC4=O)OC(O6)C(OC(C)(C)C)OC(C)(C)C)O)O)C)C
1407,COCC(=O)N1CCN(C(=O)c2cc3cc(OC)ccc3s2)CCCN(C(=O)OC)C1=O,4 32 63 80 92 119 150 151 162 171 299 314 321 322 369 419 432 502 556 569 627 650 652 675 678 695 718 770 781 807 810 835 841 852 854 873 875 885 887 926 935 942 1005 1009 1028 1057 1065 1083 1152 1176 1181 1215 1224 1242 1274 1277 1293 1380 1387 1480 1521 1532 1536 1576 1589 1635 1682 1683 1710 1722 1725 1749 1750 1777 1795 1855 1873 1917 1955 1972 2004 2009 2042,CC1=C(SC(=O)N1C(=O)OC)C(=O)N2CCCN(P2(=O)NC3=C(SC(=C3)OC)C(=O)N4CCCN(C4=O)C(=O)OC)C(=O)COC
1408,C=C(C(=O)Nc1ccc(Cl)cc1)C(=O)OC,63 141 165 191 216 222 245 407 535 536 561 571 650 695 718 720 774 786 807 816 841 843 878 1022 1057 1070 1077 1103 1152 1210 1366 1380 1402 1427 1475 1522 1683 1689 1750 1816 1824 1870 1873 1917,COC(=O)O/C(=C(\C(=C)C(=O)NC1=CC=C(C=C1)Cl)/C(=C)C(=O)NC2=CC=C(C=C2)Cl)/C(=C)C(=C)C(=O)NC3=CC=C(C=C3)Cl
1409,NC(=O)NCCNC(=O)NCCCN1CCCCCCN(CC(=O)O)CC1,2 74 80 140 197 248 277 307 373 389 415 425 501 544 650 653 667 807 852 860 926 935 1007 1028 1048 1060 1145 1152 1171 1227 1248 1256 1312 1374 1422 1431 1445 1480 1482 1520 1526 1707 1737 1791 1816 1825 1873 1876 1893 1911 1917 1932 1972 1978 1989 1998,C1CCN(CC1)CCCNC(=O)NC2=C(N(N(C2(NC(=O)N)NC(=O)N)CC(=O)O)CC(=O)O)NC(=O)NCCN3CCN(CC3)CC(=O)O
1410,COc1ccc(-c2nccc(C(=O)N3CCCC3)n2)o1,121 313 359 369 378 441 473 564 568 570 650 656 668 674 695 760 787 807 841 855 926 935 942 953 1003 1028 1031 1040 1049 1057 1168 1247 1380 1383 1385 1417 1422 1452 1480 1482 1500 1504 1536 1543 1587 1602 1604 1611 1630 1742 1745 1750 1810 1855 1866 1873 1874 1916 1917 1937 1976 1998 2009,c1(c2oc(cc2)/C(=C/2\OCO2)/C#C[Si](C)(C)C)nc(C(=O)N2CCCC2)ccn1
1411,CN(C)CCCN1CCN(c2ccc(-c3ccccc3Nc3ccc(Cl)cc3)cc2)CC1,4 74 80 155 169 191 216 222 233 255 339 352 407 464 491 561 635 652 653 687 693 726 729 745 803 814 816 819 843 857 881 896 926 935 946 955 984 1057 1070 1088 1145 1152 1160 1163 1176 1199 1224 1380 1405 1480 1482 1508 1524 1552 1585 1672 1683 1696 1750 1757 1791 1805 1825 1867 1873 1889 1911 1924 1944 1951 1991,CN(C)CCCN(C)N1C=C(C(=C1)NC2=CC=C(C=C2)N3CCN(CC3)CCCN(C)C)C4=CC=C(C=C4)NC5=CC=CC=C5C6=CC=C(C=C6)Cl
1412,CCC(C)NS(=O)(=O)c1cccc2[nH]c(F)cccc3ccccc3c12,1 3 80 115 119 159 186 243 283 294 320 350 392 456 502 571 635 650 689 699 772 786 992 1024 1039 1057 1084 1087 1088 1104 1114 1152 1199 1256 1263 1343 1348 1357 1359 1380 1401 1476 1544 1552 1573 1701 1713 1745 1750 1783 1818 1855 1864 1865 1873 1928 1941 1946 1948 1984 2018 2028,CCC(C)NS(=O)(=O)C1=CC=CC2=C1C(=C(N2)F)S(=O)(=O)NC(C(CC)C(C)NS(=O)(=O)C3=CC=CC4=CC=CC=C43)NS(=O)(=O)C5=CC=CC6=CC=CC=C65
1413,COC1=CC(F)=CC=c2[nH]c(=O)n(C3=C(F)c4csc(n4)NS(=O)(=O)c4ccc5c3cccc5c4)c2=C1,63 84 115 118 203 207 221 314 339 352 378 413 469 497 552 566 637 650 675 695 699 721 727 758 792 794 836 840 841 868 870 875 882 884 892 935 977 980 984 1011 1024 1039 1057 1083 1087 1088 1093 1114 1120 1130 1136 1160 1243 1249 1264 1297 1316 1343 1357 1378 1380 1425 1459 1463 1496 1536 1561 1567 1586 1631 1733 1745 1750 1758 1786 1855 1873 1877 1919 1928 1938 1961 1983 1993 2000,COC1=CC=C2C(=C1)C=CC3=C2C=CC(=C3)C4=CC(=CS4)C5=C(C(=C6N5C(=O)NS6(=O)=O)F)F
1414,COc1cc(C(=O)N2CCN(CCN3CCCCC3)C2=O)ccc1-c1ccc(C(=O)N2CCCC2)s1,2 4 16 23 62 80 92 162 247 249 266 295 314 352 358 369 371 419 428 440 519 553 618 620 623 650 675 695 721 806 807 810 841 875 926 935 942 1028 1031 1057 1089 1132 1140 1145 1240 1372 1380 1385 1387 1422 1441 1451 1480 1482 1504 1536 1539 1548 1574 1602 1635 1697 1725 1750 1791 1795 1873 1917 1935 1970 1986 1994 1995 1998 2009 2031 2044,COC1=CC(=C(C=C1C2=CC=C(S2)C(=O)N3CCCCC3)OC)C4=CC(=P5(N4CCN(C5=O)CCN6CCCCC6)OC)O
1415,CC([NH3+])([O-])C(N)=O,102 114 119 140 144 180 392 397 491 535 556 650 679 712 715 750 761 807 1013 1057 1111 1112 1142 1171 1226 1307 1382 1453 1544 1707 1917,CC(C)(C(=O)N)C(C(=O)N)(C(C(=O)[O-])(C(=O)N)[NH3+])C(C(=O)N)(C(C)(C(=O)N)[NH3+])C(C(=O)N)(C(=O)N)[NH3+]
1416,CC1(C)C(=O)NC(=O)N1C(=O)C1=CC=C(Cl)C=CS1,24 99 122 228 278 285 314 400 404 407 488 510 547 561 650 675 713 721 730 807 855 866 935 1001 1020 1057 1060 1114 1138 1185 1217 1240 1249 1251 1264 1274 1380 1391 1437 1504 1625 1653 1670 1683 1829 1858 1873 1917 1929 1992,CC1(C(=O)NC(=O)C(N1C(=O)C2=CC=C(C=C2)Cl)(C)C3=C4C=CSC45C(=C3)C=CS5)C
1417,C=CC=C1CCCN(CCCN(Cc2ccccc2)S(=O)(=O)c2ccccc2Cl)C1=O,0 17 80 94 163 190 243 314 350 366 379 389 392 395 507 522 561 640 650 652 681 694 784 807 815 847 879 881 889 890 919 926 935 951 955 958 974 992 1028 1066 1069 1088 1089 1123 1138 1145 1147 1154 1199 1222 1227 1228 1249 1272 1286 1300 1328 1366 1380 1382 1449 1476 1480 1524 1573 1625 1627 1632 1645 1651 1681 1683 1720 1738 1750 1754 1766 1821 1873 1891 1892 1907 1911 1951 2033,C=C/C=C/1\CCCN(C1=O)CCCN(CC2=CC=CC=C2)S(=O)(=O)C3=CC=C(C=C3)S(=O)(=O)[N-]N4CCC(=CC=[N-])C4=O
1418,C=CC=C(C=Cc1ccnnc1)NC(=O)NC(=O)Nc1ccccc1,65 191 281 298 302 354 378 389 450 525 560 611 651 678 694 703 711 715 723 784 798 807 835 867 993 1016 1019 1056 1077 1088 1119 1141 1152 1174 1183 1199 1200 1205 1206 1254 1308 1319 1366 1380 1388 1456 1462 1521 1535 1557 1620 1625 1645 1667 1750 1752 1792 1816 1866 1873 1880 1917 1920 1950 1969 1989 1990 2033,C=C/C=C\1/C(/C(=C/C2=CN=NC=C2)/C(=C1/C(=C/C=C)/NC(=O)NC3=CC=CC=C3)/C(=C/C4=CN=NC=C4)/NC(=O)NC5=CC=CC=C5)[O-]
1419,COc1ccc(OCCN(C)C(=O)c2cccnc2)cc1F,12 13 21 80 94 118 209 242 249 259 322 334 364 378 437 472 611 650 655 685 695 699 703 718 807 841 875 876 881 1034 1043 1057 1088 1163 1214 1221 1236 1251 1297 1380 1385 1452 1501 1535 1536 1586 1603 1687 1742 1750 1839 1840 1866 1873 1903 1917 1928 1929 1945 1951 1962 1970 1985 2044,CN(CCN(CCN(C)C(=O)F)C1=C(C=C(C=N1)OC)F)C(=O)C2=CN=CC=C2
1420,COc1cncc(NC(=O)NC2C(C(O)O)OC(=O)N(c3ccc4cc5cccc-5sc4c3)C2C)c1,1 62 95 114 142 162 191 203 204 205 227 233 247 314 322 334 378 387 472 520 582 605 608 614 650 656 661 675 678 695 724 736 742 750 760 781 807 837 841 874 875 885 935 982 984 1008 1019 1039 1046 1057 1064 1088 1152 1160 1197 1208 1259 1309 1324 1327 1342 1380 1410 1423 1434 1436 1479 1535 1536 1603 1614 1621 1682 1729 1750 1793 1816 1825 1855 1866 1873 1915 1917 1922 1989 1990 2032,C[C@H]1[C@@H]([C@H](N(C(=O)O1)C2=CC3=C(C=C2)C=C(S3)C4=CC(=CC=C4)OC)C(O)O)NC(=O)NC5=CN=CC(=C5)OC
1421,O=C(Nc1ccccc1)c1ccc(Br)c2cc([N+](=O)[O-])c(=O)oc12,41 67 97 100 133 191 241 314 339 354 389 473 486 533 546 579 650 656 703 715 716 728 753 807 833 838 847 868 875 881 1065 1077 1088 1136 1152 1195 1199 1225 1254 1357 1380 1386 1463 1468 1490 1554 1557 1586 1604 1631 1649 1701 1732 1750 1793 1816 1844 1873 1917 1925 1963 1974 1978 1991 1998,C1=CC=C(C=C1)NC(=O)C2=C3C(=C(C=C2)Br)C=C(/C(=C(\NC4=CC=CC=C4)/NC5=CC=C(C=C5)Br)/C(=O)O3)[N+](=O)[O-]
1422,CN1CCc2c(ccc3[nH]c4ccccc4c23)C1=O,17 83 119 183 314 352 361 427 508 526 549 571 650 680 715 879 926 935 1041 1055 1057 1079 1081 1088 1110 1114 1145 1153 1162 1168 1199 1299 1357 1380 1433 1459 1480 1518 1552 1573 1580 1626 1673 1693 1694 1713 1738 1745 1750 1783 1792 1873 1902 1929 1939 1948 1984 1986 2018,CN\1CCC2=C(/C1=C/3\C4=C(C=CC5=C4CCN(C5=O)C)NC6=CC=CC=C63)C=CC7=C2C8=C(N7)C=CC9=C8CCN(C9=O)C
1423,CN(Cc1ccc(Cl)c(S(=O)(=O)Oc2ccccn2)c1)c1ccc(C(F)(F)F)cc1,14 23 80 114 134 153 186 310 326 350 366 378 383 392 416 448 484 507 561 626 650 657 666 695 697 753 760 762 790 808 809 856 875 881 960 967 1007 1057 1088 1096 1101 1119 1130 1155 1163 1199 1216 1260 1294 1300 1305 1377 1380 1417 1452 1453 1476 1555 1570 1607 1615 1616 1665 1681 1683 1723 1750 1754 1767 1810 1852 1866 1873 1928 2024,CC(C)(C1=CC=C(C=C1)C(F)(F)F)S(=O)(=O)C2=C(C=CC(=C2)CN(C)C3=CC(=C(C=C3)Cl)S(=O)(=O)[N-]OC4=CC=CC=N4)Cl
1424,Cc1nnc(NC(=O)N2CCN(C(=O)c3cc(Cl)cs3)c3ccc(o3)C2)n1C,30 86 102 157 173 190 216 218 236 286 378 419 468 534 539 552 561 563 564 599 650 656 675 703 705 780 781 803 807 837 875 892 900 917 923 926 932 935 952 956 1056 1057 1145 1152 1164 1361 1380 1381 1387 1475 1480 1504 1511 1567 1571 1585 1589 1604 1635 1683 1701 1722 1750 1797 1816 1835 1851 1893 1917 1930 1946 1960 1969 1992 2002 2009,CC1=NN=C(O1)C(=C2CN(CCN2C(=O)NC3=NN=C4N3C=NS4)C(=O)C5=CC(=CS5)Cl)C6=CC=C(O6)Cl
1425,CC(C)(N)C1=CC=C2OC1=CC=C2N,36 114 127 154 332 392 656 675 756 807 873 874 894 906 1007 1014 1057 1161 1167 1171 1249 1278 1289 1294 1313 1380 1387 1390 1404 1442 1457 1472 1683 1684 1687 1800 1810 1846 1863 1873 1894 1938,CC(C)(C1=CC=C2C(=C(OC3=C(O2)C4=C(C(=C3O4)N)C(C)(C)N)N)O1)N
1426,Cc1nc(NC(=O)NCCCCCN2CCCN(C)C2=O)c2c(C)c1-2,80 92 197 220 252 312 314 371 377 378 425 464 521 556 592 650 667 708 738 740 793 807 819 821 893 919 926 935 951 1000 1028 1057 1080 1081 1083 1089 1123 1143 1145 1152 1156 1167 1187 1212 1239 1253 1366 1380 1407 1480 1514 1679 1693 1720 1722 1747 1816 1824 1845 1855 1860 1874 1876 1911 1912 1914 1917 1937 1949 1989,CC1=C(N=C(N=C1NC(=O)NCCCCCN2CCCN(C2=O)C)N3CCCN(C3=O)C)C4=C(N=C5C=CN(C(=O)N5C4=O)C)C
1427,O=[N+]([O-])c1ccc2ccccc2nc2nc(c1)[nH]2,4 45 119 126 140 150 203 218 289 290 378 450 476 486 500 624 650 662 715 753 765 838 842 875 1087 1088 1089 1097 1114 1154 1178 1195 1199 1200 1221 1274 1376 1380 1419 1529 1745 1750 1782 1809 1814 1855 1873 1878 1889 1900 1940 1951 1955 1963,C1=CC=C2C(=C1)C=CC(=N2)/[N+](=C\3/N=C4C=CC(=CC4=C3)[N+](=O)[O-])/C5=CC6=C(N5)C=C7C(=C6)C=CC(=C7)[N+](=O)[O-]
1428,COc1ccccc2cc(cc1)C1C(C(O)CO)C2N1C,1 27 80 153 222 227 322 362 446 482 562 695 718 719 754 779 781 791 794 807 831 841 875 921 935 971 1019 1032 1057 1088 1145 1199 1279 1380 1399 1536 1539 1589 1663 1750 1803 1841 1873 1887 1924 1980 2000 2017 2026,CN1C(C(C(N1N2C(C(N2OC3=CC=CC=C3)C4=CC=C(C=C4)OC)C5=CC=C(C=C5)OC)C6=CC=C(C=C6)OC)C(CO)O)C7=CC=C(C=C7)OC
1429,O=C1SCc2ccc(C(F)(F)F)cc2Sc2ccccc21,112 114 157 193 314 318 329 352 397 475 499 504 534 575 629 650 675 706 791 809 859 875 926 949 984 1002 1088 1112 1199 1206 1236 1260 1264 1380 1417 1429 1453 1522 1533 1538 1585 1597 1645 1653 1665 1709 1750 1768 1842 1873 1928 1980 2044,C1C2=C(C=C(C=C2)C(F)(F)F)S/C(=C/3\C4=CC=CC=C4SC5=CC=CC=C5S3)/C(=O)SC6=C(S1)C=C(C=C6)C(F)(F)F
1430,O=c1[nH]c2c(I)cc3ccccc1c(=O)c2c1c[nH]cc31,108 202 314 349 525 582 650 661 742 744 750 757 826 836 875 917 947 1087 1088 1105 1114 1145 1199 1253 1320 1357 1364 1380 1392 1430 1455 1530 1533 1542 1573 1588 1600 1608 1671 1721 1745 1750 1779 1792 1855 1873 1879 1896 1917 1936 1962 1971 1984 2007 2024 2026 2033,C1=CC=C2C(=C1)C=C3C2=C4C(=C5C(=C3I)C(=O)C6=C(C(=CC7=CC=CC=C76)I)NC5=O)C(=O)C8=C(C(=CNC8=O)I)C(=O)N4
1431,CCCC(=O)N(CCC)C(=S)NC(=O)n1cc(C)cc1-c1ccccc1Cl,17 64 80 97 110 133 195 218 263 294 352 366 433 464 528 548 561 650 781 794 807 821 875 881 917 935 974 984 1057 1088 1099 1119 1152 1168 1199 1220 1238 1356 1357 1380 1404 1564 1648 1675 1683 1690 1692 1719 1722 1750 1761 1798 1823 1830 1873 1917 1927 1951 2009 2029,CCCC(=C(CCC)CCC)CCC(=O)N(CCC)C(=S)NC(=O)N1C=C(C=C1C2=CC=CC=C2Cl)C
1432,COC(=O)CCN1CN(C(=O)c2cc(F)c3ccccc3c2)Cc2ccccc2C1=O,14 55 80 85 115 123 161 195 206 254 267 306 314 332 352 442 497 526 650 695 699 807 816 820 836 841 875 879 926 935 944 959 984 985 1041 1057 1079 1084 1088 1089 1145 1152 1172 1199 1236 1355 1357 1360 1380 1385 1386 1428 1431 1479 1504 1564 1573 1708 1740 1750 1796 1840 1855 1860 1873 1917 1928 1946 1950 1984 1989 2009,COC(=O)CCN1CN(CC2=CC=CC=C2C1=O)C(=O)C3=CC4=CC(=C5C(=C4C(=C3)F)C=C(C6=CC=CC=C65)F)F
1433,Cc1nc(=O)n(CC2([N+](=O)[O-])CCCCC2)c(=O)[nH]1,2 37 80 168 310 314 345 378 400 547 566 571 621 650 674 681 713 715 753 758 778 802 838 912 926 935 947 982 1028 1057 1060 1066 1079 1112 1114 1162 1189 1205 1258 1380 1381 1406 1443 1563 1590 1638 1671 1722 1741 1745 1785 1835 1855 1887 1907 1914 1963 2011 2041,CC1=C2C=CC(=C=C3C=CC(=C=C4C=CC(=C=C5C=CC(=O)N5C)C=C1)C=C3)N2CC6(CCCCC6)[N+](=O)[O-]
1434,CCN(CC(=O)NCCOc1ccccc1)C(=O)Nc1ncccn1,13 41 80 102 159 176 193 197 286 294 322 348 367 378 382 389 395 448 490 541 562 597 650 663 667 695 807 814 881 929 932 978 1003 1008 1034 1057 1088 1104 1152 1154 1189 1190 1192 1199 1210 1214 1232 1238 1299 1341 1380 1430 1452 1498 1507 1523 1537 1582 1750 1765 1790 1816 1819 1866 1873 1912 1917 1926 1973 1999 2010 2012,CCN(CC(=O)NCCOC1=CC=CC=C1)C(=O)CN(C(=O)NC2=NC=CC=N2)N(CC)C(=O)NCCONC(=O)C(=O)NC3=NC=CC=N3
1435,CCC(CO)NC(=O)N(c1ccncn1)c1nncc2cc(F)ccc12,1 77 80 117 174 193 222 259 281 294 302 368 378 401 446 467 482 489 629 650 693 699 708 718 753 767 803 807 850 875 881 911 916 925 959 965 966 1005 1057 1093 1101 1132 1152 1164 1208 1210 1289 1300 1318 1326 1357 1380 1410 1452 1468 1487 1515 1535 1544 1571 1587 1603 1630 1633 1670 1672 1704 1716 1733 1739 1750 1772 1855 1864 1866 1873 1917 1918 1928 2029,CCC(CO)NC(=O)N(C1=NC=NC=C1)C2=C3C=C(C=CC3=C(N=N2)N(C4=NC=NC=C4)C(=O)NC(CC)CO)F
1436,COc1cccc(NC(=O)c2c3c4n(c2=N3)C=4C2(CC3CCCCC3)CCCCC2)c1,2 29 60 80 91 152 184 191 322 378 410 413 434 464 484 486 533 550 562 586 601 650 687 695 703 739 741 755 781 796 807 841 867 875 890 898 926 927 935 979 999 1019 1028 1039 1057 1060 1067 1088 1096 1136 1137 1142 1149 1152 1162 1325 1380 1386 1410 1411 1477 1493 1536 1638 1659 1750 1761 1816 1817 1849 1873 1917 1930 1972 1978 1990 1993 2045,COC1=CC=CC(=C1)NC(=O)C2=C3N=C4C5(CCCCC5)C(=NC4=C(N3CC2CC6CCCCC6)OC)OC(=O)CC7CCCC7
1437,CC1=C(OC2C(O)C(O)C2O)C=CC=C(OCC(=O)N(C)C#N)C=C1,43 67 80 92 95 217 270 314 316 345 412 427 452 524 537 547 650 674 695 749 784 790 807 822 842 862 881 891 911 985 1019 1023 1024 1037 1057 1069 1075 1163 1170 1175 1238 1249 1257 1322 1338 1344 1380 1384 1452 1456 1487 1493 1505 1526 1561 1597 1600 1602 1642 1722 1873 1883 1917 1950 1961 1967 1994 2004 2035,CC1=C(C(C(C(C1O)O)OC2=C(C(C(C(C2O)O)O)C#CN(C)C(=O)COC3=CC=CC4=CC=CC(=O)N43)O)O)O
1438,CC1(C)CCCOCCOC(=O)N(C(=O)C2=CCCOC2=O)CCOC1=O,15 61 90 149 283 314 351 414 441 523 608 636 650 656 710 778 807 838 926 935 950 953 977 1001 1028 1057 1060 1088 1121 1133 1135 1147 1162 1235 1274 1300 1349 1362 1380 1387 1395 1405 1429 1439 1480 1504 1555 1564 1609 1642 1691 1714 1717 1781 1792 1847 1860 1873 1917 1956,CC(C)C/C/1=C/CCC(C(=O)OCCOCCOC(=O)N(CCOCCCC1(C)C)C(=O)C2=CCCOCCOCCCCC2(C)C)(C)C
1439,O=C1N(CCN2CCC2)CCN(c2ccccc2)C(=O)N1Cc1ccccc1,55 80 92 179 272 280 295 314 343 345 371 385 389 398 399 475 496 548 585 588 627 650 718 811 831 922 926 935 941 966 1028 1049 1066 1083 1088 1089 1145 1199 1289 1380 1422 1441 1457 1480 1482 1548 1663 1683 1701 1750 1754 1765 1789 1791 1825 1845 1879 1883 1952,C1CN(C1)CCN2CCN(C2=O)N3CCN(C3=O)CCN4CCN(C4=O)CCN5CCN(C5=O)C6=CC=CC=C6
1440,CCCCC1=C(C)C2CCCCC2C1=O,80 157 257 275 276 294 310 314 409 455 487 542 556 580 591 650 685 783 794 839 886 890 897 926 965 975 993 1019 1021 1028 1057 1067 1196 1292 1325 1342 1380 1398 1432 1447 1471 1517 1701 1722 1734 1911 1930,CCCC[N+]#CC1CC2C(C1)C(=C(C2=O)C[N+]#CC3C(=O)C(=C(C3=O)CCCC)C[N+]#CC4CCCC4)C
1441,O=C(Nc1ccc(NS(=O)(=O)c2ccccc2)cc1)N1CCN(C(=O)c2ccccc2)C1,4 121 191 218 319 350 359 389 434 497 502 575 615 650 743 767 807 843 863 883 926 935 1077 1088 1152 1199 1225 1256 1270 1351 1380 1381 1384 1385 1399 1461 1476 1479 1480 1504 1511 1589 1685 1690 1750 1780 1816 1873 1875 1899 1917 1985 2009,C1CN(CN1C(=O)C2=CC=CC=C2)C(=O)NC3=CC=C(C=C3)NS(=O)(=O)C4=CC=C(C=C4)NC(=O)N5CCN(C5)C(=O)C6=CC=CC=C6
1442,COC(=O)c1cc(S(=O)(=O)N(C)CC2CCN(c3ccc([N+](=O)[O-])cc3)CC2)ccc1OC,25 29 80 145 147 213 233 235 249 270 276 317 318 319 335 350 407 419 475 568 650 687 695 702 715 753 769 785 798 800 807 815 834 838 841 875 881 885 906 926 927 935 936 1018 1019 1029 1033 1057 1078 1152 1161 1163 1192 1195 1274 1325 1380 1405 1461 1476 1480 1536 1627 1689 1718 1750 1801 1809 1814 1825 1873 1885 1912 1916 1917 1925 1963 1970 1991 2027,CN(CC1CCN(CC1)C2=CC=C(C=C2)[N+](=O)[O-])S(=O)(=O)C3=CC(=C(C=C3)P=C4N(C=CN4O)O)C(=O)OC
1443,Cc1cccc2c1ccc1cc(C(=O)N3CC[N+]4(CCCC4)CC3)ccc12,48 126 137 167 203 343 356 426 497 527 541 618 641 650 807 816 824 826 836 875 901 926 935 942 945 1027 1028 1037 1039 1044 1057 1088 1192 1357 1380 1385 1391 1467 1480 1504 1573 1599 1630 1697 1722 1733 1750 1847 1848 1855 1861 1873 1879 1901 1917 1950 1999 2009 2032,CC1=C2C=C(C=CC2=CC=C1)C(=O)N3CC[N+]4(CC3)CCN(CC4)C(=O)C5=CC6=C(C=C5)C7=C(C=C6)C8=CC=CC(=C8C=C7)C
1444,CCCCN(CCC)CCCOCCN(C)C,13 80 241 251 294 348 430 457 520 591 615 628 652 673 674 676 678 691 693 695 716 794 817 881 1026 1057 1155 1163 1172 1220 1249 1298 1325 1339 1421 1507 1581 1583 1673 1696 1705 1755 1761 1902 1911 1951 1975 1992,[B]C#COCCOCCCCOCCOC#CC1=C(C1=[NH2+])C#COCCN(CCC)CCCC
1445,COc1cc(Cl)ccc1Sc1c2c(c3c4nc(o4)n13)=CC=C(OCCNC(C)=O)C2C,13 80 116 142 160 165 191 197 216 245 249 269 282 296 378 436 490 541 548 552 561 578 587 597 650 653 656 667 687 695 707 731 734 807 816 819 823 841 875 889 935 1012 1017 1018 1019 1025 1033 1057 1085 1097 1152 1156 1185 1244 1249 1283 1285 1286 1298 1303 1304 1309 1328 1380 1403 1426 1440 1452 1458 1468 1536 1559 1604 1622 1648 1683 1686 1721 1726 1750 1790 1855 1872 1873 1901 1917 1935 1970 1976,CC1C2=C3C(=CC=C(N3C(=C2C(C4=C(C=C(C=C4OC)Cl)OC)CNC(=O)C)O1)OCCNC(=O)C)[Si](C)(C)C5=C(C=C(C=C5)Cl)OC
1446,Cc1cccc(S(=O)(=O)c2cccc(-c3cc4nn3c(=O)[nH]4)c2)c1,18 45 47 63 75 188 305 314 319 337 350 378 412 420 493 553 570 573 575 650 653 736 751 758 765 791 835 875 935 999 1013 1039 1055 1057 1075 1114 1139 1160 1212 1223 1300 1309 1339 1380 1476 1571 1605 1642 1680 1692 1722 1745 1750 1778 1823 1824 1833 1836 1873 1913 1956 1958 1962 2000 2021,[3H]C1=CC(=CC=C1)S(=O)(=O)C2=CC=CC(=C2)C3=CC=C4N3N=C5N4N=C(N5)[N-]S(=O)(=O)C6=CC=CC(=C6)C
1447,COc1cccc(C(=O)N2CCCN(Cc3nc4sc3CS4)CCC2)c1,14 42 44 80 123 157 162 172 216 243 255 294 316 322 348 369 378 394 415 497 499 562 569 573 577 618 628 632 650 657 675 684 695 781 784 796 807 819 841 859 868 875 926 935 942 1010 1028 1033 1039 1054 1057 1083 1088 1225 1257 1325 1380 1384 1385 1422 1466 1480 1504 1536 1551 1661 1721 1734 1750 1765 1791 1825 1841 1855 1873 1887 1897 1917 1972 1985 2009,CC[Si](CC)(CC)C1=CC2=NC(=C(S2)C(=O)N3CCC3)CN4CCCN(CC4)C(=O)C5=CC(=CC=C5)OC
1448,COc1ccc(F)c(C(=O)NCCCN2CCN(c3ccccn3)C2=O)c1,8 76 80 92 176 197 216 228 295 314 322 329 371 378 386 448 486 515 527 530 570 594 650 667 695 699 718 781 807 808 811 816 841 874 875 914 926 934 935 951 1057 1088 1089 1131 1145 1152 1155 1199 1317 1320 1374 1380 1395 1414 1448 1452 1457 1480 1536 1590 1736 1750 1755 1840 1866 1873 1876 1896 1911 1917 1928 1959 1972 1991 2006,COC1=CC(=C(C=C1)F)C(=O)NCCCN2CCN(C2=O)P3N4CCN(C4=O)CCN3C5=CC=CC=N5
1449,CCOc1ccc2cc(C)nc-2sc(N2CCN(C3C4OCCOC3C4O)C2)nc(N)n1,47 80 99 112 162 219 221 237 238 251 263 294 325 362 378 384 407 409 433 443 456 569 656 669 675 695 718 750 772 802 807 850 854 875 896 907 926 935 950 1019 1034 1035 1057 1088 1160 1171 1238 1240 1257 1276 1284 1380 1424 1452 1457 1479 1480 1487 1508 1518 1520 1570 1601 1630 1720 1722 1731 1736 1750 1854 1855 1873 1889 1934 1949 1965 1995,CCOC1=NC=C(C=C1)C2=NC(=C(S2)[S+](C3=CC=C(C=C3)C4=NC(=C(S4)N5CCN(C5)C6C7C(C(C8C6C7OCCO8)O)OCCO7)C)N)C
1450,CN(CCCN(C)S(=O)(=O)c1ccccc1)C1=NC(=O)c2ccccc21,70 80 119 161 213 228 248 314 319 350 352 378 389 403 408 525 575 581 650 789 799 815 831 863 881 884 927 984 1026 1034 1056 1057 1079 1088 1101 1145 1161 1163 1199 1247 1289 1366 1380 1399 1476 1501 1527 1661 1708 1719 1730 1750 1757 1766 1807 1868 1873 1911 1946 1949 1951 1968 2004 2027,CN(CCCN(C)S(=O)(=O)C1=CC=CC=C1)C2=NC(=O)C(=O)C(=C2N(C)CCCN(C)S(=O)(=O)C3=CC=CC=C3)N(C)S(=C)(=O)C4=CC=CC=C4
1451,CC1CN(C(=O)c2ccccc2F)C(C(C)(C)C)C(Oc2ccc3c(c2)OCO3)C1=O,7 23 51 114 159 236 242 294 314 322 392 441 457 485 524 567 573 595 611 626 650 656 695 699 718 738 739 749 807 860 875 908 926 934 935 976 1010 1019 1032 1033 1035 1057 1087 1088 1123 1146 1199 1250 1309 1349 1375 1380 1447 1450 1504 1520 1569 1618 1647 1668 1690 1723 1750 1751 1800 1824 1840 1863 1873 1890 1905 1917 1928 1932 1937 1981 1991 2036,CC1CN(C([NH+](C1=O)C(=O)C2=CC=CC=C2F)C(C)(C)C)C(=O)C3=CC=CC=C3P4(CC(C(=O)C4C)C)(C)C
1452,CCOP1(=O)OOc2ccc(c3ccccc23)O1,21 80 182 234 294 370 552 604 650 656 657 659 661 695 719 810 819 934 966 1035 1037 1057 1088 1105 1122 1151 1199 1238 1336 1357 1380 1455 1465 1488 1573 1615 1624 1633 1658 1730 1750 1764 1825 1873 1904 1905 1945 1953 1954 1982 2026,CCOP1(=O)OC2=C(C3=CC=CC=C3C=C2)P(=O)(O1)OP4(=O)OP(=O)(OP(=O)(O4)OCC)OCC
1453,CCN(C(C)=O)S(=O)(=O)c1cccc2[nH]cc(C(=O)NCc3cccc(Br)c3)c12,43 80 88 119 197 244 254 255 294 325 350 387 392 482 485 486 608 627 650 689 728 766 806 807 813 815 875 881 909 931 932 950 956 983 989 992 997 1015 1017 1039 1057 1066 1083 1088 1108 1114 1152 1210 1235 1248 1305 1317 1380 1412 1476 1506 1573 1588 1591 1595 1631 1657 1726 1749 1750 1754 1779 1783 1793 1873 1879 1892 1917 1937 1942 1984 1991 1995 2008 2010,CCNN(C(=O)C)N(C(=O)C)S(=O)(=O)C1=CC=CC2=C1C(=CN2)C(=O)NCC3=CC(=CC=C3)Br
1454,COc1cccc(COC(=O)c2cc(C(=O)O)ccc2C(=O)O)c1,2 67 80 113 145 146 147 229 322 389 456 467 506 559 561 562 650 682 695 745 781 807 841 862 875 892 953 1039 1047 1057 1066 1088 1101 1132 1138 1168 1249 1287 1332 1380 1385 1388 1423 1430 1465 1536 1647 1657 1673 1697 1709 1743 1748 1750 1754 1819 1827 1852 1867 1873 1876 1914 1917 1923 1927 1972 1991 2043,COC1=CC=CC(=C1)COC(=O)C2=C(C=CC(=C2)C(=O)O)C(=O)OCC3=CC(=CC=C3)OP(=C4C=CC=C4)(C5=CC(=CC=C5)OC)S
1455,Cc1ccccc1C(=O)OCCCN(C#N)C1=C2C=C1C(=O)NC2=O,13 80 84 145 147 169 186 212 243 287 314 388 445 479 628 650 674 676 695 722 781 790 802 807 881 918 927 931 934 1057 1060 1072 1114 1167 1189 1199 1212 1241 1263 1351 1376 1380 1384 1391 1447 1485 1493 1505 1573 1583 1592 1657 1673 1722 1734 1750 1756 1829 1838 1855 1858 1868 1873 1886 1911 1917 1951 1991 1999 2047,CC1=CC=CC=C1C(=O)OCCCN(C#N)C(=O)OCCOC2=CC3=C(C=C2C)C4=C(C(=O)NC4=O)C=C5C(=C3)C(=O)NC5=O
1456,CCCCCC(OC(=O)c1ccccc1)C(CC)N(C(C)=O)C(C)(C)C,1 69 114 145 291 294 389 392 426 434 487 587 591 603 606 650 654 695 739 741 744 794 803 807 881 943 1017 1032 1038 1057 1088 1119 1134 1162 1199 1225 1257 1283 1298 1305 1380 1385 1444 1514 1544 1580 1588 1689 1719 1750 1776 1824 1845 1873 1900 1911 1917 1946 1955 1985 2005,CCCCC[C@@H]([C@H](CCC)OC(=O)C1=CC=CC=C1)O[C@H](CCC)[C@H](N(C(=O)C)C(C)(C)C)OC(CC)OC(=O)C(C)(C)N(C(=O)C)C(C)(C)C
1457,CN(Cc1ccc(Oc2ccc3ncccc3c2)cc1)C(=O)N1CCCCC1,2 80 181 193 283 310 321 322 334 344 369 378 396 448 472 507 578 650 695 718 786 788 807 829 835 864 875 881 926 935 961 976 1005 1028 1043 1057 1087 1088 1096 1097 1139 1147 1163 1211 1252 1339 1345 1370 1380 1388 1452 1480 1518 1526 1565 1613 1617 1637 1692 1719 1748 1750 1754 1855 1866 1873 1901 1916 1928 1988 1998 2009 2034,CN(CC1=CC=C(C=C1)OC2=CC3=C(C=C2)N=CC=C3)C(=C4C=CC(=CC4=NC(=NC5=CC6=C(C=C5)N=CC=C6)N7CCCCC7)N(O)O)N8CCCCC8
1458,CCCC(=O)NC1COC(C)C(OC(CC)C(CC)OC(=O)C#CC(=O)OC)C1,1 41 69 71 76 80 171 293 294 298 321 349 369 385 386 387 547 581 650 656 674 695 722 724 769 779 783 791 794 796 798 802 807 841 874 889 899 912 926 1014 1019 1036 1057 1075 1084 1110 1152 1247 1249 1257 1292 1309 1357 1428 1457 1483 1505 1544 1564 1634 1663 1693 1695 1759 1778 1792 1807 1815 1886 1917 1923 1978 1993 2041,CCCC(=O)NC1CC(OC1)C(C(CC)OC2COC(C2C3=CC=C(C(C(=CC=C3C)C)C)C)C)OC(=O)C#CC(=O)OC
1459,O=C(c1ccc(S(=O)(=O)N2CCCC2)cn1)N1CC1,8 12 66 162 194 289 311 319 350 366 369 378 444 539 569 585 632 636 642 650 715 757 800 807 826 855 894 926 935 942 1016 1028 1067 1117 1164 1178 1193 1203 1282 1289 1377 1380 1452 1465 1476 1480 1504 1535 1589 1607 1624 1630 1873 1895 1916 1917 1972 1998 2000 2003 2009 2015 2033,C1CCN(C1)C(=O)C2=NN=C(C=C2)[NH2+]N3CCN(CC3)C(=O)C4=NC=C(C=C4)S(=O)(=O)N5CCCC5
1460,CC1=C(C(=O)NCCCC2CCC(C)(C)CC2)C(Br)=C1,8 24 29 80 84 102 114 157 197 301 314 384 470 476 486 641 650 667 684 712 731 791 793 807 832 891 921 926 957 1019 1047 1057 1060 1152 1162 1187 1274 1309 1325 1380 1444 1476 1486 1487 1631 1690 1715 1722 1873 1876 1911 1917 1973 2029,CC1(CCC(CC1)CCCNC(=O)C2=C3C=C4C(=CC(=C(C4=O)C(=O)NCCCC5CCC(CC5)(C)C)C)C=C3C(=O)C2=O)C
1461,CC(C)(C1=CC=C1)C1C(=O)N2CCCC1C2,5 114 146 273 276 314 345 392 407 411 444 446 547 585 621 650 680 701 703 718 739 753 862 926 935 1019 1028 1057 1119 1151 1249 1325 1364 1380 1386 1396 1434 1435 1480 1502 1536 1615 1656 1861 1863 1873 1877 1899 1991 2001 2036 2039 2046,CC(C)(C)[NH2+]C1C2CCCN(C2)C1=O
1462,COc1ccc(Oc2ccc(C(=O)OCCOc3cc4ccc3cc4)cc2)cc1,4 13 20 80 129 145 147 181 193 203 302 322 486 606 650 676 689 695 715 718 781 807 831 841 875 984 1051 1057 1170 1217 1243 1252 1281 1290 1307 1350 1380 1385 1439 1452 1518 1522 1536 1550 1564 1592 1617 1660 1670 1697 1750 1762 1813 1845 1855 1873 1917 1970,COC1=CC=C(C=C1)OC2=CC=C(C=C2)C(=O)OCCOC3=C4C=CC(=CC4=CC(=C3)C(=O)OCCOC(=O)C5=CC=C(C=C5)OC)[S+]([O-])[O-]
1463,Cc1ccccc1C(=O)c1cccoc(=O)[nH]c(=O)[nH]c2ccc3c(ccc13)s2,9 162 254 274 280 314 382 399 441 474 553 650 656 675 763 768 784 787 807 885 927 944 949 962 1057 1066 1081 1088 1114 1127 1181 1190 1199 1233 1329 1337 1357 1360 1363 1380 1391 1395 1415 1438 1447 1533 1722 1733 1744 1745 1750 1792 1842 1873 1902 1917 1926 1939 1961 1991 1999 2004,CC1=CC=CC=C1C(=O)C2=C3C=CC4=C(C3=CC=C2)C=C/C(=C/5\C(=O)N=C(N5)C6=CC=CO6)/S4
1464,C=C(C=C1C(=O)c2ccc(OC)cc2N2CCN(CCN3CCN1C(=O)C3)c1ccccc12)OC,90 108 129 130 190 203 217 231 314 322 346 352 368 404 407 420 430 496 498 509 513 549 644 650 659 680 694 695 718 781 798 807 811 841 875 926 935 952 971 982 1014 1022 1057 1081 1088 1148 1152 1199 1225 1270 1277 1295 1366 1380 1404 1457 1476 1480 1508 1536 1573 1577 1647 1750 1753 1785 1829 1873 1945 1946 1947 1972,COC1=CC2=C(C=C1)/C(=C/C(=C)OC)/C(=O)C(=C2N3CCN(CC3=O)C4=CC=CC=C4N5CCN(CC5=O)C6=C(C=CC(=C6)OC)C(=C)OC)OC
1465,COc1cccc(C2=c3cc4[nH]c3c(C)c4=C(NC(=O)CNC(=O)N(C)C)C=CC=CN2)c1,37 41 48 80 83 97 119 177 191 193 197 223 241 252 322 334 344 381 451 547 548 562 650 654 673 695 698 723 736 761 781 807 841 862 875 881 884 1007 1027 1028 1039 1057 1088 1114 1151 1152 1160 1163 1165 1179 1195 1201 1282 1287 1319 1380 1385 1387 1399 1403 1431 1440 1456 1475 1491 1519 1530 1536 1577 1653 1715 1718 1722 1745 1750 1777 1786 1816 1834 1853 1873 1887 1897 1912 1917 1940 1972 2028,CC1=C(NC2=C(C3=C(C=C12)C(=C4C=CC=CN4)C(=C5C=CC=CN5)N3)C)C(=O)NCC(=O)NC6=C7C=CC=CC7=C8C6=CC=CN8
1466,CCCCCCc1ccc(N)c(Nc2nc3nc-3n2)c1,80 100 104 121 234 254 294 310 361 378 491 555 591 794 875 910 933 966 978 1057 1131 1143 1147 1152 1167 1171 1184 1205 1215 1224 1243 1274 1321 1380 1385 1444 1457 1474 1529 1540 1582 1605 1610 1738 1750 1754 1775 1804 1855 1873 1910 1911 1939 2023,CCCCCCCCC1=CC(=C(C=C1)N)NC2=NC(=NC(=N2)C3=C4CCC=CC4=C(C=C3)N)NC5=C(C=CC(=C5)CCCCCCCC)N
1467,CCCNC(=O)NC1CCC(NC(=O)Cc2cc(OC)cc3cc(OC)ccc23)C1,4 9 41 80 98 192 197 238 242 255 272 294 319 322 325 350 387 414 425 475 502 649 667 695 696 718 735 741 780 781 794 807 814 835 841 875 926 982 1018 1019 1057 1110 1133 1150 1152 1183 1218 1224 1258 1292 1325 1349 1357 1380 1415 1461 1467 1536 1613 1634 1690 1692 1733 1750 1770 1777 1855 1873 1917 1947 1962 1970 1972 2045,CCCNC(=O)CC1=C2C=CC(=CC2=CC(=C1)OC)OC
1468,C#Cc1ccccc1CCNc1cccc(Br)c1N=Nc1ccc(Br)cc1,16 56 57 80 93 202 268 308 355 487 491 554 577 615 618 637 667 674 725 728 736 746 818 824 833 885 899 909 915 931 974 975 1039 1045 1062 1088 1152 1157 1166 1199 1224 1243 1262 1286 1303 1349 1380 1412 1416 1550 1583 1589 1597 1629 1631 1649 1665 1680 1696 1707 1750 1788 1848 1854 1862 1873 1970 2008,[B-](C#C)(C1=CC=CC=C1CCNC2=C(C(=CC=C2)Br)N=NC3=CC=C(C=C3)Br)(C4=CC=CC=C4C#C)C5=CC=CC=C5N=NC6=CC=C(C=C6)Br
1469,CCN1CCSc2nnc1n2C1=CC(Br)=C1OC,34 57 70 80 84 126 135 157 194 294 340 346 354 378 510 528 566 602 618 643 675 695 728 746 789 841 856 912 926 935 962 993 1057 1088 1089 1111 1164 1254 1280 1327 1365 1380 1480 1533 1536 1631 1664 1666 1728 1746 1748 1794 1801 1813 1873 1920 1957 1985 1986 1989 1993 1999 2041,CCN\1CCS/C1=C/2\C=C(C(=C3N2C4=NN=C(N4C(=C3)C5=CC(=C(N5CC)OC)Br)[Se]CC)OC)Br
1470,COc1cc2ccc1C=C(C(F)(F)F)S(=O)(=O)N1CCCC(C1)N1CCN2C1=O,84 87 92 114 186 207 233 249 251 314 446 469 477 519 562 593 644 650 684 695 714 739 783 809 811 841 875 879 905 923 926 931 935 952 990 1019 1028 1057 1108 1109 1196 1205 1249 1305 1325 1380 1410 1448 1453 1457 1480 1508 1536 1541 1701 1750 1771 1797 1825 1840 1864 1873 1910 1928 1970 1993,COC1=C(C=CC(=C1)N2CCN(C2=O)C3CCCN(C3)S(=O)(=O)N4C(=CC5=C(S4(=O)=O)C=C(C=C5)N6CC7CCCN7C6=O)C(F)(F)F)C=C(F)F
1471,COc1ccc2c(c1)C(=O)N(C)CCc1cc(C(=O)NC(=O)N3CCCCC3)cn1-2,2 77 91 314 322 352 369 406 464 486 493 564 605 650 695 718 735 761 781 807 817 841 875 879 926 930 935 1028 1057 1119 1145 1152 1153 1168 1185 1199 1295 1351 1380 1385 1389 1401 1468 1480 1527 1536 1563 1604 1693 1717 1738 1750 1817 1826 1873 1881 1902 1915 1917 1958 1972 1982 1998 2009 2043,CN1CCC2=CC(=CN2C3=C(C1=O)C=C(C=C3)OC)C(=O)N/C(=C/4\C5=C(C=CC(=C5)OC)N(C4=O)C)/N6CCCCC6
1472,CCN1C(=O)NC(=CC2=Cc3ccc(cc3CN(C)C(C)=O)C2(F)F)C1=O,15 34 80 83 84 122 160 251 281 292 294 314 323 334 459 484 507 543 556 588 643 650 694 733 771 807 816 875 879 881 935 1017 1055 1057 1060 1114 1163 1196 1205 1272 1306 1349 1362 1380 1386 1388 1427 1448 1502 1513 1565 1574 1588 1604 1715 1750 1815 1821 1861 1873 1878 1917 1928 1942 2021 2026,CCN1C(=O)/C(=C/C2=C(C=C(C=C2)C3(N(C(=O)N(C3=O)CC)C4=C(C=C(C=C4)C5(N(C(=O)N5CC)C(=O)C)F)CN(C)C(=O)C)F)CN(C)C(=O)C)/NC1=O
1473,CCCCCCCCCCCCCCCOC(=O)OCCOCC,13 19 46 80 96 98 147 161 170 178 245 258 294 351 422 445 526 591 650 695 789 794 807 858 892 897 942 968 1032 1057 1065 1136 1143 1164 1187 1209 1238 1243 1249 1444 1494 1531 1585 1649 1734 1890 1911 1917 1992,CCCCCCCCCCCCCCCCCOC(=O)OCP1(C(=C(C(=O)OCCOCC)COCC)C(=O)OCCOCC)(OCC)OCOCC
1474,CC(=O)n1c(=O)[nH]c(=O)c2ccc(NC(=O)NCC(C)C)cc21,1 16 20 45 80 184 191 197 237 283 312 384 552 576 606 650 666 687 750 758 807 843 875 891 910 916 932 935 947 1017 1057 1060 1075 1114 1132 1152 1214 1240 1282 1300 1308 1357 1374 1380 1464 1469 1547 1615 1656 1661 1728 1733 1745 1750 1816 1847 1873 1898 1917 1989 1990 2000 2026 2040 2043,CC(C)CNC(=O)NC1=CC2=C(C=C1)C(=C(N2C(=O)C)N3C4=C(C=CC(=C4)NC(=O)NCC(C)C)C(=O)NC3=O)C(C)C5(C(=O)NC(=O)N5C(=O)C)C(C)C
1475,CN1CCN(CC(=O)n2cnc(=O)[nH]c2=O)CC1,14 74 80 207 270 277 314 377 378 386 390 402 467 568 578 588 604 650 651 654 662 758 807 917 926 932 935 1009 1114 1121 1123 1145 1236 1312 1380 1398 1452 1480 1590 1714 1745 1753 1791 1815 1873 1917 1932 1945 1987 2017,C1CN(CCN1CCN2C3=NN=C4NC(=O)N=CN4C3=NN=C2)CC(=O)N5C=NC(=O)NC5=O
1476,CC(=O)N(C)CCCNC(=O)NC(=O)Nc1ccccn1,65 80 197 200 222 232 288 315 323 334 354 378 425 448 473 530 650 665 667 678 735 807 836 881 946 993 1017 1057 1080 1088 1099 1119 1152 1155 1163 1199 1211 1312 1362 1380 1452 1456 1588 1601 1652 1750 1816 1866 1873 1876 1911 1917 1921 1929 1951 1989 2022 2046,CC(=O)N(C)CCCNC(=O)NC(=O)NN(CCO)N(CCCNC(=O)NC(=O)NC1=CC=CC=N1)C(=O)C
1477,N#Cc1cccc(N2CCN(c3cccc4nnccc34)C(CN3CCCC3)C2=O)c1,5 46 80 102 171 193 281 289 305 314 353 372 378 424 575 589 616 650 674 684 740 779 790 811 875 898 908 918 926 935 952 953 989 1019 1026 1028 1039 1049 1066 1088 1097 1110 1118 1136 1153 1164 1295 1344 1357 1380 1422 1441 1443 1457 1475 1480 1581 1586 1605 1647 1691 1734 1750 1768 1776 1791 1792 1793 1825 1840 1866 1873 1880 1896 1913 1950 1975 1998 2044,C1CCN(C1)CC2C=C3N(CCN2C4=CC=CC5=C4C=CN=N5)C(=O)C(C=C3C#N)CN6CCCC6
1478,CCOC(=O)c1ccncc1-c1nc2c(-c3cc(F)ccn3)ccc(OC)c2n1C,32 44 79 80 94 95 145 146 147 158 249 294 332 352 378 385 410 435 564 628 650 657 675 680 689 692 695 699 731 759 787 807 809 841 856 875 935 949 980 1057 1104 1145 1147 1208 1238 1291 1298 1303 1366 1380 1440 1443 1452 1467 1469 1487 1492 1535 1536 1548 1549 1586 1603 1646 1670 1673 1722 1724 1750 1814 1834 1855 1866 1873 1917 1928 1970 1985 1991,CCOC(=O)C1=C(C=NC=C1)C2=NC3=C(C=CC(=C3N2C)OC)C4=NC=CC(=C4)F
1479,Cn1cc(-c2ccc(C(CCN3CCCCC3)Cc3ccc(Cl)cc3)cc2)c2ccccc21,1 2 45 49 79 80 193 216 222 254 292 310 340 352 365 452 464 511 561 570 682 739 788 816 851 857 879 896 926 933 935 1028 1045 1048 1057 1065 1070 1088 1114 1128 1145 1156 1160 1199 1233 1276 1285 1357 1363 1365 1374 1380 1387 1409 1422 1425 1435 1437 1444 1455 1480 1482 1532 1541 1573 1646 1683 1708 1750 1754 1791 1801 1853 1873 1982 1998,CN1C=C(C2=CC=CC=C21)C3=CC=C(C=C3)CC(CCN4CCCCC4)N5C=C(C6=CC=CC=C65)C7=CC=C(C=C7)CCN8NNNN8
1480,COc1ccc(C(=O)CCCCCCCCOC(=O)c2ccc(C)cc2)cc1,13 80 145 147 227 235 322 399 507 593 606 650 695 718 781 807 831 835 837 841 892 962 1020 1057 1058 1119 1143 1249 1252 1267 1282 1380 1385 1387 1451 1522 1536 1564 1592 1618 1619 1656 1693 1697 1722 1734 1750 1823 1830 1873 1876 1885 1888 1911 1917 1920 2017,CC1=CC=C(C=C1)C(=O)CCCCCCCCCCCCCCCCCCCCCCCCCCCCC(=O)C2=CC=C(C=C2)C(=O)OCCCCCCCCC(=O)C3=CC=C(C=C3)OC
1481,CC(=O)N1CCCCC=C(C)C(=O)N2CCN3CC2CN(CC1)C3=O,35 92 97 207 273 308 314 326 359 369 407 438 497 532 542 568 573 650 684 739 754 795 807 843 879 880 889 926 935 953 985 1017 1019 1028 1035 1057 1129 1134 1147 1214 1300 1380 1480 1508 1546 1589 1590 1604 1662 1687 1718 1722 1768 1781 1811 1840 1892 1910 1917 1939 1994 1998 2009 2027 2028 2037,C/C/1=C/CCCCN(CCN2C(=O)C(=C3N(C2=O)CCN(C3)C(=O)C)N4CCN(CC4)C(=O)C)C(=O)N5CCN(CC5)C(=O)C
1482,COC1=CC=c2ccccc2=CC=C1OC(N)=O,133 140 147 180 209 365 371 408 447 461 516 522 588 626 650 695 725 743 774 785 807 841 867 879 919 933 982 1057 1085 1088 1171 1199 1249 1250 1309 1364 1380 1409 1492 1511 1535 1536 1697 1729 1740 1750 1786 1834 1873 1877 1917 1939,COC1=CC=C(C=C1)C(=C2C=CC=CC2=NC(=O)OC3=C4C=CC=CC4=CC=C3OC(=O)N)OC5=C6C=CC=CC6=CC=C5OC(=O)N
1483,O=C1NCCN2C(=O)N(C(=O)c3ccc4cccc1c4c3)c1ccc(Br)cc1S2(=O)=O,19 92 128 203 207 210 245 305 314 330 352 430 446 469 501 524 628 650 693 714 728 760 766 831 862 875 879 890 896 900 909 923 926 933 935 950 956 963 978 980 984 985 990 1039 1087 1088 1103 1104 1114 1157 1160 1295 1317 1337 1357 1358 1380 1423 1470 1480 1589 1631 1648 1657 1661 1686 1750 1775 1783 1830 1855 1866 1873 1915 1948 1955,[B]N1CCNC(=O)C2=CC3=C(C=C2)C=CC=C3C4=CC5=C(C=C4)N(C(=O)N(S5(=O)=O)C6=CC=CC7=C6C=C(C=C7)Br)C8=C(C=CC(=C8)Br)C(=O)N1
1484,CC(C)(C)C1CCC2(C)C(c3ccccc3)OCC3C4CCC(C)(CC41C)C32,80 105 114 160 176 223 389 392 422 470 492 519 529 576 622 656 733 756 802 806 824 912 918 919 926 946 1019 1057 1060 1088 1111 1115 1160 1162 1180 1199 1274 1278 1279 1320 1325 1380 1387 1429 1477 1480 1495 1528 1570 1618 1648 1656 1663 1664 1718 1750 1785 1821 1873 1923 1951 1976 1997 2000 2046,C[C@]12CC[C@H]3[C@H]([C@@H]1CC[C@@]4([C@@H]2CC[C@@]5(C4)[C@H](OC[C@H](C5)C6=CC=CC=C6)C7=CC=CC=C7)C)CO[C@@H]8[C@@]3(CC[C@@H](CO8)C(C)(C)C)C
1485,CC1(C)OC(=O)N(C(=O)N2CCCCC2)C(C)(C)C1(C)C,2 45 52 111 123 285 287 309 314 369 479 549 608 632 650 656 698 807 875 898 915 926 935 982 985 1028 1045 1057 1143 1155 1165 1274 1282 1354 1380 1440 1447 1449 1459 1480 1555 1585 1631 1716 1755 1820 1831 1842 1883 1890 1917 1940 1998 2002 2009 2038,CP1(N(C(=O)O1)C(=O)N2CCCCC2)(C3=CC4=C(N3C(=O)N5CCCCC5)C(=O)OP4(C)(C)C)C(=O)N6CCCCC6
1486,COCCn1c(-c2ccc(F)c(OC)c2)c(N)c2ccc(OC)cc21,13 35 45 54 80 216 241 249 275 284 289 322 424 427 486 498 552 695 699 718 724 781 795 802 837 841 845 846 875 882 896 925 935 954 1005 1050 1057 1087 1145 1160 1171 1242 1315 1349 1357 1363 1380 1457 1536 1544 1583 1586 1608 1713 1733 1750 1840 1854 1873 1928 1951 1970 1972 1980 1981 1987,COCCN1C2=C(C=CC(=C2)OC)C(=C1C3=CC(=C(C=C3)F)OC)C4=C(C5=C(N4CCOC)C=C(C=C5)OC)N
1487,C=CC=Cc1ccc(C(=O)c2ccccccc3ccccc3nc2=O)cc1C(=O)N(CC)Cc1ccccc1Cl,9 11 80 110 134 167 192 289 294 295 314 359 366 378 383 389 392 405 432 507 561 594 636 647 650 694 727 756 771 784 807 835 847 881 932 961 974 978 1008 1037 1057 1087 1088 1096 1097 1098 1134 1199 1221 1266 1332 1349 1366 1380 1385 1426 1430 1439 1445 1447 1531 1597 1609 1634 1645 1669 1683 1697 1750 1855 1861 1873 1900 1917 1951 1991,CCN(CC)C(=O)C1=C(C=CC(=C1)C(=O)C2=CC=CC=C2CN(C(=O)C3=CC=CC=C3CC4=CC=CC=C4Cl)/C=C/C=C)/C=C/C=C
1488,N#CSc1nc2ccccc2n1CCOc1ccccc1,0 13 45 60 80 116 247 289 322 357 378 389 436 551 562 596 630 674 695 730 747 790 802 827 906 935 986 1018 1028 1034 1052 1088 1097 1125 1145 1199 1215 1242 1250 1285 1292 1380 1384 1452 1458 1540 1678 1701 1832 1854 1855 1873 1912 2004,C1=CC=C(C=C1)OCCN2C3=CC=CC=C3N=C2P=PN4C5=CC=CC=C5N=C4SC#N
1489,COC(=O)n1c2c(NC(=O)OCCOC(C)(C)C)n(c1=O)CC2,5 13 80 101 114 147 180 182 258 264 290 314 392 448 508 616 633 650 659 695 747 771 800 807 841 926 935 992 995 1057 1065 1093 1152 1156 1163 1199 1224 1243 1282 1316 1326 1353 1380 1409 1422 1429 1482 1496 1620 1638 1695 1738 1758 1816 1827 1859 1885 1894 1917 2008 2024,CC(C)(C)OCCOC(=O)NC1=C2CCC(=C(N2CC1)C(=O)ON3C(=O)N(C(=O)N(C3=O)C(=O)OC)C(=O)OC)CCOC(C)(C)C
1490,CCOC(=O)CCCCCCOC(=O)c1ccc(C)cc1,13 80 89 111 118 145 147 235 294 338 606 677 695 777 807 896 927 1018 1057 1079 1143 1167 1191 1207 1212 1238 1249 1254 1267 1278 1380 1385 1386 1399 1522 1564 1592 1697 1708 1722 1734 1750 1823 1873 1911 1917 1920 1940 2008 2015 2033,CCOC(=O)CCCCCOC(=O)C1=CC=C(C=C1)C(=PC2=CC=C(C=C2)C)CCCCCC(=O)OCCC(=O)OCC
1491,CC(C)(C=CC(=O)NC1C(=O)N(CCN2CC2)CCN2CCOCC12)c1ccccc1,5 10 13 31 46 74 80 114 148 172 188 229 233 295 314 356 380 387 389 392 393 414 422 435 438 523 593 650 655 656 694 719 802 807 926 935 948 950 1019 1057 1088 1089 1145 1152 1158 1181 1199 1233 1242 1251 1268 1367 1380 1388 1417 1441 1446 1447 1480 1482 1498 1548 1570 1575 1606 1613 1645 1689 1750 1791 1792 1803 1817 1854 1873 1917 1923 2017,CC(C)(/C=C/C(=O)NC1C(COC1=O)N2CCN(CC2)CCN3CCN(CC3)C4COCCN4S)C5=CC=CC=C5
1492,CC1=NN2C(=CC=C3C(N)=CC=C3N3CCOC3=O)C=CN=C2N1C,2 13 21 46 79 127 149 188 191 204 225 284 292 313 314 332 378 433 441 547 566 590 608 650 656 694 721 738 767 778 791 804 839 890 926 933 935 950 964 997 1025 1057 1112 1120 1137 1145 1171 1172 1249 1278 1310 1335 1358 1362 1380 1419 1449 1457 1480 1487 1512 1516 1533 1543 1626 1695 1719 1720 1722 1813 1820 1856 1873 1947 1953,CC1=NN(C(=C1PN2CCOC2=O)N)/C=C/3\C=CN=C3N4CCN(C4=O)/C=C/5\C=CN=C5N6CCOC(=O)OCCN7CCOC7=O
1493,CCCCCCCCCCCC=CC#CC(=O)O,80 294 368 389 401 504 588 591 650 674 694 775 786 794 807 1030 1040 1057 1073 1143 1245 1278 1356 1440 1444 1510 1559 1577 1693 1733 1744 1793 1850 1869 1911 1917 1959 2007,CCCCCCCCCCCCCCCCCCCCCCCCCCCCCCCCCCCCCCCCCCCCCCCCCCCCCCCCCCCCCCCCCCCCCCCCCCCCCCCCCCC
1494,COc1cc(C(F)(F)F)ccc1N1CCC(N2CCCN(C)S2(=O)=O)CC1,72 92 114 121 153 194 207 231 249 335 348 395 407 469 504 559 650 695 717 731 760 775 809 815 841 847 875 926 927 935 941 958 982 985 1019 1028 1057 1083 1136 1145 1155 1199 1206 1260 1295 1311 1325 1380 1412 1417 1453 1480 1522 1536 1612 1625 1626 1665 1750 1787 1804 1817 1873 1910 1915 1924 1928 1969 1970 1991,CN1CCCN(S1(=O)=O)C2CCN(CC2)C3=C(C=C(C=C3)C(F)(F)F)N4CCC(CC4)N5C(=NC6=C(S5(=O)=O)C=CC(C6)C(F)(F)F)OC
1495,CN1CCC(N2CCOc3ccc([N+](=O)[O-])nc32)C1,13 29 74 92 102 130 207 297 337 364 378 421 441 539 597 625 634 640 650 656 657 682 684 702 715 731 739 753 825 838 847 882 913 926 935 950 961 975 993 1019 1035 1057 1100 1145 1195 1201 1281 1325 1362 1380 1410 1417 1464 1480 1529 1534 1575 1652 1666 1750 1780 1806 1855 1873 1905 1910 1936 1963,[B](N1CCC(C1)N2CCN(C3=C2N=C4C(=N3)N5CCOC6=C5N=C(C=C6)[N+](=O)[O-])C7CCN(C7)C)N8CCC(C8)N(CCO7)C
1496,COc1cccn1CCN1CCN(C(=O)c2nc3cc(Cl)ccc3o2)CC1=O,80 90 93 95 128 141 155 165 216 248 295 297 314 349 378 385 392 473 534 561 632 650 656 695 724 741 798 803 807 816 841 848 875 879 900 926 935 969 987 1003 1057 1074 1088 1089 1097 1100 1101 1111 1145 1318 1322 1380 1455 1480 1504 1506 1523 1533 1536 1548 1585 1589 1604 1683 1691 1750 1797 1808 1810 1819 1855 1873 1917 1946 2009,CN1C(=O)CN(CC1=O)N2CCN(C(=O)C2=O)CCN3C=CC=C3OC4=NC5=C(O4)C=CC(=C5)Cl
1497,CCCN(CCCC(CC)N1C(=O)C2=CC=C3C2=CC(=C3Cl)S1(=O)=O)CC(C)C,1 78 80 84 135 142 207 213 228 246 251 273 283 294 297 314 374 469 518 550 561 618 632 650 674 693 739 794 832 873 875 877 879 881 901 935 990 1057 1063 1064 1115 1129 1167 1182 1249 1280 1380 1391 1407 1414 1473 1490 1513 1544 1580 1581 1587 1606 1631 1683 1696 1711 1761 1847 1860 1870 1873 1893 1911 1951 2043,CCCN(CCCC(CC)N1C(=O)C(=C2C=C(S(=O)(=O)N(C2=CC=C(S1(=O)=O)C(C)CC)C(C)CC)C(C)CC)Cl)CC(C)C
1498,CC(=O)Nc1ccc(C(=O)OCCN2CCOCC2)cc1,13 64 79 80 114 145 147 166 191 224 245 256 379 416 494 509 523 530 533 606 609 637 650 656 695 807 843 849 924 926 935 950 998 1017 1057 1067 1077 1096 1145 1152 1195 1355 1380 1385 1405 1441 1480 1482 1522 1534 1592 1697 1712 1750 1790 1791 1816 1849 1873 1879 1917,CC(=O)NC1=CC=C(C=C1)C(=O)OCCN2CCOCC2
1499,O=C1NCCN(CCn2nc[nH]c2=O)C1=CC=C1c2cc3ccccc3cc21,43 80 101 155 158 208 210 305 314 315 322 352 374 378 418 435 484 485 546 602 650 659 675 681 682 694 696 713 758 806 835 867 875 890 926 935 942 980 993 997 1030 1042 1043 1087 1088 1089 1096 1114 1120 1127 1129 1145 1189 1199 1207 1380 1455 1480 1527 1543 1548 1592 1601 1637 1657 1750 1790 1845 1851 1855 1866 1873 1916 1930 1984 2025,C1CN(/C(=C/C=C/2\C3=CC4=CC=CC=C4C=C3C(=O)N1)/C(=O)N2)CCN5C(=O)NC(=N5)/C=C/N6C(=O)NC=N6
1500,CCOC(C)(C)OC(=O)COC(=O)c1ccc(-c2nc3cc(Cl)c(Cl)cc3s2)[nH]c1=O,67 80 114 122 145 147 162 220 231 291 294 314 357 360 366 378 392 402 448 543 561 570 604 611 650 675 695 746 750 758 774 807 864 874 875 885 892 976 1057 1097 1114 1138 1169 1182 1238 1284 1317 1324 1357 1380 1384 1386 1450 1554 1574 1647 1648 1669 1673 1683 1723 1745 1747 1750 1855 1861 1873 1887 1899 1917 1934 1948 1969 1991 1997 2004,CCOC(C)(C)OCC(=O)OCC(=O)OC(C)(C)OC(=O)COC(=O)C1=CC=C(NC1=O)C2=NC3=CC(=C(C=C3S2)Cl)Cl
1501,CNC(=Nc1onc2c1c(=O)[nH]c(=O)n2C)NC,25 117 156 248 304 314 345 373 378 403 541 564 581 615 650 656 725 750 758 790 807 839 935 961 1029 1057 1090 1106 1114 1145 1152 1160 1203 1323 1380 1388 1398 1430 1447 1469 1481 1485 1542 1574 1578 1595 1613 1696 1722 1745 1767 1848 1936 1984 1994,CC1=NOC(=N1)/N=C(\NC)/N2C3=C(C(=O)NC2=O)C(=O)NC(=O)N3C
1502,COc1ccc2nc1NC(=O)C(N(C)C)CN1CCCN3CCN(CCC31)C2=O,74 94 98 159 164 166 225 237 249 289 314 335 347 378 399 407 474 528 579 610 617 650 653 695 699 739 752 799 800 830 841 879 881 893 922 926 935 980 1019 1025 1028 1034 1057 1060 1083 1114 1148 1163 1325 1341 1380 1405 1480 1508 1523 1524 1536 1691 1692 1728 1736 1750 1758 1768 1832 1854 1855 1873 1924 1970 1997 2014 2026,CN(C)C1C=CC2CCN3C2(C1N(C)C)N4CCN(CC4C3)C5=C(C=CC(=N5)C6=NC(=C(C=C6)OC)N7CCC(C7)N8CCC8)OC
1503,CC(C)(C)C(=Cc1ccc(NC(=O)Nc2ccccc2)cc1)NS(C)(=O)=O,25 56 66 96 114 147 164 191 268 270 307 350 376 389 392 409 536 556 613 650 673 686 692 694 703 797 807 816 843 935 944 947 1057 1077 1088 1124 1152 1199 1205 1263 1313 1380 1423 1476 1638 1746 1816 1873 1917 1989 1990 2033,CC(C)(C)/C(=C\C1=CC=C(C=C1)NC(=O)NC2=CC=CC=C2)/N3C(=CC=C3/C=C(\C(C)(C)C)/NS(=O)(=O)C)NC(=O)NS(=O)(=O)C
1504,CN(C(=Nc1cccc(Br)c1)c1ccc2ccccc2c1)c1cccnc1,54 122 143 160 203 278 288 322 328 365 378 437 485 509 559 588 598 725 728 766 796 807 810 849 875 881 883 909 935 979 1019 1039 1043 1057 1086 1087 1088 1096 1163 1199 1212 1228 1233 1350 1380 1385 1400 1407 1448 1485 1491 1535 1586 1603 1613 1631 1697 1703 1717 1750 1753 1816 1827 1854 1855 1873 1910 1950,CN(C1=CC(=CC=C1)Br)C(=NC2=CC(=CC=C2)Br)N3C(=NP(=NC4=CN=CC=C4)(N3N=O)N(C)C5=CN=CC=C5)N(C)C6=CN=CC=C6
1505,CCCCCCCN(C)C(=O)c1ccc2sc3ccc1c2n3,9 67 80 139 158 162 226 294 334 378 591 650 673 675 794 797 807 823 881 885 922 964 985 1004 1055 1057 1066 1120 1123 1143 1160 1163 1172 1181 1193 1221 1272 1354 1357 1380 1414 1435 1444 1473 1541 1629 1652 1669 1687 1724 1733 1750 1751 1759 1775 1855 1867 1873 1889 1911 1917 1927 1951 1991 2007,CCCCCCCCN(C)C(=O)C1=C2C=C(SC2=C(C=C1)C(=O)C3=CC=C(S3)N(CCCCCCC)CCCCCC)N(C)CCCCCC
1506,O=c1c2cc3ccc(c4c3n[nH]c24)n1CCOc1ccccc1,13 45 74 80 102 160 184 203 308 314 322 353 378 389 393 450 475 504 562 586 650 695 704 774 796 801 802 870 875 921 935 938 1034 1088 1095 1114 1145 1199 1253 1307 1357 1380 1452 1530 1607 1696 1717 1750 1832 1844 1854 1855 1873 1900 1914 1954 1981 1984 2004 2021,C1=CC=C(C=C1)OCCN2C3=C(C4=C(C=C3)C=CC5=C4C(=O)N(C(=N5)OC6=CC=CC=C6)CCOC7=CC=CC=C7)C8=C(C2=O)C(=NN8)NN8
1507,CC(O)C(NC(=O)N1CCCC1)C(C(=O)Nc1ccccc1)N1CCCCC1,1 22 28 34 107 109 117 128 155 191 198 218 227 283 347 348 369 389 430 564 568 573 617 635 650 703 785 798 807 903 926 935 954 961 1008 1028 1049 1057 1077 1088 1102 1127 1152 1199 1265 1351 1380 1468 1480 1663 1664 1692 1693 1750 1761 1796 1816 1873 1917 1998 2009,CC(C(C(C(C)O)NC(=O)N1CCCC1)NNC(C)C(C(C)O)NNC(=O)N2CCCC2)NC(C(C)O)N3CCCC3
1508,COc1nc2ccc1cc2C=CC(=O)OCCCCOC(=O)c1ccccc1,13 31 80 145 147 168 176 203 292 378 389 401 454 472 476 494 537 606 632 650 667 694 695 732 760 807 835 841 875 923 947 955 961 1027 1057 1064 1073 1088 1097 1123 1132 1199 1249 1272 1368 1380 1385 1522 1536 1588 1592 1640 1697 1734 1750 1842 1855 1873 1904 1911 1917 1975 1985 2000 2033,COC1=C(C=C(C=N1)/C=C/C(=O)OCCCCOC(=O)C2=CC=CC=C2)/C=C/C(=O)OCCCCOC(=O)C3=CC4=NC(=C(N=C4C=C3)OC)OC
1509,COc1cc(Cl)c(C(=O)N2CCOC(C(=O)OC(C)C)=N2)cc1Cl,1 11 69 127 129 145 162 183 249 264 266 283 317 366 367 378 408 441 525 539 561 585 650 656 695 753 760 807 841 875 878 926 935 950 1057 1092 1110 1120 1147 1172 1320 1346 1362 1365 1380 1447 1480 1488 1504 1536 1565 1638 1683 1685 1692 1794 1809 1847 1873 1891 1917 1953 1970 1978 1991 2008,CC(C)OC(=O)C1=NN(CCO1)C(=O)C2=NN(CCO2)C(C3=CC(=C(C=C3Cl)Cl)OC)OOC4=C(C=C(C(=C4)Cl)Cl)Cl
1510,CCCN(C)CCCN(C)c1nc2cscc2s1,13 80 119 121 151 162 237 263 264 294 342 378 448 457 477 483 489 506 517 526 545 552 583 675 677 730 736 750 794 881 885 915 964 1006 1057 1069 1097 1101 1125 1145 1163 1236 1260 1318 1380 1399 1486 1488 1492 1511 1530 1531 1608 1659 1757 1761 1769 1782 1855 1873 1902 1911 1951 2004,[B-](CCCN(C)CCCN(C)C1=NC2=CSC=C2S1)(C3=CSC=C3)(C4=CSC=N4)C5=NC6=CSC=C6S5
1511,CNC(=O)Nc1ccc(C(C)=Cc2ccc(Nc3cc(F)ccc3C(F)(F)F)cc2)cc1,25 57 58 74 86 114 154 184 191 229 233 262 343 345 376 419 491 552 623 639 650 694 699 766 797 807 809 819 843 875 916 931 984 993 1017 1029 1077 1122 1152 1196 1224 1257 1266 1362 1380 1385 1410 1430 1453 1487 1524 1597 1606 1666 1670 1697 1746 1750 1784 1816 1829 1873 1905 1917 1928 1989 1990 2006 2033,C/C(=C\C1=CC=C(C=C1)NC2=C(C=CC(=C2)F)C(F)(F)F)/C3=CC=C(C=C3)NC4=C(C=CC(=C4)NC(=O)NC)C(F)(F)[Se]S
1512,COC(=O)c1ccc(C(=O)N2C(C(=O)c3ccc(OC)c(Br)c3OC)C2C(C)C(=O)OC)c2ccccc12,1 11 31 54 67 94 145 147 177 249 275 283 299 323 333 336 650 695 724 728 749 757 776 807 841 875 892 906 935 936 962 1006 1019 1038 1057 1075 1083 1088 1107 1112 1152 1199 1238 1247 1291 1327 1351 1357 1380 1423 1458 1480 1504 1521 1536 1573 1588 1599 1631 1676 1750 1773 1807 1812 1824 1873 1911 1917 1943 1970 1991,CC(C)C(C1C=CC(N1C(=O)C2=CC=C(C3=CC=CC=C32)C(=O)OC)C(C(=O)OC)OC)C4=C(C(=C(C5=CC=CC=C54)OC)Br)OC
1513,CC1(C)CCN1C(=O)N1CCC(C(=O)Nc2cccs2)CC1,14 68 125 161 171 241 260 393 408 487 501 511 521 541 559 650 652 675 689 710 773 782 785 807 873 926 935 973 974 1019 1057 1060 1063 1083 1088 1120 1152 1162 1184 1233 1269 1271 1274 1275 1306 1325 1460 1480 1537 1567 1569 1619 1643 1648 1665 1750 1758 1804 1816 1837 1873 1917 1940 1976 1993 2003 2009 2038 2045,CC1(CCC(C=C1)NC(=O)C2CCN(CC2)C(=O)N3C(CCN3C(=O)N4CCC(CC4)C(=O)NC5=CC=CS5)(C)C)C
1514,CCOC(C)CCOC(=CC=Cc1ccc(OC)cc1OC)c1ccc(C(=O)OC)cc1,1 13 52 80 95 109 117 124 145 147 224 233 237 249 283 294 302 316 322 432 513 591 606 635 640 644 650 694 695 718 739 762 774 781 807 835 841 875 895 906 914 961 966 1056 1057 1097 1152 1238 1241 1247 1319 1363 1365 1380 1385 1486 1536 1609 1697 1715 1718 1750 1779 1873 1917 1961 1970 1972 1974,CCOC(C)CCO/C(=C\C=C\C1=C(C=C(C=C1)OC)OC)/C(=O)NC(C2=CC(=C(C=C2)OC)OC)C(C)OCC
1515,CCCCCCCCCCCCCCCOB(O)O,12 13 80 204 271 289 294 299 357 460 502 591 594 618 635 638 679 695 794 804 807 823 871 1045 1057 1143 1189 1249 1262 1292 1345 1361 1426 1442 1444 1491 1565 1612 1706 1741 1796 1865 1911 2023,B(O)(O)OCCCCCCCCCCCOB(O)OB(O)OB(O)OB(O)OCCCCCCCCCCCCCCCCCCCCCCC
1516,CC(=O)OCc1ccc2c(-c3cccs3)cccc2c1-c1[nH]cnc1C(=O)O,14 62 80 147 151 155 187 241 322 352 378 383 389 456 490 516 580 588 650 671 675 695 713 745 803 806 807 818 834 846 901 970 979 984 1017 1035 1039 1040 1057 1088 1111 1114 1297 1342 1349 1357 1380 1452 1512 1529 1548 1567 1573 1578 1594 1666 1701 1723 1730 1732 1733 1741 1747 1750 1770 1786 1873 1917 2036,CC(=O)OCC1=C(C2=C(C=C1)C(=CC=C2)C3=C(C(=C4C3=CC=CS4)C5=CC=CS5)C6=C(N=CN6)C(=O)O)C7=C(N=CN7)C(=O)O
1517,O=C(NC(=Nc1ccccc1C(=O)O)c1ccccc1)c1ccccc1,18 253 289 389 401 456 486 518 562 650 724 725 745 748 807 852 905 926 930 1047 1082 1088 1119 1152 1158 1192 1199 1209 1246 1276 1291 1378 1380 1385 1445 1447 1528 1584 1604 1613 1615 1665 1750 1757 1849 1873 1879 1902 1917 1985 1991 2037,C1=CC=C(C=C1)C(=O)NC(=C2C(=C(C(=NC3=CC=CC=C3C(=O)O)C4=CC=CC=C4)NNC(=O)C5=CC=CC=C5)C(=CC=CC=C2)C(=O)O)C6=CC=CC=C6
1518,Cc1ncccc1C(=O)N(C)CCCn1ccc2ccccc21,32 45 80 92 114 193 221 334 350 378 448 571 650 715 781 807 815 858 881 935 941 944 955 1043 1052 1055 1057 1087 1088 1092 1101 1143 1145 1150 1156 1163 1199 1221 1233 1285 1380 1447 1452 1455 1470 1541 1652 1679 1687 1722 1750 1785 1820 1840 1855 1866 1873 1911 1917 1951 1991,CC1=C(C=CC=N1)C(=O)N(C)CCCN(C)C(=O)C2=C(N=CC=C2)N(C)CCCN3C=CC4=CC=CC=C43
1519,CC(=O)OC(=O)C1(C)COC(=O)C1,69 135 182 196 213 314 399 403 441 523 562 650 655 656 695 716 807 833 882 898 926 940 970 1017 1035 1040 1057 1060 1067 1093 1133 1224 1274 1378 1380 1407 1574 1629 1882 1917 1942 1959 2030,CC(=O)O/C(=C/1\CC(CO1)(C)C)/C2(CC(=O)OC2)C(=O)OC(=O)C34CC(=O)OC3
1520,CN(Cc1ccccc1)C(=O)NC=C1C(=O)c2ccc1s2,50 62 80 105 162 193 236 314 334 389 467 489 495 507 650 675 685 689 694 717 748 781 807 881 883 885 900 976 978 1057 1066 1088 1120 1147 1148 1152 1163 1164 1199 1207 1246 1278 1311 1354 1380 1423 1469 1476 1554 1607 1618 1686 1748 1750 1754 1779 1818 1846 1873 1917 1968 1972 1994,CN(CC1=CC=CC=C1)C(=O)N/C=C/2\C(=O)C3=CC=C(S3)C2=O
1521,COC(F)(F)c1cc(Br)ccc1OCc1ccc2cc(C(=NC#N)N3CCCCC3=O)ccc2c1,80 94 107 113 114 145 194 203 310 314 322 357 399 419 459 493 567 650 674 695 725 728 735 745 766 790 798 807 818 834 835 841 855 857 875 890 902 904 909 926 935 1028 1057 1066 1157 1162 1182 1209 1226 1230 1237 1264 1277 1308 1317 1380 1384 1385 1387 1432 1433 1452 1453 1457 1463 1480 1509 1625 1631 1670 1697 1715 1732 1738 1750 1754 1766 1770 1784 1796 1834 1855 1872 1873 1882 1926 1928 1950 1952 1970 1993 1998 2021,COC(CCC(C1=C(C=CC(=C1)Br)OCC2=CC3=C(C=C2)C=C(C=C3)/C(=N\C#N)/N4CCCCC4=O)(F)F)(N5CCCCC5=O)OC
1522,NC(=O)C(F)(F)c1ccc(Cl)cc1,108 114 140 216 260 522 561 604 650 693 807 816 858 878 935 1070 1082 1110 1142 1171 1218 1358 1380 1417 1424 1436 1453 1522 1537 1605 1665 1683 1726 1741 1750 1807 1873 1917 1928,[B][Si](C1=CC=C(C=C1)Cl)(C2=CC=C(C=C2)Cl)N(C(=O)C(=O)N)C(C(C3=CC=C(C=C3)Cl)(F)F)(C(C(=O)N)(F)F)F
1523,CCCN1C(=O)NC=CSC1=Nc1nnc(-c2ccccc2Cl)n1C,33 47 80 124 153 204 255 281 294 312 314 344 352 364 366 378 381 424 430 469 478 514 552 561 564 574 588 650 675 681 701 704 725 794 810 820 935 941 974 984 1003 1030 1057 1088 1114 1145 1164 1182 1199 1238 1255 1356 1380 1391 1399 1418 1431 1508 1606 1636 1647 1653 1683 1687 1722 1745 1750 1855 1873,CCCN\1C2=CC=CC=C2N(/C1=N\C3=NC4=C(N3C)NC(=O)SS4)C5=NN=C(N5C)C6=CC=CC=C6Cl
1524,CN(C)CCn1nc(-c2ccncn2)n(-c2ccccc2)c1=O,47 58 71 80 158 250 255 257 305 314 378 389 434 489 557 601 650 652 662 693 739 753 771 818 881 899 935 937 964 965 980 1022 1036 1049 1057 1061 1085 1088 1121 1124 1145 1163 1199 1201 1208 1312 1316 1373 1452 1603 1666 1722 1750 1825 1866 1873 1880 1899 1914 1924 1951 1956 1976 1993 2029,CN(C)CCN1C(=O)N(C(=N1)N(C2=NN(C(=O)N2C3=CC=CC=C3)CCN(C)C)N(C)C)N4C(=NN(C4=O)C5=CC=CC=C5)C6=NC=NC=C6
1525,CCN(CCc1nc2ccccc2c(=O)[nH]1)C(=O)c1ccc(NS(C)(=O)=O)c(=O)o1,61 80 83 146 243 278 289 294 310 314 334 350 378 389 396 409 551 583 586 643 644 650 656 662 667 668 692 750 807 808 881 932 945 978 1008 1057 1088 1097 1114 1152 1171 1199 1221 1224 1243 1270 1314 1357 1380 1465 1468 1476 1500 1516 1546 1573 1604 1624 1680 1698 1737 1745 1750 1754 1813 1830 1855 1856 1891 1903 1914 1917 1940 1944 1951 1958 2026,O=S(=O)(Nc1ccc(CCN(C(=O)c2c(=O)oc(cc2=O)C(=O)N(CC)CC)NCCc2nc3c(c(=O)[nH]2)cccc3)cc1=O)C
1526,O=C1NC2=CC=C(C(F)(F)F)c3ccc2nc3NCCN2CCN1C2,90 96 114 118 121 203 210 217 289 305 314 352 378 407 461 473 481 502 572 650 680 682 723 728 743 744 761 765 776 809 813 890 907 922 926 935 939 980 1007 1025 1057 1060 1070 1114 1200 1225 1249 1272 1336 1380 1390 1453 1479 1480 1507 1508 1573 1619 1692 1750 1773 1804 1833 1855 1866 1873 1891 1928 1942 2016 2042,C1CN2CN3CCNC(=C3C2=N1)C4=NC5=C(C=C4)C(=CC=C6C5=NC(=O)N7C6=CC=C(NC7)C(F)(F)F)C(F)(F)F
1527,COC1=CC=C1OCCN1CCN(C(C)(C)C)C(=O)c2ccccc2S1(=O)=O,13 73 80 98 114 175 186 207 209 314 315 317 349 352 355 375 392 408 454 469 501 513 650 695 717 725 811 841 879 925 926 935 942 950 984 990 1057 1088 1103 1116 1145 1199 1249 1250 1380 1399 1400 1409 1428 1452 1476 1480 1492 1526 1536 1585 1624 1683 1697 1715 1750 1832 1873 1877 1930 1948 1996 2029,CC(C)(C)N1CCN(S(=O)(=O)C2=CC=CC=C2C(=O)C1=O)CCOC3=CC=C(S(=NC(C)(C)C)(=O)C4=CC=CC=C43)OC
1528,CC(=O)N1CCCC1C(=O)N1CCC(C)N(S(=O)(=O)c2cccc3ccc(C(F)(F)F)cc23)CCCC1C,18 38 114 117 147 193 203 242 350 354 373 390 392 445 446 462 498 531 545 650 688 734 800 807 809 817 843 875 893 926 935 972 992 1017 1019 1028 1039 1057 1087 1088 1104 1196 1226 1260 1269 1293 1309 1325 1328 1344 1356 1357 1380 1417 1453 1466 1476 1480 1508 1517 1519 1522 1535 1569 1575 1656 1665 1681 1686 1701 1715 1750 1808 1855 1873 1885 1917 1928 1942 1979,CC1CCN(C(C1C)C)C(=O)C2CCCN2C(=O)C3CCCN3C(=O)C4CCCN4C(=C(C)C5C(C(C5C)C)C)C6=CC=CC7=C6C=C(C=C7)C(F)(F)F
1529,CN(CCN(C(=O)c1ccccc1)c1nccc2ccccc12)c1ccccc1,38 55 80 119 137 181 211 252 259 288 333 354 378 389 401 439 460 543 587 624 649 650 654 701 783 787 807 878 881 990 1046 1057 1087 1088 1096 1101 1104 1163 1199 1221 1224 1228 1250 1289 1333 1351 1357 1380 1385 1390 1418 1452 1481 1508 1511 1555 1573 1611 1721 1739 1749 1750 1798 1855 1866 1873 1917 1941 1951 1957 1985 2013,CN(CCN(C1=NC=CC2=CC=CC=C21)C(=O)N(CCN(C)C3=CC=CC=C3)C4=CC=CC=C4)C5=NC(=NN5C(=O)C6=CC=CC=C6)N(C)C7=CC=CC=C7
1530,CC(=O)OC(C)C=CC=Cc1c(N)ncc2cc(-c3ccccc3)[nH]c12,1 59 69 103 142 149 194 283 347 350 378 386 389 408 432 440 479 491 521 533 574 639 649 650 667 678 694 695 736 743 767 770 772 807 831 835 857 867 875 925 938 1008 1017 1035 1053 1057 1075 1088 1114 1160 1171 1197 1199 1222 1237 1268 1286 1312 1324 1333 1380 1394 1452 1457 1459 1461 1475 1530 1535 1564 1613 1624 1745 1750 1846 1855 1873 1917 1994 2002,CC(/C=C/C=C/C1=C2C(=CN=C1N)C=C(N2)C3=CC=CC=C3)O/C=C/4\NC5=C(C(=NC=C5C=P4)N)/C=C/C(C)OC(=O)C
1531,COc1cccc(C(F)(F)CCCc2nc3ncc2[nH]3)c1,70 80 114 119 120 164 166 237 245 322 370 378 449 461 474 562 573 597 676 695 773 781 817 841 875 999 1039 1043 1057 1088 1104 1114 1123 1243 1260 1308 1380 1397 1417 1450 1452 1453 1459 1492 1535 1536 1603 1670 1729 1745 1750 1782 1800 1818 1851 1855 1869 1873 1878 1897 1900 1903 1911 1928 1947 1972 2011 2017 2032,COC1=CC=CC(=C1)C(CCCC2=NC3=NC=C(N3)C=NC4=C(C(=C(N4)CCC(C5=CC(=CC=C5)OC)(F)F)C(F)(F)F)C(F)(F)F)(F)F
1532,COc1cccc(-n2nc(C(=O)NCCc3ccccc3)n(C)c2=O)c1,8 29 66 80 152 173 197 277 314 322 378 389 486 560 562 563 564 639 650 667 695 771 781 801 807 828 841 875 891 908 919 935 944 979 999 1039 1040 1045 1047 1049 1055 1057 1066 1088 1115 1145 1152 1199 1243 1380 1415 1435 1460 1507 1536 1567 1617 1659 1750 1754 1762 1825 1828 1852 1873 1899 1917 1956 1972 1981,CN1C(=NN(C1=O)C2=CC(=CC=C2)OC)OC3=NN(C(=N3)C(=O)NCCC4=CC=CC=C4)[C]5[CH][CH][CH][C]5OC
1533,N#Cn1c(=O)n(Cc2ccccc2)c(=O)n1CNC(=O)c1ccccc1,38 80 197 222 265 272 286 288 292 314 335 389 486 550 559 596 630 650 674 771 790 802 807 844 909 935 940 1065 1066 1088 1152 1380 1384 1385 1411 1483 1593 1597 1601 1617 1644 1650 1662 1665 1670 1683 1738 1750 1754 1762 1765 1873 1917 1973 1985,C1CC(=C2C1=C(N(C(=O)N2CC3=CC=CC=C3)C#N)C(=O)NCC#N)C(=O)NCN4C(=O)N(C(=O)N(C4=O)CC5=CC=CC=C5)CC6=CC=CC=C6
1534,CCOC(=O)c1ccccc1C(=O)NCCCCC(=O)NC(=O)NC(C)=O,8 41 80 145 147 197 230 245 249 294 313 316 382 486 523 560 592 650 667 695 718 757 759 807 823 869 991 1017 1050 1051 1057 1088 1107 1119 1152 1173 1192 1199 1212 1238 1267 1301 1317 1373 1380 1447 1552 1564 1673 1718 1722 1750 1766 1795 1838 1873 1876 1911 1917 1989 1991,CCOC(=O)C1=CC=CC=C1C(=O)NCCCCC(=O)NC(=O)NNC(=O)C2=CC=CC=C2C(=O)NC(=O)NC(=O)C3=CC=CC=C3C(=O)OCC
1535,CC(C)(CCCCCN1C(=O)c2ccccc21)c1ccc(F)cc1,80 90 99 114 182 222 314 352 392 499 529 588 642 650 699 855 860 866 879 893 899 935 984 1049 1057 1088 1143 1145 1151 1199 1205 1216 1234 1295 1308 1336 1374 1380 1391 1410 1417 1426 1470 1535 1594 1641 1647 1665 1670 1693 1713 1750 1755 1873 1911 1921 1928 1949 1991,CC(C)(CCCCCN1C2=CC=CC=C2/C(=C/3\C4=CC=CC=C4N(C3=O)CCCCCC(C)(C)C5=CC=C(C=C5)F)/C1=O)C6=CC=C(C=C6)F
1536,O=C1NC2CCC1=Cc1cc(C(F)(F)F)ccc1N(c1cccc(Cl)c1)CC(O)C2O,12 84 114 144 188 197 216 218 237 296 300 301 314 431 452 561 592 600 623 650 690 693 696 795 801 803 807 809 846 849 858 875 920 926 935 952 993 1019 1021 1039 1049 1088 1114 1118 1129 1159 1257 1260 1295 1310 1325 1380 1411 1417 1436 1438 1448 1453 1457 1487 1502 1522 1641 1657 1665 1683 1728 1738 1750 1758 1825 1849 1873 1915 1928 1945,C1C/C(=C/2\C=C3C(=O)NC4CCC(=CC4=C3N2C5=CC(=CC=C5)Cl)C(F)(F)F)/NC6C1NC(=O)C(=C6)C(F)(F)Cl
1537,N#Cc1ccsc1-c1cc(F)ccc1NC(=O)Nc1ccc(NC(=O)Nc2ccccc2)cc1,14 56 117 191 270 352 361 389 413 451 490 510 554 573 618 642 650 664 674 675 699 703 790 807 843 875 1030 1077 1088 1121 1136 1152 1199 1224 1314 1326 1334 1370 1375 1380 1384 1404 1410 1472 1487 1498 1512 1565 1567 1670 1706 1719 1750 1816 1824 1856 1862 1873 1878 1891 1917 1928 1931 1989 1990 2002,C1=CC=C(C=C1)NC(=O)NC2=C(C=C(C=C2)F)C3=C(C=CS3)NC(=O)NC4=CC=C(C=C4)NC(=O)C(=O)C(=O)NC5=C(C=C(C=C5)F)C#N
1538,CC(C)(CN1C(=O)CCCCC1=O)C(=O)NS(=O)(=O)c1ccccc1,80 87 114 211 307 310 314 319 331 347 350 354 389 392 502 551 575 588 592 650 652 662 664 798 807 808 883 909 912 926 935 955 961 999 1003 1013 1028 1057 1088 1152 1182 1199 1254 1307 1330 1344 1350 1380 1476 1576 1631 1697 1725 1738 1750 1752 1763 1788 1811 1873 1897 1917 1924,CC(C)(CN1C(=O)CCCCC1=O)C(=O)NC(C)(C(=O)NS(=O)(=O)C2=CC=CC=C2)C(C)(C)S(=O)(=O)NS(=O)(=O)C3=CC=CC=C3
1539,COC(=O)CSc1ccc(C(=O)O)cc1,80 98 106 116 195 221 230 231 273 294 341 389 432 456 543 547 609 637 650 695 807 811 841 1018 1057 1138 1152 1227 1255 1380 1385 1386 1452 1474 1697 1750 1808 1873 1917 1959,CC[As](CC)C1=CC=C(C=C1)SCC(=O)OC
1540,COc1cnc(O)nc1NC1COP(=O)([O-])OC1C1OC(C)C(C(O)C(O)COP(=O)([O-])O)O1,1 80 111 116 118 166 173 176 181 191 192 203 209 221 227 249 378 397 432 486 501 549 563 650 652 656 695 708 715 721 722 757 783 807 810 841 888 924 926 1019 1057 1128 1136 1144 1149 1152 1217 1230 1256 1262 1276 1307 1309 1348 1358 1375 1380 1403 1452 1470 1535 1536 1589 1596 1602 1643 1667 1716 1766 1777 1813 1831 1838 1853 1855 1858 1873 1879 1904 1921 1923 1970 2005 2009 2020 2034 2044,C[C@@H]1[C@H](COP(=O)(O1)OC[C@@H]([C@@H](C2=NC=C(C(=N2)N[C@@H]3COP(=O)(O[C@H]4[C@@H]3O[C@H]([C@@H]4O)COP(=O)(O)[O-])[O-])OC)O)O)NP(=O)(O)[O-]
1541,COc1ccc2c(OC)c3nc(-c4cccc(F)c4)sc(N(C)C)c-3c2c1,26 49 60 162 183 188 189 230 297 305 322 323 325 333 371 378 388 393 422 428 464 483 484 596 614 675 695 699 718 736 781 841 871 875 881 905 909 913 958 961 974 1027 1034 1039 1041 1042 1057 1062 1088 1160 1163 1193 1219 1238 1357 1358 1380 1487 1509 1514 1536 1583 1599 1670 1733 1747 1750 1773 1811 1851 1855 1873 1901 1928 1934 1949 1966 1972 1980 2002,CN(C1=C(N=C(S1)C2=CC(=CC=C2)F)C3=C4C=C(C=CC4=C(C5=C3C=CC(=C5)OC)OC)OC)PC6=C7C=CC(=CC7=C(C8=C6C=CC(=C8)F)OC)OC
1542,O=S(=O)(CCCC1CCCC1)CS(=O)(=O)N1CCCCC1,2 8 29 80 92 114 120 146 206 259 347 350 481 484 539 585 606 650 712 781 832 890 908 926 935 984 1019 1028 1042 1143 1222 1239 1240 1305 1325 1476 1480 1589 1603 1628 1726 1911 1998,C1CCC(CC1)CCCS(=O)(=O)CS(=O)(=O)CCCC2CCCC2
1543,O=C(c1ccc(Cl)cc1)C1CCC(O)C1Oc1cccc2c1OCO2,45 136 175 209 216 266 292 328 339 414 441 450 524 561 578 618 619 630 650 656 695 711 807 816 849 905 926 971 1019 1023 1039 1049 1063 1070 1084 1088 1120 1180 1196 1257 1292 1294 1325 1349 1350 1380 1385 1394 1410 1448 1471 1481 1499 1598 1642 1659 1683 1697 1715 1729 1750 1758 1779 1789 1800 1832 1863 1873 1905 1917 1950 1970 1973 2030,[3H]C1CC(C(C(C1[3H])OC2=CC=CC3=C2OCO3)OP([3H])OC4C(CCC4O)C(=O)C5=CC=C(C=C5)Cl)C(=O)OC6=CC=CC7=C6OCO7
1544,Cc1ncc(F)c(=O)n1CC1CCCCC1,2 29 79 80 103 143 214 234 241 264 314 378 392 427 484 504 541 600 650 699 700 791 802 866 889 890 891 908 917 926 935 936 1002 1018 1019 1028 1057 1085 1098 1124 1325 1356 1374 1380 1452 1535 1564 1583 1628 1722 1738 1792 1831 1840 1873 1928,CC1=NC=C(C(=O)N1CC2CCCCC2)F
1545,Cc1nc2n(Cc3ccccc3)c1C1=CC=C2NC(=O)N1,19 80 92 179 287 289 314 324 333 335 378 389 470 473 475 650 691 716 733 768 781 802 815 895 935 947 967 976 977 991 1020 1049 1057 1060 1066 1088 1114 1148 1199 1200 1316 1380 1464 1595 1599 1683 1722 1744 1750 1754 1765 1809 1821 1833 1855 1873 1967 1974,CC1=C(N(C(=N1)[N+]2(C(=O)NC(=O)N2)C3=C(N=C(N3CC4=CC=CC=C4)C5=C(N=C(N5CC6=CC=CC=C6)C7=C(N=C(N7CC8=CC=CC=C8)C)C)C)C)CC)OC
1546,Cn1c(NC(=O)Nc2ccccc2)nccc1=O,10 56 140 143 157 186 191 298 314 345 378 389 436 564 650 703 787 807 853 935 964 1035 1057 1077 1088 1141 1145 1152 1159 1199 1217 1284 1376 1380 1423 1452 1498 1592 1661 1716 1816 1866 1873 1917 1961 1989 1990 2020,CN1C(=O)C=CN=C1N2C(=O)N(N3N2N=CN3C4=NC=CC(=O)N4C)NC(=O)NC5=CC=CC=C5
1547,CCCCN(CCCN1CCCC1)C(=Nc1ccccc1Cl)c1ccc(Cl)cc1,18 53 80 150 216 233 234 245 263 294 348 366 557 561 573 591 653 725 782 794 803 807 816 872 881 926 930 935 955 960 974 978 1007 1028 1057 1062 1070 1088 1125 1145 1185 1187 1199 1231 1272 1339 1378 1380 1385 1422 1435 1443 1480 1482 1505 1546 1593 1613 1683 1697 1750 1791 1816 1871 1873 1888 1911 1951 1998 2011 2040,CCCCN(CCCC)C(=NC1=CC=CC=C1Cl)N(CCCN2CCCC2)N3CCN(CC3)C(=NC4=CC=CC=C4Cl)C5=CC=C(C=C5)Cl
1548,CN(C)CNc1nc2c(C(F)(F)F)c3ccc4cc(c5cc-2ccc5c3n1)n4C,33 45 73 80 81 114 164 233 286 287 307 323 350 366 378 395 457 466 522 564 580 592 647 652 666 714 809 829 875 881 892 896 909 926 935 942 945 999 1056 1057 1065 1080 1122 1145 1152 1160 1163 1197 1272 1357 1380 1416 1425 1453 1509 1535 1570 1582 1611 1724 1733 1742 1750 1763 1794 1855 1873 1878 1887 1928 1961 1971 1979 1994 2040,CN1C2=C(C=CC(=C2)C3=NC(=NC4=C3N=C(N4NC5=NC=C6C=CC(=[NH2+])C=C6N5C)NCN(C)C)NCN(C)C)C(=C1C(F)(F)F)C(F)(F)F
1549,Cc1ncc(C)c2[nH]c(-c3cc(F)cc(C(=O)N4CCCCC4)c3)cc12,2 92 93 102 107 114 115 139 156 202 293 346 369 378 442 468 497 650 664 699 716 767 806 807 875 926 935 942 978 1009 1026 1028 1034 1057 1114 1160 1206 1222 1226 1296 1324 1345 1357 1380 1385 1391 1452 1480 1492 1504 1519 1530 1535 1542 1548 1609 1648 1670 1691 1718 1722 1745 1746 1767 1828 1873 1917 1928 1998 2002 2009,CC1=CN=C(C2=C1NC(=C2)C3=CN=C(N3)C4=CC(=CC(=C4)F)C(=O)N5CCCCC5)C6=NC=C(N6)C7=CC(=CC(=C7)F)C(=O)N8CCCCC8
1550,C=Cc1cccc(S(=O)(=O)N2CCN(c3ccc(OC)cc3OC)CC2)c1,87 123 148 157 182 227 231 249 268 319 322 350 366 407 575 580 585 635 650 694 695 718 757 781 800 841 875 907 926 935 958 1039 1057 1076 1088 1161 1295 1340 1353 1366 1380 1409 1476 1480 1508 1529 1536 1586 1607 1645 1729 1750 1761 1804 1815 1873 1887 1903 1915 1942 1970 1972 2033,COC1=CC(=C(C=C1)N2CCN(CC2)S(=O)(=O)C3=CC=CC(=C3)C=C)OS(=O)(=O)N4CCN(CC4)S(=O)(=O)C5=CC=CC(=C5)C=C
1551,O=C1CCCCCCN2C(=O)CN(C(=O)OCCCO1)C2=O,2 92 110 133 168 203 215 310 314 356 441 448 467 472 575 608 612 643 650 656 778 798 805 881 926 935 950 970 1003 1028 1045 1083 1091 1166 1324 1380 1390 1457 1468 1480 1512 1543 1571 1594 1616 1709 1738 1923 1946 1958 1998,C1CCCCCC(=O)OCCCN2C(=O)CN(C2=O)C(=O)CN3C(=O)N(CCCCCCC(=O)OCCC1)C(=O)N4CCCOC4=O
1552,O=C(O)c1[nH]cc2cc(-c3ccccc3)cc2nc2ncn3cccccc4[nH]c1c2nc1nc3ncc14,0 28 72 84 97 125 130 205 260 311 352 378 389 408 456 577 600 624 650 721 736 791 792 798 806 807 809 862 932 934 935 944 954 959 990 1054 1088 1113 1114 1123 1133 1147 1160 1185 1199 1204 1249 1252 1264 1272 1282 1357 1358 1371 1380 1381 1382 1410 1416 1418 1434 1446 1448 1452 1530 1535 1557 1637 1657 1672 1702 1715 1724 1745 1750 1769 1840 1855 1873 1879 1917 1924 2003 2014 2020 2033 2040,C1=CC=C(C=C1)C2=CC3=CN=C4C(=C3N(C=C2)N5C=NC6=NC(=CN=C65)C(=O)O)NC=C4C7=CC=CC=C7
1553,COC(=O)c1ccccc1C=C(C)C=Cc1cc(C(=O)N2CCCN(Cc3ccccc3)CC2)cs1,31 74 80 119 145 304 322 345 356 369 389 399 431 441 497 552 562 563 650 675 691 694 695 701 753 784 807 835 841 875 891 897 906 926 935 936 942 961 1003 1017 1028 1040 1057 1066 1083 1088 1152 1179 1199 1288 1380 1385 1387 1393 1395 1422 1434 1447 1461 1480 1493 1504 1531 1567 1587 1589 1683 1742 1746 1750 1754 1757 1762 1765 1768 1771 1791 1825 1837 1873 1917 1975 1983 1991 2000 2009,C/C(=C\C1=CC(=CS1)C(=O)N2CCCN(CC2)CC3=CC=CC=C3)/C=C/C(=C(\C)/OC)/NNC(=O)C4=CC=CC=C4C(=O)OC
1554,CC(O)C1ON=C2N=C3SCCCN3C(c3ccccc3N3CCCCC3=O)=C2O1,1 15 35 37 46 105 140 157 199 215 227 257 283 310 314 352 378 406 420 426 444 467 576 609 650 656 675 687 722 750 789 798 807 926 927 935 954 966 984 988 999 1019 1028 1057 1088 1093 1182 1199 1295 1327 1368 1380 1419 1449 1457 1480 1594 1647 1693 1710 1720 1722 1738 1750 1782 1845 1873 1912 1914 1998 2029,CC1=C2C(=C3C4=CC=CC=C4N(CCCS3)C(=O)CCCCC2=NOC1C(C)O)C5=NOC(O5)C(C)O
1555,CN(C)C(=O)Nc1nc(C=CC(=O)NCCOc2cccc3ccccc23)cs1,13 26 31 73 80 117 141 187 193 197 206 286 327 340 378 385 420 490 518 552 563 589 650 667 675 694 695 726 733 763 807 835 881 1007 1047 1052 1057 1087 1088 1104 1112 1133 1152 1163 1181 1199 1214 1332 1357 1363 1380 1410 1442 1452 1518 1567 1573 1653 1655 1688 1750 1768 1790 1807 1816 1855 1873 1897 1906 1917 1970 1978 1999 2001 2007 2027,CN(C)C(=O)NC1=NC(=CS1)/C=C/C(=O)NC2=NC(=CS2)/C=C/C(=O)NCCOC3=CC=CC4=CC=CC=C43
1556,C1=CC2C=C(N2)S1,51 63 97 111 193 236 238 242 247 301 377 397 414 473 515 522 628 667 675 703 769 878 918 1019 1033 1060 1083 1114 1190 1209 1220 1232 1380 1391 1438 1489 1506 1508 1627 1653 1873 1881,C1=CSC2C1C=C3C24C(=CC(N3)NC4=S)C5=CC(NC5=[Se])[N+](C)(C)CCN[P+](=S)NCCNC6C=CSC=C6
1557,CC(=C(C1CCCCC1)[N+](=O)[O-])C(C)(C)C,2 47 114 128 270 305 392 434 438 465 473 645 650 671 715 753 779 807 838 890 908 926 1017 1019 1028 1057 1105 1121 1132 1193 1195 1245 1264 1314 1325 1425 1439 1544 1558 1624 1705 1820 1938 1963 2014 2037,C/C(=C\1/C(=C(C(C)(C)C)[N+](=O)[O-])/C(=[N+]([O-])[O-])/C(=C1[N+](=O)[O-])C(C)(C)C)/C2CCCCC2
1558,O=[N+]([O-])C(C=C(F)Cc1cccc([N+](=O)[O-])c1)=Cc1ccc(F)cc1,25 80 90 118 163 210 310 325 376 392 398 410 473 480 598 644 650 694 699 715 742 753 764 786 807 818 825 838 841 859 875 964 973 1039 1051 1052 1065 1066 1087 1088 1113 1120 1158 1195 1251 1274 1380 1410 1514 1525 1544 1610 1670 1695 1746 1750 1754 1773 1809 1822 1872 1873 1928 1940 1958 1963 2033 2044,C1=CC(=CC(=C1)[N+](=O)[O-])C/C(=C(\C=C(\CC2=CC(=CC=C2)[N+](=O)[O-])/[N+](=O)[O-])/C(=C/C(=C/C3=CC=C(C=C3)F)/F)/C=C([N+](=O)[O-])F)/F
1559,COCC(C(=O)Nc1nn(C#N)cc1C(F)(F)c1ccccc1)c1nnc[nH]1,1 13 57 80 114 118 151 190 219 255 281 322 378 387 389 419 453 464 475 510 551 573 596 632 635 638 645 650 656 674 695 708 713 719 720 764 789 790 803 806 807 837 841 935 998 1005 1012 1057 1088 1107 1114 1152 1164 1171 1199 1256 1267 1316 1327 1349 1370 1380 1384 1411 1417 1441 1453 1470 1501 1587 1620 1686 1695 1750 1764 1787 1816 1873 1906 1917 1928 1947 1956 2017 2020 2042,COCC(C1=NN=CN1)C(C(=O)NC2=NN3C=C(C(=C3C2(C4=CC=CC=C4)C(F)(F)F)[Si](C)(C)N)CON)C(=O)NC5=NN=CN5
1560,COc1ccc2c(C(=O)O)c(Cl)ccc2c1,9 115 130 203 238 254 322 366 389 456 531 547 558 561 586 650 666 671 695 718 724 740 781 807 835 836 841 875 955 1014 1057 1081 1107 1357 1380 1388 1394 1492 1536 1552 1593 1636 1683 1733 1750 1855 1873 1917 1972 2025,COC1=CC2=C(C=C1)C(=C(C=C2)Cl)C(=O)C3=C4C=CC(=C5C=CC(=C(C6=C5C=C(C=C6)OC)C(=O)O)C=C4)C=C3
1561,CSC(=O)N(CC(=O)NC1C(=O)NC2CCOC(=O)C2C1(C)C)C(=O)N1CCSCC1,34 41 80 110 116 165 191 195 203 228 232 283 301 306 314 322 327 334 336 387 394 410 431 441 477 549 550 597 614 647 650 656 675 719 731 789 802 806 807 881 926 935 941 950 975 1019 1034 1057 1073 1077 1114 1124 1146 1152 1155 1174 1181 1190 1196 1274 1325 1374 1380 1464 1480 1525 1619 1640 1645 1648 1667 1691 1692 1711 1716 1722 1834 1905 1917 1969 1974 1989 2009,CC1=C2C(C(C(=O)OCCC(C(=O)NC(=O)N3CCSCC3)NC(=O)NC4CCSCC4)C(=O)[Se]2)C(=O)[Se]1
1562,C=C(OCCCC(O)C(NC(=O)c1cccc(F)c1)c1cccc(F)c1)c1c[nH]nc1C,1 13 16 56 80 92 117 147 201 227 230 293 303 361 378 432 469 486 526 529 560 644 650 681 695 699 739 787 807 867 875 888 934 973 1017 1022 1039 1040 1057 1088 1102 1114 1152 1239 1244 1253 1255 1365 1366 1380 1385 1446 1487 1502 1530 1578 1581 1637 1670 1722 1734 1747 1750 1769 1820 1873 1879 1911 1917 1928 1969 1985 1987 1991 1997 2004 2038,c1(c2c(n[nH]c2)C)c(C(=O)C)c[nH]nc1C(=C)OCCCC(C(NC(=O)c1cc(F)ccc1)c1cc(F)ccc1)O
1563,CN1CCCC(N2CC(N(C)C(=O)c3cccc4c(=O)sc-4cc3)CCC2=O)C1,16 29 33 62 92 162 180 187 207 234 237 314 327 352 355 446 587 589 650 675 684 739 798 807 809 813 834 861 881 926 935 945 974 978 984 1000 1019 1028 1031 1039 1050 1057 1088 1142 1145 1163 1221 1302 1325 1380 1385 1417 1466 1480 1487 1650 1661 1670 1697 1701 1733 1738 1750 1815 1873 1910 1912 1917 1923 1984 1985 1993 1994 2044,CN1CCCC(C1)N(C)C(=O)C2=CC=C(S2)C3=C4C(=CC=C3)C(=O)N(CC5CCC(=O)N(C5)C)CC6CCC(=O)N(C6)C
1564,COC(=O)C(C)(C)c1cc2oc=2c1=O,30 70 114 133 176 287 297 314 392 419 429 461 500 525 574 634 650 656 695 696 793 799 807 831 841 845 875 904 976 1000 1041 1057 1119 1152 1160 1178 1179 1217 1273 1380 1386 1387 1449 1487 1502 1513 1532 1594 1604 1625 1873 1917 1929,CC(C)(C1=CC(=CC2=C1OC(=C(C2=O)C(C)(C)C(=O)OC)C(C)(C)C(=O)OC)C3=C4C(=CC(=C3)C5=COC=CO5)C(=O)C(=C=[N-])O4)C(=O)OC
1565,COc1ccccc1-c1c2c(C)c(OC)c(c1OC1C(O)C1O)CC2,60 79 249 252 265 288 314 315 320 333 338 352 361 438 480 496 511 524 589 641 666 675 695 706 710 745 807 841 874 907 926 984 1019 1041 1057 1069 1088 1146 1177 1187 1199 1214 1257 1380 1410 1423 1487 1536 1550 1563 1599 1600 1722 1738 1742 1747 1750 1756 1765 1802 1869 1873 1892 1942 1950 1970 1983,CC1=C2CCC3=C(C(=C(C(=C3C4=CC=CC=C4OC)OC)OC)OC)C2=C(C(=C1OC)OC)OC5C(C(C(C(C5O)O)[Hg]OC)O)O
1566,O=C(c1ccsc1)N1CCN2Cc3ccccc3SC2=N1,14 20 59 91 127 147 183 235 245 286 295 325 346 378 397 407 499 552 554 559 631 645 650 675 807 896 926 935 949 980 987 1076 1081 1088 1173 1187 1199 1236 1297 1380 1385 1399 1419 1480 1490 1504 1508 1529 1641 1708 1750 1754 1769 1834 1873 1892 1917 1946 1953 1998 2000 2044 2047,C1CN(CCN1C2=NN(CC3=CC=CC=C3S2)C(=O)C4=CSC=C4)C5=NN(C(=NN5C(=O)C6=CSC=C6)CC7=CSC=C7)C(=O)CC8=CSC=C8
1567,O=C1NC2=NC(=Cc3ccccc3)N1C=N2,7 125 213 261 281 314 316 355 378 389 552 625 650 694 739 803 821 852 906 927 934 935 938 1016 1060 1068 1088 1091 1114 1119 1168 1179 1182 1198 1199 1352 1353 1380 1481 1556 1611 1630 1737 1750 1764 1773 1873 1903 1942 1950 1954 2033,C1=CC=C(C=C1)/C=C\2/C3(C4=NC(=O)N=CN4C=N3)N5C=NC(=O)N=C5N2
1568,CC(C)=NC(=O)N(C)Cc1ccc(C)c(C)n1,31 74 80 92 158 206 269 315 334 378 456 467 507 543 581 650 704 724 725 750 794 801 807 821 881 927 979 1017 1036 1057 1058 1107 1163 1168 1226 1251 1281 1356 1380 1391 1411 1468 1489 1526 1574 1578 1627 1691 1722 1750 1855 1873 1900 1917 1933 1998,CC1=C(N=C(C=C1)CN(C)/C(=C/2\N=C(C(=N2)C)C)/N=C(C)N(C)N=O)C
1569,CN(C)C(=O)N=C(C(=O)c1cccnc1)C(=O)c1cccc(Br)c1,4 11 23 49 83 121 249 267 294 378 437 453 485 629 650 702 708 725 728 732 756 766 807 823 859 871 875 881 891 909 925 968 1025 1039 1043 1057 1067 1088 1163 1257 1352 1380 1385 1431 1466 1501 1535 1586 1603 1627 1631 1653 1655 1683 1750 1821 1866 1873 1917 1930 1962 1985 2014 2034,CN(C)/C(=C(\C(=O)C1=CN=CC=C1)/N(C)C)/N=C(/C(=O)C2=CC(=CC=C2)Br)\N=C(N(C)C)N(C)C(=O)N=C(N(C)C)N(C)C
1570,CNc1c(Oc2ccc(OC)cc2)c(NC(=O)OC)nc2ccccc12,9 16 105 140 193 233 289 292 294 322 333 378 381 389 392 446 505 527 529 650 662 679 693 695 697 708 718 729 781 807 831 841 884 931 951 1042 1048 1057 1088 1097 1152 1199 1259 1283 1314 1348 1357 1380 1430 1498 1536 1573 1581 1617 1644 1750 1758 1770 1816 1855 1873 1917 1921 2016 2018 2034 2038,CNC1=NC2=CC=CC=C2C(=C1C/C(=C/3\C4=CC=CC=C4[N-]3)/C(=O)O)NC5=C(C(=NC6=CC=CC=C65)NC(=O)OC)NC(=O)OC
1571,O=C(O)CN(C(=O)c1c(C(=O)O)sc2ccccc2c1=O)C(=O)C1CCCC1,20 80 111 121 140 162 314 389 403 429 456 461 474 480 525 567 586 605 650 675 781 807 808 874 881 885 890 900 926 970 974 1019 1026 1028 1061 1088 1121 1138 1148 1190 1199 1214 1221 1248 1265 1325 1348 1353 1357 1380 1417 1528 1573 1648 1690 1735 1737 1744 1750 1785 1842 1873 1882 1890 1894 1901 1917 1974,C1CCC(C1)C(=O)N(CC(=O)O)C(=O)C2=C(C(=O)C3=CC=CC=C3S2)C(=O)[NH+]4C[NH+](C5=C4C(=O)C6=CC=CC=C6S5)C(=O)O
1572,O=C(CCNC(=O)c1cccnc1)NC(=O)COc1ccc(Cl)cc1,8 41 80 86 102 104 107 192 197 216 265 322 325 363 378 382 392 425 426 437 486 561 602 606 650 667 695 718 733 746 807 816 889 911 922 1043 1070 1088 1119 1125 1152 1166 1205 1213 1380 1385 1405 1452 1535 1538 1564 1586 1603 1683 1750 1824 1835 1866 1873 1887 1900 1917 1962 1985 2004 2015 2028,C1=CC(=CN=C1)C(=O)NCCC(=O)NC(=P(CNC(=O)C2=CN=CC=C2)(C(=O)COC3=CC=C(C=C3)Cl)C(=O)COC4=CC=C(C=C4)Cl)C5=CN=CC=C5
1573,CCOC(=O)CCCC(=O)Nc1nc(C)cc(Cl)c1OC,41 59 80 94 147 294 333 366 378 400 447 561 599 650 670 677 695 708 807 841 875 932 957 977 985 1039 1051 1057 1065 1152 1177 1186 1213 1225 1238 1320 1380 1382 1386 1399 1432 1472 1507 1520 1536 1557 1564 1570 1581 1599 1601 1631 1641 1683 1718 1722 1731 1753 1816 1850 1855 1873 1911 1917 1967 2017 2033 2045,CCOC(=O)CCCC(=O)NC1=NC(=CC(=C1OC)Cl)OP2C3=C(C(=C(C=C3P2CC(=O)CCCC(=O)OCC)Cl)OC)OC
1574,CCOCC(NC(=Cc1cccc(C(F)(F)F)c1)N=C(C)c1ccc(F)cc1OC(F)(F)F)c1ccccc1,1 36 67 80 114 117 118 291 293 294 335 373 389 427 548 550 574 609 642 664 669 694 695 699 703 725 807 809 818 833 875 878 892 953 1017 1039 1052 1056 1057 1088 1149 1152 1157 1199 1238 1260 1311 1345 1353 1365 1370 1380 1409 1410 1417 1442 1453 1461 1465 1487 1503 1522 1523 1581 1590 1605 1608 1627 1670 1709 1746 1750 1755 1759 1767 1873 1928 1964 1970 1975 1991 1992 2017 2031 2033,CCOCC(C1=CC=CC=C1)NC(=NC/C(=C/C2=CC(=CC=C2)C(F)(F)F)/N=C(C)C3=C(C=C(C=C3)F)OC(F)(F)F)NO
1575,CCCCCCCCCCCCC1NC(=O)OC1CCCC,80 165 167 294 298 301 314 334 371 381 429 438 531 533 591 610 650 656 750 794 823 832 987 1001 1019 1053 1057 1066 1114 1141 1143 1211 1222 1224 1283 1284 1287 1288 1380 1444 1448 1487 1523 1534 1676 1752 1812 1874 1911 2019 2026 2043,CCCCCCCCCCCCCCCCCCCCCCCCCCCCCCCCCCCCCCCCCCCCCCCCCCCCCCCCCCCCCCCCCCCCCCCCCCCC1NC(=O)OC(N1)CCC
1576,COc1cc([N+](=O)[O-])cc2c(Cl)cc(Cl)c(C3=C(C(=O)OC(F)(F)F)c4ccc([N+](=O)[O-])cc4CC3)c12,27 98 114 145 166 173 206 231 249 326 352 366 390 423 561 638 650 680 695 701 715 719 753 807 838 841 875 926 1021 1057 1064 1089 1095 1195 1236 1251 1274 1276 1345 1357 1362 1368 1376 1380 1386 1387 1388 1397 1399 1409 1424 1453 1536 1539 1553 1571 1650 1657 1665 1683 1690 1717 1738 1743 1747 1750 1754 1809 1814 1873 1917 1928 1940 1963 1970 1973 1984 2022 2029 2037,COC1=CC(=CC2=C(C=C(C(=C12)C3=C(C4=C(C=CC(=C4)[N+](=O)[O-])C5=C3C6=C(CC5)C=C(C=C6)[N+](=O)[O-])Cl)Cl)Cl)[N+](=O)[O-]
1577,NC(=O)CC=C(NC(=CC=Cc1cc2ccccc2[nH]c1=O)c1ccccc1)C(=O)Nc1ccccc1,26 80 99 119 140 168 191 257 258 263 314 389 393 416 432 454 479 488 499 646 650 694 703 750 774 807 835 875 961 1013 1035 1077 1087 1088 1103 1107 1114 1118 1119 1152 1171 1199 1210 1251 1319 1331 1377 1380 1385 1398 1414 1505 1608 1609 1613 1624 1627 1636 1745 1750 1783 1816 1817 1834 1854 1855 1873 1898 1903 1908 1917 1985 1995,C1=CC=C(C=C1)/C(=C/C=C/C2=CC3=CC=CC=C3NC2=O)/N/C(=C\CC(=O)N)/C(=O)N/C(=C/CC(=O)N)/C(=O)NC4=CC=CC=C4
1578,CCCN(C)C1C(=O)NC1C(=O)C=C(C(=NC#N)c1ccc(C(F)(F)F)cc1-c1ccccc1)c1ccc(OC)cc1,0 67 80 114 120 129 139 149 222 290 294 301 314 322 336 352 357 389 407 412 501 549 614 643 650 653 654 662 673 674 684 694 695 718 725 726 735 736 746 781 790 794 807 809 830 831 841 851 875 881 1019 1034 1057 1088 1114 1120 1160 1163 1168 1199 1250 1260 1331 1380 1384 1385 1391 1417 1436 1453 1522 1536 1542 1580 1635 1665 1683 1686 1697 1709 1750 1761 1766 1779 1873 1890 1917 1928 1951 1966 1991,CCCN(C)C1/C(=C/C(=O)C(NC1=O)/C(=N/C#N)/C2=CC=C(C=C2)OC)/C3=C(C=C(C=C3)C(F)(F)F)/C(=C/C(=O)O)/O
1579,COC(=Cc1cc2ccc1cc2OC)c1ccc(C(=O)NC(=O)NC2CCNC2=O)cc1,30 32 61 109 117 203 233 237 245 249 285 305 314 338 387 454 462 486 487 495 552 570 639 650 681 694 695 807 841 875 926 930 961 973 1019 1034 1057 1114 1119 1122 1129 1142 1152 1166 1179 1197 1216 1298 1303 1325 1340 1351 1380 1385 1390 1424 1461 1521 1536 1562 1567 1665 1689 1697 1714 1746 1750 1778 1792 1825 1833 1855 1866 1893 1903 1917 1935 1970 1989 2000 2009,COC1=CC2=CSC(=C2C=C1/C=C(\NC(=O)NC3CCNC3=O)/OC)C4CCNC4=O
1580,N#CCNC(=O)C(C=CS(=O)(=O)O)=Cc1ccc(Br)c(Cl)c1,25 43 80 88 116 173 197 223 238 350 366 383 449 561 590 592 640 650 674 694 705 720 722 723 728 790 806 807 833 875 936 991 1057 1078 1089 1152 1210 1225 1234 1373 1380 1384 1431 1459 1476 1494 1500 1523 1588 1631 1683 1707 1739 1746 1750 1752 1759 1807 1829 1865 1867 1873 1910 1917 1959 2023 2025 2033,C1=CC(=C(C=C1/C=C(\C(=O)NCC#N)/S(=O)(=O)/C(=C/C2=CC(=C(C=C2)Br)Cl)/CSS(=O)(=O)O)Cl)Br
1581,CCC1C2C(=O)N(CCOc3cc(C)c4ccccc4c3)C(=O)N1CC2C,5 13 21 24 80 92 192 222 291 294 311 314 322 351 394 588 628 644 650 672 684 695 732 739 751 804 832 835 836 839 843 875 888 907 926 935 1019 1034 1057 1063 1082 1087 1088 1119 1129 1141 1145 1199 1270 1301 1309 1342 1357 1380 1391 1409 1410 1423 1452 1454 1457 1573 1687 1688 1722 1735 1750 1832 1837 1847 1855 1859 1873 1919 1925 1985 2017,CCC1C2C(CN1C3=C(C(=CC4=CC=CC=C43)C)P(=O)(N5CC(C(C5=O)CCOC6=CC7=CC=CC=C7C(=C6)C)C)OC8=CC(=C(N=C8C)C)C)C
1582,CN(C=CC=Nn1ccn(C)c1=NC=CC(=O)NC(=O)N(C)C(N)=O)C(=O)Nc1cccnc1,0 31 37 46 74 80 103 140 168 175 191 193 236 255 315 325 328 360 368 378 401 432 437 462 505 563 643 650 660 688 694 700 703 713 725 776 807 809 881 935 985 1043 1057 1064 1088 1101 1119 1126 1145 1152 1155 1163 1171 1174 1181 1182 1314 1364 1380 1382 1385 1409 1418 1427 1437 1535 1572 1586 1633 1687 1743 1750 1770 1816 1818 1866 1873 1884 1917 1993 2003 2009 2028 2046,CN1C=CN=C1/N=C/N(C)C(=O)NC2=C(N(C=C2)C)/N=C(/C=C/C=N/N(C)C(=O)N)\NC(=O)N(C)C(=O)NC3=CN=CC=C3
1583,O=c1c2ccc(s2)n1CCCNc1ncc(S(=O)(=O)N2CCC2)cn1,8 61 80 108 109 122 151 162 304 314 319 350 366 378 437 504 539 544 585 650 667 675 721 757 800 802 885 926 935 947 958 1028 1035 1049 1069 1083 1084 1112 1145 1152 1157 1181 1282 1360 1374 1380 1383 1414 1416 1418 1447 1452 1476 1480 1525 1526 1531 1535 1565 1582 1620 1640 1708 1713 1750 1873 1911 1934 1972 2036,C1CN(C1)S(=O)(=O)C2=CN=C(N=C2)NCCCN3C4=CC=C(S4)C=CC5=CN=C(S5)C6=NC=NS6
1584,COc1ccc(C(=Nc2ccc(OC)cc2OC)C(=O)N2CCN3C(=O)OC(C)C2C3=O)cc1,5 18 44 126 182 199 242 249 314 321 322 340 393 428 459 496 502 608 635 650 653 656 695 718 722 725 750 781 789 807 811 821 831 841 875 883 884 925 926 935 959 1019 1057 1110 1213 1214 1230 1232 1238 1309 1316 1380 1385 1386 1457 1480 1492 1533 1536 1613 1697 1718 1750 1873 1895 1917 1970 1972 1980,CC1C2C(C(=O)N(C2=O)OC)N(CCN1C(=O)C(=NC3=C(C=C(C=C3)OC)OC)C4=CC=C(C=C4)OC)C(=O)C(=NC5=C(C=C(C=C5)OC)OC)OC
1585,COC1CCC(C(O)C2Oc3c(c4ccc3o4)O2)C(OC2CCCCC2)O1,1 2 14 29 66 81 119 159 175 190 196 225 227 246 413 429 559 625 633 637 656 695 721 750 754 777 807 837 841 890 926 937 939 944 1004 1019 1028 1042 1057 1059 1128 1147 1175 1197 1245 1294 1323 1325 1346 1380 1381 1384 1504 1509 1591 1594 1602 1604 1728 1749 1750 1759 1796 1808 1810 1841 1843 1873 1889 1921 1949,COC1CCC=CCCC(O1)C(C2=C3C(=C(O2)O)OC(O3)OC4CCCCC4)O
1586,CCCS(=O)(=O)C1=CC2=CSc3n[n-]c1c3C=C(Cl)C=[N+](C)c1cc(Cl)cc(c1)S(=O)(=O)N2C,80 84 92 104 195 207 218 224 292 294 317 350 357 362 369 378 400 438 449 463 469 481 485 511 540 556 561 606 610 634 646 650 664 673 675 690 707 770 794 830 838 861 875 916 935 937 990 997 1048 1057 1058 1103 1145 1171 1174 1188 1259 1289 1326 1351 1380 1391 1427 1449 1451 1454 1459 1476 1478 1509 1659 1683 1692 1695 1714 1729 1737 1747 1748 1755 1795 1811 1825 1873 1885 1917 1936,CCCS(=O)(=O)C1=CC2=C(C3=C1C=C(C=[N+]3C)Cl)C4=C(S(=O)(=O)N(C(=C4)S(=O)(=O)CC)C)C5=CSC(=CS5)S(=O)(=O)CC
1587,Cn1c(=O)n2nc1c1oc(-c3ccccc3C(=O)Nc3ccc(C(F)(F)F)cc3)cc12,45 63 114 121 133 191 314 352 378 383 399 412 460 486 522 558 564 650 656 760 771 807 809 843 847 855 863 875 935 984 1024 1057 1077 1088 1114 1145 1152 1199 1204 1251 1260 1348 1349 1380 1402 1417 1430 1447 1453 1500 1527 1547 1551 1575 1586 1592 1604 1651 1664 1665 1696 1750 1802 1816 1842 1873 1899 1917 1928 1948 1956 1962 1978 1991,CN1C2=C(C3=CC(=NN3C1=O)C(=O)NC4=CC=C(C=C4)C(F)(F)F)OC(=C2)C5=CC=CC=C5C(=O)NC6=CC=C(C=C6)C(F)(F)F
1588,COc1ccc2c(c1)nc(NC(=O)Nc1ccccc1)n2CCC(=O)OCC1CCCCC1,2 4 29 45 52 56 80 81 102 123 147 157 189 191 259 261 306 322 378 389 484 650 677 695 703 718 781 802 807 841 859 868 875 890 926 935 940 978 1019 1028 1032 1057 1077 1088 1097 1130 1136 1145 1152 1163 1199 1235 1251 1310 1325 1332 1336 1380 1386 1394 1502 1530 1536 1546 1564 1579 1611 1689 1713 1814 1816 1855 1858 1873 1912 1917 1972 1980 1989 1990 2020 2021,COC1=CC2=C(C=C1)N(C(=N2)N3N=CN(N3C)CCC(=O)OCC4CCCCC4)CCN5C6=C(C=C(C=C6)OC)N=C5NC(=O)NC7=CC=CC=C7
1589,CC1(C)CCN(S(=O)(=O)c2ccccc2)CC2C(CCN2C(=O)c2ccc3c(n2)S3)C1,14 38 191 242 252 319 350 366 374 378 389 403 438 541 575 585 650 675 679 739 744 747 757 762 800 807 809 830 854 855 893 919 926 935 949 1012 1019 1057 1060 1074 1088 1162 1173 1175 1199 1203 1214 1247 1274 1294 1325 1335 1380 1476 1480 1487 1504 1597 1624 1627 1689 1726 1749 1750 1789 1792 1855 1866 1873 1911 1917 2000 2034 2044,CC1(CCC2(CC1)N3C4CC(CCC45C3=C(S2)C=C5)(C)C)C(=O)N6CCC7CC(CCN7S(=O)(=O)C8=CC=CC=C8)(C)C
1590,O=c1[nH]c(=O)c2c([nH]1)=CC=CC=C(F)C=2,23 84 103 245 294 314 403 418 445 582 637 650 699 727 750 768 792 862 905 959 1114 1133 1249 1349 1380 1398 1409 1418 1436 1496 1589 1620 1627 1641 1663 1670 1743 1745 1756 1841 1872 1873 1928 1949 2000 2004,C1=CC=C2C(=C1)C=C3C=C(C=CC3=C2)F
1591,CC(=O)c1ccc(C(=O)Nc2ccc(C)cc2)s1,47 65 80 83 130 162 191 235 278 384 407 419 444 486 523 623 649 650 675 722 807 843 886 898 923 941 1017 1047 1057 1077 1148 1152 1166 1328 1380 1385 1411 1456 1473 1509 1722 1750 1759 1816 1820 1823 1873 1884 1917 1920 1978 2023,CC1=CC=C(C=C1)NC(=O)C2=CC=C(S2)C(=O)NC3=CC=C(C=C3)[NH2+]C/C(=C/4\C=CC(=C(C)C)S4)/[NH2+]C5=CC=C(C=C5)C(=O)C
1592,COc1ccc(C(=O)Nc2ccc(C(=O)Nc3cc(I)ccc3I)cc2)cc1,123 176 191 300 322 481 486 570 582 597 650 651 661 695 707 718 781 807 815 831 841 843 875 883 922 947 1057 1077 1115 1126 1142 1146 1152 1224 1277 1289 1364 1377 1380 1385 1493 1494 1536 1594 1665 1697 1750 1795 1816 1825 1832 1839 1848 1873 1909 1917 1944 1978 1989 1994,COC1=CC=C(C=C1)C(=O)NC2=CC=C(C=C2)C(=O)NC3=CC(=C(C=C3)I)NC(=O)NONC4=CC=C(C=C4)C(=O)NC5=CC(=O)C(=C(O5)OC)OC
1593,COc1ccccc1Nc1nnc(SC)n1N1CCCC1,65 116 157 186 200 249 262 335 347 348 378 385 394 444 491 557 600 606 662 695 747 761 841 902 926 935 965 1028 1030 1057 1067 1088 1152 1164 1170 1195 1199 1200 1217 1224 1247 1291 1380 1406 1410 1449 1472 1480 1536 1559 1671 1696 1723 1731 1750 1843 1873 1905 1930 1970 1978 1998 2015 2028 2030,COC1=CC=CC=C1NC2=NN=C(N2N3CCN(CC3)N4C(=NN=C4SC)NC5=CC=CC=C5OC)NC6=CC=CC=C6OC
1594,O=[N+]([O-])c1ccc2c(c1)-c1ncnc-2c1CCN1CCN2CCOCC2C1,15 30 74 80 177 218 259 276 302 323 352 378 422 489 523 530 537 558 636 650 656 680 715 739 753 777 782 838 848 869 875 926 935 949 950 981 1016 1019 1070 1145 1187 1195 1225 1242 1243 1263 1274 1294 1371 1380 1441 1446 1448 1452 1480 1504 1510 1531 1594 1736 1748 1750 1774 1791 1809 1810 1814 1854 1873 1910 1923 1940 1963 1998 2034 2045 2046,C1CN(CCN1CCC2=C3C4=C(C=C(C=C4)[N+](=O)[O-])C5=NC=NC(=C5O3)C6=C(C=C(C=C6)[N+](=O)[O-])C7=NC=NN72)C8CN9CCOCC9COC8
1595,COc1ccc(NC(=O)c2nc3c(C)nc2n3CCCCCN2C(=O)CCc3ccccc32)cc1,31 80 92 94 160 177 185 191 314 322 378 405 413 422 486 490 565 588 626 650 695 709 718 781 783 798 802 807 831 841 843 844 858 893 927 935 957 1010 1018 1034 1048 1057 1065 1077 1088 1104 1143 1145 1151 1152 1199 1211 1219 1236 1295 1330 1380 1384 1409 1470 1489 1521 1536 1620 1647 1665 1696 1708 1722 1738 1750 1795 1804 1816 1855 1873 1911 1917 1936 1978,CC1=C(N=C2C(=N1)N(C(=N2)C(=O)NC3=CC=C(C=C3)OC)CCCCCN4C(=O)CCC5=CC=CC=C54)C(=O)NC6=NC(=O)CC6
1596,Cn1c(O)ccc1C(N)=NC(=Cc1ccccc1C#N)c1cc(Cl)c2ccccc2c1,33 50 53 70 126 129 140 347 361 366 387 441 460 488 544 561 564 674 685 694 712 725 773 790 807 836 875 935 961 970 976 984 1021 1057 1062 1063 1078 1087 1088 1110 1129 1136 1145 1163 1171 1199 1309 1334 1357 1360 1384 1385 1457 1473 1523 1573 1602 1612 1627 1633 1656 1683 1696 1746 1750 1759 1855 1862 1873 1879 1886 1950 1955,CN1C(=CC2=C(N(C(=C21)N)C)N)/C=C(/C3=CC4=C(C=C(C=C4Cl)/C(=N/C(=NC5=CC6=CC=CC=C6C=C5Cl)N)/N)C(=C3)Cl)\N
1597,CCCCN1C(=O)C(=Cc2cccc(OC)c2)C(=O)N(C(=O)c2ccccc2OC)C1=O,40 80 92 97 100 213 235 249 253 281 294 314 322 358 461 466 470 562 588 591 624 650 675 680 694 695 731 781 794 807 836 841 875 879 895 935 1039 1057 1088 1120 1145 1199 1230 1296 1380 1382 1410 1411 1428 1447 1470 1504 1536 1566 1750 1873 1882 1911 1917 1970 1972 1987 1991 2033 2039,CCCCN1C(=O)/C(=C/C2=CC(=CC=C2)OC)/C(=C/C3=CC(=CC=C3)OC)/C(=O)N(C1=O)C(=O)C4=CC=CC=C4OC
1598,CCN1C(=O)c2ccc(OC)nc21,12 34 80 130 192 194 294 313 314 352 378 382 400 468 532 588 592 623 642 650 680 695 699 838 841 879 935 958 997 1057 1108 1150 1183 1274 1380 1438 1467 1536 1569 1570 1574 1750 1768 1855 1873 2013,CCN1C2=C(C=CC(=N2)OC)C(=O)N(C3=C(C1=O)C=CC(=N3)OC)CC
1599,CCN(C)C1=CC=c2nc3c(cccc3c3ccc(C(=O)NC#N)c4cc(C#N)c-3cc2=CC=4)=C1,67 72 80 81 84 89 294 305 352 361 378 386 398 457 461 463 486 501 524 530 612 650 674 680 682 702 713 732 760 787 790 807 809 833 862 875 881 932 933 949 956 1006 1039 1057 1088 1101 1127 1136 1140 1152 1163 1210 1229 1249 1264 1332 1357 1374 1380 1384 1395 1538 1573 1724 1735 1740 1744 1745 1750 1800 1802 1844 1855 1857 1862 1864 1873 1879 1897 1917 1991 2045,CCN(C)C1=CC=CC2=C3C(=CC(=C21)C#N)C=C4C=CC=C5C4=N3
1600,COc1cc2c(-c3ccc(C)cc3)cc1nc2Nc1ncccc1C(N)=O,9 38 120 140 157 158 235 249 306 309 352 362 378 392 416 448 491 502 560 640 650 657 664 678 695 708 780 795 807 841 875 896 910 925 952 1043 1057 1088 1097 1134 1152 1160 1171 1357 1374 1380 1397 1444 1447 1452 1531 1536 1588 1597 1648 1670 1722 1750 1823 1855 1866 1873 1917 1920 1921 1924 1953 1970 1987 1991 2024,CC1=CC=C(C=C1)C2=C(C=C3C(=C2)N=C(C(=N3)[S+](C)C)NC4=C(C=CC=N4)C(=O)N)C(=O)C5=C(C=C(C=C5)C)C(=O)N
1601,Cn1c(=O)c2c(O)nc1n2CCNC(=O)N1CCCCC1,2 34 80 105 106 185 197 218 276 369 373 378 504 564 586 588 636 650 667 686 710 772 802 807 907 926 931 935 982 986 1019 1028 1057 1138 1145 1152 1231 1303 1307 1380 1382 1440 1461 1468 1480 1536 1602 1607 1780 1855 1917 1935 1951 1998 2009 2018,CN1C2=C(C(=CN=C2N(C1=C(O)O)CCNC(=O)N3CCCCC3)O)C(=O)C4N=C(N(C(=N4)O)C)O
1602,CCOC1=CC(c2ccc(C)cc2)N(c2nc3ccccc3c(=O)n2C)C=C1C,41 79 80 95 107 131 133 191 217 235 237 289 294 314 352 363 378 389 423 477 504 528 546 564 570 603 650 681 695 708 725 738 770 784 785 789 821 918 935 967 968 969 1019 1057 1088 1097 1128 1142 1145 1199 1238 1279 1357 1365 1380 1415 1451 1452 1490 1573 1661 1720 1722 1750 1768 1803 1810 1823 1855 1873 1920 2025 2047,CCOC1=NC2=CC=CC=C2C(=O)N1C3=CC(N4C=C(C5=CN(C=CC5=C4N3C)C)C)C6=CC=C(C=C6)C
1603,O=S(=O)(NCCN(Cc1ccccc1)Cc1nc2n(n1)Cc1ccccc1-2)c1ccccc1,55 57 80 251 267 278 293 317 319 339 350 351 352 363 368 389 468 502 507 520 575 650 667 706 728 732 770 881 883 901 926 935 984 1002 1066 1072 1088 1091 1120 1147 1152 1199 1225 1236 1380 1388 1437 1457 1476 1494 1497 1601 1610 1626 1652 1656 1657 1708 1722 1732 1750 1754 1855 1873 1946 1950 1951 1956 1966 2008,C1C2=CC=CC=C2/C(=C/3\C4=CC=CC=C4CN3N5C(=NC(=N5)CN(CCNS(=O)(=O)C6=CC=CC=C6)CC7=CC=CC=C7)S(=O)(=O)C8=CC=CC=C8)/N1
1604,O=C1NCCn2c(=O)[nH]c3c4cccc2c2cccccc(cc41)c3cc[nH]2,40 45 119 210 214 305 314 344 352 403 434 522 524 538 552 613 650 711 758 806 836 839 875 926 935 980 986 997 1016 1023 1025 1026 1039 1087 1088 1114 1153 1199 1207 1285 1289 1332 1357 1380 1420 1480 1496 1506 1530 1545 1564 1567 1573 1657 1658 1681 1689 1735 1745 1750 1783 1787 1835 1855 1866 1873 1923 1933 2037,C1CN2C3=CC=CC=C3NC2=C(C(=O)N1)C4=CSC(=N4)C5=CC6=CC7=C(C=C6C=C5C8=CC=CC9=C8NC=C9)C(=O)NCCN1C2=CC=CC=C2NC1=O
1605,CN=C(Nc1ccccc1)Nc1ccccc1-n1nc(C)nc1-c1cn2c(n1)C(=O)N(C)C2,43 51 78 107 126 191 202 259 314 378 389 403 464 629 631 650 668 703 725 730 807 879 926 935 971 980 1028 1054 1057 1074 1077 1088 1126 1145 1152 1160 1199 1224 1293 1295 1366 1380 1406 1411 1445 1457 1479 1583 1593 1644 1647 1677 1693 1696 1722 1750 1816 1834 1850 1852 1855 1873 1956 1967 2019,CC1=NN(C(=N1)N/C(=N/N=C)/NC2=CC=CC=C2)C3=CC=CC=C3N4CN5C=C(N=C5C4=O)C6=CN7CN(C(=O)C7=N6)C
1606,CC(=O)N(C)C(=O)C(C)(C)C1C(=O)OC2C(O)C(O)C1(C)C2O,50 114 141 165 195 219 221 232 314 392 401 404 413 420 572 576 601 603 650 656 687 688 750 807 881 920 941 1009 1017 1019 1046 1057 1060 1076 1083 1103 1163 1180 1182 1230 1257 1274 1330 1380 1390 1487 1493 1563 1588 1611 1661 1705 1714 1721 1722 1731 1746 1816 1873 1917 1957 1985 2046,C/C/1=C/OC(=O)[C@@H]2[C@H]([C@@H]([C@H]3[C@H]([C@]2([C@H]4C=C[C@@H]([C@]1(C)C(=O)N(C)C(=O)C)OC4=O)C)C(=O)O3)O)O
1607,CCCN1CCN(CC(C)(C)N(C(=O)Nc2cc(C#N)cs2)c2ccccc2)C1=O,80 92 102 114 163 193 252 288 294 295 305 314 319 340 371 392 437 480 501 552 650 673 674 675 677 681 702 721 731 773 790 794 807 820 836 875 880 881 926 935 941 1050 1057 1088 1089 1096 1113 1136 1145 1152 1199 1248 1252 1268 1270 1326 1345 1380 1382 1384 1430 1465 1468 1480 1511 1566 1567 1750 1785 1811 1816 1846 1873 1917 2007,CCCN1CCN(C1=O)C(C)(C)CN2CCN(C2=O)C(C)(CC)N(C3=CC=CC=C3)C(=O)NC4=CC(=CS4)C#N
1608,CC(C)(C)OC(=O)c1nc(-c2ccccc2)sc1C(=O)NC1CCC1OC(=O)NC1CCCCC1,2 114 145 155 162 190 231 242 332 378 387 389 392 428 467 486 490 493 499 650 675 695 736 781 798 807 885 890 893 926 960 1019 1028 1039 1057 1088 1126 1152 1160 1199 1239 1240 1290 1325 1380 1403 1443 1458 1542 1565 1574 1630 1634 1655 1750 1754 1758 1796 1855 1859 1873 1893 1917 1923 1934 1949 1981 2038 2040,CC(C)(C)OC(=O)C1=C(SC(=N1)C2=CC=CC=C2)C(=O)N[C@H]3CCCC[C@@H]3OC(=O)NC4CCCCC4
1609,CC=CC(=O)n1c(=O)n(C(=O)c2cccc(C)c2)c2ccccc21,0 31 45 97 100 112 208 299 314 359 393 445 555 600 618 632 650 694 771 783 800 807 837 844 856 875 890 935 944 1013 1039 1055 1057 1088 1129 1199 1279 1282 1285 1321 1380 1385 1504 1660 1722 1750 1807 1814 1823 1873 1908 1912 1917 1985 2001 2006 2014 2025,C/C=C/C(=C/C=C/1\N(C2=CC=CC=C2N1C(=O)C3=CC=CC(=C3)C)C(=O)/C=C/C)/N4C5=CC=CC=C5N(C4=O)C(=O)C=CC
1610,COc1ccc2ccc(Cl)cc2c1C(=O)NC(=O)N(C)CCN(C(=O)c1ccccc1)C(C)C(=O)O,1 75 80 94 165 193 203 216 230 249 265 283 334 356 389 473 486 506 509 561 586 587 650 695 744 779 807 816 841 867 875 881 898 927 942 1057 1085 1087 1088 1099 1104 1119 1152 1163 1199 1219 1221 1251 1276 1357 1380 1385 1447 1502 1536 1542 1594 1631 1683 1692 1750 1756 1810 1828 1844 1855 1861 1873 1917 1951 1970 1985 2029,CC(C(=O)O)N(CCN(C)C(=O)C1=CC=CC=C1)C(=O)NC(=O)C2=C(C=CC3=C2C=C(C=C3)Cl)OC(=O)C4=CC=CC=C4OC
1611,Cc1c(CCCCCCCN2CCCC2)c(=O)oc2c(=O)c12,80 133 252 314 449 453 476 491 505 525 540 650 653 656 693 893 926 935 967 1028 1031 1034 1057 1118 1143 1145 1175 1184 1243 1380 1422 1468 1480 1482 1485 1516 1577 1604 1615 1722 1791 1793 1884 1893 1911 1984 1998 2034,CC1=C(C(=O)OC2=C1C(=O)OC3=C2C(=O)C(=C(C3=O)C)CCCCCN4CCCC4)CCCCCN5CCCC5
1612,Cc1nc2n(C(C)(C)C)c(=O)c1n2CCCCN1CCCCC1,2 80 92 105 114 129 149 235 258 314 378 392 393 408 454 482 504 519 627 645 650 653 748 802 882 893 917 926 935 988 1028 1057 1088 1145 1303 1312 1326 1337 1380 1384 1422 1440 1480 1482 1562 1620 1649 1663 1722 1791 1793 1799 1855 1872 1886 1911 1997 1998,CC1=C2C(=NC(=N1)C)N(C(=O)N2C(C)(C)C)CCCCN3C(=O)C4=C(N=C(N4CCCCN5CCCCC5)C)N(C3=O)C(C)(C)C
1613,COc1ccccc1-c1nc2c3ccccc3ccc2n1CCN1CCC(=Cc2ccc(Cl)cc2)C1=O,25 36 40 45 58 60 66 80 203 216 249 281 314 352 364 378 392 395 409 491 520 553 557 561 650 681 694 695 700 706 710 716 775 802 812 816 841 879 926 935 984 989 1057 1070 1083 1087 1088 1089 1104 1145 1153 1167 1199 1264 1276 1356 1357 1380 1410 1480 1497 1536 1548 1549 1553 1564 1573 1599 1622 1632 1660 1683 1722 1724 1738 1750 1773 1855 1873 1889 1939 1970 1973 2021 2033,COC1=CC=CC=C1/C/C=C/CCN2C3=C(C4=CC=CC=C4C=C3)N=C2C5=C6C/C(=C\C7=CC=C(C=C7)Cl)/C(=O)N(C6=O)CCN8CC/C(=C\C9=CC=C(C=C9)Cl)/C8=OC
1614,CC(C)(C)CN(C(=O)N1CC(=O)CC2(CCOCC2)C1)S(=O)(=O)c1cccc(F)c1,5 36 51 70 80 114 121 135 141 144 162 185 225 230 283 314 319 328 347 350 392 393 407 425 468 478 505 523 533 575 583 602 614 650 656 699 710 785 807 815 875 881 926 935 940 950 983 997 1039 1057 1060 1088 1146 1162 1279 1315 1340 1343 1380 1405 1411 1476 1487 1606 1608 1670 1672 1701 1723 1744 1745 1750 1769 1781 1824 1863 1873 1917 1928 1946 2004 2009,CC(C)(C)CN(C(=O)N1CC2=C(C1)C3(CCOCC3)C4(N2C(=O)N5C4)CC(=O)C5)S(=O)(=O)C6=CC=CC(=C6)F
1615,CCOC(=O)N=C(N=C=O)NCCC[S+](C)[O-],10 24 80 147 188 196 197 245 273 294 356 362 423 434 507 602 620 640 650 667 674 695 706 715 725 731 732 766 807 963 979 1012 1016 1057 1075 1080 1152 1238 1269 1281 1325 1395 1471 1510 1529 1545 1609 1627 1701 1722 1755 1778 1815 1858 1864 1876 1895 1911 1912 1917 1944,C(=N\C(=O)OCC)(\NCCC[S+]([O-])CCCN/C(=N\C(=O)OCC)/N=C=O)/C(=O)ON=O
1616,Cc1ccccc1-c1ccc(C(=O)N(C)CCCN2CCN(c3ccccc3)CC2)c(=O)n1C,24 27 47 67 74 80 114 141 144 224 228 314 334 352 372 383 389 407 496 504 510 564 577 650 653 687 695 704 796 803 807 881 926 930 935 955 974 984 1049 1057 1088 1145 1163 1177 1199 1221 1300 1312 1327 1380 1387 1391 1405 1480 1482 1508 1530 1541 1573 1584 1652 1687 1692 1709 1722 1750 1775 1791 1804 1825 1856 1873 1911 1917 1951 1987 1991 1999,CC1=CC=CC=C1C2=CC=C(C(=O)N2C)C(=O)N(C)CCCN3CCN(CC3)C4=CSC(N4C)(N(C)C)N(C)C(=O)[N-]C5=CC=CC=C5
1617,CC(C)(C)c1ccc(C(=NC(=O)N2CCCCC2)N2CCCCC2)c(-c2cccc(Cl)c2)c1,2 28 33 38 63 66 67 107 114 117 165 191 192 216 229 266 303 352 369 392 436 561 592 650 655 687 725 736 807 831 860 875 902 926 935 962 1028 1039 1057 1088 1160 1263 1317 1339 1347 1380 1417 1433 1443 1480 1542 1599 1627 1633 1665 1683 1750 1873 1881 1917 1991 1998 2009 2013 2042,CC(C)(C)C1=CC(=C(C=C1)C(=O)N=P(N2CCCCC2)(N3CCCCC3)/N=C(/C4=C(C=C(C=C4)C(C)(C)C)C5=CC(=CC=C5)Cl)\N6CCCCC6)C7=CC(=CC=C7)Cl
1618,CN(CCCN1CCN(c2ccccc2)CC1)C(=O)Nc1cccnc1,39 74 80 100 191 193 198 334 378 389 407 437 438 457 524 525 531 628 650 653 687 703 789 799 807 843 881 926 935 955 1043 1049 1057 1064 1088 1145 1152 1163 1199 1214 1380 1405 1427 1436 1463 1480 1482 1508 1535 1586 1597 1603 1652 1692 1750 1754 1791 1816 1825 1866 1873 1884 1900 1911 1917 1944 1948 1951,CN(CCCN1CCN(CC1)C2=CC=CC=C2)C(=O)N(C(=O)NC3=CN=CC=C3)N(C)C(=O)NC4=CN=CC=C4
1619,COc1cccc2c(=O)[nH]c3cc4c(=O)n(C)c3cc4c(Cl)cc2cc1,45 119 136 188 203 226 243 314 322 351 366 384 392 504 561 562 564 650 695 718 750 781 831 836 838 841 875 919 935 954 984 988 1018 1021 1038 1039 1041 1057 1083 1084 1088 1112 1114 1117 1142 1145 1178 1216 1308 1357 1380 1391 1410 1412 1460 1475 1501 1509 1536 1563 1573 1681 1683 1704 1710 1745 1750 1755 1854 1855 1873 1920 1986 2026 2028,CN1C2=C(C=C3C(=C2)C=C(C(=O)N3)P=C4C5=CC=CC6=C5C(=O)N(C4=PC7=CC=C(C=C7)OC)C)N(C(=O)C1=O)C
1620,CN(C)CCN(CCN1CCCC2=C1c1cccc3c1CCCN23)C(=O)c1cccc(F)c1,23 48 80 215 230 271 293 352 361 452 492 520 645 647 650 652 667 693 699 731 794 807 809 828 875 881 926 935 963 978 984 1008 1028 1039 1057 1059 1076 1088 1089 1093 1123 1138 1145 1154 1163 1198 1221 1236 1295 1326 1346 1380 1383 1387 1391 1397 1405 1408 1427 1457 1480 1487 1540 1566 1592 1613 1647 1669 1670 1737 1738 1750 1806 1873 1917 1928 1951 1984 1985,B(N1CCCC2=C1C3=C(C=CC=C3N4CCCC4=C2)B(N(C)C)N(C)CCN(C)C)(N5CCCC6=C5C=CC=C6N(C)C)N(C)C(=O)C7=CC(=CC=C7)F
1621,CN(c1nc2c(o1)=CC(Br)=CC=CC=2)S(=O)(=O)O,48 56 74 84 89 240 264 339 350 378 528 547 560 592 646 650 656 728 807 862 881 927 936 964 1033 1057 1086 1096 1121 1130 1156 1163 1249 1264 1269 1299 1320 1368 1380 1415 1418 1476 1502 1551 1593 1599 1604 1605 1607 1631 1640 1644 1707 1751 1855 1873 2021,CN(C1=NC2=CC=CC=C2P1N(C)C3=NC4=CC=CC=C5C=C(C=C(C5=N4)O3)Br)S(=O)(=O)O
1622,CCN1CCN(CC(=O)Nc2c(OC)ccc3c2C(C)(C)C=C(c2ccccc2OC)S3)CC1,34 41 44 74 80 94 190 249 275 277 294 314 352 381 385 409 499 507 565 620 644 650 675 695 710 742 744 807 841 864 865 926 935 949 971 984 1039 1057 1060 1088 1152 1173 1199 1274 1284 1312 1380 1384 1410 1428 1478 1480 1535 1536 1565 1579 1731 1750 1785 1791 1816 1835 1873 1878 1916 1917 1920 1928 1948 1956 1957 1970 2034 2044,CCN1CCN(CC1)N2C3=C(C=CC(=C3C4=CC=CC=C4OC)OC)SC5=CC(C(=CC52)C6=CC=CC=C6OC)(C)C
1623,COc1nc(Cl)[nH]nccc(OC(=O)NC(C)=O)c1O,32 74 102 105 202 245 281 316 332 378 401 485 561 569 609 650 671 678 695 699 757 807 819 841 860 888 1017 1057 1113 1114 1119 1126 1152 1191 1218 1252 1363 1380 1528 1536 1577 1596 1602 1613 1633 1671 1678 1683 1729 1750 1758 1787 1842 1855 1866 1873 1883 1912 1917 1934 1970 1975,CC(=O)NC(=O)OC1=C(C(=NC(=C1O)F)OC)[As](C2=CC=NN2)C3=CC=NN3
1624,CCN(C(=O)C#N)c1nc(C)cc(=O)[nH]1,69 80 81 102 131 294 305 314 378 410 486 571 591 650 666 674 738 783 790 803 807 875 881 932 1040 1057 1100 1114 1115 1169 1260 1304 1336 1380 1382 1384 1403 1520 1533 1558 1634 1672 1722 1728 1731 1745 1791 1855 1873 1917 1923,CCN(C1=NC(=CC(=O)N1)C)/C(=C(\C#N)/C(=O)N(CC)C2=NC=C(C=C(N2)C)C#N)/C#N
1625,CC(C)(C)C(=O)n1cc(Br)ccc1=O,0 57 114 129 145 148 217 220 270 314 355 364 392 464 491 519 527 559 574 616 650 718 728 744 777 795 807 833 909 917 925 935 964 1033 1057 1108 1132 1139 1141 1157 1268 1380 1469 1579 1620 1631 1750 1790 1794 1873 1917 1920 1937 1987 2007,CC(C)(C)C(=O)N1C=C(C=CC1=O)[Se]C(C)(C)C(=O)N2C=C(C(=C2Br)[Se]C(=O)N3C=C(C=CC3=O)Br)Br
1626,COCCCCCCCCn1c2nc(C)c1c(N(C)C)n2,13 77 80 87 92 259 350 378 404 464 486 588 695 709 771 802 804 841 881 893 918 932 935 1005 1057 1073 1103 1123 1143 1145 1163 1213 1249 1312 1314 1326 1380 1385 1432 1434 1440 1441 1519 1554 1576 1620 1629 1663 1700 1722 1806 1844 1855 1856 1911,CC1=C2C(=NC(=N1)N(C)C)N=C3N2C(=C(N3CCCCCCOC)N(C)C)N4C=C(N=C4)N(C)C
1627,COc1ccc(C(F)(F)F)cc1S(=O)(=O)Nc1nc2ccccc2c(=O)[nH]1,21 43 94 114 115 249 289 314 350 378 389 392 460 470 502 503 558 614 650 662 690 695 750 809 841 851 875 889 900 963 1008 1044 1057 1088 1097 1098 1106 1114 1121 1152 1199 1260 1270 1298 1357 1380 1417 1428 1453 1469 1476 1519 1522 1527 1536 1573 1665 1734 1745 1750 1804 1855 1873 1879 1890 1928 1953 1970 1982 1998 2026 2035,S(=O)(=O)(c1c(ccc(c1)C(F)(F)F)OC)Nc1nc2c(c(=O)[nH]1)cccc2
1628,CCOc1cccc(OCC(=O)n2-c3cc(n3)-c3ccc(C)cc3-2)c1,69 80 197 235 237 255 294 322 352 376 378 390 391 461 489 490 527 562 590 650 680 695 770 807 813 864 875 935 980 995 1009 1013 1039 1057 1088 1097 1238 1251 1288 1295 1308 1319 1380 1442 1452 1501 1544 1579 1640 1722 1750 1788 1800 1823 1855 1863 1866 1873 1887 1908 1917 1998 2004,CCOC1=CC(=CC=C1)OCC(=O)N2C3=C(C=CC(=C3)C)C4=CC2=NC(=N4)N5C6=C(C=CC(=C6)C)C7=CC(=NC=N7)OCC
1629,C=Nn1nc(SC)nc1NC(=O)C(O)CNS(=O)(=O)c1ccccc1F,1 58 80 116 157 170 227 350 378 392 394 432 498 502 507 523 549 573 606 650 699 725 743 797 807 835 935 992 1032 1034 1057 1079 1086 1088 1152 1158 1199 1237 1275 1366 1380 1439 1471 1476 1559 1576 1602 1612 1626 1699 1710 1711 1723 1744 1750 1813 1840 1855 1873 1917 1928 1956 2028,CSC1=NN(C(=N1)N=C)/C(=N/CNS(=O)(=O)C2=CC=CC=C2F)/C(CNS(=O)(=O)C3=CC=CC=C3F)O
1630,CCn1c(=O)[nH]c(=O)c2c(C)nc(Nc3ccccc3)nc21,34 80 84 92 93 132 191 228 294 314 348 358 373 378 389 438 491 494 536 703 750 758 783 799 802 850 894 935 1057 1066 1088 1114 1119 1152 1161 1185 1199 1251 1277 1380 1419 1469 1471 1490 1524 1582 1586 1617 1641 1668 1696 1716 1722 1736 1745 1750 1855 1873 1910 1934 1974 1984 1995,CCN1C2=NC(=NC(=C2C(=O)NC1=O)C)NC3=CC(=C4C(=C3)NC(=O)N(C4=O)NC5=CC=CC=C5)C
1631,Cc1c(-c2ccc3c(n2)=NC=CC=CC=3)n2c(=O)n1c2=O,2 15 114 167 177 184 254 289 306 314 371 428 461 472 548 607 608 629 650 738 771 789 790 862 882 935 951 968 980 1025 1042 1057 1083 1097 1149 1210 1249 1299 1380 1411 1417 1418 1446 1487 1629 1680 1693 1695 1702 1713 1719 1722 1749 1750 1766 1767 1834 1855 1873 1939 2018 2041,CC1=C2C=CC3=CC=C4C=CC=CC=C4C(=C3N2C(=O)N1C(N5C(=C6C=CC7=CC=CC=CC7=N6)C5=O)(N8C=CC=CC=C8)N9C=CC=CC=C9)C
1632,O=C(NCCN1CCC1)c1ccc(C=CC=Cc2ccc(Cl)cc2)[nH]1,8 25 45 60 80 103 143 197 216 324 432 486 497 512 523 561 586 623 650 667 694 713 714 776 807 816 826 835 878 926 929 935 1028 1041 1070 1075 1083 1114 1145 1152 1265 1305 1312 1380 1422 1480 1482 1566 1569 1653 1683 1745 1750 1755 1791 1873 1899 1917 1958 2029 2033,C1CN(C1)CCNC(=O)C2=CC=C(N2)/C=C/C=C/C3=CC=C(N3)C(=O)NCCN4CCC4
1633,COc1ccc(C(=O)N2CCN(C(=S)N3CCCCN4Cc5cc6c3ccc3c6c(c5C4=O)C=C3)CC2)cc1,97 110 151 164 169 188 201 257 260 314 322 385 389 403 407 427 454 460 477 496 497 547 603 609 650 680 687 695 718 729 734 780 781 786 807 831 841 875 879 926 935 942 988 993 1013 1028 1057 1121 1173 1179 1196 1215 1236 1295 1299 1311 1357 1380 1385 1387 1448 1453 1480 1504 1511 1525 1536 1589 1615 1666 1697 1743 1747 1750 1772 1873 1885 1894 1915 1917 1920 1946 1969 1984 1998 2009 2011,COC1=CC=C(C=C1)C(=O)N2CCN(CC2)N3CC4=CC5=C(C=CC6=C5C7=C(C=C6)N(CCCC7)C(=S)O)C8=C4C3=C(C=C8)C=C5
1634,CC1(C)CCCCC1C(=O)NC(=O)C(C(=O)c1ccccc1)C1CCCCC1,1 2 4 71 120 208 227 249 281 301 331 386 389 442 490 562 573 619 650 677 689 698 728 732 807 829 890 926 1019 1028 1057 1060 1084 1088 1096 1099 1110 1119 1132 1149 1152 1162 1199 1232 1274 1325 1380 1385 1437 1545 1634 1638 1750 1780 1793 1873 1917 1942 1966 1978 1985,CC1(CCCCC1C(=O)NC(=O)C(C2CCCCC2)C(C(C(C3CCCCC3)C(=O)C4=CC=CC=C4)O)C(=O)NBr)C
1635,O=C(O)c1ccc(S(=O)(=O)N2CCN(C(Oc3ccccc3)C(=O)N3CCCC3)CC2)cc1,1 38 106 108 255 268 319 322 327 348 350 366 369 374 389 456 562 585 649 650 664 695 715 724 757 800 807 926 935 962 968 992 998 1028 1039 1040 1088 1138 1199 1263 1265 1367 1380 1385 1476 1480 1553 1577 1606 1627 1665 1697 1713 1750 1873 1917 1967 1989 1998 2009,C1CCN(C1)C(=O)C(C(N2CCN(CC2)S(=O)(=O)C3=CC=C(C=C3)C(=O)O)OC4=CC=CC=C4)N5CCN(CC5)S(=O)(=O)C6=CC=CC(=C6)C(=O)O
1636,CC(C)(C)C(=O)C(F)=C1CCCN(C(=O)N2CCCC2)C1=O,33 103 114 122 155 162 270 314 357 368 369 390 392 480 579 593 631 650 772 798 799 807 846 877 879 926 935 953 1028 1057 1138 1181 1215 1253 1300 1330 1351 1380 1387 1404 1419 1423 1480 1494 1530 1549 1709 1738 1886 1917 1928 1940 1998 2009 2038 2044,CC(C)(C)C(=O)/C(=C\1/C(=O)N(N(C1=O)C(=O)N2CCCC2)C(=O)N3CCCC3)/C(=C\4/CCCN4C(=O)N5CCCC5)/F
1637,Cc1nnc(C2=Nc3ccc(-c4cccc(Cl)c4)cc3Oc3ccccc32)[nH]1,58 63 81 160 165 216 313 352 378 427 440 457 530 561 592 656 685 695 699 724 736 762 785 838 875 896 925 927 981 984 1029 1039 1057 1088 1114 1133 1160 1164 1171 1199 1218 1292 1331 1364 1375 1380 1443 1466 1480 1481 1524 1551 1587 1609 1683 1717 1722 1745 1750 1783 1795 1810 1873 1888 1905 1928,C\1(=N\c2c(Oc3c(/C1=N\c1[nH]c(nn1)c1cc(ccc1)Cl)cccc3)cc(cc2)c1cc(ccc1)Cl)/OON
1638,Cn1c(C(=O)NCCCN2CCCC2)cc2cc(Br)ccc21,8 39 45 80 197 229 251 314 368 371 391 442 450 455 486 488 541 564 582 603 653 667 728 766 807 875 885 909 926 935 1011 1028 1031 1057 1099 1145 1152 1157 1202 1250 1289 1374 1380 1383 1422 1427 1480 1482 1517 1591 1631 1654 1750 1791 1798 1855 1873 1876 1895 1911 1917 1932 1936 1998 2021 2039,CN1C2=C(C=C(C=C2)Br)C=C1C(=O)NCCCN3CCN(CC3)CCNC(=O)C4=CC5=CC(=CC(=C5N4C)S)Br
1639,COc1ccc(N2CCCNC2=O)cc1,30 118 215 233 243 283 305 314 322 494 650 695 718 768 781 799 831 841 926 935 994 1028 1057 1084 1114 1150 1197 1275 1302 1314 1351 1380 1398 1428 1457 1462 1480 1490 1536 1546 1672 1750 1764 1825 1845 1866 1873 1921 2031,COC1=CC=C(C=C1)N2CCCNC2=O
1640,CCOC(=O)c1ccccc1C(=O)OC1CCCCC1,2 12 23 80 119 145 147 254 294 334 498 506 650 686 695 703 712 759 807 823 834 862 890 926 1019 1028 1057 1071 1088 1126 1147 1158 1199 1238 1325 1380 1410 1444 1447 1673 1722 1750 1810 1828 1833 1873 1917 1958 1981 1991,CCOC(=O)C1=CC=CC=C1/C(=C/2\CCC(CC2)OC3CCCCC3)/C4=CC=CC=C4C(=O)OCC
1641,CCCCCCCCC(OC(=O)c1ccc(C(=O)O)cc1)C(CCC)C(=O)[O-],1 69 80 106 145 239 294 310 328 389 456 457 469 586 591 606 628 645 650 681 691 695 715 719 739 741 794 807 848 976 984 1057 1138 1143 1176 1225 1226 1257 1283 1347 1380 1385 1423 1444 1462 1531 1697 1750 1751 1775 1824 1845 1868 1873 1900 1902 1911 1917,CCCCCCCCCCCCCCCCCCCCCCCCCCCCCCCCCCCCCC(C(CCC)C(=O)[O-])OC(=O)C1=CC=C(C=C1)C(=[NH2+])C(=O)O
1642,c1ccc(CNc2nccc(Sc3ccccc3)n2)cc1,26 27 80 255 323 337 378 389 523 552 575 638 782 787 798 811 816 890 1008 1066 1086 1088 1152 1199 1210 1306 1380 1389 1410 1416 1452 1582 1750 1754 1761 1796 1802 1819 1855 1866 1873 1949 2004,C1=CC=C(C=C1)CNC2=NC=CC(=N2)SC3=NC4=C(C(=NC4=N3)SC5=CC=CC=C5)[Hg]CC6=CC=CC=C6
1643,CC(=O)NCCCNC(=O)c1ccc(Cl)cc1,8 80 137 176 197 216 245 265 335 384 486 497 561 650 667 731 763 807 816 987 996 1017 1020 1057 1070 1083 1088 1099 1123 1152 1176 1244 1319 1380 1385 1427 1434 1478 1485 1487 1493 1549 1565 1576 1662 1665 1683 1697 1750 1833 1873 1876 1895 1911 1917 2005,CC(=O)NCCCNC(=O)C1=CC=C(C=C1)C(=O)NCCNC(=O)C2=CC=C(C=C2)Cl
1644,CC1CCOCC1OC(=CC=C1Nc2ccc1c1ccccc21)c1cccc2ccccc12,26 65 74 95 109 188 319 325 352 372 378 394 422 440 442 523 594 656 680 694 695 702 709 716 753 757 798 801 807 890 926 950 992 1009 1019 1038 1039 1044 1057 1060 1087 1088 1104 1114 1126 1133 1167 1199 1259 1309 1319 1325 1336 1357 1380 1447 1573 1620 1680 1726 1750 1773 1786 1821 1855 1859 1873 1899 1914 1923 1952 1982 1991 2035,CC1CCOCC1O/C=C/2\C3=CC=C(C4=CC=CC=C43)C5=CC=C6C(=C5[N-]C7=NC(=CC=C7)N6)[N-]2
1645,O=C1c2ccccc2-n2nnc3c4ccc(Oc5ccccc5)cc4cc(c32)CN2CCN1CC2,28 29 90 153 193 210 258 304 314 321 322 352 378 389 407 550 562 650 653 695 718 774 781 835 847 855 875 879 926 935 950 984 986 1030 1051 1084 1088 1164 1199 1236 1252 1256 1264 1280 1295 1324 1351 1357 1359 1370 1380 1385 1415 1419 1440 1480 1508 1560 1563 1568 1573 1574 1617 1647 1724 1733 1762 1778 1783 1784 1837 1852 1855 1873 1946 1967 1984 1991 2024,C1CN2C3=CC=CC=C3C(=O)N2CCN1C4=NC(=NC5=C4C=CC6=C5C=C7CN(CC8=CC(=NN68)OC9=CC=CC=C9)C7=O)OC1=CC=CC=C1
1646,O=C(C=CN=C([O-])SCC(=O)Nc1ccccc1Oc1ccc([N+](=O)[O-])cc1)Nc1cccc([N+](=O)c2ccccc2)c1,31 41 46 80 116 137 184 191 193 227 240 322 389 420 537 566 650 676 694 695 703 715 718 724 725 753 769 807 830 838 875 889 994 1015 1028 1039 1073 1074 1088 1152 1168 1181 1195 1199 1224 1226 1274 1380 1385 1410 1426 1428 1455 1460 1476 1486 1503 1610 1617 1638 1696 1741 1750 1756 1809 1814 1816 1872 1873 1911 1948 1959 1963 1970 2009 2028,C1=CC=C(C=C1)/C(=C/N=C(NC2=CC(=CC=C2)[N+](=O)[O-])SCC(=O)NC3=CC=CC=C3OC4=CC=C(C=C4)[N+](=O)[O-])/[O-]
1647,Oc1cccc(C2=NN=NC=NC=C2c2ccccc2-c2ccccc2)c1,18 65 99 197 198 222 270 352 361 378 381 389 402 500 525 556 724 736 745 758 807 851 861 867 875 907 933 938 984 995 1000 1019 1039 1060 1088 1160 1167 1190 1199 1260 1300 1326 1330 1380 1396 1400 1430 1559 1585 1602 1750 1780 1786 1853 1873 1903 1906 2006,C1=CC=C(C=C1)C2=CC=CC=C2C3=CN=NC4=NN=C5C4=CN=NC5(C6=CC(=CC=C6)O)[N-]C7=CC(=CC=C7)O
1648,COc1ccc(-c2cc(N)nc(OC)c2C#N)cc1,62 213 222 274 322 352 358 378 401 418 498 674 695 718 780 781 790 791 831 841 875 896 990 1057 1069 1076 1136 1150 1160 1165 1168 1171 1272 1278 1380 1384 1457 1464 1536 1573 1601 1656 1750 1764 1842 1855 1873 1900,COC1=CC=C(C=C1)C2=CC(=NC(=C2C#N)OC)N
1649,CCC(C)C(=O)NCC(O)=Nc1nc(OC)cc2ccccc12,1 19 68 80 99 113 128 197 198 280 283 294 356 378 389 396 472 530 573 640 650 695 725 749 764 765 791 807 836 841 858 865 875 946 951 966 987 997 1057 1087 1088 1103 1152 1164 1199 1271 1357 1380 1395 1418 1440 1453 1477 1536 1544 1559 1570 1573 1588 1613 1618 1677 1699 1750 1760 1780 1801 1802 1855 1873 1917 1935,CCC(C)C(=O)NC/C(=N/C1=NN=C(C=C1OC)OC)/NOC2=CC3=CC=CC=C3C(=N2)N=C4C5=CC=CC=C5C=C(O4)OC
1650,CN(c1ccccc1N)c1cn2c(NC(=O)Nc3cccc(F)c3)nnc2cc1C(F)(F)F,21 56 75 114 157 178 182 184 191 223 230 262 285 378 399 419 421 464 494 539 571 597 650 699 703 766 774 807 809 810 819 821 859 875 881 910 935 1039 1057 1086 1088 1151 1152 1163 1164 1171 1199 1202 1208 1229 1348 1362 1380 1392 1394 1453 1457 1487 1663 1667 1670 1688 1706 1719 1750 1816 1873 1909 1917 1928 1930 1945 1969 1989 1990 2018 2020,CN(C1=CC=CC=C1N)NC2=NN=C3N2C=C4C(=C3)N=C(N4C5=CC(=CC=C5)F)NC(=O)NC6=CC(=CC=C6)F
1651,CC(C)N(Cc1cccnc1)C(=O)N1CCCN(CC2=C(F)C(F)=C2Cl)C1=O,1 56 80 92 108 154 199 283 314 345 358 378 437 507 541 546 556 561 645 649 650 684 699 773 807 881 926 930 935 1028 1043 1057 1066 1083 1088 1089 1107 1123 1172 1215 1231 1263 1355 1380 1387 1476 1535 1580 1586 1603 1615 1637 1650 1670 1683 1691 1734 1750 1754 1765 1788 1799 1861 1866 1873 1880 1917 1928 1994,CC(C)N(CC1=C(C(=O)C(=C(C1=O)Cl)F)Cl)C(=O)N(CC2=CN=CC=C2)C(C)C(=O)N3CCCN(C3=O)CC4=CN=CC=C4
1652,CCC(=O)c1nnc(-n2c(=O)c3ccc2cc3-c2ccccc2C(=O)O)s1,38 80 113 138 147 162 188 227 263 294 314 325 352 378 389 395 456 491 496 504 602 647 650 675 728 807 819 875 898 935 959 962 984 1016 1019 1047 1057 1062 1088 1099 1117 1164 1199 1228 1268 1357 1380 1384 1447 1484 1601 1602 1643 1693 1705 1733 1750 1795 1796 1833 1834 1873 1917 1948 1960 1991 1993 2003,CCC(=O)C1=NN=C(S1)N2C(=C3C=CC4=CC(=C(C5=CC=CC=C5C(=O)O)C(=O)O)C(=O)N4C3=O)C=C6N2C(=O)C(=C(O)O)C=C6
1653,O=C(CCCCCCCN1C(=O)CCN(C(=O)c2ccccc2)C1=O)N1CCCC1,16 58 80 92 232 246 263 314 369 389 433 526 562 588 650 714 760 798 807 893 926 935 996 999 1009 1028 1076 1088 1103 1123 1143 1145 1199 1267 1284 1330 1377 1380 1385 1387 1401 1470 1480 1504 1511 1564 1635 1661 1725 1738 1750 1794 1830 1873 1911 1917 1985 1998 2009,C1CCN(C1)C(=O)CCCCCN2/C(=C(/CCCCC(=O)N3CCCC3)\N4CCC(=O)N(C4=O)C(=O)C5=CC=CC=C5)/CCN(C2=O)C(=O)C6=CC=CC=C6
1654,CC(C)(C)C(=O)OCCCOC(=O)c1[nH]c(=O)n2c(=O)c1C2,13 70 80 114 145 147 270 314 359 361 386 392 431 504 507 578 602 613 650 686 695 758 761 806 807 853 926 935 962 964 1011 1026 1057 1114 1128 1205 1282 1342 1348 1350 1380 1496 1534 1592 1696 1708 1734 1742 1745 1821 1878 1911 1917 1946 1967 2041,CC(C)(C)C(=O)OCCCOC(=O)C1=C2CN3C(=O)C4=C(NC3=C2NC=C1)N(C(=O)N4)C(=O)OCCCOC(=O)C(C)(C)C
1655,CCCC1C2OC(=O)NC2C(O)C(C(O)C(O)C(O)C(O)C(O)CO)N1C(=O)O,1 52 54 76 80 212 221 222 227 264 282 294 298 301 314 353 389 396 398 402 412 421 438 466 478 481 482 574 617 650 656 657 686 750 794 807 829 831 832 881 885 888 935 1019 1057 1073 1075 1114 1154 1164 1224 1257 1288 1380 1401 1423 1463 1487 1520 1582 1608 1632 1682 1693 1805 1824 1831 1917 2016 2028,CCCC1NC(=O)OC2C(N(C(C2O1)C(C(C(C(CO)O)O)O)O)C(=O)O)C(C3C4C(C(N3C(=O)O)C(O)O)OC(=O)N4)O
1656,COc1cc(F)ccc1-n1c2cnc1SC(C)=C2C,59 186 223 249 252 277 335 378 387 389 414 459 494 545 675 682 695 699 765 841 872 875 935 948 955 958 1013 1057 1083 1093 1136 1187 1248 1272 1295 1345 1380 1410 1451 1452 1487 1512 1516 1535 1536 1562 1670 1692 1722 1750 1794 1873 1915 1928 1970 1993 1999 2044,CC1=C2N(C(=C1C)OC)C3=NC=C4N3C(=C(S2)C)C(=C(S4)C(=C(F)F)OC5=C(C=C(C=C5)F)OC)C
1657,COC(=O)c1cc2ccc(OC)cc2c(=O)n1CCN1CCCC1,60 80 118 144 145 184 203 245 314 322 389 421 488 504 541 619 641 647 650 660 695 706 718 781 802 807 832 835 836 841 875 906 934 935 1028 1057 1129 1145 1152 1181 1225 1274 1332 1357 1373 1380 1412 1422 1441 1466 1480 1482 1516 1536 1599 1696 1697 1750 1791 1839 1843 1855 1873 1874 1917 1939 1954 1966 1972 1998,COC1=CC2=C(C=C1)C=C(N(C2=O)CCN3CCCC3)C(=O)[N+]4(C=C(N(C4=O)CCN5CCCC5)C(=O)OC)C(=O)O
1658,Cc1cc2[nH]c(N)nc2n1C,13 119 134 135 309 334 374 378 521 564 582 596 615 638 659 697 730 837 871 875 883 935 956 1003 1057 1114 1145 1168 1171 1217 1321 1369 1371 1374 1380 1457 1548 1696 1722 1745 1835 1855 1873 1894 1926 1999,CC1=CC2=C(N1C)N=C(N2)N
1659,CCOc1ccc(C(=O)OC(CO)C2C(C3C=C4C(=O)N(C(C)C)C(=O)N3C4=O)C2(C)C)cc1C(=O)OC,1 18 25 45 50 69 80 89 92 94 139 145 152 157 222 237 282 283 294 314 355 391 424 469 482 494 499 500 515 549 650 651 695 706 745 761 782 807 841 875 879 906 918 926 929 935 936 955 1009 1019 1057 1060 1072 1152 1167 1194 1238 1274 1288 1296 1330 1332 1339 1358 1380 1385 1406 1418 1438 1452 1507 1612 1674 1694 1697 1738 1750 1811 1845 1846 1873 1907 1917 1922 1970 1991 1997 1998,CCOC1=C(C=C(C=C1)C(=O)OC(CO)C2C=C3C(=O)N(C(=O)N3C4C2(C5(C4=C(C5=O)C(=O)OC)C)C)C(C)C)C(=O)OC
1660,O=C1CN2CCN1c1ccccc1S2(=O)=O,46 109 166 203 207 233 314 458 460 469 471 612 644 650 667 771 798 811 878 906 912 921 926 935 990 1005 1088 1182 1199 1206 1243 1295 1380 1385 1402 1428 1457 1480 1632 1642 1647 1681 1705 1714 1750 1770 1771 1782 1784 1820 1829 1870 1873 1910 1920 1946 1948,[3H]C1=C2B(C3=CC=CC=C3S1(=O)=O)C(=O)CN2C4=CC=CC=C4N5CCN(C5=O)N6C(=O)CN7C6=CC=CS7(=O)=O
1661,O=C1NCc2ccccc2C=C1N(C1=NN=C(c2cccc(C(=O)O)c2)OC1)c1ccccc1,3 80 84 170 215 267 270 272 283 288 294 314 378 389 441 456 584 609 650 656 683 734 736 806 807 840 848 875 881 887 890 926 1004 1039 1088 1095 1096 1114 1122 1131 1138 1160 1199 1236 1245 1249 1306 1322 1333 1375 1380 1385 1448 1455 1473 1475 1479 1488 1512 1529 1576 1615 1657 1708 1750 1753 1866 1873 1892 1917 1919 1920 1929 1945 1985,C1C2=CC=CC=C2/C=C(/C(=O)N1)\N(C3=CC=CC=C3)C4=NN=C(O4)C5=CC(=CC=C5)N(C6=CC=CC=C6)C7=CC=CC(=C7)C(=O)O
1662,COC(=O)c1sc2cc(OC)ccc2c1C(=O)N(C)CCCOCCN1CCCCC1,2 13 22 80 145 162 256 322 334 480 493 533 546 559 570 594 621 650 653 675 691 695 718 749 781 807 841 875 881 885 905 906 926 935 1028 1057 1113 1136 1145 1152 1163 1181 1221 1325 1328 1357 1380 1422 1480 1482 1536 1583 1645 1652 1687 1733 1750 1791 1873 1911 1917 1951 1966 1972 1992 1999 2000,CN(CCCOCCN1CCCCC1)C(=O)C2=C(C3=C(S2)C=C(C=C3)OC)C(=O)N(C)CCCN4CCCCC4
1663,CC(=O)N(CC1CCCCC1)C(=O)c1cc2ccc1s2,2 29 80 128 162 245 257 340 341 347 351 484 600 650 657 675 807 828 829 834 864 875 881 885 890 906 926 928 1017 1019 1028 1138 1147 1181 1221 1325 1349 1380 1382 1461 1537 1588 1648 1750 1814 1839 1873 1874 1885 1916 1917 1991,C1CCC(CC1)CN(C(=O)C)C(=O)C2=CC3=C(C=C2C(=O)N(CC4CCCCC4)C(=O)C)SC(=C3)C(=O)N(CC5CCCCC5)C(=O)C
1664,O=C1CCCCN(C(=O)OC2CCCCC2)C(=O)CCC1,2 119 154 199 225 249 302 310 314 320 333 414 459 480 584 630 650 695 723 741 782 786 798 802 807 890 892 916 926 935 982 991 993 1019 1028 1065 1126 1147 1182 1214 1215 1325 1380 1387 1410 1480 1536 1578 1685 1737 1738 1798 1891 1917 1998 2007,C1CCC(CC1)OC(=O)N2CCCCC2[N+](C3CCCCC3)(C4=C5CCCC(=O)CCCCCCCCCC5[NH2+]C4)C(=O)N6CCCCCCC6=O
1665,COc1cccc(-c2cncn2C(=O)Nc2ccccc2)c1,65 92 122 161 170 191 218 264 298 305 322 340 378 386 389 473 532 562 634 650 695 703 715 736 781 807 841 875 917 919 932 935 969 1039 1057 1065 1077 1088 1152 1160 1199 1201 1361 1380 1399 1400 1474 1502 1535 1536 1550 1598 1603 1620 1632 1646 1692 1711 1750 1777 1816 1873 1917 1945 1961 1972,[B](NC1=CC=CC=C1)N2C(=CN=C2)C3=CC(=CC=C3)O[B]N4C=NN(N4C(=O)NC5=CC=CC=C5)C(=O)OC
1666,Oc1ccc(Cc2nnnc3ccccc23)cc1Br,5 49 80 154 186 207 272 289 310 378 417 419 449 589 613 728 762 807 833 875 944 989 991 1039 1065 1088 1097 1109 1156 1164 1172 1182 1191 1199 1281 1299 1357 1380 1430 1475 1480 1529 1573 1602 1607 1631 1676 1717 1746 1750 1754 1759 1823 1873 1897 1916 1934,C1=CC=C2C(=C1)C(=NN=N2)CC3=CC(=C(C=C3)O)S4(C5=CC=CC(=C54)Br)C6=CC=CC7=C6C=CC=C7Br
1667,CC(=O)NC(=NC1CCc2ccccc2C1)NC(C)=O,37 136 219 231 242 245 298 316 385 573 628 650 658 713 725 807 895 926 1017 1019 1057 1088 1105 1119 1134 1152 1160 1199 1236 1266 1282 1325 1328 1380 1429 1478 1558 1563 1641 1708 1720 1738 1750 1873 1884 1917 1972 1980,CC(=O)NC(=NC1CCC2=CC=CC=C2C1)NC(=NC3CCC4=CC=CC=C4C3)NC(=O)C
1668,O=C(CCOc1ccc(C(=O)Nc2ccccc2)cn1)Nc1cccc(Cl)c1,13 31 41 80 139 165 170 184 191 216 221 268 311 378 389 426 486 496 555 561 592 650 676 695 703 800 807 875 901 1002 1014 1039 1077 1088 1128 1152 1199 1354 1380 1381 1382 1385 1430 1432 1452 1518 1535 1552 1564 1570 1683 1697 1712 1730 1750 1768 1795 1816 1873 1917 1938 1978 1997,C1=CC=C(C=C1)NC(=O)C2=CN=C(C=C2)OCCC(=O)CC(=O)NC3=CN=C(C=C3)OCCC(=O)NC4=CC(=CC=C4)Cl
1669,COc1cc(N2CCN(c3ccccc3)C2=O)ccc1F,8 34 51 92 123 173 188 216 233 249 270 274 314 338 389 647 650 695 699 710 789 811 841 846 875 878 925 926 935 952 1049 1057 1088 1108 1199 1209 1338 1362 1363 1380 1457 1480 1536 1543 1701 1750 1782 1825 1840 1845 1873 1928 1970,COC1=C(C=CC(=C1)N2CCN(C2=O)N3CCN(C3=O)PN4CCN(C4=O)C5=CC=CC=C5)F
1670,Brc1cccc(-c2c3c4[nH]c2c(-c2cccc(Br)c2)c4N3)c1,62 102 168 226 250 297 313 322 485 612 616 632 661 728 736 741 764 766 872 875 909 953 969 978 1039 1060 1088 1094 1110 1114 1126 1160 1170 1186 1201 1290 1342 1360 1380 1443 1453 1513 1530 1611 1631 1667 1696 1700 1732 1745 1747 1750 1752 1858 1873 1986 2021,C1=CC(=CC(=C1)Br)C2=C3C(=C4C(=C2C5=CC(=CC=C5)Br)NC(=C(C6=CC=C(N6)Br)C7=CC(=CC=C7)Br)N4)NC(=C3)Br
1671,CCCCCCC(=O)OCCCCC1=CC=CC1=O,8 13 31 49 103 107 147 201 215 294 314 345 401 547 591 647 650 673 677 695 747 794 807 810 862 1034 1057 1143 1184 1205 1229 1243 1249 1267 1353 1368 1380 1386 1399 1430 1435 1444 1475 1540 1564 1600 1734 1782 1873 1911 1917 1962 1984 2005,CCCCCCCCCCCCCCCCCC1=C(C(=O)C=CC1=O)CCCCCCCCCCCCC(=O)OCCC2=CC=CC(=C3C=CC(=O)C=C3)C=CC2=O
1672,CCC(C=Cc1cccc(F)c1)=Cc1ccc(NS(N)(=O)=O)cc1OC,29 31 80 191 198 224 230 249 293 294 312 350 395 533 605 650 694 695 699 735 744 758 780 807 835 841 843 872 875 898 941 950 955 961 987 995 997 1039 1057 1088 1097 1113 1152 1171 1189 1205 1270 1308 1335 1353 1360 1371 1380 1464 1476 1487 1536 1592 1607 1629 1670 1746 1750 1812 1835 1845 1858 1873 1887 1905 1928 1931 1970 2012 2033 2041,CC/C(=C\C1=C(C=C(C=C1)NS(=O)(=O)N)OC)/C(=C(/C=C/C2=CC(=CC=C2)F)\O)/C(=C/O)/C=C/C3=CC(=CC=C3)F
1673,O=C1NC2CN(Cc3cscc3C(=O)N3CCCC3)CN1C2,3 80 134 247 301 314 362 369 407 512 545 552 650 675 677 691 716 739 755 797 807 837 900 926 935 940 942 1019 1028 1032 1065 1075 1114 1160 1208 1349 1375 1380 1406 1479 1480 1493 1504 1574 1620 1661 1695 1716 1765 1769 1792 1795 1873 1917 1991 1998 2009 2011,C1CCN(C1)C(=O)C2=CSC=C2CN3CN4CC(NC4=O)NC3=C5N(C=C(N5)C6=CSC=C6)CC7=CSC=C7C(=O)N8CCCC8
1674,Cn1c(=O)nc2sc(-c3ccccc3O)c(-c3cc(Br)cc4ccccc34)c(=O)n2c1=O,64 162 184 198 231 314 352 376 378 389 416 442 455 468 504 515 548 564 567 598 632 650 660 675 678 689 728 771 807 836 875 909 935 984 1057 1058 1087 1088 1092 1145 1199 1239 1256 1259 1313 1316 1326 1357 1380 1489 1522 1548 1573 1574 1583 1584 1602 1607 1623 1631 1646 1673 1676 1747 1750 1766 1804 1805 1831 1855 1865 1873 1887 1917 1932,CN1/C(=C/2\C(=C3C=C(SC3=N2)Br)C4=CC=CC=C4O)/N(C(=O)N(C1=O)C5=NC(=O)N6C(=C5)SC(=C6C7=CC=CC=C7O)C8=CC=CC=C8)C
1675,CCN(C1=C(c2nc([N+](=O)[O-])nc(=O)n2C)CC2OCC(O)CC2C1=O)c1cccc(F)c1,80 127 216 230 231 248 270 276 288 294 314 357 368 378 399 455 531 542 564 590 591 601 644 650 656 673 699 715 736 750 753 802 807 820 827 838 875 881 908 926 932 935 945 955 1001 1012 1019 1039 1057 1072 1088 1096 1116 1145 1195 1257 1285 1292 1307 1328 1380 1487 1540 1577 1605 1645 1670 1722 1723 1741 1750 1780 1805 1819 1855 1873 1887 1923 1928 1954 1963 1973 2032 2040,CCN(C1=CC(=CC=C1)F)C2=C(C(=O)C3CC(COC3C2)O)C4=NC(=NC(=O)N4C)[N+](=O)[O-]
1676,O=C1N(c2cc(Br)c3cc2CCO3)CCCN1C1CCCN(CCCc2cc3ccc(Cl)cc3cc2Cl)C1,80 92 140 165 170 203 210 215 216 271 314 321 322 366 392 430 441 446 561 593 624 634 650 653 656 684 728 739 744 777 800 815 816 833 839 851 869 870 875 876 898 919 926 935 950 965 981 1019 1028 1083 1132 1140 1145 1236 1243 1295 1310 1325 1349 1380 1384 1397 1422 1434 1453 1457 1480 1527 1529 1541 1545 1576 1631 1683 1704 1706 1738 1750 1753 1771 1791 1855 1858 1873 1905 1910 1911 1933 1946 1955 1993 2025 2036,C1CC2CN(CCCN2C(=O)N(C1)C3=C(C=C4CCOC4=C3)Br)CCCC5=C(C=C6CN7C(CCCN(C7=O)C8=C(C=C9C=C(C=CC9=C8)Cl)Br)C=C6)Cl
1677,C=C(c1ccc(NC2CCCC3CCN(CC3)c3ccccc32)cc1)c1ccc(C(F)(F)F)cc1,74 114 171 191 206 231 266 335 371 383 407 613 622 652 791 798 800 807 809 829 843 861 926 927 931 935 1019 1020 1022 1027 1028 1063 1088 1125 1142 1145 1152 1190 1199 1239 1260 1292 1295 1325 1366 1376 1380 1385 1417 1446 1453 1454 1480 1503 1589 1647 1665 1679 1686 1687 1697 1750 1755 1757 1771 1791 1804 1866 1873 1928 2000,C=C(C1C2C1CC(C2)N3CCN(CC3)CF)C4=CC=C(C=C4)NC5CCCC6CCN(CC6)C7=CC=CC=C57
1678,Cc1cc(OCCCCCCCc2ccccc2)cc([N+](=O)[O-])c1,0 13 66 80 131 226 235 267 290 322 389 565 610 628 631 650 695 715 753 777 786 828 838 861 875 956 970 978 991 1034 1045 1057 1066 1088 1143 1183 1184 1188 1195 1199 1243 1249 1271 1274 1361 1380 1388 1452 1459 1581 1590 1641 1672 1687 1722 1750 1751 1752 1754 1809 1823 1833 1862 1873 1890 1911 1953,CC1=CC(=CC(=C1)OCCCCCCCCCCCCC2=CC=CC=C2)[Sn](C3=CC=CC=C3)(C4=CC=CC=C4)C5=CC(=CC(=C5)[N+](=O)[O-])O[Sn](CC6=CC=CC=C6)(CC7=CC=CC7)[O-]
1679,COc1ccc2oc(C(=O)NCCN3CCCNC(=O)N(C)C3)cc2c1,8 79 80 83 157 197 236 304 305 314 322 336 481 486 489 500 517 586 615 650 656 667 695 714 718 755 781 807 816 835 841 869 875 926 929 935 1028 1030 1057 1114 1145 1150 1152 1171 1212 1226 1266 1288 1302 1380 1381 1422 1479 1480 1536 1550 1572 1576 1604 1693 1701 1750 1754 1764 1776 1791 1808 1810 1855 1866 1873 1912 1917 1921 1949 1972,CN1CN(CN(C1=O)CCNC(=O)C2=CC3=C(O2)C=CC(=C3)OC)CCNC(=O)C4=CC5=C(O4)NCCC5
1680,Cn1c(-c2ncccc2Oc2cc(Cl)cc([N+](=O)[O-])c2)nc2ccccc21,24 37 45 127 143 213 216 240 264 289 322 323 357 377 378 448 460 463 561 564 571 589 650 695 703 715 753 777 838 875 935 954 958 992 1042 1043 1057 1075 1080 1088 1097 1145 1199 1239 1261 1274 1285 1361 1380 1387 1388 1395 1410 1435 1452 1456 1484 1505 1592 1617 1683 1692 1722 1747 1750 1809 1855 1866 1873 1905 1927 1946 1963 1970 2042,CN1C2=CC=CC=C2N=C1C3=C(C=CC=N3)OC4=CC(=CC(=C4)[N+](=O)[O-])O[N+]5=C6C=CC=CC6=C7C=CC=CC7=N5
1681,N#Cc1ccc2nc3[nH]c(=O)[nH]c3ccccccn3c(nc1-2)N(CC(=O)NCc1ccc(O)cc1)CC3,3 41 43 80 83 118 119 176 194 197 224 255 276 282 295 310 314 323 333 361 378 384 389 594 604 622 638 643 650 674 729 745 768 790 796 807 808 828 911 917 926 935 957 980 998 1025 1063 1088 1089 1101 1114 1136 1152 1174 1199 1233 1312 1313 1351 1365 1380 1384 1480 1486 1552 1573 1580 1602 1633 1646 1685 1733 1745 1750 1754 1778 1783 1785 1855 1862 1873 1917 1998 2004 2033,C1CN(C(=O)C2=C(N1)N=C(C=C2)C3=C(C=CC(=N3)C4=C(C=CC(=N4)C5=C6C=CC=CN6C=C5)C#N)C#N)CC(=O)NCC7=CC=C(C=C7)O
1682,COC(=O)C(=CC=C1C=CC(COc2ccc(CCC=Cc3ccccc3)cc2)=CC1=O)C(=O)OC,16 80 84 102 103 152 154 168 181 249 282 293 310 314 322 401 419 462 535 547 648 650 654 694 695 709 718 745 747 772 801 807 825 833 835 841 878 890 1020 1045 1046 1057 1088 1089 1152 1155 1199 1236 1243 1257 1300 1319 1353 1356 1379 1380 1396 1409 1445 1452 1480 1482 1583 1594 1605 1609 1624 1629 1750 1754 1786 1799 1824 1873 1896 1917 1934 1991 2005 2033,COC(=O)C(=C/C=C/1\C=CC(=CC1=O)COC2=CC=C(C=C2)CC/C=C/C3=CC=CC=C3)C(=C4C=CC(=C/C=C/5\C=CC(=O)C(=C5)C(=O)OC)C=C4)C(=O)OC
1683,COc1ccc(C(=O)c2cc(NC(C)=O)ccc2N2CCCC2=O)cc1,3 9 91 111 184 191 215 245 253 314 322 390 462 498 530 561 605 649 650 695 718 781 798 807 831 841 843 849 875 926 935 1017 1028 1047 1057 1138 1146 1152 1165 1182 1295 1327 1380 1385 1430 1457 1480 1533 1536 1546 1569 1580 1593 1606 1697 1729 1738 1750 1756 1768 1774 1775 1782 1816 1873 1915 1917 1933 1991,CC(=O)NC1=CC(=C(C=C1)N2CCCC2=O)C(=O)C3=C(/C(=C(\C4=CC(=C(C=C4)NC(=O)C)N5CCCC5=O)/OC(=O)OC)/C=C3)Cl
1684,CC(C)(C)OC(=O)C(=Cc1ccccc1Cl)c1ccc(Cl)cc1,106 114 124 194 216 229 231 286 290 333 337 359 366 376 392 412 441 462 463 553 561 583 642 650 655 659 674 684 694 695 795 816 961 974 1057 1070 1085 1088 1163 1181 1195 1199 1315 1379 1380 1385 1437 1574 1609 1683 1697 1746 1750 1811 1859 1873 1917 1949 1968 1995 1998 2009 2045,CC(C)(C)OC(=O)/C(=C/C1=CC=CC=C1Cl)/C2=CC=C(C=C2)/C(=C/C3=C(C(=CC=C3)Cl)OC#CC(C)(C)S)/C(=O)OC(C)(C)C
1685,COc1ccc(OC)c(C(=O)c2ccc(C(=O)N3CC(=O)N=C(C)C3)c3ccccc23)c1,9 67 94 98 107 189 235 249 263 283 284 291 299 314 322 329 362 378 422 449 451 484 533 578 589 650 660 695 710 718 781 807 841 875 926 927 935 949 979 994 1057 1088 1176 1192 1199 1337 1357 1380 1422 1504 1536 1555 1562 1573 1594 1652 1722 1750 1779 1825 1873 1911 1916 1917 1946 1970 1972 1977 1991 2009 2020,CC1=NC(=NC(=O)C1)C2=C(CN(C2)C(=O)C3=CC=C(C4=CC=CC=C43)C(=O)C5=C(C=CC(=C5)OC)OC)[S+](OC)OC
1686,O=C(Nc1nnc2ccccc2c1COc1cccc(C(F)(F)F)c1)N1CCOCC1,11 80 114 120 218 289 322 378 523 562 569 589 650 654 656 695 708 744 745 769 779 807 809 865 875 892 926 935 939 950 951 1027 1039 1059 1082 1088 1097 1098 1152 1164 1183 1196 1199 1243 1260 1357 1380 1381 1405 1417 1441 1452 1453 1460 1468 1480 1501 1522 1524 1573 1602 1618 1621 1667 1750 1775 1816 1823 1871 1873 1908 1917 1928 1984 2009 2017 2034 2045,C1COCCN1C(=O)NC2=C(C3=C(N=NC4=CC=CC=C43)ON2)CCC(CN5CCOCC5)(C6=CC=CC(=C6)C(F)(F)F)O
1687,O=C1C2=CC3=C2C(=O)N(C2CC2)C(=O)C2(CCCCC2)CCN1C3=O,2 48 84 93 147 252 255 261 314 338 345 367 376 424 550 637 650 781 803 879 914 926 935 960 961 989 1019 1028 1060 1075 1096 1122 1152 1159 1162 1167 1325 1347 1380 1447 1457 1480 1485 1503 1594 1610 1638 1721 1749 1873 1897 1910 1922 1935 1972 1989 1993,C1CCC2(CC1)CCN(C2=O)C3=C/C(=C/4\C=C5C6(CCCCC6)CCN5C7=C4C(=O)N(C7=O)C8CC8)/C=C3
1688,COc1ccc(Cl)cc1-c1nc(-c2ccccc2)c[nH]1,94 165 179 198 216 229 249 281 352 378 389 541 561 564 581 630 695 710 717 728 736 806 816 841 843 875 898 931 959 980 985 999 1008 1057 1088 1114 1160 1174 1199 1215 1218 1380 1423 1462 1487 1517 1536 1609 1654 1683 1750 1811 1853 1855 1873 1879 1957 1970 1971 1986 2011 2038,COC1=C(C=C(C=C1)Cl)C2=NC(=CN2)C3=NC(=CN3)/C(=C\4/N=C(C=N4)C5=CC=CC=C5)/O[Si]S
1689,COc1ccc(C(C)=C(C#N)C(=O)N(CC(=O)O)c2ccc(OC)cc2)cc1,80 119 143 162 183 322 389 521 605 650 674 695 718 741 781 783 790 800 803 807 810 831 841 859 868 881 960 1011 1017 1031 1057 1096 1190 1282 1380 1384 1385 1517 1536 1608 1634 1659 1697 1728 1736 1737 1750 1831 1835 1873 1885 1917 1921 1986,C/C(=C(/C(=C(/C)\C1=CC=C(C=C1)OC)/C(=O)N(CC(=O)O)C2=CC=C(C=C2)OC)\C(=O)N(CC(=O)O)C3=CC=C(C=C3)OC)/C#N
1690,CCCCC(=CC=C(C)C(=O)N1CCNC(=O)C1)[N+](=O)[O-],80 160 187 210 223 278 305 314 422 591 620 650 694 715 716 728 753 766 777 782 794 807 838 846 866 926 935 951 1017 1038 1057 1079 1110 1114 1265 1319 1380 1390 1436 1480 1564 1575 1641 1654 1681 1748 1782 1866 1911 1912 1917 1946 1963 1986 2009,CCCC/C(=C\C=C(/C)\C(=O)N1CCNC(=O)C1)/C(=C/C=C(\C)/C(=O)N2CCNC(=O)C2)/[N+](=O)[O-]
1691,NS(=O)(=O)C1=CC=C([N+](=O)[O-])C(N2CCCC2)C1,74 100 134 231 261 350 362 458 545 558 566 650 705 715 753 768 772 783 818 833 838 842 926 935 963 1019 1028 1171 1195 1205 1218 1240 1249 1256 1312 1330 1334 1346 1354 1380 1399 1476 1480 1524 1607 1615 1654 1684 1739 1755 1768 1854 1873 1963 1965 1985 1998,C1CCN(C1)C2CC(=CC=C2[N+](=O)[O-])[S+](C3CC(=CC=C3[N+](=O)[O-])[N+](=O)[O-])C4=CC=C(C(C4)N5CCCC5)[N+](=O)[O-]
1692,CC(C)NC(=O)n1cc2c3csc(N4CCCCC4)nc3ccc21,1 2 9 41 45 88 117 130 181 218 242 277 283 330 389 390 407 409 464 496 552 614 634 647 650 658 675 680 768 777 807 917 926 935 961 996 1028 1051 1057 1077 1082 1097 1152 1174 1282 1329 1357 1371 1380 1404 1480 1552 1567 1601 1622 1628 1649 1694 1750 1757 1818 1845 1855 1873 1917 1924 1973 1976 1983 1998 2011 2021,[B](C(=O)NC(C)C)N1C=C(C2=C1C=CC(=C2)C(=O)C3=CSC(=N3)N4CCCCC4)N5C=C(C(=N5)N6CCCCC6)N7CCCCC7
1693,CCOC(=O)COC(=O)c1c2sc3c-2cc(OCCSc2cccc(-c4ccccc4)c2)cc13,13 27 44 51 54 60 80 94 116 131 143 145 147 162 165 275 294 322 341 342 352 364 366 385 389 430 487 525 537 586 628 631 650 675 678 693 695 728 736 739 785 807 811 875 928 1034 1039 1057 1075 1088 1160 1182 1185 1199 1202 1238 1326 1357 1380 1386 1421 1452 1468 1680 1686 1722 1749 1750 1873 1917 1920 1927 1948 1964 1991 1996 1997 2004 2033,[B]C(=O)C1=CC(=CC2=C1SC3=C2C=C(C=C3C(=O)OCC(=O)OCC)OCCSC4=CC=CC(=C4)C5=CC=CC=C5)C6=CC=CC=C6
1694,CCCOC(=O)c1ccc2cccc(N=C3SCC(CCCOc4ccc(OC)cc4)C(=O)N3C)c2c1,5 13 18 51 80 102 145 147 157 167 181 182 203 239 265 276 294 314 322 345 349 355 432 449 450 459 465 469 542 637 650 675 695 718 725 781 794 807 831 832 841 870 875 926 935 949 987 1019 1034 1039 1057 1087 1088 1104 1128 1145 1193 1357 1359 1378 1380 1385 1397 1418 1452 1522 1536 1588 1592 1611 1636 1697 1750 1828 1855 1869 1870 1873 1880 1911 1917,CCCOC(=O)C1=CC2=C(C=CC=C2N=C3N(C(=O)C(CS3)CCCOC4=CC=C(C=C4)OC)C)C=C1
1695,CC(=O)C(C)C1CCC(C)C1=O,1 158 159 160 196 217 267 283 284 290 314 375 403 409 482 611 644 650 702 807 893 926 1011 1017 1019 1057 1205 1309 1325 1327 1334 1380 1450 1480 1491 1504 1718 1783 1835 1854 1888 1917 1923 1975,CC1CCC(C(=O)C(C1=O)C)C(C)C(=O)C2C(=O)C(C(=O)C(C2=O)C(C)C(=O)C)C(=O)C(C)C(=O)C
1696,C#Cc1c(C(=O)N2CC(=C)C(=O)N(Cc3ccccc3)C(=O)C2)ccnc1NC(=O)C1CCOCC1,30 35 44 46 80 152 157 170 184 189 195 202 213 314 362 378 389 419 475 523 559 588 650 656 674 689 708 716 732 785 787 795 797 807 858 875 879 882 898 915 926 935 936 949 950 951 974 1019 1023 1032 1066 1088 1100 1147 1152 1199 1202 1216 1275 1278 1285 1325 1366 1378 1380 1405 1452 1504 1629 1683 1691 1742 1745 1750 1754 1765 1779 1816 1835 1843 1866 1873 1917 1946 1976 1991 2009,C=C1CN(CC1=C)C(=O)C2=C(C(=NC=C2)NC(=O)C3CCOCC3)C#CC4=CC=CC=C4C(=O)N5CC(=C)C(=O)N(C(=C)C5)CC6=CC=CC=C6
1697,Cc1nn(Cc2cccn2-c2c(C(F)(F)c3ccccc3)cccc2S(N)(=O)=O)c2cc(Br)ccc12,45 49 64 80 92 95 102 114 146 158 166 208 299 350 378 389 392 417 419 447 519 549 564 638 650 691 702 710 716 727 728 737 742 752 765 766 779 797 833 850 875 876 909 915 935 992 1020 1039 1057 1073 1088 1101 1157 1171 1199 1302 1357 1367 1375 1380 1417 1421 1426 1450 1453 1457 1465 1470 1476 1501 1577 1607 1631 1633 1642 1686 1722 1729 1733 1737 1750 1765 1841 1873 1920 1928 1932 1956 2017 2018,CC1=NN(C2=C1C=CC(=C2)Br)CC3=CC=CN3C4=C(C=CC=C4S(=O)(=O)N)C(C5=C(C(=CC=C5)S(=O)(=O)N)N6C7=C(C=CC(=C7)Br)C(=N6)N)(F)F
1698,CCOCCCCN1CCCN(C(=O)C2=CC(Cl)=C2)C1=O,13 16 80 84 92 135 283 294 314 358 365 371 400 428 561 590 596 608 650 695 741 807 868 892 893 915 926 935 951 1028 1031 1057 1083 1089 1123 1145 1147 1187 1215 1238 1249 1262 1325 1380 1387 1480 1489 1504 1517 1536 1647 1683 1873 1911 1917 1936 1985 1992 1994,CCOCCCCN1CCCN(C1=O)C(=O)C2=CC(=C3C=C(C=C(N3C2)Cl)Cl)Cl
1699,CN(C)C1=Nc2nc(nc3ccccc23)N1CCc1ccccc1,60 80 240 289 335 343 373 378 389 439 510 538 559 576 588 658 774 776 806 812 838 849 881 908 927 935 939 954 1004 1045 1052 1057 1066 1079 1088 1097 1144 1145 1156 1163 1199 1243 1256 1288 1302 1351 1354 1357 1380 1407 1573 1618 1643 1700 1750 1754 1758 1798 1807 1855 1866 1873 1879,CN(C)C1=NC2=NC3=CC=CC=C3C(=C2N1CCC4=CC=CC=C4)C5=NC(=NC(=N5)N(C)C)N6C=NN=N6
1700,CN(C=CC=Cc1ccccc1)c1ccccc1,116 236 261 288 330 389 410 432 478 517 611 694 758 762 821 835 842 848 878 881 904 983 1003 1057 1088 1096 1163 1199 1216 1311 1312 1353 1380 1382 1488 1627 1734 1750 1873 1906 1954 2029 2033,CN(/C=C/C=C/C1=CC=CC=C1)N(C2=CC=CC=C2)SN(C3=CC=CC=C3)/C=C/N(C4=CC=CC=C4)SN(C)C5=CC=CC=C5
1701,Cc1nc(Nc2nccs2)nc(-c2ccccc2Cl)c1C,14 87 92 252 299 307 323 350 352 357 366 378 385 386 470 488 491 501 541 554 561 624 675 703 894 906 931 970 974 984 1057 1088 1124 1138 1149 1152 1197 1199 1217 1332 1345 1356 1380 1428 1452 1567 1582 1608 1683 1722 1728 1739 1750 1797 1830 1855 1866 1873 1892 1910 1929,CC1=C(N=C(N=C1C2=CC=CC=C2Cl)NC3=NC(=C(S3)Cl)C)C4=C(N=C(N=C4C5=C(SC=C5)Cl)NC6=NC=CS6)C
1702,O=C1CCCCN1CCCCC(=O)N1CCCCS(=O)(=O)c2ccc3ncc(c-3cc2)C1=O,54 80 113 150 155 171 191 207 266 310 314 352 369 378 442 469 491 495 526 650 653 680 729 743 798 807 879 893 926 935 951 980 1009 1011 1025 1028 1047 1078 1089 1090 1123 1128 1136 1145 1182 1215 1227 1240 1267 1311 1328 1343 1380 1387 1434 1452 1459 1480 1534 1535 1549 1564 1631 1638 1687 1725 1738 1750 1768 1782 1803 1873 1884 1911 1917 1969 1998 2012,C1CCN(C(=O)C1)CCCCC(=O)N2CCCCS(=O)(=O)C3=C(C2=O)C=CC(=N3)C4=NC=C5C(=C6CCCC6)S(=O)(=O)CC=CCS5(=O)=O
1703,Cc1ccc(C(=O)N2CCCCCC(=O)CCN(CC(C)C)CC2)cc1,1 2 74 78 80 118 122 225 235 249 283 310 314 369 497 618 647 650 723 784 795 799 807 926 935 942 1028 1052 1057 1077 1286 1331 1380 1385 1480 1489 1504 1511 1526 1539 1589 1639 1697 1722 1724 1738 1750 1791 1823 1847 1853 1873 1917 1920 1922 1969 1998 2009,CC1=CC=C(C=C1)C(=O)N2CCCCC2
1704,CC(C)Oc1nc2c(n1C)CCn1c(-c3ccccc3)nnc1-2,1 205 283 298 323 358 378 389 488 490 523 552 555 564 664 695 736 755 760 808 871 900 926 935 984 1057 1088 1144 1145 1160 1164 1199 1206 1298 1319 1326 1380 1409 1422 1460 1480 1496 1508 1509 1638 1706 1711 1722 1738 1750 1755 1779 1784 1842 1855 1873 1925 1978,CC(C)OC1=NC2=C(N1C)CCN3C2=NC4=C3N=C(N(C4=NN5C(=NN=C5C6=CC=CC=C6)C7=CC=CC=C7)C)OC(C)C
1705,COc1ccc2c(c#cc(=O)n2C2COP(=O)(Oc3ccccc3N3CCCCC3)OC2)c1,2 26 43 45 227 231 251 276 314 321 322 407 430 450 456 477 576 646 650 656 680 695 718 724 761 781 797 810 828 841 875 926 935 986 1019 1022 1028 1057 1088 1094 1144 1157 1176 1199 1222 1251 1268 1283 1295 1320 1372 1378 1380 1381 1410 1480 1484 1506 1536 1647 1654 1712 1733 1750 1764 1804 1824 1862 1873 1900 1901 1904 1910 1923 1931 1940 1954 1970 1972 1998 2021,COC1=CC2=C(C=C1)N3C(COP(=O)(C3=O)OC4=CC=CC=C4N5CCCCC5)COP(=O)(O2)OC6=CC=CC=C6N7CCCCC7
1706,Fc1ccc(-c2cc(C(F)(F)F)ccc2-c2nncn2CCCCCOC(F)(F)F)cc1,13 76 80 90 114 217 221 222 243 281 321 352 358 378 380 448 506 542 680 695 699 767 805 809 875 893 896 932 935 966 972 1016 1081 1118 1129 1143 1145 1160 1164 1233 1249 1260 1272 1380 1409 1410 1417 1453 1455 1497 1522 1665 1670 1722 1750 1751 1800 1873 1911 1928 1966 1975 2042,C1=CC(=CC=C1C2=C(C=CC(=C2)C(F)(F)F)C3=NN=CN3CCCCCOC(C4=CC(=CC(=C4)F)C(F)(F)F)(F)F)F
1707,O=S(=O)(c1ncc[nH]1)c1cccc2ccccc12,175 343 350 378 392 436 457 512 650 693 695 787 806 844 876 957 958 992 1039 1087 1088 1104 1114 1124 1199 1216 1357 1372 1380 1426 1437 1452 1476 1506 1551 1571 1573 1660 1731 1750 1774 1855 1866 1873 1883 1951 1996 2036,[B]OC1=NC=CN1S(=O)(=O)C2=CC=CC3=CC=CC=C32
1708,CCC1=Nc2nc(nc(-n3cccn3)n2)N1CC(=O)N1CCCCC1,2 37 43 60 75 77 80 83 90 96 125 159 287 294 330 369 378 506 540 580 588 619 650 760 807 814 899 926 927 935 945 949 953 1009 1028 1057 1070 1088 1101 1174 1218 1256 1264 1312 1313 1378 1380 1455 1480 1563 1656 1676 1762 1780 1799 1818 1836 1855 1857 1866 1873 1900 1917 1982 1998 2009,CCC1=C2C=CC=C(N2CC(=O)N3CCCCC3)N=C4C(=C5C=CC=NN5CC(=O)N6CCCCC6)N=C(N1CC(=O)N7CCCCC7)N8C=CC=N8
1709,N#CCNc1ccc2ccccc2n1,80 203 289 319 378 394 432 482 616 657 674 718 749 778 790 967 1057 1087 1088 1089 1097 1099 1152 1199 1260 1294 1376 1380 1384 1416 1470 1472 1558 1574 1578 1701 1750 1751 1798 1855 1865 1868 1873 1900 1951 2026,C1=CC=C2C(=C1)C=CC(=N2)[N-]C3=NN=C(C=C3)NCC#N
1710,COc1ccc(NC(=O)c2cc3ccccc3[nH]2)c(OCCNC(=O)CCN2CCCC2)c1,13 26 41 69 80 119 131 143 197 318 322 393 416 448 486 490 499 503 597 605 635 637 650 667 668 695 718 724 760 781 807 808 841 862 875 894 926 935 947 969 1028 1057 1087 1088 1092 1100 1114 1145 1152 1164 1199 1224 1380 1422 1426 1452 1458 1480 1482 1518 1536 1564 1589 1665 1708 1745 1750 1783 1790 1791 1816 1817 1855 1856 1873 1917 1970 1972 1978 1998 2020,COC1=CC(=C(C=C1)NC(=O)C2=CC3=CC=CC=C3N2)OCCNC(=O)C4=C(NN=N4)OCCNC(=O)CCN5CCCC5
1711,CCCCCCC(C(=O)OC)N1CCCCS1(=O)=O,1 54 80 119 147 185 207 281 292 294 342 468 469 540 591 598 650 667 695 726 739 794 807 841 876 899 915 926 935 1010 1028 1057 1143 1152 1252 1273 1274 1283 1416 1427 1444 1469 1480 1489 1491 1514 1533 1557 1574 1627 1638 1644 1645 1656 1667 1707 1741 1768 1775 1858 1911 1917 1953 1998 2039,CCCCCCCCCCCCCCCC(C(=O)OC)N1CCCCS1(=O)=O
1712,Nc1nc(NC(=O)N(C(=O)N2CCCC2)c2ccccc2)nc(Sc2ccccc2)c1Nc1ccccc1,26 27 32 100 116 177 191 193 241 251 276 283 288 347 369 378 381 389 451 491 552 556 595 608 650 669 690 703 746 800 807 811 881 923 926 935 1017 1028 1072 1088 1096 1152 1171 1197 1199 1238 1277 1380 1457 1459 1480 1482 1523 1524 1529 1538 1582 1692 1698 1702 1750 1801 1802 1816 1849 1855 1860 1868 1873 1905 1917 1942 1998 2009,C1CCN(C1)C(=O)N(C2=CC=CC=C2)N(C3=CC=CC=C3)C(=O)NC4=NC(=C(C(=N4)SC5=CC=CC=C5)NC6=CC=CC=C6)N
1713,Cc1c(Cl)ccc2cc(CNC(=O)N3CCCCC3)[nH]c12,2 61 80 122 197 203 218 250 252 255 366 369 393 488 548 561 574 626 629 638 650 661 666 807 875 892 903 920 926 935 990 993 1028 1057 1080 1114 1127 1152 1231 1232 1271 1380 1468 1480 1504 1530 1621 1677 1683 1722 1745 1750 1829 1835 1855 1873 1917 1991 1998 2009 2011,CC1=C(C=CC2=C1NC(=C2)CNC(=O)N3CCCCC3)Cl
1714,CCN(CC)CCCN1CCc2c(-c3ccc(Cl)cc3)c[nH]c2C1=O,38 80 83 155 166 216 222 251 272 294 307 314 352 361 509 561 620 649 650 716 791 798 806 816 879 881 892 893 896 922 926 932 935 951 955 986 1057 1070 1089 1108 1114 1145 1160 1206 1318 1376 1380 1463 1480 1555 1581 1632 1683 1721 1738 1750 1866 1873 1879 1911 1951 1981,CCN(CC)CCCN1CCC2=C(C1=O)NC=C2C3=CC=C(C=C3)C4=CNC5=C4CCN(C5=O)CCCN(CC)CC
1715,CSc1nc2nc(C#N)cn2n1CCCCC12CCN(CC1)CC2,32 78 116 160 170 182 215 222 230 330 359 378 394 399 464 554 674 718 726 747 761 779 783 790 795 822 880 893 903 926 935 1022 1028 1054 1057 1060 1123 1127 1136 1145 1162 1189 1191 1193 1202 1346 1380 1384 1392 1422 1442 1480 1508 1573 1631 1682 1723 1813 1819 1846 1855 1873 1911 1986,[B-]12(C3=CC=C(N1CCCC2)C=C3)CCCCN4C=C(N=C4SC)C#N
1716,Cn1c(NC(=O)NCc2cc(-c3ccccc3O)c3ccccc3c2)cccc1=O,67 80 197 237 255 312 314 335 352 368 408 491 564 575 581 650 678 717 734 755 807 836 875 935 984 1039 1050 1054 1055 1057 1060 1087 1088 1126 1141 1145 1152 1199 1258 1261 1293 1316 1357 1376 1380 1387 1573 1602 1607 1685 1750 1754 1774 1782 1816 1831 1855 1873 1917 1989,CN1C(=CC(=CC1=O)CNC(=O)NC2=CC=CC(=O)N2C)NC3=CC=CC(=O)N3C
1717,Cc1nc2c(C(=O)N3CCCCC3)ncnc2n1CC1CCCCC1,2 29 72 80 119 209 214 233 282 336 369 373 378 449 484 489 490 521 612 650 714 732 749 766 798 802 807 890 903 908 917 926 935 942 1019 1028 1057 1126 1191 1239 1325 1380 1441 1452 1470 1476 1480 1486 1504 1519 1583 1650 1696 1722 1724 1810 1855 1869 1873 1876 1894 1917 1998 2009,CC1=NC2=C(N=CN=C2N1CC3CCCC3)C(=O)N4CCCCC4=S(=O)(CC5CCCC5)C6=C(N=C(N6CC7CCCC7)C)C(=O)N8CCCCC8
1718,COc1ccc2c(c1)C1C3=CC=c4sc(nc4=CC=C3)C(=O)N1C2,123 162 314 322 345 378 440 459 536 547 585 628 650 672 675 684 695 706 718 719 781 786 841 862 875 879 918 921 926 935 963 999 1015 1019 1027 1057 1146 1230 1236 1249 1264 1366 1380 1382 1415 1427 1431 1499 1536 1656 1698 1734 1750 1800 1812 1850 1855 1856 1873 1934 1946 1972 1979 1980 1999,COC1=CC2C(=CC=C3C2N(C3)C(=O)C4=NC5=C(CN6C4C7=C(C6)C=CC(=C7)OC)C=CC(=C5)OC)C=C1
1719,CCN(C(=NN=Cc1cccnc1)NC#N)c1ccccc1,80 81 99 129 140 271 294 313 343 378 382 389 400 437 479 486 502 564 596 629 645 674 694 702 725 741 783 790 792 807 864 881 905 932 940 949 954 991 1029 1043 1051 1057 1074 1088 1096 1100 1152 1199 1210 1319 1353 1380 1384 1504 1516 1535 1548 1575 1586 1603 1656 1690 1728 1750 1824 1831 1866 1873 1913 1915 1919 1934 1983 2033,B(CC)(CC)C/C=C(/C(=N/N=C/C1=CN=CC=C1)/C(=N/C=C/2\[NH+](C=NC2=NO)CC)/NC#N)\N(CC)C3=CC=CC=C3
1720,CCCCn1ncnc1-c1ccc(OC)c(C(=O)N2CCN(Cc3ccc(OC)cc3F)C2=O)n1,16 43 80 92 94 99 158 196 228 246 249 259 294 295 314 322 324 349 358 375 378 405 419 489 490 541 554 566 591 594 595 602 610 650 664 695 699 718 781 794 807 841 875 926 930 935 980 1025 1057 1089 1145 1200 1231 1256 1274 1349 1361 1376 1380 1387 1412 1452 1480 1489 1504 1536 1635 1646 1722 1741 1750 1765 1819 1840 1855 1873 1882 1899 1911 1917 1928 1970 1972 2016,CCCCN1C(=NC=N1)C2=NC(=C(C=C2)OC)C(=O)N3CCN(C3=O)CC4=C(C=C(C=C4)OC)F
1721,CN(C(=O)n1nc2nc1N=N2)c1ccc(F)cc1,54 57 90 127 165 268 283 288 312 321 378 389 410 463 514 526 650 682 697 699 714 807 835 881 935 960 962 1034 1057 1096 1104 1142 1163 1245 1281 1294 1380 1393 1410 1423 1508 1518 1597 1656 1670 1706 1720 1750 1774 1838 1855 1873 1917 1921 1928 1956 1993 2023 2044,CN(C1=CC=C(C=C1)F)C(=O)N2C(=NC(=[N+]2C(=O)N(C)C3=CC=C(C=C3)F)N4C=[N+](C=N4)C(=O)N(C)C5=CC=C(C=C5)F)F
1722,CC(=O)c1ccccc1C(=O)OCCCCc1ccc2c3ccc(c2c1)C(=O)C3=O,13 34 41 70 80 96 104 139 145 147 310 314 347 352 368 484 551 589 650 656 668 680 695 713 722 807 816 823 875 901 940 978 1017 1057 1088 1184 1199 1225 1243 1249 1260 1357 1380 1402 1447 1476 1503 1539 1571 1592 1673 1733 1734 1750 1754 1779 1784 1801 1820 1873 1886 1911 1917 1950 1978 1991 2003,CC(=O)C1=CC=CC=C1C(=O)OCCCCC2=CC3=C(C=C2)C(=O)C(=O)C(=C3[S-])CCCCC4=CC5=C(C=C4)C(=O)O[CH][CH]5
1723,CC(C)(C)C(=O)C1CCC(=O)O1,1 114 159 209 314 392 451 453 523 530 650 651 656 662 733 750 807 849 909 926 970 994 1019 1055 1057 1325 1350 1380 1398 1532 1544 1559 1572 1587 1669 1738 1836 1875 1884 1917 1957,CC(C)(C(=O)C1C(CCC(=O)O1)C(=O)C2CCC(=O)O2)C(C(C)(C(=O)C3CCC(=O)O3)[Si])(C(C)(C)[Si])[Si]
1724,O=C1N(c2ccc(Oc3ccccc3)cc2)CC2C(n3ccnc3Nc3ccccc3F)CCCN12,4 51 92 105 144 157 193 217 233 243 293 314 322 378 387 389 446 459 473 491 548 562 577 634 650 684 695 699 718 739 758 776 790 895 902 923 926 935 956 1019 1028 1032 1073 1088 1101 1152 1199 1211 1224 1252 1325 1329 1380 1404 1414 1450 1452 1457 1458 1459 1465 1480 1491 1498 1541 1617 1689 1696 1705 1750 1765 1825 1840 1845 1866 1873 1928 1938,C1CC2C(N(C1)C3=CC=C(C=C3)OC4=CC=CC=C4)N5CN(C(=O)N2C5=O)C6=CC=C(C=C6)N7C=CN=C7NC8=CC=CC=C8F
1725,NC1=CC=C(CN2C3CN(C(=O)N3)S2(=O)=O)C=CC(F)=C1,59 74 79 80 84 86 169 207 235 239 261 301 314 330 381 432 469 482 518 547 624 650 699 705 722 729 731 739 780 800 869 897 906 926 935 1019 1044 1072 1114 1151 1171 1218 1249 1300 1380 1414 1457 1480 1496 1502 1643 1797 1799 1823 1825 1848 1861 1873 1928 2038,C1CN2C(=CC=C(NC3CN(S2(=O)=O)CCN3S(=O)(=O)N1)N)CC(CC4=CC=C(C=C4)F)CC5=CC(=CC=C(C=C5)N)F
1726,CCCCCCCCCC(=O)N1CCCN(C(=O)c2ccc(C(=O)N3CCCCC3=O)o2)C1=O,16 38 69 80 92 250 294 310 314 439 459 502 505 526 591 650 656 663 701 718 729 766 794 798 807 852 921 926 935 1009 1028 1057 1074 1083 1143 1182 1215 1250 1263 1267 1301 1380 1387 1396 1430 1444 1480 1504 1564 1577 1593 1596 1604 1738 1750 1754 1795 1817 1873 1882 1911 1914 1917 1974 1998,CCCCCCCCCCCCCCCCCC(=O)N1CCCCN(C1=O)C(=O)C2=CC=C(O2)CP(N3CCCCC3=O)(N4CCCC4=O)(OO5)O
1727,COCC(O)CC1C(N2CCCNC2=O)Oc2cnccc2C1(C)C,1 13 48 80 118 136 151 173 188 227 305 314 329 339 378 388 389 438 544 556 576 634 650 656 684 695 750 770 779 807 841 890 895 926 935 1005 1019 1028 1039 1057 1060 1114 1150 1176 1208 1262 1274 1302 1304 1317 1334 1341 1364 1380 1480 1535 1568 1584 1586 1601 1603 1685 1718 1750 1866 1870 1873 1905 1911 1921 1980 2009 2031 2038,CC1(C(C(OC2=C1C=CN=C2)N3CCCNC3=O)CC(COC)O)C
1728,CCN(C)C(=O)c1ccc2c(c1)c(S(=O)(=O)[O-])[n+](-c1ccc(OC)cc1)n2C(=O)N(C)C,21 45 80 117 201 219 265 271 283 294 322 334 340 348 350 355 392 419 463 565 616 650 695 715 717 718 726 738 781 807 827 831 841 872 875 881 932 935 936 947 1055 1057 1121 1140 1163 1221 1232 1293 1309 1357 1380 1385 1425 1428 1474 1476 1536 1554 1644 1653 1697 1738 1750 1765 1795 1873 1885 1917 1925 1932 1984 2021,CCN(C)C(=O)C1=CC2=C(C=C1)N(C3=[N+](C(=CC(=C23)S(=O)(=O)[O-])S(=O)(=O)[O-])C4=CC=C(C=C4)OC)C(=O)N(C)C
1729,CN1CCc2cc(CCCN(Cc3ccccc3C(F)(F)F)C(=O)c3ccc(C(F)(F)Cl)cc3)nc1n2,25 80 114 151 158 255 256 262 378 404 419 441 464 507 509 587 641 650 660 670 714 724 745 803 807 809 828 875 881 915 919 926 935 949 978 980 1033 1057 1088 1092 1096 1108 1121 1144 1145 1168 1193 1199 1221 1243 1256 1272 1295 1325 1327 1349 1380 1385 1417 1453 1469 1479 1480 1523 1570 1597 1665 1683 1688 1693 1697 1704 1738 1750 1855 1873 1884 1911 1917 1928 1951 1994,CN1CCN(C2=C1C=C3C(=N2)C=CN3CCCN(CC4=CC=CC=C4C(F)(F)F)C(=O)C5=CC=C(C=C5)C(F)(F)Cl)C
1730,CC(=O)N1C(=O)CCCC1C,17 314 327 425 431 460 473 582 610 650 666 687 734 764 798 804 807 907 908 926 935 984 1004 1017 1019 1028 1057 1182 1190 1282 1286 1300 1309 1325 1339 1380 1391 1434 1569 1577 1594 1826 1858 1888 1917 1971 1977 1984,CC1CCCC(N1C(=O)C)C(=O)N2C(N(C2=C3C(=O)N(C(N3C(=O)C)P)C(=O)C)C(=O)C)C4CCCC(N4P)C
1731,COC(O)=NN(c1cc(Cl)ccc1Cl)c1ccc(Cl)cc1C=C(Cl)OCCN(C)C,6 13 46 51 58 80 147 165 186 198 216 273 280 317 366 389 432 453 561 562 652 666 675 690 693 694 695 725 807 816 841 875 881 961 976 1057 1058 1142 1152 1154 1163 1259 1292 1298 1345 1380 1386 1425 1668 1683 1746 1750 1873 1881 1895 1942 1951 1992 2018,CN(C)CCOC(=O)C/C(=C/C1=C(C=CC(=C1)Cl)Cl)/C(=N/N(C)C)/C(=C/C2=C(C=CC(=C2)Cl)Cl)/OC
1732,Fc1ccc(-c2nncn2-c2ccccc2Cl)cc1,14 43 77 90 133 141 157 216 223 281 366 378 409 490 491 514 561 564 699 728 755 896 905 909 931 932 974 1013 1088 1119 1129 1160 1164 1199 1205 1233 1295 1314 1318 1380 1384 1410 1498 1509 1647 1670 1683 1695 1722 1750 1873 1928 1930 1961 1970 2043,C1=CC=C(C(=C1)N2C=NN=C2N3C=NN=C3C4=CC=C(C=C4)F)O[N+](=C5C=CC(=CC=C5)F)C6=CC=CC=C6N7C=NN=C7C8=CC=C(C=C8)F
1733,CCCCOC(=O)c1ccc(C=C(C)C(C)(C)c2ccccc2OC)cc1,13 25 80 114 145 147 223 246 249 294 376 381 392 419 446 474 494 520 569 591 606 624 650 671 694 695 718 721 794 797 807 841 845 915 919 977 1017 1057 1069 1088 1113 1121 1199 1321 1378 1380 1385 1410 1522 1536 1592 1659 1660 1697 1734 1740 1746 1750 1795 1873 1884 1900 1911 1917 1934 1970 2033,CCCCOC(=O)C1=CC=C(C=C1)/C=C(\C(=O)C(C)(C)C2=CC=CC=C2OC)/C(=O)C(C)(C)[NH+]=C(C)C3=CC=CC=C3OC
1734,CC(=O)NC1=CC=C2SC(=C1)C(F)(F)c1ccc(cc1)NC2=O,29 49 84 145 147 190 196 235 245 251 254 314 338 378 484 492 525 556 574 578 594 650 675 693 806 807 816 831 849 965 978 1017 1057 1060 1067 1102 1114 1136 1145 1152 1167 1170 1192 1230 1249 1320 1325 1380 1403 1418 1608 1708 1712 1714 1723 1750 1816 1843 1868 1872 1873 1917 1928 2002 2033 2044 2047,CC(=O)NC1=CC2=CC=C3C(=CC(=N3)NC(=O)C)C2=CC(=C(F)F)S1
1735,O=c1n2cc(-c3ccccc3)n1c1cccc(Sc3nn4cnnc4s3)c12,13 45 65 92 116 159 162 281 314 357 377 378 389 449 464 529 548 552 618 641 645 650 675 735 736 771 857 858 932 935 999 1025 1027 1039 1088 1129 1131 1160 1164 1199 1210 1258 1285 1320 1321 1327 1347 1380 1399 1415 1440 1446 1459 1669 1688 1692 1695 1704 1750 1757 1836 1843 1873 1917 1956 1969 2045,C1=CC=C(C=C1)C2=CN3C(=NN=C3SC4=CC=CC5=C4N6C=NN7C6=C(N5P7C8=CC=CC=C8)C9=CC=CC=C9)N5C2=O
1736,Cc1nc(-c2ccc(C(=O)NC(C)C)c(C(F)(F)F)c2)nc(=O)n1-c1ccccc1,1 38 46 58 67 106 114 117 122 184 194 228 262 283 314 317 378 389 410 419 478 486 565 650 671 695 714 799 807 809 837 875 896 912 917 932 935 1020 1028 1049 1057 1088 1145 1152 1160 1199 1245 1253 1283 1302 1380 1385 1404 1453 1486 1489 1490 1520 1638 1682 1722 1750 1825 1855 1873 1887 1917 1923 1928 1929 1936 1947 1991 1993 2020,CC1=NC(=NC(=O)N1C2=CC=CC=C2)C3=CC(=C(C=C3)C(=O)NC(C)ON4N=CN(N4C)C)C(F)(F)F
1737,O=c1n(-c2nccs2)nc(-c2ccccc2)n1-c1ccccc1,14 47 52 58 152 192 226 227 246 286 305 314 378 389 440 490 554 631 650 675 694 729 734 736 771 798 878 935 1049 1061 1077 1088 1090 1145 1160 1199 1380 1438 1452 1472 1567 1601 1722 1750 1812 1815 1825 1852 1866 1873 1929 1956 1980 1993,C1=CC=C(C=C1)C2=NN(/C(=C/N3C(=O)N(C(=N3)C4=CC=CC=C4)C5=CC=CC=C5)/N2C6=CC=CC=C6)C7=NC=CS7
1738,CC(=O)N(C)CCCNS(=O)(=O)c1[nH]cc2cc(O)c(-c3ccccc3)nc12,9 65 77 230 319 323 334 350 378 389 400 403 409 420 471 473 502 518 650 667 688 732 736 806 807 841 855 875 881 933 950 984 1017 1036 1057 1088 1114 1152 1160 1163 1173 1199 1362 1380 1476 1540 1588 1602 1607 1626 1652 1656 1667 1685 1691 1724 1737 1750 1764 1792 1855 1873 1874 1879 1886 1911 1917 1951 1974 2014,CC(=O)N(C)CCCNS(=O)(=O)C1=CC(=C2C(=C1)N=C(C(=N2)C3=CC=CC=C3)C4=CNC(=C4)C(=O)C5=CNC(=N5)O)O
1739,CN(CCCCCN1CCCCC1=O)S(=O)(=O)c1cccnc1,74 80 86 155 191 213 254 310 314 319 349 350 378 380 393 403 437 570 575 617 650 655 798 815 881 893 910 926 935 951 977 978 1028 1043 1057 1088 1089 1123 1126 1143 1145 1154 1163 1181 1182 1213 1219 1237 1289 1380 1476 1480 1535 1556 1586 1603 1607 1669 1738 1750 1766 1805 1866 1873 1911 1951 1968 1998 2027 2038,CN(CCCCCCN1CCCCN(C1=O)CCN(CCN(C)S(=O)(=O)C2=CN=CC=C2)S(=O)(=O)C3=CN=CC=C3)S(=O)(=O)C4=CN=CC=C4
1740,COc1ccc2c(N3CCN(C(=Nc4nc5ccc4c(=O)[nH]5)SC)CC3)cccc2c1Cl,29 94 116 212 231 249 314 358 362 372 378 394 407 495 558 561 587 619 623 637 650 695 725 750 765 807 841 847 865 926 935 1008 1010 1011 1023 1039 1045 1057 1077 1088 1114 1224 1238 1260 1271 1295 1300 1301 1357 1380 1403 1420 1429 1434 1435 1464 1480 1506 1508 1536 1573 1589 1613 1647 1655 1683 1733 1750 1818 1855 1861 1873 1970 1998 2009 2026,COC1=C(C2=C(C=C1)C(=O)NSN2/C(=N/C3=NC(=C(N3[CH2-])Cl)[N-]N4CCN(CC4)C5=CC=CC6=C5C=CC=C6N7CC7)/SC)Cl
1741,Cc1ccc(N=Cn2cnnc2C)[nH]1,11 83 96 167 199 222 260 281 315 318 346 372 378 389 392 399 403 435 437 456 492 566 608 694 725 727 812 913 917 932 935 956 976 1057 1090 1114 1129 1146 1164 1318 1363 1380 1462 1502 1568 1578 1722 1735 1745 1750 1857 1873 1992,CC1=CC=C(N1)/C=C\2/C=NN=C2/C=C\3/C=NN=C3N4C=NN=C4CN=C5N=CC(=C6N=CC(=CC7=CC=C(N7)C)C=N5)N5
1742,CNc1nc2c(s1)=CC(C)=CC=CC=2,79 84 120 162 183 336 368 378 382 385 471 502 561 675 692 768 793 806 825 862 956 977 1057 1152 1191 1249 1303 1311 1324 1337 1366 1380 1415 1418 1430 1431 1484 1498 1518 1596 1700 1710 1712 1722 1736 1838 1855 1858 1872 1873 1881 1935,CC1=CC2=CC=CC=C3C(=CC(=C4C=C(C(=CC5=CC=CC=C54)C=C1)C)S3)C2=C6SC(=N6)NC
1743,CCCCN(CCN(CC)CCN1CCCC1)C(=O)c1cc2ccc1c1ccccc21,15 80 137 151 199 203 251 294 299 342 348 393 424 496 591 638 641 650 713 756 794 807 836 846 875 881 926 932 935 960 978 1028 1057 1088 1145 1158 1186 1198 1199 1221 1272 1332 1357 1380 1385 1422 1427 1430 1480 1482 1528 1539 1559 1573 1733 1750 1789 1791 1822 1855 1873 1911 1917 1951 1981 1991 1998,CCCCN(CC)CCN(CCN1CCCC1)C(=O)C2=CC3=C(C=C2)C4=C(C=C3)C5=C(C=C4)C6=CC=CC=C6C(=C5)C(=O)N(CC)CC
1744,CCN1CCN(C(=O)N2CCCC2)C(C(OC(C)(C)C)C(=O)N2CCCC2C(=O)O)C1=O,1 5 34 68 80 108 114 193 200 242 282 294 295 314 354 369 389 392 406 410 415 446 488 531 552 569 577 606 631 650 695 805 807 925 926 935 1019 1028 1031 1053 1067 1089 1134 1178 1203 1277 1325 1380 1431 1480 1503 1571 1583 1585 1608 1650 1691 1779 1859 1873 1917 1998 2009 2041 2045,CCC(CC)(C(=O)C(C)(C)N1CCC[C@H]1C(=O)O)N2CCN(C2=O)[C@@H](C(=O)N3CCC[C@H]3C(=O)O)C(C)(C)OC(C)(C)C
1745,COc1ccc(S(=O)(=O)n2c(C)cn3c4ccccc4nc2CCC3)cc1,43 45 83 170 241 279 289 315 319 321 322 350 357 374 378 421 447 464 471 650 652 695 715 718 750 781 793 800 811 831 841 883 925 926 932 935 966 979 1028 1050 1057 1068 1088 1097 1111 1125 1138 1199 1226 1285 1380 1391 1476 1480 1485 1536 1538 1580 1627 1681 1685 1722 1738 1750 1855 1860 1873,CC1=CN(C=C1C)S(=O)(=O)N2C3=CC=CC=C3N=C2N4CCCC5=NC(=CN5CCN4S(=O)(=O)C6=CC=C(C=C6)OC)C
1746,CN1c2ccc(N3CCN(C)C(C(=O)N(CC(=O)O)Cc4ccc(F)c5ccc(Cl)cc45)C3)c1c2,17 71 80 91 110 156 165 183 216 230 233 263 274 321 367 389 407 474 486 495 507 531 561 605 650 675 699 739 770 795 807 816 875 881 909 913 920 926 935 978 987 989 1019 1027 1056 1057 1060 1145 1190 1256 1270 1275 1295 1319 1348 1349 1357 1380 1381 1445 1480 1508 1577 1593 1653 1683 1722 1733 1737 1741 1750 1825 1840 1864 1873 1915 1917 1928 1933 1995 2022,CC1=[NH+]C2=C(N1C)C=CC(=C2)N3CCN(C(C3)C(=O)N(CC4=C(C5=C(C=C4)C(=C(C=C5)F)F)F)CC(=O)O)C
1747,CCCNC(=O)C1=CC(C(=O)Nc2cccc(OC)c2)=C(S(=O)(=O)N2CCCCC2)CC1,2 8 80 84 100 119 136 155 162 184 191 197 202 217 268 269 271 294 322 350 366 410 434 476 486 535 539 562 570 585 650 667 695 697 781 787 794 800 807 808 814 818 841 872 875 923 926 935 947 1018 1028 1039 1057 1059 1088 1100 1133 1152 1200 1219 1380 1410 1445 1476 1480 1536 1553 1566 1637 1719 1738 1750 1782 1807 1816 1873 1874 1879 1913 1972 1978 1998,B(NCCC)(N1CCCCC1)O/C(=C\2/CCC(=C2)C(=O)NC3=CC(=CC=C3)OC)/N4CCN(CC4)S(=O)(=O)N5CCCCC5
1748,CC(=O)N1CCCC1C(=O)NC(CN(C)C(=O)C(C)C)C(=O)Nc1ccc(C#N)cc1,1 30 34 45 80 102 117 143 191 193 206 242 283 305 334 354 446 460 507 518 531 573 624 650 674 689 728 736 790 807 818 820 837 843 871 881 926 935 943 1017 1019 1028 1043 1057 1077 1136 1152 1163 1178 1300 1325 1328 1349 1359 1374 1380 1384 1419 1434 1476 1480 1543 1578 1595 1608 1626 1632 1664 1693 1750 1790 1805 1816 1860 1869 1873 1917 1954 2023 2035,CC(C)C(=O)N(C)CC(C(=O)NC1=CC=C(C=C1)C#N)NC(=O)C2CCCN2C(=O)N(C)CN(C)C(=O)NC(C)CN(C)C(=O)C(C)C
1749,CC(C)NC(=Nc1ncccn1)c1ccnc2ccccc12,1 56 117 147 281 283 289 378 448 461 465 536 550 624 629 725 738 787 807 832 854 932 985 1006 1028 1036 1039 1057 1079 1088 1097 1134 1147 1152 1186 1199 1231 1232 1252 1289 1357 1365 1380 1404 1430 1452 1524 1573 1613 1619 1637 1750 1777 1803 1809 1866 1873 1924 1950 1965 1991 2005,CC(C)N/C(=N\C1=CC=CC2=C1C=CC=N2)/C(=N/C3=CC=NC4=CC=CC=C43)/C(=C/5\C=CC=N5)/NC(C)NNC
1750,COc1cc2c(c3ccccc13)C(=O)N1CCN(CC1)c1cc3ccc1n-2c3=O,9 21 33 45 46 57 99 179 203 231 249 312 314 407 463 495 504 556 650 653 695 734 841 868 875 879 894 910 926 927 928 935 984 1057 1194 1199 1282 1295 1357 1377 1380 1480 1508 1513 1536 1573 1668 1695 1734 1737 1747 1750 1762 1770 1836 1840 1856 1873 1916 1970 1993 2021,COC1=CC2=C(C3=CC=CC=C31)C(=O)N4C5=C(C6=CC=CC=C6C(=C5)OC)C(=O)[N+]7=C2C=CN(C7=O)C8=CC(=C(C=C8OC)N9CC9)OC
1751,CC1=NN=Nc2ccc(cc2)C(=O)N2CCN(C2=O)S(=O)(=O)C(c2ccc[nH]2)=Nc2c1c1ccc2cc1,69 83 89 92 184 203 207 213 267 268 270 314 330 365 378 411 425 469 479 490 545 568 608 650 727 767 782 806 811 873 879 896 907 920 926 927 935 938 964 967 990 1057 1067 1088 1100 1114 1160 1213 1241 1300 1324 1340 1352 1380 1400 1401 1451 1457 1480 1493 1505 1540 1563 1564 1572 1589 1604 1610 1621 1722 1747 1750 1752 1796 1838 1855 1873 1921 1967 1970,CC1=C2C(=NC(=N1)CC3=CS(=O)(=O)N=N3)C=CC(=C2)C4=NN=C(N4[N-]N5CCN(C5=O)C6=NN=C(C6)C7=CC=CN7)C
1752,COC(=O)c1ccc(OC)c(N2CCCN(C(=O)C(C)OC(C)(C)C)C2=O)n1,1 92 94 108 114 128 130 138 145 181 215 249 266 283 314 378 392 406 412 420 529 542 650 687 695 721 761 774 795 807 841 855 884 904 906 926 929 935 942 989 1028 1030 1041 1057 1083 1152 1194 1203 1215 1221 1269 1294 1311 1319 1369 1380 1387 1457 1480 1496 1536 1587 1616 1750 1751 1779 1808 1852 1855 1859 1873 1917 1970 1996,CC(C(=O)N1CCCN(C1=O)C2=C(C=CC(=N2)C(=O)OC)OC)NOC(C)(C)C(=O)N3CCCN4C3=NC5=C(C=CC(=N5)C(=O)OC)OC
1753,O=c1oc(-c2ccc(Cl)cn2)ccc1Cl,2 85 106 121 216 262 266 314 321 366 378 395 514 561 565 610 650 656 666 705 714 727 816 824 927 980 1008 1025 1179 1188 1217 1289 1297 1380 1407 1452 1468 1529 1535 1604 1683 1696 1750 1873 1937,C1=CC(=NC=C1Cl)C2=CC=C(O2)C3=N/C(=C/4\C=CC(=N4)C5=NC=C(C=C5)Cl)/C(=O)O3
1754,CCOC(=O)NCCC(=O)N1CCN(S(=O)(=O)c2cccc(OC)c2)CC1,80 147 188 197 259 262 268 294 319 322 346 350 363 366 378 562 573 575 585 609 650 667 695 707 757 760 781 800 807 841 875 926 935 942 944 996 1009 1039 1057 1088 1152 1238 1280 1342 1371 1380 1424 1450 1476 1480 1524 1536 1564 1589 1690 1722 1729 1750 1758 1873 1917 1972 1998 2009 2020,CCOC(=O)NCCC(=O)N1CCN(CC1)S(=O)(=O)C2=CC=CC(=C2)S(=O)(=O)N3CCN(CC3)C(=O)CCNC(=O)OCC
1755,CC1=C(c2ccc(C(F)(F)F)cc2)CCN1c1nc(Cc2ccccc2)nc(-c2cccnc2N)n1,55 80 107 114 172 270 280 296 352 378 383 389 393 442 447 448 502 541 575 636 799 803 809 813 854 858 896 926 935 966 984 1043 1044 1057 1063 1066 1088 1129 1160 1171 1183 1199 1256 1260 1270 1309 1346 1347 1380 1385 1409 1417 1430 1452 1453 1457 1459 1480 1507 1619 1638 1665 1709 1722 1724 1738 1747 1750 1754 1828 1855 1866 1873 1928 1940 1942 1973 1984,CC1=C(CCN1C2=NC3=C(C(=N2)N)C(=C4C(=C3C5=CC=C(C=C5)C(F)(F)F)C(=NC(=N4)C6=C(N=CC=C6)N)N)C7=C(N=CC=C7)N)CC8=CC=CC=C8
1756,CC1C(=O)OC(C(OC(=O)c2ccc[nH]2)C(=O)O)C(O)C1O,1 8 12 30 69 70 104 143 145 267 296 303 314 389 438 463 495 503 505 525 650 656 695 711 715 750 806 807 827 862 941 1019 1057 1067 1074 1088 1114 1141 1257 1309 1370 1380 1400 1483 1487 1506 1562 1563 1603 1743 1750 1770 1775 1779 1790 1844 1873 1897 1917 1987 2044,CC1C(C(OC1=O)C(C(=O)O)OC(=O)C2=CC=CN2)[N+]3=C(C(=O)C(=C3)C(=O)OC(C4C(C(C(=O)O4)C)O)C(=O)O)C(=O)O
1757,CCN(Cc1ccc(NC(=O)c2cccnc2)cc1)C(=O)N1CCN(C(=O)Nc2ccccc2)C1=O,29 80 92 191 218 223 283 294 310 314 322 345 389 421 426 437 440 453 486 490 502 507 587 650 661 668 703 710 807 831 843 862 877 879 881 902 923 926 932 935 978 991 1008 1043 1057 1077 1088 1147 1152 1154 1199 1213 1263 1289 1380 1382 1385 1387 1399 1406 1408 1439 1480 1483 1513 1535 1538 1554 1586 1603 1635 1750 1754 1795 1805 1814 1816 1866 1873 1917 1960 1962 1978 1985,CCN(CC1=CC=C(C=C1)NC(=O)C2=CN=CC=C2)C(=O)N3CCN(C3=O)C(=O)N4CCN(C4=O)C(=O)N5C=CC=C[C]5NC(=O)C6=CC=CC=C6
1758,CN(C)C(=O)NCCSc1nc2ccccc2n1C,2 6 29 45 80 116 126 165 181 190 193 197 271 275 289 300 331 341 348 357 378 404 451 459 539 549 564 647 650 655 667 680 685 747 753 765 767 807 819 829 881 894 916 935 954 1057 1066 1077 1088 1097 1145 1152 1163 1182 1199 1285 1360 1380 1500 1540 1653 1682 1729 1750 1855 1873 1897 1917 1967 1983,[B-]1(N(C2=CC=CC=C2N1C)C)(N(C)C(=O)NCCSC3=NC4=CC=CC=C4N3C)N(C)C(=O)NCCN5C6=CC=CC=C6N=C5SCCNC(=O)N(C)C
1759,CCN(CC(O)CC(F)(F)F)C(=O)N1CCCCC1,1 2 7 56 90 91 103 114 155 195 201 213 227 283 294 369 374 403 445 527 650 807 825 881 926 932 935 978 988 1008 1028 1057 1106 1175 1190 1194 1226 1244 1253 1357 1453 1480 1492 1506 1593 1595 1678 1692 1700 1724 1767 1860 1917 1928 1998 2009 2013 2038,CCN(CC)/C(=C/1\CN([Si]1(C(C)C)C(C)C)C(=O)N2CCCCC2)/N(CC(CC(F)(F)F)O)N(CC(F)(F)F)C(=O)N3CCCCC3
1760,COc1ccc(-c2cnc(Oc3cccnc3)c(C(=O)N3CCCCC3)n2)cc1,2 127 176 316 322 369 378 401 437 490 521 562 590 595 650 686 695 718 732 773 781 806 807 831 841 847 873 896 926 935 942 980 1023 1028 1043 1054 1057 1088 1160 1197 1207 1213 1291 1305 1336 1380 1452 1477 1480 1492 1504 1535 1536 1558 1586 1603 1617 1633 1665 1750 1788 1824 1845 1855 1866 1873 1896 1917 1960 1998 2009,COC1=CC=C(C=C1)C2=CN=C(C(=N2)OC3=CN=CC=C3)C(=O)N4CCCCC4
1761,COC(C=CC(C)=O)=CC=Cc1ccccc1,31 83 192 306 389 432 447 468 496 555 591 639 650 669 694 695 774 807 823 831 835 841 878 926 1009 1017 1040 1057 1088 1152 1181 1199 1319 1353 1379 1380 1388 1395 1481 1554 1622 1650 1710 1746 1750 1831 1873 1917 1958 2020 2029 2033,CC(=O)/C=C/C=C(/C=C/C1=CC=CC=C1)\C(=C\2/C(=C(\C=C\C3=CC=CC=C3)/OC)/C(=C(OC)OC)/C(=C/OC)/OC)\OC
1762,Cc1cc(CCN(C)C)ccc1C(=O)n1c2c3c(c1=CC=3)=CC=2,67 80 104 129 147 193 247 291 310 338 425 504 549 635 650 652 662 693 698 807 838 875 881 889 913 931 935 984 1057 1067 1097 1103 1160 1163 1174 1178 1243 1249 1282 1380 1391 1421 1435 1504 1620 1675 1697 1722 1746 1750 1754 1760 1836 1872 1873 1951 1991,[B]=C1C=CC(=C(N1C(=O)C2=C(C=C(C=C2)CCN(C)C)C)N(C)C)C(=C3C=CC(=CC=C4C=CC=C(N4C3=O)N(C)C)CCN(C)C)C
1763,CS(=O)(=O)c1ccc(CC(=O)NCCCCN2CCCC2)cc1,39 41 80 197 223 248 310 319 325 335 350 446 448 563 592 597 625 646 650 653 667 692 706 715 723 730 807 850 893 913 926 935 1028 1057 1075 1135 1138 1145 1152 1188 1276 1342 1367 1380 1413 1422 1449 1476 1480 1482 1510 1539 1560 1667 1750 1754 1791 1797 1843 1873 1876 1911 1917 1924 1940 1998 2030,CS(=O)(=O)C1=CC=C(C=C1)CC(=O)NCCCCN2CCCN(C2)CCNC(=O)C(=O)N3CCCN(C34N(S4(=O)O)S(=O)(=O)O)S(=O)(=O)O
1764,COC(=CC=C(c1ccccc1)C(F)(F)F)C(=O)N1C(=O)CCC1=O,18 114 241 269 314 389 461 490 580 590 650 694 695 700 742 760 798 807 822 828 841 926 935 960 1057 1071 1081 1088 1093 1110 1152 1155 1199 1219 1225 1253 1270 1315 1319 1380 1385 1400 1426 1437 1453 1490 1554 1558 1738 1750 1775 1814 1820 1859 1869 1873 1888 1905 1917 1928 1985,CO/C(=C\1/C(=C(C(F)(F)F)C(=O)N2C(=O)CCC2=O)N(C1=C(C3=CC=CC=C3)C(F)(F)F)C(=O)C(F)(F)F)/C4=CC=CC=C4
1765,COC1=C(Cl)c2ccc(C(=O)N3CCCCC3)nc2-c2ncc1s2,1 2 62 72 162 164 184 193 197 230 233 238 323 352 369 376 378 561 650 675 680 695 807 841 855 867 926 935 942 1028 1049 1057 1088 1092 1203 1228 1247 1291 1380 1446 1452 1466 1480 1504 1535 1536 1558 1580 1627 1630 1650 1652 1683 1697 1727 1742 1746 1750 1777 1820 1855 1873 1917 1934 1990 1998 2009,COC1=C(C(=C(C(=C1Cl)OC)Cl)C2=NC=C(S2)C3=C(C=CC(=N3)C(=O)N4CCCCC4)C5=NC=C(S5)C6=CN=C(S6)OC)Cl
1766,CN(C)C(=O)C1CCCN(C(=O)N2CCCC2)C1=O,5 11 80 97 119 129 156 314 319 369 400 446 481 537 650 675 700 726 807 846 881 926 935 982 1019 1022 1028 1057 1098 1160 1163 1215 1225 1291 1320 1325 1348 1378 1380 1387 1464 1480 1528 1611 1653 1684 1874 1917 1918 1940 1963 1998 2009 2038,CN(C)C(=O)C1CCCN(C1=O)C(=O)N2CCCC(C2=O)CP3N(CCCS3)C(=O)N4CCCC4
1767,COS(=O)(=O)c1cccc(S(=O)(=O)C2=CC=CCC2C(=O)c2cccc(C)c2)c1,50 120 186 206 253 264 319 350 492 575 598 614 615 619 650 653 695 704 807 835 837 841 862 869 919 926 953 1013 1019 1024 1034 1055 1057 1088 1125 1128 1169 1249 1271 1324 1351 1380 1385 1442 1464 1472 1476 1483 1553 1571 1668 1722 1750 1800 1809 1823 1867 1873 1896 1917 1985 1996,CC1=CC(=CC=C1)S(=O)(=O)O/C/2=C/C=C/CC(/C(=C(\C(C2)C(=O)C3=CC=CC=C3)/S(=O)(=O)C4=CC=CC=C4)/OS(=O)(=O)C5=CC=CC=C5)C(=O)OC
1768,CC(=O)Nc1cccc(C(=O)Nc2ccc(NC(=O)N3CCN4CCC3C4=O)cc2)c1,5 184 191 218 235 242 245 256 290 293 314 335 340 394 407 453 486 526 530 532 535 621 650 703 711 807 810 843 849 875 881 925 926 927 935 992 1001 1017 1019 1039 1057 1077 1088 1143 1152 1161 1312 1325 1380 1385 1399 1480 1508 1509 1591 1633 1647 1708 1750 1795 1816 1873 1917 1930 1978 1985,CC(=O)NC1=CC=CC(=C1)C(=O)NC2=CC=C(C=C2)NP3(=O)N(CCN3C(=O)NC4=CC=CC(=C4)C(=O)NC5=CC=C(C=C5)NC(=O)C)NC(=O)C
1769,OC1Cc2ccccc3ccc1ccccc2-3,0 56 117 222 231 254 266 352 422 468 595 640 733 736 807 891 896 926 984 1019 1020 1088 1160 1199 1207 1236 1257 1279 1339 1380 1662 1663 1708 1750 1754 1803 1808 1846 1873 1888 1897,C1C(C(=C2C=CC=C21)C3=CC=C(C=C3)C4CC5=CC=CC=C5C6=C4C=CC(=C6)C7CC8=CC=CC=C8C9=CC=CC=C97)O
1770,O=C(NC1CCCC(O)C(O)C(O)C1)N1CCCCC1,2 57 108 218 224 242 247 283 342 369 387 426 428 624 650 807 849 926 935 951 998 1019 1028 1041 1045 1063 1064 1152 1210 1257 1275 1292 1305 1325 1364 1389 1415 1431 1450 1463 1468 1480 1487 1514 1528 1571 1617 1634 1677 1702 1722 1731 1903 1917 1998 2009,C1CCN(CC1)C(=O)N[C@H]2C[C@H](N(CC2)C(=O)N[C@H]3CCC[C@H]([C@@H]3O)O)[Se]C4C[C@H](CCC4)NC(=O)C(=O)N[C@H]5CCC[C@H]([C@@H]5O)O
1771,COC(=O)CCCCCCC(=O)OC(C)(C)C,14 15 80 114 134 137 195 198 231 319 388 392 400 548 578 650 695 700 807 841 860 930 1057 1143 1152 1161 1173 1205 1267 1294 1343 1380 1386 1399 1503 1516 1539 1552 1564 1574 1859 1878 1911 1917,CC(C)(C)OC(=O)CCCCCCCCCCCCCCCCCCC(=O)C(C)(C(=O)CCC(=O)OC)OC(C)(C)C(=O)CCC(=O)OC(C)(C)C
1772,OC1CC(Oc2cccc3c2=CC=3)C1O,112 181 235 275 312 388 402 442 446 461 524 542 554 632 642 695 711 787 796 798 807 824 849 858 926 933 1019 1020 1039 1088 1097 1133 1144 1192 1205 1249 1256 1257 1268 1292 1315 1380 1382 1410 1431 1452 1458 1459 1487 1625 1740 1750 1872 1873 1963 1970,C1C(C(C(C(C1OC2=CC=CC3=CC=C4C=CC=C5C4C3=C2C=C5)O)O)O)OC6=CC=CC7=CC=C8C=CC=C9C8C7=C6
1773,CCC(CC)OC(=O)NCCCNC(=O)N(CC)C(=O)NC(=O)O,1 69 80 125 193 197 201 251 276 287 288 294 339 373 389 411 455 650 667 685 695 703 807 808 868 871 881 896 909 915 917 932 972 978 1012 1020 1021 1026 1029 1057 1119 1152 1266 1280 1296 1306 1332 1340 1345 1544 1648 1722 1758 1807 1820 1829 1876 1878 1911 1917,CCC(CC)OC(=O)NCCCNC(=O)N(CN(CC)CN(CC)C(=O)NC(=O)O)C(=O)NC(=O)N(CC)C(=O)N(CC)C(=O)NC(=O)O
1774,O=C(CN(C(=O)c1cccc(Cl)c1)C(=O)N1CCCC1)Nc1ccccc1,41 74 80 93 147 165 191 216 268 283 320 330 369 389 528 561 592 598 647 650 703 807 836 875 881 901 926 927 935 1028 1039 1045 1077 1088 1109 1152 1165 1173 1183 1190 1199 1221 1285 1354 1365 1380 1385 1429 1480 1502 1507 1540 1625 1648 1683 1692 1716 1734 1750 1788 1795 1816 1858 1873 1917 1984 1985 1998 2009 2031,C1CCN(C1)C(=C(N(CC(=O)NC2=CC=CC=C2)C(=O)C3=CC(=CC=C3)Cl)N(CC(=O)NC4=CC=CC=C4)C(=O)N5CCCC5)C6=CC=CC=C6
1775,COc1cc2c(OC)cc1cc2S(=O)(=O)N(C)CN1CCCCC1=O,19 38 63 80 125 169 191 213 222 249 256 282 314 349 350 362 392 401 469 650 695 705 737 791 798 815 841 868 875 881 926 935 957 1019 1027 1028 1057 1065 1085 1089 1123 1142 1163 1178 1182 1278 1357 1380 1386 1390 1401 1420 1476 1480 1536 1648 1738 1784 1855 1872 1873 1891 1892 1970 1998,CN(CN1CCCC1=O)S(=O)(=O)C2=C(C=C3C(=C2)C=C(C4=C3C(C5=C4C=C(C(=C5)OC)OC)ON6CCCC6=O)OC)OC
1776,O=C(CN1CCCN(N=c2n3c(=O)c4ncccc4n2CC3)C1=O)Nc1ccccc1,28 41 45 74 80 92 104 145 191 224 314 349 378 389 414 448 504 520 559 582 650 703 725 736 773 796 807 843 901 926 935 975 1014 1028 1043 1048 1056 1070 1077 1083 1088 1089 1123 1152 1153 1199 1281 1284 1285 1312 1369 1380 1426 1452 1476 1480 1496 1549 1559 1600 1687 1724 1750 1805 1806 1816 1818 1866 1873 1883 1893 1908 1916 1917 1939 1960 1982,[B-](CC(=O)NC1=CC=CC=C1)(C(=O)O)(N2CCCN(C2=O)CC(=O)NC3=CC=CC=C3)N4CCN5C6=C(C(=O)C5=N4)N=CC=C6
1777,O=C(Nc1ccnc(C(=O)N2CCCCC2=O)c1)c1ccc(F)c(Cl)c1,78 184 191 216 259 310 314 347 366 378 459 465 486 526 529 552 561 577 599 650 696 699 725 787 798 807 851 855 875 925 926 935 975 1028 1118 1146 1152 1153 1182 1215 1218 1239 1380 1385 1387 1393 1396 1400 1452 1480 1488 1503 1504 1549 1593 1641 1683 1697 1738 1750 1752 1756 1795 1799 1816 1840 1846 1858 1866 1873 1917 1923 1928 1961 1976 1978 1998 2029,C1CCN(C(=O)C1)/C(=N\N=C\2/C=NC(=C2C(=O)NC3=CC(=NC=C3)C(=O)N4CCCCC4=O)F)/C5=CC(=C(C=C5)F)Cl
1778,CCCCCCCCCC1=CC=C(C(=O)O)C1=O,28 42 80 204 294 314 379 384 389 407 409 414 456 486 586 591 616 627 647 649 650 736 794 807 937 1028 1057 1143 1176 1184 1205 1243 1249 1380 1444 1476 1567 1592 1621 1748 1769 1844 1873 1875 1911 1917 2002,[B-](CCCCCCCCCCCCCCCCCCCCCCCCCCCCC)(CC)(CC)C1=C(C(=C(C(=C1C(=O)O)C(=O)O)C(=O)O)C(=O)O)C(=O)O
1779,O=C(OCOc1ccc([N+](=O)[O-])cc1O)c1ccc(F)cc1,0 40 68 80 90 94 145 147 258 295 353 467 606 650 695 699 715 753 807 838 875 877 891 1005 1054 1140 1195 1229 1274 1361 1367 1380 1385 1392 1410 1452 1522 1602 1607 1619 1659 1670 1697 1750 1777 1803 1809 1814 1873 1877 1917 1928 1932 1933 1940 1949 1951 1956 1963 1970 1976,C1=CC(=CC=C1C(=O)OCOC2=C(C=C(C=C2)[N+](=O)[O-])O)/C(=C/3\C=CC(=CC3=O)F)/C4=CC(=C(C=C4)OCOC(=O)C5=CC=C(C=C5)F)O
1780,COc1ccc(OCCN2CCCC2)c(Nc2c(-c3ncnn3C)c3cc(OC)c2c(Cl)n3)c1,13 43 80 94 174 211 214 249 296 322 339 349 355 378 381 405 441 453 489 491 509 533 561 669 695 701 718 739 764 780 781 817 841 875 880 926 935 1028 1057 1083 1085 1097 1105 1145 1152 1224 1234 1251 1275 1276 1353 1380 1422 1446 1452 1462 1467 1480 1482 1490 1518 1536 1555 1600 1683 1722 1747 1750 1752 1785 1791 1820 1832 1855 1873 1902 1936 1941 1970 1972 1984 1998 2033 2041 2042,CN1C(=NC=N1)C2=C(C3=C(C=C(C=C3N=C2Cl)OC)OCCN4CCCC4)NC5=C(C=CC(=C5)OC)ON6CCCN(N=N6)C
1781,CCCN(C)C(=O)Nc1cccc(-c2cc(F)ccc2OC)n1,80 94 160 193 249 274 294 305 315 327 334 352 359 378 433 526 569 577 623 650 695 699 710 726 794 807 841 875 881 891 899 905 980 1039 1057 1088 1099 1148 1152 1163 1314 1371 1380 1387 1410 1436 1487 1497 1536 1552 1593 1623 1670 1685 1692 1709 1750 1761 1816 1822 1851 1855 1873 1878 1917 1928 1929 1951 1953 1955 1962 1970,CCCN(C)C(=O)NON(C)C(=O)NC1=CC=CC(=N1)C2=C(C=CC(=C2)F)OC
1782,CCCCN1C(=O)N=C1NC(=O)c1ccc(C(=O)N2CCCC2)cc1,25 71 80 114 294 314 369 378 425 431 486 497 586 587 588 591 650 794 807 926 927 935 939 942 1016 1028 1057 1120 1121 1145 1152 1176 1213 1235 1316 1335 1379 1380 1385 1388 1450 1470 1480 1504 1511 1547 1597 1608 1665 1697 1711 1750 1795 1816 1873 1882 1893 1911 1917 1926 1998 2009,CCCCN1C(=NC(=O)N(C1=C(NC(=O)C2=CC=C(C=C2)C(=O)N3CCCC3)N4CCCC4)CCCC)NC(=O)C5=CC=C(C=C5)C(=O)N6CCCC6
1783,O=c1c2ccc(c(F)c2)c2ccccc2[nH]c2cc(F)ccc12,41 51 55 119 152 203 204 254 314 415 457 465 525 650 699 737 782 788 833 875 957 1088 1114 1117 1181 1199 1299 1348 1357 1380 1410 1423 1487 1494 1573 1615 1626 1638 1649 1653 1668 1670 1715 1733 1745 1750 1783 1840 1855 1860 1873 1894 1928,C1=CC=C2C(=C1)C(=C3C=CC4=C(N3)C=C(C=C4)F)C(=C5C=CC6=C(N5)NC7=C(C6=O)C=CC(=C7)F)N2
1784,Cc1cccc(Nc2cccc3c2C(=CC=CN2CCCNC2=O)C(C(=O)O)NC3=O)c1,35 69 112 120 191 242 301 305 313 314 327 329 352 354 389 416 432 491 522 544 557 564 595 643 650 694 703 725 794 807 819 824 828 840 875 890 926 935 984 1013 1019 1028 1039 1055 1057 1088 1114 1150 1152 1162 1188 1224 1237 1241 1270 1302 1319 1369 1380 1431 1449 1480 1568 1657 1660 1696 1722 1747 1750 1752 1757 1765 1823 1825 1866 1873 1917 1921,CC1=CC(=CC=C1)NC2=CC=CC3=C2C(=O)NC(/C3=C\C=C\C4/C(NC(=O)N4N5CCCN5)C(=O)O)C(=O)O
1785,O=C(c1ccccccc(Sc2ccccc2)cc1)N1CCC1,14 27 63 116 369 389 396 497 504 552 639 650 690 741 750 782 807 811 926 935 938 942 988 1028 1044 1065 1070 1083 1085 1088 1141 1199 1255 1270 1380 1385 1446 1480 1504 1511 1584 1715 1750 1802 1822 1873 1894 1917 1933 1985 2009,C1CN(CCCN(CCCN(CCCN(C1)C(=O)C2=CC=CC=C2)C(=O)C3=CC=CC=C3)C(=O)C4=CC=CC=C4)C(=O)C5=CC=C(C=C5)SC6=CC=CC=C6
1786,CCN1C2=NN3N=C(C(Cl)=CC=C(OC)S2)N(c2ccc(-c4cccc(F)c4)cc2)C31N,34 44 50 55 63 80 95 96 168 230 233 252 258 286 294 328 378 396 470 487 501 526 542 561 574 598 675 695 699 736 785 841 875 876 878 896 935 1034 1039 1057 1060 1065 1088 1118 1134 1160 1171 1233 1249 1307 1328 1372 1380 1404 1415 1416 1419 1443 1453 1487 1536 1572 1661 1670 1683 1750 1764 1778 1785 1825 1873 1923 1928 1953 1956 1964 1969 1993 2015 2026 2033 2044,CCN1C2=NN3C(=NN4C3(N(C(=N4)OC)C5=CC=C(C=C5)C6=CC(=CC=C6)F)N)N(C2=CC=C(C17N(C(=C(S7)OC)OC)CC)Cl)CC
1787,CC(C)(C)C1(C)OC(=O)C2=CC1=C2,84 102 114 122 150 170 219 314 392 441 468 604 611 627 650 656 715 742 881 944 955 961 966 1057 1060 1088 1104 1240 1274 1282 1283 1380 1449 1519 1640 1704 1793 1873 1874 1878 2043,CC1(C(=CC2=CC3=CC(=O)OC3(C(C)(C)C)C(C)(C)C)C=C4C=C5C(=CC(=C2)C(=O)O1)C(OC5=O)(C)C(C)(C)C)N(C(C)(C)C)C(C)(C)C
1788,CN(C)CCN(Cc1ccccc1)Cc1cccc(C#N)n1,31 80 139 166 172 251 285 315 330 351 378 389 453 507 517 570 626 629 652 671 674 693 718 724 790 867 881 908 946 1008 1039 1057 1066 1088 1113 1128 1136 1147 1163 1170 1199 1225 1230 1263 1380 1384 1428 1539 1557 1567 1618 1639 1715 1750 1754 1802 1848 1855 1873 1951,CN(C)CCN(CC1=CC=CC=C1)CC2=NC(=CC=C2)CN(CC3=CC=CC=C3)CC4=CC=CC(=N4)CN(CC5=CC=CC=C5)C#C[Si](C)(C)C
1789,CC(C)(CCC1CC2CCN1CC2)OC(=O)C1=CC=C1F,69 80 99 104 114 120 145 231 266 300 307 392 414 531 544 593 620 650 663 695 699 716 749 807 820 832 840 859 911 923 926 935 979 1019 1040 1048 1057 1069 1123 1229 1232 1249 1292 1308 1325 1380 1388 1427 1446 1472 1478 1480 1552 1567 1620 1823 1854 1862 1873 1894 1917 1928 2008,CC(C)(CCC1CC2CCN1CC2)OC(=O)C3=C[CH][CH][C]3C(=O)OC(C)(C)C4=C[CH][CH][CH]4
1790,CCCCCCCCCC(=O)C(C)=O,31 80 104 150 171 248 294 336 422 484 554 557 591 636 650 715 790 794 807 841 961 1005 1017 1036 1057 1062 1143 1267 1273 1444 1540 1564 1687 1778 1911 1917,CCCCCCCCCCCCCCCCCC(=O)/C(=C(\C)/C(=O)C)/C(=C(\C)/C(=O)C)/C(=C(\C)/[O-])/C(=O)CCC(=O)C(=O)CCC
1791,O=C1OC(=O)c2cc(OCCCC3CCCCC3)ccc21,2 13 29 80 114 144 169 292 309 314 322 352 442 480 484 536 650 656 680 695 712 718 731 832 875 890 926 1019 1028 1034 1088 1094 1107 1121 1185 1325 1328 1334 1380 1413 1452 1498 1501 1527 1557 1588 1750 1810 1821 1866 1873 1887 1890 1911 1975,C1CCC(CC1)CCCOC2=CC3=C(C=C2)C(=O)OP34(C5=C(C=CC(=C5)OCCCC6CCCCC6)C(=O)O4)OCCCC7CCCCC7
1792,COc1ccc(C(=O)NCCC(=O)N(C)C)cc1,8 24 80 197 212 258 322 363 437 486 650 667 695 714 718 779 781 807 821 831 841 881 937 1033 1057 1074 1109 1144 1152 1163 1215 1238 1271 1355 1380 1385 1419 1536 1564 1653 1665 1750 1809 1873 1917 1930 1941 1957,CN(C)C(=O)CCNC(=O)C1=CC=C(C=C1)OOC2=CC=C(C=C2)OOC
1793,NC(=O)Cc1ccc(Nc2ccccc2)c(-c2ccc(O)cc2)c1,73 80 123 140 147 191 222 235 307 310 325 352 389 424 491 575 581 635 650 678 703 745 791 807 819 875 896 897 919 984 1088 1096 1107 1120 1152 1160 1165 1171 1199 1224 1313 1333 1380 1461 1524 1539 1569 1602 1754 1761 1778 1793 1809 1822 1856 1873 1880 1890 1898 1917 1965,C1=CC=C(C=C1)NC2=C(C=C(C=C2)CC(=O)N)NP3(C4=CC=CC=C4C(=C3NC5=C(C=C(C=C5)CC(=O)N)C6=CC=C(C=C6)O)C7=CC=C(C=C7)O)(N)N
1794,CCCOc1ccc2cc1C1CCN(C(=O)OC(C)(C)C)C(=O)N1C2=O,13 76 80 92 94 114 137 151 231 241 294 314 318 382 392 650 652 695 716 781 794 807 836 846 870 875 879 896 912 926 933 935 1003 1019 1027 1057 1065 1100 1117 1182 1202 1275 1312 1313 1325 1380 1387 1448 1452 1456 1480 1498 1510 1518 1540 1574 1708 1710 1750 1824 1859 1868 1873 1887 1917 1922 1970 1999,CCCOC1=C2C=C(C(=CC2=C(C=C1)OCCC)OCCC)C3CCN(C(=O)N3C4CCN(C(=O)N4C(=O)OC(C)(C)C)C(=O)OC(C)(C)C)C(=O)OC(C)(C)C
1795,COc1ccc2nc3n(c(=O)c2c1)-c1ccc(cc1)-c1ccc(C(F)(F)F)cc1CCN3C(C)(C)C,27 58 60 114 118 121 144 213 222 233 270 288 314 322 352 378 389 392 401 404 408 414 420 496 504 650 680 695 718 733 773 781 789 792 809 841 863 875 896 926 935 961 1015 1057 1097 1107 1160 1236 1260 1357 1365 1380 1409 1417 1453 1480 1489 1522 1536 1546 1560 1585 1602 1605 1665 1738 1750 1758 1814 1825 1855 1873 1888 1928 1937 1972 1974 1993 2045,CC(C)(C)N1CCC2=C(C1=O)C=CC(=C2)N3C(=NC4=C(C3=O)C=C(C=C4)C(F)(F)F)[N+](CC(F)(F)F)(C(F)(F)F)C5=CC=C(C=C5)C6=C(C=C(C=C6)OC)OC
1796,CN(C(N)=O)C(=O)Nc1ccc(C=CC=COc2ccccc2)cc1,25 26 39 56 73 80 140 167 168 186 191 193 273 322 330 366 368 372 389 432 479 481 562 582 627 637 650 688 694 695 713 721 807 835 843 878 881 1057 1069 1077 1088 1152 1163 1171 1199 1235 1243 1301 1312 1380 1427 1493 1505 1750 1796 1808 1816 1870 1873 1917 1982 2025 2029 2033 2038,CN(/C(=C/C[P+](C1=CC=CC=C1)(C2=CC=CC=C2)C3=CC=CC=C3)/N(C)C(=O)NC4=CC=C(C=C4)/C=C/C=C/OC5=CC=CC=C5)C(=O)N
1797,O=S1(=O)NC2=NN=C3N=NC(=CC=CC3S2)c2cccc1c2,38 111 140 207 221 254 255 270 378 469 486 521 614 650 653 675 691 696 736 759 840 862 875 949 974 977 1000 1019 1026 1039 1083 1088 1092 1114 1118 1124 1160 1249 1288 1380 1404 1443 1459 1471 1477 1488 1559 1586 1595 1750 1765 1786 1825 1873 1904 1921 1923 1931 1940 2021,C1=CC2C(=C1)SC3=CC(=CC4=C3N=NC5=CC=CC(=C5)S(=O)(=O)NS4(=O)=O)C6=NN=NC7=CC=CC(=C76)S2
1798,O=C(CCN1CCCCC1)N1CCCN(C(=O)C2=CC=C3c4cc5ccccc5cc4C(=O)N3C2)C1=O,2 16 72 80 92 104 161 258 269 314 322 330 352 493 502 566 569 650 663 729 772 780 807 823 862 873 875 879 922 926 935 994 997 1008 1009 1012 1028 1083 1087 1088 1145 1152 1159 1199 1214 1215 1231 1237 1249 1274 1380 1387 1388 1422 1457 1480 1482 1504 1519 1528 1564 1719 1750 1791 1795 1814 1824 1829 1855 1873 1917 1924 1946 1998 2022,C1CCN(CC1)CCC(=O)N2CCCN(C2=O)C(=O)C3=CC=C4C(=CC=CN4C(=O)C5=CC6=CC=CC=C6C=C5)N(C3)C(=O)C7=CC8=CC=CC=C8C=C7
1799,CC(=O)Nc1cccc(-c2c[nH]c3nc4ccc(Cl)cc4cc23)c1,13 97 155 165 184 191 216 221 245 262 303 352 365 378 380 461 530 550 561 629 634 650 671 703 736 744 795 806 807 816 849 875 947 961 1017 1039 1057 1088 1097 1114 1135 1152 1160 1186 1236 1333 1341 1347 1357 1380 1383 1463 1491 1526 1612 1639 1660 1683 1750 1816 1855 1873 1879 1880 1892 1901 1914 1917 1951 1984,[B](C1=CC2=CC3=C(NC=C3C4=CC(=CC=C4)NC(=O)C)N=C2C=C1)C5=CC6=CC7=C(C=CC(=C7)Cl)N=C6C=C5
1800,O=C1CCN(S(=O)(=O)c2ccccc2)CN1c1cccc2ccc3ccccc3c12,196 203 242 314 319 337 340 350 362 374 389 562 575 585 650 719 725 739 750 757 772 798 800 877 918 926 935 1039 1087 1088 1104 1199 1295 1318 1327 1357 1380 1389 1457 1476 1479 1480 1573 1647 1668 1679 1738 1750 1765 1805 1855 1870 1873 1886 1933 1980 1984,C1CN(CN(C1=O)C2=CC=CC3=C2C4=C(C=CC=C4N5CN(CC5=O)S(=O)(=O)C6=CC=CC=C6)C=C3)S(=O)(=O)C7=CC=CC=C7
1801,CC(=O)N1C(=O)N(CCCC2CCCC2)C(=O)C1CC(=O)C(F)(F)F,5 29 77 80 92 99 114 230 292 314 351 474 476 484 490 564 576 650 666 701 712 807 832 844 863 874 890 904 926 935 1004 1005 1017 1019 1028 1029 1057 1058 1060 1102 1118 1122 1145 1300 1325 1367 1380 1424 1435 1453 1470 1503 1546 1752 1762 1765 1805 1835 1911 1917 1928 1984 1992 2005 2007,CC(=O)N1C(C(=O)N(C1=O)C(=O)C)C(C(=O)C(F)(F)F)(C(F)(F)F)N2C(=O)C(N(C2=O)O)CCCN3C(=O)C(N(C3=O)O)CC(=O)C(F)(F)F
1802,O=C(OCCc1ccc2c(=O)c2c1)c1ccc([N+](=O)[O-])cc1,13 14 72 80 104 113 145 147 184 260 274 307 310 313 314 437 523 525 529 606 650 656 695 715 753 769 807 838 863 875 898 937 947 1027 1104 1195 1196 1202 1243 1274 1359 1380 1385 1499 1522 1539 1592 1689 1690 1695 1697 1733 1750 1754 1809 1814 1846 1873 1917 1963 2017 2023,C1=CC(=CC=C1C(=O)OCCC2=CC3=C(C=C2)C(=O)C4=C([NH+]3COC(=O)C5=CC=C(C=C5)[N+](=O)[O-])C=C(C=C4)CCOC(=O)C6=CC=C(C=C6)[N+](=O)[O-])[N+](=O)[O-]
1803,O=C(O)c1ccc(Oc2ccc3oc4cc5c6cc5cc4oc(=O)c3c2CCOc2cccc(c2)O6)cc1,72 80 94 106 175 193 214 240 302 305 306 314 322 326 361 372 384 389 441 450 456 510 518 550 554 604 650 656 688 695 718 754 807 875 926 950 990 1020 1025 1039 1080 1088 1138 1237 1243 1245 1336 1337 1343 1357 1380 1385 1415 1449 1466 1468 1526 1535 1604 1617 1644 1668 1697 1704 1738 1750 1753 1808 1810 1855 1873 1905 1913 1917 1922 1940 1941 1970 1984,C1COC2=CC3=C4C(=C21)C5=C(C=CC(=C5)C(=O)O)OC4=C(C=C3)OC6=CC7=C8C(=COC8=CC=C7)C=C6OC9=CC=C(C=C9)C(=O)O
1804,CN(c1ccccc1)c1cc2ccc(-c3ccc4c(Br)cccn34)cc2[nH]c1=O,26 45 57 95 96 119 128 203 250 288 305 314 372 389 394 441 545 564 580 600 650 708 728 750 796 806 810 833 875 881 896 935 951 1057 1088 1096 1101 1114 1135 1142 1147 1160 1163 1199 1201 1207 1235 1354 1380 1459 1519 1567 1581 1631 1643 1679 1692 1719 1745 1750 1794 1827 1854 1855 1859 1873 1945 1969 2018 2021,CN(C1=CC=CC=C1)C2=CC3=C(C=C(C=C3)C4=CC=CN4C5=CC6=C(C=C5)N7C=CC=C(C7=N6)[Se]C8=CC=CC=C8Br)NC2=O
1805,O=C1C(=O)c2ccccc2C(=O)N(Cc2cccc(Cl)c2)CCN(c2ccccc2)CCCc2ccccc21,1 80 165 216 295 314 325 352 374 387 389 407 462 468 507 556 561 592 650 680 687 725 744 789 875 879 891 926 935 943 984 985 1028 1038 1039 1049 1066 1088 1089 1138 1199 1207 1225 1236 1312 1355 1380 1405 1449 1476 1480 1496 1508 1683 1708 1738 1750 1754 1757 1765 1825 1844 1873 1882 1920 1992,C1CC2=CC=CC=C2C(=O)N(C1)CC(=NC3=CC=C4C(=O)N(CCN(C4=O)C5=CC=CC=C5)CC6=CC(=CC=C6)Cl)N7CCN(CC7)C8=CC=CC=C8
1806,O=C1NC(=Cc2cccc(Cl)c2-c2ccsc2)C=CC=C(Cl)C2=CC=C3N(CC(=O)N3c3ccccc32)Cc2ccccc21,5 14 37 44 137 142 169 179 246 267 281 292 314 345 352 366 407 418 441 476 547 552 561 564 597 650 657 675 694 798 862 926 935 939 961 974 984 987 1015 1020 1029 1039 1060 1088 1114 1152 1160 1167 1173 1199 1218 1236 1249 1274 1289 1295 1298 1314 1336 1338 1380 1498 1520 1556 1586 1619 1647 1657 1663 1683 1686 1701 1731 1747 1750 1758 1769 1806 1873 1879 1892 1909 1946 2015,C1C2=CNC=C2/C(=C/C3=C(C(=CC=C3)Cl)C4=CSC=C4)/C5=C6C=CC=C(C6=C7N1C(=O)N(C7=O)C8=CC=CC=C8C(=O)N7)C9=CC=CSC=C9
1807,CC1NC1c1ncc[nH]1,39 165 310 339 343 367 378 387 586 773 806 898 1019 1057 1094 1110 1114 1156 1172 1212 1249 1285 1303 1309 1380 1452 1506 1601 1603 1792 1866 1873 1893 1915 1951,CC1C(NC(C(N1)C2=NC=CN2)C3=NC=CN3)NC4C(NC(C(N4)C)C5=CC=CN5)C
1808,CC(=O)c1ccc2c(n1)S2(=O)=O,116 136 157 207 327 378 469 479 523 575 611 636 650 674 710 761 807 854 855 896 924 926 956 962 1005 1017 1057 1132 1181 1203 1334 1380 1420 1481 1697 1699 1738 1750 1772 1794 1820 1855 1873 1917 1948 2022 2042,CC(=O)C1=NC2=C(C=C1)S(=O)(=O)C(=C=C3CCC(=C=S=C(C(=O)C)C(=O)C)CC3)S2(=O)=O
1809,O=C(C1=NC(CC2CCCC2)CCC1)N1CCCC1,29 80 106 152 154 243 247 356 369 370 378 400 426 473 484 491 505 524 591 650 713 719 743 807 824 890 926 935 942 962 963 1016 1019 1028 1045 1069 1095 1115 1325 1364 1376 1380 1466 1472 1480 1499 1504 1517 1556 1738 1777 1790 1878 1917 2009,C1CCC(C1)CC2CCCC(=N2)C(=O)N3CCCC(=C3)C4CCCC(=N4)C(=O)N5CCCC5=C6CCCC6CC7CCCC7
1810,Cc1ccccc1-n1c(-c2nnnn2-c2cc(F)ccn2)nc2c1C(C(C)N(C)C)C(=O)N2,1 11 84 186 198 210 242 257 283 314 378 504 511 527 530 533 577 589 599 650 699 701 705 778 787 788 857 873 875 881 907 910 915 920 935 944 978 1019 1034 1057 1060 1072 1088 1114 1163 1164 1199 1280 1285 1288 1295 1380 1391 1423 1452 1487 1552 1590 1647 1670 1692 1722 1748 1750 1768 1783 1805 1834 1852 1855 1866 1873 1917 1928 1930 1950 1978 1993 1999 2031,CC1=CC=CC=C1N2C(=NN=N2)C3=CC(=NC=C3)N4C(=O)C(=C5C=C(C(=O)N5)C)C(C4=O)C(C6CC6)N(C)C
1811,COC(=O)c1cccc(C(=Cc2ccc(Cl)cc2Cl)NC(C)=O)c1,20 65 93 145 151 165 177 216 245 258 287 316 366 469 473 511 561 650 662 666 694 695 727 751 807 816 841 875 904 906 921 961 976 1017 1039 1057 1088 1097 1119 1152 1195 1209 1341 1348 1380 1385 1683 1715 1746 1750 1788 1865 1873 1917 1954 1985 2009,C/C(=C(/C1=CC(=CC=C1)C(=O)OC)\NC(=O)C)/OC(=O)O/C(=C/C2=C(C=C(C=C2)Cl)Cl)/C3=CC(=CC=C3)C(=O)OC
1812,CC(C)(C)C(C(=O)N1Cc2ccccc2CC1C1CC2CCCC2CO1)N1CCCCC1,1 2 108 114 156 242 246 276 319 392 513 580 585 628 650 656 741 762 802 807 847 903 922 926 935 956 987 1019 1028 1044 1057 1063 1088 1111 1157 1199 1236 1265 1292 1325 1380 1420 1480 1488 1527 1532 1557 1577 1641 1671 1682 1689 1700 1708 1729 1750 1773 1801 1804 1819 1821 1838 1873 1917 1923 1946 1962 1998,CC(C)(C)[C@@H](C(=O)N1CC2=CC=CC=C2C[C@H]1[C@H]3CCC[C@H]4N3CCC[C@H]4[C@H]5CO5)N6CC7=CC=CC=C7C6
1813,COc1cccc2c3cccc1[nH]c(=O)n1nc-3n2CC1,45 119 165 249 257 276 278 314 330 336 352 378 382 403 426 541 610 650 665 695 712 751 758 791 841 845 906 913 926 935 984 987 1039 1046 1051 1057 1088 1108 1114 1131 1285 1301 1355 1380 1410 1453 1480 1496 1499 1536 1559 1599 1674 1687 1722 1745 1750 1783 1844 1851 1873 1931 1956 1970,CC1=NN2CC[N+](C3=C(C=CC=C3OC)C(=O)C2=N1)(C)C4=CC=CC5=C4[N+](CCN6C5=CC=CC6=O)(C)[CH2-]
1814,CCN(C(=O)c1ccncc1)c1nnc(Cc2ccccc2)n1C,38 44 80 93 113 294 318 344 378 383 389 427 497 548 564 587 601 650 742 783 807 881 932 935 989 1043 1057 1063 1066 1088 1100 1121 1145 1155 1164 1199 1208 1221 1224 1229 1380 1385 1430 1603 1620 1668 1737 1750 1754 1789 1866 1873 1972 1980 1990 2016 2021,CCN(C1=C(N2C(=NN=C2N1C)CC3=CC=CC=C3)N(CC)C(=O)C4=CC=NC=C4)N(C(=O)C5=CC=NC=C5)C(=O)C6=CC=NC=C6
1815,FC(F)(F)C(F)(F)C1=C2C3=C1C(F)(F)C23C(F)(F)C(F)(F)F,54 56 59 114 144 186 251 304 369 431 509 556 632 755 863 954 962 1009 1018 1047 1048 1060 1062 1130 1248 1265 1362 1367 1380 1453 1465 1506 1535 1548 1582 1648 1672 1812 1882 1892 1928 2018 2030,C12=C(C(C1(F)F)(F)F)[Si](C(C2(F)F)(F)F)(C(C(F)(F)F)(F)F)[Si]3([Si]([Si]([Si]([Si]([Si]3(C(C(F)(F)F)(F)F)(F)F)(F)F)(F)F)(F)F)(F)F)F
1816,COc1c2c3ccc1cc3CCCCN1CCCC3C(CCC31)C1CCCCN1C2=O,20 47 203 242 310 314 333 335 446 522 556 610 622 634 645 646 650 684 695 841 865 875 879 890 911 926 935 937 955 968 969 1019 1028 1057 1190 1206 1215 1236 1253 1325 1342 1357 1380 1388 1433 1438 1480 1486 1524 1536 1599 1620 1628 1644 1654 1681 1689 1733 1738 1747 1750 1799 1854 1855 1860 1873 1913 1955 1982 1991 1996 1998,COC1C2CCCN3C2CCC3C1C4CCC5C4CCCN5C6=C(C7=C(C=C6)C=C8CCCCC8=C7)OC
1817,CCOc1c(F)ccc2c1c(C)nn2CC(C)N1C(=O)c2cccc(c2)S1(=O)=O,1 36 45 91 92 140 158 182 207 216 237 249 283 294 314 333 363 378 469 635 643 650 695 699 736 745 789 875 879 931 933 935 949 990 1039 1057 1088 1147 1160 1238 1325 1371 1372 1378 1380 1452 1459 1513 1553 1577 1587 1610 1650 1665 1706 1722 1750 1817 1840 1863 1873 1922 1923 1928 1956 1984 2006 2021,CCOC1=C(C=CC2=C1C(=NN2CC(C)N3C(=O)C4=CC(=CC=C4)S3(=O)=O)C)F
1818,O=C1NCCCN1CCCCN(CC1=CC=C(Cl)CC1)S(=O)(=O)c1ccccc1,17 80 159 209 248 282 290 300 305 314 319 337 341 350 352 363 370 389 507 561 575 589 608 644 650 723 763 807 815 881 893 917 935 943 950 951 1028 1088 1089 1114 1123 1145 1150 1170 1178 1199 1245 1249 1288 1302 1328 1336 1380 1402 1408 1421 1424 1458 1476 1478 1480 1669 1676 1683 1738 1750 1824 1866 1873 1911 1921 1936 1946 1951 1955,C1CNC(=O)N(C1)CCCCN(CC2=CC=C(CCN2CCCN3CCCNC3=O)Cl)S(=O)(=O)C4=CC=CC=C4
1819,CON=NN=C1CCCC1NC(=O)c1ccc(OC)cc1,46 322 387 391 403 445 469 473 476 486 650 695 718 725 781 807 831 841 864 920 922 926 1019 1020 1022 1028 1057 1091 1101 1152 1180 1181 1221 1249 1325 1380 1385 1405 1422 1460 1468 1520 1536 1621 1644 1665 1697 1723 1738 1750 1873 1878 1908 1917 1976 1995 2000,COC1=CC=C(C=C1)C(=NN=C2CCCC2NC(=O)C3=CC=C(C=C3)OC)C4=CC=C(C=C4)C(=O)NC5CCCC5=NN=NOC
1820,CCCC(=O)Nc1c(NC(N)=O)nc(SCc2ccccc2)n2c1nc1cc(Cl)ccc12,34 41 45 80 116 140 165 177 216 230 248 280 294 341 378 381 389 405 463 488 536 548 561 623 650 673 675 708 747 762 764 794 807 810 816 875 889 899 935 942 944 1048 1057 1066 1088 1097 1152 1171 1199 1200 1252 1283 1342 1357 1374 1380 1382 1394 1437 1506 1526 1564 1625 1639 1643 1683 1696 1716 1731 1750 1754 1816 1855 1873 1917 1981 1993 2021,CCCC(=O)NC1=C(C2=NC(=C(N2C3=C1C=C(C=C3)Cl)NC(=O)N)NC(=O)N)N4C5=C(C=C(C=C5)Cl)N=C4SCC6=CC=CC=C6
1821,C=CC=C1C(=O)N2CCC1(OC(C)=O)C2,106 177 198 233 282 314 338 407 479 491 511 602 636 650 657 694 695 729 784 801 807 879 890 926 935 958 1017 1035 1045 1057 1060 1153 1162 1196 1226 1350 1366 1380 1453 1480 1640 1645 1681 1767 1782 1917 1971,C/C(=C\C=C\1/C(=O)N2CCC1(C2)OC(=O)C)/C3(CCN(C3)/C(=C/C=C)/C(=O)C)OC(=O)C
1822,Cc1c(C(=O)NCC(C)(C)C)c(=O)c2ccccc2n1C,45 80 114 197 198 314 339 344 384 392 486 525 564 567 571 586 634 650 679 743 746 789 791 807 935 979 997 1004 1009 1057 1088 1107 1117 1145 1152 1199 1285 1304 1357 1364 1380 1396 1429 1490 1529 1573 1660 1716 1717 1722 1726 1749 1750 1766 1771 1867 1873 1917 1993,[B](CNCC(C)(C)C)N1C(=C(C(=O)C2=CC=CC=C21)C(=O)NCC(C)(C)C)C
1823,COc1ccc(-c2cnc3nc(C)c(CCCC(=O)O)c(C)n23)cc1,28 30 71 80 92 142 148 261 279 311 322 336 378 389 412 476 518 548 621 650 695 718 781 807 831 841 849 856 896 906 935 936 955 1057 1110 1123 1160 1193 1217 1243 1287 1380 1408 1443 1446 1452 1519 1535 1536 1564 1692 1722 1737 1741 1750 1766 1789 1855 1873 1911 1917 1928 1943 2034,CC1=C(C(=NC2=NC(=C(N12)C)[Se]C3=NC=C(N3F)C4=CC=C(C=C4)OC)C)CCCC(=O)O
1824,Cc1ccc(CN(CCc2ccccc2C#N)S(=O)(=O)c2ccncc2)cc1,17 21 30 57 80 235 273 282 310 319 350 361 378 383 445 454 507 530 594 650 674 702 727 736 790 815 844 847 881 894 998 1052 1057 1062 1067 1088 1127 1136 1147 1199 1208 1241 1243 1255 1328 1334 1349 1380 1381 1384 1476 1508 1542 1592 1596 1597 1603 1722 1750 1754 1788 1823 1849 1862 1866 1873 1906 1920 1946 1951,CC1=CC=C(C=C1)CN(CCC2=CC=CC=C2C#N)S(=O)(=O)C3=CC=C(C=C3)C[Se]C4=NS(=NN=S=O)N=C4C
1825,COC(=O)c1sc(Sc2nccs2)c(C(=O)N2CCC(C(C)C)CC2)c1C(=O)Nc1ccccc1,1 14 33 41 116 119 145 152 162 191 253 283 294 299 378 389 447 486 496 531 552 554 586 610 650 652 675 695 696 699 703 732 743 748 781 807 833 841 906 907 926 935 942 955 980 982 999 1019 1057 1077 1088 1136 1152 1160 1199 1249 1293 1318 1325 1359 1380 1452 1480 1504 1567 1606 1630 1732 1750 1796 1816 1866 1873 1917 1929 1975 1978 1999 2009,CC(C)C1CCN(CC1)C(=O)C2=C(C(=C(S2)SC3=NC=CS3)C(=O)N4CCC(CC4)OC5=NC=CS5)C(=O)OC
1826,Nc1nnc(NC(=O)C2=CC(Cl)=CC([N+](=O)[O-])=CC(OCC(=O)O)=C2)o1,55 80 84 180 187 255 283 378 383 389 400 409 486 561 626 636 650 656 684 695 715 719 753 755 789 795 807 814 822 833 838 870 962 1024 1066 1079 1080 1152 1164 1171 1195 1250 1288 1334 1346 1380 1384 1385 1440 1452 1457 1458 1523 1534 1604 1651 1657 1683 1733 1737 1816 1873 1875 1883 1917 1921 1954 1963 2004 2024 2043,C1=C(C=C(C(=C1[N+](=O)[O-])C(=O)NC2=NN=C(O2)NC(=O)C3=C(N=NO3)NC(=O)C4=C(C=C(ON4N)Cl)[N+](=O)[O-])OCC(=O)O)Cl
1827,COc1ccc2ccc3ccc(S(=O)(=O)NCc4ccccc4)cc3[nH]c(=O)[nH]c2c1,29 49 73 80 119 130 198 203 255 314 317 319 322 350 389 474 502 520 638 650 695 715 718 768 781 841 845 862 875 917 926 965 1057 1066 1075 1079 1080 1088 1114 1152 1199 1205 1310 1380 1476 1536 1544 1617 1621 1626 1744 1745 1750 1754 1855 1873 1951 1972 2004,COC1=CC2=C(C=C1)C=[NH+]N2C3=CC4=C(N3)C=C(C=C4)S(=O)(=O)NCC5=CC=CC=C5
1828,CC(=O)N(CCC(O)COC(F)(F)C(F)(F)F)C(=O)NCCOc1cc(C(F)(F)F)c(F)c(=O)[nH]1,1 13 15 40 59 68 76 80 86 114 118 193 197 217 227 243 262 297 301 312 314 367 419 442 448 456 490 576 616 618 650 653 667 685 695 699 739 750 763 792 797 807 809 836 875 881 1017 1029 1057 1103 1114 1135 1138 1152 1177 1247 1332 1380 1390 1445 1452 1453 1523 1588 1589 1597 1624 1648 1745 1783 1790 1873 1917 1928 1947 1951 2020 2038,CC(=O)N(CCC(COC(C(F)(F)F)(F)F)O)C(=O)NCCONC1=C(C(=C2C(=C1)C(C(N2)(F)F)(F)F)F)F
1829,CCCN(CC(=O)Nc1ccccc1)c1ccc(C(=O)N2CCCCC2=O)cc1C#N,41 46 80 115 139 191 268 294 309 310 314 327 361 370 389 459 581 618 650 674 683 703 782 790 794 798 807 875 881 901 905 926 935 1001 1028 1057 1077 1088 1101 1136 1152 1182 1190 1199 1205 1215 1220 1304 1307 1310 1380 1384 1385 1387 1396 1400 1480 1504 1539 1545 1603 1621 1676 1687 1693 1697 1738 1750 1761 1816 1862 1873 1917 1951 1971 1998 2018 2029,CCCN(CC(=O)NC1=CC=CC=C1)C2=C(C=C(C=C2)C(=O)N3CCCCC3=O)C(=O)CC(=O)N4CCCCC4=O
1830,CC1(C)CCN(CCNC(=O)c2c([N+](=O)[O-])c2=O)C1,8 80 81 83 197 221 245 252 290 314 317 334 485 486 504 525 530 586 602 650 667 714 715 720 753 807 838 888 895 926 935 1003 1013 1027 1057 1060 1074 1110 1134 1145 1152 1162 1191 1195 1260 1274 1280 1333 1380 1412 1468 1480 1487 1490 1589 1601 1740 1762 1791 1832 1917 1963 2001 2037,CC1(CN(C2(CCN(CC2)CCNC(=O)C3=C(C(=O)C3=O)[N+](=O)[O-])N(C1)C)C)C
1831,CCN(C)C(=O)CCN1CCN(c2cc3nc-3oc3ccc(Cl)cc3c2)C1=O,55 80 87 92 165 185 212 216 267 269 294 295 296 314 334 371 372 378 448 561 650 656 667 686 744 799 807 811 816 849 875 881 883 926 928 932 935 950 953 956 980 1047 1049 1055 1057 1089 1095 1145 1163 1170 1178 1191 1223 1237 1238 1278 1334 1380 1395 1446 1457 1474 1480 1537 1604 1647 1663 1683 1701 1749 1750 1808 1810 1825 1855 1873 1905 1912 1917,CCN(C)C(=O)CN1CCN(C1=O)C2=CC3=NC(=C2)ON4CCN(C4=O)CCN5CCN(C5=O)C6=CC7=C(O6)C=CC(=C7)Cl
1832,O=C(Nc1nccs1)NS(=O)(=O)c1ccc(C(F)(F)F)cc1,4 14 49 86 114 184 265 268 307 319 331 337 345 350 360 378 382 383 385 397 501 502 554 595 650 667 675 715 807 809 883 902 931 1017 1152 1158 1197 1210 1260 1270 1285 1380 1400 1417 1452 1453 1476 1537 1567 1606 1643 1665 1749 1750 1808 1816 1864 1866 1873 1917 1928 1929 1989,C1=CC(=CC=C1C(F)(F)F)S(=O)(=O)NC(=O)C(=C2N=NN=N2)NS(=O)(=O)C3=CC=C(C=C3)S(=O)(=O)NC4=NC=CS4
1833,COC1=CC(C(=O)OCCCCC2CCCC2)=C2SC(C(=O)N3CCCCC3=O)=C1[N+]2=O,13 29 52 58 80 84 114 130 136 145 147 173 188 198 282 289 310 314 334 400 421 428 459 463 484 530 602 634 650 675 695 712 725 787 798 807 832 841 890 897 935 1019 1028 1033 1057 1161 1182 1215 1220 1237 1240 1249 1322 1324 1325 1359 1380 1387 1396 1420 1480 1488 1504 1536 1558 1592 1612 1697 1734 1738 1845 1873 1877 1911 1917 1998 2044,COC1=CC2=C(C=C1C(=O)OCCCCC3CCCC3)[N+](=O)C(=C(S2)C(=O)N4CCCCC4=O)/N=C(\N5CCCCC5=O)/OC
1834,CCCCCCc1nc(C(=O)N2CCOCC2)c[nH]1,11 45 80 82 83 138 294 373 378 419 471 523 591 607 649 650 651 656 665 701 764 794 806 807 815 855 926 935 942 950 970 973 1057 1062 1072 1104 1114 1125 1143 1161 1184 1193 1243 1345 1380 1405 1441 1444 1471 1480 1504 1606 1630 1647 1660 1704 1757 1770 1855 1873 1879 1911 1917 2009,CCCCCCCCCCCCCCCCCC1=NC(=CN1)C(=O)N2CCN(CC2)P(N3CCOCC3)N4CCN(CC4)C(=O)C5=CNC(=N5)C(=O)N6CCOCC6
1835,O=C1NCCC(SCCCC2CN(S(=O)(=O)c3cccc(C(F)(F)F)c3)CCN2C(=O)c2ccccc2)O1,80 114 116 242 268 283 305 314 319 336 350 359 377 389 465 519 555 556 575 585 605 629 650 656 668 739 750 757 765 800 807 809 832 861 875 879 925 926 935 1019 1039 1067 1088 1114 1182 1212 1260 1288 1325 1342 1380 1385 1417 1421 1427 1453 1461 1462 1476 1480 1504 1511 1521 1522 1552 1573 1617 1729 1749 1750 1823 1836 1842 1866 1873 1911 1917 1928 1985 1999 2017 2028 2029 2033 2037,C1CNC(=O)OC1SCCCC2CN(CCN2C(=O)C3=CC=CC=C3)S(=O)(=O)C4=CC=CC(=C4)C(F)(F)F
1836,CN(C(=O)CCC(=O)N1CCOCC1)C(=O)N(C)C(=O)c1cc(Cl)c2ccccc2c1,11 80 228 229 281 294 324 366 374 401 420 422 523 542 561 587 607 650 656 688 704 717 747 750 760 782 807 836 852 875 881 926 935 950 996 1009 1021 1057 1087 1088 1158 1163 1199 1221 1238 1285 1313 1334 1349 1352 1357 1373 1380 1385 1405 1431 1441 1480 1564 1573 1574 1637 1641 1648 1683 1750 1771 1792 1855 1873 1917 1950 1951 1975 1984 2009 2029,CCN1C(=C(C(=C(O1)C(=O)N(C)C(=O)CCC(=O)N2CCOCC2)C(=O)N(C)C(=O)C3=CC4=CC=CC=C4C(=C3)Cl)C(=O)N(C)C(=O)N5CCOCC5)Cl
1837,CCOC(=O)C(NC(=O)N1CSc2nc(N3CCCCC3)n(C)c2C1=O)C(C)(C)C,1 2 12 24 48 80 114 117 118 131 147 157 159 199 218 219 289 294 314 378 392 407 438 490 499 564 621 633 650 660 675 676 680 682 695 711 721 729 759 788 807 847 849 852 879 926 935 1019 1028 1030 1057 1145 1152 1154 1209 1238 1339 1365 1374 1380 1387 1401 1423 1480 1507 1638 1660 1686 1722 1773 1818 1855 1917 1982 1998 2038,CCOC(=O)[C@H](C(C)(C)C)NC(=O)N1CSC2=C(C1=O)N(C(=N2)N3CCCCC3)C4=NC5=C(N4C)C(=O)N(CS5)C(=O)N[C@H](C(=O)OCC)C(C)(C)C
1838,CCN(CCN(C(=O)c1ccc(F)cc1)c1cccc(C)n1)C(=O)N(C)C,49 69 80 83 90 96 119 294 378 394 440 449 533 587 614 650 699 715 761 783 807 881 932 978 1008 1039 1053 1057 1065 1088 1134 1163 1168 1198 1203 1209 1221 1275 1380 1385 1404 1407 1410 1424 1463 1534 1635 1648 1653 1670 1697 1722 1731 1750 1764 1855 1868 1873 1890 1900 1917 1918 1928 1951,CCN(CC)C(=O)N(CCN(C1=CC=CC(=N1)C)C(=O)C(=O)N(CCN(CC)C(=O)N(C)C)C(=O)N(C)C)C2=CC=CC(=N2)C
1839,CCCCCCCN(CC)C(=O)c1csc(C)c1C(=O)OP(=O)=O,45 61 73 80 139 145 210 218 273 282 294 313 353 552 583 586 591 593 620 635 650 675 695 714 756 794 807 813 817 865 881 917 928 932 948 978 980 1008 1057 1089 1098 1103 1127 1143 1221 1243 1272 1283 1380 1444 1567 1606 1622 1669 1722 1814 1873 1884 1895 1911 1917 1922 1951 1961 1991 2021 2041,CCCCCCCCN(CC)C(=O)C1=CSC(=C1C(=O)N(CC)CC)P(=O)=O
1840,O=c1n2nc(C3=NN(c4ccc(Cl)cc4)c4cccccc3ccc4)n1CCC2,29 62 156 191 216 233 235 314 378 389 403 481 487 508 561 650 724 736 771 816 818 911 926 929 935 956 987 990 1028 1039 1049 1070 1083 1088 1091 1160 1192 1199 1361 1380 1389 1394 1432 1480 1496 1520 1538 1571 1683 1722 1750 1785 1788 1825 1858 1873 1931 1938 1953 1954 1956 2007,C1CN2C(=NN(C2=O)C3=CC=C(C=C3)Cl)C(=NN(C4=NN(C(=O)N4C1)C5=CC=C(C=C5)Cl)C6=CC=CC=C6)C7=CC=CC=C7
1841,CC(=O)N(CCCCCCN(C(C)=O)c1cccc2ccccc12)C(=O)c1cn(C)nn1,14 49 80 106 146 154 162 226 259 378 393 464 572 654 666 688 741 783 807 855 881 920 935 1017 1039 1047 1055 1057 1086 1087 1088 1104 1138 1143 1145 1149 1164 1199 1221 1252 1272 1355 1357 1362 1380 1479 1510 1539 1573 1588 1648 1669 1694 1738 1750 1761 1762 1783 1807 1873 1911 1917 1951 1955 2003 2006 2018,CC(=O)N(CCCCCN(C1=CC=CC2=CC=CC=C21)C(=O)C3=CN(N=N3)C)C4=NN(N5C4=NN=N5)C
1842,Cc1cccc(CN(C(=O)Nc2nc(N)sc2C=Cc2ccc(Cl)cc2)c2cccc(F)c2)c1,14 25 26 80 93 162 193 216 230 278 288 355 378 452 507 561 569 584 626 627 640 650 675 694 699 708 783 807 816 828 835 875 878 881 892 913 926 1013 1019 1031 1039 1055 1057 1066 1070 1073 1088 1096 1110 1118 1123 1152 1171 1198 1238 1264 1300 1301 1321 1380 1451 1457 1487 1577 1653 1670 1683 1722 1737 1750 1754 1770 1790 1794 1816 1823 1855 1873 1892 1896 1917 1928 1941 1947 1987 2033,CC1=CC(=CC=C1)CN(C2=CC(=CC=C2)F)C(=O)NC3=C(SC(=N3)N)/C=C/C4=CC=C(C=C4)/C=C/C5=CC=C(C=C5)Cl
1843,CCCSc1ncsc(=NC)n1,50 80 116 206 221 287 294 335 336 341 378 405 457 479 539 628 675 724 725 758 794 814 825 863 891 943 1001 1057 1061 1086 1182 1186 1200 1303 1380 1406 1433 1449 1452 1457 1533 1565 1567 1591 1593 1718 1738 1754 1855 1873 1882 1908 1943 1959 1983 2032,CCCSC1=NC(=NC(=N1)SCC2=CSC=N2)SCC(=NC)SCN=[N-]
1844,CCC(=O)Nc1cnc2ccccc2n1,3 41 80 168 193 289 293 294 377 378 613 621 641 650 667 807 833 838 898 945 981 1030 1057 1065 1088 1097 1099 1126 1141 1152 1164 1199 1200 1246 1275 1294 1380 1442 1452 1535 1593 1723 1732 1750 1796 1808 1816 1855 1873 1917 1969,CCC(=O)NC1=NN=C(N=C1)NNC2=NC3=CC=CC=C3N=C2
1845,Cn1nc2n(c1=O)CCCN2c1ccc(C(F)(F)F)cc1-n1cccc1[N+](=O)[O-],53 95 114 116 202 215 219 230 259 314 336 378 384 447 469 564 618 650 713 715 719 753 771 802 809 838 875 909 926 935 948 950 987 1028 1057 1083 1088 1101 1105 1145 1195 1201 1218 1235 1250 1260 1263 1295 1365 1380 1417 1421 1453 1457 1480 1496 1501 1522 1531 1634 1665 1709 1750 1790 1812 1820 1829 1896 1915 1928 1956 1963 1973 1977,CN1C(=NN(C1=O)SN2CCCN3C2=NN(C3=O)C4=C(C=CC(=C4)C(F)(F)F)N5C=CC=C5[N+](=O)[O-])N6C=CC=C6
1846,CC1(C)CCN2C(=O)CCCN3C(=O)C4=CC(=CC=C2C=C4O1)S3(=O)=O,56 84 92 93 207 214 224 236 314 330 349 441 469 518 641 650 656 798 840 879 914 926 935 990 1013 1028 1038 1057 1060 1121 1138 1162 1167 1182 1215 1249 1251 1268 1274 1282 1289 1327 1380 1427 1455 1457 1480 1529 1542 1552 1585 1700 1705 1719 1738 1756 1804 1818 1823 1873 1984 1990 1994 2026,CC1(CCC2=C(O1)C=C3C(=C2)S(=O)(=O)N4C3=CC=C5C4(N6C(=O)CCC6=O)N7C(=O)CCC7=O)C
1847,CC(O)C(O)C1C2CCCC2CCN1CCc1ccccc1,1 80 120 125 135 191 227 243 276 283 330 343 389 461 541 579 585 599 622 727 760 762 801 807 825 861 864 926 935 937 980 1019 1028 1045 1057 1063 1066 1088 1108 1144 1145 1192 1199 1201 1243 1252 1325 1338 1380 1409 1423 1468 1480 1543 1587 1677 1693 1740 1750 1754 1794 1798 1831 1850 1873 1950 1953 1985 1999 2001 2022,CC(C(C)O)C(C(C)O)N1CCC(C1C(C(C)O)C(C2C3CCCC3CCN2CCC4=CC=CC=C4)O)C5CCCC6C5N(CC6)CCC7=CC=CC=C7
1848,Cc1ccc(C(=CC=CC(=O)O)C(=O)O)cc1,31 235 257 367 389 397 412 432 446 469 600 616 650 684 807 941 971 974 976 1057 1059 1135 1137 1170 1239 1319 1380 1385 1418 1422 1469 1532 1601 1626 1697 1706 1722 1743 1750 1823 1828 1873 1917 1920 1992 2013,CC1=CC=C(C=C1)/C(=C/2\C=CC(=CC=C2)C)/C(=C/C=C/3\C=CC(=C3)C)/C(=C(\C4=CC=C(C=C4)C)/C(=C(\C(=O)O)/[NH3+])/C(=O)O)/C(=O)O
1849,CCOC(C=Cc1ccc[nH]c1=O)=CC(=O)NC(=O)Nc1ccccc1C(=O)OC,18 31 42 58 80 145 147 267 294 314 315 321 436 441 448 472 573 650 681 694 695 745 749 750 806 807 817 829 832 835 841 906 912 936 952 961 981 1057 1088 1106 1114 1119 1120 1152 1181 1192 1199 1224 1238 1333 1348 1351 1380 1447 1456 1506 1561 1601 1696 1722 1750 1816 1873 1917 1918 1989 1991,CCO/C(=C\C(=O)NC(=O)NC1=CC=CC=C1C(=O)OC)/C=C/C2=CC=CC=C2NC(=O)/C=C/C3=CC=CNC3=O
1850,COc1ccc2nc(Sc3ccc(F)cc3)nc[nH]c3c(c2c1)=CC=3,20 50 60 73 90 116 279 307 322 350 378 389 437 473 552 565 643 695 699 713 714 718 735 762 806 811 834 841 864 875 961 978 980 995 1002 1057 1086 1097 1114 1167 1171 1249 1253 1255 1297 1320 1346 1357 1380 1410 1452 1498 1536 1560 1562 1651 1670 1672 1734 1750 1765 1802 1855 1872 1873 1887 1898 1918 1925 1928 1955 1972,COC1=CC2=C(C=C1)N=C(N=C2SC3=CC=C(C=C3)F)SC4=CC=C(P4N)C5=CC(=NC(=N5)SC6=CC=C(C=C6)F)C7=CC=C(C=C7)F
1851,CCN(CC(=O)c1ccc(C(=O)Nc2ccccc2)cn1)Cc1cccc(Cl)c1,14 52 68 80 165 191 216 225 251 254 294 371 378 386 389 426 486 498 507 561 592 650 703 725 807 818 855 875 881 912 932 947 1039 1057 1066 1077 1088 1152 1190 1199 1203 1225 1246 1325 1371 1380 1385 1414 1440 1452 1535 1576 1683 1693 1697 1750 1754 1768 1791 1795 1809 1813 1816 1873 1895 1917 1978 1981,CCN(CC1=CC(=CC=C1)Cl)CC(=O)C2=NC=C(C=C2)C(=O)NN(CC)C(=O)NC3=CC=CC=C3
1852,COc1cccc(S(=O)(=O)N2c3ccccc3C(=O)N(C)C2(C)C)c1,21 97 115 194 220 309 314 319 322 350 352 360 519 562 575 650 677 695 707 781 794 800 841 855 875 879 934 935 939 977 984 1039 1057 1060 1077 1088 1101 1145 1195 1199 1274 1276 1285 1295 1320 1362 1380 1433 1438 1476 1536 1537 1542 1614 1620 1647 1715 1729 1750 1835 1873 1892 1972,CC1(N(P(N1C)OC2=CC=CC(=C2)S(=O)(=O)N3C4=CC=CC=C4C(=O)N(P3S(=O)(=O)C5=CC=CC(=C5)OC)C)C)C
1853,Clc1ccc(OC2CCCC2)cc1,1 39 116 119 216 222 322 492 511 524 561 649 695 708 718 748 765 816 830 888 890 926 1019 1028 1037 1070 1147 1298 1325 1346 1355 1380 1683 1747 1750 1773 1852 1863 1873 1988,C1CCC(C1)OC2=CC=C(C=C2)OSC(C(C)C)SOC3=CC=C(C=C3)OC4CCCC4
1854,COc1cc(Cl)ccc1SC1=NN(C(C)=O)CCC1,107 116 127 160 165 216 249 378 413 434 482 541 543 552 561 587 638 650 660 662 695 769 807 816 841 875 926 935 1017 1025 1028 1033 1057 1111 1138 1141 1174 1210 1260 1300 1314 1380 1390 1480 1523 1536 1606 1634 1637 1639 1683 1686 1738 1750 1759 1774 1793 1873 1917 1953 1970 1977 1986,CC(=O)N1CCCC(=N1)SC(=O)N2CCCC(=N2)SC3=C(C=C(C=C3)Cl)OC
1855,CC(C)OC(=O)c1ccc(O)c([N+](=O)[O-])c1,1 69 73 145 283 300 311 354 442 469 486 585 650 695 709 715 716 753 807 820 838 875 878 1057 1179 1195 1258 1317 1380 1385 1475 1602 1607 1608 1697 1750 1845 1866 1873 1917 1940 1963 1978,CC(C)OC(=O)C1=CC(=C(C=C1)O)[N+](=O)[O-]
1856,CN1C(=O)C(=NN=Cn2cnnc2-c2ccccc2)N(C)C1=Nc1ccccc1-c1ccccc1,18 25 222 281 333 352 378 389 449 467 486 490 525 577 629 650 659 667 690 694 699 725 736 807 879 890 913 923 932 935 947 962 976 984 987 1057 1085 1088 1129 1145 1160 1164 1170 1199 1204 1233 1280 1343 1361 1378 1380 1382 1418 1479 1491 1544 1568 1570 1686 1722 1750 1825 1857 1873 1926 1976,CN\1C(=CC=NC2=NN=CN2/C(=N/N=C\3/C4=CC=CC=C4C(=NC5=CC=CC=C5C6=CC=CC=C6)N3C)/C7=NN=CN7C)C8=CC=CC=C8/C1=C\O
1857,CC1=C2C=C1C(=O)OC1CCCC(C)(NC2=O)C1(C)C,3 63 74 84 117 216 314 448 477 609 650 652 656 706 744 750 764 781 804 884 899 926 988 1019 1022 1028 1035 1053 1057 1060 1078 1088 1093 1114 1160 1162 1167 1216 1229 1273 1325 1375 1380 1392 1485 1603 1657 1722 1776 1856 1873 1906 1939 1969,CC1=C(C(=O)O[C@H]2CCC[C@]23C4=CC(=C5C=C(C(=O)N5)C6=C(C(=O)N[C@@]7(CCC[C@@H]7OC6)C(=C1)CO3)C)C(=O)N4)C
1858,COc1ccc(C(=O)c2cnc(Nc3cccc(Br)c3)s2)cc1,9 140 162 191 239 286 322 329 345 350 378 385 419 421 432 485 491 518 556 636 650 654 675 695 702 703 718 728 741 766 781 807 831 841 844 852 875 887 894 899 909 971 1002 1039 1057 1088 1122 1134 1152 1245 1341 1380 1385 1452 1482 1535 1536 1593 1631 1662 1697 1747 1750 1756 1775 1782 1794 1852 1862 1873 1917 1957 2033,COC1=CC=C(C=C1)C(=O)C2=CN=C(S2)S(=C3C=CC(=C3)OC)(OC)OS(C4=CC(=C(C=C4)OC)OC)(OC)OC5=CC(=CC=C5)Br
1859,COC(=O)CCCCCCC1=C2CCCCCCN(CC2)C1=O,2 5 8 14 72 80 195 222 261 310 314 407 525 527 541 635 650 653 674 680 695 786 807 828 841 879 886 926 929 935 969 1028 1043 1057 1064 1081 1143 1152 1174 1184 1243 1267 1287 1348 1372 1380 1386 1399 1480 1538 1564 1568 1652 1657 1734 1738 1767 1803 1881 1911 1917 1924 1998 2044,COC(=O)CCCCCCCCCCCCCCCCCC1=C(C(=O)N(C1=O)C#CC2=C(CCCC2)CCC(=O)OC)CCC3=C4CCCCC4
1860,COC(=O)c1c(C(=O)Nc2ccc(OC)cc2Cl)cn2c1C(=O)N(CCN1CCCCC1)CC2,2 43 80 83 99 119 134 145 272 289 295 306 314 322 366 440 464 486 561 586 650 695 718 774 781 841 847 875 879 888 906 926 929 935 946 947 995 998 1028 1045 1057 1089 1145 1152 1174 1214 1224 1233 1288 1380 1411 1422 1441 1444 1454 1480 1482 1536 1548 1597 1632 1674 1682 1683 1750 1791 1816 1856 1859 1873 1891 1907 1917 1954 1972 1978 1991 1998 2008,COC1=CC(=C(C=C1)NC(=O)C2=CN3CCN(C(=O)C3=C2C(=O)OC)CCN4CCN5C=C(C(=O)N=S54)C(=O)NC6=C(C=C(C=C6)OC)Cl)Cl
1861,COc1cc(Cl)ccc1[N+](=O)c1cocc1NC(=O)Nc1ccccc1Cl,56 59 84 165 216 249 261 272 303 323 366 384 396 487 489 541 561 573 650 656 676 695 716 753 802 807 816 823 841 875 962 974 1057 1060 1088 1148 1152 1199 1223 1224 1248 1348 1380 1536 1544 1612 1683 1686 1696 1741 1750 1787 1816 1873 1900 1917 1959 1963 1970 1989,COC1=COC=C1NC(=O)NC2=C(OCC23COC3)C4(CO4)[N+](=O)C5=C(C=C(C=C5)Cl)NC(=O)NC6=CC=CC=C6Cl
1862,C=C1C=C1COC(=O)COC(=O)CC(=O)c1ccc(C(=O)OC)cc1,35 61 80 84 86 121 145 147 258 264 304 328 395 486 579 648 650 695 696 745 807 817 841 906 958 1041 1057 1152 1156 1184 1205 1302 1366 1380 1385 1386 1463 1523 1527 1589 1618 1634 1639 1648 1665 1693 1697 1708 1715 1750 1807 1873 1917 1923 1948 1996 2004 2034,COC(=O)C1=CC=C(C=C1)C(=O)COC(=O)COC(=O)COC(=O)COC(=O)COC(=O)CC(=O)ONC2=CC(=C)C(=CC2=C)COC(=O)OC
1863,N#Cc1ccc(Cl)cc1NC(=O)c1ccc(Cl)cc1,99 165 194 216 361 486 499 535 561 650 674 790 807 816 875 947 969 983 1070 1136 1152 1184 1214 1224 1372 1380 1384 1385 1472 1486 1546 1566 1639 1665 1683 1697 1738 1750 1759 1789 1795 1816 1817 1862 1873 1917 2040,C1=CC(=CC=C1C(=O)NC2=C(C=CC(=C2)Cl)C#N)C(=O)NC3=C(C=CC(=C3)Cl)C#N
1864,N#Cc1ccc(CCNC(=O)Nc2ccc(Br)cc2)[nH]1,52 80 142 191 197 242 256 271 284 308 312 349 366 368 372 425 462 467 471 477 650 667 674 728 786 790 807 810 828 843 892 909 961 1053 1071 1077 1088 1114 1136 1152 1172 1183 1232 1243 1380 1384 1631 1638 1649 1659 1693 1715 1745 1750 1816 1836 1873 1916 1917 1922 1989 1990,B(CC(=O)C1=CC=C(N1)C#N)(CC(=O)C2=CC=C(N2)CCNC(=O)NC3=CC=C(C=C3)Br)NC(=O)NCCC4=CC=C(N4)C#N
1865,CCN=C(Sc1nc(NC(=O)c2ccc(OC)c(C(=O)OC)c2)nc(=O)s1)N1CCCCC1,2 25 80 94 112 116 120 145 162 213 235 249 294 298 314 345 369 372 378 458 486 512 515 526 560 608 650 675 695 699 718 725 733 749 807 841 875 896 906 926 935 936 999 1011 1028 1039 1048 1057 1113 1152 1205 1332 1380 1385 1480 1536 1542 1557 1582 1597 1603 1697 1744 1748 1749 1750 1761 1769 1795 1816 1825 1855 1861 1873 1917 1970 1991 1998 2009,CCN=C(N1CCCCC1)SC2=NC(=NC(=O)S2)NC(=O)C3=CC(=C(C=C3)OC)C(=O)NN=C(C4=CC(=C(C=C4)OC)C(=O)OC)N5CCCCC5
1866,CCCC=C1C=CC=C(C(=O)OC)S1,4 80 99 107 111 145 179 294 345 351 393 401 487 510 518 547 560 590 633 650 660 670 675 694 695 738 763 770 782 794 802 807 841 862 906 982 1057 1117 1131 1141 1152 1249 1349 1380 1392 1513 1629 1639 1650 1710 1873 1917 1992 2016 2044,CCC/C=C/1\C=CC=C(S1)C(=O)OC
1867,COc1ccc(-c2c[nH]c3ccccc23)cc1NCCCCN1CCCCCC1,2 11 56 80 94 119 249 318 328 333 352 358 405 441 530 546 583 592 653 695 747 806 815 841 875 893 896 899 926 928 935 947 969 1028 1057 1088 1112 1114 1145 1152 1160 1199 1224 1225 1290 1301 1347 1357 1380 1416 1422 1460 1463 1468 1480 1482 1496 1512 1536 1553 1573 1714 1750 1783 1791 1873 1879 1911 1937 1970 1972 1973 1998 2030 2031,B1(C2=CC=C(N2CCN1CCCCN3CCCCC3)OC)CNC4=C(C=CC(=C4)C5=CNC6=CC=CC=C65)OC
1868,CC(C)(c1ccccc1)N1CC2CN(CCOc3ccc4c5cccc-4c35)C(=O)N2C1=O,4 13 30 80 84 92 94 100 109 114 137 158 197 226 311 314 389 392 488 497 504 519 547 641 650 664 695 718 739 769 808 863 926 935 1001 1019 1022 1039 1057 1080 1088 1089 1128 1145 1158 1195 1199 1216 1335 1357 1380 1390 1409 1417 1425 1452 1497 1506 1518 1573 1606 1611 1677 1721 1733 1750 1832 1851 1873 1891 1910 1922 1970 1984 1999 2017 2018,CC(C)(C1=CC=CC=C1)N2C(=O)N(CC(C2)N3C(=O)C4=CC=CC5=C(C=CC(=C54)C3=O)OCCN6CC7C=CC(=CO7)C(C)(C)C8=CC=CC=C8)C
1869,CCCCN(CCN1C(=O)NC(C2=CC=C3C=CC=C32)C1C)c1ccccc1F,18 41 80 208 294 301 314 345 348 453 495 530 547 579 591 620 635 650 657 661 676 699 750 792 794 845 862 866 867 881 883 885 900 912 935 944 945 995 1019 1032 1057 1062 1088 1114 1116 1145 1167 1199 1249 1285 1309 1332 1343 1362 1380 1421 1479 1572 1687 1724 1750 1757 1775 1796 1840 1873 1893 1911 1928 1949 1951 1977 2006 2013 2018,CCCCN(CCN1C(C(NC2=C1C=CC3=CC=CC4=CNN5C(C4NC3=C2)C)C)C)C6=CC=CC=C6F
1870,CCOC1=CC=C2C(C(=O)N3CCOCCCNC3=O)=CC=C12,39 77 80 124 142 183 228 237 294 305 314 338 364 414 415 469 518 523 550 557 636 650 656 695 700 725 752 807 824 926 935 950 1028 1057 1114 1150 1167 1238 1249 1293 1302 1359 1380 1387 1405 1422 1429 1452 1480 1492 1504 1523 1564 1567 1609 1730 1746 1866 1873 1881 1917 1958 2013 2022 2047,CCOC1=CC=C2C(=CC=C(C2=C1)C(=O)N3CCCNC3=O)/C(=N/N4CCCOCCCNC(=O)O4)/C(=O)OOCC
1871,COc1cccc(C(=Nc2ccccc2OCCN2CCC2)N2CCCCC2=O)c1,13 18 60 80 156 191 266 304 310 314 322 428 443 459 533 562 650 695 725 781 798 807 810 841 860 875 926 935 956 1028 1039 1050 1051 1054 1057 1083 1088 1104 1145 1162 1182 1199 1215 1317 1360 1378 1380 1384 1385 1387 1390 1410 1422 1452 1463 1480 1482 1518 1536 1660 1704 1713 1738 1750 1768 1773 1791 1819 1824 1832 1864 1866 1873 1943 1970 1972 1985 1998 1999 2014,COC1=CC=CC(=C1)C(=NC2=CC=CC=C2OCCN3CCCC3)N4CCCN(C4=O)C(=NN5CCCCC5=O)C6=CC(=CC=C6)OC
1872,COc1csc(C(=O)N2CSC3=C(c4ccccc4OC)CCCC3C2=O)c1,0 5 52 86 157 160 219 249 279 308 314 322 352 374 383 393 419 438 457 473 539 542 552 597 650 654 662 675 695 710 781 807 841 852 866 875 890 900 923 926 935 984 1019 1028 1034 1057 1070 1088 1199 1262 1298 1325 1380 1387 1406 1410 1487 1504 1536 1567 1574 1655 1738 1745 1766 1873 1917 1970 1973 1977 2019,COC1=CC=CC=C1C2=C(CCC2)C3=C4C(CCC3)C(=O)N(S4)C(=O)C5=CC(=CS5)C6=CC=CC=C6OC
1873,CN1C(=O)c2ccccc2-c2c3ccc4c(cccc2n2c(=O)c4c3c2=S)C(=O)OC2(C)C(OCC3CCCC(O)C32)C1=O,5 40 45 50 53 61 63 87 97 117 157 195 196 249 276 284 314 336 352 359 504 548 551 557 585 616 650 656 761 802 807 816 849 864 867 871 879 926 932 935 936 956 984 987 1009 1019 1028 1039 1041 1055 1057 1060 1063 1085 1088 1114 1135 1145 1199 1257 1274 1282 1285 1286 1298 1325 1342 1357 1380 1405 1490 1592 1656 1684 1717 1718 1730 1731 1733 1747 1750 1800 1846 1873 1920 1923 1930 1984,C[C@@]12[C@@H]3[C@@H](CO1)CCC[C@@H]3C(=O)[C@@]4(O2)C5=C6C=CC7=C(C6=C8C(=C5C(=O)N4C)C9=CC=CC=C9N(C8=O)C)C(=O)N(C7=S)C
1874,CCCCN1C(=O)C(OC)=C(C(=O)OCCCOc2ccc3cc[nH]c3c2)C1=O,13 80 119 145 147 157 191 199 203 294 301 309 314 322 412 462 522 537 552 588 591 624 650 682 695 711 718 760 794 806 807 832 841 857 875 901 926 935 947 977 1034 1057 1084 1088 1114 1145 1187 1205 1221 1225 1332 1380 1452 1470 1496 1501 1506 1536 1590 1592 1664 1734 1746 1750 1753 1803 1846 1855 1873 1882 1911 1917 2029,CCCCN1C(=C(C(=C2C1=C(C(=O)N2CCCC)OC)C(=O)OCCCOC3=CC4=C(C=C3)C=CN4)OC)OC
1875,COc1cccc(N2CCN(CCN(C)CCc3ccc(-c4ccccc4)o3)CC2)c1,15 32 74 77 80 121 171 250 322 374 389 407 496 532 562 614 656 677 687 695 728 736 781 841 865 875 881 926 935 1039 1049 1057 1082 1088 1122 1145 1160 1163 1199 1203 1232 1236 1243 1259 1273 1293 1298 1330 1343 1380 1480 1482 1506 1508 1536 1539 1604 1639 1750 1786 1788 1791 1794 1825 1873 1934 1937 1951 1972 2005,CN(CCC1=CC=C(O1)C2=CC=CC=C2)CCN3CCN(CC3)C4=CC(=CC=C4)[Si]5(N(CCN5C6=CC(=CC=C6)OC)C7=CC=CC=C7)Br
1876,Nc1nc2c(s1)CCCCN(C(=O)c1ccc(F)cn1)C2,42 131 152 162 167 216 235 291 310 349 369 378 435 544 577 632 650 675 699 755 807 837 855 859 872 926 935 1028 1134 1171 1184 1191 1203 1264 1301 1327 1335 1341 1380 1410 1443 1450 1452 1457 1480 1504 1535 1551 1630 1650 1670 1691 1738 1750 1817 1836 1855 1873 1895 1902 1907 1917 1928 1931 1946 1948 1990 1993 1998 2009,C1CCC2=C(C1)N=C(S2)N3C(=NC4=C3SCC5=C(C4)N=C(S5)N)C(=O)N6CCCC6
1877,CCc1cnc2sc(N(CC(=O)Nc3ccccc3)C(=O)c3ccc(C(F)(F)F)cc3)nn12,38 41 80 114 151 162 191 262 268 294 372 378 383 389 412 418 476 485 529 556 587 650 657 675 703 710 733 783 807 809 818 881 901 935 946 964 1057 1077 1088 1152 1190 1199 1221 1260 1380 1381 1385 1414 1417 1437 1452 1453 1454 1462 1472 1535 1665 1697 1716 1750 1774 1781 1791 1799 1811 1816 1818 1880 1917 1928 1929 1934 1956 1987,CCC1=CN=C2N1N=C(S2)C3=NN(C(=NN3CC(F)(F)F)N(CC(=O)NC4=CC=CC=C4)C(=O)C5=CC=C(C=C5)C(F)(F)F)C(F)(F)F
1878,CC1(C)CC(NC(=O)c2cccnc2N)CCN1c1cnccc1N,32 52 172 248 272 326 378 387 440 448 464 486 575 650 667 679 695 714 749 795 807 823 889 906 910 926 947 1019 1043 1057 1060 1083 1088 1152 1168 1171 1208 1231 1250 1274 1295 1303 1325 1380 1434 1441 1447 1449 1452 1457 1459 1480 1535 1586 1603 1627 1634 1750 1762 1866 1873 1899 1917 1991 1998,CC1(CC(CC(N1OC2C=CC(C2(C)C)NC(=O)C3=C(C=CN=C3)N)(C)C)NC(=O)C4=C(N=CC=C4)N)C
1879,O=C(c1ccccc1)N1CCCCC(C(=O)N2CCCCC2)CCC1,2 53 54 95 115 185 195 246 339 369 389 417 446 454 497 511 538 544 650 780 807 808 827 890 906 926 935 942 974 1019 1028 1061 1088 1121 1199 1325 1380 1385 1422 1448 1480 1504 1511 1535 1696 1709 1750 1858 1873 1902 1917 1980 1985 1998 2009 2030,C1CCC(CC1)C(=O)N2CCCC(CC2)C(=O)N3CCCC(N3C(=O)C4CCCCC4)/C(=C/5\CCCN(CC5)C(=O)C6=CC=CC=C6)/C(=O)O
1880,COc1ccc(OC(C)c2cc3ccc(OC)cc3o2)cc1,1 42 47 70 125 203 265 283 317 322 413 448 506 565 598 656 664 667 695 718 781 813 831 841 847 875 935 968 971 983 989 1046 1057 1380 1381 1461 1536 1547 1604 1630 1702 1750 1803 1808 1855 1873 1972 2016,CC(C)C1=CC2=C(O1)C=C(C=C2)OC(C)C3=CC4=C(O3)C=C(C=C4)OC(C)OC(C)OC5=CC=C(C=C5)OC
1881,CC(=O)Nc1ccnc(-c2ccc(I)cc2)n1,30 168 245 315 378 503 542 555 559 581 661 682 787 807 849 896 947 1017 1057 1097 1099 1152 1159 1160 1385 1404 1452 1494 1547 1594 1596 1611 1664 1726 1728 1749 1750 1769 1806 1816 1855 1866 1873 1917 1929 1946 1967,C/C(=C/1\C=CC(=N1)NC(=O)C)/NC2=NC(=NC=C2)C3=CC=C(C=C3)I
1882,CC(=O)Nc1ccc(C(F)(F)c2ccc(Cc3ccc(C)cc3)cn2)cc1,24 80 108 114 191 235 245 268 310 319 346 378 530 555 638 650 715 807 843 849 885 1017 1019 1057 1063 1077 1114 1123 1125 1152 1210 1220 1351 1380 1417 1430 1452 1453 1521 1535 1603 1665 1686 1722 1750 1754 1772 1816 1823 1843 1858 1873 1917 1920 1928 1929 1931 1954,CC1=CC=C(C=C1)C(C2C(NN2)(C3=NC=C(C=C3)CC4=CC=C(C=C4)NC(=O)C)C(C5=CC=C(C=C5)C)(F)F)(F)F
1883,O=C(O)C1=Cc2cccc(c2)C=C1OC(=O)c1ccc(F)c(F)c1,18 53 84 145 202 212 216 238 250 251 271 299 301 389 404 414 433 456 469 477 531 563 590 650 695 699 725 807 808 875 976 987 1039 1051 1088 1214 1255 1333 1360 1380 1385 1537 1539 1684 1697 1729 1750 1840 1873 1887 1894 1906 1917 1928 1938 2002,B(/C(=C/1\C=C(C(=C1)C(=O)O)C(=O)O)/C2=CC(=C(C=C2)F)F)(/C(=N/[Si](O)O)/C3=CC(=C(C=C3)F)F)F
1884,CC1Oc2c(n3cccc3c3ccc(F)cc23)OCC1NS(=O)(=O)c1ccc2ccccc2c1,39 45 50 95 154 192 193 198 203 209 221 319 322 350 378 400 441 459 465 502 528 550 598 600 609 634 638 650 656 662 699 715 722 750 759 776 871 875 877 888 911 913 915 922 926 927 935 955 957 1008 1019 1057 1087 1088 1101 1152 1199 1285 1291 1294 1309 1329 1357 1380 1403 1410 1429 1457 1476 1487 1579 1637 1641 1670 1733 1738 1750 1752 1786 1815 1821 1855 1873 1899 1921 1923 1928 1969 1998,C[C@@H]1[C@H]([C@@H]2[C@H](O1)[C@H](COC3=C4C=CC(=CC4=C5C=CC(=CC5=C3O2)F)F)NS(=O)(=O)C6=CC7=CC=CC=C7C=C6)C8=NC9=C(CO8)C=CC1=CC=CC=C19
1885,COc1ccc(C2=NN(C)C(=O)CN2CN2CCCC2)c(N(C#N)c2ccccc2F)n1,80 81 95 138 160 172 225 233 259 313 314 352 378 480 531 556 572 631 650 666 674 695 699 748 790 798 841 845 852 863 876 881 926 935 996 997 1010 1028 1030 1032 1057 1088 1089 1111 1140 1145 1150 1185 1199 1312 1333 1362 1380 1383 1384 1401 1422 1480 1493 1518 1523 1534 1536 1570 1578 1595 1599 1675 1750 1791 1840 1855 1873 1898 1906 1918 1928 1946 1953 1998 2018,CN1C2=NN(C(=O)CN2C(=N1)N(C#N)C3=CC=CC=C3F)CN4CCN(C(=N4)C5=C(N=C(C=C5)OC)N(C#N)C6=CC=CC=C6F)CN7CCCC7
1886,COC1=CC2=NC=CC(=C1)N2CCCN1CCCCC1,2 80 84 116 203 212 378 462 493 547 588 648 653 667 695 738 766 791 804 841 926 935 1018 1024 1028 1043 1057 1136 1142 1145 1239 1258 1309 1324 1378 1380 1388 1422 1427 1470 1480 1482 1536 1559 1606 1686 1695 1742 1746 1765 1791 1840 1873 1894 1911 1998,COC1=CC2=NC=CN(C2=C(C1=PSSOC)OC)CCCN3CCCCC3
1887,CC1(C)CCCc2ccc1c1cc(P(=O)=O)ccc21,45 74 84 107 157 253 258 280 282 312 426 444 526 530 556 635 650 676 678 747 782 819 858 875 926 953 1028 1057 1060 1089 1128 1162 1226 1236 1274 1308 1311 1347 1349 1357 1359 1377 1380 1418 1438 1477 1523 1548 1580 1588 1597 1643 1733 1738 1743 1750 1805 1816 1839 1873 1904 1917 1930 1980,CC1(CCCC2=C1C=CC(=C2)P(C3=CC4=C(C=C3)C(CCC4)(C)C)C(=O)C5=CC(=C6C(CCCC6(C)C)(C)C)CC5)C
1888,CCOC(=O)c1ccccc1CC(C)(C)C,42 80 114 145 147 166 169 247 268 294 348 355 392 427 451 517 546 560 648 650 694 695 759 807 888 945 997 1000 1032 1057 1088 1090 1093 1199 1234 1238 1318 1341 1349 1372 1380 1447 1458 1490 1597 1673 1722 1750 1870 1873 1917 1974 1991 2008,CCOC(=O)C1=CC=CC=C1C(=O)C(C)(C)C2=C(C(=C(C2=S(=O)OCC)C)C)C(=O)OCC3=CC=CC=C3CC(C)(C)C
1889,CCCCC(=O)N(CCCCC(C)(C)C)C(=O)c1cc2ccc1c1ccccc21,10 19 70 80 114 132 137 203 294 299 368 392 591 608 619 641 650 656 685 778 781 794 807 836 846 860 875 881 928 989 997 1016 1020 1053 1057 1088 1199 1211 1221 1238 1308 1332 1357 1380 1433 1436 1564 1573 1648 1669 1733 1750 1855 1873 1911 1917 1951 1991 2002 2006,CCCCC(=O)N(CCCCC(C)(C)C)C(=O)C1=CC2=C(C=CC3=C2C=CC4=C3C=CC5=CC=CC=C54)C6=CC=CC=C61
1890,O=C(Nc1ccc(O)cc1)c1ccc2sc3ccc(oc2c1)c(Cl)c3,162 191 202 253 340 366 435 464 486 503 526 542 560 561 563 650 656 675 745 760 789 807 828 843 856 872 875 885 928 1044 1077 1131 1144 1152 1181 1245 1313 1380 1385 1468 1470 1483 1593 1602 1604 1683 1697 1750 1778 1795 1808 1810 1816 1839 1873 1916 1917 1942 1978 1995 2007 2035,C1=CC(=CC=C1NC(=O)C2=CC3=C(C=C2)SC(=CC4=CC(=C(O4)C=C5C=C(C=C(S5)C(=O)NC6=CC=C(C=C6)O)Cl)Cl)O3)O
1891,CCCN(C)S(=O)(=O)c1ccc(C(=O)N2CCCCC2)o1,2 17 80 81 184 197 213 261 294 305 310 350 369 412 505 630 650 656 659 794 807 815 868 881 921 926 935 942 978 1028 1042 1057 1163 1312 1380 1429 1449 1453 1474 1476 1480 1504 1567 1604 1668 1748 1750 1754 1761 1766 1799 1873 1887 1917 1951 1995 1998 2009 2035,CCCN(CCC)C(=O)N(C1=CC=C(O1)C(=O)N2CCCCC2)N(C)S(=O)(=O)C3=CC=C(O3)C(=O)N4CCCCC4
1892,COc1ccc2c3ncc(cc3-c3ccc(N4CCCCC4)cc3)c2n1,2 42 222 233 352 374 378 379 407 422 424 529 595 661 680 687 695 705 716 770 814 824 848 875 892 896 898 926 935 997 1028 1057 1113 1150 1160 1199 1268 1296 1301 1357 1380 1405 1434 1437 1452 1474 1480 1518 1535 1536 1570 1724 1733 1750 1825 1852 1855 1873 1978 1998 2038,C[Si](C)(C)OC1=NC2=C3C(=C(C=C2C=C1)C4=CC=C(C=C4)N5CCCCC5)C=CC(=N3)[Si]O[Si]C6=CC=C(C=C6)I
1893,CCCCCCCOC(=O)C(=CC=C(C(=O)OCC)C(=O)OCC)C(=O)[O-],13 80 81 119 147 152 154 197 233 257 294 402 419 591 650 665 674 689 694 695 715 794 807 883 887 1047 1057 1143 1174 1184 1226 1238 1249 1313 1319 1435 1444 1609 1621 1628 1694 1722 1726 1734 1759 1786 1811 1836 1839 1866 1875 1911 1917 1989 1991 2008,CCCCCCCCCCCCOC(=O)/C(=C/C=C=C=C=C(/C(=C(\C(=O)[O-])/C(=O)OCC)/C(=O)[O-])C(=O)OCC)/C(=O)OCC
1894,COCCCN(C)C(=O)N(C)c1nnc(Sc2cc3ccc2cc3F)s1,13 54 60 80 116 162 203 334 343 378 404 422 464 486 497 635 650 671 675 694 695 699 705 768 772 782 807 841 858 875 881 964 999 1005 1012 1025 1117 1152 1163 1164 1321 1360 1380 1391 1414 1448 1583 1587 1610 1615 1646 1648 1652 1656 1691 1733 1750 1780 1840 1855 1873 1911 1917 1928 1950 1951 1998,C1=CC(=C(C=C1S/C=C/N(C)C2=NN=C(S2)SC(=O)N(C)CCCOC)F)N(CCCOC)CN(CCCOC)C(=O)N(C)CCOC
1895,O=C(c1cnc(N2CCOCC2)nn1)c1ccc[nH]ccc2ccccc12,9 26 80 103 163 234 238 267 276 357 378 407 418 507 517 523 650 656 664 704 801 807 855 913 926 932 935 950 977 1014 1020 1041 1087 1088 1104 1114 1131 1145 1164 1199 1252 1256 1274 1286 1337 1357 1380 1405 1433 1441 1444 1447 1452 1480 1489 1506 1513 1526 1535 1558 1573 1644 1668 1750 1855 1865 1873 1908 1916 1917 1991,C1COCCN1C2=NC=C(N=N2)C(=O)C3=CN=C(N=N3)N4C=NN=C4C5=CN=C(N5C6=CC=CN6)C(=O)C7=CC=CC8=CC=CC=C87
1896,O=C1CN(CC(=O)c2ccc(Cl)cc2)CCO1,80 170 216 295 310 314 440 441 561 643 650 656 683 745 807 809 816 835 926 935 950 970 1044 1070 1330 1362 1380 1385 1476 1480 1494 1584 1618 1631 1683 1693 1697 1734 1750 1791 1849 1860 1873 1889 1917 1946 1968 2021,C1COC(=O)CN1CC2=C(C(=O)C(=C(C2=O)CN3CCOC(=O)C3)CC(=O)C4=CC=C(C=C4)Cl)CC(=O)C5=CC=C(C=C5)Cl
1897,CCCCN1c2ccc(-c3cccc(Br)c3)cc2C2OC(=O)C1C2N(C)C,24 27 48 80 294 314 322 369 433 462 485 523 591 650 656 728 731 736 744 750 766 779 785 794 829 875 881 896 909 935 941 955 996 1013 1019 1027 1039 1057 1088 1113 1127 1145 1160 1163 1196 1278 1290 1295 1341 1344 1380 1456 1555 1563 1631 1698 1750 1775 1788 1873 1882 1911 1915 1959 1980 1998,CCCCN1C2C(C3=C1C=CC(=C3)C4=CC(=CC=C4)Br)N(C5=C2C=C(C=C5)C6=CC(=CC=C6)Br)CCCN7C(C(C(C7=O)OC7=O)N(C)C)N(C)C
1898,O=C(c1cccc(F)c1)N(CCCOc1ccc2nc3[nH]c2c1S3)C1CCCC1,13 41 80 94 128 158 170 180 230 242 293 326 378 404 440 569 578 650 675 695 699 752 771 807 809 875 881 890 911 926 948 961 1019 1028 1039 1063 1088 1097 1104 1114 1146 1197 1217 1221 1250 1251 1325 1333 1352 1380 1385 1452 1487 1518 1519 1530 1583 1590 1610 1670 1696 1724 1730 1745 1750 1758 1855 1873 1911 1915 1917 1928 1951 1970 1984 1985 2030 2044,C1CCC(C1)N(CCCOC2=C3C4=C(C=C2)N=C5C6=NNN=C6C=CC5=N4)C(=O)C7=CC(=CC=C7)F
1899,COc1cccc(C(=O)NC(C)(C)CCN(C(=O)NC(=S)NC(=O)OC(C)=O)C(=O)NC(C)(C)C)c1,28 80 97 110 114 193 228 231 251 253 322 354 358 373 392 486 526 562 564 603 607 613 631 650 695 698 726 774 781 807 841 875 881 882 898 960 980 1017 1035 1039 1057 1069 1080 1088 1119 1152 1207 1254 1308 1335 1380 1384 1385 1391 1436 1488 1532 1536 1538 1579 1648 1682 1750 1758 1788 1873 1912 1917 1951 1972 1984 1985,C/C(=C(/C(C)(C)OC(=O)C)\NC(=O)OC(C)(C)CCN(C(=O)NC(C)(C)C)C(=O)NC(C)(C)C)/NC(=S)NC(=O)C1=CC(=CC=C1)OC
1900,COc1ccc(CC2CCC(CN3CCN4CCCC4C3)CN2C)cc1,29 74 80 87 126 253 310 322 446 458 486 492 558 637 695 718 739 781 800 831 841 844 862 894 895 901 908 926 935 956 981 1019 1028 1033 1057 1134 1145 1216 1325 1380 1422 1438 1456 1463 1480 1524 1536 1552 1617 1671 1684 1692 1736 1750 1754 1780 1791 1809 1854 1865 1873 1910 1930 1993,CN1CCC(CCC1CC2=CC=C(C=C2)OC)CN3CCCN(CC3)C4CCCN(C4)CC5CCC(CN5C)CN6CCN7CCCC7C6
1901,COc1c(C#N)c2cc3c1c(c2)N(C(=O)N1CCC(CCC2CCCC2)C1=O)C=C3,5 29 53 55 80 90 114 213 276 287 314 324 333 358 366 400 409 484 530 547 578 586 623 650 674 695 706 742 778 784 786 790 794 807 813 832 841 852 855 890 921 926 935 970 973 1019 1028 1057 1136 1251 1295 1325 1380 1384 1387 1396 1448 1455 1480 1536 1565 1599 1611 1642 1717 1731 1758 1779 1840 1855 1873 1882 1917 1984 2018 2038,COC1=C(C(=C(C2=C(C3=C(C=CN(C3=C(C(=C12)OC)C#N)COC(=O)N4CCC(C4=O)CCC5CCCC5)C#N)OC)OC)C#N)C#N
1902,CC(CO)NC(=O)c1ccc(C=CC2=CC(=Cc3cccc(C#N)c3)OCC2)cc1,1 25 43 80 82 84 102 117 155 214 222 281 283 302 305 333 399 411 441 477 482 486 522 562 584 650 656 674 694 716 749 790 807 835 875 878 889 926 950 961 1039 1057 1088 1099 1102 1136 1152 1161 1248 1353 1380 1382 1384 1385 1453 1519 1556 1571 1577 1608 1613 1659 1660 1665 1681 1687 1697 1704 1718 1734 1738 1740 1750 1846 1849 1873 1917 1929 1941 1947 1965 1975 1983 2018 2033,CC(CO)NC(=O)C1=CC=C(C=C1)/C=C/C2=C/C(=C/C3=CC(=CC=C3)C#N)/CCO2
1903,CC(=O)OC1C2CC3OC1C(O2)[O+]3Oc1cccc(OCC(=O)O)ccc(C(=O)O)cc1C(=O)CC(=O)O,80 99 102 120 185 221 226 238 322 354 389 456 475 521 535 562 564 584 650 656 667 684 695 718 787 807 875 926 946 975 1017 1019 1035 1039 1057 1065 1069 1076 1088 1126 1138 1152 1190 1199 1249 1292 1313 1332 1340 1380 1385 1396 1410 1424 1438 1440 1452 1455 1484 1515 1538 1543 1544 1617 1645 1693 1697 1737 1750 1819 1840 1873 1887 1917 1921 1926 1950 1959 1970 1991 2004,CC(=C1C2C(C(CC(O2)O1)CC3CC4C(C3OC(=O)C)O4)OC(=O)C)C5=C(C=C(C=C5)C(=O)O)C(=O)COC6=CC=C(C=C6)OCC(=O)O
1904,CCCN1CCn2c3c4c(c2cn4C1=O)=CC=c1c2c(nc4c-3cc(F)cc14)C=C(Cl)C=2,34 57 80 84 92 110 193 237 241 288 289 295 314 332 344 347 352 371 378 381 388 400 408 464 557 561 564 649 650 699 755 767 794 820 822 831 861 875 905 926 935 950 970 1008 1057 1076 1089 1097 1118 1131 1145 1190 1248 1249 1252 1288 1314 1357 1380 1440 1480 1496 1517 1530 1536 1625 1670 1683 1687 1709 1724 1773 1827 1855 1872 1873 1928 1990 2007 2012,CCCN1CCN(C1=O)CCN2CCN3C2=NC4=C3C5=CC(=CC6=C5N=C7C6=CN(C7=C8C=C(C=C(N8C)Cl)F)CCC)F
1905,Cc1ncc2c(=O)n1C=C2C(=O)NC1CCCCC1,2 78 119 203 269 314 321 352 378 387 414 423 428 486 504 506 525 649 650 667 743 807 868 890 891 917 926 935 1019 1028 1030 1057 1127 1152 1325 1380 1452 1535 1557 1594 1634 1655 1669 1722 1737 1743 1748 1791 1873 1906 1917 1936 1985 1998 1999 2031,CC1=NC=C(C(=O)N1NC2CCCCC2)C3=C4N(C=C(C(=O)N4)C(=O)NC5CCCCC5)C=C(C3=O)C(=O)NC6CCCCC6
1906,CCCCCCCCCCCOP1(=O)OC=C(C(=O)N2CCCCC2)C(=O)O1,2 13 80 102 166 247 294 314 369 414 460 523 528 591 608 650 656 695 775 794 807 810 815 868 926 935 942 966 1008 1024 1028 1042 1057 1087 1088 1105 1122 1126 1143 1183 1195 1205 1228 1235 1249 1271 1342 1359 1364 1380 1418 1444 1480 1504 1588 1683 1764 1873 1904 1911 1917 1955 1988 1998 2009,CCCCCCCCCCCCCCCCCOP1(=O)COP(=O)(C(=CO1)C(=O)N2CCCCC2)OCCCCCCCCCCCCCCC
1907,COc1cc(F)cc(N(C#N)c2nc3ccc(OC)cc3c3ccccc23)c1,60 74 86 137 161 172 195 197 253 259 322 378 389 426 430 432 550 566 674 690 695 699 718 741 746 767 781 790 841 875 881 892 961 985 999 1057 1080 1088 1096 1097 1199 1218 1257 1272 1330 1357 1368 1380 1384 1387 1395 1444 1493 1524 1536 1566 1573 1595 1612 1653 1670 1793 1823 1855 1873 1899 1928 1972,COC1=CC2=C(C=C1)N=C(C3=CC=CC=C32)N(C#CC4=CC(=CC(=C4)F)N(C#N)N(C#N)C5=CC(=CC(=C5)F)OC)C#N
1908,CCCN(CCOc1ccc(Cl)cc1)C(=O)c1cc(Nc2ccc(S(=O)(=O)Nc3ccccc3)cc2C)n[nH]1,4 13 58 74 80 84 102 143 185 191 198 207 216 268 294 319 322 350 378 386 389 428 487 491 502 537 543 547 557 561 606 650 659 673 695 703 715 718 719 743 794 807 816 875 881 912 978 1034 1057 1070 1088 1099 1114 1140 1152 1199 1221 1224 1242 1270 1288 1296 1324 1359 1380 1391 1414 1427 1442 1452 1476 1542 1614 1632 1674 1683 1685 1722 1750 1761 1809 1839 1840 1856 1873 1917 1920 1951 1978 2004,CCCN(CCC)C(=O)C1=CC(=NN1)NC2=C(C=C(C=C2)S(=O)(=O)NC3=CC=C(C=C3)OCCN(CCC)S4(C=CC5=CC=CC=C54)C)C
1909,O=C(Cn1c(=O)[nH]c2c(oc3cccnc32)c1=O)NC1C(=O)N2CCC1CC2,5 41 80 133 159 160 191 233 314 335 356 378 387 407 416 448 482 501 504 509 585 598 618 650 656 758 802 807 892 921 926 935 971 1001 1003 1016 1019 1043 1066 1085 1088 1099 1114 1128 1131 1141 1150 1152 1242 1312 1315 1325 1380 1403 1452 1480 1511 1530 1604 1648 1696 1724 1745 1750 1758 1808 1816 1817 1828 1866 1873 1887 1917 1939 2044,C1CN2CCC1C(C2=O)NC(=O)CN3C(=O)C4=C(C5=C(O4)C=CC=N5)NC3=O
1910,CC(=O)n1cccc(OCc2ccc(Oc3ccccc3C)cc2)c1=O,5 59 80 95 107 117 167 193 240 275 306 310 314 322 325 422 504 600 631 649 650 695 718 745 787 807 823 917 935 937 948 1017 1057 1088 1101 1155 1190 1199 1204 1226 1293 1300 1315 1356 1380 1391 1410 1430 1452 1508 1576 1599 1617 1722 1737 1750 1754 1788 1873 1917 1947 1970 1999 2042,CC1=CC=CC=C1OC2=CC=C(C=C2)CO[N+]3(C=CN(C3=O)C(=O)C)C(=O)CC4=CC=C(C=C4)OC5=CC=CN(C5=O)C(=O)C
1911,COc1ccc(CN(CCc2ccccc2)C(=O)c2ccc3c(c2)oc2ccccc23)cc1,80 166 279 310 322 323 357 368 377 389 393 406 461 478 507 587 650 656 674 686 695 718 722 781 807 828 831 841 856 875 881 945 949 978 1030 1045 1057 1058 1066 1088 1114 1128 1133 1147 1199 1221 1243 1245 1263 1357 1365 1380 1385 1512 1536 1573 1604 1658 1697 1733 1750 1754 1765 1804 1808 1836 1860 1873 1917 1951 1984,COC1=CC=C(C=C1)CCN(CC2=CC=CC=C2)C(=O)ON(CCC3=CC=CC=C3)C(=O)C4=CC5=C(C=C4)C(=C=C6OC7=CC=CC=C7C8=CC=CC=C86)O5
1912,CCCCCCCCC(=O)c1ccc(C(=O)OCC)cc1,80 145 147 194 255 276 294 392 440 462 591 593 606 650 695 759 794 807 808 992 1011 1013 1022 1051 1057 1058 1143 1218 1238 1257 1267 1343 1380 1385 1444 1451 1455 1516 1564 1618 1693 1697 1722 1750 1842 1853 1856 1873 1911 1917 1949 2003,CCCCCCCCCCCCCCCCC(=O)C1=CC=C(C=C1)[S+]2C=CP=C2C(=O)CCC(=O)C3=CC=C(C=C3)C(=O)OCC
1913,CNS(=O)(=O)c1cccc(Nc2cc(Cl)ccc2Br)n1,99 165 216 267 276 293 315 350 362 378 413 491 502 561 565 576 608 650 728 755 765 771 816 833 841 872 875 978 993 1026 1032 1039 1057 1083 1088 1099 1128 1152 1186 1189 1196 1224 1225 1230 1232 1238 1242 1252 1320 1347 1348 1357 1380 1391 1430 1476 1525 1554 1567 1631 1654 1678 1683 1720 1750 1771 1855 1873,CNS(=O)(=O)C1=CC(=CC(=N1)NC2=CC=CC(=N2)NC3=C(C=CC(=C3)Cl)Br)P4C=C=C(C=C4)NC5=C(C=CC(=C5)Cl)Br
1914,CNS(=O)(=O)c1ccc(NC(=O)Nc2n[nH]c3cc(NS(=O)(=O)c4ccc(F)cc4F)ccc23)cc1,56 74 119 191 198 319 328 348 350 378 392 502 565 640 650 658 699 708 715 743 744 754 807 826 843 875 883 913 1027 1040 1057 1077 1081 1083 1101 1114 1141 1152 1189 1216 1270 1357 1380 1410 1430 1476 1487 1527 1545 1581 1592 1618 1670 1693 1729 1733 1750 1760 1790 1813 1816 1833 1840 1873 1917 1928 1960 1989 1990 2000 2004 2045,CNS(=O)(=O)C1=CC=C(C=C1)NC(=O)NC2=NNC3=C2C=CC(=C3)S(=O)(=O)NC4=CC=C(C=C4)S(=O)(=O)NC5=C(C=C(C=C5)F)F
1915,C=c1c2ccc(Oc3ccc(S(=O)(=O)N(CC)CCN(CC)C(=O)C(C)C)cc3)c1c2,1 26 35 69 80 94 97 168 193 203 229 235 240 277 282 283 288 294 319 322 350 369 412 460 607 650 695 715 718 781 805 807 815 833 853 859 875 881 927 932 935 1001 1008 1057 1072 1198 1254 1328 1349 1352 1357 1366 1380 1389 1444 1476 1497 1617 1636 1665 1677 1732 1734 1750 1769 1855 1873 1914 1917 1946 1951 1970 1980 2019 2023,CCN(CCN(CC)S(=O)(=O)C1=CC=C(C=C1)OC2=CC3=C(C=C2CP(C(C)C)(C(C)C)(C(=O)C(C)C)S)C(=C)N(C3=C)S)S
1916,C=CC1=CC(=Cc2ccccc2)N(C(=O)c2cc3ccc2c(C(F)(F)F)c3)C(c2cccc(OC)c2)=N1,30 84 85 92 95 114 141 179 217 227 254 262 281 302 316 322 378 389 419 461 482 562 570 579 600 645 650 671 672 694 695 736 771 781 807 809 841 862 875 889 895 927 935 937 940 968 1039 1057 1088 1150 1160 1176 1179 1199 1294 1326 1353 1357 1358 1366 1380 1453 1494 1504 1536 1645 1650 1732 1733 1750 1762 1773 1777 1822 1873 1928 1935 1947 1967 1972 1973 1980 1991 2016 2033,COC1=CC=CC(=C1)C2=N/C(=C\C3=CC=CC=C3)/C=C4N2N5C(=N/C(=C\C6=CC=CC=C6)/N45)C7=CC(=CC=C7)OC
1917,N#Cc1ccc(C(F)(F)Oc2ccccc2C(=O)N2C=C=C(C(=O)N3CCCCC3)CC2)cc1,2 34 74 75 102 114 226 298 305 309 360 369 415 529 537 548 576 626 650 674 695 742 763 790 807 824 869 901 926 935 942 963 984 989 1001 1028 1045 1057 1076 1088 1089 1126 1136 1199 1212 1227 1288 1337 1380 1384 1389 1410 1417 1445 1447 1453 1480 1504 1547 1556 1559 1566 1613 1665 1732 1738 1744 1750 1820 1821 1861 1873 1917 1924 1928 1954 1970 1991 1998 2009 2021 2047,C1CCN(CC1)C(=O)C2=CC=CC=C2OC(C3=CC=C(C=C3)C#N)(C(C4=CC=C(C=C4)C#N)(F)F)C(C5=CC=C(C=C5)C#N)(OO)OO
1918,CCCNC(=O)C(C)S(=O)(=O)c1ccc(C(=O)c2cccc(C(F)(F)F)c2)cc1,1 9 33 80 105 114 127 189 197 283 294 319 350 425 518 521 533 573 589 594 650 667 715 730 793 794 807 809 814 841 875 898 940 959 977 1039 1057 1088 1105 1133 1152 1189 1204 1260 1350 1380 1385 1394 1397 1417 1440 1453 1476 1522 1598 1649 1688 1697 1719 1750 1766 1775 1819 1843 1873 1917 1928 1985 2017,CCCNC(=O)C(C)S(=O)(=O)C(C(=O)NCC(=O)C(=O)C1=CC(=CC=C1)C(F)(F)F)C(=O)NCC(=C(CC)C(=O)C2=CC(=CC=C2)C(F)(F)F)CC
1919,CCCN1CCN(c2cccc3ccccc23)CC1,5 14 42 74 80 178 189 231 284 293 294 407 622 654 669 727 779 794 820 900 926 935 939 1039 1057 1070 1087 1088 1104 1145 1162 1199 1295 1357 1380 1462 1480 1482 1508 1509 1530 1541 1573 1647 1655 1689 1694 1721 1750 1778 1791 1855 1860 1873 1877 1938,CCCN1CCN(CC1)C2=CC=CC3=C2[CH][CH]N3C4=CC=CC5=CC=CC=C54
1920,CCCCn1c(=O)n(CCC)c(=O)c(-c2ccc3nc2-3)cc(F)cc2ccccc21,9 40 45 80 100 161 294 314 323 352 360 371 377 378 416 455 488 504 581 591 650 680 699 762 767 771 794 802 820 826 866 875 935 980 996 1025 1057 1087 1088 1145 1183 1199 1213 1233 1285 1307 1314 1340 1348 1380 1400 1463 1565 1598 1615 1620 1670 1750 1855 1873 1882 1911 1914 1928 1997 1998 2047,CCCCN1C2=CC=CC=C2C=C1C(=O)C3=CC(=CC4=C3N=C5C=CC(=N[C]5N(C4=O)CCC)C6=CC7=CC=CC=C7N(C6=O)CCC)F
1921,Cc1nc(N2CCCCC2)n(-c2cc(Cl)ccn2)n1,2 24 54 165 169 216 320 337 378 407 416 448 461 527 530 552 561 601 651 680 708 787 792 875 883 926 935 1028 1057 1126 1229 1230 1251 1282 1365 1380 1406 1452 1480 1539 1664 1670 1683 1722 1750 1782 1847 1852 1855 1866 1873 1874 1947 1956 1998,CC1=CC(=NN1C2=NC=CC(=C2)Cl)N3C(=NC(=N3)C)N4C=C5C=CN=C5N=C4N6CCCCC6
1922,C=C(C)c1ccc(C(=O)Nc2ccc(C)cc2)cc1C(C)(C)C,67 88 114 144 167 191 235 350 385 392 419 476 486 509 526 601 650 776 788 792 807 843 875 948 980 995 1017 1022 1057 1076 1077 1152 1161 1181 1225 1313 1339 1366 1380 1383 1385 1415 1429 1596 1636 1697 1722 1729 1742 1750 1768 1795 1816 1823 1845 1873 1874 1917 1920 1978 1988 1991,CC1=CC=C(C=C1)NC(=O)C2=CC(=C(C=C2)C(=C)NNC3=CC=C(C=C3)NC(=O)C4=CC(=C(C=C4)C(=C)C)C(C)(C)C)C(C)(C)C
1923,COc1ccccc1-c1c(C)c2c3cc(S(=O)(=O)N4CCN5CCCC4C5)cc(n13)S2,45 65 88 90 133 232 249 252 289 314 319 326 350 352 354 363 392 398 446 467 505 511 548 604 634 650 675 677 695 699 710 729 739 752 800 841 861 875 914 926 935 984 1019 1021 1028 1043 1057 1068 1088 1158 1176 1199 1305 1310 1311 1325 1380 1410 1476 1480 1485 1536 1543 1573 1722 1736 1750 1752 1754 1820 1838 1873 1910 1970 2010 2014 2022 2044,CC1=C2C=C(C=C3N2C(=C1S(=O)(=O)N4CCN5CCCC4C5)C(=O)S3)S(=O)(=O)N6CCN7CCCC6C7
1924,COc1cccc2c(cc([N+](=O)[O-])cc1)CCC1CCC(CC1)N(C)C2=O,27 97 130 141 191 206 314 315 316 322 338 352 421 532 555 562 618 630 650 672 695 713 715 718 719 753 781 831 841 875 878 879 926 935 944 982 984 1019 1039 1057 1088 1145 1172 1195 1232 1236 1274 1293 1325 1380 1410 1446 1473 1536 1578 1671 1676 1698 1738 1750 1809 1814 1854 1873 1910 1963 1978 2017,CN1C(N(C(=O)C2=C1C(=CC=C2)O[Si]C3=CC=C(C=C3)OC)C)O[Si]C4=CC=C(C=C4)[N+](=O)[O-]
1925,CC(C)(NS(=O)(=O)c1ccc(Cl)c(Cl)c1)C(=O)N1CCCCC1,2 70 114 145 198 276 279 319 350 366 369 392 440 445 466 502 561 650 666 715 760 771 807 812 875 895 913 926 935 973 1028 1057 1083 1152 1193 1214 1269 1333 1380 1383 1402 1414 1476 1480 1481 1554 1572 1609 1682 1683 1750 1789 1796 1849 1873 1880 1917 1939 1965 1998 2004 2009,CC(C)(C(=O)N1CCCCC1)NS(=O)(=O)C2=CC(=C(C=C2)Cl)S(=O)(=O)NC(C)(C)C(=O)N3CCCN(CC3)NS(=O)(=O)C4=CC(=C(C=C4)Cl)Cl
1926,CC1(C)CCN(CCCCCCOC(=O)c2cc3ncc2[nH]c3=O)C1=O,13 33 80 119 145 147 168 220 253 255 263 314 338 362 378 388 474 494 513 635 650 695 750 807 875 893 926 935 951 953 978 1057 1060 1089 1091 1096 1097 1110 1114 1143 1145 1162 1195 1246 1249 1262 1263 1264 1274 1291 1380 1381 1452 1480 1510 1513 1522 1535 1592 1608 1620 1673 1734 1745 1752 1769 1830 1854 1873 1911 1917 1935 1954 1991 1992,CC1(CCN(C1=O)CCCCCCOC(=O)C2=CC3=C(C=C2C(=O)OCCCCCN4CCC(C45C(N5C)(C)C)(C)C)NC(=O)C=N3)C
1927,CC1CCCC(n2c(=O)c(C(=O)N3CCCCCCC3)cc3ccccc32)O1,2 4 45 92 100 118 127 199 206 314 362 369 504 529 531 590 615 650 656 807 838 846 875 926 935 942 1019 1028 1057 1063 1087 1088 1133 1169 1173 1199 1212 1245 1268 1285 1298 1309 1325 1367 1380 1480 1497 1504 1597 1696 1741 1748 1750 1836 1855 1864 1871 1873 1875 1896 1917 1921 1940 1991 1995 1998 2009 2045,CC1CCCC(O1)N2C3=CC=CC=C3C=C(C2=O)C(=O)N4CCCCC4C(=O)N5C(=O)C(=CC6=CC=CC=C6N5C7CCCC(O7)C)C(=O)N8CCCCC8
1928,COC(=O)C1=C(C(=O)N2CCCC2)c2ccccc2C1=O,1 8 16 145 262 265 299 304 314 352 369 383 422 429 650 695 702 790 801 807 841 857 906 924 926 935 942 974 984 988 1017 1028 1033 1057 1088 1111 1152 1199 1354 1380 1391 1408 1476 1480 1504 1513 1515 1558 1570 1748 1750 1856 1873 1917 1994 1997 1998 2009 2029,C/C(=C/1\C2=CC=CC=C2C(=O)C1=C(C(=O)N3CCCC3)C(=O)OC)/C(=C4C(=C(C(=O)C5=CC=CC=C54)C(=O)OC)C(=O)OC)C(=O)OC
1929,CC(C)(C)CCC1CC(=O)c2cc(C(C)(C)C)c(Cl)c(=O)n2C1,19 29 80 93 114 164 231 259 305 308 314 322 373 392 419 494 504 561 587 617 624 650 685 720 739 751 773 832 840 875 914 926 935 941 997 1011 1019 1057 1073 1234 1238 1308 1322 1339 1380 1398 1415 1439 1451 1489 1496 1535 1565 1577 1683 1692 1695 1806 1822 1823 1873 1901 1967,CC(C)(C)CCC1CC2=CC(=C(C(=O)N2C1)Cl)C(C)(C)C(C)(C)C(C)(C)C3=C(C=C4C(=O)CC(CN4C3=O)CCC(C)(C)CCC(C)(C)C)C(C)(C)C
1930,Cc1noc2c1c(SCCN1CCN(C(C)C)CC1)nn2C,1 32 74 80 92 116 157 179 224 241 248 283 341 378 422 491 607 633 642 656 779 796 822 827 926 935 1057 1078 1105 1145 1179 1182 1265 1318 1380 1388 1406 1418 1480 1482 1542 1546 1549 1572 1589 1627 1637 1650 1722 1745 1791 1797 1811 1956 1984,CC1=NOC2=C1C(=NN2C)SCCN3CCN(CC3)[As](C4=C5C(=NN4C)C(=NN5C)C)C(C)C
1931,COc1cccc2ccc(C(=O)Nc3cccc(Nc4ncc(C#N)n4C)c3)cc12,5 30 86 149 157 184 191 201 203 249 329 345 355 378 390 486 488 491 526 562 564 577 598 650 674 678 682 695 703 762 790 807 841 875 884 891 935 962 1039 1046 1057 1087 1088 1104 1136 1145 1152 1187 1209 1263 1269 1357 1380 1384 1385 1410 1413 1452 1507 1535 1536 1550 1582 1632 1637 1697 1719 1750 1794 1795 1796 1816 1872 1873 1917 1935 1957 1970 1976 1978,CN1C(=CN=C1NC2=CC(=CC=C2)NC(=O)C3=CC4=C(C=CC=C4OC)C=C3)C(=O)NC5=CC=CC(=C5)NC6=NC=C(N6C)C#N
1932,CC(=Cc1ccccc1O)N(C)c1ccccc1,54 107 133 140 178 288 389 427 441 493 665 694 747 807 881 900 931 961 1017 1057 1088 1096 1112 1163 1199 1380 1423 1602 1607 1636 1706 1746 1750 1768 1816 1831 1858 1873 1895 1904 1911 1978 2013 2030 2032,C/C(=C\C1=CC=CC=C1O)/N(C)/C(=C/C2=CC=CC=C2O)/N(C)/C(=C/N(C)C3=CC=CC=C3)/N(C)C4=CC=CC=C4
1933,O=C(Nc1ccccc1)N(CCCn1cccc1-c1nnc[nH]1)Cc1ccccc1,16 80 90 95 191 193 216 221 281 378 389 436 507 508 538 542 587 650 703 704 713 806 807 848 874 881 890 905 935 937 952 955 978 993 1066 1077 1088 1101 1114 1145 1147 1152 1164 1172 1199 1267 1272 1380 1418 1427 1455 1460 1523 1609 1640 1692 1709 1750 1754 1816 1852 1867 1873 1911 1917 1951 1969 1990,c12n(cccc1c1nnc[nH]1)c(cc2)CCCN(C(=O)Nc1ccccc1)CCCn1c(nnc1)c1nnc[nH]1
1934,C#COc1ccc(OC(c2ccccc2)C(C)Cc2ccccc2C#N)cc1,1 38 71 79 80 124 239 242 254 283 322 361 389 408 409 608 622 664 667 674 695 702 718 790 795 824 855 899 915 968 974 1040 1057 1062 1088 1117 1136 1199 1266 1301 1310 1349 1365 1368 1380 1384 1405 1427 1536 1553 1574 1581 1597 1608 1681 1750 1785 1800 1802 1862 1873 1890 1946 1953 1978 1984,CC(C)OC1=CC=C(C=C1)OC(C2=CC=CC=C2)C(C3=CC=CC=C3)OC(C)C(C)C[N+]4(C(=C(P(C4)(OC(C)C)(OC(C)C)OC(C)C)C#N)C#N)OC#C
1935,O=C(CN1CCOCC1)Nc1ccc(NC(=O)c2ccccc2)cc1,41 66 113 139 191 242 277 389 436 486 493 523 534 607 650 656 807 843 855 901 904 926 935 950 958 964 1077 1088 1152 1199 1209 1284 1312 1335 1358 1380 1385 1405 1422 1441 1451 1480 1500 1507 1665 1750 1791 1795 1816 1849 1873 1914 1917 1920 1978 1985,C1COCCN1CC(=O)NC2=CC=C(C=C2)NC(=O)C3=CC=C(C=C3)P(C4=CC=CC=C4)(C5=CC=CC=C5)(NC(=O)C6=CC=CC=C6)N7CCOCC7
1936,COc1ccc(S(=O)(=O)N2CCN(C(=O)N3CCCCC3)C2=O)cc1,2 92 117 158 186 314 319 322 350 368 369 374 480 484 567 607 618 650 653 665 683 695 715 718 781 800 803 807 831 841 846 862 925 926 935 1028 1050 1051 1057 1119 1212 1305 1380 1387 1444 1476 1480 1497 1536 1635 1700 1750 1841 1873 1917 1940 1998 2008 2009 2038,COC1=CC=C(C=C1)S(=O)(=O)N2CCN(C2=O)C(=O)N3CCN(C3=O)C(=O)N4CCN(C4=O)C(=O)N5CCCCC5
1937,Cc1nc(N2CCC(NC(=O)c3ccc(C(F)(F)F)cc3)CC2=O)cnc1Cl,16 26 92 94 114 150 157 224 231 240 314 339 346 378 383 410 436 486 527 561 621 650 659 667 674 677 690 793 798 807 809 926 935 974 980 982 989 1019 1037 1057 1078 1094 1152 1161 1168 1230 1260 1325 1336 1350 1380 1385 1417 1435 1452 1453 1457 1480 1535 1634 1665 1683 1689 1697 1722 1750 1756 1827 1855 1873 1898 1906 1913 1917 1918 1928 1970,CC1=C(C=CC(=N1)N2CCC(CC2=O)NC#CC(F)(F)F)ONN3CCC(CC3=O)NC(=O)C4=CC=C(C=C4)C(F)(F)F
1938,COc1ccc2c(C)ccc(C)c2c1C,3 94 240 249 252 264 276 299 367 397 422 472 513 517 541 695 841 855 922 954 1049 1057 1290 1357 1369 1380 1391 1536 1556 1576 1691 1722 1733 1742 1750 1873 1923 1970 1984,CC1=C2C=CC3=C(C2=C(C=C1)C)C4=C(C=CC(=C4C=C3)C)C5=C6C=CC7=C(C6=C(C=C5)OOC)C(=C(C=C7)OC)C
1939,Cc1ccccc1C(=O)NC(C)c1ccc(-n2c(C)cc3csnc32)cc1,1 30 46 58 102 117 122 140 233 280 283 360 378 380 399 412 432 465 486 552 585 650 675 805 807 830 875 878 883 896 906 927 935 974 1057 1088 1139 1152 1199 1213 1235 1299 1365 1380 1391 1447 1461 1627 1695 1696 1722 1731 1750 1773 1789 1825 1832 1853 1855 1873 1917 1929 1991 1993 1999 2008,CC1=CC=CC=C1C(=O)NC(C)C2=CC=C(C=C2)N3C(=CC4=CC(=NC4=C3NO)C)C(C(C)C)NO
1940,CCOC(=O)OCOC1=C(Br)C(Br)=C(Br)C(Br)C1(OC)OC,3 21 80 147 158 217 245 272 294 301 312 328 342 367 401 595 626 631 650 665 695 728 799 807 841 867 932 947 960 1019 1057 1060 1175 1188 1209 1320 1380 1406 1426 1452 1524 1568 1631 1652 1722 1793 1803 1884 1885 1892 1900 1917 1956 1968 2026 2039,CCN(CC)OC(=O)OCOC1=C(C(=C(C(C1(OC)OC)Br)Br)Br)C2(C(=C(C(=C(C2Br)Br)Br)Br)Br)COC(=O)OCOC(=O)OCC
1941,O=C1CN2CCCC(C2)N1CCCCOc1ccc(Cl)cc1,13 63 80 101 102 133 161 180 216 233 314 322 362 378 446 535 561 650 692 695 718 731 739 757 793 794 798 816 853 887 893 926 935 966 988 1019 1028 1034 1070 1145 1249 1310 1337 1380 1401 1452 1480 1554 1573 1575 1599 1638 1683 1750 1753 1775 1783 1873 1910 1911 1924 1946 1993,C1CC2CN(C1)[N+]3(C(=O)CN2CC3=O)CCCCOC4=CC=C(C=C4)OCCCCN5C(N(C(=O)C5)CCCOC6=CC=C(C=C6)Cl)[S+]7CC(=O)N7
1942,CC(C#N)=CC=C1C(=O)NC(=O)c2ccc(C=Cc3ccc4c(c3)=CC=CC=CC=4)cc21,20 25 73 105 147 178 220 228 282 293 295 303 314 333 352 360 461 484 584 608 626 632 644 650 674 680 694 731 772 790 803 807 835 862 875 882 890 924 936 947 1017 1030 1057 1060 1114 1120 1127 1249 1256 1289 1319 1349 1380 1384 1412 1418 1498 1657 1702 1726 1750 1777 1858 1873 1986 2033 2041,C/C(=C\C=C\1/C2=C(C=C(C=C2)/C=C/C3=CC4(C=C3)/C(=C/C=C/C=C/C=C4)/C#N)C(=O)N1)/C=C/5\C6=CC=CC=C6C(=O)N5
1943,NC(=O)NC1=C(C(=O)N2CCCCC2)SC(c2ccc3ccccc3c2)=CS1,2 140 190 203 204 224 322 337 369 406 421 443 518 598 606 623 650 659 675 689 724 756 772 807 816 863 875 879 896 926 935 942 944 947 989 1028 1032 1057 1087 1088 1095 1152 1160 1162 1171 1199 1305 1325 1380 1391 1457 1480 1504 1526 1648 1691 1750 1777 1814 1816 1855 1873 1917 1998 2009 2044,C1CCN(CC1)C(=O)C2=CS/C(=C/3\C(=CSC(=N)S3)NC(=O)N)/S2
1944,CCCC1CC(OC(=O)c2cccc3ccc(C(=O)OC)cc23)C(=O)O1,12 74 80 102 110 145 167 177 203 272 294 298 314 355 414 458 469 493 511 603 650 656 684 695 750 794 802 807 832 841 875 906 926 941 949 972 996 1019 1020 1034 1039 1057 1087 1088 1126 1132 1152 1280 1292 1321 1357 1380 1385 1391 1447 1449 1654 1658 1667 1697 1715 1721 1750 1757 1770 1792 1855 1873 1917 1923 1966 1981 1991,CCCC1CC(C(=O)O1)OC(=O)C2=CC=CC3=C2C=C(C=C3)C(=O)OC4COC(C4=O)[N+](C5=CC6=C(C=CC=C6C(=O)OC)C=C5)(C6)C(=O)OC
1945,O=C(CN1CC1)NC(=O)N1CCC(NC(=O)c2ccccc2)C1,41 74 80 83 94 187 218 277 294 339 387 389 431 433 443 468 486 620 650 652 667 693 738 739 779 807 814 844 849 908 926 935 943 985 1019 1088 1119 1152 1168 1199 1235 1249 1294 1312 1325 1339 1362 1380 1385 1435 1454 1462 1477 1480 1499 1634 1665 1687 1750 1791 1873 1917 1920 1972 1982 1985 2009,C1CN(CC1NC(=O)C2=CC=CC=C2)C(=O)NC3CCN(C3)CC4CN5CCN4N5C(=O)NC(=O)CN6CCN(CC6)C
1946,CC(C)(C)C1OC(=O)C(O)C1OC(=O)C1=NN1,2 17 105 114 145 161 164 283 314 318 333 338 378 387 392 397 604 650 656 695 721 750 758 807 899 903 941 961 996 1019 1035 1047 1057 1066 1068 1087 1107 1114 1126 1130 1205 1243 1257 1267 1296 1380 1403 1523 1607 1614 1618 1678 1706 1798 1845 1881 1899 1917 1950 1995 2037 2039,CC(C)(C)C1C(C(C(=O)O1)O)OC(=O)C2=NNC(=O)C(=O)OC(C)(C)C(C)(C)C3C(C(C(=O)O3)O)C[NH3+]
1947,Cn1cc(N2CCCN(C(=O)c3ccccc3)C2=O)c2cc(F)ccc21,16 45 92 140 155 171 193 215 266 279 282 314 389 458 464 511 604 642 650 699 734 807 875 926 935 948 1028 1052 1057 1083 1088 1094 1122 1129 1145 1199 1200 1215 1251 1271 1295 1315 1321 1357 1380 1385 1387 1409 1410 1457 1480 1487 1500 1504 1511 1539 1576 1670 1687 1713 1750 1787 1801 1873 1917 1928 1955 1985 2004 2021,CN1C=C(C2=C1C=CC(=C2)F)N3CCCN(C3=O)C(=O)N4CCCN(C4=O)C5=CN(C6=CC(=C(C=C65)F)F)C(=O)C7=CC=CC=C7
1948,O=C1C(=C(Cl)c2ccccc2)OC2NC(=O)N(c3cccc(F)c3)C2N1Cc1ccccc1,66 80 123 198 206 215 230 281 301 314 375 383 389 395 399 427 447 513 602 650 656 687 699 729 742 750 797 807 832 868 873 875 878 879 890 914 935 965 982 985 1019 1039 1049 1066 1088 1114 1155 1199 1204 1256 1292 1366 1380 1540 1597 1668 1670 1683 1737 1750 1754 1765 1775 1783 1825 1857 1868 1873 1922 1928 1985,C1=CC=C(C=C1)CN2C(N(C(=O)C2=O)C3=CC(=CC=C3)F)CCC4N/C(=C/5\C(=O)N(C(N5)C6N(N=NN6)C7=CC(=CC=C7)F)CC8=CC=CC=C8)/O4
1949,COc1ccccc1S(=O)(=O)NC(=O)CSc1nc2c(Cl)cc(C)cc2c(=O)o1,41 80 100 116 138 249 307 314 341 350 366 378 392 410 463 502 519 541 558 561 587 600 650 656 690 692 695 711 781 807 821 841 875 894 909 946 992 1048 1057 1088 1152 1199 1310 1356 1357 1359 1362 1380 1384 1409 1410 1461 1468 1476 1506 1536 1604 1654 1683 1691 1722 1724 1746 1750 1768 1823 1855 1866 1873 1875 1884 1917 1940 1953 1959 1964 1970,CC1=CC2=C(C(=C1)Cl)N=C(OC2=O)SCC(=O)N[N+]3=CC(=O)C=C(O3)SCC(=O)NS(=O)(=O)C4=CC=CC=C4OC
1950,O=c1[nH]nc(-c2cccc3ccccc23)[nH]1,28 74 117 275 314 319 352 355 378 468 564 589 644 650 850 943 950 984 1033 1039 1063 1087 1088 1104 1106 1114 1148 1199 1316 1357 1380 1437 1495 1498 1573 1583 1609 1745 1750 1829 1855 1867 1873 1967 2004 2022,C1=CC=C2C(=C1)C=CC=C2C3=NC(=NN3)C4=CC=CC(=C5NC(=NN5)C6=CC=CC7=CC=CC=C76)N4
1951,O=C1CN2CCN1CCC(C(=O)N1CCCCC1)(C(F)(F)F)CC2,2 17 60 90 114 250 289 306 314 316 338 369 407 439 552 558 650 653 681 781 797 798 807 814 835 926 935 953 1060 1094 1162 1208 1257 1296 1330 1354 1382 1423 1445 1447 1453 1480 1508 1530 1541 1573 1614 1624 1625 1656 1696 1753 1786 1917 1928 1939 1946 1969 1998 2000 2009 2044,C1CC1(C(=O)N2CCCCC2)N3CCN(CC3)C4(C(=O)C5=C(C4=O)N6C=CN(CC6=O)C7(CC7)/C(=C(\C(F)(F)F)/F)/F)C(F)(F)F
1952,COc1cc(-c2ccccc2)nc2nc(NC(C)=O)nc(NC(=O)Nc3ccc(Cl)cc3)c12,56 63 191 216 245 249 268 316 378 389 452 485 529 561 600 608 611 650 695 708 736 768 781 807 816 820 825 841 843 848 849 875 889 916 938 980 1017 1057 1058 1070 1077 1081 1088 1147 1152 1159 1160 1199 1229 1251 1275 1301 1313 1323 1366 1380 1536 1581 1582 1594 1605 1633 1641 1681 1683 1689 1750 1816 1855 1872 1873 1917 1970 1971 1984 1989 1990 1999,CC(=O)NC1=NC2=C(C(=CC(=N2)C3=CC=CC=C3)OC)C(=C1)NOC(=O)NC4=NC(=NC5=C4C(=CC(=N5)C6=CC=CC=C6)OC)NC(=O)OC
1953,CCN1CC(O)C(N2CCCN(CCn3cccc3)C2=O)C1,28 34 80 92 180 229 243 279 294 314 371 384 421 487 510 578 634 650 655 684 739 807 849 857 865 926 935 942 1019 1028 1030 1057 1083 1088 1089 1101 1123 1145 1188 1214 1257 1263 1318 1333 1373 1380 1480 1491 1526 1548 1563 1689 1791 1873 1881 1937 1959 2035 2038,CCN1CC(C(C1)O)N2CCCN(C2=O)CCN3CC(C(C=C3)O)N4CCCN(C4=O)CCN5C=CC=C5
1954,CCSC(=Nc1ccccc1C)c1cc(OC)ccc1NS(C)(=O)=O,18 80 116 135 155 165 233 238 262 294 322 329 350 363 404 409 549 563 634 650 667 692 695 718 725 743 771 781 791 807 832 841 852 863 875 910 1012 1057 1088 1102 1137 1152 1168 1199 1224 1244 1254 1270 1284 1353 1376 1378 1391 1407 1420 1476 1481 1536 1613 1657 1675 1722 1750 1856 1873 1897 1930 1958 1972 1991 1999 2021,CCS/C(=N\C1=CC=CC=C1C)/SCNNOS(=O)(=O)NC2=C(C=C(C=C2)OC)C(=NC3=C(C=C(C=C3)OC)C)SOC
1955,CCCCCn1nnc2cc3sc1nc3c1ccccc21,15 72 76 80 158 162 174 286 294 318 378 546 591 617 658 674 675 773 794 795 875 885 893 935 1057 1088 1097 1145 1164 1199 1224 1336 1357 1380 1444 1470 1573 1614 1655 1724 1750 1775 1783 1784 1814 1847 1855 1873 1903 1911 1917 2016,CCCCCN1C(=NC2=C(S1)C=C3C(=C2)N=C4C5=CC=CC=C5C6=CC=CC=C6C4=N3)C#CC7=CC8=C(S7)C=C(N=N8)C#CC#CCC
1956,O=C(OCCC1CCCCC1)C1CCCC2(C(=O)[O-])CCCCC12,2 10 13 29 80 97 114 120 147 209 307 412 440 484 519 534 559 570 643 650 663 695 715 737 807 831 832 845 890 926 927 1019 1028 1060 1144 1162 1179 1200 1216 1226 1227 1325 1351 1521 1589 1638 1788 1848 1852 1869 1872 1907 1917,C1CCC(CC1)CCOC(=O)C2CCCCC2(C(=O)[O-])C(=O)C3(CCCCC3C(=O)OCCC4CCCCC4)C5(CCCC5C(=O)OCCC6CCCC6)C(=O)[O-]
1957,c1ccc(CCc2ccc(-c3ccccc3[S+]3CCCC3)cc2)cc1,80 197 222 231 310 352 373 389 436 442 447 460 499 639 650 699 777 860 896 926 978 984 1005 1022 1028 1045 1066 1088 1116 1160 1199 1243 1321 1376 1380 1441 1454 1472 1485 1682 1750 1754 1873 1961 1992,C1CC[S+](C1)C2=CC=CC=C2C3=CC=C(C=C3)CCC4=CC=C(C=C4)C[S+]5CCCC5
1958,CCCN(C(=O)NC)c1n[nH]cc1C(=Nc1cccc(F)c1)OC,0 46 77 80 82 147 193 200 217 230 259 272 288 294 298 345 378 560 599 650 675 695 699 725 761 764 783 791 794 807 810 841 850 863 875 881 889 893 926 1039 1057 1081 1086 1088 1102 1114 1152 1174 1202 1237 1303 1348 1380 1430 1442 1487 1613 1614 1637 1670 1672 1726 1750 1761 1854 1873 1879 1917 1928 1938 1951 1955 1991 2004,c1(N(C(=O)NC)CCC)c(/C(=N/c2cc(F)ccc2)/OC/C(=N\OC)/SCN=P(C1)(OC)OC)c[nH]n2
1959,CC(C)C(=O)N(CC(=O)N(C)C)C(=O)n1c(S(N)(=O)=O)cc2c3ccc(F)cc3ccc21,0 1 33 45 80 121 149 169 203 223 239 283 324 350 381 460 470 485 486 592 605 641 650 699 710 767 768 807 833 836 875 881 935 1006 1012 1013 1042 1057 1109 1145 1147 1163 1171 1190 1229 1238 1282 1290 1349 1357 1380 1410 1476 1487 1519 1522 1607 1640 1648 1653 1670 1699 1733 1750 1771 1791 1855 1873 1917 1918 1928 1947 1957 1997 2011 2021 2023,CC(C)C(=O)N(CC(=O)N(C)C)C(=O)CN(C(=O)CN(C)C(=O)CN(C)S(=O)(=O)O)C(=O)N1C2=C(C=CC3=C1C=CC(=C3)F)C4=C2C=C(C=C4)F
1960,CCCCCC(C)(OC(=O)c1ccc(C(=O)C2CCCCC2)cc1)C(C)(C)C,2 26 80 114 144 145 231 279 294 323 389 392 446 492 517 534 591 606 619 650 692 695 735 753 794 801 807 811 860 890 926 974 1019 1028 1036 1057 1121 1234 1308 1325 1380 1385 1425 1444 1469 1530 1697 1715 1750 1753 1761 1778 1779 1829 1853 1862 1873 1911 1917 2037,CCCCCC(C(C)(C)C)(C(C)(C)C)OC(=O)C1CCCC(CC1)C(=O)C2=CC=C(C=C2)C(=O)OC(C)(C(=O)C(=O)O)C(C)(C)C
1961,Cc1cccc(-c2ccc(CCCCCCCCCN3CCCCC3)cc2)n1,2 5 11 47 80 115 135 192 249 260 310 322 368 378 394 431 590 644 653 699 778 893 896 918 926 935 936 978 980 1028 1038 1039 1045 1057 1088 1143 1145 1160 1184 1203 1243 1267 1273 1380 1422 1479 1480 1482 1722 1731 1750 1754 1791 1838 1851 1855 1873 1911 1971 1998 2005 2036,CC1=NC(=CC=C1)C2=NC(=NC(=N2)C3=CC=CC(=N3)C)C4=CC=C(C=C4)CCCCCN5CCCCC5
1962,CCOC(=O)C(OC)C(OC)C(=O)OCC,1 48 80 147 173 258 294 630 650 695 807 841 1030 1057 1086 1238 1241 1287 1312 1351 1416 1587 1702 1722 1818 1854 1917 2000 2017,CCOC(=O)C(C(C(=O)OCC)OC)OOC(=O)C(C(C(=O)OCC)OC)OOC(=O)C(C(C(=O)OCC)OC)OC
1963,CCOC(=O)C1(C)CCCC1C(=O)Oc1ccc(OC)cc1OC(C)=O,26 55 80 94 109 120 147 148 180 223 294 322 342 353 490 507 534 589 627 633 635 650 661 695 698 718 746 755 763 781 801 807 833 841 857 875 879 926 934 938 1019 1028 1035 1057 1060 1079 1096 1162 1216 1238 1274 1325 1380 1398 1417 1431 1442 1468 1536 1542 1597 1627 1722 1729 1750 1775 1848 1857 1873 1917 1926 1970 1972 1984,CCOC(=O)C1(CCCC1C(=O)OC2=C(C=C(C=C2)OC)OC(=O)C3CCCC3(C)C(=O)C4(CCCC4C(=O)OC5=C(C=C(C=C5)OC)OC(=O)C)C)C
1964,Cc1ccc(-n2c(C=Cc3ccccc3)c(-c3cccc(Cl)c3)n(C)c2=O)cc1,11 58 165 213 229 233 235 249 277 290 292 311 314 389 561 564 584 592 607 627 650 694 724 736 758 771 835 875 878 935 1020 1039 1057 1088 1145 1160 1161 1188 1199 1227 1309 1353 1359 1380 1443 1466 1683 1722 1750 1777 1823 1825 1873 1920 1978 1989 1993 2033,CC1=CC=C(C=C1)N2C(=C(N(C2=O)C)N3C(=CC(=C3/C=C/C4=CC=CC=C4)C5=CC(=CC=C5)Cl)/C=C/C6=CC=CC=C6)C7=CC(=CC=C7)Cl
1965,CCCCN1CCN(S(=O)(=O)c2ccc3c(c2)oc2c(Cl)c(F)ccc23)CC1,56 74 80 133 216 268 294 319 350 366 406 448 561 585 591 618 642 650 653 656 699 715 738 757 794 800 826 875 914 926 935 937 996 1011 1057 1083 1101 1106 1133 1145 1200 1357 1395 1449 1476 1480 1482 1571 1604 1683 1729 1733 1750 1791 1808 1840 1873 1882 1911 1928 1949 2010 2014,CCCCN1CCN(CC1)S(=O)(=O)C2=CC3=C(C=C2)C4=C(O3)C(=C(C=C4)S(=O)(=O)C5=CC(=C(C=C5)F)Cl)Cl
1966,C=C(c1cc(OC)c(OC(F)(F)F)c(C)n1)c1nc(N)c(C(=O)N2CCCC2)s1,92 93 102 114 115 150 162 195 249 309 333 369 378 400 548 602 650 660 668 675 690 695 702 708 781 807 826 841 855 875 926 935 940 942 947 976 986 1022 1028 1034 1057 1078 1122 1149 1171 1322 1341 1366 1380 1396 1409 1435 1453 1457 1459 1465 1480 1493 1504 1516 1536 1611 1694 1705 1722 1855 1873 1892 1917 1921 1928 1970 1972 2002 2009,CC1=C(SC(=N1)C(=C)C2=CC(=C(C(=N2)N)OC(F)(F)F)OC)C(=O)N3CCCN(C3)C(=O)C4=NC(=C(S4)C(=O)OO)N
1967,O=C1C2C(O)CCCN2CCN1Cc1[nH]c2c3cccc2n(C(=O)c2ccccc2)c13,5 24 45 80 98 141 193 264 314 335 345 359 371 389 415 446 448 478 527 632 650 678 751 776 807 849 868 877 926 935 1002 1019 1028 1039 1041 1088 1089 1114 1199 1228 1257 1282 1285 1325 1357 1380 1385 1440 1466 1480 1498 1501 1504 1511 1524 1530 1548 1559 1573 1602 1626 1698 1736 1745 1750 1765 1777 1792 1834 1854 1873 1874 1884 1917 1933 1977 1980 1985 1990 2030 2047,C1CC(C2C(=O)N(CCN2C1)CC3=C4C=CC=C5C4=C(N3)C6=CC=CC7=C6N5C(=O)C8C(CCCN8C7=O)O)O
1968,N#Cc1ccc(CC(O)C(O)c2ccccc2)cc1,1 34 79 80 102 126 135 220 227 305 310 339 389 427 550 571 674 715 751 763 790 807 812 823 857 888 1088 1136 1164 1199 1223 1365 1380 1384 1485 1508 1569 1581 1633 1750 1754 1873 1954,C1=CC=C(C=C1)C(C(CC2=CC=C(C=C2)C#N)O)S(=C=[N-])C(C3=CC=CC=C3)C(CC4=CC=C(C=C4)C#N)O
1969,CN1CCc2c(sc3ccccc23)C1,42 83 107 162 207 242 361 383 461 615 675 719 726 811 832 885 920 926 935 946 971 1009 1057 1088 1145 1176 1199 1257 1299 1303 1355 1357 1380 1480 1489 1573 1587 1694 1738 1744 1750 1752 1860 1862 1873 1883 1946,CN1CCC2=C(C1)SC3=C2CCN(C3)N4CCC5=C(C4)SC6=CC=CC=C56
1970,c1ccc2c(c1)SC1=NN3CN(CCN1C3)CCn1cccc1-2,43 83 90 95 98 138 147 194 352 378 379 397 398 407 420 458 476 499 500 517 583 654 660 664 675 702 726 768 787 836 844 856 926 935 949 984 998 1005 1016 1088 1101 1164 1172 1199 1291 1380 1419 1479 1480 1502 1507 1508 1518 1541 1573 1645 1687 1692 1716 1732 1750 1768 1769 1785 1814 1873 1889 1918 1953 1995 2011 2044,C1CN2CN1C3=NN=C(C=C3)N(C4=NN5C=CC=C5C4=NN6CN7C=CC=C7C(=N6)C8=CC=CC=C8SSSC9=CC=CC=C97)C1=NN=C2S1
1971,CC1(C)C(O)CCC1OC1=CC=C1,38 102 205 249 345 403 524 547 549 559 631 645 666 695 760 807 814 846 862 922 926 942 1019 1024 1030 1055 1057 1060 1176 1185 1220 1242 1249 1257 1274 1325 1380 1385 1431 1779 1790 1867 1873 1911,C[C@@]12[C@H](CC[C@@H]1O)OC3=C4C=CC=C5[C@@]4(C6=CC=CC7=CC=CC(=C6C=C5)[C@@H]2C([C@@H](CC7)O)(C)C)OO3
1972,CCN1CCCC1Cn1c(C#N)cn2c(=O)[nH]c(C(=O)N3CCC3)c12,34 80 147 157 181 223 259 294 314 369 390 436 446 464 475 491 570 602 650 674 682 758 790 802 807 848 908 923 926 935 942 1019 1057 1083 1114 1136 1282 1325 1340 1360 1367 1384 1430 1480 1504 1514 1552 1700 1714 1745 1819 1835 1847 1869 1873 1886 1917 1969 1983 1991 2009 2022,CCN1CCCC1CN2C3=C(C=C(N3C=C2C#N)C#N)C(=O)N4CCC5C=CC5C4
1973,COC(=O)N1CCCCCCCCCC1(C)C,2 97 139 161 171 282 376 391 463 473 514 543 594 650 655 695 749 807 841 926 935 1011 1028 1057 1060 1065 1083 1152 1162 1219 1224 1235 1247 1274 1403 1423 1480 1493 1514 1602 1638 1693 1723 1917 1994 1998,CC1(CCCCN1C(=O)OC)N2CCCCC23C(=C4C5(CCCCC5)N([N+]4=S)C(=O)OC)N(CCCCN3C(=O)OC)C(=O)OC
1974,CCCCCCCC(C)(CC)c1cc(C2=CC(=O)NC2=O)sc1C,13 62 80 84 114 162 197 218 253 284 294 295 313 314 392 419 445 479 510 556 572 591 595 650 675 697 711 714 723 794 813 860 875 895 896 925 996 1032 1057 1060 1093 1114 1143 1167 1266 1308 1380 1386 1397 1444 1529 1626 1657 1709 1797 1873 1911 1921 1931 1986 1989 2007,CCCCCCCCCCCCCCCC(C)(CC)C1=CC(=C(S1)C(C)(CC)CCCCCCCCCCCCC)C2(C=C3C(=O)NC(=O)C3=C2)CC
1975,COc1ccc2n1CCN(C(=S)NC(=O)N(Cc1ccccc1)c1ccccc1)C2=O,71 80 83 97 110 193 259 288 314 349 372 384 389 434 489 507 549 582 602 626 627 631 650 653 695 741 757 772 783 807 821 841 849 879 881 891 926 935 989 1057 1066 1088 1096 1119 1123 1147 1152 1166 1199 1225 1325 1376 1380 1387 1480 1484 1496 1531 1536 1572 1635 1643 1653 1667 1687 1692 1697 1742 1744 1750 1754 1793 1810 1816 1873 1917,COC1=CC=C2N1CCN(C2=O)C(=C3CCN(CC3)C(=S)NC(=O)N(CC4=CC=CC=C4)C5=CC=CC=C5)NC6=CC=CC=C6
1976,O=C(NCCCN1Cc2csc1n2)c1ccc(O)cc1,8 80 125 131 161 197 200 265 273 378 398 405 486 529 544 548 552 650 667 675 745 778 807 878 926 935 951 980 1001 1089 1145 1152 1197 1206 1241 1295 1313 1328 1374 1380 1385 1567 1601 1602 1647 1663 1665 1697 1750 1778 1819 1820 1845 1855 1873 1876 1911 1917 1946,C1C2=CSC(=N2)N3C(=CSC3=NC4=CSC5=C(C=CC(=C54)N1CCCNC(=O)C6=CC=C(C=C6)O)N(C5)CCCNC(=O)C7=CC=C(C=C7)O)O
1977,O=C(O)Nc1nc2ccc(ccccc(-c3ccco3)cs1)o2,62 99 117 121 171 192 214 378 385 389 390 418 474 520 552 650 656 675 679 736 787 807 904 910 917 967 970 975 1023 1029 1063 1088 1095 1152 1160 1199 1214 1233 1333 1372 1380 1397 1415 1432 1545 1567 1582 1604 1614 1656 1722 1743 1750 1777 1799 1805 1816 1847 1873 1917 1926 1959 2043,C1=CC=C(C=C1)C2=CSC(=N2)NC(=O)O
1978,O=C(Oc1ccccc1)c1ccc(C(=O)N2CCN3CCC2C3=O)cc1,5 31 98 145 212 242 314 322 335 341 389 407 411 421 441 453 496 562 589 606 621 649 650 695 771 807 865 866 925 926 935 1001 1019 1062 1088 1116 1162 1199 1212 1229 1230 1312 1315 1325 1385 1446 1480 1504 1508 1511 1553 1568 1601 1697 1698 1708 1729 1735 1750 1754 1768 1830 1873 1899 1917 1985 2022,C1CN2CCN(C1C2=O)C(=O)C3=CC=C(C=C3)C(=O)N4CCN(C4=O)N5CCN(C5=O)C(=O)C6=CC=C(C=C6)C(=O)OC7=CC=CC=C7
1979,CC1=C(CC(=O)N(C)CCCCNC(=O)c2ccccc2)C(=O)N1,8 41 80 85 140 197 264 265 289 314 325 334 389 399 486 531 592 650 667 770 807 884 903 918 985 1049 1057 1060 1088 1114 1143 1152 1163 1199 1204 1237 1238 1245 1380 1385 1407 1522 1622 1646 1651 1652 1657 1669 1708 1722 1734 1750 1795 1849 1868 1873 1876 1911 1912 1917 1951 1985,CC1=C(C(=O)NC2(N1)NC(=C(N2)C)C)CC(=O)NCCCCCN(C)C(=O)NCCCCCNC(=O)C3=CC=CC=C3
1980,N#Cc1ccccc1-c1nccnc1NCC1CCCN(Cc2ccccc2)C1,9 29 80 92 157 278 323 352 361 378 389 397 446 465 484 485 494 571 674 708 768 781 790 791 892 906 926 935 944 984 999 1019 1028 1062 1066 1071 1088 1132 1134 1136 1152 1190 1199 1205 1253 1325 1380 1384 1416 1422 1452 1480 1554 1573 1604 1683 1745 1750 1754 1765 1771 1785 1791 1862 1866 1873 1904 1936 1952 1966,C1CC(CN(C1)CC2=CC=CC=C2)CNC3=NC=CN=C3NCN4CCN(C4)CC5=CC=CC=C5C6=NC=CN=C6C7=CC=CC=C7C#N
1981,CN1C(=O)NC(C(O)C2C(=O)N3CCCN2CC3)C(=O)N(C)C1=O,1 5 26 29 68 92 156 175 224 227 275 301 314 407 436 437 466 547 551 552 555 563 620 650 661 680 806 807 822 873 926 935 973 987 1001 1019 1028 1057 1083 1114 1118 1121 1145 1155 1219 1380 1480 1505 1506 1508 1524 1671 1736 1840 1854 1870,CN1C(=O)C(C(=O)N(C1=O)C)C(C2C3=C(C=CN3)N4CCCN(CC4)C5C(=O)N(C(=O)N(C5=O)C)C)O
1982,COC(OC)(C(F)(F)F)C(F)(F)F,9 28 29 59 114 197 202 210 273 392 413 438 635 695 750 780 841 854 957 970 1057 1085 1175 1186 1223 1360 1388 1424 1453 1461 1504 1509 1519 1562 1720 1928 1937 1958 1967 2000,CC(C(C(F)(F)F)(C(F)(F)F)OC)(C(C(F)(F)F)(C(F)(F)F)OC)C(C(F)(F)F)(C(C(F)(F)F)(C(F)(F)F)OC)OOC(C(F)(F)F)(C(F)(F)F)F
1983,CCCNC(=O)OCCN(CCCOc1ccccc1)C(=O)Nc1ccc2sccc2c1,13 14 80 102 136 147 184 191 192 193 197 294 322 343 373 389 407 543 554 562 627 650 666 667 675 692 695 794 807 814 843 855 875 879 881 885 899 921 928 946 978 1027 1034 1057 1088 1133 1152 1181 1199 1271 1272 1280 1321 1324 1380 1419 1427 1452 1482 1512 1523 1529 1567 1583 1614 1668 1700 1750 1758 1771 1816 1855 1873 1882 1911 1917 1951 2020 2039,CCCNC(=O)OCCN(CCCN(CCOC1=CC=CC=C1)C(=O)NC2=CC3=C(C=C2)SC=C3)C(=O)NOC4=CC=CC=C4
1984,CCCCCCCC1C(=O)N2CCCCC2C(C(=O)C=CC2=CC2)C(CCC)C1C,5 31 80 139 142 143 153 172 187 237 243 261 294 298 302 314 334 335 399 453 469 508 591 595 634 650 684 694 794 807 832 835 890 926 935 946 977 1019 1023 1028 1057 1116 1143 1193 1309 1325 1328 1380 1412 1444 1585 1689 1781 1830 1873 1885 1904 1911 1917 1927 1937 1998 2039,CCCCCCC1C(C(C(=O)N2C1CCCC2)CCC)C(=O)/C=C/C3=CCC(=CC3)/C=C/C4=CCC(=O)N5C4CCCC5
1985,Cc1ccc(OCCCN2C(=O)N3CCCCCN(C3)C2=O)cc1,2 13 79 80 92 102 196 208 235 282 314 322 345 407 482 498 588 601 606 650 680 695 718 752 916 926 935 1028 1034 1055 1057 1145 1207 1291 1322 1361 1380 1401 1452 1470 1479 1480 1628 1712 1717 1722 1750 1753 1754 1773 1823 1873 1911 1920 1998,CC1=CC=C(C=C1)OCCCN2C(=O)N(C(=O)N(C2=O)CCN3CN(CN(C3=O)CCCOC4=CC=C(C=C4)C)C5CCCCC5)CCCOC6=CC=C(C=C6)C
1986,C=CC=Cc1ncnnc1NC(=O)c1cccc(Cl)c1,88 165 192 213 216 250 281 296 378 392 432 439 485 486 489 506 526 547 561 592 650 655 694 708 784 807 830 835 841 847 856 875 952 999 1032 1039 1088 1136 1152 1164 1167 1278 1287 1337 1366 1372 1380 1440 1448 1452 1463 1645 1683 1684 1750 1795 1816 1824 1858 1873 1884 1917 1979 1985 2008,C=C/C=C/C1=C(C=C2C=CS(=C2C=C1)C3=NN=CN=N3)NC(=O)C4=CC(=CC=C4)Cl
1987,BrC1=Cc2c3nc(N4CCCCC4)nc2C(=N3)N1CCN1CCCCC1,2 4 80 84 95 239 274 317 323 378 403 407 469 588 658 680 694 699 728 851 908 926 927 935 983 988 1001 1145 1164 1256 1318 1363 1380 1422 1441 1480 1482 1507 1600 1626 1631 1640 1668 1673 1732 1791 1836 1841 1843 1855 1873 1876 1885 1890 1893 1915 1998 2031,C1CCN(CC1)CCN2C(=CC3=C4C2=NC(=NC4=NC(=C3)Br)N5CCCCC5)C=C6C=C(C=C(N6CCN7CCCCC7)Br)Br
1988,c1cc2c3c[nH]c2nc1N=C(N1CCCCCCCC1)SCCCC3,2 37 75 157 272 310 334 346 378 387 407 517 554 556 666 675 680 690 753 789 795 806 926 927 935 978 1003 1028 1055 1114 1144 1145 1152 1206 1236 1293 1318 1357 1380 1419 1480 1504 1519 1589 1656 1733 1738 1750 1812 1855 1873 1875 1879 1880 1911 1914 1998 2023,C1CCN(CC1)C2=N/C(=C/3\C4=C(N=C3N5CCCCSC5=NC6=NC7=C(C=CC6=CN7)C8=NC(=CN8)CCCCS9)NC=C4)/CCCCS2
1989,NS(=O)(=O)Nc1cccc(C2=CN(c3ccccc3)CCC2)c1,191 211 259 275 287 293 296 323 350 389 423 561 639 650 697 703 728 736 740 744 771 845 850 855 856 875 878 892 923 926 935 970 1028 1039 1043 1049 1088 1138 1140 1152 1160 1171 1199 1270 1371 1380 1387 1394 1450 1476 1480 1582 1592 1603 1607 1612 1738 1750 1776 1825 1845 1846 1848 1873 2045,C1CC2=CN(C=C(C2=C(C1)S(=O)(=O)N)C3=CC(=CC=C3)NS(=O)(=O)N)C4=CC=CC(=C4)C5=CN(CCN5S(=O)(=O)N)C6=CC=CC=C6
1990,COc1ccc(C2CCCC(=O)O2)cc2oc(=O)c(c1)cc2CC(=O)O,80 121 257 305 314 322 325 389 440 473 480 504 563 573 650 656 695 713 718 750 756 781 807 813 818 835 841 875 881 912 914 926 950 955 966 970 1010 1019 1028 1057 1081 1182 1231 1279 1325 1343 1349 1357 1380 1397 1468 1514 1536 1544 1604 1674 1684 1737 1738 1750 1777 1783 1803 1808 1855 1858 1873 1885 1912 1917 1943 1957 1972 2015 2035 2037,COC1=CC2=C(C=C1)OC(=C2)C3=CC4=C(C=C(C(=O)O4)CC(=O)O)C(=O)O3
1991,CC(C)(C)c1ccc(CC(=O)Nc2nc3nn2CC3=O)cc1,33 41 59 80 114 157 204 310 314 325 378 392 412 446 477 531 566 602 606 650 730 751 767 807 811 913 926 935 1027 1057 1091 1113 1152 1161 1216 1222 1339 1380 1385 1417 1480 1556 1605 1650 1665 1750 1754 1756 1816 1842 1844 1855 1873 1892 1917 1946 1956 1984,CC(C)(C)C1=CC=C(C=C1)CC(=O)NC2=NC3=NN4CCN5C(=NC(=N5)C(=O)C(C)(C)C)C4=NN3C(=N2)NC(=O)CC6=CC=C(C=C6)C(C)(C)C
1992,COC(=O)c1ccccc1OC(C)=Cc1cn2c(n1)NC(=O)Nc1ccccc1-2,0 71 143 145 170 287 314 378 382 448 464 533 535 564 576 604 650 694 695 723 732 804 807 817 841 863 906 909 935 936 984 1014 1017 1057 1060 1068 1088 1094 1114 1152 1199 1251 1295 1329 1344 1355 1380 1391 1410 1447 1464 1470 1508 1556 1597 1598 1632 1647 1649 1729 1742 1746 1750 1775 1855 1873 1917 1925 1935 1960 1970 1974 1982 1991 2001,C/C(=C\C1=CN2C3=CC=CC=C3NC2=N1)/C=C(\C4=CC=CC=C4C(=O)OC)/OC5=CC=CC=C5C6(C=N6)N7C=C(N=C7NC(=O)NC7=O)C(=O)OC
1993,CC1(C)CCCCCCN=C2NC(=O)N(C1)C(=O)N2,2 27 79 84 106 108 313 314 341 378 438 445 492 538 572 602 650 651 665 747 823 881 887 909 926 935 1028 1057 1060 1114 1158 1162 1205 1334 1380 1457 1487 1526 1625 1638 1680 1779 1823 1889 1891 1896 1917 1986 2000 2009,C1CCC2(C1)CN(C2)C(=O)C34CC3(C4)C5=NCCCCC5
1994,COc1ccc2c(c1)C(=O)C(=NNCCCOc1ccc(F)cc1)C=C2,13 21 24 80 87 90 102 105 177 314 322 343 352 369 399 437 460 490 547 560 564 582 650 667 695 699 718 725 770 780 781 841 875 900 996 1034 1057 1152 1185 1190 1196 1304 1380 1410 1448 1452 1476 1477 1536 1670 1746 1750 1777 1828 1860 1873 1911 1928 1972 1998,COC1=CC2=C(C=C1)C=C/C(=N\NCCCOC3=CC=C(C=C3)F)/C2=O
1995,N=C(N)NC(N)=S,97 110 140 236 488 568 623 723 805 807 919 941 982 1104 1119 1152 1171 1289 1451 1621 1628 1729 1783 1868 1880 1952 2020 2043,C(=N)(N)NC(=S)C(=S)NC(=N)NC(=S)NC(=N)NC(=S)NC(=N)NC(=S)NC(=N)NC(=N)NC(=N)N
1996,CCN(C)Cc1nc(-c2cc(CNc3nc4c[nH]cc4[nH]3)ccc2OC)c(SC#N)n1C,14 80 94 108 116 119 170 178 186 249 255 256 264 269 294 296 299 310 318 322 323 352 378 419 432 443 477 507 564 575 664 674 684 695 697 710 775 787 790 808 841 845 860 875 881 900 914 928 932 935 1057 1097 1114 1145 1152 1163 1185 1194 1206 1236 1242 1255 1316 1380 1384 1416 1536 1578 1586 1629 1646 1655 1678 1731 1745 1750 1754 1777 1779 1790 1855 1873 1877 1879 1916 1917 1970 1998 2004 2035,CCN(C)CC1=CC2=C(N1)N(C(=N2)NCC3=CC(=C(C=C3)OC)C4=CNN=C4C5=C(NC(=C5)SC#N)SC#N)C
1997,COC1=CC(C)=CCCCN(CC2(C)CCN3CCCCC3C2C)C1=O,0 37 40 79 80 84 117 200 223 246 314 374 453 459 461 525 608 636 638 641 650 695 725 731 778 791 841 879 890 926 935 1019 1028 1057 1060 1089 1123 1147 1162 1170 1274 1309 1325 1362 1380 1388 1411 1433 1480 1502 1524 1534 1536 1601 1689 1697 1709 1722 1763 1777 1781 1804 1818 1822 1827 1848 1854 1873 1935 1942 1970 1982 1998 2017 2037 2038,CC1C2CCCCN2CCC1(C)CN3CCCC=C4C3=C5C=C6C=C(C=CC6=CC5=C4)OC
1998,O=C(Nc1ccc(Cl)c(C(F)(F)F)c1)Oc1ccccc1C(=O)O,26 114 117 140 184 191 234 262 292 321 366 377 389 419 429 456 501 561 607 645 650 666 695 757 792 807 809 843 875 909 1033 1047 1088 1152 1199 1266 1380 1410 1423 1447 1453 1547 1616 1683 1729 1750 1753 1757 1758 1816 1818 1873 1886 1893 1917 1928 1970 1991 1996 2005 2043,C1=CC=C(C(=C1)C(=O)O)OC(=O)NC2=CC(=C(C=C2)Cl)C(=C3C=CC(=C(C(F)(F)F)C(F)(F)F)C(=O)O)OC4=CC=CC=C4C(=O)O
1999,CC(C)(CCN1CCCC1)CC(C#N)=CC=C1CCn2c1cccc2=O,41 80 114 238 263 281 284 314 319 324 350 392 395 467 566 587 630 650 674 694 717 783 790 803 807 890 907 923 926 935 1028 1039 1057 1061 1088 1109 1141 1145 1172 1176 1223 1252 1262 1264 1274 1276 1308 1319 1380 1384 1409 1422 1480 1482 1485 1496 1505 1521 1582 1612 1619 1657 1692 1709 1733 1738 1750 1771 1791 1810 1819 1838 1873 1986 1998,CC(C)(CCN1CCCC1)CC(C)(C)C/C(=C/C=C\2/CCN3C2=CC=CC3=O)/C4=C5CC/C(=C\C#N)/N5CCN6C4=CC=CC6=O
2000,COC(C=C1N=C2c3cc(Cl)ccc3C(C)(C)C(=O)N2C1=O)=C(Cl)c1ccccc1,39 66 84 95 106 141 165 216 255 288 314 337 352 374 378 389 390 411 412 549 561 585 650 684 694 695 707 801 807 816 841 843 875 879 909 927 935 1057 1060 1088 1089 1117 1152 1182 1199 1274 1279 1292 1323 1361 1380 1385 1429 1462 1521 1523 1529 1538 1586 1683 1686 1707 1750 1804 1827 1862 1873 1962 1980 1985,CC1(C2=C(C=C(C=C2)Cl)C(=N/C1=C\C(=C\3/C(=O)N(C(=N3)/C=C/4\C(C5=C(C=C(C=C5)Cl)C(=O)N4C6=N/C(=C(\OC)/Cl)/C7=CC=CC=C7)(C)C)C)C)\OC)\Cl)C
